SA3_CODE_2021,C21_F_Tot_Em_Tot,C21_F_Tot_Unem_Look_FT,C21_F_Tot_Unem_Look_PT,C21_F_Tot_Unem_Tot,C21_F_Tot_Tot_labo_for,C21_F_Tot_Not_LF,C21_F_Tot_LF_NS,C21_F_Tot_Tot,C11_P_15_19_Em_FT,C11_P_15_19_Em_PT,C11_P_15_19_Em_AFW,C11_P_15_19_Em_Hrs_NS,C11_P_15_19_Em_Tot,C11_P_15_19_Unem_Look_FT,C11_P_15_19_Unem_Look_PT,C11_P_15_19_Unem_Tot,C11_P_15_19_Tot_LF,C11_P_15_19_Not_LF,C11_P_15_19_LF_NS,C11_P_15_19_Tot,C11_P_20_24_Em_FT,C11_P_20_24_Em_PT,C11_P_20_24_Em_AFW,C11_P_20_24_Em_Hrs_NS,C11_P_20_24_Em_Tot,C11_P_20_24_Unem_Look_FT,C11_P_20_24_Unem_Look_PT,C11_P_20_24_Unem_Tot,C11_P_20_24_Tot_LF,C11_P_20_24_Not_LF,C11_P_20_24_LF_NS,C11_P_20_24_Tot,C11_P_25_29_Em_FT,C11_P_25_29_Em_PT,C11_P_25_29_Em_AFW,C11_P_25_29_Em_Hrs_NS,C11_P_25_29_Em_Tot,C11_P_25_29_Unem_Look_FT,C11_P_25_29_Unem_Look_PT,C11_P_25_29_Unem_Tot,C11_P_25_29_Tot_LF,C11_P_25_29_Not_LF,C11_P_25_29_LF_NS,C11_P_25_29_Tot,C11_P_30_34_Em_FT,C11_P_30_34_Em_PT,C11_P_30_34_Em_AFW,C11_P_30_34_Em_Hrs_NS,C11_P_30_34_Em_Tot,C11_P_30_34_Unem_Look_FT,C11_P_30_34_Unem_Look_PT,C11_P_30_34_Unem_Tot,C11_P_30_34_Tot_LF,C11_P_30_34_Not_LF,C11_P_30_34_LF_NS,C11_P_30_34_Tot,C11_P_35_39_Em_FT,C11_P_35_39_Em_PT,C11_P_35_39_Em_AFW,C11_P_35_39_Em_Hrs_NS,C11_P_35_39_Em_Tot,C11_P_35_39_Unem_Look_FT,C11_P_35_39_Unem_Look_PT,C11_P_35_39_Unem_Tot,C11_P_35_39_Tot_LF,C11_P_35_39_Not_LF,C11_P_35_39_LF_NS,C11_P_35_39_Tot,C11_P_40_44_Em_FT,C11_P_40_44_Em_PT,C11_P_40_44_Em_AFW,C11_P_40_44_Em_Hrs_NS,C11_P_40_44_Em_Tot,C11_P_40_44_Unem_Look_FT,C11_P_40_44_Unem_Look_PT,C11_P_40_44_Unem_Tot,C11_P_40_44_Tot_LF,C11_P_40_44_Not_LF,C11_P_40_44_LF_NS,C11_P_40_44_Tot,C11_P_45_49_Em_FT,C11_P_45_49_Em_PT,C11_P_45_49_Em_AFW,C11_P_45_49_Em_Hrs_NS,C11_P_45_49_Em_Tot,C11_P_45_49_Unem_Look_FT,C11_P_45_49_Unem_Look_PT,C11_P_45_49_Unem_Tot,C11_P_45_49_Tot_LF,C11_P_45_49_Not_LF,C11_P_45_49_LF_NS,C11_P_45_49_Tot,C11_P_50_54_Em_FT,C11_P_50_54_Em_PT,C11_P_50_54_Em_AFW,C11_P_50_54_Em_Hrs_NS,C11_P_50_54_Em_Tot,C11_P_50_54_Unem_Look_FT,C11_P_50_54_Unem_Look_PT,C11_P_50_54_Unem_Tot,C11_P_50_54_Tot_LF,C11_P_50_54_Not_LF,C11_P_50_54_LF_NS,C11_P_50_54_Tot,C11_P_55_59_Em_FT,C11_P_55_59_Em_PT,C11_P_55_59_Em_AFW,C11_P_55_59_Em_Hrs_NS,C11_P_55_59_Em_Tot,C11_P_55_59_Unem_Look_FT,C11_P_55_59_Unem_Look_PT,C11_P_55_59_Unem_Tot,C11_P_55_59_Tot_LF,C11_P_55_59_Not_LF,C11_P_55_59_LF_NS,C11_P_55_59_Tot,C11_P_60_64_Em_FT,C11_P_60_64_Em_PT,C11_P_60_64_Em_AFW,C11_P_60_64_Em_Hrs_NS,C11_P_60_64_Em_Tot,C11_P_60_64_Unem_Look_FT,C11_P_60_64_Unem_Look_PT,C11_P_60_64_Unem_Tot,C11_P_60_64_Tot_LF,C11_P_60_64_Not_LF,C11_P_60_64_LF_NS,C11_P_60_64_Tot,C11_P_65_69_Em_FT,C11_P_65_69_Em_PT,C11_P_65_69_Em_AFW,C11_P_65_69_Em_Hrs_NS,C11_P_65_69_Em_Tot,C11_P_65_69_Unem_Look_FT,C11_P_65_69_Unem_Look_PT,C11_P_65_69_Unem_Tot,C11_P_65_69_Tot_LF,C11_P_65_69_Not_LF,C11_P_65_69_LF_NS,C11_P_65_69_Tot,C11_P_70_74_Em_FT,C11_P_70_74_Em_PT,C11_P_70_74_Em_AFW,C11_P_70_74_Em_Hrs_NS,C11_P_70_74_Em_Tot,C11_P_70_74_Unem_Look_FT,C11_P_70_74_Unem_Look_PT,C11_P_70_74_Unem_Tot,C11_P_70_74_Tot_LF,C11_P_70_74_Not_LF,C11_P_70_74_LF_NS,C11_P_70_74_Tot,C11_P_75over_Em_FT,C11_P_75over_Em_PT,C11_P_75over_Em_Aw_fr_w,C11_P_75over_Emp_H_wor_ns,C11_P_75over_Em_Tot,C11_P_75over_Unem_Lo_ft_wor,C11_P_75over_Unem_Lo_pt_wor,C11_P_75over_Unemp_Tot,C11_P_75over_Tot_lab_for,C11_P_75over_N_lab_forc,C11_P_75over_LF_NS,C11_P_75over_Tot,C11_P_Tot_Em_FT,C11_P_Tot_Em_PT,C11_P_Tot_Em_AFW,C11_P_Tot_Em_Hrs_NS,C11_P_Tot_Em_Tot,C11_P_Tot_Unem_Look_FT,C11_P_Tot_Unem_Look_PT,C11_P_Tot_Unem_Tot,C11_P_Tot_Tot_labo_for,C11_P_Tot_Not_LF,C11_P_Tot_LF_NS,C11_P_Tot_Tot,C16_P_15_19_Em_FT,C16_P_15_19_Em_PT,C16_P_15_19_Em_AFW,C16_P_15_19_Em_Hrs_NS,C16_P_15_19_Em_Tot,C16_P_15_19_Unem_Look_FT,C16_P_15_19_Unem_Look_PT,C16_P_15_19_Unem_Tot,C16_P_15_19_Tot_LF,C16_P_15_19_Not_LF,C16_P_15_19_LF_NS,C16_P_15_19_Tot,C16_P_20_24_Em_FT,C16_P_20_24_Em_PT,C16_P_20_24_Em_AFW,C16_P_20_24_Em_Hrs_NS,C16_P_20_24_Em_Tot,C16_P_20_24_Unem_Look_FT,C16_P_20_24_Unem_Look_PT,C16_P_20_24_Unem_Tot,C16_P_20_24_Tot_LF,C16_P_20_24_Not_LF,C16_P_20_24_LF_NS,C16_P_20_24_Tot
10102,17132,243,269,516,17648,7112,1290,26046,556,1082,80,42,1763,65,110,179,1946,1403,160,3505,1832,627,93,51,2600,82,29,111,2706,376,165,3252,2144,493,158,62,2855,73,31,107,2963,348,202,3508,2019,595,191,47,2847,43,27,67,2914,351,180,3438,2413,736,169,55,3365,36,30,66,3427,389,183,4005,2825,875,124,72,3899,48,25,74,3979,397,222,4595,2818,712,139,63,3730,50,16,68,3795,393,215,4406,2486,634,140,49,3310,44,15,63,3372,452,192,4019,1756,561,127,29,2478,46,18,58,2541,708,187,3432,1003,487,84,41,1617,20,12,37,1645,1112,151,2908,272,246,33,18,570,0,10,14,576,1209,117,1901,86,96,13,8,203,3,0,4,204,1084,96,1388,30,45,6,5,81,5,0,4,87,1775,254,2120,20237,7177,1362,536,29311,510,334,840,30156,10000,2329,42490,398,1186,59,59,1694,66,191,261,1955,1439,196,3594,1573,816,79,50,2515,103,57,165,2681,372,237,3288
10103,5044,53,79,132,5178,2653,643,8471,198,340,18,25,583,21,43,63,644,518,100,1264,465,157,14,17,659,40,13,53,707,127,93,938,497,169,23,15,702,15,3,25,725,136,68,935,456,178,34,17,682,17,9,25,711,160,80,956,608,249,30,15,897,14,8,23,924,177,96,1200,707,299,30,19,1062,20,8,30,1092,189,115,1397,800,307,32,16,1157,29,5,34,1189,184,106,1471,845,260,43,14,1160,22,12,27,1188,223,103,1515,566,237,52,12,874,16,18,30,907,276,79,1264,386,251,23,19,684,13,5,18,705,500,76,1281,159,127,23,16,324,5,0,4,327,606,57,992,67,65,12,0,146,0,0,3,149,525,43,719,53,52,6,7,113,0,0,0,111,1144,116,1373,5814,2683,347,203,9048,206,127,338,9382,4768,1138,15291,164,329,14,21,535,17,24,44,573,468,79,1125,484,249,8,30,766,30,15,47,814,116,106,1038
10104,15123,193,300,491,15615,15729,2396,33732,468,1116,110,75,1766,143,130,274,2034,1900,184,4124,846,511,67,41,1473,163,36,198,1670,433,127,2230,894,491,82,33,1499,95,34,127,1628,500,148,2272,914,609,95,43,1667,78,45,123,1791,567,139,2491,1300,845,97,54,2295,114,56,166,2463,668,170,3297,1633,1079,108,80,2895,117,80,197,3091,684,197,3971,2006,1161,123,52,3348,122,69,194,3537,807,210,4552,2166,1512,174,68,3924,114,63,181,4105,1151,223,5480,1791,1299,206,51,3350,95,91,187,3539,1931,272,5740,993,1053,143,32,2217,83,77,157,2376,3447,287,6109,277,431,47,25,775,8,15,25,801,4056,219,5076,92,148,22,13,274,5,10,8,283,3429,262,3978,56,81,11,15,167,0,0,0,171,6194,689,7053,13440,10328,1285,582,25638,1142,699,1845,27478,25750,3137,56368,375,1117,72,62,1626,100,120,220,1843,1531,227,3605,880,632,61,63,1628,159,75,231,1859,414,193,2467
10105,8341,128,189,319,8668,6102,1043,15818,375,557,37,33,1004,83,87,165,1175,926,66,2162,779,334,39,28,1180,72,29,102,1280,344,64,1687,791,265,52,27,1130,65,22,88,1220,388,58,1673,796,335,51,28,1212,45,27,69,1279,366,72,1718,1007,419,49,44,1518,49,36,86,1606,397,71,2074,1120,469,46,35,1674,53,28,84,1759,358,86,2202,1249,533,56,36,1876,44,21,64,1936,400,96,2432,1205,445,70,39,1760,34,19,59,1818,434,80,2339,1010,424,63,18,1513,36,20,57,1569,607,90,2264,634,383,39,30,1083,25,28,46,1131,1026,78,2238,243,186,20,6,455,3,3,3,460,1357,96,1912,97,83,13,13,205,0,3,3,211,1137,96,1435,78,79,11,19,186,0,0,0,187,2196,324,2708,9386,4513,549,352,14801,511,312,827,15624,9942,1271,26841,277,606,41,29,949,56,87,147,1091,861,139,2099,791,387,38,35,1253,99,41,143,1393,374,115,1883
10106,8719,133,163,295,9018,5748,1006,15773,324,575,42,33,978,61,75,136,1116,1014,92,2217,724,297,39,42,1101,59,32,86,1192,241,81,1520,779,207,47,15,1052,36,12,49,1098,246,76,1426,793,405,80,28,1299,28,26,57,1356,274,89,1717,1172,486,75,35,1768,40,14,52,1823,344,98,2270,1329,559,60,38,1987,47,26,71,2065,329,115,2509,1401,489,60,33,1987,33,15,46,2031,301,84,2417,1318,492,59,46,1916,48,22,68,1981,396,110,2491,1019,443,83,24,1565,18,14,36,1601,602,83,2288,677,459,75,27,1239,32,18,43,1283,1054,98,2438,294,204,32,19,553,9,5,8,562,1194,98,1851,113,115,16,8,249,0,6,10,259,1068,84,1410,75,72,14,12,170,0,0,5,172,2024,271,2467,10015,4805,679,375,15867,405,263,665,16532,9089,1391,27015,270,608,34,43,948,41,85,128,1076,1022,132,2239,737,375,35,50,1202,65,34,98,1299,278,115,1685
10201,39637,670,914,1588,41226,31674,4122,77025,1143,3045,195,155,4536,377,600,979,5517,4755,451,10724,3710,2348,237,211,6501,517,203,722,7223,1326,424,8975,4124,1405,292,135,5955,321,109,433,6387,1231,459,8079,4038,1705,382,117,6248,221,93,309,6561,1489,380,8425,4815,2389,331,128,7661,230,166,390,8057,1673,467,10195,5362,2638,285,166,8446,267,144,408,8854,1602,516,10973,5837,2707,300,167,9011,271,136,398,9410,1594,524,11529,5782,2546,320,156,8808,230,124,356,9159,1994,595,11753,4418,2249,321,115,7105,193,102,296,7400,2671,469,10536,2394,1870,253,73,4595,123,121,243,4841,4855,490,10182,700,914,79,30,1723,8,40,53,1770,6257,480,8506,151,334,30,18,531,5,10,16,547,5753,451,6751,51,163,29,22,259,6,5,9,269,13812,1892,15983,42524,24325,3047,1488,71385,2763,1849,4610,76000,49020,7585,132603,880,3237,169,92,4382,291,671,964,5341,4306,424,10073,3357,2682,162,142,6342,461,294,757,7091,1375,448,8920
10202,35028,740,943,1685,36711,30303,4419,71437,1186,2746,218,175,4331,587,536,1121,5453,4460,434,10347,3263,1940,206,197,5603,620,215,840,6439,1422,342,8204,3798,1357,271,139,5573,340,156,495,6068,1481,311,7855,3595,1619,303,126,5641,290,138,429,6079,1553,354,7984,4248,2000,276,142,6662,280,156,436,7093,1800,427,9321,4669,2233,222,161,7287,292,154,447,7732,1704,428,9867,4847,2092,239,183,7367,276,126,408,7773,1654,399,9823,4572,2014,285,138,7011,256,117,371,7383,1956,415,9755,3334,1667,249,104,5354,191,88,279,5631,2894,364,8893,1748,1255,177,58,3238,131,75,203,3440,4934,405,8786,455,563,73,26,1113,7,26,29,1150,6282,436,7868,75,188,22,7,301,5,9,12,309,5945,435,6686,32,72,21,24,144,6,3,10,154,11813,1534,13502,35823,19743,2561,1491,59622,3279,1798,5074,64701,47894,6287,118883,1067,2918,148,101,4231,469,640,1106,5340,4084,432,9855,3511,2452,227,179,6372,564,243,810,7184,1551,521,9250
10301,11239,178,254,431,11670,7087,1167,19929,408,839,76,34,1359,80,162,244,1603,1589,142,3340,1249,809,86,40,2185,138,112,249,2436,893,182,3510,1252,392,67,42,1749,76,39,114,1864,552,108,2525,1104,430,102,33,1676,55,34,92,1763,542,116,2419,1353,544,80,35,2007,62,26,89,2100,477,125,2698,1496,623,61,50,2232,58,27,90,2316,450,114,2882,1573,554,72,44,2243,41,38,80,2324,422,107,2847,1576,558,76,35,2243,34,19,59,2298,454,109,2870,1346,529,76,16,1973,39,16,55,2024,567,118,2704,726,448,61,33,1263,25,21,42,1308,1092,134,2536,265,252,31,12,564,0,11,9,575,1359,134,2067,65,120,11,10,209,0,4,4,214,1090,100,1398,39,69,12,12,137,0,0,0,137,2354,248,2737,12453,6174,822,393,19840,592,516,1115,20952,11838,1738,34529,280,859,55,47,1240,81,180,262,1502,1560,266,3333,1029,846,101,58,2033,158,125,281,2313,827,323,3460
10302,11044,220,253,471,11521,8919,1859,22296,489,800,64,40,1401,96,94,186,1590,1770,156,3511,1172,402,55,45,1672,145,44,188,1860,514,150,2526,1249,443,81,47,1820,98,31,133,1948,474,121,2545,1195,542,86,41,1864,97,34,128,1991,538,154,2682,1425,613,80,77,2202,85,35,120,2322,534,164,3016,1658,711,66,65,2505,70,36,104,2612,602,142,3352,1861,711,83,65,2722,79,36,115,2837,651,140,3634,1895,697,112,52,2756,74,37,110,2866,755,169,3794,1610,654,118,56,2434,61,35,97,2526,1017,180,3724,1051,575,74,44,1748,36,26,58,1801,1665,189,3659,473,314,47,22,861,4,10,11,874,1919,196,2994,220,188,30,32,476,0,0,0,480,2066,206,2758,154,166,34,28,382,0,5,5,382,4305,513,5203,14463,6813,933,623,22828,827,428,1264,24090,16822,2482,43391,398,742,62,56,1255,124,108,236,1489,1569,288,3355,1211,498,62,52,1817,168,55,223,2040,506,248,2797
10303,9664,188,232,419,10088,7996,1412,19493,435,630,46,38,1143,119,90,216,1359,1330,146,2835,976,367,45,47,1444,124,39,167,1612,469,132,2207,981,316,55,39,1391,82,44,131,1526,474,120,2113,892,416,67,44,1419,86,24,104,1532,492,116,2130,1186,565,85,45,1878,85,34,112,1989,541,165,2692,1353,659,62,45,2115,79,37,110,2231,539,169,2939,1496,653,76,38,2255,86,36,124,2378,606,161,3143,1512,635,87,46,2284,74,20,99,2381,675,135,3198,1105,553,81,38,1778,55,29,80,1864,885,159,2903,684,492,71,40,1288,43,27,74,1357,1610,159,3123,272,258,33,16,582,0,3,12,586,1969,131,2683,109,123,3,12,253,0,6,6,255,1588,139,1971,60,63,7,13,141,0,3,8,149,2874,372,3391,11067,5730,713,462,17965,834,399,1228,19202,14050,2097,35342,306,584,53,34,974,93,64,162,1134,1237,216,2586,904,408,35,42,1390,141,64,203,1599,463,226,2287
10304,14348,186,281,463,14812,8663,1498,24976,561,890,67,66,1585,118,115,231,1818,1795,183,3796,1592,524,64,69,2249,130,68,201,2452,582,164,3201,1741,472,117,42,2372,96,30,126,2496,549,146,3198,1589,575,121,49,2338,66,17,84,2425,544,149,3118,1821,721,95,41,2676,76,38,116,2793,500,200,3489,1954,778,88,41,2861,55,37,93,2954,477,176,3597,2021,756,93,61,2921,51,32,83,3010,501,150,3658,2025,675,109,48,2859,46,14,58,2915,571,132,3621,1586,618,96,34,2336,36,27,63,2396,759,146,3302,983,537,98,29,1641,20,18,39,1681,1386,148,3214,344,304,41,13,710,0,5,7,717,1580,136,2441,123,138,19,8,287,0,0,0,287,1504,128,1918,70,85,8,15,190,0,0,0,187,3300,289,3778,16411,7075,1022,526,25024,697,400,1099,26128,14045,2149,42318,464,953,59,55,1539,124,170,301,1843,1762,221,3818,1304,646,74,47,2070,147,73,222,2288,521,207,3016
10401,9749,266,284,548,10294,10814,1588,22697,338,836,63,49,1284,137,165,299,1586,1452,141,3176,694,433,55,36,1217,185,59,249,1467,535,104,2107,673,309,56,26,1065,104,48,150,1215,525,98,1842,764,470,54,29,1311,93,49,144,1457,520,84,2056,1007,659,71,31,1767,105,48,156,1925,611,119,2656,1188,698,73,48,2005,98,44,142,2151,657,136,2941,1380,766,92,32,2265,118,54,170,2437,773,136,3348,1497,880,97,50,2521,101,41,148,2666,1007,125,3800,1174,762,132,32,2105,87,43,129,2235,1442,138,3824,649,559,80,31,1322,58,49,111,1428,2297,125,3849,182,215,29,14,437,0,10,15,449,2680,126,3259,79,89,4,15,182,0,0,3,187,2208,127,2519,28,49,3,20,104,0,0,0,104,4275,353,4730,9650,6715,801,421,17595,1093,622,1713,19308,18992,1806,40099,239,737,56,45,1076,152,166,320,1391,1350,198,2939,666,475,52,39,1234,164,59,219,1455,431,149,2036
10402,20147,402,584,982,21126,16021,2619,39775,537,1606,133,85,2357,222,299,518,2871,2485,200,5558,1262,931,111,75,2387,284,123,414,2795,931,193,3918,1500,776,121,51,2458,189,73,266,2722,835,157,3723,1490,845,139,50,2516,181,81,264,2779,820,146,3747,1937,1160,124,74,3291,156,100,253,3546,918,184,4649,2301,1433,134,59,3933,184,101,279,4215,882,194,5291,2537,1558,147,76,4322,171,101,267,4594,1007,214,5814,2671,1599,181,61,4516,185,85,270,4790,1295,227,6311,2172,1357,171,69,3766,147,76,224,3992,1891,234,6113,1154,1020,109,42,2319,98,70,165,2487,2993,234,5709,286,362,56,15,718,6,21,32,751,3522,199,4471,75,106,20,10,211,0,13,13,221,3093,213,3528,36,84,15,13,152,0,4,4,151,5979,757,6893,17964,12835,1462,685,32944,1830,1140,2973,35916,26654,3155,65722,390,1613,76,64,2146,216,263,475,2618,2179,282,5081,1355,1107,92,63,2617,254,126,382,2997,786,308,4094
10501,4060,107,83,189,4251,2892,1499,8639,246,201,11,36,492,62,42,99,595,759,139,1491,614,185,26,25,854,67,35,104,958,361,118,1435,701,191,40,32,965,42,19,63,1032,325,113,1471,632,202,49,25,905,47,11,59,963,310,96,1368,706,274,30,31,1040,55,21,77,1120,324,122,1566,781,258,44,39,1134,56,34,90,1223,320,142,1679,888,254,39,37,1219,59,25,82,1304,357,131,1793,924,276,43,41,1288,58,22,79,1361,347,136,1852,690,213,37,22,970,29,11,42,1012,474,127,1614,479,192,40,27,742,28,13,40,778,619,126,1527,241,124,19,18,404,3,3,8,411,761,113,1282,126,66,12,13,214,0,0,0,219,659,99,978,90,57,12,14,174,0,0,4,176,1171,195,1543,7128,2494,415,368,10405,508,239,744,11152,6795,1656,19608,116,165,8,29,311,55,42,101,410,682,137,1225,471,180,23,21,700,71,46,117,812,354,169,1341
10502,3953,76,91,163,4113,3502,811,8435,168,308,24,27,527,70,42,113,643,584,62,1288,504,160,28,29,720,103,25,129,850,263,85,1191,548,168,32,27,778,66,25,88,862,266,72,1200,441,173,31,16,662,51,19,70,735,229,59,1021,525,213,48,25,807,54,20,72,884,231,67,1183,576,248,32,22,883,55,17,70,947,282,73,1304,725,251,37,21,1030,46,17,64,1094,305,86,1481,762,300,54,18,1128,30,12,41,1177,376,100,1649,569,222,59,19,870,33,13,42,913,530,77,1522,320,156,31,13,525,21,18,32,555,834,90,1476,113,73,7,12,200,0,0,0,201,854,77,1135,24,31,6,3,66,0,0,0,67,735,101,900,15,9,5,6,35,0,0,0,35,1632,300,1975,5286,2317,396,233,8230,523,211,731,8964,7119,1241,17327,106,262,17,16,402,57,47,100,503,539,57,1091,410,206,25,21,667,73,32,105,769,244,97,1112
10503,16253,300,320,620,16869,10164,2964,30004,706,1174,69,74,2018,181,163,346,2365,2061,253,4680,1660,625,80,56,2422,198,73,274,2696,791,190,3680,1825,575,121,57,2571,151,46,195,2771,773,156,3701,1669,683,143,53,2547,129,42,170,2720,670,167,3554,1967,780,97,57,2902,108,54,163,3070,729,186,3980,2297,839,92,58,3288,123,40,165,3450,631,221,4300,2445,857,90,61,3448,83,42,127,3570,674,209,4453,2492,861,115,66,3528,90,37,125,3655,857,231,4742,1978,759,127,49,2910,64,26,81,2997,1046,203,4247,1249,686,109,50,2091,51,46,99,2195,1669,149,4017,494,377,48,40,960,0,10,9,969,2105,194,3269,202,198,21,22,450,0,6,6,454,2139,187,2779,123,130,21,20,300,0,3,8,310,4232,453,4990,19111,8551,1130,662,29450,1184,586,1772,31218,18382,2791,52393,491,1063,57,59,1669,145,169,315,1984,1932,267,4185,1640,706,84,72,2498,225,97,329,2826,852,323,4006
10601,20819,434,562,994,21815,15020,1961,38796,1024,1432,101,109,2669,244,227,473,3142,2403,258,5808,2358,953,136,129,3572,223,84,310,3885,854,217,4953,2507,769,178,100,3561,147,62,209,3770,962,217,4955,2321,923,169,85,3495,121,75,193,3690,1027,217,4937,2480,1204,145,115,3939,116,77,194,4125,1073,215,5418,2836,1223,137,129,4326,113,55,170,4497,982,241,5724,2784,1141,138,94,4158,113,53,158,4324,1019,236,5578,2741,1107,175,88,4113,88,45,128,4239,1293,263,5797,1976,938,163,61,3142,50,39,88,3225,1792,254,5275,1123,697,117,45,1989,44,37,78,2064,2744,263,5067,332,322,31,28,708,0,9,11,725,2745,185,3654,92,114,13,5,224,0,0,3,226,2164,171,2559,67,84,17,14,178,3,3,3,181,4212,423,4812,22642,10905,1514,1005,36072,1259,758,2016,38087,23273,3161,64522,708,1539,86,72,2400,271,311,578,2979,2397,310,5689,2053,1180,124,85,3442,352,134,487,3931,1031,337,5298
10602,20713,384,551,937,21655,12553,1381,35586,641,1417,94,49,2202,172,222,395,2594,1791,191,4579,1931,936,107,86,3064,172,61,229,3292,575,146,4010,2250,667,147,63,3123,117,59,178,3304,621,138,4068,2098,823,172,52,3146,91,59,144,3290,767,156,4216,2258,1028,130,62,3477,77,60,136,3612,755,166,4539,2428,1012,136,67,3640,80,54,137,3771,641,188,4596,2342,916,95,54,3410,80,37,119,3525,639,166,4334,2332,832,109,49,3315,47,25,70,3392,777,167,4333,1640,688,109,44,2480,44,21,66,2547,1166,129,3839,789,536,87,27,1446,26,21,47,1491,1843,121,3458,216,204,24,3,448,4,5,3,458,1961,114,2524,43,81,0,3,135,0,5,5,136,1672,121,1924,19,43,14,11,80,0,0,0,80,3272,375,3734,18984,9173,1230,577,29965,904,621,1525,31494,16474,2189,50153,477,1543,57,42,2113,196,334,530,2643,1929,167,4735,1868,1238,94,61,3264,280,151,434,3700,708,195,4603
10603,14976,310,387,692,15668,15154,1758,32588,587,1288,99,62,2044,177,177,351,2395,1743,180,4320,1459,774,85,72,2396,209,58,266,2664,571,188,3423,1481,512,110,47,2152,130,36,160,2308,588,157,3053,1445,657,133,45,2287,96,63,162,2448,636,137,3222,1892,847,140,70,2943,112,69,181,3127,707,170,4007,2124,996,116,55,3292,111,59,170,3463,637,199,4297,2351,1053,114,57,3578,106,49,158,3737,736,219,4685,2096,940,151,58,3251,91,63,149,3399,881,220,4502,1600,902,122,56,2683,71,49,121,2802,1462,227,4489,877,782,85,28,1776,45,30,77,1855,2779,218,4847,223,339,52,15,620,9,10,20,638,3588,268,4491,59,133,10,8,211,0,3,3,214,3027,208,3451,16,62,8,4,92,0,0,0,93,4983,642,5718,16219,9278,1229,591,27326,1159,657,1817,29144,22336,3031,54505,382,1290,84,46,1797,198,237,438,2229,1733,235,4197,1286,948,92,72,2397,211,103,319,2713,588,264,3562
10604,6646,127,152,275,6921,4481,772,12179,339,509,53,31,933,56,42,104,1027,779,120,1933,1015,260,51,38,1363,90,29,115,1480,263,104,1842,1057,281,58,48,1452,38,20,59,1506,353,93,1954,946,312,59,37,1353,39,20,56,1411,412,83,1909,989,414,56,34,1486,41,22,63,1548,338,123,2010,1040,385,51,51,1528,37,21,54,1581,292,105,1981,1159,396,47,34,1632,32,12,47,1686,288,108,2073,1079,339,57,34,1514,35,18,50,1562,329,83,1978,858,313,48,33,1256,28,10,37,1297,429,89,1815,507,257,39,15,814,12,11,24,845,687,87,1619,172,154,19,13,359,0,6,6,360,861,67,1285,66,64,3,4,140,0,0,3,142,695,72,912,37,48,12,12,104,0,0,0,99,1451,189,1739,9259,3738,554,382,13927,412,210,618,14548,7178,1314,23037,220,449,37,21,728,74,75,149,875,798,115,1789,670,309,34,34,1038,101,43,150,1190,309,125,1621
10701,16260,321,422,748,17006,14587,1573,33173,555,1226,78,74,1931,211,278,489,2417,2313,178,4908,1684,993,114,112,2899,314,109,415,3316,765,166,4248,1930,677,154,67,2834,183,68,250,3085,812,144,4040,1888,830,165,63,2943,136,65,201,3147,844,150,4135,2101,1043,160,77,3377,139,60,202,3578,905,179,4658,2227,1043,96,86,3444,111,78,193,3643,926,163,4733,2426,1065,129,92,3711,150,53,203,3916,989,187,5090,2267,938,143,66,3410,108,41,147,3558,1222,172,4953,1517,725,150,57,2448,61,41,97,2546,1548,166,4256,826,474,90,28,1415,48,38,82,1497,2499,206,4200,184,171,24,7,392,0,10,7,396,2879,189,3469,36,56,10,4,104,0,7,11,110,2762,191,3061,13,33,3,5,59,0,3,3,59,5311,579,5952,17652,9281,1300,735,28973,1467,844,2305,31278,23762,2668,57709,474,1259,63,52,1845,183,344,528,2368,2247,181,4799,1730,1185,85,78,3077,287,168,455,3535,827,202,4562
10702,0,0,0,0,0,0,0,0,0,0,0,0,0,0,0,0,0,0,3,3,0,0,0,0,0,0,0,0,0,0,0,0,0,0,0,0,0,0,0,0,0,0,0,0,0,0,0,0,0,0,0,0,0,0,0,3,0,0,0,0,0,0,0,0,0,0,0,0,0,0,0,0,0,0,0,0,0,0,0,0,0,0,0,0,0,0,0,0,0,0,0,0,0,0,0,0,0,0,0,0,0,0,0,0,0,0,0,0,0,0,0,0,0,0,0,0,0,0,0,0,0,0,0,0,0,0,0,0,0,0,0,0,0,0,0,0,0,0,0,0,0,0,0,0,0,0,0,0,0,0,0,0,0,0,0,0,0,0,0,0,0,0,0,0,0,0,0,0,4,0,0,0,4,0,7,9,0,0,0,0,0,0,0,0,0,0,0,0,0,0,0,0,0,0,0,0,0,0,0,0
10703,22032,339,514,856,22889,17109,1983,41983,745,1590,118,99,2557,264,350,618,3171,2828,193,6190,1964,1226,142,129,3454,295,100,391,3854,726,170,4749,2263,784,194,73,3316,170,61,229,3547,700,168,4411,2098,978,198,65,3337,93,68,164,3496,767,137,4400,2596,1333,187,71,4185,135,94,227,4410,928,164,5505,2729,1384,159,71,4342,124,69,191,4541,919,163,5627,3117,1398,180,96,4792,131,59,191,4984,977,177,6141,3000,1261,179,93,4526,115,48,165,4691,1132,188,6008,2138,982,183,58,3364,80,39,118,3480,1695,196,5373,1053,629,110,34,1832,52,39,91,1918,2813,156,4892,230,308,46,13,603,3,9,17,618,3228,170,4011,49,103,10,4,160,0,0,0,159,2877,185,3224,26,60,7,13,100,0,0,3,101,5366,480,5947,22006,12033,1711,814,36563,1464,931,2398,38966,24953,2549,66464,635,1748,79,51,2519,208,447,651,3171,2564,238,5968,2095,1562,116,93,3874,295,145,440,4313,769,238,5327
10704,31469,546,904,1445,32911,21859,2668,57441,696,2090,192,107,3077,238,523,759,3838,3785,300,7922,2772,2664,280,141,5853,439,484,920,6775,2892,525,10187,4043,1450,260,99,5860,303,172,478,6337,1638,451,8428,3659,1532,355,81,5632,224,137,362,5991,1298,314,7609,3900,1944,300,85,6233,192,109,302,6533,1367,317,8215,3969,1912,216,105,6198,192,101,294,6491,1207,321,8024,4157,1846,197,128,6330,161,90,254,6581,1257,324,8164,4074,1645,249,93,6054,156,75,231,6292,1415,323,8030,2984,1373,219,72,4645,99,66,165,4808,2050,261,7123,1484,989,147,46,2669,54,50,105,2771,3319,282,6371,374,461,48,22,901,4,13,13,920,4012,232,5166,85,154,22,12,274,4,0,10,285,3808,227,4314,38,86,22,5,155,6,0,0,155,8489,862,9510,32227,18149,2507,1003,53884,2064,1831,3892,57772,36534,4739,99053,632,2323,145,85,3182,183,707,885,4067,3831,313,8210,2833,3414,189,154,6594,354,649,1001,7600,2800,561,10965
10801,5902,123,148,274,6170,7556,1211,14941,137,457,42,30,665,69,67,144,806,775,67,1650,347,223,30,21,617,101,40,133,749,218,54,1030,329,203,28,13,567,43,18,58,628,221,60,907,403,225,32,16,672,48,20,70,737,253,58,1050,528,369,48,22,969,46,40,82,1049,304,70,1429,614,416,33,34,1089,67,21,86,1182,332,79,1591,759,516,50,30,1350,60,24,86,1434,392,79,1906,786,478,63,28,1351,45,33,75,1425,546,94,2070,648,452,55,18,1175,55,32,87,1264,822,107,2190,348,367,45,15,769,34,34,69,832,1590,115,2539,102,174,14,16,303,0,6,5,313,2030,132,2472,38,62,11,6,126,0,0,0,125,1883,99,2111,20,27,5,11,68,0,0,0,66,3598,584,4249,5051,3974,446,247,9719,567,332,899,10619,12969,1599,25184,130,430,31,25,622,65,66,129,755,694,97,1544,317,274,23,21,633,83,30,120,752,225,72,1043
10802,9013,223,319,545,9565,10384,1700,21644,233,683,65,30,1009,121,110,230,1244,1557,128,2920,509,355,31,43,934,185,48,231,1164,614,110,1883,527,338,57,32,959,108,37,150,1101,622,80,1810,601,397,63,19,1082,105,44,153,1238,574,66,1876,850,524,57,35,1472,104,41,140,1608,640,102,2353,995,559,63,42,1649,98,53,153,1804,669,142,2612,1176,736,77,45,2043,118,49,167,2211,845,141,3198,1252,902,100,51,2306,135,48,183,2488,1090,176,3753,1042,744,115,25,1921,79,38,117,2044,1500,171,3709,635,541,83,20,1282,57,31,93,1379,2239,155,3772,192,229,22,12,448,0,7,11,461,2468,180,3110,76,87,6,0,172,5,3,10,181,2147,139,2462,27,62,13,13,112,3,3,6,117,4075,376,4569,8119,6162,737,373,15396,1121,514,1640,17031,19041,1959,38032,185,664,49,53,947,105,96,201,1150,1337,189,2668,571,456,55,46,1125,148,52,205,1328,614,152,2099
10803,122,0,4,6,124,48,20,193,0,0,0,0,4,0,0,0,4,4,0,6,0,7,4,0,12,0,0,0,12,6,0,14,10,4,0,0,20,0,0,0,20,0,4,17,16,7,6,0,30,0,0,0,30,4,0,35,7,5,7,0,18,0,0,0,18,5,0,21,9,3,3,0,19,0,0,0,20,4,0,22,17,11,0,0,31,0,0,0,31,5,0,35,17,4,0,0,24,0,0,0,23,3,0,29,10,7,3,0,25,0,0,0,25,4,0,28,12,8,0,0,16,0,0,0,16,3,0,21,4,6,0,0,10,0,0,0,10,8,0,20,3,7,0,0,10,0,0,0,10,7,4,21,0,0,0,0,9,0,0,0,9,26,0,31,113,82,26,3,214,0,0,5,218,80,5,302,0,6,0,0,6,0,0,0,6,3,0,5,7,6,0,0,15,5,0,3,15,0,0,16
10804,18270,295,515,805,19075,17490,1880,38444,444,1286,89,61,1883,138,200,336,2222,2011,150,4376,1099,651,64,61,1873,201,67,273,2145,578,149,2875,1190,542,75,26,1835,135,57,189,2024,522,118,2661,1329,707,117,41,2196,94,49,140,2336,570,116,3023,1720,1001,106,69,2887,110,62,167,3059,726,117,3906,2122,1208,108,61,3497,128,63,190,3691,746,162,4587,2317,1172,115,60,3668,131,72,203,3874,785,183,4835,2316,1284,153,48,3798,131,71,200,3997,1056,204,5262,1650,1105,135,40,2932,110,58,169,3103,1613,190,4899,942,849,107,29,1929,74,62,140,2068,3102,219,5389,283,409,57,12,761,13,13,19,778,4167,222,5175,60,135,13,6,212,4,5,10,222,3671,217,4107,32,99,9,12,156,0,3,0,157,7607,899,8662,15505,10429,1154,540,27627,1262,778,2048,29678,27146,2935,59762,380,1346,109,43,1877,148,258,402,2285,1935,222,4438,1116,784,63,62,2026,177,96,270,2295,591,204,3091
10805,10366,273,354,625,10992,12131,1736,24865,353,830,71,51,1307,151,135,283,1585,1564,150,3298,704,415,50,29,1198,185,47,231,1433,499,118,2045,741,377,67,37,1222,124,31,161,1378,466,77,1920,751,424,61,24,1264,91,54,147,1403,516,89,2014,1000,587,59,39,1684,106,63,167,1854,625,137,2617,1275,729,56,42,2101,118,61,178,2276,618,118,3021,1467,788,97,47,2391,126,51,180,2576,721,121,3421,1600,833,114,45,2594,106,50,155,2747,940,163,3851,1272,767,130,30,2196,90,61,147,2349,1381,179,3902,724,635,78,29,1464,55,50,102,1572,2351,179,4103,254,267,44,15,581,0,6,8,593,2894,171,3658,85,98,16,8,211,0,3,3,217,2484,179,2880,45,75,12,8,138,0,3,9,145,4599,448,5184,10263,6821,848,415,18345,1152,627,1777,20122,19661,2128,41913,210,789,63,46,1107,144,142,286,1394,1488,157,3040,712,507,76,48,1340,185,75,263,1602,514,157,2271
10901,15484,261,392,647,16134,10390,1669,28191,570,1162,80,71,1887,139,193,334,2222,1860,167,4243,1618,877,119,79,2684,160,93,252,2939,676,194,3802,1863,604,137,57,2656,119,54,170,2826,520,154,3497,1587,672,113,52,2427,87,46,137,2563,563,153,3288,1686,818,121,58,2682,74,53,130,2804,563,144,3513,1934,857,98,59,2941,90,41,134,3077,514,184,3779,2125,835,75,51,3076,62,39,101,3180,493,159,3833,2167,856,116,51,3195,84,38,125,3318,593,148,4049,1613,796,118,37,2563,54,38,93,2653,862,163,3677,956,653,97,36,1742,47,39,85,1822,1483,149,3460,317,276,54,16,663,0,3,8,669,1788,151,2610,81,124,14,8,231,0,0,0,231,1731,141,2101,55,67,15,13,150,0,3,3,154,3716,382,4248,16570,8596,1144,577,26888,924,645,1567,28458,15354,2276,46094,434,1239,68,67,1802,120,208,336,2137,1567,213,3913,1452,1010,61,65,2590,217,131,346,2932,646,322,3894
10902,2621,47,48,98,2721,1806,644,5170,117,176,0,13,309,25,33,55,364,388,56,809,244,99,11,7,362,32,15,48,408,107,49,565,286,65,17,5,377,21,5,27,403,141,49,589,287,101,13,6,412,22,5,25,438,109,33,580,362,161,24,14,561,19,6,23,584,135,34,751,412,166,26,25,625,17,14,31,654,115,33,807,500,171,18,14,711,20,7,31,735,155,40,935,542,177,23,30,767,19,6,27,795,166,52,1020,386,176,22,15,596,8,5,18,620,214,39,871,275,121,17,9,427,9,0,10,435,378,44,858,99,77,23,6,200,3,0,3,202,436,33,667,58,30,8,9,101,0,0,0,101,422,50,573,23,16,3,3,53,0,0,0,53,725,110,894,3591,1542,202,162,5498,180,107,293,5786,3499,635,9923,85,179,13,17,291,22,17,44,329,331,67,729,271,110,11,17,409,31,13,38,450,107,79,635
10903,9033,112,166,278,9306,7522,1621,18449,388,636,49,55,1130,79,54,134,1269,1148,126,2544,763,264,50,43,1120,64,23,84,1203,281,91,1581,821,237,65,27,1149,33,25,56,1202,270,77,1546,870,365,69,21,1327,27,16,47,1379,322,71,1769,1133,484,56,42,1720,46,26,71,1793,277,97,2162,1287,524,59,46,1920,61,19,85,2001,328,101,2427,1418,537,78,37,2068,58,26,82,2157,326,124,2601,1539,622,99,54,2312,46,27,73,2383,447,120,2952,1292,587,106,43,2030,41,29,72,2097,758,144,3006,821,551,93,51,1515,29,24,58,1568,1432,133,3138,323,297,43,18,686,0,10,13,694,1887,151,2733,133,145,17,15,309,0,4,4,319,1910,141,2373,83,86,28,28,221,0,4,6,224,3502,526,4253,10877,5334,810,477,17502,495,283,780,18279,12894,1912,33083,309,614,33,33,987,55,73,127,1114,973,167,2250,782,384,46,46,1257,69,35,103,1359,259,165,1783
11001,8206,168,227,391,8600,5920,1565,16086,270,708,77,52,1109,72,173,247,1351,1583,144,3082,797,669,82,28,1580,90,153,240,1814,1017,176,3009,816,344,61,21,1247,77,33,111,1358,412,126,1886,756,373,46,19,1195,53,45,101,1295,358,99,1756,899,437,42,25,1401,56,36,90,1490,344,113,1949,1110,500,33,42,1683,44,24,66,1750,323,134,2211,1300,557,64,36,1952,36,19,60,2010,373,92,2470,1328,487,66,31,1911,36,33,70,1977,387,115,2483,1119,503,82,34,1740,26,20,48,1786,474,98,2365,690,406,51,17,1169,27,18,48,1219,877,103,2197,272,212,31,7,529,4,3,5,531,1118,88,1734,100,116,18,4,234,0,0,3,237,1047,87,1369,66,70,11,7,157,0,3,4,161,2046,250,2455,9529,5387,664,323,15899,520,569,1084,16981,10351,1620,28956,201,678,81,45,1001,68,171,246,1244,1503,223,2970,685,718,83,47,1533,108,157,264,1799,1019,273,3094
11002,7280,235,188,421,7704,7147,1538,16381,280,535,25,36,883,102,89,196,1073,1157,91,2327,654,247,27,28,953,98,36,133,1090,404,70,1566,741,266,51,23,1082,71,25,95,1174,403,69,1645,728,349,47,19,1143,63,28,94,1236,444,71,1746,926,459,37,40,1454,58,37,91,1545,469,88,2107,1103,461,44,35,1640,72,36,107,1751,465,97,2310,1121,510,57,36,1719,77,27,100,1825,498,112,2429,1250,540,75,34,1902,69,37,106,2008,697,149,2847,987,463,67,31,1547,56,24,85,1628,839,118,2589,738,404,58,14,1218,45,36,79,1298,1439,118,2857,324,230,32,19,608,6,8,12,616,1678,124,2416,155,118,13,14,305,4,4,3,315,1572,131,2012,101,69,18,19,206,0,6,6,207,2768,402,3378,9108,4647,552,359,14662,730,386,1112,15774,12814,1647,30227,240,508,33,36,821,82,75,155,978,1043,167,2190,641,338,38,37,1055,120,48,170,1226,403,144,1769
11003,5075,111,80,187,5259,3007,1577,9852,263,308,23,36,633,59,42,105,738,738,127,1609,716,166,31,23,937,89,24,117,1051,311,109,1472,745,194,54,26,1020,61,23,83,1098,289,117,1511,781,265,31,29,1105,33,26,61,1167,320,127,1611,845,327,44,33,1251,53,18,67,1313,260,122,1693,880,305,51,38,1269,48,16,67,1337,270,136,1737,949,319,39,38,1345,52,11,62,1406,264,112,1789,952,304,67,38,1363,40,20,66,1425,310,95,1830,768,224,45,21,1057,16,4,22,1080,375,111,1568,507,215,42,23,785,12,12,22,806,544,112,1465,227,154,30,15,423,0,0,0,426,657,87,1176,98,78,7,14,192,0,3,3,194,611,82,893,64,45,8,0,119,0,0,5,120,1159,179,1457,7792,2905,466,332,11492,470,202,669,12163,6131,1520,19811,184,330,21,34,567,53,42,98,661,637,183,1483,581,200,28,39,840,80,28,113,953,292,136,1386
11004,18571,401,464,866,19435,12626,2703,34769,765,1346,117,78,2313,196,178,375,2681,2258,273,5218,1946,694,95,67,2789,224,95,324,3118,849,212,4174,2101,638,142,54,2936,183,66,250,3186,761,174,4119,1958,749,135,46,2888,144,54,202,3085,757,215,4061,2199,984,101,83,3362,139,62,201,3563,765,201,4529,2498,1094,99,76,3763,115,65,179,3947,743,241,4924,2610,1075,137,86,3905,111,44,161,4060,791,244,5099,2786,1044,153,78,4064,109,48,158,4225,937,253,5412,2297,930,151,63,3443,90,55,141,3584,1276,236,5090,1371,789,117,61,2334,63,40,99,2433,2118,217,4769,460,477,49,30,1014,4,12,20,1028,2766,227,4020,173,201,16,17,412,0,6,0,416,2663,241,3318,122,139,22,25,313,0,0,0,313,5061,669,6040,21279,10166,1328,768,33536,1385,710,2095,35634,21739,3395,60765,616,1339,89,67,2108,191,173,370,2469,2162,317,4946,1865,767,94,66,2797,229,94,323,3119,796,347,4258
11101,29420,438,734,1169,30588,21032,2128,53753,1048,2636,198,125,4004,280,427,713,4716,3029,264,8008,2811,1841,185,130,4967,297,155,452,5422,986,228,6630,3364,1088,218,87,4758,193,84,276,5034,869,191,6090,3114,1387,285,95,4877,140,72,216,5095,957,199,6247,3514,1818,230,95,5658,166,87,253,5907,1191,233,7334,4109,1915,216,121,6363,135,81,214,6585,1157,248,7992,4235,1829,221,109,6392,145,77,221,6616,1213,272,8098,4375,1724,244,93,6441,131,57,188,6627,1457,303,8386,3206,1555,256,77,5093,90,56,157,5245,2258,249,7752,1595,1192,152,54,2985,64,52,117,3099,4126,275,7497,413,509,48,18,995,0,18,20,1015,4869,276,6157,93,165,12,7,287,0,5,6,287,4291,261,4840,36,92,7,18,142,0,0,0,147,8999,956,10093,31898,17760,2266,1033,52966,1648,1178,2827,55790,35384,3951,95125,711,2518,114,51,3405,291,618,904,4307,2916,199,7426,2383,2132,180,107,4801,372,236,610,5415,1011,236,6667
11102,18365,336,480,816,19188,15189,1676,36054,676,1258,94,92,2110,212,206,427,2533,2156,176,4863,1781,884,124,89,2887,217,96,307,3195,730,141,4063,1761,674,141,61,2631,143,35,181,2806,647,113,3573,1578,773,121,61,2530,83,62,144,2679,713,101,3493,2058,990,142,64,3255,86,51,133,3393,785,131,4300,2197,1041,125,78,3438,97,62,149,3589,675,123,4382,2321,1042,124,73,3555,82,72,150,3706,843,142,4697,2396,953,178,77,3595,65,49,115,3709,1046,142,4898,1855,896,145,45,2941,53,40,84,3028,1577,152,4757,959,717,117,24,1818,31,32,69,1888,2645,146,4672,251,325,29,5,610,3,3,13,621,3119,168,3906,44,112,6,12,176,0,7,7,176,2638,141,2959,18,56,8,7,90,0,0,0,88,5677,650,6416,17884,9722,1350,681,29639,1080,705,1787,31418,23243,2320,56985,482,1346,62,53,1950,216,355,569,2515,2007,147,4668,1565,1087,111,56,2824,309,131,442,3269,738,159,4167
11103,45051,700,1138,1840,46892,25999,3953,76841,1022,3110,207,140,4480,332,580,909,5388,3707,388,9483,4605,3734,388,183,8917,488,477,965,9878,2795,644,13313,6648,2090,393,149,9273,351,190,539,9814,1779,604,12196,5535,1986,461,117,8094,257,124,385,8480,1652,502,10624,5151,2418,384,118,8074,225,143,363,8436,1667,461,10562,5041,2336,294,135,7808,245,144,390,8200,1641,438,10275,5246,2201,259,123,7828,210,102,311,8140,1780,442,10365,5126,2017,317,112,7568,175,91,271,7842,1969,478,10286,3808,1716,285,77,5891,130,59,188,6087,2806,344,9237,1879,1307,149,49,3383,71,63,138,3515,4397,405,8323,480,592,70,36,1179,14,11,26,1203,5066,350,6608,101,219,19,15,357,4,0,5,365,4598,330,5291,43,128,16,17,215,4,5,12,220,10994,1213,12424,44688,23853,3245,1276,73064,2505,1991,4493,77553,44854,6579,128989,655,3021,177,115,3969,333,817,1150,5115,3902,314,9332,4006,4448,307,214,8976,631,690,1324,10297,3175,597,14074
11201,20069,320,501,823,20895,14749,2923,38565,334,1303,107,55,1801,150,207,358,2154,2011,186,4348,966,848,66,67,1951,170,108,279,2223,586,192,3003,1145,758,85,50,2039,150,63,219,2257,584,162,2998,1318,861,116,51,2353,119,75,195,2544,764,191,3504,1776,1303,145,65,3298,145,80,228,3521,922,233,4676,2063,1489,149,72,3768,140,115,254,4025,876,224,5129,2306,1563,126,88,4080,164,96,261,4339,948,224,5508,2461,1643,196,75,4375,164,111,277,4650,1210,289,6145,1986,1475,191,70,3726,122,91,215,3944,1745,253,5937,1077,1046,115,40,2281,57,76,130,2409,2622,231,5269,300,441,52,19,812,4,16,19,828,2887,178,3890,97,138,15,5,251,0,4,5,255,2520,164,2939,49,92,18,26,179,0,4,4,180,5816,610,6604,15873,12960,1389,682,30901,1394,1045,2436,33337,23481,3124,59941,291,1331,85,61,1774,99,218,318,2085,1865,325,4274,918,900,66,47,1930,135,96,229,2162,498,284,2949
11202,15222,287,430,715,15943,11990,2499,30430,483,1205,84,71,1848,202,230,430,2282,2341,204,4820,1267,820,86,56,2219,263,148,413,2635,995,178,3801,1217,626,103,41,1993,162,87,253,2245,831,132,3211,1368,785,100,60,2311,134,96,229,2542,798,160,3503,1598,979,90,66,2736,133,89,220,2950,878,167,3998,1964,1068,97,65,3187,131,88,219,3411,884,172,4469,2291,1072,119,79,3568,156,87,239,3805,1024,217,5038,2410,1211,115,61,3798,141,83,226,4020,1225,215,5466,1965,1183,142,54,3335,115,79,193,3532,1634,215,5380,1037,869,109,34,2050,61,57,122,2175,2229,177,4578,338,327,27,19,710,7,7,15,725,2413,155,3290,115,156,10,13,298,0,0,7,301,2123,143,2565,112,111,18,12,261,0,4,5,263,4544,444,5250,16161,10408,1112,644,28318,1510,1054,2566,30887,21913,2579,55374,390,1244,52,62,1747,150,219,367,2116,2059,342,4510,1132,921,70,62,2183,253,149,397,2581,803,326,3712
11203,20740,380,597,977,21719,18077,3036,42828,437,1567,91,91,2178,229,283,506,2684,2282,241,5209,1237,996,106,74,2414,269,116,386,2798,669,198,3664,1501,769,128,59,2455,209,85,292,2750,715,196,3658,1565,922,157,56,2701,163,91,252,2950,756,199,3909,2034,1260,138,79,3507,174,74,252,3758,921,213,4887,2278,1457,128,78,3942,168,105,274,4215,919,265,5405,2548,1518,135,107,4310,192,78,275,4586,998,259,5839,2593,1596,161,76,4424,165,96,266,4692,1347,287,6328,1869,1268,173,59,3366,153,82,237,3601,1896,277,5775,1039,1005,122,31,2201,104,68,172,2369,3172,262,5807,306,391,34,24,748,6,20,25,773,4021,257,5050,62,167,20,12,255,5,0,7,264,3819,262,4348,44,89,7,14,159,0,3,5,164,8717,1183,10070,17497,12992,1401,772,32665,1835,1105,2934,35602,30237,4108,69947,371,1630,75,86,2159,134,336,475,2639,2089,262,4989,1271,1266,70,82,2688,238,132,370,3062,606,263,3930
11301,11121,185,190,376,11497,6657,1728,19886,545,763,79,69,1456,98,95,194,1652,1562,184,3398,1241,385,54,78,1756,160,51,208,1970,442,209,2615,1325,426,81,58,1897,76,50,120,2021,446,197,2663,1215,542,88,47,1885,58,37,95,1979,449,189,2617,1415,618,68,51,2151,55,29,83,2235,464,194,2889,1603,640,70,63,2369,57,27,90,2459,429,167,3058,1811,641,69,73,2585,57,29,85,2671,420,152,3245,1753,574,104,67,2498,30,18,51,2548,517,207,3270,1316,487,114,45,1957,27,16,49,2004,647,153,2807,807,379,86,30,1303,25,9,39,1341,971,156,2470,288,226,33,27,565,4,6,9,578,1231,146,1954,121,129,28,18,297,0,3,4,302,1312,118,1730,89,97,14,10,209,0,0,6,215,2795,383,3398,13531,5908,884,618,20931,652,378,1028,21959,11693,2460,36105,477,723,57,59,1315,76,92,169,1487,1501,258,3246,1264,459,53,58,1833,115,67,177,2014,442,245,2703
11302,3095,63,63,126,3225,2341,482,6044,133,230,15,11,389,25,25,52,442,405,35,883,326,88,10,4,426,53,12,59,486,123,28,636,301,147,23,5,474,26,7,34,508,143,33,681,336,145,21,13,521,27,9,38,560,161,32,745,433,196,20,7,657,17,13,33,688,162,34,884,479,194,22,12,709,27,6,26,736,154,29,919,567,197,27,17,806,20,9,31,830,145,37,1014,574,196,36,10,818,26,0,31,844,176,33,1055,439,178,45,8,671,18,15,34,709,238,40,986,292,155,28,8,488,16,13,29,515,411,40,969,108,88,13,0,211,0,3,4,212,555,39,808,34,50,4,0,87,0,0,0,87,542,47,670,32,26,5,3,72,0,0,0,73,1053,98,1225,4059,1879,267,117,6317,257,114,372,6684,4278,519,11484,108,174,13,5,299,23,20,47,341,385,46,777,265,129,13,12,420,32,8,47,466,136,58,664
11303,22542,364,484,851,23397,14854,2423,40678,1203,1615,115,96,3033,208,256,465,3498,2797,221,6518,2857,1251,166,112,4377,236,147,380,4757,1460,253,6473,2846,855,170,70,3936,194,67,258,4196,976,175,5352,2443,920,190,94,3646,110,56,171,3813,999,134,4946,2732,1152,170,77,4134,121,58,183,4317,961,164,5439,3016,1204,124,107,4446,111,48,160,4610,837,187,5633,3184,1217,136,78,4616,106,50,154,4770,839,201,5813,3258,1178,156,90,4676,85,36,120,4798,946,247,5996,2575,1023,161,70,3838,77,40,114,3955,1410,180,5540,1526,845,136,58,2563,34,40,73,2638,2253,192,5083,534,453,60,37,1078,3,11,16,1094,2705,193,3999,200,201,32,20,440,7,0,3,445,2689,185,3325,117,126,25,22,289,0,0,0,290,5572,623,6480,26483,12040,1640,924,41091,1294,810,2106,43193,24444,2955,70590,920,1668,77,87,2749,183,278,462,3215,2558,358,6129,2657,1448,128,110,4349,265,183,447,4800,1226,377,6399
11401,20785,391,556,945,21726,21750,2823,46296,587,1471,124,85,2273,281,239,518,2787,2700,317,5806,1613,912,99,95,2716,284,104,384,3101,815,290,4203,1630,651,153,64,2494,183,70,251,2747,837,215,3801,1588,843,142,61,2642,157,68,222,2861,932,222,4016,2065,1133,143,82,3428,150,68,220,3647,988,251,4886,2242,1352,149,81,3833,211,80,295,4125,1010,271,5401,2664,1453,156,73,4346,190,92,283,4627,1162,336,6127,2813,1590,184,72,4653,172,82,254,4906,1512,358,6776,2039,1378,217,69,3703,126,80,204,3905,2285,289,6478,1122,1126,127,45,2423,69,63,133,2556,4300,344,7197,313,461,47,28,849,4,21,28,877,5157,329,6359,95,170,18,5,289,0,7,9,298,4697,334,5329,38,68,19,22,144,0,0,0,149,8626,1105,9877,18795,12614,1594,779,33784,1821,975,2797,36583,35030,4647,76257,536,1556,92,96,2280,194,220,412,2695,2278,324,5294,1657,1138,100,90,2983,256,127,383,3362,881,376,4619
11402,11653,133,211,345,11998,9837,1216,23058,359,690,54,60,1161,66,99,167,1335,1435,99,2860,883,440,42,43,1411,68,33,102,1507,319,77,1903,822,280,51,29,1184,41,11,54,1233,287,65,1588,795,378,72,24,1260,37,15,54,1319,327,75,1717,1185,563,55,30,1833,47,34,76,1912,443,101,2460,1456,759,58,47,2326,33,32,70,2395,431,107,2936,1655,754,79,43,2528,64,24,82,2613,440,122,3179,1614,711,108,37,2470,50,22,70,2539,501,106,3143,1233,701,83,53,2066,42,26,65,2132,722,115,2970,869,679,66,29,1648,32,38,69,1721,1562,151,3426,336,468,34,22,859,5,13,21,881,2068,129,3081,108,190,16,14,327,6,5,6,332,1908,126,2367,54,115,6,15,193,0,5,5,192,3590,384,4169,11369,6734,736,429,19267,473,369,848,20113,14029,1660,35797,315,947,52,24,1333,52,97,151,1480,1408,139,3031,874,490,26,37,1432,67,32,103,1531,257,99,1889
11501,36569,662,872,1528,38098,24232,2012,64341,679,2879,201,110,3875,116,533,638,4516,5627,193,10333,3560,2960,215,157,6894,230,299,531,7428,1404,222,9057,4099,907,198,116,5309,157,70,232,5543,739,180,6458,4063,1195,313,90,5664,130,69,198,5864,1022,200,7088,5159,1880,263,112,7416,139,115,255,7668,1402,194,9264,5821,2259,187,117,8381,162,116,275,8660,1284,217,10160,6483,2112,190,143,8936,187,91,277,9206,1091,243,10540,6248,1915,206,132,8497,175,78,258,8752,1153,233,10143,4840,1724,213,103,6879,147,74,212,7094,1688,204,8985,2871,1592,163,76,4703,87,78,167,4869,2992,194,8062,878,857,94,34,1864,24,30,56,1916,3660,158,5733,153,297,28,15,493,0,10,10,497,3097,140,3739,41,130,16,14,199,0,0,0,204,6076,620,6899,44900,20700,2294,1208,69106,1553,1561,3118,72216,31237,3009,106462,523,3041,173,71,3801,68,667,735,4539,5527,179,10239,3360,3272,157,93,6878,212,366,577,7459,1438,175,9070
11502,6391,80,124,207,6603,4434,454,11492,216,588,45,30,886,19,85,102,983,1001,40,2024,681,462,43,40,1226,47,38,82,1312,191,41,1538,642,158,30,15,844,22,14,36,878,145,23,1049,505,192,34,19,750,9,4,20,771,146,20,935,729,370,36,16,1159,24,16,36,1197,229,44,1469,1009,411,38,20,1478,22,23,47,1522,288,64,1873,1209,471,47,23,1757,19,14,33,1788,243,58,2089,1130,420,42,27,1613,32,7,40,1654,236,65,1949,880,385,52,11,1335,23,14,34,1365,326,61,1758,612,415,40,25,1088,22,9,30,1119,573,63,1756,272,250,23,5,556,0,7,8,564,743,46,1352,78,113,9,6,201,0,3,3,206,683,43,927,40,56,15,3,115,0,0,0,118,1404,91,1620,8007,4292,452,251,13004,240,222,461,13466,6204,661,20332,217,592,23,18,848,17,85,97,946,971,90,2004,670,550,28,26,1274,40,38,74,1347,206,83,1644
11503,6212,54,97,146,6359,3308,352,10019,364,475,35,45,913,37,74,111,1031,830,92,1955,714,307,31,36,1095,56,16,73,1167,185,77,1426,569,167,40,17,786,26,8,39,824,130,57,1013,604,213,33,26,881,26,17,42,918,178,48,1145,815,391,49,37,1291,28,15,42,1331,204,111,1643,1083,473,46,36,1637,20,14,33,1675,202,121,1996,1149,440,47,37,1674,25,13,41,1716,179,105,2005,1139,405,56,20,1619,18,10,32,1651,217,97,1962,768,343,55,20,1189,22,3,29,1216,309,103,1626,421,327,55,9,804,17,16,34,842,551,90,1482,155,179,10,6,345,0,3,4,354,688,98,1136,50,59,10,0,115,0,0,0,112,501,63,677,24,35,5,4,66,0,0,0,68,748,96,910,7849,3800,465,294,12410,283,202,487,12896,4920,1164,18984,308,454,21,16,805,29,79,107,916,728,130,1768,783,391,30,30,1227,38,26,67,1297,157,84,1541
11504,14376,236,287,522,14902,6153,629,21686,252,468,37,25,779,27,75,100,880,906,58,1847,760,388,35,35,1218,54,42,104,1321,197,67,1577,759,196,40,32,1021,30,16,46,1070,152,54,1276,941,330,68,27,1361,19,20,37,1402,211,62,1677,1416,573,72,39,2095,22,21,49,2141,279,71,2497,1513,538,40,37,2131,32,23,52,2177,232,83,2496,1222,371,39,25,1659,46,14,64,1721,193,63,1981,1047,321,46,39,1453,29,11,38,1496,193,51,1744,729,285,34,31,1075,23,11,33,1103,280,61,1450,498,258,41,16,806,10,12,20,834,460,68,1359,175,132,11,14,330,0,0,8,338,571,30,934,30,48,0,3,83,0,0,0,83,450,41,571,3,22,4,0,30,0,0,0,30,591,61,691,9346,3935,459,323,14060,294,243,544,14598,4732,771,20103,318,818,43,20,1193,37,164,201,1398,1129,78,2601,877,599,29,30,1536,46,56,97,1633,218,61,1920
11601,28820,936,964,1899,30719,23360,3331,57410,751,1706,83,121,2660,276,388,661,3321,4559,333,8215,3332,1976,154,214,5675,444,263,703,6382,1732,374,8489,5106,1470,300,219,7093,383,151,532,7629,1797,429,9859,5213,1588,339,186,7320,307,164,465,7785,1862,394,10046,4860,1587,204,168,6819,278,134,414,7230,1683,373,9287,4504,1443,156,161,6263,259,131,396,6654,1492,308,8463,4575,1325,150,138,6191,233,101,330,6523,1474,326,8322,4297,1275,154,143,5872,187,94,277,6150,1590,358,8093,3403,1119,170,100,4792,163,73,242,5034,2091,286,7410,1997,881,117,68,3067,110,81,187,3256,2868,277,6404,528,331,31,23,911,11,27,35,945,3254,236,4439,84,100,21,13,215,0,4,6,222,2841,216,3282,20,39,14,8,76,4,0,4,81,5593,662,6336,38661,14841,1889,1561,56953,2647,1614,4258,61211,32858,4570,98633,631,1897,117,102,2738,207,589,793,3529,4609,346,8482,3123,2586,126,184,6017,413,361,778,6796,1795,429,9019
11602,34131,848,837,1684,35816,15889,1987,53689,473,1231,72,70,1854,105,290,399,2248,2666,152,5065,2003,1113,107,81,3306,182,166,351,3656,869,148,4673,3331,768,192,83,4370,145,77,228,4593,860,160,5612,4009,1127,301,132,5573,121,80,205,5771,1056,184,7017,4236,1330,210,83,5854,144,79,225,6079,965,185,7228,3586,1142,127,73,4928,111,70,183,5106,750,155,6010,3283,841,101,81,4304,84,45,130,4429,624,148,5205,2546,638,85,54,3326,101,39,139,3467,612,129,4208,1855,533,78,34,2501,67,29,93,2597,817,124,3541,984,404,49,39,1472,44,23,69,1543,1161,100,2807,254,159,22,10,442,10,7,16,457,1207,95,1757,48,53,7,8,105,0,0,0,109,1007,78,1190,6,23,6,4,32,0,0,0,39,1386,90,1515,26620,9347,1350,744,38066,1123,910,2033,40093,13990,1745,55831,506,1764,82,50,2393,102,443,546,2943,3153,180,6283,2066,1673,93,91,3921,194,246,436,4365,1065,158,5591
11603,20282,815,776,1591,21878,20049,3518,45438,766,1390,87,152,2390,404,371,774,3163,4985,503,8651,2690,1364,148,224,4426,545,209,757,5180,1897,464,7544,3284,991,182,176,4626,352,134,491,5114,1781,408,7306,3209,1032,200,160,4599,297,124,425,5022,1758,370,7149,3333,1116,165,125,4735,261,134,395,5136,1743,370,7249,3514,1042,131,130,4818,234,115,350,5166,1714,413,7293,3605,989,128,126,4849,256,97,352,5194,1528,361,7090,3050,801,139,129,4115,187,67,254,4374,1545,295,6209,2121,592,114,76,2904,131,45,178,3078,1771,293,5143,1199,468,85,53,1803,69,37,110,1914,2410,282,4609,302,193,29,20,541,7,11,12,554,2548,260,3364,41,31,7,6,84,0,3,6,87,1878,196,2162,7,5,3,5,31,4,0,4,30,2863,366,3265,27125,10003,1420,1380,39927,2752,1346,4100,44022,28416,4589,77035,626,1617,76,127,2447,284,521,809,3251,4909,498,8655,2836,1882,112,216,5043,494,338,835,5878,1986,494,8361
11701,14679,368,434,802,15479,8042,1505,25026,169,453,41,25,691,43,95,135,825,1308,118,2253,859,615,49,56,1585,93,87,175,1759,636,160,2557,1666,496,92,39,2296,94,48,143,2441,501,207,3150,1671,511,133,49,2361,57,39,94,2461,523,188,3166,1714,612,106,62,2496,66,38,99,2595,425,196,3215,1636,568,58,57,2326,65,36,97,2418,424,174,3011,1516,481,57,38,2092,56,23,82,2171,386,134,2698,1235,416,54,36,1747,53,21,78,1821,412,148,2373,969,375,45,20,1413,38,27,65,1482,572,134,2186,525,306,38,19,886,24,17,39,930,891,127,1945,195,158,17,22,385,0,5,14,393,1158,137,1691,39,46,3,0,86,0,0,0,89,1185,105,1380,14,21,0,4,42,0,0,0,45,2291,253,2583,12220,5056,695,431,18395,586,436,1018,19423,10709,2084,32212,127,584,46,19,775,33,136,171,940,1570,141,2655,1177,982,55,51,2265,87,141,235,2506,1040,255,3796
11702,15712,351,294,643,16351,6622,1141,24115,129,372,27,30,556,57,110,161,722,1113,124,1960,1338,1084,76,71,2567,108,131,245,2814,646,296,3752,2882,955,131,65,4029,132,73,207,4240,574,391,5201,3221,862,196,51,4329,138,72,210,4539,570,391,5504,2895,984,192,62,4132,110,57,164,4297,573,346,5212,2472,822,102,49,3446,120,52,175,3620,532,291,4445,2049,620,83,50,2805,81,43,119,2926,500,226,3650,1548,487,65,41,2133,93,33,121,2256,586,212,3052,1113,403,62,32,1603,64,32,93,1702,731,193,2622,626,309,47,17,999,43,31,71,1070,961,168,2192,166,154,14,7,344,5,6,13,356,1142,115,1606,39,34,6,4,86,6,4,6,91,1178,117,1387,15,26,4,3,49,0,0,0,49,2278,275,2604,18472,7115,1013,482,27085,949,636,1584,28669,11381,3153,43196,94,442,19,22,584,27,106,129,712,1041,117,1873,1416,1361,64,55,2900,108,168,276,3178,658,345,4174
11703,60591,1706,1775,3477,64067,25146,6589,95807,316,1160,78,52,1615,78,365,445,2061,2977,893,5927,5789,4858,368,239,11254,462,1051,1516,12765,5790,3232,21789,17011,4527,555,315,22404,635,505,1135,23538,3484,3974,30996,15331,3290,674,199,19493,473,267,744,20239,2332,3152,25719,10474,2274,489,126,13360,403,151,559,13926,1692,1959,17575,7287,1646,319,124,9372,321,137,458,9833,1529,1499,12852,5570,1339,226,95,7228,278,103,384,7611,1467,1218,10294,4467,1187,170,71,5906,229,104,333,6235,1557,1164,8948,3259,1098,144,47,4550,180,101,282,4828,1884,988,7704,1894,994,98,50,3037,121,79,203,3235,2521,834,6595,686,530,43,26,1284,11,18,32,1315,2621,616,4547,173,263,14,18,459,3,5,14,475,2280,532,3282,82,144,21,11,257,0,7,8,261,4374,1070,5711,72337,23316,3190,1368,100217,3213,2895,6107,106321,34502,21126,161954,307,1469,105,113,1989,50,587,635,2622,4937,993,8550,5859,6545,338,349,13083,438,1584,2023,15108,10402,3706,29216
11801,34664,677,637,1317,35987,17487,3462,56934,200,797,64,32,1096,38,202,239,1331,3262,434,5030,2642,1963,139,116,4861,169,202,369,5231,1145,929,7301,7901,1588,256,150,9892,207,106,317,10208,862,1719,12792,8347,1552,446,154,10499,222,104,328,10823,1011,1545,13378,6213,1760,360,107,8443,197,98,295,8733,1234,1212,11180,4908,1630,203,105,6839,157,86,246,7081,1134,919,9139,4077,1388,139,93,5694,154,78,228,5919,987,754,7665,3487,1314,136,87,5025,124,60,190,5215,989,688,6884,2732,1187,169,58,4141,109,58,163,4309,1041,557,5902,2046,1445,117,52,3658,59,69,131,3789,1956,587,6335,917,939,90,38,1982,8,20,33,2020,2274,511,4804,283,476,41,14,816,11,16,25,839,2324,434,3598,163,389,38,38,627,0,11,15,636,6324,1177,8147,43912,16420,2197,1032,63558,1456,1114,2564,66128,24559,11467,102148,134,983,51,35,1202,23,204,231,1436,3464,327,5226,2360,2194,92,106,4750,113,244,357,5108,1175,745,7019
11802,35110,602,805,1405,36511,18974,3268,58755,340,1353,106,74,1870,67,393,460,2330,4109,476,6921,3055,2930,236,162,6386,278,720,1000,7384,4749,1069,13207,6973,1833,267,175,9242,273,192,469,9713,1937,1074,12726,6997,1546,422,111,9076,186,110,292,9363,1399,857,11625,5820,1896,397,115,8227,184,115,296,8521,1483,736,10740,4926,1797,216,94,7032,157,110,263,7292,1331,598,9227,4604,1637,173,106,6514,164,91,265,6776,1159,540,8476,3808,1373,181,108,5461,168,73,243,5700,1156,483,7342,2841,1163,180,85,4266,122,78,203,4471,1554,445,6469,1684,1066,113,64,2934,54,65,122,3053,2416,381,5846,612,607,72,31,1317,4,20,24,1344,2840,370,4553,147,255,22,12,436,3,6,6,444,2947,334,3724,54,154,20,28,258,0,0,0,263,7450,922,8633,41858,17609,2400,1150,63019,1671,1965,3635,66656,34542,8290,109484,265,1637,109,84,2096,64,520,581,2680,5006,463,8143,2730,3445,189,193,6564,262,838,1096,7661,6187,1130,14978
11901,31169,988,1110,2099,33261,36422,5396,75084,806,1875,144,155,2978,259,457,719,3699,6763,614,11077,3631,2373,221,312,6544,586,327,912,7450,2743,625,10818,5083,1467,323,234,7105,383,155,537,7638,2480,689,10807,4849,1635,326,188,6994,374,159,533,7533,2621,656,10813,4898,1839,251,204,7195,246,178,428,7616,2631,656,10906,4721,1940,177,226,7070,280,186,464,7532,2328,613,10473,4976,1872,200,207,7252,277,156,433,7683,2330,593,10608,4644,1732,225,176,6773,262,110,367,7144,2641,558,10340,3422,1301,174,127,5020,188,124,311,5331,2997,558,8892,1951,1034,125,76,3189,114,81,193,3386,4000,431,7818,606,466,66,40,1176,9,20,27,1203,4367,386,5960,112,169,11,13,304,0,8,3,312,4130,342,4777,39,69,9,17,128,0,4,4,137,9878,1210,11219,39733,17779,2247,1977,61734,2974,1957,4932,66665,49907,7924,124502,630,2177,115,128,3052,224,654,883,3926,6927,547,11397,3630,3258,166,330,7379,515,490,1003,8391,3049,707,12146
11902,23567,738,905,1643,25210,26950,4227,56383,365,1118,98,100,1681,173,340,511,2195,4945,442,7581,2367,2140,155,270,4923,397,328,728,5649,2311,674,8642,4245,1792,209,291,6544,399,209,608,7156,2338,849,10343,4279,1626,264,205,6371,330,148,480,6849,2392,709,9950,4040,1571,230,205,6047,296,154,452,6503,2113,631,9244,3942,1641,162,214,5963,270,180,448,6414,2110,549,9072,3687,1606,127,215,5637,264,139,399,6036,1977,553,8562,3305,1227,143,170,4846,238,131,373,5215,2063,514,7795,2292,920,101,141,3453,162,85,246,3705,2389,411,6503,1264,687,66,60,2079,95,57,147,2231,2941,405,5573,390,338,36,26,796,7,15,17,810,3368,313,4490,89,127,10,8,233,0,5,10,247,3388,324,3964,28,49,9,9,97,3,11,13,106,6691,1014,7808,30303,14840,1612,1918,48674,2628,1803,4433,53105,39024,7395,99521,357,1441,88,73,1957,122,490,614,2573,5071,402,8045,2292,2880,125,234,5532,410,494,905,6442,2603,543,9587
11903,28993,660,766,1420,30411,23516,2922,56852,442,1394,96,86,2021,101,348,442,2465,4456,251,7173,2574,2266,183,184,5206,298,347,641,5845,2283,361,8499,4837,1443,187,174,6640,355,149,497,7140,1488,372,8997,4386,1254,287,111,6038,205,92,292,6329,1342,355,8034,4136,1503,243,137,6019,191,107,295,6314,1380,293,7979,4222,1597,137,150,6101,177,119,293,6395,1290,305,7993,4536,1746,151,154,6580,183,98,282,6864,1236,337,8437,4220,1500,153,114,5988,176,92,270,6257,1413,361,8024,2950,1222,168,96,4434,134,81,213,4647,1862,285,6803,1667,1014,116,46,2839,98,71,163,3004,2845,277,6127,469,494,60,29,1050,4,15,21,1077,3415,257,4741,130,203,15,11,355,0,5,5,361,3322,222,3904,50,109,15,16,192,0,4,4,194,8370,775,9341,34623,15740,1803,1299,53464,1922,1525,3444,56904,34704,4448,96060,295,1891,105,73,2362,80,473,552,2911,4639,243,7793,2504,3083,132,170,5890,326,453,778,6672,2640,394,9704
11904,33048,845,924,1766,34816,23989,3846,62659,376,1240,106,81,1802,130,271,401,2199,3862,339,6400,2557,2280,168,217,5216,270,329,599,5814,1860,570,8246,5460,1992,275,230,7958,365,168,537,8493,1582,762,10832,5483,1784,347,171,7784,259,147,408,8195,1576,661,10428,5021,1728,288,165,7203,235,116,357,7554,1460,620,9636,4669,1636,182,157,6648,198,110,311,6960,1356,465,8786,4547,1462,173,155,6340,170,111,281,6619,1227,454,8305,3975,1189,180,115,5460,189,89,280,5745,1327,403,7476,2855,1094,148,97,4193,145,75,222,4413,1783,365,6559,1828,967,104,60,2961,98,63,158,3121,2816,336,6272,566,419,59,30,1082,8,24,29,1104,3415,299,4819,124,213,19,16,370,4,10,10,382,3433,277,4098,40,81,13,16,153,0,6,6,155,8257,860,9276,37508,16086,2057,1509,57157,2083,1512,3596,60751,33956,6420,101123,337,1635,91,72,2134,113,394,508,2645,4076,324,7044,2732,3227,136,212,6302,312,500,807,7110,2461,576,10149
12001,22377,424,418,840,23219,13375,1740,38330,230,849,66,41,1189,24,152,176,1362,2065,165,3596,1600,1172,118,93,2977,148,183,332,3307,1168,353,4831,3767,733,131,90,4719,163,78,241,4966,671,495,6135,4012,856,259,70,5194,112,41,158,5352,754,417,6526,3630,1110,216,88,5047,83,55,140,5185,821,433,6435,3229,1099,144,82,4547,92,54,143,4691,637,301,5634,3027,1020,103,69,4208,95,44,142,4353,589,263,5206,2758,848,92,69,3774,93,32,119,3891,636,254,4777,1983,786,122,59,2945,65,40,98,3042,902,175,4115,1155,749,94,33,2027,42,38,79,2105,1581,189,3874,405,392,41,23,866,4,11,16,881,1864,156,2899,107,152,19,10,280,0,0,0,281,1942,144,2373,34,82,7,13,131,0,3,7,132,4475,543,5155,25940,9832,1402,723,37896,928,728,1655,39549,18118,3887,61548,185,1017,54,31,1283,37,177,218,1496,2221,176,3889,1625,1510,99,72,3310,157,236,391,3702,1759,337,5798
12002,16100,313,293,603,16704,6734,1026,24467,108,392,29,18,548,29,94,124,670,886,86,1638,955,819,37,33,1841,90,87,178,2023,417,152,2591,2680,586,100,31,3404,87,36,124,3528,346,221,4094,3808,698,257,49,4818,96,27,122,4944,469,298,5710,3643,983,282,48,4952,108,46,154,5107,617,320,6045,2867,907,129,52,3954,96,38,133,4092,568,285,4948,2387,670,95,38,3183,98,35,140,3324,401,218,3940,1886,509,74,25,2497,73,31,103,2596,403,168,3171,1582,575,87,19,2265,62,30,88,2355,558,173,3090,954,614,53,15,1639,28,33,64,1702,943,167,2810,330,283,37,5,661,4,9,16,675,1069,146,1892,53,113,8,6,174,4,3,4,180,923,119,1218,22,47,3,3,75,0,3,3,75,1862,339,2276,21275,7186,1201,342,30000,777,483,1261,31260,9464,2689,43411,81,505,21,13,621,11,112,120,735,992,121,1853,969,1033,41,46,2086,57,105,166,2252,430,239,2922
12003,40097,1008,1168,2176,42278,24983,3618,70876,323,1443,79,76,1915,71,363,427,2349,4836,404,7584,3034,3497,205,227,6965,358,501,862,7823,2888,871,11583,7225,2856,301,282,10662,464,281,746,11407,1999,1197,14600,6216,1975,375,146,8713,321,162,487,9196,1683,794,11677,5384,1923,348,112,7765,266,140,412,8170,1519,647,10335,5095,1921,215,146,7372,219,130,351,7723,1408,553,9685,5235,1919,163,170,7485,246,118,367,7846,1419,583,9854,4544,1600,185,149,6481,207,115,324,6805,1437,515,8758,3325,1277,170,105,4880,186,96,280,5162,1794,407,7365,1920,1002,139,58,3125,88,75,163,3287,2599,396,6282,601,517,36,18,1182,10,22,30,1213,3063,295,4571,156,207,14,17,390,4,4,12,401,3311,310,4022,71,127,19,20,232,0,4,6,242,8146,1170,9555,43140,20254,2241,1533,67169,2451,2012,4463,71629,36109,8133,115878,290,1819,110,62,2280,73,472,544,2821,4797,360,7982,3169,4375,179,244,7961,339,749,1092,9052,4101,968,14119
12101,29834,631,638,1268,31100,16990,1902,49986,190,1130,79,39,1435,35,212,248,1683,3382,209,5274,1949,1898,116,103,4069,144,264,403,4474,1335,349,6160,4904,974,159,93,6128,192,87,277,6404,818,427,7645,5306,1138,332,65,6838,136,85,223,7063,1030,421,8513,4984,1413,341,74,6810,150,77,222,7032,1168,387,8593,4501,1522,175,82,6282,157,80,241,6519,1201,296,8017,4096,1413,153,100,5761,130,68,196,5954,995,264,7212,3599,1203,118,63,4986,123,64,189,5173,923,233,6325,2716,1129,132,58,4036,86,52,135,4172,1137,228,5536,1717,1175,94,43,3027,53,56,116,3142,1842,198,5186,594,613,48,15,1272,21,23,40,1314,2196,152,3661,158,316,27,11,506,3,7,11,523,2053,147,2727,64,172,19,20,270,0,6,4,277,5679,472,6430,34765,14110,1777,783,51433,1222,1078,2304,53737,23762,3776,81271,138,1372,65,35,1614,27,308,339,1949,3809,189,5942,1887,2231,95,98,4313,119,267,390,4695,1581,344,6623
12102,21697,369,488,858,22557,12551,1067,36178,322,1280,109,57,1766,65,271,336,2106,2615,127,4847,1623,1406,98,69,3195,139,146,283,3482,679,168,4325,2558,698,123,63,3442,115,55,172,3616,525,191,4338,3074,958,255,49,4333,114,71,182,4514,796,189,5499,3341,1342,206,59,4951,121,81,198,5147,941,156,6245,3375,1425,145,69,5011,114,79,191,5203,748,158,6106,3302,1282,110,78,4772,113,60,174,4946,603,158,5703,3175,1129,110,74,4483,98,45,148,4625,630,161,5422,2253,945,118,56,3374,67,40,107,3483,882,108,4474,1287,836,87,28,2230,57,33,90,2325,1585,123,4031,459,505,35,15,1015,12,17,26,1040,1967,75,3087,86,173,18,10,283,0,0,0,287,1964,85,2332,27,77,8,9,129,0,0,0,126,4032,314,4474,24880,12058,1420,631,38991,1010,904,1910,40902,17969,2016,60890,281,1459,102,32,1883,53,290,345,2221,2619,125,4963,1505,1589,82,59,3240,106,153,258,3492,677,139,4313
12103,28682,488,643,1134,29822,21394,1413,52628,255,2060,159,58,2525,44,408,447,2975,5557,252,8783,1736,2468,181,103,4488,130,241,368,4865,1281,186,6327,2370,583,99,49,3104,141,41,183,3290,443,140,3873,2257,639,192,51,3139,76,31,109,3246,616,157,4022,3143,1179,189,66,4575,89,69,158,4728,1069,194,5995,4395,1849,158,79,6481,121,117,237,6714,1369,279,8364,5142,1935,138,83,7302,179,101,279,7582,1326,257,9164,4726,1783,164,82,6752,148,50,202,6959,1165,235,8358,3372,1421,148,66,5009,125,43,168,5176,1405,218,6794,2059,1476,148,37,3719,72,37,113,3833,2256,190,6281,862,977,98,16,1949,14,27,40,1987,2978,151,5116,247,522,55,25,839,4,6,18,857,2992,150,4001,116,362,34,28,545,4,4,10,552,8640,734,9927,30677,17262,1760,744,50430,1149,1184,2330,52771,31089,3149,87007,237,2368,123,47,2769,36,461,491,3257,5734,318,9308,1782,2726,151,102,4753,131,284,414,5166,1287,208,6664
12104,27298,503,465,966,28267,13981,1816,44066,125,648,43,25,835,17,115,131,972,1841,216,3026,2083,1373,102,64,3623,98,113,218,3841,638,435,4906,6474,1089,235,85,7876,139,61,198,8081,536,857,9470,6775,987,373,76,8218,148,46,195,8411,721,823,9953,5271,1115,278,70,6737,157,69,227,6962,908,709,8572,4052,1023,157,56,5288,145,56,198,5484,797,525,6809,3363,852,117,47,4376,171,66,241,4611,785,447,5851,3058,896,124,49,4122,138,36,179,4303,753,403,5462,2448,920,110,23,3510,109,48,154,3661,924,368,4951,1601,1244,125,32,3003,68,54,124,3130,1643,379,5155,751,842,80,18,1696,8,32,44,1733,2115,289,4133,212,381,38,4,633,7,10,11,649,1873,231,2744,91,243,33,11,377,3,4,10,385,4480,602,5462,36300,11618,1802,568,50290,1209,719,1928,52212,18006,6273,76497,101,781,49,21,955,13,154,171,1125,2073,197,3389,1772,1447,73,55,3340,72,101,178,3522,630,410,4564
12201,11318,196,202,395,11718,5991,671,18376,73,515,34,16,637,16,82,98,739,998,95,1831,765,629,36,21,1461,38,45,81,1543,316,153,2017,1842,425,90,38,2390,55,29,86,2478,206,257,2945,2339,485,141,37,2999,46,21,71,3069,361,277,3709,2160,644,162,35,2999,47,34,78,3078,506,232,3812,1751,688,70,24,2531,47,39,87,2618,452,157,3228,1596,623,55,22,2300,46,35,87,2386,399,153,2935,1319,527,72,22,1944,56,19,71,2016,331,123,2471,912,431,54,14,1421,28,16,48,1468,407,124,2000,545,481,53,15,1091,27,18,45,1137,684,113,1935,206,311,26,6,549,0,15,15,562,986,118,1668,62,158,15,7,233,0,3,3,235,820,77,1135,21,76,14,6,116,0,3,3,116,2151,276,2556,13605,5986,806,262,20664,407,371,776,21440,8635,2155,32233,63,564,39,18,682,9,118,127,803,1112,89,2012,696,713,43,36,1494,27,50,76,1573,251,147,1969
12202,15176,176,275,453,15622,9984,1296,26911,310,1090,80,50,1536,44,123,167,1706,1711,112,3527,1152,874,72,61,2155,75,67,137,2296,359,124,2772,1325,407,66,35,1834,45,21,63,1899,190,93,2185,1466,570,114,43,2194,28,22,50,2242,330,98,2672,2000,975,141,53,3167,46,53,100,3270,520,144,3935,2185,1101,90,68,3447,44,53,91,3536,518,183,4240,2518,1132,92,73,3813,72,41,111,3923,398,163,4485,2367,1062,113,48,3596,72,50,112,3705,451,152,4312,1952,1008,104,45,3103,42,37,81,3182,730,177,4093,1092,950,98,41,2177,29,39,74,2257,1374,155,3782,439,588,57,19,1101,9,16,30,1132,1846,132,3104,122,234,17,9,378,0,7,5,388,1683,107,2176,48,107,13,11,185,0,0,0,181,3869,401,4455,16966,10103,1062,556,28682,504,529,1035,29716,13972,2037,45728,270,1234,56,38,1598,28,180,208,1808,1674,111,3588,1204,1041,64,43,2350,59,74,133,2485,377,140,2999
12203,40226,506,686,1191,41419,21909,2346,65679,631,2310,176,113,3227,91,331,425,3656,3880,204,7738,3252,2116,178,158,5705,197,138,337,6041,943,304,7287,5340,1287,209,122,6959,140,88,226,7185,753,372,8317,5819,1714,420,126,8075,135,71,211,8283,1048,424,9753,6503,2539,400,124,9572,149,107,258,9827,1394,447,11670,6534,2777,250,119,9679,155,135,293,9969,1338,390,11699,6129,2498,214,158,8995,185,83,273,9271,1060,369,10694,5092,2010,218,107,7427,148,61,210,7644,1003,325,8968,3738,1732,210,73,5758,109,65,172,5933,1362,292,7582,2194,1595,150,79,4014,69,72,143,4158,2597,228,6982,772,965,87,33,1854,12,17,31,1886,3830,196,5914,200,423,35,15,677,0,10,15,686,3899,230,4823,77,230,12,29,346,0,10,6,353,9832,813,11005,46273,22206,2546,1264,72280,1409,1196,2608,74890,32940,4604,112432,615,2953,135,67,3775,66,457,521,4295,4192,330,8822,2999,2713,149,119,5977,154,191,342,6316,923,351,7588
12301,18344,287,296,581,18928,9239,974,29139,527,1064,81,52,1727,131,203,328,2052,1736,100,3891,1647,728,85,83,2540,125,50,179,2721,333,98,3150,2136,456,155,46,2791,72,20,97,2887,350,94,3333,2169,725,160,44,3103,54,29,84,3186,479,88,3754,2599,1018,131,47,3802,55,39,90,3898,558,102,4558,2488,870,92,63,3504,45,43,82,3587,445,117,4152,2229,695,73,65,3059,51,34,80,3144,356,91,3588,1980,567,90,43,2682,50,15,64,2741,371,79,3194,1388,469,92,38,1990,40,18,61,2051,506,60,2621,799,364,51,27,1243,25,13,40,1286,905,69,2260,178,169,12,8,368,0,0,4,372,1064,56,1495,36,63,4,5,107,0,4,4,107,928,63,1090,14,15,4,0,43,0,0,0,41,1941,155,2134,18184,7213,1036,518,26954,646,468,1114,28070,9977,1180,39225,644,1495,58,50,2253,99,307,402,2649,1702,122,4474,1880,1046,73,72,3075,136,84,219,3293,407,134,3834
12302,34524,1178,1177,2352,36878,30035,4475,71395,1252,2253,145,182,3830,558,512,1072,4906,6139,625,11662,4601,2172,233,264,7264,668,276,945,8211,2273,602,11091,5652,1489,292,214,7649,448,175,620,8269,2100,540,10906,4812,1514,291,186,6793,324,156,483,7280,2165,480,9927,4820,1582,217,197,6823,304,151,459,7282,2024,477,9785,4758,1578,180,175,6689,284,137,422,7112,1947,454,9509,5452,1684,195,207,7541,261,111,369,7915,1784,516,10212,5486,1677,219,163,7551,223,92,314,7860,2061,480,10407,4334,1381,264,127,6113,186,91,278,6389,2701,409,9501,2407,1162,172,74,3818,119,78,197,4014,3782,428,8226,582,431,44,25,1081,9,15,23,1109,3746,298,5156,80,136,12,11,243,0,3,3,247,2813,262,3318,20,57,8,12,96,0,5,5,102,4318,860,5275,44252,17113,2273,1851,65485,3399,1796,5187,70678,37856,6447,114977,985,2354,135,112,3588,411,622,1029,4611,5643,566,10819,4377,2776,160,252,7565,670,403,1075,8635,2259,702,11588
12303,10550,141,186,330,10878,6316,962,18163,458,613,48,42,1162,96,115,212,1375,1222,116,2717,1108,483,42,41,1674,81,37,116,1790,300,119,2202,1019,302,68,36,1434,58,13,69,1504,242,81,1821,1053,406,75,43,1578,30,22,50,1626,321,75,2018,1369,634,69,51,2125,41,32,72,2198,369,117,2686,1523,627,53,63,2267,41,29,65,2329,310,110,2751,1500,577,62,37,2177,45,25,66,2240,305,109,2656,1466,514,83,39,2099,45,22,59,2162,385,104,2649,1098,444,75,31,1651,38,18,49,1702,545,76,2323,633,335,49,27,1054,22,17,39,1086,985,93,2162,167,146,12,4,330,0,6,10,342,1100,68,1506,47,53,11,5,113,0,0,0,113,863,43,1009,11,22,5,5,53,0,0,0,54,1453,135,1633,11454,5158,649,439,17705,491,320,812,18515,8384,1242,28135,474,755,40,41,1310,67,142,207,1518,1190,116,2820,1182,594,51,65,1887,82,42,117,2003,307,111,2420
12401,17993,239,355,592,18588,13789,1141,33518,509,1330,78,62,1983,139,234,370,2353,2422,197,4980,1393,1065,98,61,2611,204,87,291,2902,669,178,3749,1620,652,109,51,2434,87,42,127,2565,508,150,3223,1747,831,172,43,2791,75,60,136,2929,678,145,3748,2278,1184,176,53,3692,85,72,159,3855,776,212,4842,2765,1366,137,59,4335,95,62,162,4495,792,248,5534,2891,1343,133,76,4445,88,60,153,4600,692,294,5587,3193,1386,179,52,4806,88,44,132,4943,831,266,6038,2669,1294,174,51,4191,84,52,134,4326,1359,261,5952,1473,1158,124,33,2786,69,63,135,2919,2318,217,5458,408,556,58,19,1041,14,19,31,1068,2769,163,4003,73,180,16,6,274,4,13,15,288,2319,132,2735,20,93,11,17,146,3,11,7,152,4434,498,5083,21035,12451,1468,581,35536,1034,818,1851,37382,20583,2958,60927,427,1405,65,49,1945,87,278,360,2312,2308,145,4759,1295,1264,52,53,2663,131,105,233,2895,595,140,3632
12402,0,0,0,0,0,0,0,0,0,0,0,0,0,0,0,0,0,0,0,0,0,0,0,0,0,0,0,0,0,0,0,0,0,0,0,0,0,0,0,0,0,0,0,0,0,0,0,0,0,0,0,0,0,0,0,0,0,0,0,0,0,0,0,0,0,3,0,3,0,0,0,0,0,0,0,0,0,0,0,0,0,0,0,0,0,0,0,0,0,0,0,0,0,0,0,0,0,0,0,0,0,0,0,0,0,0,0,0,0,0,0,0,0,0,0,0,0,0,0,0,0,0,0,0,0,0,0,0,0,0,0,0,0,0,0,0,0,0,0,0,0,0,0,0,0,0,0,0,0,0,0,0,0,0,0,0,0,0,0,0,0,0,0,0,0,0,0,0,0,0,0,0,0,3,0,8,0,0,0,0,0,0,0,0,0,0,0,0,0,0,0,0,0,0,0,0,0,0,0,0
12403,37562,855,758,1612,39170,21886,3444,64499,1326,2291,176,148,3931,303,367,669,4601,3942,304,8840,4392,1827,203,197,6614,420,184,603,7214,1264,410,8891,5429,1300,347,178,7262,245,125,365,7625,1318,399,9344,4897,1656,342,121,7013,183,114,293,7309,1420,359,9095,5070,1845,274,161,7347,188,109,299,7643,1364,329,9339,4880,1712,207,159,6960,167,101,267,7222,1163,295,8688,4747,1505,172,135,6564,169,81,246,6806,1073,327,8203,4582,1427,233,134,6379,154,73,226,6604,1263,338,8207,3570,1278,219,102,5170,138,51,183,5360,1798,285,7444,2150,1005,164,60,3378,71,62,132,3514,2978,295,6790,548,418,53,21,1044,5,14,27,1064,3052,220,4332,102,138,17,13,264,0,4,4,271,2493,198,2963,39,40,10,10,90,0,0,0,93,4377,565,5037,41731,16441,2410,1434,62013,2042,1272,3318,65335,27503,4331,97165,1303,2761,130,99,4291,254,583,838,5129,3709,413,9250,4374,2319,178,182,7052,428,243,674,7724,1314,466,9508
12404,8346,146,172,317,8668,6261,876,15804,443,618,48,60,1161,89,118,207,1375,1186,98,2661,1481,529,73,56,2133,106,63,160,2300,596,128,3019,1401,401,97,34,1935,80,24,107,2040,457,101,2601,1180,397,93,26,1692,53,31,88,1776,476,80,2332,1144,469,64,50,1727,44,33,75,1804,453,77,2335,1312,517,63,40,1930,45,36,86,2016,439,106,2562,1388,449,58,45,1936,50,39,89,2025,413,102,2532,1246,438,61,28,1779,43,18,59,1838,375,91,2302,851,341,51,30,1272,34,17,48,1325,526,87,1928,528,298,35,21,891,18,18,32,921,775,93,1788,134,147,8,4,297,5,4,12,304,843,70,1212,41,56,4,7,99,0,0,0,104,829,73,1007,16,15,4,3,41,0,0,0,41,1662,160,1860,11161,4677,659,389,16890,568,400,969,17856,9033,1264,28154,401,668,35,36,1142,92,119,211,1352,1033,118,2506,1273,656,56,52,2047,111,52,165,2206,483,178,2869
12405,11483,339,348,687,12167,8746,1687,22605,567,931,64,78,1640,183,164,349,1989,1953,176,4121,1912,763,109,108,2893,230,98,329,3222,694,170,4080,2107,521,120,87,2833,156,49,198,3033,721,178,3937,1893,549,120,74,2642,118,35,159,2796,682,164,3642,1818,586,73,58,2542,78,40,121,2662,607,183,3454,1875,616,87,61,2632,109,60,169,2800,575,172,3544,2068,632,86,70,2860,75,38,108,2970,574,170,3719,2130,675,91,71,2966,83,30,112,3086,735,160,3978,1552,422,93,49,2109,60,30,85,2195,838,148,3182,845,315,49,33,1244,38,25,66,1305,1219,131,2656,184,100,21,9,311,3,3,7,322,1276,128,1722,27,21,7,0,52,0,3,4,56,930,98,1088,5,12,5,3,24,0,0,0,24,1466,270,1760,16986,6153,921,696,24752,1139,572,1708,26458,12277,2134,40874,480,901,42,53,1470,133,208,336,1809,1672,178,3661,1856,967,76,84,2978,231,116,348,3326,705,270,4296
12501,19483,770,793,1559,21042,17287,2591,40922,169,542,41,62,818,75,183,260,1079,3331,311,4719,1633,1501,101,198,3429,255,293,548,3978,2277,628,6887,3289,1417,144,194,5038,274,170,439,5477,2070,737,8289,2980,981,150,141,4252,241,80,320,4578,1873,467,6914,2325,779,104,90,3297,176,98,270,3571,1568,359,5494,2085,762,76,106,3022,151,83,237,3257,1469,356,5082,2059,724,84,106,2974,133,76,209,3188,1345,318,4849,1960,630,58,88,2734,125,62,190,2924,1303,332,4558,1415,453,82,68,2016,97,56,146,2166,1345,242,3750,674,338,57,33,1101,53,39,91,1193,1526,148,2862,191,121,16,16,346,9,3,10,356,1407,149,1914,31,39,0,4,74,0,4,4,81,1359,114,1545,14,25,9,7,53,0,6,6,56,2626,240,2917,18824,8317,911,1105,29162,1581,1159,2743,31898,23485,4397,59787,142,807,36,48,1032,78,289,366,1392,3118,234,4753,1742,2237,101,175,4259,348,460,815,5069,2488,560,8126
12502,15722,367,450,815,16539,12506,1259,30300,211,806,74,45,1133,56,175,226,1359,2493,138,3983,1281,1052,87,89,2508,122,154,279,2784,982,137,3906,2043,483,87,52,2662,117,43,157,2819,570,155,3544,1926,527,149,51,2660,73,34,114,2772,668,149,3585,2095,760,101,47,3001,89,50,139,3134,807,147,4082,2284,915,71,74,3341,108,59,162,3504,855,156,4508,2509,919,84,88,3600,106,74,182,3780,822,145,4747,2299,849,83,62,3296,72,41,115,3414,827,166,4400,1691,696,88,47,2529,74,43,116,2641,955,142,3738,934,507,61,26,1527,54,30,80,1606,1367,116,3093,296,306,41,22,667,3,16,17,690,1702,123,2510,91,119,14,7,238,0,0,0,239,1753,123,2120,19,69,11,4,117,0,0,3,119,3464,482,4070,17691,8020,949,606,27268,869,723,1590,28856,17259,2191,48304,189,996,53,30,1268,43,262,302,1569,2642,115,4322,1241,1235,65,54,2600,138,191,330,2929,977,143,4053
12503,24798,893,973,1867,26666,31591,5512,63769,672,1475,101,175,2417,238,439,675,3096,5796,485,9371,3356,2068,215,314,5948,542,293,837,6782,2727,669,10181,5045,1586,268,239,7140,491,163,653,7790,2677,774,11242,4648,1424,283,229,6581,385,103,491,7072,2716,643,10430,4180,1470,235,205,6088,311,150,456,6551,2361,547,9459,3774,1402,161,179,5517,274,143,424,5944,2388,521,8854,3827,1343,126,157,5455,264,146,410,5872,2274,468,8615,3494,1200,141,157,4994,210,127,335,5327,2306,474,8102,2622,1020,152,110,3907,157,87,244,4149,2669,413,7230,1642,759,111,60,2575,95,58,154,2731,3391,342,6457,447,299,36,25,812,10,11,17,829,3609,371,4809,71,109,16,14,213,0,0,4,213,3260,275,3751,19,45,12,9,87,0,8,6,90,6886,996,7971,33796,14203,1863,1871,51740,2970,1729,4702,56439,43055,6984,106477,610,1746,89,125,2563,207,533,735,3297,5711,462,9470,3265,2773,157,305,6509,562,459,1021,7531,3218,670,11420
12504,32815,1378,1073,2458,35272,21986,3658,60914,384,1247,101,65,1790,113,290,397,2191,3701,382,6275,2964,2218,153,191,5525,392,307,705,6227,1977,689,8893,7281,2237,272,232,10016,499,201,698,10720,2445,1028,14196,7573,1845,371,163,9944,414,184,604,10548,2267,820,13640,5687,1637,227,116,7669,313,144,459,8125,1882,581,10584,4447,1382,179,92,6102,272,117,393,6489,1400,469,8358,4024,1251,139,106,5512,213,78,289,5804,1267,412,7489,3491,1045,144,81,4761,154,67,221,4981,1366,388,6734,2609,877,126,56,3666,130,61,193,3852,1606,296,5751,1527,830,116,35,2504,84,55,138,2639,2463,273,5375,529,448,42,18,1039,18,13,32,1071,2968,220,4253,93,144,15,10,262,0,5,5,264,2799,209,3278,29,44,10,12,91,0,7,9,100,6013,864,6984,40633,15196,1877,1173,58880,2609,1532,4136,63019,32162,6631,101810,304,1288,72,46,1709,109,414,517,2225,3594,305,6127,2361,2673,118,150,5301,315,444,756,6063,1952,577,8592
12601,12993,332,367,696,13684,8732,695,23104,134,814,52,23,1017,31,175,200,1217,2020,39,3283,906,970,71,47,1997,80,159,243,2238,853,60,3155,1408,350,65,30,1858,81,47,128,1989,318,73,2374,1272,376,81,17,1737,41,36,74,1815,333,66,2213,1427,534,88,21,2066,62,41,104,2167,392,46,2604,1667,657,65,26,2417,63,46,106,2524,417,57,3000,2030,768,56,39,2888,64,40,113,2999,410,65,3476,1962,726,56,28,2772,57,30,84,2856,452,67,3382,1525,566,64,19,2173,50,21,66,2242,598,80,2923,822,519,55,19,1414,34,23,55,1471,910,53,2437,269,295,24,4,589,5,8,9,598,1163,53,1809,55,145,3,7,211,0,5,3,216,1213,48,1480,30,95,9,9,139,0,3,3,145,2868,163,3178,13508,6825,671,290,21285,563,629,1193,22482,11952,874,35313,95,837,43,25,1004,19,199,216,1217,2005,52,3274,892,1215,58,42,2208,79,175,255,2458,987,97,3541
12602,35993,886,935,1820,37812,22923,3002,63745,360,1472,116,59,2010,80,341,417,2424,4292,250,6967,2435,2474,199,145,5247,227,527,759,6012,3358,589,9957,5390,1252,210,125,6981,288,170,458,7438,1510,475,9424,5377,1331,316,89,7116,202,111,310,7427,1307,374,9108,5081,1517,265,115,6985,203,112,310,7296,1382,344,9024,4695,1718,164,107,6684,166,109,274,6963,1226,288,8478,4794,1699,132,120,6745,173,94,273,7014,1108,305,8431,4246,1499,158,107,6002,148,78,226,6226,1197,264,7693,3312,1265,155,63,4797,116,71,188,4986,1558,257,6796,1943,1146,140,56,3280,65,65,130,3412,2469,237,6112,649,609,55,24,1336,10,15,25,1364,2854,195,4409,167,295,29,15,511,0,6,12,521,3081,195,3795,56,155,11,10,234,3,6,5,240,8408,827,9479,38520,16424,1948,1030,57926,1698,1701,3392,61322,33748,4597,99663,238,1823,122,68,2249,62,494,548,2798,4484,276,7560,2532,3076,178,152,5935,226,591,813,6747,3463,481,10692
12701,27931,727,879,1607,29538,22912,2853,55312,621,1174,99,112,2002,199,279,477,2475,4034,351,6865,2164,1112,96,212,3590,329,161,496,4085,1208,339,5633,2740,645,147,175,3710,216,77,291,4003,1073,335,5413,2479,742,137,135,3492,132,68,199,3686,1268,318,5274,2767,1043,117,130,4054,149,71,219,4270,1240,318,5829,2831,1058,100,139,4122,133,62,197,4321,1251,316,5891,3139,987,115,160,4403,151,60,216,4613,1295,337,6241,2579,766,99,117,3557,123,69,195,3755,1324,337,5412,1737,577,96,84,2488,84,58,140,2628,1466,286,4389,878,350,45,68,1337,64,30,92,1432,1728,245,3406,258,152,25,19,451,4,0,12,459,1682,217,2361,44,49,8,6,111,0,0,3,117,1571,198,1884,17,26,0,4,54,0,0,0,54,2150,375,2580,22263,8688,1069,1353,33371,1592,939,2533,35907,21297,3974,61178,634,1549,78,100,2365,158,443,602,2967,4547,406,7921,2777,1800,112,199,4882,334,252,584,5473,1515,435,7421
12702,28152,1075,1305,2380,30535,46641,5106,82287,782,1874,147,153,2957,368,575,944,3894,9088,529,13517,4372,2764,213,406,7763,734,428,1164,8927,3405,506,12839,5964,1510,252,359,8088,568,208,775,8864,2971,530,12365,4836,1446,290,266,6831,443,180,621,7454,3122,509,11084,4703,1837,194,264,7004,407,236,644,7645,3419,607,11672,4971,1964,167,275,7380,415,241,658,8035,3641,595,12275,5231,2003,185,327,7749,373,244,618,8374,3633,594,12596,5110,1855,230,270,7463,390,251,643,8106,4182,557,12841,3771,1316,165,213,5458,260,161,418,5878,4608,505,10991,2042,926,123,117,3205,172,111,282,3484,5167,484,9134,525,345,33,44,942,18,11,34,976,4881,405,6260,109,89,11,11,221,3,3,6,230,4626,422,5280,32,68,9,15,126,3,8,10,136,8238,986,9368,42444,17995,2029,2714,65190,4158,2670,6829,72010,60992,7222,140227,611,2138,94,121,2964,279,887,1167,4131,8670,501,13304,4323,3696,202,318,8538,746,642,1382,9922,3802,655,14376
12703,25100,860,869,1726,26825,23359,3782,53965,574,1198,86,79,1937,181,316,502,2437,4401,359,7204,2778,1282,123,172,4347,400,194,600,4950,1749,470,7158,4108,904,218,153,5382,294,86,382,5762,1686,595,8044,3891,1053,224,143,5303,239,106,343,5649,1851,591,8088,4024,1366,190,159,5735,196,116,307,6045,1641,451,8138,3918,1241,158,147,5466,172,102,271,5730,1512,432,7680,3768,1076,143,128,5123,194,88,277,5402,1439,393,7239,3071,900,162,127,4255,152,83,237,4493,1563,444,6504,2130,692,105,84,3011,97,42,143,3152,1753,363,5268,1270,579,68,45,1957,62,39,100,2056,2243,334,4634,347,211,34,20,614,5,13,17,631,2490,254,3373,55,82,4,5,140,0,4,7,150,2140,250,2536,11,30,12,3,56,0,0,6,60,3800,521,4383,29936,10603,1527,1267,43325,1998,1192,3196,46520,28273,5456,80248,523,1494,87,70,2172,155,461,615,2788,4557,461,7814,2587,1963,141,189,4884,383,294,681,5557,1887,626,8083
12801,29440,351,482,833,30275,18198,1978,50448,621,1992,128,92,2834,105,263,368,3202,2628,157,5985,3170,1695,186,120,5172,197,118,314,5482,693,256,6436,4556,966,220,103,5844,112,50,162,6006,512,342,6860,3979,1126,309,80,5493,105,40,146,5642,727,330,6696,4087,1670,244,99,6107,104,75,178,6282,918,284,7484,4116,1740,179,104,6136,111,77,189,6325,870,257,7448,4012,1664,185,106,5965,141,72,212,6178,744,265,7190,4116,1576,185,84,5964,123,50,175,6140,817,239,7200,3115,1369,176,66,4728,85,43,130,4857,1272,232,6363,1780,1272,153,52,3251,61,48,114,3360,2344,228,5929,608,747,67,16,1434,10,12,20,1454,3111,253,4825,140,314,28,15,494,0,9,15,504,3137,150,3795,58,186,27,19,295,0,7,12,302,8380,789,9478,34356,16312,2082,961,53713,1154,870,2025,55742,26155,3783,85684,622,2062,92,62,2829,80,324,400,3227,2783,195,6216,2794,1923,110,120,4943,140,128,264,5209,677,284,6174
12802,28415,307,485,793,29209,15638,1575,46424,872,2365,140,98,3476,115,353,466,3941,3323,158,7425,3338,1991,183,152,5661,194,133,328,5990,763,179,6932,3857,801,229,122,5012,115,40,151,5163,528,226,5910,3649,1262,354,74,5338,93,52,140,5475,770,208,6458,4183,1872,274,102,6431,97,75,168,6600,939,202,7747,4286,1951,187,102,6523,107,60,165,6694,799,205,7702,4613,1865,170,86,6733,122,58,179,6912,699,204,7816,4577,1743,197,110,6625,91,42,134,6763,832,225,7823,3715,1475,202,78,5469,89,45,137,5604,1225,192,7018,1995,1251,162,62,3467,47,51,99,3566,2473,167,6212,551,609,56,20,1244,8,16,23,1270,3154,153,4576,111,179,11,16,307,3,7,10,316,2504,103,2932,25,67,11,13,118,0,4,3,119,5170,501,5790,35776,17429,2179,1024,56406,1083,927,2016,58422,23186,2727,84338,699,2410,117,53,3288,94,387,478,3759,2934,183,6878,2983,2151,118,89,5338,173,156,323,5667,673,159,6494
19797,0,0,0,0,0,0,0,0,0,0,0,0,0,0,0,0,0,0,0,0,3,0,0,0,3,0,0,0,3,0,0,3,3,0,0,0,3,0,0,0,3,0,0,3,0,0,0,0,0,0,0,0,0,0,0,0,0,0,0,0,3,0,0,0,3,0,0,3,3,0,4,0,8,0,0,0,8,0,0,8,4,0,0,0,7,0,0,0,7,0,3,10,0,0,0,0,0,0,0,0,0,0,0,0,4,0,0,0,6,0,0,0,6,7,0,6,3,0,0,0,8,0,0,0,8,14,0,17,0,0,0,0,0,0,0,0,0,5,0,9,0,0,0,0,0,0,0,0,0,19,0,22,0,0,0,0,0,0,0,0,0,21,7,31,18,3,13,0,28,0,0,0,28,65,9,107,0,0,0,0,9,3,0,0,6,8,0,13,3,0,4,0,8,0,0,0,8,6,3,9
19999,1128,135,124,252,1382,1722,1273,4381,82,73,10,9,177,77,59,131,312,324,119,760,333,188,19,22,562,106,36,143,704,400,210,1314,446,150,49,21,670,117,41,159,828,327,270,1420,365,115,21,16,519,96,36,138,652,310,269,1235,255,89,21,13,369,85,24,111,482,290,278,1053,221,82,25,9,339,87,20,109,448,310,297,1047,188,88,18,20,313,69,17,87,396,275,265,938,166,78,19,11,278,66,12,80,352,316,279,954,141,63,15,9,228,38,17,54,281,366,199,847,73,48,15,9,147,17,17,36,180,487,160,829,12,17,0,4,38,5,4,6,49,459,99,604,10,0,0,0,12,0,0,0,14,265,83,364,0,0,0,0,8,0,0,5,9,245,109,361,2287,1004,227,140,3653,771,295,1062,4716,4391,2632,11736,52,44,3,11,108,51,24,72,184,219,116,516,288,192,18,28,526,112,45,155,679,390,285,1359
20101,27121,494,730,1228,28349,18649,2561,49562,696,2016,137,110,2963,199,397,595,3555,3300,301,7158,2704,2031,222,108,5059,314,233,554,5617,1488,356,7457,3208,1041,228,78,4551,198,94,293,4849,1019,274,6139,2731,1179,234,72,4222,134,86,221,4440,1029,207,5675,2877,1457,187,84,4601,128,91,214,4821,1107,230,6152,3106,1548,148,71,4874,116,74,192,5062,1051,233,6349,3306,1461,150,76,4994,146,63,209,5196,941,267,6404,3177,1330,190,67,4764,107,56,161,4924,1065,245,6235,2328,1194,199,47,3772,70,58,135,3905,1598,236,5736,1222,1003,148,47,2418,45,30,81,2496,2617,228,5345,292,384,47,21,741,3,7,10,751,3076,219,4046,65,142,25,9,239,0,7,6,247,2772,248,3263,15,74,14,26,128,3,0,3,128,5874,872,6874,25720,14857,1921,816,43320,1473,1195,2667,45991,26938,3912,76839,497,2106,104,87,2793,193,434,628,3426,3061,338,6819,2321,2312,178,135,4954,404,331,733,5688,1520,481,7690
20102,6787,104,125,228,7017,5039,984,13035,203,437,33,33,703,52,62,111,820,823,70,1712,421,236,16,28,693,42,11,53,748,168,46,963,460,180,24,12,682,31,15,42,725,184,46,955,544,221,49,20,830,36,16,48,884,274,54,1210,771,420,51,19,1267,34,23,52,1328,301,56,1682,881,500,61,40,1484,41,27,69,1555,322,77,1950,1035,589,53,27,1711,53,19,68,1781,337,93,2211,971,504,71,34,1582,44,27,74,1657,400,103,2157,826,568,69,28,1489,34,20,53,1543,646,102,2289,522,443,56,16,1032,28,23,54,1081,963,115,2160,215,175,19,13,421,3,3,5,433,1108,103,1646,67,56,8,7,142,3,3,3,146,849,73,1074,50,34,6,11,105,0,0,0,105,1543,177,1823,6973,4369,527,282,12151,394,247,640,12796,7912,1121,21827,157,407,18,28,609,32,59,90,700,684,114,1506,431,289,27,39,790,49,15,68,854,158,91,1103
20103,4911,96,112,213,5117,5169,855,11142,172,345,27,37,582,61,62,122,705,742,43,1489,371,163,27,21,584,57,9,70,652,186,28,876,334,168,38,7,545,32,16,47,591,209,30,834,396,201,33,13,647,28,14,44,683,238,45,971,532,312,34,23,899,43,25,68,969,320,46,1329,661,353,32,27,1070,31,20,55,1123,352,67,1540,704,349,43,26,1119,47,17,61,1186,402,59,1642,798,371,50,19,1243,45,15,61,1306,486,78,1869,642,354,56,22,1076,42,19,58,1134,709,75,1922,418,317,70,16,824,35,16,45,871,1129,101,2094,130,131,17,7,284,3,9,12,297,1340,90,1732,44,67,3,7,129,0,0,0,128,1123,61,1313,38,35,7,11,88,0,0,0,93,1881,199,2175,5237,3164,443,237,9081,425,230,653,9737,9127,916,19782,103,353,16,19,492,39,53,95,591,666,74,1331,365,262,25,20,674,101,28,131,803,221,60,1081
20201,23978,342,624,960,24941,16948,2261,44151,738,2011,134,99,2990,179,273,456,3446,2526,217,6184,2516,1573,199,108,4396,262,143,404,4802,1343,258,6411,2989,972,188,78,4224,157,78,234,4463,964,217,5641,2523,1022,209,70,3820,123,77,200,4023,949,200,5171,2549,1302,175,72,4099,122,66,188,4282,955,210,5439,2655,1316,114,92,4177,100,60,160,4340,888,199,5425,2873,1308,136,82,4396,83,59,139,4535,823,196,5552,2804,1316,198,52,4373,84,43,126,4501,916,181,5601,2119,1165,171,61,3519,92,66,153,3672,1418,198,5292,1085,912,131,34,2166,49,41,89,2250,2436,209,4897,230,384,46,18,687,3,12,15,698,2732,214,3646,65,127,15,13,226,0,0,0,221,2720,203,3142,33,74,6,13,129,5,0,3,136,5692,931,6755,23195,13494,1735,780,39201,1243,925,2170,41374,24358,3417,69155,453,1926,108,74,2559,168,409,573,3140,2548,339,6022,2330,2075,180,115,4705,337,273,611,5320,1263,385,6973
20202,11715,151,239,388,12101,8520,1540,22157,301,806,49,54,1206,64,97,153,1364,1379,111,2849,764,391,39,41,1239,82,34,116,1352,351,74,1780,615,228,47,22,910,56,11,67,974,315,62,1351,766,387,67,20,1237,41,29,68,1304,476,69,1848,1112,648,94,28,1883,36,18,54,1937,544,92,2576,1496,869,109,58,2530,56,39,93,2622,535,117,3269,1587,933,98,47,2670,62,45,106,2779,525,138,3442,1657,930,109,52,2747,45,34,77,2830,597,141,3565,1352,828,125,24,2342,50,32,84,2421,953,139,3516,730,715,108,29,1580,41,40,75,1657,1624,146,3425,245,344,28,24,636,6,9,8,653,1905,145,2696,95,116,8,12,232,0,0,0,231,1574,114,1920,49,60,4,18,126,0,3,0,131,2717,459,3306,10768,7256,884,432,19342,523,393,918,20260,13485,1806,35557,187,776,37,42,1040,51,126,174,1213,1285,170,2670,697,519,32,28,1278,69,37,110,1383,373,121,1879
20203,2407,55,61,114,2524,1997,552,5074,61,139,6,4,212,26,22,44,251,387,34,679,168,60,10,9,244,18,10,26,267,75,23,362,164,65,12,10,242,13,7,18,262,90,10,361,184,86,19,14,299,14,5,22,317,112,25,450,248,131,11,9,392,12,8,18,415,114,31,561,325,168,23,6,522,13,8,22,552,142,38,739,383,196,19,8,613,22,9,31,640,158,31,820,475,204,34,15,732,21,5,29,754,198,34,985,383,176,26,7,589,20,11,33,622,285,38,946,246,149,26,7,435,19,7,27,458,448,33,945,113,81,24,3,212,0,0,0,214,469,34,716,50,31,11,4,97,0,0,0,97,398,38,535,39,39,0,7,94,0,0,0,94,871,104,1062,2836,1515,225,102,4678,185,87,267,4943,3737,474,9161,50,150,10,11,218,16,23,41,256,362,62,680,144,77,15,6,242,26,6,39,278,81,29,386
20301,5363,56,84,140,5500,2801,484,8785,142,266,17,20,444,25,53,82,524,582,22,1134,352,170,14,16,548,28,13,42,586,115,20,723,402,134,26,9,569,11,4,19,594,119,28,736,420,191,50,7,672,12,17,27,700,171,24,892,596,285,37,10,921,14,11,18,939,147,39,1124,695,332,37,20,1081,8,17,27,1106,210,45,1365,662,360,32,22,1077,25,15,40,1124,172,45,1330,638,294,54,26,1009,15,13,29,1045,188,44,1273,518,242,43,15,810,16,10,29,842,295,29,1164,301,231,30,13,571,9,8,12,580,490,39,1113,121,100,17,3,241,4,0,4,246,454,25,726,31,38,7,5,80,0,0,0,80,376,17,473,20,16,3,0,40,0,0,0,40,667,56,770,4890,2664,362,179,8092,172,149,316,8410,3977,434,12825,108,332,15,18,479,43,52,94,571,612,55,1244,345,247,17,23,632,25,22,52,683,123,50,864
20302,50667,831,1416,2250,52912,33164,4375,90450,1058,3404,210,184,4862,355,578,922,5787,5599,442,11828,4515,3314,297,209,8346,578,336,912,9255,2227,456,11933,6198,1837,397,176,8608,345,158,502,9105,1866,445,11413,5322,2114,436,152,8028,316,142,459,8487,1971,364,10826,5568,2712,424,151,8857,266,155,420,9279,2131,401,11816,5686,2851,281,182,9003,242,148,396,9394,1985,463,11847,5936,2834,287,178,9233,256,113,365,9597,1922,454,11975,5742,2570,352,158,8818,214,93,306,9126,1989,444,11552,4204,2284,342,95,6926,179,93,276,7207,2909,391,10504,2217,1858,223,67,4371,107,83,194,4561,4905,383,9849,541,775,88,29,1426,12,26,34,1459,5768,389,7615,110,237,25,23,396,3,5,15,407,5418,410,6237,55,131,21,31,231,0,8,8,237,12389,1391,14021,47152,26923,3388,1635,79095,2875,1939,4815,83908,51066,6435,141408,683,3823,215,153,4873,273,795,1067,5947,5555,555,12058,4175,4362,300,236,9072,606,537,1146,10227,2694,765,13686
20303,21806,248,446,687,22501,15358,2003,39860,332,1100,75,49,1554,72,156,227,1779,1712,138,3631,1089,776,72,49,1988,99,52,150,2135,414,120,2672,1340,440,95,22,1899,71,45,120,2014,350,107,2475,1416,614,134,20,2180,54,30,88,2270,511,85,2862,1903,1052,166,46,3168,65,55,118,3289,658,161,4109,2089,1171,146,60,3467,57,65,119,3585,533,161,4284,2100,1127,126,69,3421,65,35,108,3524,476,151,4148,2161,1134,173,48,3520,83,38,124,3637,538,167,4349,1680,1068,184,38,2970,60,34,101,3073,1110,160,4338,847,948,133,27,1958,42,55,97,2055,2226,163,4443,212,433,47,20,711,3,10,13,722,2684,166,3572,54,169,17,8,242,0,3,3,241,2349,137,2728,28,64,11,9,111,0,5,5,113,4714,456,5286,15252,10100,1378,462,27194,676,581,1259,28450,18261,2177,48892,254,1243,81,51,1635,62,240,305,1942,1716,164,3817,1015,1014,57,55,2144,111,81,196,2335,415,161,2906
20401,12807,182,274,455,13261,10007,2013,25285,415,819,59,56,1347,105,104,212,1551,1699,131,3386,1092,444,55,50,1645,106,33,139,1781,406,121,2308,1192,350,87,48,1673,72,25,95,1770,348,127,2240,1091,464,94,27,1675,52,36,94,1770,469,129,2358,1295,659,92,58,2098,67,29,95,2199,490,127,2817,1552,771,95,72,2484,54,49,107,2593,553,153,3295,1813,825,103,51,2790,57,33,95,2882,517,192,3593,1859,855,129,62,2900,60,25,84,2990,646,183,3817,1523,854,108,45,2530,46,33,74,2611,927,169,3704,918,795,115,32,1860,40,35,77,1936,1683,207,3824,368,366,59,20,818,3,7,8,834,2148,182,3162,138,165,18,17,334,7,0,4,342,1784,147,2272,93,100,22,19,238,0,0,0,237,3447,361,4042,13339,7467,1038,544,22394,672,420,1092,23485,15113,2212,40808,350,834,39,56,1272,75,97,170,1449,1558,215,3225,1073,542,51,62,1736,96,47,144,1876,484,197,2558
20402,11017,107,197,307,11321,8331,1401,21055,369,981,76,52,1483,90,115,200,1686,1252,71,3012,833,427,70,35,1365,100,32,136,1499,315,48,1869,968,320,81,44,1410,78,35,114,1523,362,75,1966,1024,431,91,38,1585,50,30,84,1664,409,63,2135,1128,630,80,39,1880,64,39,99,1976,434,66,2479,1453,723,73,49,2293,46,29,73,2373,428,96,2895,1654,756,98,52,2554,51,34,83,2637,422,85,3144,1742,747,139,47,2674,43,33,81,2760,498,92,3345,1435,756,143,39,2367,40,23,67,2440,758,82,3275,866,641,102,21,1630,24,24,43,1672,1371,110,3159,293,309,40,16,664,0,3,3,669,1727,103,2501,127,127,22,15,289,0,0,3,295,1599,132,2023,78,81,15,24,197,0,0,0,203,3561,495,4249,11965,6928,1037,470,20399,593,405,992,21394,13143,1526,36061,262,844,59,38,1199,50,102,151,1345,1123,192,2660,845,493,71,40,1453,112,42,153,1610,347,148,2102
20403,18008,264,317,574,18577,11491,1825,31891,678,1348,100,59,2188,133,194,328,2510,2013,152,4684,1777,773,105,77,2729,170,81,247,2979,534,148,3665,1716,559,143,51,2470,95,50,140,2611,555,125,3291,1645,700,125,66,2538,85,38,124,2667,656,119,3434,1919,982,121,69,3093,82,63,145,3236,699,140,4072,2296,1111,101,46,3549,91,54,148,3694,655,151,4502,2563,1133,113,66,3876,91,48,137,4010,598,141,4749,2508,1076,163,59,3805,67,52,129,3932,709,133,4772,2037,1005,166,56,3263,83,43,125,3384,1021,160,4566,1087,773,143,34,2040,41,36,81,2120,1983,157,4264,374,390,62,24,846,4,5,11,856,2251,129,3231,100,142,27,10,277,5,4,4,287,2004,151,2445,93,81,16,11,201,0,0,0,200,3874,385,4460,18777,10085,1387,624,30876,947,672,1612,32489,17565,2093,52144,568,1351,70,56,2047,109,226,338,2390,1765,257,4404,1732,870,87,71,2771,189,90,276,3041,502,292,3834
20501,13036,189,304,496,13535,9396,1371,24301,432,795,43,62,1332,85,123,210,1546,1464,97,3106,1158,471,63,56,1747,103,44,142,1890,348,82,2322,1162,410,90,45,1710,69,32,102,1807,379,66,2255,1043,466,87,30,1622,43,25,71,1693,433,67,2189,1115,591,72,50,1826,51,39,86,1914,455,92,2463,1428,754,66,59,2301,67,47,111,2417,428,93,2928,1484,747,87,57,2368,57,29,93,2462,412,91,2968,1644,712,103,37,2491,43,31,70,2564,487,123,3181,1227,692,100,40,2050,42,35,72,2124,696,111,2934,709,557,90,27,1389,28,23,52,1438,1312,117,2864,284,299,38,8,633,0,3,8,641,1542,119,2294,85,115,12,17,223,3,3,13,232,1428,93,1755,65,84,8,13,168,0,0,0,168,2570,377,3110,11827,6685,854,494,19861,591,440,1028,20894,11958,1527,34380,316,856,30,43,1248,74,177,251,1497,1375,152,3022,1073,626,49,37,1781,131,75,208,1989,385,163,2535
20502,9554,139,214,358,9915,9633,1683,21233,327,652,55,38,1078,68,93,158,1231,1198,102,2532,708,353,60,33,1151,89,23,107,1256,346,86,1692,782,290,53,32,1162,61,34,101,1258,333,73,1667,682,449,69,32,1231,48,31,84,1316,405,89,1806,883,581,63,32,1558,58,44,98,1652,404,80,2146,1112,676,72,43,1898,62,26,87,1988,486,86,2559,1269,718,91,41,2110,52,41,94,2201,453,93,2746,1393,762,94,35,2281,61,31,88,2369,609,109,3091,1125,751,133,34,2044,55,35,91,2132,1002,142,3280,718,662,97,35,1513,50,35,84,1597,1898,151,3652,235,326,41,23,624,0,6,6,630,2404,170,3203,80,146,25,19,269,0,6,3,274,2062,134,2469,67,73,11,21,173,0,0,0,174,3630,383,4183,9381,6439,860,410,17089,604,390,1001,18091,15232,1707,35026,207,650,48,30,937,65,84,147,1083,1064,157,2305,680,401,55,27,1170,113,56,166,1337,313,169,1820
20503,14788,168,296,464,15252,13605,2187,31044,408,975,92,59,1535,65,95,160,1691,1372,143,3204,1140,494,69,46,1748,101,29,133,1882,381,120,2378,1342,435,94,41,1904,63,33,97,2007,433,114,2545,1216,547,104,50,1907,54,29,88,1993,504,131,2629,1531,787,108,46,2477,57,32,88,2567,601,162,3330,1685,997,102,56,2836,57,45,100,2936,560,164,3654,1801,935,126,65,2928,59,35,100,3024,563,162,3757,1858,1038,142,56,3089,68,30,99,3192,695,188,4073,1552,987,153,45,2731,75,44,125,2851,1212,166,4230,1037,890,143,39,2117,43,32,76,2191,2240,189,4615,335,427,69,30,855,4,9,10,870,2886,205,3956,126,184,22,18,349,0,4,10,363,2378,183,2921,85,111,21,23,245,0,0,8,247,4624,638,5506,14108,8806,1244,571,24732,654,429,1080,25813,18440,2549,46803,260,947,72,59,1335,74,110,181,1525,1520,150,3194,837,581,63,46,1523,125,53,182,1705,414,166,2281
20504,15908,419,498,915,16823,13553,2449,32821,581,1390,72,75,2116,255,286,533,2657,2312,235,5204,1911,1002,105,105,3129,328,130,459,3585,1005,275,4867,2066,764,169,69,3070,209,70,282,3350,875,255,4482,1678,798,174,62,2708,160,64,225,2933,935,204,4069,1826,929,134,79,2959,169,66,235,3198,860,241,4298,2097,1034,127,94,3345,145,73,217,3567,880,234,4681,2382,1042,147,72,3646,161,64,220,3864,990,226,5078,2287,1056,181,80,3599,139,38,175,3777,1122,213,5110,1813,942,166,52,2972,93,37,126,3098,1478,225,4803,973,664,119,36,1781,64,36,95,1877,2312,217,4400,238,275,40,15,566,4,11,15,581,2544,228,3349,41,109,15,9,177,0,3,6,182,2337,201,2717,26,52,8,9,94,0,0,3,99,4524,472,5091,17918,10052,1451,750,30171,1727,861,2594,32764,22169,3225,58160,332,1324,52,57,1763,202,263,464,2227,1875,302,4402,1621,1101,94,96,2909,378,145,529,3440,919,411,4767
20505,9397,180,221,404,9795,7685,1364,18850,358,759,49,36,1204,79,98,181,1383,1372,113,2861,952,392,64,43,1445,107,37,144,1590,414,76,2081,1041,354,95,40,1536,71,29,96,1635,616,101,2349,944,402,83,24,1452,65,29,96,1544,568,109,2225,1019,516,82,34,1649,49,40,86,1735,556,92,2386,1154,612,79,49,1891,48,29,73,1965,537,107,2614,1386,605,84,33,2110,49,19,71,2176,513,115,2806,1464,693,115,40,2312,55,31,86,2395,562,120,3078,1270,646,130,24,2073,50,23,76,2145,856,137,3128,738,500,99,21,1352,35,29,61,1413,1435,151,2994,210,213,31,18,474,3,5,7,479,1517,123,2121,83,95,18,6,200,0,0,0,200,1381,120,1696,65,59,12,13,151,0,0,0,152,2667,314,3133,10689,5845,932,377,17844,606,365,976,18815,12988,1679,33482,235,695,29,43,1000,59,119,179,1184,1164,162,2510,887,462,37,35,1424,112,42,159,1581,391,169,2142
20601,27688,467,651,1116,28802,10765,1425,40992,177,797,52,51,1072,57,209,260,1342,1729,162,3229,2139,2300,191,138,4765,252,325,577,5339,1547,463,7346,4877,1968,241,162,7246,266,165,425,7674,1116,569,9351,4870,1580,346,92,6893,215,100,319,7208,1004,526,8741,3660,1494,287,96,5542,153,102,260,5798,1058,342,7209,3168,1345,179,71,4762,132,67,193,4961,830,291,6081,2590,1052,108,52,3802,100,50,147,3953,707,256,4912,2175,839,145,57,3213,81,49,129,3347,834,225,4400,1447,675,88,40,2251,64,29,99,2345,968,204,3518,758,486,52,37,1332,29,37,72,1405,1400,181,2983,194,179,27,19,418,8,3,9,425,1680,173,2280,55,78,3,5,145,3,5,9,149,1905,190,2243,27,34,3,7,70,0,5,6,77,4485,557,5114,26131,12820,1730,828,41516,1359,1147,2502,44018,19253,4134,67407,114,907,27,19,1068,66,292,359,1423,1749,159,3339,1878,2968,112,93,5059,242,431,667,5727,1672,437,7834
20602,16271,246,382,630,16896,6235,892,24027,97,482,27,22,629,27,102,132,755,1071,71,1900,936,1074,80,62,2158,107,123,232,2391,536,197,3122,2700,1079,115,56,3942,124,63,187,4133,500,246,4875,2935,987,202,53,4169,101,40,147,4318,510,248,5072,2414,1046,196,56,3711,78,50,131,3840,579,193,4617,2232,1122,115,64,3536,71,43,115,3653,577,176,4403,1820,874,84,40,2819,58,47,108,2927,428,143,3497,1489,645,86,38,2259,41,27,67,2323,429,125,2872,1013,455,69,22,1558,34,29,59,1621,589,111,2321,462,316,33,12,821,22,23,43,868,845,96,1803,125,112,10,9,260,6,4,7,265,1040,96,1407,31,45,13,3,90,0,6,6,98,1198,105,1403,13,25,8,10,55,5,0,5,59,2939,277,3276,16267,8272,1034,445,26021,674,548,1221,27241,11234,2084,40563,53,619,23,9,701,28,192,222,925,1144,100,2163,908,1392,58,62,2420,113,142,254,2670,623,215,3512
20603,19229,353,472,819,20055,9017,1341,30411,154,947,55,29,1186,33,177,208,1399,1781,133,3311,1656,1539,103,76,3378,161,153,311,3690,882,306,4878,3229,918,128,64,4341,163,88,251,4592,617,403,5615,2983,755,180,77,3995,132,67,197,4189,598,343,5129,2549,948,178,56,3735,104,58,156,3889,644,253,4786,2466,1063,121,62,3711,99,57,156,3866,664,242,4769,2341,880,84,53,3358,78,30,113,3474,544,208,4225,2232,807,117,33,3187,71,26,99,3287,575,183,4046,1606,693,121,31,2454,51,35,85,2538,770,157,3466,786,515,54,16,1369,43,21,65,1433,1129,178,2743,193,225,21,23,458,0,4,7,463,1210,133,1806,43,84,5,6,137,0,0,0,141,1278,150,1565,18,49,4,9,84,0,0,0,87,3573,498,4164,20245,9426,1189,525,31386,940,712,1652,33039,14269,3190,50501,105,1127,38,30,1298,37,265,300,1600,1810,191,3604,1411,1925,100,68,3502,156,249,405,3912,943,325,5179
20604,44115,1597,2163,3758,47871,17264,5121,70258,157,971,100,34,1260,38,581,620,1884,3835,577,6292,3662,3738,346,155,7893,458,1206,1658,9552,8046,2005,19613,9730,2331,310,154,12520,512,314,823,13346,2583,1934,17864,6866,1291,297,101,8552,266,126,397,8953,1335,1219,11508,3738,811,178,45,4770,132,58,193,4962,790,754,6501,2569,683,111,52,3413,116,40,157,3569,640,570,4779,2108,602,98,37,2850,98,42,136,2989,581,494,4068,1891,485,72,24,2472,104,38,142,2617,607,415,3636,1540,521,65,31,2157,63,33,93,2250,800,401,3457,949,581,65,22,1618,43,27,74,1696,1105,300,3101,384,331,34,11,763,4,19,21,781,1117,250,2150,138,155,23,7,325,0,3,5,328,941,193,1456,46,101,22,6,171,0,3,3,175,1978,391,2541,33779,12606,1712,672,48768,1837,2490,4327,53090,24369,9509,86970,145,1291,92,139,1667,51,1108,1157,2824,6816,963,10598,3388,5447,329,277,9443,589,2492,3078,12521,14403,2840,29762
20605,30821,660,638,1303,32121,11318,3066,46509,126,528,35,29,714,36,123,161,873,1409,174,2456,2578,1718,137,98,4530,189,220,407,4939,1114,543,6587,8562,1736,284,125,10702,241,105,348,11058,876,1055,12987,8212,1376,398,113,10104,240,108,350,10454,904,946,12303,5865,1423,369,87,7737,207,79,283,8023,977,725,9727,4375,1341,232,75,6025,186,75,252,6279,879,589,7745,3354,1072,124,55,4604,131,56,189,4791,765,474,6036,2716,947,125,50,3836,125,55,179,4019,898,416,5329,2012,814,119,31,2978,113,61,168,3148,1097,357,4604,1227,897,99,25,2253,64,41,109,2357,1606,350,4314,490,446,45,19,1009,11,13,23,1028,1759,290,3087,95,169,18,11,290,5,3,9,302,1588,210,2099,37,94,8,12,154,3,0,3,159,3204,713,4076,39662,12567,2000,711,54938,1545,944,2490,57429,17072,6834,81336,104,675,28,23,828,23,198,219,1054,1620,221,2894,2206,1949,82,75,4307,190,252,443,4748,1132,671,6551
20606,19336,378,365,746,20077,8222,1792,30098,77,357,21,25,480,22,104,125,609,1169,131,1904,1760,1327,131,56,3267,91,179,275,3541,967,434,4945,5343,993,174,80,6585,178,75,254,6836,571,676,8087,4277,701,176,51,5199,109,53,162,5360,490,506,6359,2582,635,135,35,3395,90,43,131,3524,509,320,4351,2076,571,72,38,2750,85,30,112,2867,457,285,3605,1586,476,61,34,2159,63,27,94,2251,451,223,2924,1427,516,66,28,2036,57,21,82,2114,525,231,2873,1230,486,64,31,1810,48,22,69,1879,620,223,2718,883,584,53,21,1541,28,31,58,1599,961,203,2759,414,423,30,11,879,4,11,13,894,1153,180,2230,143,229,26,11,410,7,4,11,420,1314,155,1894,60,175,25,16,277,0,0,4,280,3087,472,3838,21855,7471,1027,433,30788,778,604,1382,32177,12274,4044,48484,84,477,25,14,600,25,132,156,757,1290,186,2231,1836,1718,93,66,3712,111,291,400,4115,1268,482,5863
20607,28968,474,574,1053,30020,9722,2022,41763,96,585,40,26,747,34,140,178,923,1367,198,2486,2090,1960,164,85,4299,163,248,409,4707,1188,495,6397,7110,1853,249,94,9309,272,128,406,9716,858,821,11396,6355,1378,359,67,8159,160,87,252,8411,890,694,9996,4073,1189,274,60,5592,160,67,226,5819,854,528,7202,2913,1029,160,51,4156,117,74,185,4342,822,438,5595,2368,793,123,53,3333,113,57,176,3511,702,328,4535,2019,755,98,38,2906,87,43,129,3037,728,301,4058,1493,673,82,42,2292,68,44,106,2400,948,257,3607,932,656,72,17,1676,41,25,66,1744,1274,241,3254,316,339,36,6,698,4,13,17,715,1415,188,2312,57,126,12,0,199,0,4,5,202,1304,165,1674,20,55,14,3,81,0,4,4,88,2924,423,3430,29838,11372,1683,547,43444,1218,944,2163,45604,15269,5069,65948,80,725,21,24,855,42,189,230,1088,1427,233,2748,2125,2355,117,93,4687,194,330,523,5216,1222,674,7113
20701,43216,630,1196,1832,45042,26788,2403,74237,277,2991,174,117,3553,52,614,668,4223,7094,329,11646,3452,4647,317,212,8623,278,533,811,9433,2935,533,12899,6743,1911,257,140,9058,277,170,453,9508,1240,648,11394,5477,1361,329,89,7250,184,77,258,7515,1105,415,9033,5056,1963,342,87,7455,160,95,253,7708,1597,356,9658,6209,2612,258,100,9184,189,129,311,9497,1741,370,11605,6720,2686,212,163,9786,196,111,308,10092,1558,384,12036,6285,2471,228,135,9115,187,94,283,9399,1477,378,11250,4886,2039,237,100,7268,135,71,209,7475,1899,303,9679,2862,2040,192,81,5172,78,61,147,5319,3012,299,8628,1043,1173,119,41,2377,13,31,45,2420,3680,260,6361,265,567,49,19,906,3,14,16,928,3634,242,4806,122,357,41,22,541,0,4,5,551,10800,1074,12415,49407,26819,2760,1311,80294,1765,2001,3768,84059,41762,5597,131413,165,3059,122,64,3413,42,777,818,4230,7289,391,11911,2977,5242,243,169,8629,265,741,1007,9634,3120,591,13347
20702,21889,430,803,1237,23123,18719,1477,43313,181,1367,68,52,1666,57,303,357,2028,3258,107,5393,1810,1786,124,116,3838,175,181,357,4194,1289,146,5633,2850,773,142,94,3853,162,54,215,4073,640,155,4864,2680,717,157,55,3608,112,59,165,3770,717,128,4621,2801,1004,153,75,4036,125,70,189,4225,901,144,5276,3181,1377,132,89,4777,136,67,205,4984,1000,131,6110,3406,1410,88,100,5001,129,82,214,5215,927,172,6315,3070,1258,110,78,4518,101,45,146,4665,1021,148,5839,2356,1161,135,81,3729,76,70,142,3875,1289,154,5321,1499,1067,115,56,2738,60,41,96,2833,2406,159,5403,649,671,84,24,1428,6,14,21,1456,3431,177,5062,162,371,31,18,581,0,9,7,593,3820,217,4628,55,122,24,17,222,0,0,0,217,6978,867,8066,24698,13095,1364,852,40008,1133,985,2123,42133,27682,2704,72519,104,1388,32,40,1562,46,435,478,2043,3311,141,5495,1371,1948,95,76,3495,192,291,479,3975,1402,165,5543
20703,26105,522,950,1470,27575,17863,1952,47385,183,1711,82,57,2033,56,380,440,2476,3374,180,6027,1782,2513,150,129,4576,174,484,658,5232,2981,448,8666,3413,1258,155,116,4944,215,176,398,5343,1186,351,6876,3002,1039,245,67,4360,138,83,220,4575,890,257,5727,3163,1372,221,76,4834,103,79,173,5007,1053,210,6270,3599,1705,151,98,5546,126,68,200,5743,1013,199,6959,3488,1498,125,79,5182,121,56,170,5360,836,201,6397,3329,1287,152,76,4843,112,52,165,5011,930,203,6145,2261,1083,144,59,3542,77,56,132,3677,1227,174,5077,1298,1019,110,19,2451,47,41,89,2541,1856,139,4545,417,567,47,17,1049,7,22,29,1079,2508,165,3746,81,239,15,6,341,4,6,11,351,2870,208,3425,35,146,10,12,202,0,4,4,209,7808,1144,9155,26049,15435,1613,817,43910,1189,1506,2695,46605,28540,3887,79027,160,1806,77,44,2087,49,591,640,2725,3941,243,6911,1580,3031,127,95,4828,226,707,932,5761,3540,368,9676
20801,24912,306,653,955,25864,16697,1667,44233,210,1697,90,80,2080,46,283,334,2408,3212,182,5801,1481,1848,127,100,3550,125,141,265,3816,785,210,4804,2064,530,91,40,2730,90,39,130,2861,360,181,3398,2119,620,175,39,2949,69,33,100,3053,567,182,3804,2989,1272,234,64,4560,79,42,123,4686,995,259,5935,3973,1758,182,95,6002,108,65,165,6164,1167,315,7653,4047,1747,140,77,6019,109,69,183,6202,913,296,7416,3902,1566,168,73,5707,99,55,150,5861,914,269,7046,2839,1338,163,54,4393,88,42,129,4531,1258,213,6000,1684,1408,131,48,3267,53,42,99,3366,2090,225,5682,664,831,81,37,1609,9,27,36,1648,2622,202,4472,180,329,36,16,559,0,7,12,566,2477,166,3209,64,191,20,24,299,5,0,8,310,7514,771,8588,26222,15127,1638,749,43730,878,853,1735,45469,24882,3471,73820,134,1759,75,38,2005,28,403,428,2437,3526,220,6178,1249,2122,83,63,3520,126,207,340,3855,820,244,4920
20802,41589,622,1058,1683,43273,21497,2549,67323,260,1924,115,83,2391,75,392,469,2856,4325,253,7434,2688,3125,219,188,6217,271,425,690,6908,2439,459,9809,6180,2022,254,169,8624,336,161,500,9122,1349,652,11115,5760,1702,383,115,7959,219,99,316,8276,1261,463,10001,5686,2262,363,113,8428,174,92,265,8695,1452,378,10524,5859,2671,251,140,8915,186,109,297,9218,1339,392,10949,5308,2235,206,134,7883,185,81,264,8145,1052,337,9532,4851,1978,197,137,7165,142,81,224,7391,1129,318,8840,3700,1694,195,108,5693,124,73,200,5898,1598,290,7780,2160,1504,167,86,3919,81,69,149,4069,2631,271,6976,613,755,59,32,1461,5,29,36,1495,3016,242,4753,152,292,35,18,496,8,9,11,511,3263,260,4028,80,215,33,27,357,0,5,7,364,9901,1146,11410,43309,22387,2466,1340,69501,1800,1629,3430,72938,34759,5463,113153,157,2159,85,44,2435,60,555,618,3057,4859,267,8185,2096,3582,139,121,5948,287,628,920,6868,3128,491,10486
20803,32192,474,763,1241,33431,17883,1895,53209,454,1936,101,90,2586,105,326,427,3006,2928,233,6172,2478,1795,160,136,4562,198,139,337,4898,860,302,6058,3989,978,197,108,5281,139,66,206,5485,656,276,6421,4386,1240,331,92,6051,118,82,197,6248,944,310,7502,4786,1854,322,99,7066,140,105,245,7314,1239,368,8919,4922,2094,201,104,7324,153,96,249,7576,1115,334,9023,4545,1752,158,115,6570,137,60,200,6769,907,290,7969,4095,1528,194,101,5904,135,63,197,6098,1003,315,7412,2965,1278,173,65,4486,106,60,163,4650,1424,253,6320,1709,1152,165,50,3070,76,45,123,3198,2427,267,5886,463,599,63,21,1148,12,22,36,1183,3121,239,4542,113,229,14,10,365,3,9,13,373,3086,250,3713,35,126,14,15,193,4,3,7,195,8161,860,9215,34940,16552,2101,1008,54606,1319,1072,2396,56994,27866,4290,89155,319,2070,86,56,2535,91,495,589,3124,2939,211,6272,2117,2241,108,99,4565,214,235,450,5013,947,301,6263
20804,11346,206,312,523,11861,6341,599,18805,67,626,37,22,746,10,117,126,864,1373,62,2302,875,1156,71,58,2164,63,184,249,2409,1013,194,3613,1957,581,72,39,2655,94,55,152,2801,385,202,3389,1524,419,83,36,2062,53,30,85,2146,287,121,2558,1407,541,107,35,2084,42,18,61,2151,359,107,2618,1568,656,75,22,2325,44,26,71,2399,430,100,2928,1589,585,40,32,2245,43,28,73,2315,343,80,2745,1404,537,55,27,2014,40,29,71,2090,337,86,2509,1119,509,54,18,1703,25,15,40,1737,471,80,2287,667,479,50,14,1210,22,7,26,1240,702,68,2013,240,306,27,18,587,3,3,7,594,804,58,1462,75,131,25,10,234,0,0,0,235,926,84,1243,29,73,12,8,121,0,0,0,120,2379,310,2804,12512,6589,713,326,20141,446,518,964,21109,9820,1558,32480,30,615,22,17,679,16,157,173,853,1523,82,2454,702,1254,56,52,2067,71,233,301,2373,1158,169,3699
20901,31568,474,809,1286,32852,19269,1737,53856,495,2008,95,107,2706,94,427,525,3230,3629,212,7065,2806,2529,196,163,5704,277,261,542,6239,1587,292,8123,4512,1234,241,138,6132,204,108,308,6443,979,320,7733,4423,1381,387,100,6283,139,81,218,6501,1164,303,7973,4383,1948,360,98,6790,142,84,228,7020,1368,306,8684,4420,2087,192,108,6810,132,102,237,7044,1239,233,8516,4351,1953,164,130,6600,134,80,210,6810,1054,236,8105,4373,1775,214,114,6477,102,63,165,6648,1109,255,8016,3404,1679,210,83,5376,102,45,146,5526,1576,206,7312,2043,1452,192,66,3753,55,54,111,3858,2962,238,7061,619,699,56,15,1390,4,8,18,1409,3745,233,5388,141,247,27,16,431,0,8,6,437,3390,247,4075,47,148,17,17,220,0,0,0,220,8150,800,9172,36015,19128,2364,1159,58671,1392,1327,2718,61387,31958,3885,97227,293,2010,81,51,2434,95,559,650,3082,3511,239,6830,2164,2648,138,89,5031,252,337,592,5623,1478,312,7408
20902,23449,564,797,1357,24810,14499,2195,41500,219,1011,86,61,1380,115,273,387,1762,2586,239,4578,1866,1932,153,147,4096,296,423,722,4818,2277,521,7617,3644,1433,171,153,5406,307,184,489,5892,1447,681,8027,3655,1310,252,99,5315,177,103,281,5599,1277,459,7336,3264,1376,213,116,4969,168,95,267,5238,1373,431,7036,3099,1437,169,112,4822,173,78,253,5079,1264,339,6677,2704,1022,97,89,3914,135,79,210,4123,1090,300,5523,2300,935,125,94,3454,110,49,152,3607,1145,306,5062,1547,665,101,73,2383,75,33,113,2501,1398,276,4169,785,502,70,41,1401,46,29,72,1474,2012,248,3733,231,173,26,12,442,4,9,11,450,2509,290,3242,44,83,5,8,141,0,6,3,144,2740,258,3151,18,36,5,4,69,4,0,3,74,6482,965,7517,23388,11917,1472,1013,37790,1612,1348,2961,40755,27590,5319,73664,143,1211,59,80,1490,87,417,501,1994,2469,306,4773,1506,2502,122,156,4280,267,535,803,5086,2198,550,7837
20903,17346,197,432,629,17973,8854,892,27720,462,1672,86,64,2281,75,315,389,2674,2453,129,5264,1896,1459,104,88,3552,103,94,203,3756,509,100,4359,1660,425,92,64,2247,74,21,91,2339,352,71,2761,1534,552,142,34,2264,31,29,63,2321,426,98,2849,2108,1139,167,53,3459,52,47,96,3553,645,112,4309,2733,1471,125,66,4400,46,47,89,4489,688,144,5319,3035,1484,108,70,4698,66,43,110,4801,545,115,5463,3129,1386,169,69,4753,58,44,103,4860,565,149,5575,2369,1177,117,48,3709,48,36,81,3794,886,113,4785,1218,893,125,29,2269,26,18,49,2322,1421,122,3857,357,428,39,18,844,0,10,13,859,1520,90,2466,67,141,17,11,226,0,0,0,227,1155,76,1460,24,56,7,6,95,0,0,0,95,1787,205,2087,20600,12286,1297,614,34802,586,704,1286,36092,12950,1519,50557,316,1674,53,40,2082,59,357,423,2503,2190,170,4868,1488,1553,81,51,3171,137,130,271,3438,545,148,4132
20904,55269,1387,2022,3414,58685,37141,4703,100524,908,2612,146,192,3858,299,564,870,4724,5948,468,11144,4891,2790,235,315,8227,537,284,824,9056,2264,564,11886,7627,1975,417,324,10344,397,148,540,10883,2105,592,13587,6785,2179,450,239,9648,323,150,475,10122,2435,560,13118,6474,2572,333,261,9642,273,172,442,10086,2473,513,13075,6318,2641,258,228,9446,265,154,424,9868,2215,542,12626,5945,2243,244,232,8664,221,127,347,9012,1952,463,11433,5080,1976,241,188,7486,174,78,251,7732,2173,463,10372,3696,1526,225,119,5566,127,65,190,5760,2885,426,9066,1931,1042,161,86,3215,83,58,140,3354,4363,353,8078,489,383,54,18,947,0,14,14,963,4428,307,5691,80,105,10,10,207,0,3,3,212,3892,278,4383,32,50,4,5,105,0,4,3,108,6147,994,7245,50261,22092,2785,2216,77359,2716,1815,4531,81884,43278,6534,131693,710,3286,137,132,4267,309,950,1259,5525,6665,515,12704,4425,4242,250,266,9183,696,622,1315,10500,3246,733,14478
21001,14525,238,367,602,15126,10416,920,26469,196,960,50,40,1248,39,172,211,1466,1749,118,3325,1382,972,73,107,2528,111,75,183,2711,477,126,3314,1906,455,98,68,2534,97,22,119,2654,302,106,3066,1807,535,145,54,2541,64,32,94,2631,431,114,3182,1979,814,130,68,2996,62,35,92,3080,601,128,3811,2207,892,77,59,3234,70,53,119,3356,550,142,4049,2129,832,85,68,3116,73,26,98,3212,473,141,3823,1959,711,89,50,2812,65,33,98,2911,511,122,3542,1455,684,73,46,2272,37,25,68,2343,790,120,3251,916,606,80,32,1635,21,17,41,1676,1712,141,3530,322,271,27,23,645,10,5,8,652,2216,178,3048,67,108,17,8,194,0,0,0,196,2364,154,2719,24,39,11,12,89,0,0,0,88,4439,458,4986,16353,7892,972,632,25850,650,494,1143,26993,16610,2039,45642,124,964,37,30,1155,49,204,250,1401,1762,103,3271,1087,1192,70,60,2410,118,117,235,2654,517,128,3292
21002,7991,67,176,243,8237,4335,667,13235,220,621,32,17,896,30,88,120,1017,915,62,1989,623,329,34,32,1019,37,20,56,1071,166,39,1283,620,156,36,11,829,18,12,30,859,122,29,1009,652,223,61,22,961,21,15,33,1003,195,30,1220,926,469,75,33,1501,19,25,42,1543,306,49,1896,1140,605,77,28,1847,24,19,42,1881,252,74,2214,1224,543,64,30,1858,29,17,51,1901,232,63,2198,1164,485,52,34,1736,22,17,36,1770,259,86,2117,838,390,65,20,1313,16,14,30,1344,395,65,1800,538,373,60,22,990,12,13,26,1014,733,80,1823,165,177,21,7,373,6,3,9,379,848,63,1285,41,53,5,6,107,0,0,0,108,643,42,795,13,19,10,5,50,0,0,0,50,945,87,1079,8158,4457,599,257,13473,230,244,473,13947,6012,765,20719,125,572,23,28,746,26,105,135,879,989,86,1948,579,446,28,23,1082,51,35,88,1163,189,63,1413
21003,18042,441,600,1038,19080,12493,1903,33472,249,739,35,55,1077,89,169,258,1337,2173,197,3707,1510,1200,86,123,2916,193,125,322,3239,1022,347,4608,2721,978,146,125,3970,173,97,266,4238,1014,407,5660,2750,888,212,90,3935,141,58,207,4144,1030,330,5500,2490,927,154,69,3643,130,65,199,3838,1027,262,5129,2249,990,100,68,3411,103,63,168,3580,917,257,4751,2053,843,85,88,3077,95,44,135,3213,913,234,4359,1717,650,120,63,2549,72,28,99,2651,836,186,3677,1149,514,56,42,1769,59,27,83,1847,982,169,3000,584,372,58,35,1043,22,22,46,1092,1409,172,2672,177,136,18,15,342,5,0,5,347,1787,151,2286,41,64,3,8,112,0,0,5,118,2294,201,2617,22,45,10,15,89,0,0,0,89,6426,888,7405,17713,8340,1096,798,27942,1082,710,1791,29730,21842,3797,55366,150,828,32,30,1046,93,295,389,1434,2123,185,3744,1283,1630,65,112,3092,227,271,496,3589,1094,297,4980
21004,11316,203,338,539,11851,6142,755,18747,329,833,46,53,1253,84,125,209,1464,1230,90,2783,1245,689,46,67,2040,102,44,148,2185,319,88,2592,1367,368,90,45,1863,49,25,72,1938,295,70,2306,1274,417,84,26,1802,49,18,68,1872,365,75,2317,1315,586,76,43,2026,49,32,77,2105,403,89,2593,1532,629,66,44,2276,47,28,81,2351,378,108,2839,1601,616,85,51,2350,32,27,69,2416,349,87,2851,1493,566,80,34,2171,38,18,57,2230,366,104,2692,1115,503,62,42,1712,26,17,44,1755,494,86,2334,578,323,56,21,985,20,14,33,1023,820,98,1938,136,134,16,10,304,4,7,4,306,885,60,1252,24,37,7,0,60,0,0,0,66,819,58,940,9,14,3,0,30,0,0,0,29,1395,245,1672,12012,5713,709,434,18871,491,370,863,19735,8120,1264,29119,213,852,24,26,1123,91,217,308,1429,1138,101,2673,1091,789,53,50,1984,142,81,221,2204,349,131,2679
21005,36446,1505,1958,3464,39911,34377,4435,78725,652,1837,129,164,2786,321,482,802,3586,6363,542,10482,3567,2163,164,319,6220,592,232,820,7037,2524,603,10161,4656,1335,244,243,6479,399,128,524,7005,2345,626,9975,4414,1475,273,224,6387,338,156,496,6879,2541,573,9995,3972,1675,202,224,6071,284,130,413,6484,2441,510,9436,4402,1825,205,223,6655,268,155,420,7079,2502,534,10108,4459,1578,186,226,6440,263,106,376,6813,2355,542,9706,3661,1277,173,161,5278,186,77,259,5534,2166,400,8100,2449,982,134,113,3687,114,47,166,3850,2419,361,6636,1290,700,87,52,2133,55,36,88,2225,3187,303,5720,345,261,36,29,666,4,7,14,678,3246,290,4215,62,77,4,13,158,0,3,3,158,2642,253,3050,20,36,8,3,70,0,3,7,71,3740,452,4273,33955,15240,1844,1994,53030,2824,1557,4379,57412,38466,5985,101865,487,2282,93,109,2972,284,883,1160,4136,6780,564,11485,3247,3266,187,303,6995,704,519,1225,8219,3131,704,12052
21101,39454,647,1130,1779,41238,24600,2293,68131,916,3206,165,187,4472,205,607,817,5286,5370,213,10870,4521,2983,224,248,7972,365,224,590,8563,1441,273,10276,5913,1332,264,168,7667,255,103,357,8019,1055,232,9306,5438,1610,364,134,7547,168,88,256,7802,1437,219,9457,5418,2293,283,142,8142,185,126,311,8449,1655,257,10366,5868,2683,244,190,8987,212,132,344,9329,1517,294,11143,6494,2557,211,174,9429,196,118,314,9747,1376,256,11376,6342,2396,277,151,9167,184,97,280,9454,1431,267,11146,4879,2045,272,111,7303,133,96,233,7536,2159,257,9952,2827,1754,219,77,4876,103,64,168,5046,3489,262,8803,685,702,73,39,1502,13,13,23,1525,4346,244,6120,140,225,15,12,395,0,5,5,398,3880,242,4517,20,107,7,11,152,0,9,5,158,7461,740,8358,49461,23891,2616,1651,77616,2026,1682,3705,81319,36624,3754,121694,584,3131,130,96,3951,140,773,917,4865,4773,273,9914,3719,3378,179,139,7419,425,345,768,8188,1695,313,10199
21102,6443,80,184,261,6701,4218,339,11266,145,640,34,33,853,18,121,136,992,981,40,2007,634,614,40,31,1317,41,32,72,1394,235,35,1659,680,157,31,14,884,34,10,40,929,83,30,1037,538,192,39,10,782,28,9,32,812,145,30,992,742,358,35,17,1155,15,16,31,1185,225,55,1456,1078,557,45,22,1707,26,20,47,1748,277,50,2076,1192,535,35,36,1801,20,10,30,1831,234,42,2108,1199,501,43,24,1764,33,19,51,1809,254,48,2116,887,379,48,16,1327,25,9,37,1356,336,59,1747,481,370,52,15,923,11,8,23,947,655,60,1664,195,209,31,15,455,3,10,12,465,801,41,1311,43,109,12,12,181,0,0,0,181,671,32,881,19,61,4,0,89,0,0,0,89,1324,96,1508,7834,4692,458,248,13237,255,253,509,13742,6213,611,20566,85,676,27,13,797,17,187,198,1002,1005,59,2069,515,686,33,20,1259,35,63,98,1354,278,49,1684
21103,28967,412,753,1164,30128,17009,1817,48953,600,2174,127,97,3003,125,423,542,3548,3006,169,6726,2976,1944,153,133,5205,227,145,365,5569,901,149,6621,4190,1055,240,104,5584,149,70,222,5813,843,180,6836,3959,1256,292,90,5592,115,69,183,5781,1170,185,7136,3901,1736,260,97,5995,123,89,210,6206,1157,183,7550,4017,1908,192,101,6225,123,100,223,6442,1057,204,7701,4064,1782,175,102,6127,111,83,189,6317,862,192,7370,3840,1477,207,90,5617,109,43,153,5773,916,177,6870,2934,1332,211,77,4552,89,49,140,4694,1287,163,6134,1683,1249,171,48,3148,64,40,105,3255,2315,163,5734,521,631,59,19,1236,10,9,21,1255,3090,161,4506,89,193,23,12,310,3,5,4,319,2793,187,3294,29,95,18,18,156,4,6,6,162,6538,833,7536,32802,16843,2126,987,52761,1255,1116,2366,55127,25944,2941,84017,394,2272,92,44,2801,103,519,624,3421,3015,212,6652,2451,2280,122,110,4964,241,205,443,5406,971,219,6600
21104,14835,255,472,736,15567,10490,1084,27136,163,968,64,40,1236,33,184,225,1458,1654,77,3184,1121,1166,85,46,2419,94,118,206,2630,621,91,3343,2059,641,79,52,2842,99,38,140,2979,394,101,3478,2171,640,149,41,2992,63,30,97,3088,535,97,3717,2280,926,156,49,3409,71,50,118,3534,731,104,4365,2257,1058,115,60,3493,75,57,130,3627,639,115,4376,2183,917,72,50,3220,78,42,117,3337,484,106,3928,1949,782,105,41,2878,64,34,105,2977,522,90,3595,1528,717,100,36,2385,53,21,76,2457,845,97,3401,957,745,74,24,1806,39,25,65,1872,1390,98,3365,329,407,30,16,784,11,10,17,803,1972,95,2869,69,163,12,4,243,4,0,0,243,2073,112,2421,18,59,7,5,91,0,0,3,88,4151,451,4688,17086,9187,1047,463,27783,693,610,1302,29090,16016,1633,46740,118,1109,50,23,1303,43,311,346,1654,1756,69,3482,932,1315,54,63,2360,106,182,289,2647,697,139,3485
21105,38464,488,928,1411,39882,22375,2366,64620,1252,3037,190,180,4660,203,548,752,5409,4707,294,10408,4388,2374,227,228,7215,332,158,493,7707,1172,311,9192,4601,1253,259,132,6248,187,80,265,6513,1094,292,7903,4173,1723,322,113,6331,127,99,226,6552,1441,283,8282,4822,2394,322,152,7693,139,106,247,7941,1657,346,9946,5431,2720,280,196,8625,146,113,258,8885,1559,367,10814,5809,2731,316,157,9010,146,83,232,9242,1301,349,10894,5642,2643,373,173,8821,120,83,202,9025,1436,366,10830,4399,2261,311,111,7085,123,64,190,7276,2153,313,9734,2626,2035,279,84,5020,81,62,142,5162,3616,353,9129,748,911,108,38,1806,3,21,30,1831,4351,281,6464,144,289,30,6,470,5,7,10,480,3581,252,4316,62,120,18,16,216,0,5,5,219,6150,790,7158,44094,24504,3015,1584,73201,1622,1423,3042,76245,34220,4597,115062,891,3023,129,118,4160,177,646,830,4991,4357,351,9694,3689,2709,169,145,6711,349,240,595,7306,1185,396,8883
21201,27907,544,822,1361,29265,15191,2465,46920,733,1445,68,93,2336,151,252,395,2738,2424,205,5365,2431,1039,101,97,3675,181,80,267,3935,642,181,4760,2927,764,161,83,3934,106,60,168,4099,738,194,5028,2615,928,176,57,3771,106,44,152,3923,851,217,4995,2775,1201,145,74,4194,101,70,169,4361,932,200,5488,3149,1323,112,73,4665,83,70,151,4817,783,191,5784,2866,1214,114,80,4280,86,58,148,4422,667,238,5319,2560,973,149,62,3743,78,36,115,3864,649,186,4701,1807,814,117,42,2774,66,31,100,2876,892,165,3931,1041,718,91,49,1898,36,31,71,1966,1566,172,3703,307,314,40,19,681,4,7,10,686,1962,143,2785,90,120,15,10,235,0,0,4,237,1538,118,1900,50,79,10,12,148,0,3,0,152,2786,257,3198,23346,10931,1299,750,36329,1002,741,1745,38076,16423,2457,56958,610,1753,78,77,2524,172,432,604,3130,2814,305,6246,2506,1605,103,115,4327,248,157,406,4732,866,338,5946
21202,29785,693,1161,1859,31645,21482,2824,55951,769,2377,99,150,3399,220,572,793,4189,5134,314,9637,3441,2126,168,211,5943,388,235,625,6567,1551,335,8447,4499,1111,229,163,6008,272,88,354,6366,1238,312,7922,4206,1428,290,132,6059,212,111,321,6379,1521,292,8192,4596,1914,223,135,6874,192,140,327,7200,1743,355,9298,5010,2066,215,165,7448,203,145,354,7793,1545,339,9678,5161,1885,211,166,7421,184,112,304,7726,1370,322,9421,4585,1628,219,144,6572,157,78,234,6805,1443,293,8542,3261,1302,169,89,4818,117,66,190,5011,1912,253,7171,1750,947,145,82,2932,85,34,121,3052,2513,253,5816,426,373,48,17,866,11,10,24,884,2942,239,4063,75,128,12,9,212,3,3,3,220,2713,195,3129,26,66,14,6,111,0,0,5,110,5161,505,5771,37815,17345,2033,1462,58659,2043,1604,3643,62304,30777,3999,97082,530,2515,113,72,3236,185,775,962,4195,4970,348,9512,3070,2823,131,186,6209,465,411,874,7081,1730,431,9248
21203,49903,1245,1942,3189,53093,29804,3989,86890,961,2134,127,143,3372,299,553,849,4217,5126,346,9690,3679,1851,195,199,5926,454,195,652,6573,1471,364,8408,5302,1396,288,196,7180,315,118,431,7615,1697,398,9706,5514,1777,326,178,7799,255,130,386,8187,1921,360,10468,5590,2055,276,193,8111,248,140,383,8498,1845,399,10747,5458,2079,199,205,7933,231,106,339,8276,1603,393,10271,5110,1687,186,183,7164,204,96,299,7462,1296,310,9067,4261,1384,191,137,5978,137,70,215,6192,1356,270,7819,2761,1031,149,78,4013,127,46,170,4187,1552,250,5987,1470,733,113,56,2374,54,30,85,2461,2299,235,4989,363,325,41,14,746,10,6,17,764,2466,183,3416,56,103,7,8,184,6,0,6,184,1974,174,2335,16,58,6,13,91,3,6,5,98,3273,433,3799,40554,16620,2101,1601,60880,2339,1506,3842,64718,27878,4103,96704,739,2880,108,90,3817,289,983,1276,5098,5840,505,11440,4082,3006,176,254,7524,616,473,1091,8616,2193,616,11427
21204,37580,1181,1613,2796,40374,34846,4335,79555,540,1815,94,145,2595,241,563,802,3398,6847,541,10796,3983,3279,214,388,7865,589,494,1083,8941,3244,773,12957,6825,2780,280,381,10271,622,297,919,11186,3038,842,15068,6076,2127,322,268,8794,503,207,715,9507,2843,749,13093,5238,1977,247,256,7715,412,204,614,8328,2664,636,11624,5152,1966,181,251,7548,363,199,563,8112,2453,561,11131,5034,1799,180,230,7242,323,152,475,7718,2364,547,10632,4718,1713,225,220,6878,309,129,440,7313,2707,505,10533,3675,1465,198,155,5499,225,112,335,5834,3490,463,9791,2201,1253,193,99,3748,133,87,224,3967,4815,428,9213,651,526,70,39,1283,15,21,39,1320,5471,439,7228,91,169,15,15,289,3,5,14,305,4981,434,5722,34,76,6,20,143,4,3,8,152,10169,1053,11371,44217,20942,2230,2470,69857,3754,2470,6228,76081,55096,7969,139152,333,2223,80,94,2734,196,875,1065,3799,6645,484,10921,3390,4396,159,307,8252,767,752,1522,9778,4095,767,14639
21205,41321,973,1547,2518,43837,30716,3413,77977,351,2492,132,104,3084,100,609,716,3798,6428,336,10564,3466,4275,255,268,8262,435,866,1297,9559,5418,696,15674,6345,2284,265,238,9129,438,221,660,9789,1943,583,12312,5381,1665,332,136,7515,268,131,407,7921,1661,402,9990,5482,2142,301,135,8055,219,141,356,8410,1751,337,10502,6027,2438,205,145,8812,281,149,432,9239,1765,330,11335,6063,2143,196,154,8556,234,133,368,8927,1583,299,10807,5484,2021,212,148,7866,178,92,271,8138,1571,309,10021,4137,1768,235,103,6243,151,85,244,6486,2231,309,9022,2450,1588,220,99,4351,71,78,148,4504,3874,284,8663,810,1019,88,41,1966,16,20,37,2001,5333,271,7606,180,434,37,19,675,4,6,15,690,5837,353,6879,78,219,24,32,353,0,6,8,364,12050,1361,13773,46255,24493,2506,1621,74876,2408,2546,4948,79826,51440,5877,137146,191,2615,121,100,3029,85,1001,1085,4119,7438,426,11986,2609,4748,228,209,7793,382,1215,1602,9390,7101,743,17233
21301,35843,1422,1806,3229,39070,33182,4908,77154,643,2412,120,174,3355,279,563,846,4198,7226,701,12126,4458,3388,246,452,8542,700,455,1155,9699,3125,1010,13830,6914,2382,351,386,10027,656,266,922,10953,2802,1160,14920,6145,1984,385,272,8786,492,220,709,9494,2748,985,13227,5666,2085,318,272,8334,462,238,699,9035,2764,816,12610,5472,2264,235,271,8233,450,245,697,8932,2682,800,12416,5363,2105,209,274,7948,360,167,533,8479,2509,705,11691,4817,1852,272,254,7193,361,175,533,7726,2921,675,11324,3709,1489,209,167,5570,222,131,354,5918,3846,592,10354,1907,1018,140,122,3185,152,93,241,3424,5033,594,9053,418,357,58,32,872,8,17,22,891,4975,518,6382,66,89,12,13,179,8,8,11,188,4223,459,4877,17,42,4,7,79,0,4,5,86,7022,1064,8170,45599,21449,2558,2684,72288,4159,2570,6732,79022,51875,10086,140978,402,2446,97,115,3054,274,972,1248,4308,6825,597,11720,3591,4519,204,325,8639,800,774,1575,10219,3533,908,14662
21302,20959,482,560,1038,21995,12871,1631,36501,302,1129,57,64,1553,109,226,342,1897,2532,218,4646,1762,1262,108,143,3269,217,125,343,3614,894,274,4775,2913,858,156,96,4027,182,57,243,4264,789,300,5347,3218,905,249,85,4455,144,51,197,4649,884,283,5812,3287,1219,197,84,4793,125,59,192,4978,1050,320,6350,3418,1350,151,70,4982,147,67,212,5200,982,303,6481,3338,1190,127,94,4745,142,58,206,4951,835,266,6049,2932,1047,147,63,4196,134,59,191,4384,958,244,5589,1987,823,131,49,2989,89,40,130,3123,1276,228,4628,1037,623,86,27,1776,48,28,69,1848,1952,242,4046,268,256,46,17,578,6,5,11,595,2226,206,3028,52,87,11,11,157,0,0,0,162,2199,215,2582,15,37,10,15,72,0,0,4,76,4852,713,5641,24527,10799,1478,807,37601,1351,789,2134,39740,21428,3801,64973,172,1222,55,31,1479,86,293,380,1865,2373,175,4414,1467,1524,70,87,3150,234,204,429,3580,892,246,4711
21303,22830,596,707,1301,24131,10133,1904,36173,143,591,46,25,800,72,207,282,1081,2028,246,3362,1597,1716,112,132,3553,215,302,517,4070,1650,619,6339,3855,1498,181,142,5672,264,143,405,6077,1070,745,7893,4104,1188,241,111,5644,202,92,296,5940,1030,571,7541,3585,1315,255,80,5233,178,68,250,5487,1045,405,6935,2865,1078,146,77,4164,152,75,230,4391,860,381,5633,2415,851,80,67,3413,135,65,199,3617,743,348,4706,1975,711,88,61,2841,140,56,198,3036,854,321,4202,1279,520,64,38,1903,94,42,136,2039,1050,257,3347,634,302,46,25,1006,46,38,83,1094,1270,193,2562,150,115,19,12,287,4,9,11,297,1320,159,1784,32,38,8,6,82,0,3,3,88,1366,165,1614,16,33,5,10,61,0,0,0,64,3344,441,3847,22633,9971,1287,779,34672,1509,1099,2608,37275,17633,4857,59767,106,854,37,29,1025,47,335,380,1410,2008,218,3633,1543,2412,103,95,4153,286,521,804,4958,1782,514,7254
21304,42267,1277,1743,3019,45288,27076,3923,76287,834,2000,107,142,3080,274,463,736,3823,4244,366,8429,3519,1750,144,229,5637,437,171,609,6239,1521,408,8173,5162,1312,315,210,6994,296,110,408,7403,1618,426,9447,5593,1824,412,183,8012,268,135,398,8411,2103,465,10975,5714,2008,277,199,8200,246,138,387,8588,2051,437,11077,5020,1921,236,153,7333,231,116,351,7689,1637,415,9732,4374,1496,197,124,6201,158,83,244,6436,1278,359,8078,3676,1253,178,146,5255,124,61,188,5444,1375,335,7154,2823,1118,175,87,4201,108,50,158,4355,1899,304,6554,1419,721,118,57,2314,73,50,117,2433,2740,263,5437,291,268,44,19,618,14,5,18,639,2543,222,3403,36,74,7,10,129,0,4,3,132,1882,154,2167,21,25,10,3,53,0,0,9,59,3144,350,3554,38473,15764,2222,1561,58023,2229,1391,3620,61642,28037,4500,94177,715,2739,106,100,3666,281,734,1019,4684,4981,456,10119,3314,2483,146,206,6149,610,352,955,7105,1950,566,9628
21305,62044,2474,2749,5224,67270,36947,6245,110460,937,2574,131,132,3770,354,555,904,4679,5757,516,10942,4588,2663,242,241,7738,561,294,854,8592,2311,603,11504,7780,2167,415,257,10613,586,220,809,11423,2631,742,14794,8542,2364,478,237,11624,465,214,680,12303,2969,760,16030,7709,2458,415,223,10814,376,191,560,11375,2591,689,14650,6998,2408,286,219,9915,312,142,459,10380,2014,605,12993,6244,2005,256,172,8674,303,113,419,9089,1619,507,11215,5029,1623,249,140,7038,196,90,284,7326,1690,406,9420,3433,1188,215,121,4954,170,90,260,5216,2127,374,7720,1678,947,161,67,2850,74,57,134,2985,2913,365,6261,433,338,39,26,839,8,12,17,858,2982,257,4096,68,95,9,14,178,4,4,15,190,2424,232,2846,25,39,8,14,93,3,0,6,100,3849,503,4459,53477,20856,2897,1868,79096,3421,1980,5403,84493,35878,6570,126943,618,3169,101,137,4022,340,1043,1381,5401,6998,589,12977,4051,4063,208,282,8605,845,698,1541,10148,2939,755,13841
21401,33566,582,935,1512,35082,20322,3212,58620,900,2416,110,163,3590,284,486,766,4354,3782,392,8527,3731,2014,198,213,6163,399,169,568,6727,1297,397,8417,4834,1280,261,135,6514,238,102,341,6861,1280,412,8545,4435,1482,309,139,6366,198,102,297,6660,1485,408,8553,4553,1888,262,117,6825,220,132,359,7183,1606,411,9201,4638,2174,225,165,7208,204,124,329,7536,1469,398,9403,4848,1943,218,128,7139,197,113,308,7444,1359,400,9199,4336,1729,294,133,6493,194,75,264,6758,1395,386,8541,3269,1510,248,75,5110,144,66,212,5325,1849,342,7517,1905,1360,180,68,3519,86,61,146,3664,2937,333,6937,531,588,74,38,1224,5,15,25,1248,3783,317,5346,99,183,19,9,318,7,10,16,332,3442,303,4075,26,70,11,11,120,3,8,11,133,6681,1081,7890,38126,18635,2418,1400,60582,2174,1460,3633,64214,32364,5570,102148,629,2528,92,98,3337,211,592,803,4144,3434,430,8006,3231,2392,151,156,5926,431,259,688,6620,1362,534,8511
21402,37014,438,770,1208,38225,31254,4442,73922,1244,2756,145,181,4330,206,373,579,4906,3835,374,9116,3230,1882,174,203,5490,280,120,400,5889,936,321,7144,3178,1024,191,108,4496,154,60,215,4715,926,261,5899,3045,1376,267,99,4789,151,77,228,5016,1198,234,6447,4094,2183,298,157,6733,143,114,258,6988,1609,388,8978,4824,2712,276,133,7944,172,138,305,8246,1539,464,10253,4990,2497,255,148,7893,151,105,257,8154,1300,450,9900,4794,2424,279,142,7636,152,98,248,7889,1397,423,9714,3713,2208,324,90,6336,148,96,248,6577,2349,343,9278,2326,2147,281,81,4841,89,96,190,5028,4706,462,10197,772,1169,135,39,2109,11,33,45,2161,6521,499,9175,182,442,42,24,691,3,10,18,702,6139,477,7324,63,210,33,32,338,4,0,3,345,12490,1798,14631,36456,23022,2700,1449,63626,1663,1330,2991,66622,44950,6488,118053,859,3000,147,116,4118,171,544,713,4835,3715,396,8950,3076,2257,128,148,5611,270,150,417,6027,985,396,7402
21501,12853,170,225,393,13251,10147,1803,25200,530,1072,42,66,1714,81,104,192,1906,1725,149,3778,1406,485,68,67,2023,120,43,157,2184,470,94,2751,1371,466,106,38,1981,68,25,95,2073,538,106,2718,1233,586,94,34,1950,57,20,80,2029,610,100,2741,1482,812,84,57,2432,66,22,88,2517,679,126,3320,1799,930,98,71,2897,71,33,110,3003,643,147,3791,2187,946,94,56,3286,64,34,97,3381,656,166,4208,2261,956,148,72,3442,46,24,70,3508,808,151,4476,1792,894,158,45,2887,47,28,73,2962,1164,173,4298,1160,725,144,38,2068,39,31,66,2138,1809,164,4103,415,395,78,25,912,0,6,6,916,2305,152,3371,204,200,20,12,438,0,5,6,442,2138,172,2753,143,146,40,27,358,0,0,0,358,5076,664,6090,15990,8621,1168,605,26381,652,378,1033,27416,18618,2361,48399,383,957,53,38,1442,89,113,207,1647,1525,167,3343,1209,666,69,52,1993,138,53,186,2177,494,158,2827
21502,12270,250,338,586,12857,9017,1889,23768,374,1030,68,56,1533,131,150,289,1816,1678,179,3677,1185,533,50,58,1826,186,68,255,2083,616,169,2868,1287,448,97,35,1877,124,50,175,2044,554,152,2748,1211,549,83,35,1886,103,37,142,2028,588,163,2775,1424,660,84,61,2220,85,53,140,2365,627,160,3157,1646,759,86,52,2548,111,40,147,2698,618,179,3497,1728,721,76,53,2578,78,35,116,2698,594,169,3464,1852,701,102,56,2701,62,38,96,2802,686,166,3659,1376,578,83,37,2079,57,28,84,2162,802,155,3119,790,480,86,45,1406,27,23,52,1455,1433,181,3066,224,212,26,35,499,0,0,3,504,1640,138,2287,73,100,12,16,193,0,0,0,195,1608,160,1957,45,60,8,14,127,0,0,5,130,3474,407,4013,13218,6836,870,548,21471,981,531,1510,22979,14921,2380,40282,306,1016,58,37,1418,109,218,327,1744,1537,244,3523,1208,678,58,46,1995,198,100,299,2296,567,288,3152
21503,7783,130,116,246,8028,6369,1345,15746,356,553,45,35,996,62,59,125,1123,1223,122,2467,892,281,25,64,1270,70,24,99,1364,340,114,1816,911,274,48,50,1282,51,16,67,1354,345,124,1824,852,364,44,31,1283,40,20,62,1349,387,93,1828,891,413,60,40,1400,44,33,78,1479,395,103,1974,1137,535,48,41,1773,60,23,82,1854,362,142,2353,1321,521,53,58,1954,57,22,74,2027,373,130,2534,1404,503,76,51,2036,35,18,55,2090,435,114,2634,1142,508,77,33,1759,31,19,41,1803,643,123,2565,700,454,80,37,1271,25,16,44,1313,1033,130,2467,282,230,40,21,570,7,8,11,576,1337,112,2030,110,122,17,15,257,0,4,4,264,1401,125,1791,95,75,22,11,192,0,0,0,197,3073,361,3630,10096,4834,643,485,16055,476,260,745,16799,11338,1786,29922,210,599,33,33,871,49,61,103,976,1091,170,2238,827,353,32,38,1249,72,22,101,1348,292,198,1842
21601,8518,107,171,286,8803,6474,1164,16442,341,661,45,46,1085,77,73,149,1231,1190,91,2511,792,320,47,36,1192,93,45,137,1327,314,74,1712,816,301,47,22,1191,56,17,70,1259,306,78,1644,737,377,65,36,1206,46,12,55,1262,286,78,1623,978,504,51,39,1585,37,26,67,1654,352,88,2092,1233,588,63,52,1939,49,18,72,2012,357,105,2471,1444,586,70,39,2140,40,21,55,2193,346,102,2637,1369,534,104,44,2054,35,21,55,2112,418,86,2616,992,529,119,38,1673,33,14,47,1717,673,119,2505,583,440,98,25,1141,22,13,31,1176,1071,100,2348,194,247,31,14,491,3,5,9,500,1545,92,2132,88,97,11,7,211,0,0,0,211,1394,104,1711,54,51,19,9,131,0,0,0,131,2725,395,3254,9620,5235,780,412,16042,488,265,750,16789,10966,1504,29255,286,676,41,44,1053,64,88,156,1206,1013,124,2347,765,379,40,46,1228,65,39,108,1336,308,113,1760
21602,6168,76,123,204,6375,5504,958,12834,233,502,40,33,803,51,51,102,903,810,79,1791,569,194,22,19,811,63,25,90,897,211,41,1152,599,219,50,28,894,42,16,61,960,261,60,1280,566,245,53,19,885,41,19,54,940,267,69,1277,730,367,48,22,1166,33,19,48,1219,279,94,1593,881,401,42,34,1363,33,14,48,1410,256,94,1760,986,410,61,20,1483,30,13,52,1530,290,82,1897,968,376,76,26,1449,34,20,50,1497,356,83,1937,795,377,68,14,1258,31,20,47,1307,526,69,1907,504,335,71,16,928,14,12,26,949,959,99,2014,170,163,18,13,365,6,6,6,364,1244,110,1725,60,61,13,10,143,0,0,0,143,1208,123,1478,47,49,10,14,116,0,0,0,116,2434,328,2879,7109,3697,574,275,11656,377,210,593,12247,9103,1333,22686,209,505,40,35,789,38,50,92,880,737,97,1709,596,279,44,45,957,62,34,96,1052,235,95,1381
21603,14550,242,350,590,15141,10770,2077,27985,461,1222,65,86,1839,147,174,318,2160,1984,207,4346,1575,608,67,63,2310,179,65,242,2552,695,232,3477,1802,472,125,51,2451,144,52,194,2646,710,205,3560,1561,648,121,47,2374,115,40,154,2529,755,185,3464,1776,859,123,71,2827,86,47,129,2960,802,212,3972,2028,936,99,68,3131,102,44,143,3272,735,192,4196,2132,894,113,66,3204,92,37,130,3330,637,202,4174,2040,798,155,55,3048,56,20,79,3128,733,191,4051,1599,778,135,44,2558,56,35,97,2652,936,151,3744,952,677,104,30,1768,32,20,57,1826,1423,134,3380,278,308,40,18,643,0,5,10,651,1795,146,2596,101,123,17,13,260,0,0,0,261,1706,135,2100,48,51,13,17,119,0,0,0,119,3711,434,4265,16344,8381,1169,632,26522,1012,548,1557,28078,16612,2642,47326,372,1223,58,87,1741,118,284,400,2141,1895,285,4319,1383,702,89,73,2244,197,98,295,2535,758,266,3559
21701,7932,108,168,283,8215,6497,993,15704,322,745,48,45,1158,55,75,130,1287,1167,80,2530,699,342,41,23,1105,87,26,116,1216,242,62,1523,810,279,66,28,1186,59,14,75,1263,295,71,1635,786,372,81,25,1265,46,32,71,1341,303,63,1711,964,504,77,33,1579,39,30,70,1654,336,86,2070,1123,637,62,37,1859,59,24,82,1938,363,82,2381,1354,671,82,48,2157,41,27,67,2218,388,72,2676,1300,634,111,47,2090,39,15,54,2146,474,94,2717,1125,603,124,37,1885,33,26,55,1942,695,115,2752,710,475,98,24,1308,17,16,30,1345,1100,109,2552,249,236,32,20,540,0,8,8,545,1283,96,1921,103,110,23,15,248,0,0,0,248,1245,97,1590,72,70,15,22,181,0,0,0,181,2770,282,3228,9630,5671,843,415,16563,471,293,763,17325,10667,1304,29293,218,647,40,48,953,65,71,145,1096,986,118,2194,628,380,41,32,1086,94,51,148,1232,301,115,1647
21703,8607,91,137,224,8836,6209,1064,16111,338,796,44,62,1243,46,62,109,1350,1089,74,2514,819,335,43,53,1253,63,25,84,1339,297,45,1682,817,312,70,35,1230,29,15,44,1275,305,64,1643,865,375,72,31,1338,34,15,52,1390,344,54,1786,1004,539,43,38,1625,29,26,54,1671,328,82,2078,1210,613,69,51,1950,37,15,48,1994,346,70,2410,1349,638,82,44,2116,31,18,49,2164,370,99,2628,1335,607,96,40,2080,34,29,67,2145,427,102,2673,1112,598,97,42,1838,23,13,37,1879,614,85,2575,671,493,89,21,1276,16,26,46,1325,1020,132,2478,287,287,46,33,651,3,0,3,653,1277,87,2025,121,101,6,13,248,0,0,0,248,1293,98,1632,61,81,25,19,177,0,0,0,177,2794,343,3317,9987,5786,775,473,17029,350,240,591,17614,10508,1327,29450,267,701,39,46,1053,42,67,106,1160,935,131,2221,813,436,43,41,1325,72,28,99,1425,278,132,1831
21704,12739,125,235,363,13097,8128,1354,22580,449,1199,68,62,1781,83,184,264,2046,1301,142,3484,1296,672,69,52,2086,128,55,182,2264,497,113,2870,1412,431,97,36,1975,78,23,98,2073,374,121,2569,1276,585,109,43,2013,49,25,72,2087,448,97,2627,1387,749,103,52,2294,50,25,74,2366,429,129,2928,1587,816,87,58,2552,54,43,97,2650,450,124,3225,1816,841,102,61,2817,54,27,80,2896,362,140,3402,1746,763,115,61,2678,46,33,83,2755,448,117,3315,1338,739,120,45,2244,45,26,69,2313,720,132,3169,812,583,79,32,1504,22,20,43,1545,1248,132,2928,271,240,38,20,563,4,8,14,580,1522,123,2222,107,120,13,15,254,0,0,5,259,1337,125,1726,59,84,8,26,183,0,0,0,183,3039,531,3754,13549,7830,1005,560,22947,615,462,1076,24018,12169,2033,38216,329,1150,41,60,1586,71,150,225,1811,1207,199,3218,1193,761,83,68,2099,120,72,186,2291,429,211,2926
29797,0,0,0,0,0,0,3,6,0,0,0,0,0,0,0,0,0,0,0,0,0,0,0,0,0,0,0,0,0,0,0,0,3,0,0,0,3,0,0,0,3,0,0,3,4,0,0,0,4,0,0,0,4,0,0,4,5,0,0,0,5,0,0,0,5,0,0,4,0,0,0,0,0,0,0,0,0,0,0,0,3,0,0,0,10,0,0,0,10,0,0,7,4,0,0,0,5,0,0,0,5,0,0,5,4,0,0,0,4,0,0,0,4,0,0,7,4,0,0,0,4,0,0,0,4,0,0,4,3,0,0,0,3,0,0,0,3,0,0,5,0,0,0,0,0,0,0,0,0,0,0,0,0,0,0,0,0,0,0,0,0,0,0,0,31,0,0,0,30,0,0,0,30,0,0,38,0,0,0,0,0,0,0,0,0,0,0,0,0,0,0,0,0,0,0,0,0,0,0,0
29999,771,105,79,191,961,1228,1186,3373,42,50,0,5,100,34,39,69,168,215,110,495,247,140,18,12,420,83,43,126,547,290,204,1037,335,146,23,14,505,98,27,127,633,276,220,1129,271,93,22,13,399,75,20,94,491,212,170,869,177,85,15,9,287,57,16,78,363,216,181,757,143,55,18,11,222,53,12,64,283,184,193,661,106,42,9,5,169,40,6,50,215,184,132,527,97,45,9,4,160,37,13,42,200,159,115,475,66,39,0,0,111,29,5,31,143,198,67,406,33,30,7,7,73,18,6,16,89,205,44,347,14,5,5,3,29,0,0,0,26,183,35,247,8,4,0,0,8,0,0,0,8,111,30,156,0,0,0,0,0,0,0,0,0,126,40,170,1533,745,127,79,2481,510,190,698,3179,2556,1535,7267,30,29,0,3,69,22,32,48,117,164,74,357,133,134,6,10,292,51,61,110,397,282,216,899
30101,18233,301,437,737,18970,10531,1260,30752,721,1862,89,97,2770,206,308,513,3284,1951,156,5391,2268,1178,119,107,3669,228,111,334,4005,594,125,4728,2350,690,145,72,3259,123,47,170,3427,500,127,4056,2223,772,166,49,3212,89,51,138,3353,563,138,4057,2552,1010,133,65,3751,111,63,172,3930,646,132,4704,2914,1113,110,90,4227,107,58,170,4394,578,155,5126,3195,1117,130,77,4521,97,37,136,4653,552,181,5393,3035,1048,173,66,4327,88,32,122,4446,666,175,5291,2373,913,129,55,3467,66,46,113,3584,1024,148,4754,1304,733,110,27,2171,39,43,80,2252,1719,140,4116,313,343,36,13,702,5,5,14,712,1864,94,2680,59,77,10,0,143,4,3,10,153,1686,96,1929,15,39,0,7,63,3,0,3,63,3047,305,3416,23317,10887,1361,725,36294,1168,811,1976,38269,15401,1972,55637,460,1806,52,49,2365,159,387,544,2910,1819,96,4828,1877,1401,101,73,3456,268,122,392,3850,531,142,4528
30102,21650,387,521,906,22560,15960,1601,40114,688,1798,81,118,2683,198,312,512,3195,1999,166,5365,1877,946,99,77,3002,196,89,280,3284,503,115,3895,2026,571,120,51,2766,113,34,142,2910,533,129,3569,1852,736,135,59,2778,82,49,132,2908,624,131,3661,2577,1065,137,60,3834,115,62,177,4002,696,170,4873,2964,1320,121,77,4478,107,65,167,4651,703,203,5558,3242,1197,140,80,4661,113,41,149,4811,702,180,5688,3021,1137,177,66,4402,115,53,163,4572,798,168,5542,2159,1022,168,41,3390,99,50,150,3538,1299,168,5003,1341,864,119,36,2356,53,57,114,2471,2340,197,5004,376,414,49,21,854,15,15,30,883,3031,160,4065,82,149,13,11,257,4,0,8,267,2498,151,2914,20,64,13,9,107,0,5,5,108,5209,530,5847,22218,11280,1364,710,35563,1205,833,2033,37601,20927,2469,60994,561,2040,71,56,2721,195,424,621,3340,1985,174,5498,1737,1243,76,66,3123,225,89,316,3436,548,160,4141
30103,18886,318,396,714,19598,9567,1126,30289,458,1312,61,66,1897,149,228,380,2270,1542,127,3943,1649,844,81,81,2661,186,71,260,2916,443,168,3529,2389,553,139,66,3145,116,41,165,3309,506,130,3947,2581,833,206,45,3658,111,41,159,3817,580,200,4600,3130,1056,173,67,4423,93,70,162,4587,709,214,5504,3101,1059,118,95,4377,102,41,142,4519,572,204,5293,2927,880,123,61,3980,92,50,137,4121,518,173,4819,2508,757,123,48,3433,84,44,133,3568,566,166,4296,1762,666,112,31,2577,77,28,104,2680,841,133,3652,1062,574,101,26,1761,35,25,63,1822,1461,132,3413,283,267,29,12,588,5,4,9,592,1761,109,2466,49,87,9,10,153,0,4,4,159,1566,113,1835,18,39,9,3,76,0,0,0,76,3518,304,3893,21929,8912,1283,615,32735,1048,652,1701,34437,14581,2185,51200,351,1516,53,47,1966,148,334,484,2448,1604,181,4229,1466,1127,74,47,2710,200,104,304,3017,456,190,3659
30201,12179,181,286,461,12642,6293,506,19441,283,968,42,40,1326,49,126,175,1507,921,56,2486,1209,701,75,41,2027,84,64,151,2184,275,92,2551,1483,380,96,36,1990,82,26,101,2092,222,89,2400,1309,466,110,38,1919,49,12,65,1983,288,83,2356,1499,560,111,35,2197,32,27,58,2257,331,83,2668,1621,624,68,43,2365,32,17,54,2421,291,63,2780,1558,555,57,29,2199,36,22,62,2256,275,75,2610,1536,523,83,37,2177,37,19,53,2231,330,76,2637,1193,459,98,28,1775,27,12,40,1812,513,47,2373,701,403,58,33,1199,19,10,36,1229,897,71,2201,209,241,17,9,473,6,5,13,485,1149,46,1679,56,79,7,4,150,0,0,0,150,1070,57,1275,15,41,5,0,69,0,0,0,69,2323,204,2595,12682,5999,819,372,19872,456,343,802,20671,8892,1056,30616,162,971,26,21,1183,67,219,281,1460,1011,60,2530,1141,855,56,38,2089,110,97,205,2295,316,107,2716
30202,19722,399,458,862,20587,10117,1441,32142,386,1302,68,54,1811,129,223,356,2165,1478,116,3755,2113,1269,113,100,3592,211,99,307,3897,588,268,4755,3279,832,152,70,4330,156,53,213,4543,568,287,5397,2969,811,237,67,4084,114,62,170,4252,588,242,5086,2947,1042,210,73,4270,105,50,159,4434,675,231,5341,2697,1002,120,57,3882,101,46,142,4028,590,184,4802,2480,828,103,63,3474,95,32,123,3598,497,159,4260,2182,736,109,45,3072,81,27,105,3181,568,149,3898,1678,618,115,38,2447,49,26,76,2524,795,109,3432,950,532,83,29,1596,39,21,56,1655,1231,113,2995,274,297,46,18,633,7,8,14,642,1623,121,2382,54,116,9,8,193,0,0,0,188,1805,111,2112,23,61,11,12,111,3,0,6,113,4999,690,5805,22040,9461,1369,620,33490,1085,647,1733,35224,16014,2778,54018,247,1292,46,25,1612,85,302,380,1997,1488,118,3605,1897,1541,111,65,3617,221,162,378,3996,627,298,4920
30203,11883,247,256,496,12384,5157,701,18239,237,629,34,35,931,81,116,193,1128,939,110,2181,1189,677,64,49,1987,122,68,190,2176,369,151,2697,1944,582,100,39,2668,78,46,125,2792,381,149,3318,1767,478,124,41,2419,72,38,111,2531,339,148,3019,1615,534,103,34,2289,54,36,92,2379,346,152,2881,1439,509,67,27,2046,58,32,88,2129,301,113,2543,1316,408,57,28,1819,52,23,78,1893,276,105,2281,1242,367,75,35,1719,35,14,56,1765,276,98,2140,993,322,62,19,1397,43,6,52,1447,405,90,1939,594,266,47,24,923,23,13,38,961,657,90,1709,146,140,20,10,313,4,3,9,315,846,67,1226,30,47,5,3,92,0,0,0,90,808,41,943,8,19,3,0,37,0,3,3,41,1850,189,2080,12514,4993,771,358,18645,617,401,1020,19662,7802,1489,28950,139,691,30,20,880,62,164,222,1106,799,54,1957,1211,857,50,38,2148,136,113,247,2404,376,177,2957
30204,15038,313,379,700,15736,9247,1043,26022,381,1106,56,50,1595,124,175,298,1895,1343,141,3377,1448,792,75,67,2383,165,62,231,2618,449,170,3234,2051,577,119,64,2811,118,45,163,2974,433,184,3584,2114,609,153,53,2931,97,46,142,3066,524,149,3736,2164,801,122,57,3149,81,47,126,3277,541,187,4007,2149,811,100,58,3120,77,48,128,3245,492,165,3895,2134,717,96,62,3012,79,25,102,3115,455,153,3722,1954,663,114,37,2764,62,30,93,2858,511,129,3499,1449,575,75,34,2131,45,29,74,2202,743,132,3081,847,467,58,14,1389,29,19,45,1433,1297,151,2884,201,204,31,13,445,0,5,5,452,1623,122,2195,35,73,5,4,120,0,0,0,118,1471,115,1712,12,22,4,7,50,3,0,3,52,3460,455,3971,16924,7438,1019,526,25909,889,517,1408,27309,13329,2242,42888,264,1155,54,27,1500,107,302,411,1914,1221,148,3286,1348,1089,48,52,2531,185,111,297,2826,508,200,3537
30301,15035,221,354,578,15611,6975,653,23245,261,1143,58,42,1504,68,173,238,1739,1281,77,3095,1494,1061,81,54,2688,118,71,184,2871,435,111,3421,2108,533,102,68,2813,87,36,123,2933,317,144,3403,2044,567,141,28,2773,61,27,90,2866,395,121,3381,2140,736,143,37,3061,59,39,91,3152,430,119,3705,2055,870,68,37,3023,61,34,89,3110,372,119,3604,1966,672,73,47,2757,49,24,72,2831,349,101,3277,1814,627,84,35,2560,45,28,76,2631,385,101,3118,1359,525,84,19,1987,38,16,62,2046,572,77,2691,776,420,70,15,1286,23,23,48,1328,874,76,2281,191,222,18,11,440,3,8,11,451,1115,57,1626,49,60,4,3,114,0,0,0,116,1105,64,1285,19,45,0,5,71,0,0,0,71,2857,260,3186,16280,7474,932,393,25078,611,472,1081,26153,10490,1429,38071,182,1152,45,32,1413,51,234,283,1698,1317,117,3132,1390,1274,64,42,2773,138,105,244,3016,469,181,3662
30302,23345,442,590,1030,24368,9078,1435,34884,268,1153,52,45,1515,70,207,283,1801,1395,134,3324,2480,2095,143,101,4818,197,217,421,5234,1169,381,6781,4381,1411,208,87,6085,183,119,305,6395,898,425,7717,3610,1030,251,70,4958,129,76,204,5159,735,347,6247,3059,1057,199,64,4375,118,55,176,4551,692,262,5506,2744,1085,111,52,3992,72,43,122,4109,587,227,4928,2400,776,73,56,3315,90,41,129,3442,523,220,4189,2046,660,114,42,2864,75,31,103,2970,528,174,3672,1489,566,89,29,2174,53,19,79,2252,742,164,3156,876,459,61,22,1428,45,22,69,1496,1041,149,2685,261,236,33,12,538,4,10,16,550,1184,115,1846,49,116,13,7,181,3,4,5,188,1097,99,1385,14,59,3,8,87,0,0,0,86,2992,425,3501,23688,10702,1339,589,36316,1059,854,1912,38221,13591,3124,54940,189,1299,48,28,1558,79,356,429,1988,1558,209,3756,2222,2629,127,79,5061,237,393,627,5688,1323,518,7529
30303,19230,469,688,1159,20385,11473,1256,33114,382,1295,68,66,1808,118,317,433,2241,2165,157,4556,1838,1663,145,88,3736,213,246,464,4193,1639,260,6095,2919,1034,147,92,4190,201,85,289,4473,877,253,5597,2538,842,200,61,3642,126,65,190,3831,720,199,4748,2397,955,127,57,3543,104,51,153,3695,710,150,4556,2411,987,114,63,3563,89,60,153,3713,643,158,4515,2422,863,78,53,3423,75,39,113,3534,633,143,4315,2189,756,80,54,3086,71,37,109,3194,628,125,3941,1615,675,90,39,2419,49,23,81,2502,863,130,3490,995,595,66,32,1691,32,22,56,1745,1463,120,3332,297,260,48,11,607,4,8,17,623,1888,99,2611,73,114,13,5,207,0,3,3,213,1785,133,2130,31,61,3,7,104,0,0,0,107,3630,557,4299,20099,10100,1196,626,32016,1086,963,2046,34065,17636,2491,54194,222,1436,62,31,1750,101,443,541,2288,2285,162,4743,1575,1841,74,77,3568,243,335,577,4142,2058,301,6506
30304,10175,190,280,468,10641,5159,577,16385,175,724,47,37,976,50,163,209,1186,1079,122,2386,838,887,77,57,1860,105,178,284,2143,957,215,3320,1519,640,78,54,2304,95,70,169,2471,486,206,3167,1538,526,129,38,2231,62,39,106,2336,444,176,2954,1467,568,101,37,2173,66,33,101,2271,426,154,2857,1486,601,70,32,2189,66,33,99,2285,350,140,2771,1294,495,56,32,1880,57,23,79,1956,331,96,2386,1101,412,46,23,1583,45,15,63,1644,312,87,2041,773,287,55,19,1142,39,13,47,1187,419,89,1698,481,263,43,19,805,22,8,29,841,695,86,1624,150,143,19,3,308,3,4,9,316,890,64,1278,36,42,6,0,85,0,0,0,88,904,80,1069,9,43,0,5,58,0,0,0,58,2247,202,2514,10887,5642,721,361,17603,614,576,1194,18797,9546,1724,30059,122,724,31,30,900,44,234,279,1181,1047,109,2330,779,1125,53,58,2022,145,224,370,2393,897,220,3504
30305,15735,435,533,972,16709,9328,1105,27137,366,1124,56,62,1607,108,218,324,1930,1888,162,3982,1490,977,59,76,2599,181,150,325,2925,905,216,4050,2411,757,116,84,3366,149,63,210,3574,668,239,4481,2501,778,157,55,3488,111,52,159,3646,605,214,4466,2247,742,94,73,3155,96,47,143,3303,616,192,4111,2201,750,66,60,3079,95,48,136,3217,557,177,3956,2161,685,76,64,2989,79,39,120,3109,510,151,3773,1858,617,82,49,2610,62,39,98,2701,575,119,3397,1354,526,62,44,1976,55,32,84,2061,781,124,2972,772,400,71,38,1281,40,18,56,1343,984,98,2424,184,158,20,4,368,3,7,11,383,1122,55,1550,34,53,8,3,97,0,0,0,99,975,73,1151,3,18,6,0,29,0,0,0,31,1698,196,1930,17578,7587,870,613,26650,971,714,1679,28328,11894,2016,42235,268,1074,40,46,1426,125,343,465,1886,1883,156,3930,1291,1165,60,84,2602,247,212,455,3064,1029,179,4265
30306,10613,336,406,743,11356,8296,905,20559,211,808,43,35,1096,72,211,291,1384,1743,111,3242,1119,1270,83,92,2564,186,286,475,3038,1656,230,4927,1896,874,87,81,2937,211,81,292,3223,845,212,4279,1765,634,98,52,2548,115,53,163,2712,672,139,3527,1605,610,89,43,2346,93,49,139,2488,607,119,3215,1503,559,54,62,2182,77,36,115,2290,506,116,2915,1526,569,58,55,2207,75,28,101,2316,523,106,2942,1443,521,69,47,2081,53,24,81,2163,546,96,2798,1107,503,60,39,1704,38,22,61,1766,795,111,2668,741,396,61,18,1215,21,12,39,1251,1055,94,2398,194,182,18,8,403,4,11,14,422,1227,59,1704,33,76,5,3,116,0,6,8,123,967,51,1144,4,21,9,0,39,0,0,0,45,1853,199,2095,13135,7028,736,536,21433,955,832,1784,23218,12993,1643,37849,110,708,36,11,867,79,248,323,1194,1729,115,3037,931,1362,42,71,2404,234,306,543,2945,1592,202,4743
30401,8293,131,191,325,8613,4951,273,13842,179,753,23,24,976,50,142,190,1171,1049,45,2267,795,586,48,33,1454,91,62,155,1612,274,59,1941,1176,266,70,17,1531,44,24,73,1602,190,59,1853,1141,380,95,26,1638,25,20,41,1685,263,52,2004,1319,525,84,34,1969,41,14,56,2024,301,53,2381,1448,575,57,37,2117,40,26,63,2180,285,65,2525,1525,477,43,25,2074,45,17,61,2133,216,71,2416,1478,447,56,25,2010,50,15,64,2080,290,49,2419,1183,398,58,21,1664,39,15,54,1716,383,42,2146,698,379,50,20,1144,11,13,26,1171,744,52,1971,218,183,24,9,440,3,12,11,452,789,38,1278,44,59,7,3,115,0,3,3,119,648,27,797,8,28,0,0,34,0,0,0,34,1454,108,1598,11218,5064,630,267,17182,440,365,808,17987,6884,729,25599,93,786,17,16,916,51,188,233,1149,990,34,2176,616,669,32,25,1335,66,82,150,1485,276,64,1821
30402,11654,170,297,464,12109,6841,465,19415,187,1197,53,38,1472,49,180,228,1704,1794,75,3570,795,1014,83,40,1930,81,82,161,2093,455,59,2604,928,302,62,27,1321,54,34,79,1403,218,42,1659,1037,395,91,29,1553,33,21,52,1604,266,46,1917,1497,649,98,27,2273,37,27,66,2340,434,61,2837,2042,850,71,41,3007,30,32,68,3073,453,76,3596,2111,800,64,52,3023,49,32,86,3103,373,89,3567,1914,701,57,39,2713,48,13,64,2776,382,85,3235,1492,579,82,26,2179,46,12,59,2236,486,58,2780,992,517,74,27,1605,29,13,39,1652,900,64,2618,348,346,28,10,738,8,16,19,758,1198,73,2027,73,128,9,5,216,3,0,5,224,1129,59,1408,33,85,11,8,131,0,5,5,135,1976,392,2505,13442,7562,797,361,22164,464,467,928,23092,10050,1180,34324,128,1231,40,19,1419,37,331,362,1779,1704,75,3559,735,1137,53,18,1941,115,148,254,2201,435,101,2735
30403,13913,305,590,891,14808,7913,832,23558,153,1244,110,30,1533,44,416,464,2005,2159,183,4345,1670,2301,217,75,4270,166,444,610,4881,2606,427,7911,2363,841,104,42,3362,138,106,244,3605,966,305,4873,1805,496,120,28,2448,82,64,144,2589,594,174,3359,1541,582,85,33,2245,56,50,105,2355,518,143,3007,1440,551,64,15,2067,44,37,77,2149,388,112,2650,1454,486,38,16,1998,51,17,63,2061,311,101,2472,1463,496,51,19,2033,37,23,52,2093,310,109,2514,1119,421,65,12,1617,34,19,52,1672,462,105,2244,767,424,68,6,1268,16,13,31,1297,755,86,2134,248,248,24,8,533,9,8,13,554,883,58,1492,61,103,4,9,178,0,7,7,187,777,69,1028,30,46,0,3,80,0,0,0,80,2130,325,2536,14118,8252,953,307,23632,684,1194,1882,25513,12864,2201,40579,96,1341,98,106,1640,31,542,575,2212,2360,185,4754,1297,2427,152,70,3942,186,569,755,4698,3307,457,8466
30404,14005,197,348,548,14551,7154,577,22288,415,1116,37,43,1607,102,190,292,1906,1288,76,3268,1749,952,101,68,2869,132,77,200,3071,416,92,3579,1864,498,143,47,2555,68,42,115,2670,342,105,3115,1841,568,173,43,2625,56,33,80,2704,404,72,3186,2032,815,163,58,3072,61,27,90,3158,516,99,3775,2112,806,90,39,3046,61,37,95,3139,401,91,3633,1916,750,74,25,2767,41,25,65,2834,353,71,3263,1688,578,81,28,2384,43,12,51,2426,380,78,2880,1302,545,74,21,1940,29,13,42,1983,563,81,2629,741,420,74,13,1246,29,22,46,1293,1042,61,2396,215,218,31,8,467,3,9,10,476,1286,47,1804,31,84,6,5,125,0,3,4,133,1078,54,1259,13,30,3,0,43,0,0,0,43,2605,308,2963,15910,7385,1051,398,24748,613,478,1095,25840,10677,1239,37757,305,1129,43,28,1506,94,274,358,1862,1316,81,3262,1400,1025,81,50,2560,165,113,280,2842,431,136,3408
30501,25467,702,922,1622,27089,9780,2888,39755,195,674,47,27,928,53,190,242,1169,1242,311,2727,2326,1972,158,89,4546,187,313,502,5049,1576,1040,7664,5385,1617,174,90,7272,265,194,457,7731,1143,1314,10188,4188,960,145,65,5368,169,83,251,5616,684,784,7085,2560,663,111,29,3365,121,51,169,3537,571,531,4641,2097,507,92,27,2721,112,46,158,2878,469,413,3766,1779,462,66,24,2330,78,34,116,2445,439,352,3235,1681,442,67,25,2216,96,34,123,2345,511,360,3219,1399,465,51,24,1937,53,33,92,2027,683,311,3018,888,371,63,17,1341,35,24,58,1403,898,217,2513,292,208,23,15,538,6,11,13,549,983,181,1714,74,107,14,3,199,7,7,11,212,808,132,1151,24,52,3,12,100,4,0,4,105,1813,459,2370,22886,8504,1021,451,32864,1183,1008,2194,35061,11823,6402,53277,155,842,32,25,1050,46,303,350,1409,1544,270,3220,2346,2587,98,98,5131,239,492,729,5861,2109,794,8767
30502,13311,211,271,482,13799,4302,811,18908,163,632,42,27,863,41,111,154,1018,836,80,1936,1462,904,65,48,2481,88,85,170,2654,355,200,3212,2795,666,108,53,3619,80,40,112,3733,314,281,4334,2383,555,144,31,3110,61,36,101,3212,353,206,3773,2132,597,121,28,2876,39,32,75,2952,400,176,3525,1877,590,85,30,2579,67,29,96,2679,341,191,3207,1597,458,50,25,2126,45,21,64,2192,270,127,2591,1329,367,52,21,1774,38,14,52,1825,290,124,2236,940,298,57,18,1311,35,23,61,1371,382,87,1834,479,250,36,9,772,4,18,24,797,526,99,1416,136,148,7,8,298,3,3,7,301,525,55,885,32,55,5,3,95,0,0,3,95,498,43,639,12,18,0,3,40,0,0,0,43,1229,156,1422,15337,5542,773,288,21949,513,413,921,22863,6314,1829,31006,115,783,40,20,962,19,144,163,1124,890,92,2113,1247,1100,57,45,2454,91,128,213,2663,378,193,3237
30503,30269,575,646,1221,31493,10615,2053,44165,328,1439,78,50,1889,70,268,337,2233,1828,160,4220,2968,2279,159,79,5487,203,234,439,5923,1191,412,7533,5270,1390,227,78,6961,186,83,272,7234,852,467,8553,4171,1045,266,63,5548,143,66,211,5757,777,358,6891,3653,1050,239,57,4997,115,55,163,5160,798,272,6231,3487,1141,178,41,4848,114,37,149,4998,738,273,6010,3093,944,109,64,4210,108,47,156,4361,577,214,5158,2670,778,118,37,3608,86,43,131,3734,602,226,4570,1986,627,94,38,2738,65,30,94,2833,758,175,3763,1243,571,103,18,1929,46,27,71,2000,1154,172,3333,391,353,38,7,783,4,6,13,804,1294,134,2230,110,147,13,10,277,4,0,0,284,1215,90,1584,37,87,18,6,147,0,4,4,149,3097,323,3569,29402,11843,1637,552,43432,1144,897,2041,45479,14886,3287,63647,272,1660,61,43,2040,70,392,462,2499,2027,254,4782,3030,2858,137,98,6123,209,395,601,6728,1728,681,9137
30504,17887,260,421,687,18574,6315,814,25702,235,1171,70,35,1512,55,228,277,1784,1505,114,3406,2216,2162,175,69,4617,143,229,366,4986,1194,239,6416,3797,1073,155,47,5078,136,75,212,5291,590,320,6203,2866,778,190,37,3871,106,55,158,4028,465,235,4729,2454,798,162,47,3464,59,29,92,3555,574,196,4321,2307,821,115,35,3279,55,37,94,3374,410,153,3937,1981,739,79,32,2842,52,20,84,2923,342,149,3407,1808,565,79,31,2489,44,23,78,2560,321,128,3011,1364,515,79,23,1981,42,27,64,2046,460,115,2624,799,453,82,13,1338,26,13,37,1379,719,94,2194,245,240,28,8,524,9,6,13,539,822,66,1425,64,102,11,5,187,0,0,0,182,766,68,1016,18,37,3,4,63,0,5,5,67,1801,175,2046,20155,9460,1230,390,31239,728,746,1475,32712,9967,2062,44739,174,1258,61,28,1525,43,307,350,1874,1562,132,3575,1844,2253,99,58,4248,157,304,455,4710,1285,467,6454
30601,15252,256,415,669,15920,6818,1369,24104,428,1175,57,68,1726,121,136,257,1979,1161,156,3297,1005,494,68,49,1611,113,53,169,1778,346,132,2264,1442,475,119,37,2074,79,36,116,2190,340,138,2665,1557,585,158,40,2340,60,36,99,2440,451,153,3048,1941,873,135,48,3000,80,45,130,3128,557,182,3860,2213,913,120,65,3309,86,55,140,3443,495,228,4160,2293,878,110,53,3340,109,47,156,3493,413,200,4104,2059,744,140,41,2988,84,37,109,3104,421,203,3725,1513,595,102,31,2240,76,26,104,2343,579,171,3086,833,470,82,21,1406,55,36,89,1495,898,139,2537,240,238,25,16,514,13,9,15,533,1102,97,1734,52,51,6,0,111,0,5,0,115,837,58,1009,14,24,4,3,46,0,0,0,50,1146,196,1386,15579,7522,1129,469,24701,876,507,1385,26081,8743,2047,36875,279,1170,46,25,1517,91,243,337,1851,1268,192,3318,1027,697,44,49,1808,127,90,213,2023,432,208,2662
30602,24265,669,778,1443,25705,13440,4329,43471,856,1592,106,120,2670,297,275,573,3239,2469,558,6274,2463,1062,133,146,3801,384,147,534,4337,1094,686,6119,3398,1052,198,136,4774,313,129,438,5214,1082,747,7045,3286,1200,243,86,4815,260,117,380,5197,1234,677,7106,3537,1392,198,106,5231,256,115,370,5597,1160,651,7410,3528,1377,196,119,5217,232,112,340,5558,975,601,7136,3294,1238,188,99,4816,205,86,291,5112,985,531,6618,3122,1071,162,82,4434,160,63,223,4658,1057,536,6254,2316,976,173,67,3528,131,40,177,3708,1260,466,5426,1425,798,123,50,2397,103,45,154,2546,1858,381,4783,460,369,49,24,894,15,9,21,919,2189,281,3390,104,150,10,14,273,0,0,0,279,1787,217,2285,45,79,13,8,148,0,0,0,150,3320,544,4017,27807,12360,1793,1044,43009,2360,1143,3497,46510,20473,6878,73855,577,1767,82,70,2497,259,394,646,3144,2607,559,6306,2325,1404,127,97,3948,378,198,574,4531,1094,718,6345
30603,6693,269,207,470,7164,5684,1333,14187,367,534,28,63,991,158,57,213,1209,916,112,2232,658,274,32,57,1018,184,42,223,1238,377,101,1722,710,296,41,48,1097,134,43,177,1270,324,122,1715,682,329,50,33,1092,98,35,137,1228,365,77,1670,861,381,35,49,1324,83,34,115,1441,383,102,1924,1062,488,45,49,1644,113,36,148,1790,343,108,2238,1231,514,60,49,1868,96,33,134,2001,435,135,2568,1290,549,91,43,1970,71,23,96,2064,497,130,2693,1009,449,87,39,1591,59,25,86,1677,647,117,2442,632,275,46,22,978,36,23,57,1037,958,135,2130,196,144,25,16,381,5,3,5,385,1195,103,1686,99,80,6,8,201,3,0,0,206,1031,99,1337,57,42,13,8,123,0,0,0,122,1884,231,2241,8853,4362,562,491,14268,1047,351,1399,15666,9348,1591,26605,232,505,16,37,796,115,76,188,985,888,135,2002,706,340,27,38,1110,146,38,187,1294,360,150,1797
30604,2879,40,61,100,2979,1558,576,5116,89,148,8,17,264,20,13,33,293,189,62,544,264,115,12,8,406,17,13,26,428,62,77,569,337,106,28,10,489,30,8,40,518,81,76,680,340,138,23,6,503,9,14,27,531,101,70,703,380,179,25,16,595,19,12,33,624,122,76,827,428,187,29,17,658,16,5,26,685,101,77,858,452,198,29,13,693,19,4,25,713,124,87,926,383,165,33,11,581,25,13,34,615,149,73,842,285,167,17,14,490,16,8,21,509,188,69,759,197,127,14,15,353,11,10,22,374,288,66,725,63,77,0,9,159,0,5,8,162,333,46,539,19,33,6,4,65,0,0,0,66,254,42,360,16,16,3,0,36,0,0,0,36,362,46,448,3259,1659,228,133,5281,184,103,285,5564,2345,868,8776,79,147,6,12,241,8,15,21,269,209,48,525,239,87,9,9,342,21,15,31,375,56,77,511
30605,8718,187,234,420,9141,7140,1786,18069,303,678,54,44,1076,114,84,198,1277,1001,133,2402,624,276,38,28,970,97,34,133,1104,386,102,1594,744,262,50,30,1087,81,32,111,1198,408,108,1709,695,318,61,28,1111,74,28,102,1216,355,111,1686,958,479,68,37,1542,79,27,106,1653,487,141,2275,1197,590,71,38,1893,62,34,103,1993,376,168,2543,1292,594,77,44,2006,75,33,106,2117,458,146,2724,1282,608,71,36,2003,80,33,115,2114,528,168,2813,1112,580,80,43,1810,63,24,86,1903,791,156,2842,694,468,78,32,1270,27,29,60,1332,1300,153,2783,273,242,25,22,565,6,8,13,580,1643,161,2387,77,78,15,14,187,0,6,5,196,1480,123,1800,38,52,8,8,99,0,0,0,99,2346,411,2859,9305,5214,697,412,15626,770,386,1148,16774,11551,2084,30416,257,685,29,33,1009,80,80,153,1167,953,184,2304,675,314,34,30,1051,128,51,176,1228,352,209,1788
30701,9718,202,170,374,10091,5411,1888,17391,610,583,33,50,1279,67,57,133,1411,880,201,2490,1280,320,65,58,1721,72,29,99,1819,357,168,2348,1479,395,91,58,2023,56,26,81,2105,406,184,2700,1402,493,87,42,2023,36,16,55,2072,426,213,2706,1545,564,60,65,2238,53,13,63,2300,399,228,2927,1752,585,61,67,2467,51,25,72,2544,365,223,3134,1697,554,74,65,2380,51,17,66,2445,364,198,3012,1687,438,76,74,2283,23,11,33,2313,459,201,2972,1308,402,70,46,1829,27,15,38,1870,577,154,2603,966,378,72,43,1461,18,18,36,1498,830,150,2472,486,212,34,17,750,4,3,11,758,1021,137,1915,197,122,22,21,367,0,0,5,364,1087,133,1586,137,95,26,25,288,0,0,0,288,1915,249,2448,14552,5140,781,625,21094,458,229,687,21784,9082,2451,33314,404,623,48,47,1112,76,68,146,1258,959,237,2460,1162,398,59,29,1651,101,54,148,1801,326,249,2375
30702,8824,180,219,398,9223,6473,1401,17095,518,735,35,58,1346,92,56,150,1494,1050,197,2739,1048,276,47,41,1417,82,29,108,1526,345,133,2006,1058,283,63,42,1442,59,24,81,1526,394,166,2084,958,349,78,33,1425,52,23,74,1501,427,149,2083,1247,491,64,57,1850,41,24,65,1920,440,184,2542,1447,578,43,62,2130,36,24,59,2191,410,221,2823,1490,490,53,35,2071,32,10,42,2115,395,161,2677,1476,480,87,43,2083,38,11,45,2124,472,170,2776,1234,446,68,35,1779,27,8,40,1819,629,149,2592,810,364,57,36,1267,15,14,27,1297,1024,150,2463,363,241,38,16,658,4,6,12,674,1352,114,2134,155,111,6,10,282,0,0,0,281,1194,135,1604,117,95,19,15,241,0,0,0,241,2214,316,2767,11914,4934,660,484,17994,479,229,706,18700,10352,2243,31295,408,730,50,49,1231,119,108,227,1463,1055,181,2691,1054,422,39,46,1560,140,45,185,1745,353,138,2237
30703,8471,175,195,372,8841,7401,1349,17591,408,788,35,59,1297,102,72,170,1472,978,98,2540,836,297,38,28,1199,95,30,126,1328,291,64,1686,718,329,43,30,1121,63,25,90,1209,350,61,1627,802,391,56,24,1278,44,24,62,1345,417,84,1846,963,508,65,42,1578,64,33,96,1672,460,79,2214,1169,537,56,46,1811,50,19,69,1881,353,106,2341,1269,547,54,42,1912,54,28,79,1993,470,105,2575,1314,586,75,44,2021,51,32,80,2096,569,95,2763,1067,567,79,41,1753,31,23,58,1812,867,94,2769,815,475,73,36,1400,19,20,41,1438,1345,119,2905,321,242,25,21,608,0,4,4,614,1640,129,2376,110,107,11,22,256,3,5,4,257,1436,99,1795,77,78,12,15,178,0,0,0,178,2628,330,3130,9878,5464,628,444,16413,574,306,875,17290,11812,1456,30554,323,739,43,37,1141,89,81,168,1307,1027,126,2460,778,403,42,35,1258,127,44,169,1427,373,117,1920
30801,6505,135,114,251,6759,2652,1045,10451,516,511,26,44,1100,70,50,119,1214,623,167,2006,1198,224,57,41,1521,52,20,65,1584,241,200,2025,1498,323,90,41,1956,44,12,54,2007,373,202,2584,1312,312,84,33,1738,31,13,43,1786,381,198,2358,1279,416,72,53,1819,19,13,34,1849,299,190,2341,1298,407,54,45,1805,20,5,26,1830,229,197,2257,1316,327,56,33,1733,24,11,38,1770,218,188,2174,1170,280,61,41,1542,25,14,35,1581,232,163,1977,861,201,62,26,1154,16,3,25,1182,291,131,1600,456,138,34,15,647,7,6,14,655,359,113,1130,187,70,13,13,274,3,0,3,276,374,78,728,79,30,10,6,121,4,3,0,126,306,72,500,39,12,12,5,69,0,0,0,69,390,110,567,11194,3244,629,404,15477,314,145,460,15934,4312,2010,22259,253,446,28,21,738,79,55,134,877,596,182,1653,859,298,53,20,1231,78,33,109,1338,246,241,1827
30803,26985,612,743,1350,28338,17306,3463,49107,1484,2361,142,160,4145,289,312,598,4745,2887,473,8106,3437,1180,159,167,4945,310,102,419,5362,1117,495,6971,3758,955,240,140,5084,209,90,300,5384,1156,479,7022,3177,1144,223,115,4660,181,85,265,4922,1175,454,6552,3393,1337,210,127,5070,153,70,226,5298,1081,436,6812,3851,1400,191,120,5566,152,81,238,5803,1028,502,7330,4100,1460,210,132,5901,146,65,209,6107,1091,538,7744,4026,1330,247,113,5715,133,59,186,5907,1254,537,7693,3142,1101,220,93,4557,80,43,132,4685,1761,386,6838,1651,893,155,54,2757,53,34,90,2841,2796,450,6090,476,385,55,29,944,3,10,15,958,3394,338,4698,124,154,19,22,318,0,3,0,324,3070,339,3738,56,78,13,22,176,0,3,3,176,5530,1192,6896,32677,13783,2086,1300,49839,1711,959,2677,52519,27358,6621,86495,749,2510,125,81,3472,417,443,859,4331,3097,471,7891,2983,1520,152,99,4760,540,197,738,5497,1194,547,7234
30804,3189,54,37,86,3279,1554,720,5556,244,211,16,17,480,22,15,42,523,269,34,820,485,107,21,12,616,21,10,25,647,106,50,804,571,161,42,17,798,18,9,22,819,152,54,1026,543,182,36,19,775,13,14,24,803,172,45,1022,573,186,31,19,812,11,10,18,832,146,37,1012,592,177,15,31,814,7,4,10,823,113,52,988,637,197,37,21,893,14,5,18,911,97,47,1049,583,174,39,23,823,5,3,11,841,131,41,1004,461,139,36,19,646,4,5,10,655,176,30,863,290,89,19,10,414,6,0,9,426,229,27,680,148,56,11,10,221,0,0,0,228,291,30,547,75,35,5,7,127,0,0,0,130,311,54,489,50,29,11,13,107,0,0,0,107,551,95,748,5250,1747,321,210,7526,130,76,201,7729,2733,592,11058,182,215,9,9,416,27,22,51,467,247,59,774,419,114,23,15,569,32,15,42,614,108,60,781
30805,13205,490,550,1042,14252,8760,1585,24597,932,1123,98,111,2263,157,116,273,2533,1171,257,3961,1980,451,86,90,2604,131,42,174,2772,431,271,3471,2152,458,123,84,2820,90,44,135,2948,670,337,3958,2006,596,148,66,2812,77,48,121,2938,642,302,3884,2391,746,126,73,3333,53,47,102,3439,692,282,4413,2449,770,101,90,3411,99,52,152,3565,560,352,4475,2519,737,128,81,3466,85,33,116,3582,552,310,4441,2334,688,138,61,3221,80,37,121,3341,666,304,4314,1582,562,113,49,2301,53,18,73,2376,917,220,3511,986,343,82,36,1446,32,22,58,1495,1264,210,2966,252,157,28,13,447,3,0,4,450,1426,142,2023,46,58,3,7,119,5,0,8,126,1093,120,1344,13,25,4,0,43,0,0,0,43,1648,213,1906,19638,6710,1180,757,28285,869,462,1327,29616,11727,3319,44660,433,1138,52,49,1674,218,221,441,2114,1416,273,3803,1571,683,62,45,2360,391,104,497,2854,491,286,3636
30901,17331,299,430,729,18059,9780,2046,29883,289,1012,46,43,1383,110,138,249,1634,1047,188,2872,1675,1229,105,74,3082,212,101,312,3399,490,422,4309,2538,1008,118,74,3737,169,75,241,3980,428,548,4955,2175,893,151,52,3275,126,46,176,3445,491,394,4334,2017,938,126,67,3150,135,57,190,3336,538,359,4229,1864,925,81,52,2924,124,46,173,3101,480,314,3892,1804,844,90,48,2783,111,45,162,2942,464,296,3698,1712,766,84,52,2619,133,37,171,2789,559,265,3613,1391,740,83,33,2252,105,48,152,2396,864,233,3495,883,681,72,44,1672,81,48,129,1804,1630,283,3717,258,344,35,14,653,3,10,14,673,2011,232,2915,59,138,12,3,216,3,3,9,223,2011,211,2451,17,58,16,9,98,0,3,6,104,4178,774,5055,16680,9564,1019,573,27838,1314,669,1982,29824,15194,4521,49539,244,1147,39,28,1464,85,197,284,1746,995,186,2924,1514,1300,51,60,2921,140,95,239,3163,412,325,3892
30902,14655,245,359,602,15262,8476,1548,25283,313,1056,51,56,1472,158,189,351,1829,1069,144,3040,1109,801,46,67,2028,181,89,271,2299,452,193,2942,1475,614,92,47,2233,149,61,212,2445,395,207,3043,1455,686,116,39,2296,112,50,158,2455,472,219,3143,1619,805,100,51,2576,112,55,170,2748,532,207,3484,1571,879,81,38,2572,115,50,161,2731,466,174,3373,1692,846,107,47,2690,121,37,163,2858,483,168,3506,1667,888,99,51,2704,127,52,180,2888,607,212,3707,1235,758,95,42,2132,116,39,158,2291,863,176,3327,755,605,68,19,1450,75,43,116,1567,1447,193,3202,198,273,26,10,507,4,13,19,522,1851,175,2543,32,93,11,9,137,4,3,11,147,1695,171,2011,26,53,8,11,88,0,0,0,91,3731,533,4354,13158,8360,904,477,22891,1273,700,1972,24862,14054,2769,41688,233,1105,35,36,1408,98,235,339,1740,1052,125,2919,1068,949,66,45,2129,120,74,197,2324,335,213,2875
30903,15544,379,565,951,16487,13576,2031,32093,288,1007,44,50,1391,189,195,383,1772,1249,212,3235,1331,1015,95,84,2528,256,141,394,2920,656,266,3848,1870,665,102,64,2707,157,67,219,2925,561,257,3744,1819,729,105,57,2707,130,74,203,2912,591,254,3754,1914,823,92,69,2903,137,75,206,3111,687,269,4065,1865,847,81,59,2855,135,65,200,3053,610,265,3932,1951,845,74,53,2923,138,56,193,3112,582,250,3943,1834,779,88,52,2745,125,48,171,2919,731,242,3894,1487,791,97,35,2411,106,47,149,2561,1023,195,3781,1064,765,91,41,1957,80,59,140,2096,1877,253,4228,341,414,30,18,806,6,18,32,839,2565,229,3633,62,149,9,3,228,3,5,7,236,2384,238,2859,25,67,11,14,117,0,3,8,123,4505,916,5542,15869,8886,924,604,26278,1456,848,2305,28582,18022,3844,50445,275,1074,47,41,1433,138,273,413,1849,1288,207,3341,1327,1253,62,65,2704,229,168,396,3103,742,367,4205
30904,4651,69,93,164,4813,3206,485,8501,87,307,16,17,430,42,51,92,522,452,38,1008,246,182,8,7,446,39,15,53,500,121,38,652,244,114,24,13,393,21,12,35,427,115,28,570,340,159,24,15,535,18,6,25,563,182,40,784,606,290,36,18,949,39,22,59,1010,209,40,1256,678,346,36,17,1072,34,19,51,1122,227,50,1393,681,351,45,21,1096,42,17,54,1152,219,52,1420,680,354,32,14,1086,28,17,51,1133,231,47,1413,521,295,58,13,886,22,14,32,924,366,39,1328,322,262,34,10,627,23,21,45,669,590,47,1311,120,142,17,3,277,7,8,18,295,729,49,1071,35,47,4,7,94,0,0,0,90,555,34,684,12,29,3,5,47,0,0,0,45,767,42,864,4563,2885,330,158,7937,321,201,518,8452,4765,546,13761,100,323,19,10,456,17,47,71,529,457,96,1078,236,192,19,17,467,31,21,55,513,117,75,705
30905,9061,138,229,364,9427,4523,638,14591,247,872,45,29,1193,82,147,232,1420,881,89,2397,599,439,35,24,1093,93,43,130,1222,204,80,1506,756,263,56,16,1093,55,16,69,1162,229,72,1465,876,401,59,14,1353,41,23,63,1420,319,81,1814,1148,608,66,28,1847,47,35,77,1929,352,97,2374,1336,650,50,36,2078,68,58,129,2205,374,111,2687,1271,606,58,39,1975,66,29,97,2070,286,90,2450,1146,524,65,15,1745,62,29,91,1842,292,97,2232,816,421,63,20,1316,42,40,78,1393,406,72,1876,491,370,29,17,905,36,19,55,961,710,70,1740,121,154,10,6,292,3,8,9,299,842,45,1196,22,38,4,0,67,0,0,0,71,759,59,886,6,21,0,0,33,0,0,0,28,987,84,1101,8847,5364,532,250,14996,604,435,1037,16032,6637,1053,23722,205,933,28,34,1194,64,163,225,1418,873,87,2383,589,561,31,34,1219,87,55,138,1358,222,59,1635
30906,17162,339,494,836,17995,9490,1360,28844,505,1465,62,92,2127,237,310,547,2670,1718,224,4614,1462,970,97,74,2604,253,88,340,2940,580,202,3726,1983,741,118,50,2899,142,60,200,3094,564,216,3875,2081,822,131,51,3087,105,61,168,3254,634,202,4087,2322,1110,113,78,3620,151,70,222,3836,694,222,4752,2566,1142,110,64,3883,158,81,244,4123,636,250,5011,2439,1023,103,55,3619,167,57,228,3844,560,279,4686,2096,940,117,39,3196,124,44,171,3370,642,210,4216,1481,758,88,39,2365,94,44,132,2496,859,193,3540,929,630,61,33,1650,84,48,134,1794,1356,186,3327,291,317,16,17,641,10,7,17,660,1739,140,2540,46,105,6,0,160,3,0,8,162,1490,131,1791,12,34,4,8,63,3,0,4,68,2540,387,2998,18233,10066,1025,596,29918,1527,882,2410,32329,14007,2841,49176,390,1520,53,40,2004,178,360,541,2542,1671,194,4408,1532,1184,55,64,2844,252,102,355,3200,538,261,3986
30907,38086,918,1217,2132,40218,19122,3426,62776,738,1920,84,90,2839,332,386,721,3554,2554,254,6363,2364,1230,125,103,3823,349,105,459,4280,758,280,5318,3454,1077,216,83,4836,205,80,281,5114,943,333,6391,3801,1342,219,89,5453,183,101,277,5734,1087,326,7140,4038,1632,195,91,5959,182,107,294,6253,1131,359,7745,4209,1588,182,99,6078,222,91,320,6393,938,301,7631,3799,1307,161,85,5347,175,65,240,5587,795,280,6662,3111,1088,159,57,4411,145,71,217,4627,811,266,5707,2141,960,125,48,3273,123,48,170,3445,1141,215,4796,1373,746,85,42,2244,107,48,156,2400,1910,240,4551,351,394,24,16,790,16,32,47,837,2351,197,3387,76,134,15,13,228,4,7,7,240,1802,123,2168,24,46,9,11,87,0,4,3,92,2671,277,3041,29488,13467,1597,822,45369,2044,1139,3189,48555,18890,3464,70910,831,2657,101,92,3674,343,720,1064,4737,3157,489,8381,3054,1937,136,142,5268,423,222,640,5906,1002,478,7385
30908,13830,279,408,687,14522,8124,1318,23958,264,1128,79,46,1519,89,228,322,1844,1455,218,3517,1110,917,97,42,2162,211,142,349,2516,900,295,3711,1530,555,91,37,2214,90,46,137,2360,523,208,3088,1494,605,103,35,2231,67,57,124,2358,440,142,2943,1475,630,78,28,2214,91,55,147,2356,469,178,2997,1570,731,77,49,2426,110,54,173,2593,473,198,3265,1488,716,73,39,2317,106,47,150,2467,378,168,3017,1348,661,75,34,2122,82,24,104,2224,440,160,2829,1065,524,54,33,1675,56,36,92,1771,618,142,2528,721,496,52,16,1293,43,31,74,1370,1049,143,2556,223,269,23,16,523,5,7,13,538,1368,121,2025,49,106,0,6,161,0,8,9,165,1247,93,1503,15,39,3,4,65,0,5,5,65,2381,529,2979,12360,7378,803,386,20929,957,736,1697,22624,11738,2588,36955,237,1172,52,47,1502,84,287,373,1875,1482,169,3529,1105,1140,70,64,2370,124,139,264,2635,878,253,3761
30909,15357,423,615,1040,16395,10111,2297,28805,255,1141,58,57,1515,169,249,420,1932,1729,265,3929,1391,1341,110,79,2924,214,265,477,3396,1389,428,5220,1898,873,104,91,2964,180,115,294,3265,798,384,4446,1714,751,107,64,2635,128,64,195,2828,648,282,3757,1741,747,101,56,2646,119,68,180,2824,639,307,3778,1723,822,69,50,2672,135,72,206,2875,590,224,3686,1739,767,64,39,2611,125,47,172,2789,612,214,3614,1633,707,81,45,2474,122,46,172,2644,613,220,3473,1215,577,97,40,1928,81,40,125,2059,833,190,3072,784,527,57,25,1391,55,34,93,1487,1196,198,2883,298,275,17,3,595,9,16,27,619,1546,176,2338,62,124,10,4,203,4,5,0,206,1376,173,1751,17,56,8,6,84,0,0,5,91,3074,736,3889,14477,8704,889,566,24637,1347,1029,2373,27010,15044,3798,45848,235,1232,48,56,1568,123,322,444,2010,1614,437,4061,1377,1620,95,90,3170,232,305,536,3710,1567,423,5701
30910,10293,312,352,663,10957,7070,2145,20164,181,519,31,30,773,85,100,183,954,672,197,1827,1132,975,61,45,2210,187,120,308,2521,587,569,3669,1554,815,59,51,2476,105,74,181,2656,424,522,3601,1069,468,56,37,1626,87,40,122,1750,353,347,2450,1012,402,45,33,1494,86,35,126,1617,322,256,2195,1081,419,49,39,1586,83,32,118,1702,335,245,2281,1126,438,47,34,1638,103,34,138,1770,308,218,2301,1100,395,49,34,1577,83,25,110,1685,389,222,2305,938,420,34,21,1415,69,30,99,1507,561,204,2273,670,431,43,20,1161,49,31,80,1244,919,218,2382,305,290,23,13,624,3,11,15,641,1142,179,1966,91,126,7,9,235,3,4,4,240,1039,144,1431,24,54,8,0,100,0,0,4,101,2087,348,2538,10280,5743,505,370,16902,950,540,1494,18396,9146,3672,31217,147,624,23,14,808,51,119,169,980,812,215,2003,956,1083,50,47,2132,141,158,295,2428,663,529,3621
31001,15908,588,711,1306,17206,12117,1646,30975,410,1044,47,64,1561,193,250,441,2005,2475,212,4693,1714,894,89,96,2790,255,116,372,3164,1242,238,4643,2209,687,128,65,3093,194,72,261,3357,1227,239,4825,2331,688,147,55,3232,127,71,202,3433,1206,224,4860,2318,829,117,69,3328,127,72,193,3526,1245,238,5010,2304,826,88,80,3295,129,57,189,3484,1097,212,4792,2171,681,92,88,3022,128,53,187,3209,989,225,4424,1844,563,58,50,2511,85,44,129,2641,989,196,3829,1207,444,63,26,1743,68,28,100,1839,1092,158,3090,717,330,50,33,1131,36,17,54,1180,1306,163,2654,173,185,14,7,382,4,8,16,392,1487,128,2008,46,51,9,8,113,0,9,10,120,1325,159,1611,7,14,0,4,29,0,3,5,34,2497,543,3078,17450,7233,898,650,26226,1354,806,2161,28389,18192,2942,49529,246,1038,48,35,1369,197,412,604,1971,2693,284,4944,1444,1371,68,109,2994,359,234,590,3585,1501,399,5486
31002,13479,324,385,715,14189,11331,1883,27401,579,1040,60,57,1735,170,153,323,2058,1658,206,3920,1160,495,55,57,1773,181,50,232,1999,573,206,2783,1276,389,96,46,1808,115,53,166,1975,674,173,2818,1300,511,106,49,1965,97,29,123,2096,734,143,2974,1641,692,105,67,2507,107,62,170,2677,802,202,3682,1949,762,92,71,2868,114,39,154,3019,751,226,4003,2058,782,107,69,3014,92,39,136,3149,839,208,4192,1978,795,107,69,2944,88,37,125,3072,920,228,4222,1483,645,117,51,2306,64,29,93,2396,1313,201,3911,1044,568,63,41,1717,31,31,61,1779,1962,191,3930,331,304,15,22,674,5,4,6,683,2258,173,3120,109,109,14,20,247,6,4,5,253,1766,137,2158,48,66,14,19,145,0,0,0,144,2615,323,3085,14966,7164,945,638,23701,1067,529,1597,25302,16883,2612,44793,507,1008,44,58,1621,211,183,397,2015,1738,293,4042,1295,695,68,53,2103,204,73,287,2388,715,296,3394
31003,25878,791,886,1677,27554,17212,2575,47345,847,1967,123,118,3058,353,352,704,3760,2964,337,7063,2904,1330,162,139,4535,431,146,577,5112,1102,332,6541,3272,983,231,106,4599,281,110,387,4985,1272,345,6595,2932,999,216,84,4242,219,84,305,4544,1165,283,5988,3319,1187,196,96,4792,240,82,321,5117,1117,338,6578,3411,1284,158,126,4977,181,88,268,5245,1165,298,6714,3551,1148,196,104,4996,154,62,221,5217,1113,283,6609,3114,1022,169,76,4391,111,49,157,4545,1195,268,6010,2183,854,177,50,3269,94,40,137,3404,1583,213,5198,1241,706,100,44,2092,55,23,76,2166,2322,201,4689,300,251,39,4,588,8,6,15,609,2758,191,3551,58,87,12,8,154,3,9,9,159,2540,178,2883,22,44,4,6,85,0,0,0,82,4617,503,5202,27162,11861,1780,956,41770,2137,1043,3178,44944,24912,3761,73618,578,2029,103,65,2769,383,559,949,3720,2915,395,7032,2652,1689,138,99,4577,533,228,763,5338,1296,498,7142
31004,23578,853,938,1789,25373,12311,2047,39729,644,1201,71,83,1999,292,267,559,2560,2181,262,5002,2402,962,111,114,3586,356,128,481,4063,877,260,5203,3148,832,196,99,4275,217,96,313,4587,1040,241,5872,3073,850,176,93,4180,177,71,250,4432,1003,249,5686,2854,877,142,91,3967,172,66,243,4207,831,246,5284,2710,775,110,74,3670,140,53,189,3859,695,215,4774,2385,659,101,79,3224,119,47,161,3388,626,185,4204,1899,611,92,60,2657,81,29,112,2769,638,164,3578,1319,449,80,38,1889,69,33,97,1983,812,120,2915,718,342,66,27,1153,27,10,41,1191,1067,106,2362,148,137,11,13,302,3,6,6,313,1131,83,1526,24,42,4,0,73,0,0,0,72,858,76,1003,3,14,3,6,29,0,3,3,34,1050,101,1181,21328,7745,1158,761,31000,1651,814,2468,33470,12802,2312,48585,493,1516,71,59,2138,337,547,883,3028,2645,352,6020,2386,1475,121,102,4081,496,230,726,4807,1083,448,6330
31101,2752,92,91,184,2932,2661,498,6093,113,225,8,19,365,36,44,74,441,379,43,867,255,112,12,17,395,38,9,49,443,125,38,604,267,80,19,13,378,34,9,41,418,159,33,616,278,123,27,5,430,24,12,37,470,146,25,639,336,169,20,3,526,19,14,40,562,156,44,770,427,166,27,19,642,16,13,27,668,165,47,881,468,175,24,12,679,16,17,31,713,147,35,902,401,161,25,4,590,21,3,20,616,164,48,821,314,132,19,14,478,20,5,24,507,203,30,741,230,127,19,13,382,11,4,13,396,381,39,816,81,70,12,5,170,0,0,3,171,477,32,681,27,28,0,7,63,0,3,3,65,402,19,486,14,18,3,3,47,0,0,4,49,785,75,908,3205,1593,222,140,5157,233,137,372,5524,3693,506,9728,90,234,7,19,348,41,44,84,433,392,52,874,264,143,13,6,434,53,14,71,499,159,51,707
31102,9462,344,345,689,10147,7323,1434,18905,402,738,44,39,1217,176,110,291,1507,1165,206,2872,1125,525,52,59,1758,194,71,268,2026,520,212,2756,1328,437,70,45,1885,140,40,176,2060,581,185,2827,1184,490,75,34,1784,103,57,153,1944,464,171,2579,1179,496,63,51,1786,90,38,134,1919,489,161,2570,1195,479,55,34,1763,80,32,110,1880,397,154,2433,1200,435,58,33,1726,64,26,94,1816,431,146,2393,1089,415,61,30,1591,62,13,76,1669,459,128,2257,857,370,45,29,1299,49,19,68,1369,641,113,2118,522,283,33,21,853,23,21,49,903,1010,114,2032,121,96,6,3,235,3,4,7,244,1201,95,1537,20,42,0,0,74,0,0,3,72,1063,91,1228,11,12,0,0,22,0,0,0,22,1673,194,1890,10228,4818,572,381,15996,991,437,1431,17426,10087,1973,29487,285,651,23,20,978,180,193,373,1352,1101,142,2592,1101,601,43,58,1804,263,99,360,2160,566,184,2910
31103,19132,725,810,1534,20670,13474,2473,36610,878,1365,95,95,2430,358,263,619,3056,2572,286,5913,2429,991,104,145,3666,359,120,483,4146,965,310,5431,2870,815,168,104,3966,235,69,311,4272,1000,243,5516,2498,873,151,94,3614,157,74,238,3844,885,250,4989,2564,907,130,115,3715,143,70,216,3925,868,241,5038,2677,910,92,141,3820,146,55,197,4022,784,265,5069,2785,889,128,93,3893,120,48,167,4061,798,240,5103,2554,816,117,81,3570,111,41,157,3730,838,183,4751,1719,652,111,65,2548,77,27,102,2655,1043,149,3853,967,483,64,35,1553,48,32,78,1626,1484,160,3273,235,170,26,12,441,3,7,15,456,1586,138,2170,37,40,4,8,80,0,0,0,80,1213,93,1390,16,19,3,5,41,3,0,7,44,1889,288,2225,22229,8926,1189,998,33344,1758,822,2582,35926,15925,2851,54708,587,1442,73,70,2173,326,454,778,2952,2600,370,5922,2282,1255,112,120,3772,482,179,661,4433,1084,360,5881
31104,14222,330,449,784,15008,7320,1208,23527,458,812,31,57,1357,111,129,238,1599,1227,101,2923,846,337,39,51,1276,110,32,147,1419,248,86,1751,884,285,71,35,1273,53,20,72,1344,254,69,1671,1265,442,88,38,1837,49,24,77,1914,367,89,2372,1794,717,81,57,2646,75,46,126,2778,443,133,3353,1939,700,81,73,2789,68,40,106,2900,404,129,3434,1808,571,80,72,2533,75,38,108,2642,343,143,3132,1433,459,68,47,2010,51,16,65,2071,364,84,2523,989,382,53,48,1467,41,21,61,1528,524,92,2139,544,254,38,26,865,18,16,38,903,839,76,1812,152,133,13,6,306,3,0,3,307,868,55,1233,15,35,5,10,58,0,0,0,59,585,31,674,13,17,5,0,31,0,0,0,35,627,62,717,12144,5147,650,508,18448,653,384,1040,19490,7089,1160,27734,462,976,45,37,1523,135,256,391,1912,1447,178,3536,1238,601,51,60,1959,159,64,222,2180,371,179,2728
31105,14097,422,532,955,15054,9713,1718,26486,542,1223,55,69,1886,214,226,444,2329,1695,198,4223,1835,922,99,75,2933,242,81,327,3261,656,162,4083,2082,649,131,74,2935,138,63,206,3137,647,201,3990,1976,692,124,60,2860,90,61,151,3012,580,156,3752,1983,815,103,58,2951,90,51,136,3093,604,176,3870,2048,778,72,61,2953,88,44,126,3084,506,168,3758,1968,702,96,59,2816,88,38,127,2945,457,126,3530,1974,693,100,52,2813,75,35,112,2927,593,143,3658,1583,604,83,36,2308,55,30,81,2391,759,130,3278,958,498,70,27,1556,43,21,66,1618,1273,138,3031,262,211,21,8,496,11,9,15,515,1458,116,2093,43,55,4,4,108,0,0,0,112,1220,109,1441,9,24,4,5,39,0,0,0,39,1877,414,2325,17250,7863,967,583,26661,1147,647,1801,28459,12331,2245,43038,437,1194,40,37,1720,188,292,476,2198,1673,241,4107,1600,1082,73,66,2817,299,131,435,3250,636,265,4148
31106,14960,691,773,1461,16426,12680,2200,31305,565,1254,69,107,1997,345,286,635,2632,2709,381,5723,2180,1061,122,167,3539,393,120,516,4050,1108,380,5537,2726,842,184,105,3860,258,88,345,4208,1098,337,5639,2706,855,185,96,3846,199,74,277,4118,1113,307,5542,2480,980,124,84,3664,203,93,293,3958,1061,294,5321,2477,865,121,81,3547,209,53,266,3813,985,312,5108,2284,791,121,86,3281,139,63,204,3484,871,256,4608,2186,823,111,89,3204,130,39,167,3370,953,251,4570,1904,743,113,48,2807,97,34,131,2935,1231,240,4406,1393,712,106,48,2252,57,24,87,2340,2032,242,4621,323,281,37,20,663,7,12,20,681,2112,168,2964,44,87,3,0,142,6,5,4,144,1606,136,1888,11,26,3,11,55,3,0,3,56,2156,301,2519,21291,9325,1293,943,32855,2051,899,2949,35801,19051,3595,58448,352,1147,52,48,1599,300,415,715,2314,2690,290,5291,1673,1198,76,111,3055,452,228,680,3735,1256,372,5364
31201,7403,143,126,271,7671,3425,1828,12918,570,585,37,60,1247,56,42,98,1344,496,174,2017,1354,268,67,48,1737,49,22,72,1810,243,301,2354,1591,348,111,63,2106,50,28,76,2183,413,404,2999,1479,401,112,50,2042,27,18,48,2087,415,300,2802,1527,469,102,60,2155,35,15,48,2200,358,301,2856,1532,390,81,67,2072,29,18,50,2121,255,289,2660,1535,401,81,53,2069,45,12,56,2128,215,304,2635,1409,329,77,39,1845,32,8,42,1886,305,301,2492,992,258,63,43,1362,16,14,34,1394,408,253,2054,609,175,52,28,864,12,7,20,885,574,176,1632,185,93,14,13,312,4,4,6,315,638,98,1051,59,33,3,0,95,3,0,4,99,504,71,678,30,23,3,8,58,0,0,0,58,906,120,1081,12862,3769,796,536,17964,358,190,548,18510,5715,3089,27316,270,441,30,29,769,65,47,113,881,596,182,1660,940,253,42,40,1278,98,29,128,1404,219,333,1953
31202,28208,492,639,1123,29335,15158,4058,48547,2014,2145,154,152,4464,294,244,537,4998,2404,340,7744,4272,947,206,164,5586,237,68,309,5892,836,545,7277,4725,1024,283,140,6171,153,74,231,6398,1094,637,8128,4025,1241,250,133,5649,112,64,176,5826,1193,576,7599,4285,1483,249,135,6148,113,83,197,6346,1078,590,8008,4944,1520,212,149,6820,128,68,191,7015,962,607,8589,5067,1521,235,159,6984,104,59,164,7148,958,618,8721,4631,1379,257,156,6425,80,52,134,6556,1166,573,8301,3310,1103,229,109,4750,65,39,103,4857,1462,458,6779,1797,767,162,81,2809,50,18,72,2876,2339,349,5569,534,408,67,32,1034,8,13,15,1057,2743,239,4044,124,149,16,16,305,0,3,5,309,2429,210,2946,71,74,21,31,195,0,3,7,199,4405,523,5122,39801,13745,2330,1460,57345,1347,792,2139,59485,23081,6274,88838,946,2114,93,86,3235,367,467,832,4072,2788,405,7264,3047,1231,124,114,4515,544,179,724,5235,945,522,6701
31203,5885,103,122,228,6111,2423,1010,9547,234,262,20,23,536,44,24,69,605,228,94,929,664,166,35,28,891,38,8,52,941,122,237,1303,851,189,47,31,1121,39,26,66,1191,142,244,1574,708,236,33,28,1003,26,15,49,1044,161,194,1404,744,299,44,27,1112,30,12,39,1150,174,182,1515,778,273,23,15,1085,30,19,45,1135,144,140,1422,758,238,35,14,1056,32,14,39,1092,153,135,1378,766,261,28,19,1070,36,11,42,1114,198,152,1460,566,244,29,11,858,27,20,42,900,253,98,1257,327,167,28,8,532,12,8,20,547,437,64,1055,90,91,8,7,194,4,4,6,195,459,40,699,33,28,3,5,70,0,0,0,76,360,36,476,19,12,0,5,35,0,0,0,35,545,56,641,6550,2468,335,220,9566,315,157,469,10037,3387,1678,15102,177,293,23,18,516,35,28,69,583,323,120,1030,737,224,15,18,997,54,14,75,1067,119,276,1464
31301,5979,158,203,359,6337,9882,893,17110,188,517,21,33,767,98,87,183,948,610,77,1633,395,222,16,29,663,86,30,113,774,205,81,1059,407,195,32,24,659,75,20,97,752,230,70,1050,467,225,19,27,738,45,26,71,809,245,61,1117,649,314,49,19,1023,57,30,88,1112,330,93,1536,769,366,38,31,1203,53,25,76,1280,333,93,1707,846,370,54,17,1294,57,23,87,1382,368,88,1840,848,404,43,19,1318,53,16,66,1386,449,92,1931,695,392,70,24,1184,57,23,81,1261,861,90,2211,462,382,56,25,926,36,32,64,992,1780,124,2896,116,190,21,16,347,3,6,13,360,2452,153,2968,26,64,10,7,113,0,7,7,116,2067,108,2292,10,22,5,0,30,0,0,0,34,3338,312,3685,5877,3663,446,274,10263,623,326,946,11202,13265,1443,25917,172,445,16,26,664,68,99,169,826,590,73,1494,374,302,27,19,726,88,35,120,853,200,60,1108
31302,16536,591,646,1241,17771,12857,2086,32717,591,1161,74,100,1921,306,241,550,2470,1668,313,4446,1723,846,102,105,2772,324,97,422,3188,826,318,4341,1854,676,122,74,2724,194,82,275,3005,870,303,4179,1668,720,102,60,2547,168,80,254,2803,841,303,3949,1831,791,79,56,2754,140,54,195,2948,747,298,3991,1846,765,92,65,2780,135,51,183,2962,695,223,3879,1828,721,102,66,2716,125,49,178,2889,643,218,3756,1565,638,102,47,2359,84,32,116,2474,740,192,3405,1248,562,95,38,1947,61,31,93,2032,1027,179,3244,654,418,67,34,1171,42,27,70,1240,1529,178,2952,163,194,24,12,395,0,8,7,400,1715,154,2268,25,49,0,0,79,0,0,0,79,1374,128,1573,12,13,0,7,34,0,0,0,35,2367,548,2952,14999,7564,964,666,24196,1580,757,2339,26535,15048,3351,44929,454,1361,51,62,1929,290,336,627,2554,1751,232,4537,1735,1153,77,88,3053,425,189,606,3661,926,322,4908
31303,2843,66,66,131,2977,2102,394,5479,97,202,0,12,308,22,19,43,353,315,37,704,180,103,11,5,303,24,9,30,332,199,20,556,188,102,14,6,312,23,3,27,335,226,31,594,267,116,15,11,408,10,10,18,427,204,31,662,303,145,24,19,489,18,11,28,515,204,52,772,390,202,23,9,632,10,3,13,642,176,56,870,353,204,24,12,593,15,11,33,620,169,36,828,358,158,30,10,561,14,7,22,579,189,46,811,291,147,23,8,471,15,11,28,494,269,35,800,209,127,14,7,357,9,0,7,366,450,44,858,74,60,10,6,146,0,0,0,151,443,35,619,22,25,7,4,57,0,0,0,57,372,28,462,16,15,5,0,41,0,0,0,41,462,38,538,2751,1603,197,119,4673,158,90,245,4917,3661,490,9080,86,170,11,11,272,29,28,55,330,339,71,746,235,127,13,12,386,44,11,53,434,277,46,761
31304,15781,400,496,901,16681,10331,1347,28359,636,1434,78,94,2246,258,265,521,2767,1762,212,4741,1475,671,76,96,2325,231,72,306,2622,517,181,3323,1553,537,91,48,2227,145,57,198,2426,567,167,3162,1719,655,130,56,2560,104,54,162,2721,649,184,3546,2115,882,115,66,3173,108,69,176,3352,683,174,4210,2422,1001,109,76,3610,102,52,158,3762,658,203,4628,2320,816,102,78,3317,98,34,138,3451,592,201,4248,2070,697,119,57,2938,61,19,82,3021,656,158,3833,1402,628,111,43,2182,66,23,87,2265,981,131,3375,796,472,81,29,1382,40,15,49,1432,1456,128,3018,176,185,32,10,400,6,9,16,417,1684,122,2222,27,56,13,3,95,0,0,0,101,1448,111,1655,6,24,0,13,43,0,0,0,45,2150,288,2485,16719,8061,1050,670,26497,1220,662,1886,28387,13816,2244,44453,479,1622,61,50,2211,227,418,641,2852,1756,202,4815,1576,975,83,77,2717,290,103,391,3105,617,208,3936
31305,13652,351,423,779,14430,12686,1486,28595,437,1140,74,71,1721,207,190,398,2124,1235,184,3540,1265,698,63,70,2094,196,50,246,2337,468,192,3000,1526,473,97,44,2144,138,51,191,2332,490,164,2985,1544,539,98,57,2246,106,47,156,2401,524,170,3093,1713,715,99,60,2582,120,64,189,2766,668,200,3630,1960,810,81,59,2912,114,42,154,3073,656,201,3932,2024,817,104,57,3010,102,49,149,3155,650,202,4012,1849,704,120,46,2713,106,41,147,2859,777,171,3813,1535,676,104,29,2353,69,25,89,2437,1098,148,3690,988,662,76,27,1746,50,34,81,1835,1965,189,3985,264,287,27,14,588,3,9,14,602,2356,171,3128,43,91,11,10,154,3,5,3,160,2147,136,2445,24,38,12,6,86,0,0,0,86,4656,477,5218,15164,7646,969,564,24348,1210,610,1826,26168,17699,2612,46472,320,1137,40,50,1550,158,284,437,1992,1204,163,3358,1084,799,50,48,1979,262,86,351,2324,460,152,2937
31401,23846,300,504,807,24650,10752,883,36284,722,2348,126,85,3283,147,387,540,3821,2402,142,6364,2047,1268,129,78,3519,165,90,260,3777,462,132,4369,2336,607,165,46,3161,97,30,121,3280,430,110,3821,2636,952,240,44,3874,70,43,116,3987,620,129,4732,3625,1567,233,54,5482,83,66,154,5629,806,168,6606,4149,1722,218,84,6172,90,48,139,6315,659,173,7150,4051,1508,174,69,5803,81,45,133,5935,572,183,6692,3513,1190,156,83,4943,70,38,107,5052,597,160,5812,2458,943,173,43,3616,60,26,83,3704,952,116,4767,1353,817,133,36,2333,35,30,65,2397,1924,108,4424,403,388,45,20,856,8,4,15,867,2047,87,2996,55,119,9,7,189,0,4,3,193,1491,54,1737,15,37,5,5,65,0,0,6,68,1890,255,2215,27368,13467,1798,655,43288,910,830,1739,45025,14838,1824,61688,492,2381,83,55,3012,138,474,610,3620,2407,146,6173,1996,1685,97,78,3853,211,145,354,4211,537,165,4909
31402,21861,552,712,1262,23122,10728,1491,35332,440,1134,46,66,1685,153,191,343,2026,1218,116,3363,1670,708,93,77,2541,186,64,253,2792,450,130,3373,2280,582,140,53,3055,98,45,142,3198,506,152,3859,2288,693,169,57,3211,81,68,156,3363,587,116,4069,2403,859,141,48,3447,94,68,154,3604,650,142,4397,2434,789,85,56,3363,81,42,125,3485,488,136,4107,2059,623,80,60,2814,63,39,101,2916,363,94,3372,1577,500,97,38,2203,39,16,57,2263,365,91,2722,1192,418,80,22,1718,33,18,53,1765,569,101,2435,707,384,65,16,1172,33,14,47,1221,1029,72,2320,185,139,30,6,361,4,4,10,365,1175,58,1605,28,41,4,4,81,3,0,3,83,963,51,1095,4,18,5,6,32,0,0,0,32,1831,244,2113,17257,6878,1025,509,25675,867,572,1440,27112,10190,1518,38824,434,1485,52,52,2016,217,502,718,2729,1537,165,4432,2206,1242,110,69,3627,318,114,434,4056,647,268,4975
31403,9217,253,316,563,9778,5903,687,16371,341,769,35,45,1184,145,159,300,1487,926,89,2501,1176,523,72,54,1821,143,46,191,2011,323,91,2425,1505,398,101,46,2051,117,45,159,2213,386,104,2705,1525,478,121,47,2168,73,37,112,2280,386,98,2763,1438,485,84,56,2072,71,41,112,2179,401,72,2655,1337,521,59,31,1948,57,27,78,2027,324,61,2416,1342,428,60,38,1866,48,14,58,1926,288,72,2289,1297,411,69,38,1811,28,14,37,1852,390,88,2329,1019,373,40,19,1457,43,17,63,1517,529,61,2101,612,289,62,22,979,27,6,33,1018,923,68,2002,132,129,23,10,290,5,3,9,298,1055,53,1409,17,28,5,0,54,0,0,0,56,747,56,861,6,17,0,8,30,0,0,0,29,1204,185,1415,11742,4844,727,409,17723,758,404,1162,18886,7890,1093,27868,252,701,18,30,1006,134,230,364,1369,905,98,2370,945,632,61,38,1670,195,63,261,1933,382,121,2441
31501,5442,369,153,512,5954,4154,1428,11542,256,295,23,43,617,103,59,163,776,1169,146,2094,589,285,41,75,991,112,57,176,1159,820,180,2157,774,300,49,46,1171,108,35,147,1315,703,196,2210,766,288,46,48,1139,77,29,105,1244,649,143,2040,928,380,56,56,1414,72,31,100,1508,596,151,2256,952,357,55,43,1410,57,31,87,1494,496,140,2132,926,326,52,56,1363,53,13,68,1426,404,141,1971,871,300,40,36,1249,55,16,73,1321,464,157,1940,679,267,52,28,1024,38,4,43,1067,503,142,1713,379,213,39,18,654,26,11,27,684,542,112,1334,144,77,15,13,249,0,3,7,256,580,73,904,64,34,5,3,106,0,0,0,106,422,73,598,25,22,0,6,55,3,0,0,56,511,74,647,7345,3126,480,480,11425,703,286,990,12415,7858,1728,22009,212,242,14,33,504,109,61,175,675,1208,275,2158,597,252,22,51,917,193,61,255,1177,936,306,2418
31502,6596,158,121,280,6879,3157,1223,11256,498,373,33,44,943,90,45,133,1081,694,289,2059,1426,199,64,54,1744,105,24,128,1868,384,371,2621,1780,274,87,51,2199,88,25,113,2305,460,392,3158,1376,276,87,52,1785,56,23,77,1869,370,340,2579,1303,302,69,57,1732,48,15,68,1799,373,337,2508,1271,289,52,54,1671,54,18,75,1742,287,318,2347,1351,241,73,42,1700,46,20,66,1766,293,306,2363,1195,223,82,32,1531,33,12,40,1571,304,261,2140,828,183,63,43,1120,28,12,37,1157,317,207,1689,553,153,39,26,770,16,8,24,798,421,170,1391,250,87,20,19,368,0,3,11,378,482,142,1004,73,28,11,4,122,0,0,3,124,354,91,570,26,20,0,11,56,0,0,0,57,596,143,795,11924,2658,685,488,15752,568,207,772,16523,5331,3372,25223,326,346,28,28,725,81,61,142,865,692,181,1739,1056,253,39,39,1396,120,28,151,1541,379,259,2179
31503,4246,45,56,101,4343,1981,786,7116,329,231,18,21,599,31,24,57,654,378,61,1093,670,148,47,30,888,36,14,48,935,160,60,1155,783,190,42,27,1046,18,10,33,1076,205,81,1363,646,209,48,25,933,22,17,39,968,171,58,1199,697,239,26,30,997,40,8,47,1042,144,72,1257,788,219,30,38,1079,25,11,35,1111,160,78,1357,880,229,33,47,1186,19,5,23,1210,176,82,1469,895,221,44,31,1192,14,11,24,1214,185,65,1464,770,155,35,28,989,14,6,28,1019,196,82,1297,493,154,29,16,697,5,6,14,714,347,63,1125,218,100,17,9,337,0,0,0,342,510,64,910,103,35,12,3,152,0,5,5,159,472,58,678,65,32,0,4,106,0,0,0,104,956,123,1183,7337,2162,384,311,10191,230,119,348,10544,4057,942,15544,228,211,13,26,478,21,13,36,511,318,71,905,547,160,25,20,748,28,11,41,793,145,86,1016
31601,14742,196,420,614,15357,9222,1238,25818,330,1387,71,45,1833,131,266,396,2233,1257,82,3568,893,770,81,53,1794,116,116,233,2027,440,77,2541,1076,436,81,34,1621,67,43,110,1731,309,62,2105,1091,477,77,26,1663,54,39,93,1759,355,69,2181,1418,756,98,43,2314,44,52,97,2417,433,70,2921,1712,881,89,42,2729,72,56,125,2850,396,109,3359,1846,951,95,45,2932,83,39,121,3056,395,95,3541,1622,744,94,39,2494,77,40,116,2615,431,87,3133,1027,652,77,21,1778,58,32,97,1871,620,79,2574,649,479,54,7,1191,34,24,57,1253,1174,80,2512,138,239,18,7,408,9,16,21,427,1646,71,2144,36,66,6,5,117,3,5,6,120,1648,75,1845,11,37,0,6,52,0,0,0,57,3764,260,4082,11847,7868,851,366,20926,751,726,1481,22409,12875,1217,36505,298,1544,68,54,1970,123,444,567,2535,1315,173,4020,1093,1136,63,48,2337,143,153,293,2632,574,207,3411
31602,22445,357,626,985,23427,16892,2118,42444,438,1450,80,71,2043,210,273,480,2524,1470,137,4133,1342,874,79,52,2352,221,81,301,2656,442,117,3215,1767,646,106,49,2566,159,54,210,2773,498,146,3423,1742,823,122,59,2750,116,54,172,2921,603,134,3665,2116,1169,121,70,3469,141,90,230,3700,656,173,4528,2419,1212,113,72,3817,121,69,188,4008,667,222,4891,2333,1123,132,69,3652,145,66,213,3868,654,194,4711,2163,1067,124,47,3406,118,58,175,3580,815,151,4546,1549,1029,124,43,2744,104,48,154,2898,1188,168,4252,901,841,105,38,1882,39,52,93,1974,2550,164,4687,231,367,44,9,650,11,5,20,664,3498,191,4352,40,131,11,0,189,0,8,11,190,3120,171,3486,18,50,4,13,85,4,5,10,91,6226,760,7071,17056,10772,1159,607,29595,1397,857,2252,31843,22384,2732,56962,425,1804,75,43,2349,155,378,537,2887,1720,180,4786,1503,1140,72,60,2775,228,127,354,3127,507,210,3836
31603,15400,263,406,666,16071,10872,1950,28888,341,1039,50,44,1471,159,189,349,1813,1002,138,2947,1421,973,87,64,2545,196,108,302,2845,447,248,3541,1883,703,105,53,2740,143,53,192,2938,510,228,3677,1475,721,102,36,2334,123,58,180,2518,526,181,3219,1622,842,116,47,2626,111,60,177,2801,516,197,3512,1668,893,92,57,2707,107,61,168,2872,431,191,3494,1699,866,72,52,2688,107,48,158,2849,471,188,3504,1615,864,73,37,2589,129,53,179,2769,581,157,3512,1306,777,117,31,2229,103,52,155,2380,1007,179,3571,700,583,79,25,1382,49,48,98,1481,1689,160,3328,195,242,19,14,461,4,16,18,481,2003,138,2624,36,91,11,8,146,0,7,8,152,1809,125,2076,12,29,3,0,44,0,3,3,45,3428,341,3821,13965,8624,921,451,23960,1238,750,1984,25944,14415,2470,42829,265,1084,39,37,1424,108,200,314,1736,935,154,2832,1313,1015,66,50,2443,172,125,295,2736,427,289,3458
31605,10359,183,238,416,10777,8667,1096,20533,183,702,36,35,950,87,103,186,1137,790,117,2046,557,387,41,24,1015,98,32,127,1137,173,68,1383,629,327,43,19,1021,57,20,76,1099,210,81,1394,684,394,63,22,1159,71,28,97,1254,269,83,1614,1035,623,70,32,1762,47,40,92,1855,398,130,2374,1139,711,66,32,1953,70,31,100,2057,374,125,2551,1232,780,60,38,2118,87,57,145,2256,348,149,2755,1069,704,69,28,1863,95,28,119,1987,469,128,2585,914,624,63,16,1623,62,31,94,1712,761,112,2589,518,508,57,9,1093,50,36,83,1180,1457,114,2748,161,250,23,17,458,11,10,18,478,1765,119,2367,36,66,10,5,117,0,6,8,120,1562,108,1789,15,43,5,0,64,0,0,0,74,2810,331,3208,8186,6141,603,275,15197,730,429,1158,16361,11389,1658,29408,176,903,29,23,1136,69,154,225,1361,790,95,2244,520,442,32,27,1025,69,47,121,1143,211,102,1448
31606,13519,217,371,585,14105,9620,1320,25047,337,960,42,53,1393,119,133,257,1645,1248,160,3056,669,438,49,43,1200,134,48,180,1383,286,84,1757,749,338,67,35,1186,62,32,100,1290,346,82,1720,952,488,80,49,1571,63,39,97,1668,405,102,2177,1313,714,83,65,2169,82,40,119,2292,491,153,2944,1547,895,100,62,2601,105,52,150,2757,564,198,3523,1741,906,82,41,2771,92,38,131,2899,503,192,3597,1597,908,98,39,2638,84,22,112,2749,640,161,3557,1259,831,112,24,2223,82,39,124,2346,958,152,3454,757,681,84,27,1550,47,40,90,1637,1764,126,3528,288,274,29,7,594,7,17,24,621,2108,156,2883,67,117,9,0,195,3,3,6,200,1711,125,2039,40,59,11,5,112,0,0,0,112,2416,284,2810,11311,7611,835,447,20209,872,518,1393,21595,13448,1984,37025,266,1025,33,46,1364,96,186,282,1647,1157,128,2938,774,618,50,43,1481,133,72,206,1683,338,149,2176
31607,11505,209,316,526,12030,7872,981,20890,262,813,50,42,1166,122,134,251,1412,944,101,2459,680,431,44,34,1187,136,39,174,1365,295,75,1735,852,366,47,27,1296,84,25,114,1406,347,78,1836,932,472,80,28,1514,74,43,118,1629,378,84,2091,1071,652,89,37,1848,74,47,122,1967,447,81,2503,1217,719,74,47,2059,75,51,123,2176,403,120,2700,1342,752,71,51,2217,92,52,147,2362,411,112,2886,1244,651,102,24,2013,69,42,108,2126,504,99,2721,958,592,75,23,1655,49,33,85,1740,699,84,2521,516,460,69,19,1061,33,27,60,1121,1179,91,2389,158,212,13,10,398,3,8,12,407,1431,102,1939,40,67,9,3,120,0,0,4,124,1182,80,1393,18,26,3,9,52,0,0,0,56,2401,216,2672,9280,6215,725,358,16575,814,496,1312,17887,10636,1330,29852,242,797,27,29,1096,111,192,301,1393,950,110,2453,749,578,35,29,1394,136,78,214,1612,331,134,2076
31608,5235,78,134,211,5446,4198,626,10269,141,409,24,28,593,44,73,107,708,524,55,1282,235,160,12,22,425,40,17,55,485,107,37,630,204,103,17,19,335,37,8,46,382,125,31,548,296,229,27,12,567,30,18,46,613,172,43,834,501,317,44,14,878,34,24,53,931,213,54,1194,603,469,47,15,1134,38,25,73,1201,265,73,1543,795,488,49,25,1352,55,37,91,1452,261,82,1796,762,465,57,16,1296,70,27,95,1388,336,90,1823,515,423,60,13,1003,46,24,70,1072,534,75,1691,320,298,46,16,672,22,8,35,709,911,71,1692,95,124,18,0,236,3,7,6,244,978,63,1283,15,45,9,0,70,0,5,5,69,747,50,874,8,23,0,4,39,0,3,3,38,941,89,1072,4486,3548,400,182,8609,424,272,696,9300,6129,816,16252,124,398,21,21,563,48,79,124,684,520,55,1263,275,217,12,7,520,49,23,66,587,109,50,744
31701,37539,762,1107,1870,39414,25598,3348,68358,1595,3183,212,152,5136,358,476,835,5977,4197,446,10622,4234,1950,242,144,6575,353,209,559,7132,1702,437,9269,4540,1654,349,135,6680,241,139,386,7061,1563,459,9081,3868,1610,283,108,5867,195,90,285,6154,1610,369,8130,4359,1926,242,141,6658,182,123,308,6967,1546,381,8895,4797,2082,216,144,7233,156,118,270,7503,1402,364,9270,5010,1889,223,121,7247,138,74,208,7456,1337,387,9179,5031,1792,239,135,7199,135,65,204,7404,1499,376,9279,3665,1534,267,103,5577,108,48,149,5726,1939,326,7992,2302,1262,190,83,3847,68,50,118,3967,3388,339,7689,671,648,92,43,1456,3,17,18,1477,4393,319,6189,159,242,26,17,442,0,10,9,453,4077,316,4839,77,102,12,24,216,0,0,4,227,8041,1381,9645,40320,19885,2597,1338,64140,1952,1408,3353,67491,36680,5912,110089,1121,3246,151,104,4614,414,669,1085,5703,3923,618,10239,4096,2321,193,109,6720,609,318,929,7653,1781,684,10114
31801,8316,159,187,346,8663,6689,1637,16986,539,737,47,41,1369,119,91,207,1570,1280,134,2984,1107,290,38,44,1483,108,34,140,1621,336,90,2048,1023,328,67,52,1464,90,33,126,1589,448,100,2140,1022,405,65,42,1531,67,39,105,1638,455,119,2207,1242,515,71,59,1891,66,34,100,1992,470,138,2592,1496,589,62,56,2200,59,36,95,2302,426,179,2904,1540,575,70,59,2248,59,18,81,2324,454,168,2947,1594,550,95,53,2288,57,22,86,2377,529,174,3078,1354,500,74,43,1976,31,19,54,2025,768,131,2927,914,404,67,53,1430,25,13,37,1473,1229,128,2822,335,229,23,31,610,4,4,6,616,1518,150,2279,147,105,14,14,283,0,3,3,286,1435,151,1871,83,63,6,13,160,0,0,3,168,2946,303,3415,12389,5290,700,561,18945,688,357,1041,19986,12281,1951,34220,368,701,55,45,1170,111,83,194,1363,1278,141,2785,937,346,44,32,1360,144,61,203,1564,399,184,2145
31802,47004,970,1262,2233,49242,24391,5132,78767,2130,4178,298,229,6840,484,632,1122,7960,4893,758,13616,6628,2992,435,254,10303,541,281,824,11123,2388,1038,14551,7540,1910,573,211,10234,360,177,541,10768,1910,930,13601,6384,1999,563,166,9110,252,153,405,9517,1825,841,12182,6800,2194,421,183,9597,288,136,419,10013,1857,823,12690,6994,2352,342,178,9869,276,90,371,10239,1513,813,12556,6834,2141,366,184,9521,234,93,329,9842,1421,775,12039,6487,1883,341,161,8867,198,97,297,9165,1567,717,11450,4587,1540,345,97,6570,161,69,231,6798,2196,585,9582,2601,1262,235,84,4189,72,55,126,4316,3520,487,8326,659,609,85,37,1394,10,15,27,1418,4030,366,5813,154,197,22,12,382,6,6,11,391,3487,345,4229,49,91,20,27,186,5,3,7,192,6086,790,7063,57841,23350,4040,1821,87052,2888,1808,4699,91745,36689,9257,137694,1219,4099,236,139,5694,559,1122,1689,7383,5042,845,13258,6058,3633,336,198,10224,883,533,1415,11638,2674,1431,15746
31901,18525,500,607,1108,19633,18244,2496,40373,751,1596,99,92,2526,302,260,560,3089,2230,275,5589,1713,733,75,88,2607,365,101,466,3073,793,266,4129,1819,700,122,78,2724,227,116,342,3065,853,231,4155,1703,824,112,68,2700,181,92,268,2964,884,200,4052,2067,1028,105,70,3268,176,100,277,3544,967,251,4772,2467,1176,134,68,3851,197,87,285,4132,967,283,5378,2716,1174,137,84,4104,172,83,260,4371,1169,303,5840,2626,1151,157,83,4011,181,77,256,4263,1337,284,5885,2055,958,162,49,3222,156,58,211,3432,2043,274,5750,1218,757,127,53,2158,101,72,169,2332,3418,268,6014,346,336,39,25,755,12,11,21,777,4261,311,5338,98,133,21,18,268,3,0,3,272,3749,273,4291,50,64,13,23,148,0,0,0,144,6078,860,7086,19621,10602,1305,804,32335,2076,1052,3126,35463,28746,4075,68288,508,1668,62,57,2296,330,361,689,2982,2036,301,5326,1630,980,86,69,2752,403,148,556,3311,851,324,4489
31902,8884,270,235,504,9393,9375,1933,20691,404,753,40,45,1248,120,98,217,1465,1277,112,2848,858,354,48,43,1303,144,42,182,1487,474,102,2063,896,361,73,35,1364,91,32,127,1488,484,84,2052,944,426,61,39,1467,83,32,110,1580,555,104,2242,1127,562,69,67,1830,87,38,125,1955,604,137,2696,1384,628,61,43,2109,104,40,141,2256,678,147,3071,1457,596,80,54,2192,85,39,127,2319,759,157,3231,1409,620,87,37,2152,84,31,113,2261,906,151,3319,1199,593,94,44,1931,72,21,90,2020,1256,166,3445,864,504,74,37,1485,43,48,89,1571,1960,190,3719,388,240,28,29,677,8,6,10,688,2211,185,3083,145,119,14,12,298,0,0,6,303,1732,220,2255,88,78,6,29,201,0,4,4,201,2732,469,3411,11170,5839,738,509,18253,925,419,1348,19597,15617,2228,37443,322,687,53,58,1128,136,97,226,1348,1258,180,2783,838,407,37,36,1311,161,57,222,1538,519,210,2263
31903,9967,247,335,582,10552,10524,1455,22523,380,772,47,55,1252,165,109,272,1524,1216,158,2891,764,357,51,26,1205,134,34,163,1364,377,103,1854,782,367,54,39,1239,109,37,148,1388,486,107,1981,832,498,65,41,1432,88,46,127,1562,547,102,2207,1077,540,66,40,1725,71,41,118,1842,566,121,2526,1298,680,73,46,2101,121,49,170,2263,621,154,3040,1372,742,98,53,2262,85,34,119,2383,690,169,3239,1364,719,110,52,2240,97,37,131,2366,872,155,3401,1041,611,98,42,1795,70,46,118,1908,1213,161,3283,708,488,82,28,1308,49,26,76,1381,1964,163,3513,215,238,25,13,497,3,0,7,502,2399,191,3090,67,78,7,12,161,0,3,3,166,1740,156,2063,42,61,10,5,110,0,4,3,114,2534,567,3215,9948,6139,794,441,17326,981,464,1448,18772,15226,2311,36311,282,765,47,44,1136,151,169,318,1453,1195,172,2820,740,452,49,33,1280,179,51,231,1508,511,145,2162
31904,11532,375,460,837,12364,14321,1743,28433,297,895,54,54,1304,236,214,448,1750,1404,113,3270,740,460,45,49,1297,234,73,304,1606,503,113,2216,799,369,67,26,1263,149,65,212,1477,527,99,2102,891,462,86,30,1472,138,64,205,1676,623,106,2406,1171,645,82,45,1949,137,64,198,2146,656,127,2929,1390,719,93,42,2238,165,65,233,2472,668,136,3274,1478,764,88,52,2381,136,58,193,2581,735,129,3434,1404,715,98,34,2266,125,67,185,2451,936,143,3534,1000,613,83,34,1732,103,44,148,1876,1425,137,3441,560,478,72,31,1136,66,42,105,1245,2704,168,4113,151,199,21,10,381,3,11,9,387,3248,156,3792,28,62,7,4,101,3,3,7,108,2899,194,3206,14,18,5,18,49,0,0,3,56,4307,626,4988,9923,6401,816,431,17569,1496,758,2255,19822,20636,2255,42708,229,981,37,27,1271,199,249,451,1723,1253,197,3168,732,565,40,41,1378,231,84,320,1697,452,192,2340
31905,7769,342,314,658,8426,10319,1376,20124,285,693,28,46,1051,151,109,265,1313,1156,107,2571,648,305,43,30,1020,159,46,208,1228,472,94,1794,687,275,59,23,1041,108,39,145,1185,547,78,1808,723,341,65,25,1161,99,39,142,1297,591,103,1999,1007,491,60,44,1598,95,47,142,1743,650,129,2519,1102,537,59,51,1745,93,44,136,1885,613,128,2626,1155,557,84,48,1849,97,40,136,1984,728,142,2854,1226,577,82,38,1920,111,32,145,2064,927,150,3141,980,560,106,32,1683,72,31,109,1787,1324,143,3258,580,438,74,17,1114,61,21,86,1203,2171,185,3551,164,143,18,17,340,4,9,11,354,2400,156,2908,41,44,10,10,107,0,0,0,108,1883,168,2153,24,30,11,8,68,0,0,0,68,2664,519,3248,8628,4989,690,383,14693,1063,454,1518,16208,16117,2103,34426,199,612,26,25,858,166,156,321,1178,1078,139,2393,571,372,26,27,997,225,53,279,1281,522,147,1941
39797,0,0,0,0,3,0,24,28,4,5,0,0,8,0,3,3,8,10,0,21,23,6,0,3,41,0,0,0,37,5,4,50,17,3,5,0,29,0,0,0,27,3,7,37,13,0,0,0,16,0,0,0,19,4,3,24,11,6,3,0,24,0,0,0,24,6,10,31,8,0,3,0,20,5,0,5,21,0,4,29,12,4,0,0,15,0,0,0,18,3,13,32,25,0,6,0,37,0,0,0,35,0,11,48,11,4,0,0,19,0,0,0,19,8,4,37,11,4,0,0,21,0,0,0,21,13,6,40,6,0,0,0,7,0,0,0,7,19,6,29,0,3,0,0,3,0,0,0,3,19,8,22,0,0,0,0,3,0,0,0,3,38,12,48,159,47,24,17,237,8,3,7,246,125,80,450,0,3,0,0,5,0,0,0,5,0,0,12,3,0,0,0,3,0,0,0,3,5,0,6
39999,1512,218,163,384,1892,2883,1349,6127,56,65,4,6,132,70,33,98,227,181,114,523,315,147,32,12,503,103,39,146,649,277,189,1118,410,155,31,26,620,115,30,145,762,281,181,1223,253,99,39,4,395,78,8,91,485,237,152,872,222,71,25,11,328,65,17,76,408,238,146,788,184,76,30,5,289,67,10,78,369,244,161,772,221,86,20,9,331,66,17,82,412,245,157,817,201,81,34,10,324,70,22,92,420,363,115,898,221,80,30,5,334,61,26,88,420,630,151,1199,129,83,20,3,234,44,24,71,302,997,145,1445,26,35,10,0,65,6,8,13,80,817,89,993,13,7,0,0,17,0,0,0,21,415,55,495,0,0,0,0,6,0,0,0,8,277,59,346,2248,982,264,99,3592,741,227,970,4563,5208,1716,11485,40,49,5,5,100,54,25,82,180,158,69,408,257,184,19,18,477,111,31,141,621,288,232,1130
40101,6055,230,365,588,6642,4123,791,11556,45,200,25,5,271,10,118,129,399,829,92,1312,518,826,80,27,1440,72,288,363,1801,2038,311,4147,1221,528,63,28,1838,70,66,133,1976,596,265,2836,886,256,54,21,1211,60,21,80,1287,302,153,1741,623,171,28,3,827,35,15,55,880,241,122,1249,467,124,28,12,626,26,9,34,662,210,118,992,465,134,40,3,643,29,17,45,692,206,111,1011,482,144,27,6,658,23,5,28,688,198,107,987,426,157,26,5,614,19,10,27,638,229,86,952,346,186,26,4,565,5,8,11,576,395,104,1079,126,118,11,5,254,6,3,3,257,384,60,702,40,63,8,4,106,0,5,5,113,344,44,500,8,22,8,4,34,0,0,0,34,841,121,996,5637,2922,411,121,9092,355,561,913,10006,6803,1693,18500,25,232,23,22,296,11,158,169,471,995,113,1584,368,774,60,44,1246,71,320,391,1636,2659,401,4696
40102,20076,245,466,703,20784,11179,1263,33232,478,1561,95,49,2179,103,251,356,2533,2235,110,4883,1382,1181,113,48,2730,142,95,234,2967,546,81,3592,1644,599,105,17,2363,60,27,91,2450,418,74,2948,1651,723,182,35,2592,42,31,77,2667,565,85,3315,2277,1262,181,41,3768,59,62,119,3887,680,110,4674,2826,1510,164,61,4556,80,61,137,4698,615,133,5449,2984,1431,166,55,4635,70,53,127,4757,520,143,5423,2943,1348,202,57,4550,84,34,116,4668,624,131,5421,2315,1226,204,51,3788,59,40,102,3893,931,113,4936,1414,1061,129,30,2638,34,29,65,2708,1818,121,4640,428,508,62,15,1007,5,12,16,1029,2104,106,3230,99,171,19,7,297,0,5,5,304,1611,88,2001,41,91,15,12,150,0,0,0,153,3098,239,3494,20473,12669,1635,478,35263,753,704,1448,36715,15755,1538,54013,324,1556,57,54,1996,82,332,414,2417,2364,187,4963,1283,1437,105,51,2868,135,143,275,3143,525,166,3837
40103,11029,178,313,486,11510,8302,418,20234,86,872,47,35,1041,19,144,167,1203,1722,57,2986,691,1113,65,51,1926,68,122,191,2116,732,95,2946,1103,393,61,28,1587,59,31,92,1676,285,92,2051,910,347,94,9,1354,48,27,69,1421,234,73,1736,1068,588,70,17,1751,51,18,75,1824,347,62,2233,1475,710,59,44,2284,52,28,82,2366,381,83,2834,1644,744,79,28,2493,48,29,78,2574,366,104,3043,1764,727,87,27,2608,55,18,79,2680,409,101,3192,1477,638,85,18,2222,34,22,55,2282,551,96,2927,952,659,85,20,1713,26,18,43,1753,1107,95,2964,355,442,30,16,841,4,9,7,851,1425,94,2375,95,191,22,4,311,0,5,5,314,1361,93,1765,28,114,19,11,167,0,0,0,170,3799,457,4426,11647,7535,812,307,20301,474,471,941,21243,12734,1520,35494,56,840,39,10,951,14,220,235,1188,1875,73,3141,513,1015,49,14,1596,67,128,192,1789,707,77,2574
40104,13512,277,401,675,14189,9152,752,24093,212,957,45,67,1273,50,155,208,1484,1570,68,3123,1069,1014,57,73,2215,111,131,241,2452,755,100,3313,1497,540,91,43,2168,93,50,142,2314,440,84,2840,1479,568,123,42,2212,77,47,124,2339,479,83,2899,1576,759,86,47,2469,57,32,90,2559,537,115,3209,1779,912,91,49,2827,73,53,126,2954,572,83,3612,1875,774,68,44,2767,74,41,118,2887,518,93,3499,1649,708,81,39,2475,61,28,82,2559,487,83,3133,1127,602,91,45,1863,33,19,56,1915,619,74,2608,693,539,66,30,1327,19,19,37,1364,1215,79,2658,199,295,29,6,529,3,6,9,535,1802,84,2417,59,112,17,3,195,0,0,4,197,2073,90,2356,19,37,10,8,71,0,0,0,71,4273,384,4723,13228,7814,853,498,22390,654,580,1237,23627,15347,1421,40394,105,915,22,19,1059,51,241,295,1353,1619,81,3056,854,1157,45,63,2107,133,170,300,2412,754,77,3243
40105,9584,182,266,450,10036,6145,588,16760,84,550,41,24,705,32,104,135,842,1091,58,1988,753,929,79,26,1782,62,139,202,1984,789,137,2910,1669,641,80,20,2406,96,54,150,2554,397,162,3118,1357,521,97,22,1992,70,28,91,2084,338,116,2540,1250,530,90,15,1895,58,27,81,1973,346,91,2412,1216,571,67,27,1881,46,21,65,1942,321,78,2345,1206,557,57,31,1846,52,22,69,1920,314,89,2316,1185,455,71,29,1737,41,15,53,1792,336,103,2224,975,401,59,5,1443,33,20,51,1492,438,75,2009,556,388,52,18,1013,16,14,31,1045,773,84,1899,158,180,31,4,371,3,6,7,378,975,64,1417,30,95,6,0,140,0,3,3,139,1090,63,1287,12,31,7,3,55,0,0,0,57,3251,244,3554,10454,5850,733,224,17261,491,448,942,18200,10467,1364,30031,61,536,22,10,622,12,146,159,783,1106,42,1936,578,948,42,29,1603,78,138,213,1815,740,113,2668
40106,7925,110,188,304,8228,4309,416,12953,83,527,38,9,654,26,81,106,762,816,61,1634,613,726,63,26,1427,52,75,129,1558,557,96,2211,1064,457,49,29,1596,51,33,87,1683,298,96,2072,965,340,80,18,1399,43,19,61,1457,206,65,1729,932,446,56,22,1456,44,23,68,1518,259,66,1847,1081,454,62,23,1621,28,14,42,1663,273,65,1999,1031,436,60,18,1549,41,15,63,1607,231,70,1913,1119,386,54,20,1585,18,9,29,1612,261,69,1945,875,354,55,7,1287,27,16,37,1328,338,59,1724,447,291,39,14,784,14,14,29,814,580,57,1449,106,170,7,0,289,0,8,3,292,649,39,986,40,46,3,0,97,0,0,3,95,705,43,847,10,37,4,0,59,0,0,0,59,1945,185,2183,8367,4660,576,191,13797,353,297,648,14442,7127,978,22548,46,483,20,13,559,20,97,124,680,851,55,1587,495,781,35,24,1335,73,107,183,1518,525,100,2148
40107,10075,140,285,431,10504,6505,449,17453,97,660,39,24,818,27,110,140,957,1035,55,2045,765,1028,75,38,1901,70,120,190,2093,600,123,2816,1505,537,62,28,2138,88,56,142,2276,340,104,2721,1350,442,90,28,1910,48,41,82,1997,312,96,2402,1296,581,92,26,1997,50,37,90,2086,325,119,2524,1371,674,73,25,2136,47,25,68,2209,327,88,2622,1461,594,57,28,2139,39,22,67,2201,262,79,2551,1436,550,68,26,2084,35,19,52,2135,305,87,2532,1284,521,72,28,1897,32,22,52,1949,463,72,2491,682,474,59,6,1227,19,18,34,1259,849,80,2185,181,224,20,9,436,0,8,6,449,942,87,1471,43,102,11,8,161,4,0,6,162,910,63,1130,15,43,3,0,58,0,0,0,58,3155,206,3415,11482,6433,720,267,18902,457,465,922,19824,9824,1260,30907,45,699,28,7,775,28,185,213,991,1130,80,2200,592,992,63,23,1669,60,132,195,1866,608,98,2572
40201,8870,180,221,400,9275,5882,668,15824,295,682,36,44,1058,81,115,198,1252,1066,85,2397,806,476,53,29,1365,107,30,143,1502,261,75,1844,964,286,68,31,1352,49,25,80,1433,288,73,1793,798,353,61,32,1247,39,21,64,1310,297,46,1653,1042,473,68,24,1605,54,37,91,1694,313,79,2084,1251,601,74,32,1954,46,31,78,2030,320,86,2430,1375,561,72,22,2031,48,28,75,2108,339,92,2533,1225,493,76,40,1832,37,13,54,1889,380,75,2347,877,384,69,15,1346,31,12,44,1387,501,57,1942,427,275,51,13,765,11,10,18,783,809,47,1638,83,129,12,3,231,0,3,3,236,1055,56,1345,26,41,3,4,72,0,0,3,74,990,75,1137,13,28,5,4,44,0,0,0,46,1886,198,2126,9168,4790,648,303,14905,512,325,837,15740,8499,1033,25273,192,727,30,22,975,97,187,283,1253,1028,92,2388,797,616,42,23,1471,169,81,246,1720,335,97,2158
40202,18653,860,1001,1866,20517,16459,2328,39305,585,1326,79,95,2092,350,339,691,2780,2988,301,6067,2322,1178,123,126,3755,469,148,614,4368,1509,308,6183,2621,951,196,78,3852,321,128,445,4296,1474,270,6045,2054,900,154,82,3189,245,96,338,3532,1295,225,5048,2088,954,154,85,3276,195,77,273,3550,1295,252,5092,2377,1049,138,80,3640,187,85,269,3908,1239,277,5423,2441,1044,132,89,3705,191,69,257,3963,1388,235,5581,2136,896,167,49,3247,111,43,155,3399,1389,229,5014,1433,653,104,41,2233,79,37,115,2348,1475,194,4017,744,453,60,33,1280,42,36,76,1362,1942,183,3481,155,174,21,12,358,4,3,8,369,2170,149,2688,31,60,4,7,105,0,0,0,110,2133,146,2381,14,23,0,12,51,0,0,5,56,4024,453,4536,18997,9655,1340,793,30785,2187,1053,3238,34023,24316,3214,61554,332,1313,49,54,1752,293,509,803,2550,3137,329,6013,1991,1611,127,117,3853,650,286,932,4794,1718,435,6941
40203,17216,495,598,1093,18304,11918,1163,31392,217,779,40,56,1098,99,163,258,1355,1895,168,3418,1350,1111,91,79,2632,199,173,372,3001,1253,242,4489,2659,1061,137,82,3940,172,96,276,4218,1120,235,5573,2442,952,204,46,3643,164,97,260,3905,1083,215,5206,2145,962,158,67,3340,153,60,209,3549,983,175,4708,1942,852,115,59,2968,115,43,160,3125,949,171,4249,1694,755,87,36,2571,96,54,155,2723,860,155,3742,1589,674,91,43,2396,77,27,102,2496,899,169,3569,1171,551,99,36,1858,64,19,82,1938,1035,124,3098,687,485,86,39,1289,32,23,50,1339,1526,147,3012,164,214,32,6,417,0,5,8,425,1925,114,2465,39,61,9,0,110,0,0,0,108,1697,142,1946,12,32,3,7,52,0,0,4,54,4050,580,4686,16114,8500,1135,560,26307,1168,765,1929,28238,19277,2649,50162,123,868,21,25,1037,96,313,406,1441,2082,125,3656,1115,1283,66,58,2527,291,251,540,3064,1488,180,4729
40204,29190,940,1352,2293,31480,24567,2507,58549,912,2193,110,146,3363,397,444,844,4206,4455,403,9061,3727,2020,213,186,6144,542,234,774,6921,1925,473,9322,4938,1638,363,175,7109,413,188,600,7713,1917,460,10081,4493,1613,338,143,6585,311,141,449,7031,1782,435,9250,4143,1745,234,147,6266,291,158,452,6717,1723,390,8831,4346,1724,195,149,6418,257,118,375,6795,1725,416,8942,4460,1787,205,147,6597,250,89,344,6940,1730,368,9039,3921,1491,243,119,5775,181,71,258,6031,1845,333,8205,2873,1312,208,74,4464,121,66,188,4659,2396,305,7360,1691,1000,128,53,2875,78,35,112,2988,3626,311,6925,361,358,51,27,794,3,8,11,802,3935,250,4993,44,91,8,8,152,4,0,4,155,3383,242,3779,12,41,9,10,68,3,0,3,71,5849,591,6512,35926,16998,2297,1380,56604,2851,1567,4416,61022,36291,4982,102298,466,2074,93,75,2707,309,717,1023,3732,4546,347,8629,3045,2511,159,166,5874,730,459,1192,7069,2428,393,9891
40205,23501,380,631,1015,24514,15502,1119,41134,700,2151,98,82,3037,207,380,587,3627,2502,157,6289,2518,1650,149,106,4430,244,134,374,4801,795,150,5745,3237,1032,197,66,4538,155,67,220,4758,688,163,5608,2817,1174,264,77,4326,108,58,174,4498,803,138,5440,3135,1518,185,76,4918,120,70,191,5110,868,144,6120,3678,1700,159,84,5618,117,80,193,5816,819,165,6789,3818,1643,158,80,5693,107,49,155,5849,787,159,6796,3677,1415,206,53,5350,103,53,159,5512,856,178,6546,3016,1298,209,53,4576,86,43,123,4697,1372,139,6210,1704,1091,163,43,3002,49,45,93,3095,2716,144,5948,380,443,51,18,901,5,7,8,914,3424,147,4481,63,121,10,4,197,0,3,9,205,2872,148,3226,17,30,4,3,57,0,0,0,56,5251,531,5843,28762,15279,1857,759,46647,1293,990,2284,48933,23759,2357,75053,348,2062,85,42,2540,156,562,717,3260,2441,148,5852,1968,1882,100,72,4020,309,187,497,4512,823,172,5507
40301,8871,123,184,306,9172,6685,557,16421,166,703,36,32,939,33,118,155,1086,762,67,1916,782,749,64,45,1642,66,68,134,1776,330,123,2230,1203,368,81,20,1668,41,30,74,1744,239,125,2104,972,322,65,18,1374,49,21,67,1449,258,90,1791,916,431,66,14,1433,47,24,69,1504,288,90,1880,1081,478,74,19,1645,41,19,60,1708,281,82,2072,1295,576,77,18,1961,53,20,68,2028,250,88,2366,1397,556,91,29,2080,32,17,48,2126,346,131,2606,1134,520,80,18,1756,33,24,61,1816,532,107,2442,644,493,75,18,1231,25,16,37,1270,1018,90,2377,156,227,22,6,415,4,7,11,422,1201,58,1682,29,84,8,4,126,0,0,0,124,1072,80,1272,22,55,7,4,87,0,3,0,89,3764,325,4178,9801,5569,733,256,16352,431,357,794,17147,10334,1446,28922,92,627,30,10,753,25,135,158,917,769,56,1739,566,787,48,37,1428,78,80,162,1590,287,95,1971
40302,24517,431,691,1119,25635,15491,1229,42358,475,1716,97,73,2361,149,264,414,2774,2329,166,5268,2107,1846,163,101,4214,246,167,419,4634,1118,216,5968,3264,1118,207,59,4649,172,92,263,4912,826,197,5938,3001,1156,294,59,4511,138,85,216,4723,876,179,5778,2893,1296,204,52,4441,128,75,204,4645,942,167,5760,2823,1358,145,65,4388,117,72,184,4578,842,171,5593,2985,1435,149,55,4630,122,64,190,4813,858,191,5865,2981,1301,203,64,4542,102,73,172,4718,1035,151,5901,2473,1163,196,55,3890,95,60,148,4039,1450,194,5677,1258,895,127,30,2311,46,35,81,2394,2209,158,4762,284,379,45,14,721,0,14,17,733,2688,123,3543,58,130,13,0,205,4,5,6,211,2604,148,2962,16,53,19,11,97,0,0,3,97,6913,655,7665,24618,13843,1859,643,40958,1315,1001,2315,43274,24686,2722,70678,252,1671,64,45,2031,124,439,571,2594,2347,152,5100,1826,2243,148,75,4290,272,279,554,4841,1344,275,6463
40303,16720,202,430,630,17351,10456,706,28509,233,1359,87,44,1727,59,276,336,2059,2031,79,4180,1148,1512,105,62,2835,126,173,304,3135,901,136,4173,1736,738,108,34,2612,85,52,142,2755,532,121,3409,1648,724,197,27,2600,63,39,99,2707,542,101,3346,1968,1072,167,47,3255,58,60,114,3366,520,95,3985,2261,1230,115,37,3641,56,38,99,3736,527,84,4349,2368,1134,99,48,3648,60,44,102,3751,418,100,4268,2529,1031,136,54,3744,49,28,82,3829,503,116,4447,1984,888,132,34,3036,45,27,71,3105,757,92,3952,1226,840,137,27,2234,31,28,62,2296,1572,98,3966,341,448,41,6,834,3,8,17,851,2094,87,3022,68,161,16,0,248,0,0,0,249,1942,85,2271,26,87,7,13,139,0,0,0,135,5132,300,5574,17545,11212,1358,439,30552,641,784,1422,31979,17462,1504,50944,147,1338,60,39,1585,53,392,452,2039,2052,100,4184,875,1652,99,41,2661,131,236,372,3036,901,129,4065
40304,41006,791,1209,1999,43009,28952,2944,74900,1104,3615,194,175,5087,394,579,973,6061,4606,350,11013,4094,2723,293,197,7302,625,222,849,8154,1484,321,9957,5243,1934,411,150,7746,401,154,558,8301,1583,314,10201,4694,2208,453,120,7484,276,153,439,7916,1780,341,10038,5099,2530,362,128,8127,286,130,414,8542,1810,324,10674,5615,2880,319,145,8965,264,139,405,9370,1747,327,11448,5904,2763,295,164,9121,252,110,358,9483,1613,375,11471,5612,2621,355,125,8714,239,81,330,9043,1923,354,11312,4424,2400,326,105,7254,183,95,279,7530,2796,300,10623,2630,1927,268,67,4895,96,84,183,5075,5052,330,10464,552,770,87,23,1430,7,11,25,1454,5631,282,7370,87,186,19,7,301,4,3,6,308,4569,268,5142,23,93,10,11,144,0,0,0,148,8664,930,9737,45089,26655,3398,1423,76569,3037,1772,4808,81371,43255,4812,129449,658,3250,137,104,4147,359,941,1299,5445,4676,390,10505,3294,3355,244,136,7023,666,341,1005,8030,1620,441,10090
40401,29254,549,798,1353,30602,19464,1818,51885,479,1865,96,83,2524,166,292,463,2980,2911,200,6087,2436,1968,159,144,4712,289,229,521,5230,1262,273,6762,3603,1219,206,105,5128,221,97,324,5456,1000,286,6741,3300,1250,266,93,4904,182,88,274,5180,1082,267,6524,3361,1413,255,95,5119,201,78,274,5396,1155,238,6789,3616,1831,203,86,5735,172,89,263,5998,1236,261,7491,3682,1600,178,84,5539,160,67,228,5765,1207,244,7214,3504,1484,213,83,5290,141,62,200,5491,1493,269,7246,2616,1224,201,50,4094,106,50,155,4252,1788,215,6251,1389,1058,131,48,2618,47,45,91,2712,3050,246,6013,368,450,58,29,904,5,8,11,915,3433,248,4595,59,166,24,6,264,3,0,4,268,3557,261,4085,29,86,16,10,145,0,0,5,148,8778,1229,10151,28446,15608,2011,912,46977,1703,1106,2810,49787,31940,4233,85958,290,1893,83,43,2312,140,489,636,2945,2921,236,6103,2131,2404,133,100,4771,321,315,637,5405,1560,351,7313
40402,14129,352,487,840,14966,10283,1076,26320,273,874,57,51,1260,123,142,264,1521,1863,154,3533,1283,924,91,66,2361,197,107,307,2667,815,180,3666,2040,761,126,72,3007,158,71,230,3239,678,240,4157,1837,666,136,50,2694,139,56,195,2891,616,214,3719,1812,833,93,61,2800,114,42,159,2956,770,181,3906,2039,828,102,44,3018,120,53,171,3189,771,211,4174,1970,826,81,56,2941,104,45,152,3084,838,177,4096,1946,805,119,48,2919,97,36,130,3048,1069,182,4302,1424,633,87,38,2171,78,27,110,2278,1227,180,3685,784,478,62,18,1344,43,21,63,1405,1719,176,3303,172,170,24,7,375,5,5,10,385,1721,137,2243,18,48,8,5,75,0,0,4,82,1620,139,1838,9,27,0,11,45,0,0,0,46,3950,456,4454,15598,7880,981,542,25000,1186,609,1794,26792,17650,2632,47077,167,819,47,31,1066,119,242,362,1424,1846,152,3426,1016,1102,69,53,2238,240,179,424,2660,862,182,3705
40403,17028,323,442,758,17790,9889,873,28550,263,941,50,45,1305,58,161,219,1524,1509,91,3118,1570,1520,104,82,3276,175,216,382,3662,1158,216,5027,2582,1026,151,71,3835,165,99,263,4098,709,236,5041,2407,865,184,42,3496,117,60,176,3671,609,192,4476,2055,923,157,40,3180,89,55,144,3327,635,156,4115,2060,934,102,48,3143,103,45,148,3290,596,139,4026,1960,939,93,39,3026,76,33,113,3138,524,150,3809,1838,729,104,39,2710,72,34,110,2823,605,141,3567,1317,606,96,21,2042,55,27,83,2126,731,100,2960,738,527,60,22,1339,24,14,40,1375,1280,108,2763,235,278,21,3,534,3,3,7,538,1743,105,2384,42,106,3,9,162,7,3,8,172,1907,118,2193,24,61,7,14,102,0,4,4,112,5118,640,5862,17085,9451,1144,478,28156,941,757,1706,29860,17111,2380,49350,160,1074,63,15,1311,57,272,324,1640,1602,104,3338,1172,1707,84,57,3024,192,280,472,3498,1266,196,4963
40501,8837,140,182,315,9157,5857,740,15755,271,628,34,28,959,61,87,145,1102,985,44,2127,766,348,42,20,1179,77,26,97,1273,234,67,1575,895,312,48,23,1283,48,25,69,1350,236,41,1630,858,381,75,23,1339,28,17,45,1385,290,58,1729,1036,520,84,28,1667,44,16,60,1726,304,51,2081,1266,638,51,28,1984,30,24,55,2039,340,86,2466,1375,630,62,26,2094,47,27,68,2159,320,73,2545,1424,633,85,24,2169,35,20,51,2224,332,82,2637,1103,553,79,25,1761,27,13,43,1800,539,71,2410,653,415,67,13,1147,12,13,24,1172,903,91,2164,184,203,27,10,422,0,8,7,427,1167,52,1649,62,75,11,9,150,0,0,3,148,984,54,1187,49,54,10,6,118,0,0,0,120,2090,182,2391,9938,5386,669,266,16262,399,272,665,16932,8728,941,26598,201,630,37,24,888,62,85,151,1034,1076,100,2214,659,472,52,34,1217,100,39,133,1348,251,92,1688
40502,4666,73,110,188,4857,3991,612,9452,171,326,14,6,514,38,40,77,592,664,52,1309,452,175,23,18,669,41,11,51,716,166,29,910,502,145,38,21,707,21,12,28,735,182,32,949,426,243,39,13,720,16,6,25,746,217,23,993,579,317,23,26,944,9,24,35,974,187,51,1219,727,357,34,22,1143,24,19,45,1192,244,60,1493,748,375,48,18,1193,33,20,51,1242,292,59,1593,785,414,51,17,1262,28,15,43,1307,304,64,1678,753,372,53,14,1198,11,13,34,1228,481,53,1764,433,301,31,12,777,18,9,24,799,754,52,1605,181,171,25,0,377,0,0,3,381,947,44,1375,57,69,10,0,141,0,0,0,141,774,39,953,46,62,11,3,124,0,0,0,119,1692,169,1982,5845,3324,401,185,9759,249,166,417,10178,6908,741,17820,114,260,16,20,410,28,50,80,486,625,61,1176,401,216,29,19,654,49,13,55,710,122,46,884
40503,5358,144,142,285,5649,5034,738,11415,178,505,43,27,746,69,59,126,868,837,68,1779,511,202,23,33,770,84,21,102,874,279,46,1196,572,219,50,18,857,45,16,59,918,290,55,1266,501,288,52,22,870,53,21,75,946,293,42,1281,625,361,35,20,1032,54,27,82,1121,319,50,1488,757,428,30,21,1241,47,13,62,1300,372,70,1745,909,431,39,27,1411,58,23,81,1490,416,70,1968,923,435,60,28,1439,43,16,58,1505,435,81,2024,771,356,58,16,1200,26,10,35,1230,647,70,1950,449,294,31,19,803,25,9,31,831,998,62,1893,157,153,9,12,337,6,3,11,341,1234,63,1640,51,42,5,12,108,0,0,0,108,1127,75,1307,32,40,10,11,93,0,0,0,93,2231,196,2522,6439,3763,440,266,10912,515,217,730,11642,9484,931,22064,118,438,17,19,590,93,84,167,763,805,92,1663,519,295,26,16,858,130,44,172,1034,246,64,1345
40504,4597,128,131,257,4855,5750,834,11442,168,360,21,26,573,39,37,74,648,556,25,1221,423,187,26,21,653,57,12,69,724,183,35,944,390,175,38,13,619,35,17,53,672,212,20,906,414,203,40,6,667,26,16,45,707,230,30,972,441,263,30,9,746,31,11,39,788,178,19,990,606,397,38,20,1060,34,20,47,1112,278,47,1435,703,420,50,20,1181,28,21,44,1231,328,44,1600,745,388,50,16,1207,45,20,66,1271,440,43,1764,616,386,84,17,1099,33,16,46,1146,695,60,1893,326,338,48,20,736,41,25,62,797,1298,67,2161,107,146,29,7,285,0,0,0,288,1605,65,1957,55,72,16,9,151,0,0,0,151,1336,73,1559,25,26,8,10,66,0,0,0,72,2438,196,2702,5018,3361,477,190,9048,363,184,552,9596,9775,719,20086,105,354,19,20,495,33,56,94,581,575,47,1202,358,217,28,9,610,63,25,85,692,138,51,890
40601,11924,268,292,561,12485,9104,1549,23145,499,977,78,58,1613,141,138,282,1894,1605,184,3681,1424,553,107,69,2146,188,58,249,2392,595,177,3167,1581,596,155,52,2386,122,41,162,2549,594,169,3314,1442,643,109,64,2261,98,39,136,2393,571,146,3107,1704,839,121,64,2731,110,53,166,2894,593,157,3647,2007,929,106,54,3106,90,37,131,3231,627,176,4032,2018,869,134,56,3081,109,37,149,3229,644,204,4076,1914,904,169,55,3047,94,43,138,3183,774,170,4125,1520,709,161,43,2432,49,21,76,2502,989,141,3633,880,547,106,39,1570,48,19,66,1642,1567,169,3380,275,266,47,17,600,7,0,10,613,1979,154,2741,90,112,26,9,243,4,0,4,243,1735,151,2133,44,37,9,14,102,0,0,0,103,3337,412,3848,15399,7991,1325,589,25310,1059,500,1558,26870,15612,2408,44888,260,910,42,49,1259,109,161,269,1530,1465,227,3218,1075,713,78,43,1908,221,90,309,2216,489,241,2942
40602,5050,157,144,299,5351,3511,903,9761,253,390,28,21,693,57,38,94,789,794,143,1726,948,227,57,38,1269,94,24,119,1387,441,181,2006,1068,255,91,39,1453,70,12,75,1531,476,214,2228,901,298,65,28,1293,56,26,78,1379,390,172,1943,936,324,58,26,1344,52,19,72,1418,390,190,1988,1035,348,68,27,1482,52,15,64,1545,341,219,2106,1033,312,92,36,1471,51,8,56,1527,372,191,2097,1078,302,78,28,1489,43,8,56,1541,342,163,2040,848,240,66,13,1167,20,14,32,1203,379,169,1746,396,256,38,12,697,12,12,24,719,647,124,1490,138,94,14,3,257,3,0,0,264,752,121,1126,23,47,9,5,78,0,0,0,77,624,92,792,18,20,0,6,37,4,0,0,44,930,204,1174,8693,3115,650,282,12738,509,176,679,13418,6863,2169,22454,123,304,21,15,460,69,38,109,567,656,107,1331,631,261,42,29,958,121,30,150,1109,433,172,1712
40701,10601,175,280,454,11062,12589,1222,24871,258,759,55,46,1122,103,95,202,1321,1026,85,2435,659,459,52,46,1217,114,31,146,1369,254,77,1696,709,366,70,40,1185,60,22,84,1268,287,69,1627,776,461,80,35,1351,45,29,69,1425,386,68,1880,973,647,97,33,1755,59,31,86,1841,425,93,2363,1235,753,73,43,2100,58,40,100,2203,421,77,2695,1260,875,106,44,2292,81,39,120,2413,451,113,2978,1441,895,108,42,2481,76,39,113,2594,604,133,3329,1243,838,136,24,2229,68,50,119,2354,1051,136,3542,732,864,125,26,1750,45,32,75,1823,2288,181,4290,253,431,31,19,733,5,11,19,754,2949,169,3863,67,153,25,8,252,0,3,8,255,2570,153,2980,37,66,11,5,123,0,0,0,124,4794,476,5401,9641,7578,966,405,18589,719,434,1151,19742,17503,1840,39081,175,733,43,29,988,60,110,172,1163,1087,132,2381,558,577,60,39,1233,113,51,161,1395,286,130,1804
40702,14969,216,282,497,15472,10135,1798,27400,570,1271,101,78,2025,131,183,313,2336,1652,113,4100,1531,596,109,58,2295,211,56,269,2564,507,89,3158,1728,614,199,64,2602,136,42,178,2774,652,108,3539,1657,813,189,54,2712,109,57,170,2879,680,78,3645,1727,990,161,38,2919,95,42,137,3054,694,102,3848,2324,1135,181,62,3703,129,42,170,3872,620,138,4625,2365,1070,153,53,3647,111,31,139,3787,631,119,4538,2264,1025,220,60,3570,79,42,120,3694,745,121,4554,1908,905,202,42,3059,66,36,105,3163,1007,120,4288,1224,728,170,37,2162,41,34,75,2231,1637,158,4023,405,383,74,25,881,0,3,4,884,1951,113,2955,132,206,31,21,382,0,3,4,390,1876,122,2396,82,104,16,26,226,0,6,7,234,3886,483,4604,17928,9837,1815,605,30182,1105,577,1682,31862,16528,1870,50267,514,1216,74,59,1865,106,186,290,2154,1554,163,3866,1461,732,89,50,2329,159,69,226,2559,542,185,3278
40703,14284,332,374,710,14992,12427,1971,29386,563,1142,75,65,1846,155,159,324,2163,2027,214,4407,1456,602,86,81,2222,216,63,276,2500,672,172,3341,1508,620,117,60,2297,146,43,186,2485,796,182,3461,1392,713,107,55,2261,103,49,159,2416,779,165,3356,1665,934,134,62,2793,120,49,166,2953,800,234,3993,2194,1069,116,71,3447,160,66,221,3672,844,235,4748,2364,1073,130,72,3634,111,58,169,3804,883,247,4931,2357,1067,164,56,3640,104,53,154,3798,957,208,4957,1846,922,152,47,2973,88,48,140,3104,1379,201,4686,1238,850,123,61,2261,31,40,74,2333,2277,238,4854,388,424,65,18,896,3,3,13,905,2701,196,3805,145,160,24,16,344,0,0,3,348,2450,203,3000,73,91,22,18,205,5,0,5,209,4630,607,5448,17185,9657,1303,671,28818,1245,632,1881,30697,21183,3111,54998,411,1097,51,42,1610,133,151,287,1891,1975,219,4080,1483,804,85,56,2426,223,84,311,2740,691,214,3643
49797,0,0,0,0,0,0,0,0,0,0,0,0,0,0,0,0,0,0,0,0,0,0,0,0,0,0,0,0,0,0,0,0,3,0,0,0,3,0,0,0,3,0,0,3,0,0,0,0,0,0,0,0,0,0,0,0,0,0,0,0,0,0,0,0,0,0,0,0,0,0,0,0,0,0,0,0,0,0,0,0,0,0,0,0,0,0,0,0,0,0,0,0,0,0,0,0,0,0,0,0,0,0,0,0,0,0,0,0,0,0,0,0,0,0,0,0,0,0,0,0,0,0,0,0,0,0,0,0,0,0,0,0,0,0,0,0,0,0,0,0,0,0,0,0,0,0,0,0,0,0,0,0,0,0,0,0,0,0,0,0,0,0,0,0,4,0,0,0,4,0,0,0,4,0,0,4,0,0,0,0,0,0,0,0,0,0,0,0,0,0,0,0,0,0,0,0,0,0,0,0
49999,311,56,60,113,423,613,273,1306,13,21,0,0,37,22,11,27,66,60,14,145,59,51,6,6,119,33,13,42,155,98,29,283,106,41,14,0,160,32,8,35,196,73,35,308,92,30,11,3,130,26,9,33,161,82,41,286,61,36,7,4,113,24,5,25,140,75,32,253,63,21,11,0,94,10,3,15,110,77,37,225,44,18,13,4,76,21,10,27,102,64,41,213,49,16,3,3,72,21,4,22,93,103,49,246,41,28,6,0,70,11,3,18,83,104,35,224,10,14,5,0,30,3,4,7,34,139,29,206,3,0,0,0,11,0,0,0,11,109,12,135,0,0,0,0,0,0,0,0,0,80,16,92,0,0,5,0,3,0,0,0,3,126,27,160,540,277,74,25,910,196,55,254,1161,1193,409,2766,6,17,0,0,22,14,13,32,55,90,31,170,39,42,6,0,88,41,8,55,144,74,47,262
50101,13450,127,269,392,13844,8631,1389,23859,445,750,96,40,1334,81,78,161,1491,948,108,2552,785,397,50,30,1261,79,21,106,1370,246,124,1735,999,464,87,29,1580,67,30,105,1678,352,141,2175,1108,623,143,49,1924,59,30,97,2016,443,159,2617,1293,812,160,40,2299,65,40,105,2407,533,185,3118,1475,906,136,33,2558,49,54,108,2666,399,183,3247,1412,824,122,53,2406,43,28,73,2477,362,155,2987,1392,780,117,36,2323,44,17,61,2385,393,145,2925,983,746,137,23,1891,48,22,71,1959,663,128,2744,558,542,119,12,1227,24,16,42,1274,1145,143,2563,154,227,43,10,430,0,8,15,439,1437,79,1966,43,86,14,9,156,0,0,3,155,1270,86,1511,16,68,11,13,112,0,3,3,117,2555,222,2891,10661,7226,1231,377,19495,567,371,939,20436,10744,1853,33034,313,911,74,47,1348,77,111,183,1537,1119,175,2828,804,486,60,35,1380,86,35,121,1504,264,129,1891
50102,23722,518,741,1260,24975,16900,2445,44325,1314,1710,141,136,3296,266,207,476,3769,2498,333,6597,2717,903,191,100,3909,260,86,350,4257,862,340,5456,2871,917,211,80,4089,181,67,250,4338,1086,372,5798,2794,1073,223,103,4197,138,87,218,4417,1201,360,5974,2951,1393,206,96,4651,124,75,203,4856,1164,369,6393,3550,1645,253,121,5568,134,91,223,5787,982,388,7159,3669,1424,245,111,5440,123,53,174,5619,904,379,6900,3449,1433,295,84,5264,99,38,134,5401,1001,366,6768,2586,1156,274,67,4086,71,35,101,4191,1453,290,5938,1389,937,180,47,2554,55,33,90,2643,2434,277,5357,356,390,68,26,848,13,10,22,868,2751,198,3819,90,155,20,8,274,0,0,8,281,2442,194,2915,31,89,19,20,160,0,4,3,164,4252,659,5075,27773,13238,2331,987,44334,1472,785,2254,46588,23031,4533,74151,764,1953,93,83,2896,240,387,631,3521,2827,437,6782,2291,1077,128,91,3588,377,138,518,4101,842,357,5302
50103,5117,93,101,191,5309,3968,761,10042,208,330,34,23,589,41,25,61,657,497,30,1181,360,146,31,13,556,38,10,51,605,132,26,763,405,127,32,18,588,21,11,29,619,175,51,843,405,256,33,15,715,19,16,39,749,194,41,987,564,340,45,34,985,24,19,40,1031,239,49,1310,685,388,58,32,1161,35,15,50,1208,244,55,1511,804,413,73,24,1308,25,20,47,1356,265,77,1699,845,415,79,23,1365,30,17,46,1409,296,57,1767,670,444,85,20,1216,35,11,50,1266,461,75,1804,420,385,72,21,904,12,12,23,926,730,61,1723,175,186,29,12,400,0,4,3,404,916,56,1373,52,81,12,5,149,0,0,0,152,719,45,922,32,42,8,10,89,0,0,0,89,1140,109,1339,5637,3543,603,249,10026,282,157,443,10469,6015,726,17211,196,291,18,12,521,32,20,48,570,600,82,1255,337,155,17,15,516,45,18,65,582,166,70,824
50201,21005,672,846,1515,22518,21130,2648,46298,854,1595,102,82,2643,277,230,504,3144,2034,318,5498,1882,929,152,102,3062,280,68,344,3412,736,307,4457,1977,650,159,86,2873,202,71,274,3138,923,280,4344,1716,769,154,69,2701,151,74,218,2919,978,276,4174,2161,962,188,87,3396,149,74,220,3616,959,324,4900,2438,1177,161,66,3851,139,95,231,4080,874,345,5299,2690,1162,221,68,4144,148,52,202,4343,879,304,5523,2504,1097,232,84,3913,112,61,170,4083,1034,309,5427,1908,977,241,62,3185,96,47,141,3331,1565,327,5216,1139,902,155,40,2237,70,50,122,2360,3131,291,5786,306,448,62,18,836,7,16,26,857,3956,280,5101,74,178,19,11,286,3,0,5,291,3853,275,4420,15,58,8,5,89,0,3,3,86,6280,990,7354,19661,10909,1856,773,33200,1634,836,2467,35664,27214,4626,67502,501,1711,72,52,2341,329,462,791,3130,2405,290,5820,1809,1291,115,75,3282,445,166,609,3893,917,315,5128
50301,16907,246,540,792,17697,11912,1200,30813,195,1470,119,37,1819,37,244,278,2105,3004,226,5330,1276,1811,186,59,3327,82,221,299,3627,1490,281,5407,1877,606,99,31,2614,70,58,129,2737,582,248,3571,1396,488,114,22,2013,42,23,63,2080,540,207,2824,1459,655,132,35,2281,39,30,72,2352,655,178,3187,2054,1070,101,59,3282,58,39,95,3378,763,204,4337,2374,1110,118,49,3645,55,42,92,3738,710,178,4628,2475,1069,105,44,3692,51,30,83,3779,693,215,4697,1975,977,130,34,3121,35,25,63,3181,787,214,4188,1283,840,119,31,2273,30,28,54,2333,1259,181,3767,489,635,47,25,1190,7,3,8,1201,1707,147,3054,156,323,25,12,521,3,7,9,524,1640,140,2304,51,206,20,14,295,0,6,4,300,4282,542,5123,17064,11263,1308,447,30078,511,745,1256,31337,18122,2965,52423,63,1474,78,63,1683,36,375,414,2097,3197,175,5467,932,1969,103,77,3080,123,309,435,3520,1634,257,5409
50302,31306,590,757,1347,32651,12788,2650,48092,307,1207,87,50,1647,50,195,245,1898,1790,270,3953,3197,2415,232,96,5948,189,244,435,6384,1315,862,8563,7077,1816,321,109,9331,261,123,382,9713,1152,1413,12271,5601,1333,317,69,7316,187,86,272,7589,987,1035,9612,4092,1238,247,56,5634,118,58,182,5814,1029,621,7459,3582,1360,202,58,5199,114,57,178,5380,806,560,6742,3307,1198,177,44,4722,106,48,155,4882,695,430,6007,3172,979,182,50,4383,88,39,127,4515,754,402,5673,2371,970,181,46,3564,72,37,110,3680,992,442,5111,1438,840,144,32,2456,39,38,73,2533,1538,334,4408,454,438,54,12,951,9,11,16,966,1685,242,2893,92,204,22,3,321,3,7,7,330,1726,172,2226,28,116,8,14,166,0,0,5,164,4300,703,5172,34724,14121,2172,626,51645,1246,947,2194,53841,18775,7479,80087,142,1172,51,36,1400,45,344,389,1790,1901,287,3982,2267,2507,125,96,5002,236,385,624,5627,1460,861,7940
50401,21451,456,662,1124,22576,11968,1554,36095,533,1127,61,67,1788,101,171,275,2062,1866,196,4127,2388,1402,127,105,4036,199,137,334,4368,821,304,5492,3672,1067,165,94,4995,181,93,271,5266,824,429,6524,3338,1062,262,69,4735,118,79,201,4936,851,379,6167,3161,1145,190,92,4589,115,46,158,4752,872,290,5913,2923,1172,159,87,4342,104,57,158,4500,739,273,5514,2840,1118,141,87,4186,98,45,145,4326,660,243,5237,2638,942,175,49,3802,77,48,125,3925,712,265,4903,2214,911,158,48,3329,89,41,126,3457,1030,205,4696,1311,883,137,41,2367,50,33,82,2453,1648,207,4305,381,395,40,14,836,11,11,14,851,2085,166,3104,77,134,6,4,218,0,8,8,224,2193,168,2583,18,65,9,7,93,0,3,3,97,4700,514,5312,25497,11420,1625,780,39320,1143,757,1893,41213,19009,3652,63870,244,1184,45,37,1510,114,363,478,1989,1850,173,4012,1691,1695,73,98,3558,251,225,470,4031,747,294,5080
50402,9898,185,273,454,10355,6399,839,17590,507,936,45,56,1545,106,107,217,1758,1128,156,3042,1058,515,57,42,1672,108,46,153,1831,527,121,2479,918,259,67,31,1271,46,12,57,1332,524,106,1963,833,333,79,25,1273,38,30,64,1337,644,73,2060,1142,530,94,41,1804,42,29,65,1869,614,141,2619,1506,741,88,42,2375,49,27,72,2452,562,173,3182,1718,733,117,31,2601,38,26,66,2667,475,159,3300,1648,684,116,43,2493,41,23,63,2558,460,141,3159,1305,592,103,38,2040,29,13,37,2080,570,135,2794,832,582,92,23,1533,29,27,51,1582,1025,125,2729,258,279,28,12,579,5,6,9,588,1251,100,1933,38,90,9,8,146,0,0,0,149,1102,80,1329,17,30,6,4,55,0,0,0,55,1842,214,2118,11784,6297,906,411,19400,523,331,855,20248,10710,1732,32694,242,843,38,30,1147,82,190,270,1416,1189,118,2724,858,570,65,33,1534,152,61,216,1745,546,121,2412
50403,35409,898,1165,2066,37472,18987,2604,59069,1275,2094,141,142,3657,280,262,542,4202,3188,390,7780,3360,1356,164,184,5062,292,140,435,5497,1114,399,7010,3921,1027,259,120,5322,167,89,255,5574,1152,392,7120,3562,1302,239,102,5209,141,97,242,5449,1302,382,7131,3957,1606,231,132,5920,159,103,261,6185,1325,433,7944,4344,1792,253,140,6533,137,102,239,6770,1138,444,8351,4389,1503,264,126,6283,133,80,209,6496,1001,387,7887,3583,1262,256,105,5205,96,54,144,5358,1073,373,6798,2676,1031,165,63,3944,59,29,91,4030,1250,283,5563,1504,802,133,50,2490,52,38,89,2581,1833,281,4691,447,406,42,22,923,10,14,20,940,2167,213,3319,80,139,20,4,242,6,0,5,245,1929,201,2373,35,56,3,14,104,0,3,3,109,3173,452,3731,33125,14376,2177,1215,50895,1537,1005,2536,53433,21635,4635,79703,722,2389,91,73,3273,350,656,1004,4281,4010,407,8696,3410,2359,186,149,6100,622,305,930,7026,1416,592,9037
50501,40930,545,1175,1721,42648,22088,1869,66606,1688,4434,241,187,6544,286,580,863,7408,4502,334,12242,4865,3114,350,173,8500,347,236,582,9082,1333,435,10848,4804,1297,303,112,6521,212,103,313,6832,1006,395,8226,4202,1654,378,93,6328,147,92,240,6570,1282,324,8172,5096,2436,378,114,8025,104,97,198,8223,1555,336,10108,6246,3084,341,137,9804,146,125,274,10084,1403,394,11884,6989,3023,366,133,10515,163,89,251,10770,1255,376,12394,6931,2744,477,134,10288,148,85,234,10519,1268,380,12168,5436,2451,418,98,8400,129,51,183,8587,1939,325,10847,3178,2177,341,63,5761,88,57,146,5913,3359,296,9569,750,888,123,34,1793,15,23,41,1830,3745,179,5755,111,273,16,4,410,3,9,13,421,3130,190,3738,32,92,9,15,148,0,5,5,150,6193,660,7008,50341,27664,3738,1290,83034,1783,1554,3342,86380,31963,4626,122963,760,3820,157,83,4820,253,963,1213,6033,4389,326,10746,3512,3495,198,138,7350,464,377,846,8196,1325,353,9875
50502,52801,973,1526,2504,55303,30323,4164,89795,934,2875,174,143,4129,189,414,605,4737,4658,541,9939,5509,3343,376,245,9469,377,300,683,10150,2083,959,13185,9340,2585,494,211,12629,385,198,587,13218,1856,1280,16357,7661,2275,573,178,10691,295,141,437,11128,1970,977,14074,6769,2632,492,198,10091,269,152,421,10514,2076,775,13364,6325,2847,335,158,9670,255,138,383,10056,1857,684,12589,6036,2574,298,144,9045,197,117,313,9362,1574,610,11551,5575,2278,300,121,8274,190,102,289,8564,1657,546,10761,4558,2074,326,119,7073,143,72,219,7284,2219,532,10030,2658,1925,283,77,4940,82,71,151,5094,3604,470,9171,882,1009,115,44,2052,7,25,34,2080,4780,457,7320,191,440,36,21,679,3,4,16,695,5197,379,6271,57,222,21,18,313,0,7,10,325,11443,1444,13211,56488,27084,3816,1677,89059,2402,1745,4147,93206,44972,9650,147827,457,2843,128,86,3512,192,735,926,4437,4961,403,9808,3747,4120,197,153,8208,530,534,1064,9281,1969,688,11942
50503,50335,1214,1937,3155,53489,26684,3430,83602,1664,3085,199,190,5127,409,474,884,6017,4754,591,11359,4686,2204,275,255,7418,374,202,577,7996,1534,530,10054,6293,1784,427,200,8705,279,105,381,9087,1776,614,11481,5743,2013,494,153,8400,200,127,327,8731,1986,558,11275,6065,2638,432,180,9318,200,172,378,9690,2066,683,12434,6538,2686,361,208,9794,198,161,363,10150,1731,611,12490,5864,2249,357,190,8662,216,92,311,8976,1342,526,10843,4543,1637,318,121,6619,173,65,239,6858,1289,412,8557,3088,1331,205,88,4713,89,59,147,4857,1680,303,6840,1797,1174,168,67,3212,47,55,103,3313,2603,294,6208,463,514,72,30,1077,14,20,29,1113,3048,210,4363,64,152,9,5,236,0,6,3,242,3063,220,3519,11,67,6,7,93,0,7,7,100,4762,688,5550,46820,21543,3326,1688,73375,2211,1544,3756,77132,31621,6226,114982,1055,3942,160,136,5281,541,1202,1742,7021,5797,597,13414,4724,3620,277,258,8878,769,469,1237,10117,1920,752,12783
50601,20859,677,853,1535,22395,12647,1779,36821,842,1134,67,91,2133,185,158,342,2472,1712,268,4452,2175,889,133,120,3315,236,83,319,3637,738,252,4625,2649,700,146,78,3576,154,53,208,3779,821,270,4873,2215,729,169,79,3192,113,60,173,3361,827,255,4444,1947,774,142,73,2940,90,61,150,3089,771,267,4132,2153,837,120,59,3171,105,38,145,3318,651,229,4193,2233,815,149,57,3250,78,32,113,3358,604,257,4223,2053,795,138,58,3042,76,34,105,3147,699,224,4064,1580,705,154,57,2497,51,24,75,2574,858,187,3623,1046,654,106,43,1846,34,22,59,1903,1408,183,3490,252,266,44,17,577,7,8,9,593,1595,125,2312,58,93,5,5,155,4,0,6,164,1438,125,1730,18,36,6,0,62,0,0,0,62,2357,362,2776,19226,8425,1366,728,29746,1125,579,1706,31452,14468,3005,48926,422,1312,46,54,1833,186,379,560,2396,2077,223,4697,2028,1256,108,90,3477,371,188,564,4039,921,274,5237
50602,19211,464,597,1059,20274,9262,1915,31450,432,859,71,53,1419,83,152,238,1650,1355,233,3241,2285,1381,141,89,3898,189,178,363,4259,1083,558,5900,3887,1139,179,95,5306,169,92,261,5568,987,581,7142,3438,978,217,60,4687,132,84,219,4911,914,482,6300,2729,951,186,77,3940,108,59,168,4103,798,407,5312,2414,777,133,54,3375,86,31,120,3494,623,316,4434,2207,671,112,53,3053,70,37,107,3158,549,284,3996,2005,626,127,39,2795,83,29,114,2903,614,291,3811,1531,568,115,35,2249,66,17,83,2336,805,242,3383,961,512,87,40,1595,42,23,69,1663,1068,190,2926,260,250,30,11,550,9,13,16,568,1334,159,2060,48,92,10,7,154,5,0,0,161,1462,161,1783,14,37,3,5,55,0,3,6,63,3304,421,3788,22211,8850,1407,609,33074,1044,714,1759,34838,14900,4333,54070,228,872,30,22,1157,81,219,300,1453,1390,255,3098,1853,1777,110,73,3821,257,287,540,4361,1163,613,6136
50603,22904,563,905,1467,24371,14935,1911,41222,652,1853,87,101,2698,112,374,489,3188,3177,267,6628,2877,2515,210,147,5756,279,437,714,6469,2485,613,9566,3894,1354,198,102,5542,206,133,337,5880,1218,475,7576,3072,992,206,70,4337,124,62,188,4529,1084,352,5962,2656,1090,174,78,3991,106,72,179,4172,1056,244,5470,3033,1347,154,104,4640,109,91,200,4839,877,269,5983,3255,1270,137,83,4747,124,63,184,4937,784,233,5954,3073,1148,162,59,4444,97,53,152,4590,826,195,5613,2439,1075,173,62,3752,80,30,114,3858,1068,188,5117,1430,947,132,43,2556,43,34,73,2627,1741,186,4555,412,431,50,22,916,7,9,12,929,2145,136,3208,59,170,10,11,253,0,4,3,257,2063,162,2477,24,66,4,17,108,0,6,6,112,4914,675,5709,26880,14269,1691,902,43739,1278,1366,2648,46391,23438,3980,73809,299,1693,64,53,2111,129,644,774,2885,3347,199,6438,1813,2906,154,120,4993,364,632,1000,5992,2272,446,8708
50604,26460,852,1218,2067,28530,19108,2414,50054,1179,1928,139,109,3351,288,322,612,3958,3319,444,7722,3316,1626,194,187,5323,348,168,513,5839,1616,478,7934,4519,1245,271,135,6173,258,102,363,6535,1521,537,8589,4091,1348,303,133,5873,166,103,271,6137,1528,518,8187,3973,1468,225,144,5809,179,109,287,6093,1459,493,8042,3952,1499,205,148,5801,151,102,251,6052,1232,405,7687,3783,1351,217,110,5462,136,67,197,5658,982,413,7049,3352,1239,228,78,4900,114,51,166,5071,1071,318,6455,2793,1091,223,91,4199,107,49,156,4352,1361,334,6053,1722,991,143,56,2912,49,41,100,3008,2100,288,5390,444,442,57,20,965,4,19,19,992,2525,197,3706,82,122,12,12,230,4,6,12,242,2428,180,2853,16,47,0,16,76,5,0,6,80,3665,566,4315,33227,14404,2216,1224,51071,1801,1144,2940,54017,24807,5165,83991,561,2031,87,74,2746,273,678,945,3697,3738,280,7709,2663,2192,133,141,5130,495,358,858,5985,1822,400,8216
50605,13769,253,396,652,14420,8751,998,24174,753,1174,64,55,2053,102,137,241,2295,1545,164,4002,1712,720,99,81,2610,99,50,149,2758,452,170,3381,1741,442,133,57,2374,77,23,96,2470,428,172,3069,1666,610,114,55,2444,64,38,97,2541,491,147,3181,1815,747,102,41,2711,49,42,86,2798,564,165,3527,2087,874,119,54,3130,66,43,107,3237,477,220,3939,2192,783,121,56,3151,54,24,83,3231,407,151,3793,2093,750,124,61,3021,42,21,64,3086,447,168,3702,1647,733,142,40,2562,43,13,57,2620,670,151,3441,1213,693,115,30,2049,28,10,39,2088,1253,147,3496,303,360,33,8,712,3,9,13,722,1656,109,2482,67,138,14,4,222,0,4,4,230,1573,94,1892,27,64,12,5,104,0,0,0,106,2696,282,3086,17316,8087,1195,544,27142,627,417,1035,28174,12662,2140,42980,369,1176,32,39,1620,115,250,367,1983,1759,169,3905,1418,902,59,48,2435,188,96,282,2722,421,175,3314
50606,7699,141,219,358,8053,3679,504,12239,292,367,27,28,714,40,46,89,803,447,41,1290,588,210,28,24,858,44,20,59,914,163,54,1132,546,143,43,15,754,19,13,29,782,195,42,1018,497,188,43,23,753,16,12,29,783,236,24,1041,607,280,51,33,972,19,11,32,1001,256,48,1310,756,361,34,31,1187,19,15,31,1219,237,75,1531,783,304,49,12,1149,20,14,34,1183,193,66,1443,631,259,39,18,946,11,8,20,970,185,37,1192,482,207,48,16,746,12,0,14,762,235,47,1045,286,190,42,10,525,12,4,14,544,416,39,1004,76,75,13,0,165,0,0,3,170,449,22,638,12,37,0,4,48,0,0,0,53,363,19,434,10,16,0,0,26,0,0,0,27,470,43,541,5571,2636,409,219,8837,213,145,365,9201,3849,566,13618,233,479,24,18,756,59,107,171,919,703,77,1701,846,386,56,12,1298,113,39,152,1449,249,95,1789
50607,11304,194,313,503,11808,6441,1005,19254,192,785,38,21,1039,36,139,181,1216,1402,123,2742,1394,1194,112,52,2753,94,183,279,3025,945,284,4260,2279,591,103,38,3010,83,49,140,3150,381,281,3805,1729,428,134,34,2322,43,43,85,2407,417,218,3042,1396,454,88,20,1961,32,40,74,2034,459,165,2659,1368,524,76,34,1999,47,24,74,2075,409,160,2639,1407,529,75,36,2045,32,21,56,2101,335,144,2578,1467,534,92,26,2115,45,23,68,2183,380,139,2699,1338,509,82,14,1948,18,18,42,1992,527,164,2677,785,489,65,19,1361,21,16,38,1393,823,128,2343,245,275,24,3,549,4,0,7,554,910,103,1566,44,102,13,3,160,0,4,5,169,849,83,1097,13,41,16,0,74,0,0,0,74,2427,323,2832,13667,6454,912,298,21329,462,570,1035,22369,10257,2321,34945,94,701,29,22,857,36,196,230,1087,1489,116,2692,905,1242,63,55,2268,95,223,317,2587,865,219,3669
50701,29973,543,957,1500,31467,14405,1904,47774,925,1594,116,123,2756,190,239,429,3178,2161,251,5585,2839,1326,167,122,4455,236,125,355,4810,948,280,6034,3939,985,292,102,5326,136,74,216,5541,840,351,6734,3841,1290,298,92,5524,140,68,213,5735,1119,320,7174,3780,1549,278,121,5718,106,70,174,5890,1116,335,7343,3655,1614,225,95,5588,115,65,182,5770,915,283,6970,3323,1315,231,98,4974,106,54,159,5134,734,257,6123,2891,1103,190,67,4262,88,41,125,4381,846,243,5473,2078,879,157,54,3171,57,28,87,3259,1110,203,4570,1206,750,125,47,2129,42,16,62,2188,1696,166,4050,335,377,26,20,763,9,9,20,779,2029,130,2943,53,102,14,3,174,3,0,6,182,1868,140,2190,16,34,11,8,67,0,0,4,68,3385,407,3855,28878,12936,2125,964,44906,1229,799,2025,46930,18767,3354,69047,537,1865,103,56,2561,184,514,695,3257,2658,294,6213,2433,1898,138,121,4587,324,218,547,5139,1007,375,6514
50702,10478,157,280,434,10912,5778,950,17638,163,494,22,27,706,27,89,125,835,709,97,1639,718,677,72,33,1499,66,61,123,1621,325,125,2072,1266,377,81,31,1755,46,37,79,1839,322,181,2338,1246,373,122,21,1754,57,27,89,1846,309,134,2293,1140,511,108,29,1788,46,23,75,1857,362,129,2344,1261,622,75,29,1987,52,32,81,2064,378,138,2579,1281,610,71,28,1996,54,22,80,2073,352,142,2565,1259,592,65,31,1948,35,17,53,2005,403,136,2549,1074,528,97,18,1718,46,26,78,1794,542,123,2456,603,471,75,19,1169,15,14,35,1201,828,125,2153,162,246,24,11,448,3,8,11,458,933,90,1474,39,85,10,3,135,0,3,3,141,1030,82,1249,14,39,10,4,57,0,5,4,62,2334,253,2652,10224,5641,823,280,16965,456,367,829,17795,8818,1756,28371,72,613,24,10,720,49,144,192,910,773,91,1772,556,734,48,26,1366,74,70,148,1516,302,179,1998
50703,10044,329,445,776,10821,5719,820,17364,332,430,26,39,824,116,86,197,1023,779,173,1977,957,329,45,45,1374,116,42,158,1531,437,173,2141,1318,392,105,34,1853,94,35,129,1977,537,182,2703,1138,383,103,38,1658,55,35,97,1754,527,187,2468,995,386,58,35,1486,55,28,77,1565,479,159,2204,1053,375,61,33,1523,59,29,87,1610,414,181,2208,909,318,66,36,1330,47,22,65,1392,332,128,1856,781,265,61,20,1128,32,9,42,1173,334,103,1603,548,228,54,16,850,17,11,24,879,418,97,1399,312,146,24,11,493,12,14,25,520,629,84,1228,97,58,13,4,177,0,4,5,183,668,68,923,3,26,3,0,36,0,0,0,32,634,62,729,3,3,0,0,11,0,0,0,11,943,144,1098,8450,3349,614,321,12730,610,312,916,13650,7134,1745,22529,195,615,24,33,866,130,159,284,1150,995,152,2300,951,638,57,66,1715,229,113,335,2049,643,182,2876
50704,26234,374,820,1196,27433,17226,1551,46216,639,2413,155,110,3321,74,364,435,3760,3387,214,7357,2717,2329,229,126,5397,164,250,418,5808,1430,282,7520,3374,917,170,67,4538,148,80,227,4766,707,262,5737,2752,929,236,58,3968,85,47,131,4102,772,215,5088,3001,1356,191,68,4618,95,78,177,4796,989,244,6025,3525,1636,174,78,5411,99,96,200,5607,934,262,6804,3937,1726,210,85,5946,92,68,160,6115,883,228,7223,4089,1670,245,80,6090,88,61,147,6236,953,219,7418,3359,1505,235,63,5162,78,45,122,5283,1394,252,6931,1971,1332,163,44,3509,46,34,81,3594,2207,201,6003,538,723,92,20,1379,8,14,28,1408,2672,175,4253,104,267,30,16,412,0,7,7,420,2658,176,3257,39,143,19,13,216,0,0,0,219,7196,688,8104,30060,16957,2142,824,49974,992,1145,2138,52116,26185,3410,81712,272,2216,79,46,2608,92,557,651,3261,3271,191,6722,1961,2484,151,81,4682,265,333,593,5278,1361,231,6869
50705,30071,823,1279,2102,32178,19356,2777,54306,1330,2225,158,157,3873,416,371,783,4658,2781,404,7843,3535,1302,205,139,5179,337,116,456,5630,1022,455,7112,3568,970,300,111,4954,200,128,326,5276,1246,378,6902,3308,1121,233,85,4749,168,104,270,5015,1319,391,6725,3716,1462,271,130,5581,156,110,264,5852,1310,428,7588,4210,1632,288,111,6236,159,126,280,6521,1169,472,8163,4170,1522,306,116,6115,155,61,220,6335,980,400,7713,3400,1158,261,80,4900,116,50,166,5066,1024,334,6427,2230,966,176,57,3433,82,55,136,3571,1359,246,5177,1208,762,128,35,2135,53,23,81,2212,2295,245,4755,305,343,52,8,716,13,12,24,744,2870,195,3810,52,106,13,9,175,0,3,0,180,2624,199,2999,9,38,7,10,58,0,0,3,62,4603,539,5203,31043,13598,2396,1059,48100,1867,1157,3022,51115,24616,4692,80421,753,2498,102,60,3405,413,688,1105,4507,3219,486,8213,3372,2013,187,137,5710,611,245,859,6570,1159,778,8510
50901,13402,187,294,484,13887,10026,1747,25658,604,877,83,58,1617,114,92,206,1820,1509,129,3459,1155,440,121,48,1769,140,49,189,1959,587,128,2673,1199,472,104,41,1813,65,32,94,1907,617,109,2638,1219,648,147,52,2064,64,41,111,2175,689,107,2974,1424,785,164,50,2429,78,37,117,2549,658,113,3322,1778,986,186,62,3012,86,44,127,3137,609,184,3925,1956,963,190,55,3162,65,44,104,3271,629,151,4046,1922,990,185,68,3171,98,25,124,3291,680,161,4133,1636,834,180,37,2687,62,35,98,2777,929,145,3851,966,727,131,39,1861,36,32,65,1932,1544,156,3633,316,370,66,28,781,8,12,18,790,1899,115,2802,117,161,36,11,328,0,3,0,332,1850,97,2278,74,96,19,12,196,0,0,3,203,3568,368,4135,14361,8349,1609,565,24883,816,449,1270,26151,15760,1972,43880,494,981,45,37,1557,118,116,236,1793,1559,212,3562,1194,542,59,35,1829,123,44,165,1991,477,170,2637
50902,11330,230,258,491,11823,8436,2253,22507,550,548,37,48,1180,124,80,201,1385,1274,219,2879,1129,342,56,44,1558,89,30,122,1683,470,192,2348,1262,409,108,46,1826,73,37,112,1940,497,157,2596,1195,480,95,28,1794,74,31,108,1907,584,167,2657,1499,722,80,52,2355,94,26,120,2480,557,248,3281,1851,794,131,73,2846,69,39,108,2958,551,230,3738,2089,837,129,63,3122,82,21,104,3221,552,236,4018,2081,810,162,70,3126,66,29,97,3213,723,284,4218,1790,733,167,37,2729,60,30,89,2815,1018,216,4050,1208,695,158,49,2106,41,27,67,2178,1633,221,4028,446,360,81,24,917,9,7,15,929,1873,150,2957,192,200,27,14,435,6,5,8,440,1651,159,2255,108,130,13,12,273,0,0,0,277,2718,357,3347,15417,7053,1243,558,24270,790,363,1151,25423,14098,2847,42358,373,532,33,51,985,89,91,181,1165,1409,218,2792,1018,419,65,46,1547,144,44,188,1742,541,217,2497
50903,4110,75,78,146,4257,2660,809,7726,206,173,10,15,399,39,15,53,450,552,44,1054,418,116,19,17,576,41,14,57,632,152,69,853,632,146,45,20,846,28,19,46,887,201,116,1199,545,210,45,18,815,15,6,25,842,233,83,1153,650,312,53,22,1034,35,23,54,1089,224,102,1409,798,327,54,25,1206,48,14,60,1271,171,103,1543,863,278,55,21,1214,29,15,45,1251,165,89,1508,891,311,65,31,1297,23,9,34,1331,227,93,1652,760,273,60,17,1114,13,5,19,1135,294,77,1509,487,274,59,17,833,16,3,23,855,479,54,1385,232,162,34,12,438,0,9,14,451,514,53,1016,90,100,26,4,220,0,0,0,219,538,38,796,61,58,19,11,142,0,0,0,145,1053,111,1310,6625,2731,543,233,10127,285,140,428,10553,4803,1033,16388,134,129,11,10,281,44,25,67,345,482,110,938,385,128,26,17,560,37,10,50,608,125,86,815
51001,7131,201,188,384,7516,4184,2080,13786,301,242,22,47,603,92,46,141,742,1077,226,2048,923,319,53,68,1365,106,39,148,1511,929,316,2751,1419,373,101,65,1950,91,32,122,2069,956,378,3405,1235,389,102,54,1779,53,23,78,1858,917,292,3063,1170,435,101,41,1744,71,19,86,1827,747,291,2866,1159,382,87,49,1683,54,23,81,1762,641,282,2682,1122,296,66,44,1526,42,19,54,1587,506,266,2362,1144,266,76,47,1530,42,10,49,1583,465,207,2253,867,239,64,24,1192,19,13,34,1224,471,176,1877,464,140,46,23,677,15,8,17,693,459,127,1276,140,88,13,8,253,6,6,4,261,420,89,761,24,29,4,4,62,0,0,3,67,286,44,391,18,17,0,0,35,0,0,0,41,405,75,519,9981,3212,737,482,14405,581,241,820,15224,8258,2758,26251,203,267,10,30,512,96,47,147,659,1110,270,2038,702,253,35,68,1056,149,55,205,1260,720,292,2268
51002,5019,120,105,220,5238,1689,1344,8268,330,145,23,23,510,43,19,62,578,442,267,1287,1292,186,77,39,1598,65,19,81,1672,233,553,2460,1948,208,149,47,2352,38,18,56,2406,311,736,3452,1545,244,127,49,1963,38,14,54,2015,231,606,2857,1491,235,103,36,1861,33,15,46,1909,247,566,2719,1380,195,80,16,1668,30,16,45,1713,185,518,2413,1219,153,82,30,1485,26,15,42,1522,147,439,2109,1135,120,103,27,1387,27,0,29,1415,123,445,1981,752,91,75,24,938,9,0,14,951,131,273,1350,367,61,21,18,470,7,0,10,476,138,136,755,88,16,10,4,119,0,0,0,119,114,44,284,23,5,0,4,35,0,0,0,38,89,34,158,7,3,0,0,13,0,0,0,12,110,20,138,11574,1666,844,310,14401,313,112,427,14826,2499,4632,21958,136,200,16,11,363,33,29,61,420,461,125,1005,747,160,47,27,975,78,16,97,1073,217,282,1568
51003,6287,104,102,209,6493,1743,1490,9732,399,250,37,31,709,38,23,64,770,465,244,1472,1367,134,72,32,1607,43,9,55,1662,241,517,2422,2213,250,168,50,2681,43,11,60,2742,344,784,3871,1841,341,170,43,2392,37,18,50,2444,373,631,3452,1914,348,163,42,2465,38,18,55,2521,353,676,3544,1789,350,137,51,2332,31,9,41,2372,241,652,3267,1666,218,103,37,2023,35,4,36,2059,153,575,2783,1473,186,106,32,1797,20,5,30,1825,144,461,2436,962,118,65,18,1165,12,4,17,1184,130,333,1648,478,67,33,9,592,10,0,10,597,136,198,932,117,26,14,6,156,0,0,0,156,122,66,340,21,15,7,4,44,0,0,0,44,62,32,142,0,0,0,3,13,0,0,0,8,76,21,102,14241,2293,1080,355,17973,297,113,409,18382,2841,5191,26413,184,282,20,18,503,62,46,107,610,621,107,1338,942,196,57,30,1225,96,24,119,1351,265,264,1883
51101,3439,32,58,88,3529,2217,592,6340,206,263,27,13,511,33,32,62,578,419,70,1061,369,121,28,19,537,34,11,42,586,119,54,756,417,137,33,7,597,26,8,37,628,145,72,846,423,184,45,8,660,26,6,34,694,180,56,928,528,273,33,22,854,16,10,27,881,154,69,1106,595,242,55,14,907,15,10,28,939,125,66,1129,638,242,63,12,958,20,8,34,993,132,61,1190,615,228,56,15,908,17,11,26,937,141,76,1155,381,204,63,19,665,13,3,14,678,197,53,926,241,158,46,6,457,8,3,10,470,346,51,868,100,120,22,10,248,3,0,7,251,423,58,734,29,35,8,8,82,0,0,0,83,420,55,558,20,24,6,5,51,0,0,0,55,715,111,872,4569,2237,481,151,7443,214,104,321,7767,3531,845,12136,144,244,20,17,416,29,33,55,471,459,119,1051,372,154,16,10,553,36,6,41,593,102,85,782
51102,2217,29,37,61,2281,970,514,3763,84,79,8,10,179,15,5,26,204,166,41,409,198,55,10,8,276,15,4,22,296,73,58,427,281,76,29,10,393,16,11,25,419,102,62,580,310,118,38,9,476,18,3,22,497,117,60,676,319,149,39,12,517,21,6,28,548,106,73,725,389,123,25,16,556,18,8,24,577,94,72,744,344,108,23,12,488,10,5,22,502,75,78,656,376,117,25,11,526,13,5,12,540,88,56,688,311,92,29,10,443,6,0,6,449,121,68,644,198,79,16,8,303,3,4,3,308,248,76,630,62,40,3,0,113,0,0,0,113,286,45,445,19,24,7,0,46,0,0,0,46,229,37,312,3,17,5,0,28,0,0,0,30,274,52,355,2898,1076,257,112,4340,143,55,197,4533,1977,781,7292,73,89,11,7,180,16,7,26,205,182,50,432,206,72,19,13,314,35,5,35,347,76,66,493
51103,8118,182,140,323,8442,3684,1661,13779,650,526,51,65,1286,108,64,171,1464,888,320,2666,1758,367,90,68,2290,103,43,151,2434,563,443,3443,2148,401,101,67,2722,80,36,119,2842,700,517,4058,1751,371,132,57,2313,78,42,124,2434,577,459,3469,1791,458,123,74,2447,66,22,84,2541,543,433,3514,1785,479,84,55,2405,53,21,81,2480,377,399,3252,1725,418,96,50,2281,73,21,92,2370,352,394,3117,1590,338,103,49,2081,37,10,50,2133,325,335,2789,1095,287,81,28,1496,24,19,42,1534,350,245,2128,641,190,55,23,908,20,12,28,936,468,180,1589,183,98,14,9,301,12,4,9,313,475,110,894,42,41,8,4,97,0,0,0,99,413,74,583,12,16,0,3,29,0,0,0,28,598,127,754,15164,3990,934,569,20662,660,286,949,21606,6626,4019,32257,357,538,19,33,942,101,84,186,1130,949,218,2299,1179,294,70,45,1585,146,56,206,1791,501,323,2609
51104,11575,235,305,533,12111,7596,2324,22030,771,751,95,55,1674,129,101,233,1906,1466,189,3554,1545,386,99,54,2085,139,45,183,2270,582,241,3091,1619,412,146,59,2233,112,36,147,2385,622,260,3265,1428,556,118,53,2154,95,41,136,2293,653,211,3153,1754,739,154,64,2707,100,40,140,2847,616,223,3683,2012,864,137,53,3073,92,27,123,3196,562,237,3991,2134,763,162,52,3120,109,37,142,3260,507,267,4036,1981,744,156,62,2935,71,26,103,3041,621,225,3884,1574,663,135,51,2431,50,30,72,2502,858,194,3556,892,509,112,37,1550,40,27,70,1622,1303,184,3112,316,251,45,15,631,10,10,15,642,1503,150,2295,92,137,18,10,254,0,3,3,256,1371,131,1763,40,59,16,11,124,0,0,0,129,2362,329,2821,16164,6836,1390,582,24973,948,427,1377,26350,13031,2824,42204,401,892,37,28,1357,125,155,275,1635,1476,281,3397,1174,471,75,36,1759,192,71,267,2024,534,247,2807
59797,29,0,0,0,29,9,19,61,3,0,0,0,3,0,0,0,3,0,0,7,23,0,5,0,30,0,0,0,30,6,3,38,62,0,3,0,67,0,0,0,65,0,14,79,48,0,3,5,61,0,0,0,61,0,11,72,46,4,0,0,48,4,0,4,55,0,12,61,31,0,4,0,37,0,0,0,37,0,3,42,28,0,6,0,29,0,0,0,30,0,6,33,31,0,0,0,33,0,0,0,33,0,3,37,14,0,0,0,15,0,0,0,15,3,5,21,12,0,0,0,11,0,0,0,11,0,0,10,0,0,0,0,0,0,0,0,0,0,0,6,0,0,0,0,0,0,0,0,0,0,0,3,0,0,0,0,0,0,0,0,0,3,0,3,293,12,18,5,328,5,0,5,333,18,65,415,0,0,0,0,0,0,0,0,0,0,0,0,11,0,0,0,14,0,0,0,14,4,6,23
59999,715,94,66,160,875,967,1193,3030,28,27,0,0,57,25,10,35,95,75,61,232,218,65,20,4,311,39,18,56,364,144,107,614,339,91,33,9,480,49,14,60,545,140,142,826,252,64,25,11,348,36,15,56,404,173,151,721,196,44,28,5,264,30,13,37,300,136,143,584,188,40,21,10,256,46,14,62,318,129,120,562,184,44,26,7,261,50,3,53,312,110,120,543,166,48,22,7,242,35,5,39,284,165,106,553,132,52,17,0,202,32,8,37,243,341,112,694,83,31,16,4,134,11,15,27,158,424,62,648,22,10,5,0,36,0,4,4,40,350,46,431,0,0,0,0,7,0,0,0,7,153,21,179,0,0,0,0,5,0,0,0,3,73,34,113,1807,509,212,63,2595,351,111,469,3058,2414,1218,6691,10,18,0,3,27,16,10,26,60,54,39,153,116,61,3,12,199,42,13,59,256,130,115,503
60101,4201,135,154,284,4489,3028,411,7923,119,236,24,17,400,44,41,85,484,583,70,1132,356,164,25,16,563,69,25,90,654,242,59,949,422,159,32,25,639,56,22,77,715,253,66,1032,440,216,31,13,698,31,21,53,753,258,43,1054,497,270,24,13,810,35,10,51,859,219,56,1133,530,231,22,12,794,30,15,47,844,228,49,1116,512,193,31,16,751,27,7,36,784,213,59,1061,454,199,32,14,704,13,3,17,723,260,60,1046,338,186,24,12,562,25,3,25,590,368,75,1032,158,122,17,9,309,4,5,8,320,500,59,872,41,56,4,0,98,0,0,0,99,447,40,594,7,20,0,0,25,0,0,0,29,342,38,406,0,3,0,0,8,0,0,0,8,463,44,514,3881,2052,282,143,6356,338,160,500,6854,4365,719,11943,109,282,18,12,421,43,75,126,544,584,71,1198,381,250,25,15,664,97,26,123,790,256,65,1114
60102,13940,302,424,725,14666,9773,973,25409,324,883,53,33,1291,112,165,272,1567,1432,84,3085,1029,685,77,46,1826,154,52,207,2035,559,122,2712,1412,515,112,36,2068,87,31,115,2186,490,103,2784,1336,613,126,40,2110,71,36,110,2224,567,113,2904,1483,857,117,30,2491,72,26,92,2582,565,115,3261,1590,903,92,50,2632,61,33,97,2732,492,113,3336,1790,860,93,45,2786,63,18,81,2868,457,99,3426,1981,821,95,45,2944,60,26,81,3020,554,110,3690,1339,756,112,34,2242,53,29,80,2322,918,117,3353,787,642,76,26,1531,19,19,43,1566,1617,126,3309,179,282,30,11,498,0,4,8,510,1865,98,2468,31,111,11,3,155,0,0,0,158,1770,108,2036,9,48,5,3,68,0,0,0,68,3595,312,3977,13288,7972,996,396,22648,751,444,1199,23845,14871,1614,40330,187,964,51,28,1230,80,201,283,1517,1387,111,3016,939,824,71,38,1865,143,71,211,2077,550,111,2734
60103,12845,431,504,934,13783,9717,1209,24709,396,871,58,53,1372,172,138,309,1685,1631,132,3445,1338,703,77,56,2182,238,74,310,2491,696,118,3296,1577,646,117,55,2403,146,45,195,2598,632,102,3335,1355,701,111,29,2191,99,45,143,2336,616,123,3078,1383,732,112,44,2272,94,47,142,2410,636,104,3152,1549,782,85,61,2471,94,53,146,2619,665,123,3411,1717,793,97,59,2661,87,37,123,2782,711,123,3616,1643,783,100,45,2567,82,29,118,2687,762,131,3585,1106,635,100,39,1882,44,43,89,1967,1045,116,3137,558,485,79,19,1139,27,16,51,1190,1571,112,2873,134,188,25,9,359,3,5,8,369,1912,129,2407,22,71,11,8,109,0,3,4,113,1815,139,2061,8,31,3,7,47,0,0,0,49,3676,388,4115,12784,7424,972,481,21658,1085,543,1629,23289,16369,1854,41506,247,900,51,38,1240,109,218,329,1569,1589,192,3350,1118,811,80,39,2045,228,92,321,2368,661,176,3201
60104,9128,167,302,469,9598,5642,485,15731,219,656,42,21,938,51,106,153,1091,994,51,2133,716,485,45,21,1264,78,34,112,1378,269,45,1691,903,330,71,15,1313,52,23,80,1400,231,49,1676,810,418,103,13,1341,28,25,51,1395,255,39,1688,957,570,103,21,1650,33,17,53,1699,276,53,2029,1080,656,71,14,1823,42,18,57,1884,268,38,2190,1135,584,67,13,1801,30,16,46,1846,255,51,2152,1192,587,89,15,1887,34,14,44,1936,315,68,2313,896,553,83,9,1547,26,17,47,1588,542,52,2182,446,419,49,12,922,14,21,29,959,903,65,1928,105,179,16,5,303,0,9,6,312,1030,50,1394,17,62,3,0,87,0,0,0,88,955,50,1100,8,22,0,4,33,0,0,5,35,1829,206,2071,8497,5519,738,165,14913,394,297,690,15602,8122,824,24551,120,681,44,19,865,27,155,186,1048,925,56,2031,552,553,37,15,1163,73,54,127,1290,278,55,1623
60105,14616,397,593,984,15607,8095,1044,24746,186,851,51,26,1113,45,174,215,1325,1597,128,3045,1223,1609,122,43,3007,166,225,389,3398,1463,271,5131,1802,812,110,38,2761,135,87,221,2981,695,203,3885,1467,643,150,21,2290,79,28,104,2397,426,150,2971,1529,840,115,18,2503,48,32,83,2584,432,127,3141,1665,845,86,26,2623,64,27,95,2714,397,141,3254,1735,814,100,32,2687,47,33,77,2764,362,144,3262,1849,791,99,41,2787,70,31,98,2888,466,148,3505,1516,715,106,29,2364,46,37,84,2447,719,143,3312,859,596,65,19,1541,27,34,57,1598,1209,125,2932,206,284,31,9,523,4,11,15,538,1358,107,2005,77,123,19,3,215,0,0,0,215,1207,87,1510,28,71,12,8,110,0,0,0,113,3206,364,3681,14135,8998,1081,317,24526,721,706,1434,25959,13545,2129,41633,103,859,49,22,1032,45,273,319,1351,1556,104,3010,848,1544,106,47,2537,116,276,392,2933,1373,269,4579
60106,4258,92,130,218,4477,2898,441,7815,147,246,19,15,426,39,35,75,509,401,43,951,351,165,18,8,536,49,19,69,608,121,33,761,361,159,28,9,559,30,13,39,602,130,49,780,386,177,35,16,612,28,15,38,654,143,24,819,424,244,37,18,720,25,15,43,759,167,35,965,506,270,37,18,826,16,19,32,863,172,40,1069,567,294,27,18,906,28,20,45,953,165,34,1150,602,246,50,17,909,30,13,32,947,201,36,1184,385,210,36,7,643,19,7,28,673,343,46,1060,226,159,27,5,419,18,12,32,452,504,36,997,65,58,7,4,138,0,3,5,148,546,39,727,12,27,3,0,43,0,0,0,45,456,38,537,6,9,5,0,17,0,0,0,17,822,80,929,4039,2253,335,151,6773,279,166,447,7217,4173,540,11924,72,278,29,11,386,40,50,89,478,433,48,961,295,226,11,10,544,56,18,72,616,115,55,791
60201,20286,484,658,1140,21431,14634,1670,37738,644,1616,122,85,2469,229,321,545,3017,2673,186,5879,2066,1431,165,89,3748,289,182,472,4222,1334,209,5765,2427,968,170,66,3632,195,103,303,3934,980,175,5087,2101,1010,204,65,3389,155,67,221,3612,857,146,4612,2254,1237,161,58,3708,151,77,227,3931,933,164,5028,2573,1389,138,57,4155,134,80,214,4370,868,174,5419,2729,1225,128,49,4134,121,38,155,4291,805,151,5249,2597,1195,172,52,4018,119,44,164,4184,866,189,5237,1945,1094,157,39,3233,80,45,124,3358,1287,140,4781,1086,857,115,29,2091,50,42,95,2182,2135,179,4501,270,366,52,12,700,3,12,18,713,2703,172,3585,56,134,14,5,205,0,0,0,209,2468,174,2843,19,47,8,9,78,0,0,0,78,5569,608,6258,20766,12575,1607,613,35558,1528,1015,2540,38097,23485,2656,64240,397,1606,86,57,2140,184,403,584,2724,2440,286,5451,1779,1660,130,69,3630,351,258,616,4246,1403,369,6023
60202,5089,135,143,274,5365,4372,574,10303,194,303,32,17,547,53,51,106,647,707,50,1401,385,177,23,11,609,38,13,50,661,160,28,849,397,163,28,14,604,34,11,44,648,174,32,851,404,207,46,16,674,25,8,35,709,196,36,939,540,321,39,24,927,34,13,49,973,223,62,1257,697,406,53,23,1178,45,10,57,1236,249,52,1528,808,420,48,21,1290,47,15,56,1348,291,74,1710,750,437,75,21,1282,35,21,58,1342,382,63,1787,621,427,54,9,1115,44,31,73,1191,559,60,1814,379,306,55,21,753,28,28,52,809,925,69,1803,120,135,9,12,272,4,0,0,275,1068,56,1401,35,54,4,3,98,0,0,0,96,830,61,986,13,31,5,5,52,0,6,6,57,1317,127,1503,5348,3379,481,202,9403,375,212,591,9994,7079,764,17841,119,321,18,24,483,62,54,121,604,684,89,1377,338,236,23,17,621,63,23,87,706,171,67,944
60203,7919,209,241,448,8373,7270,1042,16679,316,461,42,25,848,99,76,178,1025,1156,75,2255,613,263,41,27,940,100,37,137,1072,312,59,1445,644,296,49,19,1003,86,21,104,1101,352,56,1511,704,348,61,24,1140,65,25,89,1231,387,59,1684,890,519,55,23,1483,70,27,99,1583,434,76,2097,1054,620,73,35,1775,86,37,122,1900,468,85,2452,1242,634,99,39,2008,92,41,138,2141,485,93,2718,1275,707,99,46,2128,99,35,129,2259,653,100,3012,988,565,82,35,1672,87,21,108,1780,986,135,2900,536,454,89,23,1101,46,23,71,1171,1653,121,2952,171,221,33,14,439,3,13,13,451,1740,108,2303,58,90,12,5,162,0,3,3,160,1448,92,1699,42,46,4,13,108,0,0,0,111,2203,251,2557,8525,5221,739,317,14803,837,353,1191,15988,12286,1310,29592,191,403,25,22,642,79,76,154,796,1049,131,1978,624,367,47,29,1062,110,41,149,1209,339,139,1689
60301,2497,67,84,144,2645,1895,379,4913,81,104,6,10,205,27,8,41,241,355,27,633,186,75,13,14,285,27,9,32,318,123,27,467,229,73,11,7,323,18,9,25,342,155,15,516,253,123,15,8,402,22,7,30,437,138,26,601,286,164,23,11,486,22,14,32,517,159,34,711,384,194,30,14,617,19,11,32,647,195,37,888,370,189,24,10,602,26,6,37,638,215,30,883,417,201,49,16,680,24,11,32,711,228,40,978,286,162,33,12,498,25,11,31,531,325,54,911,165,140,24,13,333,17,14,29,366,468,47,879,70,70,10,3,147,0,5,5,154,482,40,670,21,24,7,0,55,0,0,0,57,317,30,402,7,14,3,0,31,0,0,0,33,409,49,485,2759,1531,248,128,4669,226,107,340,5003,3574,446,9023,69,142,6,11,231,27,26,52,290,355,31,680,202,98,8,12,327,26,13,31,356,76,32,472
60302,4377,80,121,197,4580,3865,590,9035,135,197,20,8,363,27,37,62,426,565,29,1014,256,147,24,19,450,51,16,67,518,133,22,666,307,146,24,11,489,28,10,39,531,161,18,708,330,245,33,19,616,30,13,38,657,186,33,878,442,325,41,19,817,44,13,55,877,259,42,1177,553,371,41,11,969,33,21,54,1025,260,37,1320,554,352,37,12,959,28,21,51,1009,273,45,1326,565,369,53,16,1005,28,19,51,1055,349,46,1448,406,327,41,14,790,23,26,46,837,530,45,1414,245,257,34,6,545,21,15,39,582,846,65,1494,75,113,18,7,218,0,9,5,225,861,46,1134,13,38,0,0,59,0,0,0,60,656,38,749,8,17,6,8,35,0,0,0,35,930,79,1046,3900,2899,376,143,7320,320,200,517,7833,6006,545,14391,85,219,7,15,326,34,43,73,402,609,49,1057,269,151,18,22,451,41,19,63,512,153,50,720
60303,1367,29,31,63,1432,1609,256,3295,28,52,4,4,89,3,7,11,97,116,8,222,54,41,7,0,110,18,3,18,129,41,10,175,102,51,10,0,170,15,3,17,183,50,11,238,86,57,10,10,160,9,6,16,176,47,9,240,127,78,15,6,231,16,5,18,248,67,10,321,136,107,17,6,264,11,3,14,278,81,12,369,173,110,15,0,302,15,9,22,323,106,17,446,219,140,23,5,393,13,4,28,416,128,19,562,146,130,33,4,317,18,4,26,346,240,36,619,100,142,29,9,274,15,23,30,300,404,23,732,50,66,8,3,123,3,5,3,126,465,36,630,22,19,0,0,37,0,0,0,37,339,33,408,5,13,0,5,24,0,0,0,24,493,53,570,1252,1013,170,49,2488,139,61,201,2683,2576,279,5544,27,53,9,0,86,4,6,6,93,90,19,202,48,50,6,9,116,4,7,12,129,38,15,181
60401,10615,242,306,545,11155,9581,1121,21862,499,857,63,42,1455,139,149,286,1743,1475,136,3359,1111,455,69,41,1684,185,47,233,1910,502,115,2529,1132,427,102,28,1684,100,43,144,1824,525,85,2432,1015,475,104,25,1611,87,50,133,1749,573,81,2401,1208,657,72,37,1979,112,57,166,2143,531,103,2778,1451,786,74,44,2361,96,50,153,2509,575,146,3226,1653,818,115,44,2634,98,35,133,2765,611,129,3506,1640,717,115,44,2516,89,48,136,2654,737,115,3505,1134,645,108,26,1918,66,36,103,2021,1107,105,3228,596,448,65,33,1145,52,34,85,1229,1723,149,3104,139,210,23,15,384,3,3,5,397,2099,143,2637,34,81,8,5,125,0,0,0,126,1849,155,2130,29,41,15,9,85,0,0,0,91,3310,552,3953,11647,6627,925,386,19585,1019,559,1582,21169,15613,1997,38779,329,891,47,43,1308,121,162,277,1581,1373,125,3079,1014,600,58,30,1703,190,63,259,1957,529,139,2624
60402,10300,222,297,521,10817,8966,1074,20857,383,729,49,35,1200,124,123,248,1445,1282,98,2826,963,392,67,37,1456,151,40,192,1644,401,89,2136,1030,385,76,27,1511,79,25,106,1625,403,66,2093,987,484,88,37,1592,90,42,129,1721,464,94,2282,1104,677,90,38,1910,78,46,123,2031,533,100,2661,1320,740,91,41,2185,107,50,153,2338,513,98,2953,1400,730,100,56,2278,81,36,123,2398,556,99,3055,1411,675,133,38,2254,91,22,114,2370,692,111,3166,1054,622,115,30,1820,72,35,100,1919,957,107,2985,593,535,102,21,1252,39,23,57,1311,1676,115,3095,142,215,22,16,392,0,5,5,397,1919,112,2430,42,65,3,4,120,0,0,0,119,1672,102,1897,20,33,0,5,64,0,0,0,67,2979,287,3334,10429,6281,934,379,18021,908,465,1368,19390,14040,1473,34905,268,801,45,30,1150,96,157,246,1400,1168,107,2670,778,530,60,26,1392,173,67,244,1637,410,92,2143
60403,3513,116,102,215,3730,2779,597,7105,217,230,24,21,495,60,28,92,588,569,57,1214,426,154,36,15,640,52,5,52,694,155,41,887,509,186,29,27,748,13,10,26,778,195,29,1006,411,201,31,11,657,38,8,48,700,207,51,962,512,251,29,24,819,35,13,47,862,199,49,1105,646,292,33,25,998,39,14,52,1048,224,49,1320,678,293,59,18,1055,39,13,52,1106,211,53,1368,679,305,59,27,1068,36,13,44,1116,252,67,1436,497,262,60,19,838,27,7,39,873,360,51,1282,276,227,44,12,562,17,12,35,594,519,51,1166,108,75,8,8,200,0,3,4,203,630,51,881,37,49,8,4,95,0,0,0,98,512,39,653,13,17,5,0,40,0,0,0,43,787,88,917,5007,2552,447,208,8210,354,136,490,8699,4824,674,14195,139,204,12,17,374,40,26,65,447,439,70,949,414,183,32,8,638,60,13,72,714,150,66,930
69797,0,0,0,0,0,0,0,0,0,0,0,0,3,0,0,0,3,0,0,0,3,0,0,4,4,0,0,0,7,0,0,10,15,0,0,0,18,0,0,0,18,3,0,15,3,0,0,0,5,0,0,0,3,0,0,11,5,0,0,0,7,0,0,0,7,0,0,8,6,0,0,0,7,0,0,0,8,0,3,20,9,0,0,0,7,0,0,0,11,0,0,13,10,0,0,0,10,0,0,0,8,5,0,12,3,0,0,0,3,0,0,0,4,0,0,11,6,0,0,0,6,0,0,0,6,3,0,11,0,0,0,0,4,0,0,0,4,0,3,7,0,0,0,0,0,0,0,0,0,4,0,0,0,0,0,0,0,0,0,0,0,0,0,0,62,5,4,5,76,10,0,10,80,18,14,109,0,0,0,0,0,0,0,0,0,0,0,0,3,4,0,0,3,0,0,0,3,0,0,7
69999,133,35,29,60,194,244,122,561,0,9,0,0,12,16,6,21,33,51,12,96,11,15,4,0,32,14,3,22,52,37,17,105,35,11,6,0,52,13,0,14,62,40,16,123,15,13,5,0,28,8,0,10,40,20,21,83,20,8,0,0,31,12,5,11,42,21,16,77,24,6,4,0,36,6,0,12,48,26,16,86,25,10,0,0,41,8,0,5,48,31,14,84,19,10,4,0,31,3,4,5,34,20,6,65,9,3,0,0,17,9,0,7,23,42,5,69,6,8,3,0,13,4,0,4,17,61,10,87,0,0,0,0,6,0,0,0,6,35,9,44,0,0,0,0,3,0,0,0,3,22,0,27,0,0,0,0,0,0,0,0,0,18,4,23,173,90,23,8,299,92,20,115,416,428,137,972,0,7,0,4,14,6,8,12,23,31,4,62,12,9,0,0,25,19,5,20,40,29,20,91
70101,8140,155,112,270,8413,2039,976,11433,180,269,13,17,481,20,15,36,517,546,110,1176,1187,275,90,38,1595,45,27,66,1667,221,298,2175,1847,308,145,43,2348,45,14,60,2405,263,424,3097,1342,266,88,26,1724,36,18,56,1775,245,238,2259,1022,234,66,18,1337,28,15,44,1382,243,205,1831,980,229,64,22,1296,31,5,42,1342,199,207,1750,1046,175,52,21,1281,23,3,27,1311,181,177,1674,887,181,44,13,1126,26,4,27,1152,188,176,1523,787,174,50,19,1031,17,3,21,1052,219,146,1417,474,131,42,9,656,18,8,22,674,316,115,1107,170,75,16,5,267,3,5,8,270,300,63,630,41,33,7,0,76,0,0,4,77,272,52,400,18,11,0,0,27,0,0,0,29,406,69,502,9979,2360,676,233,13250,288,121,411,13660,3595,2283,19538,133,288,20,11,449,17,48,64,515,368,87,972,990,332,54,52,1427,51,25,73,1495,175,310,1987
70102,13895,286,348,628,14524,5933,1641,22096,469,848,49,58,1426,94,134,223,1653,1426,412,3487,1544,623,96,78,2329,113,66,183,2513,689,379,3582,2139,566,154,70,2936,91,40,127,3068,738,459,4269,2213,571,195,74,3050,64,27,99,3148,672,417,4235,2134,599,158,94,2981,77,39,113,3092,600,430,4132,2218,619,122,62,3027,50,18,72,3100,498,410,4009,2158,532,116,67,2872,64,25,90,2955,478,345,3777,2181,450,145,55,2828,42,16,55,2880,444,350,3674,1675,396,111,42,2230,39,8,50,2277,555,289,3125,1047,378,95,29,1550,19,13,35,1583,854,269,2708,281,170,44,16,509,7,3,10,519,931,162,1611,67,76,11,4,153,0,5,3,157,796,114,1065,15,16,0,3,35,0,0,0,35,915,161,1115,18142,5842,1294,647,25922,666,393,1058,26981,9605,4206,40797,284,886,38,53,1263,81,157,241,1497,1478,267,3240,1300,821,72,77,2274,134,82,220,2494,463,387,3342
70103,4888,93,72,162,5056,1806,750,7608,351,277,15,28,671,40,39,83,750,450,170,1368,799,137,93,39,1068,37,6,42,1112,115,142,1373,556,110,63,10,738,16,5,25,765,93,128,989,559,161,48,16,790,23,6,29,817,157,140,1117,783,202,70,32,1090,20,6,26,1121,147,189,1447,970,256,68,30,1322,31,6,30,1349,153,235,1748,942,210,65,32,1254,30,11,32,1290,136,214,1637,813,207,62,25,1112,18,9,25,1136,150,200,1490,589,158,42,19,814,15,8,20,830,232,190,1245,346,143,37,9,533,18,5,15,552,332,135,1018,101,71,12,5,184,0,4,4,192,346,89,622,19,24,0,0,42,0,0,0,44,230,49,320,3,7,4,0,16,0,0,0,18,236,49,293,6844,1973,585,237,9632,241,97,336,9971,2769,1919,14663,267,295,17,29,611,31,40,72,684,506,159,1345,849,165,72,37,1122,34,9,46,1169,266,172,1607
70104,9546,213,198,410,9955,2992,1221,14166,434,443,31,34,947,68,67,135,1082,708,201,1990,1343,256,131,33,1762,74,14,85,1845,262,229,2337,1545,287,166,52,2055,58,17,77,2130,302,243,2682,1394,318,133,37,1877,35,15,56,1930,285,203,2419,1471,330,125,36,1967,31,22,56,2017,247,192,2453,1327,281,76,54,1736,29,11,45,1775,210,197,2178,1091,205,79,30,1400,25,12,36,1441,147,173,1757,895,178,65,25,1166,15,8,19,1186,166,121,1474,579,130,34,14,759,18,0,24,781,210,95,1086,273,118,18,8,415,6,6,7,422,280,77,778,69,48,4,5,120,0,0,6,125,268,35,432,22,17,0,0,33,0,0,0,33,220,31,285,0,8,0,0,6,0,0,0,10,291,48,350,10436,2613,852,335,14236,371,175,547,14783,3588,1845,20217,283,548,22,25,879,77,102,172,1053,808,184,2040,1403,367,84,59,1918,127,40,167,2084,289,244,2619
70201,8187,267,147,418,8610,4869,1173,14650,366,457,47,37,903,83,68,151,1056,1226,298,2573,1085,296,63,67,1507,107,47,153,1658,779,339,2779,1450,385,101,60,1989,80,54,136,2120,750,407,3280,1347,377,107,54,1877,86,25,107,1988,709,364,3056,1278,393,82,49,1808,67,25,97,1901,588,325,2816,1368,355,76,41,1829,49,16,69,1900,545,308,2756,1405,313,84,32,1838,37,10,50,1890,392,288,2568,1296,310,90,46,1744,36,17,52,1798,416,242,2448,1096,229,76,29,1433,16,13,27,1459,410,197,2070,585,164,60,17,824,15,9,20,846,454,131,1428,173,64,16,6,265,0,3,7,268,415,92,774,50,44,4,0,105,4,0,0,106,341,78,529,15,19,0,3,35,0,0,0,35,493,132,661,11508,3397,805,449,16162,584,286,871,17027,7509,3206,27745,255,408,29,18,710,160,56,216,924,1041,363,2329,923,242,40,29,1232,234,45,279,1515,645,519,2673
70202,852,75,23,101,952,868,159,1982,61,28,8,16,107,21,0,27,134,260,88,477,115,57,9,13,201,21,4,29,228,205,81,513,147,41,8,15,214,17,4,21,237,187,91,512,122,45,13,15,194,18,4,22,219,137,46,404,122,37,10,10,177,24,3,27,208,129,67,401,116,41,11,11,181,19,5,23,203,91,68,365,137,35,12,6,190,9,3,12,202,88,51,341,149,30,8,3,200,4,0,4,204,83,39,324,140,29,4,8,179,4,0,0,188,68,33,284,102,26,4,3,138,0,0,0,139,79,42,261,34,4,0,0,42,0,0,5,44,71,34,144,11,5,3,0,16,0,0,0,20,72,24,114,0,0,0,0,0,0,0,0,0,65,16,81,1262,387,93,106,1836,148,28,174,2018,1527,676,4219,50,29,0,11,96,35,0,34,127,215,34,379,146,42,3,10,197,42,3,46,247,213,61,515
70203,1842,230,147,376,2222,3220,596,6045,83,73,7,24,191,69,29,95,288,987,80,1355,264,135,18,15,431,112,33,144,576,641,76,1298,401,146,33,15,598,76,37,113,712,536,81,1326,377,164,45,26,618,62,25,87,703,412,72,1190,381,214,40,21,645,51,23,75,722,371,71,1164,405,173,30,21,626,38,22,59,687,332,72,1097,405,151,30,23,602,35,20,50,653,236,69,954,382,127,35,15,562,16,13,33,590,250,56,894,285,79,38,8,405,26,9,31,441,260,66,764,154,63,14,5,241,10,9,19,258,284,41,587,61,23,9,6,94,3,0,4,97,199,38,337,17,9,3,0,29,0,0,0,31,136,14,181,13,11,0,0,22,0,0,0,25,114,15,154,3214,1363,309,183,5065,508,213,716,5783,4749,762,11291,51,43,3,18,112,119,20,138,250,807,98,1156,171,82,12,26,297,167,34,198,489,650,122,1265
70204,1724,184,92,275,1989,2361,492,4845,65,92,14,14,189,65,11,83,267,718,65,1049,234,98,13,31,378,83,11,94,466,540,71,1077,379,154,38,31,596,77,11,88,681,500,78,1258,384,169,33,29,622,73,11,88,708,410,60,1179,450,203,39,29,721,59,9,66,792,395,67,1254,437,160,33,13,640,53,8,62,696,280,72,1048,417,122,30,21,588,31,0,36,621,221,63,905,379,101,20,17,525,22,5,25,551,178,54,778,246,75,14,10,348,7,0,13,358,155,41,557,130,35,12,3,177,4,0,7,183,129,26,342,42,17,3,0,70,0,0,0,72,83,7,156,9,9,0,4,21,0,0,0,21,52,3,69,0,10,0,0,12,3,0,3,14,50,5,64,3188,1226,251,214,4878,480,75,555,5433,3710,605,9743,50,52,0,12,117,46,13,59,176,824,177,1177,143,61,8,17,220,73,22,96,319,554,133,1005
70205,3169,186,74,259,3435,2781,879,7089,165,191,21,24,402,69,29,101,506,656,144,1306,486,209,47,49,798,107,35,136,938,463,153,1554,625,205,48,44,929,83,24,114,1045,383,134,1562,515,187,34,31,764,69,23,93,860,322,153,1332,467,181,38,16,703,64,19,83,783,272,135,1194,554,162,34,26,780,57,10,67,848,272,157,1271,474,146,45,21,678,43,4,45,732,221,108,1065,476,113,44,17,647,36,8,43,695,198,115,1003,388,69,30,14,512,11,3,13,528,225,97,845,267,91,26,10,391,6,0,15,403,214,69,684,92,37,3,7,139,0,3,4,145,228,44,422,28,16,8,0,53,0,0,0,54,164,27,249,3,10,3,3,21,3,0,3,25,207,47,283,4535,1617,390,283,6826,559,166,729,7551,3818,1390,12765,105,134,12,25,276,35,20,56,329,801,263,1396,432,98,28,44,595,65,27,93,691,515,233,1438
79797,3,0,0,0,3,4,0,11,0,0,0,0,0,0,0,0,4,0,0,4,10,0,0,0,13,0,0,0,13,4,3,16,13,0,0,0,14,0,0,0,18,0,0,16,14,0,0,0,20,0,0,0,20,0,0,17,8,0,0,0,8,0,0,0,8,3,0,9,3,0,0,3,6,0,0,0,6,0,0,12,4,0,0,0,5,0,0,0,5,0,0,9,6,0,0,0,4,0,0,0,4,0,0,4,0,0,0,0,0,0,0,0,0,0,0,3,7,0,0,0,5,0,0,0,5,0,0,6,0,0,0,0,4,0,0,0,4,0,0,3,0,0,0,0,0,0,0,0,0,0,0,0,0,0,0,0,0,0,0,0,0,0,0,0,65,5,3,10,80,0,0,0,86,11,13,105,0,0,0,0,0,0,0,0,0,0,0,0,0,0,0,0,0,0,0,0,0,4,0,4
79999,259,34,22,58,320,605,558,1486,7,0,3,0,12,0,3,3,15,13,8,32,66,19,6,3,90,5,3,7,93,27,18,143,75,21,12,4,114,13,5,17,133,49,39,224,48,4,10,6,73,9,0,12,81,49,16,144,33,6,10,0,52,6,0,8,59,46,20,128,17,6,7,0,40,5,0,9,47,43,14,108,27,12,11,0,49,7,0,6,57,38,24,118,29,13,11,3,52,3,0,6,60,73,24,156,41,14,12,0,61,7,10,13,78,117,36,225,22,8,0,0,37,6,4,12,41,138,29,217,3,0,0,3,4,0,0,4,11,133,10,160,0,3,0,0,3,0,0,0,3,55,8,67,0,0,0,0,0,0,0,0,0,23,0,22,379,102,80,20,587,60,33,92,679,803,248,1727,19,0,0,0,17,0,0,0,19,10,4,31,55,10,0,3,75,7,3,10,82,37,66,188
80101,27857,445,676,1124,28975,13820,1507,44298,683,1909,155,91,2834,102,345,451,3281,2378,394,6054,3262,2205,269,107,5837,170,221,388,6232,1357,717,8306,4815,1169,318,84,6391,159,97,248,6637,898,408,7945,4450,1273,431,68,6218,117,55,170,6391,889,332,7609,4099,1404,331,72,5905,88,73,161,6070,780,268,7110,3747,1197,238,75,5246,88,48,133,5380,676,213,6268,3485,908,202,79,4669,79,37,115,4784,548,209,5541,3398,927,231,64,4622,65,34,99,4715,662,191,5567,2602,911,215,42,3773,48,28,73,3850,1339,185,5373,1610,917,185,39,2747,26,34,63,2810,2399,168,5383,389,478,49,10,922,7,20,29,945,2617,163,3726,83,159,17,0,261,0,0,9,264,2070,121,2464,23,44,7,5,71,0,4,7,76,3512,493,4079,32638,13487,2650,731,49503,950,989,1943,51443,20123,3848,75415,416,1776,101,69,2358,86,397,490,2849,2361,239,5447,2466,2358,178,146,5148,233,328,561,5708,1910,488,8104
80103,247,6,13,21,262,170,127,562,10,16,0,0,31,4,0,9,33,26,3,63,43,8,0,0,48,0,0,3,55,76,13,146,32,9,3,0,42,0,3,4,42,72,3,123,32,13,0,0,40,4,0,5,47,59,11,121,39,11,3,0,57,6,0,3,63,63,7,131,39,22,3,0,64,0,0,0,63,37,5,104,58,28,3,0,87,6,0,6,94,29,13,130,39,12,3,0,59,5,0,5,63,31,4,101,50,15,4,0,69,0,0,0,75,31,18,124,37,9,0,0,53,0,0,0,53,31,8,88,16,8,0,0,27,0,0,0,27,45,8,82,3,3,0,0,8,0,0,0,8,29,8,42,0,3,0,0,6,0,0,0,6,50,15,60,399,156,21,12,590,28,10,37,627,568,109,1308,3,11,0,0,17,0,4,6,20,34,5,57,27,13,6,0,45,6,0,8,50,73,11,134
80104,24008,390,531,920,24923,8138,1082,34143,334,948,50,53,1391,47,140,189,1577,1257,84,2922,1698,771,113,63,2648,80,90,168,2818,559,115,3491,3005,557,197,51,3807,74,33,111,3917,432,159,4507,2940,700,266,62,3965,65,32,92,4058,528,147,4737,2850,827,199,45,3922,48,34,86,4007,481,145,4637,2721,720,143,39,3627,43,15,62,3686,321,125,4134,2276,467,92,36,2867,39,16,50,2919,235,96,3255,1654,290,88,31,2063,29,11,41,2103,252,61,2420,1022,298,67,16,1403,7,13,20,1426,374,64,1867,510,247,39,18,809,13,10,19,830,597,37,1464,128,120,23,0,273,4,7,9,280,618,34,935,22,53,8,5,84,0,4,4,90,503,30,628,11,9,0,0,18,0,0,0,18,626,36,678,19165,6017,1288,416,26885,442,407,851,27734,6796,1135,35663,337,1526,61,45,1977,62,356,415,2393,1758,145,4300,1967,1348,90,66,3474,119,144,264,3738,1043,263,5040
80105,18441,268,497,762,19198,6779,1499,27478,486,899,85,29,1497,30,240,273,1770,1307,155,3234,2248,1938,169,60,4419,87,386,473,4888,1909,529,7323,3574,802,137,57,4565,79,75,162,4732,780,445,5954,2422,584,215,29,3246,71,51,122,3371,523,308,4204,1837,574,179,21,2610,43,48,92,2697,448,220,3364,1686,592,134,32,2435,44,23,66,2499,384,188,3075,1659,445,114,25,2243,45,15,59,2299,354,145,2796,1624,403,95,16,2140,43,26,65,2203,384,146,2735,1102,378,94,12,1591,30,27,52,1644,536,110,2287,549,317,53,9,922,27,12,42,962,784,115,1858,159,170,21,4,352,0,7,6,363,843,100,1307,28,71,3,3,104,0,0,3,109,893,95,1100,16,54,3,7,78,0,0,0,78,2452,297,2825,17374,7225,1295,310,26204,507,907,1416,27612,11610,2847,42073,419,977,74,133,1607,29,444,477,2085,1638,190,3915,2043,2111,152,187,4492,105,404,514,5002,2329,486,7815
80106,8883,118,131,247,9134,4186,853,14176,90,376,31,4,506,17,57,75,580,728,57,1362,751,393,43,10,1196,35,42,81,1278,216,98,1589,1595,234,97,22,1951,42,15,52,2005,161,156,2321,1102,198,98,14,1418,24,16,41,1457,162,99,1718,936,258,66,7,1270,21,11,30,1299,161,82,1542,1051,295,67,19,1429,18,11,29,1462,200,99,1759,1111,294,44,23,1472,37,18,50,1525,194,60,1782,1171,256,66,14,1504,24,10,31,1537,206,89,1830,857,249,67,13,1189,17,11,27,1218,312,98,1622,555,272,52,0,882,12,6,21,901,536,62,1496,152,195,18,6,372,5,9,11,378,576,33,990,33,70,5,4,113,0,3,3,119,507,30,663,22,47,4,0,76,0,3,4,76,1727,138,1938,9430,3136,663,130,13364,256,206,462,13830,5678,1109,20616,48,384,19,9,463,15,96,113,577,818,55,1442,609,421,17,10,1055,32,40,68,1126,191,112,1428
80107,23381,286,466,758,24135,11773,1159,37066,971,2472,141,121,3706,147,326,470,4178,2634,198,7007,3444,1559,188,123,5311,182,103,288,5598,697,192,6484,3941,824,286,98,5156,107,42,146,5301,576,198,6071,3383,1009,330,75,4804,53,45,101,4906,634,173,5713,3588,1162,265,84,5102,94,42,128,5236,671,164,6071,4082,1216,227,69,5588,83,26,112,5698,502,196,6397,4678,1201,225,93,6196,69,25,96,6296,559,213,7066,4495,1076,279,76,5923,69,34,105,6028,655,188,6867,3153,1013,275,46,4485,47,30,81,4566,1220,124,5911,1546,816,178,33,2573,29,18,43,2614,1928,127,4673,340,321,58,9,731,3,13,15,746,1821,92,2659,54,91,13,0,170,4,5,6,169,1457,69,1699,15,36,0,7,62,0,0,6,64,2245,155,2466,33688,12803,2472,849,49805,883,706,1591,51402,15606,2089,69094,546,2103,95,63,2801,129,452,581,3386,2295,197,5879,2476,1553,143,90,4262,204,112,315,4578,738,243,5551
80108,6014,70,127,197,6210,3736,396,10341,109,439,29,23,601,26,71,96,691,546,36,1276,497,336,25,25,885,24,24,50,935,156,40,1129,793,188,59,16,1059,20,7,30,1085,123,41,1253,815,294,113,16,1243,24,11,35,1281,143,27,1453,1020,393,87,22,1517,27,14,35,1552,181,54,1785,1047,362,66,19,1492,24,17,41,1533,170,44,1753,941,315,49,16,1319,10,15,26,1350,114,35,1497,940,262,52,15,1274,13,4,19,1291,147,22,1468,619,264,52,8,943,10,0,15,956,300,32,1293,485,284,57,15,841,4,5,14,857,738,24,1621,153,204,33,8,402,0,0,4,410,886,43,1338,32,73,7,0,105,0,0,0,109,794,43,945,8,21,0,0,33,0,0,0,36,1414,135,1586,7470,3424,634,187,11710,194,176,375,12085,5719,585,18390,94,426,20,9,551,10,82,90,645,522,40,1204,350,337,19,14,723,40,28,71,790,138,35,961
80109,10389,146,198,335,10733,5600,585,16911,146,692,45,26,907,23,94,119,1028,908,50,1981,996,587,68,39,1689,51,45,96,1782,278,83,2146,1470,306,74,33,1884,39,23,59,1947,205,83,2229,1234,323,106,28,1692,36,17,51,1742,245,81,2065,1272,431,111,23,1835,25,15,39,1877,275,80,2234,1416,483,88,30,2015,35,11,47,2065,227,81,2373,1582,454,77,34,2147,34,19,55,2199,205,64,2466,1571,343,93,25,2028,27,7,38,2069,215,52,2332,978,312,89,15,1395,27,13,31,1427,395,57,1878,548,322,52,10,930,13,21,38,969,753,40,1754,191,206,31,10,432,3,10,17,446,1116,44,1612,59,101,18,3,176,0,3,3,178,1189,68,1438,23,64,10,4,96,0,0,0,102,2536,203,2840,11482,4628,857,275,17238,307,278,590,17825,8537,984,27351,115,706,35,4,860,30,127,153,1017,925,70,2011,695,631,51,19,1397,49,52,100,1504,312,101,1915
80110,3472,64,72,139,3609,755,161,4524,0,0,0,0,0,0,0,0,0,0,0,0,0,0,0,0,0,0,0,0,0,0,0,0,0,0,0,0,0,0,0,0,0,0,0,0,0,0,0,0,0,0,0,0,0,0,0,0,0,0,0,0,0,0,0,0,0,0,0,0,0,0,0,0,0,0,0,0,0,0,0,0,0,0,0,0,0,0,0,0,0,0,0,0,0,0,0,0,4,0,0,0,4,0,0,4,0,0,0,0,0,0,0,0,0,0,0,0,3,0,0,0,3,0,0,0,3,0,0,3,0,0,0,0,0,0,0,0,0,0,0,0,0,0,0,0,0,0,0,0,0,0,0,0,0,0,0,0,0,0,0,0,0,0,0,0,6,5,0,0,8,0,0,0,8,0,0,10,23,52,0,3,75,4,0,10,85,71,8,165,188,92,10,4,291,8,3,15,306,28,33,367
80111,161,0,0,5,163,55,14,234,5,6,4,0,18,0,0,0,16,13,0,31,30,7,4,0,46,0,0,0,46,4,0,50,25,5,0,0,33,0,0,0,33,5,5,48,21,0,3,0,27,0,0,0,27,3,0,30,22,11,0,0,31,0,0,0,31,4,0,35,37,7,0,0,44,0,0,0,44,3,4,49,25,10,0,0,40,0,0,0,37,0,4,39,20,8,0,0,27,0,0,0,27,3,0,34,10,3,0,0,13,0,0,0,13,3,4,21,5,0,0,0,7,0,0,0,5,0,0,12,6,6,0,0,10,0,0,0,10,3,0,11,0,0,0,0,0,0,0,0,0,0,0,5,0,7,0,0,7,0,0,0,7,4,0,11,214,68,9,5,301,0,0,5,305,60,13,382,9,12,0,0,20,0,0,0,22,21,8,44,14,8,3,0,22,0,0,0,22,7,0,27
89797,0,0,0,0,0,0,0,0,0,0,0,0,0,0,0,0,0,0,0,0,0,0,0,0,0,0,0,0,0,0,0,0,0,0,0,0,0,0,0,0,0,0,0,0,0,0,0,0,0,0,0,0,0,0,0,0,0,0,0,0,0,0,0,0,0,0,0,0,0,0,0,0,0,0,0,0,0,0,0,0,0,0,0,0,0,0,0,0,0,0,0,0,0,0,0,0,0,0,0,0,0,0,0,0,0,0,0,0,0,0,0,0,0,0,0,0,0,0,0,0,0,0,0,0,0,0,0,0,0,0,0,0,0,0,0,0,0,0,0,0,0,0,0,0,0,0,0,0,0,0,0,0,0,0,0,0,0,0,0,0,0,0,0,0,0,0,0,0,0,0,0,0,0,0,0,0,0,0,0,0,0,0,0,0,0,0,0,0,0,0,0,0,0,0,0,0,0,0,0,0
89999,111,10,3,21,129,88,35,249,4,10,0,0,13,4,11,17,34,23,6,59,19,17,0,0,42,9,4,12,51,22,10,83,34,11,3,0,48,8,0,8,55,24,9,82,35,10,4,0,52,0,0,0,49,13,4,71,28,9,0,0,33,3,4,3,42,17,0,57,21,0,0,0,23,3,0,0,26,20,11,53,9,3,0,0,11,6,0,6,13,7,11,30,17,7,0,0,24,7,0,6,30,11,3,51,10,8,0,0,15,3,0,3,20,17,8,35,4,4,0,0,10,0,0,0,6,12,5,24,0,0,0,0,0,0,0,0,0,11,0,8,0,0,0,0,0,0,0,0,0,8,0,8,0,0,0,0,0,0,0,0,0,6,4,5,174,81,17,5,274,38,18,55,327,186,61,569,0,3,0,0,10,3,3,7,15,12,6,33,18,23,0,0,44,3,3,5,48,17,13,78
90101,345,6,3,5,347,107,88,546,31,11,0,0,39,0,0,0,39,72,0,113,46,4,5,0,63,0,0,0,63,141,9,205,42,8,3,4,57,3,0,3,60,281,8,350,52,9,9,3,70,0,0,0,70,155,0,230,51,12,4,0,66,0,0,0,66,76,11,151,73,21,6,0,102,4,0,4,99,52,10,162,78,17,6,3,113,0,0,0,113,32,3,149,79,14,4,0,95,0,0,0,95,20,5,122,80,13,4,0,102,0,0,0,102,27,9,133,68,9,0,6,87,0,0,0,87,18,4,105,9,4,0,0,11,0,0,0,13,27,0,35,6,0,0,0,9,0,0,0,9,15,0,24,0,0,0,0,0,0,0,0,0,9,0,16,623,122,36,25,809,5,0,7,811,923,65,1809,4,3,0,0,11,0,0,0,14,44,13,70,28,17,8,4,48,0,0,0,48,46,9,108
90102,112,0,4,4,113,80,39,236,4,6,0,3,6,4,0,0,7,11,0,23,4,0,0,0,3,0,0,0,6,11,0,13,16,8,0,0,24,3,0,6,32,8,4,40,11,11,0,0,20,0,0,0,27,3,3,31,8,18,0,0,29,0,0,0,30,4,0,36,19,6,0,0,27,0,0,0,27,9,0,36,19,15,5,0,39,5,0,5,43,12,4,55,17,20,0,0,35,0,0,4,34,13,0,53,21,6,0,0,21,0,0,0,22,18,0,44,0,0,0,0,4,0,0,0,9,18,5,34,0,0,0,0,0,0,0,0,0,17,0,20,0,0,0,0,0,0,0,0,0,19,0,19,0,0,0,0,0,0,0,0,0,20,0,20,122,81,11,10,220,15,3,16,236,165,18,421,3,5,0,0,6,0,0,3,9,15,5,29,3,4,0,0,15,0,0,0,15,7,3,22
90103,43,5,0,0,45,37,35,122,7,0,0,0,6,0,0,0,9,17,0,26,25,3,0,0,27,3,0,3,26,13,0,37,16,3,0,0,24,4,0,4,23,5,0,28,9,4,0,0,17,4,3,6,24,10,0,35,14,3,0,0,20,3,0,9,22,10,4,37,6,0,0,0,7,0,0,0,11,9,3,27,10,3,0,0,14,0,0,0,14,0,0,18,7,0,0,0,7,0,0,0,12,16,0,23,3,0,0,0,3,0,0,0,3,6,0,14,0,0,0,0,0,0,0,0,0,7,3,10,0,0,0,0,3,0,0,0,3,7,4,12,4,0,0,0,4,0,0,0,4,8,0,5,0,0,0,0,0,0,0,0,0,4,0,4,101,26,0,0,132,16,4,21,150,109,17,276,4,0,0,3,9,0,0,0,13,18,3,35,17,0,0,0,21,0,0,0,21,4,8,39
90104,610,7,7,15,627,253,101,983,0,0,0,0,0,0,0,0,0,0,0,0,0,0,0,0,0,0,0,0,0,0,0,0,0,0,0,0,0,0,0,0,0,0,0,0,0,0,0,0,0,0,0,0,0,0,0,0,0,0,0,0,0,0,0,0,0,0,0,0,0,0,0,0,0,0,0,0,0,0,0,0,0,0,0,0,0,0,0,0,0,0,0,0,0,0,0,0,0,0,0,0,0,0,0,0,0,0,0,0,0,0,0,0,0,0,0,0,0,0,0,0,0,0,0,0,0,0,0,0,0,0,0,0,0,0,0,0,0,0,0,0,0,0,0,0,0,0,0,0,0,0,0,0,0,0,0,0,0,0,0,0,0,0,0,0,0,0,0,0,0,0,0,0,0,0,0,0,5,31,0,5,43,0,0,4,45,28,0,77,18,11,0,0,30,0,0,0,30,4,0,31
99797,0,0,0,0,0,0,0,0,0,0,0,0,0,0,0,0,0,0,0,0,0,0,0,0,0,0,0,0,0,0,0,0,0,0,0,0,0,0,0,0,0,0,0,0,0,0,0,0,0,0,0,0,0,0,0,0,0,0,0,0,0,0,0,0,0,0,0,0,0,0,0,0,0,0,0,0,0,0,0,0,0,0,0,0,0,0,0,0,0,0,0,0,0,0,0,0,0,0,0,0,0,0,0,0,0,0,0,0,0,0,0,0,0,0,0,0,0,0,0,0,0,0,0,0,0,0,0,0,0,0,0,0,0,0,0,0,0,0,0,0,0,0,0,0,0,0,0,0,0,0,0,0,0,0,0,0,0,0,0,0,0,0,0,0,0,0,0,0,0,0,0,0,0,0,0,0,0,0,0,0,0,0,0,0,0,0,0,0,0,0,0,0,0,0,0,0,0,0,0,0
99999,6,0,0,0,4,0,0,4,0,0,0,0,0,0,0,0,0,0,0,0,8,0,0,0,7,0,0,0,7,0,0,7,3,0,0,0,9,0,0,0,9,0,0,9,0,0,0,0,0,0,0,0,0,0,0,0,0,0,0,0,0,0,0,0,0,0,0,0,0,0,0,0,0,0,0,0,0,0,0,0,0,0,0,0,0,0,0,0,0,0,0,5,4,0,0,0,4,0,0,0,4,0,0,4,0,0,0,0,0,0,0,0,0,0,0,3,0,0,0,0,0,0,0,0,0,0,0,0,0,0,0,0,0,0,0,0,0,0,0,0,0,0,0,0,0,0,0,0,0,0,0,0,0,0,0,0,0,0,0,0,0,0,0,0,22,0,0,4,22,0,0,0,22,0,0,24,0,0,0,0,0,0,0,0,0,4,0,5,0,0,0,0,0,0,0,6,3,0,3,8
