SA3_CODE_2021,C11_CFNC_BF_Neg_ni_inc,C11_CFNC_BF_1_149,C11_CFNC_BF_150_399,C11_CFNC_BF_400_649,C11_CFNC_BF_650_799,C11_CFNC_BF_800_1249,C11_CFNC_BF_1250_1999,C11_CFNC_BF_2000_2499,C11_CFNC_BF_2500_2999,C11_CFNC_BF_3000_3999,C11_CFNC_BF_4000more,C11_CFNC_BF_Ns,C11_CFNC_BF_Tot,C11_CFNC_BPT_Neg_ni_inc,C11_CFNC_BPT_1_149,C11_CFNC_BPT_150_399,C11_CFNC_BPT_400_649,C11_CFNC_BPT_650_799,C11_CFNC_BPT_800_1249,C11_CFNC_BPT_1250_1999,C11_CFNC_BPT_2000_2499,C11_CFNC_BPT_2500_2999,C11_CFNC_BPT_3000_3999,C11_CFNC_BPT_4000more,C11_CFNC_BPT_Ns,C11_CFNC_BPT_Tot,C11_CFNC_1F1P_Neg_ni_inc,C11_CFNC_1F1P_1_149,C11_CFNC_1F1P_150_399,C11_CFNC_1F1P_400_649,C11_CFNC_1F1P_650_799,C11_CFNC_1F1P_800_1249,C11_CFNC_1F1P_1250_1999,C11_CFNC_1F1P_2000_2499,C11_CFNC_1F1P_2500_2999,C11_CFNC_1F1P_3000_3999,C11_CFNC_1F1P_4000more,C11_CFNC_1F1P_Ns,C11_CFNC_1F1P_Tot,C11_CFNC_1E1A_Neg_ni_inc,C11_CFNC_1E1A_1_149,C11_CFNC_1E1A_150_399,C11_CFNC_1E1A_400_649,C11_CFNC_1E1A_650_799,C11_CFNC_1E1A_800_1249,C11_CFNC_1E1A_1250_1999,C11_CFNC_1E1A_2000_2499,C11_CFNC_1E1A_2500_2999,C11_CFNC_1E1A_3000_3999,C11_CFNC_1E1A_4000more,C11_CFNC_1E1A_Ns,C11_CFNC_1E1A_Tot,C11_CFNC_1F1NW_Neg_ni_inc,C11_CFNC_1F1NW_1_149,C11_CFNC_1F1NW_150_399,C11_CFNC_1F1NW_400_649,C11_CFNC_1F1NW_650_799,C11_CFNC_1F1NW_800_1249,C11_CFNC_1F1NW_1250_1999,C11_CFNC_1F1NW_2000_2499,C11_CFNC_1F1NW_2500_2999,C11_CFNC_1F1NW_3000_3999,C11_CFNC_1F1NW_4000more,C11_CFNC_1F1NW_Ns,C11_CFNC_1F1NW_Tot,C11_CFNC_1P1NW_Neg_ni_inc,C11_CFNC_1P1NW_1_149,C11_CFNC_1P1NW_150_399,C11_CFNC_1P1NW_400_649,C11_CFNC_1P1NW_650_799,C11_CFNC_1P1NW_800_1249,C11_CFNC_1P1NW_1250_1999,C11_CFNC_1P1NW_2000_2499,C11_CFNC_1P1NW_2500_2999,C11_CFNC_1P1NW_3000_3999,C11_CFNC_1P1NW_4000more,C11_CFNC_1P1NW_Ns,C11_CFNC_1P1NW_Tot,C11_CFNC_1A1NW_Neg_ni_inc,C11_CFNC_1A1NW_1_149,C11_CFNC_1A1NW_150_399,C11_CFNC_1A1NW_400_649,C11_CFNC_1A1NW_650_799,C11_CFNC_1A1NW_800_1249,C11_CFNC_1A1NW_1250_1999,C11_CFNC_1A1NW_2000_2499,C11_CFNC_1A1NW_2500_2999,C11_CFNC_1A1NW_3000_3999,C11_CFNC_1A1NW_4000more,C11_CFNC_1A1NW_Ns,C11_CFNC_1A1NW_Tot,C11_CFNC_BA_Neg_ni_inc,C11_CFNC_BA_1_149,C11_CFNC_BA_150_399,C11_CFNC_BA_400_649,C11_CFNC_BA_650_799,C11_CFNC_BA_800_1249,C11_CFNC_BA_1250_1999,C11_CFNC_BA_2000_2499,C11_CFNC_BA_2500_2999,C11_CFNC_BA_3000_3999,C11_CFNC_BA_4000more,C11_CFNC_BA_Ns,C11_CFNC_BA_Tot,C11_CFNC_BNW_Neg_ni_inc,C11_CFNC_BNW_1_149,C11_CFNC_BNW_150_399,C11_CFNC_BNW_400_649,C11_CFNC_BNW_650_799,C11_CFNC_BNW_800_1249,C11_CFNC_BNW_1250_1999,C11_CFNC_BNW_2000_2499,C11_CFNC_BNW_2500_2999,C11_CFNC_BNW_3000_3999,C11_CFNC_BNW_4000more,C11_CFNC_BNW_Ns,C11_CFNC_BNW_Tot,C11_CFNC_LFns_Neg_ni_inc,C11_CFNC_LFns_1_149,C11_CFNC_LFns_150_399,C11_CFNC_LFns_400_649,C11_CFNC_LFns_650_799,C11_CFNC_LFns_800_1249,C11_CFNC_LFns_1250_1999,C11_CFNC_LFns_2000_2499,C11_CFNC_LFns_2500_2999,C11_CFNC_LFns_3000_3999,C11_CFNC_LFns_4000more,C11_CFNC_LFns_Ns,C11_CFNC_LFns_Tot,C11_CFNC_Tot_Neg_ni_inc,C11_CFNC_Tot_1_149,C11_CFNC_Tot_150_399,C11_CFNC_Tot_400_649,C11_CFNC_Tot_650_799,C11_CFNC_Tot_800_1249,C11_CFNC_Tot_1250_1999,C11_CFNC_Tot_2000_2499,C11_CFNC_Tot_2500_2999,C11_CFNC_Tot_3000_3999,C11_CFNC_Tot_4000more,C11_CFNC_Tot_Ns,C11_CFNC_Tot_Tot,C11_CF_BFT_Neg_ni_inc,C11_CF_BFT_1_149,C11_CF_BFT_150_399,C11_CF_BFT_400_649,C11_CF_BFT_650_799,C11_CF_BFT_800_1249,C11_CF_BFT_1250_1999,C11_CF_BFT_2000_2499,C11_CF_BFT_2500_2999,C11_CF_BFT_3000_3999,C11_CF_BFT_4000more,C11_CF_BFT_Ns,C11_CF_BFT_Tot,C11_CF_BPT_Neg_ni_inc,C11_CF_BPT_1_149,C11_CF_BPT_150_399,C11_CF_BPT_400_649,C11_CF_BPT_650_799,C11_CF_BPT_800_1249,C11_CF_BPT_1250_1999,C11_CF_BPT_2000_2499,C11_CF_BPT_2500_2999,C11_CF_BPT_3000_3999,C11_CF_BPT_4000more,C11_CF_BPT_Ns,C11_CF_BPT_Tot,C11_CF_1F1P_Neg_ni_inc,C11_CF_1F1P_1_149,C11_CF_1F1P_150_399,C11_CF_1F1P_400_649,C11_CF_1F1P_650_799,C11_CF_1F1P_800_1249,C11_CF_1F1P_1250_1999,C11_CF_1F1P_2000_2499,C11_CF_1F1P_2500_2999,C11_CF_1F1P_3000_3999,C11_CF_1F1P_4000more,C11_CF_1F1P_Ns,C11_CF_1F1P_Tot,C11_CF_1E1A_Neg_ni_inc,C11_CF_1E1A_1_149,C11_CF_1E1A_150_399,C11_CF_1E1A_400_649,C11_CF_1E1A_650_799,C11_CF_1E1A_800_1249,C11_CF_1E1A_1250_1999,C11_CF_1E1A_2000_2499,C11_CF_1E1A_2500_2999,C11_CF_1E1A_3000_3999,C11_CF_1E1A_4000more,C11_CF_1E1A_Ns,C11_CF_1E1A_Tot,C11_CF_1F1NW_Neg_ni_inc,C11_CF_1F1NW_1_149,C11_CF_1F1NW_150_399,C11_CF_1F1NW_400_649,C11_CF_1F1NW_650_799
10102,12,0,5,12,17,61,335,412,246,447,270,21,1843,0,0,4,12,17,48,48,18,9,14,8,5,181,4,0,0,9,8,108,221,121,64,108,45,10,700,0,0,5,0,0,16,47,43,23,38,24,0,192,0,0,5,13,36,119,145,42,88,31,15,12,523,0,0,15,43,37,57,65,13,12,9,3,10,265,0,0,0,10,6,11,15,3,8,0,0,3,56,0,0,0,0,0,7,6,11,6,10,4,0,49,24,5,50,357,165,257,143,32,19,14,7,28,1102,0,0,0,10,0,8,4,5,0,0,0,297,319,41,5,86,467,287,687,1031,695,477,670,382,399,5219,9,0,0,3,5,32,217,328,268,549,508,189,2114,0,0,3,0,3,26,52,42,24,29,9,17,211,0,0,10,9,22,115,427,404,259,474,183,112,2017,0,0,0,3,5,14,75,82,47,136,63,34,459,0,0,6,18,33
10103,0,0,4,12,17,71,177,112,31,57,18,11,522,0,0,0,9,10,36,28,7,6,0,3,0,103,0,3,0,10,12,91,102,40,21,12,0,11,307,0,0,0,5,6,11,19,11,4,3,0,0,55,0,0,0,14,28,53,48,6,19,4,0,7,182,0,0,11,39,21,32,29,4,0,4,0,3,144,0,0,4,3,3,4,5,0,0,5,0,0,22,0,0,0,0,0,7,0,0,0,0,3,3,19,10,9,40,237,105,138,47,18,6,7,5,22,631,0,0,0,11,0,0,0,0,0,0,0,114,131,14,8,65,341,199,442,455,196,93,90,31,180,2117,3,0,3,0,11,44,116,100,48,67,23,71,490,0,0,0,3,0,21,14,8,6,3,7,3,62,0,0,8,8,10,95,191,106,49,47,5,56,571,0,0,0,0,0,9,32,14,12,10,0,7,97,0,0,4,9,22
10104,9,0,11,29,33,165,366,175,77,92,20,28,1002,3,0,11,50,68,190,131,34,0,9,12,6,513,3,0,19,39,55,272,341,133,55,46,14,11,983,4,0,4,4,16,52,63,39,8,7,0,3,204,4,0,15,45,86,236,160,25,58,15,0,21,669,0,0,42,188,147,213,116,32,19,7,0,18,791,7,0,7,26,19,38,27,5,5,9,0,13,157,0,0,3,4,12,15,18,6,5,0,0,6,67,67,13,231,1725,744,1219,427,100,35,32,19,147,4750,0,0,3,39,8,16,4,0,0,0,0,660,731,94,17,340,2149,1177,2424,1658,549,259,217,67,914,9872,0,0,10,20,17,99,268,189,107,121,48,135,1014,0,0,3,21,25,137,97,36,16,13,9,38,395,7,7,5,31,37,312,636,272,122,94,26,145,1691,3,0,0,6,7,55,76,50,17,23,0,24,265,6,3,4,25,64
10105,3,0,7,14,17,84,217,170,68,92,32,13,721,0,0,5,11,23,51,34,10,5,3,8,0,145,4,0,8,11,19,126,203,94,28,42,3,11,550,0,0,0,4,6,22,19,20,7,13,3,3,94,0,3,5,31,32,101,115,26,31,12,4,21,375,0,5,15,54,35,61,34,8,7,7,0,11,242,0,0,4,0,8,9,12,0,0,0,0,0,44,0,0,4,0,9,3,7,4,5,3,0,6,28,24,11,76,556,181,257,73,11,13,3,4,53,1249,4,0,5,14,9,5,0,0,0,0,0,248,274,30,17,126,696,324,710,714,342,164,176,46,367,3717,3,0,6,7,5,43,223,204,120,130,47,84,877,0,0,0,0,5,25,29,14,8,4,5,12,103,0,3,5,11,10,141,383,230,101,89,23,97,1094,0,0,0,6,7,17,59,42,9,13,10,16,171,0,4,5,20,33
10106,16,0,10,14,15,80,238,168,97,156,91,15,897,6,0,8,18,20,48,29,20,3,16,4,4,189,7,0,0,11,29,113,173,48,35,51,19,13,501,0,0,3,0,0,19,29,20,13,14,7,9,115,6,0,9,13,41,99,88,28,38,21,6,15,365,0,0,15,57,47,80,37,12,12,8,0,6,272,0,0,0,17,5,13,10,0,3,0,0,3,53,0,0,3,0,0,11,5,10,0,4,5,0,38,28,6,79,489,182,246,99,16,12,9,7,51,1219,0,0,0,16,7,4,4,0,0,0,0,274,303,62,12,128,647,348,699,719,320,211,274,140,388,3949,5,0,6,6,3,45,164,162,110,175,142,118,945,0,0,3,0,10,30,35,18,3,14,7,15,144,0,0,5,8,20,192,369,220,131,150,41,113,1257,0,0,5,3,0,24,57,36,24,39,10,27,227,0,4,5,16,46
10201,12,0,10,13,20,183,789,808,316,462,215,43,2874,0,0,21,58,53,186,155,47,20,51,12,18,628,13,0,8,28,41,394,703,348,155,228,40,38,2000,0,0,0,8,15,60,94,65,23,46,12,21,345,4,0,12,74,134,412,468,77,220,45,14,56,1515,6,3,46,205,171,324,195,44,35,21,11,20,1077,0,0,6,24,23,58,33,11,20,8,0,12,189,0,0,0,6,3,21,28,23,18,26,4,17,148,120,15,336,2315,1248,1731,641,134,67,60,39,265,6963,5,0,8,57,25,23,16,0,0,0,0,917,1055,157,26,457,2777,1724,3398,3133,1563,873,946,342,1404,16805,10,3,5,13,13,115,595,659,490,737,373,403,3412,0,0,10,23,29,166,237,109,57,53,29,84,792,10,5,16,32,47,595,1821,1163,754,922,238,504,6113,3,0,4,8,16,98,259,194,105,133,46,103,972,8,5,15,47,132
10202,7,0,11,9,12,172,814,698,239,297,97,29,2389,3,0,13,47,52,153,118,31,14,10,3,14,452,4,0,8,22,47,361,623,269,98,103,21,23,1576,0,0,0,12,12,47,115,52,17,24,5,16,300,3,0,14,54,142,450,365,53,115,31,16,67,1303,3,7,45,231,161,214,97,27,11,10,4,22,834,0,0,4,20,29,56,31,4,18,0,0,14,171,0,0,0,3,3,18,41,14,9,10,0,12,121,114,14,394,3109,1174,1482,399,60,22,21,19,241,7045,0,0,10,79,21,28,16,4,5,0,0,819,977,141,25,500,3586,1643,2976,2614,1209,543,510,164,1251,15163,9,0,8,11,9,115,660,747,415,541,199,313,3033,0,0,8,17,26,139,194,65,25,18,10,61,562,4,6,9,22,50,582,1744,980,466,512,83,359,4822,9,0,6,3,13,91,262,189,83,87,26,71,831,4,11,10,48,172
10301,6,0,12,8,5,83,268,264,127,149,52,16,992,4,0,0,19,20,64,48,24,6,7,0,8,204,3,0,8,19,18,127,248,120,52,55,18,12,669,0,0,0,5,9,28,25,20,5,13,0,7,101,0,0,6,14,53,135,135,21,53,11,7,22,455,0,0,16,68,57,79,48,6,8,4,0,3,289,0,0,0,6,7,14,9,6,7,3,0,0,59,0,0,0,4,0,3,4,4,4,0,6,4,29,24,3,58,527,209,287,88,25,9,9,8,53,1294,3,0,6,17,6,10,0,0,0,0,0,256,294,40,3,101,685,393,830,881,481,264,250,85,375,4393,4,0,4,4,3,41,255,246,167,238,95,108,1165,0,0,3,6,5,26,34,17,4,11,7,14,121,0,0,0,3,20,159,480,293,177,170,38,111,1463,0,0,0,0,4,24,67,65,29,33,15,14,242,0,6,11,18,45
10302,36,4,33,54,55,216,371,212,99,101,48,31,1256,3,0,6,25,43,104,56,14,9,5,6,9,266,9,5,14,46,72,270,284,101,38,38,16,28,923,4,0,5,8,12,31,39,22,9,18,0,12,164,6,0,18,73,91,196,109,24,31,14,0,31,581,0,0,30,113,71,101,43,10,4,6,4,17,394,3,0,10,10,5,24,17,0,0,0,0,15,83,3,0,3,3,0,20,20,13,3,0,0,10,78,41,8,146,1115,303,400,88,23,9,11,6,107,2260,0,0,8,22,15,14,0,0,0,0,0,418,470,114,12,272,1470,649,1370,1031,413,198,190,92,665,6477,19,3,15,26,22,125,316,230,99,141,64,198,1259,0,0,0,14,13,45,38,12,7,0,3,10,148,5,5,14,31,47,323,570,245,112,127,25,162,1666,0,0,4,5,6,35,84,50,16,25,9,31,259,11,4,13,47,97
10303,6,0,14,25,28,92,240,175,82,166,44,20,890,0,0,11,39,24,61,41,16,4,5,0,6,216,0,0,3,20,17,118,219,93,59,83,9,13,640,0,0,0,5,6,29,22,33,6,9,4,0,118,5,0,13,30,56,149,120,20,80,15,4,28,509,5,0,19,103,43,93,40,10,10,4,6,11,336,0,0,0,10,9,15,9,0,6,0,0,8,68,0,0,0,0,5,7,13,0,5,10,0,5,42,34,8,117,883,245,345,77,16,9,8,9,87,1832,4,0,7,19,4,19,4,0,0,0,0,302,346,53,17,173,1129,431,922,789,357,251,296,72,493,4994,0,0,3,13,20,40,162,139,93,168,63,105,812,0,0,4,13,11,39,38,11,7,12,0,10,142,5,0,5,15,19,147,415,229,194,220,51,115,1411,0,0,0,3,5,19,44,34,25,46,7,21,206,0,0,8,23,40
10304,13,0,6,26,15,114,360,319,142,205,90,26,1303,0,0,3,15,18,76,28,21,7,13,0,3,194,3,0,8,18,25,147,253,142,53,96,21,26,790,0,0,0,10,4,19,37,27,16,26,10,10,152,3,0,7,29,81,152,145,27,56,25,7,20,550,7,0,21,74,45,95,40,11,8,4,0,11,325,3,0,3,10,7,14,19,4,5,3,0,7,72,5,0,0,7,3,5,17,6,3,9,0,5,61,34,4,85,719,260,323,107,26,9,11,7,60,1651,0,0,4,13,8,8,0,0,0,0,0,344,378,61,9,134,917,461,960,1010,580,295,395,138,514,5471,9,4,0,9,10,63,270,277,208,308,159,143,1450,0,0,5,3,10,33,64,13,13,17,6,18,179,3,0,8,9,20,202,650,361,212,284,64,152,1981,0,0,0,0,5,32,101,62,38,53,13,23,327,0,4,4,19,51
10401,3,0,9,19,24,114,205,121,40,48,29,12,628,0,0,8,36,40,88,54,12,7,0,4,4,239,0,0,9,23,26,193,240,72,37,40,10,9,671,5,0,0,5,4,24,40,22,3,9,3,9,124,0,0,14,38,95,171,120,23,36,5,0,11,517,0,4,25,128,95,123,56,9,0,4,0,16,469,0,0,4,18,14,16,13,4,4,3,0,3,86,0,0,0,0,0,4,8,10,0,3,0,4,43,39,12,177,1423,454,632,183,34,10,8,9,108,3096,3,0,0,22,8,16,6,0,0,0,0,392,450,53,19,250,1718,765,1383,922,297,150,142,49,573,6325,5,0,0,16,8,76,252,139,84,82,23,86,780,0,0,4,16,15,82,70,13,3,5,0,20,242,4,0,3,18,42,270,467,196,65,73,15,105,1254,0,0,4,6,7,36,54,11,11,9,3,19,160,9,3,4,39,64
10402,11,0,9,23,31,174,475,290,99,149,48,11,1317,0,0,13,55,44,167,96,37,12,16,7,7,448,0,0,11,34,53,276,467,191,66,91,15,19,1208,3,0,0,14,14,36,64,38,10,16,8,6,205,0,0,6,46,95,251,215,53,59,17,5,33,787,0,0,42,178,125,202,82,32,15,8,0,10,700,0,0,9,13,12,26,25,3,5,5,0,8,95,4,0,4,10,4,15,23,3,6,3,0,9,93,45,7,224,1599,712,939,314,43,24,21,9,124,4067,5,0,7,45,16,12,0,0,0,0,0,587,664,73,16,319,2002,1098,2106,1756,692,289,328,94,817,9586,6,3,5,10,23,103,396,326,156,205,69,151,1466,0,0,11,29,38,149,150,60,17,20,8,47,532,4,0,8,26,47,384,820,398,184,167,54,176,2279,0,0,0,6,9,47,129,77,36,30,10,36,375,3,4,12,37,100
10501,16,0,12,16,19,94,166,121,49,88,45,32,657,0,0,6,11,8,26,20,5,4,0,0,5,91,10,0,6,14,23,82,127,56,25,28,8,18,376,4,0,4,4,4,6,14,5,10,3,0,7,61,6,0,6,19,35,60,61,8,15,8,0,19,243,0,0,6,48,17,24,9,3,0,0,0,9,116,0,0,0,5,7,10,6,6,0,0,0,12,40,0,0,0,3,0,11,9,0,3,4,0,8,44,23,0,55,320,80,92,18,4,0,0,4,29,623,3,0,0,9,3,3,0,0,0,0,0,184,204,64,5,90,440,191,417,425,206,109,135,56,315,2455,8,0,4,11,15,45,118,80,60,86,39,118,581,0,0,0,4,7,16,14,8,0,3,0,7,52,3,0,7,7,21,88,176,87,50,46,5,65,561,0,0,3,6,0,10,21,21,5,14,3,16,97,3,0,8,26,21
10502,9,0,0,3,11,55,117,105,28,67,16,14,432,0,0,0,4,8,27,20,4,0,0,0,0,68,0,0,0,12,11,57,84,32,12,14,3,3,230,0,0,0,4,0,15,13,10,8,0,0,3,55,0,0,0,20,25,58,63,8,16,3,0,18,217,0,0,9,42,40,29,13,0,4,0,0,3,143,0,0,0,8,0,6,9,0,0,0,0,4,39,0,0,0,0,0,0,7,3,0,0,0,4,26,13,4,44,472,163,178,27,4,0,0,4,56,968,0,0,0,9,0,3,7,0,0,0,0,179,198,25,4,65,573,268,434,352,173,69,94,25,288,2368,0,0,6,8,8,22,69,62,61,78,30,50,393,0,0,0,0,3,18,18,9,3,0,0,4,53,4,0,0,3,6,70,158,94,51,59,8,27,479,0,0,0,0,0,16,20,17,8,16,0,7,90,0,0,4,7,20
10503,30,3,25,42,34,213,523,365,138,166,67,28,1641,0,0,7,23,22,90,57,15,15,5,0,5,248,9,0,15,31,42,280,353,130,47,67,13,33,1007,0,0,6,4,3,40,51,22,8,20,3,10,174,9,0,15,54,105,189,160,20,31,5,6,31,624,0,6,27,129,86,122,39,13,4,5,0,16,449,0,0,3,16,10,24,17,0,6,0,0,11,86,5,0,4,0,10,12,24,3,9,4,0,13,80,35,0,135,974,312,395,110,27,6,9,9,105,2121,3,0,3,21,5,12,4,0,0,0,0,507,561,99,14,244,1293,633,1378,1329,592,253,277,95,762,6981,15,5,15,8,22,123,404,336,238,249,118,277,1800,0,0,0,0,16,54,55,24,16,9,0,30,196,5,0,8,32,43,319,659,374,165,186,32,210,2031,0,3,4,9,10,46,93,63,30,35,5,35,337,6,6,15,34,87
10601,15,0,15,19,17,102,412,384,168,346,129,26,1629,0,0,7,24,33,79,81,24,14,15,5,3,290,9,0,10,22,24,199,361,180,105,138,22,31,1104,0,4,4,5,9,25,52,32,23,47,13,10,217,7,3,3,28,92,206,296,27,195,24,5,49,935,0,0,41,127,90,119,64,17,15,3,3,17,491,0,3,0,10,11,26,28,3,15,0,0,10,115,0,0,0,5,3,9,20,12,5,7,3,12,76,40,4,169,1346,437,534,181,32,21,13,3,136,2928,0,0,8,29,0,14,5,0,3,4,0,469,534,77,11,249,1617,720,1323,1498,719,565,595,189,755,8317,5,0,4,9,6,55,297,317,198,401,217,167,1676,0,0,0,9,11,40,73,37,24,23,3,19,243,0,7,8,11,32,250,819,479,470,532,136,228,2966,7,0,0,0,11,41,138,82,82,65,28,39,490,5,9,8,26,63
10602,3,0,0,5,3,53,370,382,173,280,79,23,1384,4,0,0,19,18,48,63,28,13,8,5,6,210,0,0,0,14,14,149,284,164,79,105,10,12,837,0,0,3,4,10,20,52,34,12,22,3,9,166,3,0,3,20,52,204,228,35,129,17,6,27,727,6,0,14,73,74,96,53,3,14,8,6,9,349,0,0,0,9,11,20,25,8,8,0,0,0,73,0,0,0,0,0,7,17,8,4,10,4,12,59,36,7,95,930,377,495,120,18,13,3,11,82,2190,0,0,0,17,13,10,3,0,0,0,0,354,396,56,7,121,1094,565,1103,1214,680,451,453,123,525,6381,3,0,0,6,0,41,262,356,234,369,234,153,1664,0,0,0,6,4,47,56,29,25,28,8,23,229,0,5,0,0,12,199,745,555,369,506,112,154,2661,0,0,0,6,0,24,105,82,60,76,29,32,425,3,6,6,12,35
10603,10,0,5,9,12,76,332,313,110,171,39,22,1094,3,0,12,22,31,88,84,24,5,13,4,8,300,5,0,8,24,27,179,344,154,69,67,16,17,909,0,0,0,7,6,26,44,32,18,10,7,3,154,0,0,7,19,64,221,218,35,80,18,9,16,678,3,0,32,137,82,137,83,16,15,3,0,9,527,0,0,9,22,11,17,27,9,12,0,0,6,110,0,0,0,3,4,9,11,7,11,8,0,4,54,70,9,163,1496,641,1008,338,57,43,24,27,129,4008,0,0,3,25,13,8,0,0,0,0,0,433,494,99,13,245,1762,891,1769,1487,649,365,311,98,645,8336,0,0,0,7,8,61,263,304,197,258,115,139,1357,0,0,3,4,12,62,80,40,14,16,4,33,272,7,13,7,7,21,215,720,448,241,252,63,181,2164,0,0,0,3,5,38,94,64,36,39,10,39,341,0,0,4,28,60
10604,10,0,16,11,11,65,199,163,70,150,69,14,768,0,0,0,11,9,28,30,7,5,8,0,6,109,0,0,9,9,18,90,149,65,62,52,12,7,471,0,0,4,0,0,14,18,18,9,21,0,3,97,0,0,4,14,42,84,89,9,83,9,0,28,371,0,0,6,46,45,32,18,8,5,0,0,3,163,0,0,0,3,0,3,16,0,5,0,0,4,36,0,0,0,0,0,4,11,7,6,4,0,5,39,14,3,49,370,136,143,46,8,6,0,3,26,821,4,0,0,8,9,8,0,0,0,0,0,167,200,31,11,81,477,277,456,573,283,247,250,91,271,3058,6,4,4,4,3,28,96,102,85,166,89,88,678,0,0,0,0,3,14,11,7,8,8,3,7,71,0,0,0,8,9,93,286,171,169,192,33,94,1058,0,0,0,3,3,11,41,33,28,28,10,7,170,4,0,0,18,30
10701,3,0,0,5,11,65,291,281,101,166,42,11,970,0,0,8,9,15,54,26,22,5,4,8,4,147,3,0,0,3,10,151,274,150,55,58,6,12,733,0,0,0,0,3,17,36,23,15,13,6,10,134,3,0,3,35,79,190,214,29,66,15,0,42,674,0,3,20,85,71,99,39,14,11,0,0,11,357,0,0,0,10,13,29,23,0,10,0,0,7,101,0,0,0,0,0,4,13,11,3,6,0,5,44,73,13,195,1702,514,585,118,16,8,6,8,126,3356,4,0,7,32,8,10,5,0,0,0,0,363,437,88,18,244,1885,723,1207,1041,545,272,273,68,574,6945,7,6,0,4,7,56,286,336,193,298,150,143,1489,0,0,5,4,8,55,79,36,19,25,4,18,255,3,0,9,5,19,278,798,540,295,369,88,194,2597,0,0,0,5,3,41,121,80,56,60,17,40,427,7,3,8,39,69
10702,0,0,0,0,0,0,0,0,0,0,0,0,0,0,0,0,0,0,0,0,0,0,0,0,0,0,0,0,0,0,0,0,0,0,0,0,0,0,0,0,0,0,0,0,0,0,0,0,0,0,0,0,0,0,0,0,0,0,0,0,0,0,0,0,0,0,0,0,0,0,0,0,0,0,0,0,0,0,0,0,0,0,0,0,0,0,0,0,0,0,0,0,0,0,0,0,0,0,0,0,0,0,0,0,0,0,0,0,0,0,0,0,0,0,0,0,0,0,0,0,0,0,0,0,0,0,0,0,0,0,0,0,0,0,0,0,0,0,0,0,0,0,0,0,0,0,0,0,0,0,0,0,0,0,0,0,0,0,0,0,0,0,0,0,0,0,0,0,0,0,0,0,0,0,0,0,0,0,0,0,0,0,0,0,0,0,0,0,0,0,0,0,0,0,0,0,0,0,0,0
10703,4,0,0,5,6,90,391,411,179,202,71,21,1374,0,0,3,21,27,78,53,21,4,11,0,5,228,4,0,3,14,25,176,401,184,77,88,16,20,1024,0,0,0,6,3,31,52,48,21,19,4,5,189,6,0,6,34,77,225,295,43,115,28,3,37,868,0,0,25,111,83,119,81,21,16,3,4,12,482,0,0,4,18,10,35,31,8,15,4,0,7,125,0,0,0,10,0,12,14,9,0,9,0,10,57,51,19,193,1570,614,798,261,49,21,17,6,149,3741,4,0,6,38,8,14,7,0,5,0,0,447,529,73,22,242,1818,848,1572,1589,794,451,384,115,710,8623,3,0,8,5,16,66,324,373,296,437,212,200,1939,0,0,0,12,9,85,123,59,28,31,4,40,389,8,5,11,6,28,307,1039,709,391,476,112,255,3349,0,0,0,4,9,54,132,137,77,91,33,42,574,3,3,9,21,72
10704,7,0,3,0,16,89,442,610,329,536,215,26,2281,0,0,7,39,37,116,97,45,17,29,13,9,406,9,0,0,6,21,200,443,269,146,198,37,16,1351,3,0,0,4,6,35,73,54,28,48,24,6,282,3,0,12,42,77,253,315,57,198,47,15,44,1057,3,13,36,166,101,192,116,32,15,15,11,11,727,0,0,7,18,16,32,37,10,16,4,4,9,148,0,0,4,3,0,16,26,22,10,16,8,4,107,156,17,248,1809,751,1067,344,63,45,28,28,157,4711,3,0,16,38,10,17,5,0,3,0,0,678,773,184,42,331,2127,1039,2012,1895,1161,806,931,354,964,11843,3,0,3,3,5,69,264,405,351,639,449,244,2447,0,0,4,24,16,87,157,81,38,52,23,45,527,9,3,0,21,21,270,1079,998,668,976,215,314,4590,4,0,4,6,3,37,182,150,105,154,67,70,782,7,7,14,20,63
10801,0,0,6,9,14,42,129,66,34,51,19,8,377,0,0,4,19,14,64,28,8,5,3,4,6,158,0,0,3,7,10,100,123,49,29,27,6,4,363,4,0,3,3,0,12,12,5,4,4,0,4,57,4,0,10,24,39,67,61,11,15,12,0,5,239,0,6,24,90,73,58,30,5,5,4,0,8,301,0,0,0,4,6,10,7,0,3,0,0,3,42,0,0,0,0,0,6,6,0,0,0,0,0,23,39,6,112,982,475,553,186,34,27,9,11,90,2532,0,0,9,15,7,7,5,0,0,0,0,265,314,55,10,167,1155,657,921,593,180,111,110,48,412,4409,0,0,6,4,8,41,103,58,32,39,16,45,344,0,0,4,7,10,42,46,14,8,4,0,13,151,0,0,4,12,11,116,241,102,27,54,14,69,655,3,0,0,8,10,14,35,13,15,9,0,7,107,0,0,4,10,35
10802,13,0,10,21,23,106,230,86,38,48,28,17,614,5,0,7,37,36,98,54,13,0,6,0,4,254,6,0,7,19,36,197,200,73,28,21,10,5,591,0,0,4,9,5,27,37,17,14,4,5,10,131,0,0,4,38,71,113,100,17,17,3,3,23,384,0,3,31,124,85,113,55,3,5,3,0,14,449,0,0,0,20,13,19,20,0,0,0,0,4,80,0,0,3,0,0,7,8,3,0,5,0,4,34,34,5,140,1312,485,620,137,11,8,10,5,99,2876,0,0,7,27,6,8,0,0,0,0,0,320,376,54,9,220,1611,763,1306,844,235,108,94,43,501,5795,0,5,0,11,11,63,209,122,60,57,36,62,633,3,0,4,10,13,71,66,14,5,5,0,33,219,0,4,7,7,36,222,376,145,66,40,13,82,1000,0,0,4,3,11,33,47,28,7,10,0,13,145,4,0,3,21,43
10803,0,0,0,0,0,0,4,4,0,0,0,0,5,0,0,0,0,0,5,4,0,0,0,0,0,6,0,0,0,0,0,0,4,0,0,0,0,0,3,0,0,0,0,0,0,0,0,0,0,0,0,0,0,0,0,0,0,0,0,0,0,0,0,0,0,0,0,0,0,0,7,0,0,0,0,0,0,4,0,0,0,0,0,0,0,0,0,0,0,0,0,0,0,0,0,0,0,0,0,0,0,0,0,0,0,0,0,4,0,4,0,0,0,0,0,0,10,0,0,0,0,0,0,0,0,0,0,0,3,3,0,0,0,4,3,10,9,4,0,0,0,3,43,0,0,0,0,0,0,8,0,0,0,0,0,7,0,0,0,0,0,0,0,0,0,0,0,0,0,0,0,0,0,0,0,10,0,3,0,0,0,11,0,0,0,0,0,0,0,0,0,0,0,0,3,0,0,0,0,0
10804,11,0,14,13,25,150,413,259,89,142,57,27,1209,8,0,12,42,45,150,91,29,12,14,5,10,417,4,0,11,36,44,258,349,139,48,61,20,15,974,0,0,4,3,12,32,43,21,15,13,3,3,154,4,0,9,41,99,185,187,28,75,16,6,20,661,3,0,39,152,125,179,102,15,10,9,9,15,658,5,0,4,22,12,20,19,3,3,3,0,3,100,0,0,0,8,7,6,15,10,0,10,0,6,52,62,12,244,2014,904,1264,374,66,26,31,14,158,5188,0,0,9,45,19,15,9,0,0,0,0,551,642,92,18,342,2376,1285,2269,1600,573,271,298,113,817,10057,8,0,6,8,19,85,339,281,158,223,73,142,1343,0,0,0,22,20,121,127,45,7,20,11,29,401,0,0,11,22,41,325,721,333,184,209,48,130,2025,0,0,3,3,9,37,103,46,34,40,5,34,310,0,0,7,37,77
10805,9,0,17,15,16,107,309,153,53,86,22,14,807,0,0,12,28,36,94,49,19,5,5,8,0,264,3,0,13,7,40,221,235,81,46,34,17,9,704,0,0,9,9,5,31,49,17,8,11,3,0,141,8,0,12,51,77,167,121,18,28,7,0,15,501,0,4,28,135,107,140,74,17,0,4,0,16,525,0,0,0,15,11,27,16,7,3,3,0,3,93,0,0,3,0,0,10,16,6,4,4,0,3,45,42,7,188,1461,524,691,219,26,10,10,14,129,3320,4,0,6,34,6,15,0,0,0,0,0,379,451,72,13,276,1768,831,1497,1074,342,161,174,55,577,6840,0,0,3,11,9,72,266,185,75,92,30,77,831,4,0,3,14,12,65,61,13,5,12,0,18,215,0,0,6,19,26,235,454,206,88,59,15,106,1223,0,0,3,0,6,39,69,43,14,15,0,19,219,0,4,3,31,71
10901,9,0,9,17,12,124,454,353,132,147,46,29,1340,0,0,9,16,25,96,53,25,0,4,7,8,250,8,0,8,15,30,221,385,131,52,77,25,22,967,3,0,0,10,6,31,58,33,9,6,4,14,175,0,0,9,44,79,173,164,21,36,11,3,16,561,0,3,20,85,73,97,39,20,3,4,4,3,343,0,0,4,8,12,26,11,5,3,6,0,5,79,0,0,0,0,4,4,20,10,0,4,5,5,55,37,3,103,765,293,373,112,39,16,11,6,88,1847,5,0,0,17,6,17,4,0,0,0,0,364,407,61,10,161,977,541,1174,1302,631,258,277,97,548,6042,3,7,7,13,7,76,302,307,171,214,98,135,1340,0,0,4,10,9,51,64,31,8,12,8,11,200,4,3,11,13,26,278,745,414,201,211,62,142,2109,0,0,0,0,3,34,90,75,46,28,13,21,309,4,0,11,18,62
10902,7,0,9,10,11,53,122,41,21,20,8,6,317,0,0,3,3,8,12,6,0,0,0,0,3,46,7,0,9,14,6,63,71,17,14,12,7,6,217,0,0,0,5,0,13,9,6,0,7,0,3,45,5,0,6,6,20,45,30,5,12,0,0,13,139,3,4,5,26,18,21,6,0,4,6,0,4,93,0,0,0,0,6,9,3,0,0,0,0,3,19,0,0,0,0,4,4,4,0,0,0,0,5,20,13,0,36,218,78,80,26,4,0,5,0,22,486,0,0,0,6,3,4,5,4,0,0,0,101,120,40,5,63,288,153,302,277,79,53,46,27,168,1499,0,0,8,3,11,36,69,65,26,30,13,53,310,0,0,0,0,5,16,12,3,0,0,0,3,42,0,0,7,7,8,68,141,57,17,12,17,37,370,0,0,0,0,0,11,9,13,9,6,0,8,60,0,0,9,12,26
10903,31,0,15,23,29,130,358,171,68,62,27,26,942,0,3,8,28,27,83,58,12,0,3,0,5,228,7,0,8,30,33,188,275,82,31,37,11,18,715,3,0,0,9,8,29,58,16,7,3,7,9,139,5,0,13,38,71,137,105,17,17,4,6,21,431,0,0,25,99,73,98,44,4,5,0,0,22,384,6,0,5,26,12,17,12,0,0,0,0,12,93,3,0,5,4,10,16,16,7,3,4,0,7,73,36,4,135,975,317,433,112,13,7,5,9,92,2142,4,0,0,28,6,10,4,0,0,0,0,336,393,101,9,216,1259,584,1143,1028,321,145,119,63,540,5538,7,0,13,19,20,72,269,170,92,99,30,134,930,0,0,3,0,4,25,28,8,0,3,0,10,88,4,0,12,33,49,248,472,203,86,70,16,134,1323,0,0,3,5,7,43,54,32,16,17,3,25,204,3,0,13,15,52
11001,12,0,17,17,26,107,281,162,60,91,40,19,830,7,0,3,22,22,70,32,14,8,11,3,9,197,4,0,5,17,36,144,204,74,40,46,10,9,585,3,0,0,7,11,20,24,16,3,9,0,7,93,0,0,6,31,60,85,74,27,31,16,3,9,353,0,4,19,62,57,66,36,15,10,0,0,8,283,0,0,3,10,6,15,5,3,3,0,0,7,50,0,0,0,3,0,9,7,3,4,0,0,3,44,21,9,72,421,149,254,76,27,16,5,11,43,1092,0,0,0,14,5,9,3,0,0,0,0,254,286,45,9,130,601,372,774,751,340,168,176,69,363,3804,4,4,3,4,16,52,229,157,98,130,59,107,872,0,0,5,10,5,38,43,16,0,9,0,7,135,3,0,6,21,28,182,397,180,86,115,20,86,1126,0,0,0,5,0,32,51,25,8,14,5,21,169,4,0,8,17,52
11002,28,0,28,32,35,129,309,112,38,46,24,31,804,0,0,11,35,26,84,34,9,0,5,3,7,212,5,0,8,34,40,206,170,67,23,27,8,15,596,5,0,7,10,3,22,35,9,0,4,0,12,106,4,0,15,54,77,123,84,12,17,8,3,20,413,0,4,23,87,46,64,27,4,0,0,3,7,267,0,0,0,11,7,11,5,0,3,0,0,6,44,4,0,0,4,4,10,10,0,0,3,4,6,44,39,8,119,955,236,314,76,19,3,0,3,62,1833,3,0,7,33,6,6,8,0,0,0,0,298,359,82,11,225,1247,482,964,765,232,88,93,46,458,4687,10,10,20,15,19,93,218,157,67,63,35,116,807,0,0,4,3,10,38,41,11,0,4,0,13,129,0,5,10,25,34,246,338,129,50,50,9,75,956,0,0,0,4,4,27,49,21,15,12,0,15,138,4,3,12,36,55
11003,23,0,11,16,17,80,243,145,57,85,29,23,738,4,0,0,8,11,25,29,4,9,3,0,0,85,7,0,0,13,14,88,147,55,12,26,7,12,381,0,0,0,0,0,12,25,14,3,0,0,6,73,6,0,5,22,41,90,68,9,22,9,0,7,273,6,0,8,44,20,27,15,4,0,7,0,4,141,0,0,9,3,0,8,6,0,0,0,0,3,39,0,0,0,0,0,11,8,0,3,10,4,5,38,21,0,59,277,75,102,29,4,0,0,7,34,613,0,0,0,14,0,0,0,0,0,0,0,176,201,56,4,91,400,181,448,567,245,111,141,52,280,2583,9,0,0,10,8,57,148,124,83,88,45,101,678,0,0,0,4,3,13,19,10,3,4,0,9,68,10,0,6,5,19,118,284,126,65,65,30,90,808,0,0,0,0,3,20,38,28,14,13,12,20,147,5,0,3,13,33
11004,16,3,17,48,43,206,580,400,141,217,70,41,1792,3,0,13,46,44,115,75,26,4,9,9,8,346,10,0,17,47,51,286,396,146,53,84,23,22,1125,4,0,8,13,15,52,59,25,13,18,7,14,223,7,0,11,50,126,266,197,29,54,16,0,31,792,0,0,27,152,114,164,53,19,4,6,0,13,549,0,0,3,25,19,28,24,4,9,6,0,6,117,0,0,4,4,5,22,15,11,4,0,0,11,83,39,5,151,1351,438,545,175,37,19,13,13,139,2926,7,0,5,38,4,20,8,0,0,0,0,521,608,81,10,257,1764,859,1699,1584,685,311,368,121,805,8555,13,3,14,12,19,140,495,381,223,265,108,213,1875,0,0,5,10,9,56,90,29,9,15,8,23,255,6,8,7,26,46,340,865,434,206,201,44,226,2400,0,0,3,4,0,47,112,72,33,43,8,48,374,5,0,10,32,102
11101,10,0,6,5,11,92,572,609,278,467,151,33,2222,4,0,8,31,29,113,101,47,11,32,10,10,390,5,0,4,14,36,265,537,256,122,192,36,24,1480,0,0,6,5,3,29,78,61,25,44,13,10,273,5,0,11,43,82,294,322,65,168,42,4,39,1074,4,4,47,139,133,225,126,35,19,19,10,24,785,0,0,3,19,5,33,36,12,21,3,0,3,145,0,0,0,3,0,4,23,22,12,13,9,3,84,79,6,242,2165,994,1305,453,74,38,27,27,209,5615,4,0,6,41,21,12,5,3,0,0,4,674,769,102,15,326,2464,1312,2374,2249,1172,694,831,263,1030,12828,5,3,0,0,9,54,415,483,377,659,390,274,2680,3,0,3,8,15,79,122,81,42,44,14,33,446,9,0,3,14,31,313,1366,980,652,898,207,361,4839,0,0,0,4,8,54,171,136,100,159,54,58,756,4,0,13,24,57
11102,0,0,3,3,13,83,385,357,161,198,70,17,1292,0,0,5,21,21,87,66,30,9,12,4,0,260,3,0,0,4,19,170,331,160,77,77,15,13,881,0,0,0,5,0,28,49,26,17,16,11,7,148,3,0,6,24,59,200,253,44,98,21,6,23,738,0,0,24,116,76,127,82,20,17,3,0,6,479,0,0,0,15,10,34,25,7,20,0,0,6,123,0,0,3,3,3,8,13,11,5,3,0,6,58,59,5,189,1351,640,845,255,48,13,12,14,117,3544,0,0,4,30,8,14,5,3,0,0,0,432,495,68,12,249,1564,853,1593,1471,694,417,349,122,635,8022,0,0,0,4,10,52,272,326,212,296,145,159,1485,0,0,3,14,12,54,78,36,14,17,9,38,264,3,4,7,9,17,245,795,483,285,345,68,214,2469,0,0,0,6,9,33,110,96,49,68,18,35,423,3,4,5,21,61
11103,7,0,9,8,14,140,852,972,496,739,297,37,3574,3,0,8,42,37,159,139,38,19,28,19,12,519,9,6,7,23,37,364,783,383,162,237,44,17,2060,0,0,0,7,13,48,99,66,37,58,17,13,353,4,0,9,47,120,365,457,87,226,60,25,38,1437,0,8,61,191,144,263,128,43,26,25,6,17,925,4,0,0,23,17,44,47,4,27,5,0,14,194,0,0,0,4,6,13,34,26,13,17,8,12,127,81,9,251,2197,849,1222,425,86,36,39,30,182,5399,5,0,9,43,8,12,10,0,0,0,5,880,973,117,17,361,2582,1240,2618,2969,1715,1048,1208,457,1222,15559,4,0,0,4,13,76,452,566,475,684,392,270,2937,0,0,3,17,19,112,167,104,34,48,29,45,587,4,9,6,14,35,371,1403,1076,724,1016,309,340,5307,0,0,0,3,7,70,220,206,107,160,67,75,920,3,6,17,30,82
11201,9,0,8,27,35,158,339,247,82,147,61,19,1128,4,0,19,37,42,162,130,40,17,22,13,3,499,7,0,6,40,26,301,352,144,60,98,22,9,1065,0,0,0,6,11,38,58,35,17,18,3,16,206,3,0,9,44,96,194,170,37,43,22,6,30,657,3,0,33,117,118,197,105,25,14,6,6,21,653,0,0,10,10,15,32,13,8,15,0,5,4,113,4,0,3,6,7,14,24,0,7,12,3,9,83,68,5,147,1183,549,799,338,64,39,28,19,117,3361,7,0,4,22,10,24,6,0,0,0,0,478,548,100,15,237,1492,916,1912,1540,611,295,360,134,706,8315,3,4,7,12,15,78,311,212,116,172,83,155,1172,4,0,6,27,24,150,168,53,21,34,12,53,543,5,0,6,25,38,333,746,339,155,190,55,187,2085,0,0,4,6,12,54,92,56,28,36,16,35,339,5,0,14,34,74
11202,6,0,13,33,45,221,476,257,69,103,24,22,1268,5,0,22,39,45,141,109,26,8,8,10,6,412,4,0,8,49,42,273,370,131,47,45,13,25,1008,0,0,4,13,10,39,55,31,12,11,3,4,175,4,8,14,62,105,229,174,30,39,5,6,19,685,4,3,34,170,125,150,73,17,5,3,0,16,602,0,3,6,23,13,21,21,5,4,0,0,4,96,0,0,0,6,0,8,24,6,0,4,0,12,66,35,12,150,1187,418,523,158,23,10,10,7,107,2640,0,0,5,35,9,17,5,0,0,0,4,397,472,59,19,254,1610,812,1641,1462,525,190,189,62,602,7423,5,0,9,25,18,118,429,294,154,150,61,138,1409,0,0,0,16,34,106,110,44,16,16,5,22,365,0,0,8,27,34,341,723,289,121,123,24,116,1808,3,4,0,0,8,68,117,49,19,21,6,22,319,3,0,10,47,98
11203,9,0,17,20,26,106,425,303,95,136,54,21,1211,0,0,9,38,51,147,110,27,3,12,7,7,410,3,0,6,34,58,274,439,165,58,66,10,14,1123,0,0,0,10,8,44,59,37,8,18,4,13,202,3,0,12,45,83,205,215,39,57,20,3,23,702,0,0,37,160,158,195,93,21,19,4,3,16,713,4,5,5,22,14,30,20,8,9,0,0,6,122,0,0,3,0,3,14,18,13,7,8,0,11,81,78,8,232,2038,902,1146,399,72,30,21,15,176,5101,0,0,4,50,16,24,15,0,0,0,0,663,775,105,14,322,2408,1320,2179,1790,690,285,279,100,956,10445,6,4,9,5,10,82,299,252,165,205,63,135,1239,0,0,3,25,17,139,170,56,21,18,12,43,500,5,5,13,18,57,351,868,420,208,194,56,182,2381,0,0,0,0,10,53,134,65,39,38,10,31,391,3,0,7,35,81
11301,29,5,15,27,26,126,445,214,78,89,33,16,1096,10,0,12,24,28,50,46,12,3,7,0,0,183,9,0,7,31,43,171,242,69,36,26,13,16,661,0,0,4,6,3,34,55,20,8,14,0,0,148,8,3,9,35,72,98,70,24,29,7,3,22,388,5,0,29,52,41,50,26,8,3,0,0,14,240,0,0,7,9,8,19,14,3,0,0,0,4,67,0,0,0,5,0,9,15,6,0,3,0,3,52,35,5,123,638,207,259,62,22,3,5,8,68,1441,4,0,11,19,7,13,5,0,0,0,0,229,281,95,14,206,840,442,840,980,378,164,155,60,370,4559,21,0,3,15,17,80,331,237,128,150,55,164,1204,0,0,5,6,9,44,38,17,8,9,4,18,167,8,3,18,30,31,286,637,304,116,124,34,166,1756,0,0,4,3,3,36,88,38,20,15,11,28,255,3,3,17,37,92
11302,6,0,3,7,12,50,106,64,26,29,14,5,318,0,0,3,13,5,19,24,4,0,3,0,3,72,0,0,9,8,10,53,95,21,16,17,3,4,242,0,0,3,0,0,8,12,7,6,3,0,5,43,0,0,7,15,31,48,57,6,15,5,5,8,190,0,0,14,13,8,17,17,6,4,0,3,7,90,0,0,7,3,0,3,10,0,0,0,0,5,20,0,0,0,0,0,3,5,0,0,0,0,0,16,12,6,30,283,101,123,17,9,4,0,0,19,595,0,0,3,8,0,3,0,0,0,0,0,114,130,23,5,71,355,172,323,330,117,73,56,26,171,1719,0,0,5,3,12,16,72,78,33,47,23,48,333,0,0,0,0,0,12,15,0,4,0,0,0,36,0,0,0,6,14,75,193,91,44,44,3,51,529,0,0,0,0,3,5,21,11,10,4,0,11,67,0,3,0,6,21
11303,30,3,26,25,50,244,767,522,203,215,81,29,2185,0,0,13,41,35,115,72,24,12,13,6,12,339,15,0,14,27,67,349,491,219,67,115,28,24,1413,0,0,4,14,8,53,71,32,17,23,4,16,232,10,0,13,59,132,277,234,43,70,21,14,34,896,6,7,22,149,108,120,68,21,13,9,4,16,534,5,0,5,20,10,29,24,4,9,4,0,8,113,0,0,8,9,4,16,24,6,7,6,0,15,101,49,5,161,1278,477,603,223,27,22,18,12,127,3001,3,0,5,35,11,22,7,0,0,0,0,603,691,109,16,265,1648,906,1820,1982,896,410,424,152,886,9513,11,0,15,13,20,121,542,472,284,362,156,251,2253,0,0,5,8,8,56,82,31,26,16,6,23,265,7,9,9,33,56,387,1035,613,279,305,69,249,3056,0,0,0,5,9,41,171,108,60,55,13,40,499,12,7,14,46,117
11401,11,0,19,13,23,157,450,308,91,149,43,18,1283,0,0,18,51,58,176,122,30,12,20,6,10,502,4,0,11,38,44,313,378,171,71,87,17,36,1171,0,0,7,14,11,46,65,39,15,16,4,3,223,3,3,14,45,122,226,217,40,80,24,4,28,810,0,5,31,204,146,192,107,25,16,14,5,20,770,0,0,8,25,17,32,28,6,4,0,0,13,129,0,0,0,4,4,16,21,10,9,5,4,10,82,80,17,320,2569,1001,1412,484,85,26,31,25,236,6275,3,0,10,63,23,22,9,0,0,0,4,727,864,106,27,418,3020,1436,2589,1883,721,326,351,117,1108,12109,0,5,3,19,16,101,358,264,186,237,90,170,1456,0,3,4,23,18,117,153,47,13,24,13,43,456,3,0,13,31,50,376,882,436,198,220,39,214,2450,0,0,0,6,11,62,113,62,38,34,9,39,382,4,0,17,43,108
11402,4,0,10,17,15,65,250,164,84,115,69,25,810,0,0,4,17,27,91,57,32,16,17,5,4,267,0,0,7,5,11,152,235,107,53,59,22,14,659,0,0,0,3,3,29,22,18,12,11,9,6,119,4,0,6,25,47,120,116,21,60,18,4,22,438,0,0,18,68,57,147,79,23,25,18,8,9,446,0,0,4,5,3,20,15,6,12,4,3,0,68,0,0,0,0,0,5,12,7,5,4,8,8,58,40,8,95,625,360,588,303,76,38,37,34,87,2295,0,0,0,7,8,12,10,0,0,0,0,360,399,50,8,147,782,535,1211,1095,450,299,284,149,525,5551,5,0,3,3,3,58,215,168,121,182,107,127,986,3,0,4,3,3,47,50,27,8,16,8,20,193,4,0,0,8,27,178,472,293,178,192,46,138,1540,0,0,5,0,0,26,64,38,18,31,11,24,214,0,0,0,11,30
11501,6,0,5,3,10,62,332,530,376,702,463,30,2508,3,0,3,23,27,105,119,48,27,48,18,9,425,4,0,6,7,14,136,360,245,156,283,58,16,1288,0,0,0,9,3,21,36,39,30,49,20,5,204,6,0,7,24,67,223,320,92,357,98,31,34,1259,4,8,37,93,102,208,162,57,32,25,11,18,761,0,0,3,3,14,29,33,9,17,8,5,3,115,0,0,0,0,3,4,13,12,5,15,16,7,92,212,20,215,841,505,996,486,118,61,48,28,107,3629,5,0,9,20,8,15,5,0,5,0,0,538,598,235,24,286,1031,744,1796,1860,1143,1069,1269,643,778,10889,14,4,14,8,11,96,443,681,667,1676,1755,518,5885,4,0,8,12,21,93,149,70,67,97,51,76,640,13,5,12,14,26,315,1109,1005,1029,1927,766,449,6667,3,0,0,0,8,37,120,116,149,242,153,86,912,17,0,22,50,97
11502,3,0,3,0,4,38,98,76,46,98,64,13,438,0,0,9,9,6,30,27,18,8,20,3,6,144,0,0,0,5,12,54,87,56,37,63,18,8,342,0,0,0,3,4,7,15,3,0,13,11,3,57,0,0,0,11,6,44,50,14,73,19,10,13,238,4,0,11,24,22,42,35,17,9,17,6,5,179,0,0,0,0,5,5,5,0,4,0,4,3,20,0,0,0,0,0,3,0,3,5,3,3,4,17,43,0,51,192,97,180,101,25,20,17,5,28,758,4,0,0,5,0,0,0,0,0,0,0,124,143,61,0,73,254,163,398,420,221,195,251,119,199,2343,0,0,5,4,4,30,104,100,103,195,272,90,902,0,0,0,4,0,19,37,23,13,24,13,15,154,0,0,4,9,11,80,220,189,150,313,135,105,1224,0,0,0,0,0,9,26,19,23,21,22,18,138,0,3,4,8,15
11503,0,0,0,9,13,36,150,144,60,103,40,14,570,0,0,6,9,12,28,18,13,5,7,3,0,100,4,0,4,13,19,61,124,63,28,41,7,7,372,0,0,4,0,0,12,13,10,4,8,0,6,64,0,0,3,10,15,60,68,18,44,3,3,10,240,0,0,7,26,27,52,29,9,3,4,0,3,170,0,0,0,0,0,10,8,0,0,0,0,0,22,0,0,0,0,0,4,13,3,0,5,0,4,30,20,0,45,197,91,145,61,15,10,13,3,15,626,0,0,0,5,0,0,0,0,0,0,0,121,129,26,3,75,267,174,407,492,276,167,187,58,181,2312,0,3,0,5,5,26,115,152,115,191,105,100,818,0,0,0,4,9,19,44,12,16,14,6,12,126,0,0,5,8,16,87,350,238,134,187,49,122,1195,0,0,0,0,6,10,33,32,27,20,15,19,152,5,0,5,5,18
11504,3,0,0,0,3,20,114,151,83,143,60,6,586,0,0,3,8,4,20,15,14,5,3,0,0,73,0,0,3,8,6,47,100,53,31,38,4,9,297,0,0,0,0,4,4,12,13,4,10,0,0,49,0,0,4,8,19,45,60,12,42,8,0,6,206,0,0,9,17,11,29,22,9,4,0,0,4,112,0,0,0,5,0,8,11,0,0,0,3,0,24,0,0,0,0,0,0,0,6,0,0,4,3,18,30,6,36,155,68,87,58,14,0,5,3,23,486,0,0,0,4,5,0,0,0,0,0,0,83,96,32,3,60,200,123,274,393,269,164,208,83,134,1940,10,0,0,0,8,27,131,191,180,342,237,102,1216,0,0,0,3,7,15,38,19,17,16,12,5,131,0,0,7,9,8,96,340,296,235,307,100,83,1488,0,0,0,0,0,11,41,39,32,54,27,20,224,6,0,5,16,28
11601,9,0,4,3,11,121,777,789,356,362,111,38,2578,3,0,7,20,40,103,66,28,9,3,3,5,290,7,0,0,12,30,250,448,182,65,80,14,10,1091,0,0,4,10,10,37,60,42,17,18,10,11,214,8,0,8,68,164,473,357,43,86,29,0,54,1297,9,10,68,109,84,131,60,16,7,4,4,12,511,0,0,5,15,19,28,17,9,11,5,3,16,121,0,0,0,0,5,5,16,8,7,4,0,11,61,191,14,252,1372,413,490,125,25,11,5,0,108,3010,9,0,7,45,13,22,4,0,4,0,0,465,577,232,23,367,1658,786,1661,1931,1140,561,504,145,741,9747,18,4,4,4,14,119,868,983,683,808,395,320,4223,0,0,7,24,29,109,136,44,26,26,16,31,448,10,8,4,23,41,385,1249,832,402,482,118,218,3770,3,4,0,4,10,64,194,163,105,101,35,52,732,16,8,32,130,237
11602,3,0,4,7,13,57,398,545,343,477,158,28,2027,0,0,8,12,14,39,41,11,3,9,0,5,136,0,3,0,8,8,82,223,126,55,80,20,9,626,0,0,0,0,3,10,30,32,19,18,14,6,131,7,4,10,36,47,164,182,29,74,13,3,8,584,0,4,29,40,35,43,22,5,0,0,0,4,184,0,0,0,3,6,11,8,0,3,0,0,12,42,0,0,0,0,0,4,9,5,11,7,3,9,52,110,10,88,426,133,186,48,10,0,0,0,32,1050,0,0,3,9,0,0,6,0,0,0,0,220,245,133,18,136,539,272,602,971,767,510,600,190,340,5070,7,0,12,4,9,66,415,769,575,1008,521,195,3583,0,0,3,5,7,57,86,65,21,29,10,17,302,6,0,13,15,28,257,941,716,465,615,142,167,3366,4,0,4,0,3,48,131,138,106,141,52,39,669,3,3,7,53,112
11603,0,0,0,0,10,103,554,427,131,126,24,26,1396,0,0,5,7,21,50,34,7,3,3,0,5,131,0,0,5,4,15,155,225,93,26,13,7,5,551,0,0,0,0,4,24,43,32,7,8,0,4,128,0,0,12,56,140,301,233,34,47,4,4,36,866,3,3,27,78,60,73,23,3,5,3,0,6,289,3,0,9,16,12,37,16,0,0,0,0,17,103,0,0,0,0,0,0,13,12,0,0,0,3,36,95,14,185,1007,251,250,45,7,0,0,6,70,1927,10,0,10,36,9,13,7,0,0,0,0,310,388,115,16,247,1207,521,1008,1193,607,223,159,35,477,5813,14,4,7,6,12,81,820,853,510,497,182,257,3239,6,0,0,10,17,71,97,41,18,17,10,31,309,6,3,12,12,16,313,909,479,193,189,52,137,2320,0,0,3,5,11,71,151,118,53,51,19,59,528,6,16,32,125,215
11701,0,0,0,0,4,31,198,232,107,217,89,11,899,0,0,6,14,17,54,36,6,0,0,0,0,136,0,0,0,3,8,66,118,61,21,35,14,6,332,0,0,0,3,0,8,22,13,7,3,9,3,75,0,0,4,23,68,105,98,13,23,17,4,4,354,0,3,13,51,28,40,24,3,3,0,0,9,176,0,0,0,0,3,16,6,0,0,0,0,4,33,0,0,0,0,0,5,4,11,0,3,4,0,29,57,4,77,485,112,140,55,6,7,0,0,47,992,0,0,4,14,4,4,4,0,0,0,0,202,232,65,17,113,588,239,473,564,339,180,278,116,284,3252,4,0,0,0,6,36,226,222,167,251,165,98,1178,0,0,0,8,7,43,50,20,11,8,0,11,168,0,5,3,6,10,130,333,208,152,228,66,87,1234,3,0,0,6,4,25,54,36,35,54,26,22,247,0,0,16,50,80
11702,4,0,0,3,3,56,283,418,260,531,366,21,1951,5,0,0,21,30,63,64,22,13,9,0,0,231,0,0,0,9,9,101,224,130,50,104,30,0,667,0,0,0,3,3,12,30,28,18,34,17,5,146,0,0,4,30,43,108,124,36,82,30,15,10,478,3,0,15,41,33,38,33,9,3,8,0,3,187,0,0,0,4,0,9,8,3,0,3,0,0,40,0,0,0,0,0,3,6,12,0,4,8,4,45,36,7,81,495,125,125,43,13,0,0,0,31,958,0,0,0,8,5,5,0,0,0,0,0,327,352,60,10,109,611,252,530,815,669,424,727,444,406,5054,0,0,0,0,6,21,118,146,118,238,255,64,967,0,0,4,13,7,28,40,29,20,31,11,13,192,4,0,0,3,6,69,199,228,183,375,119,49,1243,0,0,0,0,4,17,43,47,41,76,39,5,266,3,5,5,35,45
11703,27,0,11,17,17,190,1075,1858,1182,2957,2518,69,9923,9,0,26,82,96,268,174,73,46,81,49,11,909,4,0,8,29,35,346,749,510,296,616,233,18,2846,4,0,5,16,3,59,95,73,52,110,75,21,513,4,3,14,67,166,441,619,153,544,228,155,34,2433,9,23,101,133,93,162,107,46,54,41,30,27,815,4,0,7,6,9,21,16,8,20,15,7,12,129,0,0,0,4,3,16,29,36,18,67,51,13,247,309,24,180,674,198,281,195,81,57,49,58,72,2173,9,0,8,13,8,5,3,4,5,0,0,1565,1613,378,51,348,1045,630,1791,3063,2832,2270,4175,3179,1832,21599,5,0,0,4,7,52,162,199,152,467,607,104,1759,0,0,10,12,4,43,40,43,23,44,38,25,283,0,6,3,8,14,121,282,282,276,567,239,87,1895,0,0,0,0,7,15,63,71,46,159,126,29,513,4,0,14,37,71
11801,16,0,5,6,3,73,426,747,511,1331,1458,53,4628,0,0,5,22,27,119,148,94,50,80,75,10,624,8,0,3,11,7,140,352,263,201,418,223,30,1648,0,0,0,0,3,25,59,39,26,79,68,15,320,4,3,8,15,50,184,243,82,313,176,134,38,1248,5,4,34,75,69,103,129,64,72,90,72,24,730,3,0,0,8,3,20,21,6,15,15,13,10,111,3,0,0,0,4,8,8,10,10,37,44,15,142,106,7,91,337,191,373,356,160,133,164,190,121,2226,3,0,4,17,3,8,8,3,0,7,4,925,984,145,19,147,494,364,1042,1757,1468,1334,2391,2269,1235,12661,4,6,4,8,12,32,144,196,189,486,962,205,2241,0,0,3,10,3,48,87,59,44,85,73,43,455,4,4,9,14,16,100,360,357,447,1049,728,292,3390,4,0,0,4,0,17,61,58,76,167,213,45,639,13,0,14,28,46
11802,12,0,4,4,14,88,489,812,523,1069,759,38,3813,0,0,17,30,33,156,84,61,28,33,24,4,470,4,0,4,11,18,181,366,254,140,232,83,22,1320,0,0,0,4,8,36,57,62,33,63,23,12,302,0,0,11,40,87,239,314,91,179,99,43,34,1140,8,17,39,88,82,163,109,29,26,32,0,12,609,5,0,5,13,13,15,23,8,13,7,3,8,102,0,0,0,0,3,6,15,27,6,23,13,6,104,189,20,216,861,350,567,306,93,42,45,41,114,2834,8,3,3,23,10,4,12,6,7,0,0,757,833,230,47,307,1072,612,1454,1778,1435,997,1600,996,1003,11533,3,0,8,3,3,62,274,395,299,718,970,215,2961,0,0,5,17,17,66,99,83,54,66,45,46,492,10,0,5,6,15,189,596,528,543,1121,551,288,3853,0,0,5,0,0,18,83,111,93,200,151,44,701,10,0,12,29,78
11901,5,0,3,9,7,130,610,636,242,360,146,30,2182,0,0,5,26,39,86,61,31,10,11,3,5,276,3,0,9,22,35,241,362,146,73,71,13,22,984,3,0,3,3,11,26,55,28,26,28,8,9,199,6,3,17,83,196,406,304,57,103,21,3,46,1256,3,13,70,187,119,167,74,14,12,10,0,18,683,0,0,11,23,17,47,34,3,10,0,0,5,153,3,0,3,4,9,11,22,8,8,7,6,11,92,205,35,401,2067,662,739,214,23,16,11,9,178,4552,7,0,14,54,8,25,7,0,0,0,0,579,697,239,56,533,2467,1101,1882,1754,950,494,514,190,903,11074,9,4,3,8,12,192,757,785,515,783,476,312,3856,3,6,6,27,38,152,181,68,39,50,14,63,650,12,6,14,44,60,434,1225,792,475,634,197,277,4171,3,3,3,12,21,68,189,114,105,130,42,66,758,18,20,60,244,332
11902,6,0,7,3,11,161,540,376,166,234,98,23,1612,4,0,14,49,73,121,56,19,6,6,0,0,357,4,0,0,18,35,244,310,97,38,60,8,11,829,0,0,8,6,0,48,50,33,0,16,4,7,173,6,6,26,115,193,432,250,31,51,14,3,48,1172,7,14,99,175,90,97,51,11,4,3,0,23,578,5,0,15,16,19,28,16,3,0,0,0,8,110,0,0,6,5,3,12,15,15,4,3,6,16,77,282,33,373,1770,408,437,144,22,14,7,9,136,3638,9,3,13,51,13,23,8,0,0,6,0,523,641,320,52,546,2205,840,1610,1434,605,290,347,127,803,9185,13,9,12,6,16,163,554,525,294,452,272,224,2538,3,0,15,36,47,187,146,45,37,27,9,53,608,6,4,6,25,56,386,797,483,279,364,119,174,2710,0,0,6,16,12,63,146,105,48,81,27,49,553,25,10,70,312,475
11903,10,0,9,3,16,127,549,607,266,390,260,19,2251,5,0,17,38,52,110,85,35,14,21,11,5,385,6,0,0,23,26,238,345,172,73,130,35,9,1077,0,0,0,0,3,32,51,46,17,23,14,12,206,0,5,17,58,166,335,280,63,121,44,9,36,1126,3,9,68,121,104,158,84,24,17,13,6,25,627,6,0,7,6,12,27,20,3,9,4,3,16,115,0,0,0,4,0,14,19,7,7,14,4,8,75,352,32,333,1309,510,741,317,77,29,26,28,130,3892,10,0,8,37,12,17,3,5,0,0,0,528,610,388,38,460,1617,902,1794,1752,1032,559,669,384,781,10362,9,8,10,7,26,151,573,590,389,730,685,297,3469,5,0,9,27,27,134,130,63,36,67,38,50,578,8,0,9,36,59,383,894,665,501,832,350,252,3997,0,0,3,7,11,58,121,93,98,116,65,63,635,11,7,43,121,202
11904,13,0,4,3,26,151,727,762,376,555,283,33,2925,0,0,13,54,81,179,92,21,11,18,8,9,489,7,0,0,14,37,257,452,191,92,122,29,16,1234,6,0,0,8,8,32,65,46,20,33,12,14,235,10,4,14,78,203,413,375,64,114,52,13,49,1390,10,3,81,144,101,130,92,16,19,5,0,19,622,3,0,11,18,17,35,20,0,4,3,0,12,122,3,0,0,0,7,14,26,9,6,19,9,10,102,256,16,325,1522,506,541,234,57,24,15,20,131,3663,5,0,8,32,12,26,0,3,0,0,0,631,717,311,30,463,1877,991,1777,2097,1177,668,826,378,914,11494,11,0,6,10,14,124,626,622,426,692,457,255,3249,4,5,11,27,23,131,137,62,28,42,19,51,542,9,5,15,17,45,357,921,630,355,612,184,222,3370,3,0,4,5,15,66,146,128,62,124,71,55,675,14,13,38,153,242
12001,11,0,0,6,5,53,315,471,325,762,610,28,2581,5,0,8,15,18,55,57,36,19,16,17,3,245,4,0,3,6,17,110,225,155,98,197,65,7,873,0,0,0,3,8,21,38,30,26,31,26,11,192,7,0,5,26,72,168,201,47,164,79,34,18,819,0,4,33,59,39,66,85,22,27,33,9,6,378,0,0,0,5,3,19,21,10,9,3,3,9,77,0,0,0,0,0,6,12,9,7,14,5,12,74,146,13,165,704,218,394,222,59,29,34,22,80,2086,3,0,3,13,7,7,4,0,0,0,0,478,512,175,15,225,827,386,891,1177,827,702,1173,796,647,7843,0,0,0,7,9,37,186,219,220,533,688,153,2062,0,0,0,12,17,50,72,39,25,44,31,29,318,7,4,6,14,17,129,410,385,414,781,371,154,2693,0,0,0,5,7,28,61,56,38,139,100,38,478,9,3,13,32,64
12002,7,0,5,5,0,31,190,335,270,808,951,18,2619,6,0,0,6,12,45,66,20,13,28,21,0,221,0,0,0,0,6,61,172,123,93,206,100,7,764,0,0,0,0,0,11,15,22,12,42,44,8,157,0,0,0,9,29,81,122,41,177,84,60,14,609,0,0,7,26,25,47,51,19,26,16,8,7,227,3,0,0,0,0,8,3,3,10,12,3,5,49,0,0,0,0,0,0,4,6,9,18,21,5,61,19,3,48,216,69,120,108,39,17,19,17,22,694,0,0,0,4,0,5,4,0,0,0,0,410,422,31,4,65,269,146,398,735,614,624,1227,1228,493,5834,0,0,3,4,4,17,58,89,103,307,603,99,1285,0,0,0,8,4,20,42,33,14,32,26,15,181,0,0,8,0,4,46,178,183,246,611,360,86,1721,0,0,0,0,0,12,31,39,46,129,155,14,427,3,0,0,5,16
12003,13,0,0,4,21,138,716,832,435,747,423,30,3365,7,0,21,86,112,236,129,51,21,21,9,13,713,4,0,6,18,39,280,466,249,114,186,63,23,1452,0,0,0,9,8,62,76,58,34,35,25,9,310,13,3,19,73,214,408,432,77,158,67,18,42,1531,7,16,116,143,85,161,94,31,17,12,5,23,721,5,0,7,14,15,23,25,9,6,0,0,5,112,0,0,0,3,4,11,24,15,11,15,15,6,113,327,24,315,1273,364,419,184,55,25,21,17,111,3147,11,0,4,23,12,17,10,3,7,0,0,653,744,387,46,496,1650,882,1745,2155,1387,832,1118,585,912,12196,17,3,12,6,9,126,516,530,386,734,913,270,3527,4,0,6,27,41,129,140,83,35,74,44,49,633,6,5,4,22,26,336,800,604,471,973,484,254,3990,4,0,0,13,15,42,126,112,107,160,125,70,769,14,13,42,108,226
12101,3,0,5,8,12,56,327,538,376,915,894,15,3143,3,0,5,37,28,106,77,35,38,52,36,0,406,5,0,3,3,11,124,279,177,126,255,126,16,1132,0,0,4,0,3,18,44,32,26,44,44,9,223,6,0,6,20,53,203,280,66,293,139,59,17,1136,3,7,35,76,53,120,97,49,52,35,36,16,574,0,0,0,4,4,15,20,3,7,12,4,4,82,0,0,0,0,0,4,9,10,9,15,13,13,82,158,13,146,424,204,502,380,132,80,113,87,77,2318,0,0,7,8,3,9,7,4,0,3,0,581,626,183,27,213,582,372,1149,1510,1053,1007,1580,1306,749,9720,8,3,0,9,9,52,194,262,253,621,1226,217,2849,0,0,0,9,13,58,73,36,49,75,64,33,414,7,7,10,16,17,139,383,345,500,1274,797,244,3728,6,0,3,4,5,16,54,60,93,173,181,35,633,12,14,11,34,61
12102,6,0,4,7,8,42,260,463,257,492,258,14,1810,0,0,3,14,28,95,67,22,16,22,8,6,285,0,0,3,13,15,122,253,165,100,165,37,14,887,0,0,4,3,6,15,36,28,17,33,15,5,166,9,0,8,13,45,164,234,54,177,51,17,17,780,0,3,22,61,50,116,105,20,19,7,0,10,413,0,0,0,6,9,21,13,0,9,3,0,9,67,0,0,0,3,0,9,11,11,8,19,0,3,69,107,6,123,534,316,561,259,54,30,28,7,57,2079,0,0,4,15,5,6,6,0,0,0,0,358,386,118,14,172,668,472,1148,1244,827,631,822,336,488,6950,7,0,5,3,4,50,241,341,308,662,588,211,2429,0,0,7,15,7,80,98,60,40,51,21,39,424,3,3,6,10,18,182,702,615,609,959,272,226,3614,0,0,0,7,6,28,89,91,80,153,63,40,554,3,6,15,35,65
12103,4,0,10,0,3,36,159,224,184,446,530,18,1620,0,0,8,16,15,95,104,71,37,74,50,8,480,4,0,0,4,6,81,175,138,136,278,133,15,973,0,0,0,3,4,20,33,21,16,43,35,8,174,5,0,6,12,33,117,207,80,305,154,78,32,1029,3,3,20,70,50,168,203,96,96,94,66,19,880,4,0,0,11,6,13,21,7,18,9,4,4,94,0,0,0,0,0,6,16,9,4,16,14,13,75,120,10,139,410,323,872,807,305,167,264,191,139,3737,0,0,0,11,8,3,5,0,4,0,5,564,605,147,12,192,530,448,1415,1736,949,977,1378,1101,810,9686,11,0,7,3,3,55,160,229,237,822,1631,352,3513,4,0,3,18,7,39,85,64,62,105,121,75,581,5,0,4,15,22,106,409,388,823,1869,1027,451,5121,0,0,0,3,10,11,51,55,70,154,165,60,578,15,0,6,27,59
12104,6,0,3,3,9,52,374,643,462,1455,1543,30,4587,4,0,14,25,21,105,109,56,49,84,64,13,528,0,0,3,0,8,109,307,229,192,394,190,25,1467,0,0,0,0,6,20,31,26,17,70,50,9,227,6,0,6,10,27,148,266,101,432,184,112,20,1314,3,8,18,46,30,100,115,52,97,105,54,15,643,0,0,0,3,5,11,17,0,18,13,9,8,84,3,0,0,0,0,3,11,14,19,29,36,9,121,71,11,60,179,120,299,348,179,116,168,150,54,1764,0,0,5,7,3,6,0,0,0,0,0,819,847,99,19,115,279,234,851,1571,1309,1389,2508,2213,1000,11586,10,0,7,4,5,14,97,101,96,332,793,111,1570,0,0,0,3,6,19,33,14,18,41,54,23,211,10,5,9,3,3,55,172,152,268,714,498,135,2022,0,0,0,0,4,11,29,39,51,124,168,15,452,11,3,9,11,21
12201,3,0,0,0,0,17,140,264,162,440,453,16,1496,0,0,4,9,12,50,58,28,12,20,20,6,219,0,0,5,0,8,59,123,77,57,135,50,7,527,0,0,0,3,0,9,11,15,16,23,14,0,92,0,0,0,0,17,57,73,37,123,44,32,11,392,4,0,14,28,22,52,76,24,25,23,7,4,269,0,0,0,0,7,5,6,6,4,3,7,3,41,0,0,0,0,0,0,3,9,3,14,15,0,56,27,3,23,138,107,198,221,70,65,52,44,49,991,0,0,0,3,0,0,0,0,0,0,0,319,331,32,3,48,179,166,456,726,527,467,758,638,411,4416,0,0,0,0,0,8,38,55,70,169,372,63,781,0,0,0,6,0,18,24,14,24,43,11,19,161,4,0,6,0,5,36,141,150,265,542,305,89,1545,0,0,0,0,0,7,19,17,30,62,86,17,243,3,3,0,12,7
12202,3,0,4,8,3,36,190,264,115,269,213,20,1133,4,0,5,11,21,79,99,49,18,26,18,12,337,6,0,3,9,16,86,226,140,74,154,41,6,760,0,0,3,0,7,14,24,21,18,27,9,15,138,0,3,3,19,22,77,136,37,148,50,28,9,537,0,0,24,50,44,105,98,39,31,34,18,13,465,0,0,0,0,0,14,13,12,3,0,0,5,64,0,0,0,0,7,4,10,9,3,3,8,5,51,46,8,80,336,206,499,296,111,77,77,83,75,1899,0,0,3,7,4,7,4,4,0,0,0,362,397,61,16,125,431,333,927,1104,691,499,645,428,529,5784,6,0,3,6,3,33,132,194,181,381,391,189,1514,7,0,3,3,4,37,95,64,35,46,22,49,373,9,0,3,8,23,136,539,434,416,762,288,265,2875,0,0,0,0,4,10,57,51,36,102,66,32,361,3,3,0,8,27
12203,9,0,4,4,0,106,730,927,453,952,603,61,3860,6,0,10,33,41,185,143,61,21,35,20,11,571,11,0,0,6,28,221,536,318,171,303,68,18,1676,3,0,0,0,0,19,73,53,38,56,11,20,287,7,0,10,25,74,237,300,75,224,96,25,32,1097,5,4,42,124,120,274,169,56,50,25,10,19,910,0,0,9,9,10,19,33,10,8,8,5,11,128,0,0,0,0,0,13,18,22,12,23,14,10,118,112,14,188,1011,560,1114,627,155,70,60,54,168,4129,3,0,3,23,10,16,5,5,4,4,0,713,792,158,24,274,1252,846,2205,2636,1681,1052,1573,811,1068,13563,8,0,3,8,10,90,422,508,425,955,1058,345,3831,0,4,4,13,18,117,193,100,70,94,74,89,782,12,6,14,21,39,341,1244,1025,1099,1907,723,483,6920,0,0,5,0,11,40,133,152,129,228,159,77,937,8,10,23,37,98
12301,4,0,0,3,12,36,309,450,228,258,91,21,1414,0,0,0,5,6,41,29,13,8,7,0,3,114,0,0,4,3,4,91,192,125,50,70,9,6,558,0,0,0,0,0,10,28,26,20,23,7,8,127,0,0,5,10,48,114,149,26,66,18,5,17,459,0,0,6,35,39,59,25,6,9,0,0,6,186,0,0,0,0,0,13,6,4,6,0,0,5,36,0,0,0,0,4,0,16,7,7,0,0,0,44,27,0,62,437,184,224,74,19,10,8,7,38,1085,0,0,0,7,7,9,0,0,0,0,0,194,224,38,7,87,514,305,593,826,681,394,381,127,301,4253,6,3,5,0,5,36,273,425,329,554,291,185,2118,0,0,0,3,3,32,51,29,20,15,7,18,184,4,0,3,10,12,198,754,649,350,466,124,157,2727,0,0,4,0,3,23,86,119,70,81,36,36,451,4,4,0,16,48
12302,10,0,4,8,17,129,897,856,329,369,94,50,2749,5,0,6,23,22,84,87,26,9,13,0,6,292,3,0,0,17,28,288,556,245,83,108,13,29,1365,0,0,3,0,10,40,103,52,20,23,3,19,278,7,8,20,74,182,528,469,59,106,28,9,66,1557,6,3,45,150,110,148,92,3,10,5,0,20,592,4,0,3,11,16,36,42,0,7,0,0,21,149,5,0,0,0,5,12,35,18,0,3,3,5,87,124,19,239,1420,467,560,168,25,10,5,4,111,3138,9,0,9,27,18,19,9,6,3,0,0,554,650,162,26,334,1722,863,1840,2450,1295,582,563,134,871,10843,14,8,5,6,13,164,910,1080,723,812,442,425,4585,0,0,3,19,21,100,125,83,36,22,12,42,468,13,9,13,26,45,417,1396,832,413,507,179,304,4147,0,0,0,5,14,73,231,171,83,104,38,59,785,13,8,28,138,271
12303,9,0,6,4,9,34,209,186,98,131,48,22,750,0,0,0,15,6,35,28,20,0,5,3,5,120,3,0,0,4,22,75,155,78,37,45,12,18,453,0,0,0,4,6,14,31,13,6,4,5,5,90,0,3,5,17,37,115,130,24,71,7,10,10,425,0,0,6,45,35,69,22,3,4,0,0,3,195,0,0,0,4,5,14,9,0,0,0,0,4,42,0,0,0,0,0,3,9,0,0,9,0,5,31,29,5,68,424,183,240,73,8,3,3,11,44,1097,6,0,4,4,4,0,0,0,4,0,0,172,193,42,8,91,521,301,611,670,342,227,204,87,290,3391,4,0,5,3,11,36,201,214,161,244,122,154,1153,0,0,0,4,0,24,51,26,10,22,9,19,165,6,0,0,3,18,151,478,346,212,272,78,133,1695,0,0,0,0,0,22,78,46,39,55,11,24,268,0,0,7,7,49
12401,0,0,5,9,8,76,329,363,203,337,154,25,1517,0,0,3,35,39,133,110,44,18,22,6,5,405,3,0,7,18,25,161,365,256,114,165,26,15,1164,0,0,0,4,6,30,51,46,14,21,14,8,193,3,0,7,23,51,195,275,53,131,42,4,22,794,0,0,24,94,82,177,106,24,22,17,3,16,571,0,0,4,6,10,20,21,8,15,5,0,6,93,0,0,0,5,0,3,4,8,4,4,3,8,48,40,8,136,751,412,709,279,48,28,31,11,81,2537,3,0,3,15,4,6,4,5,4,0,0,409,443,45,10,182,954,643,1514,1551,860,544,641,231,592,7773,6,0,3,7,11,60,229,255,237,468,298,230,1796,0,0,3,16,15,86,113,78,44,29,12,29,420,4,3,3,8,22,232,761,655,408,558,135,261,3052,0,0,0,6,9,34,111,99,74,89,34,33,483,9,7,10,17,49
12402,0,0,0,0,0,0,0,0,0,0,0,0,0,0,0,0,0,0,0,0,0,0,0,0,0,0,0,0,0,0,0,0,0,0,0,0,0,0,0,0,0,0,0,0,0,0,0,0,0,0,0,0,0,0,0,0,0,0,0,0,0,0,0,0,0,0,0,0,0,0,0,0,0,0,0,0,0,0,0,0,0,0,0,0,0,0,0,0,0,0,0,0,0,0,0,0,0,0,0,0,0,0,0,0,0,0,0,0,0,0,0,0,0,0,0,0,0,0,0,0,0,0,0,0,0,0,0,0,0,0,0,0,0,0,0,0,0,0,0,0,0,0,0,0,0,0,0,0,0,0,0,0,0,0,0,0,0,0,0,0,0,0,0,0,0,0,0,0,0,0,0,0,0,0,0,0,0,0,0,0,0,0,0,0,0,0,0,0,0,0,0,0,0,0,0,0,0,0,0,0
12403,8,0,4,3,9,133,900,1017,366,467,131,54,3095,0,0,11,14,18,100,86,28,16,15,8,9,303,0,0,3,13,25,286,530,259,112,139,21,31,1422,0,0,3,3,8,36,87,69,27,28,12,12,284,3,0,3,39,121,394,422,50,123,22,5,52,1250,3,6,31,122,89,147,84,13,10,6,3,17,529,4,0,3,18,15,39,37,5,8,0,0,9,140,0,0,0,0,6,10,25,12,10,16,3,9,97,89,14,150,1115,452,607,173,26,15,17,9,125,2787,5,0,3,35,7,21,6,3,3,0,0,475,562,114,23,216,1378,757,1783,2365,1486,689,709,188,776,10471,8,9,5,6,15,86,660,897,657,930,478,366,4124,0,0,4,12,15,71,115,75,34,36,12,32,397,0,9,11,25,39,440,1521,1061,592,702,222,350,4960,0,0,0,13,4,69,234,221,119,139,57,78,925,15,5,18,48,137
12404,6,0,0,3,3,48,230,205,88,74,30,12,697,0,0,0,8,4,41,23,9,8,8,0,4,96,0,0,0,11,12,77,149,78,29,26,4,0,391,0,0,0,0,4,17,30,13,7,11,0,6,92,0,0,3,17,41,105,91,20,29,5,7,11,338,6,0,11,33,20,41,23,9,5,0,0,6,151,0,0,0,5,0,4,10,0,0,0,0,0,23,0,0,0,0,0,3,8,6,0,0,0,3,20,24,0,51,317,127,168,47,11,4,5,0,29,783,0,0,0,11,0,5,4,0,0,0,0,151,172,34,3,68,401,214,518,606,341,168,125,57,219,2755,6,0,4,0,5,41,157,208,133,180,103,96,929,0,0,0,6,3,28,37,9,9,4,0,15,110,0,0,4,5,10,108,405,281,152,164,55,107,1294,0,0,0,0,5,18,80,48,30,19,9,23,231,4,0,6,17,48
12405,7,0,0,3,7,59,356,337,121,116,28,21,1057,0,0,0,9,10,25,25,9,0,0,0,0,81,0,0,0,4,13,92,203,74,27,25,3,3,446,0,0,0,0,0,17,43,25,8,11,4,3,109,0,0,0,29,50,189,173,30,39,10,0,26,544,0,3,11,45,36,40,15,0,0,0,0,3,164,0,0,3,7,4,11,11,0,0,0,0,8,47,0,0,0,0,0,10,17,8,3,5,0,11,44,24,5,87,503,149,173,34,4,4,0,4,39,1037,0,0,5,16,9,10,0,0,0,0,0,185,223,38,12,112,617,277,627,881,480,201,171,35,301,3758,5,0,4,0,0,45,343,441,282,306,148,150,1738,0,0,0,3,0,29,58,28,13,3,5,12,162,0,5,4,11,25,172,571,345,189,205,52,132,1700,0,0,0,4,5,24,95,70,45,34,9,33,320,9,3,13,28,83
12501,8,0,5,0,3,77,341,340,153,297,125,18,1359,3,0,3,41,47,110,40,17,9,4,3,7,280,0,0,0,8,17,142,179,69,26,25,10,9,484,0,0,5,9,7,19,27,15,11,13,8,3,110,0,0,22,74,147,236,185,14,64,20,11,18,774,8,3,67,93,64,64,26,6,0,0,0,5,338,3,0,3,19,18,22,21,4,0,0,3,11,97,0,0,0,3,0,13,16,10,0,4,4,10,61,196,25,165,633,166,170,67,9,6,4,4,45,1495,6,0,12,14,9,8,6,0,0,0,0,327,377,229,38,276,890,477,854,895,489,271,362,156,451,5372,4,0,8,7,7,106,326,331,184,265,193,103,1535,5,0,7,26,26,79,68,28,14,11,6,26,306,3,4,6,16,33,175,336,189,102,155,49,62,1134,0,4,0,5,3,34,65,40,34,35,24,27,280,11,8,49,142,284
12502,3,0,0,8,7,36,214,267,168,279,127,12,1121,0,0,11,16,17,51,44,22,11,16,0,3,184,0,0,0,10,13,70,154,96,54,84,19,11,510,0,0,0,0,0,8,26,22,7,16,3,5,95,0,0,0,20,51,131,147,39,89,33,9,21,528,0,9,21,49,47,88,51,15,9,8,0,10,311,5,0,0,0,0,14,14,0,3,0,0,0,46,0,0,0,0,0,5,8,9,4,3,0,0,38,146,9,149,567,228,408,198,46,14,6,11,54,1839,3,0,3,11,3,4,0,0,0,0,0,234,261,160,19,185,677,365,826,865,522,359,440,176,353,4932,8,0,4,4,8,68,269,333,263,455,392,156,1951,0,0,4,20,25,71,80,38,20,30,12,26,340,3,0,0,16,20,176,506,391,274,459,171,149,2175,0,0,4,3,4,30,57,63,47,78,40,20,354,7,5,18,53,117
12503,3,0,9,9,16,126,578,544,259,298,84,33,1950,0,0,3,24,34,98,44,16,4,8,4,3,247,0,0,0,15,28,189,331,143,40,61,21,22,856,0,0,0,7,5,31,63,33,9,14,4,4,176,5,5,19,78,193,406,308,35,78,31,0,42,1205,6,8,82,135,98,136,49,10,3,4,3,18,552,0,0,11,15,12,33,29,6,8,0,0,16,128,0,0,0,5,0,14,15,9,3,7,4,7,68,177,21,357,1688,485,536,128,16,12,6,8,141,3585,3,0,14,44,11,32,5,0,0,0,0,476,592,206,40,502,2016,891,1607,1554,809,412,429,127,766,9355,9,8,9,6,22,122,640,653,408,522,322,253,2958,4,0,8,38,35,114,135,48,27,22,17,46,481,16,5,10,21,37,344,833,551,321,366,116,216,2828,5,0,3,12,13,77,131,111,74,91,33,52,602,21,12,54,233,353
12504,16,0,4,6,16,152,892,905,472,706,216,29,3415,8,0,9,52,53,148,80,46,12,14,0,8,436,4,0,6,24,41,280,480,237,92,117,22,17,1318,0,0,5,0,9,47,55,49,24,28,12,6,246,8,3,23,82,197,539,549,64,175,50,12,41,1736,3,0,67,164,119,154,100,20,23,5,0,15,671,0,3,7,22,10,22,34,0,4,7,0,3,113,4,0,0,3,4,13,16,14,7,9,5,8,82,259,17,265,1026,434,576,233,29,15,17,5,90,2970,4,0,5,23,13,11,4,0,0,0,0,595,661,313,25,387,1404,888,1941,2455,1365,823,954,278,805,11632,8,5,9,3,3,110,624,740,481,817,474,202,3477,5,6,6,24,42,101,112,50,26,33,16,33,454,6,6,11,18,35,302,969,629,427,583,158,162,3314,0,0,5,7,7,52,129,143,78,122,64,43,646,21,11,40,130,288
12601,0,0,0,3,5,21,98,160,91,229,185,5,796,3,0,0,12,7,36,34,14,6,18,6,0,139,0,0,0,5,5,40,98,62,46,94,33,5,399,0,0,0,0,3,4,9,11,9,4,6,0,54,0,0,0,11,20,72,105,24,96,46,17,10,405,0,0,12,40,36,79,56,27,20,21,10,6,302,0,0,0,3,0,10,16,3,3,4,0,0,40,0,0,0,0,0,0,7,0,3,4,3,0,22,82,4,83,252,172,371,243,75,32,32,15,34,1380,0,0,4,5,4,0,3,0,0,0,0,205,225,91,7,102,329,249,637,678,374,301,449,281,266,3763,3,0,3,0,3,38,117,148,155,421,577,124,1586,0,0,4,3,15,51,62,20,30,43,20,29,274,0,0,6,15,11,59,245,224,285,650,292,145,1939,0,0,0,0,0,8,19,25,39,63,61,16,238,5,4,10,26,47
12602,15,0,4,3,12,96,537,720,370,770,495,25,3044,4,0,14,35,34,121,98,35,16,39,18,10,429,3,0,6,12,21,193,360,226,127,203,66,9,1228,0,0,0,10,6,27,42,40,20,34,24,6,217,6,0,7,42,117,331,363,83,238,94,36,30,1337,0,22,49,120,103,149,92,38,32,31,12,13,663,3,0,4,12,10,21,18,9,3,0,3,9,102,0,0,3,0,0,4,20,14,7,10,12,14,81,291,26,259,1021,432,635,292,82,46,46,33,123,3287,4,0,3,23,9,19,6,7,0,0,0,558,627,317,41,353,1278,753,1590,1831,1245,880,1230,702,794,11014,13,0,6,3,7,89,428,481,411,862,963,297,3541,3,0,0,19,25,84,124,76,40,75,45,48,539,0,4,10,13,40,281,708,597,619,1153,497,305,4228,0,0,0,3,6,42,94,99,86,150,128,38,647,12,6,18,84,138
12701,5,0,5,6,5,96,358,354,123,144,50,21,1162,0,0,9,11,15,35,32,9,6,0,4,0,121,0,0,0,10,11,98,148,68,18,44,4,13,416,0,0,0,0,4,17,43,19,9,6,0,12,125,3,3,7,34,88,170,139,23,24,4,3,27,533,0,3,23,55,39,57,24,6,0,5,0,10,217,5,0,4,9,7,22,4,5,0,0,0,10,57,0,0,0,0,0,3,15,8,4,0,0,9,42,87,13,154,791,159,197,62,16,3,7,10,57,1561,0,0,5,25,3,10,8,0,0,0,0,205,255,108,24,197,946,328,701,825,511,196,214,72,371,4490,10,0,3,15,20,121,618,613,365,492,266,238,2763,4,0,3,18,27,77,95,48,17,25,8,34,351,7,0,10,14,38,271,777,436,263,277,94,172,2355,6,0,4,6,9,46,104,79,65,65,17,59,464,15,12,16,94,192
12702,18,0,3,14,16,200,639,437,170,199,59,40,1807,4,0,13,24,28,78,60,16,8,7,0,4,240,4,0,3,18,33,250,303,118,28,28,4,22,830,0,0,0,3,6,52,74,33,9,17,0,19,205,13,3,14,117,254,501,311,30,59,16,0,66,1388,4,7,64,177,89,106,57,4,8,0,0,24,557,9,4,4,36,22,39,22,0,4,4,0,17,149,0,0,3,0,3,17,15,13,5,0,3,15,79,278,41,520,2616,522,545,156,30,17,7,8,187,4933,10,0,15,59,23,21,6,0,0,0,4,571,714,340,56,653,3066,1009,1819,1658,682,305,288,84,957,10913,28,12,14,19,28,223,981,851,489,649,354,379,4025,9,0,10,55,65,163,177,62,35,34,14,66,682,14,8,13,42,77,467,1092,626,314,378,122,270,3426,9,0,0,7,15,74,179,119,57,88,37,63,650,25,14,62,261,572
12703,9,0,4,4,10,98,530,569,235,278,80,25,1842,0,0,4,17,16,58,36,17,7,3,3,5,163,3,0,7,5,19,138,252,150,37,69,9,9,703,0,0,0,0,0,19,53,34,17,21,4,8,158,3,0,5,47,116,325,249,36,58,13,4,31,893,6,4,38,72,60,85,29,6,5,4,0,10,307,0,3,10,12,15,19,15,3,0,0,0,8,86,0,0,0,5,0,3,16,16,11,3,0,8,60,111,16,203,1081,303,379,80,14,7,0,0,98,2295,5,0,6,27,6,15,10,0,0,0,0,366,438,145,19,272,1272,537,1130,1276,834,374,396,110,577,6952,13,4,3,3,16,120,645,801,494,689,327,253,3351,0,0,3,21,22,74,99,49,28,21,9,29,348,7,0,6,18,29,304,957,639,359,391,130,211,3055,5,0,3,6,17,59,147,132,83,95,35,48,636,10,3,20,94,219
12801,11,0,0,5,6,84,512,670,396,687,361,39,2772,0,0,13,14,40,109,129,48,31,39,22,11,454,4,0,4,9,20,153,363,251,151,207,70,22,1262,0,0,0,7,3,21,59,46,25,45,17,8,222,8,0,6,28,72,162,249,58,195,63,19,31,890,4,3,36,68,87,180,124,37,33,29,18,19,638,0,0,0,7,10,19,30,9,12,4,4,5,101,0,0,0,4,0,5,23,20,12,14,4,6,96,97,8,168,941,614,1012,497,118,75,52,62,143,3793,5,0,3,24,6,7,11,0,5,3,0,592,659,122,17,231,1114,866,1747,1992,1263,936,1136,578,881,10886,8,0,3,9,6,52,288,396,334,687,662,270,2711,0,0,8,15,14,71,115,73,43,69,36,60,488,4,3,18,16,28,228,884,796,656,1166,453,417,4672,5,4,0,9,5,44,101,97,103,192,76,59,692,4,5,10,31,67
12802,7,0,3,7,14,76,356,611,380,600,248,25,2313,0,0,5,16,27,89,67,49,18,23,9,9,313,0,0,0,13,21,188,365,267,129,210,32,26,1269,0,0,0,0,9,30,49,50,19,44,17,11,224,0,0,0,28,54,203,284,52,197,46,14,32,921,0,0,29,100,86,174,139,30,14,13,0,16,613,0,0,0,4,13,29,21,7,12,6,0,7,94,0,0,0,0,4,5,13,15,11,14,4,5,70,72,7,151,884,502,881,317,57,26,21,10,98,3009,3,0,6,15,3,13,4,0,0,0,0,434,477,86,11,192,1069,733,1689,1601,1139,809,981,346,648,9303,4,0,5,5,6,52,339,471,494,991,812,333,3520,0,0,3,3,9,60,129,92,45,76,39,49,500,8,3,10,11,27,255,1245,1212,938,1456,474,472,6097,3,0,0,0,8,35,158,155,135,252,92,98,936,5,8,3,34,54
19797,0,0,0,0,0,0,0,0,0,0,0,0,0,0,0,0,0,0,0,0,0,0,0,0,0,0,0,0,0,0,0,0,0,0,0,0,0,0,0,0,0,0,0,0,0,0,0,0,0,0,0,0,0,0,0,0,0,0,0,0,0,0,0,0,0,0,0,0,0,0,0,0,0,0,0,0,0,0,0,0,0,0,0,0,0,0,0,0,0,0,0,0,0,0,0,0,0,0,0,0,0,0,0,0,0,0,0,0,0,0,0,0,0,0,0,0,0,0,0,0,0,0,0,0,0,0,0,0,0,0,0,0,0,0,0,0,0,0,0,0,0,0,0,0,0,0,0,0,0,0,0,0,0,0,0,0,0,0,0,0,0,0,0,0,0,0,0,0,0,0,0,0,0,0,0,0,0,0,0,0,0,0,0,0,0,0,0,0,0,0,0,0,0,0,0,0,0,0,0,0
19999,0,0,0,0,0,0,0,0,0,0,0,0,0,0,0,0,0,0,0,0,0,0,0,0,0,0,0,0,0,0,0,0,0,0,0,0,0,0,0,0,0,0,0,0,0,0,0,0,0,0,0,0,0,0,0,0,0,0,0,0,0,0,0,0,0,0,0,0,0,0,0,0,0,0,0,0,0,0,0,0,0,0,0,0,0,0,0,0,0,0,0,0,0,0,0,0,0,0,0,0,0,0,0,0,0,0,0,0,0,0,0,0,0,0,0,0,0,0,0,0,0,0,0,0,0,0,0,0,0,0,0,0,0,0,0,0,0,0,0,0,0,0,0,0,0,0,0,0,0,0,0,0,0,0,0,0,0,0,0,0,0,0,0,0,0,0,0,0,0,0,0,0,0,0,0,0,0,0,0,0,0,0,0,0,0,0,0,0,0,0,0,0,0,0,0,0,0,0,0,0
20101,6,0,6,15,16,141,686,550,163,247,80,37,1951,0,0,8,35,36,126,85,27,11,8,10,3,353,8,0,3,24,47,324,536,207,83,90,14,21,1346,0,0,0,5,6,35,87,48,11,22,3,13,228,3,0,9,37,141,277,222,44,81,16,13,38,879,0,4,33,160,132,178,74,10,7,9,0,18,633,0,0,4,24,15,27,25,7,10,4,0,3,119,0,0,0,5,3,20,18,17,3,6,0,9,87,42,4,150,1313,562,655,238,43,14,17,17,130,3190,0,0,3,40,9,9,0,0,0,0,0,508,581,61,12,231,1662,966,1804,1973,947,383,420,140,771,9365,0,3,0,3,15,72,402,386,256,310,164,196,1809,0,0,0,10,18,73,107,50,27,22,3,21,338,4,0,8,14,47,492,1282,680,347,356,89,248,3576,0,0,0,3,9,83,175,108,49,49,12,46,528,0,3,3,35,108
20102,3,4,12,14,16,67,177,122,55,75,23,18,593,7,0,3,21,22,51,48,10,5,7,0,4,178,3,0,14,15,19,116,196,53,32,41,3,15,487,0,0,3,0,8,16,26,11,5,3,0,7,77,4,6,6,26,44,99,91,17,29,10,5,16,339,3,0,15,68,42,58,27,8,4,4,0,12,246,0,0,0,9,6,15,10,0,0,0,0,3,46,0,0,0,0,0,6,0,8,3,0,0,3,22,29,8,66,431,143,232,58,9,10,7,3,49,1044,0,0,9,20,10,11,0,0,0,0,0,208,261,54,12,123,606,313,663,626,236,133,150,41,334,3291,3,0,0,3,7,22,99,86,68,54,36,71,455,0,0,0,11,11,38,47,13,12,9,0,21,161,3,0,3,12,8,143,332,162,74,95,9,83,920,0,0,0,3,8,26,50,28,14,9,0,13,148,3,0,4,12,32
20103,4,0,8,17,15,72,152,69,20,22,6,8,393,0,0,4,15,17,43,23,5,0,0,0,6,108,4,0,12,9,22,116,128,36,11,14,8,3,358,0,0,0,5,7,14,22,11,0,4,0,0,62,0,0,10,27,54,108,53,0,3,0,0,22,278,0,0,13,70,45,49,31,7,0,0,0,9,231,0,0,0,12,5,14,3,0,0,0,0,9,44,0,0,0,0,0,8,8,3,0,0,0,5,17,16,7,87,696,212,231,52,6,0,6,0,55,1372,3,0,0,20,3,8,0,0,0,0,0,149,179,34,10,134,859,393,658,466,127,37,47,16,256,3039,5,4,0,5,10,35,108,69,36,34,13,52,369,0,0,0,5,14,42,24,7,4,3,0,7,105,0,0,9,3,25,169,216,80,21,34,9,74,646,0,0,0,0,3,23,40,12,5,5,0,10,101,6,0,4,18,33
20201,5,0,3,13,11,138,632,466,154,185,57,37,1711,0,0,9,29,30,133,99,32,7,8,5,5,353,0,0,8,22,34,263,474,208,80,97,15,22,1223,0,0,0,5,8,44,70,29,22,22,3,4,219,3,0,4,34,99,244,191,36,54,21,4,27,720,0,0,26,133,106,164,80,19,12,7,0,14,564,0,0,7,15,10,30,20,3,5,4,0,9,106,0,0,0,5,6,23,15,13,9,7,0,0,78,34,8,140,1187,550,746,193,38,15,17,15,103,3043,0,0,8,36,15,17,5,0,0,0,0,494,573,42,9,206,1480,877,1799,1781,843,352,367,107,732,8598,0,0,4,3,14,85,401,361,238,228,118,156,1621,0,0,0,10,16,85,113,47,25,19,8,37,347,5,4,8,17,37,405,1181,625,293,296,72,188,3131,0,0,0,7,17,63,174,103,57,48,12,37,515,4,4,8,33,103
20202,16,0,9,16,25,86,231,177,85,104,51,11,821,0,0,11,30,27,117,83,23,3,19,7,8,322,4,0,8,20,32,144,267,113,46,55,10,17,718,0,0,0,5,5,33,34,23,5,10,3,5,126,5,0,12,32,55,146,114,22,41,8,11,19,463,0,4,18,91,67,117,78,10,8,13,4,10,418,0,0,5,9,9,14,17,0,7,0,0,9,62,0,0,4,0,5,15,19,4,5,0,0,3,62,35,9,98,744,293,391,129,34,13,14,5,66,1824,0,0,0,20,6,6,5,0,0,0,0,308,348,64,10,158,964,516,1066,973,414,219,226,102,451,5160,4,0,8,6,15,49,169,156,101,120,56,93,778,0,0,0,14,16,71,99,36,16,15,5,36,298,5,0,6,14,30,187,523,274,157,174,37,139,1545,0,0,0,4,3,30,73,40,28,29,8,39,256,0,0,7,24,45
20203,7,0,11,10,14,41,83,43,12,20,7,8,265,4,0,0,7,5,21,19,4,0,0,0,0,60,4,0,6,13,15,77,58,19,5,9,3,5,218,0,0,4,3,3,9,9,3,0,0,0,0,38,0,0,6,13,29,45,33,3,4,0,3,6,140,0,0,7,29,25,27,12,0,0,0,0,3,95,0,0,0,0,5,0,4,0,0,0,0,4,17,0,0,0,4,0,0,7,0,0,0,0,0,17,14,0,29,272,74,87,16,3,0,0,0,16,523,0,0,0,4,0,4,0,0,0,0,0,78,85,31,0,61,351,173,320,241,90,28,28,17,126,1464,0,0,10,9,4,27,56,36,16,17,9,37,216,0,0,0,3,0,8,17,4,0,0,0,12,47,3,0,6,8,13,89,117,39,13,19,5,39,355,0,0,0,0,3,7,9,10,0,0,0,3,44,0,4,6,8,20
20301,4,0,7,13,9,30,116,110,28,55,17,10,387,0,0,4,11,3,30,23,13,10,0,0,6,88,3,0,3,5,20,68,98,50,20,29,0,4,303,0,0,0,0,3,11,23,16,8,6,0,3,67,0,0,5,12,28,54,47,0,25,10,4,7,184,0,0,3,32,22,33,24,0,5,0,0,6,122,0,0,0,0,0,12,4,3,3,0,0,0,27,0,0,0,0,0,3,6,3,0,7,0,3,24,14,5,36,213,72,94,33,7,0,0,0,13,486,0,0,0,0,0,0,0,0,0,0,0,109,118,26,4,52,291,156,345,380,198,96,95,23,160,1816,7,3,0,7,0,22,91,80,47,71,24,46,397,0,0,3,0,3,22,31,8,0,3,5,0,75,3,3,0,11,18,89,310,143,81,66,28,76,833,0,0,0,0,4,7,36,18,14,11,0,15,107,0,5,5,9,29
20302,9,0,5,4,24,203,1058,1095,419,521,159,63,3567,3,0,12,62,60,208,163,46,14,26,9,20,644,7,0,8,30,71,526,865,402,160,196,27,56,2349,6,0,0,10,18,61,106,70,31,32,10,13,346,6,3,19,85,192,519,431,61,162,46,7,81,1611,8,3,65,289,215,312,161,35,29,17,13,31,1173,0,0,4,27,25,64,43,3,8,0,3,21,206,5,0,3,4,7,28,53,38,13,19,5,11,172,111,17,377,2626,1072,1340,376,68,28,31,29,259,6325,14,0,10,68,14,40,9,3,6,0,0,915,1074,159,22,498,3206,1700,3297,3265,1829,869,887,265,1467,17461,5,5,3,6,26,96,582,653,445,594,298,354,3063,3,0,4,30,26,141,204,91,38,39,16,71,665,6,7,11,23,69,657,2246,1297,743,909,187,517,6672,0,0,0,9,10,101,277,204,126,127,41,74,984,10,5,21,78,185
20303,0,0,0,4,24,54,289,286,140,185,71,18,1070,3,0,15,25,42,119,75,50,13,16,12,9,366,0,0,0,8,18,157,290,166,78,88,18,26,846,0,0,3,4,4,21,51,22,15,21,4,0,151,0,0,3,18,49,144,161,30,82,21,9,30,548,0,6,28,95,77,164,84,27,16,11,12,17,544,0,0,5,16,7,15,18,5,8,5,0,0,91,0,0,0,0,5,15,17,10,0,13,7,5,72,70,5,142,925,497,801,303,70,39,32,25,115,3027,4,0,4,17,6,5,7,0,0,3,0,425,472,84,13,206,1111,735,1493,1303,661,395,396,147,649,7191,0,0,11,7,10,48,158,236,140,230,108,149,1084,0,0,0,10,9,84,96,53,33,30,11,36,367,7,3,7,13,29,230,763,526,299,340,85,241,2535,0,0,0,3,3,30,93,88,49,54,13,34,369,0,0,13,23,59
20401,11,0,12,29,41,125,355,266,83,97,28,36,1076,7,0,16,41,34,116,70,17,6,10,0,5,323,3,0,12,33,32,240,325,118,42,48,16,18,882,0,0,0,5,10,38,39,23,4,7,5,6,150,10,0,16,36,76,161,128,27,35,12,0,23,526,7,3,30,116,77,106,53,11,6,5,7,18,446,3,0,7,13,10,27,8,3,0,5,0,7,96,0,0,4,5,0,18,25,3,3,4,0,0,60,64,6,140,864,315,424,126,25,11,11,10,86,2078,4,0,4,23,5,10,5,0,3,0,0,387,436,102,14,240,1166,592,1253,1133,493,202,202,71,591,6069,8,0,9,13,16,54,219,218,127,135,44,113,965,0,0,10,12,11,61,60,12,3,4,3,33,208,5,0,5,22,37,225,613,256,136,109,27,143,1570,0,0,0,4,7,41,79,39,19,24,4,28,248,0,0,7,33,73
20402,16,0,12,18,39,127,359,228,69,92,25,18,1009,3,0,6,26,31,106,64,15,7,12,6,12,283,0,0,7,29,36,223,292,120,40,35,8,22,810,4,0,3,6,11,35,41,30,15,3,3,7,153,6,0,13,41,68,135,100,21,19,5,3,19,435,0,0,30,94,69,95,49,9,0,6,0,10,361,0,0,3,6,9,23,11,0,0,0,0,0,62,0,0,0,5,9,10,19,9,0,4,0,0,65,30,4,116,773,321,392,110,24,5,5,3,80,1860,7,0,3,28,11,10,4,0,0,0,0,292,358,62,3,199,1029,606,1160,1048,462,156,160,52,455,5397,3,4,7,12,12,73,286,201,113,107,53,104,972,0,0,3,7,9,57,50,16,11,9,0,16,184,5,0,9,21,29,270,593,260,102,98,29,120,1536,0,0,0,3,4,32,94,40,31,13,3,37,258,4,0,8,29,58
20403,16,0,18,27,36,163,542,398,122,137,41,38,1547,0,0,10,36,42,117,96,30,11,17,3,7,361,6,5,5,24,44,263,425,187,53,66,7,17,1113,3,0,0,7,9,42,64,37,15,15,0,5,196,4,0,9,37,106,210,188,30,48,20,0,21,679,0,6,26,119,86,141,75,11,10,4,0,15,492,0,0,0,8,11,25,17,3,4,5,0,6,74,4,0,0,8,0,14,22,11,6,0,4,14,84,32,5,135,917,380,502,170,21,5,13,11,83,2278,3,0,8,24,6,9,3,0,0,0,0,475,531,68,15,215,1213,721,1495,1611,736,272,275,71,678,7360,0,0,5,19,14,97,349,389,192,215,92,162,1537,0,0,3,25,20,85,85,27,18,16,0,30,311,0,3,4,22,39,325,808,459,187,195,36,187,2271,0,0,0,0,6,40,117,80,29,37,15,28,356,4,5,7,33,64
20501,9,0,16,11,23,93,277,213,67,116,43,19,883,0,0,13,34,36,67,57,19,8,4,0,8,243,11,0,3,26,43,163,266,124,35,55,13,24,766,0,0,0,0,4,18,30,18,14,6,3,13,111,0,0,11,17,64,129,142,25,52,11,0,27,478,0,0,16,70,65,93,59,10,7,3,3,12,329,0,0,0,16,4,29,10,4,0,0,0,9,72,0,0,0,3,0,8,6,7,0,3,3,11,49,32,7,102,677,282,363,111,25,3,14,3,61,1669,0,0,6,21,6,4,5,0,0,0,0,248,298,56,13,155,872,523,970,965,440,192,213,67,424,4903,7,0,7,7,13,52,204,156,88,127,82,133,877,0,0,0,4,16,41,60,29,15,13,0,25,206,11,0,5,9,27,215,568,311,176,180,43,154,1695,0,0,0,0,0,37,70,53,22,27,6,33,250,4,6,4,23,56
20502,9,0,9,23,22,116,297,152,56,61,19,16,785,0,0,15,31,35,116,62,20,5,0,4,15,297,3,0,8,20,39,219,259,82,24,36,11,21,721,0,0,0,6,10,26,44,16,5,8,3,7,118,8,0,6,34,64,126,98,13,21,6,0,18,389,5,3,41,125,80,119,54,11,4,11,4,17,464,0,0,5,19,8,23,12,3,0,0,0,4,80,0,0,0,0,0,16,26,3,0,7,3,8,67,43,15,147,1055,376,530,181,35,13,9,18,111,2532,0,0,9,28,16,11,9,0,0,0,0,419,486,80,20,248,1338,653,1293,1043,332,125,128,58,630,5946,5,0,3,14,11,60,186,135,72,71,22,74,664,0,0,5,11,18,62,67,12,6,6,0,22,211,0,0,4,10,25,231,452,186,74,92,32,97,1205,0,0,0,0,8,30,57,29,13,17,3,12,172,0,0,3,28,55
20503,14,0,18,34,47,143,367,264,94,113,40,37,1172,6,0,11,44,42,140,84,36,4,5,5,8,395,0,0,20,24,32,234,378,140,52,70,20,16,991,0,0,3,8,13,54,68,28,8,13,3,10,200,4,0,7,40,68,135,132,19,57,12,7,21,506,3,3,38,122,102,167,83,7,10,0,7,14,553,0,0,7,7,17,19,24,0,3,0,0,10,101,0,0,4,11,3,13,22,7,3,5,3,9,84,41,3,167,1191,482,693,202,33,17,13,15,135,2988,3,0,7,23,11,7,8,0,0,0,0,415,476,75,11,274,1495,811,1613,1362,538,259,237,94,684,7450,3,0,12,14,8,94,252,182,114,96,61,129,975,0,0,0,13,22,84,82,30,13,9,0,18,286,5,5,11,19,40,316,661,306,145,125,39,186,1858,0,0,0,3,9,50,87,23,19,25,3,43,270,7,3,11,36,69
20504,3,0,6,9,14,96,370,377,130,203,46,37,1285,0,0,6,31,27,67,59,21,7,14,3,6,238,0,0,8,14,31,166,386,202,84,117,15,21,1042,0,0,0,4,3,31,61,39,19,19,6,12,193,5,0,12,34,86,215,262,30,134,18,7,43,856,4,3,24,119,95,130,62,15,10,7,0,5,479,0,0,6,9,16,23,23,4,21,5,0,11,116,4,0,0,0,3,9,9,9,12,12,0,15,73,52,14,188,1267,416,569,137,20,8,6,10,136,2809,5,0,8,36,13,14,12,4,0,0,0,469,555,74,17,246,1527,695,1325,1380,716,424,396,92,751,7642,6,0,0,4,9,54,211,234,154,195,100,145,1101,0,0,5,8,5,53,65,34,11,15,6,20,220,3,3,3,12,26,261,759,439,289,351,67,188,2398,0,0,0,0,7,54,115,76,49,66,14,48,436,0,4,9,23,86
20505,11,0,11,22,25,97,228,182,72,110,46,19,820,0,0,10,23,21,77,46,12,5,0,3,0,210,7,0,7,20,29,163,260,121,34,57,14,17,726,5,0,3,7,7,27,40,16,12,16,0,0,138,0,0,10,30,70,141,100,22,59,8,0,18,463,3,5,30,96,58,80,25,10,7,7,0,8,321,0,0,0,12,10,5,14,7,5,0,0,7,59,0,0,4,9,0,10,7,7,0,17,0,8,55,36,14,82,751,267,333,88,19,3,6,7,85,1682,4,0,0,16,3,10,0,0,0,0,0,357,394,63,20,162,974,486,951,812,392,209,216,67,518,4861,5,0,3,5,14,64,175,133,98,134,50,100,788,0,0,3,6,8,34,49,8,6,4,0,10,147,5,5,4,11,34,187,439,224,117,130,31,114,1299,0,0,0,8,0,27,74,37,18,33,0,22,228,0,0,6,18,50
20601,3,0,6,4,11,91,433,613,346,618,318,24,2469,5,0,7,29,53,128,96,26,18,11,3,7,377,0,0,0,11,16,191,346,241,77,156,30,15,1089,0,0,0,3,3,27,44,40,29,35,12,11,214,5,0,6,30,62,178,217,47,88,49,15,15,706,6,3,40,75,56,93,58,11,15,11,0,5,368,0,0,0,6,3,16,12,8,8,0,0,6,64,0,0,0,0,0,7,18,11,6,21,11,4,87,84,13,169,955,214,266,72,21,7,9,0,64,1874,3,0,5,20,9,9,7,0,0,0,0,487,535,108,22,231,1137,435,1006,1303,1022,595,901,396,638,7783,3,0,3,3,0,41,154,194,157,302,248,102,1211,0,0,5,11,14,70,96,76,30,44,16,28,378,3,0,3,7,22,147,549,457,331,522,124,136,2306,0,0,0,0,8,27,73,96,69,137,60,21,485,9,5,14,39,82
20602,5,0,4,8,4,45,252,395,212,359,225,18,1529,0,0,0,19,17,74,49,25,3,11,6,4,203,0,0,3,0,15,153,221,139,63,110,19,0,723,0,0,0,3,0,14,29,26,14,18,16,0,122,0,0,3,22,61,92,111,35,54,24,13,7,425,0,0,21,49,32,30,30,13,5,6,4,4,202,0,5,0,0,5,6,7,5,0,0,0,4,44,0,0,0,0,0,6,5,5,6,8,13,0,42,40,4,99,569,125,143,57,12,8,9,0,37,1097,0,0,3,12,3,7,0,0,0,0,0,300,324,47,9,135,687,263,571,762,652,368,550,294,376,4716,0,0,0,3,0,25,103,96,105,202,195,61,796,0,0,0,15,11,54,66,51,31,52,19,18,306,0,0,4,9,14,88,332,331,262,539,146,91,1815,0,0,0,0,7,18,45,49,46,102,60,22,341,0,3,3,23,21
20603,5,0,4,4,0,49,289,454,246,482,263,19,1817,5,0,0,16,29,70,42,28,6,11,3,3,207,0,0,3,7,13,100,253,167,68,106,32,13,753,0,0,4,0,6,11,37,28,18,21,11,7,140,3,0,4,24,56,119,163,40,112,31,10,9,570,0,3,24,46,35,87,52,14,13,7,3,10,285,0,0,0,6,7,9,8,3,10,0,0,4,54,0,0,0,0,0,10,12,18,7,14,6,4,69,55,17,102,470,148,238,103,23,15,11,16,42,1242,0,0,0,9,4,9,4,4,3,0,0,312,349,79,16,148,578,293,688,960,771,491,682,351,423,5485,3,0,4,4,4,26,118,149,169,380,422,130,1407,0,0,3,7,12,47,43,43,22,49,28,21,264,3,6,0,6,17,119,332,366,365,679,296,149,2335,3,0,0,0,5,18,48,54,45,98,59,27,354,5,0,5,26,31
20604,7,0,9,4,10,92,594,905,507,1117,804,33,4081,5,0,27,42,38,103,91,49,23,46,30,5,451,0,0,8,15,26,195,391,213,132,281,102,13,1369,0,0,3,12,7,26,48,44,31,53,33,20,284,6,0,13,41,83,265,423,100,296,93,64,22,1398,10,35,54,67,53,98,78,25,29,44,28,5,530,3,4,6,0,0,11,20,0,16,9,3,3,86,0,0,0,5,0,0,12,12,8,23,12,3,90,269,23,99,231,81,202,146,62,58,46,66,29,1315,0,0,0,11,0,0,7,0,0,0,0,759,780,304,60,212,420,311,1000,1812,1422,1104,1710,1145,886,10386,5,0,5,3,8,28,73,89,83,172,267,64,793,0,0,7,3,6,17,27,11,10,11,15,8,132,3,0,8,14,3,50,133,112,100,263,136,45,877,0,0,0,3,3,8,30,29,20,60,40,15,212,4,10,10,33,34
20605,12,0,0,10,7,94,623,1053,685,1437,1175,38,5137,0,0,11,23,36,110,111,54,38,50,28,8,467,0,0,7,11,18,189,436,293,188,346,118,16,1634,0,0,0,0,8,21,58,61,40,64,48,16,308,6,0,7,27,59,201,322,80,303,126,80,32,1241,6,3,32,55,43,87,90,33,42,24,27,7,444,0,0,0,3,3,8,16,5,12,9,5,5,81,0,0,0,0,3,8,8,22,17,26,32,10,135,66,4,92,449,133,237,159,58,50,41,47,46,1390,3,0,0,9,9,5,0,0,0,0,0,845,872,101,17,146,596,321,951,1828,1667,1375,2123,1565,1025,11720,3,0,6,0,3,20,91,109,118,267,468,87,1187,5,0,0,13,4,37,58,33,24,51,32,25,291,3,4,3,9,10,68,242,222,260,577,320,99,1810,0,0,0,3,4,13,49,33,40,112,123,16,395,3,0,8,14,34
20606,3,0,8,0,3,57,343,510,323,702,591,23,2562,10,0,4,17,17,51,40,30,21,41,46,7,283,0,0,0,4,16,107,216,146,98,188,102,3,892,0,0,3,0,0,6,28,20,17,32,18,4,131,6,0,3,13,44,100,166,53,169,83,51,19,708,6,5,16,28,30,69,68,27,39,51,54,10,410,0,0,0,3,9,9,5,4,8,3,6,4,65,0,0,0,5,0,0,11,6,8,17,13,9,67,64,9,54,291,90,155,164,75,58,75,114,44,1206,0,0,0,6,0,8,5,0,0,4,5,485,525,94,16,95,373,207,570,1052,882,745,1203,1002,609,6850,0,0,0,0,0,6,45,53,48,156,302,61,683,0,0,0,4,3,9,15,15,11,26,25,15,127,0,0,5,4,8,38,110,87,117,300,231,76,962,0,0,0,0,0,3,14,13,19,46,64,7,188,4,0,4,4,8
20607,4,0,8,0,12,66,422,751,480,1050,856,27,3684,0,0,4,21,15,79,88,31,30,32,26,0,325,0,0,0,10,20,151,312,210,137,248,92,7,1204,0,0,0,6,10,15,23,39,34,60,39,3,227,4,0,5,18,40,114,163,63,185,86,49,12,736,3,4,14,51,35,66,57,24,29,26,14,5,330,0,0,0,3,0,9,20,10,9,11,7,3,70,0,0,0,0,3,3,9,18,12,28,22,7,102,52,8,114,483,110,186,103,36,28,32,8,32,1187,0,0,0,9,4,3,0,0,0,0,0,557,577,67,12,156,607,253,689,1207,1185,942,1576,1115,654,8452,0,0,3,5,5,15,75,104,94,236,327,79,941,0,0,0,9,7,44,61,36,23,46,23,21,261,3,0,0,8,5,66,195,215,223,497,240,84,1548,0,0,0,0,6,16,33,41,67,100,78,17,361,4,9,11,18,36
20701,11,0,3,6,10,91,483,716,492,941,732,34,3523,12,0,14,47,45,155,164,66,38,114,54,18,732,0,0,3,12,27,200,430,313,181,416,172,26,1780,0,0,0,6,11,20,60,35,32,58,42,12,287,6,0,12,29,72,226,357,95,352,179,79,44,1453,6,15,56,96,64,206,218,104,99,91,59,27,1042,4,0,5,5,8,28,41,10,19,10,14,9,156,0,0,3,0,4,9,11,20,9,22,15,13,105,166,25,211,706,383,866,733,284,141,194,162,139,3996,8,0,4,13,11,19,12,3,0,0,6,802,868,206,41,302,930,640,1821,2509,1648,1358,2033,1330,1120,13949,11,3,12,14,9,89,277,384,379,1084,1668,437,4359,8,0,9,20,17,74,141,80,77,139,116,77,752,12,0,15,31,37,238,634,632,967,2384,1320,571,6845,3,0,4,5,5,30,67,91,126,213,197,92,836,17,9,15,40,83
20702,11,0,3,7,8,71,277,328,184,384,193,27,1495,0,0,13,34,27,102,76,33,23,27,15,7,352,0,0,8,18,29,127,238,136,67,139,27,12,811,0,0,4,4,0,30,44,17,14,22,3,10,150,3,0,10,37,63,185,224,55,155,45,15,32,820,6,8,56,112,88,179,124,28,28,21,9,14,663,0,0,11,9,7,22,34,3,15,6,0,9,104,0,0,3,0,5,11,10,7,5,10,4,9,71,188,13,252,1146,541,975,466,95,47,44,34,146,3949,3,0,10,33,16,15,11,3,4,0,0,471,569,211,25,365,1394,794,1711,1504,712,539,696,304,732,8981,11,0,8,12,10,80,325,342,280,535,498,229,2337,0,0,14,27,20,72,113,49,44,50,23,46,447,5,3,12,32,41,263,758,536,458,719,280,251,3362,4,0,0,8,4,32,97,65,51,91,49,38,433,12,9,17,50,101
20703,3,0,8,5,15,73,357,415,228,429,214,19,1761,3,0,24,45,36,125,85,37,18,21,9,0,404,0,0,8,16,27,155,307,172,93,136,34,11,959,3,0,5,5,6,20,41,32,13,36,14,3,172,8,4,10,35,80,183,212,43,98,44,18,23,761,3,6,59,114,75,170,99,29,21,12,0,18,606,3,0,4,10,3,22,20,6,6,0,0,6,85,0,0,0,0,3,9,6,14,4,13,0,4,53,219,18,194,974,524,770,281,75,30,35,10,115,3244,4,0,5,24,15,11,5,0,0,0,0,470,530,239,30,307,1227,786,1540,1412,831,514,722,304,675,8591,6,0,11,7,8,80,269,302,252,522,503,181,2132,3,0,3,24,12,77,109,59,47,48,25,32,441,3,0,9,20,24,202,747,714,593,1007,308,237,3860,4,0,3,4,6,23,104,76,78,153,53,44,535,9,0,5,62,110
20801,7,0,0,8,6,42,215,358,219,492,410,21,1780,3,0,15,18,17,86,97,49,20,56,45,3,427,4,0,5,6,8,110,209,173,153,247,105,12,1042,0,0,0,7,0,12,36,27,15,39,17,15,169,0,0,4,8,33,118,204,52,243,93,52,28,836,0,7,23,72,59,159,157,53,59,52,39,32,701,0,0,0,7,3,23,18,7,12,10,0,8,94,0,0,0,0,0,9,17,7,6,15,8,10,76,60,9,128,565,345,687,470,155,115,123,94,120,2865,0,0,5,9,6,11,4,0,0,0,3,567,603,82,11,187,702,482,1245,1422,889,852,1118,778,815,8593,9,0,6,4,7,30,169,197,205,576,868,269,2344,0,0,3,12,4,45,86,45,49,74,46,50,420,5,0,12,15,22,144,523,531,742,1412,661,365,4423,0,0,0,3,5,16,61,71,74,138,108,61,542,12,0,5,18,26
20802,12,3,8,10,16,135,610,838,479,798,493,40,3450,6,0,17,60,65,202,127,42,33,45,21,18,631,4,0,0,25,45,284,541,305,136,268,63,26,1703,0,0,0,7,11,32,76,46,23,46,36,14,287,8,0,17,50,131,331,354,104,183,78,24,50,1327,4,17,75,160,95,166,135,47,46,35,17,26,831,0,5,3,12,14,26,29,8,11,4,10,11,129,0,0,5,0,3,9,21,18,3,25,13,9,106,221,15,222,1160,494,756,334,79,47,67,54,162,3611,4,0,17,19,10,27,14,3,7,0,3,632,739,261,37,369,1501,882,1963,2239,1490,971,1380,726,994,12819,6,0,11,12,13,99,375,490,373,845,886,331,3448,0,0,14,16,37,113,192,85,61,83,45,63,708,11,7,15,31,49,332,1062,892,926,1636,612,472,6043,0,0,5,11,7,47,117,113,113,222,118,77,828,14,6,13,49,116
20803,5,0,5,9,16,115,604,898,430,619,269,54,3025,0,0,15,24,43,123,90,40,10,21,4,12,370,0,0,5,13,25,226,426,257,124,173,26,18,1304,0,0,0,4,3,29,66,63,30,39,18,5,254,7,0,9,47,101,265,280,48,153,50,7,20,986,0,9,43,138,68,168,81,20,19,13,0,19,580,0,0,5,12,12,20,19,7,10,0,0,16,108,0,0,0,3,0,9,13,16,18,11,8,9,85,82,10,170,1121,566,776,294,60,27,24,22,147,3289,6,0,7,32,8,16,6,0,0,6,0,537,612,112,18,260,1400,844,1741,1885,1417,817,953,345,838,10623,7,3,8,12,6,78,363,484,398,621,424,293,2696,0,0,7,14,19,91,136,80,42,37,17,38,478,4,7,8,25,43,324,1231,964,679,894,227,341,4744,0,3,0,3,3,46,164,134,111,137,52,66,717,8,12,15,50,107
20804,4,0,0,0,7,22,155,207,151,222,194,12,975,0,0,0,16,13,43,40,22,16,22,17,0,190,0,0,0,6,7,59,125,61,56,82,38,3,430,0,0,0,0,0,9,18,13,15,15,10,0,82,7,0,0,4,29,74,80,26,77,40,32,8,382,0,7,8,29,36,47,49,27,15,28,15,11,280,0,0,0,0,0,4,9,3,6,6,0,0,39,0,0,0,0,0,0,6,5,0,5,6,3,28,38,4,46,209,94,150,159,45,30,44,35,35,885,0,0,6,4,0,6,5,0,4,0,0,197,221,53,11,69,270,184,417,644,412,363,461,350,283,3503,0,3,0,7,3,11,62,84,78,200,402,89,938,0,0,0,0,3,12,20,19,14,24,24,17,140,5,0,0,3,9,50,169,174,242,581,311,149,1699,0,0,3,0,5,5,16,19,36,53,61,19,213,4,0,5,7,15
20901,7,0,3,10,8,106,537,768,402,605,269,47,2769,0,0,14,28,36,130,112,49,23,24,7,5,423,0,0,8,12,29,192,467,278,125,194,39,32,1376,0,0,0,9,13,18,77,42,23,43,13,13,250,0,0,14,25,100,278,320,71,143,58,16,45,1064,5,3,45,121,114,223,152,39,24,23,3,16,776,5,0,3,13,7,35,29,4,14,10,0,11,128,0,0,0,0,4,13,24,21,19,12,6,3,102,110,16,223,1185,599,937,365,89,42,33,16,141,3763,3,0,6,39,14,18,11,3,0,0,0,555,650,142,20,317,1430,925,1944,2097,1379,808,1001,381,861,11310,3,0,3,11,8,53,301,470,376,622,556,291,2695,0,0,5,17,16,107,149,83,47,77,18,60,581,3,0,9,21,34,327,1187,1009,733,1107,376,359,5172,0,0,0,4,9,51,170,153,126,182,74,74,839,3,3,11,40,108
20902,7,0,5,8,11,96,438,513,232,344,115,23,1795,0,0,12,40,45,107,58,28,3,4,0,4,304,0,0,3,12,22,203,305,129,64,70,13,14,834,0,0,5,4,3,22,49,49,19,15,7,6,178,4,4,11,47,117,281,207,39,43,14,0,24,797,0,8,59,93,72,105,39,0,5,0,0,14,404,5,0,5,11,8,15,18,4,0,0,0,8,74,0,0,0,0,3,18,14,11,10,3,0,9,70,164,21,271,1416,359,414,88,28,9,5,6,139,2920,5,0,9,48,12,16,8,0,0,0,0,429,523,198,35,373,1686,656,1273,1214,796,378,459,146,670,7894,9,0,12,8,11,64,290,299,200,283,155,125,1443,3,0,8,15,29,97,100,42,21,19,9,25,373,6,3,9,18,38,271,704,440,273,371,79,148,2361,0,0,3,3,10,39,111,89,67,74,25,37,455,10,10,31,67,131
20903,3,0,7,0,9,43,207,312,157,248,116,28,1134,0,0,8,18,16,65,97,30,15,24,7,4,285,5,0,9,7,18,116,259,168,87,148,32,9,852,0,0,0,0,3,20,37,28,10,23,12,14,155,0,0,3,8,39,115,174,35,124,28,14,31,570,0,3,18,52,54,124,92,30,12,15,10,5,408,0,0,5,4,7,14,9,0,7,4,0,0,52,0,0,0,0,3,5,8,11,6,4,9,6,51,35,0,67,332,237,373,207,29,23,17,9,43,1380,3,0,0,3,6,8,0,0,0,0,0,247,269,46,0,115,436,388,886,1090,642,439,516,204,396,5153,4,0,3,8,7,41,171,282,294,498,409,232,1953,0,0,5,5,12,50,103,61,33,40,23,35,378,4,0,4,17,24,204,876,830,588,917,275,343,4082,0,0,0,5,0,25,79,86,62,112,43,61,479,5,4,5,23,42
20904,10,0,3,11,21,192,1184,1162,436,375,96,67,3554,3,0,13,33,43,127,89,28,6,9,7,13,371,3,0,5,23,45,356,662,245,80,95,21,38,1566,3,0,0,4,8,58,118,82,22,24,6,24,344,11,3,15,101,232,514,381,55,101,33,7,66,1517,8,14,86,156,102,174,61,15,14,8,0,27,655,6,3,15,22,19,36,40,5,8,0,0,12,163,0,0,5,4,3,11,39,25,3,6,6,11,108,245,27,367,2459,623,692,156,16,11,7,16,197,4822,8,0,10,51,17,22,11,7,4,0,0,575,704,297,44,519,2859,1113,2178,2748,1629,683,560,155,1031,13812,24,6,10,12,20,173,1083,1066,587,709,329,446,4463,4,0,11,30,48,153,193,76,39,44,7,63,676,17,9,24,42,73,768,2282,1270,639,666,172,493,6457,4,0,4,11,14,119,343,237,98,118,35,106,1084,25,11,36,169,381
21001,3,0,3,8,5,38,230,290,171,208,84,21,1061,0,0,3,7,21,41,41,15,8,5,4,5,157,4,0,0,7,13,90,177,77,49,68,7,14,519,0,0,0,3,0,19,27,16,9,14,4,9,108,0,0,3,19,51,133,119,26,46,17,6,27,444,0,4,26,61,53,87,59,7,10,0,0,13,322,0,3,0,12,9,14,11,0,4,0,0,3,58,0,0,0,3,6,0,9,12,4,11,0,3,55,61,11,164,1082,423,476,129,32,10,6,5,125,2517,6,0,7,33,10,12,7,0,5,0,0,276,351,79,19,211,1237,587,925,810,477,313,331,117,482,5588,0,0,0,5,6,49,199,249,198,373,257,142,1473,0,0,0,8,11,35,58,33,25,32,7,26,234,7,6,9,12,26,173,533,432,287,427,157,154,2218,3,0,0,3,0,23,71,53,51,75,32,53,362,5,0,4,36,58
21002,6,0,9,3,3,29,133,166,78,104,43,14,593,0,0,10,12,10,29,22,11,10,11,4,0,124,3,0,0,3,7,66,136,75,39,43,8,12,396,0,0,0,0,0,10,26,12,10,15,6,0,82,3,0,4,14,30,67,94,22,61,17,0,6,309,0,0,10,34,28,56,26,6,13,4,0,6,182,0,0,0,9,3,12,4,3,0,0,0,7,44,0,0,0,0,0,4,6,0,0,0,4,0,21,15,5,53,221,125,204,72,25,8,9,4,18,762,0,0,0,4,0,3,0,0,0,0,0,142,152,31,5,76,307,210,480,534,325,230,200,77,207,2686,5,0,7,4,4,21,81,158,95,168,100,89,727,0,0,0,7,7,27,42,14,14,8,4,12,144,6,0,0,3,18,105,404,257,194,240,42,130,1394,0,0,0,0,4,10,52,46,24,33,15,29,212,0,0,0,16,19
21003,5,0,9,3,8,67,353,439,206,256,81,25,1449,4,0,3,28,32,57,40,6,0,9,7,0,182,3,0,0,10,16,136,229,109,30,57,6,6,615,0,0,3,0,0,24,27,34,7,22,6,9,137,3,0,9,32,65,183,133,26,28,16,0,22,520,3,0,39,64,35,77,32,3,5,0,0,13,277,6,0,3,9,6,12,10,0,6,4,0,7,66,0,0,0,0,0,10,17,3,6,6,4,3,50,80,12,210,1225,358,427,113,22,10,4,5,116,2576,9,0,15,29,15,14,5,0,0,0,0,338,422,114,15,279,1402,538,1004,963,651,297,369,113,542,6290,8,0,6,4,3,57,215,248,159,212,93,89,1098,5,0,9,19,16,68,68,26,8,7,3,18,248,7,7,4,17,37,210,579,375,194,264,49,109,1843,0,0,0,4,11,22,90,68,47,63,19,24,353,3,5,21,73,124
21004,8,0,0,6,0,39,249,285,118,126,34,16,875,0,0,0,6,9,21,25,15,9,8,3,5,91,0,0,4,3,10,87,184,102,39,31,8,10,473,0,0,0,0,0,7,34,17,11,8,0,3,89,3,0,0,12,37,97,118,15,52,12,0,14,362,0,0,11,27,27,60,23,8,3,3,0,7,163,0,0,0,9,10,7,13,0,5,0,0,0,38,0,0,0,0,3,7,3,3,3,0,0,0,31,28,0,51,340,173,217,51,14,8,3,3,27,914,0,0,0,9,3,5,3,0,3,0,0,166,189,32,5,67,404,276,546,699,461,246,190,43,250,3226,5,0,0,0,3,19,178,219,166,237,112,98,1032,0,0,0,3,5,31,41,21,12,9,6,12,141,5,4,3,4,15,141,593,346,201,253,57,132,1758,0,0,0,0,3,17,67,67,48,28,11,31,280,5,7,9,18,28
21005,11,0,3,10,5,125,688,593,225,204,47,43,1957,3,0,6,25,37,77,50,20,6,3,5,0,230,6,0,4,12,28,230,367,127,35,50,11,26,900,0,0,0,7,5,38,66,47,20,14,4,13,203,10,0,12,75,173,354,283,32,53,22,0,41,1059,4,3,50,121,78,121,47,7,3,9,0,15,461,0,0,11,12,20,36,15,3,5,0,0,11,111,4,0,5,3,0,13,16,12,12,9,6,10,76,139,19,277,1500,373,412,110,14,8,8,7,118,2984,7,0,7,51,10,23,8,0,4,0,0,443,556,183,32,381,1820,727,1425,1649,848,364,305,83,712,8537,16,10,10,13,19,131,790,727,431,445,245,291,3117,7,0,8,27,30,138,122,51,21,26,4,57,494,8,3,13,34,62,482,1306,687,350,362,96,270,3670,6,0,0,10,20,95,200,140,62,66,21,79,706,20,20,57,169,305
21101,10,0,3,3,17,160,934,1055,492,563,142,57,3443,5,0,11,52,43,186,135,38,7,13,3,5,502,9,0,13,18,48,340,723,325,133,170,13,34,1825,0,0,5,3,4,52,87,66,33,25,8,12,301,10,0,15,54,156,442,469,69,183,29,9,57,1500,6,13,54,180,131,225,105,24,18,7,0,25,784,4,0,4,19,13,44,24,0,14,0,0,16,147,0,0,0,0,5,14,34,21,8,16,6,7,116,160,14,264,1523,707,949,296,47,26,11,18,155,4164,0,0,11,30,15,14,6,0,0,0,0,603,688,207,25,378,1886,1133,2417,2815,1651,915,844,213,982,13455,8,5,9,11,19,144,742,852,632,948,586,464,4422,0,0,13,25,25,125,185,97,44,47,20,80,659,9,5,17,36,75,582,2222,1297,844,1072,310,575,7032,0,0,3,11,12,69,243,168,132,129,50,94,910,11,10,21,80,161
21102,0,0,0,0,0,18,74,89,69,105,56,8,421,0,0,3,4,5,27,26,10,6,8,10,0,107,3,0,0,6,3,51,92,43,30,54,24,4,317,0,0,0,0,5,8,23,7,5,4,6,0,59,0,0,4,5,10,39,62,17,57,13,7,4,223,0,0,8,20,21,55,45,15,17,6,6,7,205,0,0,0,0,3,10,10,8,4,0,0,5,36,0,0,0,0,0,3,0,5,4,9,0,3,18,21,8,30,192,108,190,104,28,12,22,15,34,763,0,0,0,0,5,3,3,0,0,0,0,103,119,29,6,49,235,162,416,427,219,203,225,123,176,2273,7,0,0,4,0,14,78,111,92,199,217,85,810,0,0,3,3,0,23,26,13,18,25,16,22,144,0,0,0,7,8,64,258,225,251,384,161,135,1501,0,0,0,3,3,4,23,22,12,29,26,20,142,3,3,3,9,22
21103,10,0,4,8,9,93,625,813,356,423,138,45,2524,4,0,5,29,27,108,97,34,7,24,4,8,355,0,0,6,13,31,233,479,262,123,142,21,31,1356,0,0,7,5,0,21,58,56,12,25,9,6,210,4,0,11,31,102,277,277,49,124,39,10,27,956,0,3,36,119,102,205,85,19,18,10,0,18,621,0,0,0,17,16,21,27,9,11,0,0,9,110,0,0,0,0,0,13,30,17,0,7,0,9,92,77,9,160,944,533,828,242,32,24,14,10,118,3003,4,0,4,31,8,11,7,4,0,0,0,468,543,105,14,231,1199,841,1818,1933,1287,685,691,200,754,9760,3,0,3,0,9,56,373,448,327,520,349,257,2355,0,3,3,9,25,91,166,64,35,23,16,36,473,5,6,13,24,38,382,1410,987,595,727,207,376,4762,0,0,0,3,4,67,188,146,102,90,35,62,704,0,0,15,40,103
21104,4,0,0,6,10,60,219,329,188,284,135,10,1244,0,0,11,21,26,85,53,18,10,9,3,0,233,6,0,4,9,16,127,240,125,64,84,15,8,696,0,0,0,0,0,19,16,28,11,11,5,7,95,0,0,5,14,47,129,144,35,86,28,7,17,505,0,0,28,65,60,127,78,22,13,3,5,4,407,0,0,6,11,7,14,15,0,5,3,0,0,63,0,0,0,0,0,3,19,6,4,8,0,0,36,98,6,114,661,343,571,209,41,17,10,4,63,2149,0,0,0,19,6,4,0,0,0,0,0,274,305,112,16,166,808,523,1146,991,600,383,435,177,386,5743,0,0,4,7,7,44,197,260,174,365,236,127,1427,0,0,9,11,12,55,105,51,18,28,12,17,320,3,3,4,10,29,170,593,479,366,488,129,157,2428,0,0,0,4,3,24,72,58,50,88,23,22,353,7,3,11,35,58
21105,16,3,5,21,23,210,917,969,377,407,112,68,3128,4,0,19,54,62,214,186,42,27,21,14,15,652,6,0,8,47,54,363,818,396,156,170,39,62,2107,0,0,0,11,13,66,111,98,27,30,5,24,388,6,4,18,57,137,437,472,81,171,34,14,66,1495,7,13,51,230,185,274,152,38,32,18,15,27,1038,0,3,7,22,20,57,36,9,14,0,0,10,183,5,0,7,3,6,18,35,36,17,10,0,17,148,81,22,233,1423,717,917,282,50,35,21,23,146,3949,7,0,10,47,10,18,6,3,0,0,0,699,801,135,37,362,1921,1228,2565,2996,1716,851,722,225,1139,13891,7,6,3,15,23,118,572,656,505,593,329,467,3291,5,5,0,31,39,194,257,100,49,50,26,97,845,10,3,17,46,65,726,2302,1275,746,817,245,635,6883,3,0,3,7,18,106,266,179,114,124,29,115,973,16,5,22,67,156
21201,7,0,9,11,17,115,647,570,188,200,47,48,1859,9,0,10,31,24,78,55,8,13,6,6,5,243,4,0,6,17,33,205,434,186,61,62,15,20,1047,0,0,3,5,4,27,53,41,9,12,8,11,175,9,4,10,36,89,225,215,34,76,21,5,32,756,6,4,21,90,65,113,44,12,7,0,0,15,385,0,0,0,11,14,27,13,7,3,0,0,6,92,0,0,0,3,0,3,23,12,4,7,0,16,70,64,3,128,753,337,377,92,30,10,8,7,85,1886,0,0,3,16,9,10,4,0,0,0,0,321,371,93,14,188,972,593,1177,1586,901,369,324,94,563,6874,7,0,11,8,9,87,389,427,286,300,162,233,1932,0,0,6,9,13,67,109,52,8,16,9,27,320,4,7,6,22,54,401,1294,664,351,315,86,245,3455,0,0,5,5,10,53,157,78,44,54,11,48,461,4,0,10,28,109
21202,14,0,8,9,18,135,748,776,277,272,93,56,2405,4,0,6,28,33,99,93,32,5,5,5,3,319,5,0,3,13,31,273,515,222,83,92,14,32,1280,0,0,5,8,11,38,73,40,18,19,8,10,231,9,0,13,52,160,391,331,41,112,24,8,48,1175,8,10,51,122,78,135,62,5,16,3,3,15,517,0,0,4,13,25,35,27,0,10,0,0,11,127,0,0,0,0,8,15,28,25,0,5,5,12,97,122,13,193,1311,473,592,159,34,16,12,20,131,3066,3,0,13,59,12,15,9,8,3,0,0,430,549,159,22,287,1605,841,1720,2047,1184,540,448,148,748,9762,16,5,11,3,15,151,759,827,493,663,377,361,3678,0,0,7,20,30,120,148,72,36,40,14,55,530,6,3,17,25,49,524,1706,1067,580,676,195,370,5212,0,0,0,4,11,81,197,160,79,82,32,80,732,11,6,30,123,263
21203,14,0,4,3,8,177,1097,960,326,285,55,74,3006,0,0,6,27,31,105,68,39,13,5,0,6,302,8,0,6,15,39,295,558,222,64,59,11,49,1328,0,0,5,7,5,33,89,44,29,14,5,15,252,13,0,10,59,186,503,290,48,70,7,0,50,1240,4,11,39,125,79,120,59,7,8,3,0,19,467,0,0,4,13,17,30,29,3,0,5,0,11,118,0,0,0,5,0,15,31,30,10,11,0,18,114,134,8,160,1030,330,380,93,16,3,0,3,99,2264,4,0,4,30,13,18,16,5,0,0,0,423,519,176,20,239,1326,706,1677,2329,1370,534,391,91,764,9617,12,10,7,12,14,190,1142,1027,516,565,172,347,4011,3,4,0,32,28,130,162,51,26,22,5,42,504,6,4,11,27,59,689,1987,988,413,428,79,377,5064,0,0,3,5,19,108,279,199,63,64,16,74,830,26,13,39,136,331
21204,8,0,6,9,18,228,899,639,248,223,73,39,2399,14,0,21,115,78,213,123,26,4,11,0,11,617,13,0,9,30,60,426,535,165,55,41,12,32,1378,6,0,3,11,15,58,73,52,11,17,5,10,271,21,7,34,161,370,641,392,44,63,11,4,74,1836,14,15,129,245,166,188,80,10,4,5,4,30,877,6,0,7,30,46,50,22,3,8,0,0,21,195,0,0,6,15,5,30,31,19,4,4,0,17,123,320,36,516,2610,774,791,179,27,13,10,15,219,5510,9,0,21,72,28,31,5,4,0,0,0,781,961,410,62,750,3297,1557,2650,2349,986,416,329,117,1246,14164,20,9,8,17,34,301,1221,811,479,476,239,341,3949,0,0,12,72,67,227,210,75,19,34,10,63,792,8,6,22,44,85,606,1238,679,290,317,80,262,3644,6,4,8,18,19,90,216,108,59,70,16,70,681,14,18,63,256,547
21205,10,0,7,10,18,148,625,717,378,665,306,56,2925,3,0,26,89,59,165,132,58,19,28,16,3,598,0,0,12,29,42,292,543,258,153,181,43,29,1584,0,0,3,15,9,36,73,49,33,32,11,16,279,5,4,16,71,192,390,377,108,251,70,20,28,1541,9,23,107,222,148,299,169,56,40,24,12,31,1132,4,0,13,24,18,47,20,11,21,11,0,27,192,0,0,0,0,4,12,28,16,4,16,4,17,104,398,31,416,2159,912,1476,578,138,61,63,29,225,6493,7,4,3,52,22,27,7,4,5,0,0,711,841,426,60,600,2678,1426,2893,2554,1408,967,1090,444,1142,15693,15,0,12,24,21,163,657,767,588,1026,884,414,4580,4,0,13,35,42,166,182,77,62,80,34,69,753,11,4,20,38,61,435,1286,1023,766,1196,404,405,5651,5,0,4,7,12,53,158,130,93,170,74,80,794,20,8,29,113,209
21301,13,0,10,4,17,188,846,731,307,311,78,43,2550,9,0,14,42,50,136,93,20,4,3,4,10,396,13,0,5,24,47,314,482,195,50,60,10,20,1200,3,0,0,11,10,57,85,58,24,17,0,13,275,22,5,20,105,265,574,394,50,91,17,3,79,1641,10,19,109,216,138,154,63,9,3,0,0,34,763,5,0,11,31,36,57,26,6,5,0,0,30,219,0,0,4,3,0,21,28,31,8,12,4,24,133,235,21,464,2684,609,639,127,16,9,5,11,209,5028,12,0,22,78,26,45,7,4,0,0,4,681,874,323,52,664,3200,1190,2196,2146,1117,504,431,109,1145,13078,18,0,11,12,19,204,986,988,533,601,323,371,4063,5,0,14,61,50,184,182,87,38,27,9,78,732,11,4,14,43,69,599,1491,819,383,465,137,344,4379,4,0,10,13,17,98,263,184,80,94,29,93,885,17,18,65,179,460
21302,5,0,0,5,12,68,372,506,277,477,276,24,2023,6,0,0,18,19,69,58,21,9,12,5,8,228,4,0,0,5,23,137,312,174,69,116,14,13,878,0,0,0,5,6,30,40,40,21,20,13,9,172,5,0,6,23,101,217,217,47,105,36,9,44,815,3,11,31,76,62,98,48,18,11,8,3,17,392,0,0,0,13,7,19,25,4,10,0,0,5,84,0,0,0,0,0,8,17,18,5,12,0,9,68,66,20,200,1016,361,410,116,19,15,9,6,124,2365,4,0,6,38,10,15,3,0,7,0,0,445,535,95,31,253,1208,599,1073,1213,845,520,697,337,691,7557,5,0,0,9,4,39,256,324,246,427,362,158,1826,0,0,3,12,8,52,85,54,28,29,18,24,318,3,5,3,15,16,207,694,519,380,638,170,210,2857,5,0,0,5,4,39,96,71,56,111,43,39,470,12,5,20,45,113
21303,9,0,7,4,14,92,406,566,329,578,309,33,2340,4,0,5,36,42,86,51,22,10,9,8,0,273,4,0,0,4,19,155,299,170,71,117,23,10,882,0,0,0,3,8,24,33,33,17,31,22,9,182,4,5,7,31,108,204,178,25,67,18,12,27,695,0,9,33,74,52,55,26,7,7,0,0,3,268,0,0,3,13,9,12,14,3,7,0,0,0,63,0,0,8,0,6,5,8,12,3,8,7,6,69,85,12,137,671,136,142,53,10,0,4,8,63,1332,5,0,6,24,3,10,4,0,4,0,0,373,436,110,26,204,876,402,790,1091,849,519,774,388,518,6540,8,0,7,6,5,70,229,248,173,269,207,96,1320,0,0,3,23,22,69,96,43,17,17,6,10,303,5,3,9,6,14,187,443,360,268,363,102,98,1856,0,0,4,4,12,21,91,69,35,86,40,20,388,4,7,15,58,118
21304,14,0,0,3,9,151,881,941,376,366,90,60,2885,0,0,6,39,23,78,53,21,11,6,4,11,249,8,0,4,8,38,273,561,241,70,89,4,21,1308,0,0,0,10,3,31,99,60,20,24,4,8,271,13,3,12,53,138,399,359,45,106,25,3,54,1212,3,3,44,115,90,121,60,8,4,8,0,18,478,3,0,3,12,15,40,26,8,7,0,0,22,144,0,0,0,4,0,15,19,28,9,3,0,8,100,123,12,162,1035,398,474,110,18,11,8,5,91,2446,3,0,5,26,14,19,8,0,0,0,0,446,515,159,19,237,1308,728,1596,2175,1373,615,529,119,739,9607,19,0,11,9,25,152,810,922,568,693,270,347,3828,6,0,8,25,36,116,165,63,31,29,14,38,533,19,3,11,39,46,539,1738,1046,499,488,100,336,4860,6,0,0,10,10,107,232,217,101,81,30,91,884,14,7,36,91,228
21305,22,0,3,3,19,177,1254,1378,605,681,230,69,4437,0,0,4,27,52,115,92,44,12,13,0,7,365,15,0,3,14,35,349,689,356,126,150,26,28,1791,0,0,0,8,5,62,117,77,46,41,7,23,385,18,4,12,68,203,604,601,81,199,48,16,66,1923,9,14,46,135,93,194,69,20,14,3,0,28,634,0,0,5,19,19,64,35,5,13,3,0,21,190,0,0,0,5,3,14,37,32,12,13,4,13,127,181,29,208,1159,435,546,150,21,13,7,3,110,2866,5,0,0,31,15,14,7,0,3,0,0,672,751,249,50,297,1475,889,2133,3046,2009,1050,944,291,1036,13477,20,8,10,10,22,176,1010,1232,723,944,464,391,5017,4,3,15,21,23,154,182,52,47,32,17,48,595,18,9,22,36,68,590,1974,1142,680,704,185,357,5773,0,3,6,7,26,106,306,244,116,110,47,92,1061,25,18,59,161,333
21401,16,0,0,14,14,168,956,943,318,377,84,65,2959,0,0,6,38,40,151,92,37,11,11,4,7,406,9,0,11,18,38,334,636,308,108,111,15,45,1634,0,0,4,0,6,53,108,75,33,31,3,15,331,3,0,14,46,129,416,390,48,114,18,0,49,1244,3,8,31,154,126,211,85,27,12,5,0,18,676,5,3,6,18,22,41,28,10,9,0,0,15,149,0,0,0,0,4,13,36,29,7,12,3,14,116,72,9,177,1417,629,755,221,53,16,19,12,144,3530,0,0,6,30,7,21,12,4,0,0,0,582,665,113,25,259,1735,1020,2171,2558,1540,635,589,127,957,11714,4,4,5,11,12,103,586,589,385,480,216,321,2707,0,0,4,19,24,100,146,62,36,41,9,51,489,3,0,10,23,47,491,1630,928,461,533,120,390,4638,0,0,0,3,12,86,212,139,80,87,26,66,720,4,6,13,57,184
21402,12,0,7,17,20,145,686,708,267,379,139,59,2436,4,0,20,43,94,238,214,58,33,44,32,20,810,5,0,0,22,64,365,742,334,136,200,60,46,1976,0,0,0,13,7,56,111,55,28,39,14,13,345,11,0,22,57,110,410,398,74,177,48,24,57,1384,10,8,51,250,200,363,216,48,50,28,20,33,1289,6,0,3,17,19,58,35,6,19,3,9,14,182,0,0,4,7,4,33,40,26,15,20,8,14,172,142,17,322,2279,1231,1739,684,181,98,82,86,260,7107,0,5,10,44,18,31,13,3,0,0,0,903,1029,185,35,440,2750,1762,3440,3138,1492,828,837,386,1424,16722,9,0,10,14,18,97,477,507,374,550,281,332,2665,0,0,0,24,32,164,204,101,39,43,25,81,711,4,6,13,26,66,562,1747,1006,692,761,196,555,5626,4,9,0,3,6,71,207,137,83,80,36,93,736,6,3,16,48,146
21501,9,0,32,35,63,229,527,313,96,110,28,41,1478,0,0,22,40,39,104,78,24,8,13,7,7,332,15,0,4,43,48,310,353,143,58,52,19,17,1079,0,0,3,12,11,40,58,24,11,3,5,8,172,3,0,16,46,96,173,149,23,40,8,3,31,599,3,0,28,123,109,139,59,6,0,5,3,14,490,0,0,11,16,18,20,14,6,4,3,0,3,89,0,0,3,7,3,18,22,13,9,0,0,5,81,42,3,122,1144,412,536,119,26,15,15,6,126,2563,3,0,11,34,10,15,11,0,0,0,0,415,500,81,13,253,1504,812,1586,1382,580,238,207,77,663,7384,9,6,16,17,28,108,362,233,125,115,45,167,1227,0,0,8,17,16,74,59,16,9,6,4,20,226,6,3,21,31,62,370,780,324,122,125,30,176,2049,0,0,0,5,7,52,98,57,15,21,11,31,299,6,4,14,50,113
21502,12,0,5,23,35,131,412,257,78,105,39,12,1127,0,0,3,23,19,70,40,18,7,5,0,10,190,5,0,9,17,44,203,289,86,27,26,11,20,728,0,0,0,3,9,27,50,14,6,8,0,7,135,0,0,8,26,69,155,119,18,15,0,0,19,434,0,0,25,97,59,79,33,5,4,0,0,10,325,0,0,4,11,8,21,17,0,4,0,0,6,66,4,0,3,0,3,9,13,8,4,4,5,12,68,40,9,133,873,289,370,91,20,4,4,8,94,1930,0,0,10,26,11,8,8,0,0,0,0,338,394,72,12,197,1095,543,1081,1069,428,152,164,64,522,5393,7,0,6,17,20,79,319,241,130,136,43,124,1124,0,0,7,13,4,51,43,19,5,6,3,16,161,3,0,12,25,29,297,670,264,96,99,23,140,1651,0,0,5,3,3,33,76,43,21,14,3,27,226,6,5,17,33,58
21503,19,6,19,26,33,179,296,181,38,43,15,16,877,4,0,9,19,29,59,41,9,0,5,0,8,185,5,0,12,32,46,207,236,69,23,23,6,12,667,4,0,0,8,7,29,37,15,7,0,0,4,119,5,0,14,40,71,116,68,19,12,3,3,14,364,0,0,31,66,49,78,23,10,3,3,0,12,264,0,0,4,14,16,21,7,0,0,0,0,8,75,0,0,0,4,4,14,16,4,0,3,0,10,53,42,0,96,744,219,260,72,7,4,9,8,83,1546,0,0,8,17,5,4,0,0,0,0,0,266,302,80,6,191,975,472,961,807,306,92,88,34,425,4440,8,0,7,21,23,84,255,158,75,63,37,122,852,0,0,5,7,7,46,22,5,7,0,0,16,121,7,3,18,24,55,258,439,149,55,67,22,118,1208,0,0,0,7,10,32,55,20,6,12,3,25,169,3,10,18,41,85
21601,12,0,14,26,21,114,273,175,63,54,26,16,782,0,0,7,24,25,63,41,9,0,0,0,6,179,9,0,5,14,29,171,246,92,28,27,5,22,655,0,0,3,5,4,27,36,18,5,13,0,9,121,0,3,5,23,57,113,67,10,14,5,0,15,311,0,0,23,78,60,74,36,8,3,0,0,18,292,5,0,3,14,3,22,13,0,0,0,0,3,68,0,0,0,4,3,14,21,10,0,4,0,7,59,41,9,97,682,269,327,79,16,11,10,3,71,1610,4,0,5,25,5,8,0,0,0,0,0,227,268,72,14,157,896,474,927,815,333,127,109,44,388,4357,6,0,10,20,16,71,245,141,97,75,41,106,831,0,0,5,0,6,31,43,13,3,6,3,12,129,0,0,6,13,37,232,507,203,89,92,17,120,1328,0,0,3,3,5,35,56,42,17,18,9,20,205,0,0,4,22,43
21602,14,0,14,18,14,87,225,130,46,36,15,14,603,4,0,3,22,23,47,25,3,0,0,0,3,138,4,0,9,17,24,151,183,53,18,27,4,9,501,0,0,0,9,5,11,24,12,4,6,0,0,72,4,0,3,24,35,96,48,12,6,4,0,15,255,5,6,18,60,38,51,13,0,0,0,0,0,188,0,0,3,9,4,10,6,0,0,0,0,3,42,0,0,0,5,4,7,5,6,0,0,0,9,41,29,4,86,629,247,289,72,9,3,3,4,72,1452,0,0,3,17,5,9,0,4,0,0,0,206,245,61,10,143,799,403,760,612,223,84,75,24,335,3538,10,5,3,14,16,61,184,111,61,55,20,82,620,0,0,4,5,10,23,17,10,0,3,0,18,80,3,6,6,27,28,163,347,151,55,41,23,99,943,0,0,3,5,4,27,39,34,0,7,0,21,136,7,0,3,20,36
21603,11,0,15,21,28,142,492,320,100,116,40,38,1323,0,0,7,29,32,89,68,18,3,4,6,3,267,0,0,9,17,46,210,331,133,38,67,21,22,896,0,0,0,8,13,40,50,32,4,16,0,9,173,4,3,12,25,75,177,125,13,44,13,3,27,518,3,0,15,93,71,89,46,10,7,5,0,13,355,0,0,5,11,16,26,10,3,0,3,0,6,78,0,0,0,4,8,9,25,7,0,13,0,6,77,40,3,109,810,301,394,107,22,16,10,4,82,1911,6,0,3,17,6,14,0,0,0,0,0,326,373,70,9,184,1049,579,1189,1259,572,214,250,81,523,5969,9,0,9,20,22,110,381,264,164,180,65,153,1383,0,0,0,6,10,72,55,25,10,6,6,20,225,0,0,8,28,44,371,772,408,165,163,45,186,2187,0,5,0,3,10,42,100,59,20,37,4,26,304,6,7,20,40,82
21701,3,0,12,19,24,100,290,179,71,76,35,17,821,0,0,3,34,26,80,46,12,6,5,0,4,215,4,0,9,23,28,170,254,104,38,44,7,15,690,0,0,3,6,6,26,35,24,11,4,3,5,130,0,0,6,26,57,111,105,19,24,5,0,14,378,0,0,17,71,53,70,29,6,0,9,0,7,266,3,0,3,7,8,14,19,4,3,3,0,5,58,0,0,4,6,0,14,19,4,6,4,5,7,66,32,4,98,636,239,269,73,16,8,3,3,61,1435,0,0,8,18,8,3,0,3,0,0,0,239,282,50,4,151,838,445,855,875,360,161,162,56,369,4337,0,3,0,11,11,57,184,117,81,99,32,88,692,0,0,0,13,10,36,59,13,8,7,3,17,168,6,3,10,11,23,200,463,217,101,124,28,117,1298,0,0,0,5,4,45,77,26,16,26,7,21,223,0,0,4,25,62
21703,14,0,12,22,35,101,326,149,56,60,27,31,829,0,0,6,28,28,90,41,22,3,5,4,9,235,5,0,9,30,28,197,232,74,19,32,13,18,661,0,0,0,6,6,31,43,23,7,3,3,5,130,3,0,13,16,45,99,69,13,17,3,0,14,306,0,3,18,84,57,73,42,4,0,0,0,11,296,0,0,3,5,11,14,3,0,0,4,0,5,48,0,0,3,3,4,5,13,8,0,3,0,11,54,22,7,71,541,231,273,84,18,7,5,13,78,1351,0,0,0,12,6,10,3,3,0,0,0,227,267,55,13,132,754,456,893,867,313,116,120,64,394,4175,3,0,12,16,20,80,238,170,76,68,62,122,870,0,0,5,12,11,42,43,5,14,0,0,23,157,8,3,15,24,27,257,536,208,92,79,22,134,1403,0,0,0,5,9,32,60,30,10,9,0,17,173,7,3,5,24,45
21704,10,0,18,7,24,118,381,272,95,105,50,32,1104,3,0,8,35,26,80,57,22,0,6,7,4,250,6,0,3,20,35,173,311,102,40,53,15,18,785,0,0,0,4,4,33,50,13,3,12,0,4,125,0,0,8,28,66,119,118,15,17,6,0,18,398,0,0,23,86,67,108,32,6,6,5,6,6,353,0,0,3,7,10,7,17,0,0,0,0,7,59,3,0,3,3,8,6,24,8,0,5,6,12,72,28,3,74,586,264,339,120,14,11,10,4,67,1527,4,0,11,16,8,11,0,0,0,0,0,306,369,54,8,138,796,514,1001,1108,462,193,202,93,478,5048,4,0,7,11,15,61,236,213,138,135,76,110,1000,0,0,4,9,10,51,61,22,6,9,3,17,197,9,4,11,17,29,273,724,369,163,163,39,149,1953,0,0,3,3,10,35,108,37,23,28,6,23,287,3,4,3,33,53
29797,0,0,0,0,0,0,0,0,0,0,0,0,0,0,0,0,0,0,0,0,0,0,0,0,0,0,0,0,0,0,0,0,0,0,0,0,0,0,0,0,0,0,0,0,0,0,0,0,0,0,0,0,0,0,0,0,0,0,0,0,0,0,0,0,0,0,0,0,0,0,0,0,0,0,0,0,0,0,0,0,0,0,0,0,0,0,0,0,0,0,0,0,0,0,0,0,0,0,0,0,0,0,0,0,0,0,0,0,0,0,0,0,0,0,0,0,0,0,0,0,0,0,0,0,0,0,0,0,0,0,0,0,0,0,0,0,0,0,0,0,0,0,0,0,0,0,0,0,0,0,0,0,0,0,0,0,0,0,0,0,0,0,0,0,0,0,0,0,0,0,0,0,0,0,0,0,0,0,0,0,0,0,0,0,0,0,0,0,0,0,0,0,0,0,0,0,0,0,0,0
29999,0,0,0,0,0,0,0,0,0,0,0,0,0,0,0,0,0,0,0,0,0,0,0,0,0,0,0,0,0,0,0,0,0,0,0,0,0,0,0,0,0,0,0,0,0,0,0,0,0,0,0,0,0,0,0,0,0,0,0,0,0,0,0,0,0,0,0,0,0,0,0,0,0,0,0,0,0,0,0,0,0,0,0,0,0,0,0,0,0,0,0,0,0,0,0,0,0,0,0,0,0,0,0,0,0,0,0,0,0,0,0,0,0,0,0,0,0,0,0,0,0,0,0,0,0,0,0,0,0,0,0,0,0,0,0,0,0,0,0,0,0,0,0,0,0,0,0,0,0,0,0,0,0,0,0,0,0,0,0,0,0,0,0,0,0,0,0,0,0,0,0,0,0,0,0,0,0,0,0,0,0,0,0,0,0,0,0,0,0,0,0,0,0,0,0,0,0,0,0,0
30101,4,0,4,4,8,85,517,544,226,284,91,16,1795,0,0,8,15,24,80,69,22,3,16,3,0,247,0,0,0,8,11,158,365,204,77,91,21,12,949,0,0,0,10,0,25,56,34,18,19,3,13,185,0,0,4,26,62,219,235,48,106,29,5,23,760,4,0,27,87,66,101,57,14,5,5,0,15,389,4,0,0,4,13,22,26,7,10,0,0,3,87,5,0,0,3,4,6,17,12,5,9,0,3,54,43,9,118,763,357,453,138,21,8,14,12,64,1995,4,0,6,7,5,8,3,0,0,0,0,353,385,65,5,172,931,540,1155,1479,905,466,466,144,518,6853,4,7,0,4,12,45,383,552,351,502,285,173,2314,0,0,0,8,6,66,89,53,16,25,0,28,289,9,0,10,8,21,217,958,614,409,488,142,201,3061,3,0,3,6,5,27,109,97,67,80,25,53,470,5,0,6,12,48
30102,3,0,9,7,15,84,451,489,205,309,126,36,1729,4,0,8,19,29,94,88,32,8,17,7,6,311,0,0,0,12,23,178,386,200,108,110,25,22,1051,4,0,0,5,7,21,45,35,23,18,9,12,173,3,0,6,25,53,204,254,46,110,36,19,27,783,5,3,28,106,99,168,89,15,23,8,0,5,543,3,0,4,8,16,17,20,3,8,3,0,13,97,0,0,0,0,0,9,20,12,3,8,3,13,76,89,15,168,1182,574,782,297,49,29,23,20,125,3359,3,0,5,24,17,13,6,0,0,0,0,509,581,116,21,229,1398,824,1564,1654,885,517,537,209,760,8710,3,3,3,7,9,48,361,488,337,510,297,221,2285,0,0,0,9,11,48,102,50,22,27,23,38,332,5,3,7,12,18,212,876,598,422,517,150,206,3019,0,0,0,3,0,36,117,83,57,83,35,39,451,3,0,10,25,54
30103,4,0,3,0,9,51,459,548,271,422,160,31,1962,0,0,6,12,13,54,52,16,4,15,4,0,181,0,0,3,9,12,131,308,162,77,100,31,9,844,0,0,0,4,5,19,52,42,25,16,14,5,188,6,0,0,27,51,156,218,46,110,33,9,24,675,4,0,22,60,43,70,40,11,13,3,0,10,275,0,0,5,8,8,9,11,6,3,0,0,3,60,0,0,0,0,0,10,22,10,4,16,0,5,68,39,9,81,664,304,416,127,23,9,13,9,63,1745,3,0,5,11,8,6,7,0,0,0,0,347,384,51,11,120,794,446,921,1302,866,516,623,224,509,6384,5,0,4,3,9,48,311,455,319,481,265,134,2028,6,0,0,5,10,54,62,38,28,24,9,22,238,3,5,4,4,10,147,649,540,372,527,111,110,2486,4,0,0,0,9,29,102,95,76,104,37,40,494,3,3,4,5,53
30201,0,0,0,0,8,39,253,283,149,206,87,15,1040,0,0,8,8,14,45,41,21,9,7,5,5,151,0,0,3,0,9,65,140,112,50,66,16,10,480,0,0,0,4,4,19,31,32,15,14,8,3,127,0,0,0,8,25,100,143,42,78,20,4,8,433,0,0,18,46,31,70,42,14,5,7,3,8,246,0,0,0,0,4,14,14,5,0,0,0,0,44,0,0,0,5,0,3,14,6,4,9,0,6,41,23,0,54,371,230,372,150,37,12,13,16,35,1320,3,0,0,0,4,3,0,0,0,0,0,219,231,30,3,81,445,322,731,822,556,330,337,146,310,4118,3,0,0,0,3,15,153,187,176,284,270,105,1206,0,0,0,4,4,14,51,28,21,28,3,13,161,4,0,6,5,3,91,359,317,274,364,104,79,1604,0,0,0,0,0,15,58,65,37,67,21,19,280,4,3,3,6,19
30202,3,0,0,4,8,61,426,557,326,506,183,14,2089,0,0,3,21,19,73,66,28,9,13,5,7,247,0,0,6,3,14,131,290,180,82,99,22,15,840,5,0,0,8,6,26,46,49,20,27,10,5,196,4,0,6,21,49,169,206,41,97,26,4,14,641,0,0,24,50,52,93,49,11,13,3,3,6,299,0,0,0,6,5,19,12,5,6,5,0,4,73,0,0,0,0,5,0,17,13,8,10,7,0,67,41,3,97,632,351,514,179,49,19,16,16,76,1984,3,0,3,10,0,12,3,0,0,0,0,402,439,60,8,138,738,517,1108,1300,938,577,716,247,549,6890,0,0,0,3,7,29,196,302,233,397,259,119,1556,0,0,0,6,3,44,60,41,27,24,8,25,235,6,0,5,8,15,111,526,491,357,481,136,128,2252,0,0,0,4,4,25,93,96,60,127,36,24,465,0,8,3,20,59
30203,3,0,0,3,4,46,275,332,189,266,87,14,1218,0,0,0,7,25,54,29,8,6,9,3,0,140,0,0,0,0,8,91,197,103,39,61,13,5,510,0,0,0,7,4,6,25,21,14,19,4,5,111,0,0,0,19,40,100,111,24,34,18,6,10,359,0,0,17,35,31,51,16,5,6,8,0,5,175,0,0,0,8,8,10,10,6,9,4,0,3,55,0,0,0,0,0,9,7,7,3,10,3,3,41,25,3,39,297,127,146,56,7,0,3,4,34,748,0,0,0,13,5,3,0,0,0,0,0,218,235,31,8,65,383,250,499,733,508,310,386,116,294,3594,3,0,0,0,3,18,128,160,132,193,96,58,791,0,0,0,8,8,28,32,18,11,8,4,8,128,3,0,4,3,8,90,284,219,131,184,44,65,1034,0,0,0,0,3,7,26,45,32,56,10,14,202,0,5,0,12,37
30204,5,0,0,4,4,55,436,450,205,267,85,16,1520,0,0,0,17,16,55,40,24,7,3,0,3,164,0,0,0,8,20,122,285,157,57,63,7,14,730,0,0,0,8,6,21,42,39,16,19,5,6,162,0,0,3,21,57,148,174,36,52,21,9,14,541,0,5,19,64,44,79,31,3,4,5,0,5,257,0,0,0,4,7,15,14,0,4,0,0,3,46,0,0,5,0,0,8,11,4,5,0,0,8,41,33,0,77,631,289,348,96,7,3,9,5,61,1554,0,0,0,17,8,12,4,0,0,0,0,338,384,39,11,108,778,457,856,1127,725,353,380,108,456,5401,3,0,0,0,8,36,282,315,212,287,133,109,1384,0,0,6,9,4,36,72,31,14,23,8,18,217,0,5,0,8,10,148,558,417,224,273,50,74,1768,0,0,0,0,3,27,85,68,53,66,13,23,342,3,0,7,13,48
30301,0,0,7,4,6,38,253,343,203,382,186,18,1431,0,0,4,4,16,47,30,28,3,7,3,0,145,0,0,0,0,14,78,184,134,70,109,33,7,626,4,0,0,0,4,7,21,30,24,21,8,7,125,0,0,4,8,23,99,130,25,80,25,8,13,424,0,3,15,51,30,65,45,12,9,10,4,12,252,0,0,0,3,4,3,9,4,0,0,0,0,31,0,0,0,0,0,4,4,9,3,12,0,4,34,25,6,78,412,216,296,107,25,15,14,15,26,1234,0,0,3,12,4,11,5,0,0,0,0,272,303,34,15,105,502,311,647,786,604,418,575,262,355,4606,4,0,0,3,3,24,149,235,184,373,328,88,1399,0,0,0,3,0,35,39,31,18,26,19,13,197,0,0,0,6,14,80,343,404,330,548,186,101,2014,0,0,0,5,3,14,51,54,44,88,32,17,305,0,4,4,10,24
30302,7,0,0,0,6,69,453,647,347,562,287,19,2405,0,0,14,39,45,123,72,35,16,11,9,3,352,4,0,0,6,8,160,365,189,86,138,43,16,1025,0,0,3,6,5,21,37,33,21,39,22,8,193,4,0,5,23,55,149,206,43,89,26,15,11,636,5,5,36,69,46,85,48,27,10,10,5,12,346,0,0,4,10,4,18,10,5,6,0,0,0,54,0,0,4,0,0,4,15,10,6,6,8,5,61,39,3,74,350,161,242,99,37,19,22,14,48,1106,0,0,0,12,0,5,0,0,0,0,0,411,436,53,6,138,519,336,877,1307,1029,609,820,411,536,6623,3,0,4,0,7,24,109,209,170,351,327,90,1293,0,0,0,7,13,45,50,30,27,25,17,13,233,0,0,3,3,10,93,387,333,336,587,197,104,2076,0,0,0,4,4,17,59,54,67,99,58,17,376,3,0,9,16,46
30303,3,0,0,3,14,47,399,475,226,370,145,19,1703,3,0,6,27,27,79,52,34,12,12,10,4,266,0,0,3,10,19,139,236,145,87,100,30,11,769,0,0,0,3,7,20,45,32,9,21,9,5,161,0,0,9,16,68,182,194,28,76,26,7,22,625,0,7,31,87,52,100,70,15,8,5,0,11,399,0,0,6,4,9,17,8,0,0,6,0,8,60,0,0,0,0,0,11,5,6,3,9,0,4,45,102,11,119,629,315,510,179,47,22,14,21,68,2034,3,0,3,15,7,5,5,0,0,0,0,357,399,124,18,173,800,526,1112,1193,787,449,558,216,506,6461,0,0,0,9,9,55,249,339,276,420,287,130,1785,0,0,3,5,10,55,83,55,24,29,11,17,298,0,0,6,13,17,131,528,481,307,470,134,112,2205,3,0,0,0,0,28,79,75,64,88,25,23,384,5,3,9,38,80
30304,0,0,0,6,4,32,194,251,113,236,94,8,945,0,0,6,15,22,45,32,11,4,0,0,8,136,0,0,0,0,13,78,161,79,43,65,17,7,464,0,0,0,7,0,7,18,14,9,11,7,3,89,0,0,8,12,38,87,93,24,30,23,4,8,330,0,4,14,39,19,57,37,8,9,0,6,0,188,0,0,0,8,5,11,13,4,3,0,0,0,45,0,0,0,0,0,3,7,4,5,0,5,3,30,42,6,63,320,183,262,83,23,4,6,5,36,1026,0,0,4,4,8,4,0,0,0,0,0,187,209,49,12,91,412,286,589,642,414,223,346,144,262,3465,0,0,0,0,0,23,101,144,127,205,127,58,790,0,0,4,7,8,22,53,31,13,16,6,8,172,3,0,7,3,8,61,268,252,186,264,75,58,1187,0,0,0,4,4,14,40,45,38,63,25,10,244,5,0,0,14,42
30305,3,0,3,9,9,59,386,444,208,239,76,13,1450,4,0,11,10,13,61,47,20,5,8,4,4,180,0,0,4,7,13,106,249,135,62,58,9,10,658,0,0,0,7,4,21,38,26,13,18,0,4,128,6,0,3,31,55,175,176,18,50,22,5,20,551,6,3,28,54,39,47,44,8,3,0,0,4,244,0,0,5,9,6,17,8,4,3,0,0,8,61,0,0,0,0,3,7,16,9,5,5,0,6,40,83,15,77,428,165,205,60,14,10,0,5,47,1118,0,0,0,8,0,10,4,0,0,0,0,240,267,102,20,129,555,311,710,1026,674,362,352,102,347,4701,7,0,5,4,10,63,340,468,308,369,181,120,1880,0,0,5,3,12,50,76,37,31,16,6,11,257,5,6,4,8,22,160,539,382,221,347,86,110,1888,0,0,0,0,3,20,81,89,36,46,13,25,319,11,0,11,26,89
30306,3,0,0,0,9,46,264,284,126,145,44,8,933,0,0,12,21,23,72,48,17,11,10,4,4,224,0,0,0,14,9,100,184,100,37,47,6,11,515,0,0,0,3,3,15,22,14,11,17,3,7,94,0,0,10,34,70,151,151,20,65,6,0,22,532,3,13,44,65,35,64,51,7,13,0,0,4,303,0,0,0,6,13,15,13,4,3,0,0,5,54,0,0,4,0,0,5,13,7,4,3,6,4,40,116,8,102,404,175,287,101,32,6,10,4,46,1299,0,0,4,3,4,5,0,0,0,0,0,191,220,138,26,179,557,348,758,850,486,272,237,68,306,4221,6,4,0,6,14,65,233,246,147,264,165,89,1228,3,0,11,15,18,49,69,36,13,14,3,14,246,0,0,8,7,18,140,335,271,166,180,68,57,1245,0,0,0,0,0,22,51,58,28,37,15,13,233,9,0,8,41,100
30401,0,0,3,5,4,25,126,236,145,264,92,19,908,0,0,0,8,13,25,35,14,5,7,4,0,118,0,0,0,6,7,59,127,91,52,76,19,6,444,0,0,0,0,0,11,11,13,18,23,8,6,88,0,0,0,0,15,63,111,19,95,22,10,4,358,0,0,6,21,26,56,39,13,5,8,4,3,177,0,0,0,5,3,4,10,0,8,4,0,5,32,0,0,0,0,0,6,0,6,3,7,0,0,24,19,0,38,201,127,218,95,14,16,10,4,10,752,0,0,0,7,0,3,5,0,0,0,0,163,173,24,0,53,246,204,460,559,404,353,414,136,212,3074,0,0,0,4,3,20,146,195,170,337,282,85,1248,0,0,6,4,6,34,39,34,15,21,17,12,177,0,0,3,3,3,66,290,298,230,392,95,66,1456,0,0,0,0,5,16,35,67,30,64,28,19,255,0,0,4,9,17
30402,8,0,0,6,3,11,109,169,109,251,188,8,863,6,0,0,10,10,36,41,31,12,20,11,3,180,0,0,0,0,5,48,105,111,80,144,53,3,555,0,0,0,0,0,11,17,16,24,20,17,0,103,3,0,0,6,19,57,126,38,149,49,18,16,485,0,6,7,27,25,79,57,29,18,20,11,11,288,0,0,0,0,7,10,11,0,9,3,3,0,46,0,0,0,0,0,6,8,5,5,4,9,4,41,37,0,45,222,169,383,234,71,45,35,35,34,1316,0,0,0,5,0,3,5,0,5,0,0,244,271,56,11,59,282,242,638,711,479,447,550,349,326,4147,4,0,3,6,6,21,93,151,171,473,474,131,1529,0,0,3,3,0,19,44,36,16,32,20,16,185,3,0,0,0,8,70,294,328,380,728,279,157,2250,0,0,0,0,0,8,27,41,40,82,39,15,264,0,0,4,7,15
30403,0,0,0,0,0,24,184,283,163,342,211,18,1225,0,0,4,17,24,56,42,16,11,6,13,0,204,0,0,0,3,11,82,172,90,75,110,36,4,598,0,0,0,0,7,7,15,20,18,28,7,4,95,0,0,0,12,21,115,152,33,132,35,21,13,540,0,5,21,42,32,67,61,19,25,27,10,3,315,3,0,0,6,0,6,17,3,5,0,5,0,45,0,0,0,0,0,7,5,4,10,7,0,3,38,50,11,31,192,125,255,155,54,32,42,33,35,1015,0,0,0,3,3,7,0,0,0,0,0,266,278,57,17,68,276,220,625,805,519,466,610,343,343,4355,0,0,0,4,3,9,53,92,77,244,326,66,878,0,0,5,3,5,9,17,19,11,35,24,8,133,3,0,5,0,6,28,153,163,212,449,228,83,1331,0,0,0,0,0,6,18,34,25,52,34,19,197,0,0,4,4,17
30404,6,0,0,0,0,29,195,356,181,359,172,16,1311,0,0,3,16,7,40,33,19,9,10,3,0,138,4,0,0,3,14,67,189,112,70,113,23,7,600,0,0,0,0,0,22,28,34,19,22,7,6,138,0,0,3,12,15,85,129,24,82,27,4,13,401,0,3,8,35,26,74,33,12,16,8,7,0,215,0,0,0,9,5,12,11,0,4,4,0,0,45,0,0,0,0,0,7,6,5,6,13,0,3,43,18,9,59,352,248,380,183,34,11,14,4,34,1334,3,0,0,9,5,8,0,0,0,0,0,274,300,32,10,71,435,325,718,796,601,395,563,221,359,4519,0,0,0,0,0,18,126,228,214,368,263,92,1314,0,0,0,0,0,39,61,37,31,22,5,16,203,0,0,0,6,8,94,419,416,304,541,143,101,2030,0,0,0,5,0,14,53,79,67,107,37,17,376,0,0,4,4,25
30501,3,0,3,3,7,70,388,576,310,736,500,17,2610,0,0,6,35,42,117,67,29,9,28,17,5,362,4,0,0,7,11,156,282,148,106,186,77,13,991,0,0,0,3,4,24,31,28,24,38,23,4,176,4,0,4,18,41,130,229,60,273,61,31,11,861,0,6,23,49,48,63,52,13,25,20,13,11,327,5,0,5,0,3,13,8,3,19,10,0,8,75,0,0,0,0,0,4,12,12,7,17,12,7,62,83,10,51,170,73,139,124,41,35,33,29,29,810,0,0,0,7,3,3,6,0,0,0,0,541,558,107,15,100,292,239,709,1196,899,805,1131,708,632,6836,0,0,0,4,0,12,70,73,69,185,213,42,671,0,0,0,11,3,19,19,15,12,16,12,7,115,5,0,0,3,3,33,94,89,109,188,125,45,686,0,0,0,0,0,9,17,20,12,43,28,8,142,0,0,0,11,4
30502,4,0,0,0,5,27,234,398,234,483,328,17,1724,0,0,0,9,13,45,26,20,6,11,8,0,143,0,0,0,0,7,76,165,119,60,109,44,13,589,0,0,0,0,3,7,15,25,6,28,14,3,107,5,0,0,3,22,79,99,32,109,23,18,4,393,0,0,12,34,18,19,23,8,7,5,3,5,132,0,0,0,0,0,9,0,0,5,0,0,4,22,0,0,0,5,0,0,7,7,7,3,6,3,38,14,0,30,140,70,104,44,10,5,12,13,13,465,0,0,6,0,4,8,6,0,0,0,0,282,301,23,0,47,195,142,375,619,614,444,683,425,349,3920,3,0,0,0,4,20,63,95,92,278,311,60,926,0,0,0,0,0,17,30,19,10,18,7,5,113,4,0,0,5,5,47,195,154,203,400,149,63,1226,0,0,0,0,0,6,20,28,23,64,48,6,191,5,0,3,3,11
30503,10,0,0,0,7,84,447,671,402,790,557,30,3005,5,0,10,30,35,107,67,32,20,24,18,3,363,8,0,0,0,17,156,314,203,111,230,75,17,1120,4,0,0,4,0,21,47,43,28,40,36,15,232,3,0,9,17,42,161,210,48,172,74,38,16,788,0,4,21,59,46,79,58,17,26,19,23,6,360,0,0,0,0,8,15,17,10,10,9,0,5,78,0,0,0,0,0,9,14,10,13,14,12,0,64,58,3,57,291,144,260,127,55,39,37,43,50,1159,6,0,4,8,4,3,3,0,0,4,3,543,582,84,8,101,419,307,893,1302,1099,818,1239,808,676,7747,6,0,0,4,0,21,119,180,173,448,547,101,1603,0,0,0,16,5,38,48,19,28,36,28,20,235,0,0,4,4,11,77,278,289,341,772,362,129,2270,0,0,0,5,4,12,48,53,63,114,74,21,397,5,0,6,16,34
30504,3,0,0,4,4,21,242,390,257,540,417,12,1893,0,0,7,26,24,75,34,27,17,19,15,0,240,0,0,0,3,16,91,223,150,92,166,54,9,806,0,0,0,0,5,18,24,28,14,23,23,0,140,0,0,0,3,33,85,162,45,113,48,23,12,523,0,3,17,38,29,67,57,21,18,22,4,4,273,0,0,0,6,11,14,11,6,7,0,3,9,51,0,0,0,6,0,3,3,4,7,11,9,3,48,38,3,34,179,110,177,112,40,27,18,13,21,778,0,0,0,8,0,0,5,0,0,3,0,372,384,47,9,59,264,221,558,876,721,542,849,553,433,5140,0,0,0,0,0,12,57,107,103,316,465,77,1137,0,0,0,0,0,13,39,26,16,40,31,8,185,3,0,0,7,0,43,195,216,279,702,330,84,1863,0,0,0,0,0,3,27,42,50,121,87,13,345,4,0,5,9,11
30601,4,0,3,10,15,93,487,429,195,223,68,17,1544,0,0,9,21,22,71,53,25,12,17,5,3,239,3,0,0,13,22,167,287,160,60,96,9,8,822,0,0,0,0,6,24,53,34,15,30,16,10,184,4,0,4,16,63,136,174,27,65,20,5,15,530,0,0,12,68,46,76,44,4,12,6,0,12,282,0,0,4,10,4,17,13,3,3,0,0,6,66,0,0,0,0,3,8,16,12,3,8,5,6,61,40,5,55,323,163,230,104,20,12,11,9,39,1016,0,0,0,9,5,0,0,0,0,0,0,498,518,56,8,90,468,344,829,1227,724,376,413,122,618,5266,4,0,5,3,4,52,264,292,183,269,94,102,1266,0,0,0,8,9,38,59,39,16,15,8,12,201,0,0,5,3,21,167,503,348,210,234,45,90,1634,0,0,0,4,4,31,73,55,42,51,17,22,296,0,0,4,15,44
30602,5,0,3,12,22,181,910,621,229,310,100,40,2433,3,0,5,34,33,128,66,39,12,14,7,3,338,6,0,3,26,35,293,530,200,87,84,36,22,1327,0,0,4,5,10,40,87,50,18,25,3,14,262,4,0,10,43,110,273,215,43,56,16,7,41,813,3,0,33,118,75,131,52,25,12,6,0,18,478,0,0,3,16,9,22,18,3,8,5,0,12,99,0,0,0,6,8,13,41,22,7,12,0,21,121,61,11,154,741,294,362,133,52,25,14,6,80,1923,0,0,10,25,10,14,5,3,0,0,0,803,866,81,11,222,1011,610,1448,2061,1061,456,488,156,1054,8656,0,6,6,5,12,116,525,465,283,299,141,182,2033,0,0,7,14,11,75,93,36,20,14,9,20,297,3,9,7,7,26,321,867,500,201,231,50,145,2374,0,0,0,4,10,60,114,98,50,43,17,29,415,3,4,14,38,126
30603,19,0,10,25,15,89,277,157,52,60,22,18,741,5,0,8,13,20,63,34,11,0,3,0,7,167,5,0,8,10,16,137,176,59,21,29,9,20,484,4,0,0,0,0,14,25,20,7,0,4,4,82,3,0,12,31,64,101,94,13,16,3,3,21,365,3,0,14,62,47,62,21,3,0,0,0,6,222,0,0,0,17,12,7,21,0,0,0,0,9,71,5,0,0,0,0,18,15,0,3,3,0,3,43,38,4,83,546,193,189,91,12,14,4,8,62,1250,3,0,3,20,9,14,6,0,0,0,0,293,351,73,5,144,722,384,690,763,280,122,110,42,444,3784,0,0,10,8,13,45,188,155,79,77,36,98,723,0,0,5,4,12,45,39,12,5,5,4,16,137,0,3,5,14,20,151,327,132,71,60,17,88,888,4,0,0,3,0,19,49,19,18,7,5,27,151,0,0,5,13,49
30604,9,0,0,4,3,49,148,73,28,24,5,8,358,7,0,3,5,3,25,26,4,0,5,0,0,73,0,0,0,3,6,43,73,29,11,9,0,3,192,0,0,0,0,0,10,10,5,0,0,0,3,37,0,0,0,7,12,25,27,3,3,0,0,0,96,0,0,4,24,19,19,6,0,0,0,0,0,82,0,0,0,4,0,5,3,0,0,0,0,0,16,0,0,0,0,0,7,7,9,0,0,0,4,21,10,0,17,92,46,53,45,15,5,6,0,13,299,0,0,0,3,0,0,0,0,0,0,0,96,101,27,0,33,152,92,238,348,133,55,46,12,132,1266,3,0,6,4,5,19,72,38,15,20,7,32,212,0,0,0,0,4,13,20,8,3,4,6,6,57,0,0,0,5,4,71,101,38,20,9,5,21,276,0,0,0,0,4,7,18,9,5,0,0,4,53,0,4,0,3,10
30605,20,0,11,20,23,90,257,168,67,92,31,16,797,0,0,11,24,16,71,47,16,0,3,0,8,199,3,0,5,20,27,130,210,69,28,32,7,17,540,4,0,0,6,8,21,48,26,9,12,0,7,140,9,0,9,24,57,125,109,17,30,5,3,28,424,0,4,23,93,59,95,40,3,5,3,0,11,338,0,0,0,11,10,21,17,4,5,5,0,9,80,5,0,0,0,3,8,5,0,5,3,6,7,40,46,9,122,766,275,346,91,22,17,6,3,70,1757,0,0,3,13,4,6,4,0,0,0,0,437,471,84,11,188,982,482,920,838,325,152,162,50,595,4790,3,6,10,10,9,66,206,145,90,75,25,82,731,0,0,0,11,8,51,52,18,4,6,6,13,164,3,3,10,19,13,147,349,137,78,75,14,57,913,0,0,0,0,5,20,50,32,15,11,4,16,151,6,0,9,24,47
30701,62,4,38,62,52,189,423,240,111,155,76,62,1463,4,0,13,21,15,66,36,15,3,7,7,5,178,14,4,16,21,30,187,252,96,45,34,12,17,725,0,0,5,10,4,36,43,20,13,15,6,4,150,15,5,4,42,88,133,86,18,30,8,0,36,455,3,3,15,44,42,48,17,3,0,3,3,5,193,3,0,0,5,10,20,11,5,7,0,0,6,68,0,0,0,5,0,6,12,11,8,8,7,14,72,40,3,78,468,135,152,64,10,8,3,5,43,1006,4,0,0,14,4,6,6,0,0,0,0,350,387,144,19,167,690,377,825,953,405,217,223,114,544,4698,22,5,17,32,15,91,270,205,123,155,57,189,1187,0,0,3,3,3,30,35,16,8,15,0,14,122,10,3,15,24,41,245,471,219,118,123,36,117,1421,0,0,4,4,0,36,56,36,19,18,13,27,215,3,3,9,29,53
30702,31,4,29,32,39,118,380,196,74,88,55,36,1086,6,0,10,24,23,53,36,5,3,3,6,6,174,10,0,13,25,38,180,217,91,35,22,15,17,643,0,0,3,9,5,19,41,18,6,5,0,7,115,3,0,10,38,62,158,120,8,35,4,0,23,473,4,9,7,76,55,68,31,8,0,0,0,15,274,0,0,0,8,8,13,8,4,5,0,0,6,54,4,0,4,4,0,17,11,10,3,0,3,4,54,29,0,82,712,191,229,53,19,3,3,9,57,1395,0,0,5,17,9,6,6,0,0,0,0,339,382,87,11,170,943,441,862,893,360,162,137,87,506,4651,8,0,13,17,19,76,249,215,99,106,43,124,966,0,0,0,5,0,28,35,13,0,3,5,3,99,0,0,15,22,24,196,454,222,111,109,21,119,1303,0,0,3,6,3,29,63,37,14,19,3,12,192,3,5,15,28,61
30703,18,0,17,30,38,149,329,147,61,56,19,25,887,0,0,15,28,31,76,50,7,0,5,0,4,230,5,0,17,28,27,196,256,73,25,20,5,21,668,4,0,0,7,6,17,42,20,0,13,4,12,127,0,0,16,48,77,129,96,10,16,0,0,23,421,3,0,26,99,66,80,22,10,4,3,0,14,324,4,0,0,13,13,23,15,0,3,0,0,3,78,5,0,3,3,4,15,10,4,0,0,0,3,46,28,5,96,876,254,308,83,16,4,8,3,67,1750,0,0,6,18,6,9,5,0,0,0,0,281,324,70,7,194,1154,524,1005,913,289,114,103,30,448,4859,3,0,12,12,24,79,214,143,68,69,25,95,740,0,0,0,7,8,55,42,21,7,0,0,12,149,3,6,9,22,42,247,471,166,59,53,18,95,1180,0,0,0,0,3,30,50,27,11,4,5,12,146,5,6,8,34,50
30801,16,4,7,11,8,40,168,199,124,280,117,23,1007,0,0,0,4,3,24,8,3,4,9,3,6,57,6,0,4,0,6,51,100,68,68,82,15,8,419,0,0,3,0,0,5,20,11,9,19,8,0,77,0,0,7,6,12,54,82,17,99,9,6,15,314,0,3,0,14,7,16,6,9,0,0,0,4,58,0,0,3,7,0,0,7,0,9,0,0,7,38,3,0,4,0,3,9,11,4,3,5,0,16,48,16,0,24,145,40,50,22,3,9,4,3,11,327,5,0,0,6,0,4,0,0,0,0,0,223,236,42,5,50,196,85,252,423,319,332,415,151,314,2593,7,5,4,11,10,43,81,109,95,204,161,105,832,0,0,0,0,0,7,13,9,6,7,4,9,62,0,0,5,11,8,55,226,137,256,246,59,107,1113,0,0,0,0,0,3,30,16,41,57,17,13,187,0,8,3,11,23
30803,22,3,10,15,39,192,753,688,289,434,143,54,2634,5,0,8,16,31,103,78,42,7,14,8,18,328,3,0,9,16,33,298,552,267,105,139,36,25,1488,0,0,0,6,6,37,83,60,33,38,7,15,290,4,0,12,50,122,305,333,53,150,33,12,63,1141,3,7,27,154,103,137,77,18,16,3,3,29,575,0,0,4,18,16,30,17,3,14,4,0,11,123,3,0,0,0,3,9,25,20,11,8,7,17,108,82,9,186,1596,557,678,209,39,19,24,12,152,3567,0,0,3,32,8,17,10,0,0,0,0,1114,1195,124,15,271,1906,917,1803,2139,1184,649,701,234,1501,11450,13,0,3,11,14,78,525,570,372,549,255,245,2650,0,0,0,8,12,46,85,48,24,21,10,23,278,0,0,16,17,28,261,1009,612,430,477,119,224,3190,5,0,3,0,3,45,162,121,79,96,22,59,598,10,5,13,24,80
30804,17,0,16,11,13,33,143,80,43,88,44,16,499,3,0,4,5,11,10,15,6,3,0,6,3,68,3,0,0,7,13,52,79,36,37,31,6,7,264,0,0,0,0,4,6,11,7,0,9,4,4,45,5,0,3,5,17,32,38,4,60,4,0,9,185,0,3,0,8,9,7,7,0,5,0,0,4,42,0,0,0,3,4,0,3,0,8,0,0,3,25,0,0,0,0,0,0,3,0,0,0,0,3,20,22,0,27,143,40,39,25,0,3,0,3,18,322,0,0,0,9,0,5,0,0,0,0,0,121,134,49,3,58,189,105,190,323,146,152,132,64,189,1609,4,0,0,6,13,23,80,67,43,71,37,56,408,5,0,0,5,5,9,11,6,3,4,0,3,53,0,0,6,8,11,61,132,74,80,87,24,34,512,4,0,0,0,0,5,23,14,19,22,4,6,98,5,0,3,10,15
30805,18,0,6,16,15,73,251,353,206,460,152,40,1590,0,0,0,12,11,37,41,8,7,3,4,6,129,5,0,7,10,9,93,275,166,108,138,10,25,851,0,0,3,0,0,10,39,31,30,39,9,6,178,4,0,4,17,27,156,249,34,246,33,11,53,832,0,3,17,66,49,49,38,9,11,6,4,6,258,0,0,0,11,11,10,28,3,20,3,0,3,97,0,0,3,5,0,5,13,13,8,13,7,7,73,33,5,94,615,185,269,84,20,7,11,4,48,1382,0,0,0,16,5,0,9,0,0,0,0,415,444,66,12,138,767,312,700,1027,635,650,709,199,620,5828,4,0,5,4,8,34,151,262,212,489,267,175,1613,0,0,3,0,5,20,26,25,16,16,5,14,138,5,0,8,6,12,94,427,406,329,480,116,150,2030,0,0,0,0,0,15,53,64,54,95,27,34,342,3,0,0,10,24
30901,7,0,8,4,11,92,473,408,135,210,100,19,1469,5,0,3,29,35,114,73,26,17,21,4,7,328,0,0,4,11,23,210,333,155,63,93,18,22,935,0,0,0,8,12,21,42,39,14,19,11,16,170,4,7,8,22,59,146,128,35,70,33,5,14,525,7,3,23,105,74,117,70,20,12,9,0,14,454,0,0,0,9,10,14,6,7,11,3,0,0,62,3,0,0,0,8,16,12,12,5,7,6,9,69,73,5,123,784,394,523,246,61,35,32,29,91,2400,0,0,0,27,11,3,5,0,0,0,0,470,517,103,13,178,987,620,1257,1395,761,355,423,172,662,6929,4,0,0,3,7,48,183,149,148,208,123,94,962,0,0,4,15,8,56,99,37,16,19,15,16,285,6,4,3,10,13,164,453,296,188,238,83,107,1554,0,0,0,0,4,24,52,42,40,46,11,18,240,5,3,7,16,48
30902,0,0,4,8,5,72,341,256,113,158,35,11,1007,0,0,9,17,19,99,50,15,16,13,0,10,253,0,0,5,10,10,143,300,134,32,51,22,21,719,0,0,0,4,0,20,52,21,0,13,4,8,123,0,3,4,20,55,153,124,34,33,5,6,12,443,3,0,25,76,77,101,50,9,5,3,6,10,366,0,0,10,0,16,16,13,4,0,0,0,8,66,0,0,0,0,6,9,13,8,3,5,0,7,49,52,10,97,740,323,525,189,35,14,15,16,71,2084,0,0,0,25,10,5,3,0,0,0,0,367,421,63,12,152,902,521,1141,1132,512,224,261,89,522,5530,5,0,3,3,10,45,183,203,111,137,74,87,867,0,0,0,8,16,57,76,34,22,23,8,28,267,0,0,3,6,13,195,560,277,153,161,45,106,1520,0,0,0,4,0,21,72,54,34,33,8,23,236,6,0,4,21,47
30903,10,0,5,14,10,94,475,396,145,185,78,18,1435,7,0,5,15,23,126,80,34,3,9,14,9,334,7,0,3,14,29,230,380,144,65,76,23,14,986,0,0,4,8,6,31,38,11,13,18,0,14,143,0,7,7,30,83,204,193,22,79,27,10,27,693,0,7,24,130,101,113,70,21,17,20,7,13,515,0,0,9,3,23,21,15,0,4,0,0,7,88,0,0,0,0,3,11,19,11,4,8,3,3,70,78,10,180,1035,453,585,234,61,43,37,37,109,2858,0,0,0,30,12,13,0,3,0,0,0,450,512,105,17,237,1278,744,1419,1510,701,376,380,177,670,7618,12,3,5,6,7,46,199,205,122,205,112,86,1003,0,4,4,7,11,69,80,24,14,15,9,19,248,5,0,3,12,16,187,440,247,155,149,65,84,1364,0,0,0,3,5,28,54,38,14,32,14,17,214,9,5,12,20,84
30904,0,0,3,8,12,28,107,109,42,53,9,6,383,0,0,5,10,6,51,28,8,9,0,6,0,131,0,0,6,0,12,73,109,53,20,18,4,9,321,0,0,0,0,0,14,15,4,0,4,3,0,54,6,0,5,11,19,64,70,7,43,6,6,13,240,4,0,10,35,28,29,23,9,8,8,0,5,146,3,0,3,0,5,10,10,0,4,0,0,0,33,0,0,0,0,0,8,3,0,0,4,0,0,20,23,6,45,278,114,156,71,13,6,9,10,26,753,0,0,0,7,0,4,6,0,0,0,0,147,159,32,3,75,349,205,435,442,201,135,108,37,206,2238,3,0,0,4,7,25,86,76,51,53,34,39,366,0,0,0,4,3,30,44,19,7,7,0,11,123,3,0,0,5,16,56,205,104,61,66,7,48,569,0,0,0,5,0,7,23,18,11,0,5,14,74,0,0,3,6,22
30905,3,0,7,5,4,38,202,180,82,95,26,15,651,0,0,4,8,13,47,37,9,6,6,0,0,127,5,0,0,5,10,87,162,62,27,36,6,5,407,0,0,0,0,7,8,26,8,3,11,0,4,66,8,0,0,21,34,74,77,24,34,10,7,16,302,0,0,18,41,35,47,31,8,4,0,3,3,195,0,0,3,0,0,4,8,0,3,0,0,3,29,0,0,0,0,0,5,0,3,0,3,0,3,20,22,3,39,330,138,198,77,16,7,7,9,24,863,0,0,3,4,0,6,0,0,0,0,0,190,210,39,3,79,409,242,520,620,310,169,168,43,262,2869,5,3,7,6,7,29,188,201,107,186,78,64,877,0,0,0,7,6,55,80,31,15,14,8,17,243,0,0,6,6,22,169,430,280,161,176,58,79,1380,0,0,0,0,7,11,48,33,16,23,10,17,175,3,0,10,21,32
30906,3,0,0,3,15,90,479,427,129,168,37,30,1382,0,0,4,25,37,85,67,18,12,8,7,5,267,3,0,0,18,17,176,363,162,63,54,9,14,878,0,0,0,3,10,34,63,24,9,9,3,15,172,4,0,10,22,71,227,159,32,68,19,5,19,626,0,4,24,83,63,93,54,8,3,7,0,12,357,3,0,4,12,7,19,10,0,4,5,0,8,69,0,0,0,0,4,3,12,8,0,6,0,8,47,52,13,111,660,278,369,137,25,12,12,6,59,1732,5,0,4,14,0,13,8,0,0,0,0,354,401,77,17,158,849,501,1104,1339,708,307,291,63,522,5927,3,0,4,8,9,80,445,421,266,261,126,109,1743,0,0,5,13,12,90,123,41,19,26,4,26,371,7,8,7,20,17,299,908,469,249,265,63,138,2449,0,0,3,0,6,33,107,78,36,35,16,30,343,4,4,8,31,73
30907,6,0,3,9,12,129,818,754,293,424,142,39,2632,4,0,16,35,29,111,92,32,7,15,16,9,358,0,0,3,13,30,226,561,262,91,138,37,24,1382,0,0,0,4,6,34,69,53,23,35,10,7,251,12,0,12,33,83,278,299,58,171,41,12,48,1039,3,4,23,113,64,137,82,10,18,13,9,12,494,0,0,6,12,9,22,17,3,4,4,5,8,85,4,0,0,0,0,12,24,17,4,8,0,10,81,103,13,143,846,357,531,219,59,49,44,43,98,2505,0,0,4,14,3,8,4,0,0,0,0,545,585,139,15,206,1074,606,1490,2179,1255,657,730,263,796,9415,16,9,11,16,12,105,609,700,374,547,323,227,2930,0,0,4,6,18,93,131,48,35,39,11,34,431,10,9,8,20,34,394,1308,750,373,503,136,212,3763,0,0,5,0,13,52,152,120,74,79,23,34,558,3,0,17,42,103
30908,9,0,8,0,12,39,308,276,109,156,42,11,974,0,0,3,14,25,88,56,27,12,10,0,3,237,3,0,0,4,15,131,238,127,49,53,9,14,650,0,0,0,3,0,20,39,18,8,6,4,4,106,7,0,6,23,39,140,111,26,65,20,0,10,445,3,3,22,59,69,79,42,4,6,0,0,5,300,0,0,3,7,3,4,12,4,0,3,0,3,43,0,0,0,0,0,4,10,0,3,0,4,4,37,57,5,85,559,255,352,125,25,13,17,12,65,1581,0,0,0,11,4,10,0,0,0,0,0,253,285,80,9,132,688,427,870,944,522,266,269,78,375,4651,3,0,3,3,9,43,223,239,138,175,95,72,1009,0,0,0,9,8,58,76,24,20,19,7,25,250,9,0,3,15,17,151,450,259,155,175,39,88,1368,0,0,0,0,4,26,60,54,21,44,11,15,251,3,0,5,26,48
30909,3,0,8,11,8,89,407,310,119,159,43,21,1187,3,0,3,31,46,108,50,20,5,18,7,0,297,4,0,4,19,24,191,300,127,43,56,12,13,787,0,0,3,14,9,17,48,26,9,12,6,7,142,8,0,3,27,91,178,165,35,40,18,7,10,581,4,10,44,84,62,90,50,10,9,4,0,12,374,0,0,3,9,8,15,14,0,6,0,0,4,50,0,0,0,0,0,3,16,3,6,9,0,17,57,77,7,98,570,243,324,116,28,20,8,18,66,1568,4,0,0,11,5,7,3,0,0,0,5,335,363,102,19,166,766,497,1014,1167,560,258,284,88,488,5409,10,0,0,6,13,47,241,193,145,165,93,96,1011,3,0,0,9,15,61,61,26,17,14,7,15,232,0,0,6,16,24,148,465,242,142,162,65,84,1349,0,0,6,4,8,26,65,43,19,28,12,11,209,4,5,6,28,78
30910,4,0,0,8,9,80,268,240,91,154,63,25,947,3,0,12,25,42,120,45,24,8,21,15,6,317,6,0,0,5,16,138,217,98,39,58,27,10,620,0,0,0,3,6,21,28,12,3,8,4,9,102,3,0,5,15,47,105,105,31,64,24,11,22,440,0,3,28,52,51,66,43,19,15,7,20,9,306,0,0,0,0,3,4,17,0,4,0,0,8,46,0,0,0,0,0,4,3,5,3,0,3,3,31,75,10,89,302,170,234,182,56,43,43,58,67,1327,4,0,4,3,6,4,0,0,0,0,4,297,325,98,16,136,431,354,783,915,482,278,323,202,441,4459,4,0,4,5,5,26,86,82,73,114,101,60,564,0,0,9,15,9,24,21,11,7,9,20,9,129,0,0,0,7,9,63,142,101,75,143,67,43,643,0,0,0,0,0,12,19,17,15,24,9,7,96,5,0,6,11,25
31001,4,0,0,4,8,60,375,442,185,181,54,14,1330,0,0,4,11,14,41,31,10,5,3,0,4,126,5,0,0,8,7,129,268,115,37,44,7,11,622,3,0,0,0,3,22,39,28,8,9,0,4,116,0,0,9,27,80,176,157,26,50,8,0,22,561,0,3,22,55,36,64,37,3,3,0,0,9,239,0,0,0,6,6,23,8,0,3,0,0,6,54,0,0,0,7,0,5,15,8,3,5,0,3,50,62,10,128,628,215,248,77,12,10,0,0,42,1423,4,0,4,13,9,18,5,0,0,0,0,248,296,76,9,168,768,376,784,1015,646,305,255,58,362,4825,0,4,5,3,10,85,374,384,247,297,125,98,1631,0,0,3,12,15,63,60,23,14,4,0,15,214,3,0,3,11,24,163,556,320,176,188,35,84,1573,0,0,0,4,5,34,94,64,36,48,19,23,320,0,3,13,43,123
31002,15,0,15,28,34,119,472,311,105,108,34,10,1269,4,0,13,22,38,78,44,15,6,6,0,5,230,11,0,8,25,35,204,346,125,38,52,6,15,857,0,0,0,9,13,34,64,26,8,10,0,9,174,0,0,10,41,118,256,205,24,39,3,0,41,747,0,9,31,109,102,101,47,9,14,0,0,7,427,0,0,13,10,12,38,24,3,4,4,0,9,116,3,0,3,3,3,7,20,11,0,4,0,8,62,42,12,187,1113,308,419,100,18,5,0,8,83,2296,3,0,3,18,9,12,4,0,0,0,0,380,428,85,23,287,1384,659,1277,1326,534,216,196,49,565,6607,4,0,13,12,18,71,319,319,161,163,58,126,1266,0,0,3,8,12,46,59,17,11,14,0,14,180,0,3,10,15,30,239,605,302,119,133,15,129,1600,5,4,0,4,3,29,84,65,25,33,6,30,296,0,5,12,28,67
31003,3,0,4,10,15,132,667,633,253,270,87,28,2106,0,0,4,22,18,88,62,16,5,8,0,0,231,6,0,0,10,35,213,466,198,75,79,4,24,1118,0,0,0,6,4,30,67,49,24,25,4,9,229,3,5,0,24,146,346,329,41,76,15,7,28,1017,5,5,25,109,69,133,73,8,6,5,0,13,439,0,0,3,12,18,38,29,0,11,4,0,7,123,0,0,0,4,0,7,14,11,6,9,0,9,66,50,9,158,1202,495,634,145,22,15,6,7,94,2828,0,0,0,24,12,10,5,0,0,0,0,483,544,62,20,203,1424,814,1621,1852,997,472,426,115,693,8697,5,0,3,0,6,52,482,575,383,450,192,226,2380,5,0,5,7,13,57,96,47,15,13,12,17,295,8,4,0,15,31,290,961,624,318,336,73,201,2855,0,0,0,6,3,49,195,140,78,75,25,61,627,3,5,6,17,95
31004,4,0,5,3,10,94,626,609,223,234,44,23,1872,0,0,6,6,8,41,38,24,8,5,0,0,144,0,0,0,8,21,136,323,134,53,42,9,10,732,0,0,0,0,5,22,57,35,9,23,0,13,171,5,0,0,30,68,197,201,35,49,12,3,20,616,0,3,13,59,46,55,21,8,8,0,0,13,225,0,3,0,11,12,20,16,0,0,0,0,8,74,0,0,0,0,0,5,18,11,8,10,0,3,57,33,4,53,437,175,166,55,12,4,0,0,35,966,0,0,0,22,4,3,0,0,0,0,0,337,370,47,11,85,578,340,745,1355,858,371,324,59,455,5226,5,3,3,4,6,61,489,575,286,335,140,138,2055,0,0,5,8,10,39,58,43,25,16,6,21,240,3,0,3,14,5,233,713,442,196,212,44,102,1972,3,0,0,6,9,55,145,97,49,55,14,26,462,3,3,6,34,115
31101,7,0,0,0,4,40,89,56,16,20,9,0,250,0,0,3,0,6,21,6,4,0,0,0,3,46,0,0,3,7,11,64,62,23,11,8,0,5,193,0,0,0,0,4,14,16,3,0,3,0,0,43,0,0,0,5,27,49,40,3,7,0,4,5,148,0,0,8,15,19,31,9,5,6,0,0,0,90,0,0,0,0,0,8,0,0,0,0,0,0,12,0,0,0,0,0,0,0,9,0,0,0,0,14,12,0,27,234,68,80,17,3,3,0,5,20,474,0,0,0,3,0,4,0,0,0,0,0,77,84,15,0,53,280,140,308,241,104,39,33,18,121,1352,4,0,0,0,4,24,87,70,36,33,10,28,298,0,0,0,5,0,10,15,6,3,0,0,0,42,0,0,0,0,7,49,135,55,23,28,9,32,342,0,0,0,0,0,11,29,15,3,4,0,5,74,0,0,0,9,15
31102,5,0,4,5,0,58,296,219,59,82,10,14,751,4,0,3,8,7,43,42,13,4,4,0,5,126,0,0,0,8,12,121,215,84,21,26,6,4,498,0,0,0,5,4,12,29,16,8,7,0,3,83,0,0,0,22,54,151,123,12,33,4,4,15,413,0,0,12,58,33,55,23,3,3,0,0,3,195,0,0,3,8,5,8,7,0,6,0,0,3,44,0,0,0,0,0,5,4,6,0,3,0,4,24,18,3,75,551,229,242,53,7,3,4,0,34,1234,0,0,0,10,6,6,5,0,5,0,0,187,217,34,4,100,664,356,714,798,360,129,125,16,275,3574,0,5,3,0,6,21,218,227,121,126,55,73,856,0,0,0,6,3,31,68,23,3,5,0,14,168,0,0,0,3,14,117,379,194,90,92,19,60,975,0,0,0,0,4,19,75,44,23,13,6,15,194,0,5,4,12,62
31103,14,0,4,8,7,95,629,530,164,126,29,38,1643,0,0,5,16,25,73,46,7,3,4,0,6,186,3,0,4,15,20,209,374,139,46,49,7,17,875,0,0,0,3,0,31,68,37,9,17,0,14,186,11,0,4,35,98,284,215,14,46,18,0,39,766,0,0,23,71,50,65,34,5,4,0,0,5,261,0,0,3,7,16,22,14,0,0,0,0,10,76,0,0,4,0,0,5,22,16,8,4,0,13,64,46,3,104,718,236,243,57,12,7,4,6,58,1499,0,0,7,22,6,3,7,0,0,0,0,293,338,79,9,147,894,456,1023,1468,759,288,217,55,491,5892,9,0,4,0,16,73,594,585,298,294,108,169,2158,0,0,4,7,8,51,95,33,15,10,3,20,253,3,0,4,11,33,291,866,480,172,188,47,171,2266,0,0,0,3,4,51,133,109,40,31,12,33,422,11,6,13,31,116
31104,4,0,3,4,10,72,297,312,125,114,34,27,1013,0,0,3,10,19,39,29,3,11,0,0,3,122,0,0,3,6,15,86,197,92,26,40,0,18,489,0,0,3,0,0,19,24,23,7,6,0,6,93,6,0,4,22,40,148,122,17,46,9,0,21,430,0,0,6,46,31,39,18,0,4,5,0,9,159,0,0,0,10,5,15,13,5,0,0,0,0,57,0,0,0,0,0,10,10,8,0,0,0,9,43,26,5,65,342,116,142,39,6,0,0,0,38,785,0,0,0,5,5,0,5,0,0,0,0,182,204,45,9,88,445,237,580,753,465,218,182,48,314,3386,4,7,0,4,12,61,265,356,213,270,93,124,1404,5,0,0,6,10,37,53,24,12,7,4,15,169,4,0,0,7,15,152,634,337,175,187,27,133,1675,0,0,0,7,5,20,72,59,40,39,12,29,273,0,0,3,12,42
31105,4,0,4,5,5,76,432,433,172,173,42,29,1377,0,0,0,9,17,52,47,16,7,3,7,0,164,6,0,0,8,12,155,311,138,53,57,9,12,761,0,0,0,0,0,17,55,35,19,13,4,4,147,5,0,3,24,68,183,192,31,41,12,0,27,579,0,3,21,59,50,81,33,4,0,0,0,10,256,0,0,0,10,4,20,14,4,6,0,0,3,67,0,0,0,0,0,13,6,13,3,7,0,8,49,34,5,103,610,245,303,87,10,7,0,3,45,1451,5,0,0,16,3,13,0,0,0,0,0,298,331,51,13,130,736,406,895,1183,674,307,268,65,439,5179,5,4,0,5,10,39,355,392,261,278,123,142,1613,0,0,3,5,6,45,63,37,20,21,10,22,239,4,0,4,7,11,194,688,402,222,241,56,152,1992,0,0,0,0,3,28,87,73,41,47,12,33,336,5,4,7,24,43
31106,8,0,4,9,8,113,523,482,177,173,58,25,1577,0,0,4,15,23,89,66,19,6,7,0,9,233,3,0,0,9,30,209,386,163,52,55,15,23,935,6,0,0,3,9,17,45,42,21,22,4,17,179,5,0,8,43,109,287,226,28,85,10,8,36,850,3,5,27,95,83,112,36,3,9,6,0,8,390,0,0,4,3,9,24,25,5,3,0,0,10,87,0,0,0,0,5,13,22,10,6,3,4,7,62,57,11,126,752,284,296,73,18,10,0,0,51,1687,4,0,0,13,8,8,4,0,0,0,0,334,374,83,19,178,953,560,1176,1406,770,355,272,86,517,6372,3,0,4,0,8,55,417,399,248,265,128,127,1662,4,0,3,8,10,81,76,22,22,15,9,32,282,0,0,3,4,24,206,667,375,205,220,51,113,1873,0,0,0,3,11,41,122,81,34,58,8,32,386,6,0,10,44,141
31201,23,0,4,9,5,66,188,176,79,281,158,29,1027,0,0,0,10,4,17,15,8,3,5,9,0,75,3,0,4,4,10,68,135,78,75,119,10,17,529,0,0,3,0,4,8,26,18,13,19,14,3,110,6,0,7,13,24,68,102,19,140,16,0,18,416,0,3,9,21,12,23,13,0,5,0,0,5,92,4,0,0,4,5,5,14,0,20,0,0,5,47,3,0,0,0,0,5,7,6,12,10,3,9,54,25,5,36,286,77,121,38,10,5,0,6,20,629,0,0,0,3,0,9,4,0,0,0,0,280,293,60,14,58,360,146,387,541,317,353,456,209,395,3286,8,0,4,8,5,42,126,121,86,253,185,130,969,0,0,0,7,3,18,13,6,5,14,8,9,81,0,0,0,9,7,72,207,143,265,281,67,90,1138,0,0,0,0,0,10,30,22,44,64,27,18,221,4,0,8,10,17
31202,13,0,10,16,12,144,699,801,373,761,241,79,3152,0,0,10,15,23,75,77,31,11,18,12,9,282,0,0,3,14,23,242,524,339,171,244,30,61,1661,0,0,0,0,10,37,90,71,35,68,21,24,355,11,0,13,47,70,267,404,47,279,47,11,85,1286,6,0,28,125,84,120,71,8,13,13,6,17,493,7,0,0,11,13,39,41,15,31,3,0,18,183,3,0,0,0,3,12,28,30,13,30,8,21,140,71,13,166,1067,425,584,206,32,35,27,24,146,2801,0,0,9,31,11,15,11,0,0,0,0,1348,1431,118,22,242,1336,675,1539,2147,1378,961,1219,350,1803,11788,10,0,6,17,8,85,392,590,429,777,423,326,3064,0,0,4,3,14,46,52,47,32,28,9,14,245,7,3,13,23,25,222,939,742,582,858,198,292,3899,3,3,0,5,3,32,129,113,76,143,48,63,619,9,6,10,19,58
31203,8,0,9,7,10,48,208,146,35,56,25,8,556,0,0,5,10,8,28,23,11,3,3,0,3,89,0,0,5,9,5,80,143,55,12,39,4,9,358,0,0,0,4,0,11,22,10,0,8,0,3,59,0,0,0,13,20,63,56,8,23,4,5,13,203,0,0,0,22,19,25,17,4,3,0,0,0,102,0,0,0,0,0,10,3,0,6,0,0,0,20,0,0,0,0,0,9,12,3,0,3,0,8,33,31,5,25,174,77,104,41,13,7,6,0,12,506,0,0,0,6,0,3,0,0,0,0,0,213,218,45,11,43,235,144,376,514,250,89,123,35,272,2144,0,0,4,0,12,27,108,93,58,55,17,46,426,0,0,0,0,5,18,13,5,4,5,0,8,55,0,0,0,3,5,63,193,80,45,46,12,36,487,0,0,0,0,0,12,14,12,7,9,4,4,68,0,0,6,4,17
31301,0,0,0,7,8,42,130,123,60,65,27,11,466,0,0,0,20,15,68,30,14,3,6,4,6,175,0,0,4,5,7,73,150,63,28,23,0,5,363,0,0,0,0,0,20,17,14,7,8,3,5,71,0,0,5,20,37,99,100,21,42,10,0,14,353,0,0,17,70,55,88,54,8,9,3,0,4,314,0,0,4,13,5,9,9,0,6,4,0,9,59,0,0,0,3,0,9,3,10,5,0,0,0,30,40,8,141,1131,512,689,227,38,17,6,13,90,2921,0,0,0,20,7,7,7,0,0,0,0,272,321,51,10,176,1298,653,1101,724,288,170,131,53,415,5068,5,0,4,0,0,29,104,82,74,73,25,44,451,0,0,0,5,11,26,38,11,7,5,0,6,108,0,0,0,3,4,80,207,121,47,53,12,55,585,0,0,0,0,0,5,34,21,14,9,0,11,94,0,4,5,10,16
31302,3,0,0,7,9,90,446,315,105,100,20,21,1123,4,0,3,13,24,76,63,9,4,0,0,5,194,0,0,0,12,23,176,282,92,33,36,4,16,670,0,0,0,4,3,27,35,27,12,9,0,4,141,7,5,4,31,83,223,157,21,45,8,3,26,597,0,0,22,97,65,66,37,9,3,3,0,9,310,0,0,0,8,8,28,15,5,3,0,0,4,70,0,0,0,3,4,9,17,11,3,0,0,5,55,28,8,126,816,316,331,77,18,10,4,3,62,1799,3,0,3,23,13,3,3,0,0,0,0,321,371,53,12,166,1008,547,1033,1125,506,217,162,35,469,5332,0,3,5,3,6,68,335,319,148,176,71,103,1240,0,0,5,14,13,55,67,29,10,8,8,21,231,0,4,0,17,15,220,656,292,145,126,16,109,1595,3,0,0,0,0,33,106,77,14,17,4,28,289,4,3,12,21,75
31303,0,0,3,5,5,32,69,53,27,20,9,7,234,0,0,3,6,4,25,28,7,0,0,0,4,76,0,0,6,6,3,37,66,24,17,9,0,6,170,0,0,0,0,0,9,8,7,0,5,0,4,35,0,0,0,12,22,39,40,3,10,4,0,12,149,0,0,14,38,17,21,14,0,0,0,0,4,107,0,0,0,0,0,4,6,0,0,0,0,0,13,0,0,0,0,0,3,0,0,0,0,0,4,14,11,0,33,227,71,85,27,0,0,3,0,23,487,0,0,0,5,0,0,3,0,0,0,0,78,82,22,3,60,299,134,256,260,100,54,49,13,131,1380,0,0,4,0,0,16,62,47,22,32,11,36,237,0,0,0,3,6,7,24,10,5,0,0,6,65,0,0,0,0,11,57,104,47,25,22,3,22,288,0,0,0,0,3,8,12,10,0,3,0,7,52,0,0,0,0,14
31304,7,0,4,8,14,72,436,349,130,147,28,26,1219,0,0,3,15,20,56,65,12,4,6,4,6,195,0,0,0,12,25,137,293,110,34,45,3,13,685,0,0,5,4,4,23,46,38,9,17,8,7,162,3,0,0,29,65,202,188,23,70,14,5,26,629,0,4,9,79,50,91,37,8,4,6,0,7,300,0,0,0,11,9,13,21,0,11,0,0,10,77,0,0,0,4,0,0,12,8,0,5,0,3,37,37,11,117,763,299,399,107,11,0,4,5,57,1816,6,0,4,22,7,5,0,5,0,0,0,305,340,52,21,148,942,494,1007,1203,563,269,241,50,462,5451,3,4,4,12,3,54,382,419,277,317,95,154,1734,0,0,3,9,11,50,71,36,9,12,3,13,235,3,6,7,9,22,217,783,461,235,246,63,147,2192,0,0,0,0,5,25,100,78,36,45,11,35,336,3,7,7,30,66
31305,10,0,4,5,12,75,392,353,134,175,51,25,1233,0,0,8,16,13,70,48,19,12,13,4,5,208,6,0,0,11,20,158,292,124,54,60,17,8,757,0,0,0,3,11,20,56,30,14,13,5,4,151,0,3,4,20,73,197,195,34,76,14,3,21,636,4,3,26,89,46,122,46,4,10,4,0,14,373,0,0,0,4,9,31,22,3,9,0,3,8,86,0,0,0,0,3,9,10,19,0,7,3,4,60,47,4,114,996,441,519,158,33,10,10,6,88,2431,0,0,3,10,7,15,3,0,5,0,4,370,417,68,7,161,1164,644,1198,1222,617,327,291,92,549,6353,8,0,3,3,0,30,266,274,149,193,96,93,1121,0,0,4,12,13,54,61,30,18,12,4,21,216,0,0,0,9,9,165,456,299,170,190,49,94,1447,0,0,0,0,8,23,76,43,36,28,14,34,253,0,5,5,16,46
31401,5,0,0,10,14,72,425,626,337,459,203,27,2165,0,0,0,19,32,73,71,36,9,25,9,5,287,0,3,3,7,13,148,336,266,136,158,40,21,1131,0,0,0,0,0,27,60,53,29,47,13,6,240,0,0,9,31,42,191,280,51,168,45,15,24,864,0,4,29,76,50,135,82,17,24,15,4,8,443,5,0,5,8,4,24,27,3,3,4,3,8,93,0,0,0,4,3,0,12,16,3,8,6,7,70,56,6,105,548,319,533,221,34,21,13,15,55,1925,0,0,0,9,7,3,6,0,0,0,0,415,449,68,16,161,709,485,1213,1531,1101,736,761,305,572,7666,8,0,0,4,12,61,346,526,440,804,477,272,2949,0,0,0,6,12,70,106,92,33,55,21,37,436,9,4,7,18,26,217,1071,900,700,958,222,279,4413,0,0,4,3,0,33,125,142,137,153,56,41,699,3,0,8,19,45
31402,5,0,0,0,3,78,540,503,202,211,58,18,1621,0,0,3,15,22,46,48,10,3,9,4,5,154,3,0,0,3,11,132,297,162,53,62,6,8,731,0,0,0,0,6,21,58,33,14,14,6,3,166,0,0,10,18,57,172,182,30,75,11,3,16,577,0,0,8,57,42,52,30,9,10,3,0,4,216,0,0,6,7,9,14,12,5,11,0,0,3,59,0,0,0,4,0,13,18,12,0,5,0,8,54,31,6,87,496,218,273,72,14,0,4,7,35,1235,3,0,0,10,0,0,0,0,0,0,0,308,332,39,7,113,609,366,795,1262,770,357,321,82,410,5141,0,5,3,5,3,40,324,472,268,338,128,99,1681,0,0,0,5,5,41,51,22,9,15,0,16,157,3,4,4,4,17,192,716,450,232,271,37,76,2008,0,0,0,0,4,33,107,81,43,49,9,28,361,4,0,3,16,57
31403,0,0,0,7,11,62,315,341,109,121,20,22,1012,0,0,0,5,11,27,21,4,3,4,0,5,76,0,0,0,3,13,103,199,88,32,13,3,10,467,0,0,0,0,8,12,34,29,5,6,0,4,102,0,0,7,20,59,146,133,19,28,3,0,11,421,0,0,10,45,31,49,33,4,0,0,0,5,179,0,0,0,3,10,15,16,6,4,0,0,7,53,0,0,0,0,0,6,11,6,10,0,0,0,43,24,4,61,371,183,188,64,9,0,0,0,31,940,3,0,0,5,4,7,0,0,0,0,0,173,187,31,4,86,467,321,596,818,495,203,160,29,268,3472,0,0,3,0,3,31,209,273,154,152,45,63,936,0,0,0,5,3,27,40,25,12,3,3,11,124,0,0,0,3,9,133,485,301,124,107,14,67,1260,0,0,0,0,3,28,89,61,30,24,5,14,257,4,0,0,12,47
31501,5,0,14,15,15,63,134,111,59,84,49,14,574,0,0,4,22,11,32,25,3,0,3,0,3,111,6,0,4,11,12,49,85,39,17,24,9,3,244,0,0,0,0,5,12,17,10,10,6,0,0,57,0,4,7,26,24,41,39,8,18,4,0,7,189,0,0,19,43,17,37,4,4,0,0,0,5,129,0,0,0,5,5,7,5,0,0,0,0,6,32,0,0,0,7,3,3,3,0,0,0,0,9,34,21,8,57,211,59,60,13,3,4,0,4,23,459,0,0,0,9,3,3,0,0,0,0,0,183,203,40,8,108,344,162,300,337,180,112,129,63,254,2026,8,0,8,9,22,82,151,112,44,94,51,58,644,0,0,6,13,9,39,30,8,7,0,3,11,131,0,0,5,17,25,94,176,59,41,44,10,27,511,0,0,3,4,6,14,39,14,13,17,3,3,117,0,0,14,41,47
31502,11,0,3,18,10,56,201,262,140,327,128,32,1178,0,0,0,5,6,21,16,10,4,0,5,3,66,0,0,0,3,7,36,90,58,34,58,9,10,319,0,0,0,0,0,11,18,11,15,9,6,3,71,4,0,0,16,18,42,78,16,56,15,0,22,264,0,0,4,13,17,12,14,0,4,0,0,4,76,0,0,0,5,0,9,13,3,0,0,0,6,36,0,0,4,0,0,4,11,8,5,7,0,8,55,13,0,38,138,53,65,30,8,0,0,0,21,365,3,0,0,6,0,5,0,0,0,0,0,221,240,37,0,52,206,118,251,475,367,257,420,152,333,2664,10,0,0,11,7,37,94,130,122,253,173,109,942,0,0,0,0,3,7,11,5,4,8,9,4,60,0,0,6,12,4,36,119,108,120,186,33,58,686,0,0,0,0,0,11,20,23,22,47,14,9,145,6,0,5,15,27
31503,23,6,11,26,18,118,227,157,57,56,32,31,756,0,0,6,7,12,20,8,11,3,3,0,6,72,7,0,0,4,17,103,102,23,14,15,8,6,307,0,0,0,0,0,3,24,14,6,3,3,5,56,0,0,4,7,23,55,31,4,8,4,0,9,156,0,0,5,22,15,13,9,3,0,0,0,3,75,0,0,0,4,6,6,9,0,0,0,0,7,23,0,0,4,0,0,7,8,7,0,0,4,3,30,13,0,36,205,49,67,9,6,0,0,4,32,413,0,0,0,7,0,3,0,0,0,0,0,245,259,44,4,73,277,149,403,423,221,98,83,50,338,2157,4,7,5,19,14,73,159,107,60,62,22,121,657,0,0,0,4,0,15,11,9,0,0,0,6,49,3,0,0,8,7,92,168,74,28,44,7,42,489,0,0,0,4,0,10,27,20,7,8,3,12,96,0,0,4,15,31
31601,4,0,6,4,13,61,253,242,86,126,49,16,858,0,5,4,13,12,72,55,37,8,11,4,4,224,0,0,0,7,18,138,250,94,49,72,10,10,648,0,0,0,6,6,13,28,12,14,6,0,3,88,0,0,5,26,32,110,92,16,50,9,7,13,368,3,0,16,55,47,91,53,15,12,3,8,12,316,0,0,0,6,8,11,15,0,5,0,0,0,52,0,0,0,0,0,5,13,5,4,8,0,4,45,46,3,97,748,395,592,232,50,21,27,14,64,2286,3,0,3,21,5,7,6,0,0,0,0,361,401,59,13,141,886,530,1099,992,469,241,269,99,489,5283,3,5,0,4,12,46,237,244,167,219,112,106,1154,0,0,5,4,7,71,101,45,18,19,9,26,304,3,0,6,16,18,165,567,336,196,282,73,107,1768,0,0,0,0,5,23,72,54,28,35,9,23,255,8,0,7,13,50
31602,11,0,3,13,9,110,430,368,138,184,66,30,1358,3,0,4,32,47,117,107,18,14,7,10,6,373,6,0,7,13,32,238,398,175,60,81,23,16,1044,0,0,0,5,9,29,41,31,16,20,0,4,160,3,0,5,33,78,169,170,31,70,25,4,26,618,5,5,41,140,107,178,82,13,10,4,0,18,602,0,0,5,14,14,21,20,3,8,6,4,5,115,0,0,0,0,3,13,19,7,0,0,3,9,50,71,16,219,1501,783,1096,399,73,49,24,27,130,4387,6,0,4,26,11,20,4,5,0,0,0,555,628,102,29,296,1778,1087,1993,1670,714,371,358,144,804,9332,3,5,0,3,10,51,303,272,158,240,91,121,1267,5,0,0,9,14,95,104,45,21,25,6,18,348,10,9,3,22,30,279,824,405,222,272,66,148,2281,0,0,0,5,8,36,100,65,35,53,9,25,340,0,3,9,22,69
31603,4,0,3,10,9,100,425,311,124,150,45,11,1191,4,0,3,25,30,123,70,24,19,18,8,6,317,7,0,3,9,30,222,344,133,50,56,15,18,874,0,0,0,5,6,32,47,28,5,9,3,5,142,7,0,3,30,71,155,147,26,58,11,6,10,538,0,0,32,97,69,127,60,22,15,12,0,5,449,0,0,3,8,4,17,10,4,7,3,4,5,66,0,0,0,0,3,11,18,6,7,0,5,5,55,55,7,113,693,414,575,261,68,19,35,24,68,2326,0,0,0,9,5,7,7,0,0,0,6,475,504,75,19,169,882,643,1361,1375,617,296,295,114,616,6459,3,0,6,11,0,45,194,164,75,113,61,71,745,0,0,0,9,12,70,79,30,12,8,0,19,254,0,0,9,18,19,185,466,265,127,122,46,72,1330,0,0,0,5,3,30,75,43,20,28,8,13,225,0,0,7,19,51
31605,3,0,0,5,10,61,214,146,52,78,34,12,621,0,0,3,19,25,96,57,16,3,7,11,3,256,0,0,7,13,15,123,193,77,42,48,11,11,538,3,0,0,4,9,10,34,13,3,3,0,3,84,9,0,8,21,21,79,96,18,52,17,3,8,334,0,4,22,85,54,83,67,24,26,14,18,3,410,3,0,0,12,10,15,10,3,4,0,0,5,62,0,0,0,0,0,3,10,0,0,0,3,0,21,51,7,124,561,314,508,276,67,54,47,41,66,2120,0,0,0,7,4,0,0,0,0,0,0,360,390,73,17,164,725,467,988,971,372,241,227,122,473,4842,10,0,7,4,7,44,166,105,79,75,35,60,582,0,0,5,5,12,62,76,19,14,17,3,19,232,4,4,7,10,15,157,394,161,102,94,37,86,1063,0,0,4,5,7,11,38,32,7,19,5,11,131,0,0,5,23,36
31606,13,0,18,22,27,101,282,219,81,81,35,15,883,3,0,15,41,28,115,81,22,4,11,3,6,336,0,0,8,17,27,188,261,92,42,58,11,14,726,0,0,0,3,3,18,41,16,9,7,3,11,116,3,0,11,28,48,159,159,40,49,18,4,21,535,0,3,26,113,78,105,75,13,3,4,0,14,443,0,0,6,13,8,21,22,3,5,0,0,0,76,0,0,3,0,7,11,16,6,8,5,0,9,51,61,17,103,837,361,570,216,38,25,19,17,77,2329,0,0,0,29,0,4,5,0,0,0,0,455,503,81,17,182,1102,593,1289,1165,448,220,200,81,619,5996,6,0,8,6,9,75,244,207,116,132,62,99,961,0,0,3,14,11,78,87,30,22,12,4,24,285,6,3,12,11,23,223,497,253,138,126,40,108,1434,0,0,0,3,7,41,67,45,18,41,8,25,248,5,3,4,21,49
31607,9,0,7,14,12,62,232,202,55,67,21,17,691,3,0,8,14,25,78,61,14,5,7,5,4,204,0,0,0,18,20,143,243,84,29,36,9,13,598,0,0,0,5,6,19,39,11,3,5,0,4,93,0,4,5,20,42,130,93,21,36,6,4,13,372,3,0,16,75,67,81,37,9,0,4,0,7,311,0,0,0,5,11,21,12,0,5,0,0,6,53,0,0,0,0,0,8,11,5,0,0,5,7,44,28,5,91,613,236,351,116,23,13,3,13,50,1547,5,0,0,4,8,9,0,0,0,0,0,261,288,50,10,132,771,430,887,839,375,143,136,46,373,4192,0,0,0,0,8,45,187,147,98,103,46,70,699,0,0,3,10,8,61,93,28,11,7,3,21,248,0,7,6,20,30,165,495,221,95,95,28,94,1264,4,0,0,0,4,37,62,39,22,18,3,13,216,0,3,6,15,50
31608,4,0,4,10,8,49,108,76,15,30,14,7,327,0,0,6,24,12,55,44,11,0,3,0,0,164,0,0,4,10,10,64,131,58,16,27,8,3,333,0,0,5,0,7,14,17,10,8,7,0,3,63,0,0,3,12,22,58,54,15,18,8,0,12,206,0,3,16,52,43,58,39,3,7,9,3,8,237,0,0,4,9,3,8,10,0,3,6,0,4,44,0,0,0,0,0,3,3,4,0,3,0,3,25,28,3,69,383,154,243,126,31,28,8,14,28,1112,0,0,0,9,0,6,0,0,0,0,0,183,206,36,12,102,499,268,561,529,203,96,101,46,252,2709,9,0,0,3,6,27,95,85,40,46,19,40,361,4,0,4,3,11,47,37,25,13,4,4,24,160,0,0,9,7,12,94,234,99,63,45,17,58,641,0,0,0,0,0,15,30,15,11,7,0,10,97,0,3,3,15,21
31701,15,3,9,26,37,247,1178,814,341,407,128,53,3261,7,0,15,53,70,186,131,53,16,23,12,17,580,4,0,12,31,60,513,834,354,112,151,33,31,2138,0,0,0,11,15,53,122,78,19,52,11,16,370,0,4,13,82,184,486,420,72,102,34,14,56,1471,9,6,40,193,160,228,97,23,18,11,0,13,791,0,0,4,22,25,63,38,9,15,4,0,7,191,3,0,0,11,6,16,39,26,13,9,0,19,144,93,10,230,1849,862,1003,335,68,31,42,33,197,4741,8,0,6,45,23,24,12,0,0,0,3,1016,1133,141,25,339,2324,1438,2807,3208,1488,665,733,232,1410,14817,13,3,7,9,12,135,686,726,476,588,225,278,3162,0,0,4,18,29,103,159,59,36,27,12,34,484,5,5,7,28,55,526,1661,930,434,547,150,277,4626,0,0,0,9,12,103,214,143,86,85,21,56,734,7,8,12,49,168
31801,11,0,10,19,24,129,302,241,68,101,26,34,976,0,0,0,12,16,51,57,8,4,5,5,5,160,7,0,7,13,19,152,247,81,34,42,5,23,625,6,0,0,3,7,22,44,22,13,11,6,11,132,9,0,4,45,62,203,136,24,31,15,3,34,575,5,0,24,64,56,53,38,3,5,4,0,9,265,4,0,9,10,11,19,11,0,6,3,0,8,77,0,0,0,6,0,5,13,8,4,3,0,6,51,36,7,95,699,283,301,82,12,10,7,6,90,1627,4,0,0,20,9,17,0,0,0,0,0,354,417,79,13,154,898,482,951,928,417,185,188,52,580,4903,9,5,10,5,13,81,244,190,115,140,69,128,1000,0,0,0,3,6,26,34,16,3,4,0,17,113,4,0,5,18,26,223,443,251,122,136,32,109,1368,0,0,0,4,3,17,75,51,22,26,9,17,221,0,3,3,23,50
31802,19,0,5,12,27,229,1378,1498,630,802,254,72,4938,5,0,12,33,43,160,124,56,24,31,14,6,507,3,0,8,21,49,452,831,453,198,231,52,38,2334,3,0,4,8,10,57,152,140,59,94,18,31,568,9,0,19,52,166,536,616,123,216,55,11,68,1878,8,6,47,189,125,224,126,22,19,9,0,20,794,7,0,4,22,13,56,63,13,12,5,0,17,203,0,0,3,3,0,16,41,39,18,19,12,23,171,84,9,211,1374,668,903,342,51,26,26,19,153,3866,4,0,9,36,7,26,5,0,0,0,0,1782,1884,128,25,308,1754,1117,2665,3673,2391,1201,1266,386,2211,17141,14,4,10,11,8,111,826,1126,733,1091,498,402,4842,0,0,3,13,14,91,149,90,31,35,14,41,478,7,6,11,13,34,387,1601,1135,704,789,195,299,5188,0,0,0,3,7,66,266,253,159,178,60,76,1073,5,4,8,38,124
31901,16,0,18,17,37,201,561,390,130,152,48,37,1593,0,0,9,42,43,122,59,20,7,8,8,5,335,4,0,12,22,44,306,409,163,55,63,15,29,1129,0,0,0,6,6,45,63,39,15,11,7,10,199,12,0,15,71,154,342,248,42,51,21,4,39,1009,3,5,37,204,130,125,49,11,8,5,0,13,601,0,0,3,20,12,32,33,5,12,0,4,3,132,0,0,0,3,4,18,18,12,0,4,0,7,77,91,10,269,2417,814,933,214,38,24,19,17,179,5015,8,0,8,51,13,22,8,0,4,0,0,795,896,130,19,370,2859,1254,2144,1672,722,302,294,106,1125,10993,8,0,9,16,18,95,403,355,207,207,73,120,1513,0,0,4,19,17,97,107,37,26,16,0,26,345,6,3,4,12,45,317,801,366,160,180,58,131,2093,0,0,0,7,6,40,95,55,34,25,9,42,307,4,0,7,43,121
31902,19,0,20,51,51,158,306,157,55,90,40,48,1004,0,0,6,35,48,60,45,7,0,4,0,7,226,4,0,16,34,52,219,258,80,29,38,6,15,755,6,0,0,8,10,33,39,15,0,7,0,8,128,11,6,17,62,92,170,123,21,35,3,0,25,563,3,0,31,118,97,90,26,0,4,0,0,16,390,0,0,0,14,10,20,9,6,3,0,0,6,72,0,0,3,0,10,11,11,5,0,3,0,9,60,50,7,163,1322,310,361,83,14,3,5,0,99,2410,0,0,10,27,11,11,4,0,0,0,0,445,518,99,15,274,1674,680,1135,899,315,143,150,55,679,6113,9,3,20,27,20,100,222,134,96,100,35,96,856,0,0,0,7,12,56,42,12,3,12,0,9,169,3,4,3,18,23,209,418,163,89,72,15,98,1124,0,0,5,9,4,20,52,33,12,22,0,8,163,5,3,20,33,72
31903,21,0,21,24,26,124,276,166,49,72,17,21,824,3,0,3,34,34,88,69,10,3,5,3,4,268,10,0,10,18,29,178,244,81,32,24,6,14,648,3,0,3,13,5,32,41,9,11,10,0,4,122,8,4,12,35,73,177,137,19,30,4,0,14,516,4,3,26,128,88,90,42,11,8,0,0,11,415,0,0,4,10,8,23,15,5,8,0,0,9,93,9,0,3,3,7,13,13,8,3,5,3,4,58,57,6,164,1275,361,483,118,19,16,11,4,92,2599,3,0,4,23,9,8,6,0,0,0,0,435,483,111,17,249,1570,637,1216,964,326,150,135,42,613,6027,7,4,4,18,15,66,218,145,86,78,18,88,744,0,0,0,15,12,68,50,23,6,6,0,21,192,0,0,6,10,26,187,466,207,60,64,5,84,1124,0,0,0,0,6,33,56,29,13,10,3,25,176,0,3,6,19,74
31904,3,0,9,15,19,91,279,186,69,62,20,13,768,0,0,9,21,24,93,56,14,9,12,5,0,239,0,0,6,10,16,157,220,67,38,25,7,12,552,0,0,0,4,7,18,24,11,13,14,0,7,99,3,0,3,33,86,164,120,23,39,5,0,19,505,0,8,27,137,111,108,60,10,4,3,0,10,474,0,0,0,17,10,31,18,3,10,0,0,3,94,0,0,0,0,0,10,8,5,0,6,0,5,44,64,16,232,1713,670,824,238,39,15,14,3,155,3988,6,0,4,34,16,14,7,0,0,0,0,470,550,84,20,287,1990,956,1506,1027,351,200,144,39,690,7309,3,0,0,3,12,49,224,197,102,109,47,72,815,0,0,0,18,9,61,73,28,11,7,4,15,223,0,4,14,8,25,166,402,190,83,107,30,77,1103,0,0,0,0,3,27,67,36,17,19,4,22,196,0,0,0,25,57
31905,10,0,5,9,15,75,241,157,58,49,10,13,647,3,0,4,19,16,78,40,18,5,0,3,0,180,3,0,5,19,31,129,216,83,17,16,0,8,535,0,0,0,4,3,24,49,20,8,10,0,6,120,4,0,9,31,75,185,128,19,32,4,0,31,512,0,3,19,124,78,91,39,6,0,3,0,8,369,0,0,6,17,17,17,12,0,3,3,0,6,88,0,0,0,0,0,6,13,0,0,5,0,3,37,47,8,172,1334,434,514,110,15,10,3,8,92,2751,3,0,5,15,10,10,3,0,0,0,0,411,467,72,18,225,1565,681,1134,848,321,128,93,26,577,5693,0,0,4,10,19,57,179,168,87,81,24,70,700,0,0,0,9,9,31,43,21,5,0,0,9,133,0,0,0,20,21,141,352,170,50,46,9,66,865,0,0,3,4,4,25,65,31,9,12,3,10,170,0,0,5,19,72
39797,0,0,0,0,0,0,0,0,0,0,0,0,0,0,0,0,0,0,0,0,0,0,0,0,0,0,0,0,0,0,0,0,0,0,0,0,0,0,0,0,0,0,0,0,0,0,0,0,0,0,0,0,0,0,0,0,0,0,0,0,0,0,0,0,0,0,0,0,0,0,0,0,0,0,0,0,0,0,0,0,0,0,0,0,0,0,0,0,0,0,0,0,0,0,0,0,0,0,0,0,0,0,0,0,0,0,0,0,0,0,0,0,0,0,0,0,0,0,0,0,0,0,0,0,0,0,0,0,0,0,0,0,0,0,0,0,0,0,0,0,0,0,0,0,0,0,0,0,0,0,0,0,0,0,0,0,0,0,0,0,0,0,0,0,0,0,0,0,0,0,0,0,0,0,0,0,0,0,0,0,0,0,0,0,0,0,0,0,0,0,0,0,0,0,0,0,0,0,0,0
39999,0,0,0,0,0,0,0,0,0,0,0,0,0,0,0,0,0,0,0,0,0,0,0,0,0,0,0,0,0,0,0,0,0,0,0,0,0,0,0,0,0,0,0,0,0,0,0,0,0,0,0,0,0,0,0,0,0,0,0,0,0,0,0,0,0,0,0,0,0,0,0,0,0,0,0,0,0,0,0,0,0,0,0,0,0,0,0,0,0,0,0,0,0,0,0,0,0,0,0,0,0,0,0,0,0,0,0,0,0,0,0,0,0,0,0,0,0,0,0,0,0,0,0,0,0,0,0,0,0,0,0,0,0,0,0,0,0,0,0,0,0,0,0,0,0,0,0,0,0,0,0,0,0,0,0,0,0,0,0,0,0,0,0,0,0,0,0,0,0,0,0,0,0,0,0,0,0,0,0,0,0,0,0,0,0,0,0,0,0,0,0,0,0,0,0,0,0,0,0,0
40101,3,0,4,0,0,23,98,131,87,153,92,5,596,0,0,15,4,8,39,17,9,8,12,8,0,134,0,0,0,8,5,34,83,54,26,70,23,0,311,0,0,0,0,0,4,15,13,13,11,0,0,57,0,0,0,9,18,45,71,20,55,27,4,6,254,3,9,16,21,18,26,31,9,10,13,8,3,166,0,0,3,0,3,0,7,3,3,0,0,0,25,0,0,0,0,0,0,0,5,3,0,3,4,25,58,4,13,51,37,67,58,25,16,32,26,16,409,0,0,0,0,0,0,4,0,0,0,0,141,149,66,8,49,97,91,251,376,271,221,320,180,182,2119,0,0,0,0,0,6,16,10,17,28,54,9,151,0,0,0,5,8,5,10,5,0,3,4,0,33,0,0,0,0,0,15,24,33,22,48,27,12,184,0,0,0,0,0,3,9,4,4,12,6,0,42,0,0,0,3,8
40102,9,0,7,15,18,91,378,457,218,281,103,28,1604,0,0,8,32,31,129,116,31,17,32,15,11,421,6,0,7,16,25,195,411,242,108,139,34,10,1196,0,0,0,3,3,34,52,53,12,34,10,5,212,5,0,7,33,66,200,259,42,125,31,14,28,806,0,3,31,93,109,161,105,26,20,23,12,11,600,0,0,0,5,12,15,28,3,9,4,0,6,75,0,0,0,4,4,14,24,12,10,6,3,11,94,32,11,106,637,351,550,205,39,11,18,19,50,2029,0,0,4,14,3,8,5,0,0,0,0,445,482,61,14,166,844,622,1385,1592,907,527,568,212,605,7510,0,0,3,10,8,70,271,337,272,350,248,189,1753,3,0,0,10,10,109,143,65,26,36,13,39,452,0,4,12,18,30,260,979,680,445,537,156,251,3382,0,0,0,6,10,34,118,88,65,80,30,45,482,0,4,8,32,56
40103,3,0,0,0,4,27,101,179,102,207,136,8,773,0,0,5,12,17,52,59,20,22,38,17,5,241,0,0,0,0,12,71,145,90,57,134,51,5,554,0,0,0,0,0,9,19,16,8,18,5,5,93,3,0,4,11,27,74,109,36,135,51,22,12,477,5,0,20,30,33,95,97,43,30,35,23,3,421,0,0,0,0,6,7,7,6,7,4,0,3,46,0,0,0,0,3,6,3,3,3,11,7,0,33,36,5,55,260,210,432,312,111,46,82,55,68,1676,4,0,0,8,5,6,3,0,0,3,3,270,301,56,7,82,322,318,782,861,502,416,571,325,376,4617,0,0,3,5,3,12,78,106,102,297,326,101,1035,0,0,0,3,3,24,47,33,20,35,26,18,210,3,0,4,10,5,63,210,248,244,572,260,140,1752,0,0,0,0,0,16,28,33,31,56,53,25,245,0,5,5,13,18
40104,0,0,0,9,4,41,217,243,105,169,50,11,859,0,0,3,15,25,63,67,12,7,10,3,0,209,3,0,3,4,16,116,200,118,45,42,13,15,572,0,0,0,6,3,27,18,17,6,5,0,6,98,0,0,7,15,56,165,124,26,53,18,7,16,466,0,11,25,78,56,102,54,11,11,6,0,11,354,0,0,0,12,12,8,9,5,7,4,0,0,53,0,0,0,0,0,9,14,0,4,8,0,3,42,53,3,139,875,392,507,148,24,13,5,5,69,2239,3,0,7,15,8,11,11,0,0,0,0,227,284,63,17,177,1017,571,1050,860,458,242,269,79,358,5171,0,0,11,5,9,28,218,236,173,243,132,96,1153,0,0,0,14,21,57,61,33,16,14,6,19,236,3,0,10,13,17,183,576,427,213,297,75,106,1921,0,0,0,3,0,30,58,60,36,45,21,23,282,6,3,4,29,71
40105,0,0,0,0,4,28,154,214,130,189,114,14,845,0,0,5,23,13,49,41,15,7,15,5,0,179,3,0,0,6,7,99,150,91,44,66,27,3,500,0,0,0,0,3,7,27,13,15,17,13,9,95,0,0,4,12,31,85,104,19,53,17,4,3,350,0,3,13,32,26,61,42,17,18,5,3,4,232,0,0,0,6,0,4,13,0,5,0,0,0,32,0,0,0,0,0,0,6,6,3,6,4,4,31,49,5,68,406,180,256,102,29,18,15,11,44,1183,4,0,8,17,4,3,6,0,0,0,0,234,261,62,10,103,495,271,594,644,403,284,333,182,314,3698,0,0,0,0,0,22,69,80,92,168,163,54,654,0,0,0,3,6,31,42,19,11,19,13,9,149,3,0,3,5,4,71,214,194,148,300,114,83,1143,0,0,0,4,0,14,31,32,16,46,18,17,184,0,0,3,13,26
40106,0,0,0,4,4,24,124,169,80,176,77,10,665,0,0,4,13,11,44,28,14,9,13,17,0,142,0,0,0,3,6,62,101,58,22,45,18,4,322,0,0,0,0,4,3,18,16,7,12,4,3,68,4,0,3,8,23,64,62,26,46,34,9,5,274,4,10,6,32,11,52,32,13,9,11,4,3,192,0,0,0,0,0,6,7,3,3,3,0,0,23,0,0,0,0,0,0,3,4,3,5,0,0,18,19,5,52,221,105,181,101,20,19,14,17,21,762,0,0,5,6,4,4,0,0,0,0,0,137,163,31,9,62,284,167,442,476,317,204,315,142,179,2622,0,0,0,3,5,14,68,106,89,200,166,70,726,0,0,7,0,8,23,24,16,12,20,5,5,114,5,3,0,5,8,48,208,208,159,290,112,81,1119,0,0,0,0,0,17,27,28,28,50,16,10,176,0,0,3,4,40
40107,0,0,0,0,10,31,163,188,135,246,144,4,922,3,0,7,22,13,53,39,15,14,19,9,0,194,0,0,0,7,5,70,144,101,44,107,40,7,521,0,0,0,0,4,17,22,14,10,13,12,0,96,0,0,3,13,25,69,101,30,75,37,11,6,377,3,0,10,36,29,53,52,20,22,16,8,5,261,0,0,0,0,3,5,6,0,8,0,0,0,23,0,0,0,0,4,7,8,0,4,8,9,5,36,32,0,39,287,131,221,146,42,29,31,19,34,1006,3,0,0,0,4,4,0,0,0,0,0,223,245,38,6,70,373,228,530,675,424,334,480,246,287,3689,0,0,0,0,0,16,67,96,85,229,265,74,834,0,0,0,5,6,27,36,18,10,25,26,10,160,0,0,0,5,8,68,252,210,248,436,208,108,1553,0,0,0,0,4,4,23,28,31,62,23,21,194,5,0,3,5,26
40201,4,0,4,5,3,43,240,200,76,82,29,8,684,0,0,3,13,22,43,30,10,5,4,0,0,124,0,0,4,4,21,104,191,94,32,34,7,5,491,0,0,0,5,3,13,25,14,7,4,0,0,75,0,0,0,18,24,126,91,21,25,5,0,9,328,0,0,11,45,45,56,28,4,7,0,0,10,202,0,0,0,6,4,0,12,5,3,0,0,6,32,0,0,0,4,5,0,13,0,9,0,0,4,32,17,0,51,526,227,265,64,13,4,0,3,29,1201,0,0,0,18,0,7,3,0,0,0,0,189,221,17,0,72,639,348,663,696,357,154,132,39,269,3393,3,0,0,4,0,32,165,198,143,142,60,74,809,0,0,6,7,3,24,48,19,11,11,0,11,149,3,6,4,6,9,144,445,274,133,123,22,72,1239,0,0,0,0,7,29,85,45,14,30,4,16,221,0,6,4,9,23
40202,5,0,5,10,11,111,663,430,98,76,13,21,1444,0,0,4,14,22,85,48,16,4,6,0,3,194,3,0,4,10,29,241,426,116,23,29,4,18,897,0,0,0,4,4,33,70,34,7,5,0,9,165,4,0,4,48,130,316,185,25,33,9,0,24,772,0,0,24,111,72,101,32,4,7,0,0,10,365,0,0,4,9,13,29,20,0,0,0,0,5,80,0,0,5,0,0,18,13,14,3,0,0,3,59,30,7,159,1399,403,454,76,12,5,3,8,93,2647,4,0,7,37,11,11,4,0,0,0,0,326,410,56,13,216,1631,686,1393,1537,643,184,129,29,518,7042,0,0,0,6,8,55,386,358,192,168,55,133,1374,0,7,0,19,18,73,105,33,4,9,4,30,297,0,4,6,9,16,335,892,399,157,128,17,145,2110,0,0,0,3,15,54,154,89,37,36,8,36,431,0,7,6,44,126
40203,3,0,0,0,9,58,357,456,179,194,56,18,1336,3,0,3,32,40,81,68,10,0,3,0,7,241,4,0,0,8,25,179,300,143,34,45,10,9,752,0,0,0,0,6,23,46,38,13,9,0,5,135,5,0,6,36,91,171,178,27,40,10,5,17,585,5,10,22,105,76,98,26,7,4,0,3,9,371,0,0,3,3,4,20,17,0,0,0,0,3,62,0,0,0,4,0,6,11,15,7,8,5,3,65,57,6,119,937,313,410,90,9,9,3,0,76,2039,4,0,5,30,11,11,5,0,0,0,0,317,382,71,15,173,1164,582,1070,1103,702,289,274,71,459,5971,0,0,5,4,9,43,237,259,146,188,86,69,1056,0,0,10,17,21,75,81,33,8,8,4,13,271,0,3,5,7,22,220,628,334,159,152,30,61,1626,0,0,0,5,5,33,93,70,48,38,9,24,327,6,0,6,41,116
40204,9,0,3,7,18,173,1048,826,269,226,50,44,2660,0,0,6,29,48,138,90,13,8,4,4,8,356,5,0,0,17,40,426,719,230,58,56,6,22,1583,0,0,0,9,13,54,114,65,24,13,6,8,301,3,5,11,60,194,567,346,33,83,22,0,45,1368,0,0,53,184,131,188,76,10,7,0,3,19,669,8,0,5,23,15,50,31,0,7,0,0,6,150,3,0,0,5,4,14,25,24,6,12,0,10,109,95,8,257,2038,712,776,139,22,9,4,16,129,4189,5,0,9,44,10,18,18,0,3,0,0,613,709,128,12,350,2398,1178,2399,2599,1226,475,338,83,896,12085,11,5,8,8,19,133,759,690,378,377,148,213,2746,0,0,8,33,31,128,177,46,18,21,4,41,508,6,13,8,18,46,538,1534,708,315,299,74,259,3807,0,0,0,6,7,82,259,152,69,61,14,54,705,10,9,18,89,230
40205,0,0,0,10,10,97,633,769,308,278,64,27,2202,0,0,4,24,31,126,88,41,8,9,0,4,336,3,0,0,10,39,243,619,319,113,104,19,15,1478,0,0,0,3,4,25,75,53,23,21,4,8,225,0,0,7,19,109,335,383,54,91,31,0,21,1062,0,7,22,154,125,203,106,12,17,8,0,11,661,0,4,0,14,9,25,34,3,9,0,0,8,109,0,0,0,0,4,8,23,19,10,12,3,10,95,50,13,143,1400,736,1013,241,34,12,4,9,96,3750,0,0,5,39,13,12,3,0,0,0,0,482,554,62,16,184,1673,1083,2095,2205,1311,592,458,103,690,10464,6,0,3,0,14,47,445,547,398,553,234,212,2461,0,0,3,14,13,81,148,70,24,32,10,36,428,5,0,8,14,33,393,1406,942,477,551,107,272,4210,0,0,4,0,3,59,167,129,82,68,18,52,585,7,0,11,34,82
40301,4,0,0,0,3,22,166,211,118,186,69,11,786,0,0,0,11,20,50,56,21,7,12,5,3,188,5,0,0,0,9,68,166,107,44,98,22,5,536,0,0,0,0,0,18,22,22,6,15,9,4,90,0,0,7,6,31,66,99,18,79,27,11,17,358,0,0,4,32,33,68,72,15,12,6,4,4,268,0,0,0,8,7,9,4,0,4,0,0,3,26,0,0,0,0,0,4,5,8,3,8,9,0,37,24,3,48,302,226,421,206,40,20,23,28,44,1387,5,0,3,6,0,4,0,0,0,0,0,260,282,36,3,62,371,325,734,808,440,294,376,155,345,3956,0,0,0,0,0,14,62,86,69,181,150,69,631,0,0,0,5,4,17,34,17,19,12,3,12,118,4,0,0,0,9,47,222,215,157,281,101,100,1136,0,0,0,0,0,8,33,28,25,36,12,12,158,0,3,0,4,10
40302,5,0,4,5,10,66,548,648,327,316,73,19,2021,4,0,3,36,30,120,82,20,9,3,8,5,322,0,0,5,10,27,241,506,258,82,77,18,14,1234,4,0,3,7,9,31,69,51,23,22,3,8,223,6,0,7,33,86,281,273,44,85,8,3,15,844,0,9,28,117,93,186,80,26,5,4,0,9,553,0,0,3,14,8,30,22,9,7,0,0,3,105,0,0,0,3,0,4,16,17,5,3,0,0,50,56,10,123,1242,610,787,179,43,9,15,4,111,3189,0,0,4,28,3,10,5,0,0,0,0,501,556,79,19,187,1487,879,1756,1779,1121,549,442,113,693,9100,6,0,0,4,9,43,305,400,289,391,129,149,1732,3,3,7,11,12,107,146,56,25,22,5,35,426,5,0,7,14,29,279,1069,705,353,355,87,223,3119,0,0,7,3,0,36,165,150,75,74,29,36,573,4,3,13,28,95
40303,0,0,0,3,11,45,194,335,207,319,125,12,1248,0,0,7,11,14,93,69,22,19,14,10,4,277,0,0,5,7,23,132,257,171,85,130,35,14,851,0,0,0,4,7,18,41,26,17,37,14,8,168,5,0,5,10,43,117,192,38,104,44,16,13,586,3,11,18,67,69,128,106,47,19,16,17,19,519,0,0,4,3,5,22,18,8,7,5,0,3,73,0,0,3,0,4,8,22,14,4,13,0,3,73,30,6,77,617,383,734,330,87,35,30,27,69,2421,8,0,0,6,11,3,10,0,0,0,0,345,389,43,12,117,736,568,1291,1241,746,499,608,249,486,6606,5,0,0,3,5,26,143,234,221,419,309,173,1530,0,0,6,8,11,51,116,48,25,47,17,30,355,3,0,3,8,26,157,621,592,454,698,208,177,2936,4,0,0,0,0,22,75,77,44,102,33,42,403,6,3,0,0,42
40304,13,0,4,11,23,188,1209,1115,349,359,67,37,3376,0,0,9,51,60,227,196,55,14,21,14,8,665,3,0,9,24,64,532,1136,482,139,124,31,45,2604,3,0,9,8,11,76,152,92,39,38,9,17,447,8,0,8,64,227,608,534,83,138,22,7,54,1748,7,3,56,279,241,372,173,27,12,12,0,19,1205,0,0,11,24,32,49,44,5,11,5,0,11,185,0,0,4,5,6,20,49,40,7,15,0,7,157,80,10,248,2566,1154,1466,304,53,21,9,24,185,6131,0,0,13,52,30,26,10,0,3,0,0,886,1029,123,23,377,3088,1845,3574,3799,1950,732,609,155,1272,17539,11,4,5,8,21,104,793,832,558,569,214,337,3464,0,0,7,31,39,220,294,105,47,34,13,68,862,5,4,14,21,67,713,2467,1349,614,601,131,430,6420,4,3,0,11,14,131,349,217,112,104,32,95,1056,6,11,9,57,191
40401,7,0,0,5,13,85,576,671,312,394,128,23,2215,5,0,10,31,38,144,98,35,13,17,3,9,391,3,0,4,18,26,258,430,228,105,113,25,17,1224,0,0,0,3,9,33,79,41,22,40,6,10,248,6,3,3,38,123,283,226,52,86,29,4,18,877,0,0,33,153,120,170,69,21,15,9,7,16,625,3,0,0,16,16,33,18,6,12,3,3,3,118,0,0,0,0,3,10,24,21,8,12,10,5,98,98,9,213,1773,690,911,310,43,25,19,16,142,4238,6,0,6,35,15,25,4,7,0,4,0,620,719,123,20,282,2073,1040,1958,1838,1109,596,639,198,864,10740,7,0,8,7,10,70,358,410,269,458,206,205,2001,0,0,6,25,25,93,148,54,39,35,14,43,476,4,4,5,13,30,336,1076,745,378,544,147,197,3491,0,0,5,4,10,50,145,120,70,102,31,48,572,5,4,12,43,123
40402,7,0,4,3,12,63,360,444,165,184,57,11,1298,0,0,10,31,16,71,44,14,5,7,0,7,199,0,0,4,3,19,141,267,132,37,51,13,12,685,0,0,0,0,7,19,36,26,10,10,3,9,124,0,0,5,31,84,181,140,22,36,10,0,14,518,4,4,14,81,58,64,27,8,5,0,3,14,279,0,0,0,5,8,16,13,3,5,0,0,3,57,0,0,0,0,3,4,9,18,3,7,0,0,51,39,9,104,905,281,313,69,14,3,0,0,77,1811,0,0,8,24,11,7,0,0,0,0,0,269,316,47,8,151,1089,483,883,972,682,261,274,86,412,5337,6,0,4,0,13,51,262,259,151,177,68,84,1071,0,0,0,14,15,64,71,29,11,9,3,21,242,3,0,3,19,11,187,543,309,155,166,44,86,1512,4,0,4,6,7,31,72,68,33,25,12,18,276,4,0,11,31,81
40403,4,0,0,8,0,77,367,390,208,273,60,4,1392,0,0,15,40,22,110,64,12,5,9,8,0,291,0,0,0,13,17,151,283,151,53,67,12,10,762,0,0,0,3,7,15,51,25,15,17,12,4,152,0,5,3,20,75,173,155,43,29,12,6,14,534,0,4,43,102,78,96,44,11,10,4,0,5,392,0,0,0,4,4,18,8,0,6,0,0,5,45,0,0,0,6,0,5,14,11,7,4,0,4,42,61,5,138,800,353,539,162,35,18,14,11,72,2204,0,0,4,20,10,12,4,0,0,0,0,370,418,71,17,206,1011,571,1197,1145,685,350,402,99,487,6237,3,3,3,4,4,33,201,242,121,206,110,91,1012,0,0,0,11,16,67,98,36,12,23,4,26,302,8,6,0,7,33,185,576,416,190,270,66,105,1863,0,0,0,0,0,30,80,66,47,57,23,22,329,5,4,12,29,89
40501,5,0,6,5,16,56,286,245,87,94,22,20,854,4,0,7,20,21,67,48,14,5,9,4,6,199,3,3,0,18,26,148,267,96,45,46,6,11,671,0,0,4,3,5,17,36,8,4,7,0,4,95,0,0,3,27,31,150,113,14,29,12,0,14,399,0,7,17,64,48,85,28,11,4,3,0,8,267,0,0,0,5,8,14,11,0,4,0,0,0,51,0,0,0,0,3,3,7,0,3,3,0,5,37,23,4,53,564,255,268,73,16,12,7,3,37,1311,0,0,5,11,7,8,0,0,0,0,0,259,288,47,10,91,717,420,823,887,408,192,182,44,363,4180,0,5,0,10,0,30,167,198,105,110,44,95,768,0,0,0,4,10,45,51,13,5,4,0,25,158,0,0,12,16,19,180,556,281,137,127,34,111,1475,0,0,0,0,4,37,61,46,15,24,4,13,221,5,0,5,14,43
40502,11,0,11,17,27,72,170,89,40,44,18,18,523,3,0,4,12,21,51,31,7,0,3,5,5,138,0,0,10,19,23,129,175,59,18,26,9,5,466,0,0,0,3,0,16,22,11,6,3,3,3,69,0,0,7,18,31,95,46,7,15,8,0,10,242,3,0,11,59,40,45,21,3,3,0,0,5,197,0,0,0,5,6,5,9,0,0,5,0,0,32,0,0,0,0,0,4,13,0,0,0,0,0,29,15,0,67,486,166,197,54,4,6,5,0,31,1036,0,0,0,13,0,3,5,0,0,0,0,196,226,32,0,110,632,315,624,538,194,85,91,37,278,2944,7,0,3,9,14,32,117,70,43,38,21,55,417,0,0,3,0,4,36,32,9,0,0,0,9,84,4,0,9,20,23,136,254,124,59,51,17,65,772,0,0,0,8,5,22,32,10,5,5,4,12,93,4,0,3,24,21
40503,3,0,10,16,10,59,165,132,54,48,28,16,547,0,0,7,14,26,43,35,4,0,0,0,4,132,0,0,3,9,27,113,171,60,21,28,10,7,444,0,0,0,9,0,16,24,14,3,0,0,4,75,0,0,9,20,30,101,76,11,22,0,0,15,286,5,4,21,76,52,57,17,3,0,0,0,0,236,0,0,0,5,4,9,18,0,0,0,0,6,37,0,0,0,0,0,0,0,3,0,3,0,7,23,15,3,78,717,210,264,47,4,0,3,3,48,1402,3,0,4,13,4,6,0,0,0,0,0,243,276,29,11,140,881,360,677,553,246,107,91,41,338,3475,4,0,6,3,8,34,120,110,60,46,25,44,457,0,0,0,8,7,26,26,6,0,0,0,13,84,0,0,5,6,17,135,317,180,63,65,17,56,865,0,0,0,0,7,19,38,30,5,5,0,13,121,0,0,3,16,21
40504,6,0,10,5,18,54,160,77,28,29,12,9,407,0,0,3,23,10,63,33,16,0,0,3,0,153,7,0,3,13,19,100,152,43,19,13,13,4,391,0,0,0,3,3,17,31,10,0,3,0,3,73,0,0,7,33,32,77,56,9,14,0,6,12,249,0,0,19,92,54,70,21,5,0,3,0,3,276,3,0,0,10,3,10,13,0,0,0,0,5,53,0,0,0,0,0,9,17,3,4,6,0,6,45,30,10,101,895,308,354,96,18,6,7,5,49,1879,0,0,0,21,8,3,3,0,0,0,0,202,246,47,9,152,1112,453,754,578,184,73,64,48,290,3768,9,0,3,14,9,38,86,60,33,39,9,41,335,0,0,4,6,7,33,38,9,0,0,0,15,111,0,8,0,4,14,147,259,86,36,40,9,60,661,0,0,0,0,4,15,32,11,7,7,3,0,82,4,0,0,21,14
40601,24,0,12,27,30,122,375,309,138,155,50,17,1259,6,0,4,26,30,78,75,16,15,12,10,4,265,6,0,9,30,31,230,348,186,43,68,8,15,979,0,0,0,10,8,26,39,39,10,14,7,7,169,4,0,7,36,56,164,172,20,57,10,4,29,567,0,7,21,130,57,83,36,9,3,6,0,9,362,0,0,0,11,13,33,15,0,12,0,5,7,90,0,0,6,0,0,19,25,7,11,3,0,7,77,45,9,118,988,328,388,82,21,7,11,6,87,2077,0,0,4,26,7,8,6,0,0,0,5,460,519,79,14,181,1286,566,1150,1188,600,286,279,87,650,6373,7,3,4,18,16,83,263,220,164,163,74,126,1132,0,0,0,6,12,47,57,32,18,6,0,16,198,4,0,13,28,48,260,669,345,173,213,40,123,1913,0,0,0,3,8,47,105,50,31,40,11,27,317,7,5,7,32,58
40602,6,0,0,12,9,41,151,171,101,162,61,17,738,0,0,0,14,19,25,22,7,4,4,0,0,95,0,0,0,4,15,39,139,63,18,42,0,0,319,0,0,0,0,0,11,12,10,8,7,3,0,67,3,0,3,14,20,65,67,16,37,11,0,10,251,0,0,13,56,26,37,16,7,0,0,0,8,167,0,4,0,3,3,7,4,0,4,0,0,5,34,0,0,0,0,0,0,4,5,6,7,0,6,30,18,0,50,286,93,130,33,6,0,8,0,30,660,0,0,3,8,0,7,5,0,0,0,0,237,259,28,9,76,395,189,378,465,275,172,241,75,316,2620,3,0,0,7,0,26,103,80,95,128,65,65,570,0,0,3,3,4,16,17,6,6,3,0,3,72,6,0,4,12,8,70,208,131,87,113,22,54,700,0,0,0,4,0,12,34,20,30,27,12,9,144,0,0,4,18,16
40701,12,0,19,13,23,93,271,164,71,57,25,17,769,5,0,16,55,44,154,89,32,14,8,9,4,427,4,0,13,19,46,213,307,101,50,42,12,18,820,0,0,3,9,5,39,45,13,6,5,9,11,143,4,0,11,33,67,143,138,19,39,10,0,24,481,4,3,38,149,115,161,75,11,8,4,0,12,586,0,0,7,18,5,29,23,0,3,0,0,8,104,5,0,0,4,3,11,14,4,3,9,0,4,59,57,8,152,1343,733,867,238,36,20,14,11,100,3589,0,0,6,36,7,15,6,0,0,0,0,411,477,85,19,262,1673,1045,1732,1216,386,213,152,70,615,7459,0,4,4,11,11,61,158,122,83,62,26,78,611,0,0,0,12,16,92,86,18,17,5,0,28,282,8,3,7,21,29,259,493,201,101,77,18,109,1333,0,0,0,6,6,45,69,35,22,8,4,18,209,0,0,3,16,40
40702,28,0,18,25,43,198,599,377,115,113,55,38,1598,5,0,8,44,43,137,93,12,10,16,6,4,376,9,0,11,33,59,353,496,175,54,64,21,22,1292,3,0,3,3,11,70,82,38,14,8,0,15,237,7,0,10,43,106,235,167,25,47,15,3,34,695,0,5,33,126,91,112,49,12,0,4,0,18,447,3,0,6,13,19,29,22,3,7,3,0,6,110,0,0,0,4,7,17,41,30,4,8,0,6,138,40,9,145,940,374,399,133,39,14,12,12,93,2212,5,0,4,18,7,14,10,3,0,0,0,418,476,100,14,241,1247,759,1565,1690,727,252,253,102,640,7584,11,0,9,19,16,106,360,282,142,133,54,155,1299,0,0,0,16,15,62,76,19,18,4,5,31,249,10,5,11,32,44,457,953,400,174,146,45,155,2434,0,0,0,4,12,57,128,69,34,23,7,34,361,3,6,12,31,99
40703,13,0,25,48,52,195,604,296,85,88,44,22,1482,9,0,12,49,48,159,95,15,6,4,0,13,409,9,0,15,36,62,352,462,126,41,41,16,20,1175,0,0,4,14,14,58,67,34,11,7,4,4,221,4,0,22,64,125,249,129,23,26,4,4,21,681,0,3,38,180,133,147,48,7,8,0,0,11,580,0,0,4,22,19,34,7,0,3,0,0,5,96,3,0,4,11,6,18,39,12,3,3,0,8,104,62,7,178,1536,437,571,141,20,14,4,16,121,3104,3,0,8,28,11,15,3,0,0,0,0,440,518,107,15,306,1986,898,1795,1606,537,191,160,93,677,8371,9,5,15,26,31,132,453,260,128,110,41,150,1363,0,0,9,16,20,91,95,30,12,11,3,24,310,6,5,16,46,61,421,805,324,125,99,21,173,2101,0,0,5,7,14,67,109,35,23,13,4,28,304,0,10,14,54,116
49797,0,0,0,0,0,0,0,0,0,0,0,0,0,0,0,0,0,0,0,0,0,0,0,0,0,0,0,0,0,0,0,0,0,0,0,0,0,0,0,0,0,0,0,0,0,0,0,0,0,0,0,0,0,0,0,0,0,0,0,0,0,0,0,0,0,0,0,0,0,0,0,0,0,0,0,0,0,0,0,0,0,0,0,0,0,0,0,0,0,0,0,0,0,0,0,0,0,0,0,0,0,0,0,0,0,0,0,0,0,0,0,0,0,0,0,0,0,0,0,0,0,0,0,0,0,0,0,0,0,0,0,0,0,0,0,0,0,0,0,0,0,0,0,0,0,0,0,0,0,0,0,0,0,0,0,0,0,0,0,0,0,0,0,0,0,0,0,0,0,0,0,0,0,0,0,0,0,0,0,0,0,0,0,0,0,0,0,0,0,0,0,0,0,0,0,0,0,0,0,0
49999,0,0,0,0,0,0,0,0,0,0,0,0,0,0,0,0,0,0,0,0,0,0,0,0,0,0,0,0,0,0,0,0,0,0,0,0,0,0,0,0,0,0,0,0,0,0,0,0,0,0,0,0,0,0,0,0,0,0,0,0,0,0,0,0,0,0,0,0,0,0,0,0,0,0,0,0,0,0,0,0,0,0,0,0,0,0,0,0,0,0,0,0,0,0,0,0,0,0,0,0,0,0,0,0,0,0,0,0,0,0,0,0,0,0,0,0,0,0,0,0,0,0,0,0,0,0,0,0,0,0,0,0,0,0,0,0,0,0,0,0,0,0,0,0,0,0,0,0,0,0,0,0,0,0,0,0,0,0,0,0,0,0,0,0,0,0,0,0,0,0,0,0,0,0,0,0,0,0,0,0,0,0,0,0,0,0,0,0,0,0,0,0,0,0,0,0,0,0,0,0
50101,4,0,12,9,9,58,274,210,64,114,37,8,802,4,0,5,30,23,109,78,27,7,16,13,3,320,4,0,3,12,26,139,270,138,58,64,17,15,750,0,0,3,5,6,25,48,22,10,19,6,3,147,0,0,7,12,28,95,97,18,37,8,0,14,318,0,0,22,69,41,92,45,5,14,6,5,4,309,3,0,4,5,6,7,12,3,3,3,0,10,65,0,0,0,5,0,12,17,9,7,13,0,0,64,39,5,81,545,290,397,166,36,12,10,12,49,1655,0,0,0,7,3,9,0,0,0,0,0,435,458,63,7,138,697,438,954,1014,466,211,257,100,538,4881,3,0,9,3,9,31,143,120,86,127,70,95,702,0,0,0,14,6,67,90,30,19,15,6,29,283,4,3,7,20,25,172,501,290,143,150,38,111,1462,4,0,0,6,9,25,64,36,31,25,6,21,227,5,6,4,20,51
50102,16,0,6,6,17,90,430,541,248,474,166,45,2040,4,0,3,31,34,108,77,45,13,28,13,10,367,0,0,9,11,32,210,568,330,185,249,26,28,1654,3,0,8,4,9,31,73,68,39,71,15,15,326,3,0,7,41,58,242,373,62,229,39,6,39,1098,0,3,41,150,127,185,92,18,12,5,0,18,660,3,0,9,21,16,26,41,7,21,11,0,15,167,0,0,0,0,0,18,31,19,15,20,5,8,117,47,5,186,1249,482,591,174,31,25,26,19,111,2952,3,0,6,23,9,18,10,5,5,0,0,844,927,81,13,272,1536,778,1530,1873,1131,796,920,257,1122,10309,14,0,6,9,6,51,249,332,230,458,213,201,1752,3,0,3,4,7,54,89,56,26,24,11,31,309,9,3,4,7,15,195,972,640,544,603,120,250,3383,3,0,0,0,0,34,124,80,76,115,28,55,512,8,0,9,21,66
50103,11,0,16,22,14,54,151,112,32,55,14,13,493,7,0,9,24,28,74,49,13,6,15,0,7,227,3,0,8,9,24,86,160,49,30,42,3,3,410,0,0,0,3,4,21,25,20,0,3,0,3,83,5,0,0,25,30,69,52,8,36,3,0,23,247,0,9,16,47,48,53,31,0,0,0,0,5,224,0,0,5,7,3,15,10,0,4,0,0,0,50,0,0,0,5,0,11,8,5,4,6,0,4,43,13,3,61,419,135,164,51,13,3,3,3,35,899,0,0,0,7,8,5,0,3,0,0,0,261,276,31,12,113,574,286,549,534,222,119,120,29,355,2947,3,0,0,12,7,30,89,83,42,44,20,38,363,0,0,0,7,9,24,31,11,13,8,5,8,123,6,0,8,12,20,105,259,95,70,63,13,57,703,0,0,0,0,3,14,32,18,8,16,0,9,112,0,0,11,12,20
50201,8,0,9,4,12,65,299,329,166,315,126,11,1340,3,0,9,22,31,104,86,41,12,16,11,6,341,6,0,4,16,21,197,350,193,130,153,31,18,1115,4,0,0,10,6,32,60,41,20,38,6,11,234,3,0,3,30,67,223,295,51,222,30,9,33,972,7,4,41,153,111,181,85,15,17,5,8,28,648,0,0,6,23,8,27,46,6,29,3,4,4,149,3,0,0,5,0,8,16,22,5,17,8,10,101,98,15,240,1890,889,1128,339,48,47,18,32,153,4889,4,0,6,39,10,20,3,0,0,0,0,953,1034,130,15,322,2187,1154,1981,1582,745,655,595,230,1230,10828,5,0,0,6,5,31,185,231,170,307,155,125,1227,0,0,0,8,9,57,86,36,22,29,7,33,285,0,3,3,8,15,147,566,439,318,373,75,164,2113,6,0,0,6,0,27,75,70,41,68,29,34,348,0,5,10,18,43
50301,6,0,0,5,0,17,81,166,105,277,357,15,1027,0,0,3,15,16,41,69,45,28,58,58,0,340,3,0,0,0,5,58,117,115,99,202,112,11,725,0,0,0,0,5,12,20,18,17,36,38,5,150,0,0,5,4,14,45,112,32,233,107,57,26,643,5,7,21,36,29,93,122,48,71,76,47,20,570,0,0,0,0,3,13,13,3,12,6,7,0,64,0,0,0,8,0,0,0,4,3,15,12,6,49,63,9,71,242,166,441,361,125,86,118,136,61,1869,0,0,0,3,3,3,7,0,0,3,5,514,543,76,16,102,317,251,733,899,569,645,900,819,647,5976,5,0,0,0,0,9,32,59,91,275,658,120,1251,0,0,0,9,4,22,42,32,27,58,74,24,293,3,0,0,8,9,36,188,174,356,944,669,214,2604,4,0,0,3,0,5,21,21,46,99,107,30,344,11,0,0,12,9
50302,11,0,4,4,4,64,448,699,424,1059,985,23,3723,8,0,8,38,56,166,107,33,26,56,26,0,529,10,0,0,3,19,169,386,241,193,330,127,10,1491,0,0,0,8,8,10,51,36,31,61,58,7,265,11,0,10,20,61,192,272,69,371,92,48,14,1159,7,10,39,64,67,114,89,24,45,30,24,9,512,0,0,6,0,9,19,23,10,20,10,0,3,106,0,0,0,0,0,12,14,22,12,40,24,9,133,73,3,86,470,185,342,200,56,39,37,30,59,1580,0,0,4,8,3,9,0,3,0,0,3,953,993,111,15,157,619,412,1102,1593,1183,1164,1716,1318,1086,10485,0,0,0,4,7,28,107,133,102,352,534,119,1398,0,0,0,4,12,37,60,42,31,61,38,16,307,4,3,0,6,12,86,275,284,428,840,399,121,2461,0,0,0,3,0,11,44,40,62,108,94,31,405,5,3,3,12,27
50401,8,0,4,0,4,77,432,515,328,593,279,17,2256,9,0,11,20,44,102,77,20,12,19,8,9,326,6,0,3,8,18,206,370,224,103,160,30,5,1138,0,0,0,0,5,20,55,44,27,35,14,9,223,4,0,6,25,71,229,265,39,135,30,12,26,841,4,3,38,118,79,138,87,16,17,6,0,14,515,3,0,3,7,5,18,18,9,3,0,3,7,74,0,0,0,0,0,11,19,10,6,17,11,3,80,55,3,130,940,364,480,103,19,15,3,14,81,2198,0,0,8,31,6,13,3,3,0,0,0,648,721,77,8,193,1160,607,1288,1434,896,640,868,374,810,8366,4,0,5,6,4,46,229,256,198,335,241,157,1484,3,0,0,11,15,60,93,56,20,36,13,46,343,6,0,8,9,13,170,620,459,324,469,148,146,2361,0,0,0,0,8,30,80,74,61,107,39,32,444,5,6,12,28,84
50402,0,0,5,3,9,30,173,236,119,195,77,19,859,0,0,0,8,18,36,74,24,14,13,3,0,197,3,0,0,9,13,82,207,139,71,91,11,8,635,0,0,0,0,5,10,31,27,18,12,6,3,109,4,0,8,9,21,115,161,20,98,20,6,20,481,3,0,19,53,42,83,47,14,21,13,0,15,309,0,0,0,5,5,13,17,4,12,0,0,5,60,3,0,0,0,0,3,9,18,3,5,8,3,50,24,7,78,498,214,310,97,25,12,8,3,32,1308,4,0,0,15,0,6,3,0,0,0,0,353,384,36,6,111,608,323,695,820,491,369,367,115,452,4394,4,3,0,5,0,15,92,149,119,241,146,110,876,0,0,0,8,4,34,50,25,23,29,9,14,192,0,0,0,3,9,100,382,280,243,302,89,130,1545,0,0,0,0,8,12,54,49,29,39,24,25,237,0,0,4,11,14
50403,14,0,6,6,8,94,630,765,366,466,150,47,2555,0,0,8,21,19,96,55,31,20,12,9,5,278,3,0,0,7,21,207,478,285,124,137,15,21,1302,0,0,0,0,5,39,67,66,25,28,22,14,266,10,3,4,38,81,298,310,50,154,41,15,37,1028,4,0,27,101,87,117,65,6,0,10,3,8,439,3,0,4,11,14,27,36,7,8,3,0,10,128,3,0,0,4,5,13,26,23,10,21,0,6,111,61,15,131,916,302,412,123,28,16,18,14,71,2100,4,0,0,24,7,12,4,0,0,0,0,776,833,102,23,187,1134,552,1318,1791,1266,721,733,227,987,9039,10,0,6,6,11,68,475,578,401,551,317,247,2670,0,0,4,14,23,91,150,56,43,26,23,43,476,7,7,3,13,35,299,1254,756,506,585,155,271,3882,0,0,0,0,9,29,156,126,84,124,36,60,631,12,6,16,28,100
50501,10,0,0,6,17,78,548,910,522,878,392,34,3395,3,0,14,40,61,204,219,91,31,48,25,16,738,6,0,0,16,24,247,791,502,259,385,73,31,2337,4,0,0,5,14,38,117,97,34,88,21,20,446,7,0,3,33,89,361,516,95,416,79,31,57,1695,0,3,38,180,151,305,202,46,44,30,6,28,1031,6,0,0,24,17,53,48,13,28,11,0,5,203,0,0,4,5,3,20,41,38,17,31,13,8,190,110,16,235,1204,660,1044,408,84,42,48,22,133,4003,3,0,9,32,11,23,12,4,10,5,0,1152,1249,150,25,309,1539,1050,2376,2892,1877,1412,1594,582,1491,15287,11,3,8,7,13,48,337,583,544,1148,937,437,4078,0,0,0,10,19,96,206,120,85,97,52,62,747,7,3,11,10,21,259,1547,1526,1239,1910,588,612,7737,0,0,3,0,0,39,203,158,176,243,109,95,1034,13,13,13,17,53
50502,7,0,0,6,8,122,826,1213,638,1294,719,54,4905,7,0,11,58,78,238,221,78,31,67,24,9,821,9,0,4,17,39,313,778,469,232,447,109,31,2440,3,0,3,11,11,60,99,86,64,90,40,18,482,18,0,10,65,112,418,473,102,289,97,38,51,1674,8,14,60,179,151,309,197,59,54,39,20,41,1132,6,0,11,19,14,61,36,8,21,6,0,13,196,3,0,0,4,4,12,38,43,29,44,15,8,201,167,15,339,1919,839,1270,523,119,60,54,50,198,5565,8,0,7,54,13,25,8,3,3,4,0,1348,1488,233,31,446,2328,1271,2826,3211,2174,1427,2144,1020,1790,18903,13,6,5,8,6,81,432,428,347,764,721,289,3095,7,0,6,21,22,120,186,112,54,93,60,71,751,18,10,9,19,33,320,1147,985,933,1502,577,374,5933,4,3,4,5,6,52,167,136,152,193,124,86,920,13,8,22,75,144
50503,11,0,0,8,4,103,831,1199,537,789,220,59,3755,5,0,11,25,47,150,127,45,18,24,3,10,474,6,0,7,12,23,255,705,373,140,227,30,27,1799,0,0,0,0,5,54,112,84,44,72,15,16,402,3,5,7,46,104,349,433,77,223,34,18,51,1345,3,3,44,154,138,166,97,12,16,7,3,24,664,0,0,3,23,21,32,35,6,34,6,0,17,180,0,0,0,8,0,20,39,37,14,28,13,14,172,133,10,233,1368,581,725,193,48,18,21,14,126,3454,3,0,7,29,11,9,5,5,0,0,0,1039,1109,161,15,319,1669,935,1863,2579,1879,1044,1210,306,1382,13353,13,4,9,15,13,82,589,803,561,892,429,356,3772,4,0,4,17,28,152,202,106,72,57,22,61,732,19,13,17,23,41,432,1959,1304,787,975,237,379,6184,4,0,4,7,6,57,246,187,165,182,69,80,1006,30,10,19,68,184
50601,4,0,0,3,4,51,414,496,199,270,89,27,1553,0,0,8,12,25,71,53,22,11,13,3,3,218,3,0,0,11,17,144,330,181,93,91,11,9,890,0,0,0,0,4,24,55,39,26,30,4,8,193,3,0,3,32,62,223,246,43,114,26,3,25,780,0,3,15,74,62,92,35,12,12,9,0,23,335,0,0,3,12,3,23,18,4,8,0,0,5,72,0,0,0,0,5,11,20,10,10,10,0,11,78,35,3,93,691,291,318,97,14,14,6,10,49,1626,0,0,4,11,8,12,4,3,0,0,0,456,504,48,9,124,854,474,967,1277,826,487,450,126,615,6261,3,0,5,0,10,25,233,248,186,296,152,129,1293,6,0,0,0,12,31,74,24,10,23,13,14,208,0,0,6,11,9,168,596,405,245,316,101,163,2021,0,0,0,5,4,33,74,58,51,51,16,39,329,3,10,10,14,64
50602,13,0,0,3,9,40,365,541,317,554,312,21,2181,3,0,14,18,46,82,50,30,8,9,4,0,265,0,0,0,3,15,139,327,169,107,165,35,6,966,0,0,0,7,0,21,37,33,23,39,9,7,181,0,0,7,27,76,192,231,24,127,32,18,23,756,10,0,29,65,53,93,48,9,14,3,0,9,339,0,0,0,9,11,17,15,0,18,6,0,5,64,0,0,0,0,0,4,12,10,11,14,8,7,82,71,6,109,599,199,253,77,11,6,9,8,59,1412,0,0,3,15,0,9,0,0,0,0,0,559,596,97,9,159,744,404,845,1163,831,638,840,402,700,6840,7,0,3,7,0,26,158,185,143,251,168,85,1035,3,0,3,8,18,50,53,40,12,28,6,11,237,5,4,4,12,10,101,376,292,216,280,82,69,1441,0,0,0,3,9,20,47,67,43,75,37,29,320,7,4,7,19,58
50603,6,0,0,6,5,62,353,507,268,424,179,17,1833,6,0,13,37,48,120,89,41,11,32,6,4,398,3,0,6,5,13,144,390,228,117,144,29,12,1095,0,0,3,6,8,27,55,42,26,26,10,6,202,7,0,6,24,72,235,290,60,142,33,14,27,901,3,3,50,99,96,169,72,17,21,5,3,9,556,4,0,6,13,7,20,24,10,16,5,0,3,107,0,0,0,5,6,9,18,15,11,13,8,6,90,107,11,151,786,413,527,159,30,16,15,14,81,2313,6,0,5,15,8,14,7,0,0,0,0,546,595,136,17,249,1005,665,1325,1455,950,633,693,256,706,8090,3,6,0,6,3,46,276,363,292,513,363,176,2047,0,0,3,17,25,91,95,47,25,41,21,33,391,3,0,4,11,18,149,699,540,416,637,216,186,2881,0,0,0,5,4,20,88,61,58,83,54,53,423,5,9,18,29,87
50604,8,0,6,9,12,83,566,787,345,445,107,31,2398,0,0,7,24,30,92,84,32,20,11,9,8,326,6,0,5,13,27,206,567,256,102,129,16,26,1339,0,0,0,3,9,30,96,61,33,25,15,13,293,4,0,0,38,113,370,365,45,120,25,7,39,1124,8,7,25,132,102,135,71,11,4,0,0,23,523,0,0,0,9,15,45,30,0,12,3,0,15,131,0,0,0,3,4,10,30,34,12,7,10,12,121,97,13,170,1076,443,471,122,18,9,4,5,85,2521,0,0,3,21,10,13,5,6,0,0,0,709,775,129,26,222,1323,754,1467,1948,1234,652,659,169,960,9552,3,3,3,0,6,52,424,571,400,552,258,239,2523,0,0,0,7,19,87,109,54,34,30,15,43,401,4,3,10,9,22,298,1127,754,422,523,128,218,3514,0,0,0,4,8,33,147,143,80,85,31,57,591,16,8,21,66,137
50605,4,0,3,4,7,38,245,408,204,270,101,18,1301,0,0,0,15,19,72,57,25,9,15,10,0,225,3,0,6,15,9,92,279,167,93,131,18,11,815,0,0,3,5,4,16,53,26,21,15,13,7,165,5,0,3,18,48,149,208,32,123,43,11,20,652,4,0,18,64,49,120,45,15,17,7,3,13,353,0,0,3,3,5,17,18,7,11,0,3,3,73,0,0,0,0,0,8,15,12,3,14,5,6,66,45,9,112,619,321,459,162,26,22,16,11,52,1858,0,0,0,19,9,7,7,0,0,0,0,474,511,64,13,151,744,470,986,1085,721,504,506,174,606,6021,3,0,5,0,4,28,143,242,195,338,223,131,1306,0,0,0,6,5,31,63,38,16,25,6,25,214,9,3,3,9,16,116,531,423,316,384,140,169,2112,0,0,0,0,0,20,58,63,48,61,23,33,310,3,9,0,5,25
50606,3,0,0,0,3,12,76,135,72,84,32,10,439,0,0,0,3,7,26,27,7,0,0,6,0,85,0,0,0,5,8,28,88,69,23,36,3,9,267,0,0,0,0,0,10,12,9,5,9,0,9,52,0,0,0,10,18,53,60,11,41,0,0,8,207,0,3,5,31,20,17,13,5,10,6,5,7,119,0,0,0,0,9,3,9,9,6,0,0,3,39,0,0,0,0,0,0,10,0,0,0,0,4,19,15,0,39,179,74,80,26,9,3,0,0,13,439,0,0,0,5,0,0,0,0,0,0,0,166,179,21,0,59,232,136,244,322,253,167,141,54,217,1850,0,0,0,6,3,10,66,74,57,91,62,59,429,0,0,0,0,0,7,27,17,5,6,0,9,82,0,0,0,5,7,46,207,145,95,127,27,75,734,0,0,0,0,0,10,33,19,10,11,4,16,97,5,0,0,4,13
50607,0,0,0,3,6,17,174,262,149,376,290,6,1284,0,0,8,10,9,46,64,32,13,16,15,0,221,0,0,5,3,3,58,154,127,86,146,48,5,635,0,0,0,3,6,11,26,17,16,42,15,3,137,0,0,5,4,23,84,122,31,167,35,21,14,502,5,3,9,31,30,65,62,22,11,23,9,4,260,0,0,4,3,0,10,6,0,13,3,3,0,45,0,0,0,0,0,4,3,10,8,7,7,4,42,42,7,30,217,144,219,148,41,32,21,19,29,937,0,0,0,4,0,3,0,0,0,0,0,373,388,52,9,60,277,218,514,754,540,494,671,431,443,4458,0,0,4,0,0,14,36,67,70,194,258,66,712,0,0,0,6,3,20,15,21,7,26,23,9,137,3,0,0,0,3,25,115,136,205,383,191,95,1162,0,0,3,0,0,3,11,17,31,53,34,10,171,0,3,3,4,17
50701,5,0,0,5,6,70,428,746,376,602,213,24,2479,3,0,9,12,23,78,66,23,18,12,9,5,263,0,0,0,13,15,151,401,263,129,165,26,22,1190,5,0,0,3,8,19,60,52,33,59,16,8,262,4,0,3,17,67,201,309,41,150,29,11,36,870,0,4,23,104,83,110,69,13,13,12,0,13,439,0,0,0,13,7,27,23,5,18,3,0,7,104,0,0,0,0,0,7,16,17,15,22,7,9,83,83,12,148,881,326,363,125,27,11,8,3,87,2066,3,0,13,13,5,8,3,3,0,0,0,679,724,100,13,197,1062,534,1038,1504,1183,753,915,295,885,8485,8,0,4,3,10,39,258,378,295,484,299,192,1969,0,3,6,4,11,54,138,61,24,37,15,38,380,7,4,8,6,20,207,923,735,552,673,197,250,3562,0,0,3,4,0,28,136,125,80,132,38,48,595,12,3,8,30,70
50702,0,0,0,3,0,19,99,157,106,266,198,6,861,0,0,6,3,12,47,47,21,18,19,8,3,183,0,0,0,0,3,55,119,86,60,122,32,5,484,0,0,0,0,3,11,17,18,10,34,13,3,112,0,0,0,11,13,61,86,30,92,31,16,9,343,0,0,10,30,33,64,41,8,21,10,10,7,243,0,0,0,4,5,7,14,5,7,5,0,5,47,0,0,0,0,0,3,6,7,6,15,9,3,43,22,4,73,353,150,183,93,32,22,15,8,42,992,4,0,3,9,3,3,0,0,0,0,0,346,364,31,11,93,412,217,459,527,367,344,511,291,419,3676,0,0,0,0,0,5,38,59,58,154,148,61,530,0,0,0,8,3,17,38,27,18,23,12,12,161,4,3,0,0,7,51,168,174,197,310,125,79,1104,0,0,0,0,0,7,20,30,27,50,32,15,181,3,0,0,10,11
50703,3,0,0,0,0,23,182,214,86,104,25,12,655,0,0,5,0,9,27,22,7,0,0,0,0,72,0,0,0,5,6,60,141,84,29,37,3,0,369,0,0,0,0,9,5,33,19,13,14,0,8,89,4,0,0,10,31,101,111,11,31,12,0,9,330,0,3,10,24,16,28,19,4,5,3,0,0,112,0,0,0,0,4,13,3,0,0,0,0,3,31,0,0,0,0,0,4,12,8,3,0,4,0,32,18,0,38,336,112,116,22,0,0,0,0,35,690,5,0,0,7,4,4,0,0,0,0,0,234,261,29,7,46,384,191,383,557,349,169,174,35,303,2635,4,0,0,0,0,17,94,153,74,88,47,60,539,0,0,0,4,3,20,30,16,3,9,0,7,94,3,0,0,3,3,94,294,155,95,113,21,63,839,0,0,0,0,0,13,55,39,29,25,4,13,173,0,5,3,3,34
50704,0,0,5,5,0,42,253,468,280,588,408,25,2069,3,0,12,26,35,107,119,58,34,49,30,4,480,3,0,0,10,10,127,317,232,190,324,95,11,1323,0,0,0,4,8,17,39,43,32,56,30,7,243,7,0,0,14,44,172,277,77,281,68,36,32,1005,10,0,22,91,96,196,164,30,55,31,15,15,738,0,0,5,10,13,20,24,0,20,8,0,12,107,0,0,5,0,5,7,9,17,8,16,8,4,85,99,11,163,859,507,891,398,112,55,52,67,119,3330,0,0,4,22,4,20,3,0,3,0,0,683,749,124,13,217,1039,726,1585,1605,1043,950,1197,699,907,10117,8,0,0,3,3,33,155,253,263,663,700,221,2304,0,0,3,8,10,48,96,56,65,80,60,39,457,5,0,5,13,14,143,586,648,687,1193,532,310,4139,0,0,0,0,0,23,67,63,89,148,93,58,550,12,3,4,12,45
50705,10,0,4,3,11,59,478,620,341,494,134,38,2188,5,0,10,20,24,98,71,31,16,11,5,8,293,6,0,5,6,29,178,456,268,152,162,18,24,1310,0,0,0,5,4,25,75,71,35,53,11,13,298,3,0,7,21,70,257,431,43,241,29,15,41,1161,0,3,31,111,89,136,76,7,14,3,3,15,501,0,0,3,12,16,21,35,17,25,3,0,15,139,0,0,4,5,0,11,26,32,9,19,3,6,110,92,13,186,1300,613,661,191,21,24,13,5,112,3224,3,0,0,33,12,18,3,0,4,0,0,1047,1119,120,12,248,1519,862,1467,1844,1111,851,796,202,1316,10347,12,7,6,4,3,34,240,465,376,623,316,208,2285,3,0,5,8,5,39,90,48,41,26,13,20,302,0,0,7,9,12,206,968,728,545,664,158,244,3547,0,0,0,6,0,32,125,130,78,131,40,47,597,11,8,6,17,57
50901,39,3,16,34,28,139,388,305,111,141,56,32,1301,12,3,8,33,35,123,79,37,11,13,3,6,361,13,6,15,27,38,225,343,134,56,70,20,10,960,3,0,6,9,5,42,59,29,12,11,4,3,179,6,5,9,41,69,158,148,20,37,11,3,23,524,3,3,35,113,70,135,54,15,9,10,3,16,461,0,0,0,12,17,23,16,10,12,0,3,6,105,0,0,0,0,4,23,39,8,7,10,0,3,97,54,10,140,794,315,456,180,32,27,16,11,81,2105,5,0,0,20,10,5,0,0,0,0,0,507,546,127,24,228,1092,591,1321,1316,593,275,286,109,687,6636,15,0,11,22,14,60,221,209,96,141,55,128,969,3,0,0,8,17,92,96,31,15,17,11,24,320,4,4,15,34,19,238,583,298,129,163,58,125,1681,0,0,3,3,9,46,89,36,39,27,11,25,281,7,4,16,35,66
50902,44,0,17,43,39,153,375,308,135,157,66,40,1373,8,4,14,36,41,63,69,26,16,13,11,10,310,8,0,21,27,53,201,381,177,68,78,23,15,1048,3,0,0,7,4,39,54,24,17,17,7,0,169,9,0,13,36,71,180,203,26,86,17,3,23,666,6,9,39,108,98,110,38,4,8,5,0,19,439,3,5,3,14,4,29,19,6,20,0,0,16,101,0,0,4,7,8,14,25,13,3,10,5,14,101,74,6,149,883,262,340,126,44,20,5,19,77,2003,0,0,4,18,12,13,4,0,3,0,3,649,716,153,19,263,1182,590,1134,1293,630,365,299,138,871,6935,11,3,16,15,22,68,210,156,130,139,54,171,992,0,0,6,6,10,46,54,23,17,8,6,24,194,9,3,19,33,47,223,484,236,130,121,54,181,1550,3,0,0,7,0,24,51,50,35,30,7,37,250,7,0,13,34,79
50903,25,0,22,33,31,69,168,132,56,73,32,18,664,5,0,10,15,23,24,35,11,9,6,7,9,138,15,0,5,20,16,99,153,64,19,34,12,9,430,0,0,3,0,3,12,31,13,9,9,0,6,90,6,0,4,8,36,64,61,10,17,0,0,12,231,0,0,12,28,23,31,16,6,0,7,0,3,125,0,0,3,4,0,5,12,3,5,0,0,4,37,3,0,0,3,3,9,9,3,3,4,0,10,58,14,4,51,216,87,102,42,6,3,4,0,22,547,0,0,0,10,4,4,0,0,0,0,0,227,250,72,10,109,341,221,424,526,246,122,137,57,316,2570,15,0,9,9,10,46,83,53,25,42,34,92,410,0,0,0,5,0,14,19,0,5,0,0,15,63,6,0,5,18,33,128,207,92,56,52,23,76,705,0,0,0,0,0,15,28,8,13,9,0,15,93,0,0,12,28,43
51001,5,0,0,0,3,30,180,248,135,233,90,16,939,0,0,6,5,7,23,19,12,0,7,0,4,85,0,0,0,0,0,32,94,79,31,58,11,8,311,3,0,0,0,0,7,14,21,19,20,5,4,99,3,0,3,15,15,55,55,19,37,17,0,9,230,0,0,10,16,11,15,13,4,0,0,0,0,64,0,0,0,3,4,4,0,3,0,0,0,4,22,0,0,0,0,0,0,7,4,4,13,6,5,47,24,0,42,107,40,55,23,3,4,0,5,16,325,0,0,3,0,0,6,4,4,4,0,0,270,286,39,4,66,154,81,222,408,392,237,356,123,331,2410,0,0,4,0,9,15,95,97,89,114,71,84,583,0,0,4,19,18,23,21,14,4,6,3,9,121,3,0,0,12,9,60,168,133,73,99,22,38,616,0,0,0,8,0,11,30,23,24,33,10,13,155,0,0,8,26,22
51002,3,0,0,3,0,10,42,76,84,323,200,14,758,0,0,0,0,0,6,3,4,6,4,6,0,23,0,0,0,0,0,7,19,25,27,87,18,5,186,0,0,0,0,0,0,4,10,5,23,24,3,64,0,0,0,0,4,15,38,8,72,8,10,9,164,0,0,6,0,0,8,4,0,0,0,0,0,19,0,0,0,0,0,0,0,4,6,4,0,5,16,0,0,0,0,0,0,0,7,0,6,10,0,26,5,0,3,16,9,6,5,3,3,0,0,4,61,0,0,0,0,0,0,0,0,0,0,0,164,161,7,0,10,29,16,44,116,136,198,463,255,211,1486,4,0,5,3,0,4,13,36,48,182,222,52,566,0,0,0,4,4,0,3,4,4,7,7,7,34,3,0,5,0,0,4,37,42,114,171,57,34,465,0,0,0,0,0,0,9,10,24,41,30,9,123,0,0,3,0,4
51003,7,0,0,0,3,6,69,103,112,388,362,15,1065,0,0,0,0,0,3,3,0,0,5,0,0,21,0,0,0,0,0,9,50,44,43,108,30,0,289,0,0,0,0,0,0,7,5,9,27,29,7,78,0,0,0,0,4,21,36,13,106,19,13,9,214,0,0,0,9,0,3,3,3,4,5,0,0,20,0,0,0,0,5,0,7,0,8,0,0,4,27,0,0,0,0,0,0,5,0,0,17,16,6,44,6,0,9,29,6,6,7,3,0,3,0,6,81,0,0,0,6,3,0,0,0,0,0,0,187,197,14,0,18,45,24,56,188,178,278,569,440,222,2034,5,0,0,0,3,5,19,46,69,221,285,71,720,0,0,0,0,0,0,7,5,8,4,0,0,38,0,3,4,0,0,11,75,75,179,332,99,52,842,0,0,0,0,0,4,14,14,41,60,52,9,192,0,0,5,0,7
51101,5,0,0,0,8,30,90,93,30,67,21,6,350,0,0,0,7,5,30,24,8,4,9,0,4,94,4,0,5,9,10,45,105,46,16,23,3,8,274,0,0,0,3,3,7,11,8,3,8,0,0,57,0,0,3,5,17,48,52,7,26,3,0,10,169,3,0,7,24,13,29,14,4,6,0,0,7,108,0,0,0,10,6,5,0,0,0,0,0,6,25,0,0,3,0,0,6,5,9,6,9,0,5,30,7,0,32,151,57,72,39,16,8,0,4,18,412,4,0,0,4,0,0,5,0,0,0,0,153,166,30,6,48,214,118,276,347,189,99,122,32,208,1681,11,0,3,7,8,22,76,49,37,43,23,56,335,0,0,0,4,4,11,24,7,6,0,4,5,61,5,0,3,8,15,57,156,99,62,72,18,42,536,0,0,0,0,0,13,27,17,12,11,0,10,88,0,0,3,11,12
51102,8,0,3,4,6,22,76,58,38,55,21,9,299,0,0,5,0,3,18,14,4,0,0,0,0,43,0,0,0,5,0,12,52,27,8,16,0,0,131,0,0,0,0,0,7,9,6,4,4,0,6,28,0,0,0,4,10,24,23,3,13,5,0,0,82,0,0,5,17,9,12,4,0,0,0,0,4,50,0,0,0,3,5,3,8,0,0,3,0,0,20,0,0,0,0,0,5,3,0,3,0,0,0,21,9,0,14,88,33,58,21,0,0,0,6,11,249,0,0,0,0,0,0,3,0,0,0,0,86,95,18,0,22,126,65,159,202,103,61,92,26,120,1015,7,0,4,3,6,15,41,39,24,34,14,34,212,0,0,0,0,6,3,8,5,4,6,0,0,27,0,0,0,0,4,18,74,36,28,26,3,12,203,0,0,0,0,0,3,10,7,9,8,7,7,47,3,5,0,3,5
51103,6,0,0,4,6,44,180,277,203,423,178,30,1357,0,0,7,3,8,15,16,6,3,9,0,0,75,0,0,0,6,5,39,129,83,60,111,6,17,461,4,0,0,0,0,5,24,22,10,21,5,8,99,0,0,4,9,25,88,133,22,105,24,7,21,440,0,0,11,31,19,18,11,9,4,0,0,0,104,0,0,4,7,7,16,18,0,4,0,0,3,63,4,0,0,4,0,9,9,3,4,5,0,9,50,10,0,29,152,46,58,13,4,3,3,0,17,343,0,0,3,4,0,0,0,0,0,0,0,318,326,28,5,70,215,112,293,535,434,399,598,207,425,3320,4,0,0,0,0,14,84,143,126,300,186,99,954,0,0,3,7,4,12,7,13,12,10,0,13,81,0,0,0,4,3,26,222,173,212,297,61,78,1081,0,0,0,0,5,8,27,50,35,51,13,17,209,3,3,4,8,16
51104,22,0,7,24,15,88,300,291,153,185,72,23,1186,3,0,8,17,15,71,56,22,12,11,10,6,233,8,0,8,11,20,151,283,139,57,70,11,19,776,0,0,0,5,10,25,62,35,20,17,9,13,191,7,0,10,28,48,131,148,23,79,21,8,24,527,0,3,21,89,57,79,57,12,12,6,0,11,344,0,0,8,4,12,22,24,6,8,0,0,11,90,6,0,0,0,5,4,18,12,10,8,0,13,71,58,3,105,680,207,299,118,15,8,16,11,77,1594,0,0,4,21,7,7,4,0,3,0,3,627,680,110,7,172,889,395,873,1066,549,355,335,128,816,5686,6,0,9,4,16,47,180,179,136,168,114,143,1003,0,0,0,4,9,30,66,28,16,11,3,20,187,3,0,7,14,23,157,454,288,186,197,70,128,1522,0,0,0,0,4,25,73,64,37,27,9,43,286,8,8,10,24,49
59797,0,0,0,0,0,0,0,0,0,0,0,0,0,0,0,0,0,0,0,0,0,0,0,0,0,0,0,0,0,0,0,0,0,0,0,0,0,0,0,0,0,0,0,0,0,0,0,0,0,0,0,0,0,0,0,0,0,0,0,0,0,0,0,0,0,0,0,0,0,0,0,0,0,0,0,0,0,0,0,0,0,0,0,0,0,0,0,0,0,0,0,0,0,0,0,0,0,0,0,0,0,0,0,0,0,0,0,0,0,0,0,0,0,0,0,0,0,0,0,0,0,0,0,0,0,0,0,0,0,0,0,0,0,0,0,0,0,0,0,0,0,0,0,0,0,0,0,0,0,0,0,0,0,0,0,0,0,0,0,0,0,0,0,0,0,0,0,0,0,0,0,0,0,0,0,0,0,0,0,0,0,0,0,0,0,0,0,0,0,0,0,0,0,0,0,0,0,0,0,0
59999,0,0,0,0,0,0,0,0,0,0,0,0,0,0,0,0,0,0,0,0,0,0,0,0,0,0,0,0,0,0,0,0,0,0,0,0,0,0,0,0,0,0,0,0,0,0,0,0,0,0,0,0,0,0,0,0,0,0,0,0,0,0,0,0,0,0,0,0,0,0,0,0,0,0,0,0,0,0,0,0,0,0,0,0,0,0,0,0,0,0,0,0,0,0,0,0,0,0,0,0,0,0,0,0,0,0,0,0,0,0,0,0,0,0,0,0,0,0,0,0,0,0,0,0,0,0,0,0,0,0,0,0,0,0,0,0,0,0,0,0,0,0,0,0,0,0,0,0,0,0,0,0,0,0,0,0,0,0,0,0,0,0,0,0,0,0,0,0,0,0,0,0,0,0,0,0,0,0,0,0,0,0,0,0,0,0,0,0,0,0,0,0,0,0,0,0,0,0,0,0
60101,0,0,0,3,0,20,126,82,33,25,7,6,304,0,0,0,3,13,23,9,5,0,0,0,0,47,0,0,0,0,4,62,80,23,17,10,0,12,203,0,0,0,0,0,10,19,6,5,0,0,5,41,0,0,0,6,26,49,40,5,9,0,0,8,151,0,0,0,36,15,24,14,0,0,0,0,0,95,0,0,0,0,4,8,7,0,0,0,0,0,22,0,0,0,0,0,0,5,0,0,4,0,0,14,6,0,23,239,62,92,23,3,0,0,3,14,468,0,0,0,3,4,5,0,0,0,0,0,82,100,8,0,32,300,121,295,317,123,66,39,7,120,1435,0,0,0,0,0,16,94,91,45,33,11,35,322,0,0,0,0,7,17,28,3,3,0,0,6,67,0,0,0,0,8,103,228,110,27,34,3,39,553,0,4,0,0,3,24,32,18,7,11,0,8,105,0,0,0,16,21
60102,0,0,0,0,11,53,276,336,145,175,67,11,1080,0,0,8,8,23,47,71,16,4,12,0,4,186,0,0,0,9,25,139,280,133,73,71,20,10,761,3,0,0,0,0,22,41,30,13,15,5,7,137,0,0,3,17,42,143,145,32,56,27,0,0,476,0,0,19,96,70,121,89,22,17,4,5,13,460,0,0,0,10,9,23,11,3,4,0,0,6,62,0,0,0,3,0,6,12,14,0,9,3,0,50,24,0,78,652,339,598,185,29,11,19,7,67,1999,0,0,0,18,6,3,4,0,0,0,0,311,342,35,0,113,812,524,1146,1121,613,326,328,102,432,5556,8,0,0,0,0,23,158,232,136,248,101,110,1010,0,0,3,9,8,49,100,63,16,22,10,32,307,0,0,4,5,14,191,608,470,238,267,61,160,2019,0,0,0,5,3,40,62,60,39,30,15,20,274,0,0,5,7,46
60103,5,0,0,3,9,80,382,302,92,72,11,11,965,0,0,8,10,17,57,53,18,6,0,0,3,174,0,0,0,12,15,190,300,120,33,34,0,12,713,0,0,3,4,5,38,46,23,5,3,0,4,134,4,0,9,35,60,152,116,11,16,5,0,21,424,0,6,20,98,69,75,36,10,3,0,0,10,325,0,0,0,11,11,18,11,0,4,0,0,4,55,0,0,0,0,0,10,10,0,0,0,0,0,29,23,0,78,892,324,395,86,14,9,3,3,85,1907,3,0,3,36,10,10,6,0,0,0,0,279,350,33,8,125,1098,516,1025,1045,500,164,126,15,435,5086,4,4,0,6,4,42,236,234,112,129,39,103,910,0,0,0,15,7,66,86,33,15,7,4,12,242,0,0,3,5,22,219,605,318,109,117,23,101,1534,0,0,3,0,6,57,90,52,24,21,3,26,274,0,0,7,25,64
60104,0,0,0,3,6,35,185,224,85,100,29,8,667,5,0,0,5,20,51,53,17,0,9,4,0,174,0,0,0,9,9,81,194,97,43,54,10,8,490,0,0,3,0,3,15,27,22,5,4,0,6,92,0,0,0,8,15,70,101,27,50,13,6,6,292,0,0,11,39,34,82,53,17,5,4,0,8,261,0,0,0,3,4,15,3,4,0,6,0,0,36,0,0,0,0,0,0,7,4,0,4,3,0,26,18,5,47,372,219,327,137,19,6,11,5,28,1190,0,0,0,9,3,9,0,0,0,3,0,213,237,25,3,70,450,315,678,765,424,205,205,56,273,3463,0,0,0,0,0,14,138,140,103,161,74,58,702,0,0,0,9,13,46,84,38,15,27,3,10,244,0,0,0,4,21,108,427,310,197,209,44,102,1419,0,0,0,0,9,19,72,53,29,32,3,13,224,5,0,4,9,19
60105,5,0,7,8,9,54,235,274,165,292,123,6,1174,0,0,13,35,30,83,70,34,15,14,6,0,318,0,0,5,7,16,125,217,148,83,146,29,3,779,0,0,3,4,9,20,23,22,15,13,9,6,127,5,0,6,21,33,96,146,53,90,46,4,5,512,3,6,37,57,50,92,103,24,20,11,14,4,417,0,0,3,3,0,11,15,7,8,0,0,4,49,0,0,0,0,0,0,7,6,4,7,5,0,37,36,6,60,313,187,389,204,61,26,28,20,40,1375,0,0,0,6,5,14,0,3,5,0,0,363,394,57,16,131,457,342,882,1032,643,422,559,212,432,5178,0,0,0,0,0,24,99,141,132,274,197,120,999,0,0,0,8,11,41,82,69,32,34,15,22,314,5,0,0,4,4,74,293,322,233,352,127,106,1523,0,0,0,3,0,19,43,63,43,57,26,19,279,0,0,0,8,24
60106,0,0,0,6,4,24,150,98,41,31,8,7,367,0,0,0,8,3,19,19,5,0,0,0,0,57,0,0,0,0,9,57,106,36,13,14,0,3,236,0,0,0,0,7,10,18,4,0,4,0,0,47,0,0,0,12,17,52,42,4,11,4,0,4,156,0,0,5,21,29,39,22,6,5,0,0,4,129,0,0,0,8,4,4,3,0,0,0,0,0,31,0,0,0,0,4,3,6,3,0,0,0,3,19,6,0,27,275,91,148,26,7,4,12,6,21,608,0,0,0,4,0,3,0,0,0,0,0,103,121,13,0,38,346,162,364,392,162,72,67,13,142,1765,0,0,0,0,3,13,75,63,42,38,18,46,301,0,0,0,0,6,25,31,8,0,0,0,4,83,0,0,3,5,13,70,211,99,34,36,4,48,525,0,0,0,5,0,9,40,20,8,3,4,7,101,0,0,0,7,26
60201,10,0,0,10,20,113,605,416,153,187,44,12,1568,0,0,14,30,26,130,81,33,8,13,3,3,345,3,0,11,24,29,318,437,193,73,87,22,19,1234,0,0,0,6,8,53,80,32,19,17,4,5,229,0,0,10,29,103,242,163,38,48,20,3,17,673,0,4,39,166,120,130,67,17,18,10,3,15,593,0,0,6,13,14,19,13,5,6,0,0,0,78,0,0,0,5,0,10,22,11,6,9,4,0,73,32,3,132,1208,502,565,167,26,23,23,15,83,2783,0,0,6,40,9,14,11,0,0,3,0,462,549,52,12,218,1538,828,1600,1645,779,362,370,103,617,8115,3,0,4,0,8,50,316,330,198,236,101,154,1418,0,0,0,7,23,93,124,50,16,14,4,24,359,3,0,5,11,19,340,1003,539,282,290,80,176,2757,0,0,0,4,10,64,152,74,34,52,17,36,440,3,0,5,31,92
60202,0,0,6,16,13,63,154,104,37,32,8,8,449,0,0,8,16,8,50,29,14,9,3,5,3,144,0,0,4,18,13,122,152,55,16,23,3,11,410,0,0,0,3,8,10,22,10,6,4,0,4,66,8,0,5,20,37,77,63,11,19,7,0,11,257,0,0,13,72,46,58,29,0,0,0,0,8,237,4,3,4,3,9,14,9,3,3,0,0,5,52,0,0,0,4,0,8,5,3,5,0,0,0,24,22,3,79,535,169,229,62,9,3,3,3,26,1144,0,0,5,10,6,7,5,3,0,0,0,175,211,30,6,121,700,311,643,525,217,99,70,20,252,2996,0,0,0,10,4,23,93,85,48,56,19,52,387,0,0,0,9,3,37,41,14,4,6,5,10,127,4,3,0,10,19,141,287,124,55,54,10,72,770,0,0,0,4,0,31,48,19,8,16,5,10,141,3,5,4,15,31
60203,10,0,10,15,16,96,243,140,49,56,16,16,677,0,0,4,33,19,75,62,14,6,0,0,4,223,0,0,13,15,25,176,225,79,31,31,4,9,618,0,0,0,3,11,37,30,22,8,9,0,0,114,0,3,8,33,66,133,101,16,18,3,0,25,412,0,0,33,127,70,90,32,6,7,0,5,10,386,0,0,3,13,13,16,15,3,4,0,0,7,66,3,0,0,6,0,18,10,5,3,0,0,8,52,34,11,132,943,286,359,82,14,8,3,0,61,1937,0,0,6,23,11,18,4,0,0,0,4,303,367,45,15,200,1217,522,1017,801,305,139,110,38,441,4845,0,0,0,3,5,48,162,138,65,75,19,93,609,0,0,0,10,10,58,59,20,10,5,5,17,193,5,3,10,13,19,204,426,199,83,60,19,97,1126,0,0,0,5,0,29,60,33,12,16,3,12,176,0,0,3,22,57
60301,5,0,4,7,0,27,75,46,15,13,6,6,199,0,0,0,8,0,26,11,3,6,3,0,0,63,0,0,0,6,5,44,61,25,9,9,0,0,167,0,0,0,5,7,11,21,8,6,0,0,6,53,4,0,3,16,15,51,43,4,6,3,0,6,147,0,0,7,38,17,30,14,4,0,0,0,3,116,0,0,6,0,7,7,4,0,0,0,0,4,25,0,0,0,0,0,3,4,0,0,0,0,4,21,9,4,36,284,69,66,26,0,0,3,0,21,517,0,0,3,4,3,0,6,3,0,0,0,86,107,17,6,66,365,128,268,255,92,28,29,14,135,1405,0,0,0,7,0,22,62,51,19,20,0,34,223,0,0,0,3,6,21,13,6,0,0,0,3,56,0,0,5,3,14,79,127,66,25,16,11,36,373,0,0,0,0,0,17,30,5,4,3,0,11,63,0,0,6,14,20
60302,6,0,0,7,6,31,127,76,28,27,16,0,323,0,0,5,18,16,34,35,14,5,0,5,3,127,3,0,0,6,15,85,82,52,18,17,0,0,280,0,0,8,0,0,10,23,5,0,3,0,0,55,0,0,3,17,32,69,49,7,14,0,0,7,205,5,0,13,69,41,70,33,4,3,0,0,7,245,0,0,0,13,8,12,6,0,0,0,0,3,40,0,0,0,0,5,4,3,4,0,0,4,7,14,15,3,47,393,133,198,75,8,3,0,0,31,918,4,0,0,9,0,5,0,0,0,0,0,151,175,38,3,80,524,258,517,441,164,73,60,22,206,2380,0,0,0,0,7,14,56,69,32,27,13,34,248,0,0,0,8,12,43,50,13,7,4,0,9,155,0,0,0,4,15,102,217,79,25,32,14,35,526,0,0,0,4,4,14,41,14,8,8,3,8,100,0,0,3,10,28
60303,4,0,4,10,9,9,35,16,11,9,0,0,103,0,0,0,16,13,20,16,6,0,0,0,0,68,0,0,0,5,0,29,37,10,4,9,0,3,97,0,0,0,4,6,4,0,0,5,0,0,0,17,0,0,0,3,5,28,18,4,0,0,0,0,69,0,0,7,32,23,18,14,5,0,3,0,3,106,0,0,0,6,3,0,0,0,0,0,0,0,22,0,0,0,0,0,6,5,0,0,0,0,0,13,9,0,30,198,79,92,32,4,0,0,0,19,469,0,0,0,7,0,0,4,0,0,0,0,73,89,13,4,46,279,137,215,166,35,20,24,3,109,1058,0,0,0,0,0,11,22,12,0,8,3,4,69,0,0,0,3,0,17,8,0,0,0,0,7,39,0,0,0,3,7,34,55,7,8,8,0,18,128,0,0,0,0,0,5,6,0,0,0,0,0,15,0,0,0,3,10
60401,5,0,7,6,13,85,287,229,85,67,26,17,831,4,0,6,26,30,81,53,11,0,8,0,0,217,0,0,6,18,30,197,288,95,39,40,8,4,733,0,0,4,5,15,27,42,28,3,18,4,7,143,3,5,9,43,87,175,147,20,32,9,0,12,547,4,7,22,127,80,109,43,3,4,6,4,5,409,3,0,0,9,3,22,16,0,5,0,0,4,67,0,0,0,7,0,9,11,11,5,3,0,0,46,31,4,145,1137,363,428,112,23,4,11,7,75,2341,4,0,5,39,4,18,0,3,0,0,0,356,433,49,15,200,1420,629,1159,995,420,177,160,58,491,5751,0,0,3,6,7,45,192,174,111,121,35,95,787,0,0,0,6,8,55,73,15,6,3,5,17,189,3,0,5,9,25,211,608,261,130,112,28,132,1524,4,0,0,0,12,39,86,49,32,20,6,26,265,3,4,4,17,61
60402,3,0,3,6,13,101,270,186,81,78,17,7,770,0,0,3,18,27,75,49,13,4,10,3,0,205,0,0,0,24,35,180,287,90,28,33,3,12,692,0,0,0,0,9,27,44,21,5,4,0,0,120,6,0,6,14,69,152,132,10,40,10,4,20,446,0,6,18,114,71,93,43,12,0,4,0,4,367,0,0,3,25,11,24,6,4,4,0,0,4,89,0,0,6,3,3,7,12,4,4,3,0,5,38,29,8,135,959,331,418,112,23,7,9,6,60,2093,4,0,7,25,8,10,0,0,5,0,0,352,408,48,15,182,1187,565,1078,967,371,178,147,37,472,5231,3,0,4,3,6,54,200,170,84,101,24,75,726,0,0,0,6,12,69,60,28,10,13,0,16,213,0,4,6,13,22,233,555,255,93,75,23,121,1377,0,0,3,8,3,40,80,33,18,21,9,22,228,3,5,0,16,56
60403,0,0,5,7,15,50,130,90,41,33,11,9,402,0,0,3,14,13,29,17,11,4,4,0,0,97,0,0,9,8,18,85,126,46,26,19,5,3,346,0,0,0,6,5,6,31,17,8,0,0,4,78,3,0,5,12,25,62,66,4,20,0,0,11,222,0,0,8,58,30,26,25,0,3,0,0,4,159,0,0,0,5,4,5,11,0,5,0,0,0,28,0,0,0,3,0,9,9,0,0,3,0,6,33,16,3,34,311,94,108,29,8,0,0,6,18,632,0,0,3,5,3,3,6,3,0,0,0,130,154,24,3,73,440,203,387,459,178,106,66,25,186,2147,0,0,3,3,3,20,100,67,34,38,12,45,329,0,0,0,4,7,20,30,12,7,5,0,9,86,3,0,3,4,14,88,212,78,60,35,19,57,585,0,0,0,0,0,15,34,14,7,3,0,17,89,0,0,3,5,34
69797,0,0,0,0,0,0,0,0,0,0,0,0,0,0,0,0,0,0,0,0,0,0,0,0,0,0,0,0,0,0,0,0,0,0,0,0,0,0,0,0,0,0,0,0,0,0,0,0,0,0,0,0,0,0,0,0,0,0,0,0,0,0,0,0,0,0,0,0,0,0,0,0,0,0,0,0,0,0,0,0,0,0,0,0,0,0,0,0,0,0,0,0,0,0,0,0,0,0,0,0,0,0,0,0,0,0,0,0,0,0,0,0,0,0,0,0,0,0,0,0,0,0,0,0,0,0,0,0,0,0,0,0,0,0,0,0,0,0,0,0,0,0,0,0,0,0,0,0,0,0,0,0,0,0,0,0,0,0,0,0,0,0,0,0,0,0,0,0,0,0,0,0,0,0,0,0,0,0,0,0,0,0,0,0,0,0,0,0,0,0,0,0,0,0,0,0,0,0,0,0
69999,0,0,0,0,0,0,0,0,0,0,0,0,0,0,0,0,0,0,0,0,0,0,0,0,0,0,0,0,0,0,0,0,0,0,0,0,0,0,0,0,0,0,0,0,0,0,0,0,0,0,0,0,0,0,0,0,0,0,0,0,0,0,0,0,0,0,0,0,0,0,0,0,0,0,0,0,0,0,0,0,0,0,0,0,0,0,0,0,0,0,0,0,0,0,0,0,0,0,0,0,0,0,0,0,0,0,0,0,0,0,0,0,0,0,0,0,0,0,0,0,0,0,0,0,0,0,0,0,0,0,0,0,0,0,0,0,0,0,0,0,0,0,0,0,0,0,0,0,0,0,0,0,0,0,0,0,0,0,0,0,0,0,0,0,0,0,0,0,0,0,0,0,0,0,0,0,0,0,0,0,0,0,0,0,0,0,0,0,0,0,0,0,0,0,0,0,0,0,0,0
70101,0,0,0,5,5,18,184,290,177,280,145,8,1103,0,0,0,4,3,14,16,4,9,11,6,0,69,0,0,0,4,3,30,93,65,30,68,21,4,328,0,0,0,0,0,9,21,45,19,34,13,8,150,0,0,0,7,9,46,50,14,55,31,5,8,236,0,0,6,3,6,18,10,3,8,4,0,0,64,0,0,0,0,0,7,4,0,0,0,0,0,23,0,0,0,0,0,3,10,9,4,13,0,0,43,14,0,18,51,25,53,30,14,8,3,7,10,243,0,0,0,3,3,4,0,0,0,0,0,260,270,22,0,28,81,59,196,424,448,303,451,208,304,2522,0,0,0,0,0,6,70,78,64,156,149,56,596,0,0,0,0,0,7,16,8,7,3,6,0,41,0,0,0,0,0,19,71,58,60,115,46,31,398,0,0,0,0,0,6,6,21,18,34,20,0,110,0,0,0,9,11
70102,4,0,0,0,8,46,348,437,248,350,140,25,1604,0,0,3,7,18,35,42,21,4,17,3,5,151,3,0,3,3,7,77,205,120,67,71,25,8,585,0,0,0,0,0,10,48,41,20,32,11,9,175,3,0,4,6,33,108,167,44,49,29,14,15,470,0,0,11,22,18,47,38,8,9,3,0,4,160,0,0,0,8,3,12,14,13,7,3,0,5,57,5,0,0,0,0,5,9,15,3,13,7,7,63,26,8,41,164,89,146,71,18,16,5,3,19,599,0,0,0,5,6,4,3,0,0,0,0,380,404,42,3,68,215,174,492,949,710,426,515,202,471,4267,10,0,0,0,0,31,228,356,278,433,297,149,1787,0,0,0,9,5,21,51,38,14,29,17,15,195,5,4,0,0,5,83,307,204,144,261,89,65,1171,4,0,0,0,4,12,56,64,67,78,51,27,364,5,3,4,16,35
70103,5,0,0,0,4,30,104,167,87,114,46,13,569,0,0,3,4,3,17,18,10,0,10,0,0,62,0,0,0,6,7,30,75,48,21,22,9,6,223,0,0,0,0,4,12,10,15,10,14,0,6,77,0,0,0,3,20,35,64,21,28,13,0,9,189,0,0,4,12,10,20,11,4,0,0,0,0,77,0,0,0,0,0,6,5,0,6,0,0,3,18,0,0,0,0,0,0,5,7,6,10,4,7,40,13,0,18,94,47,56,24,4,0,0,0,9,279,0,0,0,0,0,0,0,0,0,0,0,183,186,23,0,31,128,98,196,317,282,154,179,63,232,1712,4,0,0,0,3,10,68,142,106,208,109,66,718,0,0,0,6,5,4,14,9,9,3,3,5,58,3,0,0,0,9,25,134,96,52,62,30,21,430,0,0,0,0,0,0,26,24,20,29,13,8,130,0,0,5,9,10
70104,5,0,0,0,0,24,206,325,142,180,56,11,951,3,0,0,0,3,14,19,14,7,4,0,0,61,0,0,0,0,3,34,103,61,24,34,5,5,272,0,0,0,0,0,8,25,41,12,16,7,0,112,0,0,0,6,18,62,72,11,24,3,4,8,206,0,0,0,14,8,9,4,0,6,3,0,0,49,0,0,0,0,4,9,3,3,4,0,0,3,24,0,0,0,0,0,0,7,12,7,7,0,0,41,8,0,15,79,24,41,13,6,0,0,0,11,195,0,0,0,0,0,0,4,0,0,0,0,235,239,17,0,13,100,58,200,454,469,239,254,65,280,2153,0,0,0,0,0,15,139,306,232,303,138,83,1210,0,0,0,0,0,3,11,18,8,10,5,3,65,0,0,0,3,0,42,200,168,86,106,22,37,678,0,0,0,0,0,9,62,73,52,47,23,18,278,3,6,0,0,14
70201,4,0,0,5,3,51,266,264,167,163,88,19,1028,0,0,0,15,10,11,23,15,4,5,0,0,77,0,0,0,6,5,30,93,91,22,45,9,5,310,0,0,0,3,3,10,23,32,7,20,0,3,106,0,0,4,13,18,55,72,15,33,8,3,5,237,0,0,17,22,13,19,11,9,0,0,0,4,91,0,0,4,3,3,7,3,6,0,0,0,0,35,0,0,0,0,0,0,10,10,0,5,3,3,36,19,6,93,134,40,66,36,5,4,4,0,18,418,0,0,3,12,4,4,0,0,0,0,0,284,313,26,9,120,207,97,265,535,451,248,243,105,350,2651,0,0,0,7,6,40,148,225,151,194,119,91,982,0,0,5,7,3,32,26,18,9,11,4,10,135,3,0,0,7,6,43,186,120,85,122,37,42,649,0,6,0,0,4,3,30,32,23,38,6,19,167,7,0,4,20,22
70202,0,0,0,4,3,8,33,39,20,20,3,4,126,0,0,0,0,0,0,0,0,0,0,0,0,12,0,0,0,4,0,7,11,10,0,5,0,0,36,0,0,0,0,0,0,0,0,0,0,0,4,12,0,0,0,4,3,3,17,7,3,0,0,4,31,0,0,0,3,0,8,0,0,0,0,0,0,15,0,0,0,0,0,0,0,0,0,0,0,0,7,0,0,0,0,0,0,0,0,0,0,0,0,4,3,3,11,41,3,11,3,0,0,0,0,4,84,0,0,0,0,0,0,0,0,0,0,0,31,34,3,6,15,65,20,37,69,54,24,23,6,44,369,0,0,0,5,4,4,17,18,9,12,8,10,74,0,0,0,0,6,8,6,0,0,0,0,8,22,0,0,0,0,0,8,15,5,3,0,0,9,35,0,0,4,0,0,0,4,4,0,7,0,0,21,0,0,0,0,4
70203,4,0,3,11,10,19,58,48,24,42,18,6,240,0,0,3,12,4,10,10,0,0,4,0,0,45,0,0,0,3,4,22,16,9,5,8,0,0,71,0,0,0,0,4,4,5,11,0,7,0,0,30,0,0,7,15,14,21,25,7,13,4,0,3,105,0,0,3,18,7,6,7,0,0,0,0,0,37,3,0,0,3,0,9,4,0,0,0,0,0,19,0,0,0,0,0,0,3,4,0,4,0,3,22,9,6,44,84,26,24,12,0,4,0,0,4,219,0,0,3,0,0,0,0,0,0,0,0,48,50,16,7,66,150,69,114,132,81,46,63,26,75,849,0,0,0,7,0,30,51,32,20,31,6,23,212,0,0,8,14,6,33,21,7,4,0,0,5,101,0,0,4,5,7,19,45,34,8,12,7,12,151,0,0,0,4,6,5,15,4,4,5,3,8,52,0,0,9,49,36
70204,3,0,0,5,0,10,16,47,29,100,39,4,255,0,0,0,3,7,3,12,4,0,0,0,0,25,0,0,0,0,0,0,10,14,18,25,4,0,76,0,0,0,0,0,0,0,7,4,3,4,0,21,0,0,0,0,10,17,14,4,18,6,0,4,67,0,0,3,6,0,3,5,4,0,0,0,0,20,0,0,0,0,0,0,0,0,6,0,0,0,9,0,0,0,0,0,0,0,9,3,0,0,0,13,3,4,17,40,11,6,6,5,0,0,0,0,89,0,0,0,0,0,3,0,0,0,0,0,38,40,6,4,27,63,25,51,61,78,82,137,40,46,613,0,0,0,4,0,19,36,30,36,76,51,28,286,0,0,5,15,12,21,10,0,0,0,0,14,80,0,0,0,6,0,13,44,37,44,52,11,20,236,0,0,0,0,0,3,10,7,12,15,8,0,60,0,0,3,18,18
70205,5,0,0,0,6,28,87,116,76,70,21,10,424,0,0,4,3,3,7,14,0,0,0,0,0,31,0,0,0,4,3,22,44,15,12,11,0,5,116,0,0,0,0,4,3,8,3,6,5,0,10,36,0,0,7,7,15,32,29,7,5,0,0,9,115,0,3,7,12,8,10,3,0,0,5,0,0,57,0,0,0,7,0,8,7,0,5,0,0,3,20,0,0,0,0,0,5,11,3,0,4,0,0,31,6,0,33,82,34,28,14,0,0,0,0,8,205,0,0,0,0,4,0,4,0,0,0,0,117,132,12,4,53,117,74,150,216,153,109,101,28,159,1171,4,0,0,0,13,35,87,90,48,85,17,35,417,0,0,0,11,5,25,17,3,9,0,0,13,87,0,0,0,3,14,27,78,46,20,25,4,12,228,0,0,0,0,4,18,19,12,16,8,0,15,89,0,0,4,16,23
79797,0,0,0,0,0,0,0,0,0,0,0,0,0,0,0,0,0,0,0,0,0,0,0,0,0,0,0,0,0,0,0,0,0,0,0,0,0,0,0,0,0,0,0,0,0,0,0,0,0,0,0,0,0,0,0,0,0,0,0,0,0,0,0,0,0,0,0,0,0,0,0,0,0,0,0,0,0,0,0,0,0,0,0,0,0,0,0,0,0,0,0,0,0,0,0,0,0,0,0,0,0,0,0,0,0,0,0,0,0,0,0,0,0,0,0,0,0,0,0,0,0,0,0,0,0,0,0,0,0,0,0,0,0,0,0,0,0,0,0,0,0,0,0,0,0,0,0,0,0,0,0,0,0,0,0,0,0,0,0,0,0,0,0,0,0,0,0,0,0,0,0,0,0,0,0,0,0,0,0,0,0,0,0,0,0,0,0,0,0,0,0,0,0,0,0,0,0,0,0,0
79999,0,0,0,0,0,0,0,0,0,0,0,0,0,0,0,0,0,0,0,0,0,0,0,0,0,0,0,0,0,0,0,0,0,0,0,0,0,0,0,0,0,0,0,0,0,0,0,0,0,0,0,0,0,0,0,0,0,0,0,0,0,0,0,0,0,0,0,0,0,0,0,0,0,0,0,0,0,0,0,0,0,0,0,0,0,0,0,0,0,0,0,0,0,0,0,0,0,0,0,0,0,0,0,0,0,0,0,0,0,0,0,0,0,0,0,0,0,0,0,0,0,0,0,0,0,0,0,0,0,0,0,0,0,0,0,0,0,0,0,0,0,0,0,0,0,0,0,0,0,0,0,0,0,0,0,0,0,0,0,0,0,0,0,0,0,0,0,0,0,0,0,0,0,0,0,0,0,0,0,0,0,0,0,0,0,0,0,0,0,0,0,0,0,0,0,0,0,0,0,0
80101,3,0,0,4,5,52,406,733,430,845,418,21,2919,0,0,3,21,20,78,59,59,24,41,9,4,315,0,0,0,4,17,129,352,249,106,185,71,3,1118,0,0,3,0,6,13,63,57,36,82,34,3,292,0,0,7,24,40,192,312,100,208,99,23,14,1019,0,0,19,63,51,139,158,67,41,26,7,11,575,6,4,3,6,8,33,27,19,11,19,0,10,129,0,0,0,0,0,5,12,23,12,21,14,0,97,48,5,70,478,278,699,516,132,46,43,22,41,2379,0,0,8,15,8,14,3,0,0,0,0,554,598,59,15,112,611,437,1352,1909,1438,905,1361,594,661,9449,5,0,4,8,4,45,249,442,388,869,737,242,2998,0,0,4,5,10,40,74,76,49,70,29,24,398,3,4,4,7,9,121,557,580,483,853,271,153,3045,0,0,3,0,0,40,104,171,113,244,96,49,824,4,4,5,20,40
80103,0,0,0,0,0,0,11,5,3,5,4,0,32,0,0,0,0,0,4,0,0,0,0,0,0,4,0,0,0,0,0,4,15,0,0,0,0,0,19,0,0,0,0,0,0,0,0,0,0,0,0,5,0,0,0,0,0,0,3,0,0,0,0,0,12,0,0,0,0,0,3,0,0,0,0,0,0,9,0,0,0,0,0,0,0,0,0,0,0,0,0,0,0,0,0,0,0,0,0,0,0,0,0,0,0,0,0,16,0,0,0,0,0,0,0,0,25,0,0,0,0,0,0,0,0,0,0,0,9,8,0,0,0,20,6,15,29,12,8,12,8,6,109,0,0,0,0,0,0,0,3,0,4,0,0,17,0,0,0,0,0,0,0,0,0,0,0,3,7,0,0,0,0,0,4,6,3,3,0,3,0,18,0,0,0,0,0,0,0,0,0,0,0,0,0,0,0,0,0,0
80104,5,0,0,0,4,37,225,494,300,522,265,4,1867,0,0,0,8,4,29,24,9,4,12,0,0,97,0,0,0,0,4,55,146,119,65,93,22,3,514,0,0,0,0,3,15,27,40,16,36,18,8,170,0,0,5,13,24,89,119,40,75,35,0,13,404,0,4,10,29,25,37,36,13,11,3,3,0,171,0,0,0,9,5,4,16,5,4,0,0,0,42,0,0,0,0,0,6,0,17,6,8,4,3,35,48,3,29,132,78,157,85,14,9,7,3,7,588,0,0,0,4,3,3,4,0,0,0,0,241,251,58,8,47,189,149,424,680,761,500,725,323,283,4148,4,0,6,0,3,22,158,331,291,716,569,111,2215,0,0,3,0,10,19,33,15,19,27,23,15,168,3,0,9,0,8,69,357,402,285,511,164,69,1872,0,0,0,3,3,12,79,100,78,157,73,10,512,0,0,5,11,48
80105,4,0,3,0,0,16,131,346,250,533,407,10,1708,0,0,0,6,10,26,51,25,9,24,10,0,160,0,0,0,3,7,60,116,99,70,120,62,0,546,0,0,0,0,0,6,15,17,16,31,27,0,112,0,0,4,7,16,62,129,49,95,73,13,7,460,0,5,5,29,18,38,52,28,23,20,3,0,226,0,0,0,0,0,6,7,6,4,0,4,0,35,0,0,0,0,3,0,0,13,9,15,15,0,51,20,5,44,190,99,311,182,80,35,35,25,36,1064,0,0,0,0,0,8,0,0,0,0,0,381,392,30,5,60,243,156,540,681,664,517,850,570,436,4757,3,0,3,0,0,10,36,69,77,263,463,64,983,0,0,0,0,7,16,32,30,16,38,17,5,156,0,0,0,3,5,35,112,136,160,341,163,46,1003,0,0,0,0,0,9,18,31,37,84,88,11,281,0,5,0,6,8
80106,0,0,0,0,0,8,58,146,89,292,309,9,905,0,0,0,4,4,13,22,21,8,32,19,0,115,0,0,0,0,5,14,52,46,39,118,44,3,321,0,0,0,0,0,0,15,20,13,28,32,0,102,0,0,0,0,9,18,53,27,88,76,20,3,296,0,0,0,4,3,19,34,18,19,18,16,3,147,0,0,0,0,0,3,9,4,3,0,3,0,36,0,0,0,0,0,0,3,3,0,15,12,0,35,7,0,10,64,37,94,143,77,31,62,42,13,585,0,0,0,3,0,0,0,0,0,0,0,203,211,9,3,14,76,62,169,379,363,295,642,500,235,2750,0,0,0,0,0,5,23,42,44,158,422,63,759,0,0,0,0,4,4,4,9,8,24,15,3,73,0,0,0,0,3,15,43,58,76,240,181,57,669,0,0,0,0,0,3,12,8,22,44,48,16,147,0,0,0,6,9
80107,12,0,0,0,7,48,386,754,424,711,351,13,2710,0,0,0,7,12,52,67,51,20,37,13,0,260,0,0,0,9,4,87,284,217,112,190,47,5,962,0,0,0,3,0,20,57,69,32,56,24,0,264,0,0,8,14,36,143,265,85,148,63,19,13,798,0,0,9,38,37,101,113,41,34,19,5,11,403,0,0,0,9,0,14,36,17,18,10,0,6,121,0,0,0,0,0,5,9,14,13,23,9,0,83,25,6,79,439,215,491,316,83,36,12,5,46,1743,0,0,0,11,6,7,5,0,0,0,0,425,452,50,12,100,529,313,967,1536,1334,840,1130,475,519,7795,3,3,0,6,11,27,295,586,548,1082,964,364,3880,0,0,0,7,13,26,68,88,52,65,32,31,376,3,0,0,3,15,137,669,679,509,874,359,206,3455,0,5,0,0,6,32,114,172,128,214,114,44,830,3,0,8,16,39
80108,0,0,0,0,0,8,58,128,90,191,136,5,613,0,0,0,0,0,24,17,13,4,7,9,0,82,0,0,0,0,5,18,64,41,34,59,23,0,250,0,0,0,0,0,0,11,15,8,23,9,0,71,0,0,0,5,13,30,65,22,49,36,6,5,234,0,0,4,14,14,50,48,27,7,12,0,7,181,0,0,0,5,0,7,13,6,7,4,0,0,37,0,0,0,0,0,0,0,0,0,8,6,0,25,0,4,18,127,98,265,213,59,18,21,0,18,839,0,0,0,5,0,6,4,0,0,0,0,130,141,3,0,24,148,136,401,498,321,214,365,196,159,2473,0,0,0,0,0,0,44,73,75,222,247,72,744,0,0,0,0,4,7,21,24,16,25,11,5,117,0,0,3,0,0,13,97,155,131,300,107,50,862,0,0,0,0,0,8,27,26,38,73,43,16,237,0,0,0,8,6
80109,7,0,0,3,0,16,106,182,112,263,213,4,914,0,0,6,4,6,19,25,9,3,19,9,0,96,0,0,0,0,6,31,90,52,46,87,42,0,358,0,0,0,0,0,5,12,16,10,18,30,3,99,6,0,3,3,14,46,96,27,65,64,16,3,354,0,0,4,13,20,53,65,37,22,21,12,5,246,0,0,0,3,0,11,12,3,3,10,0,0,43,0,0,0,0,0,0,6,5,11,13,10,0,37,19,0,27,187,126,332,303,87,34,47,19,32,1217,0,0,0,11,4,9,3,0,6,0,0,220,250,32,4,44,225,173,518,715,428,314,534,345,275,3620,0,0,0,0,0,6,64,92,98,294,489,101,1149,0,0,3,0,5,14,21,24,13,32,25,14,151,0,0,6,4,4,18,132,121,130,363,212,56,1051,0,0,0,0,0,7,24,27,32,78,76,17,264,0,0,0,6,20
80110,0,0,0,0,0,0,0,0,0,0,0,0,5,0,0,0,0,0,0,0,0,0,0,0,0,0,0,0,0,0,0,0,0,0,0,0,0,0,0,0,0,0,0,0,0,0,0,0,0,0,0,0,0,0,0,0,0,0,0,0,0,0,0,0,0,0,0,0,0,0,0,0,0,0,0,0,0,0,0,0,0,0,0,0,0,0,0,0,0,0,0,0,0,0,0,0,0,0,0,0,0,0,0,0,0,0,0,0,0,0,0,0,0,0,0,0,0,0,0,0,0,0,0,0,0,0,0,0,0,0,0,0,0,0,0,0,0,0,0,0,0,0,5,0,0,0,0,0,0,0,0,0,0,0,0,0,0,0,0,0,0,0,0,0,0,0,0,0,0,0,0,0,0,0,0,0,0,0,0,0,0,0,0,0,0,0,0,0,0,0,0,0,0,0,0,0,0,0,0,0
80111,0,0,0,0,0,3,3,4,9,4,0,0,25,0,0,0,0,0,0,0,0,0,0,0,0,0,0,0,0,0,0,0,0,0,0,0,0,0,3,0,0,0,0,0,0,0,0,0,0,0,0,0,0,0,0,0,0,0,0,0,0,0,0,0,5,0,0,0,0,0,0,0,0,0,0,0,0,0,0,0,0,0,0,0,0,0,0,0,0,0,0,0,0,0,0,0,0,0,0,0,0,0,0,0,0,0,0,0,0,0,0,0,0,0,0,0,0,0,0,0,0,0,0,0,0,0,0,0,4,4,0,0,0,0,0,3,10,8,6,7,9,9,43,0,0,0,0,0,0,0,0,0,6,3,0,12,0,0,0,0,0,0,0,0,0,5,0,0,3,0,0,0,0,0,0,6,3,0,7,0,6,20,0,0,0,0,0,0,0,3,3,0,0,0,7,0,0,0,0,0
89797,0,0,0,0,0,0,0,0,0,0,0,0,0,0,0,0,0,0,0,0,0,0,0,0,0,0,0,0,0,0,0,0,0,0,0,0,0,0,0,0,0,0,0,0,0,0,0,0,0,0,0,0,0,0,0,0,0,0,0,0,0,0,0,0,0,0,0,0,0,0,0,0,0,0,0,0,0,0,0,0,0,0,0,0,0,0,0,0,0,0,0,0,0,0,0,0,0,0,0,0,0,0,0,0,0,0,0,0,0,0,0,0,0,0,0,0,0,0,0,0,0,0,0,0,0,0,0,0,0,0,0,0,0,0,0,0,0,0,0,0,0,0,0,0,0,0,0,0,0,0,0,0,0,0,0,0,0,0,0,0,0,0,0,0,0,0,0,0,0,0,0,0,0,0,0,0,0,0,0,0,0,0,0,0,0,0,0,0,0,0,0,0,0,0,0,0,0,0,0,0
89999,0,0,0,0,0,0,0,0,0,0,0,0,0,0,0,0,0,0,0,0,0,0,0,0,0,0,0,0,0,0,0,0,0,0,0,0,0,0,0,0,0,0,0,0,0,0,0,0,0,0,0,0,0,0,0,0,0,0,0,0,0,0,0,0,0,0,0,0,0,0,0,0,0,0,0,0,0,0,0,0,0,0,0,0,0,0,0,0,0,0,0,0,0,0,0,0,0,0,0,0,0,0,0,0,0,0,0,0,0,0,0,0,0,0,0,0,0,0,0,0,0,0,0,0,0,0,0,0,0,0,0,0,0,0,0,0,0,0,0,0,0,0,0,0,0,0,0,0,0,0,0,0,0,0,0,0,0,0,0,0,0,0,0,0,0,0,0,0,0,0,0,0,0,0,0,0,0,0,0,0,0,0,0,0,0,0,0,0,0,0,0,0,0,0,0,0,0,0,0,0
90101,0,0,0,0,0,5,13,18,7,13,3,0,54,0,0,0,0,0,0,0,0,0,0,0,0,5,0,0,0,0,0,4,4,3,0,0,0,0,16,0,0,0,0,0,0,0,0,0,6,0,0,6,0,0,0,0,0,7,3,0,4,0,0,0,20,0,0,0,0,0,0,0,0,0,0,0,0,3,0,0,0,0,0,0,0,0,0,0,0,0,0,0,0,0,0,0,0,0,0,0,0,0,0,4,0,0,0,10,0,5,0,0,0,0,0,4,10,0,0,0,0,0,0,0,0,0,0,0,11,15,0,0,0,6,5,15,28,19,13,15,3,20,135,0,0,0,0,0,0,8,13,11,11,9,3,61,0,0,0,0,0,0,0,0,0,0,0,4,7,0,0,0,0,0,4,11,8,3,10,0,6,32,0,0,0,0,0,0,3,0,0,0,0,0,10,0,0,0,0,0
90102,0,0,0,0,0,0,0,0,0,0,0,0,3,0,0,0,0,0,0,0,0,0,0,0,0,3,0,0,0,0,0,0,0,5,3,0,0,0,9,0,0,0,0,0,0,0,0,0,0,0,0,0,0,0,0,3,3,0,4,0,0,0,0,0,14,0,0,0,0,0,0,0,0,0,0,0,0,3,0,0,0,0,0,0,0,0,0,0,0,0,0,0,0,0,0,0,0,0,0,0,0,0,0,0,0,0,0,9,3,9,3,0,0,0,0,0,30,0,0,0,0,0,0,0,0,0,0,0,3,3,0,0,0,9,10,12,6,3,4,3,0,8,66,0,0,0,0,0,0,4,0,3,6,0,3,19,0,0,0,0,0,3,0,0,0,0,0,0,10,0,0,0,0,0,5,4,0,0,0,0,4,16,0,0,0,0,0,0,0,0,0,0,0,0,4,0,0,0,0,0
90103,0,0,0,0,0,0,0,0,0,0,0,0,0,0,0,0,0,0,0,0,0,0,0,0,0,0,0,0,0,0,0,0,0,0,0,0,0,0,7,0,0,0,0,0,0,0,0,0,0,0,0,0,0,0,0,0,0,0,0,0,0,0,0,0,0,0,0,0,0,0,0,0,0,0,0,0,0,0,0,0,0,0,0,0,0,0,0,0,0,0,3,0,0,0,0,0,0,0,0,0,0,0,0,0,0,0,0,0,0,0,0,0,0,0,0,0,0,0,0,0,0,0,0,0,0,0,0,0,3,3,0,0,0,0,0,0,0,0,0,0,0,7,9,0,0,0,0,0,0,0,0,0,0,0,0,3,0,0,0,0,0,0,0,0,0,0,0,0,0,0,0,0,0,0,0,0,0,0,0,0,0,0,0,0,0,0,0,0,0,0,0,0,0,0,0,0,0,0,0,0
90104,0,0,0,0,0,0,0,0,0,0,0,0,0,0,0,0,0,0,0,0,0,0,0,0,0,0,0,0,0,0,0,0,0,0,0,0,0,0,0,0,0,0,0,0,0,0,0,0,0,0,0,0,0,0,0,0,0,0,0,0,0,0,0,0,0,0,0,0,0,0,0,0,0,0,0,0,0,0,0,0,0,0,0,0,0,0,0,0,0,0,0,0,0,0,0,0,0,0,0,0,0,0,0,0,0,0,0,0,0,0,0,0,0,0,0,0,0,0,0,0,0,0,0,0,0,0,0,0,0,0,0,0,0,0,0,0,0,0,0,0,0,0,0,0,0,0,0,0,0,0,0,0,0,0,0,0,0,0,0,0,0,0,0,0,0,0,0,0,0,0,0,0,0,0,0,0,0,0,0,0,0,0,0,0,0,0,0,0,0,0,0,0,0,0,0,0,0,0,0,0
99797,0,0,0,0,0,0,0,0,0,0,0,0,0,0,0,0,0,0,0,0,0,0,0,0,0,0,0,0,0,0,0,0,0,0,0,0,0,0,0,0,0,0,0,0,0,0,0,0,0,0,0,0,0,0,0,0,0,0,0,0,0,0,0,0,0,0,0,0,0,0,0,0,0,0,0,0,0,0,0,0,0,0,0,0,0,0,0,0,0,0,0,0,0,0,0,0,0,0,0,0,0,0,0,0,0,0,0,0,0,0,0,0,0,0,0,0,0,0,0,0,0,0,0,0,0,0,0,0,0,0,0,0,0,0,0,0,0,0,0,0,0,0,0,0,0,0,0,0,0,0,0,0,0,0,0,0,0,0,0,0,0,0,0,0,0,0,0,0,0,0,0,0,0,0,0,0,0,0,0,0,0,0,0,0,0,0,0,0,0,0,0,0,0,0,0,0,0,0,0,0
99999,0,0,0,0,0,0,0,0,0,0,0,0,0,0,0,0,0,0,0,0,0,0,0,0,0,0,0,0,0,0,0,0,0,0,0,0,0,0,0,0,0,0,0,0,0,0,0,0,0,0,0,0,0,0,0,0,0,0,0,0,0,0,0,0,0,0,0,0,0,0,0,0,0,0,0,0,0,0,0,0,0,0,0,0,0,0,0,0,0,0,0,0,0,0,0,0,0,0,0,0,0,0,0,0,0,0,0,0,0,0,0,0,0,0,0,0,0,0,0,0,0,0,0,0,0,0,0,0,0,0,0,0,0,0,0,0,0,0,0,0,0,0,0,0,0,0,0,0,0,0,0,0,0,0,0,0,0,0,0,0,0,0,0,0,0,0,0,0,0,0,0,0,0,0,0,0,0,0,0,0,0,0,0,0,0,0,0,0,0,0,0,0,0,0,0,0,0,0,0,0
