SA3_CODE_2021,C21_F_Health_15_19,C21_F_Health_20_24,C21_F_Health_25_34,C21_F_Health_35_44,C21_F_Health_45_54,C21_F_Health_55_64,C21_F_Health_65_74,C21_F_Health_75_84,C21_F_Health_85over,C21_F_Health_Tot,C21_F_Educ_15_19,C21_F_Educ_20_24,C21_F_Educ_25_34,C21_F_Educ_35_44,C21_F_Educ_45_54,C21_F_Educ_55_64,C21_F_Educ_65_74,C21_F_Educ_75_84,C21_F_Educ_85over,C21_F_Educ_Tot,C21_F_MngtCom_15_19,C21_F_MngtCom_20_24,C21_F_MngtCom_25_34,C21_F_MngtCom_35_44,C21_F_MngtCom_45_54,C21_F_MngtCom_55_64,C21_F_MngtCom_65_74,C21_F_MngtCom_75_84,C21_F_MngtCom_85over,C21_F_MngtCom_Tot,C21_F_Soc_cult_15_19,C21_F_Soc_cult_20_24,C21_F_Soc_cult_25_34,C21_F_Soc_cult_35_44,C21_F_Soc_cult_45_54,C21_F_Soc_cult_55_64,C21_F_Soc_cult_65_74,C21_F_Soc_cult_75_84,C21_F_Soc_cult_85over,C21_F_Soc_cult_Tot,C21_F_Creative_art_15_19,C21_F_Creative_art_20_24,C21_F_Creative_art_25_34,C21_F_Creative_art_35_44,C21_F_Creative_art_45_54,C21_F_Creative_art_55_64,C21_F_Creative_art_65_74,C21_F_Creative_art_75_84,C21_F_Creative_art_85over,C21_F_Creative_art_Tot,C21_F_FoodHos_PS_15_19,C21_F_FoodHos_PS_20_24,C21_F_FoodHos_PS_25_34,C21_F_FoodHos_PS_35_44,C21_F_FoodHos_PS_45_54,C21_F_FoodHos_PS_55_64,C21_F_FoodHos_PS_65_74,C21_F_FoodHos_PS_75_84,C21_F_FoodHos_PS_85over,C21_F_FoodHos_PS_Tot,C21_F_MixFld_pr_15_19,C21_F_MixFld_pr_20_24,C21_F_MixFld_pr_25_34,C21_F_MixFld_pr_35_44,C21_F_MixFld_pr_45_54,C21_F_MixFld_pr_55_64,C21_F_MixFld_pr_65_74,C21_F_MixFld_pr_75_84,C21_F_MixFld_pr_85over,C21_F_MixFld_pr_Tot,C21_F_FldStu_ID_15_19,C21_F_FldStu_ID_20_24,C21_F_FldStu_ID_25_34,C21_F_FldStu_ID_35_44,C21_F_FldStu_ID_45_54,C21_F_FldStu_ID_55_64,C21_F_FldStu_ID_65_74,C21_F_FldStu_ID_75_84,C21_F_FldStu_ID_85over,C21_F_FldStu_ID_Tot,C21_F_FldStu_NS_15_19,C21_F_FldStu_NS_20_24,C21_F_FldStu_NS_25_34,C21_F_FldStu_NS_35_44,C21_F_FldStu_NS_45_54,C21_F_FldStu_NS_55_64,C21_F_FldStu_NS_65_74,C21_F_FldStu_NS_75_84,C21_F_FldStu_NS_85over,C21_F_FldStu_NS_Tot,C21_F_Tot_15_19,C21_F_Tot_20_24,C21_F_Tot_25_34,C21_F_Tot_35_44,C21_F_Tot_45_54,C21_F_Tot_55_64,C21_F_Tot_65_74,C21_F_Tot_75_84,C21_F_Tot_85over,C21_F_Tot_Tot,C11_P_NatPhy_sci_15_19,C11_P_NatPhy_sci_20_24,C11_P_NatPhy_sci_25_34,C11_P_NatPhy_sci_35_44,C11_P_NatPhy_sci_45_54,C11_P_NatPhy_sci_55_64,C11_P_NatPhy_sci_65_74,C11_P_NatPhy_sci_75_84,C11_P_NatPhy_sci_85over,C11_P_NatPhy_sci_Tot,C11_P_InfTec_15_19,C11_P_InfTec_20_24,C11_P_InfTec_25_34,C11_P_InfTec_35_44,C11_P_InfTec_45_54,C11_P_InfTec_55_64,C11_P_InfTec_65_74,C11_P_InfTec_75_84,C11_P_InfTec_85over,C11_P_InfTec_Tot,C11_P_EngRT_15_19,C11_P_EngRT_20_24,C11_P_EngRT_25_34,C11_P_EngRT_35_44,C11_P_EngRT_45_54,C11_P_EngRT_55_64,C11_P_EngRT_65_74,C11_P_EngRT_75_84,C11_P_EngRT_85over,C11_P_EngRT_Tot,C11_P_ArchBuild_15_19,C11_P_ArchBuild_20_24,C11_P_ArchBuild_25_34,C11_P_ArchBuild_35_44,C11_P_ArchBuild_45_54,C11_P_ArchBuild_55_64,C11_P_ArchBuild_65_74,C11_P_ArchBuild_75_84,C11_P_ArchBuild_85over,C11_P_ArchBuild_Tot,C11_P_AgEnv_RS_15_19,C11_P_AgEnv_RS_20_24,C11_P_AgEnv_RS_25_34,C11_P_AgEnv_RS_35_44,C11_P_AgEnv_RS_45_54,C11_P_AgEnv_RS_55_64,C11_P_AgEnv_RS_65_74,C11_P_AgEnv_RS_75_84,C11_P_AgEnv_RS_85over,C11_P_AgEnv_RS_Tot,C11_P_Health_15_19,C11_P_Health_20_24,C11_P_Health_25_34,C11_P_Health_35_44,C11_P_Health_45_54,C11_P_Health_55_64,C11_P_Health_65_74,C11_P_Health_75_84,C11_P_Health_85over,C11_P_Health_Tot,C11_P_Educ_15_19,C11_P_Educ_20_24,C11_P_Educ_25_34,C11_P_Educ_35_44,C11_P_Educ_45_54,C11_P_Educ_55_64,C11_P_Educ_65_74,C11_P_Educ_75_84,C11_P_Educ_85over,C11_P_Educ_Tot,C11_P_MngtCom_15_19,C11_P_MngtCom_20_24,C11_P_MngtCom_25_34,C11_P_MngtCom_35_44,C11_P_MngtCom_45_54,C11_P_MngtCom_55_64,C11_P_MngtCom_65_74,C11_P_MngtCom_75_84,C11_P_MngtCom_85over,C11_P_MngtCom_Tot,C11_P_Soc_cult_15_19,C11_P_Soc_cult_20_24,C11_P_Soc_cult_25_34,C11_P_Soc_cult_35_44,C11_P_Soc_cult_45_54,C11_P_Soc_cult_55_64,C11_P_Soc_cult_65_74,C11_P_Soc_cult_75_84,C11_P_Soc_cult_85over,C11_P_Soc_cult_Tot,C11_P_Creative_art_15_19,C11_P_Creative_art_20_24,C11_P_Creative_art_25_34,C11_P_Creative_art_35_44,C11_P_Creative_art_45_54,C11_P_Creative_art_55_64,C11_P_Creative_art_65_74,C11_P_Creative_art_75_84,C11_P_Creative_art_85over,C11_P_Creative_art_Tot
10102,0,103,554,429,453,349,233,92,20,2238,5,75,373,390,361,307,214,102,17,1842,29,154,928,1015,1035,704,321,92,21,4302,13,170,698,767,662,526,262,71,6,3175,13,45,195,170,150,95,43,19,4,740,26,80,265,242,174,94,44,18,4,946,0,3,0,0,6,0,0,0,0,18,0,4,68,84,74,45,21,4,0,312,92,104,294,279,250,248,199,141,54,1663,195,836,3843,3807,3542,2655,1490,585,133,17093,0,29,170,251,220,160,89,19,0,947,24,74,318,271,230,103,22,0,0,1041,19,190,556,843,832,629,273,106,31,3494,13,133,327,316,383,269,147,49,9,1653,3,28,96,163,155,115,43,14,0,609,3,53,293,408,450,324,165,54,10,1758,0,37,275,329,348,333,168,41,9,1544,46,280,961,1326,1111,626,194,46,29,4623,35,193,721,888,744,517,191,43,13,3348,8,67,230,225,167,101,38,19,0,860
10103,3,25,110,105,150,184,119,57,18,768,0,27,85,135,138,135,90,32,9,648,6,56,215,234,246,239,124,40,10,1180,5,33,161,137,165,151,82,27,6,755,0,8,60,39,52,41,18,9,3,243,5,33,71,67,71,53,27,18,3,341,0,0,4,0,0,3,0,0,0,10,0,3,10,18,15,19,10,0,0,75,55,47,129,94,114,109,101,84,42,775,78,257,970,931,1055,1010,619,295,100,5314,0,3,22,42,33,34,27,9,0,182,6,13,17,33,33,23,4,6,0,140,16,62,191,257,345,280,191,98,23,1456,8,39,91,131,155,112,60,36,3,631,3,26,68,107,130,73,36,17,3,462,8,17,64,135,197,162,82,36,17,708,0,11,79,114,159,163,63,28,4,617,8,90,204,324,275,239,101,35,17,1301,11,41,136,159,176,104,38,15,0,691,0,19,39,40,42,38,15,12,0,216
10104,10,91,436,425,531,908,690,307,88,3492,7,39,275,359,413,676,766,268,81,2879,26,111,445,576,751,949,786,291,70,4008,15,126,393,502,633,866,575,172,35,3311,4,17,86,129,123,184,154,50,22,760,35,92,289,239,271,258,181,64,15,1455,0,3,0,0,3,6,7,6,0,30,0,13,25,37,50,51,45,20,8,249,206,129,271,324,422,556,589,506,347,3351,321,667,2378,2806,3492,4789,4066,1771,699,20979,0,3,42,86,111,192,116,53,13,622,13,23,47,48,76,85,28,10,0,325,23,136,391,650,938,1188,985,479,131,4925,22,105,252,412,577,568,354,183,43,2514,20,36,149,240,240,222,93,52,8,1048,11,46,247,436,784,715,429,203,62,2932,4,19,183,359,613,911,459,140,48,2742,52,169,441,719,842,1006,621,230,85,4169,18,121,329,536,698,705,368,118,42,2929,4,20,92,124,167,182,115,47,13,764
10105,3,62,274,247,204,330,275,118,31,1547,3,32,209,187,192,198,190,82,36,1133,24,99,352,371,406,387,221,81,21,1969,11,103,306,297,367,293,182,39,7,1613,4,8,54,66,51,37,36,21,0,280,18,68,166,147,96,65,48,13,6,626,0,0,4,3,0,0,0,0,0,15,0,3,19,17,20,15,13,5,0,92,87,64,178,190,183,206,235,165,137,1448,164,485,1683,1616,1651,1653,1269,551,239,9329,0,6,24,38,31,40,21,6,0,173,7,12,52,36,40,19,3,4,0,180,21,132,263,382,449,395,291,128,40,2085,12,60,139,175,176,158,87,46,11,862,11,42,97,142,139,102,80,36,8,660,7,56,166,245,366,336,198,74,30,1483,4,23,114,170,220,287,133,50,18,1020,29,135,384,428,419,345,181,64,28,2008,31,124,271,398,314,258,109,32,7,1537,3,13,41,62,56,62,31,9,3,281
10106,9,60,220,235,271,287,263,94,27,1451,3,56,201,253,254,205,203,80,19,1290,6,65,262,422,485,375,220,54,15,1909,16,88,253,355,356,306,194,41,4,1619,3,13,57,69,69,37,27,9,5,296,31,56,139,112,90,71,33,16,0,546,0,0,0,0,5,0,0,0,0,5,0,0,8,25,36,26,24,3,0,121,62,62,142,174,175,212,211,188,89,1316,154,448,1458,1826,1943,1678,1269,512,174,9458,0,10,42,101,90,73,52,11,0,381,8,17,37,73,61,45,6,0,0,256,27,118,265,414,462,362,239,89,17,1996,6,50,125,210,180,125,96,22,9,838,11,52,166,257,226,180,108,47,11,1055,3,44,151,259,315,316,142,70,23,1324,0,29,148,248,225,279,151,47,17,1137,19,88,379,599,467,388,161,44,18,2171,9,84,219,379,322,287,122,31,0,1459,4,11,54,88,64,47,25,14,0,306
10201,68,419,1470,1566,1528,1630,1120,498,158,8455,22,234,916,1103,1146,1068,1186,456,114,6233,80,420,1552,2455,2438,2120,1551,678,180,11467,59,434,1297,1523,1583,1464,860,295,59,7560,35,196,508,632,432,293,193,99,29,2418,80,242,589,630,598,457,319,150,33,3107,7,5,10,3,6,14,10,4,0,61,0,16,55,111,125,93,73,30,14,525,227,238,553,644,594,661,851,965,942,5675,595,2385,7442,9364,9146,8376,6544,3339,1587,48787,4,70,215,336,296,237,149,76,20,1399,34,145,382,450,339,166,37,9,0,1555,59,446,1257,1975,2528,2233,1640,1013,348,11497,32,327,828,1177,1146,803,528,279,91,5203,22,119,314,349,298,162,99,55,15,1420,41,330,1227,1578,1997,1335,675,426,106,7723,12,164,868,1121,1322,1539,707,352,95,6175,199,824,2304,2985,2853,2365,1354,638,221,13744,113,547,1321,1633,1528,1149,577,247,57,7169,46,246,536,559,415,295,169,73,25,2376
10202,55,368,1299,1261,1238,1227,822,340,76,6683,27,222,987,989,839,729,665,241,55,4751,85,431,1645,1969,1893,1658,1101,408,94,9281,89,520,1485,1505,1520,1151,625,171,24,7094,37,157,348,274,212,154,106,49,8,1361,90,274,835,713,593,447,282,103,34,3381,6,6,16,0,6,10,10,4,0,52,9,28,70,69,79,75,45,14,7,382,299,296,708,673,640,617,843,1038,852,5959,726,2429,7755,7846,7400,6445,4748,2480,1189,41012,0,57,117,172,133,122,76,37,10,732,30,99,268,245,189,106,25,7,3,969,55,461,1286,1815,2244,1919,1587,867,237,10474,56,286,960,978,935,786,531,316,76,4927,45,119,260,278,227,125,67,22,10,1145,62,270,883,1157,1298,958,484,212,59,5397,11,141,718,778,824,867,407,206,42,3994,216,720,2039,2192,1942,1434,894,367,97,9901,109,507,1188,1215,1030,715,307,108,31,5213,32,158,265,267,175,161,107,47,15,1239
10301,30,170,420,349,332,376,305,105,42,2131,12,72,324,283,352,326,290,119,25,1804,15,107,494,543,563,492,304,99,37,2656,36,154,402,392,373,295,186,58,8,1916,10,44,123,72,89,56,45,30,5,475,23,83,192,162,150,73,46,22,0,757,3,3,7,5,0,3,3,0,0,24,0,9,18,24,21,20,17,7,4,125,93,111,195,196,238,197,210,190,127,1561,224,811,2325,2191,2287,2005,1495,674,271,12274,0,4,40,65,72,55,31,9,4,278,8,52,86,72,66,47,8,0,0,341,34,206,519,614,705,578,300,126,42,3113,14,113,195,202,224,201,100,45,8,1102,12,52,121,152,141,106,80,28,11,703,17,122,289,335,427,389,148,98,25,1847,5,59,244,357,390,382,188,86,25,1738,45,223,584,629,613,491,221,80,34,2925,30,157,364,384,320,242,125,45,13,1679,15,72,108,106,76,77,53,18,3,528
10302,13,85,358,259,313,394,334,142,54,1955,8,97,346,364,335,312,252,128,34,1884,21,121,393,490,511,465,295,88,26,2418,23,114,325,322,369,309,146,43,10,1657,4,14,46,60,37,43,21,10,0,231,25,78,193,175,161,98,68,27,12,833,0,0,3,0,0,0,0,5,0,10,0,3,15,13,32,17,21,8,0,112,189,138,302,319,341,366,347,355,193,2548,290,707,2157,2161,2236,2111,1571,839,345,12413,3,5,45,61,39,53,14,0,0,219,8,29,35,34,37,21,12,3,0,187,42,226,546,613,637,543,341,184,40,3169,16,64,183,165,217,178,114,57,9,998,29,84,256,309,356,296,190,68,10,1597,17,53,233,377,466,405,210,111,39,1914,9,67,352,367,399,374,194,92,19,1888,62,184,535,622,613,497,207,80,21,2813,29,111,301,354,319,211,90,34,13,1463,5,19,62,45,49,51,33,12,7,275
10303,15,69,304,288,278,384,275,134,38,1776,3,49,239,257,293,265,250,94,23,1469,16,91,450,426,468,438,292,92,22,2293,23,76,290,303,325,306,165,60,6,1560,0,20,74,77,66,69,34,11,6,353,25,89,210,178,155,100,50,29,7,849,0,0,3,0,0,5,0,0,0,13,4,3,14,15,26,15,9,3,0,96,111,79,245,250,258,276,314,272,131,1929,203,512,1990,1920,2056,2031,1491,728,240,11170,0,4,43,48,59,47,34,12,0,261,3,21,36,50,37,30,9,0,0,190,32,232,538,826,818,731,488,197,46,3916,12,84,172,187,199,162,96,61,15,979,7,42,132,168,204,123,83,33,4,794,10,66,193,306,372,313,155,89,28,1533,0,49,176,266,257,325,178,58,14,1318,34,148,366,497,521,410,195,65,29,2264,18,95,248,270,263,240,101,37,10,1278,3,23,50,65,62,54,44,13,3,327
10304,17,177,704,591,496,529,358,170,46,3096,10,88,384,411,365,320,343,142,36,2101,29,147,601,689,754,604,352,142,31,3348,22,160,527,527,470,374,200,53,8,2338,4,27,132,129,89,58,46,20,7,514,32,106,293,237,173,100,56,20,9,1017,0,7,3,0,4,4,3,7,0,31,0,8,27,33,39,24,21,9,3,152,121,122,275,262,265,259,290,240,169,2006,251,888,3191,3156,2879,2434,1776,845,330,15739,0,32,95,115,111,80,38,10,6,485,10,22,94,75,59,32,13,0,0,307,26,278,701,708,751,506,313,174,36,3508,23,138,304,280,262,213,118,59,14,1413,21,64,180,261,241,189,140,44,9,1144,26,168,509,548,637,513,276,115,31,2815,4,56,294,379,396,489,204,81,19,1920,49,251,790,874,767,602,233,105,30,3691,28,144,414,434,402,306,111,39,4,1893,14,49,119,92,79,63,41,11,4,473
10401,19,81,337,317,364,470,431,170,38,2222,3,47,211,265,265,351,304,105,32,1586,24,104,351,411,504,570,411,163,46,2569,17,129,342,368,451,478,265,65,7,2117,4,15,59,68,54,64,47,33,3,341,27,111,209,199,183,147,84,26,7,985,3,0,0,0,0,3,4,0,0,20,3,5,12,19,21,27,24,3,0,118,136,114,286,309,312,315,362,321,226,2385,244,632,1893,2071,2290,2572,2032,920,361,13026,4,4,26,44,48,80,38,11,0,248,11,23,34,45,47,39,3,4,0,211,43,125,277,479,675,768,579,309,60,3326,21,55,162,230,339,378,196,96,20,1494,9,36,115,142,147,99,49,21,3,625,17,61,208,322,481,479,245,104,22,1938,0,27,151,231,381,457,243,88,18,1600,55,182,421,538,627,617,309,103,41,2888,19,108,286,391,463,364,125,47,14,1818,6,28,80,77,94,69,36,18,6,400
10402,23,189,709,732,794,943,661,283,64,4396,9,93,463,626,620,671,672,265,62,3480,43,177,776,911,1064,961,735,259,57,4985,26,157,649,753,833,841,535,132,24,3948,12,27,170,206,192,173,106,36,11,937,54,145,379,374,311,224,157,63,12,1721,3,4,9,0,6,4,8,8,10,53,9,9,44,51,68,52,49,6,3,284,216,156,436,450,434,418,483,504,380,3474,415,1020,3894,4425,4657,4570,3601,1638,648,24868,0,24,70,119,129,154,83,26,6,615,22,73,131,126,109,59,30,7,0,545,48,185,527,806,1122,1209,817,419,114,5238,36,112,332,489,679,517,294,145,44,2650,25,86,202,304,286,196,70,40,5,1220,22,110,440,792,1032,808,378,171,47,3801,3,53,378,572,777,930,454,155,32,3352,92,380,938,1144,1318,1074,489,202,77,5706,49,180,563,802,887,733,262,84,21,3575,14,62,158,221,217,186,91,27,8,989
10501,7,32,165,102,100,123,79,36,5,653,9,26,161,137,150,127,52,13,3,684,10,21,167,141,154,115,60,18,4,692,9,27,135,102,98,98,40,14,0,513,0,5,18,9,10,16,11,0,0,65,9,15,51,41,40,26,17,8,0,205,4,0,0,0,0,0,0,0,0,11,3,5,4,8,11,10,8,0,0,50,119,109,254,256,260,254,224,177,94,1744,166,272,1040,859,890,818,494,267,108,4911,0,11,17,29,16,18,6,0,0,102,0,7,15,6,12,10,0,0,0,52,9,107,252,257,291,212,114,56,14,1316,4,28,61,67,83,76,52,14,3,383,24,60,137,163,149,68,33,22,0,651,3,36,122,159,198,151,70,26,14,775,0,55,204,169,167,106,33,11,4,748,21,61,222,237,215,108,48,24,6,936,13,53,186,168,102,84,40,3,0,646,0,4,12,18,17,29,4,0,0,92
10502,11,54,187,145,106,207,104,35,9,859,9,17,139,90,102,90,42,18,10,507,5,25,141,140,150,152,82,24,5,731,5,25,132,122,128,131,64,12,0,621,0,6,13,9,6,10,8,3,3,55,11,27,75,54,51,38,32,10,0,288,0,0,6,0,0,0,0,0,0,7,5,0,6,8,4,8,3,0,0,39,60,62,142,134,131,130,133,125,102,1017,105,240,881,736,708,810,494,241,133,4350,0,5,18,22,18,22,6,5,0,87,4,17,28,23,39,16,3,0,0,126,20,80,201,239,292,295,160,73,11,1375,4,40,51,48,75,89,53,20,3,383,5,24,38,41,48,29,10,3,0,197,13,46,142,159,264,138,62,26,7,857,0,22,121,134,125,81,32,21,0,534,15,81,155,188,202,151,55,27,6,882,10,42,121,126,127,108,20,4,0,553,0,16,19,13,19,25,10,4,0,107
10503,21,186,799,552,455,544,395,186,65,3219,10,103,487,542,487,377,312,128,26,2483,12,133,853,715,722,634,355,118,20,3565,30,186,603,523,463,454,203,41,9,2516,0,27,91,70,54,37,34,22,3,345,25,112,282,236,175,125,90,47,3,1086,0,10,5,0,7,5,0,3,0,34,0,8,39,24,32,27,17,8,0,150,224,204,583,549,497,505,474,445,253,3727,346,1049,4022,3445,3091,2879,1968,1051,389,18236,0,17,64,66,75,64,21,4,0,310,9,36,79,52,61,23,16,5,0,277,57,254,594,730,827,670,403,180,43,3763,29,132,278,258,299,241,149,56,12,1443,28,118,302,379,363,235,148,53,11,1649,19,144,505,512,650,535,276,130,45,2811,0,100,503,537,472,505,211,69,28,2427,59,302,804,921,875,600,239,73,21,3894,45,201,478,540,485,326,109,37,10,2222,12,24,88,69,66,52,30,9,5,360
10601,35,212,697,640,623,706,506,156,40,3610,7,143,473,530,398,340,320,86,21,2316,64,349,1199,1158,1077,868,417,108,32,5262,55,265,787,702,662,546,287,67,8,3376,11,51,124,132,109,89,66,34,8,634,74,189,609,456,356,202,85,29,3,2006,5,5,9,4,0,3,0,0,0,29,4,9,31,36,39,35,17,7,3,178,177,171,408,370,387,362,375,301,185,2747,468,1491,4713,4347,3951,3407,2199,828,313,21721,0,24,84,122,104,94,47,9,4,489,16,43,94,69,87,54,14,0,0,374,76,654,1595,1769,1772,1392,706,282,61,8311,11,101,309,340,353,286,180,60,14,1664,16,69,214,206,174,126,47,14,3,871,19,137,431,548,737,629,247,102,31,2884,0,53,290,336,389,448,189,66,13,1790,111,441,1045,1062,939,640,267,77,23,4603,38,200,469,483,452,368,128,28,6,2176,8,48,121,101,101,80,39,23,6,525
10602,26,200,914,766,641,593,400,149,37,3732,12,149,568,560,491,404,337,126,40,2678,58,306,1219,1291,1079,794,376,150,37,5298,46,296,880,826,657,499,227,62,9,3500,10,71,205,143,96,47,50,13,0,637,49,190,536,371,291,144,78,22,4,1692,3,5,4,6,0,0,3,0,0,22,0,9,39,39,35,31,18,4,4,183,103,138,329,304,221,225,250,259,168,1985,341,1444,5013,4651,3764,2928,1845,810,305,21111,0,27,106,132,117,88,25,6,0,499,11,41,146,90,85,48,12,4,0,430,41,466,1263,1356,1329,979,504,204,67,6198,15,125,289,300,269,226,145,57,18,1447,14,34,116,145,85,63,25,7,6,499,12,126,477,591,624,440,206,72,22,2583,0,64,320,484,446,462,178,88,30,2072,102,360,1091,1205,944,571,249,81,38,4643,34,158,558,522,435,274,103,48,9,2127,17,65,146,105,70,55,25,14,0,502
10603,20,115,435,436,574,674,552,249,60,3123,11,67,266,390,359,429,504,190,42,2260,30,167,591,779,906,950,738,293,45,4502,38,162,420,551,560,624,373,118,17,2845,8,31,78,94,104,101,68,36,12,544,57,126,315,282,271,193,181,84,10,1517,0,0,0,0,0,0,0,0,0,10,3,8,25,27,40,36,26,12,0,184,113,108,245,236,295,330,446,494,314,2583,310,838,2541,3005,3357,3587,3056,1569,529,18790,0,30,64,91,95,110,67,27,0,489,8,42,81,96,70,52,19,4,0,389,41,311,802,1145,1388,1294,1054,463,120,6609,11,96,233,363,410,348,298,110,16,1896,13,51,133,140,130,82,62,15,5,631,18,86,322,520,643,527,359,137,41,2663,0,48,256,348,408,571,298,117,16,2071,75,300,744,949,931,847,622,234,55,4760,35,154,435,460,478,382,209,62,8,2227,8,56,101,112,94,87,66,33,11,567
10604,12,58,235,185,169,191,141,56,13,1069,4,24,166,161,167,133,87,34,9,789,12,76,318,326,320,244,128,38,14,1484,11,48,167,173,197,141,74,13,6,820,4,8,31,29,24,19,8,5,0,131,8,56,121,110,98,56,28,7,0,485,0,0,3,0,0,4,0,0,0,7,0,5,14,22,17,11,0,0,0,64,80,52,160,161,149,146,151,107,87,1088,135,401,1419,1324,1261,1029,676,278,134,6664,0,8,42,36,19,18,11,9,0,141,0,12,30,16,16,10,0,3,0,87,32,275,617,626,611,378,173,63,17,2791,3,44,110,105,126,94,55,19,4,558,13,73,208,150,121,70,39,25,0,691,10,46,182,195,239,193,99,41,12,1015,0,28,137,151,171,159,54,25,3,728,48,169,371,361,317,210,81,33,14,1592,12,72,155,163,140,78,31,11,0,666,3,12,51,30,18,19,9,9,0,152
10701,29,220,627,555,495,426,291,113,31,2779,11,117,519,452,339,319,272,105,31,2175,51,251,864,1007,949,704,393,122,26,4349,35,307,798,726,670,576,221,64,7,3404,13,71,166,132,94,65,42,26,7,616,47,167,374,354,249,159,82,28,13,1472,3,5,5,0,4,5,6,3,13,45,0,12,38,46,39,28,17,9,5,195,117,114,311,301,258,227,267,305,260,2158,309,1334,3967,3838,3318,2715,1691,843,395,18409,0,37,95,86,102,94,45,11,3,475,17,81,180,142,95,39,18,0,0,563,37,323,885,1265,1515,1178,722,380,87,6398,20,144,356,414,361,236,188,97,26,1840,11,33,98,101,85,48,9,11,0,394,27,137,375,495,512,324,149,60,20,2101,3,66,323,349,377,410,146,61,15,1755,85,416,1041,1132,934,544,252,99,22,4517,40,289,629,618,525,289,103,44,7,2547,19,93,143,117,95,57,26,18,3,562
10702,0,0,0,0,0,0,0,0,0,0,0,0,0,0,0,0,0,0,0,0,0,0,0,0,0,0,0,0,0,0,0,0,0,0,0,0,0,0,0,0,0,0,0,0,0,0,0,0,0,0,0,0,0,0,0,0,0,0,0,0,0,0,0,0,0,0,0,0,0,0,0,0,0,0,0,0,0,0,0,0,0,0,0,0,0,0,0,0,0,0,0,0,0,0,0,0,0,0,0,0,0,0,0,0,0,0,0,0,0,0,0,0,0,0,0,0,0,0,0,0,0,0,0,0,0,0,0,0,0,0,0,0,0,0,0,0,0,0,0,3,0,0,0,0,0,0,0,0,0,0,0,0,0,0,0,0,0,0,0,0,0,0,0,0,0,0,0,0,0,0,0,0,0,0,0,0,0,0,0,0,0,0,0,0,0,0,0,0,0,0,0,0,0,0,0,0,0,0,0,0
10703,48,217,906,770,712,773,515,187,48,4168,15,146,669,625,587,638,645,199,44,3572,58,288,1079,1277,1245,1123,699,205,76,6044,65,323,876,985,887,747,430,110,22,4437,12,95,220,199,150,98,80,29,12,891,61,199,479,361,325,191,129,60,8,1826,4,0,9,3,0,4,0,0,6,22,4,12,38,49,49,44,33,11,3,232,132,144,342,326,317,313,371,423,323,2684,408,1498,4876,4887,4556,4173,3046,1290,571,25320,6,25,90,119,115,132,59,32,3,581,13,51,151,126,92,48,13,8,0,495,48,356,962,1443,1735,1476,844,435,114,7403,29,223,539,591,544,360,239,127,17,2675,10,49,158,144,127,57,46,16,7,605,29,175,517,666,818,552,266,112,38,3160,3,82,411,536,736,833,319,102,20,3046,111,471,1188,1378,1298,918,430,181,58,6033,62,356,715,835,714,485,183,60,15,3423,24,94,169,152,120,92,51,23,7,724
10704,40,468,1546,1171,994,933,587,204,77,6022,17,174,967,1004,984,990,877,320,80,5421,67,507,1536,1792,1724,1315,782,311,102,8135,61,543,1378,1319,1242,1045,638,199,48,6477,35,279,593,495,376,225,127,58,14,2192,52,254,436,405,398,264,139,69,4,2015,6,9,6,8,3,6,5,8,8,61,8,32,88,77,92,75,34,20,15,443,225,297,475,418,394,378,397,476,468,3527,516,2850,7882,7383,6805,5710,3844,1778,860,37626,4,190,470,408,357,284,154,41,6,1910,27,224,634,356,261,116,21,11,0,1640,48,620,1838,2072,2349,1939,1228,656,247,10991,49,251,724,751,618,426,286,188,60,3355,13,58,238,237,168,91,37,10,8,851,32,332,1159,1151,1187,807,368,173,48,5260,8,203,964,1049,1268,1250,505,220,65,5530,126,1039,2362,2359,1874,1349,629,257,90,10100,68,616,1471,1479,1239,925,362,140,33,6335,31,281,598,496,354,201,92,42,18,2111
10801,14,52,180,177,227,365,276,118,31,1437,0,17,126,134,129,209,237,99,29,980,8,50,177,251,291,411,373,137,45,1743,6,49,138,213,212,259,171,54,5,1099,6,6,42,40,44,42,44,19,7,250,12,47,108,112,126,116,85,30,7,643,0,0,0,0,0,3,0,0,0,8,0,0,8,7,15,21,17,7,0,79,82,44,127,142,156,212,345,329,249,1695,130,280,949,1144,1303,1743,1643,839,383,8414,0,0,19,33,30,32,29,14,3,158,8,18,35,36,45,37,10,0,0,192,17,44,126,230,383,491,526,303,79,2204,8,39,96,211,235,221,200,109,25,1144,4,15,46,96,87,60,40,15,5,358,8,42,111,198,306,273,145,78,21,1192,0,13,82,125,169,275,182,72,17,946,27,86,204,300,411,415,304,137,43,1930,22,49,127,181,211,179,109,27,3,908,0,11,25,42,53,62,39,9,3,240
10802,9,58,260,281,327,511,380,147,42,2022,4,40,211,232,273,355,314,103,28,1550,29,84,326,385,431,555,395,126,34,2382,17,94,303,334,445,474,271,69,9,2017,0,14,47,68,48,77,66,20,7,344,23,77,180,173,141,133,89,25,3,850,4,4,0,0,5,4,7,3,0,24,0,5,21,17,13,29,19,9,4,115,172,108,288,280,308,395,384,331,195,2461,261,505,1719,1879,2119,2715,2051,874,340,12462,0,4,10,43,49,58,33,10,0,218,4,17,37,44,53,55,15,5,0,229,28,119,243,385,614,716,581,283,84,3058,18,59,152,210,345,334,207,79,23,1416,8,33,70,149,118,116,45,19,4,562,10,46,188,289,495,429,224,93,26,1803,4,36,130,239,383,462,221,81,19,1585,51,148,378,434,541,486,280,114,34,2461,16,66,238,339,470,384,130,55,11,1712,4,17,50,67,96,83,48,24,4,390
10803,0,0,4,0,7,7,0,0,0,17,0,0,0,0,5,4,0,0,0,13,0,0,7,3,5,10,5,0,0,29,0,0,3,6,0,3,0,0,0,8,0,0,3,3,0,0,0,0,0,6,0,0,3,3,4,3,5,0,0,23,0,0,0,0,0,0,0,0,0,0,0,0,0,0,0,0,0,0,0,0,0,0,4,3,3,9,3,4,0,20,0,4,31,25,23,31,11,11,0,135,0,0,0,0,0,0,0,0,0,4,0,0,0,0,0,0,0,0,0,0,0,0,4,4,9,6,5,6,0,37,0,0,0,0,0,0,0,0,0,10,0,0,0,10,4,0,0,0,0,12,0,0,3,4,0,3,10,0,0,22,0,0,3,5,3,0,0,0,0,16,0,0,4,3,9,8,0,0,0,30,0,0,4,3,5,0,4,0,0,14,0,0,0,0,0,0,0,0,0,7
10804,33,204,744,670,705,877,675,311,112,4345,9,73,400,505,615,601,612,318,70,3208,41,174,609,866,1086,1116,861,399,107,5260,46,220,552,687,799,696,484,147,36,3664,9,39,120,119,122,106,90,34,13,652,46,121,351,327,263,257,212,91,26,1710,0,13,6,0,3,7,0,0,4,34,4,6,22,37,46,48,26,17,9,206,136,120,242,254,289,372,456,502,420,2789,351,1032,3197,3696,4202,4328,3603,1915,833,23153,0,4,35,86,93,110,74,35,18,460,13,53,97,104,104,90,24,3,0,485,27,185,464,759,1027,1006,1004,624,196,5290,24,119,319,456,533,486,308,183,45,2474,20,40,126,165,176,134,61,47,15,790,14,126,420,699,920,706,405,239,54,3577,3,41,269,559,597,696,439,210,36,2861,72,277,764,1120,1178,943,695,320,101,5471,27,161,434,650,670,500,246,110,17,2809,9,39,113,151,130,106,75,39,16,667
10805,22,118,386,376,491,640,451,210,42,2730,8,63,236,262,268,371,400,147,41,1790,27,93,323,404,482,643,490,178,44,2688,25,119,357,399,478,482,293,71,6,2242,3,11,48,60,67,66,47,21,7,334,25,64,202,169,152,138,121,27,8,919,3,3,4,0,3,8,0,3,0,22,0,3,10,23,24,29,24,6,0,123,155,90,263,256,283,371,444,428,290,2583,293,595,1924,2063,2398,2935,2410,1149,458,14222,0,0,24,45,51,76,56,16,5,271,12,28,37,40,39,30,11,0,0,194,33,127,338,543,723,813,679,329,66,3645,16,54,142,226,305,322,243,96,14,1406,25,44,107,163,179,130,59,23,0,727,12,95,257,456,654,517,325,128,39,2483,0,30,144,245,401,562,266,104,26,1783,52,153,394,548,649,646,388,136,45,3006,38,125,302,373,376,321,136,42,10,1716,9,23,59,75,82,83,51,22,0,399
10901,19,207,677,619,495,539,465,179,50,3245,8,91,422,514,387,403,330,151,25,2333,21,173,672,752,739,627,343,115,33,3468,22,158,497,540,587,493,292,76,4,2676,8,39,92,118,81,77,45,27,6,491,29,132,348,266,224,139,103,44,18,1307,3,15,3,3,3,3,0,0,0,33,0,9,40,40,30,19,20,4,0,165,157,144,287,289,269,298,317,313,164,2241,269,1019,3310,3375,3022,2790,1997,944,319,17044,0,24,82,88,66,62,26,6,0,360,3,49,111,101,70,50,15,3,0,411,30,286,661,707,830,685,388,188,42,3825,32,176,310,292,320,218,121,76,16,1559,10,70,210,232,214,159,108,34,6,1044,13,157,540,495,642,526,221,106,33,2740,3,64,338,365,498,463,227,77,18,2063,73,365,941,972,874,573,242,99,25,4160,27,189,499,529,446,377,117,26,11,2214,13,50,147,101,83,67,32,9,3,509
10902,0,23,88,59,74,103,74,31,8,467,0,16,66,81,81,69,50,18,7,380,0,25,86,97,87,87,23,6,0,410,0,19,71,61,72,91,33,7,0,352,0,10,14,5,11,10,8,5,0,55,4,23,55,33,37,37,8,8,0,203,0,0,0,0,0,0,0,0,0,3,0,0,0,6,11,9,3,0,0,26,66,45,106,112,109,116,114,72,38,781,77,162,545,487,512,549,326,146,46,2856,0,0,11,11,9,9,11,0,0,55,0,3,5,9,3,3,4,0,0,27,11,41,112,110,140,112,83,17,3,629,4,22,25,46,47,30,33,11,0,230,6,26,75,104,73,52,14,10,0,355,0,20,50,71,113,75,49,19,8,396,0,10,65,97,87,73,35,16,3,373,10,31,127,111,114,67,34,5,9,499,8,24,53,83,68,58,9,6,3,321,0,3,7,6,12,13,4,3,0,51
10903,12,62,282,276,251,361,303,136,48,1726,3,40,226,228,238,260,199,111,21,1332,4,63,260,363,403,334,215,73,23,1732,12,70,234,254,279,311,191,42,9,1402,0,12,34,41,31,26,21,11,5,188,11,54,179,155,140,119,86,37,6,787,0,3,0,0,0,4,0,3,0,15,0,3,5,15,21,22,14,11,4,100,103,80,217,209,239,317,356,363,193,2076,156,431,1586,1679,1713,1868,1437,811,313,9996,0,15,25,55,26,34,19,8,0,182,4,13,22,12,17,20,4,0,0,96,35,135,319,417,550,518,401,176,58,2603,13,70,113,150,194,189,132,82,14,960,29,79,241,258,274,179,58,28,4,1154,9,53,204,248,368,363,208,94,29,1576,0,31,192,229,274,242,182,53,20,1222,38,106,363,426,382,314,161,80,24,1906,15,53,197,279,259,215,76,26,6,1127,0,14,41,34,42,27,21,10,4,192
11001,20,99,338,252,226,296,250,129,31,1645,8,39,207,274,250,313,274,135,28,1523,24,87,294,310,401,358,205,89,15,1792,15,92,320,287,334,305,222,97,23,1689,7,20,63,64,70,57,40,15,13,342,33,64,100,91,67,49,26,7,0,440,3,3,3,0,0,0,0,0,0,15,0,3,12,23,25,20,23,13,3,121,251,233,242,188,211,213,204,229,149,1930,382,709,1857,1716,1758,1777,1344,758,282,10575,0,35,100,126,141,143,85,26,14,679,15,27,87,48,47,22,4,5,0,252,10,103,206,262,348,311,177,95,22,1528,17,56,133,122,201,141,72,32,5,786,28,114,225,218,241,176,118,37,18,1178,19,69,192,247,376,308,183,72,38,1508,3,37,247,282,390,438,202,74,22,1694,40,205,403,486,524,402,198,61,19,2345,42,161,337,432,451,446,194,52,22,2140,18,57,85,92,97,71,32,24,3,472
11002,21,69,196,168,244,325,291,132,40,1485,3,44,145,203,230,241,208,87,13,1166,15,58,245,300,354,343,214,73,18,1605,39,74,218,249,296,320,171,39,5,1407,0,5,34,41,37,43,25,13,8,192,22,48,120,92,83,73,46,9,0,498,0,0,5,3,0,0,3,0,0,10,0,3,13,14,12,18,20,0,0,83,134,85,208,237,284,309,324,258,139,1988,253,416,1280,1416,1648,1770,1381,630,229,9030,0,0,19,29,35,37,24,3,0,149,7,13,27,37,28,20,13,0,0,155,25,98,290,327,402,381,320,108,20,1970,9,79,115,116,187,173,104,51,13,834,15,36,145,204,174,145,86,43,5,861,15,33,140,270,340,333,196,82,28,1450,6,24,178,241,264,301,160,41,13,1231,29,107,337,432,417,290,156,56,16,1846,21,75,216,295,292,242,80,29,4,1252,9,16,38,60,50,52,31,3,6,266
11003,8,45,140,111,110,152,120,44,11,738,3,43,147,128,154,100,81,31,11,696,6,59,209,214,222,178,79,29,4,1006,7,54,172,159,133,129,53,11,9,719,0,6,26,22,20,9,4,3,0,96,13,42,91,68,45,41,25,5,0,336,0,4,0,0,0,0,0,0,0,10,0,0,3,11,6,7,0,0,0,34,136,127,297,267,277,303,203,134,68,1817,187,409,1196,1056,1022,996,587,274,99,5835,0,3,17,29,33,16,7,0,0,102,0,12,17,13,19,6,4,0,0,83,20,120,303,278,335,239,120,39,11,1461,15,36,77,72,84,73,43,17,0,404,16,53,174,183,141,95,49,22,0,744,6,33,113,137,195,163,67,33,3,750,0,41,155,201,126,128,50,14,12,722,26,107,324,326,293,152,53,18,5,1297,11,57,196,190,150,84,28,10,0,729,4,8,31,24,17,11,3,0,5,116
11004,45,207,812,676,628,708,494,223,76,3869,12,115,517,567,469,445,366,160,49,2708,42,208,832,862,840,727,487,182,57,4246,29,160,633,631,551,474,236,79,7,2800,8,30,116,84,67,71,29,22,10,434,45,147,365,313,230,164,90,26,5,1393,3,5,4,4,0,0,0,0,0,23,4,12,32,27,46,19,19,9,5,165,253,211,487,479,446,430,460,498,257,3525,455,1180,4049,3929,3495,3233,2294,1250,477,20362,0,24,66,97,71,77,32,8,8,377,12,37,76,64,48,53,18,0,0,310,57,355,818,887,1028,905,554,224,56,4891,27,132,289,346,340,299,202,108,12,1756,24,88,302,325,279,236,139,57,14,1469,28,162,546,661,820,668,348,144,49,3431,6,80,428,486,588,581,273,127,30,2585,70,332,905,1024,989,836,389,125,30,4700,49,222,514,577,518,392,150,30,6,2454,13,47,111,111,83,60,42,28,4,501
11101,30,276,1245,1222,1172,1070,708,328,104,6160,16,174,681,940,857,886,819,350,85,4809,86,324,1285,1719,1633,1366,938,363,104,7815,80,340,958,1075,1034,860,459,157,35,4997,20,98,307,303,200,107,82,44,19,1173,63,183,496,421,360,280,200,63,20,2085,7,8,0,6,3,9,0,5,3,38,3,18,21,76,86,40,45,27,4,325,137,145,369,369,332,372,453,536,375,3083,465,1681,5784,6619,6096,5369,3906,1973,762,32650,0,64,166,233,235,216,107,35,8,1067,20,67,225,245,153,93,19,0,0,832,63,514,1474,1954,2392,2184,1522,837,219,11156,36,239,672,768,734,576,393,216,73,3711,9,45,152,189,145,95,59,32,5,732,23,242,939,1171,1356,942,455,216,55,5403,5,102,655,865,1094,1205,568,252,67,4806,146,621,1759,2045,1924,1495,704,259,84,9038,56,307,848,1064,910,658,282,91,23,4244,22,131,279,216,166,119,78,21,13,1052
11102,25,209,800,707,619,794,596,240,113,4104,9,111,437,512,423,418,479,228,77,2698,51,230,947,987,978,854,638,272,74,5037,59,261,719,682,692,572,351,101,21,3465,18,63,154,147,102,80,92,39,7,705,56,145,423,296,295,188,120,41,15,1569,9,0,9,0,4,4,4,0,0,34,4,20,30,41,32,47,30,12,6,221,118,109,268,273,248,257,368,456,324,2420,362,1217,4022,3885,3630,3416,2845,1464,661,21513,6,29,67,96,76,112,68,26,6,486,17,54,100,103,87,49,22,5,0,423,53,372,846,1190,1442,1333,902,473,155,6771,19,135,356,410,393,380,260,134,46,2129,18,28,109,121,116,81,35,13,0,512,29,171,452,581,785,708,327,200,51,3308,3,59,336,378,459,587,393,165,37,2412,78,376,836,1021,937,786,468,221,70,4799,50,199,464,536,541,415,243,102,26,2566,12,62,147,103,86,90,74,33,7,615
11103,36,670,2621,1841,1640,1502,848,381,112,9657,24,302,1193,1210,1062,977,996,375,110,6241,93,653,2246,2325,2048,1568,901,287,92,10220,81,657,1926,1690,1497,1184,689,246,51,8029,39,293,857,605,370,244,127,64,22,2630,98,373,720,544,506,285,175,66,20,2785,7,9,10,0,15,5,12,5,3,64,5,34,110,132,113,91,58,24,10,580,324,450,736,623,542,507,607,689,755,5225,725,3755,11524,9847,8468,6825,4698,2258,1214,49321,5,183,547,468,363,303,143,57,17,2079,31,177,598,336,189,93,26,9,0,1465,40,846,2671,2443,2589,2206,1361,756,248,13154,43,400,921,785,777,529,359,225,55,4098,14,80,327,284,170,88,54,17,3,1039,33,544,1978,1953,1809,1208,576,295,97,8501,14,230,1146,1178,1250,1341,574,289,73,6089,179,1119,3078,2650,2160,1491,638,272,83,11678,82,637,1848,1638,1449,1122,454,168,34,7436,43,422,921,468,342,197,94,39,11,2540
11201,16,124,631,766,822,926,727,281,98,4386,11,78,401,569,638,729,766,270,71,3521,31,156,741,889,998,881,647,220,73,4622,22,148,615,828,886,899,614,167,24,4204,12,101,516,558,399,265,190,40,10,2107,30,127,345,305,326,198,149,47,7,1538,0,5,3,0,5,4,0,6,0,22,6,3,55,76,83,68,53,19,0,355,187,197,544,533,533,512,490,387,319,3716,320,1006,4185,4851,5042,4768,3838,1508,641,26168,5,9,85,175,150,176,80,31,13,717,11,33,61,101,99,74,22,0,0,405,22,128,415,629,943,967,639,328,138,4206,22,117,308,521,654,538,234,129,33,2555,13,53,206,287,272,192,94,32,12,1164,12,78,447,833,1100,910,405,211,77,4071,0,50,314,655,889,1079,468,176,50,3691,47,210,751,1093,1137,953,467,214,84,4958,31,127,530,852,973,867,300,97,17,3789,21,105,346,464,364,294,89,30,12,1736
11202,16,139,469,536,590,697,551,173,49,3230,12,75,343,471,414,452,496,139,31,2436,32,199,538,616,726,722,418,149,31,3437,21,137,470,618,690,713,375,86,13,3127,7,45,149,195,189,154,105,43,9,897,34,108,283,198,193,137,77,23,13,1061,3,0,3,0,0,0,0,5,0,22,3,7,24,43,48,37,23,8,5,192,229,187,397,445,415,491,455,356,261,3234,390,965,2868,3328,3521,3638,2657,1035,433,18835,0,15,65,101,135,154,58,15,5,558,12,45,76,89,97,57,18,5,0,400,36,204,489,603,903,843,484,235,51,3840,17,111,230,302,391,387,194,72,18,1724,32,81,226,285,255,199,62,30,3,1163,17,122,417,620,915,752,282,120,40,3282,0,68,348,440,604,766,292,105,19,2658,79,303,737,886,948,715,275,112,23,4079,39,157,474,688,770,598,202,54,7,2989,15,67,224,244,273,202,67,20,3,1118
11203,33,161,711,877,802,968,724,298,103,4673,15,59,454,651,629,646,632,241,72,3383,55,174,681,983,1007,1035,709,306,94,5042,41,167,539,769,816,862,545,136,25,3904,21,72,241,291,228,173,102,43,13,1189,60,147,393,399,361,287,208,77,29,1967,5,8,0,0,5,3,7,9,4,39,4,9,39,48,61,52,24,18,6,277,204,155,417,504,501,541,553,669,628,4165,456,1005,3703,4844,4696,4875,3696,1852,1004,26125,0,23,73,109,98,114,62,33,14,521,24,46,109,129,132,99,17,3,0,563,20,176,539,824,1147,1085,929,598,199,5515,27,145,483,677,679,527,362,223,52,3161,12,42,187,243,192,124,49,33,6,883,17,108,513,766,960,748,405,209,62,3791,4,50,348,582,696,785,387,176,47,3074,63,313,866,1046,1129,926,541,288,90,5272,62,204,563,720,738,554,250,93,17,3196,16,91,210,257,185,132,69,42,11,1030
11301,14,82,319,275,270,215,165,80,30,1440,10,62,311,286,311,200,143,62,21,1391,35,135,513,477,461,375,220,63,16,2288,20,91,303,282,238,227,103,21,5,1296,0,19,67,50,26,22,8,4,7,203,16,70,223,178,120,70,39,8,5,740,0,0,5,4,4,6,0,0,0,18,0,7,41,28,25,12,3,5,0,118,122,151,319,312,299,305,270,228,168,2177,235,665,2339,2061,1896,1556,986,493,257,10493,4,16,81,80,66,36,17,9,0,319,4,10,79,39,31,24,9,0,0,207,27,209,567,574,631,403,207,76,13,2718,11,85,173,145,211,152,69,43,6,888,18,64,174,237,196,136,66,26,8,924,7,48,235,303,286,220,120,64,20,1304,4,64,268,309,303,235,99,37,11,1341,45,206,546,599,527,328,120,40,14,2417,30,105,282,276,232,146,40,13,0,1127,0,27,58,50,30,19,5,6,0,195
11302,0,13,91,83,93,120,109,33,11,568,0,16,81,87,83,92,78,35,5,485,0,20,95,140,138,133,57,36,8,616,3,25,70,77,91,106,52,12,4,436,0,0,11,12,15,8,8,3,0,66,9,23,56,70,37,32,18,5,0,241,0,5,0,0,0,0,0,0,0,3,0,0,3,8,9,11,4,0,0,29,49,25,75,82,82,94,96,107,63,670,67,140,532,613,581,630,449,234,102,3348,0,4,10,16,10,23,12,5,0,76,0,4,4,6,10,0,0,0,0,32,10,78,178,234,274,175,134,38,12,1137,3,16,42,49,83,55,28,18,0,297,0,18,57,79,83,46,25,9,0,330,0,21,64,82,114,100,58,36,7,478,0,19,47,98,95,111,58,18,11,453,14,46,130,152,172,118,58,16,5,724,12,25,87,90,83,65,18,13,0,393,0,3,6,23,18,10,3,5,0,73
11303,39,358,1122,831,724,743,532,265,87,4707,17,134,572,615,630,558,466,182,62,3231,57,272,866,1060,998,932,595,204,54,5028,42,221,776,718,664,602,299,76,14,3417,6,66,177,147,98,79,45,25,6,666,46,184,457,323,259,183,117,41,13,1613,4,21,14,12,0,0,3,0,0,60,6,11,51,49,45,28,20,12,6,227,240,237,430,393,391,445,484,423,301,3348,480,1683,4878,4474,4090,3782,2703,1275,565,23933,3,53,146,155,122,97,36,16,4,635,24,50,150,99,75,60,19,0,0,476,103,439,954,995,1092,920,486,217,66,5280,58,253,410,393,437,362,162,94,26,2189,49,140,349,451,399,338,186,73,19,1999,39,270,702,779,845,656,328,148,73,3851,5,101,528,711,700,717,280,133,37,3210,90,494,1334,1338,1271,913,356,142,55,5988,53,267,734,755,632,431,165,65,10,3117,18,116,244,142,124,85,53,17,3,800
11401,16,133,793,704,690,982,756,291,86,4454,13,98,513,549,534,751,793,318,77,3640,57,204,846,964,1044,1215,1025,420,95,5862,35,237,725,811,888,1007,691,152,31,4572,7,43,177,206,146,195,143,63,18,999,46,173,440,410,346,292,211,77,31,2023,3,8,14,3,6,6,6,3,3,37,4,18,43,47,74,49,44,22,12,314,271,183,437,434,475,557,636,580,354,3933,469,1181,4301,4434,4511,5396,4572,2032,740,27641,3,29,78,106,127,161,113,45,10,670,12,32,90,87,100,69,37,8,0,439,57,320,852,1129,1546,1553,1423,787,227,7889,25,161,432,531,659,632,462,242,61,3206,23,58,181,237,233,158,92,46,8,1039,26,128,461,717,939,812,433,209,55,3780,3,80,315,473,691,938,485,211,39,3231,69,343,795,1077,1239,1114,804,285,88,5811,47,224,557,744,919,706,328,127,32,3687,13,57,143,200,188,158,120,41,16,936
11402,16,96,337,344,411,474,513,240,84,2514,0,41,220,288,375,390,505,254,59,2125,7,94,452,525,652,635,607,292,65,3324,21,102,317,410,467,430,433,190,27,2395,10,42,115,164,157,156,131,66,20,860,19,72,195,159,184,142,87,47,3,908,0,0,0,0,3,3,0,3,0,14,4,12,16,45,61,55,33,23,4,246,80,69,133,162,198,222,237,310,284,1698,166,572,1932,2277,2717,2732,2748,1520,564,15228,0,17,39,69,110,99,79,42,14,475,0,17,36,49,45,34,16,3,3,203,24,133,312,556,767,637,571,297,57,3346,18,69,182,275,302,213,177,76,12,1319,19,51,121,175,144,108,76,22,6,721,8,62,174,344,523,521,340,220,44,2232,0,29,144,327,466,548,335,145,14,2009,20,148,351,659,703,768,597,229,61,3529,17,109,242,454,449,462,331,111,18,2195,4,45,109,182,165,138,115,45,9,810
11501,24,350,931,1202,1185,1038,818,361,121,6017,11,177,586,921,1180,998,910,416,135,5338,40,420,1955,4093,3267,2195,1342,510,133,13954,35,428,900,1376,1350,1003,686,194,53,6022,35,230,433,513,362,164,124,53,22,1928,46,132,244,330,373,224,144,79,19,1580,3,7,7,3,7,14,17,7,4,79,5,31,90,180,158,124,104,41,22,754,101,112,326,454,324,317,299,401,555,2886,310,2152,6273,11207,9540,7047,4909,2246,1117,44791,0,161,351,629,735,512,230,78,19,2710,17,174,876,1090,811,316,46,4,0,3335,25,313,1062,2091,2671,2146,1216,475,152,10148,25,260,493,739,632,449,281,108,24,3021,19,72,163,183,131,94,45,22,7,732,23,327,838,1343,1483,1168,535,221,83,6021,3,221,778,1207,1401,1323,625,228,78,5872,104,1209,3231,4709,4538,3334,1279,406,144,18943,75,623,1206,1494,1422,1034,370,148,43,6420,40,431,605,518,328,189,91,40,14,2264
11502,9,43,122,159,209,210,156,89,25,1017,0,31,132,157,223,183,192,83,17,1012,9,78,214,408,558,368,245,106,25,2009,11,86,130,201,252,169,112,30,7,993,10,49,97,79,77,61,39,17,10,436,13,43,75,74,114,81,40,20,5,466,0,0,0,0,0,0,0,0,0,7,0,5,8,17,32,17,15,3,0,96,31,27,58,75,91,73,59,84,76,578,88,417,908,1304,1739,1337,947,458,168,7366,0,18,38,80,101,98,50,8,4,403,0,24,53,74,89,33,14,0,0,288,11,76,195,335,523,452,275,112,42,2017,12,94,120,249,220,164,128,38,4,1026,3,25,88,81,95,57,28,5,7,398,0,46,110,207,272,219,144,48,29,1065,0,28,91,145,234,294,139,44,11,990,18,165,328,625,672,522,252,81,27,2689,12,88,166,226,238,218,89,26,6,1076,10,67,81,96,87,58,23,12,5,439
11503,12,69,147,143,189,190,109,36,9,899,4,36,171,159,163,195,145,35,7,907,18,65,200,302,373,283,118,51,4,1424,18,80,175,174,241,179,85,23,5,983,14,36,69,54,65,45,33,6,0,316,23,36,146,94,110,53,33,15,6,522,0,0,0,0,0,0,0,0,0,6,0,5,17,23,18,16,6,9,0,88,30,30,78,69,88,87,64,44,13,501,124,405,1075,1119,1377,1187,674,234,49,6233,0,7,23,63,75,60,26,9,0,260,11,22,26,49,42,14,7,0,0,171,27,131,245,490,552,381,226,74,13,2142,13,90,143,271,273,122,63,14,3,992,10,35,82,89,112,61,20,10,0,421,9,36,86,179,236,174,80,24,8,842,0,28,96,182,267,282,94,30,3,984,37,112,269,409,403,279,145,27,9,1684,21,89,172,214,182,158,60,20,3,925,10,47,78,68,67,42,28,5,5,349
11504,21,133,508,521,396,224,124,41,10,1978,19,83,442,482,380,202,142,48,8,1810,20,169,905,1582,1036,504,248,62,12,4535,23,161,459,588,434,223,99,34,3,2024,15,78,186,181,84,35,19,8,3,603,42,90,220,212,179,81,41,11,0,879,5,0,3,0,0,0,4,0,0,14,0,8,37,87,36,37,20,8,0,228,48,57,178,207,115,98,89,65,8,856,192,850,3326,4668,3032,1558,842,301,54,14814,0,24,45,97,61,42,17,6,0,288,3,43,107,171,69,26,4,0,0,413,11,89,296,656,570,346,211,55,15,2254,15,71,176,243,156,113,58,8,0,837,4,18,53,77,38,27,5,0,0,222,4,41,155,270,189,141,69,19,4,882,0,24,182,288,179,160,57,13,4,903,41,182,565,942,610,362,138,31,8,2868,11,90,203,301,194,104,25,3,0,937,3,46,103,78,46,19,11,0,0,305
11601,33,324,1427,1052,777,638,443,107,39,4835,3,188,767,741,594,434,335,149,38,3250,60,484,2341,2659,1618,1181,690,183,40,9254,40,385,1149,1214,966,705,329,77,14,4880,20,143,337,270,158,69,58,19,3,1071,52,191,475,484,291,182,107,32,9,1820,4,9,11,6,11,19,18,5,3,80,0,31,163,205,118,81,57,18,6,680,253,346,928,853,588,472,451,339,191,4423,486,2421,9151,8990,5794,4209,2734,1011,376,35162,0,116,440,385,340,221,75,17,3,1595,32,198,1292,765,277,114,16,4,0,2698,30,406,1558,2012,2093,1640,831,378,72,9026,28,168,562,569,420,325,194,106,13,2376,15,56,185,163,132,58,29,10,0,646,20,280,943,961,863,591,202,76,28,3967,8,147,772,712,597,596,226,84,19,3163,141,1021,3502,2740,2064,1420,441,146,38,11513,81,453,1366,1126,851,555,181,52,6,4677,30,230,458,245,136,114,44,11,0,1276
11602,38,325,1541,1419,833,454,241,62,6,4927,12,179,986,1009,780,392,321,87,23,3786,69,442,2574,4187,1994,1076,482,105,19,10938,54,387,1189,1470,936,556,243,52,8,4883,11,172,396,376,180,74,33,16,5,1267,58,180,467,468,314,143,71,34,3,1738,0,0,7,10,9,7,8,0,0,41,4,18,156,330,160,105,61,12,0,841,144,189,618,722,374,277,223,119,47,2711,395,2165,9748,13004,6441,3457,1839,507,118,37677,0,57,260,339,236,130,38,4,0,1068,15,127,918,738,229,68,8,3,0,2114,27,229,1123,1578,1330,790,297,86,13,5475,28,118,413,418,256,199,71,24,7,1540,13,41,123,135,98,49,19,4,0,470,15,150,663,697,523,260,76,24,5,2410,0,101,664,701,436,286,101,36,6,2328,75,619,2624,2619,1535,778,198,48,8,8499,59,284,937,853,519,292,103,13,0,3063,18,144,359,231,85,58,22,3,0,921
11603,33,242,866,746,544,435,232,60,34,3187,11,169,559,393,335,278,230,83,28,2086,45,361,1350,1670,1098,907,377,77,16,5910,31,314,937,925,746,477,173,35,5,3653,7,87,187,128,79,47,24,8,0,562,61,181,452,360,242,160,60,27,0,1535,5,6,14,11,11,13,10,0,0,69,9,33,92,116,93,47,23,5,3,412,326,350,902,804,592,455,468,327,341,4574,550,1913,5985,5838,4120,3065,1720,667,441,24298,0,78,190,188,147,77,19,5,0,706,30,151,656,468,130,38,4,0,0,1476,46,304,1024,1406,1584,985,424,165,33,5977,28,127,308,326,262,195,116,46,9,1415,10,24,97,86,82,36,16,0,0,357,32,241,616,652,562,339,84,39,15,2575,4,103,369,379,358,312,131,71,25,1747,147,727,2048,1698,1362,733,186,48,17,6953,73,360,752,693,570,296,98,35,7,2881,13,157,239,140,77,60,26,11,0,724
11701,3,127,624,367,268,179,126,47,4,1751,0,67,401,308,256,166,121,50,10,1376,15,462,2048,1329,825,473,194,72,13,5426,18,202,786,526,409,276,101,29,6,2345,14,146,407,236,101,49,33,6,0,986,14,146,338,189,146,81,45,22,3,983,6,6,13,0,7,0,7,4,4,46,3,22,70,58,51,26,8,3,0,243,60,210,542,308,182,188,172,138,82,1872,137,1597,5950,3804,2486,1598,896,413,142,17023,0,38,146,139,100,60,25,8,0,523,0,44,402,230,74,24,9,0,0,796,14,120,506,570,570,432,291,133,32,2667,6,49,160,204,162,89,60,35,10,769,0,5,47,51,39,20,9,8,0,175,3,63,301,328,209,149,58,25,12,1153,0,40,202,273,190,133,75,30,8,958,40,320,1382,1096,642,332,150,64,22,4039,14,128,490,406,293,158,61,18,0,1578,8,76,242,132,85,41,16,12,4,615
11702,10,116,603,405,300,253,118,33,12,1857,3,31,348,279,287,234,191,51,7,1438,3,156,1029,1076,755,346,164,45,5,3584,0,186,1212,925,723,465,228,65,11,3818,6,269,1190,620,423,204,81,18,4,2816,7,61,151,122,104,42,36,9,3,544,4,3,5,0,0,0,0,0,0,18,5,22,140,102,91,40,27,8,0,436,45,121,354,245,192,132,121,111,73,1398,91,1139,5588,4265,3191,1885,1032,380,128,17697,0,101,372,303,142,102,31,12,0,1066,3,70,482,297,138,36,10,0,0,1033,8,98,547,577,434,288,168,77,21,2214,0,66,316,351,193,103,64,28,5,1119,0,20,99,103,50,23,9,4,0,309,10,116,531,538,366,197,80,32,7,1863,4,55,363,444,393,314,93,32,4,1700,25,418,1766,1464,766,361,116,23,14,4958,12,284,1400,1244,799,517,142,26,10,4425,12,343,1200,888,421,136,33,8,4,3048
11703,18,426,2792,1334,740,710,512,209,79,6833,8,139,1093,705,529,593,624,249,50,3989,41,1859,9200,5365,2505,1445,679,212,60,21361,15,1005,5551,2987,1733,1337,963,331,88,14010,57,1010,3899,1897,885,581,243,77,21,8661,37,366,1116,642,337,224,115,37,7,2888,11,42,29,12,15,19,11,3,0,142,10,149,499,324,242,148,101,44,14,1532,212,960,2787,1401,784,646,532,364,234,7930,440,7137,31041,16695,8727,6336,4103,1667,610,76762,8,493,1671,940,493,341,159,58,8,4171,15,384,2968,1284,433,161,29,5,0,5287,23,623,2879,1476,1077,784,477,262,52,7653,26,284,1405,898,561,382,176,73,9,3810,3,62,311,222,126,78,24,12,0,846,17,457,2556,1436,1000,744,375,162,59,6812,5,155,1167,902,795,911,379,149,37,4495,109,2981,12935,6022,2716,1490,544,163,34,27001,50,1349,6650,3920,2343,1837,726,225,42,17138,71,1484,5218,2300,1179,531,175,69,13,11027
11801,6,183,1222,848,704,708,532,372,128,4703,0,57,598,468,506,586,708,356,100,3379,18,546,3835,2822,2206,1245,771,366,119,11925,7,347,2535,1977,1638,1272,925,435,102,9244,20,362,1891,1317,837,487,261,117,53,5346,11,66,372,262,252,159,130,71,9,1333,3,4,9,3,9,4,7,8,11,53,3,44,205,184,238,132,116,58,18,994,129,209,991,659,502,349,356,474,548,4221,195,2052,12795,9349,7544,5397,4132,2430,1144,45045,4,124,628,530,327,284,175,74,36,2192,0,50,637,505,307,106,24,0,0,1643,7,129,1098,844,715,726,565,341,183,4621,4,191,885,685,475,383,230,87,38,2978,3,25,185,148,92,50,29,17,4,557,9,190,1333,1126,1134,1028,685,407,168,6081,3,79,739,640,757,937,469,221,62,3904,33,918,6283,4790,2788,1705,885,389,190,17984,25,575,3654,3012,2159,1842,947,374,108,12691,22,567,2698,1679,891,456,195,97,44,6656
11802,10,293,1898,1221,950,776,531,260,94,6034,9,132,780,678,699,649,609,267,98,3924,26,508,2854,2771,2226,1354,719,296,103,10856,26,367,1889,1717,1377,944,589,195,52,7159,24,347,1278,924,565,315,104,35,12,3603,24,101,396,334,334,229,133,78,20,1660,5,12,9,10,3,14,9,21,37,117,7,43,161,147,186,103,62,21,10,737,144,302,835,640,478,356,384,422,484,4039,286,2496,11566,9481,7561,5335,3465,1760,959,42896,13,305,904,614,476,325,169,49,25,2875,7,189,972,663,372,148,20,0,0,2371,30,707,2055,1352,1386,1086,729,430,165,7937,18,268,956,749,550,364,204,97,33,3243,3,61,244,166,114,52,31,18,4,699,16,320,1807,1531,1161,769,402,223,94,6313,4,129,848,836,838,826,363,212,101,4166,83,1429,5124,4246,2552,1448,604,273,120,15893,30,671,2579,2244,1546,995,393,165,62,8683,40,474,1527,1044,585,208,88,48,14,4036
11901,32,453,1255,876,627,493,316,128,53,4227,27,336,1401,1100,803,632,414,158,57,4929,73,638,2607,2744,2031,1425,690,201,66,10488,45,471,1572,1522,1204,815,358,81,15,6074,11,206,442,308,179,117,52,28,10,1352,57,262,631,645,492,259,119,49,10,2529,3,9,15,8,8,10,15,4,3,73,9,58,129,124,110,73,44,15,5,552,412,478,1259,1123,881,701,652,558,581,6643,696,3236,10186,9278,7003,4998,2862,1311,856,40429,4,147,339,378,337,184,60,25,6,1488,22,172,1004,690,382,83,19,3,0,2378,53,480,1566,2135,2263,1656,1120,654,208,10143,53,309,781,765,569,407,283,175,60,3391,11,50,146,107,108,71,28,14,5,528,40,332,988,869,705,458,215,112,27,3745,17,239,903,835,781,650,261,129,38,3850,199,1216,3555,2977,2235,1330,509,230,86,12332,89,617,1517,1193,912,592,188,70,14,5196,33,249,491,310,204,119,55,26,17,1511
11902,23,341,1064,698,440,396,223,82,33,3308,13,203,837,663,609,427,265,95,33,3144,47,541,2332,2215,1644,1035,410,112,49,8395,25,320,1264,1235,1018,670,229,70,10,4843,17,155,457,336,251,130,61,18,6,1422,39,147,462,471,359,179,91,39,13,1792,3,15,25,17,7,22,12,18,28,139,8,47,120,149,126,63,33,29,44,617,245,394,1077,905,704,578,447,379,335,5063,426,2419,8491,7440,5720,3849,1928,921,593,31776,5,106,383,361,287,111,71,15,6,1358,17,181,1314,688,245,75,13,3,0,2531,27,277,1254,1466,1398,892,573,361,135,6376,35,166,558,569,414,245,165,98,30,2280,0,20,84,79,91,26,21,6,3,324,21,263,908,651,521,310,146,81,23,2933,14,188,635,641,576,384,171,74,27,2718,99,1233,4106,2821,1668,754,249,147,59,11147,46,477,1442,1219,901,466,148,50,12,4751,22,175,508,398,254,96,42,13,9,1512
11903,22,412,1420,846,679,634,402,176,65,4667,10,180,763,606,658,629,544,223,80,3700,41,654,2677,2843,2337,1563,836,287,112,11345,21,404,1063,1116,920,737,387,92,24,4767,20,219,477,389,241,151,87,35,20,1628,50,154,381,370,296,203,132,50,18,1643,4,14,6,5,12,9,18,9,17,91,9,33,93,107,108,84,56,19,15,518,150,248,666,519,446,442,395,444,540,3860,325,2678,8403,7610,6381,5038,3124,1485,942,35989,4,110,337,385,439,239,123,52,15,1712,15,193,1348,793,427,107,22,0,3,2901,27,300,1128,1542,1932,1376,924,654,236,8106,17,178,433,523,473,305,242,139,55,2370,3,31,92,93,90,52,26,15,5,408,21,269,851,821,902,594,351,170,52,4035,0,169,559,699,835,797,386,188,46,3683,96,1363,4627,3564,2567,1621,640,354,161,14988,42,450,1303,1186,1027,669,223,97,28,5026,24,278,613,362,245,148,68,28,14,1771
11904,14,396,1658,946,678,581,372,139,51,4838,10,182,880,701,633,463,376,161,79,3488,30,701,3931,3197,2280,1477,688,220,73,12606,28,384,1551,1269,980,757,361,95,21,5437,26,233,738,522,299,168,72,41,10,2104,32,182,544,502,438,235,172,53,18,2172,0,14,9,4,3,10,16,5,0,60,3,32,125,139,101,96,36,21,10,562,166,352,1111,755,551,478,450,496,495,4858,311,2832,12021,9112,6654,4857,2804,1354,803,40758,5,99,481,419,382,194,96,36,8,1718,9,214,1529,806,315,108,17,4,0,3001,30,293,1438,1620,1710,1193,771,474,161,7690,9,153,609,621,437,323,181,119,38,2496,4,30,104,89,80,47,24,14,5,401,19,261,1031,953,786,482,239,133,52,3952,8,148,647,706,607,550,278,128,37,3109,103,1420,5196,3635,2281,1233,490,229,103,14691,60,395,1628,1240,987,622,208,109,23,5274,26,230,711,494,257,132,85,36,6,1982
12001,4,157,854,604,541,499,372,145,45,3231,6,77,509,446,499,493,484,203,51,2769,8,320,2204,2263,1817,1247,652,216,79,8819,12,197,916,926,826,623,375,113,18,4008,23,153,516,425,318,175,66,26,13,1715,18,91,244,265,232,173,96,37,12,1162,0,3,8,5,3,10,10,3,0,31,0,18,63,84,101,58,46,18,9,402,62,115,435,356,256,223,232,248,318,2255,140,1315,6576,6122,5130,3910,2562,1094,570,27426,3,86,326,332,284,201,83,22,8,1348,9,50,748,525,266,67,18,4,0,1678,7,166,821,960,987,721,439,278,100,4487,5,100,366,448,362,233,165,70,14,1759,0,26,82,67,51,42,18,11,0,293,10,143,822,787,632,474,261,137,45,3311,0,84,459,559,579,642,284,100,35,2739,36,759,3413,2961,1999,1168,454,156,83,11040,15,261,1179,1171,785,621,205,73,19,4333,25,233,671,498,242,123,45,25,9,1875
12002,7,91,529,488,404,365,266,101,18,2259,5,26,274,269,319,332,412,143,16,1788,12,145,860,1411,1215,624,316,84,17,4671,9,161,770,984,911,636,492,170,28,4159,9,158,634,599,433,283,124,55,6,2296,6,28,114,94,117,75,34,26,0,489,0,0,0,0,0,0,5,0,0,13,0,19,67,95,99,64,51,8,0,411,51,77,247,231,198,150,132,121,113,1316,94,794,3899,4643,4116,2793,1987,755,215,19298,0,58,340,412,214,185,62,14,3,1284,6,36,313,343,158,57,13,0,0,925,8,61,491,606,488,356,246,87,30,2380,0,52,328,422,310,211,95,34,4,1460,0,15,102,104,70,48,15,0,6,363,7,89,615,649,472,401,185,47,8,2455,0,36,343,384,379,579,223,60,11,2017,14,266,2211,2559,1238,681,213,51,14,7245,9,226,1461,1672,983,893,324,87,7,5655,8,276,1102,857,507,279,90,23,3,3146
12003,24,609,2044,1076,895,805,559,225,85,6322,6,231,968,761,729,763,587,283,85,4417,36,1014,4363,3129,2337,1539,725,195,92,13433,21,578,2171,1732,1496,1099,591,184,54,7923,38,427,1508,838,550,307,130,49,23,3863,25,201,537,398,321,211,102,37,10,1834,0,16,14,4,7,26,8,9,5,91,8,75,260,223,164,118,67,34,9,951,139,462,1228,741,505,430,411,385,492,4802,296,4299,15271,10291,7928,6003,3487,1530,911,50027,0,185,773,560,570,285,147,59,10,2597,17,303,2178,1028,486,168,24,5,0,4205,21,311,1639,1455,1645,1103,666,402,104,7345,10,173,583,633,500,323,187,104,27,2539,3,40,161,130,117,62,16,10,4,550,21,407,1473,1276,1296,912,384,213,80,6065,6,169,846,855,1039,950,365,202,75,4507,94,1942,6252,3959,2770,1464,435,191,105,17208,43,610,2357,2149,1792,1194,400,150,48,8743,32,464,1326,995,664,250,60,48,20,3870
12101,11,224,1176,1054,838,711,536,338,162,5040,3,67,529,526,525,523,617,303,120,3222,9,392,2612,3664,2745,1570,892,342,134,12364,8,248,1176,1562,1380,940,656,273,87,6331,20,208,621,695,489,261,130,63,32,2523,14,71,245,270,225,124,86,32,12,1078,0,8,5,0,11,5,10,5,4,41,4,19,102,131,136,107,52,41,20,616,90,104,453,486,337,242,257,211,296,2465,168,1572,8022,9955,7606,5135,3604,1782,925,38771,3,143,543,574,485,370,253,105,34,2512,10,111,1296,998,522,185,26,10,0,3159,5,186,1041,1150,1057,877,577,361,148,5405,0,84,335,440,396,313,165,103,31,1864,3,30,137,121,101,65,35,11,10,506,4,168,1068,1155,1125,853,545,338,121,5363,4,63,536,630,726,793,438,224,66,3495,47,943,4596,4737,3201,2038,829,369,197,16957,16,422,1707,2179,1709,1270,591,246,78,8221,32,354,964,684,488,280,116,75,21,3014
12102,21,238,784,849,794,592,400,206,71,3950,10,80,462,580,663,552,476,263,62,3158,25,210,1220,2074,1594,1081,689,288,91,7266,7,207,608,1017,938,607,366,136,29,3923,21,148,313,397,309,175,85,36,16,1492,40,70,170,210,221,126,76,30,13,956,0,7,4,5,0,8,6,5,0,43,0,13,66,114,100,60,48,12,10,429,47,77,186,254,196,140,189,172,241,1498,188,1196,4455,6795,5597,3870,2604,1291,577,26570,0,71,284,437,443,302,171,57,18,1788,11,76,841,857,477,169,26,6,0,2458,12,167,806,1324,1318,961,727,321,118,5762,12,117,299,442,397,283,168,82,23,1823,4,56,156,201,149,77,36,13,5,696,12,166,692,933,813,592,309,165,38,3714,0,77,492,723,802,705,412,168,55,3439,33,485,2029,2576,1992,1428,654,263,107,9570,25,281,999,1170,912,676,295,119,37,4504,19,213,500,471,288,171,91,44,21,1815
12103,15,224,622,961,1218,1070,779,578,274,5740,0,74,365,564,811,821,863,581,195,4276,15,378,1484,3307,3172,1825,1096,608,241,12126,15,246,695,1262,1563,1120,785,414,124,6228,38,209,422,525,492,324,154,109,57,2318,25,46,134,162,191,123,87,57,20,843,6,5,4,4,14,9,10,3,0,54,3,26,71,139,185,110,98,51,23,710,79,97,193,295,270,238,227,261,359,2024,201,1525,4461,8490,9108,6547,4608,2920,1407,39271,0,131,238,554,747,595,448,202,86,3012,10,65,441,736,707,235,53,6,0,2260,10,121,480,974,1530,1088,892,656,243,5991,4,109,207,389,449,345,217,116,37,1865,3,26,92,128,145,111,72,46,12,640,10,210,654,1256,1738,1224,891,604,212,6790,9,85,329,740,1157,1192,724,368,125,4723,37,768,2043,4219,4527,2873,1668,852,373,17358,29,394,981,1866,2189,1595,869,439,136,8506,26,338,533,577,550,302,156,128,41,2666
12104,9,156,965,714,577,625,569,367,176,4154,4,57,479,382,384,516,675,386,88,2971,7,359,2463,2631,2209,1456,933,445,121,10626,7,266,1746,1498,1288,1041,869,433,101,7243,14,189,929,776,493,321,202,89,29,3028,10,51,197,198,158,101,74,43,13,834,0,0,0,0,0,3,4,3,0,23,0,27,118,133,145,116,105,53,20,718,88,92,447,411,316,271,250,292,195,2351,140,1386,8405,7652,6214,4954,4002,2273,787,35817,0,107,636,485,401,302,224,71,31,2256,7,74,1031,747,359,155,35,3,0,2410,11,114,1079,856,700,584,484,225,99,4152,5,78,464,359,304,265,199,79,21,1763,0,28,164,109,73,51,49,31,7,511,0,165,1070,781,729,748,600,336,146,4589,0,77,588,504,458,746,483,211,58,3133,20,875,5363,4447,2791,2015,1111,362,154,17138,12,390,2609,2185,1706,1535,865,334,111,9741,17,333,1501,853,508,349,137,70,21,3798
12201,4,59,333,308,293,314,209,115,55,1693,0,27,178,187,215,270,256,145,28,1305,7,147,859,1024,1022,645,341,186,47,4279,4,86,560,602,611,387,213,83,24,2564,3,88,409,349,223,131,63,31,8,1303,6,15,77,75,102,40,47,17,11,399,0,0,0,0,0,0,0,4,0,9,0,0,39,48,61,29,23,10,3,220,37,51,177,156,135,92,80,71,64,871,62,543,2977,3092,2955,2181,1319,711,253,14090,0,32,205,233,168,98,66,36,4,837,4,19,262,261,168,58,13,0,0,772,9,38,386,444,404,251,239,161,54,1987,0,50,263,257,193,126,79,38,9,1017,6,11,97,63,56,23,18,7,7,295,5,54,394,387,389,294,188,124,39,1870,0,29,279,292,326,318,187,85,15,1528,11,285,1608,1967,1269,792,453,186,66,6634,11,129,801,978,672,415,230,79,24,3345,7,109,528,391,215,106,59,20,5,1429
12202,13,116,287,430,470,563,428,263,78,2649,6,57,267,372,476,581,521,249,70,2602,8,162,469,927,1271,929,652,299,94,4807,15,103,304,518,623,560,409,155,28,2712,9,112,298,374,357,253,135,59,26,1614,21,46,113,179,249,158,105,75,7,950,0,0,0,0,0,6,8,6,14,33,0,7,35,60,81,52,38,16,6,301,91,68,119,198,203,186,164,282,272,1588,171,759,2053,3349,4097,3617,2687,1503,632,18855,0,32,71,228,244,216,125,30,19,971,8,37,101,178,190,81,19,0,0,621,10,123,368,731,869,802,599,315,120,3937,8,101,401,559,529,372,227,114,33,2356,3,30,100,167,138,64,41,16,0,552,7,62,260,527,641,546,371,180,53,2656,0,31,272,440,580,681,335,143,49,2532,28,271,873,1671,1559,1303,717,286,93,6803,27,185,449,715,677,610,308,114,39,3124,14,203,358,451,350,223,91,50,29,1777
12203,31,279,1197,1172,1177,1027,602,361,163,6007,8,160,906,1027,1091,883,776,455,128,5431,37,485,2221,3290,3510,1989,1161,646,215,13560,29,335,1271,1646,1727,1042,573,245,65,6930,39,252,835,900,694,313,155,78,25,3286,42,163,418,462,484,322,184,101,26,2215,0,6,3,11,3,7,3,3,3,41,7,21,109,147,197,90,40,43,18,675,103,141,495,469,501,327,342,442,515,3344,310,2074,8174,10143,10417,6638,4193,2521,1216,45683,3,85,402,657,534,339,198,65,24,2310,13,127,665,800,575,221,41,10,0,2450,25,285,1367,2013,2161,1516,1248,721,239,9562,22,235,961,1169,831,571,351,215,83,4439,10,74,306,335,217,91,62,43,12,1150,16,210,1098,1347,1249,788,498,316,94,5616,0,117,936,1207,1094,1052,609,254,77,5359,80,913,3693,5378,3807,2372,1398,610,272,18528,47,520,1588,2304,1492,986,497,197,59,7693,26,382,1119,942,534,285,167,81,36,3575
12301,32,186,624,550,525,343,166,81,28,2529,6,132,659,824,669,347,234,70,16,2949,45,253,923,1236,1046,659,320,75,33,4584,35,261,744,760,555,329,158,39,12,2885,21,87,196,134,73,49,24,7,0,597,52,137,339,303,225,122,52,21,11,1254,0,9,4,0,5,0,0,0,0,17,0,11,30,38,47,18,19,6,3,176,78,94,230,241,186,146,136,151,171,1420,283,1247,3973,4354,3546,2131,1197,466,276,17480,0,30,70,124,86,73,14,8,0,406,16,40,168,132,71,23,0,0,0,453,29,219,747,1080,911,698,297,150,43,4180,18,157,421,423,257,152,78,31,8,1538,4,40,110,81,71,39,22,9,0,385,15,106,395,511,365,233,115,40,14,1792,3,76,548,598,389,331,120,37,11,2116,59,297,1047,1255,897,505,158,51,17,4295,32,231,642,634,369,207,64,21,4,2215,13,108,142,93,72,37,15,8,6,493
12302,54,449,1659,1324,925,745,481,135,32,5799,19,211,1096,917,691,589,492,122,38,4169,100,510,2516,2914,1740,1516,848,215,36,10398,64,544,1708,1839,1202,1008,420,84,6,6869,34,178,431,264,134,97,48,20,10,1213,55,251,729,576,331,233,144,41,11,2371,4,15,14,16,7,14,15,34,21,147,8,49,109,207,136,98,47,8,0,655,361,399,1079,1030,715,653,613,500,291,5634,714,2845,10270,10208,6492,5367,3323,1244,461,40926,3,118,267,287,243,187,60,24,5,1192,45,192,782,491,261,112,19,3,0,1902,81,589,1643,1920,2512,2159,973,274,76,10226,73,305,686,605,503,483,231,88,17,2981,23,80,208,138,143,87,28,9,0,714,50,326,887,899,902,651,213,72,21,4023,10,202,767,736,790,738,279,84,16,3620,186,1074,2945,2439,2239,1598,453,128,23,11084,122,687,1549,1214,1102,645,173,36,6,5537,37,286,414,221,162,132,54,9,3,1317
12303,34,119,337,302,282,289,162,71,15,1601,5,77,350,362,300,233,195,46,13,1588,15,134,445,591,538,416,249,74,9,2465,33,124,438,398,357,270,119,22,6,1766,10,47,90,73,61,42,33,3,0,365,36,92,242,173,167,75,56,15,5,857,0,0,6,0,0,0,0,0,0,11,5,7,18,14,15,20,11,6,0,97,94,57,164,169,185,151,160,155,157,1285,230,718,2222,2252,2038,1611,1069,419,201,10766,3,18,61,74,63,62,19,4,5,307,3,13,55,36,43,24,11,0,0,192,32,208,486,828,808,623,366,140,23,3508,16,126,242,298,237,174,73,25,9,1197,16,34,103,119,92,54,26,7,0,447,7,54,186,278,305,235,101,40,14,1222,0,51,204,295,302,319,83,30,9,1289,52,192,405,560,537,401,140,37,8,2338,37,115,299,346,270,170,58,15,8,1328,14,50,76,69,58,36,15,6,0,322
12401,26,127,435,685,763,785,669,311,99,3908,3,91,460,711,835,922,926,348,81,4381,17,128,498,792,912,888,646,271,60,4219,33,177,604,855,905,978,741,250,39,4580,19,88,304,405,356,303,221,58,33,1783,41,105,210,249,193,127,82,39,9,1066,7,0,4,5,4,8,5,7,0,34,5,6,42,85,84,50,60,26,8,356,83,59,165,209,242,200,228,260,221,1668,241,834,2991,4381,4724,4643,3844,1678,585,23925,0,40,134,280,286,280,141,53,17,1223,29,58,157,181,174,115,36,4,0,757,20,201,542,1001,1233,1144,762,319,110,5329,16,138,330,447,391,338,202,105,35,2000,12,81,218,274,216,140,73,18,3,1051,13,112,545,822,1054,883,415,232,82,4162,3,79,484,943,1217,1428,577,230,34,4997,63,294,796,1248,1383,1262,646,228,80,6002,43,255,719,1070,1189,1175,550,184,29,5213,19,157,395,556,451,328,139,70,14,2136
12402,0,0,0,0,0,0,0,0,0,0,0,0,0,0,0,0,0,0,0,0,0,0,0,0,0,0,0,0,0,0,0,0,0,0,0,0,0,0,0,0,0,0,0,0,0,0,0,0,0,0,0,0,0,0,0,0,0,0,0,0,0,0,0,0,0,0,0,0,0,0,0,0,0,0,0,0,0,0,0,0,0,0,0,0,0,0,0,0,0,0,0,0,0,0,0,0,0,0,0,0,0,0,0,0,0,0,0,0,0,0,0,0,0,0,0,0,0,0,0,0,0,0,0,0,0,0,0,0,0,0,0,0,0,0,0,0,0,0,0,0,0,0,0,0,0,0,0,0,0,0,0,0,0,0,0,0,0,0,0,0,0,0,0,0,0,0,0,0,0,0,0,0,0,0,0,0,0,0,0,0,0,0,0,0,0,0,0,0,0,0,0,0,0,0,0,0,0,0,0,0
12403,63,459,1473,1233,874,667,446,172,36,5427,22,256,1263,1072,830,597,456,134,31,4649,91,539,2208,2635,1961,1297,735,205,37,9704,70,563,1715,1480,1096,795,348,71,12,6148,26,185,518,315,177,108,57,28,7,1424,104,326,864,620,426,263,122,26,9,2760,7,12,8,9,3,11,9,6,0,56,12,36,90,126,90,48,26,16,4,452,223,353,857,753,577,445,421,464,369,4467,655,2960,9785,9068,6493,4539,2780,1176,516,37968,0,87,227,211,187,127,56,11,0,902,39,145,439,308,170,74,15,3,0,1190,77,596,1789,2034,2033,1727,831,303,71,9454,51,319,839,701,555,418,233,78,21,3210,19,115,218,187,128,79,30,14,7,798,26,269,930,842,766,598,265,96,41,3831,0,187,909,837,762,677,212,69,27,3681,175,934,2525,2396,1911,1424,437,134,55,9989,89,574,1431,1047,838,529,148,53,8,4715,32,234,435,226,149,107,45,20,3,1259
12404,27,102,296,201,210,208,106,77,18,1258,9,66,296,204,169,158,129,62,11,1103,16,110,485,417,467,343,197,62,11,2108,22,139,354,292,272,198,106,42,9,1438,12,38,109,71,46,23,17,8,0,315,26,77,215,142,105,49,37,15,5,669,0,0,0,4,4,0,0,0,0,9,0,5,28,22,24,16,3,0,0,104,84,124,291,275,182,145,153,165,151,1553,203,721,2272,1752,1601,1225,793,452,219,9226,0,35,66,53,46,18,20,0,0,244,10,34,89,56,46,19,3,0,0,271,23,268,563,559,615,426,206,91,34,2790,11,114,242,228,191,136,48,26,11,998,18,57,120,76,59,41,19,5,3,394,18,91,223,202,276,160,87,34,11,1099,0,43,208,192,199,174,80,29,11,928,61,256,550,576,528,273,117,47,27,2440,29,183,330,294,238,152,62,15,11,1307,9,62,95,67,46,31,12,11,6,339
12405,16,112,423,306,236,221,150,33,8,1512,4,72,339,250,194,167,77,27,13,1142,23,202,767,827,556,522,246,42,7,3183,25,164,529,464,403,286,104,16,3,1991,7,50,133,92,45,26,10,11,0,367,30,108,258,239,142,102,44,9,0,934,0,3,0,9,6,4,0,0,0,22,0,15,36,26,20,13,11,0,0,122,128,151,424,359,283,207,214,142,122,2031,244,939,3167,2803,2003,1687,925,291,152,12214,0,15,55,57,73,51,18,4,0,277,0,61,236,115,64,52,11,0,0,542,34,245,677,758,984,705,291,82,18,3798,26,116,252,270,217,168,89,22,11,1168,3,29,59,49,38,25,10,5,0,221,9,109,264,276,299,195,50,15,4,1222,3,75,254,198,243,168,49,19,3,1015,75,379,1031,751,831,508,115,22,8,3725,41,244,484,377,318,170,45,13,0,1695,12,81,131,59,47,30,7,4,0,371
12501,17,420,1472,591,311,237,150,55,15,3281,0,167,652,415,278,215,152,61,17,1965,30,598,3090,1821,939,605,264,59,14,7420,19,329,1116,830,592,362,172,38,8,3469,0,111,517,260,134,88,35,7,4,1155,16,110,433,334,165,68,36,12,0,1169,0,15,17,14,4,8,5,4,0,72,6,42,122,101,65,40,19,7,5,401,135,384,1086,653,407,373,251,128,83,3504,238,2531,9690,5732,3292,2279,1203,425,171,25560,6,93,308,241,187,108,47,13,0,1008,18,146,1052,556,213,43,11,0,0,2028,15,189,818,714,759,524,263,138,37,3466,7,89,301,210,154,119,51,32,7,974,0,13,56,41,50,14,11,8,0,190,11,233,748,455,291,224,72,37,9,2081,4,86,414,297,279,256,122,46,18,1526,62,920,3171,1564,845,469,155,59,23,7272,30,284,865,625,449,291,85,25,10,2663,14,130,341,179,105,76,15,13,3,869
12502,12,165,571,537,442,368,258,113,37,2491,0,77,387,395,409,346,274,170,43,2097,21,216,1160,1866,1271,899,433,175,44,6089,11,167,520,700,640,466,224,90,12,2836,12,99,290,239,185,88,50,25,7,992,17,59,195,216,173,90,37,22,9,809,0,6,5,0,3,9,5,10,18,55,3,12,52,87,79,33,29,18,5,317,72,93,310,359,238,243,187,176,116,1790,153,1035,4021,5232,3986,2925,1689,877,320,20242,0,74,217,277,303,206,107,36,8,1239,0,59,483,466,286,101,13,4,0,1416,3,131,547,910,1168,819,545,328,84,4545,13,76,218,293,286,154,115,70,16,1256,0,22,76,79,75,29,31,17,4,335,3,161,445,498,526,409,224,108,29,2403,9,60,253,417,437,395,267,128,23,1985,44,516,1650,1782,1491,913,478,227,46,7148,27,192,621,671,651,384,205,65,12,2830,18,131,284,263,188,95,35,14,0,1030
12503,31,424,1304,704,541,409,235,94,38,3784,9,261,980,748,513,437,267,141,29,3379,64,617,2344,2289,1501,1045,461,140,40,8502,58,513,1459,1220,944,639,258,67,13,5158,20,118,328,232,159,63,29,10,0,958,58,226,501,518,339,179,92,30,11,1953,0,14,27,8,14,14,8,4,0,79,4,29,145,123,86,44,26,8,0,472,435,516,1423,1235,871,724,536,437,401,6578,698,3036,9425,7860,5480,3935,2086,1004,574,34106,5,154,369,332,251,135,58,21,0,1321,24,209,1101,592,244,68,12,0,0,2260,64,397,1417,1602,1679,1363,743,397,132,7800,40,261,779,667,452,334,210,91,34,2874,4,30,108,95,79,51,16,13,0,401,28,300,894,699,569,383,169,84,22,3155,12,184,689,549,535,427,230,68,23,2714,146,1159,3809,2423,1663,966,318,150,31,10656,76,507,1286,957,734,498,141,49,23,4261,23,233,442,230,131,100,26,20,3,1211
12504,15,448,1950,1222,700,581,384,169,45,5521,6,146,840,746,649,497,407,197,71,3561,45,630,3495,3635,1905,1099,653,248,71,11777,28,406,1399,1406,931,673,356,120,22,5335,13,145,508,359,231,132,65,42,6,1498,34,152,414,358,245,151,72,40,7,1478,0,9,5,10,10,5,5,5,0,47,5,32,236,275,105,110,68,15,8,856,159,362,1225,976,479,440,384,354,291,4666,328,2783,13773,11962,6089,4191,2624,1277,557,43590,5,163,895,671,432,263,104,46,7,2579,20,300,3069,1204,357,108,15,4,0,5072,20,370,2407,2007,1754,1165,885,408,111,9123,13,146,549,523,371,270,177,89,32,2163,8,33,170,133,109,60,16,18,0,554,15,341,1727,1190,868,594,272,102,39,5154,5,143,845,814,694,633,304,157,21,3615,69,1454,6507,3773,2028,1370,626,212,89,16126,47,473,1858,1315,936,641,244,82,27,5618,20,227,649,395,176,114,70,28,13,1696
12601,8,133,463,460,392,414,318,149,57,2400,0,39,221,278,340,372,383,203,55,1900,15,184,1092,1466,1044,697,409,173,58,5128,8,136,402,554,552,399,276,115,27,2476,10,118,186,214,172,90,49,29,5,867,7,37,76,82,96,57,25,8,3,391,0,3,0,4,3,0,8,5,6,25,0,16,44,68,56,41,37,14,10,274,31,57,192,192,112,111,105,103,98,991,87,843,3255,4136,3290,2632,1813,892,353,17297,0,63,181,292,345,276,138,83,18,1394,8,53,368,422,362,124,23,3,0,1366,8,79,368,571,827,585,390,246,78,3159,0,48,103,143,189,119,80,53,16,759,0,19,48,45,66,35,25,14,0,253,5,118,336,428,631,464,281,146,45,2448,5,57,200,334,537,572,305,146,32,2186,35,487,1159,1429,1405,968,472,251,101,6308,8,171,487,591,666,561,253,102,22,2865,14,127,253,183,166,92,33,29,5,905
12602,23,308,1537,1112,857,847,640,285,112,5714,8,141,843,726,683,728,638,362,143,4269,27,738,4048,3911,2703,1774,983,336,159,14679,17,362,1486,1589,1141,924,588,215,60,6371,25,287,803,663,413,255,126,50,23,2651,32,146,400,406,330,213,140,47,19,1740,5,11,5,7,3,18,22,10,0,85,11,36,123,167,150,83,71,38,12,695,103,229,749,642,418,424,367,412,554,3894,253,2600,11924,10899,7685,6113,3942,1920,1184,46526,3,158,636,638,613,392,231,81,20,2779,17,158,1564,1046,599,184,23,7,0,3596,13,249,1502,1686,1821,1357,797,585,214,8227,8,144,459,587,475,328,205,127,43,2386,4,30,156,178,149,93,30,17,11,675,11,229,1044,1126,1095,862,466,264,121,5208,4,116,718,788,869,878,523,276,114,4281,123,1871,4876,4168,3015,1872,761,399,213,17291,24,543,1765,1707,1333,1011,451,216,61,7111,33,365,837,651,403,236,96,65,33,2710
12701,41,360,1236,943,600,413,190,50,18,3847,21,305,1399,957,625,348,213,76,8,3947,66,437,2252,2371,1522,890,402,74,14,8028,47,406,1535,1218,772,473,156,21,8,4637,8,135,380,190,129,57,28,10,6,942,73,200,642,612,370,164,90,28,0,2190,3,3,10,0,7,4,0,3,0,30,5,22,90,107,75,27,23,0,0,359,270,308,786,775,532,444,344,215,84,3759,558,2369,9058,7949,5034,3118,1548,519,145,30294,3,68,139,160,115,61,12,4,0,557,21,123,387,240,117,36,8,0,0,930,48,289,829,1157,1347,794,325,98,15,4907,29,169,409,427,326,176,108,35,3,1676,8,23,56,53,67,36,7,5,0,254,22,135,390,448,388,218,56,23,3,1686,5,125,378,401,332,240,84,21,5,1603,115,592,1655,1500,1033,505,119,36,10,5560,75,314,576,490,414,230,42,20,3,2157,12,115,206,131,82,30,16,4,0,599
12702,27,461,1050,508,480,417,310,90,26,3379,22,298,964,636,542,455,370,126,26,3436,85,694,2192,2195,1689,1166,521,128,24,8688,44,474,1290,1077,983,744,305,53,8,4966,16,200,364,216,165,69,44,25,5,1109,51,238,570,631,524,310,181,45,9,2556,5,10,30,19,25,15,12,9,0,112,5,39,113,71,81,68,33,6,0,415,396,417,974,1015,892,873,701,572,465,6304,687,3159,8189,6919,5857,4535,2659,1139,583,33727,12,185,350,309,261,150,58,11,0,1343,40,322,1104,526,238,77,10,3,0,2318,70,503,1335,1836,2182,1675,861,373,67,8897,41,274,596,602,561,422,243,109,22,2864,7,27,70,80,74,67,18,8,0,342,25,390,753,647,586,485,147,51,23,3092,17,280,626,529,592,540,240,66,9,2894,228,1479,3662,2488,1813,1001,307,95,23,11102,99,644,1205,914,817,520,159,34,9,4403,28,310,524,230,151,87,44,16,6,1390
12703,36,360,1310,945,706,430,206,72,19,4083,21,217,965,787,653,425,268,97,28,3461,55,412,1981,2337,1672,1020,439,129,27,8077,52,424,1321,1187,861,580,224,52,12,4711,19,150,353,226,124,63,30,19,0,984,35,154,444,444,293,170,90,30,3,1676,0,0,9,13,11,9,5,0,0,42,0,41,109,133,94,60,33,13,11,496,275,319,988,880,622,521,429,371,347,4752,505,2348,8293,7806,5561,3608,1888,832,448,31296,5,98,249,293,227,106,40,14,4,1029,25,150,686,463,194,66,9,0,0,1596,39,340,1440,1810,1732,1176,588,254,60,7449,26,174,459,475,394,242,142,59,13,1983,12,38,110,89,91,51,15,10,0,410,17,233,791,846,556,307,108,61,8,2911,8,143,689,687,512,374,160,61,8,2632,111,736,2583,2313,1583,817,247,89,17,8495,53,399,1073,891,652,329,93,30,8,3531,13,166,332,208,123,71,35,5,0,946
12801,21,290,919,800,824,776,490,236,87,4445,10,170,772,795,839,904,781,300,91,4661,42,414,1617,2187,2099,1615,968,494,217,9648,37,298,1021,1040,969,669,427,145,42,4651,24,255,529,425,283,133,96,53,19,1829,44,144,423,406,471,247,198,89,28,2049,3,4,8,0,3,0,5,7,0,31,5,13,69,81,89,52,38,12,4,365,111,128,388,392,374,272,302,410,455,2824,307,1856,6228,6665,6481,5115,3573,1860,990,33066,0,87,214,328,240,235,134,66,19,1330,10,73,337,301,211,96,15,3,0,1038,28,420,1261,1742,1923,1574,1173,806,252,9184,23,288,837,869,753,481,276,183,62,3787,5,38,163,150,123,61,35,11,8,591,18,243,818,928,982,629,396,255,71,4335,5,139,766,820,1011,1053,447,218,60,4511,86,782,2487,2895,2406,1873,910,530,186,12156,61,467,1307,1096,805,654,257,126,24,4788,22,286,560,405,229,149,103,48,22,1814
12802,33,281,828,875,811,705,397,173,49,4155,17,164,903,904,921,842,692,207,41,4691,53,331,1314,2204,2079,1515,938,360,102,8892,45,327,920,1171,1008,685,374,111,20,4642,28,187,423,442,263,112,87,51,17,1600,53,155,347,389,345,200,134,54,13,1689,0,4,0,4,8,10,3,26,92,154,4,10,50,93,73,61,29,6,15,336,68,64,221,279,258,214,232,290,258,1880,302,1649,5372,6964,6318,4762,3114,1380,650,30508,0,105,266,330,336,269,121,39,6,1481,17,107,416,396,264,142,27,3,0,1382,34,503,1290,2010,2315,1922,1211,519,152,9954,31,304,686,764,588,432,273,136,30,3245,14,55,180,187,141,71,35,13,0,696,17,265,720,944,954,592,234,111,25,3867,3,202,790,954,1165,1070,374,109,26,4686,123,768,2313,2946,2825,2090,822,281,79,12242,75,522,1113,1273,932,656,231,71,21,4891,34,298,517,330,195,141,78,36,8,1635
19797,0,0,0,0,0,0,0,0,0,0,0,0,0,0,0,0,0,0,0,0,0,0,0,0,0,0,0,0,0,0,0,0,0,0,0,0,0,0,0,0,0,0,0,0,0,0,0,0,0,0,0,0,0,0,0,0,0,0,0,0,0,0,0,0,0,0,0,0,0,0,0,0,0,0,0,0,0,0,0,0,0,0,0,0,0,0,0,0,0,0,0,0,0,0,0,0,0,0,0,0,0,0,0,0,0,0,0,0,0,5,0,0,0,0,0,0,0,0,0,0,0,0,0,0,3,5,0,3,0,22,0,0,0,0,0,0,0,0,0,6,0,0,0,0,0,0,0,0,0,0,0,0,0,0,0,0,0,0,0,3,0,0,0,0,0,0,0,0,0,0,0,0,4,0,0,0,4,0,0,6,0,0,0,0,0,0,0,0,0,3,0,0,0,0,0,0,0,0,0,0
19999,4,13,69,59,54,62,34,14,0,298,0,5,35,19,35,31,26,9,0,157,5,27,102,84,86,92,40,13,0,455,0,26,97,52,61,74,38,6,0,352,4,14,64,26,15,16,8,0,0,158,5,21,50,26,26,23,19,0,0,162,0,0,0,0,0,0,0,0,0,4,0,0,4,3,0,3,3,0,0,21,94,139,350,305,213,159,77,26,10,1373,115,259,843,611,522,498,255,66,20,3187,0,22,59,33,14,12,7,5,0,144,0,19,67,21,15,14,0,0,0,140,0,63,199,118,143,145,107,15,0,801,5,21,83,76,55,46,44,6,0,334,0,17,32,23,19,13,7,0,0,122,5,29,123,63,85,82,28,5,3,426,5,16,77,34,50,67,21,7,0,274,15,113,277,181,120,110,42,5,0,866,12,73,190,103,83,78,31,3,0,569,0,50,109,54,39,15,12,0,0,281
20101,31,404,1355,1112,971,976,730,315,104,5985,7,155,853,867,765,680,719,323,98,4471,31,244,1004,1367,1047,775,414,118,28,5034,53,299,1176,1185,1154,896,561,137,24,5491,32,115,329,305,212,140,96,31,15,1273,31,189,545,436,328,202,146,51,17,1963,0,7,9,10,5,4,11,3,0,38,5,22,65,106,95,45,61,25,11,428,220,237,499,398,408,360,455,465,377,3428,443,1825,6336,6266,5348,4328,3313,1501,695,30061,0,45,157,194,136,119,47,13,15,718,17,139,391,216,146,61,23,0,0,988,51,382,903,1113,1092,905,627,312,92,5469,78,326,661,483,483,280,199,95,18,2626,13,66,202,193,163,95,53,24,7,818,17,338,889,1033,1150,844,402,200,45,4919,6,137,716,697,812,965,512,220,51,4106,92,525,1574,1477,1174,718,276,108,42,5984,58,396,905,993,860,677,250,77,11,4225,35,172,359,259,167,140,66,23,8,1227
20102,11,50,162,220,250,327,221,80,31,1341,3,19,132,176,212,258,237,83,13,1140,5,14,159,314,332,256,144,33,16,1267,13,47,183,273,340,355,243,62,0,1513,0,21,61,111,114,113,73,18,3,520,6,23,136,96,92,75,33,19,3,483,0,0,0,0,0,0,0,0,0,3,0,3,9,23,36,34,24,5,0,129,64,37,129,148,191,209,234,162,93,1265,108,242,1087,1529,1742,1752,1292,498,164,8419,0,9,31,58,60,57,23,3,0,249,3,5,28,41,38,33,7,0,0,149,11,66,210,393,435,421,252,96,26,1921,12,63,116,156,132,129,88,18,3,728,13,32,121,167,180,92,40,12,8,667,0,34,141,234,325,292,136,47,24,1232,3,12,92,183,240,322,167,35,10,1053,7,63,216,312,345,263,107,52,12,1383,12,41,161,271,342,329,114,15,6,1290,5,22,61,126,115,102,59,5,0,501
20103,5,63,161,141,195,237,195,75,14,1089,4,22,108,111,119,108,161,65,12,698,0,20,115,184,200,170,119,37,10,861,9,50,171,146,230,257,177,36,6,1085,4,7,26,32,25,32,28,14,4,161,13,29,107,88,69,67,51,11,3,436,0,0,0,0,0,3,0,0,0,5,0,4,9,13,15,14,9,4,0,67,94,43,90,125,186,176,227,184,73,1197,138,258,862,927,1150,1149,1000,439,118,6053,0,9,16,24,32,22,18,6,0,131,0,0,12,26,26,18,4,0,0,93,19,64,193,282,362,395,296,105,26,1745,9,45,61,95,105,124,73,40,5,550,3,35,76,106,125,81,48,15,6,496,3,30,101,159,204,239,131,37,9,914,0,15,65,108,119,242,126,36,7,715,13,66,160,197,219,153,92,19,15,923,7,49,105,184,205,191,74,20,0,832,0,11,26,36,33,46,33,3,0,185
20201,39,429,1465,1099,866,920,714,277,101,5916,10,166,705,759,640,555,593,269,69,3767,20,193,850,1000,867,634,335,112,49,4062,33,292,1034,1038,944,809,479,121,19,4769,11,82,234,178,130,77,69,25,14,815,48,194,536,376,264,180,113,59,9,1782,3,7,6,8,7,3,0,0,0,41,0,13,47,70,72,49,28,13,9,294,186,172,464,416,386,387,406,509,420,3352,361,1677,5743,5283,4505,3857,2878,1441,703,26449,0,51,140,165,111,100,52,20,3,639,24,89,273,168,116,66,10,0,0,749,49,328,892,963,1070,939,542,308,73,5162,56,246,569,497,415,330,196,106,16,2442,15,66,218,224,181,107,45,20,3,875,17,291,893,921,1071,786,380,172,49,4581,8,138,621,608,711,782,445,166,53,3536,86,439,1291,1113,900,677,234,93,44,4860,53,408,814,840,767,635,227,53,23,3817,24,133,272,175,120,117,55,25,6,927
20202,15,62,356,412,501,599,428,197,39,2599,3,20,221,339,420,416,540,225,29,2202,8,36,237,437,459,425,223,92,18,1935,6,67,312,510,606,556,431,115,16,2616,6,27,132,260,237,167,119,37,6,990,15,61,148,149,124,107,62,19,8,704,0,0,3,0,0,6,0,4,0,12,0,4,29,73,74,61,55,12,3,316,120,69,183,211,291,275,329,279,240,1994,182,379,1765,2669,3093,2844,2328,1024,373,14651,0,7,52,122,117,106,73,13,7,498,3,20,39,84,71,42,11,0,0,277,23,131,276,563,703,682,494,165,60,3095,20,103,145,252,268,193,139,53,12,1186,7,40,133,209,188,121,65,25,4,791,7,52,184,412,660,497,255,110,24,2203,0,24,159,320,450,677,345,85,14,2074,27,92,270,518,538,406,201,73,19,2143,31,78,247,543,569,558,256,63,9,2358,5,45,128,247,194,171,103,20,6,921
20203,8,21,74,69,95,114,75,22,6,493,0,11,49,50,66,68,84,40,6,369,0,17,54,86,96,99,39,13,0,401,11,21,57,66,72,116,64,12,0,415,0,0,7,15,12,11,0,0,0,56,3,7,49,43,25,25,17,8,0,181,0,0,0,0,0,0,0,0,0,3,0,0,4,7,0,3,9,0,0,30,41,30,52,78,106,131,129,84,58,700,57,117,400,469,528,603,432,191,76,2882,0,5,12,7,22,17,8,0,0,60,0,3,9,12,16,5,3,0,0,49,9,28,77,120,177,157,85,41,8,690,0,17,24,42,46,46,37,17,0,225,4,29,84,119,123,64,13,5,5,438,0,0,45,85,120,102,34,25,8,423,0,13,28,64,69,94,52,19,5,349,0,15,82,95,99,74,40,9,7,413,3,9,40,55,112,95,29,4,0,347,0,0,14,14,11,14,10,4,0,68
20301,13,44,225,229,195,214,118,36,6,1089,10,18,139,206,151,106,119,33,8,787,6,19,155,292,223,140,68,17,5,924,12,47,182,226,243,190,96,18,0,997,7,15,39,56,44,27,20,6,5,208,12,24,81,95,59,34,19,5,0,329,0,0,0,0,0,0,0,0,0,0,0,3,17,23,19,16,8,0,3,90,60,29,68,105,86,109,87,77,74,697,121,226,993,1376,1146,906,559,199,98,5629,0,6,27,40,39,31,8,3,0,156,3,3,23,23,19,10,0,0,0,86,14,58,179,342,307,251,133,54,9,1359,3,54,98,124,95,67,35,9,0,501,0,31,82,123,103,79,50,20,0,481,3,26,112,184,220,162,63,22,9,803,0,10,56,104,137,160,81,16,4,570,6,48,196,236,188,131,50,13,4,865,9,37,123,162,190,154,39,6,3,727,10,14,39,53,26,32,6,4,0,173
20302,68,755,3054,2051,1671,1538,1137,465,164,10908,30,327,1530,1466,1225,1087,1075,505,131,7377,41,438,2177,2507,1964,1351,733,257,84,9557,99,734,2293,2050,1961,1565,868,249,40,9856,47,282,754,616,395,232,127,59,14,2529,83,380,1051,794,576,408,286,137,24,3735,4,10,17,10,3,3,6,4,0,65,3,41,146,187,152,117,65,24,10,750,322,438,927,845,708,606,790,870,585,6088,715,3891,13387,11565,9413,7380,5355,2682,1117,55502,0,224,525,458,343,254,129,44,11,1982,30,210,541,385,241,120,20,4,0,1547,95,572,1855,2510,2499,2123,1328,808,229,12022,85,640,1313,1060,817,584,386,224,52,5162,12,116,340,328,231,152,96,47,14,1337,46,522,1702,1636,1809,1348,564,340,117,8091,9,182,1109,1114,1241,1451,779,315,87,6295,207,924,2941,2609,2046,1332,598,253,102,11009,169,706,1739,1762,1568,1064,394,143,41,7589,52,284,672,493,293,208,87,46,22,2155
20303,19,167,943,1042,922,998,811,361,114,5373,8,85,543,784,655,893,1107,432,82,4596,8,113,616,1145,1033,782,581,190,49,4518,22,163,684,917,882,853,655,179,30,4391,18,94,313,376,236,203,129,45,20,1425,20,84,312,350,289,206,141,85,20,1510,0,0,0,0,0,0,4,4,0,20,0,7,48,87,106,88,66,25,8,437,137,89,231,340,318,380,492,410,318,2712,239,917,4037,5502,4856,4731,4203,1824,662,26975,0,38,135,212,156,162,101,28,16,846,0,24,74,103,77,58,14,0,0,356,22,130,374,717,842,918,662,347,111,4111,22,197,464,572,484,343,193,112,23,2414,5,35,137,190,180,110,69,36,8,774,11,114,475,817,824,672,400,189,81,3570,4,75,379,560,744,990,611,205,52,3609,38,198,684,1018,856,798,399,176,67,4238,58,176,445,688,682,602,319,92,35,3094,18,95,217,277,177,130,75,29,13,1030
20401,17,106,422,435,429,497,415,160,58,2543,10,70,346,331,337,385,443,178,35,2120,15,87,376,499,525,456,287,93,28,2362,23,110,361,440,479,477,321,81,7,2299,3,29,97,105,83,81,39,22,9,468,18,80,255,214,188,154,100,42,8,1068,0,3,0,3,0,3,3,0,0,20,0,10,29,31,53,40,26,11,8,206,189,123,270,304,358,441,414,311,215,2620,299,683,2360,2618,2705,2752,2174,940,386,14911,0,19,61,74,79,87,49,15,8,388,10,11,55,40,62,34,9,0,0,225,35,171,437,595,784,752,539,233,61,3595,27,116,217,302,281,244,181,82,18,1475,18,55,225,253,218,175,88,34,10,1078,16,73,272,365,467,422,251,112,35,2014,0,50,236,263,369,481,301,82,24,1797,39,151,479,518,475,421,222,73,31,2413,41,131,337,374,408,422,158,43,14,1925,7,39,110,89,85,65,37,20,3,458
20402,17,124,501,431,444,517,380,166,60,2656,9,47,239,290,261,327,364,185,28,1750,10,71,287,400,436,375,186,69,21,1844,19,86,325,361,447,462,272,53,11,2036,4,12,68,70,47,43,39,11,6,307,27,69,198,197,165,114,70,33,16,880,3,4,0,0,0,0,3,0,0,18,0,3,23,23,23,34,19,7,4,138,124,90,190,201,257,276,280,349,212,1980,236,575,1992,2148,2275,2306,1694,902,372,12499,0,9,60,81,66,65,34,13,13,332,12,24,58,51,42,37,8,0,0,231,29,130,395,524,638,611,369,167,47,2911,20,99,197,236,239,222,111,53,20,1184,19,43,157,220,223,133,63,38,8,907,10,99,341,399,585,460,237,122,39,2290,4,27,205,240,370,509,286,113,26,1784,54,122,419,493,451,334,141,65,25,2106,27,111,306,388,406,350,124,33,3,1746,13,33,78,76,66,59,19,17,7,376
20403,15,186,713,696,682,717,546,224,66,3848,10,96,470,541,476,458,467,194,27,2733,20,147,626,852,843,673,345,108,22,3646,35,173,639,694,664,670,369,93,12,3345,7,43,118,142,97,85,52,24,7,583,36,135,356,304,258,175,125,55,4,1448,5,10,15,5,0,0,0,0,0,39,0,9,35,43,63,33,26,14,0,227,156,159,288,316,337,308,367,360,210,2500,301,1009,3523,3939,3727,3394,2459,1108,365,19827,0,18,80,114,112,112,44,14,0,490,14,35,116,98,89,59,13,0,0,433,51,298,748,981,1038,873,497,233,52,4766,29,146,276,354,396,297,158,70,17,1739,13,78,191,283,238,186,91,29,8,1120,16,129,431,651,756,644,310,131,38,3097,5,42,331,437,521,685,382,94,27,2518,60,286,810,1036,855,616,212,89,31,3999,44,222,529,592,610,524,172,38,11,2746,16,63,127,125,106,86,40,20,3,589
20501,19,130,580,475,398,454,395,150,33,2644,3,86,424,369,384,358,369,154,33,2189,4,106,515,588,463,416,227,84,17,2431,23,139,544,487,543,521,326,81,7,2669,3,43,125,99,69,68,39,22,3,457,31,80,319,207,168,136,88,42,4,1074,5,0,0,0,3,8,0,0,0,19,0,9,25,27,44,32,19,9,0,161,120,77,288,238,238,248,269,239,126,1850,229,747,3042,2721,2514,2406,1827,813,243,14530,0,11,64,63,76,58,33,4,5,313,0,14,49,43,59,30,12,0,0,211,36,185,472,596,719,600,405,158,36,3207,25,146,270,289,231,189,116,53,12,1319,21,65,202,230,167,108,44,30,4,867,5,100,307,329,437,405,167,78,19,1851,5,49,232,283,395,469,252,76,10,1765,22,174,553,449,482,347,174,55,22,2273,27,123,316,405,415,354,142,37,0,1816,11,34,117,81,57,54,21,11,0,382
20502,15,76,344,293,353,489,439,181,52,2247,3,46,240,230,244,346,427,204,22,1757,7,50,260,330,376,368,297,110,29,1815,9,72,284,304,377,436,332,67,14,1901,0,13,57,66,65,67,47,26,6,353,17,49,208,175,161,129,114,56,9,907,0,0,0,3,0,4,0,3,0,15,0,4,17,30,28,31,30,11,4,149,112,95,222,231,265,350,430,341,192,2238,179,438,1767,1832,2033,2384,2215,1028,336,12210,0,7,42,43,51,64,31,20,3,262,4,9,45,38,37,26,5,3,0,176,24,103,297,424,561,667,585,250,65,2973,13,89,176,246,282,247,214,92,16,1365,7,39,160,182,171,116,71,31,3,788,8,58,213,289,440,454,254,132,38,1888,0,34,170,222,320,495,339,96,28,1704,26,116,330,376,335,407,242,83,28,1930,22,74,220,307,397,400,124,33,0,1580,0,26,60,85,80,82,56,21,10,414
20503,16,104,471,491,529,716,595,244,67,3235,3,68,359,433,451,528,631,281,55,2812,9,81,407,566,613,600,394,132,44,2848,10,105,427,506,580,704,506,141,19,3003,3,42,127,137,100,112,99,36,11,677,23,71,336,280,223,203,154,48,6,1337,0,0,5,0,3,0,0,0,0,10,0,4,24,40,57,56,42,25,4,255,180,95,252,335,338,473,564,412,220,2873,265,624,2607,3103,3162,3674,3150,1387,461,18437,0,10,69,91,63,96,59,21,8,425,0,14,45,45,44,40,9,0,0,200,12,187,534,758,756,844,693,333,79,4198,18,155,358,433,424,338,247,105,28,2119,10,71,316,312,232,116,69,22,6,1156,10,86,308,409,577,563,331,136,42,2458,6,43,260,350,413,674,457,140,35,2366,32,147,508,578,454,522,291,128,38,2704,22,136,357,447,485,503,212,83,9,2264,4,30,90,109,126,103,60,23,16,557
20504,21,211,724,532,420,474,410,165,36,2986,3,102,406,407,365,390,322,138,19,2151,13,120,604,715,591,453,266,72,16,2849,33,230,764,664,706,650,353,81,11,3495,9,47,141,98,53,72,35,5,4,467,31,127,457,303,219,176,85,42,12,1442,0,0,4,3,3,4,0,0,0,13,0,7,42,27,30,31,13,8,5,155,188,208,451,432,400,471,453,396,322,3328,309,1151,3840,3407,2976,2898,2000,935,431,17957,0,57,104,74,87,75,37,10,3,442,12,59,157,91,60,25,7,4,0,409,44,413,936,1191,1552,1281,707,367,84,6580,32,197,446,338,429,313,202,101,28,2088,8,50,147,125,98,45,19,13,3,516,13,199,517,476,547,473,246,84,36,2584,3,86,317,370,452,472,220,67,24,2006,72,389,947,717,648,451,199,89,12,3525,54,234,620,594,646,474,143,48,7,2818,17,116,171,79,88,61,33,11,5,585
20505,9,93,383,353,315,384,307,113,32,1990,4,39,258,258,285,256,279,117,24,1528,14,58,282,363,352,291,188,47,11,1595,3,95,325,337,375,379,244,41,11,1807,0,17,73,67,36,44,29,7,5,285,9,62,206,169,147,97,70,26,0,794,0,0,0,0,0,3,3,0,0,6,0,6,15,36,15,28,17,4,0,117,122,92,228,248,234,252,332,243,154,1898,177,530,1939,2006,1920,1857,1549,620,238,10838,0,17,47,40,49,51,22,9,0,238,10,19,60,21,27,19,3,0,0,160,34,179,496,584,683,627,376,155,38,3181,20,111,207,209,241,199,114,50,14,1159,20,47,201,172,148,100,37,18,3,744,9,81,259,290,432,383,165,68,26,1723,3,31,207,222,298,388,170,53,19,1397,27,151,434,356,404,279,96,48,12,1810,15,118,274,307,336,290,75,23,10,1443,7,29,85,49,41,60,19,12,9,304
20601,8,243,1583,931,541,400,177,57,15,3956,0,90,758,587,535,588,376,93,15,3055,9,234,1476,1356,935,475,194,54,13,4748,14,475,2287,1647,1058,681,397,69,17,6643,12,404,1736,995,453,190,70,26,10,3894,17,109,332,216,153,111,62,26,8,1035,0,9,8,0,0,0,3,3,3,33,4,84,244,209,170,71,38,0,4,824,59,149,526,308,214,180,159,143,96,1826,122,2203,10363,7290,4656,2983,1575,511,192,29895,3,198,822,583,349,157,42,9,4,2163,0,105,824,472,196,65,5,3,0,1678,17,286,1195,982,614,405,207,161,70,3936,19,175,575,426,270,126,79,48,13,1728,5,48,215,148,92,45,8,0,0,562,7,271,1316,868,534,333,91,38,13,3462,0,77,743,750,801,584,184,49,13,3206,33,678,2796,1847,893,393,100,52,25,6817,28,505,2310,1751,1030,634,153,32,5,6456,30,565,1800,1010,381,150,39,16,3,3992
20602,4,113,851,605,477,320,156,43,12,2590,0,33,403,295,366,403,292,60,15,1861,3,106,822,840,696,338,141,29,8,2981,13,169,1146,938,814,553,302,68,10,4015,11,167,922,598,362,165,51,13,5,2283,9,38,122,115,86,53,38,13,9,477,0,0,0,5,0,0,3,0,0,8,5,30,137,126,118,76,19,10,6,525,48,56,219,179,148,121,108,130,131,1136,94,836,5214,4238,3549,2244,1170,394,210,17963,0,71,373,403,239,130,25,3,6,1245,0,39,435,349,133,47,3,0,0,1006,9,114,603,542,429,267,142,89,38,2222,8,73,297,368,165,93,41,34,14,1100,0,14,145,133,87,24,3,0,0,410,6,154,754,706,503,221,52,38,20,2451,4,33,463,515,545,411,110,42,20,2134,19,270,1473,1333,692,280,73,27,16,4185,20,225,1328,1292,869,517,129,31,15,4434,21,241,1201,721,377,119,27,5,0,2731
20603,14,235,995,675,524,444,247,81,30,3244,0,74,467,390,454,584,457,128,42,2604,11,225,1118,1291,1062,584,242,49,41,4611,5,226,1003,794,692,479,289,80,19,3585,9,210,596,353,184,92,40,16,4,1500,15,78,228,167,173,115,54,31,14,861,0,11,0,3,3,9,0,0,0,21,0,47,93,95,84,73,37,7,4,439,62,131,429,309,251,201,152,157,89,1787,126,1438,5715,4697,3849,2852,1624,580,265,21142,0,117,462,354,248,158,37,17,8,1407,4,72,579,343,158,60,8,0,0,1226,10,167,760,727,688,536,242,153,72,3362,7,136,339,370,248,152,73,39,15,1385,4,33,100,58,71,25,16,4,0,312,3,214,803,660,635,365,144,62,26,2920,0,87,448,527,751,674,214,89,19,2809,32,520,2085,1895,1229,637,170,88,46,6705,13,292,1064,864,705,503,151,64,19,3671,11,271,606,322,151,85,24,6,3,1483
20604,22,605,2514,977,473,435,323,182,65,5598,19,236,1030,444,356,358,427,196,42,3112,53,2006,6299,2670,1328,804,391,96,28,13674,29,1061,3338,1597,892,771,495,209,59,8454,90,1007,2263,845,348,187,99,54,17,4915,43,425,944,407,179,93,48,19,0,2158,20,61,17,8,6,11,4,0,0,112,26,223,410,189,140,86,64,28,10,1176,261,1031,2239,969,494,380,310,179,140,6007,585,8555,24301,9894,4799,3512,2330,1035,382,55387,28,587,1251,452,258,192,130,42,7,2942,6,395,2122,624,226,91,8,3,0,3478,26,627,2160,748,451,388,235,87,24,4757,11,492,1018,313,187,165,87,27,5,2304,6,57,181,71,48,37,16,7,0,423,10,515,1989,718,464,455,266,131,25,4571,13,144,681,353,363,524,255,99,18,2447,129,2814,6158,2043,1133,800,319,87,28,13513,48,891,3149,1271,890,839,441,134,41,7696,65,951,2028,593,311,169,75,18,8,4225
20605,3,192,1541,947,644,594,381,183,52,4541,3,66,729,533,449,551,546,200,40,3119,10,340,2625,2383,1840,977,467,143,28,8811,20,284,1828,1474,1252,859,612,211,34,6580,18,295,1241,880,558,399,173,48,17,3636,16,125,494,295,226,145,82,45,13,1440,0,3,4,3,0,4,5,9,0,33,0,53,186,186,195,127,65,41,5,859,76,219,929,722,473,411,284,292,260,3650,147,1769,10910,8478,6334,4510,2841,1260,472,36713,5,135,692,542,312,267,105,26,16,2106,7,100,1171,622,292,101,21,0,0,2313,8,236,1616,1044,765,612,406,208,65,4955,5,184,1000,625,379,231,108,52,8,2587,0,28,235,150,97,65,14,10,0,604,4,281,1659,1059,741,532,300,129,38,4752,5,73,797,586,619,732,325,115,21,3269,41,847,5774,3783,1740,1022,429,131,36,13806,17,464,2678,2090,1296,1114,454,120,17,8249,25,503,2102,1192,689,320,99,34,3,4980
20606,5,198,1216,495,336,339,338,202,78,3200,0,41,422,232,219,273,359,196,39,1790,10,437,2172,1290,889,546,350,105,43,5843,0,270,1461,766,577,474,396,211,44,4199,24,300,1092,460,232,187,106,58,23,2477,4,64,283,156,106,73,38,29,12,772,0,5,3,3,0,0,4,0,0,13,0,56,158,114,102,73,61,33,9,616,81,203,560,312,255,191,210,194,162,2168,130,1804,8378,4355,2989,2398,2026,1116,442,23637,0,100,510,230,145,156,110,40,7,1306,4,72,690,284,124,62,10,0,0,1252,0,123,814,384,256,262,212,144,49,2250,0,122,514,274,157,140,98,39,11,1356,0,30,131,56,43,32,14,5,4,309,4,217,1035,523,450,539,389,212,75,3446,0,52,391,268,325,415,275,108,33,1871,22,682,3496,1850,1030,778,418,162,56,8488,12,316,1620,1020,762,707,427,179,53,5104,18,418,1265,482,277,190,95,44,14,2795
20607,6,312,2045,870,463,461,341,142,44,4677,0,57,680,354,326,429,444,202,35,2531,6,382,2561,1541,999,534,266,72,12,6375,13,436,2667,1363,940,763,602,229,35,7047,11,387,1980,906,450,225,121,43,14,4142,8,79,363,188,149,115,48,15,6,964,5,0,4,0,0,3,5,0,5,25,0,79,301,218,132,89,62,17,0,893,74,204,760,445,313,260,223,168,86,2532,126,2309,12831,6714,4276,3176,2273,951,252,32906,0,130,786,443,313,206,115,24,10,2037,3,76,735,406,197,79,16,0,0,1520,11,170,1078,653,473,330,228,111,42,3081,5,151,849,524,270,186,84,20,4,2103,0,48,250,139,82,43,18,10,0,575,8,289,1649,875,612,450,209,94,27,4209,5,70,721,479,494,650,299,70,24,2798,33,614,3733,2076,1070,615,198,43,20,8400,21,493,3045,1748,1112,1026,428,109,15,8004,22,612,2455,1060,437,257,86,25,7,4962
20701,16,510,1764,1549,1673,1623,1134,704,359,9327,0,131,758,673,1038,1326,1441,812,229,6400,27,677,2471,3294,3573,1993,1068,393,180,13677,32,445,1549,1556,1896,1480,1108,538,180,8781,27,447,982,701,544,351,225,91,58,3435,29,120,265,262,298,200,117,71,28,1387,7,16,4,14,0,8,5,6,8,63,5,88,171,183,299,208,140,82,44,1211,157,207,459,419,449,368,387,374,401,3223,308,3173,9758,10132,11223,8724,6134,3308,1584,54347,5,303,770,769,1037,738,395,173,91,4275,17,270,1405,921,788,309,42,7,0,3761,17,409,1414,1360,1795,1416,918,556,246,8141,14,256,569,664,672,445,298,119,44,3076,14,55,194,166,172,123,45,40,11,834,19,544,1701,2169,2694,1932,1159,743,317,11273,3,145,773,992,1768,1984,1038,452,189,7354,98,1621,4893,5524,4687,2901,1180,614,376,21896,53,735,2122,2588,2700,2200,1073,470,168,12126,54,640,1346,834,644,423,193,109,44,4283
20702,13,235,940,817,596,556,515,288,81,4048,0,78,422,447,512,595,554,360,87,3059,20,323,1587,2151,1621,1158,595,286,97,7833,8,192,631,726,819,688,430,197,45,3745,11,134,291,308,212,131,74,42,22,1223,22,74,233,287,281,183,128,83,22,1314,5,5,6,0,3,7,13,7,0,49,4,30,58,108,131,75,60,36,4,497,57,83,273,311,278,245,283,337,277,2140,137,1393,5104,6209,5198,4193,2920,1776,693,27619,0,118,298,376,419,296,201,62,25,1807,13,84,637,718,448,162,24,3,3,2098,19,200,779,1066,1209,1030,1088,547,133,6063,23,162,282,372,329,196,277,127,31,1795,0,21,47,72,61,42,35,14,7,301,8,253,786,801,744,744,458,207,61,4050,3,81,327,510,698,743,598,198,62,3223,61,743,2232,2373,2061,1349,836,369,111,10134,28,299,769,902,858,680,395,119,23,4069,15,203,423,333,189,135,72,56,11,1432
20703,18,414,1275,901,873,750,540,319,149,5246,5,104,557,509,680,639,644,376,122,3637,17,533,2065,2189,1787,1049,488,221,88,8425,24,256,822,828,994,749,483,213,47,4417,23,235,476,362,278,154,85,39,18,1682,20,125,300,238,209,127,95,53,33,1210,0,10,4,10,3,11,9,0,7,59,0,44,92,135,140,89,62,31,17,603,92,279,549,344,287,267,243,304,365,2735,221,2391,7170,6556,6047,4404,2915,1701,892,32285,6,140,384,489,492,312,167,91,46,2122,20,210,979,730,434,144,27,0,0,2553,14,259,953,1104,1236,912,692,554,218,5940,23,138,321,464,355,233,177,125,41,1871,6,43,109,132,103,52,31,16,9,501,16,312,1020,1134,1057,705,454,325,77,5114,3,92,456,760,887,875,562,275,74,3995,105,1315,3147,2773,2000,1083,591,392,150,11555,28,410,1045,1274,1140,933,377,195,42,5442,34,301,583,418,306,186,68,43,19,1962
20801,7,141,593,751,959,964,625,404,182,4620,3,69,306,435,711,975,1019,474,134,4124,17,243,890,1865,2339,1346,746,301,111,7868,11,181,617,971,1231,935,600,288,76,4910,14,168,361,452,426,276,134,89,32,1957,13,62,173,183,261,206,117,87,27,1119,0,7,0,4,3,5,3,4,4,35,0,42,66,117,223,101,83,41,23,709,103,64,196,304,337,256,305,352,399,2315,177,1140,3618,5769,7334,5705,3955,2141,1062,30897,0,92,211,445,534,375,197,93,39,1991,4,46,284,477,474,168,28,0,0,1484,14,132,456,979,1186,979,764,461,206,5175,17,171,274,512,526,338,183,111,38,2168,0,23,78,119,112,54,44,20,0,453,3,145,567,1028,1325,901,579,347,148,5054,0,53,317,708,1146,1196,602,271,87,4385,37,492,1587,3482,2800,1786,930,397,245,11745,18,249,710,1449,1406,1088,562,207,70,5765,36,264,459,564,423,296,136,85,37,2298
20802,14,410,1823,1392,1190,944,637,315,140,6865,11,156,944,871,1128,1201,1092,393,132,5923,22,557,2685,3325,2689,1414,773,305,147,11919,37,393,1684,1778,1726,1150,819,272,62,7919,30,336,959,725,531,324,168,71,34,3178,21,142,433,405,349,258,198,78,30,1911,3,10,3,5,6,7,11,7,7,53,0,64,190,248,297,164,88,51,25,1124,135,208,626,531,423,337,421,398,454,3524,289,2717,10935,10897,9581,6552,4624,2097,1113,48798,0,206,723,775,642,408,159,83,32,3042,8,260,1667,1157,656,250,30,5,0,4038,27,334,1473,1643,1684,1409,895,617,259,8338,18,227,599,645,566,404,196,121,50,2831,0,35,163,175,118,69,25,26,3,624,13,356,1454,1549,1416,975,474,333,118,6691,6,114,779,1187,1488,1412,598,254,111,5955,87,1363,4969,4649,2915,1729,611,409,196,16924,50,544,2066,2324,1753,1362,461,184,61,8804,29,405,1157,883,615,335,128,75,38,3662
20803,11,247,1267,1243,1064,773,522,241,112,5474,11,152,822,941,1052,803,619,290,68,4749,19,244,1500,2328,2073,1216,626,217,114,8329,34,241,1034,1337,1255,884,524,161,30,5502,37,172,533,503,336,166,101,39,14,1896,46,133,418,425,388,259,178,91,40,1974,4,5,3,3,6,6,8,3,0,34,0,19,91,148,159,94,45,12,3,579,83,90,394,399,347,305,352,410,347,2715,255,1505,6670,8283,7470,4993,3214,1538,779,34706,3,84,374,489,333,206,92,42,23,1649,11,78,635,660,340,139,11,5,0,1886,45,293,1149,1780,1808,1356,904,579,211,8119,43,280,689,792,589,349,237,140,30,3148,7,54,188,208,133,58,19,21,3,692,12,249,1006,1180,935,625,335,192,53,4591,4,112,717,1039,973,809,441,169,42,4311,86,577,2545,3051,1926,1230,530,336,116,10394,49,329,1206,1394,983,718,287,101,23,5080,42,224,598,494,287,155,67,40,15,1929
20804,0,134,509,389,378,369,285,170,92,2329,0,38,211,160,270,301,319,178,46,1527,3,172,770,868,867,506,263,87,53,3588,7,109,442,388,506,347,274,120,45,2234,7,102,249,179,125,96,52,32,17,861,5,35,78,60,71,58,31,16,8,376,0,0,3,0,0,0,3,0,0,7,3,34,52,71,90,55,41,18,8,356,23,47,136,113,89,87,93,90,109,783,53,836,2868,2546,2682,2047,1501,752,398,13684,4,63,223,191,211,178,64,25,15,968,0,83,403,223,163,77,10,3,0,962,0,104,414,308,344,292,206,130,49,1840,0,76,181,146,140,106,68,28,16,769,0,26,57,47,38,24,14,12,0,212,4,121,419,506,563,464,275,163,71,2579,0,23,242,300,394,445,230,93,30,1756,33,510,1525,1435,1088,624,263,158,71,5708,12,218,592,690,625,520,256,113,31,3053,10,177,363,211,156,103,56,20,15,1117
20901,18,365,1564,1387,1097,912,682,289,121,6439,0,101,844,892,901,956,887,388,92,5069,20,256,1404,2075,1698,1104,603,234,93,7473,35,305,1265,1382,1260,984,676,232,53,6181,27,185,544,546,366,169,109,42,17,2017,25,121,381,329,303,209,136,67,16,1593,0,9,6,3,3,3,5,5,0,32,0,37,122,169,147,108,51,19,14,672,89,121,365,387,319,291,340,323,224,2452,235,1768,7292,8324,6881,5292,3759,1709,665,35922,3,147,528,627,540,442,191,72,17,2575,8,135,773,631,343,168,29,4,0,2094,33,358,1322,1661,1630,1384,1070,562,185,8214,49,258,674,716,570,407,295,141,35,3138,9,63,221,209,109,66,42,7,5,737,11,368,1482,1394,1330,1027,419,254,72,6362,0,153,806,964,1144,1286,619,214,80,5275,90,825,2728,2670,1986,1431,634,280,117,10763,65,493,1507,1607,1367,1117,438,169,38,6802,41,337,763,602,340,205,96,50,20,2456
20902,16,336,1272,760,478,319,184,66,28,3459,7,97,682,645,574,415,221,67,27,2743,14,276,1502,1422,982,559,229,53,25,5063,18,250,1311,1286,951,597,216,50,6,4678,8,173,858,722,333,110,48,10,6,2264,18,99,396,337,249,149,75,26,12,1365,0,8,8,3,6,3,0,3,0,37,0,37,145,167,143,55,28,9,5,588,131,184,556,417,347,285,300,287,293,2797,234,1719,7727,6578,4574,2771,1399,625,419,26048,8,157,531,432,190,92,27,12,8,1452,6,142,906,463,186,58,8,0,0,1773,26,365,1091,1107,887,631,362,253,91,4801,19,138,417,409,278,170,122,66,25,1642,6,34,132,105,66,35,11,4,0,396,9,245,868,674,448,240,87,42,20,2635,3,101,607,634,512,311,108,61,14,2350,64,922,2589,1714,898,401,140,72,42,6836,27,379,1406,1281,774,393,97,34,8,4391,34,235,768,554,216,71,23,4,6,1914
20903,7,183,516,600,767,641,350,112,40,3212,5,90,382,490,651,634,562,173,25,3007,9,135,456,793,959,641,308,95,13,3416,29,175,430,669,761,630,349,100,16,3146,28,113,203,264,213,137,71,23,10,1053,33,70,187,197,217,160,79,31,10,994,0,3,0,0,0,4,4,0,0,10,0,17,41,69,101,52,43,7,4,337,62,49,117,183,212,226,181,136,75,1244,188,937,2588,3762,4347,3410,2096,735,203,18265,0,64,144,300,309,260,106,9,0,1193,6,32,139,267,194,80,12,0,0,724,17,216,576,1058,1438,1058,538,166,32,5099,43,262,382,572,540,287,145,40,14,2284,13,55,130,174,151,81,27,7,3,641,14,177,422,803,911,575,201,78,24,3197,0,85,349,602,855,938,318,59,18,3232,42,376,779,1344,1343,938,308,63,25,5215,35,246,542,815,843,632,212,65,12,3399,42,188,254,300,206,155,73,21,4,1240
20904,43,726,2833,2376,1336,825,491,146,38,8815,23,373,1910,1741,1195,742,472,127,26,6624,45,622,3432,3887,2266,1362,604,107,26,12357,88,669,2548,2813,1892,1289,545,99,11,9954,26,249,666,505,263,92,44,31,6,1880,94,412,1425,1349,826,426,215,56,12,4820,4,10,13,14,12,3,9,3,3,78,0,49,253,333,164,116,74,20,3,1003,368,444,1254,1141,773,701,665,550,416,6314,722,4069,16396,16215,9577,6043,3331,1217,569,58115,4,165,544,416,229,146,42,13,0,1563,21,169,1261,669,239,80,17,0,0,2457,89,666,2409,2688,2389,1739,840,316,71,11210,95,493,1172,920,524,400,208,88,10,3898,17,75,241,174,132,69,26,7,0,738,21,445,1400,1199,913,589,204,71,15,4855,6,203,981,890,673,562,223,56,13,3615,146,1221,3968,2849,1740,909,246,63,15,11152,100,641,1957,1484,1081,566,149,35,4,6016,57,279,592,369,152,77,38,7,4,1577
21001,10,139,512,472,390,274,207,97,27,2124,4,59,396,426,494,432,300,115,19,2252,10,165,667,1059,946,524,279,87,28,3773,7,136,460,539,475,326,175,48,9,2173,6,78,213,142,108,56,25,17,0,652,8,50,211,193,199,144,114,33,7,962,0,0,4,0,0,3,4,0,0,21,0,17,31,77,65,37,25,12,5,265,52,58,168,207,187,143,206,253,164,1438,110,792,2924,3510,3206,2107,1432,703,285,15074,0,33,141,194,144,114,47,11,3,698,6,39,262,234,128,53,7,3,0,732,23,166,530,862,778,711,651,311,94,4128,24,135,328,314,206,164,118,64,12,1365,0,14,61,64,37,39,14,9,0,231,6,129,382,410,385,293,154,53,15,1823,0,78,302,433,535,469,207,55,19,2089,43,343,1095,1274,917,545,233,99,22,4570,19,165,476,499,390,275,77,25,4,1928,11,158,244,161,79,41,30,17,7,747
21002,5,52,227,301,331,262,168,63,17,1419,4,36,217,302,279,260,228,78,9,1422,3,28,203,437,419,277,159,53,10,1592,9,58,222,317,338,245,150,38,3,1381,8,23,46,119,79,43,22,9,6,351,13,42,141,109,85,70,39,12,6,514,0,0,0,0,0,0,0,0,0,3,0,6,10,39,29,30,16,4,0,136,70,40,82,123,155,125,124,92,66,883,118,329,1278,1945,1911,1451,965,372,114,8486,0,17,43,91,96,60,44,4,0,357,4,6,36,71,39,26,6,0,0,190,15,92,239,527,589,476,276,90,16,2321,19,90,173,224,173,116,50,20,4,868,5,19,76,96,70,54,25,12,5,356,9,55,144,323,327,216,107,39,12,1228,0,14,141,231,311,329,154,36,10,1220,18,91,287,501,476,308,137,35,11,1859,29,85,191,321,301,235,85,14,4,1277,9,31,67,82,62,44,30,9,4,332
21003,6,272,1143,634,387,249,105,49,21,2859,7,102,618,588,422,346,162,78,22,2347,13,213,1268,1255,757,435,140,61,34,4174,18,223,1002,992,687,379,172,60,12,3538,12,101,436,397,188,59,18,7,3,1220,14,101,309,261,190,118,53,23,11,1075,0,10,0,7,5,3,3,3,0,31,3,27,104,129,80,34,22,5,8,406,94,153,537,391,299,213,222,277,329,2517,171,1372,6302,5361,3361,2029,967,607,457,20626,3,75,305,255,137,54,19,6,0,865,6,78,607,310,115,37,9,0,0,1162,30,220,912,943,819,539,349,341,113,4268,26,175,355,310,217,126,88,79,27,1402,0,26,86,78,69,19,14,3,0,297,0,123,574,504,315,180,63,39,13,1808,0,52,397,431,402,249,110,65,23,1720,43,493,1877,1301,659,293,130,100,31,4931,27,263,879,720,451,246,68,39,9,2687,18,134,376,242,93,45,16,10,4,936
21004,8,128,473,378,307,304,156,63,18,1831,5,60,457,372,306,244,168,51,8,1682,14,102,523,587,533,364,172,59,15,2360,27,127,472,441,380,297,158,31,4,1943,14,44,166,96,40,34,13,8,3,413,14,79,274,209,138,108,65,11,3,901,0,8,8,0,0,0,0,0,0,15,0,9,32,35,33,24,6,5,0,145,51,56,171,172,171,116,115,121,63,1044,142,683,2799,2535,2079,1596,913,361,125,11232,0,16,62,76,73,56,8,9,0,295,5,19,90,107,75,39,8,0,0,347,11,147,523,668,685,552,273,129,24,3016,30,149,265,250,177,124,54,26,0,1077,8,34,83,63,40,26,15,4,0,274,14,103,276,309,391,216,106,41,12,1461,0,42,214,210,257,245,95,35,4,1109,47,201,618,645,557,324,107,36,10,2551,39,178,346,354,314,212,62,22,0,1522,16,70,112,84,43,38,19,10,0,387
21005,45,575,2101,1268,639,411,222,81,25,5359,17,364,1571,1305,904,532,282,90,20,5078,37,486,2681,2632,1378,912,322,78,14,8525,58,648,2227,2091,1419,844,300,45,3,7634,16,163,433,322,137,57,27,15,3,1163,50,276,965,856,465,276,129,36,0,3052,5,17,21,18,8,9,15,0,0,94,3,33,255,283,116,76,54,10,0,830,390,469,1351,1207,817,658,453,328,159,5835,652,3482,13250,11489,6526,4085,1951,729,225,42392,10,115,320,278,181,106,31,4,0,1045,35,138,840,483,197,55,6,0,0,1747,84,492,1542,1779,1988,1140,606,215,35,7883,69,307,654,478,350,220,133,49,12,2278,6,38,131,115,86,37,16,4,0,437,14,257,722,602,520,292,116,50,8,2585,11,160,635,661,534,349,143,53,7,2531,163,901,2600,1880,1279,598,198,58,9,7675,90,554,1229,1032,803,381,84,17,0,4200,25,233,378,201,85,43,24,9,0,1004
21101,26,479,1634,1335,1151,966,697,285,107,6686,8,215,1027,1048,950,881,645,347,79,5199,23,367,2036,2888,2210,1502,801,239,88,10147,43,395,1253,1378,1430,1210,602,154,33,6496,39,189,485,466,266,139,80,41,17,1712,85,233,637,572,480,328,220,108,20,2689,0,6,12,5,0,11,8,3,0,40,3,29,93,148,154,112,77,28,6,651,143,195,457,501,393,384,409,508,461,3442,394,2408,8631,9740,7962,6115,3830,1815,849,41747,0,154,477,509,417,292,120,45,11,2026,21,179,956,803,548,229,52,6,4,2786,66,526,1870,2575,2962,2354,1349,641,154,12501,87,423,997,913,769,604,377,158,32,4362,12,113,291,209,168,78,41,10,3,930,18,437,1207,1213,1214,899,392,180,68,5618,4,152,804,860,1048,1015,497,180,58,4629,157,953,3155,3177,2715,1761,672,241,99,12933,110,638,1460,1523,1341,889,307,105,32,6403,43,331,671,403,230,179,79,35,15,1988
21102,8,84,182,204,305,258,162,74,25,1303,0,25,92,132,233,218,216,84,19,1025,10,65,197,415,481,319,160,61,14,1716,5,63,114,163,316,201,126,42,5,1034,8,38,46,78,65,47,25,16,3,327,9,25,48,59,87,58,35,23,6,350,0,0,0,0,0,0,4,0,0,8,0,8,17,25,28,21,13,4,0,118,27,27,40,60,63,68,57,85,75,510,70,400,836,1306,1799,1351,845,410,161,7173,0,42,54,123,120,105,52,21,3,511,8,20,100,131,119,47,4,0,0,425,12,60,180,324,506,386,304,113,31,1918,11,88,104,184,195,107,85,33,3,805,3,13,46,48,48,24,9,9,3,205,3,64,156,323,394,257,122,54,19,1391,0,31,84,193,294,329,192,44,23,1190,19,158,441,690,657,447,216,67,22,2713,14,79,164,256,293,240,95,33,9,1179,9,58,101,92,68,36,23,17,0,397
21103,30,351,1290,1111,974,810,563,295,95,5510,8,149,865,893,825,724,694,346,71,4567,16,205,1373,2019,1497,974,548,214,89,6940,22,283,987,1183,1045,853,473,170,38,5056,25,152,417,360,245,129,62,41,10,1445,36,155,416,368,336,239,136,64,15,1761,0,8,10,5,5,6,6,5,5,40,4,19,74,116,99,81,44,21,8,470,81,109,361,341,287,260,275,367,405,2495,233,1596,6490,7354,5928,4418,2974,1596,765,31361,0,98,335,382,245,199,98,37,5,1393,14,87,625,477,236,121,22,4,0,1593,35,344,1274,1575,1566,1289,881,482,140,7594,39,306,735,749,654,393,251,169,42,3341,3,77,241,224,143,48,33,23,4,793,13,304,984,1003,997,699,366,168,50,4584,5,125,729,843,866,895,525,211,34,4218,84,605,2226,2160,1631,1158,516,266,91,8747,66,408,1286,1144,1016,792,321,104,28,5172,24,250,520,381,236,143,90,36,15,1697
21104,10,174,588,579,471,397,316,173,53,2766,3,74,319,373,445,376,358,236,63,2242,7,149,965,1422,990,578,344,152,49,4654,9,131,395,565,565,421,279,97,29,2505,11,88,215,224,146,83,46,24,11,842,23,69,139,140,164,83,68,30,12,730,0,0,0,3,13,3,7,5,3,34,0,14,39,58,76,42,24,17,5,280,35,54,170,190,151,145,184,252,287,1470,99,900,3343,4386,3537,2407,1759,1048,544,18022,0,59,210,305,239,139,87,30,8,1082,15,69,566,501,234,99,18,0,0,1500,14,156,631,904,819,692,592,337,78,4218,12,93,248,342,246,136,132,80,20,1304,4,26,77,90,78,29,10,6,3,323,7,148,516,588,547,400,239,106,27,2587,0,55,370,493,461,528,349,148,31,2439,41,404,1577,1591,1061,798,453,178,67,6161,19,193,631,734,567,476,213,78,17,2933,10,135,309,251,155,93,59,17,10,1045
21105,33,443,1564,1340,1304,1156,794,336,101,7074,18,207,1198,1237,1078,1017,966,352,58,6131,20,219,1300,1826,1692,1280,667,248,65,7325,65,395,1328,1548,1576,1332,822,212,27,7300,29,164,477,515,373,256,134,44,11,2006,83,259,774,634,537,331,228,92,23,2955,0,0,4,7,10,0,3,0,3,27,0,34,95,133,145,100,51,15,11,579,190,182,472,489,509,479,459,406,270,3450,484,2106,7890,8565,7938,6457,4415,1812,583,40247,0,94,270,390,329,271,126,38,10,1532,22,88,351,355,279,179,36,0,0,1308,67,555,1586,2246,2609,2190,1290,504,110,11160,112,568,1150,1201,1052,771,409,138,26,5431,35,165,460,542,404,176,78,35,7,1905,28,387,944,1291,1388,1053,500,195,59,5839,3,170,797,947,1193,1532,691,169,31,5543,120,691,1912,2200,1908,1416,628,204,54,9136,121,605,1343,1566,1506,1247,453,115,36,6992,43,293,620,569,403,289,126,39,11,2388
21201,35,321,1359,1014,825,555,360,162,26,4664,16,188,983,965,700,480,357,128,25,3833,24,254,1535,1629,1107,742,330,126,36,5781,47,368,1290,1253,972,689,341,78,8,5038,16,107,330,235,138,74,50,19,5,966,50,202,795,542,334,185,142,43,9,2304,0,4,12,4,4,0,3,0,0,28,9,25,89,144,65,40,27,8,0,400,227,199,638,539,478,382,331,342,216,3337,447,1827,7836,7069,5016,3394,2049,953,345,28939,0,53,133,130,120,84,42,14,0,578,3,39,216,194,103,46,13,0,0,621,50,340,1010,1351,1296,919,539,194,44,5739,67,283,589,592,389,285,159,60,10,2435,17,70,253,247,158,78,29,11,4,867,12,190,497,583,536,394,209,61,29,2528,0,73,464,441,502,443,223,63,5,2234,81,408,1230,1135,811,449,225,63,26,4426,64,307,805,712,606,370,133,18,9,3033,18,112,218,173,106,99,34,8,4,769
21202,32,384,1220,1006,837,673,377,163,66,4757,15,186,776,876,774,603,425,161,42,3860,27,320,1585,2087,1615,1061,483,158,42,7374,45,385,1120,1277,1178,862,388,78,16,5347,13,123,283,260,150,90,41,26,3,986,46,197,529,495,433,283,150,58,11,2207,8,9,4,6,0,6,7,5,5,45,4,29,86,137,116,70,35,13,4,488,216,258,662,626,566,426,408,359,255,3770,417,2159,7102,7840,6270,4453,2491,1100,479,32300,3,123,324,358,265,146,49,22,4,1307,13,157,759,630,263,91,17,0,0,1927,77,466,1531,2198,2381,1640,776,334,82,9480,70,339,685,680,562,394,193,91,19,3028,14,56,195,156,104,58,27,12,5,621,20,288,903,1029,873,538,225,98,26,3991,3,101,610,769,696,575,219,98,27,3104,169,873,2571,2495,1806,989,389,164,45,9503,100,444,1160,1190,978,525,167,44,12,4620,32,230,406,252,142,78,43,21,8,1217
21203,69,679,2751,2323,1241,672,379,143,40,8291,30,318,1515,1528,925,531,327,125,28,5322,61,537,3158,3667,2007,1163,457,139,27,11219,109,707,2491,2564,1893,1086,392,74,9,9325,22,189,491,355,139,59,47,16,7,1316,82,399,1281,1153,597,292,149,49,9,4009,8,10,15,10,7,10,6,3,0,66,13,43,260,356,163,93,53,21,7,1009,346,437,1321,1074,724,555,452,288,171,5363,767,3704,15094,14954,8448,4801,2419,914,302,51403,3,67,322,288,171,89,33,14,5,994,19,106,841,543,182,63,11,5,0,1774,78,484,2046,2620,2200,1305,625,224,34,9617,71,296,793,625,436,325,164,72,13,2794,18,75,224,199,128,56,41,7,0,741,23,272,933,896,695,415,159,57,8,3459,3,74,592,634,460,344,178,53,20,2352,188,801,2958,2357,1396,670,211,75,17,8676,115,502,1428,1364,897,423,106,37,4,4873,31,178,407,214,105,61,38,14,5,1041
21204,22,572,1894,1096,676,437,409,159,75,5346,15,209,866,759,629,497,427,187,63,3658,25,615,3061,2830,1558,972,549,199,56,9859,20,364,1493,1454,1182,929,467,100,19,6031,20,158,445,278,149,74,63,21,6,1212,66,311,760,713,499,293,179,63,20,2922,7,16,19,16,8,4,10,10,0,93,5,47,169,194,127,82,50,20,10,693,300,422,1226,955,703,645,661,581,393,5882,518,3241,11750,9609,6236,4393,3071,1469,681,40966,3,186,648,466,292,179,68,23,10,1881,22,269,1806,817,328,109,28,8,0,3389,80,708,2347,2191,2097,1763,1219,583,140,11127,65,253,513,467,396,391,300,132,24,2540,5,60,194,140,119,85,24,12,0,647,18,369,1191,802,601,559,251,146,52,3989,8,110,661,633,609,648,327,158,33,3184,176,1558,4448,2534,1613,1080,453,176,56,12092,64,570,1782,1304,1044,745,207,69,8,5796,40,247,605,284,152,102,54,20,7,1523
21205,18,544,1880,1382,1062,832,707,425,172,7025,18,232,872,788,1014,939,804,520,167,5353,38,733,3259,3857,2840,1675,865,399,193,13857,41,463,1353,1364,1453,1097,644,282,80,6782,18,259,628,466,305,185,131,59,25,2075,41,199,444,441,401,259,170,82,27,2069,0,10,10,11,10,9,9,8,5,74,0,80,166,215,193,155,97,57,22,985,181,410,828,617,515,430,425,564,614,4587,373,3738,11592,11339,9304,6651,4314,2619,1409,51337,10,380,854,907,875,572,346,136,24,4109,26,361,2007,1449,891,288,52,0,0,5080,41,710,2138,2352,2591,1996,1535,997,248,12604,34,270,518,614,536,380,330,202,44,2923,4,72,186,163,140,98,69,31,0,755,23,489,1526,1375,1241,1056,623,333,83,6740,6,190,778,1056,1277,1206,872,361,94,5835,147,2305,5082,4272,3154,1967,1142,522,153,18744,57,634,1686,1855,1628,1097,550,244,51,7803,45,433,845,537,378,230,161,82,21,2739
21301,31,552,1625,896,674,477,257,74,28,4611,15,220,960,798,685,579,316,119,23,3723,30,599,2503,2384,1590,991,447,121,24,8689,44,463,1518,1518,1269,900,379,68,7,6163,22,198,466,300,161,91,44,16,3,1299,46,309,880,789,519,332,157,54,14,3095,5,17,20,8,9,6,11,0,5,84,0,47,148,152,101,63,45,10,3,572,329,464,1347,1093,832,717,706,513,395,6389,552,3262,10800,8886,6509,4529,2553,1041,524,38657,5,200,542,430,249,121,34,10,5,1595,31,272,1535,780,298,114,18,0,0,3055,63,660,2098,2276,2282,1924,859,385,70,10621,55,311,715,524,411,308,193,62,24,2610,3,44,157,103,78,54,21,5,4,465,24,362,1076,838,611,419,127,61,16,3544,8,161,765,646,625,542,209,71,14,3042,178,1473,4257,2664,1604,885,217,64,18,11352,88,681,1790,1382,942,582,165,23,8,5662,22,327,600,355,151,72,27,14,0,1565
21302,8,153,727,721,579,438,266,76,36,3002,3,100,595,634,620,546,357,121,23,3000,14,172,1082,1696,1301,750,293,85,32,5416,24,190,796,982,867,655,282,75,12,3876,11,99,394,390,221,139,54,14,0,1320,25,74,290,319,233,134,80,29,9,1184,5,0,3,3,0,5,4,4,0,25,0,22,91,118,117,50,29,8,0,430,79,98,390,349,312,223,242,228,200,2132,176,1035,4894,5951,4769,3217,1732,684,334,22795,3,66,307,358,219,106,50,21,5,1136,8,69,589,414,204,72,11,0,0,1371,29,283,979,1297,1368,963,540,340,97,5896,15,150,431,437,347,221,124,65,19,1809,10,26,108,115,82,33,19,10,0,406,3,131,570,693,584,334,122,74,26,2531,0,86,443,550,664,496,215,76,22,2547,62,447,1987,1986,1334,586,209,90,30,6732,52,262,906,998,751,454,152,40,4,3624,15,167,430,408,247,96,33,18,3,1417
21303,12,206,1235,754,427,270,145,38,16,3100,0,95,644,530,451,357,176,61,19,2333,4,287,1797,1714,975,471,159,37,13,5464,13,189,1401,1171,847,539,219,30,3,4413,17,205,913,617,323,129,22,10,0,2240,22,108,365,299,223,97,66,10,5,1199,0,8,8,3,0,0,3,3,0,30,3,27,157,169,110,55,24,7,0,549,72,186,670,425,293,241,210,174,206,2488,144,1512,8267,6523,4139,2408,1114,403,284,24789,0,113,479,375,181,74,19,6,3,1257,8,147,941,497,199,61,5,0,0,1861,22,229,1061,889,667,476,215,144,70,3774,14,105,373,348,177,129,69,42,9,1261,3,19,141,101,59,35,7,5,0,371,8,164,870,659,405,191,56,38,10,2394,4,70,536,524,499,315,86,33,17,2095,66,933,2901,1972,803,312,72,31,10,7091,23,318,1427,1246,685,323,85,21,4,4132,17,245,875,672,257,82,13,5,3,2160
21304,41,464,1864,1569,1059,573,349,104,26,6040,18,322,1504,1506,1075,541,334,140,23,5456,45,427,2514,3216,1975,977,421,107,24,9702,60,504,2054,2195,1539,960,427,71,15,7823,25,145,446,330,160,68,30,14,6,1222,96,311,1059,1044,536,265,135,39,0,3493,3,8,14,13,5,10,5,0,0,68,4,36,188,279,120,64,62,16,3,766,373,390,1227,1126,741,519,452,314,144,5290,673,2899,12253,12945,7985,4287,2361,841,253,44495,3,79,296,354,144,92,31,3,0,1003,18,119,810,547,172,79,3,0,0,1753,67,474,1796,2254,1876,1388,589,207,58,8708,88,369,956,685,363,281,120,48,18,2920,10,54,205,152,92,51,17,10,3,592,16,233,874,934,599,408,156,52,17,3282,3,126,851,745,556,425,201,43,13,2972,148,683,3063,2516,1278,778,202,76,21,8769,102,453,1392,1266,880,512,111,37,0,4765,21,188,458,247,119,60,24,13,0,1129
21305,48,647,3204,2556,1354,773,425,124,30,9164,32,322,1665,1879,1217,681,405,158,27,6385,38,662,5224,6597,2639,1438,572,116,16,17309,69,689,2982,3378,2064,1209,481,86,10,10972,24,250,767,695,255,107,59,15,0,2179,71,491,1384,1310,625,323,157,57,7,4427,3,11,15,18,10,10,12,0,0,85,5,62,424,618,241,139,114,19,12,1634,503,650,2165,1906,978,649,533,380,246,8017,822,4441,22310,23682,10566,5827,3021,1013,368,72048,9,168,664,499,290,200,58,8,0,1901,21,202,2299,1137,341,81,31,5,0,4117,72,620,2620,3138,2619,1694,724,240,60,11782,84,412,1002,757,472,305,154,62,16,3269,8,83,250,246,143,64,21,12,0,840,13,354,1397,1353,930,543,194,50,18,4865,13,139,965,884,680,511,231,58,15,3499,182,1076,5510,3830,2121,926,251,70,22,13986,130,619,2183,1838,1120,572,156,29,3,6648,30,264,748,406,170,70,23,6,0,1716
21401,28,317,1544,1372,1089,885,594,232,84,6156,15,179,1081,1014,864,676,582,225,61,4691,50,228,1452,1861,1570,1069,542,221,62,7054,53,363,1376,1485,1379,1104,542,138,30,6460,20,122,428,370,263,147,94,41,4,1497,59,247,746,631,437,284,227,86,17,2740,6,9,7,14,8,4,8,9,0,59,3,30,86,134,124,78,45,19,4,514,240,233,654,637,567,433,447,519,439,4169,489,1923,7941,8180,6770,5011,3251,1560,736,35866,6,80,252,249,185,129,71,30,12,1006,9,105,456,399,236,104,31,5,3,1337,57,443,1549,1885,2057,1594,996,502,143,9230,65,384,945,890,661,500,301,151,36,3940,18,98,290,266,166,59,30,13,11,956,25,353,1144,1129,991,756,365,162,52,4978,6,115,762,734,787,815,404,161,45,3824,132,702,2106,1964,1548,1075,517,207,83,8335,107,496,1299,1261,1089,746,307,67,21,5396,22,204,469,392,181,164,92,39,13,1569
21402,32,302,1191,1340,1508,1525,1256,691,239,8086,19,160,906,1120,1164,1345,1542,738,134,7133,33,181,1018,1693,1943,1576,1126,526,178,8271,41,289,942,1309,1584,1421,1024,380,60,7051,14,130,410,464,387,306,215,124,34,2084,60,189,643,600,602,471,390,197,33,3203,7,4,0,5,0,0,9,7,5,44,0,24,69,99,184,105,120,47,11,656,301,245,469,605,781,756,995,1024,754,5928,534,1688,6031,7812,8879,8059,7023,3913,1501,45444,0,41,155,261,236,239,189,90,37,1248,35,79,152,245,180,123,36,6,0,861,79,389,1059,1782,2018,1866,1729,1003,324,10259,84,447,918,1194,1065,773,573,338,65,5462,29,116,369,432,371,174,97,37,16,1631,20,245,888,1414,1588,1240,879,495,134,6914,15,98,666,1041,1279,1577,1072,358,80,6186,120,468,1402,2149,1870,1742,1242,587,179,9743,107,404,965,1386,1295,1142,648,252,58,6252,26,163,323,473,361,288,199,107,22,1961
21501,19,150,560,451,448,639,428,170,59,2921,0,61,333,266,288,282,341,198,46,1814,15,105,405,472,416,371,169,43,17,2015,14,116,413,381,518,499,325,68,12,2352,3,20,73,83,72,46,31,11,11,356,17,92,267,200,179,130,103,37,13,1034,0,0,12,3,0,0,0,0,0,19,0,5,13,29,30,27,23,4,5,133,145,119,244,227,304,318,409,412,305,2485,235,738,2553,2317,2447,2470,1915,969,469,14115,0,15,66,69,52,67,20,0,0,297,9,31,59,41,44,50,7,0,0,233,41,207,475,547,698,574,363,147,43,3092,22,118,192,218,283,211,119,58,9,1224,34,138,390,384,412,273,113,59,20,1807,6,123,373,503,742,582,267,161,60,2819,0,65,255,295,406,551,321,107,25,2020,61,194,521,587,477,339,109,45,18,2346,14,129,332,501,495,425,119,39,3,2056,8,44,83,89,60,47,27,16,8,380
21502,10,115,508,348,311,356,279,106,39,2073,5,76,351,331,348,256,204,96,20,1686,16,123,515,538,469,331,135,42,4,2168,30,162,498,422,475,423,179,33,5,2229,10,21,91,75,46,32,16,5,0,302,20,105,286,220,188,114,78,22,8,1036,0,4,15,7,0,0,4,0,0,42,0,10,26,30,17,17,8,4,0,116,156,147,387,375,329,338,354,250,193,2524,262,793,2854,2539,2324,1970,1288,587,272,12894,0,13,62,68,66,40,8,10,0,271,9,29,63,40,27,3,0,0,0,171,28,206,420,508,517,439,280,121,27,2546,24,102,182,195,212,143,106,46,10,1014,20,58,194,220,199,101,33,8,0,843,11,123,291,390,471,352,163,73,27,1900,9,51,292,356,375,314,163,44,14,1625,43,230,587,605,453,262,97,34,18,2318,33,136,368,444,392,276,76,19,3,1737,5,53,102,92,49,41,19,14,3,373
21503,3,72,292,230,214,325,227,97,34,1499,3,48,231,193,191,192,193,90,26,1168,3,70,252,318,235,172,97,31,10,1196,15,75,219,188,250,241,136,27,0,1156,5,8,34,30,21,18,8,4,0,130,10,69,153,145,119,83,65,15,7,659,0,8,3,5,0,0,3,0,0,18,0,6,16,15,7,10,11,0,3,75,102,76,219,229,210,255,250,246,174,1766,149,460,1564,1469,1340,1377,1035,530,262,8176,0,9,20,31,25,23,7,0,0,122,0,12,35,23,15,18,4,0,0,112,33,145,342,360,401,377,198,98,22,1970,14,83,119,126,147,143,56,33,13,727,31,80,256,255,241,119,60,13,9,1061,19,67,234,256,320,282,157,79,20,1430,0,44,236,214,250,293,164,61,20,1290,21,122,349,344,254,169,66,25,9,1354,19,68,162,204,229,172,54,17,3,931,0,14,47,27,25,11,11,6,3,150
21601,14,77,316,268,301,355,218,108,27,1689,6,45,193,196,207,201,170,100,19,1134,4,49,221,320,266,227,102,42,16,1245,10,96,247,295,328,333,186,41,6,1550,4,18,43,31,33,24,16,4,0,173,17,73,196,139,123,105,65,22,3,733,0,0,4,5,0,3,0,0,0,12,0,0,15,17,26,26,8,3,0,87,101,73,164,179,186,240,249,251,223,1659,162,477,1526,1580,1602,1610,1064,577,302,8905,0,0,43,49,48,24,3,4,3,179,5,15,28,18,11,11,0,0,0,93,32,156,336,505,537,407,300,131,21,2416,19,89,142,183,179,127,67,50,15,867,19,60,164,200,189,103,50,18,3,807,4,53,232,293,358,267,151,74,24,1453,0,54,168,222,242,278,162,63,14,1202,13,107,316,351,296,200,97,46,14,1439,28,87,199,278,244,211,76,18,0,1137,5,15,44,33,28,13,15,11,0,170
21602,10,72,233,184,190,240,194,104,27,1264,0,36,147,136,150,142,134,88,15,851,6,49,189,228,245,173,138,42,11,1068,10,46,177,184,208,219,132,26,3,1016,0,9,31,25,18,15,9,6,0,115,9,46,157,140,96,73,70,27,4,611,0,7,0,0,0,0,0,0,0,10,0,7,8,10,15,10,8,3,0,58,74,59,147,149,165,169,246,203,113,1333,116,347,1192,1167,1180,1124,975,514,181,6784,0,3,22,44,26,26,12,0,0,142,0,0,24,13,17,11,3,0,0,65,11,86,251,359,351,307,238,110,27,1728,6,51,82,121,118,114,87,49,0,634,9,41,137,137,155,78,50,18,3,636,4,44,167,182,239,209,129,46,11,1045,0,19,84,138,171,205,128,47,13,795,18,80,222,250,227,159,76,39,17,1091,13,61,154,166,207,167,58,7,4,829,3,12,27,26,22,19,11,6,8,119
21603,16,204,714,560,489,476,307,125,38,2931,7,110,406,407,364,310,304,105,28,2029,15,131,541,603,517,408,188,45,20,2471,37,207,593,568,541,442,238,65,9,2693,0,29,91,54,43,25,28,3,9,275,38,96,343,232,180,121,80,22,3,1116,0,9,14,4,6,0,6,0,0,34,0,12,41,52,42,24,14,7,0,195,154,166,425,395,336,365,347,387,309,2886,293,1017,3428,3097,2682,2314,1559,783,415,15600,0,22,81,96,62,54,19,11,4,352,4,28,77,52,28,14,0,0,0,203,32,234,657,741,702,561,314,152,39,3431,42,136,232,263,251,176,110,57,15,1276,13,71,197,215,200,106,51,20,0,867,12,124,485,560,581,406,175,93,24,2467,4,70,347,323,404,489,195,73,17,1932,60,248,723,656,570,345,91,51,18,2761,45,188,466,480,404,321,95,31,0,2023,0,51,103,61,43,31,18,10,0,317
21701,4,72,338,267,267,388,321,125,39,1822,0,56,147,215,237,193,222,81,23,1176,15,64,201,272,311,230,134,27,6,1263,9,50,214,228,292,337,193,42,5,1363,0,13,25,51,42,30,40,12,3,212,27,66,161,155,111,90,41,15,5,675,0,0,0,0,0,0,0,0,0,8,0,4,12,17,19,18,18,3,0,90,77,55,111,168,170,221,269,228,161,1459,144,418,1345,1511,1580,1624,1281,554,252,8713,0,4,27,52,39,36,17,3,3,184,8,0,39,13,22,24,0,0,0,109,31,145,374,506,545,405,204,102,22,2340,22,83,143,150,216,145,95,43,16,919,37,62,198,280,266,181,82,27,6,1140,14,69,222,272,452,394,166,91,29,1717,0,28,149,248,244,316,138,54,17,1196,30,111,330,378,314,227,72,35,14,1515,19,61,195,206,267,254,79,27,0,1114,0,22,47,42,50,31,20,9,0,218
21703,8,65,286,262,272,339,279,124,26,1663,10,56,190,186,188,239,293,111,23,1295,9,51,212,285,266,231,110,33,3,1199,5,82,241,265,324,362,215,44,3,1537,0,10,71,59,58,42,34,11,0,285,9,66,180,135,128,83,64,29,4,703,0,0,0,0,0,0,3,0,0,4,0,7,16,20,30,17,13,14,15,134,99,58,155,178,190,220,231,212,141,1478,158,423,1527,1571,1619,1655,1298,587,227,9066,0,11,34,53,37,44,19,10,0,210,3,12,16,25,22,13,4,0,3,93,32,144,325,421,503,379,239,106,18,2169,19,106,158,157,174,108,79,35,15,860,18,78,253,288,229,138,52,21,0,1088,0,58,203,280,392,319,186,83,11,1540,0,31,144,184,254,381,188,70,5,1257,18,102,345,334,285,206,76,25,6,1392,17,81,180,292,314,265,89,31,10,1281,7,30,63,51,48,47,18,8,3,267
21704,9,123,587,523,470,568,388,168,60,2888,8,83,336,378,358,362,346,141,32,2039,19,99,373,452,479,362,187,46,18,2035,15,100,425,445,465,459,258,69,16,2241,3,27,66,87,70,70,47,14,0,400,48,118,291,257,185,106,68,37,8,1109,0,0,5,5,0,0,0,4,0,17,0,5,20,34,36,25,19,0,0,148,119,71,225,209,207,244,274,284,217,1852,230,693,2526,2618,2456,2335,1660,785,360,13662,0,33,89,105,63,70,26,4,0,395,4,17,39,49,34,18,7,0,0,167,41,197,431,495,487,381,211,110,46,2397,38,174,378,268,258,182,85,45,12,1446,28,97,227,243,224,121,73,15,13,1040,4,113,424,476,652,455,202,107,27,2456,0,47,268,335,409,476,222,73,27,1857,44,197,583,618,464,318,121,43,11,2395,28,161,342,418,384,323,129,34,0,1804,11,38,115,102,86,60,28,0,0,448
29797,0,0,0,0,0,0,0,0,0,0,0,0,0,0,0,0,0,0,0,0,0,0,0,0,0,0,0,0,0,0,0,0,0,0,0,0,0,0,0,0,0,0,0,0,0,0,0,0,0,0,0,0,0,0,0,0,0,0,0,0,0,0,0,0,0,0,0,0,0,0,0,0,0,0,0,0,0,0,0,0,0,0,0,0,0,3,0,0,0,3,0,0,0,0,0,6,0,0,0,6,0,0,0,0,0,0,0,0,0,0,0,0,0,0,0,0,0,0,0,0,0,0,4,3,0,3,0,0,0,14,0,0,0,0,0,0,0,0,0,3,0,0,0,0,0,0,0,0,0,0,0,0,0,0,0,0,0,0,0,0,0,0,0,0,0,0,0,0,0,0,0,0,0,0,0,0,0,0,0,0,0,0,0,0,0,0,0,0,0,0,0,0,0,0,0,0,0,0,0,0
29999,0,16,70,35,37,41,21,0,0,211,0,5,22,27,19,27,8,4,0,115,0,18,78,55,43,35,19,0,0,255,5,22,86,48,38,50,11,5,0,264,0,5,30,18,7,11,6,0,0,77,3,8,38,33,12,10,5,0,0,116,0,0,0,6,0,0,0,0,0,3,5,4,12,4,5,4,4,0,0,32,85,95,311,356,188,118,67,13,11,1242,102,177,705,618,379,303,140,29,11,2459,0,13,52,25,18,3,5,0,0,118,0,10,54,25,13,4,0,0,0,101,7,37,135,113,75,58,40,9,6,488,4,30,56,59,38,22,19,5,0,224,4,10,30,20,7,15,4,0,0,83,0,18,86,52,38,44,9,3,0,260,0,7,43,30,27,35,9,0,0,152,14,90,208,111,63,50,22,8,0,561,4,46,163,83,54,36,3,3,0,399,4,39,122,37,17,15,0,3,0,239
30101,70,174,595,607,566,586,339,109,39,3087,11,99,356,494,504,479,311,111,23,2391,97,189,807,1093,1036,841,394,119,24,4606,75,188,537,652,670,496,311,62,14,2995,28,76,177,170,117,82,25,26,5,705,75,138,305,333,244,162,122,34,3,1423,5,5,5,3,0,3,5,7,16,53,3,10,22,44,54,47,25,6,0,214,67,88,220,221,224,191,199,204,275,1679,451,1030,3267,3965,3721,3092,1836,718,410,18499,8,53,134,136,141,98,28,11,0,612,39,57,174,252,147,67,10,0,0,745,72,317,936,1132,1423,1165,552,270,59,5924,50,202,473,447,454,391,190,68,18,2281,11,32,105,125,100,64,29,8,0,479,20,150,389,585,696,457,171,69,30,2557,7,77,360,476,560,449,179,60,15,2185,134,429,1065,1330,1303,754,244,64,23,5359,86,271,645,620,539,412,139,34,13,2759,45,158,215,182,124,85,36,14,3,861
30102,66,208,534,691,777,762,562,252,87,3937,16,104,433,606,729,612,572,230,53,3350,143,226,829,1232,1383,1128,619,232,53,5844,83,224,621,802,770,740,501,167,20,3929,29,93,151,175,166,101,80,38,16,843,82,155,381,383,340,266,191,67,18,1876,3,3,6,6,3,3,7,0,3,39,7,12,23,46,61,34,39,9,4,240,122,108,222,295,289,311,371,375,299,2390,587,1230,3421,4564,4871,4226,3122,1463,565,24048,4,38,69,138,141,142,74,23,6,635,34,50,107,146,149,59,17,0,0,568,39,218,732,1165,1558,1286,938,461,121,6518,33,209,445,477,536,484,291,149,29,2653,26,39,122,150,153,87,52,20,8,646,16,105,382,636,808,559,332,160,60,3058,3,64,333,585,596,592,313,124,43,2650,129,374,898,1400,1329,920,445,208,63,5761,73,240,561,655,600,529,243,68,29,3000,54,109,148,180,132,112,72,37,11,853
30103,55,162,611,638,609,458,282,99,43,2975,8,73,390,567,590,468,292,116,37,2540,82,206,886,1451,1317,708,323,92,21,5082,46,167,565,818,648,462,267,74,7,3069,23,85,235,256,175,84,31,21,7,918,45,129,284,297,245,131,78,30,4,1248,8,3,3,3,5,0,0,6,3,31,3,11,33,66,48,45,17,7,3,224,70,82,201,255,225,182,191,214,194,1614,371,1020,3532,4829,4227,2744,1580,689,337,19327,0,35,152,235,147,75,30,4,0,679,27,50,252,295,131,52,8,0,0,815,40,250,884,1232,1145,823,452,240,66,5143,13,137,381,442,335,305,157,65,25,1853,9,21,103,134,87,40,20,11,3,429,6,96,479,604,553,351,180,109,32,2419,4,42,363,550,532,392,198,81,35,2195,82,337,1401,1680,1094,591,190,74,34,5476,55,215,684,715,575,377,124,41,11,2791,30,89,279,233,137,58,35,19,8,891
30201,36,181,545,577,475,323,171,103,33,2440,16,66,235,304,343,276,238,101,22,1604,48,156,707,921,690,434,221,68,24,3270,37,154,434,433,385,253,148,52,23,1919,21,83,178,132,87,34,31,6,0,566,31,96,176,151,130,71,50,13,0,728,0,3,6,0,0,0,4,0,3,21,3,9,19,40,28,29,14,6,6,154,40,45,141,133,92,70,80,85,94,785,228,852,2715,3074,2422,1632,996,466,222,12603,3,34,107,132,94,69,31,10,8,480,20,34,172,171,120,45,4,0,0,566,11,151,422,542,602,492,312,179,42,2761,18,104,204,207,188,136,95,50,10,1015,0,13,54,60,43,24,13,5,0,222,12,119,393,438,435,274,167,81,18,1946,0,37,234,312,335,334,175,57,12,1498,67,279,870,935,751,539,207,90,29,3773,36,152,398,413,324,250,72,42,7,1699,15,73,171,122,73,52,26,16,4,548
30202,56,310,1171,888,651,468,292,165,71,4070,3,72,370,482,507,422,302,167,54,2376,86,274,1270,1381,1095,606,276,104,49,5140,45,233,775,722,613,428,263,88,16,3180,29,139,365,282,168,74,37,20,13,1118,48,150,344,261,192,112,71,23,10,1218,7,11,4,0,4,3,7,0,5,37,4,13,51,69,60,51,27,8,11,294,71,130,314,257,166,162,162,242,387,1890,355,1471,5178,4854,3781,2488,1520,851,621,21134,3,76,271,211,138,89,37,26,3,866,29,78,370,279,151,64,13,0,3,983,18,234,889,930,760,611,423,333,93,4291,21,141,444,395,321,207,148,102,32,1814,9,24,105,93,71,34,15,14,0,369,13,237,921,876,628,409,235,171,55,3548,6,70,470,600,538,420,257,133,46,2538,82,503,1768,1699,1056,622,264,178,70,6244,61,271,866,811,546,388,147,67,11,3190,38,183,416,266,142,79,29,30,8,1201
30203,21,172,646,397,271,224,164,74,31,2000,5,37,265,255,253,202,161,86,48,1313,38,202,926,957,610,404,169,41,13,3353,28,144,561,510,353,232,119,43,14,2001,13,92,261,177,76,39,15,7,8,684,24,79,229,174,139,68,36,15,5,752,0,3,10,4,0,0,0,0,0,18,6,13,28,50,31,21,14,5,0,163,38,85,227,170,101,94,79,88,77,959,167,908,3500,3024,2003,1375,802,372,202,12348,0,34,132,107,47,48,11,7,0,392,13,60,319,145,74,34,0,0,0,643,14,131,557,564,494,381,195,103,46,2494,15,77,240,157,153,132,81,27,9,897,3,7,61,69,45,25,8,4,0,221,4,130,395,309,242,179,82,39,24,1418,0,34,239,261,197,204,111,62,42,1163,64,326,1134,858,484,315,113,21,18,3331,29,168,576,429,284,192,69,26,5,1779,20,76,201,119,48,31,11,13,7,529
30204,43,163,665,585,509,410,240,126,41,2780,4,67,298,454,424,313,255,124,33,1971,44,196,801,1053,886,579,233,89,27,3904,65,168,577,654,610,399,243,72,10,2807,23,72,206,182,103,65,29,12,4,700,29,106,294,256,170,104,66,22,12,1053,4,6,5,4,0,0,0,4,0,22,0,11,52,70,63,28,22,9,7,265,58,85,249,209,200,165,184,211,189,1549,299,957,3500,3893,3206,2220,1358,685,327,16437,0,40,154,112,92,65,25,11,3,505,24,56,266,213,104,39,3,0,0,705,22,181,682,829,826,644,370,210,64,3841,20,113,282,289,243,213,133,71,12,1391,3,17,87,112,64,33,16,3,0,347,14,123,482,502,472,291,137,71,28,2123,5,33,349,405,352,329,160,70,9,1699,100,321,1123,1104,807,438,171,75,21,4157,68,185,607,605,427,297,119,36,12,2346,25,83,217,159,104,44,29,12,0,674
30301,16,200,684,638,483,421,211,80,25,2748,7,58,294,397,472,383,293,112,16,2027,63,225,904,1185,989,556,251,79,25,4273,32,187,537,590,459,323,194,57,6,2381,16,113,262,208,139,69,41,12,7,881,24,89,186,173,162,78,57,22,9,798,0,3,5,3,0,0,4,0,0,19,5,10,36,35,48,23,22,6,3,194,48,68,145,168,131,102,95,112,109,982,231,1038,3408,3851,3174,2123,1244,522,210,15797,0,58,174,199,147,93,40,10,3,725,17,64,237,246,158,56,8,0,0,776,13,185,648,716,700,538,282,172,49,3314,16,103,306,285,221,159,94,58,20,1260,3,12,65,63,40,31,11,4,3,235,17,144,529,570,524,312,146,76,23,2333,3,65,307,457,474,396,183,71,19,1968,72,418,1263,1419,1011,562,161,93,43,5036,46,210,643,609,447,300,106,32,7,2388,18,132,262,235,101,68,35,14,4,872
30302,28,487,1642,1000,684,539,306,176,74,4936,7,93,545,484,534,463,375,174,43,2716,68,529,1639,1323,1084,617,257,73,18,5597,40,431,1283,1025,715,460,252,84,18,4306,36,324,642,390,236,142,51,27,11,1857,30,184,278,182,158,96,44,12,8,1000,0,13,4,6,3,3,0,0,0,31,6,23,80,86,71,37,24,10,6,350,60,207,430,285,201,193,153,160,168,1856,289,2687,7687,5518,4057,2763,1554,773,372,25703,0,203,573,352,204,150,49,31,5,1571,16,128,606,368,184,48,9,0,0,1359,16,311,1119,851,698,503,260,187,62,4020,6,175,549,436,303,184,125,40,15,1837,0,31,197,123,82,51,14,4,0,504,3,314,1398,1039,794,399,211,122,40,4328,5,113,575,588,593,489,211,74,26,2670,84,779,2352,1689,1046,615,188,88,35,6880,29,391,1420,1123,709,495,166,80,16,4435,30,380,754,445,240,98,45,26,3,2019
30303,44,247,928,880,629,437,244,122,44,3578,11,101,393,491,606,417,335,144,36,2529,67,371,1543,1754,1147,626,349,110,21,6001,47,261,657,794,619,415,231,71,10,3097,33,160,354,256,155,74,33,15,10,1090,45,139,297,260,189,93,49,33,9,1123,8,11,9,7,3,5,8,0,0,50,9,18,65,86,50,41,22,15,9,306,98,161,379,281,192,196,144,170,179,1804,403,1652,5284,5564,4054,2593,1530,732,329,22135,16,122,298,237,206,108,55,15,4,1067,45,142,537,395,166,60,10,0,0,1363,27,261,857,860,966,708,512,267,62,4521,21,140,351,311,291,201,147,72,22,1554,6,21,76,107,71,40,35,8,3,365,19,212,784,695,626,442,217,129,29,3153,3,108,452,595,525,533,278,97,27,2623,106,861,2031,1524,1120,733,311,112,52,6852,54,315,880,758,562,428,151,49,10,3212,44,211,399,233,130,63,40,17,8,1146
30304,8,119,578,441,321,251,156,75,33,1985,3,32,211,288,309,229,169,77,25,1338,41,153,643,759,492,265,113,49,13,2530,23,100,456,515,374,229,122,33,13,1871,12,97,191,184,107,67,19,10,6,701,23,78,97,108,71,36,22,12,0,445,0,3,0,9,3,0,0,0,0,16,5,13,33,46,38,20,8,3,0,173,35,84,205,129,83,79,74,66,52,804,168,799,2796,2867,2050,1330,755,352,166,11275,0,84,232,200,121,88,35,19,0,781,26,61,330,194,99,50,4,0,0,763,15,141,545,474,484,324,260,159,65,2463,15,66,233,229,167,117,89,48,10,970,3,21,84,80,46,31,16,5,0,296,8,118,485,477,359,246,115,75,17,1909,3,44,280,331,308,250,123,55,22,1415,57,429,1084,815,518,275,136,57,27,3401,16,154,552,589,338,251,90,30,11,2036,20,96,230,200,117,60,15,21,7,763
30305,33,226,794,731,468,291,173,68,20,2811,6,77,353,414,377,267,178,46,18,1738,82,256,1315,1598,827,488,244,47,9,4875,42,178,636,756,473,310,166,37,6,2588,12,80,206,203,80,46,24,3,0,654,42,108,278,265,140,93,40,18,10,990,5,11,8,4,4,6,7,0,0,52,3,19,54,104,51,30,25,0,4,288,89,114,356,327,195,166,120,107,116,1589,349,1170,4525,4972,2850,1856,1071,346,185,17333,0,60,196,147,102,88,26,6,0,616,39,69,470,305,118,45,6,0,0,1052,36,220,773,841,900,633,268,105,38,3807,23,114,248,231,181,168,93,41,12,1118,5,15,59,43,42,34,8,5,0,214,15,129,556,472,418,259,102,46,19,2002,0,56,335,395,350,232,97,23,4,1502,100,523,1913,1276,851,529,153,47,14,5418,51,192,635,531,421,247,82,20,3,2182,17,92,209,118,55,45,8,5,3,575
30306,27,156,581,444,238,219,160,82,25,1929,9,56,192,228,270,209,201,88,15,1269,62,196,974,1041,605,419,201,47,10,3556,26,144,458,450,318,274,165,43,3,1883,16,55,177,160,74,40,35,14,0,581,18,80,214,159,105,71,37,18,5,704,0,5,4,3,3,4,3,3,0,26,0,7,62,34,38,21,13,8,0,183,70,93,292,256,163,128,120,85,63,1276,254,918,3380,3155,2003,1561,1014,423,137,12858,5,90,190,131,127,93,34,6,0,681,25,81,467,302,124,39,6,0,0,1055,18,197,641,641,626,559,327,114,30,3151,11,84,184,163,162,148,79,27,0,869,0,15,62,41,47,35,20,3,3,232,9,149,492,372,335,253,122,57,18,1819,9,63,260,318,313,304,174,46,18,1501,66,852,1773,1016,777,507,179,56,11,5238,34,218,568,420,379,286,102,19,7,2041,18,124,243,141,85,49,19,9,0,701
30401,15,72,301,330,288,289,212,93,32,1631,0,17,151,261,267,284,249,93,23,1344,30,104,363,622,563,387,185,53,14,2332,29,74,258,349,331,216,169,55,4,1488,5,46,94,110,64,44,22,6,0,394,19,34,89,89,93,61,32,15,9,438,15,0,0,0,0,0,0,0,0,16,3,4,17,25,29,24,19,7,3,125,20,21,56,81,59,46,65,78,85,508,140,442,1495,2174,1935,1533,1051,424,167,9375,4,28,115,201,188,139,53,19,0,751,28,34,200,214,121,48,3,3,0,650,12,120,379,567,695,503,281,91,22,2676,11,47,134,149,123,126,53,23,6,672,4,4,55,41,36,25,23,5,0,188,4,99,320,363,434,304,142,64,14,1746,0,42,206,327,322,366,158,39,12,1482,37,206,738,928,756,520,199,47,14,3453,17,121,397,422,327,302,113,29,7,1731,15,67,135,107,67,45,20,10,3,470
30402,25,99,329,548,634,487,306,170,55,2657,7,27,156,353,489,407,405,208,34,2083,65,106,334,839,865,456,261,109,35,3063,37,112,228,534,573,403,307,134,26,2349,21,58,119,193,186,104,50,31,11,771,26,29,56,107,108,71,44,20,6,464,4,0,0,0,0,5,4,0,0,16,6,3,16,46,44,35,25,15,3,191,31,27,65,84,93,89,76,108,154,736,231,540,1517,3255,3484,2364,1628,865,353,14230,3,75,166,356,360,276,177,69,16,1497,17,41,156,280,205,72,15,4,0,793,11,105,308,699,842,641,378,198,48,3216,17,75,149,240,228,172,108,46,7,1036,4,9,52,102,89,68,49,18,6,393,5,99,306,650,775,507,329,155,29,2857,0,45,215,458,572,584,302,89,19,2290,35,225,668,1272,1162,766,358,132,41,4647,32,155,400,639,636,567,297,104,27,2867,28,125,178,210,168,101,55,25,11,899
30403,30,214,568,544,488,425,273,190,55,2786,10,70,270,286,350,332,382,165,40,1900,90,354,755,944,781,373,242,85,22,3646,54,314,614,637,573,366,328,162,38,3085,27,174,250,215,145,97,52,22,9,1000,41,81,113,111,72,52,36,18,0,527,10,11,7,6,0,0,4,0,0,39,11,25,41,46,36,30,25,23,7,246,81,135,206,145,109,80,102,92,103,1043,384,1692,3562,3635,2991,1958,1580,809,300,16907,21,410,769,342,284,194,130,49,13,2200,35,137,426,231,124,56,15,0,0,1028,13,328,806,544,468,387,209,144,51,2949,7,129,240,180,174,132,76,40,10,981,8,42,136,131,55,46,33,10,3,464,11,245,687,590,608,459,288,153,56,3090,7,88,375,316,389,470,225,101,33,1999,91,801,1433,1079,826,552,236,100,45,5161,32,431,970,758,623,593,314,121,22,3863,39,268,375,203,137,92,35,23,7,1174
30404,53,138,541,615,521,405,233,125,52,2686,7,54,266,407,496,371,336,144,42,2115,44,135,632,972,853,460,215,77,23,3422,47,166,529,691,591,334,203,89,16,2667,17,93,246,265,186,89,43,24,7,975,55,92,166,145,143,76,39,24,5,753,5,0,3,5,0,0,0,0,0,18,0,7,25,38,63,22,16,11,6,200,41,63,142,163,103,101,89,86,86,875,285,836,2890,3797,3310,2028,1263,617,258,15275,0,57,165,244,178,117,63,26,3,856,33,52,248,294,147,62,10,0,0,853,24,204,572,647,601,506,318,175,52,3098,16,121,275,311,243,175,117,59,16,1341,12,23,85,100,75,28,16,3,4,351,16,150,476,600,571,326,177,94,37,2445,3,57,282,473,493,475,224,80,35,2123,65,320,1032,1229,902,526,216,116,19,4423,62,238,640,740,475,383,182,52,15,2794,36,135,351,281,145,80,42,20,10,1098
30501,23,400,1618,728,519,473,262,111,35,4168,6,86,446,313,354,378,361,136,20,2101,87,886,2677,1620,1127,678,282,75,20,7450,63,553,1842,956,754,549,317,93,17,5148,66,435,901,448,289,146,76,20,11,2384,66,267,534,220,139,101,54,20,10,1404,12,28,9,4,5,3,7,0,0,67,5,52,115,98,69,43,32,13,4,430,190,452,1102,565,334,271,224,171,126,3432,540,3654,10935,5840,4022,2907,1735,664,250,30553,9,229,678,256,169,132,57,19,5,1552,24,131,796,325,130,70,12,0,0,1488,20,289,1419,731,570,477,227,86,36,3865,9,155,560,319,218,149,82,30,12,1535,0,34,172,79,64,26,16,5,0,392,4,245,1183,607,517,379,171,69,32,3216,3,65,435,286,330,394,181,60,17,1775,88,893,3121,1438,944,679,223,59,25,7474,40,494,1848,926,709,591,214,64,15,4894,41,438,1122,451,195,125,52,19,10,2458
30502,15,206,630,478,387,348,134,42,16,2260,0,30,240,269,323,297,173,53,21,1404,55,248,882,1071,844,398,164,41,8,3708,14,177,574,599,455,279,136,39,4,2272,14,136,325,241,165,86,23,16,7,1020,23,67,195,146,106,67,34,15,5,641,3,0,4,0,0,0,0,0,0,15,0,10,46,52,46,35,11,5,0,204,53,96,247,190,139,121,76,48,39,1016,179,1087,3510,3457,2775,1763,804,274,88,13934,0,64,206,162,105,56,21,4,0,622,7,50,288,207,88,38,3,0,0,674,9,177,709,633,523,331,144,93,22,2635,3,86,398,274,214,120,57,26,8,1187,4,20,84,76,40,30,6,7,0,268,3,126,575,511,428,223,85,40,12,2012,0,43,297,335,359,260,98,26,9,1433,34,401,1586,1478,774,398,108,26,12,4817,9,200,867,709,411,244,72,27,3,2547,18,171,458,263,128,71,16,8,0,1134
30503,45,548,1820,1106,902,741,374,197,49,5779,21,114,489,502,604,521,407,189,55,2888,105,711,2536,2024,1658,851,370,106,34,8401,41,496,1552,1132,937,567,366,125,19,5242,45,426,905,485,326,156,69,23,15,2446,58,245,442,226,213,149,69,31,9,1439,3,12,15,3,4,4,0,0,0,54,6,31,100,83,101,46,47,19,4,453,96,346,690,418,284,237,175,169,134,2548,440,3261,9817,6843,5566,3595,1999,891,344,32755,0,173,491,363,224,135,60,21,5,1489,36,133,641,393,207,75,12,0,0,1495,17,295,1251,990,839,590,341,155,37,4504,11,175,541,465,383,255,141,63,15,2053,7,31,180,121,88,62,20,9,0,516,15,364,1439,1269,1038,569,344,168,61,5274,0,102,538,615,640,551,230,93,26,2807,97,917,2960,2540,1575,875,308,112,45,9427,46,446,1583,1294,932,604,251,80,17,5265,44,435,877,488,250,128,52,26,7,2310
30504,20,291,845,675,635,503,238,116,33,3357,6,72,317,347,399,384,402,134,17,2083,78,409,1027,1050,1023,498,216,69,21,4386,42,334,873,808,698,485,310,88,19,3659,18,258,525,345,295,146,66,33,8,1690,30,120,156,97,114,75,35,16,0,633,9,6,3,0,0,0,3,0,0,24,0,31,60,68,73,52,26,15,6,333,54,122,261,159,132,92,77,88,57,1048,273,1944,4779,4106,3761,2439,1497,584,166,19555,6,201,481,322,245,158,78,26,3,1528,20,96,434,274,156,57,15,0,0,1051,13,305,905,705,560,392,200,99,39,3220,7,159,459,340,258,191,94,38,12,1561,5,38,133,101,72,48,17,9,3,423,6,329,975,869,758,445,198,107,27,3706,6,83,432,421,518,536,224,62,20,2299,58,720,2019,1655,1092,591,195,78,28,6436,39,395,1390,1077,763,664,237,71,11,4648,42,383,818,435,242,125,40,19,5,2113
30601,23,140,642,726,711,591,281,92,20,3227,4,52,308,469,500,416,297,64,12,2117,36,125,548,825,840,608,279,75,11,3351,55,111,430,626,632,472,233,73,6,2637,10,23,98,145,108,75,47,11,4,527,54,92,222,272,293,141,98,19,3,1199,6,3,0,0,3,3,0,0,0,13,3,0,26,50,45,35,24,5,0,192,97,115,248,288,307,233,177,126,63,1653,310,717,2754,3695,3688,2743,1530,501,127,16064,0,25,148,162,147,63,37,3,3,596,26,22,77,87,64,29,12,0,0,317,20,172,563,876,983,686,358,111,34,3808,27,94,253,380,386,276,121,39,7,1589,8,32,120,135,111,50,17,5,0,487,7,88,409,636,674,395,136,45,4,2394,7,44,281,442,513,409,134,29,5,1866,84,211,748,991,843,477,199,33,10,3594,53,110,468,663,532,337,133,17,7,2321,11,43,143,150,107,76,32,12,3,570
30602,33,289,1146,808,742,616,400,153,38,4224,14,81,499,640,683,522,375,138,35,2986,78,341,1292,1373,1151,802,387,103,28,5554,68,288,948,1036,977,652,335,97,9,4412,15,63,180,171,129,84,59,25,9,732,131,264,572,450,379,210,97,44,10,2146,4,11,3,7,7,4,4,3,0,40,8,15,42,70,69,43,25,6,5,272,351,441,1102,867,690,612,485,367,229,5147,731,1892,6206,5795,5159,3731,2252,981,368,27117,0,40,179,185,134,95,39,17,10,702,22,64,199,160,82,39,7,0,0,576,72,421,1298,1494,1401,1121,648,227,48,6729,35,199,472,576,532,415,247,91,14,2585,9,51,192,178,145,72,27,16,0,699,24,195,772,780,768,499,232,99,38,3412,16,72,535,633,638,523,197,73,24,2704,167,557,1674,1519,1133,694,224,72,22,6051,89,284,1019,999,694,466,153,45,4,3755,28,87,253,200,135,91,36,13,9,853
30603,16,44,158,151,164,247,153,79,18,1040,4,42,132,197,212,207,150,65,10,1015,19,62,279,265,279,267,139,35,4,1349,28,49,173,196,209,251,118,19,0,1049,0,7,39,31,22,24,16,0,4,155,32,61,137,101,105,91,44,6,3,576,5,0,0,0,0,3,0,0,0,14,3,4,19,19,19,13,11,3,0,83,138,96,251,244,274,260,240,159,65,1736,262,385,1290,1306,1369,1455,920,379,117,7477,5,10,27,47,40,49,16,3,0,199,5,3,19,17,14,6,4,0,0,75,31,152,334,444,645,527,304,136,26,2594,21,78,144,207,263,204,116,52,9,1087,9,26,109,106,92,58,27,9,0,428,5,28,123,182,260,188,102,36,16,936,4,29,137,189,237,202,116,34,3,959,50,110,235,276,273,211,87,29,10,1272,24,61,157,195,207,153,53,13,6,873,0,9,29,37,24,32,24,8,0,163
30604,0,17,58,75,70,105,60,23,9,417,0,7,49,56,66,65,59,15,5,326,8,20,121,118,109,102,61,16,3,564,8,16,72,93,77,85,48,14,0,411,3,11,54,25,21,29,13,5,0,160,13,11,88,84,77,45,27,11,0,359,0,0,0,0,0,0,0,0,0,0,0,0,0,6,10,10,10,0,0,41,43,40,150,99,99,124,101,58,12,731,74,134,641,605,591,608,409,147,33,3247,0,4,23,38,22,30,12,0,0,123,0,3,3,11,5,7,3,0,0,27,3,37,112,165,194,167,94,36,7,814,6,19,62,72,103,64,32,12,0,373,0,12,43,48,27,28,13,0,0,177,0,8,59,67,90,64,36,19,3,344,4,9,39,85,59,89,34,11,0,323,14,39,150,146,118,100,53,12,0,637,6,24,78,69,82,70,31,3,0,364,3,5,32,48,41,28,8,0,0,159
30605,13,59,245,256,305,315,303,119,33,1655,5,28,180,255,324,284,247,112,25,1462,29,65,283,372,383,367,181,51,6,1738,23,45,237,256,316,351,184,64,3,1478,5,17,46,45,67,62,36,26,0,298,28,64,117,135,125,105,59,23,3,663,0,0,0,0,0,0,3,0,0,14,3,0,23,14,32,24,14,7,0,115,166,130,331,294,301,324,340,235,151,2273,293,448,1591,1791,2005,1969,1455,677,226,10449,0,3,39,81,72,86,57,13,3,356,11,13,27,26,29,24,3,0,0,127,34,113,324,498,611,596,429,187,30,2824,15,60,142,209,220,222,154,51,13,1081,25,38,126,146,137,98,68,19,3,650,9,38,139,247,366,320,178,90,21,1418,0,32,168,279,308,330,196,39,10,1364,58,118,321,390,346,263,140,32,12,1673,32,65,180,266,301,249,106,14,7,1224,8,18,46,71,62,54,41,12,4,313
30701,12,111,307,259,271,287,133,86,19,1498,11,101,302,293,263,184,153,57,8,1376,34,127,439,469,359,253,90,22,6,1793,34,92,245,250,233,212,108,21,6,1197,0,15,52,27,24,16,8,3,0,149,45,55,194,156,121,71,36,9,0,684,5,6,3,0,0,4,0,0,0,16,3,3,24,20,14,11,3,0,0,87,163,161,391,327,335,307,249,223,128,2277,328,746,2175,1972,1733,1440,824,429,167,9813,0,10,57,43,17,12,12,3,0,156,10,14,17,17,24,13,3,0,0,93,42,234,576,523,494,342,161,56,12,2434,14,70,170,169,152,127,71,27,8,815,51,118,397,351,239,144,37,22,0,1357,8,79,266,329,346,241,112,38,21,1437,0,101,356,285,234,230,85,26,11,1326,55,147,523,474,313,184,64,17,3,1788,37,98,251,255,208,164,57,15,0,1082,6,13,46,37,24,18,6,10,0,158
30702,19,94,253,238,239,294,169,87,30,1419,8,57,172,228,287,212,161,76,16,1217,66,117,350,389,394,282,123,33,4,1768,31,97,224,243,285,272,114,30,3,1300,5,10,38,31,28,31,20,11,0,166,41,104,195,144,119,80,40,14,0,742,16,4,3,0,6,0,0,0,0,32,7,4,18,14,21,15,13,6,0,84,146,98,228,235,269,260,225,241,182,1886,366,644,1620,1706,1795,1534,926,508,241,9332,0,9,32,30,29,29,14,0,0,146,9,11,26,20,18,8,8,0,0,103,58,236,523,574,547,431,239,105,17,2726,14,58,133,139,143,127,67,26,4,715,25,60,218,225,160,102,35,10,9,853,0,51,147,241,286,207,143,58,22,1157,4,34,202,284,258,219,127,38,7,1179,53,135,395,407,327,229,74,26,4,1659,32,90,193,221,228,159,63,23,0,1009,4,11,32,32,36,24,20,3,4,164
30703,11,65,223,206,273,365,301,123,37,1605,0,32,164,249,278,289,237,113,14,1377,44,92,269,334,381,319,183,57,7,1692,27,81,221,247,315,307,195,55,4,1457,4,15,33,45,44,42,38,8,0,224,52,64,201,141,142,75,53,11,0,744,3,0,3,0,0,0,4,3,0,12,0,0,8,9,21,16,12,3,0,83,117,83,170,205,250,292,311,254,124,1798,280,487,1393,1570,1822,1811,1425,647,202,9643,0,8,31,54,41,59,23,6,0,224,13,19,32,22,22,24,11,0,0,144,42,140,291,361,458,466,322,118,32,2223,11,62,117,144,166,170,113,43,12,834,26,38,125,146,154,83,55,24,5,660,11,45,147,225,341,316,198,80,19,1384,4,24,184,240,307,350,176,55,18,1350,67,144,346,429,361,251,122,46,14,1784,23,83,180,242,262,237,107,37,4,1166,3,13,41,43,32,52,25,10,12,225
30801,9,48,202,153,107,113,50,21,3,705,0,65,222,221,167,123,42,14,3,868,24,89,303,319,250,132,48,8,3,1171,9,50,171,183,113,97,37,5,0,668,0,9,28,31,14,10,7,0,0,93,35,56,142,121,79,37,12,3,0,483,4,4,5,0,0,0,0,0,0,18,3,3,9,13,9,13,3,0,0,53,92,95,237,235,187,177,113,69,32,1236,200,471,1491,1442,1009,739,323,127,49,5841,0,8,51,33,33,10,0,0,0,144,5,11,36,20,5,7,0,0,0,91,31,277,872,778,571,347,110,23,3,3010,10,80,172,137,123,87,27,9,3,649,67,60,186,148,63,40,11,3,0,572,3,51,164,169,171,95,36,7,3,697,0,63,298,206,158,110,24,4,0,866,36,132,425,344,218,107,17,3,0,1282,16,66,192,162,121,71,17,3,0,639,3,15,44,25,21,7,6,0,0,120
30803,69,336,1034,854,806,851,452,229,54,4686,10,147,552,807,743,685,457,159,35,3606,82,306,1185,1284,1059,814,360,93,19,5207,106,323,841,930,815,801,390,95,18,4314,16,51,135,133,96,70,26,14,11,538,105,253,533,436,364,221,112,35,9,2072,24,7,0,9,4,10,0,0,0,53,11,15,56,59,67,46,35,12,6,302,307,353,633,642,595,547,491,491,327,4393,769,1912,5371,5566,4856,4275,2407,1174,490,26815,0,56,141,151,152,109,60,11,3,690,26,72,213,169,98,61,13,0,0,657,103,632,1533,1627,1791,1439,787,377,71,8361,51,232,483,528,586,476,259,131,20,2751,20,68,222,220,181,104,32,20,5,891,18,241,734,806,970,686,319,135,30,3941,6,105,645,702,806,633,291,102,29,3314,206,546,1302,1264,1097,715,225,84,18,5457,110,266,727,707,718,528,182,48,6,3280,8,82,189,151,103,82,33,14,10,661
30804,9,22,84,68,58,75,45,16,8,381,0,35,81,100,79,76,50,19,9,451,15,57,148,148,87,56,21,5,0,537,9,20,64,60,59,48,19,6,0,286,0,3,7,10,7,10,5,0,0,35,13,34,68,38,40,13,9,5,0,218,0,0,4,0,0,0,0,0,0,5,0,3,0,5,4,3,0,0,0,14,66,58,122,122,123,113,97,82,54,831,119,268,647,624,511,414,247,126,71,3023,0,4,23,15,9,11,4,0,0,71,9,6,4,5,6,5,0,0,0,35,21,130,359,273,255,161,60,21,5,1289,3,22,40,49,46,44,11,7,0,217,10,23,80,70,45,21,10,7,0,276,0,18,52,72,110,65,31,3,0,352,0,33,124,95,79,68,25,8,0,437,26,68,168,110,97,65,11,5,0,541,7,12,105,86,62,40,12,0,0,324,0,7,10,11,3,0,4,0,0,32
30805,27,96,362,339,366,339,168,69,18,1774,6,68,337,463,500,303,180,70,11,1936,125,212,713,797,631,471,180,40,10,3181,42,116,376,437,438,338,118,28,3,1890,4,12,70,70,39,33,11,6,4,248,55,140,298,251,218,122,50,18,3,1152,0,5,4,5,3,0,3,0,0,16,3,11,31,38,33,22,12,5,0,144,139,117,337,335,349,309,221,151,84,2038,420,863,2814,3005,2807,2070,994,399,134,13505,0,19,79,102,79,55,19,4,0,352,12,18,86,62,42,18,5,0,0,246,92,520,1531,1630,1525,1026,440,151,23,6928,20,160,326,397,362,317,131,51,3,1768,4,30,96,114,70,43,19,8,0,380,6,79,252,339,389,220,120,29,8,1424,6,87,380,419,352,245,119,34,3,1632,94,278,807,764,593,336,104,21,0,3000,20,110,295,364,288,165,61,4,0,1316,6,23,75,68,44,29,11,3,0,266
30901,19,193,896,632,485,441,314,133,36,3144,6,81,394,400,436,433,373,114,24,2257,105,291,1094,1075,956,670,400,137,39,4771,45,236,676,564,534,410,223,70,12,2771,17,99,407,294,142,78,44,19,11,1109,47,154,381,311,270,189,169,75,13,1607,0,0,7,8,4,0,5,0,0,29,0,8,54,46,41,23,20,14,8,223,87,194,574,371,304,324,274,299,214,2631,338,1357,4812,3967,3364,2743,1921,879,362,19743,0,47,111,89,70,53,29,10,6,419,23,46,171,96,63,37,3,0,0,439,27,191,590,531,576,631,494,305,100,3445,17,183,586,523,465,354,199,93,17,2439,6,27,107,76,71,52,23,12,0,368,17,189,658,527,460,369,222,128,27,2590,0,68,411,379,414,459,215,70,31,2043,72,457,1402,1190,848,710,337,168,51,5239,54,240,680,568,449,366,150,55,11,2572,30,206,418,211,116,75,44,23,6,1130
30902,25,159,742,601,438,451,300,108,38,2857,11,69,326,446,437,398,325,124,25,2170,102,216,698,765,689,560,365,97,28,3515,45,167,490,534,500,441,232,64,13,2488,21,68,317,251,121,62,37,26,3,906,66,133,272,266,246,175,114,52,6,1332,0,4,0,0,0,7,4,0,0,13,6,12,36,43,31,40,21,7,4,192,77,106,313,284,261,231,216,269,256,2019,360,996,3427,3430,2871,2471,1712,782,380,16431,0,25,66,79,57,62,27,15,5,330,11,14,75,91,55,34,10,4,0,290,25,161,469,533,694,642,426,263,74,3297,35,110,431,476,435,346,202,111,33,2195,3,36,105,113,65,45,27,12,3,415,15,112,421,425,537,375,173,81,28,2161,0,50,336,400,421,357,182,85,27,1863,70,281,788,734,688,531,282,142,45,3563,66,148,459,485,441,339,116,43,10,2103,26,92,249,160,94,71,50,15,3,762
30903,15,224,601,541,537,583,414,190,53,3157,6,76,254,331,427,378,370,164,30,2029,139,245,744,885,906,782,607,220,57,4570,42,187,507,541,599,535,360,110,21,2896,19,74,183,142,133,81,53,39,12,728,53,122,305,276,305,222,231,112,19,1653,4,10,8,0,9,3,5,5,0,34,5,7,21,39,52,47,25,17,5,227,122,153,342,332,374,359,452,469,320,2919,424,1177,3229,3310,3561,3166,2652,1369,517,19406,0,46,98,74,90,65,47,13,6,452,20,52,151,123,82,48,6,0,0,481,26,173,526,656,719,768,681,345,119,4010,22,135,351,401,418,363,253,137,32,2115,11,29,91,87,77,46,23,17,3,392,27,161,448,474,485,415,240,106,28,2383,5,47,270,398,352,331,243,67,16,1741,112,410,1114,985,842,749,429,166,53,4867,60,229,568,553,481,354,177,59,18,2493,26,100,230,172,90,81,47,31,8,792
30904,23,42,121,180,200,194,156,48,9,974,0,18,59,128,166,173,166,54,9,774,89,50,121,212,254,212,116,45,6,1112,27,32,101,179,189,191,109,33,3,867,12,29,52,58,68,45,32,22,3,312,16,16,65,77,87,82,35,10,5,400,0,0,0,4,0,0,0,0,0,5,4,0,11,15,19,17,9,8,0,80,51,32,74,120,112,105,90,76,22,692,226,235,672,1053,1200,1116,757,316,70,5644,0,8,24,40,42,42,25,10,4,200,4,8,22,33,23,22,13,3,0,121,0,43,117,278,302,292,208,80,17,1341,3,24,64,158,179,156,89,28,0,711,9,14,54,74,64,43,17,13,3,290,3,11,82,174,216,196,101,38,7,831,0,9,82,161,168,190,100,33,12,755,13,48,132,263,277,220,125,26,6,1104,12,27,108,176,181,176,91,27,8,802,8,18,40,91,76,57,26,11,0,330
30905,18,83,283,417,404,269,182,45,16,1714,10,47,146,323,347,221,133,48,11,1279,61,110,329,597,547,343,162,58,10,2215,35,99,236,347,344,225,130,18,3,1440,20,47,103,120,84,42,29,11,8,460,40,81,137,187,164,92,69,23,3,796,4,3,0,0,0,0,0,0,0,12,0,3,19,30,33,19,9,4,0,117,47,53,125,182,154,106,80,74,60,890,248,555,1451,2355,2232,1429,840,307,119,9530,0,12,38,49,61,51,16,8,0,230,11,27,62,77,47,24,5,0,0,248,24,73,267,409,513,366,243,79,19,1996,19,70,192,350,305,201,91,44,3,1279,11,27,50,70,74,33,10,5,3,275,16,39,189,402,404,243,89,24,4,1406,3,19,186,304,273,232,70,20,4,1102,62,145,443,663,528,334,157,43,7,2375,47,91,274,395,300,189,60,11,5,1369,14,55,114,100,80,44,25,10,3,434
30906,33,181,650,663,554,512,287,114,40,3031,10,74,324,491,477,334,248,87,23,2079,157,211,752,1043,943,629,341,117,20,4219,73,178,585,681,703,451,242,56,8,2984,30,87,204,156,125,69,39,21,8,731,89,117,394,376,344,194,138,56,12,1712,6,5,9,6,0,6,0,0,0,24,7,11,41,47,23,16,22,8,4,170,115,107,283,303,282,190,213,234,174,1896,544,1045,3474,4033,3642,2556,1602,722,291,17913,4,38,83,69,77,53,25,8,5,361,29,41,149,157,85,42,4,0,0,509,41,202,656,902,955,744,490,186,53,4228,22,137,410,554,490,375,211,73,10,2276,17,24,98,140,85,44,21,7,0,445,25,112,368,582,572,360,177,79,27,2295,11,49,308,468,384,328,141,43,14,1740,137,348,1109,1184,844,570,248,88,24,4559,82,246,632,663,520,310,123,33,5,2605,29,113,219,168,113,66,33,18,0,762
30907,83,492,1630,1353,1128,795,485,160,30,6155,27,188,888,1247,946,564,378,127,26,4401,336,559,2100,2538,2100,1287,659,189,31,9800,183,514,1506,1524,1333,810,373,92,3,6336,70,208,412,361,234,100,81,24,5,1492,183,471,1114,879,642,354,205,48,13,3909,13,7,9,8,5,6,7,5,0,63,18,34,85,98,82,47,35,15,4,403,334,361,949,825,671,436,334,285,180,4365,1320,3022,9272,9435,7581,4687,2689,1010,295,39321,5,26,145,164,116,66,37,14,0,572,42,67,269,251,133,41,9,0,0,819,59,335,1250,1588,1488,1132,661,252,59,6830,38,214,749,807,630,439,239,67,11,3205,19,43,168,192,112,62,33,13,0,637,34,168,629,832,710,451,205,72,13,3110,0,88,563,654,504,375,172,39,14,2418,179,524,1896,2050,1452,910,361,122,30,7520,122,329,1052,1035,653,403,156,30,3,3780,54,148,299,261,130,83,38,14,3,1031
30908,28,214,600,528,458,340,205,103,40,2528,7,68,274,375,338,249,192,87,18,1611,110,248,752,947,803,532,324,130,32,3884,59,202,492,547,487,357,195,71,5,2417,12,90,218,168,106,41,39,13,0,702,41,109,254,288,246,140,102,50,12,1226,0,6,0,8,0,0,0,4,0,18,5,8,20,35,32,16,13,13,5,152,72,122,264,204,209,135,188,277,337,1807,346,1155,3121,3320,2845,1938,1339,764,462,15294,4,53,80,64,58,53,23,8,0,346,14,44,172,125,71,38,3,3,0,474,17,128,328,435,535,433,312,171,49,2403,16,129,283,319,261,188,140,51,11,1397,11,21,60,70,47,27,15,3,0,251,17,118,387,372,431,274,135,53,19,1802,6,53,269,278,300,237,122,56,10,1335,110,369,1025,943,770,587,309,123,35,4270,75,276,594,486,374,282,110,36,12,2240,28,140,225,149,83,55,36,19,6,744
30909,23,334,893,541,474,418,254,121,42,3101,5,70,246,292,358,258,212,127,31,1598,161,325,998,872,733,577,308,118,39,4126,57,268,604,547,513,451,245,91,21,2802,17,121,210,172,128,79,35,24,5,792,53,218,383,302,247,179,132,55,16,1588,4,10,13,4,4,6,0,0,0,44,9,11,34,43,39,37,23,13,4,214,153,280,476,364,325,290,273,341,376,2878,512,1834,4267,3382,3029,2419,1579,940,546,18509,13,145,177,85,77,54,28,6,6,587,30,63,230,145,95,19,7,0,0,589,25,169,554,529,617,520,349,172,56,2996,23,132,310,343,306,288,183,66,23,1680,7,29,81,85,59,32,22,3,4,327,16,295,628,516,532,376,174,87,38,2656,6,54,293,336,328,291,156,61,34,1554,108,587,1301,942,741,483,271,100,42,4586,49,254,563,533,426,283,123,42,12,2273,46,140,267,198,113,72,32,30,8,899
30910,14,109,428,300,301,322,269,113,24,1875,0,39,167,177,191,230,223,120,20,1171,68,238,777,669,643,535,328,125,24,3406,20,150,354,359,333,306,218,66,14,1816,8,68,174,125,100,63,40,21,4,613,21,122,272,185,163,133,120,59,9,1086,0,0,6,4,3,0,0,4,0,19,0,15,39,31,30,39,23,6,5,183,97,220,546,359,313,349,300,211,87,2481,240,1011,3065,2379,2219,2090,1600,756,191,13560,3,53,77,46,43,50,33,12,3,329,5,38,120,74,55,19,8,0,0,324,16,106,327,255,321,362,305,143,46,1889,13,88,214,234,243,167,141,57,13,1174,0,25,35,33,31,27,17,3,3,179,9,138,319,250,323,281,144,69,16,1550,8,26,179,146,194,240,152,46,6,995,50,387,1049,707,604,552,296,117,32,3809,34,188,435,300,290,250,107,46,12,1662,15,93,212,137,81,71,35,21,12,678
31001,63,240,781,546,377,308,177,107,36,2635,10,83,352,409,376,259,155,103,28,1778,94,283,1061,1010,704,437,201,74,11,3872,58,250,720,694,552,373,193,68,10,2926,24,79,192,132,92,37,26,14,0,598,72,149,312,246,189,99,57,21,7,1148,17,7,3,6,6,3,5,8,0,51,8,17,55,74,44,33,14,5,3,255,158,180,521,436,300,249,213,179,94,2322,519,1413,4437,4013,2909,1965,1127,597,209,17192,0,42,210,221,127,83,23,15,9,728,51,72,358,249,116,35,3,0,0,881,48,215,789,876,785,498,329,141,52,3734,22,90,235,203,174,151,101,50,14,1038,7,17,69,82,57,33,23,4,3,294,10,140,471,428,340,226,130,64,26,1832,0,51,305,353,284,222,123,43,15,1395,127,448,1326,1026,673,372,149,53,26,4205,52,231,687,619,440,250,107,52,8,2454,24,86,199,153,70,39,25,14,6,607
31002,48,106,371,431,426,418,322,123,22,2262,3,52,262,389,382,354,259,86,18,1790,96,179,487,641,641,548,259,53,12,2929,64,148,461,517,601,514,240,69,4,2626,21,19,75,75,59,50,33,19,4,357,102,155,284,234,211,157,89,23,0,1256,7,0,5,0,0,5,0,0,0,25,4,8,22,51,43,32,17,10,0,182,204,151,336,295,379,361,345,288,158,2523,589,926,2522,2844,2959,2633,1689,694,222,15078,0,10,62,80,50,46,28,3,7,283,17,22,44,55,39,29,9,0,0,223,58,215,599,820,949,880,504,150,30,4199,16,81,184,245,274,271,175,46,8,1296,38,74,156,194,148,84,35,15,4,746,9,68,196,281,386,371,194,61,13,1574,3,40,214,322,345,343,174,37,9,1483,70,166,523,589,567,395,146,45,7,2510,41,131,374,421,444,334,131,27,5,1905,18,28,51,72,71,54,36,13,0,346
31003,82,280,1058,863,755,673,404,170,51,4336,18,148,693,818,716,600,357,140,28,3512,140,388,1404,1460,1164,812,318,82,20,5790,107,405,1192,1122,1055,836,415,93,16,5229,34,90,241,203,162,63,44,21,11,866,203,319,661,465,325,177,97,31,7,2292,22,8,7,15,6,0,4,3,6,69,9,21,66,64,62,48,18,9,3,303,246,267,608,556,447,363,330,358,258,3434,908,2076,6375,5965,5053,3791,2091,940,404,27594,3,51,173,167,137,105,33,7,0,681,66,86,222,178,121,33,16,0,0,728,66,472,1319,1437,1520,1180,738,374,66,7174,38,220,443,437,415,334,205,94,24,2211,12,55,166,156,106,70,27,7,0,594,22,214,591,721,729,517,255,100,14,3172,3,105,503,612,648,520,235,71,22,2719,173,553,1378,1305,1103,581,197,84,19,5392,97,361,925,892,836,526,180,47,9,3865,37,108,246,169,92,75,28,11,0,778
31004,99,295,1071,951,599,391,204,65,9,3672,7,109,642,735,524,313,173,38,0,2549,142,418,1556,1734,1062,559,213,52,11,5750,116,379,1229,1207,825,488,182,38,6,4465,22,101,236,177,93,35,24,11,0,697,150,291,598,453,222,115,55,16,0,1902,36,12,15,0,4,0,3,3,0,74,23,19,67,94,45,34,17,3,0,302,242,293,674,602,361,251,172,97,36,2726,867,2060,6658,6574,4018,2349,1107,352,67,24047,0,49,184,111,77,43,15,3,0,488,42,60,346,186,93,32,3,0,0,766,50,329,1128,1050,901,605,286,82,11,4455,33,149,364,311,195,171,104,29,9,1359,14,25,99,87,45,30,8,3,0,322,12,111,449,471,380,247,88,24,5,1802,10,76,377,343,274,177,70,20,5,1348,136,491,1496,1113,713,342,101,29,6,4432,63,299,912,647,445,241,62,8,0,2682,33,104,200,127,61,32,14,4,0,582
31101,5,20,80,74,83,90,64,22,9,436,5,15,73,67,83,82,67,27,7,425,15,26,88,144,131,129,61,19,12,629,13,40,73,109,130,91,57,17,0,521,0,6,11,18,12,15,8,5,0,75,10,17,68,63,49,32,26,11,0,273,0,0,0,6,0,0,3,0,0,13,0,4,3,4,6,5,0,0,0,28,33,22,83,82,94,66,82,76,66,597,83,171,506,619,643,540,389,181,92,3224,0,0,10,16,5,6,4,6,0,41,4,10,10,10,9,7,0,0,0,54,9,59,109,132,174,134,103,32,0,741,5,25,46,44,78,60,47,14,0,318,9,20,39,32,27,23,8,8,0,157,5,11,57,63,84,79,48,18,0,365,0,10,48,63,76,76,51,14,4,345,24,45,117,143,122,81,39,17,4,582,3,24,97,101,79,60,28,9,0,405,0,7,13,17,13,10,7,5,3,69
31102,31,125,379,232,248,208,143,63,19,1450,7,64,252,256,221,179,111,43,7,1142,63,166,583,505,414,293,183,83,11,2305,40,159,448,421,403,274,133,33,0,1917,7,46,87,70,44,17,17,12,3,300,53,167,291,168,140,64,45,28,0,962,0,3,7,6,0,5,0,0,0,20,4,8,22,15,12,13,8,7,0,92,147,155,375,307,251,188,174,161,59,1819,377,955,2650,2098,1821,1309,866,450,117,10650,4,16,37,30,24,41,17,3,0,171,19,26,95,75,46,31,8,0,0,306,25,149,406,447,453,473,277,150,27,2409,21,105,258,205,174,152,94,45,12,1074,9,16,74,51,41,21,20,5,0,235,11,51,205,182,222,157,73,44,10,955,6,27,188,156,195,157,59,21,4,810,80,237,620,450,369,270,129,44,12,2197,43,147,400,298,260,193,50,12,0,1399,13,62,95,57,41,39,9,10,0,321
31103,78,241,734,558,382,360,214,52,23,2624,10,118,456,473,471,296,175,47,8,2068,131,371,1254,1147,814,602,247,68,8,4640,109,383,930,931,707,497,203,32,3,3794,24,78,179,99,51,53,26,9,4,511,97,247,528,322,244,122,63,23,3,1662,11,12,12,8,8,5,4,0,0,59,3,28,40,54,37,24,17,6,4,213,263,333,728,583,409,311,279,219,108,3239,776,1947,5227,4510,3332,2410,1289,483,180,20149,0,35,81,99,57,41,9,4,3,332,32,49,247,148,78,33,0,0,0,596,73,343,997,989,1151,886,380,162,25,5003,50,189,397,380,381,272,154,34,6,1872,12,34,100,74,64,35,13,3,0,336,21,96,320,308,401,224,89,39,14,1508,0,74,331,328,321,224,77,24,4,1384,154,510,1240,915,760,399,133,50,10,4173,97,293,742,574,430,239,52,14,7,2446,35,87,157,90,51,45,13,5,5,482
31104,58,156,504,444,371,316,162,49,8,2080,7,68,384,509,392,228,121,40,12,1766,67,206,791,904,721,421,196,37,4,3344,79,207,573,574,497,307,136,31,0,2414,27,52,101,80,52,54,17,5,4,382,84,156,377,260,198,84,58,18,7,1244,5,0,0,0,0,0,0,0,0,19,0,12,22,33,34,19,15,0,0,130,143,110,332,297,257,183,144,78,26,1559,495,1028,3262,3336,2695,1724,904,265,70,13788,0,18,48,57,47,31,10,0,0,224,16,17,38,77,44,11,0,0,0,205,33,165,504,900,799,564,272,61,8,3301,23,68,230,341,265,159,83,23,3,1195,8,24,65,91,63,34,9,7,0,291,6,41,149,304,276,176,61,19,8,1034,4,22,170,280,204,158,63,13,0,921,67,120,457,699,464,274,79,21,0,2193,35,78,278,355,248,140,41,4,0,1179,18,26,61,59,43,22,12,8,0,245
31105,47,180,501,462,390,310,244,122,20,2272,6,79,336,449,382,272,205,91,11,1832,110,199,789,933,648,510,275,75,20,3563,58,212,627,617,540,399,232,56,6,2748,18,61,145,115,68,50,22,10,0,494,87,157,308,245,211,100,74,25,5,1223,11,3,9,0,5,0,0,4,0,24,7,3,37,43,35,28,16,7,0,171,142,172,402,335,271,197,262,245,224,2265,502,1175,3410,3458,2744,1988,1414,656,296,15630,6,31,72,76,64,48,23,4,0,328,47,51,173,129,83,33,4,0,0,516,43,263,706,753,796,816,424,156,38,3993,18,151,414,361,318,286,140,50,11,1753,8,18,79,74,54,32,17,6,0,301,17,123,361,360,370,308,116,41,8,1699,0,69,332,357,356,306,119,27,9,1584,126,374,1004,832,740,455,182,51,14,3773,62,252,624,516,377,266,90,26,3,2211,37,88,176,100,69,43,21,6,4,537
31106,66,189,534,491,404,332,216,92,25,2340,17,85,360,516,429,313,266,80,18,2081,93,238,878,1102,765,455,297,64,21,3916,64,220,716,740,609,482,236,58,12,3138,21,75,171,164,90,53,24,8,4,614,80,142,316,253,199,103,69,28,5,1202,13,6,5,8,0,3,0,4,0,40,6,18,51,56,48,17,18,12,3,224,217,226,612,496,382,257,308,203,124,2824,608,1301,3943,4166,3158,2169,1517,566,226,17663,0,41,166,135,83,88,33,9,0,556,71,79,353,234,114,43,18,0,0,910,66,279,899,893,925,910,536,137,32,4681,45,172,364,367,303,332,173,43,4,1801,15,32,93,97,80,36,22,6,0,382,14,133,455,446,436,365,152,43,13,2051,7,77,415,414,404,412,177,31,13,1948,169,502,1482,1163,786,605,204,48,16,4982,100,305,847,690,553,374,113,27,6,3011,42,107,243,163,81,71,36,5,3,749
31201,8,47,176,160,141,135,84,18,6,775,5,70,222,205,164,102,64,27,7,877,25,84,421,373,251,154,58,20,0,1377,25,76,181,184,132,128,49,18,0,788,0,15,39,22,17,10,5,0,0,114,33,69,195,160,96,53,22,6,0,628,6,0,0,0,0,0,0,0,0,9,4,0,13,15,15,9,0,0,0,51,119,216,508,339,327,303,154,98,31,2082,238,641,1956,1611,1242,954,446,183,47,7320,0,30,74,50,32,16,8,0,0,213,4,17,37,23,11,7,0,0,0,99,48,348,1076,923,756,436,158,58,14,3810,13,61,179,156,150,112,72,17,0,758,11,44,127,96,55,24,10,7,0,375,7,47,179,163,195,107,52,12,9,767,3,58,299,214,134,103,42,14,0,867,50,176,473,364,228,116,28,7,0,1436,20,69,213,200,135,79,24,4,0,745,0,11,42,34,15,8,0,0,0,119
31202,28,309,1106,804,717,709,378,141,44,4232,19,144,529,820,847,604,380,116,39,3503,91,360,1367,1465,1118,785,274,83,9,5547,98,297,728,830,794,679,250,41,7,3735,5,54,146,148,108,62,30,13,4,575,73,231,556,508,403,274,124,35,0,2203,26,4,8,4,0,5,6,0,0,48,11,15,51,44,55,47,14,12,3,242,329,372,850,810,757,618,496,439,262,4937,702,1911,5763,5902,5174,4035,2032,922,382,26824,0,46,148,161,115,81,42,17,0,608,45,48,122,95,80,42,8,4,0,440,155,1046,2844,2914,2721,1741,764,283,59,12522,50,306,690,646,644,537,262,80,17,3232,18,53,225,208,187,71,28,10,6,814,15,223,677,718,939,555,200,90,28,3455,10,94,658,803,783,536,203,83,19,3194,165,583,1580,1360,1143,551,203,61,12,5658,78,236,674,668,601,317,96,25,8,2696,23,82,188,155,103,75,21,5,0,651
31203,8,42,164,146,109,124,91,24,9,725,4,20,123,152,137,99,94,23,0,661,24,92,292,274,249,168,86,14,6,1205,20,55,207,139,149,96,63,16,3,750,3,20,70,59,33,24,11,10,0,234,24,87,192,152,94,71,40,9,0,666,0,0,0,0,0,0,0,0,0,4,3,8,11,14,9,8,5,0,0,62,67,104,283,185,198,183,115,55,19,1203,157,455,1460,1215,1073,829,522,170,39,5915,0,12,18,22,16,25,15,4,3,116,11,10,28,16,6,11,0,0,0,77,13,114,340,395,409,307,160,56,3,1789,10,57,144,175,155,111,60,12,4,734,0,18,54,49,42,25,5,0,0,206,0,26,94,100,140,108,40,8,4,524,4,22,82,109,91,100,46,6,5,464,20,141,340,250,202,142,53,9,0,1160,21,52,149,156,90,81,34,0,0,588,5,21,61,38,31,15,8,4,0,178
31301,24,36,108,156,237,318,354,172,31,1437,0,16,88,157,181,244,275,154,25,1149,35,56,164,276,312,436,405,152,38,1865,25,50,150,228,277,369,309,81,14,1508,0,15,30,33,37,45,45,13,5,223,19,41,126,109,139,138,134,57,5,763,0,0,0,3,0,4,4,0,0,9,0,7,6,15,17,28,18,14,0,111,50,26,87,97,136,197,320,269,171,1354,171,270,806,1149,1438,1885,1952,959,305,8928,0,6,20,33,29,41,57,13,0,204,17,16,27,43,30,30,9,4,0,176,11,45,159,308,375,601,613,308,58,2486,11,44,121,175,200,203,196,99,29,1085,9,17,38,48,52,37,31,16,0,243,6,21,71,158,192,254,201,83,27,1013,0,11,76,140,169,222,214,74,19,913,46,90,223,292,314,361,271,116,22,1734,36,69,151,198,213,231,121,36,4,1063,8,12,25,41,34,28,32,22,4,199
31302,51,225,565,494,465,443,329,129,27,2724,19,107,435,466,375,283,207,77,19,1983,85,284,1015,953,741,548,341,86,12,4072,124,311,889,802,698,559,264,62,8,3716,23,58,129,94,63,41,31,7,0,448,76,234,520,318,240,159,83,24,6,1658,7,3,16,6,5,3,9,0,0,37,8,14,51,40,37,26,13,4,8,199,201,244,522,430,345,285,310,284,227,2842,635,1582,4387,3813,3161,2478,1649,696,308,18715,7,23,62,49,35,31,13,6,3,226,77,45,142,99,62,32,8,0,0,467,43,264,650,718,728,605,388,156,39,3589,38,181,346,328,257,230,144,58,15,1597,27,39,131,124,96,47,25,6,3,491,14,121,302,386,371,322,122,53,16,1715,5,50,258,271,290,229,103,38,11,1251,143,391,878,707,587,359,151,40,16,3266,90,279,560,460,394,314,78,39,5,2203,19,72,110,73,52,34,13,6,0,385
31303,3,32,94,81,95,106,67,22,0,504,4,0,53,86,85,66,66,20,3,381,3,27,121,125,124,111,45,12,4,574,9,32,79,86,122,107,52,14,0,502,0,4,16,26,10,14,3,3,0,73,6,19,54,58,46,29,23,3,0,243,0,0,0,0,0,0,0,0,0,7,0,3,6,3,9,0,5,0,0,27,51,31,70,92,96,82,84,48,29,582,89,153,539,602,628,555,374,137,45,3127,0,3,11,12,8,11,7,0,0,52,5,3,7,15,6,4,0,0,0,49,8,53,116,164,142,177,115,30,9,807,3,18,42,53,70,63,40,10,0,298,15,10,44,41,34,11,13,4,0,168,0,12,37,67,86,78,42,3,4,335,0,4,38,66,67,76,31,0,0,286,17,33,85,90,116,88,35,7,4,461,6,13,57,89,88,68,34,4,0,352,0,0,16,8,11,20,7,3,0,76
31304,55,180,487,490,471,394,270,124,19,2483,13,77,365,520,456,276,195,77,5,1986,79,232,726,980,832,573,294,59,10,3787,112,278,599,693,655,456,222,55,5,3085,24,65,126,92,65,33,27,17,4,460,88,196,390,312,247,126,86,34,7,1476,9,4,6,3,3,0,4,0,0,30,10,12,36,38,38,16,8,5,0,164,143,136,309,310,286,194,219,198,126,1920,565,1248,3245,3655,3252,2190,1399,594,195,16338,5,20,53,83,58,47,22,7,0,301,50,49,138,95,75,42,3,0,0,452,50,221,643,1063,988,785,472,168,33,4427,35,145,303,379,314,275,137,56,20,1666,15,28,89,117,86,50,19,4,4,414,14,79,272,489,448,298,154,38,12,1799,11,48,219,357,292,253,116,25,11,1340,123,279,783,884,744,387,149,44,13,3400,97,215,552,535,424,271,107,9,4,2220,29,58,111,98,59,50,30,16,4,450
31305,47,114,407,488,544,573,452,216,75,2916,11,42,206,345,443,400,464,184,39,2132,39,153,431,728,825,675,450,166,40,3503,65,163,413,573,635,607,392,113,16,2980,16,59,111,124,132,63,41,29,13,568,59,110,225,242,225,172,123,48,3,1220,8,0,3,0,0,0,5,4,0,27,5,8,19,35,47,39,19,10,5,190,101,92,232,264,299,290,310,322,312,2227,369,788,2206,3006,3352,2973,2338,1138,504,16684,12,22,56,86,74,78,29,10,6,373,13,34,105,117,91,48,7,0,0,417,49,163,482,739,833,817,580,291,109,4057,19,108,288,367,344,292,221,108,31,1782,4,19,91,71,69,32,28,11,4,326,10,70,352,485,564,485,273,147,49,2434,3,37,218,307,343,425,236,102,38,1698,109,270,721,830,750,599,276,101,33,3686,86,191,492,549,480,394,175,55,15,2426,25,77,127,137,96,44,47,18,6,574
31401,79,225,825,975,987,737,415,157,36,4438,27,105,438,806,930,689,504,157,32,3690,97,204,871,1519,1561,944,377,90,15,5673,98,277,651,969,911,582,313,62,8,3876,55,126,260,300,226,119,61,24,8,1175,92,148,314,289,307,173,85,31,7,1439,5,6,5,0,5,0,4,3,0,26,7,15,35,77,69,40,18,10,4,281,75,67,191,222,250,158,159,141,54,1318,565,1287,3914,5698,5712,3719,2052,723,174,23837,8,59,162,289,242,150,64,14,0,986,32,64,237,377,244,79,17,0,0,1052,58,278,925,1616,1650,1219,628,146,36,6554,38,208,488,665,566,354,197,52,17,2587,16,35,152,225,135,79,32,10,4,689,21,178,619,1054,992,569,215,78,18,3735,15,64,513,896,882,696,274,56,10,3401,103,393,1341,2170,1704,961,320,77,13,7082,116,257,769,1000,775,514,149,39,8,3620,45,175,253,299,195,118,41,25,5,1148
31402,60,296,976,863,701,401,225,113,23,3663,17,122,559,696,563,287,178,86,16,2532,119,320,1342,1636,1114,631,262,83,19,5533,128,340,1015,1048,763,449,201,50,8,4003,61,122,253,170,97,49,13,4,4,768,111,245,672,420,263,126,53,24,8,1918,8,9,9,10,3,0,0,0,0,42,7,7,72,85,45,25,9,6,0,255,119,152,459,388,250,167,161,166,172,2034,657,1728,5766,5802,4086,2292,1166,567,259,22321,6,22,113,114,50,40,22,3,0,365,22,42,200,190,72,15,7,0,0,555,29,230,738,953,793,544,288,127,46,3758,17,138,333,350,190,180,116,47,8,1375,5,21,106,84,42,26,16,0,3,312,12,110,395,550,398,231,117,44,15,1876,9,51,369,425,252,188,96,31,8,1428,122,336,1154,1123,689,405,133,45,11,4020,58,214,655,584,323,213,66,18,3,2126,36,73,162,124,45,28,17,9,0,503
31403,34,104,339,286,258,196,132,52,15,1416,0,45,220,285,244,173,120,33,7,1137,40,142,526,619,423,326,159,36,10,2291,42,158,410,439,335,278,133,29,3,1827,22,56,104,87,53,19,14,3,0,361,43,80,195,186,124,74,44,6,5,751,8,4,0,0,4,0,0,0,0,18,0,8,25,23,25,6,7,3,0,111,61,92,183,167,147,108,108,77,50,994,264,742,2169,2258,1744,1259,767,243,92,9545,0,14,69,65,42,32,16,0,0,236,21,34,155,118,57,33,8,0,0,429,39,139,561,572,525,449,257,76,27,2651,12,90,244,184,150,143,78,30,3,937,7,13,88,58,52,28,14,3,0,260,10,65,209,222,235,186,69,26,4,1032,0,17,201,228,200,168,72,20,4,921,78,238,791,608,468,311,92,28,0,2615,53,146,473,328,276,175,51,14,0,1529,17,60,117,83,48,24,14,8,0,374
31501,25,48,184,159,147,185,89,11,4,845,15,65,230,195,196,169,69,21,3,953,32,104,283,277,231,137,46,6,0,1123,16,48,170,178,163,135,56,13,0,773,4,5,26,34,19,16,5,0,0,118,18,49,104,69,65,44,19,0,0,358,0,0,0,0,0,0,0,0,0,15,5,0,5,15,17,16,4,5,0,64,186,173,375,291,318,283,171,74,13,1895,311,534,1492,1298,1230,1060,467,137,20,6549,0,0,27,31,25,16,11,0,0,116,3,3,18,12,11,3,0,0,0,57,19,121,283,371,357,272,118,30,9,1584,21,53,155,184,147,137,44,17,4,757,25,46,94,110,77,40,15,0,3,397,4,27,128,205,209,168,43,5,5,797,8,64,235,177,195,129,40,10,5,866,32,75,271,310,223,127,30,10,0,1078,27,66,226,221,172,109,38,11,0,862,6,7,45,43,28,14,13,4,0,163
31502,24,74,268,206,147,136,55,17,4,931,14,81,256,191,134,104,39,13,3,830,24,93,314,272,176,135,27,14,0,1061,20,68,210,185,146,110,41,9,0,786,4,12,30,24,10,7,0,0,0,97,16,45,111,67,66,26,20,0,0,339,0,0,0,0,0,0,0,0,0,4,0,0,6,11,5,11,0,0,0,40,116,147,336,266,247,202,109,65,31,1530,242,588,1711,1351,1007,782,297,137,41,6149,0,24,93,42,26,15,4,3,0,210,12,13,47,16,8,5,0,0,0,105,27,306,891,730,618,359,115,27,9,3079,11,71,167,123,94,80,46,14,0,597,26,54,108,86,54,23,13,0,0,375,11,66,258,192,198,110,42,9,5,889,0,72,269,192,145,92,27,8,0,803,37,162,432,271,246,91,31,3,0,1282,9,74,262,177,147,77,22,5,4,774,0,30,50,21,17,10,0,3,0,128
31503,4,39,131,103,132,154,82,28,10,676,4,53,152,119,97,94,43,15,3,579,11,44,148,154,124,90,34,9,7,624,11,38,84,93,88,103,51,10,0,479,0,8,15,15,8,15,6,5,0,62,21,28,51,53,40,37,14,4,0,251,0,0,0,0,0,0,0,0,0,0,0,4,7,4,5,3,5,0,0,25,59,62,136,129,150,179,121,91,42,977,129,319,810,739,718,709,364,165,62,4023,0,4,23,22,15,7,0,0,0,73,5,0,20,11,3,9,0,0,0,50,32,97,217,167,184,162,86,16,3,966,9,46,80,82,87,65,38,11,0,412,57,77,159,138,131,64,24,10,0,651,8,37,110,153,179,135,59,19,5,710,0,55,210,134,110,77,29,11,3,635,25,68,182,187,133,70,22,8,0,702,19,43,132,99,100,84,23,4,4,498,0,11,22,10,11,6,0,0,0,66
31601,47,168,580,690,680,522,352,216,78,3339,11,48,234,448,523,445,370,191,61,2324,91,175,543,792,824,568,383,162,48,3585,90,169,413,528,560,386,316,88,18,2571,27,78,164,195,130,75,57,23,8,753,72,148,232,250,210,151,105,59,7,1230,14,4,5,0,3,0,4,0,0,30,11,10,25,44,48,24,18,6,0,184,150,132,224,192,182,151,176,205,256,1668,522,1005,2605,3360,3383,2448,1859,1019,491,16690,0,24,67,92,88,58,38,25,9,386,27,35,70,69,53,33,11,3,0,305,37,137,364,554,741,505,406,264,95,3105,23,111,267,378,352,245,166,95,28,1670,4,33,78,81,78,54,31,29,6,388,15,93,279,560,705,417,264,141,59,2538,6,28,220,435,524,387,262,116,29,2008,107,223,602,900,803,486,301,166,54,3648,45,152,334,455,398,353,146,71,24,1965,27,68,131,118,100,63,46,34,4,605
31602,70,265,1148,1019,880,839,603,262,83,5177,16,76,435,703,769,679,561,279,63,3585,104,252,845,1184,1195,966,648,260,59,5510,94,268,677,818,837,752,481,144,24,4097,43,74,222,223,140,98,63,48,10,921,95,190,455,372,407,257,167,79,16,2037,12,9,5,7,3,4,0,4,0,47,9,13,34,65,69,48,31,15,6,291,145,144,399,369,327,351,353,455,340,2879,610,1393,4529,5096,4904,4203,3038,1598,626,25991,0,19,87,90,87,78,52,27,8,448,34,30,87,94,61,51,17,0,0,375,36,180,566,905,1050,908,854,521,148,5168,28,184,523,634,538,442,268,188,48,2857,7,30,136,145,101,77,51,23,10,569,23,119,443,700,707,551,363,178,65,3146,7,54,380,597,567,580,392,145,33,2753,106,322,843,1118,931,763,498,209,63,4861,62,161,538,594,539,450,256,84,14,2700,24,95,222,179,98,66,67,21,8,765
31603,24,210,712,590,531,681,366,181,60,3348,7,48,279,395,465,514,479,192,43,2428,54,196,723,759,788,798,452,145,38,3946,49,177,528,532,560,541,332,91,14,2830,10,65,214,187,137,103,57,11,8,799,53,149,342,249,272,199,160,58,15,1503,6,6,7,4,0,0,0,0,0,21,0,16,48,40,66,31,31,9,4,241,93,146,355,299,319,330,342,317,259,2459,305,1084,3473,3307,3335,3381,2324,1037,457,18701,3,32,101,80,59,66,46,12,3,411,14,29,105,72,42,33,13,3,0,317,27,175,540,574,673,704,456,252,78,3478,13,171,449,494,410,346,194,75,23,2175,7,44,151,118,92,55,27,12,6,497,14,141,539,504,524,364,208,103,28,2425,0,67,322,419,435,493,259,105,19,2115,110,330,860,813,691,633,330,120,31,3911,51,178,539,482,437,348,162,38,10,2250,18,111,253,168,102,108,40,18,3,817
31605,13,63,268,405,448,424,357,164,63,2207,7,22,136,277,365,373,399,190,33,1796,35,75,327,612,655,612,441,175,48,2983,20,64,246,372,457,374,298,96,16,1942,14,33,140,173,172,121,96,44,15,810,29,74,180,218,255,182,113,47,3,1095,4,3,5,0,0,0,0,0,0,20,0,3,15,31,47,31,33,11,0,173,51,55,152,215,205,192,183,248,236,1535,175,432,1555,2497,2806,2459,2031,1020,431,13414,0,9,39,77,59,74,48,21,9,329,11,8,34,59,52,37,15,5,0,215,20,72,174,318,438,498,490,233,62,2299,3,63,177,303,375,292,143,79,26,1468,6,13,62,101,82,56,45,14,3,376,11,35,227,376,422,348,248,133,48,1841,0,17,130,312,354,374,268,83,18,1549,68,108,351,572,601,581,381,156,43,2862,34,79,190,390,330,322,188,46,5,1590,21,44,96,145,133,92,64,33,5,628
31606,31,121,514,520,586,670,452,180,54,3119,11,50,229,411,467,446,438,176,27,2258,64,157,488,614,656,566,366,110,15,3044,52,129,386,501,536,533,358,102,17,2612,30,56,143,156,147,114,82,35,10,785,53,135,268,220,225,169,126,39,7,1241,11,3,0,0,0,4,0,5,0,24,5,6,27,38,40,33,25,20,5,193,115,94,260,278,286,272,269,161,88,1821,388,808,2497,2979,3204,3024,2270,859,242,16269,0,18,39,89,91,101,83,20,3,436,22,31,51,75,75,44,13,3,0,319,30,122,324,593,734,741,582,230,40,3395,26,81,249,380,412,353,185,81,14,1775,19,38,123,195,178,119,71,22,4,770,12,38,207,469,617,507,254,107,25,2240,6,20,174,380,467,510,266,68,19,1905,71,129,390,602,565,509,267,95,22,2649,36,97,302,457,438,445,214,51,9,2046,16,35,127,161,139,122,82,22,0,706
31607,22,99,438,492,494,519,263,140,32,2502,7,29,242,384,391,305,278,110,22,1768,62,104,451,592,571,441,264,84,27,2592,39,104,368,478,429,448,251,64,13,2183,22,47,135,163,107,90,40,20,4,629,53,113,252,210,195,121,59,37,7,1046,10,3,0,3,3,3,0,0,0,22,8,7,18,23,38,21,16,8,0,147,73,74,179,201,205,217,159,176,120,1400,308,635,2238,2723,2597,2288,1391,660,248,13075,0,8,44,47,53,56,31,13,0,251,15,24,47,49,39,24,14,0,0,220,43,98,358,497,580,521,364,147,43,2637,5,87,238,313,301,247,142,55,14,1415,11,32,113,122,119,71,42,19,0,534,8,46,273,414,509,343,161,79,23,1857,0,18,182,294,335,312,177,44,12,1383,86,154,386,516,446,345,141,62,9,2148,37,97,299,368,372,316,110,33,8,1633,17,42,113,115,92,68,33,8,3,489
31608,5,31,116,212,249,288,157,65,8,1136,0,15,59,156,201,225,205,66,6,930,16,27,107,232,292,273,188,42,11,1182,22,26,95,202,264,274,158,27,3,1084,12,11,59,75,75,58,45,26,3,370,22,37,94,107,102,108,51,13,0,534,3,3,0,0,0,0,0,0,0,12,0,0,7,11,23,29,10,0,3,86,38,32,79,107,146,139,110,90,75,816,123,187,671,1197,1473,1514,982,353,113,6615,0,3,13,42,52,47,26,7,0,191,5,4,14,24,28,15,0,0,0,93,13,46,118,266,386,363,241,90,12,1533,5,22,88,158,211,178,107,48,5,820,4,12,46,92,73,45,29,12,3,325,3,19,98,227,295,205,125,36,7,999,0,7,56,156,237,212,102,21,4,804,33,45,125,231,310,283,140,47,9,1221,25,35,106,174,234,222,90,15,5,888,12,19,43,89,103,68,34,12,0,376
31701,134,576,1821,1435,1258,1169,898,457,139,7893,33,220,865,1186,1153,1093,861,390,77,5884,247,567,1901,1817,1611,1158,602,206,46,8160,173,514,1361,1373,1342,1051,588,157,32,6589,19,123,305,257,189,140,79,50,21,1180,253,439,816,552,411,300,161,79,8,3017,13,11,16,8,6,10,6,5,0,73,21,39,102,79,89,58,42,20,14,466,313,368,692,595,526,524,558,585,358,4528,1290,3092,8580,7915,7096,5834,3975,2026,718,40530,8,99,257,261,227,155,95,25,8,1135,64,118,308,209,132,70,17,4,0,914,130,698,1811,1773,1859,1361,836,413,90,8978,64,370,653,669,688,545,322,141,33,3494,55,128,388,426,412,228,131,41,5,1822,36,355,1128,1298,1456,1146,620,267,91,6402,11,158,890,1145,1277,1125,586,212,48,5449,299,906,2101,2020,1610,1016,400,155,43,8558,143,418,1219,1172,1058,759,333,114,29,5252,42,177,341,282,210,120,73,31,10,1287
31801,16,69,218,173,211,219,176,72,24,1182,0,54,203,221,286,237,171,51,21,1233,37,88,256,307,312,196,98,27,9,1332,18,68,180,178,218,243,123,33,3,1062,4,13,30,18,26,14,10,4,0,119,20,55,116,123,108,88,43,6,3,566,9,0,0,0,0,6,0,0,0,20,0,3,12,15,19,12,3,0,0,67,166,136,272,277,301,263,249,229,126,2029,299,548,1385,1443,1578,1353,912,450,189,8166,0,9,43,55,50,49,18,0,0,230,12,16,23,25,12,11,5,0,0,110,50,286,577,690,723,596,356,157,23,3456,15,59,119,139,200,171,150,41,10,892,19,46,106,102,99,46,31,12,5,460,4,58,141,235,254,239,127,53,14,1136,0,53,243,295,275,237,102,50,3,1264,53,125,316,321,284,193,65,32,11,1397,27,61,155,205,222,189,60,7,3,923,7,28,34,29,28,20,14,4,0,162
31802,99,722,2365,1808,1549,1274,694,281,57,8845,43,278,1030,1255,1236,980,664,249,55,5783,194,552,1894,2263,1937,1413,537,139,32,8965,182,623,1707,1750,1661,1281,634,181,23,8047,34,107,284,290,195,133,72,39,15,1173,163,461,924,722,535,360,176,60,13,3412,27,18,13,8,7,7,3,0,3,93,12,40,76,113,83,63,46,20,5,463,488,610,1219,1033,964,740,628,469,316,6469,1279,3698,10444,10032,8759,6676,3664,1512,542,46609,4,206,644,477,389,247,115,21,4,2110,65,198,375,259,165,69,12,0,0,1147,153,1078,3063,3001,2854,2129,1137,433,68,13925,78,429,1012,1005,984,829,374,173,34,4908,34,126,406,313,230,116,56,19,0,1302,49,576,1836,1784,1631,966,401,169,44,7461,11,181,1020,1214,1172,928,416,126,21,5086,307,1004,2777,2573,2095,1145,339,109,38,10390,178,705,1752,1600,1362,882,329,79,21,6907,54,199,426,325,240,134,80,27,10,1481
31901,36,193,700,633,690,720,548,226,63,3810,9,70,318,574,569,561,440,207,26,2776,88,222,717,862,820,720,480,169,10,4089,78,260,651,654,756,751,402,87,8,3660,7,33,99,68,62,60,37,26,3,393,85,185,345,297,257,234,165,62,3,1629,3,6,8,4,0,3,3,3,3,36,7,13,31,34,28,44,28,19,0,198,180,185,452,394,424,488,553,518,262,3448,526,1233,3523,3724,3838,3804,2777,1388,408,21220,0,19,62,102,84,104,57,18,4,452,43,39,126,76,85,44,10,0,0,427,69,260,693,914,1188,1255,1026,442,107,5954,31,149,289,385,500,473,385,140,24,2370,19,50,165,200,171,109,66,31,4,815,21,143,450,631,794,628,312,155,29,3158,3,53,409,605,657,548,355,99,18,2750,186,369,839,863,820,669,291,125,20,4185,57,152,493,570,569,457,160,43,9,2502,13,44,90,88,87,58,57,27,6,458
31902,7,78,236,202,302,323,324,107,24,1614,5,59,181,254,305,306,223,91,17,1447,33,122,321,338,365,349,180,46,7,1752,26,88,251,313,381,391,253,42,5,1753,0,14,30,25,33,36,26,9,0,178,46,89,203,125,143,103,67,17,0,794,6,3,0,3,3,3,5,0,0,24,7,7,19,18,20,21,20,6,4,111,175,131,286,264,355,403,428,318,125,2478,323,654,1650,1701,2033,2069,1601,663,190,10876,0,8,40,53,51,51,18,4,0,215,17,26,32,37,21,27,4,0,0,162,56,141,393,490,616,630,424,135,34,2923,12,60,123,185,213,228,150,57,8,1036,40,60,184,190,138,81,59,19,7,763,7,59,200,271,369,370,201,75,13,1559,3,73,244,297,320,317,169,48,12,1473,73,163,373,411,379,291,124,32,11,1843,40,94,286,337,323,269,100,21,3,1469,4,19,28,46,31,43,22,11,3,198
31903,18,66,265,274,333,478,346,138,33,1943,5,33,171,321,352,382,315,92,15,1680,64,111,376,460,447,515,277,65,7,2329,28,85,302,380,422,424,231,57,8,1946,0,19,59,61,63,51,36,23,0,320,92,115,222,225,214,165,102,26,4,1159,3,0,4,0,3,0,0,0,0,18,0,5,18,18,29,22,27,12,0,130,147,78,248,241,338,324,317,255,112,2062,363,564,1805,2137,2380,2545,1710,699,185,12380,0,3,33,44,52,50,29,7,5,217,12,21,36,35,19,30,8,0,0,161,76,163,400,533,691,743,516,182,21,3323,7,67,171,219,264,272,204,64,15,1282,16,39,116,163,151,94,50,12,0,642,11,36,185,256,392,349,196,66,14,1508,3,35,172,295,388,360,176,39,20,1476,91,146,423,445,425,331,162,52,7,2079,31,86,258,314,328,268,109,31,0,1436,22,19,49,46,49,66,32,9,0,289
31904,16,122,440,459,527,593,480,193,54,2887,7,33,246,411,427,388,352,149,39,2057,47,107,379,514,565,651,501,172,28,2964,52,126,381,493,619,622,385,87,7,2767,12,29,50,60,65,49,41,31,12,344,53,112,231,225,264,198,169,71,16,1339,0,0,0,0,0,6,5,0,0,18,4,4,22,23,31,26,29,19,8,168,117,73,190,210,273,347,443,523,294,2470,305,651,2055,2527,2904,3010,2525,1311,461,15748,0,8,43,47,48,48,30,19,5,245,13,19,49,48,54,36,15,0,0,232,38,129,278,502,676,835,790,333,78,3663,19,75,198,277,316,335,265,120,29,1633,12,26,66,103,94,57,29,16,0,401,7,68,282,463,521,436,288,112,21,2197,0,43,269,388,375,344,230,78,18,1746,106,198,476,589,564,521,313,103,26,2893,53,117,331,449,500,354,150,37,8,1998,12,37,66,71,51,57,47,18,10,371
31905,16,70,179,203,277,424,334,119,29,1657,4,36,136,230,261,298,225,69,17,1263,56,97,272,366,393,436,261,53,7,1940,26,94,235,320,399,491,273,48,0,1888,10,7,31,33,33,44,47,14,3,226,44,86,173,178,157,139,105,30,3,914,0,0,0,3,0,0,3,0,0,10,0,4,9,13,17,26,17,0,0,90,112,90,164,203,225,336,387,271,124,1907,293,524,1267,1649,1881,2308,1754,636,192,10496,0,3,20,35,28,43,27,3,3,159,11,9,37,29,27,27,11,0,0,154,46,157,329,521,656,746,547,205,41,3255,27,53,124,183,218,269,180,65,12,1137,18,21,76,86,85,65,29,10,0,385,5,43,129,213,343,321,192,67,9,1328,5,27,166,260,269,278,150,45,11,1204,74,191,388,437,397,325,155,42,7,2009,34,75,237,312,387,310,105,15,0,1475,11,16,43,35,33,50,22,15,6,227
39797,0,0,0,0,0,0,0,0,0,0,0,0,0,0,0,0,0,0,0,0,0,0,0,0,0,0,0,0,0,5,0,0,0,0,0,0,0,0,0,0,0,0,0,0,0,0,0,0,0,0,0,0,0,0,0,0,0,0,0,0,0,0,0,0,0,0,0,0,0,0,0,0,0,0,0,0,0,0,0,0,0,4,13,5,0,0,0,0,0,24,0,9,13,7,0,4,0,0,0,28,0,0,0,0,0,0,0,0,0,0,0,0,0,0,0,0,0,0,0,0,0,8,12,9,15,5,10,0,0,65,0,5,4,4,8,4,0,4,0,21,0,5,0,0,0,0,0,0,0,3,0,0,0,0,3,0,3,4,0,16,0,0,3,0,8,0,0,0,0,11,0,8,9,3,6,5,0,0,0,29,0,6,4,0,5,5,0,0,0,21,0,0,0,0,0,0,0,0,0,4
39999,4,28,106,63,65,117,67,11,0,470,0,8,51,24,40,75,50,10,3,248,8,51,178,114,116,158,102,3,0,732,5,36,142,108,91,126,64,8,0,579,3,14,73,26,25,10,14,0,0,164,12,29,70,48,33,37,15,4,0,246,7,0,3,0,0,0,0,0,0,8,0,3,6,9,0,8,4,0,0,30,61,135,384,277,233,198,129,35,11,1462,105,325,1099,721,647,778,458,79,13,4217,0,23,51,34,11,32,12,0,0,155,4,8,29,20,19,17,3,0,0,93,10,68,199,154,145,311,196,38,0,1110,4,26,96,59,67,118,61,17,0,437,4,16,40,29,30,33,13,5,0,160,4,29,99,65,94,123,45,11,4,481,3,18,53,41,54,94,45,7,0,313,18,81,198,96,125,144,65,12,0,743,7,65,138,76,81,102,32,3,0,503,0,32,88,30,26,27,12,3,0,213
40101,12,163,458,202,102,156,144,77,22,1332,6,29,98,72,54,115,168,89,16,653,23,327,692,360,204,180,105,31,3,1921,23,131,345,236,167,156,208,76,12,1350,11,112,206,85,54,54,26,22,0,574,5,46,97,44,38,25,23,6,5,291,6,15,9,0,0,0,0,4,0,29,5,19,33,20,21,16,23,7,4,139,82,187,209,92,78,67,87,61,98,967,185,1245,2595,1308,816,850,836,405,163,8399,9,83,225,90,64,52,32,13,3,577,3,46,182,77,41,13,4,0,0,366,4,130,341,184,140,114,68,40,21,1036,3,41,117,54,44,65,32,13,6,374,4,17,31,26,23,18,5,3,3,126,6,182,521,197,159,198,134,72,23,1487,5,32,90,48,102,156,99,35,8,576,50,513,767,308,252,218,89,35,16,2244,11,171,538,271,211,313,146,41,11,1714,10,92,256,105,85,38,34,11,0,639
40102,12,179,724,787,918,912,636,211,74,4456,9,77,424,550,562,570,616,249,43,3102,20,143,640,1035,1047,659,360,120,34,4072,70,220,646,786,887,682,516,153,18,3980,25,81,206,245,203,166,75,33,13,1048,61,98,258,253,225,146,107,33,7,1190,0,0,0,5,4,5,7,0,7,26,0,11,34,62,70,60,37,11,7,298,150,75,228,235,267,269,257,199,127,1809,375,995,3508,4426,4690,3790,2815,1072,340,22010,3,34,150,341,312,265,108,24,10,1247,16,43,134,194,147,90,17,4,0,633,34,219,606,1046,1180,1012,546,233,65,4935,23,120,260,378,382,261,157,73,12,1665,21,72,184,331,304,178,76,24,9,1181,19,127,497,947,1095,877,344,125,38,4066,3,41,261,516,683,942,424,105,27,3003,52,240,819,1322,1166,880,374,105,25,4984,50,210,616,862,925,865,324,71,14,3937,16,97,218,288,258,144,86,26,6,1148
40103,9,125,414,584,606,590,445,283,118,3175,4,41,140,212,299,375,496,247,64,1883,29,114,450,793,737,471,315,137,35,3083,35,108,323,460,497,408,371,162,38,2403,10,51,136,117,130,92,59,24,18,644,18,21,59,67,70,79,72,44,12,433,3,4,0,0,0,3,3,3,0,20,9,4,22,46,47,34,47,30,15,257,27,29,73,76,95,65,91,123,114,695,147,562,1900,2766,2823,2356,2028,1129,434,14132,0,63,157,192,236,241,129,78,28,1126,3,25,140,134,113,63,16,0,0,486,10,102,272,365,533,403,310,205,87,2295,4,58,102,170,175,145,97,48,24,835,0,16,41,56,58,39,27,33,5,272,8,143,486,705,891,705,517,302,104,3873,5,32,139,252,492,705,343,133,60,2163,19,303,716,1038,1065,809,438,191,86,4669,13,181,428,569,635,654,360,143,46,3037,16,111,211,221,195,108,48,34,18,956
40104,9,159,636,505,440,329,243,120,40,2483,3,79,369,356,326,308,297,176,50,1961,18,150,821,989,693,468,211,85,30,3462,15,152,487,543,455,391,216,89,15,2359,11,89,179,153,88,46,38,19,12,628,17,74,178,172,163,130,75,40,11,866,0,6,6,0,3,5,0,0,0,10,0,7,49,57,40,24,29,13,3,227,37,85,161,129,120,110,117,232,152,1143,118,884,3302,3359,2606,1965,1311,818,329,14685,4,53,178,177,121,86,55,24,9,710,5,38,230,176,113,42,12,0,0,618,17,151,456,704,663,472,404,254,64,3177,15,121,182,249,211,146,146,67,21,1152,9,25,59,66,56,29,19,14,4,279,22,144,471,516,446,316,196,103,35,2240,5,54,282,363,383,420,279,83,33,1900,33,327,1053,1031,745,426,251,99,29,4003,20,208,573,544,415,323,165,71,16,2330,6,95,227,154,101,65,33,23,3,703
40105,3,139,546,426,358,370,257,132,52,2282,3,40,225,180,205,265,299,162,45,1417,20,118,594,625,491,333,207,58,17,2462,12,105,415,404,322,320,282,110,25,1998,14,70,199,155,94,71,47,23,7,679,6,35,101,76,97,67,37,16,8,443,0,3,0,0,3,5,0,3,0,10,0,12,37,26,30,34,29,18,4,189,26,51,137,105,88,79,90,103,102,790,89,678,2582,2248,1878,1668,1323,663,289,11408,5,55,214,176,150,122,58,18,9,806,0,38,220,150,62,39,6,0,0,520,6,124,405,383,371,279,174,149,68,1950,6,67,163,202,129,101,70,41,14,796,0,21,101,50,43,30,16,12,0,280,6,154,606,494,476,382,173,93,52,2428,0,42,201,243,314,423,195,84,60,1567,30,307,1090,756,564,430,163,79,37,3459,8,162,617,501,489,453,194,62,31,2514,9,127,343,196,149,77,34,10,3,956
40106,5,117,458,369,302,303,213,71,38,1889,7,24,148,169,195,212,240,69,25,1089,39,100,417,519,413,291,134,40,16,1968,25,67,310,299,239,217,157,60,15,1388,7,56,109,96,75,39,27,24,13,427,13,32,75,81,60,52,28,16,6,363,0,0,0,0,0,5,0,0,0,11,0,8,27,38,15,22,17,9,0,130,25,31,109,73,72,74,74,61,66,582,124,505,1956,1868,1549,1317,958,377,182,8840,0,38,154,135,126,87,24,18,3,598,0,19,168,112,61,33,6,0,0,409,8,104,357,360,322,258,134,101,36,1677,10,45,105,126,119,81,45,36,8,577,0,19,40,51,42,19,7,0,3,191,5,113,394,402,454,316,147,107,29,1963,0,26,146,203,312,359,123,52,24,1237,20,188,671,709,499,297,115,48,21,2572,12,142,360,328,323,317,126,39,12,1662,5,74,186,136,77,52,35,12,9,586
40107,3,143,546,464,432,444,366,164,93,2667,0,29,140,196,259,283,367,180,56,1523,21,95,436,643,551,384,211,73,32,2438,21,104,379,480,400,355,326,113,22,2208,10,71,187,188,123,73,59,21,8,742,12,35,81,67,82,65,50,25,14,418,0,3,0,0,3,3,0,0,0,7,0,4,27,43,49,32,27,8,4,199,9,27,71,75,78,77,94,128,144,707,87,611,2171,2457,2202,1886,1625,757,389,12175,4,63,233,213,193,170,78,23,18,996,4,37,207,111,90,42,0,0,0,497,10,97,372,383,346,310,146,96,59,1814,8,66,160,145,141,144,70,36,13,781,3,18,83,65,52,31,12,14,3,282,5,147,533,592,643,524,249,120,77,2895,0,32,213,261,401,522,229,66,42,1767,23,300,951,1061,781,532,194,74,65,3981,11,156,613,572,583,549,212,73,27,2798,8,142,329,209,138,114,34,14,10,1003
40201,14,96,266,317,293,329,169,69,25,1574,5,41,220,231,208,128,123,50,16,1019,21,82,368,422,459,282,142,48,6,1833,18,117,378,332,409,328,139,36,9,1753,15,30,51,43,20,20,14,15,3,213,32,62,185,142,116,80,38,13,3,687,0,0,4,0,0,5,4,0,0,22,0,6,11,10,10,8,5,6,0,64,58,57,107,113,99,120,116,155,125,958,185,561,1718,1735,1732,1391,783,420,195,8718,0,16,45,59,44,39,9,6,7,219,9,15,55,40,44,17,5,0,0,179,28,111,377,589,562,438,273,153,33,2571,16,58,122,132,110,85,63,34,6,613,12,34,84,68,74,52,16,7,5,345,14,58,177,257,357,197,81,46,11,1198,3,33,142,160,174,193,79,39,3,838,28,140,421,460,401,232,83,37,7,1805,22,119,263,331,270,179,55,25,5,1267,8,22,53,35,31,22,16,3,0,201
40202,28,284,813,549,462,424,232,64,24,2885,11,136,482,368,257,207,131,58,7,1651,57,290,1053,974,673,465,205,68,21,3801,66,340,1214,994,835,636,243,40,5,4376,22,70,141,64,55,30,13,8,3,412,61,220,665,418,219,146,59,19,7,1811,7,6,12,6,6,10,0,0,0,60,10,13,45,47,24,28,14,3,0,194,234,258,623,419,407,330,365,351,208,3202,512,1740,5399,4092,3123,2394,1307,635,292,19493,0,20,71,73,55,34,14,9,5,291,23,61,203,131,84,43,4,0,0,541,61,388,925,1008,1003,781,454,323,67,5005,44,153,244,191,199,175,144,73,11,1239,17,59,120,105,101,52,17,3,0,475,23,150,389,415,441,288,105,51,13,1869,0,49,192,213,186,185,94,48,9,986,102,503,1139,830,663,350,129,69,25,3815,92,395,813,727,565,324,80,14,0,3018,19,73,111,79,56,35,18,3,3,405
40203,15,246,1186,847,476,362,262,102,35,3525,7,69,423,428,315,253,212,108,21,1835,22,222,1416,1369,757,442,226,55,21,4531,34,198,858,750,553,413,243,71,10,3136,10,74,228,156,98,46,30,14,7,660,29,105,338,256,164,96,61,36,10,1098,0,8,6,3,5,3,4,3,0,36,0,8,89,147,45,34,20,7,3,361,104,130,340,278,238,145,177,184,123,1712,234,1279,5791,4911,2923,1946,1332,634,244,19289,0,58,339,227,118,81,28,13,0,866,8,68,514,239,96,29,7,0,0,961,24,250,1033,937,676,593,443,241,92,4295,18,96,235,224,194,147,135,78,24,1147,8,51,115,76,47,41,13,4,0,355,18,191,817,586,462,329,139,65,24,2637,3,53,350,365,282,310,179,47,15,1610,55,427,1700,1134,629,404,158,65,29,4597,40,253,915,643,496,324,130,55,9,2858,6,99,297,176,112,58,20,11,7,774
40204,47,414,1292,1045,784,671,382,141,37,4813,15,158,621,576,465,393,278,102,15,2624,75,381,1626,1751,1176,778,365,97,21,6267,75,442,1373,1380,1048,903,421,82,15,5736,34,107,230,186,87,48,36,15,0,740,79,239,650,579,348,202,119,37,17,2265,0,10,15,16,18,13,9,0,4,95,11,32,112,140,68,44,34,6,6,449,219,232,605,547,441,403,448,444,331,3675,569,2246,7383,6935,4787,3674,2233,995,475,29302,3,85,325,223,130,101,34,11,6,918,24,136,621,318,150,84,14,0,0,1354,82,583,1909,1930,1876,1636,1015,446,99,9568,58,226,450,384,375,361,253,124,21,2250,25,78,204,136,111,66,22,11,3,656,41,292,1001,851,845,507,182,88,12,3818,7,103,472,402,379,376,181,48,11,1980,146,793,2419,1713,1219,755,265,94,21,7419,122,522,1339,1105,980,598,178,30,7,4879,18,140,344,175,99,85,34,13,3,905
40205,31,287,936,888,757,775,527,209,47,4443,12,129,650,684,615,468,467,212,49,3288,53,227,1040,1399,1217,843,455,147,40,5420,64,262,796,914,903,666,416,111,19,4144,31,87,247,228,101,70,53,23,6,846,65,131,385,344,316,220,119,43,11,1639,0,0,3,5,4,11,7,3,0,32,0,12,48,91,57,40,21,19,4,297,87,74,187,213,211,207,232,369,247,1828,356,1327,4723,5304,4517,3512,2434,1196,456,23837,0,66,245,226,196,158,87,28,3,1017,22,99,362,257,182,110,22,9,0,1056,53,384,1166,1532,1629,1616,1064,454,91,7996,40,244,406,464,400,328,280,116,18,2291,17,56,163,148,101,62,38,16,0,606,17,231,698,902,1010,730,296,125,27,4034,7,98,534,545,556,738,364,116,27,2989,103,521,1654,1731,1482,1068,441,154,42,7201,62,368,965,966,837,622,216,78,20,4122,27,160,269,200,127,92,63,17,4,962
40301,5,114,378,356,324,444,326,169,84,2201,4,27,170,194,244,285,383,139,43,1483,16,90,326,504,512,436,272,98,42,2294,22,77,298,356,324,346,259,106,21,1804,14,46,77,91,74,48,32,18,14,408,6,44,108,100,110,83,91,39,12,589,0,0,0,0,0,0,0,0,0,7,0,3,16,25,34,26,9,7,6,125,14,30,61,91,89,118,149,148,122,816,79,469,1605,1890,1847,1910,1606,747,369,10527,0,48,130,109,106,99,55,15,9,557,0,19,84,76,68,30,3,0,0,281,9,99,298,338,490,453,288,191,81,2245,11,76,157,151,156,134,64,50,23,814,0,17,62,35,60,28,10,7,3,227,0,78,358,377,518,374,194,163,68,2135,0,32,176,198,336,475,216,102,51,1587,33,197,653,692,683,553,260,145,77,3296,21,149,416,369,395,389,173,71,22,2010,5,75,174,102,93,57,33,29,15,576
40302,17,360,1546,1144,792,845,562,204,65,5536,23,105,619,617,525,469,438,223,49,3063,33,267,1356,1555,1081,770,443,142,49,5692,69,300,1096,1046,853,722,451,124,22,4694,33,113,295,265,126,71,58,28,8,996,36,166,355,316,267,201,118,47,20,1528,3,5,9,7,4,7,13,0,0,51,4,23,65,80,78,47,35,12,5,356,67,127,292,287,219,234,253,233,178,1882,307,1654,6244,5918,4313,3615,2556,1073,427,26094,4,122,340,267,201,182,70,18,8,1206,16,92,392,249,157,83,11,0,0,998,43,305,1033,1238,1303,1166,685,481,156,6406,36,194,430,368,349,303,182,121,48,2031,8,60,175,127,111,54,24,14,9,579,11,259,1068,906,998,665,289,169,58,4427,4,77,493,478,544,652,335,133,52,2780,75,565,1953,1582,1256,873,334,216,81,6932,52,347,1067,987,870,610,239,86,25,4280,15,165,370,251,141,113,52,30,7,1151
40303,11,225,816,850,833,789,571,244,110,4456,3,45,318,449,457,534,672,325,70,2872,28,132,547,930,941,573,333,118,40,3641,33,178,562,716,729,616,424,164,49,3465,20,98,195,214,197,117,69,36,20,959,32,61,110,128,178,93,95,40,3,746,0,0,3,4,0,0,3,3,0,22,0,12,31,63,56,32,46,15,8,267,48,59,147,130,126,120,138,180,149,1085,182,949,3069,3957,3911,3168,2512,1195,486,19421,0,155,343,369,353,288,184,64,20,1772,8,45,229,212,155,74,17,5,0,733,18,154,516,748,807,669,530,388,151,3972,22,99,233,306,269,203,142,88,46,1397,3,51,120,151,131,65,31,20,10,589,12,204,783,958,1070,848,416,238,94,4617,0,48,339,529,742,993,505,163,72,3388,42,313,1082,1375,1268,855,415,216,87,5664,12,271,777,911,893,775,372,159,41,4215,8,144,323,299,172,132,74,34,15,1200
40304,27,408,1474,1623,1535,1570,1074,360,82,8155,42,193,975,1001,878,773,817,343,60,5090,73,354,1627,2200,1882,1447,778,278,58,8695,175,551,1818,1888,1860,1502,935,215,39,8991,61,138,340,345,242,169,120,42,8,1471,173,340,825,778,582,334,289,125,31,3474,5,9,15,17,9,25,11,7,0,98,3,15,101,121,103,91,56,25,9,534,251,212,510,579,538,537,594,621,423,4263,851,2417,8338,9255,8193,6833,4942,2128,751,43703,0,106,353,350,281,263,134,38,7,1526,31,109,436,353,270,140,30,0,0,1381,84,570,1879,2442,2614,2545,1533,742,187,12585,79,403,762,760,789,694,431,201,49,4161,22,124,366,347,260,158,58,23,6,1360,31,328,1266,1537,1799,1316,514,184,63,7038,5,114,659,758,912,1153,582,180,35,4393,205,834,2623,2469,2084,1494,647,246,56,10654,133,654,1692,1851,1646,1322,462,133,27,7923,30,215,464,346,249,194,91,21,14,1617
40401,34,343,1506,1051,771,783,500,191,68,5241,12,134,775,602,577,616,567,161,53,3490,43,370,1626,1730,1373,970,462,144,48,6771,88,362,1225,1122,941,840,445,103,19,5149,15,136,397,333,205,114,78,31,13,1320,36,182,554,396,422,264,189,90,26,2162,3,3,10,4,8,13,11,8,3,63,4,17,83,112,82,63,38,11,11,421,98,179,422,361,360,305,334,353,219,2642,353,1936,7414,6357,5234,4273,2796,1165,490,30019,0,99,375,324,214,172,68,27,3,1279,13,82,440,286,167,87,9,0,0,1084,38,395,1227,1483,1535,1302,888,580,212,7653,27,202,436,481,412,303,189,137,53,2228,0,70,148,126,101,56,21,14,0,532,13,256,1000,868,881,631,252,142,40,4087,4,96,474,545,681,758,302,104,36,3003,91,622,2036,1856,1365,865,413,187,69,7504,52,363,1219,1072,876,656,210,75,9,4536,9,188,467,287,187,115,41,19,4,1323
40402,5,179,650,503,431,460,247,63,26,2571,9,51,304,312,240,266,226,61,17,1482,30,167,699,737,601,445,218,45,9,2944,43,160,573,615,528,502,239,51,10,2715,12,53,157,121,93,61,34,12,6,543,39,99,315,247,175,143,66,27,9,1118,3,4,9,0,9,11,0,0,0,37,0,9,36,54,40,21,18,8,0,193,63,91,241,256,214,214,221,181,109,1586,230,907,3355,3142,2532,2283,1343,464,197,14459,0,33,162,129,102,70,24,10,3,541,15,39,229,133,78,36,11,0,0,533,26,247,767,888,910,735,370,221,71,4240,15,83,207,204,187,135,86,69,21,998,6,29,63,82,60,34,14,0,0,297,11,129,523,489,475,338,108,46,13,2131,3,31,231,230,308,320,118,38,4,1289,56,319,1025,840,594,390,99,46,14,3387,22,169,657,570,530,369,103,29,5,2472,4,56,202,155,117,68,32,5,0,650
40403,11,361,1178,632,460,404,267,128,62,3493,12,81,416,377,317,360,260,126,50,2002,23,248,1120,1072,728,479,232,96,39,4030,34,230,781,664,514,407,236,78,19,2976,12,98,284,218,116,63,35,13,4,850,30,121,277,221,196,128,80,42,13,1101,0,5,0,0,3,3,4,0,0,22,0,14,49,77,46,29,25,9,11,248,47,104,233,184,137,148,127,174,127,1286,171,1433,4975,3884,2776,2182,1344,706,354,17822,0,94,317,226,140,84,40,17,6,921,11,63,410,197,108,34,6,4,0,840,24,268,812,778,736,544,429,326,123,4036,19,123,267,265,229,132,97,72,13,1217,0,47,122,89,65,34,13,8,6,384,11,212,752,573,469,317,149,96,36,2615,3,65,364,358,405,403,218,89,47,1952,73,595,1719,1179,777,458,225,120,53,5194,33,245,941,681,561,360,160,63,13,3056,8,164,405,240,115,59,29,18,4,1042
40501,17,93,242,229,288,348,270,81,26,1601,7,32,166,263,237,215,212,95,12,1241,0,45,264,466,426,282,138,39,9,1676,34,64,261,287,342,344,159,41,5,1541,4,26,70,54,42,32,18,5,3,253,30,65,165,155,131,74,60,20,3,704,0,0,0,4,5,0,0,0,0,14,0,5,11,27,27,17,5,7,4,103,66,38,102,122,177,158,144,125,85,1020,171,449,1441,1815,1816,1597,1073,441,162,8978,0,17,83,101,92,77,34,6,0,401,4,15,38,37,23,15,0,0,0,122,20,162,392,547,577,477,286,118,31,2623,5,36,106,123,151,121,81,25,12,661,3,40,150,183,141,85,34,10,3,660,5,42,152,237,378,282,122,44,20,1285,0,21,130,188,231,294,146,30,16,1060,16,107,416,494,396,291,110,45,14,1893,28,72,206,277,324,216,62,30,8,1220,9,25,59,58,35,38,22,9,5,260
40502,6,44,118,146,150,243,184,70,21,982,0,25,107,123,117,121,136,59,10,699,4,35,131,207,194,138,77,21,5,812,13,26,126,121,178,168,133,25,0,793,0,7,18,13,25,19,13,5,0,108,16,31,76,78,61,62,41,12,5,380,0,0,0,0,0,0,0,0,0,0,0,5,4,3,15,8,8,0,0,47,54,36,77,79,106,153,143,133,65,844,105,220,732,853,929,985,774,350,114,5061,0,6,27,33,37,33,14,0,0,156,0,6,16,18,10,9,0,0,0,66,10,113,188,238,295,278,200,79,14,1416,5,26,39,55,56,69,46,20,5,323,14,54,171,174,129,94,28,7,0,667,0,18,76,181,262,208,121,39,11,922,0,12,96,111,116,220,104,34,12,712,15,49,180,211,177,149,68,24,3,886,16,59,128,163,139,157,72,14,3,763,0,3,19,35,17,21,10,5,5,116
40503,0,66,185,161,179,288,179,58,21,1141,4,35,134,147,138,125,115,51,5,759,9,35,154,195,182,151,82,24,12,829,10,61,186,185,228,243,100,24,0,1044,4,0,21,14,11,11,8,3,4,72,23,43,95,82,62,49,27,7,0,392,0,0,3,3,0,0,0,3,0,14,0,3,4,15,9,9,5,3,0,46,74,41,124,119,137,146,167,176,62,1050,129,311,959,961,1009,1064,709,356,111,5616,0,3,10,13,9,23,7,3,0,71,4,4,21,18,12,10,3,0,0,74,13,113,264,341,395,371,244,128,34,1901,7,41,62,52,82,85,79,31,10,448,10,24,91,94,92,50,18,8,5,393,3,40,144,184,315,234,83,45,18,1059,0,34,166,128,156,157,82,18,7,744,40,77,233,244,200,142,58,27,5,1032,17,61,154,167,226,176,51,12,0,866,0,10,24,13,18,23,12,5,0,106
40504,0,35,141,135,139,314,254,87,14,1121,4,39,120,111,108,113,144,76,17,726,13,41,134,185,179,199,113,56,12,930,6,53,114,152,168,253,147,23,5,926,0,11,11,24,14,18,10,7,3,100,8,23,93,94,88,43,53,11,0,414,0,0,0,0,0,0,4,0,0,9,0,4,6,3,13,12,8,3,0,49,46,37,79,110,123,188,267,209,131,1195,89,252,740,868,873,1192,1044,487,196,5748,0,3,12,6,17,20,11,13,0,82,4,7,12,4,9,5,4,0,0,47,10,76,187,229,299,359,349,164,32,1697,15,44,46,70,124,93,106,36,8,539,6,42,106,78,67,42,17,5,3,366,0,29,87,124,281,260,110,47,14,957,0,20,115,97,107,193,128,41,8,705,29,46,185,174,179,127,102,23,11,879,10,47,99,141,154,129,63,20,0,667,0,10,23,15,16,22,17,4,4,99
40601,25,118,431,333,381,474,278,95,35,2172,15,86,331,351,300,247,232,110,29,1701,18,90,435,498,446,303,148,45,14,1992,42,120,409,430,439,403,198,47,4,2085,0,11,54,48,30,28,16,13,0,193,39,91,231,207,185,115,67,20,3,950,0,3,0,4,0,4,0,0,0,19,0,0,15,17,21,17,12,5,0,89,139,103,282,292,315,336,308,292,167,2248,298,657,2350,2342,2269,2002,1308,638,268,12134,0,11,68,47,39,39,12,3,0,225,4,29,64,29,31,22,11,0,0,185,49,327,758,977,1020,795,482,218,48,4676,16,98,190,180,215,239,128,68,13,1140,34,90,223,225,124,89,41,9,0,835,8,97,306,436,525,349,143,73,13,1937,4,97,354,325,277,352,173,66,20,1660,50,215,650,636,449,311,116,25,16,2467,30,136,383,453,411,263,98,18,9,1794,4,18,55,57,43,30,16,0,0,235
40602,9,40,189,123,126,183,93,25,3,786,0,45,199,121,125,85,67,19,3,662,6,47,186,205,162,105,43,7,0,759,4,41,184,149,160,139,56,9,0,749,0,5,17,16,13,8,0,0,0,70,7,23,105,82,47,28,24,3,0,317,0,4,5,7,0,0,4,0,0,13,0,4,10,9,10,9,4,4,0,50,91,85,216,158,201,175,152,86,36,1204,119,333,1218,950,911,765,451,156,46,4953,0,15,42,29,29,23,5,0,0,137,0,11,24,13,12,3,0,0,0,71,31,214,616,552,561,380,201,64,16,2632,9,54,82,112,122,102,67,19,6,568,9,31,82,74,59,36,9,9,0,305,3,36,148,208,231,169,44,19,4,866,5,61,202,136,119,127,41,6,0,693,21,99,295,281,200,148,25,12,0,1074,3,69,212,187,203,123,28,6,0,834,0,16,42,31,27,15,7,0,0,141
40701,14,88,282,368,437,665,668,279,74,2888,7,29,201,210,263,363,623,248,53,1982,13,58,272,443,444,540,435,150,45,2392,26,81,304,368,477,616,499,138,18,2524,10,20,60,64,74,82,60,36,9,405,43,69,184,161,162,136,157,51,13,977,0,3,0,4,0,3,0,0,3,16,0,5,13,19,34,42,23,17,0,155,90,57,143,151,201,265,384,348,217,1855,231,441,1592,1990,2287,2911,3029,1336,442,14255,0,13,53,64,65,94,79,25,6,394,5,16,34,30,31,42,10,0,0,171,26,103,304,468,613,715,806,366,102,3504,26,57,141,184,265,233,181,118,32,1232,6,61,168,203,186,139,90,18,9,882,14,50,216,375,569,522,333,171,51,2301,0,26,135,206,251,578,375,107,34,1715,25,97,398,482,474,536,410,162,49,2626,45,100,238,332,411,469,275,89,19,1977,4,34,52,71,74,84,66,30,8,425
40702,14,116,459,397,375,487,361,184,54,2444,19,88,361,402,357,308,306,143,23,2017,42,135,579,652,588,469,195,55,8,2725,44,145,437,447,481,407,248,49,4,2261,11,21,62,73,56,35,23,8,4,290,45,114,306,255,212,131,75,35,9,1185,0,0,9,8,4,4,6,0,0,19,0,4,20,26,25,24,7,11,0,123,168,120,250,305,313,341,361,343,231,2433,356,818,2675,2802,2616,2353,1655,841,341,14462,0,7,62,70,52,56,18,8,0,286,8,15,53,45,17,38,5,0,0,178,47,279,761,912,864,737,350,144,43,4136,25,174,285,236,237,169,93,51,11,1280,42,113,357,417,279,216,88,40,11,1570,6,84,296,368,531,439,225,95,32,2078,6,65,359,370,348,431,211,52,22,1856,140,268,811,784,639,352,120,45,15,3168,32,105,388,390,391,314,87,18,3,1727,7,24,92,70,40,38,20,11,3,304
40703,12,109,389,343,420,611,430,155,50,2521,8,80,308,299,293,277,313,147,32,1761,44,121,503,584,525,449,229,55,12,2523,71,172,530,478,603,581,266,68,7,2779,11,31,70,59,31,31,20,5,3,259,60,130,297,213,209,157,101,33,11,1204,0,0,0,0,0,9,4,5,0,23,0,12,21,15,29,23,23,7,3,138,188,120,319,296,367,402,460,370,188,2720,415,859,2645,2496,2672,2689,1926,880,321,14911,0,21,73,67,76,50,27,4,0,325,12,28,69,41,41,22,3,0,0,225,32,250,582,722,821,764,534,225,54,3994,13,89,152,173,195,195,130,63,21,1033,21,114,342,364,269,166,68,20,4,1367,12,84,293,428,618,499,202,97,30,2263,0,61,273,253,300,426,201,56,21,1593,73,195,660,665,595,383,169,48,17,2799,61,188,392,494,522,369,125,21,0,2168,10,29,80,61,43,48,32,9,7,301
49797,0,0,0,0,0,0,0,0,0,0,0,0,0,0,0,0,0,0,0,0,0,0,0,0,0,0,0,0,0,0,0,0,0,0,0,0,0,0,0,0,0,0,0,0,0,0,0,0,0,0,0,0,0,0,0,0,0,0,0,0,0,0,0,0,0,0,0,0,0,0,0,0,0,0,0,0,0,0,0,0,0,0,0,0,0,0,0,0,0,0,0,0,0,0,0,0,0,0,0,0,0,0,0,0,0,0,0,0,0,0,0,0,0,0,0,0,0,0,0,0,0,0,0,0,0,0,0,0,0,3,0,0,0,0,0,0,0,0,0,0,0,0,0,0,0,0,0,0,0,0,0,0,0,0,0,0,0,0,0,0,0,0,0,0,0,0,0,0,0,0,0,0,0,0,0,0,0,0,0,0,0,0,0,0,0,0,0,0,0,0,0,0,0,0,0,0,0,0,0,0
49999,0,8,30,12,12,19,16,0,0,106,0,0,6,3,9,14,6,0,0,39,0,13,32,29,12,20,8,0,0,119,4,3,27,23,20,17,4,5,0,107,0,4,9,3,0,3,0,0,0,16,0,10,22,16,9,9,7,0,0,60,0,0,0,0,0,0,0,0,0,0,0,0,4,0,3,0,0,0,0,11,17,21,77,88,52,34,29,5,4,316,36,61,214,187,122,116,75,11,5,826,0,7,17,9,3,0,4,0,0,35,0,0,11,4,0,0,0,0,0,22,6,15,59,33,47,50,34,0,0,240,4,7,22,19,14,15,12,0,0,79,0,8,16,3,3,5,0,0,0,35,0,4,30,17,14,21,8,0,0,95,0,3,18,8,11,20,3,0,0,65,0,31,48,38,19,21,9,0,0,177,4,5,46,36,30,19,4,0,3,147,0,9,15,14,6,5,0,0,0,50
50101,33,84,371,532,458,514,396,206,63,2643,17,38,254,525,484,466,395,147,33,2359,49,97,417,644,614,462,323,118,40,2757,36,64,316,466,484,388,265,71,11,2097,18,29,143,187,145,112,80,35,7,753,26,73,252,276,247,159,101,28,9,1177,0,0,0,0,0,0,3,0,5,27,4,0,13,54,38,27,25,9,11,185,112,65,241,310,268,254,273,222,139,1886,313,499,2213,3347,3007,2541,1959,865,318,15067,0,14,119,133,89,60,40,26,3,494,8,14,34,39,27,17,6,3,0,153,32,105,392,578,589,510,338,154,41,2747,22,119,292,374,357,240,131,71,11,1619,9,38,241,224,142,96,60,32,0,844,6,41,247,390,431,325,256,105,25,1825,7,33,233,405,453,420,206,85,21,1875,73,143,465,614,481,372,206,70,19,2430,29,81,261,364,297,239,113,40,4,1437,11,31,122,152,110,66,41,29,4,568
50102,92,235,744,816,721,819,571,243,74,4326,77,140,507,763,896,712,469,174,42,3777,134,318,1095,1115,935,767,439,139,29,4975,165,268,639,913,871,702,371,96,14,4042,38,75,168,121,102,77,57,28,12,675,91,182,510,396,353,230,157,51,11,1987,9,11,4,4,4,8,0,0,0,55,10,20,56,44,68,51,19,12,5,276,212,190,449,425,433,446,479,402,274,3311,860,1590,4594,5081,4805,4103,2691,1185,471,25385,11,37,161,202,176,97,41,12,0,740,32,57,148,87,63,32,10,0,0,429,142,732,1775,1936,1939,1361,713,269,65,8934,84,314,529,431,540,398,215,82,15,2606,44,79,225,237,230,129,64,23,4,1024,32,135,584,681,868,656,324,117,21,3413,19,84,497,817,796,612,253,80,25,3186,196,455,1101,1194,977,639,256,85,22,4928,97,216,614,657,595,461,138,49,6,2831,19,73,145,133,102,80,37,13,0,603
50103,13,28,94,129,135,209,195,79,12,891,14,26,85,150,194,205,186,51,7,921,28,47,153,182,178,159,126,34,7,915,29,33,98,161,153,200,130,38,0,838,9,5,32,52,36,40,39,11,0,240,15,34,75,79,61,50,31,15,5,359,4,0,0,0,0,0,0,5,0,12,0,0,9,6,12,10,14,5,0,59,71,32,74,132,161,188,165,148,45,1021,198,235,721,1021,1049,1173,947,399,88,5831,0,8,20,44,46,43,12,3,0,174,5,10,16,28,15,24,0,0,0,93,37,73,154,282,388,353,231,74,12,1603,12,34,60,79,102,98,72,22,5,479,13,36,87,134,132,89,40,11,4,542,5,20,79,150,220,226,119,30,7,863,5,24,98,172,199,260,104,22,4,892,33,66,134,210,185,205,104,26,10,967,14,28,90,152,164,139,63,16,0,664,0,6,40,38,55,51,23,5,0,229
50201,74,212,637,624,632,737,614,306,89,3936,46,151,491,669,748,658,516,212,56,3545,98,248,754,975,1005,890,648,323,52,5002,94,280,728,849,782,803,426,123,19,4107,30,67,131,125,100,78,78,34,15,660,81,220,551,440,407,271,255,106,17,2358,13,5,8,4,7,5,8,0,0,54,6,14,33,42,44,45,23,13,5,229,202,208,414,442,460,436,549,601,455,3767,676,1520,4038,4542,4472,4166,3267,1790,739,25208,8,35,84,116,89,62,43,17,9,459,29,74,122,83,78,41,18,6,0,442,99,398,969,1287,1409,1278,1107,526,99,7177,66,208,362,420,440,363,406,205,36,2521,13,40,186,159,120,86,72,32,5,714,25,109,352,450,617,539,375,185,39,2696,15,97,366,572,602,527,302,144,32,2654,131,302,735,874,867,753,591,218,43,4524,79,212,447,541,590,366,187,82,19,2533,31,55,119,97,80,71,60,29,6,552
50301,23,224,758,787,955,951,656,397,172,4924,18,48,194,314,493,620,712,389,140,2926,71,244,595,1003,1244,731,429,234,89,4637,29,221,498,662,838,626,527,262,99,3765,29,113,219,210,223,131,93,88,30,1141,11,47,73,82,103,76,67,32,17,503,0,0,0,0,3,4,3,0,0,14,7,27,40,51,73,49,52,33,12,351,109,119,186,175,181,187,197,224,191,1571,326,1380,3118,3842,4692,3822,2959,1778,798,22718,6,203,430,344,521,387,234,116,37,2273,7,42,152,105,147,64,21,0,0,528,17,248,656,660,885,690,399,220,86,3858,13,144,199,227,251,222,133,69,26,1288,10,31,124,112,92,70,67,38,11,557,9,213,735,1108,1466,1074,748,405,141,5890,8,71,241,440,789,849,517,226,81,3211,33,484,1117,1627,1682,1096,627,259,125,7059,21,285,734,1024,1053,983,505,269,76,4953,21,175,301,200,213,157,99,42,24,1243
50302,29,360,2044,1245,942,812,554,273,131,6390,16,110,567,529,612,648,628,241,84,3443,81,530,2437,2082,1398,977,437,148,70,8162,39,470,1879,1518,963,784,512,160,40,6374,63,289,796,520,303,173,102,37,7,2301,32,193,438,279,195,143,90,43,24,1437,5,11,13,6,12,4,3,8,0,57,7,47,130,119,94,68,48,15,8,530,90,315,890,503,342,306,340,252,251,3280,378,2792,10949,8020,5576,4332,2938,1237,646,36876,6,280,1052,679,482,332,119,42,10,2995,7,119,755,409,251,85,20,0,0,1651,29,499,2437,1442,1179,907,431,193,73,7181,23,268,842,466,402,318,170,63,23,2566,0,44,254,142,98,68,47,17,4,676,10,400,1753,1259,1081,750,351,189,68,5856,8,118,631,668,762,791,331,125,60,3499,61,918,3725,2546,1770,996,443,180,70,10706,38,533,2227,1536,1156,956,351,112,39,6947,44,493,1175,592,346,199,79,26,4,2956
50401,16,229,991,752,490,451,348,142,42,3457,12,99,521,534,558,480,364,151,34,2755,65,274,1274,1318,983,668,381,160,35,5172,37,223,876,898,661,514,363,89,21,3696,30,150,427,355,207,117,63,27,11,1380,28,141,441,342,224,164,108,38,10,1494,4,6,8,0,6,6,5,0,0,35,0,26,72,89,75,43,31,11,8,349,86,120,402,343,280,234,231,261,191,2153,289,1436,5774,5320,3870,2918,2025,923,372,22919,3,97,417,365,220,132,60,19,5,1323,13,82,492,283,149,59,11,5,0,1097,47,429,1392,1244,1175,1084,612,297,110,6391,19,184,471,364,292,283,216,97,26,1958,9,41,148,115,80,52,22,11,0,483,10,202,736,613,542,442,205,103,28,2884,15,97,480,599,600,459,259,87,33,2635,68,584,1933,1549,1044,689,331,116,35,6350,44,275,1050,886,695,545,193,62,12,3759,32,224,535,380,203,129,64,21,13,1608
50402,16,91,302,352,326,375,260,136,38,1888,14,39,194,263,372,314,263,120,25,1609,35,98,288,439,444,377,221,76,27,2006,42,92,246,333,350,336,220,65,10,1693,22,45,88,99,84,72,63,19,3,486,29,80,177,143,135,87,55,31,9,749,0,0,0,0,3,0,5,0,0,15,5,10,16,30,31,22,20,3,0,147,61,54,134,144,153,149,145,156,115,1112,239,566,1624,2030,2154,1886,1336,635,238,10707,3,17,76,156,135,109,58,13,6,574,23,25,73,79,77,35,11,0,0,324,57,200,447,716,881,770,457,160,41,3728,22,89,135,176,207,196,106,48,11,984,7,32,82,118,91,68,26,13,3,428,10,69,158,299,420,343,199,80,22,1591,13,38,142,323,414,412,194,62,15,1610,52,142,349,559,589,410,187,67,19,2380,45,106,232,366,384,337,156,39,10,1671,30,66,109,121,111,97,52,18,0,601
50403,50,481,1399,1132,898,668,375,144,45,5177,39,203,951,936,878,678,334,120,26,4166,150,464,1905,2186,1519,978,406,169,34,7812,106,406,1327,1393,1107,785,346,83,7,5572,66,145,343,284,150,99,50,22,8,1159,125,332,932,654,441,274,140,50,6,2967,16,17,19,4,6,11,10,3,0,79,7,15,116,128,71,69,32,10,3,442,238,274,745,631,527,408,346,306,219,3684,831,2591,8611,8144,6112,4239,2183,946,364,34034,6,53,212,252,176,119,38,11,6,875,36,99,335,238,146,53,16,0,0,933,131,615,1576,1998,1940,1319,622,239,42,8486,53,248,416,433,423,331,180,57,8,2160,18,60,166,194,130,68,36,5,0,687,14,193,596,681,641,453,207,87,16,2891,37,138,539,733,684,430,195,53,14,2822,145,564,1666,1695,1251,673,285,96,23,6399,88,340,934,915,755,476,161,50,8,3732,55,160,373,206,124,96,32,10,0,1068
50501,56,434,1402,1512,1512,1500,861,316,80,7677,74,228,912,1408,1634,1438,989,320,58,7061,124,408,1347,2419,2330,1758,1059,340,102,9897,115,413,976,1402,1302,1030,657,156,23,6073,89,181,374,428,262,154,116,38,10,1656,100,258,593,589,542,396,276,94,22,2865,21,10,8,4,5,12,8,0,0,65,11,31,63,117,109,72,49,16,3,478,127,137,384,416,384,376,400,365,297,2889,739,2339,6753,9285,8904,7271,4661,1710,627,42283,5,202,443,611,538,371,131,40,5,2343,63,141,428,525,379,164,28,0,0,1732,134,812,1833,2743,3463,2962,1312,456,134,13849,113,533,886,1128,1143,858,355,147,35,5185,33,92,259,246,211,108,46,18,5,1016,33,463,1102,1650,1996,1165,477,183,50,7124,25,209,869,1511,1903,1483,529,181,54,6762,180,896,2266,3332,3139,2278,843,318,81,13315,170,590,1302,1482,1384,1019,346,87,17,6407,73,322,537,430,270,234,95,33,5,2005
50502,52,626,2970,2131,1485,1223,899,494,184,10072,52,245,1337,1336,1359,1270,1027,493,131,7248,121,655,3330,3665,2676,1666,983,453,186,13733,97,538,2057,2095,1564,1105,750,284,72,8544,59,314,834,735,361,209,143,77,30,2761,81,325,998,715,542,366,244,114,31,3424,15,15,13,6,13,13,14,11,4,102,5,41,195,176,113,106,58,36,12,755,235,367,1194,962,659,567,613,632,493,5724,735,3584,14867,13519,9779,7149,5071,2719,1222,58646,3,219,963,808,639,381,175,70,25,3284,27,191,1022,655,333,133,27,3,0,2403,71,837,3040,2643,2413,1944,1289,824,216,13280,61,517,1202,879,823,624,443,267,64,4883,11,87,348,251,171,116,61,30,5,1076,30,595,2185,1800,1554,1170,658,328,94,8419,26,272,1252,1442,1582,1361,733,289,92,7049,127,1326,5049,4175,2711,1903,1140,484,192,17104,73,672,2371,1953,1439,1120,525,193,47,8389,46,447,1103,631,342,257,97,66,19,3014
50503,86,662,1940,1831,1559,1100,545,229,61,8015,76,308,1320,1490,1349,850,440,165,35,6021,225,589,2478,3073,2414,1332,675,275,66,11127,221,678,1868,1977,1615,1074,518,117,18,8090,79,221,438,426,256,118,70,35,14,1646,160,495,1263,1021,869,479,230,85,15,4622,35,14,11,14,5,9,8,0,0,99,18,46,120,141,108,79,34,12,5,571,299,343,869,825,729,504,471,484,363,4878,1226,3698,11259,11845,9611,5932,3169,1466,609,48817,0,92,403,340,212,108,51,19,0,1227,55,120,562,509,216,79,11,0,0,1561,174,753,2316,2952,2586,1646,898,362,71,11754,136,436,1016,1134,910,526,322,134,32,4638,18,77,295,247,128,76,39,18,5,897,35,338,1191,1371,1050,582,277,99,29,4969,45,184,974,1147,850,481,219,99,35,4038,217,825,2872,2745,1763,904,444,171,47,9986,135,618,1517,1449,932,551,186,69,9,5464,60,186,479,327,166,111,61,29,6,1417
50601,31,234,999,1022,544,428,314,116,26,3720,30,135,575,644,479,404,230,81,11,2582,115,289,1268,1517,831,568,272,103,9,4976,81,243,824,992,671,495,261,65,10,3641,41,96,228,230,111,52,31,18,5,812,66,193,478,413,246,127,101,35,0,1661,5,11,10,6,3,6,3,0,0,45,4,18,71,98,45,31,15,3,0,281,159,185,493,459,337,258,252,216,111,2482,567,1549,5589,6163,3564,2552,1584,661,203,22439,0,49,155,148,114,78,34,3,0,580,20,46,202,126,66,35,6,0,0,508,67,408,1110,1005,1080,939,503,172,44,5342,42,171,279,256,248,251,136,88,15,1490,19,50,132,105,86,56,33,14,4,500,21,121,415,383,451,374,152,74,8,1998,16,91,317,349,419,321,165,57,10,1749,98,373,1128,776,627,475,220,75,8,3777,77,271,617,498,459,387,119,41,8,2484,29,90,184,134,81,77,31,16,0,644
50602,18,289,1096,668,403,352,237,89,32,3182,20,89,407,373,342,312,228,82,23,1888,65,368,1525,1310,855,557,269,90,32,5077,41,259,964,760,533,375,226,53,7,3217,21,148,355,246,103,63,38,10,5,990,49,182,426,279,187,101,90,20,12,1349,11,6,8,5,6,9,6,0,0,37,3,20,81,59,52,37,13,6,0,281,94,204,606,430,301,281,218,202,139,2479,343,1768,6486,4884,3132,2281,1416,588,263,21174,0,108,483,322,152,94,38,14,4,1210,12,81,564,267,124,50,9,4,0,1106,50,433,1630,1202,918,737,389,223,63,5649,21,167,398,312,275,200,111,83,24,1585,5,44,147,138,64,36,18,17,0,466,15,226,847,538,434,301,131,57,25,2566,14,86,416,357,372,286,135,62,26,1754,61,681,2243,1399,770,501,212,81,39,6000,53,268,942,685,457,346,115,29,0,2897,27,172,424,203,112,51,26,7,6,1031
50603,42,396,1212,968,733,546,435,196,69,4593,47,125,423,520,541,561,422,205,36,2880,76,433,1581,1737,1233,777,453,187,62,6539,59,262,719,868,716,501,334,130,18,3608,42,169,275,233,126,76,29,26,8,979,52,187,353,332,221,132,88,49,10,1422,6,10,9,7,5,4,0,0,4,49,8,26,78,93,59,47,39,11,0,357,100,227,503,370,259,221,220,324,357,2580,448,2164,6244,6203,4497,3229,2185,1171,588,26733,12,233,528,470,369,205,97,22,9,1947,30,159,673,340,213,64,8,0,0,1489,89,632,1634,1488,1577,1255,658,344,106,7776,29,222,357,318,306,290,187,114,32,1856,13,53,164,137,106,75,34,19,6,606,31,371,939,720,763,565,265,155,43,3854,20,129,451,603,735,653,309,132,60,3096,120,1273,2424,1719,1449,937,420,186,56,8597,52,382,928,817,759,564,242,73,30,3843,53,256,407,197,138,70,66,18,7,1210
50604,49,392,1115,992,663,501,344,156,37,4249,53,180,556,731,634,463,292,110,34,3050,93,368,1428,1992,1349,781,417,150,45,6624,101,350,979,1167,897,642,315,78,10,4542,68,142,254,191,128,57,31,19,6,890,92,271,575,481,314,197,125,47,3,2109,13,7,10,7,3,11,11,8,0,68,8,22,94,114,64,43,29,7,8,396,207,244,624,583,445,329,335,314,245,3321,720,2228,6562,7293,4947,3267,2016,954,403,28393,3,118,356,301,171,115,38,10,0,1126,45,127,567,330,158,45,15,0,0,1283,117,569,1895,1907,1751,1454,769,275,38,8780,59,226,466,413,380,351,230,98,19,2243,23,60,188,133,115,61,34,14,3,632,37,252,721,657,645,429,233,88,21,3078,19,140,538,607,558,409,186,62,17,2534,169,679,2309,1778,1207,785,346,106,20,7405,118,383,1031,806,701,484,196,46,5,3781,49,145,358,205,102,65,39,22,0,997
50605,24,150,440,452,380,401,294,162,40,2344,27,62,299,430,436,364,334,161,39,2150,71,134,511,798,668,452,312,126,39,3117,63,128,357,446,434,381,229,73,23,2145,18,60,125,130,90,61,42,26,4,559,44,112,240,228,191,111,81,40,4,1052,12,0,3,0,3,5,0,0,0,28,0,8,27,30,42,17,20,8,0,164,87,71,199,224,180,187,165,191,143,1449,359,816,2502,3128,2695,2138,1583,831,317,14368,0,45,142,165,131,132,82,30,4,735,19,35,124,134,84,39,4,0,0,439,73,329,793,1000,1106,990,589,261,52,5198,33,120,185,230,225,240,161,62,14,1265,0,37,105,110,82,68,35,26,0,465,11,113,313,378,471,391,221,102,22,2022,17,67,256,399,432,467,253,97,22,2003,64,262,721,757,656,592,363,110,31,3561,47,146,385,437,440,364,170,62,12,2067,28,81,153,130,95,72,49,15,5,628
50606,23,75,346,245,194,166,104,30,5,1191,16,50,233,234,174,126,69,28,6,925,38,91,390,427,313,227,79,25,3,1589,32,108,305,319,209,138,70,13,0,1200,22,27,59,41,32,12,8,4,0,205,28,72,247,147,103,58,30,6,0,687,0,3,0,3,0,0,0,0,0,14,4,0,18,19,9,7,6,0,0,65,30,53,137,130,102,86,55,51,21,665,211,520,1918,1726,1251,887,443,171,36,7162,0,3,39,54,32,17,11,0,0,152,9,16,27,27,11,0,0,0,0,101,27,139,257,393,411,268,135,40,3,1675,17,65,102,107,101,78,36,17,4,518,11,18,50,49,36,34,16,8,3,225,3,42,95,135,134,102,44,9,4,565,4,25,84,114,117,90,48,14,0,491,28,82,200,250,196,128,61,16,0,958,22,60,131,126,114,70,30,6,0,557,9,22,34,29,16,21,9,0,0,143
50607,13,216,645,444,356,369,267,140,38,2489,16,70,219,211,267,336,287,141,40,1585,29,216,649,702,644,486,310,124,38,3192,11,168,457,411,358,325,227,68,23,2048,10,88,180,142,83,55,44,24,3,625,11,49,109,98,88,77,66,15,6,517,0,0,3,0,0,5,5,0,3,22,5,14,28,36,35,29,23,9,0,178,45,79,195,148,130,140,176,207,273,1389,145,1034,2924,2652,2255,2041,1492,756,441,13734,5,120,318,260,221,167,62,28,9,1195,12,49,234,163,95,46,11,0,0,618,23,271,833,582,611,527,227,91,51,3212,14,124,237,144,143,140,70,30,24,922,3,37,110,68,52,42,30,10,3,355,5,218,652,454,472,357,201,101,35,2503,0,61,265,276,401,399,197,82,26,1715,52,508,1332,1077,885,692,306,118,68,5025,11,220,621,489,442,383,146,60,8,2374,26,155,290,130,76,65,36,18,13,811
50701,42,395,1558,1222,837,621,307,111,38,5130,57,198,817,874,840,544,302,101,20,3754,89,389,1527,1898,1325,850,408,121,36,6650,94,309,1087,1159,850,674,313,63,11,4569,50,141,372,329,198,112,61,15,9,1278,73,230,630,503,428,241,164,32,9,2304,11,6,8,4,4,8,9,0,0,51,7,30,64,84,70,32,23,5,0,326,115,205,491,444,355,305,303,283,251,2752,554,2140,7445,7465,5443,3699,2002,789,399,29938,4,94,382,340,199,111,41,4,4,1179,42,79,420,249,113,47,11,3,0,961,83,550,1948,2049,1675,1121,547,244,49,8269,39,196,501,459,419,315,178,65,13,2180,9,53,219,178,131,62,21,10,3,682,12,236,938,789,610,369,151,62,25,3185,32,104,632,691,576,357,163,56,10,2613,87,530,1869,1742,1061,651,211,97,18,6264,66,292,951,902,655,379,129,35,3,3424,31,146,396,264,131,84,25,13,0,1091
50702,5,102,506,445,410,451,266,118,16,2322,14,44,205,255,325,378,333,121,25,1699,13,69,365,442,423,353,176,70,27,1932,21,108,410,430,467,426,362,123,19,2361,16,76,232,228,168,137,86,34,8,991,17,36,115,107,101,67,58,12,4,518,5,0,5,3,0,4,0,4,0,13,0,7,51,48,47,36,28,6,0,223,47,83,210,165,163,127,161,132,192,1286,140,628,2402,2464,2379,2191,1557,645,294,12697,0,50,243,210,193,136,63,10,0,910,5,19,85,67,58,34,9,0,0,274,18,117,486,497,533,435,247,145,40,2519,4,69,189,181,178,141,89,49,7,903,0,23,129,102,107,62,18,8,0,457,0,94,477,488,487,327,164,47,15,2102,7,45,199,280,409,419,170,53,13,1602,24,146,509,617,530,360,173,58,18,2444,14,132,421,573,543,501,191,55,12,2437,14,106,272,262,180,143,51,14,0,1039
50703,26,148,496,413,251,181,100,46,5,1662,20,75,299,278,189,152,74,19,3,1099,35,139,585,721,416,206,96,33,10,2250,28,159,474,473,379,212,100,24,4,1850,23,40,95,93,38,23,19,4,0,340,37,119,304,207,119,61,30,11,3,886,6,0,6,4,5,0,0,0,0,20,4,13,42,41,27,21,15,0,4,156,78,90,256,231,158,135,105,67,25,1153,269,846,2874,2795,1736,1066,573,208,57,10426,0,24,65,58,30,10,8,0,0,197,24,34,106,59,31,16,3,0,0,277,54,190,573,475,431,313,172,100,20,2327,12,53,153,126,100,88,59,34,5,623,3,40,47,63,35,26,11,0,0,216,10,60,175,171,141,96,43,17,10,715,5,30,159,130,102,73,26,14,0,538,35,148,537,314,227,112,64,12,5,1458,22,114,311,222,177,97,37,9,0,990,10,33,95,57,25,22,4,3,0,249
50704,41,334,1178,1213,958,953,711,366,156,5918,51,120,525,682,907,912,807,354,128,4492,103,325,1019,1836,1746,1215,805,304,131,7481,61,253,685,875,908,737,539,224,46,4341,57,167,315,312,237,146,91,48,22,1401,39,104,235,273,278,190,140,74,19,1343,4,6,10,0,3,8,8,0,5,41,8,14,44,85,78,58,55,20,15,373,120,125,277,274,268,262,303,271,314,2221,504,1737,4988,6445,6033,4965,3725,1768,857,31024,0,189,491,519,546,435,183,64,18,2441,27,115,392,337,277,103,24,0,0,1281,64,485,1193,1524,1855,1722,868,556,173,8428,27,178,396,392,470,324,218,144,49,2186,13,66,175,159,149,114,64,36,8,784,26,413,1011,1164,1316,921,546,315,113,5826,15,158,519,868,1231,1161,539,246,75,4805,93,806,1938,2392,2246,1701,721,423,162,10481,59,427,941,1053,1012,817,383,160,41,4878,43,290,412,302,239,151,79,46,19,1581
50705,77,359,1013,1052,961,762,427,188,52,4888,83,214,797,1063,966,642,318,132,27,4238,126,370,1398,1561,1354,928,461,192,42,6439,143,387,1159,1260,1188,871,382,91,8,5496,59,143,226,203,120,72,36,26,10,895,149,300,842,649,482,298,149,76,18,2962,14,7,17,8,10,10,4,0,3,84,9,19,71,82,80,44,24,14,4,351,253,294,684,565,485,392,388,418,278,3751,947,2312,6761,7022,6058,4267,2323,1172,451,31309,11,57,194,227,144,90,28,17,7,764,55,114,250,192,105,40,10,0,0,757,161,740,1879,2351,2258,1374,858,373,85,10071,78,265,517,591,533,342,299,140,25,2790,23,70,176,161,119,71,32,14,6,656,42,194,598,802,782,434,250,98,27,3230,24,149,523,790,690,406,209,71,13,2881,174,545,1349,1501,1167,647,306,136,31,5862,149,387,933,883,784,463,144,50,10,3801,57,120,220,175,103,76,52,12,6,817
50901,29,128,429,454,471,582,423,223,74,2812,11,85,262,389,455,495,409,166,40,2317,75,141,403,502,504,473,311,119,22,2541,56,106,341,422,466,486,323,89,23,2313,11,33,77,86,98,77,68,37,8,495,34,86,216,172,186,104,88,28,11,925,7,6,4,4,0,3,0,0,0,30,0,7,13,26,33,36,23,0,3,142,154,97,257,265,328,360,367,309,212,2348,419,762,2257,2636,2839,2858,2131,1029,392,15322,0,17,91,125,105,90,57,13,4,496,23,39,67,40,45,23,16,0,0,246,63,244,485,607,701,601,396,184,53,3337,41,126,230,228,257,244,162,79,8,1371,59,112,319,364,359,232,142,54,11,1649,21,73,270,433,575,479,303,133,37,2315,7,44,254,418,512,546,261,80,30,2145,91,156,506,620,547,448,207,85,27,2688,53,114,349,429,492,394,154,49,15,2040,28,48,65,118,102,112,58,15,6,543
50902,29,84,255,258,277,391,332,136,39,1805,13,44,237,342,345,362,290,116,28,1774,32,120,362,432,416,411,226,76,24,2090,23,63,210,263,284,296,219,41,0,1401,13,20,69,46,56,52,34,23,4,329,27,64,162,138,163,108,81,23,9,768,0,8,0,4,0,0,4,0,0,20,0,9,5,25,35,29,19,9,0,118,162,125,309,346,467,476,468,341,150,2839,336,587,1809,2114,2257,2306,1770,797,257,12229,0,10,69,77,66,32,30,10,0,289,7,19,37,39,26,22,4,0,0,164,57,258,609,755,864,780,493,166,34,4016,23,80,123,159,202,207,145,48,7,992,33,95,332,305,254,207,74,32,0,1334,6,43,196,264,393,403,225,78,11,1616,7,67,307,361,364,398,179,53,27,1760,63,176,455,494,462,410,186,61,14,2321,15,76,220,258,271,316,105,21,3,1286,7,13,52,72,69,67,36,3,3,336
50903,6,38,127,102,104,149,106,48,20,702,6,25,103,119,136,149,111,39,8,692,12,33,139,179,132,102,54,34,3,685,3,21,81,99,89,117,74,10,0,499,8,8,28,14,16,17,12,0,3,107,5,16,60,61,48,28,14,5,0,235,0,0,0,0,0,0,0,0,0,7,0,0,3,4,6,11,4,0,0,31,61,52,111,136,151,153,142,116,59,979,104,225,731,812,758,771,536,253,102,4297,4,12,28,30,21,13,4,0,0,112,5,0,7,12,10,3,4,0,0,38,33,105,271,287,304,226,117,47,13,1398,9,23,37,55,47,78,42,23,3,308,27,39,162,154,108,80,32,10,4,615,0,31,95,131,182,148,93,31,13,715,3,24,133,185,185,151,63,20,14,775,23,67,201,197,132,108,42,9,0,786,19,22,112,104,102,99,33,5,0,500,5,8,17,26,29,24,9,6,0,115
51001,12,72,376,258,195,190,93,16,0,1208,0,58,264,258,202,174,70,11,3,1037,16,75,337,343,235,180,54,11,0,1261,19,37,255,243,203,162,58,12,0,995,3,7,76,58,36,24,10,3,0,227,20,45,147,94,80,36,11,0,0,434,0,0,5,0,0,0,0,0,0,7,0,0,12,21,15,23,5,0,0,83,208,219,626,467,429,316,169,67,32,2539,300,570,2270,1916,1495,1151,487,124,33,8352,0,15,73,69,36,18,3,0,0,220,0,11,45,32,20,7,0,0,0,116,19,170,479,460,406,265,89,21,9,1919,8,91,201,205,171,111,43,15,0,848,34,60,156,137,94,44,19,0,0,556,3,42,262,304,290,198,49,4,3,1152,5,56,310,288,229,206,44,8,0,1151,34,126,447,324,279,158,36,5,0,1414,13,78,315,263,224,154,26,4,0,1084,3,23,96,92,64,32,14,0,0,321
51002,9,49,195,165,102,73,12,10,0,610,0,37,178,141,97,76,17,0,0,552,20,59,329,309,159,78,13,0,0,959,11,46,172,161,88,58,14,3,0,555,0,7,51,25,14,6,3,0,0,105,5,30,124,101,54,23,7,0,0,342,0,0,7,3,0,0,0,0,0,5,0,4,9,15,8,7,0,0,0,50,90,137,438,345,250,173,54,16,9,1523,141,402,1696,1378,831,521,128,35,9,5140,0,29,106,72,34,17,3,0,0,262,0,11,56,28,13,4,0,0,0,107,35,389,1340,1015,770,377,44,9,0,3982,4,89,226,153,123,67,14,0,0,671,3,26,107,59,35,19,0,0,0,253,6,54,225,196,152,64,13,0,0,716,0,41,198,156,88,58,6,0,0,553,38,153,486,361,214,114,7,3,0,1368,5,58,174,135,125,39,11,0,0,547,3,18,57,41,15,12,0,0,0,147
51003,4,45,244,209,118,81,27,3,0,738,3,44,248,260,169,78,17,3,0,825,29,86,418,439,249,116,27,4,0,1368,7,63,220,203,141,74,20,0,0,741,3,9,55,37,23,8,3,0,0,132,10,42,158,130,83,35,3,3,0,460,0,3,0,0,0,0,0,0,0,11,0,7,17,15,23,16,0,0,0,75,98,138,468,407,283,186,60,14,5,1652,173,456,2023,1901,1196,623,157,35,7,6569,0,18,109,109,30,9,0,0,0,280,5,9,43,35,19,0,0,0,0,122,41,387,1530,1400,1051,490,63,9,0,4973,10,102,328,272,201,104,18,0,0,1036,3,29,107,81,39,17,5,0,0,285,0,45,230,239,190,90,9,0,0,811,0,36,257,227,147,80,16,0,0,759,45,148,575,482,339,117,7,0,0,1706,10,94,258,225,138,69,4,3,0,804,6,24,76,51,26,13,0,0,0,194
51101,3,19,92,97,90,93,66,50,21,529,3,18,96,91,119,99,61,39,6,522,23,54,126,139,150,97,40,21,11,666,6,24,89,85,69,69,53,13,0,405,0,3,24,30,19,8,8,7,0,103,9,24,87,52,48,30,23,3,0,280,0,3,0,0,0,0,0,0,0,0,0,0,4,7,3,9,4,3,0,25,52,38,90,121,115,111,96,96,26,747,106,210,675,691,673,543,362,242,58,3563,0,0,20,29,16,6,5,5,0,79,0,0,19,8,9,6,0,0,0,41,21,85,206,279,242,178,92,32,13,1148,14,31,54,67,74,49,28,13,3,333,17,30,92,111,93,60,34,14,3,443,0,15,74,103,123,78,65,25,3,492,4,16,113,133,137,90,47,10,3,542,21,49,137,173,121,86,41,12,0,650,14,28,88,99,90,62,28,9,0,411,8,16,28,30,17,6,13,0,0,124
51102,0,14,56,51,43,51,27,7,0,260,0,14,49,68,72,50,22,8,0,276,9,41,92,81,60,46,29,8,5,366,4,18,59,50,43,39,19,10,0,236,0,6,25,18,16,4,0,0,0,66,3,13,48,39,30,25,14,3,0,174,0,0,0,0,0,0,0,0,0,5,0,0,8,0,6,6,5,0,0,18,44,58,123,98,99,90,63,38,10,607,68,176,559,455,396,321,179,74,19,2248,0,5,33,18,14,14,5,0,0,82,0,0,0,13,6,4,0,0,0,24,12,47,140,154,164,136,78,31,6,756,4,14,53,63,47,43,33,12,0,272,0,6,48,38,20,13,7,8,0,134,0,8,51,63,52,62,28,7,4,277,0,16,65,69,66,49,7,0,0,281,18,22,89,102,71,57,26,10,0,397,5,20,70,62,50,27,12,0,0,240,3,4,12,14,13,6,5,0,0,55
51103,18,86,240,194,182,170,63,20,0,976,10,62,222,227,197,146,47,19,8,930,36,101,344,367,273,175,57,9,0,1360,19,72,243,204,125,137,42,12,0,851,8,10,43,54,17,16,4,3,0,158,31,89,207,129,103,46,15,4,0,624,5,3,7,0,0,0,0,0,0,14,0,9,16,17,11,13,4,0,0,68,143,187,416,347,311,286,168,62,55,1979,280,669,1950,1727,1323,1035,413,135,65,7602,0,49,160,107,57,37,7,0,0,416,11,21,74,36,15,14,0,0,0,173,57,517,1300,1115,868,492,147,39,13,4554,17,61,159,142,144,101,40,11,0,671,9,31,102,71,45,32,13,0,0,304,9,81,243,304,256,165,39,5,0,1102,0,75,296,281,221,99,40,7,0,1019,49,161,520,409,320,154,29,7,0,1649,17,95,289,218,198,108,23,0,0,951,6,29,97,63,26,23,3,3,0,253
51104,33,152,438,365,386,299,251,113,41,2081,10,63,288,364,451,362,216,76,14,1841,47,147,403,478,458,368,193,65,19,2168,40,80,271,321,327,294,170,34,3,1543,14,37,57,70,43,48,20,11,0,301,28,86,178,184,202,83,63,32,4,856,4,7,7,5,0,5,3,0,0,36,3,6,10,17,15,21,7,6,5,87,182,176,380,464,403,403,381,264,162,2831,385,823,2220,2467,2451,2003,1371,629,248,12595,4,34,90,103,58,32,11,0,5,339,26,29,68,50,39,19,3,0,0,235,63,331,817,943,934,753,379,153,20,4396,38,128,268,261,292,260,131,55,14,1448,25,62,197,191,167,113,49,16,0,822,20,95,307,401,390,329,168,71,14,1816,6,71,301,416,410,280,128,37,10,1669,70,192,512,589,504,345,128,38,11,2390,47,112,274,325,291,209,66,16,0,1351,7,34,91,68,63,51,13,6,0,332
59797,0,0,0,0,0,0,0,0,0,3,0,0,0,0,0,0,0,0,0,5,0,0,0,0,0,0,3,0,0,8,0,0,4,0,0,0,0,0,0,5,0,0,0,0,0,0,0,0,0,3,0,0,0,0,0,0,0,0,0,5,0,0,0,0,0,0,0,0,0,0,0,0,0,0,0,0,0,0,0,0,0,5,3,3,8,0,0,0,0,20,3,8,12,6,7,3,5,0,0,48,0,0,5,0,4,0,0,0,0,11,0,0,0,0,0,0,0,0,0,0,0,12,42,33,30,9,4,0,0,128,0,0,10,8,3,3,0,0,0,28,0,0,4,0,0,0,0,0,0,4,0,0,3,0,5,0,0,0,0,10,0,0,0,0,0,0,0,0,0,3,0,0,0,0,0,0,0,0,0,6,0,0,0,0,0,0,0,0,0,3,0,0,0,0,0,0,0,0,0,0
59999,0,15,59,48,17,32,26,0,0,195,0,4,22,21,21,20,9,0,0,106,4,16,84,52,43,46,17,0,0,269,0,23,56,35,29,49,17,0,0,209,3,3,34,14,4,6,0,0,0,62,9,5,27,20,16,12,7,0,0,91,0,5,0,0,0,5,0,0,0,5,0,0,0,0,0,0,0,0,0,10,61,106,265,278,228,156,95,21,9,1217,76,196,590,509,363,340,179,25,7,2290,0,21,39,25,14,11,3,0,0,121,0,9,26,8,0,3,0,0,0,57,5,46,192,152,132,156,97,3,0,788,6,34,69,45,31,50,24,6,0,264,4,5,30,17,18,14,0,0,0,91,0,20,77,53,45,89,22,0,0,314,0,3,42,34,33,62,27,0,0,199,5,44,145,82,71,86,28,7,0,455,0,40,96,54,51,43,12,0,0,296,0,24,53,29,11,11,10,0,0,142
60101,0,58,141,87,73,89,68,21,3,536,0,18,57,76,58,53,39,20,5,325,11,65,251,226,169,92,53,7,0,875,8,67,225,184,180,115,51,7,0,849,0,7,20,27,8,3,9,0,5,75,9,46,136,83,65,30,16,6,0,397,0,0,0,0,3,0,0,0,0,7,0,0,6,7,0,3,9,0,0,32,51,56,117,93,75,77,97,65,18,646,88,342,1008,829,679,497,343,133,29,3957,0,4,15,10,0,8,0,0,0,41,0,9,28,23,15,3,0,0,0,76,11,53,163,214,220,177,90,33,10,968,12,39,77,93,79,66,31,7,0,402,4,13,22,33,22,8,3,5,0,111,0,16,52,54,78,63,32,5,5,300,0,4,37,49,56,56,24,13,5,233,26,87,222,200,119,87,27,8,3,779,8,60,141,126,110,71,23,0,5,538,0,0,20,12,5,13,5,0,5,51
60102,13,157,573,500,362,471,347,158,59,2638,0,45,324,394,366,412,398,176,81,2198,25,171,918,851,641,504,285,104,38,3524,28,147,583,620,519,482,268,78,11,2731,4,36,141,103,76,67,49,33,7,520,20,86,246,182,190,127,76,50,5,977,3,4,3,0,0,0,6,3,0,22,0,17,38,49,42,28,13,9,0,202,73,75,211,185,131,165,225,230,131,1423,174,788,3372,3149,2531,2434,1768,872,349,15456,0,27,101,168,141,96,46,23,11,609,13,40,154,106,69,35,7,0,0,426,20,143,412,568,687,628,443,252,84,3243,25,144,272,310,338,224,163,78,32,1593,3,33,86,98,99,46,24,21,3,411,3,79,342,371,503,423,238,105,35,2107,0,35,273,331,494,518,272,135,33,2089,71,237,742,823,718,590,282,158,44,3665,31,151,459,534,506,414,150,49,15,2294,4,49,116,102,86,71,56,30,17,537
60103,7,145,525,311,235,255,195,96,26,1802,6,47,242,226,204,190,136,83,29,1153,24,185,1382,787,443,352,188,56,20,3449,19,187,656,560,493,433,216,40,14,2616,3,26,138,97,72,52,23,10,6,434,16,93,312,226,155,108,60,30,3,1003,3,5,6,0,6,5,8,0,0,34,6,13,53,46,25,14,19,11,0,193,103,105,330,237,203,208,241,276,157,1864,191,906,4070,2710,1998,1729,1145,628,275,13648,0,21,88,74,62,33,19,5,3,298,8,66,207,94,61,29,3,0,0,470,29,167,496,624,633,549,372,219,52,3139,31,152,243,236,309,185,159,78,23,1420,6,27,103,79,57,35,7,9,4,329,5,88,221,209,324,273,139,73,23,1355,3,27,168,147,201,184,136,69,20,957,82,280,849,623,572,341,131,61,17,2961,32,166,520,486,472,291,82,30,7,2090,5,37,106,111,77,39,24,13,0,421
60104,9,105,335,348,336,326,298,119,48,1914,0,15,168,282,268,276,272,154,35,1471,15,94,593,563,399,277,186,68,34,2230,10,86,352,397,418,340,266,84,23,1969,4,27,99,116,107,69,58,17,8,497,14,37,135,130,102,73,46,12,8,560,0,4,6,5,0,0,0,0,0,17,0,7,28,32,38,24,12,10,3,152,31,36,105,102,93,87,118,109,57,729,91,462,2088,2227,1998,1631,1364,606,222,10682,0,25,130,225,164,150,48,21,5,776,11,45,116,84,70,35,5,0,0,371,9,97,298,387,460,374,268,122,28,2042,15,91,148,200,210,138,84,34,9,932,0,11,85,135,97,45,29,18,4,428,6,55,226,333,387,343,163,116,25,1646,0,19,182,247,324,341,201,95,27,1430,30,149,546,503,468,377,177,65,19,2333,19,105,335,430,407,349,141,54,10,1852,3,23,92,116,97,83,35,25,7,475
60105,6,224,773,580,552,531,419,202,77,3366,3,41,262,303,362,497,521,217,58,2261,22,259,1567,752,526,400,247,77,37,3887,11,149,668,607,603,498,461,173,30,3206,5,88,342,226,181,145,112,45,15,1160,15,63,186,99,103,84,52,21,9,629,0,13,0,0,0,0,5,0,0,28,0,23,74,77,83,63,37,17,6,372,59,104,294,168,149,154,150,159,147,1377,129,1164,4910,3288,2958,2611,2164,954,390,18568,0,138,420,401,332,275,119,58,17,1750,6,97,323,174,115,48,12,3,0,780,16,151,395,421,442,434,315,207,72,2454,12,73,181,222,240,162,106,71,22,1075,4,47,128,140,119,76,32,17,10,579,7,212,631,711,803,630,288,158,71,3513,0,40,272,399,606,757,289,145,68,2577,47,476,1036,805,762,574,262,143,68,4165,23,332,877,842,812,762,324,118,38,4128,10,166,358,311,244,201,84,33,16,1419
60106,3,35,158,101,130,131,117,40,12,711,5,15,95,109,85,108,82,41,7,534,8,55,241,222,166,195,75,24,4,1004,9,44,187,145,144,207,120,15,0,872,0,9,40,36,39,24,23,7,0,181,7,33,91,98,76,45,29,7,0,392,0,0,0,0,0,0,0,0,0,5,0,3,13,17,11,16,7,4,0,66,34,25,87,108,78,89,113,79,38,650,65,224,996,921,800,859,595,225,61,4747,0,4,16,35,24,18,13,5,0,113,5,7,25,27,10,14,0,0,0,88,13,53,129,210,252,187,123,54,13,1032,20,61,94,96,109,83,51,20,5,533,0,3,48,51,67,23,14,4,0,208,0,13,64,97,117,111,51,25,4,482,5,11,47,73,92,87,57,16,8,392,19,80,195,205,206,135,57,27,4,935,9,48,131,153,181,119,44,3,0,685,3,11,28,42,33,39,22,6,0,175
60201,13,266,1022,766,672,684,499,239,83,4238,7,88,394,581,598,533,468,270,79,3024,24,234,1148,928,857,614,368,137,47,4370,43,248,760,725,736,645,409,95,14,3677,3,51,196,165,142,104,79,39,10,792,54,191,426,311,289,153,116,43,10,1601,0,12,9,8,0,6,3,3,3,53,0,7,57,54,49,27,24,16,3,247,119,187,363,255,264,282,333,375,224,2402,286,1420,4882,4123,3846,3216,2428,1259,491,21956,6,44,144,152,131,117,46,16,7,655,10,74,265,123,93,45,3,0,0,606,51,330,771,935,1065,886,568,306,90,5011,29,267,413,408,417,283,207,131,27,2189,9,55,188,197,140,88,54,25,7,762,11,211,660,715,814,621,291,140,53,3520,3,82,529,584,693,635,360,176,43,3102,90,403,1148,1080,929,635,286,129,57,4754,52,250,636,746,701,565,166,60,16,3202,14,89,292,207,147,119,64,29,15,979
60202,5,42,152,165,179,260,197,80,12,1087,4,14,68,112,127,149,134,71,12,693,8,60,157,218,192,237,141,36,9,1054,4,46,146,162,216,217,138,33,3,969,0,3,27,29,41,48,42,11,0,205,4,39,99,76,76,50,36,13,4,395,0,3,0,0,0,0,0,0,0,5,0,7,0,13,10,13,17,6,0,74,47,34,80,83,118,147,154,132,45,840,77,266,821,972,1060,1214,916,407,90,5825,0,6,22,45,40,46,22,3,0,199,0,14,18,29,15,13,3,0,0,98,19,82,186,277,379,351,229,95,17,1635,14,27,48,101,140,114,58,33,0,539,13,30,86,115,98,64,23,17,8,456,4,20,77,135,239,235,121,37,16,886,0,11,59,100,133,181,118,30,17,650,10,66,207,274,278,229,81,33,5,1188,14,39,115,197,191,189,77,26,6,841,3,17,15,45,47,65,31,15,5,234
60203,3,52,223,231,247,360,273,124,29,1537,5,21,140,204,207,252,258,110,19,1207,12,63,298,303,296,318,199,63,10,1564,19,66,221,245,311,315,200,41,7,1424,0,21,42,50,41,62,48,18,0,284,22,59,198,161,136,90,64,21,3,752,0,0,0,0,0,0,0,0,4,11,0,5,12,16,24,24,22,7,0,103,85,64,132,166,198,260,294,224,110,1519,152,380,1369,1491,1590,1803,1427,630,186,9038,0,8,30,48,48,63,35,9,3,237,12,18,30,32,32,19,4,0,0,151,42,122,339,461,605,532,349,140,30,2616,14,57,93,166,212,176,95,45,9,868,17,59,173,184,174,121,52,26,0,808,3,34,112,191,308,294,180,68,20,1214,0,19,113,154,222,300,181,54,19,1059,25,90,298,338,375,293,125,32,10,1580,28,47,175,251,297,270,104,17,9,1199,3,11,38,46,62,77,34,14,6,285
60301,0,23,49,63,62,93,53,16,8,372,0,16,40,55,48,41,52,16,8,275,6,23,104,107,94,71,39,9,3,459,7,30,66,100,96,132,52,4,0,483,0,3,8,15,14,8,9,0,0,62,3,19,64,40,27,24,13,7,0,198,0,0,0,0,0,0,0,0,0,0,0,6,3,0,6,7,10,4,0,36,48,39,57,66,83,91,75,47,14,516,73,166,447,499,481,525,318,110,24,2643,0,0,11,13,17,18,5,0,0,74,0,3,9,12,7,3,0,0,0,28,3,29,100,162,157,143,81,20,4,693,0,14,34,63,54,60,38,8,0,276,10,29,67,59,58,35,19,4,0,274,6,0,39,52,63,66,33,16,0,290,0,4,21,43,40,61,32,9,0,214,3,37,77,98,98,89,25,6,0,444,3,23,58,96,103,73,18,3,0,384,0,4,17,22,19,11,10,7,0,91
60302,6,22,99,123,151,226,156,66,9,852,0,12,65,123,118,163,147,72,11,705,3,37,178,195,185,205,115,30,0,958,0,35,141,200,211,235,168,28,5,1029,0,8,54,88,66,87,50,15,0,367,5,31,77,78,55,52,28,6,0,341,0,3,4,0,0,0,3,0,0,9,0,0,8,16,26,15,15,0,0,84,40,36,96,105,115,136,132,111,42,822,60,202,827,1053,1045,1253,873,335,85,5726,0,4,29,60,65,48,38,14,0,256,0,6,33,29,30,22,3,0,0,129,8,54,158,218,288,280,155,65,13,1231,9,37,66,119,119,88,54,21,3,515,5,20,66,107,100,50,23,6,0,377,4,15,55,125,183,177,91,27,10,682,0,0,40,92,109,165,112,31,7,554,14,56,165,210,181,185,80,13,3,914,7,26,109,222,200,206,86,20,7,887,0,3,45,74,72,83,46,5,0,339
60303,0,6,27,32,17,78,63,24,7,259,0,0,25,33,39,69,68,40,9,280,5,9,72,57,44,88,46,13,0,338,0,5,26,37,45,101,75,21,0,306,0,0,9,10,9,15,16,10,0,66,4,3,31,42,26,33,24,8,0,169,0,0,0,0,0,0,0,5,0,5,0,0,0,7,6,3,0,3,0,15,5,7,42,38,31,66,62,41,22,320,15,39,271,274,250,488,370,160,51,1921,0,0,8,12,11,11,3,6,0,60,0,0,3,3,3,3,3,0,0,16,0,9,26,63,84,105,108,43,11,452,0,3,10,30,48,68,53,15,3,233,0,5,26,35,30,24,16,0,0,142,0,6,14,8,39,78,28,12,3,192,0,0,12,22,38,69,60,13,3,222,0,14,49,41,62,75,44,18,3,298,7,3,28,36,53,72,35,0,0,234,5,0,10,12,16,24,17,4,0,83
60401,11,136,383,306,307,372,266,133,38,1954,10,54,202,287,261,261,244,145,49,1503,28,123,427,448,442,415,206,72,13,2169,31,135,438,424,467,475,241,40,9,2262,0,18,60,44,32,70,45,11,3,284,19,112,254,179,163,107,56,23,3,923,0,0,6,0,0,7,3,8,5,23,0,12,12,27,24,18,11,12,0,123,129,96,174,181,226,226,292,293,121,1746,240,723,2096,2035,2062,2081,1433,763,266,11708,0,10,48,52,47,36,42,16,4,247,19,31,70,39,52,32,9,0,0,249,43,242,573,699,786,587,441,179,45,3600,15,118,149,198,258,215,131,61,19,1183,13,41,135,136,131,70,29,14,3,567,0,77,217,295,475,360,203,73,27,1728,0,26,218,234,339,346,221,83,19,1492,54,193,492,536,565,355,137,60,19,2408,58,124,315,411,433,310,84,33,6,1772,4,34,68,64,73,52,25,16,0,346
60402,11,101,329,242,309,356,326,128,32,1837,6,35,227,280,275,276,263,151,39,1558,8,124,493,466,405,420,241,45,13,2214,32,133,395,409,454,444,246,48,6,2165,0,13,61,51,42,60,30,11,3,277,15,92,283,198,182,107,78,28,4,999,0,0,0,0,3,0,0,0,0,11,4,3,12,15,21,20,19,3,5,106,85,80,202,160,202,229,315,258,130,1647,172,625,2152,1940,2033,2045,1597,694,244,11500,0,3,33,42,43,47,22,13,3,212,4,28,73,50,45,25,15,0,0,239,21,184,432,627,636,562,374,161,49,3055,18,117,177,210,294,264,160,72,15,1331,7,34,95,126,98,65,17,15,4,465,9,61,197,242,311,355,183,65,44,1471,0,28,217,244,278,320,239,83,38,1444,44,197,521,477,494,361,119,64,10,2294,41,115,310,371,352,274,89,30,0,1579,3,21,47,48,67,51,24,13,7,286
60403,4,16,77,75,78,115,97,31,8,486,3,19,83,104,89,84,70,31,9,494,7,31,153,126,129,118,60,9,3,637,3,30,114,123,127,145,67,19,7,638,0,9,18,21,20,21,9,8,0,104,9,35,86,78,61,44,20,4,0,351,0,0,0,5,0,0,0,0,0,4,0,0,6,4,3,18,8,0,0,43,51,37,116,107,107,135,138,88,39,809,83,200,730,694,683,745,498,201,62,3888,0,10,27,26,23,23,13,6,0,124,8,8,16,18,21,10,4,0,0,80,17,70,246,289,316,252,130,45,14,1376,11,42,51,69,89,74,39,16,0,385,14,26,87,95,77,23,13,3,0,350,0,6,45,87,138,123,41,12,0,468,0,14,103,88,110,103,47,12,8,484,17,52,167,155,139,121,43,9,4,709,10,37,79,122,146,75,31,6,0,489,0,9,18,29,19,26,15,0,0,120
69797,0,0,0,0,0,0,0,0,0,0,0,0,0,0,0,0,0,0,0,0,0,0,0,0,0,0,0,0,0,0,0,0,0,0,0,0,0,0,0,0,0,0,0,0,0,0,0,0,0,0,0,0,0,0,0,0,0,0,0,0,0,0,0,0,0,0,0,0,0,0,0,0,0,0,0,0,0,0,0,0,0,0,0,0,0,0,0,0,0,0,0,0,0,0,0,0,0,0,0,0,0,0,4,0,0,0,0,0,0,4,0,0,0,0,0,0,0,0,0,5,0,3,5,6,4,6,0,0,0,20,0,0,4,0,0,0,0,0,0,7,0,0,0,0,0,0,0,0,0,10,0,0,4,0,0,0,0,0,0,0,0,0,0,0,0,0,0,0,0,0,0,0,0,0,4,0,0,0,0,4,0,0,0,0,0,0,0,0,0,3,0,0,0,0,0,0,0,0,0,4
69999,0,3,12,4,0,14,0,0,0,33,0,0,3,8,7,3,6,0,0,24,0,0,8,12,3,8,0,0,0,39,0,3,8,4,10,12,9,0,0,44,0,3,6,0,3,3,0,0,0,15,0,4,8,3,0,3,0,0,0,24,0,0,0,0,0,0,0,0,0,0,0,0,7,0,0,6,0,0,0,9,7,7,11,18,19,19,25,7,4,130,11,22,68,68,56,63,47,8,4,347,0,0,0,0,3,7,0,0,0,18,0,0,3,0,3,0,0,0,0,13,0,4,23,15,20,4,11,0,0,75,0,3,4,6,4,0,3,0,0,20,0,0,0,4,0,0,0,0,0,17,0,0,13,3,8,15,4,0,0,57,0,0,11,3,0,11,0,4,0,27,3,6,18,17,4,5,0,0,0,50,0,5,11,7,15,18,3,0,0,64,0,5,3,3,0,0,0,0,0,10
70101,8,116,611,265,159,146,71,30,9,1404,3,39,220,170,147,145,102,39,0,874,6,135,854,520,340,230,82,23,0,2204,6,73,432,338,221,213,101,19,4,1410,0,23,134,78,49,22,8,0,0,316,14,35,152,104,73,33,17,3,0,434,0,3,3,0,0,0,0,0,0,12,0,7,33,25,14,11,7,0,0,100,59,119,370,215,138,129,52,43,29,1157,103,614,3071,1911,1239,998,471,172,49,8630,0,19,95,76,60,39,11,4,0,301,8,21,137,60,48,21,5,0,0,300,16,203,521,361,338,268,107,38,7,1851,3,68,208,115,92,94,31,13,0,631,0,18,68,62,36,25,14,0,0,226,3,81,313,182,180,137,43,18,0,951,6,29,178,137,174,179,78,10,0,790,19,197,776,518,400,268,70,8,4,2266,9,120,469,316,284,205,73,12,8,1485,3,37,180,70,48,37,6,3,0,388
70102,7,150,989,730,433,318,164,72,16,2872,9,59,360,422,350,301,203,83,6,1795,27,146,914,802,566,393,185,54,9,3085,28,115,527,556,466,334,172,53,3,2264,0,33,108,118,69,43,37,10,5,420,32,44,199,183,111,67,39,10,5,692,0,0,3,3,6,3,0,0,0,11,4,9,60,47,50,27,12,9,0,208,156,125,441,400,338,258,185,123,35,2056,269,761,3980,3633,2638,1864,1070,420,86,14720,0,22,173,182,153,111,43,10,0,698,14,70,232,154,98,62,9,4,0,627,37,223,733,801,808,600,286,63,10,3561,23,83,230,221,238,200,87,25,4,1103,5,37,142,141,100,54,22,10,0,509,9,124,749,585,559,331,103,37,13,2506,4,43,301,407,464,436,167,39,5,1859,40,286,994,893,721,455,123,20,5,3540,35,166,574,616,545,370,122,33,9,2462,11,45,166,139,103,88,22,7,0,570
70103,12,34,137,133,109,107,84,21,5,639,3,18,78,137,155,103,62,15,0,572,42,46,185,266,249,190,61,13,0,1058,16,38,119,136,168,119,55,12,0,663,0,3,18,21,21,20,5,5,0,93,20,22,64,69,59,43,7,0,0,283,0,0,0,0,0,0,0,0,0,9,0,0,14,15,24,9,5,3,0,71,61,59,132,183,182,146,130,34,7,919,175,239,845,1071,1081,814,429,110,13,4775,0,8,41,52,29,27,10,0,0,166,11,26,25,17,25,11,3,0,0,119,29,135,280,486,449,306,120,31,0,1851,10,56,103,138,122,90,43,15,0,579,18,29,66,97,81,32,13,0,0,346,0,30,66,139,145,122,37,18,5,556,7,13,68,116,128,115,32,0,3,481,32,72,183,277,226,136,41,3,0,972,15,35,87,161,138,57,36,11,0,545,0,9,29,39,30,18,9,0,0,139
70104,10,84,387,302,201,145,69,24,7,1228,11,46,261,313,230,139,62,14,0,1080,62,136,677,646,430,221,78,7,6,2265,29,95,433,401,264,153,65,8,4,1448,4,14,68,52,26,13,7,0,0,187,31,63,238,165,88,40,18,4,0,646,4,4,0,0,0,0,0,0,0,12,4,7,27,34,23,15,3,0,0,116,90,131,377,322,220,153,106,39,24,1459,268,621,2706,2459,1583,931,430,108,36,9144,0,9,67,58,45,19,4,0,0,195,8,22,99,73,33,24,0,0,0,261,24,230,619,596,408,197,76,21,3,2173,7,64,148,134,105,65,21,6,0,558,13,30,76,59,32,18,0,0,0,232,0,48,217,186,148,88,31,10,0,732,3,22,178,182,149,73,30,8,0,647,51,193,612,586,309,140,25,10,0,1928,27,115,377,339,232,121,27,9,0,1237,6,24,57,45,25,12,9,0,0,172
70201,6,81,571,367,259,259,116,28,17,1692,4,26,193,190,223,211,102,36,3,990,27,54,422,339,312,187,77,14,5,1445,5,63,401,351,247,209,74,20,0,1379,5,25,96,51,45,39,18,3,0,283,33,76,146,109,54,44,14,6,0,476,0,0,0,0,6,6,0,0,0,14,0,8,31,27,21,16,12,0,0,112,110,130,398,301,256,227,115,50,29,1626,203,491,2419,1859,1521,1247,550,171,54,8516,0,11,93,67,62,45,21,4,0,295,0,17,82,53,33,16,5,0,0,208,18,128,409,431,430,312,82,36,9,1841,11,67,167,153,151,96,46,3,0,702,0,33,90,101,76,28,13,0,0,350,8,50,435,384,384,248,67,17,3,1602,3,39,214,268,302,270,82,16,0,1190,23,125,478,460,377,242,36,9,0,1753,10,112,423,415,349,239,55,8,3,1613,8,38,119,91,82,56,13,0,0,406
70202,0,6,36,30,20,28,8,0,0,132,5,7,24,12,29,26,12,3,0,119,3,5,34,28,20,21,5,0,0,119,0,9,34,36,34,20,8,0,0,135,0,0,17,6,0,5,0,0,0,25,0,4,18,13,6,3,0,0,0,45,0,0,0,0,0,0,0,0,0,0,0,0,4,0,0,3,0,0,0,8,24,19,63,41,50,37,11,0,0,244,39,71,261,174,165,138,51,10,0,896,0,0,6,4,5,5,0,0,0,20,0,0,7,4,3,0,0,0,0,10,0,11,26,33,44,27,19,0,0,161,5,4,25,14,19,12,5,0,0,87,6,5,27,5,6,4,0,0,0,69,0,4,27,26,43,32,7,0,0,143,0,16,42,28,34,33,8,0,0,158,4,20,37,39,29,22,3,0,0,150,5,14,31,23,20,29,5,0,0,131,4,0,4,3,4,0,0,0,0,23
70203,0,4,31,36,46,52,19,9,0,198,0,10,66,68,63,58,30,3,0,302,3,10,61,54,58,46,26,4,0,270,4,8,67,51,71,52,27,0,0,284,0,0,13,6,4,6,0,4,0,34,0,5,35,15,18,11,7,0,0,98,0,0,0,0,0,0,0,0,0,0,0,4,4,7,0,0,0,0,0,17,103,68,202,138,146,138,102,21,0,914,120,124,503,409,449,391,223,37,5,2258,0,4,26,24,10,6,0,0,0,80,3,0,4,11,3,0,0,0,0,31,9,34,99,136,163,119,40,11,0,603,8,19,89,56,42,46,22,0,0,279,6,27,83,78,55,21,6,0,0,276,4,15,48,65,65,67,13,7,0,278,0,20,88,105,112,77,15,3,0,425,9,36,105,90,73,55,17,5,0,390,0,20,82,67,79,51,4,3,0,324,4,6,20,25,18,8,6,0,0,84
70204,4,10,78,78,55,44,16,0,0,283,4,10,56,73,62,53,20,0,0,274,3,5,52,75,61,32,5,0,0,242,0,12,65,61,44,30,14,3,0,230,0,5,11,9,7,4,0,0,0,32,3,10,25,20,20,11,0,0,0,89,0,0,0,0,0,0,0,0,0,0,0,0,8,6,0,0,0,0,0,17,75,76,185,160,98,81,30,4,0,718,93,140,507,512,367,262,86,9,0,1983,0,4,16,21,15,7,0,0,0,68,0,0,11,4,7,0,0,0,0,30,9,53,223,217,174,78,18,0,0,780,3,15,61,66,48,23,3,0,0,221,3,8,30,44,24,9,0,0,0,113,0,6,80,104,107,54,8,0,0,349,3,19,108,121,117,80,11,0,0,460,5,24,107,127,105,68,4,0,0,448,0,16,74,104,69,47,14,0,0,318,0,8,20,18,12,3,0,0,0,56
70205,0,32,157,85,85,85,36,3,0,498,3,19,117,93,101,74,36,8,0,456,6,34,188,133,114,73,24,4,0,572,9,33,184,124,96,64,24,3,0,537,0,5,20,13,8,7,0,3,0,50,8,12,40,34,29,10,6,0,0,151,0,0,4,0,0,0,0,0,0,6,0,0,3,9,5,0,0,0,0,23,117,140,254,191,189,156,74,22,5,1147,148,336,1063,746,671,499,215,49,10,3739,0,7,28,13,9,10,4,0,0,71,0,10,21,9,19,5,0,0,0,56,12,109,212,213,154,125,52,9,0,872,3,27,73,52,58,44,26,5,0,285,19,41,105,64,51,27,4,0,0,327,8,25,133,119,114,66,19,11,0,500,0,22,134,109,134,114,30,9,0,538,10,52,192,173,119,78,14,0,0,638,13,43,154,111,91,78,22,0,0,509,0,10,29,24,17,4,7,0,0,89
79797,0,0,0,0,0,0,0,0,0,0,0,0,0,0,0,0,0,0,0,0,0,0,0,0,0,0,0,0,0,0,0,0,0,0,0,0,0,0,0,0,0,0,0,0,0,0,0,0,0,0,0,0,0,0,0,0,0,0,0,6,0,0,0,0,0,0,0,0,0,0,0,0,0,0,0,0,0,0,0,0,0,0,0,0,0,0,0,0,0,0,0,3,0,0,4,0,0,0,0,8,0,0,0,0,4,0,0,0,0,4,0,0,0,0,0,0,0,0,0,0,0,3,6,9,7,3,0,0,0,29,0,0,0,0,0,0,0,0,0,3,0,0,0,0,0,0,0,0,0,3,0,0,5,0,0,0,0,0,0,5,0,0,0,0,0,0,0,0,0,0,0,0,4,0,0,0,0,0,0,7,0,0,3,0,0,0,0,0,0,3,0,0,0,0,0,0,0,0,0,0
79999,0,0,42,12,12,23,4,0,0,95,0,0,10,9,17,14,6,4,0,58,0,4,33,26,17,24,7,0,0,113,0,6,35,21,13,20,8,0,0,103,0,3,16,3,0,3,5,0,0,25,0,0,8,3,7,3,0,0,0,28,0,0,0,0,0,0,0,0,0,0,0,0,0,0,4,0,0,0,0,8,36,43,147,117,155,127,39,6,0,662,36,63,307,214,229,210,76,9,0,1144,0,3,7,3,4,0,0,0,0,26,0,0,4,4,4,0,0,0,0,14,3,17,31,26,33,55,23,0,0,187,0,0,17,15,10,15,10,0,0,71,0,0,14,9,8,5,0,0,0,34,0,5,25,6,17,32,6,0,0,93,0,4,8,3,8,14,14,0,0,56,0,9,34,17,11,26,11,0,0,110,0,18,29,21,14,10,6,0,0,101,0,5,11,6,3,4,0,0,0,37
80101,16,356,1135,737,547,506,417,207,74,3981,10,138,695,790,581,502,585,323,71,3705,54,393,1792,1672,1249,838,612,237,57,6914,36,464,1648,1701,1194,864,694,283,55,6939,11,130,464,432,269,138,104,37,12,1601,69,159,349,281,193,118,74,38,14,1295,5,5,3,7,5,3,10,4,4,42,11,30,107,136,87,66,42,29,10,508,103,201,481,331,244,215,238,163,106,2078,340,2199,7832,7007,5082,3725,3107,1439,430,31161,3,165,657,678,588,523,257,73,15,2961,41,226,1088,813,557,300,79,3,0,3102,19,237,933,980,834,828,537,287,40,4701,20,239,475,428,307,318,190,78,12,2068,13,56,228,256,153,116,59,17,7,915,10,201,683,617,646,533,284,131,32,3128,4,124,680,703,672,813,476,148,40,3665,80,836,2536,2046,1473,1307,587,156,69,9086,53,617,2206,1793,1448,1351,664,215,54,8403,18,271,731,441,256,180,80,25,13,2015
80103,0,0,4,3,4,0,11,0,0,24,0,0,3,6,4,3,3,3,0,22,0,3,14,19,12,9,7,0,0,68,0,4,12,10,13,9,7,3,0,56,0,0,4,0,0,5,0,0,0,16,0,5,0,0,6,0,5,0,0,17,0,0,0,0,0,0,0,0,0,0,0,0,0,0,0,0,0,0,0,5,9,18,28,22,14,26,19,8,0,141,8,36,72,71,67,61,52,18,0,391,0,0,7,0,5,11,0,0,0,19,0,0,5,5,3,0,0,0,0,11,0,3,15,27,20,18,12,4,0,91,0,4,7,11,7,10,0,3,0,51,0,0,3,5,6,5,4,0,0,23,0,0,4,6,11,9,5,4,0,33,0,0,0,0,9,9,8,0,0,22,0,4,15,6,11,10,0,0,0,54,0,8,11,14,14,19,8,3,0,69,0,0,6,5,7,6,0,0,0,23
80104,4,237,915,739,451,269,172,94,11,2892,13,106,584,689,497,277,213,106,12,2495,31,267,1946,2199,1295,624,326,76,6,6781,33,321,1223,1364,887,499,238,78,9,4649,17,101,340,318,141,54,28,10,0,1017,49,151,348,334,219,60,35,20,0,1205,5,0,4,0,6,4,0,0,0,18,4,21,110,141,67,45,27,11,6,417,77,141,442,351,218,115,99,66,18,1531,231,1547,7078,7307,4360,2262,1272,488,64,24608,0,62,292,330,240,110,33,9,0,1091,20,106,847,733,351,112,10,0,0,2185,8,116,584,670,545,270,125,49,7,2375,13,113,329,258,153,105,65,19,7,1047,0,24,105,95,48,27,7,0,0,310,5,63,356,388,282,153,77,11,8,1334,5,56,439,415,268,200,103,13,0,1500,31,482,1878,1692,994,480,127,27,5,5721,15,287,1190,1058,627,372,117,30,3,3703,5,100,319,218,88,44,23,4,0,802
80105,13,133,485,317,255,225,172,74,54,1713,4,51,290,245,251,265,272,172,59,1611,24,318,1175,720,559,423,217,91,29,3555,15,787,2089,1273,959,668,491,188,47,6524,21,144,412,294,209,137,58,25,12,1299,29,64,124,76,62,27,27,8,3,419,9,8,0,3,0,0,0,4,0,26,8,53,112,91,86,59,27,15,9,461,286,392,370,205,130,97,104,112,114,1806,410,2348,6075,3810,2967,2216,1528,733,356,20437,8,332,763,435,392,283,130,73,22,2454,29,151,600,280,219,108,21,5,0,1408,13,204,582,328,289,198,121,111,53,1900,8,83,183,167,159,122,75,63,30,879,4,41,184,158,105,69,28,16,0,609,4,100,364,297,306,223,92,89,42,1526,6,49,267,244,309,330,200,95,21,1529,52,642,1365,882,681,450,165,91,49,4385,18,790,2654,1466,1190,950,391,173,43,7676,12,239,583,337,247,144,46,15,14,1635
80106,0,54,292,263,209,263,179,99,59,1421,0,21,119,113,145,200,227,112,41,976,0,82,462,494,496,334,219,84,49,2218,3,194,954,684,530,434,385,156,45,3382,0,39,165,124,120,89,54,18,14,629,4,17,54,27,33,33,19,9,3,202,0,0,0,0,0,0,0,0,0,3,0,11,35,62,51,39,35,23,6,256,36,79,211,130,134,107,110,102,83,987,53,571,2562,2175,1938,1678,1356,643,310,11280,0,55,201,152,170,162,98,51,23,915,5,33,164,136,152,72,9,0,0,570,3,44,201,164,185,172,84,62,39,961,0,27,77,95,116,77,48,35,18,491,6,6,48,34,58,39,16,4,4,210,0,40,218,210,338,256,138,95,38,1331,0,17,127,128,198,245,108,45,28,899,10,159,600,601,531,434,142,73,61,2611,8,234,1195,747,745,736,374,122,58,4224,6,65,225,153,125,79,33,14,8,716
80107,10,180,747,704,608,602,433,174,42,3499,6,118,511,551,516,464,438,165,29,2802,31,189,1049,1417,1282,1125,611,157,37,5898,37,292,960,1047,914,924,506,148,28,4870,15,81,272,259,168,115,60,27,13,1015,58,143,349,256,210,156,81,33,8,1296,0,0,7,4,0,3,5,0,0,27,3,12,63,74,70,62,40,20,4,352,81,92,253,281,224,175,199,163,93,1566,264,1245,4760,5133,4487,4049,2613,947,279,23775,0,90,291,363,418,338,130,27,7,1666,54,172,736,679,690,296,32,0,0,2652,30,251,921,1061,1256,1014,407,168,43,5140,24,223,431,420,451,343,153,51,12,2116,3,42,153,182,140,97,43,24,0,689,5,135,549,664,813,599,207,62,14,3038,0,86,510,535,617,644,232,73,15,2712,70,532,1738,1876,2030,1242,353,100,27,7971,54,453,1218,1296,1446,1076,342,70,15,5971,33,189,409,274,215,123,42,27,0,1315
80108,3,30,241,218,172,143,132,85,34,1060,0,17,110,158,138,149,141,107,26,848,6,42,217,334,370,226,177,86,26,1475,3,65,257,410,350,272,239,104,23,1716,6,29,63,119,91,39,27,23,5,389,8,13,39,46,53,26,23,21,0,228,0,0,0,0,4,0,0,3,0,11,0,3,7,33,28,24,17,14,3,137,16,19,66,69,65,58,81,97,74,554,48,255,1150,1595,1497,1081,915,577,198,7323,0,23,116,170,166,155,101,34,3,770,11,35,164,200,147,73,14,7,0,652,5,33,142,234,221,203,215,99,28,1175,0,40,105,119,84,82,72,25,8,530,0,13,44,81,51,44,25,6,4,272,0,29,154,211,231,166,138,55,18,1019,0,15,133,164,235,243,186,64,12,1055,15,76,419,607,419,371,199,75,32,2219,5,93,436,570,460,461,264,93,15,2400,3,43,163,132,82,49,28,11,4,505
80109,4,127,631,429,332,300,208,157,58,2248,8,33,190,173,198,219,242,221,66,1340,14,121,555,583,568,403,222,145,52,2660,8,149,581,672,544,428,304,179,40,2899,3,41,128,141,116,67,40,32,11,568,13,30,89,73,68,35,24,18,13,364,0,0,0,0,0,0,0,4,0,8,0,5,41,53,52,45,22,19,14,241,23,50,152,107,107,77,94,99,79,781,73,653,2723,2601,2269,1797,1287,924,354,12695,0,56,207,211,245,207,126,61,34,1153,3,58,334,248,264,102,39,3,0,1053,4,65,242,263,292,258,241,176,39,1582,6,60,104,142,131,100,96,77,16,731,0,22,50,67,63,43,27,31,9,317,0,111,475,453,430,328,200,115,51,2170,0,16,157,204,278,311,297,124,24,1418,6,208,662,787,787,476,284,131,67,3409,20,184,685,771,828,665,414,192,53,3807,12,77,207,161,146,76,45,23,16,757
80110,0,51,269,221,63,23,18,4,0,651,0,17,105,92,38,26,17,5,0,298,0,43,331,283,116,69,23,5,0,875,0,59,269,185,93,44,22,4,0,674,0,9,74,42,24,14,3,0,0,160,5,18,36,33,10,8,0,0,0,106,0,0,0,0,0,0,0,0,0,0,0,0,19,13,14,3,7,5,0,58,11,22,72,43,22,18,18,0,0,204,23,252,1390,1140,441,229,108,19,6,3613,0,0,0,0,0,0,0,0,0,0,0,0,0,0,0,0,0,0,0,0,0,0,0,0,0,0,0,0,0,0,0,0,0,0,0,0,0,0,0,0,0,0,0,0,0,0,0,0,0,0,0,0,0,0,0,0,0,0,0,0,0,0,0,0,0,0,0,0,0,0,0,0,0,0,0,0,0,0,0,0,0,0,0,0,0,0,0,0,0,0,0,0,0,0,0,0,0,0,0,0
80111,0,0,9,3,9,3,0,0,0,22,0,0,5,4,3,3,0,0,0,14,0,0,8,11,9,15,0,0,0,43,0,4,3,16,0,5,0,0,0,35,0,0,0,0,6,0,0,0,0,8,0,0,5,4,0,0,0,0,0,11,0,0,0,0,0,0,0,0,0,0,0,0,0,0,0,0,0,0,0,0,5,0,4,0,6,4,0,0,0,20,5,6,43,54,33,35,8,0,0,181,0,0,8,3,4,3,0,0,0,15,0,0,0,0,0,0,0,0,0,8,0,9,7,4,11,0,0,0,0,30,0,0,4,0,8,3,0,0,0,17,0,0,4,3,3,3,0,0,0,13,0,3,5,0,4,0,0,0,0,15,0,4,8,16,0,3,0,0,0,34,0,0,7,10,5,0,0,0,0,27,0,11,13,11,3,5,3,0,0,43,0,0,5,0,0,0,0,0,0,6
89797,0,0,0,0,0,0,0,0,0,0,0,0,0,0,0,0,0,0,0,0,0,0,0,0,0,0,0,0,0,0,0,0,0,0,0,0,0,0,0,0,0,0,0,0,0,0,0,0,0,0,0,0,0,0,0,0,0,0,0,0,0,0,0,0,0,0,0,0,0,0,0,0,0,0,0,0,0,0,0,0,0,0,0,0,0,0,0,0,0,0,0,0,0,0,0,0,0,0,0,0,0,0,0,0,0,0,0,0,0,0,0,0,0,0,0,0,0,0,0,0,0,0,0,0,0,0,0,0,0,0,0,0,0,0,0,0,0,0,0,0,0,0,0,0,0,0,0,0,0,0,0,0,0,0,0,0,0,0,0,0,0,0,0,0,0,0,0,0,0,0,0,0,0,0,0,0,0,0,0,0,0,0,0,0,0,0,0,0,0,0,0,0,0,0,0,0,0,0,0,0
89999,0,4,9,4,0,3,0,0,0,21,0,0,0,0,0,5,0,0,0,9,0,0,6,13,0,0,0,3,0,24,0,0,13,6,6,10,5,0,0,34,0,4,0,3,0,0,0,0,0,10,0,0,0,3,0,0,0,0,0,11,0,0,0,0,0,0,0,0,0,0,0,0,0,0,0,0,0,0,0,8,0,5,7,7,3,6,4,0,0,35,3,20,43,36,21,36,7,3,0,166,0,4,8,8,0,0,3,0,0,20,0,0,4,0,0,0,0,0,0,10,0,4,10,4,3,0,0,0,0,26,0,0,0,4,0,0,0,0,0,9,0,0,0,0,0,3,0,0,0,4,0,3,13,8,3,9,4,0,0,38,0,0,0,5,3,7,0,0,0,21,0,9,17,17,9,3,0,0,0,63,0,12,26,10,17,10,0,0,0,81,0,0,9,0,0,0,0,0,0,13
90101,0,0,9,3,7,5,3,0,0,30,0,0,6,11,12,3,5,0,0,38,0,4,15,24,11,12,0,0,0,68,0,0,11,9,9,5,0,0,0,36,0,0,3,0,0,3,0,0,0,8,4,7,4,4,4,4,0,0,0,29,0,0,0,0,0,0,0,0,0,0,0,0,0,4,0,0,0,0,0,4,3,3,27,23,14,22,4,4,0,96,8,13,79,93,68,50,12,4,0,338,0,0,3,5,0,0,0,0,0,18,0,0,3,3,0,0,0,0,0,11,0,6,13,21,37,31,10,0,0,118,0,0,4,6,12,3,0,0,0,20,0,3,3,3,0,0,0,0,0,17,0,0,9,8,6,13,0,0,0,39,0,0,17,22,14,11,0,0,0,64,8,6,18,20,27,5,4,0,0,90,0,0,13,17,15,4,0,0,0,53,0,0,3,0,3,0,0,0,0,9
90102,0,0,0,0,0,0,0,0,0,4,0,0,4,8,0,10,0,0,0,25,0,4,4,5,0,0,0,0,0,20,0,0,3,5,0,0,0,0,0,4,0,0,0,0,0,0,0,0,0,0,0,3,0,5,0,0,0,0,0,4,0,0,0,0,0,0,0,0,0,0,0,0,0,0,0,0,0,0,0,0,0,4,5,5,6,12,7,3,0,55,5,17,21,27,15,28,7,3,0,127,0,0,0,0,0,0,0,0,0,4,0,0,0,0,0,0,0,0,0,6,0,0,10,13,9,0,0,0,0,32,0,0,7,3,0,7,4,0,0,16,0,0,0,0,0,0,0,0,0,5,0,0,0,0,5,0,0,0,0,7,0,0,3,4,8,7,0,0,0,17,0,0,9,8,4,0,0,0,0,22,0,0,0,0,3,0,0,0,0,0,0,0,6,0,0,0,0,0,0,6
90103,0,0,0,4,0,0,5,0,0,9,0,0,3,0,3,0,0,0,0,9,0,4,0,0,4,0,0,0,0,5,0,0,0,3,5,0,0,0,0,13,0,0,0,0,0,0,0,0,0,0,0,0,0,0,0,0,0,0,0,0,0,0,0,0,0,0,0,0,0,0,0,0,0,0,0,0,0,0,0,0,3,4,3,3,5,8,7,6,0,44,4,10,13,13,16,10,7,10,0,88,0,0,0,0,0,0,0,0,0,0,0,0,0,0,0,0,0,0,0,0,0,4,7,9,4,0,0,0,0,22,0,0,0,0,0,3,0,0,0,8,0,0,4,0,0,0,0,0,0,8,0,0,3,0,0,0,4,0,0,12,0,0,0,6,6,0,0,0,0,7,0,3,6,4,3,0,0,0,0,24,0,3,5,8,4,3,0,0,0,27,0,0,0,0,3,0,0,0,0,6
90104,0,6,12,9,12,21,22,9,5,90,0,4,4,13,10,16,19,7,0,80,0,9,13,20,11,25,23,7,0,108,0,5,10,18,16,16,12,4,0,83,0,0,9,5,4,10,3,0,0,25,0,3,5,9,13,9,3,3,5,53,0,0,0,0,0,0,0,0,0,0,0,0,5,0,4,6,0,0,0,12,10,8,12,24,14,30,18,17,4,135,14,30,73,107,95,131,103,52,18,621,0,0,0,0,0,0,0,0,0,0,0,0,0,0,0,0,0,0,0,0,0,0,0,0,0,0,0,0,0,0,0,0,0,0,0,0,0,0,0,0,0,0,0,0,0,0,0,0,0,0,0,0,0,0,0,0,0,0,0,0,0,0,0,0,0,0,0,0,0,0,0,0,0,0,0,0,0,0,0,0,0,0,0,0,0,0,0,0,0,0,0,0,0,0,0,0,0,0,0,0
99797,0,0,0,0,0,0,0,0,0,0,0,0,0,0,0,0,0,0,0,0,0,0,0,0,0,0,0,0,0,0,0,0,0,0,0,0,0,0,0,0,0,0,0,0,0,0,0,0,0,0,0,0,0,0,0,0,0,0,0,0,0,0,0,0,0,0,0,0,0,0,0,0,0,0,0,0,0,0,0,0,0,0,0,0,0,0,0,0,0,0,0,0,0,0,0,0,0,0,0,0,0,0,0,0,0,0,0,0,0,0,0,0,0,0,0,0,0,0,0,0,0,0,0,0,0,0,0,0,0,0,0,0,0,0,0,0,0,0,0,0,0,0,0,0,0,0,0,0,0,0,0,0,0,0,0,0,0,0,0,0,0,0,0,0,0,0,0,0,0,0,0,0,0,0,0,0,0,0,0,0,0,0,0,0,0,0,0,0,0,0,0,0,0,0,0,0,0,0,0,0
99999,0,0,0,0,0,0,0,0,0,0,0,0,0,0,0,0,0,0,0,0,0,0,0,0,0,0,0,0,0,0,0,0,0,0,0,0,0,0,0,0,0,0,0,0,0,0,0,0,0,0,0,0,0,0,0,0,0,0,0,0,0,0,0,0,0,0,0,0,0,0,0,0,0,0,0,0,0,0,0,0,0,0,0,0,0,0,0,0,0,0,0,0,0,0,0,0,0,0,0,4,0,0,0,0,0,0,0,0,0,4,0,0,0,0,0,0,0,0,0,0,0,0,0,0,0,0,0,0,0,0,0,0,0,0,0,0,0,0,0,0,0,0,0,0,0,0,0,0,0,0,0,0,0,0,5,0,0,0,0,3,0,0,0,0,0,0,0,0,0,4,0,0,3,0,0,0,0,0,0,6,0,0,3,0,0,0,0,0,0,6,0,0,0,0,0,0,0,0,0,4
