LGA_CODE_2021,C21_F_Health_15_19,C21_F_Health_20_24,C21_F_Health_25_34,C21_F_Health_35_44,C21_F_Health_45_54,C21_F_Health_55_64,C21_F_Health_65_74,C21_F_Health_75_84,C21_F_Health_85over,C21_F_Health_Tot,C21_F_Educ_15_19,C21_F_Educ_20_24,C21_F_Educ_25_34,C21_F_Educ_35_44,C21_F_Educ_45_54,C21_F_Educ_55_64,C21_F_Educ_65_74,C21_F_Educ_75_84,C21_F_Educ_85over,C21_F_Educ_Tot,C21_F_MngtCom_15_19,C21_F_MngtCom_20_24,C21_F_MngtCom_25_34,C21_F_MngtCom_35_44,C21_F_MngtCom_45_54,C21_F_MngtCom_55_64,C21_F_MngtCom_65_74,C21_F_MngtCom_75_84,C21_F_MngtCom_85over,C21_F_MngtCom_Tot,C21_F_Soc_cult_15_19,C21_F_Soc_cult_20_24,C21_F_Soc_cult_25_34,C21_F_Soc_cult_35_44,C21_F_Soc_cult_45_54,C21_F_Soc_cult_55_64,C21_F_Soc_cult_65_74,C21_F_Soc_cult_75_84,C21_F_Soc_cult_85over,C21_F_Soc_cult_Tot,C21_F_Creative_art_15_19,C21_F_Creative_art_20_24,C21_F_Creative_art_25_34,C21_F_Creative_art_35_44,C21_F_Creative_art_45_54,C21_F_Creative_art_55_64,C21_F_Creative_art_65_74,C21_F_Creative_art_75_84,C21_F_Creative_art_85over,C21_F_Creative_art_Tot,C21_F_FoodHos_PS_15_19,C21_F_FoodHos_PS_20_24,C21_F_FoodHos_PS_25_34,C21_F_FoodHos_PS_35_44,C21_F_FoodHos_PS_45_54,C21_F_FoodHos_PS_55_64,C21_F_FoodHos_PS_65_74,C21_F_FoodHos_PS_75_84,C21_F_FoodHos_PS_85over,C21_F_FoodHos_PS_Tot,C21_F_MixFld_pr_15_19,C21_F_MixFld_pr_20_24,C21_F_MixFld_pr_25_34,C21_F_MixFld_pr_35_44,C21_F_MixFld_pr_45_54,C21_F_MixFld_pr_55_64,C21_F_MixFld_pr_65_74,C21_F_MixFld_pr_75_84,C21_F_MixFld_pr_85over,C21_F_MixFld_pr_Tot,C21_F_FldStu_ID_15_19,C21_F_FldStu_ID_20_24,C21_F_FldStu_ID_25_34,C21_F_FldStu_ID_35_44,C21_F_FldStu_ID_45_54,C21_F_FldStu_ID_55_64,C21_F_FldStu_ID_65_74,C21_F_FldStu_ID_75_84,C21_F_FldStu_ID_85over,C21_F_FldStu_ID_Tot,C21_F_FldStu_NS_15_19,C21_F_FldStu_NS_20_24,C21_F_FldStu_NS_25_34,C21_F_FldStu_NS_35_44,C21_F_FldStu_NS_45_54,C21_F_FldStu_NS_55_64,C21_F_FldStu_NS_65_74,C21_F_FldStu_NS_75_84,C21_F_FldStu_NS_85over,C21_F_FldStu_NS_Tot,C21_F_Tot_15_19,C21_F_Tot_20_24,C21_F_Tot_25_34,C21_F_Tot_35_44,C21_F_Tot_45_54,C21_F_Tot_55_64,C21_F_Tot_65_74,C21_F_Tot_75_84,C21_F_Tot_85over,C21_F_Tot_Tot,C11_P_NatPhy_sci_15_19,C11_P_NatPhy_sci_20_24,C11_P_NatPhy_sci_25_34,C11_P_NatPhy_sci_35_44,C11_P_NatPhy_sci_45_54,C11_P_NatPhy_sci_55_64,C11_P_NatPhy_sci_65_74,C11_P_NatPhy_sci_75_84,C11_P_NatPhy_sci_85over,C11_P_NatPhy_sci_Tot,C11_P_InfTec_15_19,C11_P_InfTec_20_24,C11_P_InfTec_25_34,C11_P_InfTec_35_44,C11_P_InfTec_45_54,C11_P_InfTec_55_64,C11_P_InfTec_65_74,C11_P_InfTec_75_84,C11_P_InfTec_85over,C11_P_InfTec_Tot,C11_P_EngRT_15_19,C11_P_EngRT_20_24,C11_P_EngRT_25_34,C11_P_EngRT_35_44,C11_P_EngRT_45_54,C11_P_EngRT_55_64,C11_P_EngRT_65_74,C11_P_EngRT_75_84,C11_P_EngRT_85over,C11_P_EngRT_Tot,C11_P_ArchBuild_15_19,C11_P_ArchBuild_20_24,C11_P_ArchBuild_25_34,C11_P_ArchBuild_35_44,C11_P_ArchBuild_45_54,C11_P_ArchBuild_55_64,C11_P_ArchBuild_65_74,C11_P_ArchBuild_75_84,C11_P_ArchBuild_85over,C11_P_ArchBuild_Tot,C11_P_AgEnv_RS_15_19,C11_P_AgEnv_RS_20_24,C11_P_AgEnv_RS_25_34,C11_P_AgEnv_RS_35_44,C11_P_AgEnv_RS_45_54,C11_P_AgEnv_RS_55_64,C11_P_AgEnv_RS_65_74,C11_P_AgEnv_RS_75_84,C11_P_AgEnv_RS_85over,C11_P_AgEnv_RS_Tot,C11_P_Health_15_19,C11_P_Health_20_24,C11_P_Health_25_34,C11_P_Health_35_44,C11_P_Health_45_54,C11_P_Health_55_64,C11_P_Health_65_74,C11_P_Health_75_84,C11_P_Health_85over,C11_P_Health_Tot,C11_P_Educ_15_19,C11_P_Educ_20_24,C11_P_Educ_25_34,C11_P_Educ_35_44,C11_P_Educ_45_54,C11_P_Educ_55_64,C11_P_Educ_65_74,C11_P_Educ_75_84,C11_P_Educ_85over,C11_P_Educ_Tot,C11_P_MngtCom_15_19,C11_P_MngtCom_20_24,C11_P_MngtCom_25_34,C11_P_MngtCom_35_44,C11_P_MngtCom_45_54,C11_P_MngtCom_55_64,C11_P_MngtCom_65_74,C11_P_MngtCom_75_84,C11_P_MngtCom_85over,C11_P_MngtCom_Tot,C11_P_Soc_cult_15_19,C11_P_Soc_cult_20_24,C11_P_Soc_cult_25_34,C11_P_Soc_cult_35_44,C11_P_Soc_cult_45_54,C11_P_Soc_cult_55_64,C11_P_Soc_cult_65_74,C11_P_Soc_cult_75_84,C11_P_Soc_cult_85over,C11_P_Soc_cult_Tot,C11_P_Creative_art_15_19,C11_P_Creative_art_20_24,C11_P_Creative_art_25_34,C11_P_Creative_art_35_44,C11_P_Creative_art_45_54,C11_P_Creative_art_55_64,C11_P_Creative_art_65_74,C11_P_Creative_art_75_84,C11_P_Creative_art_85over,C11_P_Creative_art_Tot
LGA10050,14,190,607,532,399,439,390,152,44,2765,10,80,378,423,329,333,274,132,22,1984,14,158,606,640,640,520,286,90,32,2998,22,137,448,469,494,400,248,69,3,2295,8,28,87,100,67,69,41,21,6,434,18,119,309,236,179,118,91,45,19,1135,4,15,3,0,3,3,0,0,0,33,0,10,33,34,28,17,12,4,0,148,111,118,258,230,193,225,240,260,146,1780,206,905,2956,2852,2509,2274,1654,806,280,14430,0,24,75,75,62,56,21,7,0,316,3,50,108,95,71,43,15,0,0,382,24,255,581,572,685,556,318,164,36,3191,30,154,275,255,261,188,102,70,11,1352,8,53,141,134,117,90,56,22,5,615,10,148,477,421,535,420,166,93,26,2306,3,64,299,322,420,381,183,56,18,1749,66,342,869,848,739,481,204,90,23,3659,26,172,446,457,373,307,88,23,11,1897,7,46,137,97,73,51,31,8,3,454
LGA10180,20,82,290,194,184,220,185,104,31,1303,9,29,165,208,191,237,203,111,26,1175,23,71,235,240,304,254,148,76,11,1361,10,77,267,241,256,230,174,81,23,1349,7,19,44,52,57,45,24,15,10,271,27,47,76,61,54,35,14,7,0,322,4,3,5,0,0,0,0,0,0,12,0,3,10,23,19,15,14,12,3,100,223,216,211,159,156,140,148,171,121,1550,330,621,1534,1368,1338,1312,975,611,233,8325,0,31,88,105,112,112,69,25,18,564,15,26,81,45,41,17,4,4,0,218,11,79,153,180,244,200,120,79,18,1079,11,47,102,92,153,106,49,23,4,585,21,81,164,135,164,107,69,20,15,778,16,59,161,185,284,223,141,64,29,1147,3,33,209,235,305,310,161,61,14,1332,34,185,329,374,403,308,163,50,21,1860,32,136,278,344,369,368,156,44,22,1757,18,51,76,80,79,48,22,19,3,395
LGA10250,11,81,341,405,426,490,415,197,69,2435,8,51,235,316,367,409,441,178,44,2047,21,86,328,458,574,547,409,164,63,2636,11,77,279,391,431,409,315,85,17,2002,3,32,133,158,110,83,66,26,7,614,18,70,184,170,150,107,90,28,9,830,0,5,0,0,5,0,0,6,0,17,6,6,26,25,30,29,21,13,0,151,82,55,191,182,199,212,253,247,225,1645,167,473,1836,2262,2440,2431,2124,989,447,13172,5,4,40,73,69,79,40,18,7,330,8,17,39,49,50,44,17,0,0,216,10,75,245,340,516,531,376,208,99,2402,11,56,168,255,325,264,145,81,22,1330,10,29,106,137,140,101,64,26,7,614,3,41,243,432,584,490,238,142,54,2238,0,39,189,344,451,605,299,122,29,2064,32,116,431,656,638,576,301,155,61,2976,20,68,251,388,421,375,143,60,12,1745,5,44,107,123,120,73,39,23,7,534
LGA10300,0,6,14,4,19,14,9,3,0,65,0,0,11,11,14,8,5,0,3,51,0,0,19,14,9,14,0,0,0,63,0,0,5,13,3,11,0,0,0,39,0,0,4,0,0,0,3,0,0,4,0,4,15,3,4,9,0,0,0,40,0,0,0,0,0,0,0,0,0,0,0,0,0,0,0,0,0,0,0,6,13,5,29,24,23,25,23,12,3,165,14,23,103,74,79,83,57,17,9,467,0,0,0,0,0,0,3,0,0,6,0,0,3,0,0,0,0,0,0,3,0,5,18,16,23,17,8,0,0,86,0,3,6,7,4,5,0,0,0,31,0,7,20,16,16,3,0,0,0,67,0,4,4,15,18,14,7,0,3,63,0,0,10,13,15,11,0,5,0,50,0,3,25,14,14,6,0,0,0,65,0,5,12,14,13,8,0,0,0,53,0,0,0,3,0,0,0,3,0,9
LGA10470,32,163,386,318,296,339,266,93,44,1925,7,73,315,256,318,303,253,111,23,1651,15,106,452,509,517,427,268,87,32,2410,29,147,382,366,351,274,165,53,13,1776,10,44,116,69,78,50,37,21,5,430,18,75,164,146,133,70,42,17,4,674,3,3,7,5,0,3,3,0,0,24,0,7,19,26,17,16,15,7,4,106,78,94,163,145,198,163,154,156,117,1266,196,748,2139,1985,2046,1783,1273,578,250,11005,0,4,31,61,66,48,24,9,4,248,4,50,82,70,58,40,7,0,0,314,28,175,455,527,612,494,267,109,34,2702,12,102,184,182,195,174,87,41,9,986,8,44,106,120,123,79,62,28,11,579,14,113,274,309,399,335,129,85,25,1682,5,53,231,337,365,346,170,80,23,1607,35,203,544,572,549,420,193,76,32,2633,25,144,345,355,295,213,107,39,10,1527,15,71,105,97,69,70,47,9,0,486
LGA10500,18,419,1843,1071,778,624,405,152,53,5360,8,209,1147,873,752,520,409,165,67,4160,44,1033,5293,3860,2588,1594,733,245,68,15469,37,524,2095,1559,1198,850,388,100,22,6765,27,339,1026,671,349,185,89,36,7,2723,41,299,778,589,476,272,182,59,12,2712,6,16,13,9,9,11,17,13,4,92,0,50,168,174,139,102,40,19,10,691,194,500,1488,902,631,574,518,550,453,5812,393,3897,15808,11021,7706,5332,3056,1479,738,49425,8,119,522,447,387,197,92,29,11,1811,13,226,1604,839,295,104,18,3,0,3102,33,354,1652,1831,1860,1363,893,501,165,8657,12,165,670,691,508,337,195,138,39,2754,5,29,135,133,98,57,25,20,5,505,19,251,1043,1047,782,515,239,138,54,4094,5,153,729,831,670,551,284,127,43,3391,132,1440,5473,3865,2317,1269,524,237,111,15368,62,433,1809,1372,1041,645,220,96,15,5704,32,268,806,544,285,140,79,32,14,2195
LGA10550,4,52,210,225,285,450,320,144,30,1722,3,20,148,181,205,324,347,133,37,1405,13,49,216,264,356,428,315,106,32,1776,9,58,213,253,273,409,257,62,10,1536,0,11,45,72,71,104,76,27,4,414,19,43,139,114,139,119,72,32,7,694,0,3,3,0,0,0,0,3,0,13,0,3,14,11,29,24,26,10,3,117,92,60,113,133,191,255,234,201,148,1428,155,336,1177,1369,1680,2294,1782,754,284,9826,0,0,25,47,60,101,48,20,8,309,4,5,17,17,42,42,16,8,0,155,11,79,223,331,499,540,403,196,57,2340,8,55,113,167,228,248,148,60,22,1039,12,17,76,135,131,123,41,17,0,565,0,25,131,217,410,344,218,82,27,1454,3,11,92,169,314,449,205,68,20,1327,24,73,183,348,416,422,253,94,33,1847,10,65,155,258,350,330,146,42,17,1376,3,7,50,64,100,111,63,23,3,423
LGA10600,0,16,61,98,138,179,116,51,12,674,0,15,57,76,114,152,137,48,11,618,4,6,55,93,121,130,100,34,9,547,4,18,76,83,149,191,117,27,4,661,0,0,30,55,55,44,30,8,3,229,6,9,38,38,47,32,23,7,0,205,0,0,0,0,0,3,0,3,10,16,0,0,5,7,13,5,9,0,0,48,40,14,47,68,78,83,105,68,24,533,54,90,402,558,789,895,672,278,79,3829,0,4,11,29,25,32,19,4,0,131,5,0,9,21,24,12,7,0,0,79,6,20,61,117,220,189,135,74,17,832,9,6,37,84,117,93,50,21,5,421,5,15,33,54,70,55,12,9,4,254,0,9,47,132,184,149,76,32,15,641,0,8,44,99,170,187,87,34,11,633,9,25,78,132,176,141,75,33,7,684,0,13,42,146,190,140,57,17,3,621,3,15,34,46,60,52,29,11,4,242
LGA10650,0,8,63,53,33,73,82,40,7,356,0,7,34,43,38,56,39,24,6,254,0,10,42,69,70,74,50,17,7,343,3,7,54,61,47,71,53,14,7,321,0,3,4,9,3,7,4,0,0,31,4,10,31,32,31,18,18,9,0,151,0,0,0,0,0,0,0,0,0,4,0,0,0,3,9,10,6,0,0,24,20,13,44,35,66,67,95,86,58,494,31,63,297,330,315,396,364,202,85,2081,0,6,6,5,4,4,0,0,0,27,0,0,4,0,6,3,4,0,0,16,8,20,66,77,113,98,77,43,15,519,0,5,18,33,27,38,26,15,0,161,11,15,51,42,46,45,13,7,0,229,0,13,42,45,83,89,55,23,9,355,0,9,43,59,47,52,36,13,6,262,8,21,73,75,70,57,34,19,4,356,9,8,55,46,48,56,16,5,0,241,0,0,3,4,7,7,4,4,0,37
LGA10750,101,882,3771,3186,2141,1509,911,225,77,12809,33,530,2305,2114,1699,1099,873,310,87,9052,170,1272,6145,8389,4667,3154,1540,358,71,25775,120,1083,3244,3565,2627,1724,740,168,25,13289,39,399,904,766,411,190,112,39,9,2870,181,549,1384,1297,832,482,232,87,16,5053,5,16,33,25,25,31,35,10,4,193,7,79,395,640,366,237,138,30,8,1905,720,886,2409,2360,1547,1198,1136,779,571,11603,1420,6450,24437,27454,16216,10673,6232,2170,926,95967,3,247,877,894,713,432,129,25,5,3324,85,467,2826,1933,630,212,32,7,0,6189,106,933,3676,4944,4962,3389,1535,630,120,20292,85,406,1281,1299,935,719,376,167,29,5296,36,124,402,383,307,143,60,10,0,1467,67,664,2202,2299,1929,1180,361,137,44,8883,13,341,1792,1765,1374,1178,459,190,51,7171,358,2340,8095,6980,4903,2906,816,240,63,26695,212,1095,3035,2637,1917,1128,382,96,21,10522,61,521,1040,609,298,230,86,26,3,2885
LGA10800,0,9,40,33,26,34,26,17,3,177,6,11,37,41,33,33,11,10,5,187,3,13,47,59,63,42,32,6,5,271,0,9,29,29,35,30,7,4,0,149,0,4,5,7,0,5,0,0,0,24,3,7,17,13,14,11,7,0,0,72,0,0,0,0,0,0,0,0,0,0,0,0,0,0,3,4,0,0,0,7,8,14,19,49,30,30,37,39,27,263,21,63,216,257,224,191,136,80,38,1234,0,0,9,8,3,4,0,0,0,23,0,6,0,0,3,0,0,0,0,9,8,18,74,72,62,54,27,23,4,343,0,7,18,10,16,14,9,3,0,81,0,6,33,41,46,39,19,12,0,200,5,0,21,33,44,45,25,6,3,182,0,6,38,42,38,31,22,7,3,193,7,19,64,75,64,39,16,9,0,303,3,8,37,36,27,24,11,3,0,156,0,0,6,4,9,4,6,0,0,33
LGA10850,8,17,61,47,60,69,36,28,9,333,4,0,43,37,43,47,44,10,5,241,4,15,61,72,105,71,40,10,3,386,9,13,65,52,65,50,35,8,0,292,0,4,6,15,11,12,3,0,0,54,5,14,30,38,20,13,0,4,0,129,0,0,0,0,0,4,0,0,0,4,0,0,0,3,5,3,0,0,0,11,16,15,27,30,32,47,45,34,7,254,46,81,326,323,388,343,219,102,28,1858,0,0,5,17,12,4,6,0,0,45,0,5,5,7,7,3,0,0,0,21,3,27,81,101,116,72,40,29,6,476,0,12,32,24,30,27,19,9,0,150,0,14,23,52,44,29,21,10,0,199,0,14,46,61,74,63,42,13,0,312,0,5,30,41,39,66,33,8,0,219,4,34,83,111,91,67,23,14,0,430,0,12,32,46,56,54,21,8,0,226,0,0,6,14,14,14,0,0,4,55
LGA10900,26,127,436,685,766,790,671,312,99,3922,3,91,460,711,839,927,929,348,81,4387,17,128,505,792,918,889,646,268,60,4223,33,177,604,855,905,985,743,253,39,4587,19,86,304,403,356,303,221,57,33,1787,41,105,210,249,194,127,82,39,9,1061,7,0,4,5,4,8,5,7,0,34,5,6,42,85,84,50,60,27,8,357,83,59,165,215,240,200,229,262,221,1674,241,835,3000,4384,4732,4661,3857,1692,585,23990,0,40,134,281,288,284,140,53,17,1235,29,58,160,181,174,115,37,4,0,759,20,201,542,999,1237,1146,761,316,110,5334,16,138,330,447,391,347,200,105,35,2003,12,81,214,278,218,147,74,18,3,1055,13,112,545,822,1054,889,426,229,78,4177,3,79,486,943,1221,1436,580,228,39,5012,63,294,800,1250,1385,1265,648,232,79,6008,43,255,719,1067,1189,1182,562,185,33,5233,19,155,398,563,451,328,139,70,14,2142
LGA10950,0,0,20,13,18,9,6,6,0,72,0,6,32,15,27,22,0,0,0,99,0,3,18,12,21,11,8,0,0,71,0,6,23,13,11,14,5,0,0,73,0,0,0,0,4,0,0,0,0,4,0,3,5,3,8,0,0,0,0,18,0,0,0,0,0,0,0,0,0,0,0,0,0,0,3,0,0,0,0,8,4,10,13,17,22,20,15,21,23,132,3,33,123,76,112,83,40,32,22,521,0,0,4,5,0,3,0,0,0,16,0,0,0,0,3,0,0,0,0,12,0,17,26,34,39,16,12,5,0,150,0,7,8,8,13,5,3,3,0,34,0,8,16,14,13,13,8,6,0,80,0,0,10,22,12,14,13,0,5,86,0,5,26,21,23,7,0,0,0,82,3,3,15,33,24,16,3,3,0,108,0,0,12,18,11,4,6,0,0,58,0,0,4,5,0,0,0,0,0,9
LGA11150,0,4,24,13,14,4,14,0,0,76,0,6,25,20,17,10,3,4,0,79,0,6,14,11,18,13,3,3,0,65,0,4,20,13,13,13,0,0,0,56,0,0,0,0,0,0,0,0,0,3,0,4,6,0,4,3,0,0,0,21,0,0,0,0,0,0,0,0,0,0,0,0,0,0,0,0,0,0,0,7,18,7,39,38,30,27,18,16,4,199,24,33,141,110,99,72,42,23,11,548,0,0,0,3,0,0,0,0,0,9,0,0,0,0,0,0,0,0,0,4,0,7,22,21,19,24,5,5,0,99,0,6,5,11,13,7,5,0,0,47,0,0,12,18,18,5,0,3,0,59,0,7,19,24,26,23,4,6,0,103,0,9,35,25,18,11,3,0,0,103,0,8,33,27,34,14,3,0,0,118,0,11,45,33,15,5,9,0,0,121,0,0,4,4,0,7,0,0,0,11
LGA11200,0,0,17,3,8,9,5,0,0,35,0,6,5,9,8,16,8,0,0,43,0,0,15,3,11,3,0,0,0,36,0,0,12,5,5,0,0,0,0,19,0,0,3,0,0,0,0,0,0,12,0,0,0,0,0,0,0,0,0,5,0,0,0,0,0,0,0,0,0,0,0,0,0,0,0,0,0,0,0,4,4,15,21,9,21,20,6,3,4,98,7,24,72,37,54,46,23,3,4,267,0,0,0,0,4,0,0,0,0,3,0,0,0,0,0,0,0,0,0,0,0,5,8,6,13,9,4,0,0,47,0,0,9,11,0,0,4,0,0,28,3,9,4,14,12,10,0,0,0,46,0,6,11,15,4,13,0,6,0,50,0,6,20,14,19,14,0,0,0,71,0,0,9,15,4,4,0,0,0,38,0,4,12,5,9,4,0,0,0,41,0,6,3,0,0,0,0,0,0,9
LGA11250,11,55,178,140,95,187,90,40,9,802,4,16,124,80,88,81,43,18,4,445,8,23,131,126,133,150,77,23,5,678,9,30,129,112,115,126,59,14,0,583,0,0,10,9,7,3,8,4,3,46,8,28,68,45,41,37,25,10,0,261,0,0,6,0,0,0,0,0,0,7,0,0,6,8,4,8,3,0,0,33,42,43,104,112,101,95,108,112,100,819,79,205,791,651,621,721,437,222,130,3853,0,5,12,15,10,18,6,5,0,71,4,17,28,24,36,16,3,0,0,124,22,78,190,216,269,262,147,73,11,1271,7,32,46,43,74,77,45,21,3,348,3,10,14,19,27,18,0,3,0,96,14,47,128,153,229,122,54,19,12,768,0,20,89,110,116,65,26,17,0,446,15,71,136,167,191,142,48,32,6,803,8,38,103,111,116,100,19,4,0,495,5,15,14,15,11,17,9,4,0,93
LGA11300,3,204,491,219,190,166,124,67,23,1494,0,83,240,150,151,167,132,82,33,1046,15,398,1302,753,599,377,179,51,27,3708,6,173,392,296,322,205,118,41,15,1575,13,93,226,99,84,50,29,7,10,609,5,71,140,91,86,61,27,7,4,492,0,4,10,3,0,3,0,3,0,34,4,22,46,33,26,23,20,9,0,188,41,176,342,200,150,127,104,137,177,1447,88,1470,3690,2114,1787,1367,817,453,310,12088,0,53,147,108,134,90,50,12,0,594,3,90,600,208,118,36,11,0,0,1075,0,79,406,337,376,250,166,112,34,1768,7,39,124,144,116,76,43,33,8,587,0,14,26,15,21,13,7,6,0,100,0,105,307,247,249,192,97,50,27,1278,4,47,153,155,209,208,85,66,25,943,32,612,1600,876,650,341,107,60,37,4315,13,155,490,374,330,241,84,35,8,1725,4,105,239,133,111,50,6,19,6,670
LGA11350,3,39,261,336,347,380,258,81,30,1734,0,22,136,201,235,275,300,80,25,1277,5,67,384,389,376,282,204,49,15,1771,3,65,319,394,406,443,271,73,9,1987,11,75,379,386,289,180,123,18,5,1458,6,40,154,125,144,74,48,12,0,614,0,3,0,0,0,0,0,0,0,6,0,4,31,42,50,37,24,5,3,194,88,130,330,315,298,286,200,100,73,1817,123,465,2190,2354,2334,2090,1515,435,159,11673,0,6,40,101,82,96,36,11,4,368,0,10,25,46,44,32,12,0,0,172,3,39,131,245,353,362,204,96,29,1462,8,50,116,240,298,239,77,33,14,1067,11,19,87,138,115,81,27,7,7,482,4,40,191,369,469,366,147,60,20,1667,0,7,104,275,388,445,161,50,14,1447,17,81,275,398,451,340,147,44,22,1776,8,52,251,425,506,452,136,25,3,1861,19,62,230,344,239,211,49,11,5,1171
LGA11400,3,24,98,127,118,134,91,45,14,642,0,18,62,91,92,83,58,39,0,443,8,23,85,146,151,184,80,17,7,708,4,26,76,109,89,84,38,12,0,434,0,6,17,28,19,17,9,5,0,96,9,16,45,29,53,33,13,4,0,197,0,0,0,0,3,0,3,0,0,7,0,0,3,7,9,4,8,4,0,35,47,25,49,59,92,70,79,77,49,556,80,149,481,650,707,663,411,207,71,3424,0,0,12,18,22,29,14,6,0,102,3,4,9,9,15,3,3,0,0,49,12,48,120,172,206,130,109,33,8,834,10,25,49,72,76,52,29,12,0,326,8,18,65,108,113,83,67,15,6,474,9,18,91,116,157,135,83,26,5,643,0,12,56,83,105,116,70,15,4,455,10,44,125,193,212,140,49,24,5,804,5,21,79,91,112,59,27,0,0,399,0,0,28,15,15,16,11,0,0,94
LGA11450,43,268,1253,988,733,449,205,92,28,4068,17,233,1331,1186,815,416,301,76,21,4386,69,383,1974,2161,1460,900,427,99,41,7510,49,386,1476,1235,770,449,189,47,13,4607,21,120,372,211,109,64,34,10,0,948,69,207,669,570,316,166,82,20,11,2100,0,7,13,0,3,0,0,0,0,26,4,16,78,92,75,27,26,8,0,324,134,178,504,456,297,234,202,193,193,2389,417,1937,8199,7535,4876,2912,1573,583,316,28368,0,44,74,133,88,75,19,5,0,433,17,43,180,136,70,30,0,0,0,470,33,254,783,1128,1020,772,340,167,49,4545,19,171,427,453,290,178,99,39,12,1689,4,46,111,87,85,43,21,9,4,411,20,112,393,506,382,249,119,45,18,1847,3,78,538,588,402,353,125,40,17,2138,61,315,1107,1289,930,544,179,61,20,4506,42,257,653,641,389,226,69,27,4,2304,15,116,151,96,84,43,18,12,6,538
LGA11500,54,441,1643,1319,914,738,478,133,32,5756,12,211,1089,909,683,579,480,119,34,4124,100,505,2503,2884,1725,1505,837,211,32,10300,67,533,1705,1833,1194,998,417,81,6,6825,34,178,425,253,129,93,48,20,10,1196,55,247,726,565,322,228,145,40,11,2337,4,15,14,16,7,14,15,34,21,147,8,49,109,200,134,98,47,8,0,657,361,396,1073,1024,709,643,612,496,294,5605,714,2823,10204,10120,6430,5308,3301,1236,454,40591,3,118,264,287,244,187,60,20,5,1189,48,184,773,488,256,113,19,3,0,1872,78,582,1622,1902,2485,2143,962,274,74,10116,73,296,658,591,495,472,225,83,17,2914,23,80,208,132,138,87,29,9,0,706,50,323,885,892,889,640,210,66,21,3970,10,197,766,733,783,729,278,83,13,3584,184,1057,2923,2402,2212,1579,447,126,23,10951,122,682,1540,1206,1090,636,167,38,6,5498,37,282,407,218,162,132,54,9,3,1309
LGA11520,4,187,904,618,550,510,375,147,45,3344,6,90,520,453,505,496,485,203,51,2804,8,360,2346,2314,1834,1257,654,216,79,9070,12,218,957,943,835,633,375,111,18,4107,23,160,537,427,318,175,66,26,13,1742,18,99,250,273,237,176,96,37,12,1192,0,0,8,5,3,10,10,3,0,32,0,21,69,80,104,58,46,18,9,405,69,142,482,372,261,233,233,251,318,2350,145,1484,6965,6253,5185,3951,2570,1097,571,28217,3,87,341,335,289,203,83,22,8,1371,9,58,815,541,269,67,18,4,0,1782,7,173,853,965,1006,729,440,277,103,4553,5,102,371,455,361,231,161,70,14,1783,0,26,83,66,50,42,18,11,0,295,10,152,855,793,643,481,261,137,45,3374,0,91,462,556,585,648,284,100,35,2762,36,828,3613,2987,2011,1170,462,156,83,11348,18,272,1203,1180,793,628,202,73,19,4392,25,240,686,504,245,123,45,25,9,1906
LGA11570,60,890,2660,1784,1243,1044,636,241,102,8647,43,587,2498,1997,1586,1225,793,298,103,9132,136,1346,5690,5600,4169,2818,1267,360,129,21517,83,888,3240,3141,2563,1727,702,174,33,12551,34,419,1078,792,531,312,121,46,16,3347,113,446,1222,1242,942,507,239,100,23,4832,5,23,40,29,22,31,25,26,27,233,17,116,276,316,262,153,87,43,49,1318,743,970,2647,2303,1788,1456,1246,1062,1043,13263,1268,6359,21362,18997,14507,10236,5544,2548,1637,82461,14,290,800,845,734,351,150,54,15,3251,40,384,2533,1571,722,200,26,9,0,5482,103,819,3103,3986,4149,2903,1873,1179,380,18503,92,536,1463,1500,1088,740,511,305,98,6329,15,78,252,215,233,122,51,20,7,988,71,670,2103,1730,1432,899,407,226,53,7590,36,471,1728,1666,1546,1214,502,242,79,7483,338,2721,8480,6548,4410,2392,870,439,158,26357,156,1217,3299,2799,2127,1278,403,140,37,11457,60,500,1149,857,583,252,110,49,19,3586
LGA11600,0,5,24,17,16,15,3,4,0,74,0,0,18,13,18,8,11,0,0,71,0,4,22,26,31,19,4,3,0,111,0,6,32,9,13,10,8,0,0,80,0,0,5,0,0,0,0,0,0,10,7,3,13,20,0,0,0,0,0,46,0,0,0,0,0,0,0,0,0,0,0,0,0,0,0,0,0,0,0,0,3,11,19,21,26,35,16,12,7,148,8,39,146,125,107,96,51,19,11,605,0,0,0,5,4,0,0,0,0,11,0,0,4,6,0,0,0,0,0,11,3,11,28,25,35,20,10,4,0,131,0,3,6,5,5,9,3,0,0,34,5,11,22,33,31,19,4,4,0,125,0,0,23,16,11,10,7,5,0,72,0,6,14,23,21,12,5,0,0,78,0,3,22,36,24,10,9,0,0,105,0,6,11,12,16,14,0,0,0,60,0,0,3,5,0,3,0,0,0,14
LGA11650,120,789,2765,2822,2765,2855,1944,836,233,15138,45,456,1899,2092,1982,1798,1847,699,170,10988,172,847,3192,4421,4333,3780,2649,1085,275,20755,149,946,2785,3032,3101,2611,1481,465,88,14654,72,360,856,905,640,449,299,152,33,3779,173,518,1428,1349,1192,901,604,257,73,6487,9,15,22,7,13,25,18,7,4,112,8,39,125,184,201,168,118,42,24,912,521,533,1260,1317,1234,1280,1691,1999,1795,11637,1320,4813,15199,17208,16546,14816,11292,5821,2775,89799,4,123,330,511,424,360,224,115,30,2125,60,242,651,693,527,272,63,14,3,2529,119,908,2541,3793,4770,4150,3227,1885,592,21974,90,609,1786,2152,2080,1592,1057,597,166,10130,61,234,576,619,521,282,171,77,24,2563,106,605,2115,2738,3298,2294,1160,636,171,13121,23,304,1593,1900,2148,2409,1115,557,134,10173,418,1546,4340,5178,4797,3799,2245,1002,319,23641,215,1053,2510,2853,2564,1863,882,352,88,12378,83,403,804,836,592,448,280,124,41,3614
LGA11700,0,0,7,0,6,13,8,0,0,39,4,5,13,10,12,11,0,0,0,45,0,0,5,7,12,3,0,0,0,30,0,0,5,8,9,6,8,3,0,33,0,0,0,0,0,0,0,0,0,5,0,0,7,5,7,3,4,0,0,21,0,0,0,0,0,0,0,0,0,0,0,0,0,0,0,0,0,0,0,0,19,23,35,27,27,28,18,7,4,176,23,28,77,62,66,65,40,16,4,382,0,0,0,0,0,3,0,0,0,5,0,0,0,0,0,0,0,0,0,3,0,0,4,11,12,21,11,0,0,65,0,4,0,5,3,9,0,0,0,24,0,4,10,14,9,10,3,0,0,52,3,0,4,7,28,11,8,0,0,59,0,0,27,14,7,15,0,0,0,69,0,8,14,15,7,10,0,0,0,53,3,3,12,13,7,4,6,0,0,44,0,0,0,0,5,3,0,0,0,12
LGA11720,20,154,475,418,378,474,335,95,23,2368,7,103,318,334,213,181,181,46,15,1399,34,242,819,725,638,510,256,55,14,3291,40,172,564,468,429,371,181,47,5,2275,7,36,81,82,62,43,43,19,0,382,43,132,422,330,243,138,51,19,3,1381,4,4,9,4,0,3,0,0,0,20,0,10,23,22,19,10,9,4,0,104,113,133,286,228,226,220,238,216,152,1800,294,1025,3202,2788,2363,2098,1374,530,224,13900,0,12,43,70,60,53,28,4,0,267,9,32,67,45,54,35,6,0,0,251,44,362,808,916,951,865,443,190,49,4627,10,67,196,206,226,195,115,33,11,1062,6,32,116,106,90,69,19,4,0,455,8,83,284,333,465,413,162,62,15,1817,0,30,173,178,188,235,112,41,10,966,66,260,612,595,472,374,157,51,10,2610,27,120,284,293,282,225,84,20,4,1338,6,26,82,62,61,47,23,12,6,318
LGA11730,19,81,342,321,367,472,432,170,38,2242,3,47,211,270,265,352,307,108,32,1595,24,104,349,409,509,575,416,162,46,2594,17,129,337,367,451,482,264,65,7,2131,4,15,57,66,54,70,47,33,3,355,27,111,209,199,183,150,84,26,7,987,3,0,0,0,0,3,4,0,0,20,3,5,12,19,21,27,24,3,0,118,135,113,288,313,317,321,367,322,226,2411,251,634,1911,2092,2313,2599,2055,928,361,13137,4,4,26,44,48,78,41,11,0,249,11,23,34,45,47,39,3,4,0,211,43,125,284,484,681,778,584,312,60,3357,21,55,162,234,347,381,196,96,20,1502,9,36,117,151,154,98,50,21,3,644,17,64,210,328,481,487,248,107,19,1964,0,26,153,228,386,462,248,90,18,1615,55,187,423,548,630,627,311,105,41,2919,19,108,286,394,466,371,129,47,14,1832,6,28,80,79,95,69,37,14,6,410
LGA11750,0,4,26,27,16,24,11,0,0,110,0,10,28,26,16,17,5,0,0,103,3,0,47,41,29,29,11,0,0,170,0,10,27,20,14,19,0,0,0,90,0,0,3,4,0,0,0,0,0,15,0,0,13,12,4,8,0,0,0,49,0,0,0,0,0,0,0,0,0,0,0,0,0,0,0,0,0,0,0,4,26,25,44,52,40,35,25,33,7,286,34,59,212,199,125,135,58,45,7,876,0,0,7,7,5,3,0,0,0,33,0,0,0,0,3,0,0,0,0,9,5,55,112,105,93,55,17,7,0,460,0,0,13,20,13,15,5,3,0,69,0,7,15,28,20,9,3,0,0,92,3,7,23,20,36,14,8,10,4,121,0,16,23,24,23,9,5,0,0,98,3,15,57,41,41,20,4,6,0,184,6,8,37,27,18,13,0,0,0,105,0,0,3,0,0,3,3,0,0,15
LGA11800,24,174,644,630,657,761,540,226,56,3709,8,81,401,544,502,523,534,215,49,2855,42,165,718,824,942,826,638,226,44,4414,25,135,573,669,677,648,413,109,22,3277,12,28,141,155,135,120,77,27,10,696,50,137,336,331,265,191,134,58,12,1510,3,4,9,0,6,0,8,4,0,32,9,8,37,41,55,40,34,6,4,237,171,136,395,370,347,329,371,434,354,2911,350,933,3477,3843,3850,3646,2904,1357,573,20928,0,19,57,92,100,122,59,25,3,480,16,65,118,106,77,47,25,7,0,464,43,160,463,687,896,1008,679,344,94,4374,28,104,297,405,552,427,246,118,41,2219,18,69,168,245,213,147,55,29,5,947,24,93,389,664,851,649,303,133,38,3134,3,45,333,472,603,739,363,124,24,2707,84,351,857,1007,1131,924,406,161,66,4992,47,167,518,645,688,596,198,68,18,2945,16,46,129,177,155,134,64,16,5,740
LGA12000,0,5,33,27,31,22,26,8,4,162,0,6,21,35,37,27,17,9,0,162,0,10,27,32,36,41,17,10,5,183,5,5,30,38,24,37,15,4,0,150,0,3,3,3,3,3,0,0,0,25,0,0,22,16,15,4,3,0,0,69,0,0,0,0,0,0,0,0,0,0,0,0,3,0,3,4,3,0,0,8,11,11,18,13,16,25,27,23,12,146,17,43,172,180,188,176,119,57,17,976,0,0,9,10,9,9,0,0,0,32,4,0,0,3,0,0,3,0,0,9,3,13,35,44,57,38,17,7,0,212,6,7,12,11,10,10,8,4,0,67,0,10,13,35,29,22,20,8,0,138,0,3,18,24,17,26,8,6,7,118,0,9,21,36,37,33,17,10,0,157,0,12,23,44,52,27,7,11,3,188,3,13,25,33,15,23,8,0,0,118,0,0,9,3,11,0,0,0,0,26
LGA12150,0,9,35,15,13,29,16,6,0,128,0,0,31,25,33,19,12,0,0,120,0,4,26,22,37,18,8,0,0,124,5,7,15,15,23,18,8,3,0,90,0,0,3,0,4,4,0,0,0,9,0,4,10,3,6,0,0,6,0,28,0,0,0,0,0,0,0,0,0,0,0,0,0,0,0,3,0,0,0,9,14,16,42,42,30,34,37,33,13,259,25,47,175,141,145,143,87,52,13,831,0,3,0,0,0,4,0,0,0,9,0,0,0,0,0,0,0,0,0,6,0,6,26,32,32,27,13,9,4,145,0,7,12,7,20,3,6,0,0,68,4,14,27,21,30,9,8,0,0,119,0,10,19,23,37,23,12,7,0,127,0,3,33,31,23,16,0,3,0,120,7,8,39,46,42,16,8,3,4,174,3,8,21,20,16,14,6,0,0,84,0,0,6,4,5,3,0,0,0,15
LGA12160,3,30,65,57,79,97,100,51,10,478,0,19,45,59,60,74,64,28,13,363,5,14,42,98,95,112,82,32,9,485,5,20,63,61,69,75,44,7,0,338,0,0,11,10,9,12,12,6,0,56,6,20,46,39,31,24,14,5,0,172,0,0,0,0,0,0,0,0,0,3,0,0,0,3,3,0,5,6,0,22,30,24,52,61,63,73,89,98,34,520,38,138,347,408,440,481,427,236,71,2589,0,0,0,10,12,10,0,4,0,36,0,3,0,11,9,6,3,0,0,36,5,47,81,116,149,145,81,28,7,658,5,10,35,51,37,33,23,10,5,219,6,12,34,60,65,50,35,10,5,274,13,16,33,80,101,101,63,11,10,423,0,5,51,57,84,89,43,13,0,352,7,35,114,136,141,94,56,20,9,606,6,21,68,81,68,60,27,14,0,343,0,4,10,10,6,11,4,3,0,48
LGA12350,0,25,71,65,57,98,103,37,14,480,4,21,83,57,72,73,90,28,9,428,10,21,89,108,130,124,83,23,5,582,7,28,64,55,90,69,54,11,3,379,4,4,13,15,11,17,4,0,0,68,4,15,59,33,39,23,21,3,3,208,0,0,0,0,0,0,0,0,0,4,0,0,3,4,7,4,6,0,0,26,44,34,74,61,81,79,91,84,34,580,76,162,485,423,529,505,479,200,71,2929,0,0,3,10,5,13,9,0,0,52,0,4,8,9,5,4,0,0,0,41,7,36,88,116,136,157,101,50,12,708,3,12,39,45,72,57,34,18,3,286,0,12,40,55,71,70,37,17,3,305,4,11,39,64,96,114,46,31,7,413,0,12,45,74,80,115,56,19,8,412,13,36,107,131,146,130,61,26,6,657,10,19,46,89,73,58,26,4,7,347,0,3,11,8,15,16,12,3,0,76
LGA12380,38,720,2420,1224,792,597,361,128,54,6339,10,345,1278,984,717,592,367,203,53,4554,86,1020,4139,3778,2189,1435,640,186,49,13520,61,709,2058,1750,1299,886,371,98,23,7270,18,172,554,349,228,125,58,19,3,1528,59,281,712,685,424,208,115,39,12,2526,0,30,28,21,16,11,9,5,0,135,0,60,269,253,146,83,56,22,9,886,462,752,2095,1633,1065,969,703,497,369,8541,773,4700,15989,12816,7736,5520,2947,1322,613,52419,15,231,725,618,458,239,98,34,0,2408,36,340,2478,1231,441,105,15,0,0,4644,65,562,2248,2287,2327,1721,940,442,150,10737,46,310,996,809,581,400,237,116,33,3536,7,45,165,129,135,60,35,19,0,591,33,477,1550,1133,859,567,233,114,29,5002,12,242,998,816,797,623,332,136,29,3976,199,1958,6907,3935,2445,1340,447,181,50,17450,103,740,2044,1489,1108,712,222,74,25,6503,24,337,684,366,209,149,42,33,3,1849
LGA12390,22,165,646,440,335,396,280,123,46,2446,4,80,364,406,350,272,213,101,20,1819,6,118,737,597,573,491,248,88,13,2877,22,166,509,415,362,339,142,30,9,1990,0,18,80,57,44,31,27,14,3,273,17,98,224,193,138,94,69,33,3,863,0,10,5,0,7,5,0,3,0,32,0,8,30,17,29,14,8,6,0,114,153,160,431,372,346,287,277,268,151,2453,241,873,3264,2668,2291,2052,1314,710,247,13668,0,12,54,46,54,43,15,3,0,229,6,27,68,42,43,18,6,3,0,219,40,204,469,526,599,480,270,128,32,2750,25,117,235,207,229,173,105,39,10,1138,19,63,195,228,213,121,80,31,5,962,19,113,403,405,475,372,195,91,26,2091,0,67,389,391,336,353,150,52,23,1759,47,258,639,729,686,445,177,55,16,3054,39,162,374,404,378,231,86,25,9,1704,10,26,77,53,48,42,20,6,4,286
LGA12700,6,15,68,69,97,96,65,24,5,443,0,9,45,58,50,67,65,17,4,321,12,14,75,122,105,112,57,24,4,518,0,18,52,69,66,70,45,13,0,330,0,7,13,20,16,22,14,0,0,96,4,6,37,37,29,20,14,3,0,142,0,4,0,0,0,0,0,0,0,9,0,0,0,0,7,4,3,0,0,21,16,8,21,41,48,51,52,27,16,281,45,100,342,451,461,485,336,118,32,2376,0,0,11,10,10,12,10,0,0,66,3,0,4,3,10,5,0,0,0,26,7,38,100,144,179,171,96,35,6,766,0,0,44,56,48,34,33,14,5,229,0,16,33,39,41,23,17,3,0,171,3,18,36,65,101,84,32,15,5,357,0,8,30,32,75,97,34,9,0,287,8,22,68,106,134,100,46,3,3,497,9,19,45,45,53,68,24,3,0,267,0,0,8,15,23,16,8,4,0,77
LGA12730,4,15,56,52,53,69,49,36,11,342,0,9,48,50,67,59,31,17,3,283,0,20,46,79,84,78,30,8,3,345,10,18,46,52,54,64,25,7,0,276,0,4,8,9,6,13,0,0,0,36,0,17,30,21,20,19,14,11,0,138,0,0,0,0,0,0,0,0,0,0,0,0,0,4,4,4,0,3,0,18,24,25,63,57,47,68,49,57,31,426,32,114,328,348,364,405,204,141,54,2001,0,0,7,9,9,3,6,0,0,32,0,0,5,3,0,0,0,0,0,15,8,28,59,93,117,98,60,21,7,477,4,21,25,20,34,38,22,24,3,188,9,18,49,66,70,46,21,4,0,279,0,15,47,57,64,83,40,21,12,339,0,5,45,54,74,48,24,8,5,269,15,29,100,107,108,71,39,16,8,491,5,15,53,78,78,38,14,9,3,283,0,4,13,8,11,8,3,4,0,49
LGA12750,4,39,228,206,245,451,373,167,55,1763,0,22,127,179,208,352,407,134,40,1467,13,59,221,316,388,522,472,186,36,2219,8,65,180,245,354,453,317,109,23,1764,5,10,39,57,53,73,76,17,8,345,15,45,155,129,135,139,110,25,8,756,0,0,0,0,0,3,4,5,0,17,0,8,16,16,23,27,25,10,7,128,111,63,154,189,228,298,354,304,204,1909,166,328,1190,1422,1800,2478,2271,1014,415,11088,0,3,16,43,46,88,71,36,7,314,7,15,36,26,32,33,16,4,0,171,10,57,168,321,432,642,581,283,74,2567,10,48,134,243,347,317,202,125,26,1458,7,19,69,101,106,95,47,34,5,476,6,19,121,216,368,373,214,118,37,1467,6,11,93,186,303,458,255,74,30,1408,26,87,254,364,424,582,368,137,51,2302,11,56,173,270,347,377,224,73,25,1553,0,11,41,56,68,74,57,23,7,338
LGA12850,34,503,1124,548,506,455,325,99,32,3628,24,318,1018,671,558,480,385,133,24,3614,86,742,2340,2322,1770,1215,538,126,16,9167,46,515,1370,1165,1068,775,323,59,8,5331,13,200,390,232,174,71,46,25,5,1169,56,256,593,659,548,314,182,48,10,2660,6,10,28,19,23,12,13,9,0,121,5,39,116,71,84,74,36,6,0,440,467,474,1113,1113,992,948,791,646,578,7122,763,3415,8822,7395,6224,4777,2844,1236,706,36199,12,202,378,336,281,158,62,13,0,1447,48,348,1177,572,253,83,12,3,0,2499,77,527,1397,1941,2302,1753,928,404,81,9414,48,283,618,618,558,447,254,114,24,2962,7,26,72,76,76,68,21,10,0,360,22,414,795,689,624,521,155,54,21,3290,15,290,662,548,618,577,262,70,18,3063,243,1578,3920,2621,1903,1058,317,117,22,11775,101,683,1288,988,864,557,174,46,13,4713,32,330,543,243,158,97,40,14,8,1466
LGA12870,0,24,87,81,72,101,81,29,13,484,3,11,59,46,46,73,77,47,3,363,0,26,78,112,115,98,66,25,8,528,6,21,65,74,84,95,69,6,5,421,0,3,12,7,11,3,12,3,0,52,0,19,59,49,48,34,28,13,5,256,0,0,0,0,0,0,0,0,0,4,0,0,0,0,0,3,5,6,4,26,35,20,55,50,58,86,106,111,54,573,44,135,456,456,484,520,450,249,88,2901,0,5,7,29,4,11,8,5,0,72,3,3,4,4,4,9,3,0,0,34,12,47,114,141,171,193,152,64,21,918,0,23,43,45,71,59,50,29,3,335,0,19,64,75,49,43,17,12,3,285,0,20,70,74,101,97,59,27,4,454,0,0,44,60,76,82,60,17,4,335,3,23,104,105,112,99,50,33,11,550,3,13,45,89,64,59,24,7,3,309,0,0,8,9,10,10,3,6,0,50
LGA12900,0,15,67,45,53,78,48,31,13,340,0,21,57,69,52,55,50,22,6,330,0,20,64,92,74,72,52,18,3,396,5,18,74,64,73,56,17,7,0,315,0,0,10,13,0,0,4,0,0,37,7,16,29,35,22,20,12,8,0,145,0,0,0,0,0,0,0,0,0,0,0,4,3,0,8,4,0,0,0,19,44,25,56,50,55,58,58,63,30,443,54,120,406,386,369,370,246,157,57,2161,0,0,9,8,11,4,0,0,0,35,0,3,9,0,9,4,0,0,0,27,19,45,76,98,101,77,50,17,3,483,0,14,51,30,34,31,14,10,3,197,14,18,44,59,63,63,34,6,0,300,3,13,43,69,83,59,32,27,8,331,5,18,65,60,71,63,36,13,0,337,9,43,90,101,108,88,42,13,8,510,6,25,56,66,59,36,11,4,3,266,0,0,19,6,8,9,5,3,0,56
LGA12930,25,501,1776,1040,807,749,484,194,66,5649,11,215,838,721,767,718,615,258,97,4227,44,743,3182,3325,2757,1846,944,320,128,13289,22,454,1246,1298,1061,880,425,110,28,5525,25,236,574,452,275,179,95,42,19,1904,46,181,451,447,393,239,154,54,23,1982,4,17,14,3,16,12,21,4,17,99,6,36,118,116,119,97,62,26,12,594,163,281,751,633,511,474,454,476,658,4386,362,3058,9984,9039,7520,5892,3568,1661,1112,42210,4,118,434,479,510,288,146,61,15,2064,20,215,1636,947,512,133,31,0,3,3487,37,348,1373,1836,2281,1575,1051,720,258,9480,19,215,517,644,556,368,280,149,66,2803,3,45,111,98,104,66,29,12,3,462,26,331,1118,1031,1088,694,386,174,63,4908,3,199,655,833,938,913,437,211,49,4233,98,1612,5547,4268,3088,1873,733,393,180,17783,45,525,1555,1419,1228,777,256,118,32,5952,29,308,733,424,287,175,79,44,12,2099
LGA12950,3,0,35,27,34,38,21,11,3,178,0,3,27,33,31,26,15,7,0,152,0,0,30,18,26,34,23,7,0,141,0,3,23,33,28,32,20,4,0,146,0,6,4,6,0,3,4,5,0,31,5,3,10,11,6,10,0,4,0,49,0,0,0,0,0,0,0,0,0,0,0,0,0,0,0,3,0,0,0,5,17,9,28,41,38,44,21,34,17,249,19,39,172,181,182,205,121,71,25,1007,0,0,3,7,0,0,0,0,0,13,0,0,0,0,6,0,0,0,0,11,3,15,34,33,52,34,27,15,5,215,0,3,6,15,20,19,10,3,0,77,8,15,24,31,37,27,16,0,0,158,0,10,21,26,50,23,15,11,5,152,0,3,29,31,33,36,17,0,0,151,5,13,29,35,44,34,12,3,0,176,0,16,25,38,15,20,6,4,0,127,0,0,0,4,7,4,7,0,0,26
LGA13010,0,15,54,44,63,84,87,33,8,394,0,8,23,40,38,58,50,23,6,247,4,11,53,66,89,87,49,19,9,386,7,13,53,43,69,74,40,13,4,307,0,0,8,9,11,12,6,0,4,57,5,10,29,32,18,17,13,0,0,124,0,0,0,4,0,0,0,0,0,4,0,0,3,3,3,4,12,0,0,25,35,20,50,55,58,72,83,69,54,492,64,91,286,318,382,426,369,163,76,2173,0,0,8,11,10,10,11,5,0,39,0,0,9,11,5,3,3,0,0,36,4,10,61,48,95,85,77,32,0,414,4,5,17,27,46,48,26,7,6,184,4,15,33,54,48,43,22,15,0,232,0,15,31,54,96,99,57,27,10,377,0,10,38,41,53,77,33,12,0,255,13,22,86,96,121,76,43,19,6,486,6,17,47,61,57,69,24,9,0,294,0,7,10,20,19,16,12,0,0,81
LGA13310,4,45,249,209,171,248,223,94,26,1258,3,25,179,156,148,158,157,79,34,938,17,90,310,316,344,314,180,70,15,1663,15,92,276,251,311,226,143,32,6,1347,0,6,50,49,41,23,32,16,0,220,14,56,148,124,78,56,39,15,6,538,0,0,4,3,0,0,0,0,0,15,0,3,13,14,19,14,12,3,0,83,69,58,157,168,150,154,173,134,118,1175,140,413,1485,1381,1365,1287,1006,463,210,7736,0,11,16,29,30,33,16,4,0,139,11,12,51,31,41,11,3,0,0,163,15,114,226,335,381,333,234,106,31,1782,14,49,116,134,142,129,69,47,10,709,7,26,66,92,82,50,46,22,0,393,7,45,134,198,300,275,160,59,26,1212,4,14,91,133,185,231,111,45,13,834,29,121,342,363,371,281,143,42,20,1710,26,106,248,336,251,213,86,25,9,1301,8,15,33,55,48,52,18,5,3,233
LGA13340,5,15,75,89,94,105,74,26,4,491,5,12,42,90,60,67,57,25,0,356,0,15,70,115,94,113,52,20,0,473,4,20,52,72,92,97,46,9,0,387,0,4,14,21,15,9,5,0,0,60,7,14,42,32,38,18,13,4,0,176,0,0,0,0,0,0,0,0,0,0,0,0,4,0,3,6,3,0,0,22,52,19,31,62,72,82,85,54,23,475,67,115,368,537,520,529,348,145,38,2665,0,0,9,14,8,6,6,0,0,48,0,3,8,8,6,9,6,0,0,36,9,30,83,132,141,133,76,24,7,642,0,23,29,35,53,28,21,10,0,209,9,20,74,99,104,72,44,13,3,440,5,13,61,72,109,103,55,15,4,441,0,5,43,48,77,87,39,16,3,319,5,20,78,126,135,96,39,9,0,510,4,17,49,68,78,75,26,3,3,321,3,6,6,6,9,12,3,0,0,49
LGA13450,7,46,188,165,150,122,86,30,14,811,4,30,159,147,146,93,67,32,6,688,22,80,341,269,258,201,109,35,8,1318,12,54,180,168,128,113,50,10,5,731,0,15,48,24,13,14,3,0,4,120,5,39,153,94,63,46,20,6,0,424,0,0,3,4,4,0,0,0,0,10,0,3,32,20,18,5,3,4,0,96,50,81,179,159,160,138,145,111,105,1135,124,370,1442,1148,1018,792,506,238,146,5773,4,12,59,52,40,20,13,5,0,200,0,8,58,24,12,9,7,0,0,130,17,116,328,331,331,186,92,35,6,1443,3,59,120,95,140,92,35,13,3,559,3,21,76,102,71,50,23,15,0,368,7,31,137,158,147,118,44,27,14,679,0,34,140,145,151,106,44,10,6,644,31,124,339,342,292,169,55,23,13,1394,19,62,166,156,120,71,17,5,3,621,0,19,28,25,18,6,0,5,0,114
LGA13550,3,12,81,86,83,104,56,24,7,460,0,21,106,113,56,72,48,22,3,440,4,42,136,127,110,99,47,20,5,593,0,27,86,85,86,75,22,15,5,402,0,4,13,11,4,7,6,0,4,49,4,27,66,51,32,18,15,0,0,214,0,0,0,0,0,0,0,0,0,0,0,0,4,0,11,5,0,0,0,24,38,32,96,80,70,74,71,83,56,590,53,168,634,599,472,472,282,169,78,2941,0,6,13,11,9,19,5,0,0,56,0,4,14,3,9,8,3,0,0,39,22,68,161,141,180,146,73,30,13,831,0,6,31,25,34,28,24,15,4,175,0,14,61,60,64,44,23,3,4,275,6,15,72,80,127,73,48,22,3,443,0,20,77,73,86,75,27,23,7,380,9,49,141,140,118,101,30,16,0,600,3,27,69,72,58,59,26,6,4,321,0,3,10,6,6,16,7,4,0,54
LGA13660,3,8,24,28,43,49,36,17,8,212,0,5,16,33,35,33,28,10,0,154,3,4,28,43,46,45,23,9,0,187,0,7,17,27,31,37,16,7,0,137,0,0,5,3,6,0,0,0,0,12,4,8,10,11,13,6,7,0,0,53,0,0,0,0,0,0,0,0,0,0,0,0,0,0,4,0,0,0,0,10,14,5,19,25,34,33,50,24,14,224,24,44,129,186,224,214,161,71,21,1074,0,0,0,3,5,4,4,0,0,15,0,0,0,3,5,0,0,0,0,10,4,14,38,41,36,28,38,14,7,217,0,12,7,8,13,6,9,4,3,68,0,8,42,56,34,25,19,8,0,193,6,3,23,39,59,43,27,10,0,208,0,4,26,33,37,32,14,3,0,151,3,12,53,57,37,32,17,3,4,218,0,6,34,30,35,21,13,3,0,152,0,0,0,8,4,0,3,0,0,18
LGA13800,40,181,475,376,444,423,242,126,32,2334,20,112,528,432,374,398,310,101,21,2293,38,188,738,814,968,686,358,123,27,3936,40,228,570,510,564,408,203,72,12,2610,20,74,197,143,120,74,52,9,5,689,47,131,390,256,249,115,78,32,10,1317,3,0,0,3,4,0,0,4,0,17,5,15,40,42,38,40,13,15,0,209,116,97,248,240,229,228,212,211,161,1743,338,1129,3469,3063,3255,2597,1595,737,287,16481,0,43,99,127,130,88,48,7,0,544,20,70,115,106,96,40,9,0,0,462,43,411,867,1153,1241,857,470,185,55,5288,27,214,446,543,491,286,130,49,14,2198,19,89,221,175,180,105,38,17,4,854,26,130,331,427,548,344,183,69,24,2072,0,71,350,383,501,494,191,58,16,2063,109,388,898,1066,1020,642,284,86,31,4517,48,290,531,544,450,325,126,39,9,2361,14,124,189,141,118,67,37,21,5,726
LGA13850,0,0,16,14,11,31,16,6,4,101,0,3,13,9,17,16,6,3,0,79,0,3,21,10,18,22,4,0,0,75,0,7,7,11,16,28,3,0,0,70,0,3,3,4,4,0,0,0,0,13,0,5,10,9,12,5,4,0,0,53,0,0,0,0,0,0,0,0,0,0,0,0,0,0,0,0,0,0,0,4,19,14,14,23,17,30,27,24,9,169,20,48,97,89,101,140,67,35,12,603,0,0,0,0,0,0,0,0,0,8,0,0,0,0,0,0,0,0,0,5,0,7,25,26,39,20,19,0,0,137,0,0,5,9,10,7,6,3,0,50,3,6,13,20,20,15,6,5,0,101,0,5,6,7,29,19,6,10,5,82,0,6,12,26,24,17,6,3,0,88,0,5,18,22,37,11,12,0,0,115,0,6,16,23,19,9,0,0,0,74,0,0,0,3,3,4,0,0,0,10
LGA13910,4,31,106,95,118,161,146,52,20,741,4,30,109,109,118,102,86,42,11,610,0,39,124,178,179,173,107,18,11,832,9,40,123,122,131,125,64,12,0,623,0,4,18,23,11,14,12,6,0,88,14,32,82,54,49,39,20,4,0,290,0,0,0,0,3,0,0,0,0,3,0,0,0,4,10,10,5,3,0,34,38,40,97,97,105,138,132,108,49,817,82,243,741,746,783,815,614,261,95,4376,0,5,12,16,22,13,7,9,0,83,4,10,10,14,8,10,5,0,0,54,15,74,127,188,206,191,133,38,13,988,3,27,57,79,80,57,58,14,4,385,8,31,105,144,130,102,55,21,9,596,0,23,83,120,191,180,77,40,15,718,0,16,76,140,109,123,67,21,9,563,18,47,193,239,181,172,63,20,15,943,4,47,89,133,93,72,28,13,3,482,0,4,25,14,13,10,9,0,3,74
LGA14000,33,359,1120,1280,1334,1115,794,456,186,6679,11,142,672,894,1150,1053,962,551,159,5595,44,373,1841,3496,2980,2108,1233,551,200,12837,18,356,928,1554,1596,1106,738,279,76,6658,46,243,472,602,496,299,155,79,38,2422,51,111,246,294,353,230,131,57,19,1492,4,8,4,5,3,16,14,8,3,63,0,24,93,179,178,113,98,40,28,766,96,113,306,409,331,306,346,440,669,3024,319,2014,6597,10747,9815,7404,4982,2726,1480,46081,0,157,434,756,903,646,339,137,39,3405,19,133,1090,1319,961,324,54,7,0,3898,27,291,1206,2061,2627,1883,1269,631,240,10231,20,232,458,742,724,496,319,146,45,3188,6,83,246,306,244,151,75,37,8,1171,20,300,1014,1505,1641,1173,668,379,130,6825,3,161,738,1178,1504,1431,831,359,125,6331,79,997,3072,4522,4159,2889,1325,597,258,17896,50,509,1466,1919,1716,1336,582,256,86,7926,46,399,740,718,498,276,143,76,32,2934
LGA14100,0,20,80,99,116,127,112,56,29,639,0,8,34,37,68,95,110,66,37,463,0,31,127,267,314,183,107,49,30,1102,0,21,82,139,157,112,100,46,14,669,4,23,49,66,66,47,31,16,8,310,6,7,19,22,35,27,20,8,6,147,0,0,0,0,0,0,0,3,0,0,0,0,5,17,22,13,10,9,3,74,10,7,27,56,50,37,63,91,196,528,22,144,447,782,916,714,602,360,340,4322,0,8,31,53,48,58,33,15,4,265,0,7,33,61,44,15,3,0,0,166,0,10,55,125,129,141,85,68,41,653,0,14,36,61,63,57,29,19,8,281,0,0,12,12,30,12,9,3,4,79,0,9,89,152,196,188,114,68,36,855,0,4,54,74,113,160,80,55,49,586,8,94,252,492,421,288,127,66,60,1792,3,42,131,234,214,190,113,48,15,994,5,47,69,89,72,48,26,13,16,381
LGA14170,25,377,1992,1419,1159,1001,646,221,62,6895,7,118,1054,937,983,991,913,315,52,5378,18,568,3349,3828,3098,1662,789,209,51,13582,15,613,3389,2984,2475,1733,1061,331,64,12673,37,704,3008,1896,1263,713,287,99,15,8014,25,165,466,383,361,207,105,49,7,1776,4,6,15,5,5,13,10,5,0,60,7,82,342,330,304,166,110,26,14,1375,152,337,1074,758,598,467,451,404,433,4671,308,3461,16476,14086,11446,7694,4726,1801,751,60732,3,265,1193,1074,629,413,154,41,6,3786,12,222,1630,1148,515,170,31,4,0,3731,22,305,1790,1910,1671,1110,682,327,92,7911,10,200,1000,1127,767,484,245,113,23,3969,0,56,304,316,184,111,29,6,6,1016,15,372,1931,1877,1452,971,379,140,41,7189,8,163,1218,1343,1372,1390,481,142,38,6154,80,1402,6757,6150,3294,1722,482,149,64,20096,34,859,4469,4450,2905,2143,674,176,37,15753,44,983,3487,2602,1406,597,168,49,17,9352
LGA14220,5,40,100,70,101,124,89,49,18,589,0,21,85,112,117,104,85,38,7,564,6,26,123,149,169,138,84,31,8,735,25,49,133,141,146,147,77,17,5,739,0,0,13,17,14,12,3,0,0,70,7,30,69,40,34,29,11,5,0,227,0,0,5,0,0,0,3,0,0,6,0,0,6,3,5,6,8,0,0,29,57,46,113,114,132,140,122,116,55,890,123,225,691,687,771,734,506,269,89,4098,0,0,7,16,13,14,3,0,0,61,6,6,14,22,16,18,7,0,0,86,14,50,153,152,191,162,130,41,13,907,3,47,69,56,81,79,46,25,3,409,5,10,57,76,72,45,30,15,0,322,3,15,68,132,127,121,72,41,12,586,0,10,95,134,123,126,76,19,7,592,12,47,167,207,180,132,60,22,7,829,7,43,101,143,163,95,27,17,0,583,6,7,24,19,9,20,13,5,6,103
LGA14300,0,3,42,33,48,53,27,14,3,223,0,3,20,26,37,23,26,4,3,134,3,22,37,56,57,42,30,7,3,263,0,12,39,43,44,46,24,5,0,210,0,3,8,8,3,4,9,0,0,32,0,12,31,15,14,15,6,0,0,93,0,0,0,0,0,0,0,0,0,0,0,0,0,0,6,0,4,0,0,14,16,11,18,16,18,35,34,31,10,186,22,70,212,216,243,235,160,62,25,1251,0,0,0,4,6,8,0,0,0,19,0,0,6,6,0,5,0,0,0,19,4,25,37,33,56,62,33,7,0,260,3,10,9,27,26,21,10,0,0,99,4,11,32,38,39,37,15,5,0,173,3,11,29,34,54,28,19,10,3,186,0,0,22,35,22,37,16,11,3,147,5,23,53,57,53,50,17,6,6,263,3,10,37,39,43,28,3,0,0,166,0,0,4,3,3,8,0,0,0,26
LGA14350,3,31,163,169,194,306,207,79,19,1175,0,30,124,129,144,201,165,41,17,853,15,60,212,246,261,308,223,69,23,1412,10,65,194,199,266,265,152,33,7,1193,0,9,25,27,20,37,44,13,0,172,11,58,113,88,81,69,46,14,0,485,0,4,3,0,0,4,0,0,0,8,0,3,11,0,9,7,10,5,0,54,109,67,181,185,190,225,234,193,124,1498,158,337,1079,1110,1241,1523,1153,471,197,7256,0,0,3,22,30,34,18,3,0,118,0,11,22,24,26,32,6,0,0,129,11,66,147,248,365,418,326,153,43,1791,4,37,104,131,194,202,117,43,8,837,4,21,43,97,70,59,25,6,0,332,3,22,132,178,302,242,120,55,16,1081,0,31,84,137,209,254,96,48,6,871,34,102,237,274,301,294,147,53,19,1451,12,46,153,192,258,205,64,23,5,957,3,8,21,41,38,58,17,13,0,197
LGA14400,3,31,201,227,191,247,198,83,25,1209,5,20,131,198,201,282,366,127,27,1361,12,37,173,247,279,334,251,94,49,1467,11,44,126,218,219,216,190,55,13,1104,0,18,69,82,73,42,37,10,3,327,12,23,69,51,76,50,37,15,5,334,0,0,0,0,0,0,0,0,4,9,0,3,11,16,16,19,16,6,0,87,31,25,53,59,81,71,104,111,100,622,74,213,905,1175,1217,1353,1264,533,247,6980,0,14,37,45,50,67,35,16,3,272,5,11,14,23,28,22,4,0,0,108,7,60,153,266,357,366,269,162,51,1700,7,70,134,149,189,121,82,46,11,801,3,16,58,44,65,22,27,4,3,242,9,49,142,193,255,212,138,63,26,1089,6,28,118,205,369,497,205,77,9,1514,29,97,194,320,428,359,206,112,36,1783,4,75,140,224,210,208,95,41,7,1014,4,27,61,57,40,48,19,15,4,271
LGA14500,15,225,613,961,1216,1069,776,571,274,5727,0,74,367,561,811,817,864,581,195,4264,15,383,1482,3299,3167,1820,1085,609,241,12099,15,246,698,1258,1561,1115,782,416,127,6210,38,211,411,526,489,324,154,108,57,2319,25,46,132,168,188,123,87,57,20,845,6,5,4,4,14,9,10,3,0,54,3,26,71,142,190,110,98,51,23,708,79,96,190,295,270,230,225,261,359,2015,201,1524,4446,8469,9092,6525,4596,2917,1406,39172,0,133,243,551,747,590,444,202,81,3000,8,66,443,740,706,239,53,6,0,2258,10,119,480,972,1521,1085,891,654,243,5979,4,109,207,387,447,340,214,116,37,1862,3,26,92,128,145,112,72,46,12,638,10,207,650,1251,1727,1225,888,601,212,6775,9,85,322,739,1149,1187,721,368,125,4711,37,766,2033,4202,4511,2869,1665,852,373,17308,29,394,979,1856,2187,1587,873,436,134,8471,26,341,534,580,551,305,159,128,41,2662
LGA14550,6,11,31,56,79,121,114,29,4,453,0,3,25,57,53,62,78,24,3,302,0,14,57,52,84,101,49,20,0,371,3,18,48,62,81,126,50,10,5,401,0,0,12,22,17,22,14,6,0,93,0,7,35,30,29,19,16,4,0,140,0,0,0,0,0,0,0,0,0,4,0,4,0,3,6,6,6,0,0,28,27,19,43,54,70,102,90,50,43,490,46,80,278,359,452,596,435,148,61,2442,0,0,4,7,15,21,5,0,0,61,0,4,3,4,15,9,3,0,0,30,3,26,61,70,127,140,68,29,7,531,0,9,27,38,51,53,27,11,7,221,3,17,40,51,37,36,8,9,0,205,0,12,30,68,114,109,42,19,6,400,0,6,43,43,78,122,37,13,0,343,4,20,67,78,111,93,36,7,4,414,4,11,54,63,105,79,29,0,0,353,0,9,24,25,30,29,7,3,0,125
LGA14600,0,4,41,21,41,38,26,7,0,176,0,10,53,58,43,29,26,15,0,229,0,3,35,33,43,41,21,4,3,190,0,14,35,27,30,35,7,8,0,152,0,0,4,3,8,0,0,0,0,11,0,5,18,22,11,7,3,0,0,75,0,0,0,0,0,0,0,0,0,0,0,0,0,0,6,0,5,0,0,9,27,23,56,52,51,53,37,34,19,365,26,70,263,236,234,211,129,84,28,1287,0,0,0,0,5,3,0,0,0,13,0,5,3,9,3,3,3,0,0,23,0,24,69,50,57,55,19,12,0,278,0,0,20,10,21,14,6,3,0,78,3,20,51,60,52,37,23,13,7,271,6,7,36,49,51,37,26,14,13,237,0,14,66,53,40,32,15,11,0,240,9,14,56,55,41,50,16,10,3,244,0,12,31,29,21,18,3,0,0,131,0,3,3,8,0,4,0,0,0,18
LGA14650,58,488,2068,1956,1807,1874,1307,577,214,10352,21,284,1128,1468,1306,1317,1326,585,159,7610,137,559,2256,2753,2639,2245,1586,650,180,13004,146,603,1687,1789,1749,1441,814,262,56,8550,42,167,465,468,309,190,168,88,25,1913,125,327,918,731,664,467,317,104,32,3686,12,6,5,8,9,10,3,8,3,74,11,38,60,124,121,96,74,40,11,554,249,262,641,647,581,630,825,997,708,5543,835,2918,9882,10676,9845,8858,6800,3483,1440,54744,0,93,235,336,315,342,182,63,15,1585,37,117,331,352,239,148,35,5,0,1269,115,891,2337,3191,3878,3557,2464,1343,384,18164,60,378,1031,1198,1137,967,661,358,118,5906,23,79,273,307,263,176,97,42,5,1264,55,416,1417,1777,2152,1658,792,433,110,8815,6,168,1010,1273,1577,1830,975,427,106,7368,223,1006,2632,3107,2893,2306,1197,491,156,14026,102,506,1334,1618,1472,1091,538,200,51,6903,37,197,435,322,260,219,155,56,21,1694
LGA14700,0,83,500,390,311,273,185,114,45,1909,0,26,236,203,186,179,237,117,37,1222,0,120,931,1124,859,498,291,120,43,3984,0,78,491,557,460,326,246,116,20,2296,3,71,240,239,149,78,47,17,5,851,7,19,94,105,77,38,29,11,3,384,0,0,0,0,0,0,0,0,0,11,3,0,38,48,45,28,13,16,4,202,22,33,162,175,94,81,77,71,127,842,48,512,3097,3392,2470,1750,1250,642,306,13473,0,51,170,192,159,146,101,31,8,864,0,24,357,248,162,61,15,0,0,868,0,54,338,370,341,286,203,109,45,1753,0,27,129,128,149,93,67,41,13,639,0,18,59,29,36,20,11,0,4,186,3,52,358,437,422,313,207,124,31,1940,0,24,193,223,245,309,179,67,27,1278,17,253,1271,1403,1029,673,305,107,58,5118,7,133,564,684,564,470,226,102,28,2775,8,124,307,234,134,94,35,19,9,955
LGA14750,0,22,65,51,61,38,42,18,7,300,0,19,79,72,83,49,25,16,8,351,12,33,93,103,98,99,70,20,4,535,6,26,55,59,52,46,21,6,3,271,0,0,11,12,6,10,0,0,0,46,8,14,49,34,35,17,13,3,0,167,0,0,3,0,0,0,0,0,0,3,0,0,0,10,7,0,0,0,0,19,31,31,76,76,63,81,56,55,34,504,59,151,474,454,434,360,236,127,64,2363,0,3,15,23,14,7,13,0,0,73,0,0,14,11,12,3,0,0,0,43,6,59,125,137,185,137,58,20,0,731,3,16,20,31,34,23,15,11,0,148,9,12,27,47,43,25,24,3,0,195,0,8,26,73,63,40,31,15,4,262,0,16,77,88,76,53,21,20,3,359,12,44,108,123,129,98,37,11,0,566,5,17,63,64,54,26,7,4,0,240,0,0,17,12,7,0,0,0,0,32
LGA14850,9,92,347,390,418,452,330,102,35,2168,13,52,239,321,286,313,345,91,21,1685,18,111,339,404,485,465,270,93,23,2207,17,72,293,424,465,460,254,68,8,2062,4,34,121,159,157,118,78,34,3,711,27,58,162,128,119,77,50,22,3,632,0,0,0,0,0,0,0,5,0,13,3,7,19,34,40,30,15,8,0,148,139,111,245,265,244,253,237,176,132,1802,240,599,1891,2276,2385,2322,1683,624,242,12265,0,14,54,88,111,116,42,14,6,437,11,33,68,76,73,43,12,5,0,312,15,115,289,387,576,485,288,151,33,2342,14,80,156,194,255,250,126,51,15,1126,16,56,136,187,172,124,40,15,0,743,13,88,307,462,625,483,180,74,20,2259,0,56,246,318,445,531,204,75,14,1872,54,205,520,631,643,489,191,77,15,2824,20,114,330,501,558,433,150,41,0,2150,11,52,184,206,224,151,53,20,0,900
LGA14870,3,33,128,112,109,171,122,52,14,743,0,23,72,85,116,116,122,45,5,585,8,50,198,165,172,177,130,35,15,945,11,44,126,111,147,143,94,30,9,703,0,7,33,31,30,37,20,3,0,167,10,34,80,72,69,40,25,12,3,344,0,0,3,0,3,0,0,0,0,6,0,0,3,6,11,4,4,3,0,42,45,29,103,90,111,106,153,124,58,827,90,240,801,717,834,891,717,323,111,4715,0,9,11,14,20,24,7,7,0,99,3,10,20,22,22,18,8,0,0,101,18,112,250,428,430,389,241,101,19,1981,3,32,57,65,96,74,40,22,5,402,3,13,38,43,60,34,15,6,0,221,6,44,99,125,167,145,60,26,9,677,0,17,61,104,106,145,80,24,5,533,14,91,159,198,224,173,88,22,11,982,12,49,115,120,120,119,53,14,0,609,0,9,25,23,35,23,17,4,0,138
LGA14900,68,639,1917,1428,1091,721,351,104,32,6344,40,419,1707,1357,1105,689,418,153,32,5915,97,724,3187,3789,2775,1657,731,183,33,13167,75,701,2140,1924,1409,943,343,69,12,7617,20,244,563,343,222,102,52,20,0,1571,88,271,769,792,568,300,156,59,3,3011,6,9,13,12,10,9,3,5,0,66,8,68,156,185,147,75,41,15,11,705,491,547,1501,1448,1054,877,703,547,410,7574,926,4020,13161,12534,9198,5939,3044,1238,554,50618,3,158,381,438,331,157,48,15,4,1543,44,267,1072,704,319,94,17,0,0,2520,83,600,2228,2905,2990,1895,884,339,74,12003,52,323,860,853,691,396,236,92,22,3519,12,55,153,135,141,85,20,14,0,628,39,347,1170,1271,925,509,159,74,13,4502,10,266,1047,1079,827,585,236,83,11,4144,228,1324,4192,3750,2557,1280,339,117,23,13819,128,687,1617,1362,1047,533,136,46,10,5565,29,275,522,329,192,96,46,3,0,1494
LGA14920,5,7,54,54,45,62,50,19,3,303,0,10,33,40,36,35,27,8,5,196,3,10,38,56,69,60,41,16,0,290,4,12,42,50,44,40,17,0,0,213,3,4,7,5,5,3,3,0,0,31,7,7,17,25,22,17,4,0,0,99,0,0,0,0,0,0,0,0,0,0,0,0,0,3,6,0,6,0,0,12,37,23,51,50,72,71,86,61,27,487,59,81,276,303,327,314,243,112,41,1746,0,0,4,5,4,5,3,0,0,29,0,0,3,0,6,8,0,0,0,26,3,34,50,72,85,84,59,20,3,415,3,8,29,19,29,21,15,13,0,139,5,16,43,50,37,39,20,10,0,215,3,14,32,43,70,60,44,7,7,278,0,5,43,37,50,33,21,8,0,190,7,23,72,78,74,65,34,16,3,364,4,15,32,35,40,34,16,9,0,191,0,5,7,13,7,3,3,3,0,35
LGA14950,4,4,21,30,18,38,15,15,4,146,0,6,20,16,18,20,18,0,0,98,4,3,19,29,33,47,19,6,0,163,0,0,19,20,29,27,15,7,0,120,0,6,0,5,3,0,0,0,0,13,0,4,9,3,5,7,5,0,0,30,0,0,0,0,0,0,0,0,0,0,0,0,0,0,0,6,0,0,0,8,13,6,6,20,13,22,22,19,11,137,16,32,108,131,143,167,99,50,19,771,0,0,0,3,0,0,0,0,0,6,0,0,0,0,0,0,0,0,0,6,5,0,29,28,47,27,27,13,0,181,0,0,3,7,15,14,3,5,0,53,3,5,26,39,44,21,15,6,0,165,0,0,17,21,38,30,23,3,3,140,0,6,13,10,21,22,6,5,0,84,0,10,23,41,48,30,8,3,4,168,4,8,15,24,17,19,4,4,0,95,0,0,0,4,0,5,3,0,0,10
LGA15050,26,203,932,780,666,614,404,162,39,3828,12,154,577,566,505,410,338,128,42,2730,59,317,1243,1316,1109,816,386,151,37,5439,51,311,906,843,687,515,228,62,9,3614,10,67,213,147,97,50,47,15,6,659,51,193,557,385,299,147,84,24,4,1753,3,5,4,6,0,0,3,0,0,22,0,10,39,39,35,27,18,10,4,183,113,145,337,318,237,230,257,270,164,2082,361,1495,5148,4770,3891,3017,1895,844,311,21739,0,26,112,132,117,95,27,9,0,514,14,37,149,91,90,49,12,4,0,445,46,476,1301,1391,1397,1027,523,205,67,6434,16,125,299,308,277,231,151,57,17,1484,15,35,118,148,92,66,27,7,6,512,19,138,503,618,645,459,215,78,22,2683,0,64,324,496,458,469,181,88,30,2116,104,373,1120,1245,978,591,265,88,38,4804,33,164,574,533,449,288,103,48,9,2196,17,68,152,105,69,56,25,14,0,511
LGA15240,38,179,581,576,745,1067,817,369,84,4452,4,79,370,409,419,629,706,283,76,2982,33,144,518,687,811,1135,965,372,103,4765,37,171,514,631,722,798,506,149,14,3536,4,25,89,102,119,121,106,46,17,622,40,112,323,291,290,274,229,72,16,1654,3,3,4,0,5,11,0,3,0,34,0,6,20,28,40,52,43,19,9,215,248,147,397,415,460,615,851,850,613,4599,438,907,2972,3324,3879,5037,4483,2256,958,24248,0,12,47,82,85,120,97,36,6,479,21,46,73,75,88,70,23,3,0,406,46,182,488,807,1175,1399,1338,714,175,6327,20,94,247,459,570,586,496,225,41,2741,29,55,164,267,271,191,115,44,8,1148,18,139,378,675,987,842,520,229,67,3866,4,46,246,376,597,895,491,201,47,2898,82,254,620,885,1107,1153,801,309,95,5301,57,168,453,572,613,544,280,88,18,2792,9,30,90,123,136,149,97,42,7,688
LGA15270,7,37,162,167,167,196,137,82,18,981,4,24,160,165,164,141,123,45,11,835,7,39,249,253,287,249,156,52,10,1300,13,33,158,187,181,163,70,29,4,830,0,11,36,44,37,23,14,4,0,179,14,51,129,102,82,59,28,17,3,489,0,0,0,0,0,0,0,0,0,5,0,4,6,9,13,13,3,0,0,52,64,48,129,148,133,161,154,132,74,1034,109,268,1140,1158,1161,1080,737,386,124,6158,0,0,31,29,32,26,24,13,0,162,0,13,17,23,14,13,4,0,0,90,13,120,295,392,369,336,229,90,23,1860,6,50,109,120,98,81,52,38,10,548,4,25,92,113,131,80,57,24,0,523,5,23,92,175,190,155,96,54,14,807,0,28,115,153,135,174,93,32,8,737,24,56,197,287,278,222,95,40,17,1210,10,46,126,139,138,110,46,20,6,643,5,17,32,39,33,35,24,4,3,184
LGA15300,4,27,61,44,47,66,52,19,4,328,3,20,75,69,76,50,43,13,3,353,9,33,108,109,112,86,39,12,0,510,5,26,87,77,50,74,26,5,3,361,0,4,20,9,9,11,0,3,0,56,8,25,46,35,23,13,12,4,0,164,0,0,0,0,0,0,0,0,0,4,0,0,0,3,5,5,0,0,0,19,87,95,201,193,182,183,127,79,31,1180,111,248,646,589,543,517,309,145,48,3156,0,0,4,12,10,5,6,0,0,33,0,7,4,3,4,3,3,0,0,31,11,57,155,129,157,103,51,19,0,689,8,22,35,41,55,44,24,8,0,234,14,23,91,93,64,48,25,7,0,369,4,18,54,56,96,66,27,7,3,338,0,24,90,115,67,60,24,6,3,389,18,67,183,186,148,73,25,8,0,702,6,31,108,111,92,48,12,7,0,416,3,0,19,18,8,7,4,5,0,64
LGA15350,5,35,146,169,193,218,196,139,64,1165,0,19,87,115,136,148,229,133,34,895,0,80,470,605,771,504,314,166,56,2966,3,63,290,431,449,399,290,165,45,2139,6,58,200,204,180,120,72,27,14,879,4,11,39,61,49,30,21,14,8,240,0,0,0,0,0,0,0,0,0,3,0,13,27,38,52,36,44,14,11,230,29,20,63,74,99,82,66,117,67,623,48,344,1471,1879,2115,1683,1337,850,322,10039,0,26,97,110,128,101,83,22,9,570,4,6,138,141,85,47,8,0,0,436,5,13,144,204,214,172,157,81,38,1027,0,22,87,106,132,80,71,29,5,536,0,11,34,26,24,20,20,14,4,149,0,39,215,228,270,275,212,133,80,1455,0,13,110,148,160,236,157,79,30,920,0,211,954,1383,1077,709,397,149,87,4965,3,93,468,640,709,550,325,133,54,2976,3,89,281,232,194,116,51,29,12,1010
LGA15520,3,20,74,87,77,114,85,29,13,508,0,15,82,90,86,72,46,28,4,426,0,16,82,104,119,79,59,18,0,477,0,15,69,64,87,80,47,20,0,383,0,0,9,19,9,4,10,5,3,59,0,13,58,47,41,42,32,8,0,246,0,0,0,0,0,0,0,3,0,4,0,0,4,4,11,13,3,3,0,27,29,20,64,62,58,85,94,98,49,561,43,110,477,523,518,524,389,212,77,2878,0,0,9,11,11,9,6,0,0,43,0,5,12,6,4,5,0,0,0,25,5,33,71,97,139,121,111,51,15,637,5,25,32,45,45,51,38,17,6,263,11,28,72,77,93,44,17,3,0,337,3,9,45,68,100,93,48,27,5,405,0,10,58,63,81,58,58,15,9,339,7,29,81,126,94,80,40,13,5,473,6,14,53,71,61,56,19,5,0,284,0,9,12,10,7,3,3,0,0,55
LGA15560,0,5,18,14,25,14,17,3,0,101,0,3,22,13,16,29,15,4,0,111,0,12,28,23,40,18,13,3,0,147,0,6,14,9,17,16,9,0,0,70,0,0,4,3,4,0,0,0,0,13,0,5,4,16,3,0,3,0,0,35,0,0,0,0,0,0,0,0,0,0,0,0,0,0,0,3,0,0,0,5,7,12,13,15,28,25,30,19,7,158,18,51,135,115,151,124,92,35,11,721,0,0,0,4,0,6,0,0,0,14,0,0,3,0,3,0,0,0,0,10,0,17,36,43,42,27,21,4,0,192,0,3,7,13,17,6,7,3,0,56,4,15,30,29,34,17,10,4,0,143,0,6,15,25,25,21,14,0,0,114,0,4,15,29,23,20,10,0,6,110,4,13,33,45,29,25,13,0,0,155,0,4,16,20,17,21,3,0,0,84,0,0,3,4,0,8,0,0,0,14
LGA15650,4,26,109,82,89,73,62,21,5,477,0,13,85,78,84,62,31,14,4,374,10,50,208,189,171,116,60,21,8,821,8,30,114,99,97,66,36,8,0,450,3,3,19,13,9,12,0,0,0,62,0,34,81,58,47,25,10,0,0,262,0,0,0,0,0,0,0,0,0,3,0,0,3,8,4,6,3,0,0,27,42,29,89,95,83,68,70,41,33,550,70,218,802,698,642,472,291,103,48,3360,0,7,25,18,15,13,0,4,0,82,0,10,18,15,5,5,0,3,0,50,19,164,392,404,393,212,91,35,3,1713,7,13,47,54,53,41,20,12,5,252,5,21,66,47,35,21,14,5,0,224,7,22,83,91,116,84,38,12,0,458,0,10,68,69,88,59,23,8,0,325,29,106,216,175,147,108,36,15,3,837,9,39,88,79,70,40,11,4,0,337,4,6,32,22,11,6,4,3,0,87
LGA15700,3,28,93,108,135,205,172,65,21,841,0,9,80,97,130,154,153,61,15,693,9,28,116,145,175,245,177,60,18,966,5,32,101,134,175,218,115,35,0,826,0,7,26,41,25,38,22,8,3,172,7,20,75,82,57,62,42,7,7,362,0,0,0,0,5,0,3,0,0,11,0,0,7,16,5,18,9,3,3,64,65,44,111,97,113,173,158,134,71,962,101,164,642,768,874,1185,902,409,144,5190,0,0,10,19,17,21,18,6,0,100,0,10,13,17,24,21,9,5,0,105,15,49,94,138,244,296,249,124,44,1258,8,21,53,72,155,129,92,40,12,581,6,15,26,54,43,56,18,7,4,236,6,22,55,109,189,191,98,41,16,729,4,4,43,102,175,204,122,36,11,708,16,49,138,164,237,192,133,58,21,1009,3,20,81,147,215,175,64,30,9,754,4,11,26,28,53,25,31,13,4,197
LGA15750,6,25,79,72,78,85,62,25,13,448,0,22,77,60,67,51,39,23,8,340,0,28,107,110,108,93,44,19,3,523,4,27,82,78,81,59,27,10,0,369,0,4,12,8,7,3,3,0,0,42,7,23,50,42,26,26,14,0,0,191,0,0,0,0,0,0,0,0,0,0,0,0,6,0,7,0,0,0,0,9,48,42,98,75,95,128,93,58,43,676,75,175,573,494,498,491,289,148,65,2824,0,0,13,17,22,13,5,0,0,74,0,8,12,3,14,3,0,0,0,43,13,56,159,165,191,137,79,17,7,822,3,13,42,37,28,31,22,9,0,173,8,26,87,85,74,49,34,10,0,363,5,14,57,90,107,90,36,19,0,434,0,15,70,79,67,68,32,12,3,345,5,39,140,152,145,82,33,13,0,611,4,25,84,86,63,40,17,0,0,325,0,5,9,7,6,4,3,3,3,51
LGA15800,0,3,28,40,32,32,32,19,4,197,0,13,36,39,40,29,25,14,0,196,4,8,38,52,44,46,24,3,3,225,0,0,25,34,29,43,11,6,0,159,0,3,0,4,0,8,5,0,0,24,3,7,7,22,17,9,9,0,0,75,0,0,0,0,0,0,0,0,0,0,0,0,0,0,0,0,0,0,0,6,23,13,30,42,38,29,35,37,19,272,36,60,188,242,229,223,139,85,37,1231,0,5,3,11,9,8,0,0,0,35,0,0,5,4,3,5,0,0,0,21,0,16,57,53,53,49,35,14,3,282,0,5,20,14,26,29,16,11,0,112,5,10,24,34,33,30,12,0,3,140,0,0,40,40,45,39,29,13,5,209,0,3,31,34,40,44,21,6,0,187,0,19,54,63,61,34,9,4,0,255,4,14,27,33,28,24,6,3,0,144,0,0,4,9,7,8,0,0,0,30
LGA15850,3,12,56,42,32,42,32,18,6,241,0,15,56,47,48,31,32,10,0,227,0,3,41,44,53,43,33,7,0,224,0,13,35,32,29,37,13,3,0,165,0,0,4,4,4,0,3,0,0,24,3,5,16,16,10,8,9,0,0,68,0,0,0,0,0,0,0,0,0,0,0,0,4,7,0,0,0,0,0,11,25,20,60,64,40,58,43,56,33,406,34,76,290,269,240,229,175,111,40,1463,0,0,4,8,8,9,0,0,0,22,0,3,0,4,3,0,3,0,0,15,4,23,46,78,72,56,40,17,0,329,0,7,17,21,25,22,13,4,0,105,3,13,44,69,47,34,25,3,3,236,0,14,31,33,55,43,28,19,7,221,0,12,45,57,36,44,11,3,0,205,3,21,61,75,56,52,22,4,0,291,0,7,38,37,38,41,8,3,0,182,0,0,4,3,5,0,0,0,0,20
LGA15900,34,657,2546,1760,1576,1441,797,362,107,9282,20,292,1146,1153,1005,936,934,349,106,5940,86,641,2142,2189,1947,1470,826,260,92,9647,77,637,1867,1585,1416,1134,660,234,48,7666,40,278,845,577,365,238,121,57,20,2541,93,359,676,514,476,268,156,62,17,2611,7,9,10,0,15,5,12,5,3,64,5,36,111,118,112,89,54,25,11,556,310,434,710,584,516,472,516,633,731,4901,684,3644,11108,9316,8074,6494,4337,2091,1173,46926,5,183,537,459,358,286,132,53,12,2018,35,178,590,325,184,85,26,9,0,1426,38,821,2586,2343,2447,2074,1247,699,238,12502,37,388,903,754,749,495,330,217,49,3925,10,72,315,274,162,82,52,17,3,989,37,526,1919,1884,1766,1166,549,287,93,8221,14,228,1114,1133,1209,1288,543,276,69,5866,170,1091,2983,2548,2069,1437,592,252,81,11230,79,626,1793,1600,1405,1083,436,161,35,7216,40,417,906,469,336,188,89,38,11,2482
LGA15950,3,132,870,574,399,418,379,223,104,3108,0,40,416,278,254,376,454,255,53,2122,5,297,2157,2143,1481,973,638,279,62,8034,3,213,1520,1123,857,661,587,268,54,5286,7,140,765,587,319,205,123,59,12,2212,7,45,164,141,108,76,46,27,6,609,0,3,0,0,0,3,4,0,0,17,0,18,95,98,94,80,64,34,10,494,56,75,406,343,215,197,184,182,125,1791,97,1111,7382,6077,4198,3333,2699,1436,465,26795,0,85,566,388,272,203,142,50,17,1728,0,70,951,628,281,111,25,3,0,2073,7,100,979,675,493,420,327,140,66,3203,5,53,380,250,177,191,124,51,15,1239,0,19,128,87,54,34,28,19,5,365,0,133,882,573,467,483,387,204,70,3206,0,61,496,360,301,521,332,132,34,2237,20,688,4609,3157,1746,1330,716,210,72,12553,12,306,2206,1579,1009,989,542,205,62,6902,9,258,1271,627,315,237,89,44,11,2865
LGA15990,51,452,1818,1909,1939,1903,1233,747,298,10353,10,249,1357,1586,1778,1734,1557,842,225,9340,50,791,3547,5239,5809,3569,2152,1133,347,22645,49,514,2133,2766,2955,1988,1190,482,115,12204,53,456,1544,1624,1269,693,345,165,56,6199,62,232,612,716,838,522,338,199,50,3558,5,10,9,10,5,11,9,7,17,81,5,30,186,256,335,171,107,71,32,1196,226,260,797,824,838,612,585,800,856,5806,541,3371,13204,16592,17473,12430,8189,4738,2095,78632,3,150,676,1113,943,652,386,131,54,4114,21,181,1023,1242,934,355,71,10,3,3844,37,451,2117,3185,3440,2568,2084,1190,408,15492,36,391,1624,1987,1549,1073,660,367,122,7814,14,116,502,568,409,177,122,66,20,1996,30,323,1749,2261,2282,1630,1058,617,189,10141,4,186,1480,1934,2003,2047,1133,477,146,9421,117,1469,6175,9017,6628,4466,2566,1082,433,31969,86,834,2835,3997,2840,2017,1038,392,123,14155,51,697,2002,1786,1098,617,315,153,73,6787
LGA16100,0,8,35,25,37,41,46,8,5,209,0,5,17,22,38,23,33,14,0,150,0,4,42,29,48,64,41,13,4,248,0,10,24,21,26,27,23,4,0,139,0,0,3,3,11,11,8,3,0,42,0,11,20,15,15,11,3,0,0,81,0,0,0,0,0,0,0,0,0,0,0,0,0,0,7,3,0,0,0,23,18,17,31,46,44,32,63,41,11,294,22,59,189,196,243,221,219,91,25,1268,0,0,5,6,0,12,6,0,0,29,3,4,3,0,6,8,3,0,0,26,7,36,68,89,87,81,30,14,0,414,0,12,16,19,25,20,13,6,0,121,3,8,19,27,21,22,21,5,0,128,0,3,12,28,29,56,19,14,0,164,0,6,17,22,29,36,19,7,3,133,3,18,39,51,64,71,30,4,3,286,8,10,21,34,29,25,17,8,0,148,6,3,3,9,7,4,5,3,0,48
LGA16150,13,135,580,433,343,356,257,119,34,2272,6,70,300,298,248,208,247,102,26,1514,22,107,474,493,509,388,248,123,26,2389,16,128,402,403,329,260,140,40,7,1730,0,22,110,88,63,36,32,14,6,374,18,78,223,172,114,63,45,20,7,740,0,8,3,0,0,0,0,0,0,21,0,6,22,23,25,15,14,3,0,113,76,88,213,189,168,166,197,160,135,1387,155,686,2509,2315,1938,1606,1237,601,253,11292,0,35,83,85,75,49,18,6,4,351,12,22,81,57,41,29,15,0,0,247,14,209,515,461,477,336,200,123,32,2370,18,111,231,196,176,144,77,44,14,1005,7,40,108,131,119,97,62,22,0,594,23,143,399,395,440,345,172,81,28,2017,0,46,219,272,272,331,118,58,15,1345,31,181,604,599,500,415,172,70,27,2596,26,120,319,313,274,202,69,28,4,1368,8,44,95,65,56,39,25,12,3,340
LGA16200,3,31,89,74,96,96,81,22,14,508,0,29,78,101,82,84,58,31,10,477,5,57,118,149,142,118,76,30,7,706,9,38,89,109,101,78,35,10,0,467,0,0,16,18,9,8,9,6,0,62,3,24,60,51,47,29,10,9,0,233,0,0,0,0,0,0,0,0,0,3,0,0,0,9,3,0,8,0,0,23,45,28,68,76,70,88,68,74,53,567,78,229,567,614,590,511,361,184,91,3225,0,6,15,17,12,16,0,0,0,65,4,8,10,14,12,10,5,0,0,57,9,76,182,220,220,150,86,55,11,1006,7,17,41,49,52,47,27,11,5,250,11,13,48,33,60,39,37,18,0,259,5,16,59,108,129,99,40,28,6,495,0,16,94,103,107,84,40,25,7,468,17,56,165,180,179,133,45,17,3,800,9,33,97,100,87,48,22,12,0,402,0,8,11,12,10,13,6,4,4,65
LGA16260,33,728,3050,2011,1266,1096,797,345,99,9412,6,261,1538,1347,1194,985,852,426,127,6746,60,1067,6587,6571,3716,2384,1290,470,143,22288,42,693,2488,2520,1893,1333,697,244,47,9957,35,350,1184,839,536,259,148,67,23,3444,54,243,804,714,473,275,121,69,19,2767,4,16,16,13,16,16,22,10,21,130,10,66,308,364,212,162,106,32,19,1281,233,526,1835,1453,779,689,561,497,351,6921,498,4652,22207,19572,11727,8329,5120,2389,912,75405,3,251,1134,1000,835,578,265,114,22,4200,21,364,3361,1757,808,264,45,6,0,6633,22,503,2950,2970,3073,2140,1513,791,216,14190,28,239,810,856,689,464,308,177,50,3616,10,54,261,213,200,99,53,40,7,932,12,572,2377,1789,1565,1168,597,239,85,8412,8,219,1202,1322,1329,1242,661,315,70,6364,120,2262,8623,5953,3966,2616,1253,530,170,25493,68,713,2721,2179,1856,1254,529,184,40,9543,44,407,1125,748,436,272,123,56,16,3225
LGA16350,78,567,1881,1535,1099,889,599,204,50,6908,28,333,1554,1305,1016,755,520,163,36,5710,107,750,2952,3452,2511,1829,982,241,46,12867,99,739,2221,1923,1487,1079,445,88,17,8093,45,240,648,404,220,135,67,38,5,1796,142,437,1123,858,569,366,175,40,15,3717,10,12,11,13,8,11,7,6,0,73,11,49,128,159,121,59,33,11,4,577,359,557,1420,1230,903,688,669,615,495,6937,922,3973,12976,11955,8528,6244,3725,1481,680,50488,6,102,281,268,252,174,70,14,0,1174,45,209,686,430,237,132,20,4,0,1761,111,828,2475,2790,3040,2454,1126,389,84,13298,77,435,1098,995,793,603,321,95,28,4452,35,140,282,235,170,102,41,22,6,1030,39,377,1187,1106,1067,791,316,111,46,5046,9,271,1155,1032,979,840,262,88,31,4665,251,1341,3573,3145,2717,1917,558,162,61,13728,130,818,1912,1430,1150,696,189,62,11,6405,36,311,565,284,189,134,58,26,4,1613
LGA16380,33,204,744,670,705,876,675,311,112,4341,9,73,400,505,615,601,612,318,70,3208,41,174,609,866,1086,1116,861,399,107,5260,46,220,552,687,799,694,484,147,36,3665,9,39,120,119,122,106,90,34,13,652,46,121,351,327,263,257,212,91,26,1710,0,13,6,0,3,7,0,0,4,34,4,6,22,37,46,48,26,17,9,206,136,120,242,254,289,371,456,502,421,2794,351,1032,3197,3696,4202,4327,3603,1915,830,23144,0,4,35,86,93,109,75,35,18,453,13,53,97,104,104,90,24,3,0,485,27,185,464,759,1027,1006,1004,624,196,5290,24,119,319,456,533,486,308,183,45,2474,20,40,126,165,182,134,61,47,15,791,14,126,420,699,915,706,405,239,54,3578,3,41,269,559,597,696,439,210,36,2861,72,277,764,1120,1178,940,695,320,101,5467,27,161,434,650,670,500,246,105,17,2811,9,39,113,151,130,106,75,39,16,667
LGA16400,21,111,461,449,577,636,503,224,50,3036,13,67,288,412,359,395,470,178,35,2221,37,169,617,818,909,924,696,264,32,4462,40,162,425,578,553,590,337,104,16,2805,12,35,82,111,104,97,64,37,10,543,58,121,325,285,271,186,173,72,11,1500,0,0,0,0,3,0,0,0,0,18,3,8,22,31,41,36,31,16,0,181,111,110,245,229,278,318,468,437,254,2459,311,851,2642,3122,3340,3426,2898,1401,436,18426,0,29,59,92,90,97,55,21,3,455,8,40,75,102,72,55,20,5,0,384,37,309,808,1133,1353,1243,957,387,99,6331,11,101,229,345,386,322,257,93,20,1776,15,54,121,134,120,76,53,17,5,586,21,96,322,516,637,503,317,109,39,2556,0,44,243,351,397,529,262,99,15,1934,73,303,752,934,909,769,528,203,48,4515,32,157,429,453,465,350,176,45,6,2120,8,55,97,103,90,76,60,26,11,531
LGA16490,0,98,549,418,448,347,230,89,23,2196,5,71,364,379,349,304,208,93,17,1796,29,153,921,990,1015,692,313,81,21,4219,14,164,687,755,653,512,247,75,6,3102,13,45,195,177,147,96,39,18,4,732,26,84,259,233,172,93,44,19,4,930,0,3,0,0,6,0,0,0,0,18,0,4,65,83,77,46,21,4,0,303,92,104,284,270,241,235,193,135,53,1604,197,817,3777,3724,3479,2576,1441,565,132,16701,0,26,168,242,218,160,83,19,0,921,24,74,316,271,225,97,19,0,0,1020,18,187,547,822,812,606,263,107,33,3397,13,129,320,313,379,263,141,54,9,1623,3,28,93,157,147,102,42,14,0,579,3,51,287,401,439,321,150,53,10,1718,0,37,271,325,338,324,160,40,9,1497,50,282,953,1308,1092,612,182,46,29,4544,32,193,715,867,727,506,186,36,13,3274,11,67,233,222,164,95,36,19,0,845
LGA16550,10,293,1898,1221,950,776,531,260,94,6034,9,132,780,678,699,651,609,267,98,3927,26,508,2854,2771,2226,1354,719,296,103,10856,26,367,1889,1717,1377,944,589,195,52,7159,24,347,1278,924,565,315,104,35,12,3603,24,101,396,334,334,229,133,78,20,1660,5,12,9,10,3,14,9,21,37,117,7,43,161,147,186,103,62,21,10,737,144,302,835,640,478,356,384,422,484,4040,286,2496,11566,9481,7561,5330,3465,1760,959,42895,13,305,904,614,476,325,169,49,25,2875,7,189,972,663,372,148,20,0,0,2371,30,707,2055,1352,1386,1086,729,430,165,7937,18,268,956,749,550,364,204,97,33,3243,3,61,244,166,114,52,31,18,4,699,16,320,1807,1531,1161,769,402,223,94,6313,4,129,848,836,838,826,363,212,101,4166,83,1429,5124,4246,2552,1448,604,273,120,15893,30,671,2579,2244,1546,995,393,165,62,8683,40,474,1527,1044,585,208,88,48,14,4036
LGA16610,4,49,119,114,145,180,158,50,14,829,0,24,103,135,103,123,92,33,18,644,11,82,170,207,214,205,134,40,10,1079,8,51,147,178,196,179,96,17,5,880,0,7,23,32,22,23,16,3,0,121,15,58,97,53,73,54,26,7,3,383,0,0,5,0,0,0,0,0,0,4,0,4,0,8,9,9,9,0,0,38,91,71,137,156,144,156,167,175,104,1198,136,354,860,935,952,975,742,342,160,5453,0,0,12,18,15,19,17,5,0,80,6,10,8,20,14,9,4,0,0,71,17,75,179,193,277,292,179,84,20,1306,9,34,73,94,122,118,66,25,5,533,9,19,62,59,60,42,16,10,5,288,7,21,93,125,214,201,71,34,12,786,0,16,79,116,141,152,67,35,7,613,20,90,194,217,239,170,66,43,5,1048,13,42,121,163,158,121,33,20,0,671,0,4,24,23,23,28,15,9,0,125
LGA16700,21,279,1416,969,715,702,498,221,84,4895,8,127,783,661,605,606,508,283,104,3675,27,686,3807,3474,2324,1537,847,290,121,13103,17,325,1360,1406,949,780,471,172,46,5535,16,253,730,580,333,211,97,27,18,2268,28,142,373,377,286,182,113,40,15,1555,5,10,5,3,3,17,11,7,0,75,6,39,116,153,125,70,57,25,7,597,93,214,696,571,359,373,293,319,354,3277,226,2382,11131,9754,6569,5201,3199,1523,822,40803,3,145,590,566,546,324,187,57,15,2433,17,144,1491,956,523,156,21,6,0,3315,13,230,1399,1511,1597,1175,689,502,164,7288,8,119,413,513,406,263,171,108,40,2042,3,24,141,158,121,81,30,12,12,579,10,215,907,943,863,640,336,192,79,4180,4,110,632,701,715,687,426,208,67,3543,113,1690,4427,3573,2506,1533,606,318,153,14913,22,488,1570,1429,1072,785,329,167,43,5902,24,306,755,549,322,175,72,55,12,2273
LGA16900,43,187,702,535,523,520,324,101,29,2958,11,127,531,432,388,355,276,74,14,2210,46,254,907,1031,964,791,453,112,27,4583,50,280,750,765,667,527,235,57,8,3344,9,74,158,122,81,62,43,19,0,571,54,179,413,305,252,143,89,46,5,1496,4,0,9,3,0,4,0,0,0,20,0,5,26,34,35,26,12,8,3,150,106,117,292,265,232,240,271,316,221,2059,339,1285,3977,3719,3347,2828,1791,759,325,18367,6,13,62,71,66,67,22,10,0,314,11,42,137,102,67,29,10,0,0,392,39,288,806,1173,1381,1104,574,278,64,5705,27,156,408,440,360,249,155,83,9,1880,10,33,97,100,63,34,24,12,4,372,19,125,374,467,561,335,131,44,12,2071,0,48,291,334,372,337,110,27,10,1533,85,375,994,1062,871,562,223,74,27,4262,56,282,574,610,504,276,80,20,6,2413,19,70,104,99,81,42,29,12,4,454
LGA16950,16,133,793,707,692,987,757,291,86,4463,13,98,511,554,534,751,797,317,77,3649,57,204,846,964,1046,1221,1029,420,95,5871,35,237,723,814,891,1005,691,152,31,4578,7,43,177,207,147,194,143,63,18,1005,46,174,440,410,342,292,211,77,31,2024,3,8,14,3,6,6,6,3,3,37,4,18,43,47,74,49,44,22,12,314,279,183,437,437,479,557,642,578,354,3943,471,1184,4311,4435,4523,5412,4587,2038,744,27704,3,29,78,106,133,161,113,45,10,672,12,32,90,87,100,69,37,8,0,439,57,320,852,1132,1556,1559,1425,786,227,7909,25,161,428,529,664,632,469,242,61,3214,23,58,175,246,233,160,92,46,8,1049,26,128,461,717,940,819,433,212,55,3788,3,80,315,475,691,937,485,211,39,3232,69,346,797,1081,1243,1115,804,287,88,5827,47,233,557,750,919,705,328,127,32,3695,13,57,143,204,191,158,120,41,16,937
LGA17000,5,44,154,150,138,138,108,30,9,784,0,27,115,132,121,85,73,25,3,584,17,97,306,311,326,246,100,23,4,1431,13,68,171,167,163,109,64,8,0,762,8,7,34,26,31,23,9,10,3,151,26,50,155,89,90,45,18,4,0,478,0,0,0,0,0,0,0,0,0,0,0,0,8,14,14,8,0,8,0,53,57,39,105,98,118,91,94,56,17,666,130,361,1174,1099,1115,813,488,169,52,5397,0,15,29,35,35,21,12,0,0,150,0,7,25,19,26,15,8,0,0,99,25,263,685,708,637,353,165,60,10,2896,5,31,76,78,74,59,29,12,0,365,9,18,67,63,47,35,9,0,0,250,3,36,108,152,178,135,53,25,12,703,0,10,85,122,131,117,45,10,8,536,31,154,354,355,331,168,54,24,3,1482,8,59,138,139,114,77,19,10,3,568,3,14,28,30,20,11,9,4,0,124
LGA17040,3,27,117,116,150,182,119,61,18,804,0,27,90,141,144,138,95,36,9,677,6,62,225,255,259,247,128,46,10,1237,3,37,169,146,179,162,90,27,6,810,0,8,60,42,53,41,21,13,3,250,5,33,71,70,70,53,24,20,3,349,0,0,4,0,0,4,0,0,0,6,0,3,10,15,15,20,10,0,0,78,55,49,132,96,120,123,101,85,42,811,78,268,1011,998,1099,1059,644,307,99,5575,0,3,23,47,43,38,34,9,0,205,6,13,21,37,37,29,8,6,0,155,16,68,200,271,352,280,197,100,26,1504,8,35,94,139,152,115,62,36,3,647,3,26,75,107,141,76,37,17,3,484,8,13,67,143,202,165,90,39,17,746,0,11,85,118,169,180,64,28,4,652,10,93,217,334,287,245,105,35,17,1349,8,41,139,175,193,116,39,13,0,742,0,19,40,48,45,43,16,12,0,222
LGA17080,0,13,95,83,93,118,109,35,11,566,0,16,81,87,83,92,78,35,5,485,0,20,95,140,138,133,57,36,8,616,3,25,70,77,91,104,52,12,4,430,0,0,11,12,15,8,8,3,0,66,9,23,56,70,37,32,18,5,0,241,0,5,0,0,0,0,0,0,0,3,0,0,3,8,9,6,4,0,0,28,49,25,75,82,82,91,92,108,63,666,67,140,531,613,583,625,447,229,102,3336,0,4,10,16,10,23,12,5,0,76,0,4,4,6,10,0,0,0,0,32,10,78,178,234,274,175,134,38,12,1137,3,16,42,49,79,54,28,18,0,292,0,18,57,79,83,46,25,9,0,330,0,21,64,82,115,100,62,36,7,477,0,19,47,98,95,111,58,18,11,453,14,46,130,152,166,118,58,16,5,724,12,25,87,90,83,65,18,13,0,390,0,3,6,23,18,10,3,5,0,73
LGA17100,7,203,698,311,231,237,152,70,21,1929,0,77,263,171,156,144,121,79,25,1040,10,285,1346,907,541,386,194,56,26,3752,3,152,476,350,310,224,128,49,15,1724,7,77,240,114,81,50,16,8,4,593,3,57,174,120,77,35,26,5,0,510,0,3,0,0,0,7,6,0,0,22,0,16,75,68,30,32,19,15,4,257,47,141,387,237,146,114,96,71,57,1303,86,1226,4501,2756,1831,1427,847,393,172,13258,0,41,195,125,158,82,47,18,4,669,3,90,713,292,133,37,0,0,0,1273,5,106,464,367,448,325,186,105,34,2029,4,41,147,115,103,74,45,21,8,554,0,6,34,20,23,10,8,6,0,94,5,145,425,352,423,316,157,90,25,1937,0,48,189,149,202,191,113,64,25,991,22,521,1743,923,750,403,147,49,27,4584,14,136,489,339,344,210,103,41,5,1690,8,74,212,129,89,37,18,11,5,582
LGA17150,50,566,1756,1677,1639,1494,893,414,143,8628,21,330,1680,1701,1763,1758,1477,507,142,9382,90,748,2938,4398,4191,3141,1911,851,324,18588,78,624,1942,2213,1981,1354,796,255,60,9310,51,441,957,873,545,249,182,106,32,3439,96,301,772,794,812,452,336,142,42,3746,3,5,13,3,11,18,13,32,96,190,3,24,119,178,159,113,68,23,17,703,174,186,616,667,628,486,535,697,715,4708,605,3516,11634,13658,12834,9908,6703,3246,1637,63739,3,192,485,663,576,500,258,109,26,2814,30,179,758,694,471,238,42,6,0,2430,65,933,2555,3766,4247,3505,2387,1327,405,19183,57,603,1520,1645,1353,916,552,322,90,7064,18,93,339,341,269,134,67,27,7,1292,39,512,1545,1882,1945,1222,637,361,95,8238,12,337,1563,1777,2189,2131,819,318,84,9228,208,1550,4814,5863,5247,3968,1737,816,268,24470,128,993,2420,2368,1748,1320,483,197,48,9703,54,588,1079,733,429,291,180,84,25,3465
LGA17200,17,417,2677,1282,711,688,504,213,82,6595,9,135,1059,678,492,535,617,249,53,3822,47,1839,9181,5286,2435,1407,668,211,63,21117,15,957,5336,2893,1654,1297,946,333,85,13517,53,973,3724,1797,830,546,241,78,21,8266,35,367,1099,620,328,215,125,37,7,2816,11,40,26,8,15,19,11,3,0,141,11,148,480,307,217,142,98,42,11,1469,208,940,2730,1384,776,642,530,365,231,7813,427,6960,30271,16220,8359,6109,4065,1676,605,74699,8,459,1611,874,462,327,165,61,8,3965,15,378,2894,1233,417,166,29,4,0,5128,19,591,2801,1410,1031,770,486,260,49,7405,28,273,1355,851,545,375,175,66,14,3683,3,59,306,212,123,77,26,12,0,814,17,433,2453,1359,943,759,400,160,63,6588,5,143,1097,870,734,894,374,152,32,4306,103,2958,12845,5899,2672,1451,563,167,33,26687,45,1304,6419,3743,2238,1794,728,220,47,16539,62,1411,4957,2146,1101,512,174,70,11,10453
LGA17310,36,179,664,529,490,543,384,178,59,3062,4,88,373,417,372,335,292,128,47,2062,37,155,648,671,657,573,404,148,46,3336,19,117,505,492,414,354,200,60,6,2180,4,25,96,67,58,56,23,22,3,353,36,110,268,236,170,120,76,24,5,1047,4,5,7,4,0,0,0,0,0,17,4,8,31,20,32,15,13,3,5,130,181,152,333,337,296,276,292,349,166,2387,339,915,3102,2976,2656,2427,1757,953,345,15467,0,15,44,78,59,52,21,8,8,289,6,35,58,59,41,44,13,0,0,247,31,255,594,662,753,674,416,169,37,3587,26,116,229,303,274,246,161,79,9,1439,21,57,188,211,181,158,95,42,16,966,14,142,441,527,621,522,252,117,37,2672,6,61,302,376,447,474,215,88,21,1994,57,258,685,795,788,670,318,99,24,3712,34,185,406,464,409,295,100,24,5,1930,8,44,95,86,67,41,31,21,4,406
LGA17350,0,13,39,36,36,65,57,17,8,254,0,4,31,39,51,34,39,12,0,220,8,18,41,47,69,61,50,6,0,291,0,9,21,47,40,36,19,0,0,171,0,0,3,7,6,0,6,0,0,22,0,13,26,16,19,12,6,8,0,98,0,0,0,0,0,0,0,0,0,0,0,0,0,0,0,0,0,0,0,3,14,11,16,17,26,30,39,40,33,229,28,71,191,226,254,241,226,96,45,1378,0,0,4,3,5,3,0,0,0,20,0,0,0,3,0,0,0,0,0,7,6,17,55,51,68,60,46,14,6,329,3,17,18,22,31,19,13,6,0,130,0,12,30,45,37,35,20,5,0,176,0,3,23,28,54,49,21,13,7,211,0,12,21,48,36,46,15,9,0,188,9,12,50,72,71,50,19,0,7,297,4,8,25,41,36,14,4,6,0,134,0,0,0,11,4,11,0,3,0,32
LGA17400,0,12,29,21,30,74,72,23,4,271,0,3,20,26,39,48,51,18,0,217,0,9,40,47,56,73,51,13,4,296,6,0,17,39,42,56,41,8,0,210,0,0,3,7,4,12,13,3,5,51,0,11,12,16,17,17,17,6,0,98,0,0,0,0,0,0,0,0,0,0,0,3,0,5,0,3,8,0,0,19,22,20,31,45,58,64,69,48,23,379,39,55,171,219,278,376,338,126,35,1645,0,0,3,3,8,7,5,3,0,33,6,3,4,0,4,5,3,0,0,20,7,19,41,76,85,97,71,17,0,419,0,7,15,27,42,38,27,12,0,162,4,9,19,19,23,29,17,3,3,123,3,6,21,41,60,77,42,15,3,263,0,3,26,43,49,71,32,10,0,242,9,14,38,66,80,53,37,10,4,305,3,12,36,46,35,55,20,0,0,205,0,4,6,13,17,16,6,0,0,56
LGA17420,40,443,1328,1641,1453,1163,852,317,77,7313,19,245,965,1299,1448,1061,972,385,94,6476,57,545,2615,5168,3854,2330,1476,515,89,16646,49,550,1252,1839,1610,1064,678,176,30,7247,45,296,595,659,422,182,127,48,14,2393,88,213,441,501,540,301,166,75,13,2346,6,13,8,3,8,13,13,9,8,76,3,35,118,237,174,143,105,35,3,850,122,163,470,612,417,359,312,320,273,3050,455,2792,8912,14575,11432,7591,5154,2056,641,53609,0,148,347,636,636,464,214,61,5,2522,17,188,904,1075,675,275,49,0,0,3187,39,357,1228,2474,2750,2236,1349,462,122,11018,32,306,587,923,731,533,348,114,21,3599,18,87,212,247,177,108,55,16,8,935,23,324,902,1466,1437,1190,529,169,54,6099,0,215,855,1360,1374,1364,586,186,41,5980,120,1179,3392,5007,4372,3252,1291,324,81,19014,80,618,1282,1559,1369,1003,352,102,23,6387,37,426,630,546,348,203,100,30,10,2316
LGA17550,33,161,711,877,802,968,724,298,103,4673,15,59,454,651,629,646,632,241,72,3383,55,174,681,983,1007,1035,709,306,94,5042,41,167,539,769,816,862,545,136,25,3904,21,72,241,291,228,173,102,43,13,1189,60,147,393,399,361,287,208,77,29,1967,5,8,0,0,5,3,7,9,4,39,4,9,39,48,61,52,24,18,6,277,204,155,417,504,501,541,553,669,628,4165,456,1005,3703,4844,4696,4875,3696,1852,1004,26125,0,23,73,109,98,114,62,33,14,521,24,46,109,129,132,99,17,3,0,563,20,176,539,824,1147,1085,929,598,199,5515,27,145,483,677,679,527,362,223,52,3161,12,42,187,243,192,124,49,33,6,883,17,108,513,766,960,748,405,209,62,3791,4,50,348,582,696,785,387,176,47,3074,63,313,866,1046,1129,926,541,288,90,5272,62,204,563,720,738,554,250,93,17,3196,16,91,210,257,185,132,69,42,11,1030
LGA17620,6,31,126,109,87,113,81,35,10,598,3,11,81,80,84,67,57,17,4,416,9,27,109,136,149,125,66,24,10,660,6,17,52,70,100,73,40,7,5,367,0,3,14,13,12,11,8,5,0,70,5,21,39,50,50,32,21,4,0,225,0,0,3,0,0,4,0,0,0,3,0,0,5,12,11,3,0,0,0,39,34,22,72,68,63,78,82,66,53,537,61,182,616,624,616,555,386,176,85,3303,0,0,13,14,6,9,7,0,0,54,0,5,11,6,10,10,0,0,0,39,17,110,227,222,224,164,79,30,13,1081,4,27,60,50,67,54,30,10,3,305,6,49,136,99,84,48,23,17,0,471,5,28,95,102,130,106,60,24,7,556,0,13,72,77,87,101,38,13,5,398,14,63,153,187,167,103,48,19,3,757,3,35,65,82,68,41,17,8,0,332,0,3,15,14,9,8,8,6,0,67
LGA17640,4,19,46,45,49,92,70,27,3,355,0,9,48,51,60,56,42,16,0,281,0,12,52,66,87,98,62,15,6,406,0,14,44,65,73,86,45,8,0,345,0,4,9,16,12,19,5,5,0,73,3,15,18,23,27,13,11,4,0,115,0,0,0,0,0,0,0,0,0,0,0,3,0,3,4,5,3,0,0,23,25,13,36,37,41,66,79,48,21,368,38,100,291,343,388,477,345,129,41,2145,0,0,3,11,7,9,6,0,0,46,4,0,5,0,10,9,0,0,0,30,0,22,42,65,106,90,71,21,3,435,0,15,29,45,41,35,20,0,0,189,3,13,35,69,71,65,47,18,0,327,0,10,42,52,77,72,45,16,5,315,0,10,19,47,45,68,38,12,0,234,3,21,55,96,83,90,46,15,8,419,3,14,42,85,81,62,28,8,6,328,0,0,8,14,16,15,14,3,0,72
LGA17650,0,8,36,38,40,56,50,17,6,246,0,4,28,45,43,56,47,24,0,248,7,10,53,51,61,72,42,8,0,301,3,7,44,39,76,67,40,9,4,294,0,0,13,9,12,14,12,4,0,58,3,8,19,17,11,10,3,0,0,81,0,0,0,0,0,0,0,0,0,4,0,0,0,0,3,3,4,0,0,14,19,11,21,20,39,49,35,24,16,239,36,63,235,258,325,348,254,93,30,1641,0,4,13,17,22,32,17,0,0,105,0,5,5,4,5,4,0,0,0,25,0,17,40,60,68,78,42,20,8,323,3,15,29,28,40,31,13,6,0,161,3,13,33,50,45,42,21,7,5,229,5,10,29,51,63,63,30,11,0,252,0,5,26,38,65,88,22,6,0,266,3,17,50,80,97,70,24,7,0,340,4,15,52,82,71,56,24,3,0,312,0,6,11,16,14,18,7,5,0,74
LGA17750,37,303,933,652,523,475,321,146,66,3440,16,95,436,433,424,380,303,125,39,2250,43,209,691,798,707,631,387,134,43,3640,32,174,604,514,455,382,187,55,14,2423,8,58,150,120,80,56,24,17,4,520,37,141,330,234,173,122,77,30,12,1150,5,21,14,12,0,0,3,0,0,55,6,13,41,38,28,20,8,11,0,169,162,180,320,265,252,261,275,217,203,2132,351,1334,3831,3314,2825,2478,1678,776,394,16972,3,50,132,121,100,72,31,11,4,525,14,43,142,74,62,43,13,0,0,398,79,341,714,716,717,594,288,141,49,3636,44,206,339,269,316,269,108,68,17,1625,34,89,210,238,195,171,89,43,14,1073,27,229,577,588,574,426,186,109,53,2769,3,72,406,515,489,493,185,95,27,2282,64,406,1066,984,907,651,245,104,30,4466,37,218,568,533,450,284,113,39,8,2262,18,108,218,112,95,54,39,15,0,654
LGA17850,0,0,17,21,16,25,27,12,0,128,0,3,16,21,14,23,22,7,0,98,0,6,15,21,41,32,18,6,0,141,0,0,13,14,12,14,12,3,0,68,0,0,4,5,7,0,0,0,0,17,0,0,8,8,4,4,9,0,0,33,0,0,0,0,0,0,0,0,0,0,0,0,0,0,5,0,0,0,0,10,9,8,14,12,22,27,26,34,14,169,23,27,107,112,123,139,118,64,14,737,0,0,0,0,3,0,0,0,0,11,0,0,3,0,3,0,0,0,0,12,0,12,18,25,35,42,17,6,0,154,0,0,8,4,14,12,6,4,0,51,6,12,37,42,26,33,20,9,0,184,4,8,7,17,29,34,23,3,5,122,0,5,11,14,20,35,9,9,0,95,4,7,29,41,31,32,12,3,6,165,0,8,8,20,12,23,11,0,0,85,0,0,3,0,6,0,0,0,0,10
LGA17900,3,11,32,19,27,39,22,3,0,159,0,3,33,26,38,34,13,4,0,155,0,11,21,25,32,31,21,6,0,160,4,8,22,28,32,18,16,3,0,132,0,0,4,5,4,4,3,0,0,19,5,0,12,9,13,8,9,0,0,56,0,0,0,0,0,0,0,0,0,3,0,0,0,0,0,0,0,0,0,9,42,31,84,87,101,110,90,44,16,604,58,65,226,219,262,257,181,65,20,1349,0,0,4,5,0,6,3,0,0,33,0,0,0,0,10,4,0,0,0,20,0,11,49,41,59,64,53,24,11,306,0,8,11,13,18,37,15,8,0,112,6,12,36,42,24,19,5,6,0,158,0,0,28,44,50,47,12,7,4,191,0,11,53,38,48,33,15,0,0,204,4,12,48,46,48,39,14,0,0,214,6,9,40,49,23,32,17,0,0,171,0,0,4,6,9,14,0,0,0,34
LGA17950,0,3,21,10,9,15,3,12,0,74,0,0,9,25,18,18,13,0,0,85,0,0,18,19,21,9,9,5,0,83,0,3,14,16,6,11,4,0,0,57,0,0,0,3,5,0,0,0,0,9,0,0,4,3,7,7,0,0,0,29,0,0,0,0,0,0,0,0,0,0,0,0,0,0,9,0,0,0,0,11,8,6,13,12,25,19,26,28,32,158,9,20,103,98,97,93,58,48,36,553,0,0,0,6,0,0,0,0,0,9,0,0,3,0,0,0,0,0,0,3,0,13,18,13,38,18,10,3,5,122,0,0,5,0,4,9,10,0,0,29,3,7,25,27,35,15,3,4,0,126,3,4,11,13,33,12,20,0,0,98,0,9,14,10,17,14,3,0,0,76,3,3,27,32,24,14,8,5,0,111,0,7,16,15,9,9,4,0,0,61,0,3,0,0,0,0,0,0,0,5
LGA18020,0,5,63,60,60,83,72,24,11,384,0,8,50,62,68,59,51,14,6,312,5,11,45,57,79,70,56,22,0,346,0,6,46,40,46,46,27,3,3,228,0,0,3,5,9,7,4,7,0,28,7,9,32,15,26,15,6,4,0,113,0,0,0,0,0,0,0,0,0,0,0,0,0,8,4,5,4,0,0,21,37,22,64,74,86,116,133,91,52,665,48,68,330,342,412,428,391,165,78,2271,0,0,3,10,15,11,7,0,0,47,0,6,4,4,11,4,3,0,0,27,14,11,45,110,103,108,81,36,12,517,0,4,23,22,29,35,26,11,0,149,3,24,34,52,77,56,38,13,0,307,0,5,56,52,79,105,37,21,9,377,0,16,45,66,80,74,38,16,5,334,3,19,68,93,100,83,32,8,3,414,4,21,37,62,49,40,14,0,0,225,0,0,5,9,6,7,3,4,0,41
LGA18050,0,110,751,515,368,320,219,120,52,2454,0,36,379,290,318,304,298,143,40,1800,13,247,2334,1594,1130,566,333,140,55,6414,4,178,1466,1123,831,560,335,136,23,4654,6,169,1139,761,435,227,120,45,19,2922,9,38,261,156,139,78,57,37,3,774,0,0,7,3,7,3,0,0,0,18,5,12,121,100,126,58,34,14,8,477,63,120,696,406,253,182,182,242,259,2409,90,1025,7866,5428,3936,2524,1736,957,489,24053,4,53,356,289,178,134,73,36,7,1138,0,29,394,335,188,66,13,0,0,1022,3,92,724,544,423,443,316,178,85,2813,0,119,560,381,278,184,103,52,11,1696,0,15,117,96,45,24,10,3,0,312,0,107,779,600,531,391,202,134,51,2791,0,43,444,381,419,422,225,94,24,2049,21,453,3525,2627,1243,731,316,170,97,9188,19,269,1926,1597,929,737,297,125,33,5932,15,286,1565,994,441,205,74,45,21,3639
LGA18100,0,0,27,9,19,27,28,10,6,137,0,3,24,28,35,30,16,4,8,148,0,9,22,28,37,26,24,3,4,155,0,5,13,21,19,28,4,3,0,99,0,0,0,0,3,6,0,0,0,18,0,0,3,14,12,6,3,0,0,48,0,0,0,0,0,0,0,0,0,0,0,0,0,0,0,0,0,0,0,7,7,4,14,17,17,28,35,35,8,164,15,33,114,120,161,169,123,71,28,837,3,0,3,3,0,5,0,0,0,17,0,4,0,0,0,4,0,0,0,13,4,15,38,25,33,39,26,19,0,197,0,3,8,3,12,14,9,7,0,54,0,9,22,33,35,26,22,0,0,157,0,0,11,20,35,28,15,11,3,123,0,4,26,33,37,36,15,3,0,146,0,12,28,35,45,41,14,3,0,181,0,8,16,15,21,10,4,0,0,76,0,0,0,10,0,0,3,0,0,19
LGA18200,0,16,63,43,46,53,42,19,0,291,0,9,37,52,44,41,39,8,3,228,0,14,45,70,58,58,18,3,0,259,0,10,52,39,49,53,21,9,0,228,0,3,11,6,5,9,4,3,0,34,3,12,25,20,22,21,3,4,0,101,0,0,0,0,0,0,0,0,0,3,0,0,3,0,4,0,0,0,0,18,39,18,59,66,60,55,64,34,23,425,48,89,309,306,307,304,195,84,24,1678,0,0,13,7,10,11,5,0,0,38,0,3,0,4,0,0,4,0,0,11,8,26,75,67,76,69,47,9,0,378,5,16,10,38,30,16,23,3,0,145,0,11,32,55,30,26,3,0,0,164,0,12,31,50,60,42,29,5,3,229,0,5,40,51,43,46,23,10,0,216,7,20,76,74,57,43,22,5,3,304,8,18,21,43,38,37,8,4,0,172,0,0,7,0,3,10,0,0,0,30
LGA18250,8,131,624,638,511,430,349,223,106,3018,3,37,270,318,339,343,374,187,88,1966,7,257,1527,2421,1850,1048,590,218,92,8015,5,162,619,956,897,595,407,157,66,3863,14,126,356,436,333,175,83,41,29,1602,4,50,149,165,147,75,50,21,9,675,0,9,0,0,7,4,7,5,4,36,5,15,59,84,91,81,39,26,14,406,63,70,265,296,237,154,178,134,167,1567,118,994,4488,6284,5039,3325,2326,1120,614,24306,3,93,351,373,317,235,153,70,23,1618,5,88,886,729,353,128,13,3,0,2196,5,123,660,755,721,584,367,244,104,3564,0,52,203,310,248,215,106,62,19,1213,0,14,79,87,59,42,25,6,9,316,0,120,685,700,687,537,331,213,87,3355,0,39,333,404,483,481,265,155,43,2203,35,666,3127,3263,2140,1341,511,262,140,11473,12,277,1075,1460,1132,802,363,149,57,5332,22,223,611,443,350,181,83,55,18,1990
LGA18350,16,96,337,348,412,474,513,240,84,2511,5,41,220,288,370,390,499,253,59,2119,7,94,453,520,654,638,603,292,65,3323,21,100,311,412,466,428,439,190,27,2392,10,42,115,164,157,157,128,66,20,857,25,72,195,159,182,142,87,47,3,914,0,0,0,0,3,3,0,3,0,14,4,12,14,45,61,48,37,23,4,242,80,69,136,163,198,221,235,310,284,1708,167,574,1935,2276,2727,2729,2739,1521,564,15226,0,17,44,69,110,99,79,42,14,475,0,17,36,49,45,34,16,3,3,203,24,133,312,557,769,635,567,294,57,3348,18,69,182,275,295,217,174,76,12,1318,19,51,121,172,144,108,70,22,6,717,5,62,174,344,523,521,340,220,44,2228,0,29,147,331,467,539,335,145,14,2010,20,148,351,653,702,764,589,227,62,3525,17,107,242,454,449,466,326,111,18,2187,4,45,109,182,161,140,115,45,9,807
LGA18400,38,146,389,355,331,324,178,77,15,1861,11,89,419,441,369,277,220,56,15,1897,23,157,528,716,661,485,287,86,9,2953,39,158,512,468,416,304,137,32,6,2067,10,57,101,85,65,55,36,3,0,413,45,111,270,216,199,86,60,17,5,1007,0,6,3,4,0,0,0,0,0,18,0,7,19,23,23,24,17,4,0,122,102,66,187,185,209,165,170,170,154,1413,271,856,2613,2684,2439,1850,1196,466,205,12579,3,18,60,85,80,72,19,4,5,350,3,22,65,42,45,31,11,0,0,216,38,251,583,1003,949,721,406,157,25,4129,18,145,299,362,285,194,93,27,9,1446,16,47,121,128,100,63,25,7,0,502,6,67,228,344,357,271,108,43,14,1429,0,61,249,359,371,353,91,38,9,1533,59,220,493,710,673,474,158,39,7,2843,44,146,370,408,312,199,70,20,4,1563,17,68,93,80,70,43,19,9,0,391
LGA18450,70,685,2172,1728,1490,1362,873,322,103,8800,22,289,1490,1451,1333,1311,1151,433,107,7591,121,755,2402,2798,2669,2013,1173,432,122,12483,92,852,2179,2048,1914,1615,861,267,57,9881,46,350,760,626,469,290,165,76,16,2812,95,417,807,758,652,425,224,95,17,3487,15,9,8,10,6,5,13,11,21,108,8,43,126,124,130,104,53,35,17,641,343,414,786,723,652,605,661,782,724,5683,829,4186,11849,11219,10121,8423,5534,2610,1254,56033,4,225,565,493,454,377,197,54,11,2383,45,303,808,490,355,154,39,11,0,2203,85,948,2729,3335,3864,3117,1953,1031,334,17386,71,400,1082,1165,976,662,476,286,79,5193,23,92,333,334,254,139,50,21,3,1250,51,469,1531,1650,1703,1135,516,234,73,7361,10,266,1287,1398,1646,1659,650,282,79,7283,215,1452,3403,3487,2807,1897,882,358,113,14618,113,906,2100,2099,1769,1213,466,182,39,8887,51,370,737,610,454,255,121,57,18,2675
LGA18500,0,62,412,303,306,351,299,242,73,2045,0,19,199,151,167,270,385,193,60,1447,4,272,1321,1123,983,644,412,220,61,5047,0,150,948,778,738,655,559,281,78,4194,12,169,649,501,364,235,128,73,34,2165,7,23,106,97,103,75,70,35,6,512,3,4,0,0,0,0,4,7,13,35,0,22,67,75,104,76,76,45,6,473,63,81,262,234,214,149,153,220,286,1654,92,904,4329,3556,3289,2672,2249,1400,639,19133,0,66,233,227,142,132,92,40,28,962,0,20,201,156,104,39,12,0,0,530,0,39,335,267,261,266,227,156,95,1649,0,63,278,265,176,175,116,37,26,1144,0,6,55,48,45,24,13,12,3,211,3,76,476,470,559,594,449,272,119,3022,0,26,269,226,309,479,224,119,38,1696,12,414,2422,1955,1435,914,530,212,91,7992,8,273,1544,1262,1135,1019,614,243,72,6165,4,234,974,603,409,227,109,53,25,2650
LGA18710,5,20,100,126,139,120,100,35,11,655,0,24,74,132,123,97,109,36,8,605,3,28,128,234,283,181,104,30,11,1002,7,42,121,220,216,169,120,26,5,924,5,6,38,47,52,20,12,4,4,185,7,24,52,55,41,28,13,10,0,236,0,0,0,0,0,0,0,0,0,0,0,0,4,14,24,14,12,0,0,76,15,21,37,65,56,60,69,67,36,435,62,185,640,997,1073,795,598,231,78,4658,0,5,26,83,72,55,37,8,0,288,3,5,32,61,51,32,4,0,0,195,13,43,126,207,234,152,101,45,5,921,8,22,64,120,96,70,41,13,3,432,3,23,55,100,96,68,43,20,4,405,0,18,65,135,122,130,63,27,6,565,0,13,66,107,110,149,76,18,0,536,8,40,178,343,262,197,86,27,6,1139,6,35,125,231,202,199,86,16,0,912,4,11,29,65,49,30,13,11,0,208
LGA19399,0,0,3,5,3,16,6,0,0,42,0,0,3,4,4,4,6,3,0,22,0,0,10,15,8,10,8,0,0,56,0,0,6,0,5,3,0,0,0,19,0,0,0,3,0,0,0,0,0,8,0,0,4,3,6,3,5,0,0,33,0,0,0,0,0,0,0,0,0,0,0,0,0,0,0,0,0,0,0,0,0,0,5,3,4,9,9,3,0,46,3,10,49,52,47,46,23,15,0,252,0,0,0,3,5,4,0,0,0,13,0,0,0,0,0,0,0,0,0,0,0,0,11,16,15,18,8,6,0,75,0,7,0,3,4,9,3,0,0,24,0,12,6,22,14,5,0,0,0,60,0,0,10,3,13,8,9,0,0,44,0,0,6,11,4,4,6,0,0,29,0,4,11,15,15,10,4,0,0,53,0,0,3,3,6,7,4,0,0,26,0,0,0,3,0,3,0,0,0,7
LGA19499,4,13,69,59,54,62,34,14,0,298,0,5,35,19,35,31,26,9,0,157,5,27,102,84,86,92,40,13,0,455,0,26,97,52,61,74,38,6,0,352,4,14,64,26,15,16,8,0,0,158,5,21,50,26,26,23,19,0,0,162,0,0,0,0,0,0,0,0,0,4,0,0,4,3,0,3,3,0,0,21,94,139,350,305,213,159,77,26,10,1373,115,259,843,611,522,498,255,66,20,3187,0,22,59,33,14,12,7,5,0,144,0,19,67,21,15,14,0,0,0,140,0,63,199,118,143,145,107,15,0,801,5,21,83,76,55,46,44,6,0,334,0,17,32,23,19,13,7,0,0,122,5,29,123,63,85,82,28,5,3,426,5,16,77,34,50,67,21,7,0,274,15,113,277,181,120,110,42,5,0,866,12,73,190,103,83,78,31,3,0,569,0,50,109,54,39,15,12,0,0,281
LGA19799,0,0,0,0,0,0,0,0,0,0,0,0,0,0,0,0,0,0,0,0,0,0,0,0,0,0,0,0,0,0,0,0,0,0,0,0,0,0,0,0,0,0,0,0,0,0,0,0,0,0,0,0,0,0,0,0,0,0,0,0,0,0,0,0,0,0,0,0,0,0,0,0,0,0,0,0,0,0,0,0,0,0,0,0,0,0,0,0,0,0,0,0,0,0,0,0,0,0,0,0,0,0,0,0,0,0,0,0,0,5,0,0,0,0,0,0,0,0,0,0,0,0,0,0,3,5,0,3,0,22,0,0,0,0,0,0,0,0,0,6,0,0,0,0,0,0,0,0,0,0,0,0,0,0,0,0,0,0,0,3,0,0,0,0,0,0,0,0,0,0,0,0,4,0,0,0,4,0,0,6,0,0,0,0,0,0,0,0,0,3,0,0,0,0,0,0,0,0,0,0
LGA20110,0,23,92,109,120,143,113,39,14,656,0,15,68,91,80,105,111,47,10,530,0,12,82,136,153,119,81,29,3,619,5,15,68,89,106,99,69,23,4,473,0,9,20,31,24,24,17,6,3,138,4,19,50,54,43,46,34,12,0,266,0,0,0,0,0,0,0,0,0,0,0,0,10,9,16,5,7,0,4,45,28,22,52,51,75,81,94,95,53,545,39,130,489,647,701,691,554,276,86,3605,0,4,13,16,31,29,18,3,0,111,11,10,9,13,14,10,3,0,0,67,0,25,92,149,200,203,140,78,18,908,0,31,40,67,95,73,36,23,5,373,3,9,32,56,71,54,21,11,0,256,3,12,57,108,136,139,71,29,7,545,0,0,60,84,113,148,109,22,4,541,8,21,66,148,129,128,62,30,3,603,0,21,62,80,91,103,43,14,6,418,0,9,28,31,31,19,12,8,0,137
LGA20260,3,22,88,68,98,123,88,44,10,544,0,14,49,58,47,64,71,42,9,352,3,15,75,75,71,71,26,16,0,352,8,26,94,70,101,90,76,18,6,477,0,4,16,18,21,7,3,3,0,74,3,15,58,36,39,19,15,12,0,188,0,0,0,0,0,0,0,0,0,0,0,0,3,3,8,4,0,0,0,31,21,27,50,55,58,70,72,57,33,449,42,133,466,430,485,491,378,190,61,2677,0,0,14,9,8,13,4,0,0,49,0,0,17,9,9,8,0,0,0,48,9,28,75,88,123,122,74,37,14,575,5,21,31,41,43,38,22,12,0,212,0,6,74,69,78,63,25,11,6,328,0,22,52,95,147,125,70,39,14,571,0,9,48,55,76,114,74,18,3,394,12,24,90,108,93,64,29,9,4,426,3,32,57,113,104,94,31,11,0,435,0,5,16,13,17,10,4,3,0,75
LGA20570,28,397,1339,1095,937,946,707,313,102,5856,7,149,848,849,742,662,703,324,94,4388,35,240,991,1321,1017,761,406,117,28,4907,51,291,1158,1165,1119,865,550,140,24,5364,32,115,329,296,213,131,98,31,15,1264,34,190,539,424,322,197,146,55,17,1921,0,5,9,10,4,4,11,3,0,40,3,22,65,105,100,42,55,25,11,422,218,240,498,400,401,362,458,472,379,3416,426,1803,6253,6141,5212,4221,3265,1503,695,29506,0,45,153,192,133,121,46,15,15,717,17,136,382,212,150,56,27,0,0,970,47,372,883,1054,1046,870,610,310,92,5278,84,324,640,443,470,273,204,92,18,2546,15,64,203,191,172,94,55,21,7,825,17,336,878,1003,1104,826,390,201,46,4804,6,134,715,684,803,933,503,222,51,4038,87,523,1537,1426,1136,688,275,104,41,5830,60,392,894,950,855,665,252,78,11,4160,33,165,355,245,156,139,71,26,8,1205
LGA20660,18,365,1564,1387,1097,912,682,289,121,6439,0,101,844,892,901,956,887,388,92,5069,20,256,1404,2075,1698,1104,603,234,93,7473,35,305,1265,1382,1260,984,676,232,53,6181,27,185,544,546,366,169,109,42,17,2017,25,121,381,329,303,209,136,67,16,1593,0,9,6,3,3,3,5,5,0,32,0,37,122,169,147,108,51,19,14,672,89,121,365,387,319,291,340,323,224,2452,235,1768,7292,8324,6881,5292,3759,1709,665,35922,3,147,528,627,540,442,191,72,17,2575,8,135,773,631,343,168,29,4,0,2094,33,358,1322,1661,1630,1384,1070,562,185,8214,49,258,674,716,570,407,295,141,35,3138,9,63,221,209,109,66,42,7,5,737,11,368,1482,1394,1330,1027,419,254,72,6362,0,153,806,964,1144,1286,619,214,80,5275,90,825,2728,2670,1986,1431,634,280,117,10763,65,493,1507,1607,1367,1117,438,169,38,6802,41,337,763,602,340,205,96,50,20,2456
LGA20740,3,50,274,274,282,412,344,140,35,1811,0,37,194,247,232,317,391,169,34,1615,6,48,236,340,341,375,243,80,24,1696,3,64,257,295,333,413,293,102,10,1771,3,31,78,83,54,62,59,23,8,399,6,50,190,174,127,135,90,31,6,797,0,0,0,0,3,0,0,0,0,4,0,3,15,29,28,32,23,13,4,143,98,51,143,198,199,282,353,250,148,1725,130,363,1488,1788,1757,2186,1887,835,280,10720,0,5,42,42,26,55,22,9,6,218,0,11,24,18,22,19,6,0,0,106,5,69,271,359,347,427,427,215,56,2179,8,85,237,264,252,207,151,74,13,1302,6,25,109,121,82,35,24,8,0,408,7,41,162,211,283,271,182,80,20,1256,6,15,146,175,204,329,240,82,18,1214,15,72,276,294,219,268,186,88,23,1435,9,70,181,243,256,259,117,55,9,1189,0,21,47,63,67,51,42,9,8,316
LGA20830,20,131,577,479,398,451,399,148,33,2631,3,86,423,370,382,360,368,154,33,2188,4,106,517,585,469,412,220,82,17,2424,23,131,544,484,543,517,328,81,7,2661,3,43,120,99,69,66,39,22,3,458,31,77,321,206,168,136,88,42,4,1067,5,0,0,0,3,8,0,0,0,19,0,9,25,27,44,36,19,9,0,166,118,76,284,235,244,249,269,245,126,1843,225,745,3033,2711,2510,2402,1817,810,243,14494,0,11,66,63,76,58,31,4,5,314,0,14,49,42,59,30,12,0,0,206,36,185,467,594,720,593,402,154,36,3190,25,141,270,284,231,184,113,48,7,1314,21,65,202,230,170,107,46,30,4,866,5,101,309,330,434,406,168,78,21,1852,5,49,232,278,398,461,254,76,10,1758,22,174,549,444,478,347,174,52,22,2260,27,123,309,406,416,356,143,37,0,1813,11,34,113,81,55,54,21,11,0,384
LGA20910,7,141,593,751,959,964,625,404,182,4620,3,69,306,435,711,975,1019,474,134,4124,17,243,890,1865,2339,1346,746,301,111,7868,11,181,617,971,1231,935,600,288,76,4910,14,168,361,452,426,276,134,89,32,1957,13,62,173,183,261,206,117,87,27,1119,0,7,0,4,3,5,3,4,4,35,0,42,66,117,223,101,83,41,23,709,103,64,196,304,337,256,305,352,399,2315,177,1140,3618,5769,7334,5705,3955,2141,1062,30897,0,92,211,445,534,375,197,93,39,1991,4,46,284,477,474,168,28,0,0,1484,14,132,456,979,1186,979,764,461,206,5175,17,171,274,512,526,338,183,111,38,2168,0,23,78,119,112,54,44,20,0,453,3,145,567,1028,1325,901,579,347,148,5054,0,53,317,708,1146,1196,602,271,87,4385,37,492,1587,3482,2800,1786,930,397,245,11745,18,249,710,1449,1406,1088,562,207,70,5765,36,264,459,564,423,296,136,85,37,2298
LGA21010,5,30,114,118,96,140,117,60,16,687,0,11,67,67,73,112,126,51,11,524,0,24,71,88,123,117,66,24,10,523,5,22,84,94,125,148,102,20,5,606,0,3,13,9,7,9,10,0,5,75,5,22,53,55,48,38,23,16,3,260,0,0,0,0,0,0,0,0,0,3,0,0,3,0,11,16,3,5,0,46,41,30,70,73,86,107,101,136,77,714,62,165,530,554,633,747,584,325,128,3746,0,4,15,21,17,20,11,4,3,96,3,3,18,19,22,16,6,0,0,84,12,44,123,168,211,215,137,58,17,985,0,23,63,63,72,82,28,16,4,360,3,16,43,69,88,57,27,16,8,324,7,26,86,73,152,147,78,47,11,637,3,9,45,68,116,173,96,34,8,559,17,22,124,119,120,118,61,18,13,609,10,36,80,93,134,113,44,8,5,522,7,10,15,21,15,18,5,11,5,113
LGA21110,16,510,1764,1549,1673,1623,1134,704,359,9327,0,131,758,673,1038,1326,1441,812,229,6400,27,677,2471,3294,3573,1993,1068,393,180,13677,32,445,1549,1556,1896,1480,1108,538,180,8781,27,447,982,701,544,351,225,91,58,3435,29,120,265,262,298,200,117,71,28,1387,7,16,4,14,0,8,5,6,8,63,5,88,171,183,299,208,140,82,44,1211,157,207,459,419,449,368,387,374,401,3223,308,3173,9758,10132,11223,8724,6134,3308,1584,54347,5,303,770,769,1037,738,395,173,91,4275,17,270,1405,921,788,309,42,7,0,3761,17,409,1414,1360,1795,1416,918,556,246,8141,14,256,569,664,672,445,298,119,44,3076,14,55,194,166,172,123,45,40,11,834,19,544,1701,2169,2694,1932,1159,743,317,11273,3,145,773,992,1768,1984,1038,452,189,7354,98,1621,4893,5524,4687,2901,1180,614,376,21896,53,735,2122,2588,2700,2200,1073,470,168,12126,54,640,1346,834,644,423,193,109,44,4283
LGA21180,30,573,1674,949,736,514,280,102,32,4886,17,228,1023,855,748,649,364,139,28,4049,32,612,2576,2498,1729,1069,500,130,33,9182,50,478,1571,1576,1318,935,402,77,7,6414,28,215,490,322,182,99,40,19,7,1396,53,319,909,806,550,354,184,60,17,3246,5,17,20,8,8,13,11,0,3,87,0,47,152,162,103,73,45,13,3,606,341,466,1374,1118,854,735,735,541,418,6593,576,3364,11139,9277,6947,4836,2790,1157,580,40667,5,199,565,449,267,138,41,16,7,1684,32,276,1557,816,313,119,17,0,6,3136,68,689,2166,2420,2413,2052,975,429,90,11294,59,333,767,583,453,343,217,66,24,2851,3,43,162,112,82,59,21,9,4,497,24,379,1126,892,656,463,161,67,22,3803,8,176,813,705,715,628,230,80,14,3362,181,1518,4386,2844,1750,993,249,86,19,12035,88,703,1850,1443,1002,626,187,23,5,5928,19,343,635,374,170,86,37,17,3,1673
LGA21270,0,8,54,36,42,84,47,20,9,286,0,8,40,21,41,47,30,17,0,204,0,4,28,33,54,38,16,4,0,182,0,8,17,26,33,33,27,6,0,148,5,0,5,3,3,5,3,0,0,21,4,8,11,20,26,17,14,5,0,107,0,0,0,0,0,0,0,0,0,0,0,0,5,0,0,0,0,0,0,12,13,6,25,29,37,49,39,50,52,304,21,56,208,177,263,297,178,109,68,1369,0,0,4,3,6,3,0,0,0,25,0,0,3,4,9,5,0,0,0,19,0,26,46,63,67,50,44,15,5,315,0,14,15,27,28,24,11,3,0,131,5,16,41,60,65,29,10,10,6,235,3,11,40,43,74,59,30,18,8,280,0,9,38,42,61,64,30,15,8,268,0,9,39,60,47,32,20,7,0,205,0,6,18,22,49,29,0,5,0,145,0,0,9,6,6,0,3,0,0,21
LGA21370,14,77,315,268,298,355,218,108,27,1686,6,45,192,196,203,198,170,100,19,1130,4,49,221,320,267,227,100,42,16,1246,10,96,242,295,326,333,184,41,6,1544,4,18,43,31,33,24,16,4,0,173,17,73,197,136,123,105,65,22,3,729,0,0,4,5,0,3,0,0,0,12,0,0,15,12,26,26,8,3,0,85,101,72,164,176,187,240,250,251,223,1656,162,477,1523,1572,1589,1607,1062,577,302,8868,0,0,46,46,48,24,3,4,3,177,5,15,28,18,11,11,0,0,0,93,32,156,331,504,534,405,300,127,21,2406,19,89,141,183,175,127,67,50,15,863,19,60,158,197,187,102,45,18,3,795,4,53,229,292,358,262,151,74,24,1446,0,50,168,222,242,276,162,63,14,1192,12,107,316,348,291,199,92,46,14,1432,28,87,199,275,244,206,76,18,0,1135,5,15,44,33,28,13,15,11,0,170
LGA21450,35,320,1361,1015,820,560,359,162,26,4656,16,188,985,965,695,474,363,129,25,3826,24,254,1539,1631,1103,745,327,124,36,5783,47,369,1289,1250,968,688,341,78,8,5031,16,101,327,235,139,73,50,19,5,958,50,202,796,542,333,180,142,43,9,2304,0,4,12,4,4,0,3,0,0,28,9,25,85,144,68,40,27,8,0,400,227,199,638,539,475,382,330,338,216,3342,447,1824,7834,7067,5002,3387,2042,951,347,28905,0,47,133,127,118,84,42,14,0,571,3,39,216,191,110,46,9,0,0,622,50,342,1007,1342,1289,911,540,197,44,5716,67,287,591,592,388,285,162,60,10,2435,17,70,251,247,160,78,29,15,4,864,12,189,500,570,539,396,208,64,29,2523,0,70,464,440,505,447,226,63,5,2231,81,403,1228,1130,808,449,228,63,26,4420,64,305,807,713,601,368,131,18,9,3028,15,108,218,174,103,99,34,8,0,763
LGA21610,104,1064,3974,3327,2079,1339,757,310,105,13046,43,502,2290,2406,1698,1139,753,284,65,9177,87,857,4746,5753,3625,2225,937,297,67,18594,153,1091,3614,3840,3077,1950,780,152,22,14671,30,311,777,613,286,144,91,43,9,2304,125,593,1808,1647,1026,577,300,105,25,6209,12,19,21,16,11,13,12,6,5,111,14,70,349,492,276,166,89,32,10,1500,564,691,1982,1699,1285,977,862,650,429,9140,1181,5859,22201,22791,14713,9255,4914,2016,781,83706,8,192,643,644,435,239,84,36,13,2294,31,263,1600,1167,449,158,24,7,0,3696,152,951,3583,4817,4576,2945,1402,550,113,19092,145,635,1476,1303,993,717,352,161,32,5824,33,135,410,350,233,114,67,17,8,1364,45,553,1834,1931,1570,950,378,154,30,7450,7,174,1203,1401,1156,920,397,150,41,5456,362,1669,5531,4852,3202,1659,603,239,64,18181,216,947,2593,2552,1878,946,274,78,20,9495,57,408,812,465,243,139,78,36,8,2254
LGA21670,0,35,89,56,93,124,101,43,4,539,0,14,52,51,50,56,85,35,5,347,0,9,50,77,85,81,61,24,12,402,6,30,82,71,109,133,87,16,3,535,0,0,10,6,9,11,12,0,0,50,8,20,58,53,28,30,27,5,3,236,0,0,0,0,0,0,0,0,0,0,0,0,3,6,12,4,6,0,0,33,41,20,46,62,76,90,119,121,47,623,63,130,411,410,497,588,506,257,76,2932,0,0,4,9,17,9,7,3,0,45,0,5,13,17,14,11,4,0,0,56,7,42,94,156,185,200,151,71,19,927,3,16,26,34,52,64,39,26,6,275,0,8,26,30,56,28,15,5,0,173,3,24,57,89,113,115,64,19,9,491,0,11,31,49,60,117,57,17,6,352,7,37,78,86,103,64,50,8,9,441,5,29,55,90,92,91,34,14,0,405,0,5,7,15,9,14,15,0,0,77
LGA21750,10,26,165,142,142,178,161,78,22,932,5,29,114,102,114,145,174,66,11,768,9,36,145,180,156,131,69,12,0,741,3,48,156,192,206,223,155,28,4,1016,0,7,47,41,36,24,17,11,0,181,8,36,120,93,73,44,44,11,6,429,0,0,0,0,0,0,0,0,0,5,0,4,8,16,21,9,11,8,0,70,37,24,96,97,110,133,149,112,67,833,83,236,945,954,946,960,823,329,114,5389,0,8,15,36,21,30,13,6,0,133,0,12,13,13,8,4,3,0,0,62,16,89,187,217,272,240,156,67,13,1245,15,58,107,95,112,65,43,21,3,526,12,35,114,125,96,67,24,4,0,473,0,32,102,148,211,191,100,50,4,840,0,14,71,94,133,229,107,40,8,700,16,68,219,198,186,131,48,16,7,879,10,48,111,168,197,194,55,13,4,805,4,19,40,26,27,36,9,7,3,171
LGA21830,0,30,114,117,130,164,113,46,11,727,0,22,77,85,79,96,120,49,10,536,0,12,69,105,113,93,38,13,3,452,0,32,81,74,115,138,60,20,0,524,0,6,24,16,22,18,11,0,0,105,5,27,66,46,56,39,18,11,5,272,0,0,0,0,0,0,0,0,0,4,0,0,3,3,8,12,3,4,15,57,64,32,63,76,75,87,82,100,72,645,76,189,580,612,673,687,479,258,119,3676,0,3,18,24,14,13,6,0,0,82,0,0,5,7,9,4,0,0,0,35,13,63,137,206,228,137,86,41,3,916,3,45,56,63,66,50,35,10,6,330,10,38,144,175,138,76,31,13,0,616,0,22,98,131,181,136,79,33,9,694,0,11,74,89,117,157,79,34,0,558,0,34,131,139,95,79,27,15,0,515,8,30,72,123,117,75,28,17,0,477,3,10,23,24,21,15,12,7,0,102
LGA21890,26,454,2123,1366,960,636,339,112,43,6055,12,130,1085,938,939,816,515,128,38,4602,20,389,2323,2260,1678,902,368,81,37,8047,28,414,2458,2229,1769,1144,514,115,19,8692,20,340,1778,1315,691,275,95,17,8,4552,32,133,519,456,341,205,111,39,16,1847,0,11,10,4,6,4,3,3,0,46,5,61,283,289,264,136,50,23,6,1111,175,236,770,596,499,400,409,423,429,3934,328,2553,12941,10822,8129,5015,2570,1020,628,44003,8,227,903,835,428,222,50,20,11,2698,6,181,1343,809,326,101,12,0,0,2775,31,478,1689,1642,1312,891,507,338,135,7030,25,212,721,774,443,265,161,99,41,2744,6,49,279,237,150,60,18,5,0,805,14,400,1625,1380,949,460,138,80,40,5085,8,135,1068,1142,1054,722,217,107,32,4480,80,1188,4069,3044,1590,686,211,99,60,11024,45,602,2733,2573,1642,910,224,62,28,8825,56,484,1974,1275,597,196,48,15,10,4643
LGA22110,15,76,344,291,353,489,439,181,54,2243,3,46,240,233,238,346,427,204,22,1753,7,50,258,323,373,365,300,110,29,1812,9,72,284,304,377,436,339,67,14,1901,0,13,57,66,65,67,47,26,6,353,17,49,208,175,161,129,114,56,9,907,0,0,0,3,0,4,0,3,0,15,0,4,17,30,28,26,24,11,4,148,112,95,217,231,265,350,421,341,192,2226,179,438,1769,1832,2031,2384,2209,1028,337,12190,0,7,42,43,51,61,31,20,3,259,4,9,45,38,37,26,5,3,0,176,24,104,297,424,553,663,588,250,65,2966,13,89,176,246,279,242,209,92,16,1360,7,39,160,182,168,116,70,31,3,779,8,58,213,289,441,455,257,132,38,1884,0,34,170,222,320,495,338,100,28,1705,26,116,330,370,330,398,242,83,28,1926,22,74,220,307,397,402,124,33,0,1583,0,26,60,85,80,82,56,21,10,414
LGA22170,28,317,1544,1372,1089,885,594,232,84,6156,15,179,1081,1014,864,676,582,225,61,4691,50,228,1452,1861,1570,1069,542,221,62,7054,53,363,1376,1485,1379,1104,542,138,30,6460,20,122,428,370,263,147,94,41,4,1497,59,247,746,631,437,284,227,86,17,2740,6,9,7,14,8,4,8,9,0,59,3,30,86,134,124,78,45,19,4,514,240,233,654,637,567,433,447,519,439,4169,489,1923,7941,8180,6770,5011,3251,1560,736,35866,6,80,252,249,185,129,71,30,12,1006,9,105,456,399,236,104,31,5,3,1337,57,443,1549,1885,2057,1594,996,502,143,9230,65,384,945,890,661,500,301,151,36,3940,18,98,290,266,166,59,30,13,11,956,25,353,1144,1129,991,756,365,162,52,4978,6,115,762,734,787,815,404,161,45,3824,132,702,2106,1964,1548,1075,517,207,83,8335,107,496,1299,1261,1089,746,307,67,21,5396,22,204,469,392,181,164,92,39,13,1569
LGA22250,0,12,57,67,61,88,78,27,19,408,5,16,39,48,59,52,68,39,8,315,3,17,50,82,58,53,38,3,3,308,0,16,61,41,71,77,45,12,4,330,0,0,7,13,11,7,7,0,0,43,6,16,45,38,38,29,21,6,0,202,0,3,0,0,0,0,0,0,0,7,0,0,0,4,7,5,4,0,0,21,44,15,31,55,70,76,90,84,40,494,53,103,323,372,396,409,381,174,69,2274,0,0,5,11,5,16,5,0,0,43,0,0,7,4,3,0,0,0,0,13,12,30,96,90,126,122,78,34,12,600,3,17,32,36,37,42,27,13,0,201,13,17,74,77,68,33,19,7,3,301,3,18,60,56,74,88,48,23,7,374,0,3,43,49,62,81,59,16,6,328,4,23,76,79,71,55,16,8,5,343,8,15,31,56,61,47,19,0,0,249,0,0,18,3,9,3,3,0,0,38
LGA22310,15,368,1718,1336,1136,914,608,307,139,6535,11,147,900,830,1071,1144,1074,383,132,5685,16,535,2540,3162,2559,1357,751,303,143,11369,37,372,1615,1703,1648,1108,802,265,62,7607,27,323,913,695,508,311,161,76,34,3049,19,122,409,381,322,239,195,78,25,1791,3,10,4,5,6,7,11,3,7,52,0,65,182,243,279,159,86,47,22,1073,135,194,600,503,405,314,406,384,441,3381,273,2551,10365,10382,9110,6258,4499,2032,1082,46558,0,202,682,723,615,401,152,85,32,2894,8,242,1566,1096,636,246,29,4,0,3821,23,309,1392,1534,1599,1353,872,591,249,7926,20,216,579,610,536,385,181,112,51,2688,0,32,162,164,116,68,25,22,3,594,13,331,1376,1485,1377,943,469,330,111,6429,8,110,736,1111,1407,1369,578,247,114,5682,86,1261,4652,4406,2806,1699,603,397,188,16091,37,503,1974,2232,1688,1327,461,176,61,8450,29,380,1096,840,603,323,117,67,38,3488
LGA22410,6,33,166,133,141,210,158,58,23,920,0,34,80,101,108,107,100,40,10,582,3,32,110,139,176,139,71,18,4,687,7,31,122,145,190,213,101,13,0,822,0,4,16,24,18,9,18,3,0,101,15,34,96,77,64,52,26,6,3,379,0,0,0,0,0,0,0,0,0,7,0,0,4,11,12,13,5,0,0,45,40,29,68,108,97,125,164,114,72,811,82,206,724,810,861,922,684,262,112,4659,0,5,12,21,16,15,6,0,4,76,0,0,15,9,12,18,0,0,0,65,18,79,255,335,326,227,120,52,13,1420,12,38,70,84,127,83,55,24,10,506,17,24,76,99,108,73,30,10,0,428,7,28,103,137,226,188,80,43,10,823,0,14,75,123,132,151,65,25,7,586,15,62,175,202,151,121,33,19,4,782,15,27,109,123,150,122,25,5,0,581,0,3,23,21,23,16,14,5,0,111
LGA22490,8,52,223,246,227,225,132,32,10,1157,5,22,135,201,173,112,112,27,3,800,11,20,173,336,266,160,79,19,0,1058,11,50,204,245,280,217,113,25,0,1140,0,19,38,61,32,17,19,5,0,193,15,28,104,102,76,32,17,3,0,389,0,0,0,0,0,0,0,0,0,0,6,0,12,21,19,14,4,0,0,75,58,37,64,84,113,118,102,62,42,686,132,253,1041,1418,1297,988,606,190,65,5992,0,3,25,38,38,37,10,0,0,153,3,5,28,22,21,15,0,0,0,91,22,65,210,407,370,306,158,44,9,1596,7,53,105,157,91,72,35,12,0,530,3,28,75,112,97,62,43,9,0,415,0,20,120,201,221,169,73,20,3,827,0,10,65,128,128,176,81,20,0,602,11,64,212,275,220,151,52,11,3,1003,5,34,137,196,193,176,45,3,0,795,3,16,33,41,25,39,12,0,0,175
LGA22620,52,460,1610,1238,1021,1118,839,323,114,6764,10,182,793,870,765,681,723,301,71,4392,21,213,965,1178,1015,780,391,139,45,4755,40,317,1147,1183,1103,994,569,133,25,5504,11,90,259,204,157,101,83,29,14,944,49,223,610,444,306,218,142,69,12,2066,3,7,6,8,7,3,0,0,0,41,0,17,53,83,84,60,38,15,8,357,226,211,538,521,498,534,526,609,457,4118,431,1842,6436,6148,5400,4792,3473,1677,764,30970,0,52,146,192,142,129,78,21,10,769,23,100,292,195,144,81,15,0,0,845,58,379,1004,1189,1359,1185,696,359,89,6320,69,279,622,587,506,404,251,125,16,2858,19,81,256,307,264,153,69,30,5,1182,22,298,959,1046,1277,940,447,195,53,5237,9,146,660,690,852,960,519,182,56,4082,95,463,1382,1274,1096,803,285,106,47,5567,68,431,879,965,946,773,274,57,23,4418,27,144,288,204,149,147,62,31,12,1063
LGA22670,22,451,1562,837,475,313,275,121,50,4097,11,184,695,576,448,338,298,136,52,2739,20,508,2516,2226,1150,679,409,142,38,7691,19,300,1242,1154,916,724,359,75,17,4805,13,118,333,201,110,58,42,14,6,892,54,267,647,602,385,218,134,47,15,2373,7,14,15,16,9,4,12,10,0,87,5,32,149,149,96,55,35,18,7,561,260,364,1093,834,606,549,539,443,276,4966,431,2667,9698,7582,4718,3277,2302,1104,493,32273,9,140,505,349,204,125,52,23,3,1391,15,196,1383,617,237,88,20,8,0,2565,67,549,1914,1670,1588,1329,907,435,108,8573,55,183,404,346,297,300,229,106,20,1937,4,46,161,96,86,68,27,9,0,498,11,301,927,589,408,384,179,109,35,2955,7,83,508,455,430,469,232,123,28,2332,145,1208,3520,1858,1131,784,324,123,41,9131,50,433,1448,1023,810,592,169,55,9,4597,30,165,463,196,117,71,35,16,5,1094
LGA22750,78,864,3688,2657,2231,2183,1653,684,226,14253,41,383,1871,1934,1610,1635,1715,750,178,10115,47,505,2564,3167,2564,1818,1119,374,114,12280,111,850,2779,2630,2530,2117,1310,344,55,12722,60,343,918,806,527,328,205,84,23,3289,96,446,1281,1029,752,538,379,199,36,4761,4,12,19,11,3,4,11,3,3,73,0,45,182,237,210,174,110,31,11,1004,400,497,1051,1048,895,852,1112,1157,804,7816,866,4495,15978,14808,12336,10310,7992,3793,1527,72106,0,243,596,571,431,355,189,48,21,2461,37,224,591,439,293,148,26,9,0,1758,112,662,2097,2948,3026,2720,1783,1037,300,14684,98,754,1585,1369,1075,803,514,296,66,6570,12,140,429,453,332,211,144,73,19,1810,47,583,1967,2109,2323,1765,802,441,145,10177,8,220,1323,1412,1664,2029,1137,427,114,8338,233,1046,3340,3133,2543,1793,833,358,140,13418,213,815,2019,2152,2000,1419,589,195,59,9459,58,331,775,634,381,282,126,56,32,2671
LGA22830,16,204,715,562,491,476,307,125,38,2934,7,110,403,405,365,308,304,105,28,2038,15,131,541,602,517,408,191,45,20,2472,37,207,598,569,544,448,236,65,9,2706,0,29,91,54,43,25,28,3,9,275,38,96,342,239,180,121,80,22,3,1122,0,9,14,4,6,0,6,0,0,34,0,12,41,55,42,24,14,7,0,192,154,168,425,395,338,365,346,387,309,2888,293,1022,3439,3110,2699,2322,1569,783,415,15640,0,22,84,98,62,54,19,11,4,354,4,28,77,52,28,14,0,0,0,203,32,234,665,740,700,565,314,157,39,3439,42,136,232,263,250,176,110,57,15,1281,13,67,197,222,203,105,52,20,0,883,12,125,490,562,582,415,175,93,24,2479,4,67,348,319,404,495,195,73,17,1942,57,248,723,662,568,350,89,51,18,2768,45,188,467,486,398,320,95,31,0,2033,0,51,103,61,43,31,18,10,0,317
LGA22910,4,13,67,102,135,196,160,49,20,754,0,6,59,83,107,171,176,61,11,668,4,5,75,143,156,142,90,21,8,637,5,21,101,141,188,226,174,46,0,902,0,10,41,67,88,72,56,18,3,357,3,8,75,58,57,44,32,7,3,289,0,0,0,0,0,0,0,0,0,0,0,3,9,13,25,20,15,0,0,84,34,28,69,81,100,122,152,106,70,763,46,104,542,769,958,1063,905,334,126,4855,0,0,14,32,35,37,15,3,0,145,0,5,14,18,14,23,4,0,0,77,5,30,94,177,175,195,151,61,12,912,7,29,61,97,67,79,44,10,3,399,3,19,62,76,90,60,20,11,0,350,0,13,76,134,184,170,92,33,9,714,0,6,44,96,138,207,116,28,9,643,0,33,112,135,161,142,73,31,10,694,4,17,90,162,202,231,74,10,6,794,3,8,37,95,78,74,43,5,0,351
LGA22980,0,19,57,35,39,73,42,15,12,295,0,0,40,21,30,23,23,22,0,151,0,7,31,36,22,28,8,3,0,148,0,12,35,32,39,52,29,4,0,194,0,3,5,11,6,9,3,0,0,42,3,6,21,13,26,10,3,0,0,89,0,0,0,0,0,0,0,0,0,0,0,0,0,0,3,3,0,0,0,6,13,4,27,23,19,29,43,46,48,247,16,55,244,187,203,245,155,93,67,1270,0,0,4,0,5,12,3,0,0,25,0,6,4,6,4,5,0,0,0,27,0,21,39,43,77,47,29,16,0,271,0,5,19,9,20,18,7,16,3,92,0,9,37,37,40,25,8,0,0,148,0,5,50,56,79,44,22,12,11,286,0,5,30,36,40,35,26,4,0,176,0,17,28,40,42,20,8,0,0,158,0,7,25,38,32,32,12,5,0,153,0,7,10,5,7,7,0,0,0,36
LGA23110,16,164,791,742,593,455,272,80,36,3133,3,107,611,647,636,559,354,127,27,3068,14,194,1167,1755,1332,769,302,85,32,5641,24,209,843,1024,898,684,288,80,12,4054,13,102,415,404,225,139,57,14,0,1375,21,84,329,334,239,143,81,29,9,1267,5,0,3,3,0,5,6,4,0,31,0,23,98,129,124,52,29,8,0,464,95,119,441,390,338,238,259,237,210,2319,192,1161,5332,6215,4900,3324,1777,700,345,23942,3,79,328,365,222,110,50,21,5,1185,8,85,667,428,216,75,11,0,0,1494,37,321,1066,1361,1425,994,562,342,103,6212,15,149,459,450,356,228,129,74,19,1880,10,29,116,117,88,36,17,10,0,431,3,138,605,719,593,351,122,72,27,2636,0,87,462,570,668,505,217,83,22,2608,66,487,2107,2052,1362,604,212,85,30,6999,47,288,970,1033,784,475,159,40,11,3814,19,181,447,412,254,101,34,18,3,1467
LGA23190,4,71,225,199,171,201,141,58,22,1092,0,38,127,98,101,89,117,54,22,638,8,56,170,219,172,139,57,13,4,833,10,48,163,148,184,147,94,18,3,819,0,4,27,27,32,18,3,4,3,122,3,47,97,81,62,42,32,11,4,369,0,0,6,0,0,0,0,0,0,9,0,4,3,8,3,10,3,0,0,42,46,53,87,56,79,68,84,110,78,666,76,348,992,905,871,746,554,278,143,4913,0,7,27,45,23,18,5,0,0,127,3,15,24,10,13,13,0,0,0,81,15,88,197,196,225,145,87,40,11,993,15,49,85,87,104,76,36,13,3,468,14,55,122,118,111,93,34,21,9,565,0,61,156,182,242,199,88,57,15,997,0,26,108,106,126,183,100,44,8,699,21,98,249,250,203,126,28,17,10,1004,3,47,126,169,124,122,26,5,3,637,0,23,26,37,23,10,3,0,0,129
LGA23270,53,691,2484,1595,920,691,359,146,37,6984,23,417,1938,1640,1188,760,445,131,28,6578,50,574,3093,3129,1866,1243,478,127,31,10584,84,756,2623,2480,1757,1122,445,77,5,9356,23,202,566,403,173,81,42,23,6,1521,69,344,1190,1038,583,379,190,53,3,3846,5,20,22,16,5,9,15,0,0,109,7,39,279,309,151,100,56,16,3,959,436,515,1490,1360,972,756,558,448,216,6758,782,4084,15503,13683,8419,5560,2800,1083,353,52269,10,130,382,350,256,157,40,14,0,1335,39,157,932,588,273,86,18,0,0,2086,97,630,2026,2424,2640,1658,864,338,55,10734,95,448,904,713,513,340,182,76,8,3288,11,70,214,176,119,61,31,9,0,695,22,358,987,909,891,500,220,93,19,3999,9,192,845,868,781,586,243,75,15,3609,205,1096,3189,2501,1812,910,301,93,20,10126,124,713,1550,1369,1107,589,140,38,0,5649,39,301,478,286,128,81,42,26,0,1379
LGA23350,3,33,119,171,180,206,195,65,33,1008,0,19,86,115,140,139,173,61,9,725,0,13,91,160,201,173,82,26,7,755,12,18,108,152,161,202,116,20,0,789,0,9,24,46,33,29,13,7,0,160,0,28,58,59,69,44,22,12,0,302,0,0,0,0,0,0,0,0,0,8,0,0,3,15,21,7,6,0,0,58,44,22,47,77,91,85,80,80,36,558,70,157,605,873,990,976,738,270,96,4772,0,0,23,45,44,40,15,4,0,172,0,0,11,17,11,15,0,0,0,58,12,48,119,219,272,220,129,45,6,1072,0,15,54,77,105,68,53,11,0,392,6,15,51,91,91,57,29,13,4,355,4,23,91,165,241,218,101,34,15,894,5,7,54,114,159,242,111,29,10,724,10,31,106,214,202,166,58,18,12,809,7,26,80,150,180,178,57,11,5,686,4,12,29,29,39,38,10,0,0,164
LGA23430,18,369,1599,1506,1261,901,660,283,133,6724,18,170,992,1122,1238,963,750,341,82,5666,23,351,2040,2931,2485,1506,767,270,129,10504,43,307,1284,1633,1519,1093,632,180,33,6733,41,214,647,578,377,184,118,42,13,2219,63,177,524,544,501,338,228,108,44,2524,4,11,6,3,7,6,9,3,0,42,0,27,118,183,188,113,57,17,5,719,122,153,530,512,444,401,473,543,459,3633,342,2078,8719,10312,8987,6104,3983,1902,967,43395,4,135,525,608,423,263,115,49,21,2139,19,154,1057,855,427,161,18,5,0,2706,54,451,1582,2303,2322,1794,1223,725,241,10680,52,351,797,918,689,436,308,166,41,3752,3,66,227,246,162,76,25,24,3,841,15,318,1275,1396,1129,799,406,227,67,5631,9,131,874,1215,1153,989,540,207,52,5162,116,929,3467,3726,2409,1526,660,388,132,13355,68,465,1535,1666,1216,872,322,111,23,6280,52,307,744,579,327,194,89,45,17,2355
LGA23670,26,479,1634,1335,1149,958,697,285,107,6687,8,215,1027,1048,950,881,645,345,79,5195,23,367,2036,2888,2203,1502,801,241,88,10147,43,395,1253,1377,1430,1207,606,154,33,6495,39,189,481,466,266,139,80,41,17,1710,85,233,637,572,480,328,220,108,20,2689,0,6,12,5,0,11,8,3,0,40,3,29,93,148,154,112,77,28,6,651,143,195,456,501,393,384,409,505,461,3445,394,2408,8625,9739,7958,6117,3825,1815,849,41734,0,154,477,509,417,295,120,45,11,2024,21,178,956,803,547,229,52,6,4,2783,66,526,1870,2576,2962,2354,1351,643,154,12500,87,423,1002,913,769,604,377,158,32,4363,12,113,291,209,168,78,41,10,3,930,18,437,1207,1212,1214,899,390,180,68,5621,4,152,804,860,1048,1016,499,180,58,4621,157,953,3154,3177,2715,1757,672,241,99,12929,110,638,1460,1523,1339,888,307,105,32,6399,43,331,671,403,230,179,79,35,15,1989
LGA23810,22,211,729,533,419,476,405,162,36,2996,3,99,403,405,366,392,326,138,19,2156,13,120,602,716,592,453,265,73,16,2856,33,226,764,666,711,649,356,81,11,3496,9,47,141,99,53,78,33,5,4,467,31,128,457,306,220,173,85,42,12,1449,0,0,4,3,3,4,0,0,0,13,0,7,42,27,30,29,13,8,5,159,189,207,453,438,404,471,452,396,322,3332,316,1157,3847,3416,2985,2897,2006,933,438,17999,0,57,104,74,87,75,42,10,3,439,12,59,157,91,60,25,7,4,0,409,44,418,938,1198,1560,1291,710,367,84,6605,32,197,446,339,428,319,202,101,34,2095,8,50,147,131,95,45,16,10,3,514,13,200,521,480,551,470,243,84,34,2592,3,81,317,372,458,475,219,67,24,2012,72,389,947,715,652,458,201,88,12,3541,52,234,623,590,642,472,142,48,7,2822,17,116,171,79,92,62,33,11,5,587
LGA23940,3,14,48,43,66,68,46,13,6,310,0,4,28,32,41,41,46,25,9,232,0,3,26,46,65,60,21,7,0,230,5,13,41,27,44,67,47,14,0,256,0,0,9,10,6,5,0,0,0,37,0,6,25,32,15,15,11,4,0,112,0,0,0,0,0,0,0,0,0,3,0,0,0,5,4,6,3,0,0,16,31,18,32,47,65,75,91,54,48,455,39,61,242,267,334,375,287,126,64,1794,0,5,6,0,9,11,3,3,0,31,0,0,0,4,6,4,0,0,0,15,4,13,38,56,93,90,64,28,3,392,0,7,11,22,37,31,26,10,0,148,0,23,72,84,91,52,14,0,4,337,0,6,30,54,75,70,21,13,5,271,0,9,21,41,46,66,40,14,5,238,0,10,53,58,67,43,27,9,7,263,0,9,24,30,65,74,25,0,0,230,0,0,13,7,9,7,3,0,0,44
LGA24130,10,64,347,471,527,449,308,136,31,2340,4,47,299,414,433,409,414,152,22,2196,11,41,278,630,620,429,254,90,24,2381,6,84,323,513,561,408,290,73,13,2271,13,36,105,232,162,82,56,20,6,701,18,56,193,157,136,116,59,23,8,756,0,0,0,0,0,0,0,0,0,10,0,12,27,70,58,47,38,12,0,265,115,77,146,190,256,198,213,163,116,1482,186,476,1890,2989,3115,2360,1738,700,217,13681,0,18,69,159,148,100,55,13,5,551,8,22,54,106,73,35,8,0,0,304,26,135,355,744,847,693,431,136,40,3399,27,133,232,322,259,177,99,36,10,1291,8,35,118,170,131,91,47,15,3,634,9,75,211,483,546,361,185,78,22,1963,0,23,203,348,484,539,260,61,19,1946,26,129,404,745,694,461,199,66,17,2740,33,119,291,531,472,430,179,36,12,2104,6,54,125,175,113,92,62,15,8,651
LGA24210,18,319,1132,1025,898,818,677,368,109,5356,0,104,518,581,740,815,775,440,103,4080,26,388,1789,2564,2100,1481,756,343,112,9557,17,254,751,898,1140,886,551,238,51,4783,21,170,342,390,283,180,97,55,27,1555,28,103,278,348,367,246,167,109,29,1659,5,5,7,0,4,3,15,7,0,54,4,34,75,132,159,98,68,39,6,619,83,112,313,371,344,317,347,419,350,2655,207,1789,5962,7526,6979,5540,3773,2182,849,34799,4,171,355,494,530,397,249,85,28,2315,23,100,737,846,562,210,26,7,3,2521,28,264,955,1393,1702,1416,1390,663,159,7974,35,252,384,552,523,300,359,162,32,2598,0,34,91,118,116,65,45,23,11,508,10,310,952,1116,1133,999,576,261,75,5444,0,113,411,703,999,1071,788,242,79,4412,81,898,2671,3058,2718,1804,1047,438,133,12855,41,381,937,1157,1146,924,488,153,35,5251,22,259,524,418,258,168,95,66,14,1826
LGA24250,0,12,59,88,86,86,85,38,20,471,0,4,65,79,55,94,93,34,4,436,3,10,45,96,97,98,71,16,8,444,3,18,43,81,67,88,41,20,0,366,0,3,19,15,19,12,8,8,3,82,0,11,35,31,31,25,26,3,3,160,0,0,0,0,0,0,0,0,0,0,0,0,5,12,4,8,4,0,0,32,33,16,39,45,55,90,76,45,23,426,43,78,358,494,450,558,437,165,59,2646,0,4,12,9,15,19,9,5,3,68,5,3,8,9,21,12,3,0,0,51,9,16,59,82,132,147,114,40,13,618,7,22,40,64,66,61,28,15,4,309,6,10,45,41,43,24,15,0,0,186,0,7,43,70,79,95,46,26,7,383,0,7,46,44,81,98,50,12,4,341,5,23,70,81,72,81,40,18,6,399,6,15,43,50,63,79,22,6,3,286,0,4,20,20,19,13,7,10,0,89
LGA24330,12,206,1235,754,427,270,145,38,16,3100,0,95,644,530,451,357,176,61,19,2333,4,287,1797,1714,975,471,159,37,13,5464,13,189,1401,1171,847,539,219,30,3,4413,17,205,913,617,323,129,22,10,0,2240,22,108,365,299,223,97,66,10,5,1199,0,8,8,3,0,0,3,3,0,30,3,27,157,169,110,55,24,7,0,549,72,186,670,425,293,241,210,174,206,2488,144,1512,8267,6523,4139,2408,1114,403,284,24789,0,113,479,375,181,74,19,6,3,1257,8,147,941,497,199,61,5,0,0,1861,22,229,1061,889,667,476,215,144,70,3774,14,105,373,348,177,129,69,42,9,1261,3,19,141,101,59,35,7,5,0,371,8,164,870,659,405,191,56,38,10,2394,4,70,536,524,499,315,86,33,17,2095,66,933,2901,1972,803,312,72,31,10,7091,23,318,1427,1246,685,323,85,21,4,4132,17,245,875,672,257,82,13,5,3,2160
LGA24410,30,353,1286,1118,976,814,563,295,95,5525,8,149,871,900,825,724,691,346,71,4578,16,209,1378,2030,1508,981,548,211,89,6975,22,283,992,1196,1048,859,479,171,38,5083,23,148,417,362,248,134,62,45,6,1455,36,158,414,368,338,235,136,64,15,1764,0,8,10,5,5,6,6,5,5,40,4,19,74,116,99,82,44,22,8,475,81,109,361,342,287,260,277,367,405,2499,235,1600,6510,7397,5942,4438,2978,1602,771,31480,0,98,335,385,246,199,99,40,5,1402,14,91,633,479,238,126,22,4,0,1610,35,344,1278,1579,1578,1291,888,482,142,7621,39,312,735,756,654,397,254,169,42,3355,3,77,240,223,142,54,33,23,4,797,13,304,984,1008,1000,698,367,169,54,4599,5,125,731,847,868,895,525,206,34,4227,84,605,2239,2173,1639,1163,520,267,91,8786,66,413,1294,1154,1023,800,324,104,28,5200,24,250,522,383,236,143,94,36,15,1704
LGA24600,22,605,2514,977,473,435,323,182,65,5598,19,236,1030,444,356,358,427,196,42,3112,53,2006,6305,2670,1328,804,391,96,28,13671,29,1061,3338,1597,892,771,495,209,59,8454,90,1007,2263,849,348,187,99,54,17,4921,43,425,943,407,179,93,48,19,0,2162,20,61,17,8,6,11,4,0,0,112,26,223,410,189,140,86,64,28,10,1176,261,1031,2239,969,494,380,310,179,140,6007,585,8555,24299,9897,4799,3512,2330,1035,382,55389,28,587,1251,452,258,192,130,42,7,2942,6,395,2122,624,226,91,8,3,0,3478,26,627,2160,748,451,388,235,87,24,4758,11,492,1018,313,187,165,87,27,5,2304,6,57,181,71,48,37,16,7,0,423,10,515,1989,718,464,455,266,131,25,4571,13,144,681,353,363,524,255,99,18,2450,129,2814,6159,2043,1133,800,319,87,28,13516,48,891,3148,1271,890,839,441,134,41,7696,65,951,2028,593,311,173,75,18,8,4224
LGA24650,31,410,1745,1439,926,477,274,66,19,5393,18,282,1348,1316,920,438,234,83,10,4648,39,397,2352,2971,1797,843,356,80,19,8848,51,439,1878,2009,1339,801,337,48,4,6913,16,135,397,306,130,51,22,8,0,1069,79,273,961,946,503,230,115,33,0,3149,0,9,16,15,8,10,5,0,0,67,7,37,183,267,108,61,57,13,3,721,333,362,1160,1057,676,467,379,246,122,4795,591,2619,11356,11884,7098,3643,1898,604,189,39886,3,70,269,318,119,76,23,4,0,875,17,110,778,518,151,60,6,0,0,1634,57,406,1643,1968,1619,1181,468,153,48,7557,66,323,837,585,300,230,86,38,8,2477,10,41,159,113,69,38,11,4,3,449,14,203,798,807,467,325,109,32,9,2762,4,116,747,629,448,309,129,25,4,2410,134,628,2855,2267,1092,658,155,58,19,7868,91,410,1259,1122,730,401,75,24,0,4121,24,159,413,205,96,48,8,8,0,965
LGA24780,10,115,508,348,311,356,279,106,39,2073,5,76,351,331,348,256,204,96,20,1686,16,123,515,538,469,331,135,42,4,2168,30,162,498,422,475,423,179,33,5,2229,10,21,91,75,46,32,16,5,0,302,20,105,286,220,188,114,78,22,8,1036,0,4,15,7,0,0,4,0,0,42,0,10,26,30,17,17,8,4,0,116,156,147,387,375,329,338,354,250,193,2524,262,793,2854,2539,2324,1970,1288,587,272,12894,0,13,62,68,66,40,8,10,0,271,9,29,63,40,27,3,0,0,0,171,28,206,420,508,517,439,280,121,27,2546,24,102,182,195,212,143,106,46,10,1014,20,58,194,220,199,101,33,8,0,843,11,123,291,390,471,352,163,73,27,1900,9,51,292,356,375,314,163,44,14,1625,43,230,587,605,453,262,97,34,18,2318,33,136,368,444,392,276,76,19,3,1737,5,53,102,92,49,41,19,14,3,373
LGA24850,15,120,476,407,314,270,191,69,17,1885,6,74,382,287,264,205,158,52,14,1447,11,84,518,533,421,279,149,38,15,2046,18,119,461,481,430,310,152,43,3,2016,5,33,89,87,59,34,15,9,4,334,20,92,321,224,152,95,44,15,8,969,0,0,6,4,4,3,0,0,0,22,0,10,33,39,38,28,16,4,0,164,129,90,249,254,222,229,170,143,90,1580,233,683,2804,2532,2081,1549,938,386,157,11364,0,9,37,70,47,36,14,3,5,224,3,7,61,40,44,13,0,0,0,175,21,166,408,612,632,472,238,92,26,2677,23,101,196,216,157,124,67,23,8,908,15,43,96,101,75,56,19,18,0,413,15,60,200,258,275,179,88,39,13,1129,0,32,159,178,198,211,101,32,7,920,33,131,425,450,372,252,95,24,14,1803,33,114,302,314,261,197,72,13,4,1309,17,42,72,77,42,29,6,8,0,299
LGA24900,10,72,233,184,190,240,194,104,27,1264,0,36,147,136,150,142,134,88,15,851,6,49,189,228,245,173,138,42,11,1068,10,46,177,184,208,219,132,26,3,1016,0,9,31,25,18,15,9,6,0,115,9,46,157,140,96,73,70,27,4,611,0,7,0,0,0,0,0,0,0,10,0,7,8,10,15,10,8,3,0,58,74,59,147,149,165,169,246,203,113,1333,116,347,1192,1167,1180,1124,975,514,181,6784,0,3,22,44,26,26,12,0,0,142,0,0,24,13,17,11,3,0,0,65,11,86,251,359,351,307,238,110,27,1728,6,51,82,121,118,114,87,49,0,634,9,41,137,137,155,78,50,18,3,636,4,44,167,182,239,209,129,46,11,1045,0,19,84,138,171,205,128,47,13,795,18,80,222,250,227,159,76,39,17,1091,13,61,154,166,207,167,58,7,4,829,3,12,27,26,22,19,11,6,8,119
LGA24970,15,582,1988,1437,1114,861,738,434,177,7352,18,247,913,831,1078,992,825,531,167,5592,37,758,3400,4012,2973,1736,889,404,192,14400,41,484,1423,1431,1529,1136,666,292,83,7090,17,276,673,489,325,200,134,64,25,2206,39,212,467,469,434,278,172,86,34,2190,0,10,12,11,10,9,9,3,5,79,0,80,176,224,205,154,100,66,24,1033,180,426,853,644,535,448,438,578,627,4726,385,3907,12154,11854,9778,6943,4439,2677,1442,53589,10,393,897,961,899,588,352,135,24,4258,26,375,2105,1510,917,298,55,4,0,5297,41,734,2221,2457,2678,2050,1563,1023,252,13021,35,282,546,647,566,405,336,206,47,3065,4,77,194,175,140,97,68,27,0,789,23,514,1601,1440,1282,1087,633,340,83,7004,6,195,823,1135,1357,1245,892,371,93,6112,145,2410,5400,4510,3261,2007,1148,536,158,19583,59,679,1788,1948,1696,1131,559,248,51,8157,45,455,907,583,396,241,165,86,26,2911
LGA25060,18,358,1463,1091,854,688,424,156,49,5098,9,128,806,761,886,953,704,223,61,4527,18,376,1709,2240,1877,1025,473,122,57,7891,10,346,1410,1262,1118,770,439,125,24,5505,13,268,786,472,273,141,66,31,11,2055,22,110,410,340,344,234,144,53,16,1672,0,8,3,5,4,10,3,3,0,37,0,59,120,167,147,103,58,15,9,680,101,185,564,490,411,329,331,382,231,3017,211,2128,8301,7820,6621,4644,2822,1171,492,34205,0,152,585,525,364,259,83,26,9,2008,8,108,816,546,280,109,10,0,0,1873,34,305,1224,1448,1333,1121,773,419,146,6809,32,249,608,627,420,286,165,100,24,2513,7,44,155,116,100,59,22,9,0,514,9,323,1132,1019,980,607,266,101,41,4482,0,153,704,905,1202,1055,395,141,36,4582,70,817,3048,2986,1999,1071,367,166,68,10594,32,432,1482,1301,1033,733,203,87,26,5329,21,413,816,468,217,115,45,19,13,2124
LGA25150,13,88,283,281,242,236,139,64,13,1365,5,57,307,308,272,200,165,70,14,1409,6,50,358,494,387,263,123,39,7,1734,15,101,329,356,372,288,168,38,7,1676,7,32,103,85,61,50,24,7,0,360,19,57,197,155,84,61,21,17,0,612,3,0,4,0,0,0,0,0,0,7,4,0,19,27,26,17,16,4,0,105,71,47,153,160,161,156,157,121,43,1075,148,480,1942,2103,1774,1376,877,386,101,9183,0,15,38,67,48,39,19,0,0,229,4,16,47,52,39,31,0,0,0,195,16,105,299,513,537,436,216,78,22,2229,28,91,200,172,128,110,68,7,3,808,3,27,102,114,96,46,25,6,4,427,0,46,151,222,278,204,87,32,12,1031,6,20,148,195,208,225,119,29,8,957,21,96,337,434,377,249,76,42,6,1640,15,70,210,263,289,206,65,17,0,1141,8,48,73,72,61,35,22,4,0,327
LGA25250,18,521,2739,1575,932,655,282,100,33,6857,6,194,1386,1174,969,944,549,177,31,5421,14,450,2756,2629,1704,921,339,118,48,8982,24,705,3310,2649,1775,1066,577,134,26,10256,22,514,2185,1400,645,253,91,33,13,5152,35,220,643,477,343,230,118,48,13,2124,0,17,11,7,9,9,3,9,4,59,4,117,348,338,249,108,60,7,8,1240,156,303,1067,698,516,392,385,423,427,4368,292,3607,16749,12714,8089,5053,2571,1122,650,50848,3,276,1131,844,492,213,55,17,9,3038,11,182,1441,788,311,105,12,0,0,2855,44,509,2110,1934,1442,947,558,497,184,8234,45,341,930,745,487,254,174,128,43,3146,3,76,305,232,159,68,21,5,0,862,7,395,1903,1373,863,515,158,80,25,5310,0,132,1147,1181,1209,834,294,119,35,4944,77,1171,4690,3166,1570,697,232,150,58,11819,58,771,3213,2490,1498,895,225,71,14,9227,47,709,2198,1262,475,195,56,29,5,4979
LGA25340,32,302,1191,1340,1508,1525,1256,691,239,8086,19,160,906,1120,1164,1345,1542,738,134,7133,33,181,1018,1693,1943,1576,1126,526,178,8271,41,289,942,1309,1584,1421,1024,380,60,7051,14,130,410,464,387,306,215,124,34,2084,60,189,643,600,602,471,390,197,33,3203,7,4,0,5,0,0,9,7,5,44,0,24,69,99,184,105,120,47,11,656,301,245,469,605,781,756,995,1024,754,5928,534,1688,6031,7812,8879,8059,7023,3913,1501,45444,0,41,155,261,236,239,189,90,37,1248,35,79,152,245,180,123,36,6,0,861,79,389,1059,1782,2018,1866,1729,1003,324,10259,84,447,918,1194,1065,773,573,338,65,5462,29,116,369,432,371,174,97,37,16,1631,20,245,888,1414,1588,1240,879,495,134,6914,15,98,666,1041,1279,1577,1072,358,80,6186,120,468,1402,2149,1870,1742,1242,587,179,9743,107,404,965,1386,1295,1142,648,252,58,6252,26,163,323,473,361,288,199,107,22,1961
LGA25430,6,27,124,122,185,260,190,88,15,1022,0,11,72,130,163,168,258,131,18,950,0,7,75,109,140,158,87,38,8,628,5,20,116,207,256,263,219,68,6,1157,3,7,55,118,131,107,81,21,0,528,3,22,52,54,42,42,20,10,7,251,0,0,0,0,0,3,0,0,0,7,0,0,15,35,29,29,26,5,0,140,44,14,64,80,109,108,153,137,160,874,62,115,625,961,1195,1241,1116,537,223,6074,0,0,17,42,42,54,39,4,5,205,0,4,11,29,31,23,9,0,0,106,8,51,93,185,242,282,211,77,31,1184,11,40,49,78,104,76,43,27,3,436,0,14,56,77,79,49,30,9,5,322,6,27,66,157,283,232,115,64,11,971,0,7,61,142,162,320,176,51,7,926,6,31,84,150,161,156,93,37,11,721,12,23,100,226,264,251,134,37,5,1050,4,10,50,136,125,94,65,13,0,498
LGA25490,4,28,150,153,171,189,164,47,10,918,0,21,83,115,114,128,118,43,6,635,5,21,110,135,143,115,74,14,3,614,5,22,112,117,142,162,88,14,4,677,0,6,17,34,21,30,15,4,0,141,16,33,89,77,49,47,21,10,0,335,0,0,0,0,0,0,0,0,0,0,0,0,6,11,11,12,4,4,0,51,51,25,78,62,80,98,108,89,57,647,95,192,732,791,811,845,636,243,96,4434,0,9,14,36,20,24,13,9,0,117,0,4,4,7,7,3,3,0,0,33,17,47,114,172,168,135,79,32,15,783,10,37,114,89,79,60,28,9,0,428,17,51,145,160,148,91,35,15,5,664,0,27,94,151,209,174,76,29,10,775,0,4,75,106,127,138,77,17,5,551,3,47,146,175,135,103,52,18,0,679,3,35,92,138,143,111,55,13,0,591,0,11,29,29,28,21,6,5,0,129
LGA25620,0,24,98,101,118,158,123,28,10,661,0,21,79,75,85,102,124,53,11,553,3,15,61,118,135,120,78,31,10,565,0,20,81,119,134,163,103,21,3,644,3,9,18,19,18,29,14,3,4,116,3,18,69,62,67,39,31,9,3,301,0,0,0,0,0,0,0,0,0,0,0,5,9,0,19,8,4,4,0,49,50,22,65,77,111,129,119,77,45,691,69,141,529,640,778,823,631,250,87,3954,0,5,14,36,39,39,16,3,0,159,0,0,9,19,12,9,0,0,0,53,4,37,118,173,253,219,177,67,13,1052,3,29,83,113,88,73,68,25,10,481,9,11,69,100,70,59,29,4,6,350,6,25,68,116,150,132,61,34,16,599,0,12,71,86,88,153,91,20,3,531,8,34,105,127,118,115,82,20,6,607,4,42,85,118,124,135,54,17,0,586,0,4,21,31,31,26,13,5,0,140
LGA25710,7,179,471,573,729,608,333,114,40,3045,5,87,353,464,626,605,538,170,25,2869,9,132,428,748,918,607,294,89,13,3251,32,163,398,630,706,581,331,102,16,2947,22,108,198,255,205,129,65,23,10,1015,34,66,165,175,197,149,73,31,10,904,0,3,0,0,0,4,4,0,0,10,0,15,35,71,97,51,45,11,4,320,46,48,98,155,169,185,160,129,66,1064,167,888,2398,3544,4081,3189,1988,708,195,17164,0,63,138,285,290,247,99,9,0,1136,6,32,130,251,189,76,8,0,0,701,16,206,524,979,1340,1001,511,163,32,4772,41,251,347,530,509,269,133,36,14,2143,10,51,113,151,133,63,27,7,0,561,7,161,408,766,866,551,195,73,24,3060,0,78,339,578,827,890,309,59,18,3110,42,370,739,1292,1306,906,301,65,25,5032,33,234,515,763,799,588,205,59,12,3210,42,182,246,283,198,149,66,19,4,1196
LGA25810,0,29,100,71,59,105,90,27,7,492,0,11,43,52,55,54,71,40,7,329,4,18,85,74,88,83,39,4,3,387,6,26,79,81,120,124,71,18,5,526,0,5,18,13,8,9,10,0,0,58,3,10,57,43,27,29,32,13,0,216,0,0,7,0,0,0,0,0,0,7,0,4,8,8,11,5,6,0,0,41,27,13,51,46,66,88,119,115,79,602,46,126,477,418,460,520,461,220,112,2844,0,0,14,8,3,19,8,0,0,61,0,0,10,7,11,20,4,0,0,53,10,45,91,127,137,141,115,38,11,719,3,22,41,52,64,51,26,14,0,276,10,21,68,59,67,41,18,4,9,299,0,19,59,67,120,126,47,23,11,466,0,9,39,55,75,116,62,28,0,380,12,35,82,100,75,70,17,10,3,413,0,40,77,95,123,102,29,13,0,480,0,7,14,19,11,9,9,0,3,66
LGA25900,3,192,1541,947,644,594,381,183,52,4541,3,66,729,533,449,551,546,200,40,3119,10,340,2622,2383,1840,977,467,143,28,8810,20,284,1828,1474,1252,859,612,211,34,6580,18,295,1241,884,558,399,173,48,17,3633,16,125,494,295,226,145,82,45,13,1440,0,3,4,3,0,4,5,9,0,33,0,53,186,186,195,127,65,41,5,859,76,219,929,722,473,411,284,292,260,3650,147,1769,10906,8474,6334,4510,2841,1260,472,36708,5,135,692,542,312,267,105,26,16,2106,7,100,1171,622,292,101,21,0,0,2313,8,236,1618,1044,765,612,406,208,65,4951,5,184,1000,625,379,231,108,52,8,2587,0,28,235,150,97,65,14,10,0,604,4,281,1659,1059,741,532,300,129,38,4752,5,73,797,586,619,733,325,115,21,3272,41,847,5774,3783,1740,1022,429,131,36,13806,17,464,2678,2090,1296,1114,454,120,17,8249,25,503,2102,1192,689,324,99,34,3,4975
LGA25990,0,17,44,53,58,70,53,26,8,332,0,5,32,32,30,25,49,21,3,206,0,3,30,50,56,43,33,10,0,237,0,11,47,33,60,81,53,12,0,292,0,3,7,11,9,9,12,3,4,61,0,5,23,24,21,19,16,3,0,113,0,0,0,0,0,0,0,0,0,0,0,0,5,0,0,5,4,0,0,10,34,11,26,39,68,39,68,46,18,353,43,77,248,275,358,328,298,114,36,1791,0,0,5,3,15,8,5,4,0,44,0,0,0,7,5,5,0,0,0,13,10,6,44,55,85,103,77,15,0,402,5,13,17,28,28,36,19,4,3,148,4,16,38,54,47,39,17,8,4,225,0,3,25,35,51,71,38,15,0,240,0,3,20,31,33,66,40,7,0,204,4,14,49,56,65,48,27,5,3,260,5,8,19,49,59,59,18,10,0,226,0,0,10,14,12,12,11,0,0,60
LGA26080,0,4,16,16,30,61,58,45,16,247,0,0,9,15,25,41,89,57,17,257,0,0,9,17,28,36,40,11,6,153,0,4,13,17,26,38,39,15,4,162,0,3,8,7,13,21,12,4,0,62,0,0,0,8,8,14,12,4,0,44,0,0,0,0,0,0,0,0,0,0,0,0,0,3,0,8,7,5,0,22,5,7,3,6,13,24,34,32,13,137,5,26,63,118,144,263,296,191,53,1155,0,0,16,5,11,18,7,3,0,59,0,0,3,3,6,6,0,0,0,13,0,7,5,16,28,42,42,32,10,181,0,5,14,10,26,13,5,12,5,95,0,0,0,6,8,8,8,9,0,40,0,0,15,28,35,40,53,36,22,235,0,3,10,20,49,66,64,32,8,244,3,4,18,43,46,73,52,29,10,274,0,7,17,24,33,38,38,23,9,182,0,4,7,14,15,14,7,0,0,58
LGA26170,14,47,194,218,245,305,253,103,33,1420,9,34,161,184,219,205,247,112,21,1195,4,32,170,219,263,223,151,56,15,1144,5,43,167,207,246,292,215,43,8,1228,0,15,52,55,40,53,39,10,4,274,12,23,143,104,94,71,60,21,0,541,0,0,5,0,0,0,0,0,0,4,0,0,12,18,30,24,15,15,0,106,83,44,110,137,135,185,211,156,75,1138,139,260,1114,1302,1395,1476,1255,548,171,7674,0,9,31,48,33,43,38,10,4,203,0,7,20,23,20,20,5,0,0,93,11,112,263,394,403,416,259,117,26,2001,10,69,122,173,170,126,90,32,17,811,7,43,206,193,150,81,39,19,3,735,3,56,143,197,290,287,150,51,23,1191,0,26,111,170,207,337,210,55,16,1140,23,79,230,280,228,252,111,43,15,1254,14,68,179,208,233,240,94,26,9,1068,0,10,44,45,60,47,16,13,8,239
LGA26260,0,36,173,138,127,177,157,64,21,900,0,13,67,109,124,90,123,43,15,587,5,37,96,138,133,92,61,9,3,569,4,17,95,81,99,126,88,32,3,544,0,10,14,21,22,19,18,5,3,115,13,34,61,71,45,38,11,8,3,294,0,0,0,0,0,0,0,0,0,3,0,3,5,10,11,8,7,3,0,42,37,27,46,58,73,100,102,114,89,649,64,210,618,706,718,701,595,292,137,4043,0,3,11,34,20,22,12,0,0,109,0,0,25,8,6,4,0,0,0,49,15,65,120,170,211,177,89,56,14,913,11,49,70,72,82,58,37,23,3,407,18,38,125,187,162,108,50,14,7,710,8,40,119,131,232,204,84,50,25,894,0,13,78,123,120,165,67,34,12,607,15,46,156,171,165,109,34,15,10,723,0,37,87,88,110,131,53,15,0,528,0,15,22,23,27,10,6,6,0,110
LGA26350,3,333,1721,891,715,716,618,375,164,5531,3,76,636,389,482,578,683,370,90,3312,17,606,2948,2155,1755,1054,611,194,95,9435,14,379,1901,1150,1081,826,676,330,85,6428,30,401,1340,635,363,280,155,90,43,3338,11,102,365,215,180,139,72,54,16,1146,0,6,7,4,0,0,6,0,0,25,0,88,206,176,189,133,102,50,20,969,104,244,699,427,341,279,305,291,273,2954,181,2636,11242,6894,5676,4444,3530,1874,840,37325,4,163,740,417,352,336,169,65,26,2275,3,155,1094,510,289,135,20,0,0,2213,3,228,1227,689,597,554,419,276,102,4095,4,193,701,422,298,241,167,74,26,2127,0,52,183,102,82,55,26,20,3,523,12,335,1453,1030,1012,1004,668,372,142,6026,0,81,635,565,724,855,511,200,63,3634,58,1190,5017,3286,2117,1397,680,320,134,14195,22,528,2214,1715,1385,1233,685,297,85,8151,28,592,1627,694,430,293,150,67,31,3911
LGA26430,3,17,77,77,75,111,85,43,12,500,0,8,53,68,60,70,128,56,9,454,0,17,73,95,89,116,68,25,5,483,0,10,51,69,79,89,93,17,0,410,0,6,14,21,19,15,12,6,3,92,0,15,38,41,33,35,22,10,0,200,0,0,0,0,0,0,0,0,0,3,0,0,0,5,8,15,11,3,0,47,33,18,37,53,84,105,112,78,59,584,63,95,380,506,491,606,547,238,102,3019,0,0,13,6,19,15,12,4,0,72,0,3,9,3,3,7,4,0,0,34,8,28,71,97,108,130,117,61,10,628,0,14,17,30,48,52,43,15,8,238,8,14,53,67,69,60,33,19,3,318,3,14,49,64,95,83,68,21,7,410,0,6,30,40,69,112,78,25,13,368,3,22,74,82,90,83,41,17,4,411,0,16,50,73,82,101,36,11,4,370,0,0,11,20,13,11,9,4,0,65
LGA26490,15,74,368,479,393,368,285,117,43,2140,4,29,231,356,285,349,432,143,22,1852,4,45,252,536,464,321,193,64,16,1898,13,59,243,376,369,312,201,62,9,1644,3,31,157,189,110,103,49,18,11,675,9,20,92,129,121,77,49,21,7,521,0,0,0,0,0,0,0,0,0,3,0,7,22,45,50,29,26,6,4,193,76,35,130,165,151,144,164,124,116,1106,127,350,1665,2524,2142,1855,1485,599,239,10982,0,17,58,103,78,60,34,11,0,363,0,9,26,58,41,23,8,0,0,165,5,59,181,337,378,361,215,123,35,1699,10,95,209,295,242,139,72,33,3,1104,0,23,81,113,109,79,38,23,0,467,7,62,236,381,378,275,146,65,20,1564,3,27,156,279,338,420,230,59,21,1543,11,82,327,518,379,316,131,56,20,1838,27,69,187,326,286,253,104,27,8,1291,12,53,120,152,96,55,24,15,4,533
LGA26610,3,56,184,129,112,155,100,49,16,797,0,25,147,129,96,93,96,37,19,647,4,51,177,202,121,82,38,18,5,700,13,50,142,123,145,125,65,18,3,675,0,9,26,16,9,7,0,0,0,69,8,39,95,92,52,36,29,3,0,352,0,0,3,5,0,0,0,0,0,10,0,6,13,13,3,5,3,0,3,45,50,60,168,146,98,130,121,114,82,968,76,309,1035,920,677,670,477,243,127,4525,0,6,11,13,15,7,3,0,0,55,3,4,26,15,6,15,0,0,0,75,23,90,194,201,208,212,75,51,8,1060,15,54,65,59,81,75,23,18,9,391,16,50,145,119,105,53,34,6,5,523,9,48,138,157,172,139,76,39,5,782,0,25,153,122,128,147,69,32,9,691,14,87,238,202,129,84,38,5,4,806,9,49,105,123,118,94,29,8,0,544,0,15,22,18,15,15,4,9,0,92
LGA26670,0,13,34,45,55,89,51,22,14,333,0,3,30,47,31,44,39,26,3,210,0,10,37,56,56,60,33,9,0,258,0,4,15,35,45,72,34,4,0,215,0,0,3,10,11,5,5,0,0,41,0,6,21,17,20,16,13,4,0,100,0,0,0,0,0,0,0,0,0,7,0,0,3,0,6,3,0,0,0,19,8,13,27,38,37,40,51,40,43,289,21,64,190,272,277,359,244,122,52,1599,0,0,5,11,8,3,8,3,0,39,0,0,4,6,3,0,3,0,0,23,3,16,46,87,113,93,55,27,11,445,4,7,12,35,43,28,23,10,0,162,8,18,34,51,40,38,22,10,0,216,0,0,33,53,86,64,31,20,5,299,0,8,24,34,44,64,39,13,6,232,9,16,38,59,73,43,25,10,0,272,4,7,22,55,64,48,11,7,3,217,0,0,6,6,8,6,4,3,0,39
LGA26700,18,94,354,292,318,348,220,95,39,1780,5,27,153,205,164,188,210,119,17,1093,3,42,189,264,273,221,92,39,5,1124,16,61,216,235,287,273,152,30,5,1273,5,11,45,57,36,27,24,9,7,212,24,34,127,124,102,69,34,15,7,528,3,0,0,0,0,0,0,0,0,8,0,3,21,16,12,16,8,3,3,81,75,54,107,114,147,153,154,194,130,1135,159,357,1297,1420,1445,1365,943,521,223,7729,0,6,39,49,32,42,13,10,3,203,12,22,40,28,14,18,5,0,0,139,18,75,246,310,372,335,197,89,23,1666,16,68,122,149,155,123,65,33,10,740,8,23,101,132,101,66,26,16,3,484,6,64,222,303,401,274,146,63,23,1503,0,21,142,149,228,292,174,64,17,1084,35,88,261,326,295,179,70,44,10,1319,16,68,203,263,247,210,65,20,3,1102,5,22,56,48,41,34,11,5,0,227
LGA26730,9,95,431,366,297,380,229,120,48,1973,6,56,251,265,245,233,226,93,31,1399,10,78,261,326,334,250,118,35,13,1425,9,72,315,324,331,299,168,45,6,1565,4,25,51,55,45,41,33,6,0,260,33,93,198,174,133,67,48,25,6,775,0,0,5,5,0,0,0,0,0,16,0,6,12,22,28,12,13,0,0,94,68,50,148,149,130,143,168,190,153,1205,139,502,1796,1827,1651,1495,1027,542,261,9233,0,34,75,69,43,44,13,3,0,279,0,11,39,39,28,18,6,0,0,135,27,151,314,322,317,241,132,79,34,1620,30,139,270,185,176,127,55,39,11,1020,7,49,88,79,77,37,34,4,6,379,4,84,332,327,441,281,119,72,14,1688,0,39,193,232,282,334,145,63,22,1302,40,151,440,441,333,216,74,28,11,1725,22,123,250,283,244,206,71,16,0,1217,9,28,89,67,57,40,18,0,0,315
LGA26810,9,93,383,348,315,384,307,113,29,1985,4,39,258,265,290,256,279,117,24,1530,14,58,283,361,350,294,194,47,11,1602,3,95,325,337,375,377,242,41,11,1807,0,17,73,67,36,44,29,7,5,285,9,62,206,169,147,97,70,26,0,794,0,0,0,0,0,3,3,0,0,6,0,6,15,36,15,31,19,4,0,118,122,92,231,252,234,252,341,243,154,1908,177,530,1945,2012,1924,1857,1554,620,239,10854,0,17,47,40,49,48,22,9,0,237,10,19,60,21,27,19,3,0,0,160,34,183,496,584,686,627,383,155,38,3185,20,111,207,209,246,198,116,50,14,1161,20,47,201,172,147,100,40,18,3,747,9,81,259,290,439,391,168,68,26,1728,3,31,207,222,298,388,168,52,19,1394,27,151,434,354,401,283,96,48,12,1812,15,118,274,307,336,292,75,23,10,1445,7,29,85,49,41,60,19,12,9,304
LGA26890,5,3,24,32,29,51,38,9,0,203,0,0,32,19,25,19,26,13,7,144,0,3,23,29,25,22,11,0,0,113,0,4,15,17,29,25,19,4,4,109,0,0,6,6,3,4,5,0,0,21,0,0,9,16,13,13,7,0,0,64,0,0,0,0,0,0,0,0,0,0,0,0,0,3,0,0,0,0,0,8,12,7,3,20,35,30,40,34,12,196,16,27,140,160,181,190,143,66,30,947,0,8,3,0,0,5,0,0,0,15,0,0,0,4,4,0,0,0,0,9,4,6,25,31,42,36,21,4,0,173,0,4,10,13,12,13,8,0,0,55,7,24,50,53,65,33,19,3,0,250,0,8,21,36,56,42,20,8,7,191,0,11,21,30,37,31,21,7,3,153,3,12,32,31,21,28,7,0,0,144,0,5,18,35,38,20,7,0,0,129,0,0,3,3,0,7,0,0,0,21
LGA26980,28,584,1860,1469,1345,1144,856,497,198,7977,3,176,873,877,1120,1012,992,610,187,5854,26,679,3019,3591,2764,1615,825,367,142,13033,38,384,1218,1382,1558,1165,757,310,84,6890,34,325,693,579,420,233,131,66,22,2509,46,194,439,386,373,212,162,80,40,1930,3,10,7,11,15,14,17,9,8,92,0,57,129,198,217,126,84,44,24,877,128,331,710,536,441,413,431,551,650,4197,314,3278,10468,10872,9557,6779,4662,2734,1432,50098,6,200,592,790,727,451,252,123,53,3193,25,275,1537,1229,663,244,46,4,0,4025,31,409,1582,2002,2043,1592,1273,888,291,10110,33,233,571,791,595,370,304,204,57,3162,7,71,184,214,176,81,40,21,11,812,20,460,1529,1718,1602,1106,692,434,107,7672,6,142,828,1249,1349,1396,914,422,106,6420,137,1712,4710,4343,3038,1865,1040,568,219,17644,44,596,1661,2003,1704,1404,591,276,55,8322,41,435,891,666,459,272,135,68,27,3003
LGA27070,37,669,2596,2171,1210,720,441,130,35,8002,26,339,1690,1585,1094,679,431,122,25,5986,36,591,3124,3576,2084,1233,543,105,28,11322,79,619,2294,2544,1710,1158,500,84,11,9000,24,234,625,476,237,87,39,28,4,1746,87,362,1234,1228,761,401,201,53,11,4341,5,10,11,10,15,3,9,3,3,69,0,44,231,310,158,108,65,20,3,933,309,408,1127,1029,688,632,618,522,411,5749,634,3765,14825,14859,8716,5450,3047,1140,551,52983,4,162,529,389,207,137,44,13,0,1485,17,167,1229,658,227,74,14,0,0,2381,82,601,2229,2390,2133,1570,763,304,68,10141,89,456,1079,833,470,355,195,80,11,3567,17,62,211,145,114,57,22,0,0,628,19,420,1321,1099,820,533,176,69,15,4477,6,197,922,834,626,507,205,51,13,3365,130,1178,3799,2672,1596,825,218,58,8,10491,89,594,1830,1355,1002,519,132,35,4,5565,46,262,568,329,140,69,40,7,4,1466
LGA27170,9,121,490,388,354,308,235,107,19,2027,11,62,303,298,244,195,185,69,8,1387,19,108,442,550,465,359,176,55,13,2173,20,126,463,444,388,340,167,42,3,2002,7,19,69,64,38,28,21,11,6,266,21,94,238,193,136,82,68,26,3,861,0,5,14,5,0,0,3,0,0,30,0,3,21,24,24,13,10,8,0,107,76,91,168,167,141,119,160,168,95,1199,176,677,2356,2294,1922,1552,1079,496,155,10711,0,14,46,55,36,34,11,3,0,201,7,27,87,63,65,33,6,0,0,291,32,215,515,566,510,408,204,102,27,2568,17,99,179,183,160,139,61,30,10,873,4,40,95,100,66,43,15,11,3,370,13,94,269,341,330,265,121,54,14,1501,0,27,203,222,236,262,145,31,11,1137,42,220,621,648,486,305,76,31,15,2443,35,174,387,328,302,222,66,16,0,1521,13,47,74,51,38,31,13,3,0,279
LGA27260,42,631,3141,2537,1340,759,415,123,31,9038,32,320,1647,1862,1202,676,398,155,28,6313,38,643,5141,6538,2603,1423,566,116,16,17084,69,674,2927,3340,2032,1183,475,83,10,10795,19,246,745,678,252,105,60,15,0,2127,74,482,1346,1294,620,312,157,57,7,4343,3,11,15,18,10,10,12,0,0,81,5,61,422,601,238,134,114,19,12,1610,494,628,2118,1873,960,634,527,373,238,7833,807,4313,21870,23425,10438,5715,2977,1002,355,70908,9,157,642,490,288,197,58,8,0,1850,21,188,2220,1119,337,75,31,5,0,3996,68,583,2530,3073,2565,1659,693,233,56,11466,84,408,977,749,464,293,153,58,16,3202,8,80,247,244,142,60,21,8,0,821,13,345,1369,1334,921,530,187,47,20,4762,13,136,947,870,674,502,229,53,15,3442,184,1033,5391,3769,2094,914,246,65,22,13723,125,589,2113,1809,1086,556,147,29,3,6459,26,247,721,400,162,69,24,6,0,1661
LGA27350,6,309,2028,863,460,455,336,134,44,4638,0,52,677,351,322,423,441,202,35,2505,6,380,2546,1527,981,523,264,69,12,6318,13,429,2652,1351,918,758,589,230,35,6972,11,385,1971,892,443,223,122,47,14,4104,8,79,361,187,143,107,48,15,6,947,5,0,4,0,0,3,5,0,5,21,0,72,294,212,133,87,65,17,0,880,74,202,749,445,311,255,220,165,86,2505,126,2289,12749,6646,4205,3131,2248,948,250,32584,0,130,786,438,309,209,111,24,10,2020,3,76,729,400,196,79,16,0,0,1506,11,170,1067,647,463,322,222,110,42,3045,5,151,847,522,264,181,86,20,4,2086,0,48,244,135,82,36,18,10,0,566,8,281,1640,867,598,446,206,97,27,4169,5,69,721,471,480,643,299,70,24,2775,33,609,3707,2056,1051,614,200,43,20,8335,21,494,3018,1730,1098,1008,416,109,15,7919,22,604,2430,1053,434,253,86,25,7,4918
LGA27450,33,450,1567,1346,1318,1163,796,337,97,7113,16,207,1194,1246,1087,1026,968,355,58,6153,19,219,1300,1830,1706,1281,669,251,65,7344,65,398,1328,1556,1583,1339,828,212,27,7336,29,163,478,516,378,256,134,44,11,2009,83,259,773,628,546,336,226,89,23,2967,0,0,4,7,10,0,3,0,3,27,0,34,96,133,146,100,49,15,11,580,190,182,473,491,508,479,470,404,272,3466,486,2120,7905,8589,7998,6489,4439,1820,584,40424,0,95,276,388,329,275,126,38,10,1547,22,89,351,358,275,178,38,0,0,1315,67,558,1587,2262,2629,2205,1292,510,110,11224,112,568,1148,1213,1064,772,412,143,26,5451,35,172,470,546,410,176,75,32,7,1916,26,386,947,1310,1392,1057,504,197,59,5871,3,175,798,954,1195,1538,703,169,31,5566,120,688,1927,2224,1911,1418,632,206,54,9184,122,607,1347,1573,1517,1247,458,115,36,7022,44,292,620,575,399,295,125,39,13,2400
LGA27630,0,8,62,43,53,91,38,8,7,305,0,5,38,23,29,31,43,29,0,206,3,3,20,48,38,41,21,8,6,174,0,7,37,37,52,55,36,5,0,234,0,4,4,7,8,3,4,5,0,41,3,9,23,22,18,17,15,6,0,114,0,0,0,0,0,0,0,0,0,0,0,0,0,0,0,3,3,0,0,11,28,13,30,27,42,41,59,63,51,344,40,44,235,217,252,294,233,131,65,1514,0,0,6,4,9,0,0,0,0,14,0,3,4,3,4,0,0,0,0,19,6,17,45,60,104,83,44,18,10,381,0,19,13,23,39,21,8,4,3,122,0,18,45,54,61,22,13,8,0,224,0,13,44,66,90,55,29,16,6,313,0,7,21,28,53,68,40,0,5,221,4,7,34,57,47,36,15,5,3,206,0,4,19,48,73,61,16,10,0,231,3,5,14,10,4,4,9,8,0,47
LGA29399,0,0,9,6,7,6,0,0,0,30,0,0,0,9,3,6,0,0,0,26,0,6,17,3,10,8,0,0,0,42,0,9,9,4,4,3,0,0,0,31,0,7,6,0,0,0,0,0,0,13,0,0,4,3,0,0,0,0,0,15,0,0,0,0,0,0,0,0,0,0,0,0,0,0,0,0,0,0,0,0,10,32,36,10,14,10,8,5,0,125,8,57,91,45,44,29,18,5,0,308,0,0,0,0,0,0,0,0,0,10,0,0,0,0,0,0,0,0,0,3,0,7,12,9,7,6,0,0,0,46,0,5,8,10,10,10,3,0,0,37,0,0,6,4,4,0,0,0,0,14,0,0,3,0,10,3,3,0,0,23,0,0,4,5,7,7,3,0,0,26,0,16,36,13,7,3,0,0,0,78,0,11,13,6,6,6,0,0,0,47,0,0,10,3,8,0,0,0,0,21
LGA29499,0,16,70,35,37,41,21,0,0,211,0,5,22,27,19,27,8,4,0,115,0,18,78,55,43,35,19,0,0,255,5,22,86,48,38,50,11,5,0,264,0,5,30,18,7,11,6,0,0,77,3,8,38,33,12,10,5,0,0,116,0,0,0,6,0,0,0,0,0,3,5,4,12,4,5,4,4,0,0,32,85,95,311,356,188,118,67,13,11,1242,102,177,705,618,379,303,140,29,11,2459,0,13,52,25,18,3,5,0,0,118,0,10,54,25,13,4,0,0,0,101,7,37,135,113,75,58,40,9,6,488,4,30,56,59,38,22,19,5,0,224,4,10,30,20,7,15,4,0,0,83,0,18,86,52,38,44,9,3,0,260,0,7,43,30,27,35,9,0,0,152,14,90,208,111,63,50,22,8,0,561,4,46,163,83,54,36,3,3,0,399,4,39,122,37,17,15,0,3,0,239
LGA29799,0,0,0,0,0,0,0,0,0,0,0,0,0,0,0,0,0,0,0,0,0,0,0,0,0,0,0,0,0,0,0,0,0,0,0,0,0,0,0,0,0,0,0,0,0,0,0,0,0,0,0,0,0,0,0,0,0,0,0,0,0,0,0,0,0,0,0,0,0,0,0,0,0,0,0,0,0,0,0,0,0,0,0,0,0,3,0,0,0,3,0,0,0,0,0,6,0,0,0,6,0,0,0,0,0,0,0,0,0,0,0,0,0,0,0,0,0,0,0,0,0,0,4,3,0,3,0,0,0,14,0,0,0,0,0,0,0,0,0,3,0,0,0,0,0,0,0,0,0,0,0,0,0,0,0,0,0,0,0,0,0,0,0,0,0,0,0,0,0,0,0,0,0,0,0,0,0,0,0,0,0,0,0,0,0,0,0,0,0,0,0,0,0,0,0,0,0,0,0,0
LGA30250,0,0,0,0,0,0,0,0,0,4,0,0,3,0,3,10,0,0,0,20,0,0,0,0,0,4,0,0,0,4,0,0,0,4,0,0,0,0,0,7,0,0,0,0,0,0,0,0,0,0,0,0,0,0,0,0,0,0,0,0,0,0,0,0,0,0,0,0,0,0,0,0,0,0,0,0,0,0,0,0,9,3,14,10,5,3,4,0,0,52,9,11,20,18,15,16,6,0,0,94,0,0,0,0,0,0,0,0,0,0,0,0,0,0,0,0,0,0,0,0,0,0,0,7,0,0,0,0,0,15,0,0,0,0,0,0,0,0,0,12,0,0,0,0,0,0,0,0,0,5,0,4,0,4,4,0,0,0,0,15,0,10,9,4,0,0,0,0,0,24,0,6,6,3,5,5,0,0,0,16,0,0,3,9,0,7,0,0,0,21,0,0,0,0,4,0,0,0,0,3
LGA30300,3,21,38,19,26,31,10,6,0,161,0,19,34,27,32,30,15,8,0,152,0,4,32,25,27,19,7,5,0,123,6,11,24,24,26,4,11,3,0,107,0,3,3,0,0,0,0,0,0,7,6,6,15,23,8,6,3,0,0,67,0,0,0,0,0,0,0,0,0,5,0,0,0,5,5,0,0,0,0,12,12,17,30,30,35,32,16,18,10,210,29,82,197,171,174,139,70,38,10,916,0,0,3,5,0,0,0,0,0,11,0,0,0,0,0,4,0,0,0,6,6,18,39,41,48,31,18,6,0,205,0,3,6,11,10,8,3,3,0,52,9,15,53,61,36,21,7,3,0,200,0,7,27,31,36,32,13,0,3,156,0,10,46,40,30,12,11,0,0,149,3,16,55,43,29,21,4,3,0,178,4,13,26,20,14,11,7,5,0,101,0,0,4,4,0,6,3,0,0,12
LGA30370,9,22,84,68,58,75,45,16,8,381,0,35,81,100,79,76,50,19,9,451,15,57,148,148,87,56,21,5,0,537,9,20,64,60,59,48,19,6,0,286,0,3,7,10,7,10,5,0,0,35,13,34,68,38,40,13,9,5,0,218,0,0,4,0,0,0,0,0,0,5,0,3,0,5,4,3,0,0,0,14,66,58,122,122,123,113,97,82,54,831,119,268,647,624,511,414,247,126,71,3023,0,4,23,15,9,11,4,0,0,71,9,6,4,5,6,5,0,0,0,35,21,130,359,273,255,161,60,21,5,1289,3,22,40,49,46,44,11,7,0,217,10,23,80,70,45,21,10,7,0,276,0,18,52,72,110,65,31,3,0,352,0,33,124,95,79,68,25,8,0,437,26,68,168,110,97,65,11,5,0,541,7,12,105,86,62,40,12,0,0,324,0,7,10,11,3,0,4,0,0,32
LGA30410,0,6,16,9,25,29,14,7,0,117,0,9,27,21,12,15,6,4,3,91,4,11,21,25,23,16,3,3,0,102,0,6,17,13,15,6,7,0,0,73,0,0,0,0,3,0,0,0,0,10,0,8,14,3,3,4,0,0,0,37,0,0,0,0,0,0,0,0,0,0,0,0,0,0,0,0,0,0,0,4,12,12,10,30,19,30,18,19,8,153,20,53,122,127,120,106,57,38,12,644,0,0,5,4,0,3,0,0,0,12,0,0,0,4,3,3,0,0,0,10,3,19,34,43,33,31,16,3,0,187,5,6,11,15,17,7,5,0,0,64,7,10,19,22,11,5,0,3,0,83,0,3,12,24,32,25,6,3,0,120,0,12,29,16,18,5,5,3,0,94,3,14,34,22,24,11,3,0,0,123,4,5,12,15,12,13,5,4,0,67,0,5,0,4,4,0,0,0,0,12
LGA30450,0,0,8,0,0,0,0,0,0,9,0,0,4,0,3,0,0,0,0,12,0,0,4,0,0,5,0,0,0,6,0,0,0,0,0,0,0,0,0,0,0,0,0,0,0,0,0,0,0,0,0,0,0,0,0,0,0,0,0,6,0,0,0,0,0,0,0,0,0,0,0,0,0,0,0,0,0,0,0,0,3,0,5,4,3,4,0,4,0,21,6,13,18,9,9,7,4,4,0,71,0,0,0,0,0,0,0,0,0,0,0,0,0,0,0,0,0,0,0,0,0,3,0,5,0,3,0,0,0,11,0,0,0,0,3,3,0,0,0,7,0,4,6,0,5,0,0,0,0,15,0,0,0,0,5,6,4,0,0,11,0,0,10,0,0,0,0,0,0,10,0,5,3,4,3,0,0,0,0,12,0,0,0,0,0,0,0,0,0,0,0,0,0,0,0,0,0,0,0,0
LGA30760,0,9,10,4,17,17,9,0,0,67,0,7,14,19,9,17,6,0,0,72,0,7,15,28,18,6,9,0,5,77,5,5,8,15,11,13,5,0,0,57,0,0,0,0,0,3,0,0,0,5,0,0,6,4,0,5,0,0,0,23,0,0,0,0,0,0,0,0,0,0,0,0,0,0,0,0,0,0,0,0,4,0,14,3,9,19,11,14,13,83,13,35,61,78,65,79,46,22,14,415,0,0,0,0,0,0,0,0,0,3,0,0,0,3,0,0,0,0,0,7,6,8,16,10,18,21,17,5,0,95,0,7,0,5,11,9,0,0,0,40,8,9,20,17,18,4,4,4,0,80,0,4,10,18,20,10,7,0,0,77,0,4,25,12,9,10,3,0,0,65,4,10,17,21,16,14,0,0,0,74,0,6,11,13,10,10,6,0,0,62,0,0,0,0,6,3,0,0,0,12
LGA30900,0,0,6,0,0,3,4,0,0,11,0,6,7,0,4,0,0,0,0,11,0,0,3,4,3,3,0,6,0,19,0,0,0,0,0,0,0,0,0,5,0,0,0,0,0,0,0,0,0,0,0,3,0,3,0,0,0,0,0,12,0,0,0,0,0,0,0,0,0,0,0,0,0,0,0,0,0,0,0,0,0,0,4,4,3,3,0,0,0,18,0,16,22,14,15,10,8,4,0,90,0,0,0,0,0,0,0,0,0,0,0,0,0,0,0,0,0,0,0,0,0,3,5,6,9,0,0,0,0,26,0,0,0,0,0,0,0,0,0,8,4,10,6,0,0,0,0,0,0,23,0,0,3,0,3,5,0,0,0,11,0,3,6,0,3,0,0,0,0,12,0,0,0,3,7,0,0,0,0,13,0,0,0,0,0,8,0,0,0,8,0,0,0,0,0,0,0,0,0,0
LGA31000,672,4641,16364,12933,10221,8160,4684,2339,807,60826,146,1298,6287,7617,8509,7020,5750,2487,624,39729,1356,6028,21987,23811,18402,10419,4826,1494,433,88760,819,4666,14217,13793,11153,7444,4547,1526,297,58455,483,3037,6665,4900,3185,1665,791,346,136,21219,758,2361,4780,3712,2919,1724,971,387,110,17714,121,142,112,75,48,51,59,28,17,650,83,342,995,1236,1038,676,427,203,87,5078,1428,2606,6255,4746,3345,2863,2526,2571,2522,28863,6196,28523,88952,83561,65506,43900,26470,12041,5276,360439,77,2123,5793,4597,3374,2307,1064,422,83,19839,547,1567,7610,5436,2761,1058,166,13,6,19163,415,4354,15274,15095,14425,10748,6203,3327,987,70824,283,2312,6466,5737,4687,3515,2106,1011,277,26399,92,437,1950,1776,1251,759,389,143,40,6841,205,3612,13445,12431,11069,6989,3620,1886,606,53862,68,1254,7023,8572,8587,7875,3766,1381,456,38977,1514,10640,31811,27008,18536,11211,4129,1623,601,107067,829,5237,16736,14337,10477,7786,3053,1058,211,59724,587,3691,7957,4896,2665,1492,653,348,104,22393
LGA31750,0,0,0,0,0,4,0,0,0,5,0,0,5,3,0,0,0,0,0,9,0,0,4,3,0,3,0,0,0,16,0,0,0,0,4,0,0,0,0,6,0,0,0,0,0,0,0,0,0,0,0,0,3,0,0,0,0,0,0,4,0,0,0,0,0,0,0,0,0,0,0,0,0,0,0,0,0,0,0,0,0,0,0,0,5,0,0,0,0,5,0,11,19,12,12,9,0,0,0,57,0,0,0,0,0,0,0,0,0,0,0,0,0,0,0,0,0,0,0,0,0,6,11,6,8,0,0,0,0,33,0,0,0,0,0,3,0,0,0,3,3,0,8,7,7,0,0,0,0,23,0,0,0,0,0,0,0,0,0,7,0,0,4,0,0,0,0,0,0,7,0,0,6,4,3,0,0,0,0,15,0,0,3,0,0,0,0,0,0,7,0,0,0,0,0,0,0,0,0,0
LGA31820,44,195,712,655,726,758,588,236,69,3979,9,75,330,595,602,596,464,213,25,2904,88,226,734,895,852,778,507,177,10,4267,82,267,664,689,800,794,424,98,8,3824,7,40,101,69,66,67,40,26,3,417,90,188,367,310,278,248,179,63,3,1731,10,6,8,4,0,3,3,3,3,39,7,13,32,34,34,50,30,18,0,216,204,196,483,422,473,549,611,552,267,3748,565,1275,3663,3890,4072,4081,2972,1454,418,22388,0,23,68,110,92,113,62,23,4,490,44,45,131,85,81,46,18,0,0,451,69,274,714,965,1280,1344,1098,461,112,6316,31,145,301,405,527,516,409,146,25,2510,28,55,176,227,183,124,72,31,4,894,17,143,458,655,834,671,340,158,37,3316,8,57,415,627,693,574,373,102,18,2877,192,376,876,898,879,698,317,128,21,4383,56,156,514,602,606,481,162,43,9,2634,13,40,97,91,92,60,59,27,6,487
LGA31900,3,33,100,75,77,65,65,32,8,455,0,24,67,82,120,95,72,15,5,485,14,35,131,150,151,68,40,9,0,606,8,29,82,66,89,93,43,14,5,427,5,7,15,8,12,8,4,3,0,63,15,27,53,48,53,38,22,0,0,251,0,0,0,0,0,4,0,0,0,6,0,0,7,5,3,6,0,0,0,34,51,60,116,92,101,97,78,85,48,735,103,238,628,579,646,511,342,174,77,3302,0,4,18,26,24,24,8,0,0,108,9,3,4,7,3,3,5,0,0,34,19,158,267,305,320,250,163,65,13,1553,3,15,52,46,76,76,66,20,4,361,5,13,37,45,41,18,6,4,0,168,5,28,59,86,78,87,50,21,5,420,0,17,77,113,100,94,39,12,0,459,25,55,166,145,111,73,19,8,6,605,13,32,62,80,91,73,27,0,0,388,3,19,17,11,13,13,8,0,0,85
LGA31950,0,0,0,0,6,6,0,0,0,8,0,0,0,0,0,0,0,0,0,6,0,0,9,5,0,5,0,0,0,19,0,0,0,0,0,0,0,0,0,3,0,0,0,0,0,0,0,0,0,3,0,0,0,0,0,3,0,0,0,6,0,0,0,0,0,0,0,0,0,0,0,0,0,0,0,0,0,0,0,0,4,3,6,3,3,7,8,0,0,37,4,10,16,11,13,22,13,0,0,82,0,0,0,0,0,0,0,0,0,0,0,0,0,0,0,0,0,0,0,0,0,3,11,11,14,12,0,0,0,57,0,0,0,0,0,0,3,0,0,5,0,0,5,3,3,0,0,0,0,14,0,0,0,0,0,4,0,0,0,5,0,0,4,5,0,0,0,0,0,3,0,3,9,4,4,0,3,0,0,21,0,0,5,0,0,0,0,0,0,6,0,0,0,0,0,0,0,0,0,0
LGA32080,54,442,1811,1554,1470,1235,697,255,63,7577,15,136,819,1126,1207,966,697,208,39,5209,116,476,1870,2220,2025,1444,678,176,45,9063,126,403,1394,1683,1634,1146,585,174,14,7157,30,89,284,322,239,170,103,40,8,1285,192,358,800,722,677,364,197,64,17,3400,15,12,3,11,7,3,9,3,0,60,13,15,70,116,114,77,45,15,5,471,478,564,1377,1183,1034,880,703,501,297,7009,1077,2651,9088,9621,9001,6660,3898,1519,503,44013,4,61,334,354,295,169,77,22,9,1324,47,87,282,243,154,67,15,8,0,905,100,615,1906,2418,2463,1879,1031,350,85,10850,63,299,739,975,938,731,382,138,23,4282,18,85,323,330,275,133,51,20,0,1240,30,293,1191,1429,1480,919,385,146,46,5914,22,120,824,1084,1174,959,347,105,35,4668,261,783,2439,2534,2004,1191,434,110,31,9789,147,393,1505,1679,1251,825,292,65,14,6179,33,122,399,352,246,172,64,25,7,1431
LGA32250,0,0,11,12,9,6,9,4,0,45,0,4,14,12,7,6,6,0,0,53,0,7,16,21,15,10,3,0,0,68,0,3,6,13,8,4,4,0,0,34,0,0,4,0,0,0,0,0,0,4,0,0,6,0,5,4,0,0,0,21,0,0,0,0,0,0,0,0,0,0,0,0,0,0,0,0,0,0,0,0,10,12,18,10,14,11,16,6,3,103,17,37,79,73,63,42,36,9,3,368,0,0,3,0,0,0,0,0,0,8,0,0,0,0,0,0,0,0,0,0,0,6,14,29,29,25,16,3,0,121,0,3,7,4,4,12,3,5,0,35,6,6,14,4,9,0,0,0,0,39,0,0,6,9,12,10,5,0,0,37,0,3,12,9,5,6,0,0,0,39,0,3,12,10,11,4,4,0,0,51,0,3,12,10,6,8,0,0,0,37,0,0,0,0,0,0,0,0,0,0
LGA32260,16,38,132,127,142,205,134,72,18,874,5,32,114,165,180,179,120,52,10,857,16,45,221,222,234,225,116,34,4,1130,22,36,135,160,162,213,100,21,0,855,0,7,37,30,22,19,13,0,3,128,22,48,119,90,86,73,34,9,3,481,5,0,0,0,0,3,0,0,0,14,6,4,19,14,14,13,9,3,0,73,98,78,208,207,236,213,202,140,62,1445,206,315,1063,1103,1141,1215,781,333,106,6263,5,3,25,48,27,37,15,0,0,170,8,3,16,14,10,5,4,0,0,66,22,128,283,386,560,447,280,118,24,2250,15,69,123,175,236,170,101,45,8,940,9,18,92,83,76,44,25,9,0,342,3,23,106,156,213,161,86,33,13,789,4,30,124,158,200,178,101,28,3,826,32,93,207,238,235,173,74,25,6,1079,22,56,134,156,176,124,48,15,6,729,0,9,26,30,21,30,24,0,0,149
LGA32270,9,46,196,153,102,105,44,21,3,685,0,64,212,224,165,116,44,14,3,840,21,89,298,313,248,128,48,8,3,1153,9,50,167,176,115,101,32,5,0,652,0,6,28,31,14,10,7,0,0,96,33,56,138,121,77,37,11,3,0,473,4,4,3,0,0,0,0,0,0,12,3,3,9,13,9,13,3,0,0,53,86,91,223,231,181,168,113,69,32,1198,188,458,1441,1418,991,727,317,127,49,5715,0,8,51,33,33,10,0,0,0,144,5,11,36,20,5,7,0,0,0,91,31,272,872,777,573,345,110,23,3,3005,10,77,170,137,122,89,27,9,3,635,67,60,181,148,63,40,11,3,0,571,3,48,164,159,168,88,31,7,3,679,0,60,295,199,151,106,24,4,0,844,36,128,420,344,211,106,17,3,0,1265,16,64,188,158,115,63,9,3,0,618,3,15,44,25,21,7,4,0,0,119
LGA32310,9,19,48,61,73,74,48,26,10,363,0,21,84,71,85,67,49,16,5,400,11,21,59,83,63,59,19,8,0,320,4,26,41,52,73,47,33,8,0,282,8,3,3,4,4,3,3,0,0,31,3,17,25,54,26,18,7,0,0,154,8,0,0,3,0,0,0,0,0,12,0,0,0,5,8,6,3,0,0,23,73,39,92,118,116,94,90,61,26,706,120,160,388,489,478,394,268,123,38,2462,0,5,14,10,13,8,3,0,0,57,4,8,10,8,5,7,0,0,0,35,12,50,142,174,150,117,73,32,0,746,0,22,27,45,43,31,28,6,0,204,14,19,43,30,28,17,14,3,0,176,0,26,57,72,89,61,54,21,5,389,0,29,88,101,61,74,31,15,0,393,16,32,79,78,70,50,18,8,0,352,7,9,42,53,48,50,17,0,0,238,0,3,11,8,0,3,0,0,0,35
LGA32330,0,0,6,5,0,0,0,0,0,17,0,0,6,4,0,6,0,0,0,14,0,6,6,4,10,4,0,0,0,29,0,6,5,13,8,3,0,0,0,38,0,0,0,0,0,0,0,0,0,0,0,5,11,3,4,0,0,0,0,20,0,0,0,0,0,0,0,0,0,0,0,0,0,0,0,0,0,0,0,0,6,3,0,0,0,0,0,0,0,15,7,13,33,27,26,20,6,0,0,132,0,0,0,0,0,0,0,0,0,0,0,0,0,0,0,0,0,0,0,3,0,0,7,5,0,0,0,0,0,14,0,0,10,9,3,0,0,0,0,32,0,0,0,0,3,0,0,0,0,9,0,5,6,4,6,3,0,0,0,19,0,0,0,3,3,0,0,0,0,8,0,3,6,11,10,0,0,0,0,27,0,4,12,7,11,9,0,0,0,53,0,0,0,3,3,0,0,0,0,3
LGA32450,0,7,16,27,12,15,7,0,0,85,0,10,16,20,15,10,6,6,0,86,0,14,41,17,19,11,0,0,0,107,0,12,15,9,9,14,3,0,0,61,0,0,3,0,0,0,0,0,0,9,0,4,19,12,13,0,3,0,0,46,0,0,0,0,0,0,0,0,0,0,0,0,0,0,0,0,0,0,0,0,17,27,48,38,32,33,17,10,0,223,25,92,182,151,119,88,39,19,0,716,0,4,19,8,6,0,0,0,0,41,0,0,3,0,0,0,0,0,0,3,7,24,99,70,52,38,4,0,0,298,0,10,11,17,13,7,7,3,0,65,6,13,16,16,8,0,0,0,0,56,0,3,15,18,24,13,3,0,0,74,0,10,26,18,11,3,3,0,0,66,0,18,48,36,25,9,0,0,0,132,3,3,22,14,15,6,3,0,0,67,0,0,9,0,0,5,0,0,0,13
LGA32500,0,3,24,34,23,44,32,4,0,163,0,7,25,28,29,31,12,7,0,138,4,3,24,35,27,22,8,0,0,133,0,4,27,23,25,33,13,5,0,133,0,7,11,13,0,3,3,0,0,38,3,9,16,14,10,10,3,0,0,63,0,0,0,0,0,0,0,0,0,0,0,0,0,0,0,0,0,0,0,6,23,29,60,51,57,63,43,18,7,352,37,64,213,215,201,235,123,41,11,1135,0,0,7,7,0,4,7,0,0,20,0,0,3,0,0,4,0,0,0,13,0,10,26,53,74,65,41,15,0,279,0,5,14,26,27,37,11,3,0,124,3,10,28,19,11,7,4,0,0,83,0,3,22,17,40,32,14,4,0,120,0,0,22,22,26,33,5,4,0,110,4,14,35,40,31,24,8,0,0,154,4,4,32,28,21,21,11,0,0,122,0,0,4,8,7,0,7,0,0,28
LGA32600,0,0,3,0,0,0,0,0,0,4,0,0,0,0,0,0,0,0,0,4,0,0,5,5,3,0,0,0,0,10,0,0,4,4,0,0,0,0,0,9,0,0,0,0,0,0,0,0,0,0,0,0,0,0,0,0,0,0,0,0,0,0,0,0,0,0,0,0,0,0,0,0,0,0,0,0,0,0,0,0,0,0,0,0,0,4,0,0,0,12,6,0,11,9,11,8,6,0,0,48,0,0,0,0,0,0,0,0,0,6,0,0,0,0,0,0,0,0,0,0,0,0,6,3,0,4,0,0,0,14,0,0,0,0,0,3,0,0,0,4,4,0,3,0,0,0,0,0,0,12,0,0,0,0,0,0,0,0,0,4,0,0,3,3,0,0,0,0,0,8,0,0,7,0,0,0,0,0,0,5,0,0,3,0,3,0,0,0,0,13,0,0,0,0,0,0,0,0,0,0
LGA32750,0,0,0,0,4,0,3,0,0,10,0,0,5,0,0,0,0,0,0,0,0,0,5,4,4,0,0,0,0,16,0,0,0,0,0,0,0,0,0,5,0,0,0,0,0,0,0,0,0,0,0,0,0,0,0,0,0,0,0,0,0,0,0,0,0,0,0,0,0,0,0,0,0,0,0,0,0,0,0,0,0,0,3,3,0,0,4,0,0,24,0,4,18,14,10,10,7,0,0,68,0,0,0,0,0,0,0,0,0,0,0,0,0,0,0,0,0,0,0,0,0,0,11,0,6,3,0,0,0,23,0,0,3,0,0,0,0,0,0,3,3,7,3,0,0,0,0,0,0,13,0,0,0,0,0,5,0,0,0,3,0,0,4,0,0,0,0,0,0,6,0,0,7,0,4,0,5,0,0,14,0,0,0,0,0,4,0,0,0,9,0,0,3,0,0,0,0,0,0,3
LGA32770,0,5,8,0,4,4,0,0,0,26,0,5,15,0,5,7,0,0,0,25,0,0,0,4,0,0,0,0,0,13,0,6,6,6,0,9,0,0,0,18,0,0,0,0,0,0,0,0,0,5,0,0,3,0,0,3,0,0,0,9,0,0,0,0,0,0,0,0,0,0,0,0,0,0,0,0,0,0,0,3,0,6,14,0,4,12,0,0,0,45,3,11,44,18,24,31,0,0,0,139,0,0,0,0,0,0,0,0,0,0,0,0,0,0,0,0,0,0,0,0,0,0,7,8,0,0,0,0,0,20,0,6,4,3,0,0,0,0,0,12,0,0,0,0,0,0,0,0,0,5,0,0,3,3,6,0,0,0,0,17,0,0,14,3,6,4,0,0,0,26,0,0,9,0,3,0,0,0,0,17,0,0,8,3,3,0,0,0,0,21,0,0,0,0,0,0,0,0,0,0
LGA32810,0,17,58,75,68,105,60,23,9,419,0,7,49,56,66,65,59,15,5,329,8,20,121,124,110,103,64,16,3,569,8,16,72,93,82,87,48,14,0,413,3,11,54,25,21,29,13,5,0,160,13,11,86,84,77,45,27,11,0,360,0,0,0,0,0,0,0,0,0,4,0,0,0,6,10,10,10,0,0,41,40,40,152,102,99,125,108,58,12,744,80,134,639,608,598,613,411,147,35,3266,0,4,23,38,22,29,12,0,0,123,0,3,3,11,5,7,3,0,0,27,3,37,112,161,194,170,96,36,7,822,6,19,59,72,104,64,32,12,0,374,0,12,43,48,31,28,13,0,0,182,0,8,59,67,90,64,36,19,3,349,4,9,39,85,59,86,34,11,0,322,14,39,148,146,121,100,53,12,0,637,6,24,78,69,81,71,31,3,0,369,3,5,32,48,37,28,8,0,0,162
LGA33100,0,0,4,3,0,6,0,0,0,14,0,0,5,6,3,4,6,4,0,29,0,3,5,0,3,5,4,0,0,26,0,3,6,3,0,3,0,0,0,17,0,0,0,0,0,0,0,0,0,0,0,0,0,0,0,0,0,0,0,4,0,0,0,0,0,0,0,0,0,0,0,0,0,0,0,0,0,0,0,4,3,3,6,9,7,11,5,3,0,42,12,9,33,25,27,20,17,13,0,149,0,0,0,0,0,0,0,0,0,7,0,0,0,0,0,0,0,0,0,0,0,4,10,6,11,14,10,0,0,61,0,3,0,5,0,0,0,0,0,17,3,4,0,4,6,3,4,0,0,30,0,0,0,4,0,8,4,0,0,14,0,3,6,5,8,4,0,0,0,19,0,5,11,3,3,5,0,0,0,39,0,0,3,7,0,4,3,0,0,14,0,0,0,0,0,0,0,0,0,7
LGA33200,0,0,14,8,7,8,10,4,3,47,0,4,14,11,7,7,0,4,3,56,0,5,16,4,6,0,0,0,0,43,0,4,5,0,6,10,0,0,0,30,0,0,0,0,0,5,0,0,0,9,0,4,8,0,3,0,0,0,0,13,0,0,0,0,0,0,0,0,0,0,0,0,0,0,0,0,0,0,0,4,7,14,15,8,19,23,8,5,6,101,14,33,80,41,66,60,21,14,8,319,0,0,0,0,0,0,0,0,0,3,0,0,3,0,3,0,0,0,0,8,0,9,27,18,25,16,8,8,0,105,0,5,11,3,6,4,3,0,0,30,0,9,6,17,13,7,4,0,0,49,0,0,3,9,10,4,9,0,0,38,0,0,13,10,11,3,5,0,0,49,5,5,17,13,12,6,3,3,0,59,0,8,3,8,4,0,0,0,0,31,0,0,0,0,5,0,0,0,0,10
LGA33220,32,199,616,663,804,1018,815,310,81,4545,11,66,384,642,688,683,578,218,49,3321,103,210,654,874,962,1083,759,227,37,4905,74,220,613,812,1022,1107,654,135,4,4652,16,37,78,90,96,100,96,42,13,573,94,195,407,402,417,331,273,100,18,2253,0,0,0,3,0,4,9,0,0,28,3,10,31,39,47,52,45,19,8,260,227,163,354,409,499,673,834,800,412,4373,599,1169,3316,4170,4785,5311,4266,1944,655,26224,0,10,58,84,80,88,55,20,6,407,26,27,85,71,79,67,25,0,0,379,84,291,606,1031,1327,1576,1340,544,119,6914,49,124,326,464,531,602,447,186,36,2764,24,43,136,185,176,124,63,26,9,778,7,120,412,676,871,752,482,182,32,3529,4,74,434,644,639,620,380,118,33,2951,179,394,861,1026,964,848,471,142,32,4906,85,189,569,767,883,664,254,53,14,3471,19,47,109,108,85,100,71,28,11,591
LGA33360,27,96,362,339,366,339,168,69,18,1774,6,68,337,463,500,303,180,70,11,1936,125,212,713,797,631,471,180,40,10,3181,42,116,376,437,438,338,118,28,3,1890,4,12,70,70,39,33,11,6,4,248,55,140,298,251,218,122,50,18,3,1152,0,5,4,5,3,0,3,0,0,16,3,11,31,38,33,22,12,5,0,144,139,117,337,335,349,309,221,151,84,2038,420,863,2814,3005,2807,2070,994,399,134,13505,0,19,79,102,79,55,19,4,0,352,12,18,86,62,42,18,5,0,0,246,92,520,1531,1630,1525,1026,440,151,23,6928,20,160,326,397,362,317,131,51,3,1768,4,30,96,114,70,43,19,8,0,380,6,79,252,339,389,220,120,29,8,1424,6,87,380,419,352,245,119,34,3,1632,94,278,807,764,593,336,104,21,0,3000,20,110,295,364,288,165,61,4,0,1316,6,23,75,68,44,29,11,3,0,266
LGA33430,270,1993,6766,5617,4805,4169,2734,1094,315,27762,91,719,3027,4111,4001,3099,2487,1001,214,18735,1242,2463,8272,9417,8368,5961,3512,1193,275,40712,561,2002,5467,5687,5381,4039,2234,650,103,26130,216,872,2247,1811,1183,626,413,195,51,7608,604,1524,3532,3084,2656,1703,1283,533,98,15018,29,47,54,37,23,34,23,21,3,262,51,120,352,410,359,296,189,88,36,1897,1109,1598,3894,3263,2900,2439,2357,2464,2001,22035,4383,12215,36290,35863,31579,23733,16082,7571,3175,170886,25,442,878,732,658,524,277,96,42,3674,179,395,1401,1144,691,307,67,13,3,4200,272,1551,5000,5907,6497,5665,3998,1933,583,31403,202,1214,3537,4048,3607,2759,1686,701,162,17911,86,263,833,879,634,380,203,72,24,3364,166,1336,4068,4420,4504,3175,1560,699,204,20132,46,460,2827,3383,3206,2901,1478,497,153,14938,900,3518,10156,9461,7392,5477,2708,1083,325,41018,598,2003,5274,5042,3958,2813,1140,353,88,21285,266,1093,2251,1576,924,639,349,184,46,7324
LGA33610,3,20,68,81,69,67,35,27,8,392,3,19,60,75,71,43,40,15,3,326,6,20,97,97,73,62,23,4,0,391,4,20,53,62,47,50,32,6,4,275,0,3,8,14,4,5,7,0,0,41,10,11,51,40,22,15,7,4,0,159,0,0,0,0,0,0,0,0,0,5,0,3,3,0,5,8,0,0,0,17,32,28,68,60,68,58,59,54,25,456,68,140,457,463,376,329,211,109,37,2196,0,0,12,6,6,0,0,0,0,35,4,4,5,5,6,0,0,0,0,17,9,40,111,122,118,73,41,15,0,528,6,17,24,38,37,29,27,8,0,181,15,25,105,114,66,34,19,13,0,389,0,17,58,111,90,53,38,14,3,384,0,19,91,73,52,62,17,9,0,329,6,37,108,121,75,36,19,4,0,406,3,13,59,60,49,33,17,7,0,242,0,10,9,6,5,6,0,0,0,42
LGA33620,18,66,265,274,333,478,346,138,33,1943,5,33,171,321,352,385,315,92,15,1682,64,111,376,469,447,515,280,65,7,2331,28,85,309,380,423,426,235,57,8,1954,0,19,59,61,63,51,36,23,0,320,92,115,222,225,215,166,101,26,4,1164,3,0,4,0,3,0,0,0,0,18,0,5,18,18,29,22,27,12,0,130,147,84,248,241,340,328,317,258,112,2066,363,564,1809,2132,2378,2553,1714,701,185,12402,0,3,33,44,52,52,29,7,5,218,12,21,36,35,19,30,8,0,0,161,76,160,400,538,693,746,516,182,21,3329,7,67,171,218,264,273,204,64,15,1284,19,39,116,166,151,94,50,12,0,645,11,36,185,256,392,353,196,66,14,1507,3,35,172,295,388,359,176,41,20,1478,91,149,423,447,421,335,162,52,7,2083,31,89,258,314,326,268,109,31,0,1441,22,19,49,46,49,69,32,9,0,289
LGA33800,4,17,59,32,51,82,59,19,5,335,0,7,41,59,73,69,52,14,7,321,11,36,59,66,93,66,40,8,3,389,4,11,51,46,53,98,39,10,0,313,0,0,0,9,4,5,3,0,0,25,5,12,32,25,31,33,17,4,0,157,0,0,0,0,0,0,0,0,0,4,0,0,0,3,0,0,0,0,0,9,35,25,43,55,72,59,78,85,51,509,67,130,321,329,411,419,293,150,79,2189,0,6,16,12,8,17,8,0,0,66,6,4,9,4,7,5,5,0,0,33,11,84,161,203,247,225,126,61,6,1124,9,20,30,36,65,58,55,15,0,292,3,14,18,25,20,11,9,8,0,100,0,12,28,63,79,80,22,11,0,291,0,12,58,62,98,66,34,16,5,351,11,32,72,84,94,68,29,20,0,405,0,16,43,55,76,53,19,0,0,268,0,5,3,5,9,6,6,0,0,42
LGA33830,0,0,3,7,5,3,3,0,0,24,0,5,6,6,3,5,4,0,0,33,0,0,7,9,3,6,0,0,0,25,0,0,5,0,4,3,0,0,0,19,0,0,0,0,0,0,0,0,0,6,0,0,0,0,0,0,0,0,0,6,0,0,0,0,0,0,0,0,0,0,0,0,0,0,0,0,0,0,0,0,6,5,14,4,3,4,0,4,0,47,9,19,48,27,32,19,7,3,0,169,0,0,0,0,0,0,0,0,0,0,0,0,6,0,0,0,0,0,0,9,5,8,12,14,4,6,0,0,0,42,0,0,11,13,0,6,0,0,0,27,0,6,4,5,5,3,0,0,0,25,0,0,5,3,12,8,0,0,0,21,0,0,8,0,4,3,0,0,0,28,0,4,13,8,5,0,0,0,0,35,0,3,5,10,6,4,0,0,0,27,0,0,5,0,0,0,5,0,0,17
LGA33960,187,599,2152,1828,1356,1055,630,240,60,8104,24,270,1367,1569,1253,907,542,181,28,6137,305,856,3022,3243,2267,1402,536,138,32,11797,234,821,2501,2371,1939,1380,608,137,19,10011,57,196,479,361,248,93,66,33,13,1533,366,646,1299,944,579,318,165,49,6,4369,58,15,24,15,12,5,4,4,6,147,26,42,135,160,107,83,40,11,8,613,541,634,1355,1197,886,675,566,524,334,6707,1884,4374,13393,12719,9273,6291,3338,1366,508,53150,9,96,340,252,183,132,38,10,0,1054,112,158,565,357,206,68,19,0,0,1466,130,853,2537,2572,2523,1885,1066,464,77,12110,71,376,821,747,622,530,327,129,32,3652,27,91,285,249,164,93,37,8,5,964,36,330,1053,1157,1082,781,361,127,25,4950,8,184,870,925,908,684,322,94,29,4013,323,1064,2901,2420,1810,925,286,110,23,9864,160,669,1863,1543,1311,785,246,58,10,6642,68,215,432,296,147,104,47,18,0,1325
LGA33980,7,25,109,110,82,66,26,0,0,417,5,49,168,140,102,49,21,8,4,535,14,59,298,264,159,73,24,3,0,910,15,47,99,110,69,47,10,7,0,405,0,8,19,10,12,7,0,0,0,60,22,45,124,106,56,23,6,0,0,388,3,0,0,0,0,0,0,0,0,9,0,0,9,3,11,0,0,0,0,23,78,169,396,247,214,177,60,35,9,1382,165,451,1380,1109,768,460,162,56,13,4565,0,25,60,44,22,10,0,0,0,158,3,3,24,20,4,5,0,0,0,60,26,254,886,756,525,243,45,11,3,2769,4,37,108,107,95,55,30,6,0,438,10,33,87,72,33,16,3,0,0,260,4,26,144,115,107,54,15,3,0,475,3,47,236,155,78,47,16,0,0,574,30,129,374,254,152,60,7,0,0,1009,7,46,146,135,62,41,8,0,0,436,0,5,24,24,9,4,0,0,0,71
LGA34420,0,0,0,0,5,5,0,0,0,10,0,4,9,0,6,6,0,0,0,23,0,0,3,5,3,0,0,0,0,11,0,0,7,3,4,0,0,0,0,13,0,0,0,0,0,0,0,0,0,0,0,0,0,0,0,4,0,0,0,9,0,0,0,0,0,0,0,0,0,0,0,0,0,0,0,0,0,0,0,0,7,7,29,14,17,17,4,6,0,105,14,14,50,19,39,31,6,6,0,176,0,0,0,0,0,0,0,0,0,0,0,0,0,0,0,0,0,0,0,0,0,3,0,3,0,4,4,0,0,17,0,4,0,8,4,0,0,0,0,22,4,4,5,7,3,3,0,0,0,21,0,0,0,10,9,4,0,0,0,20,0,6,9,0,7,3,0,0,0,22,0,0,9,10,7,0,0,0,0,21,0,0,11,4,4,4,0,0,0,20,0,0,0,0,0,0,0,0,0,0
LGA34530,31,74,269,242,289,320,175,92,16,1497,3,34,170,280,283,293,213,67,9,1356,21,75,311,403,403,332,161,38,10,1750,32,82,204,288,252,280,156,42,7,1348,4,14,40,47,28,32,18,9,3,193,29,67,162,149,141,103,54,17,5,724,4,0,0,0,0,0,0,0,0,7,0,3,14,22,20,22,17,6,0,98,93,97,162,198,223,212,171,151,71,1371,231,459,1426,1772,1751,1704,1004,440,125,8916,0,9,40,37,50,52,29,3,0,227,5,15,40,42,30,29,3,0,0,153,30,115,368,556,654,567,311,130,22,2756,15,76,145,221,248,210,98,55,7,1075,9,22,67,75,78,54,15,16,0,339,4,36,121,247,296,257,127,49,9,1137,0,29,160,249,313,236,126,32,10,1148,40,99,284,420,374,279,101,29,10,1633,25,49,145,202,242,180,62,22,0,931,0,22,50,42,42,27,13,4,4,209
LGA34570,0,0,0,0,0,3,0,0,0,9,0,0,4,4,4,0,0,0,0,13,0,0,0,0,0,0,0,0,0,5,0,0,0,0,5,0,0,0,0,9,0,0,0,0,0,0,0,0,0,3,0,0,0,0,0,0,0,0,0,0,0,0,0,0,0,0,0,0,0,0,0,0,0,0,0,0,0,0,0,0,4,7,7,8,10,3,3,3,0,45,4,12,15,12,17,11,9,3,0,80,0,0,0,0,0,0,0,0,0,0,0,0,0,0,0,0,0,0,0,0,0,5,6,6,8,0,0,0,0,19,0,0,8,7,0,0,0,0,0,15,0,0,0,8,0,0,0,0,0,15,0,4,5,0,0,4,0,0,0,11,0,3,11,6,4,0,0,0,0,23,0,0,0,4,0,0,0,0,0,13,6,0,5,6,0,4,0,0,0,13,0,0,0,0,0,0,0,0,0,6
LGA34580,28,85,270,273,268,246,166,74,14,1423,4,34,164,251,218,206,123,49,7,1051,71,126,427,408,352,290,140,29,3,1847,29,98,305,328,332,274,121,26,0,1517,11,12,66,42,31,23,16,4,0,213,61,97,195,155,103,73,49,14,0,752,8,4,6,3,0,0,0,0,0,26,4,12,29,24,23,17,11,4,4,126,116,109,234,208,198,187,189,135,65,1454,371,654,1872,1850,1675,1441,861,347,105,9174,0,32,66,55,46,22,9,3,0,242,14,7,26,40,24,18,5,0,0,140,30,121,323,427,481,422,237,84,20,2138,15,56,112,173,182,150,106,26,7,829,22,69,140,153,114,70,22,4,0,597,17,55,163,199,257,180,107,45,15,1029,0,30,137,183,206,163,87,26,6,841,56,117,376,348,307,215,77,21,3,1521,30,90,218,260,224,178,61,6,0,1073,14,23,44,44,42,24,24,6,0,208
LGA34590,277,895,2656,2179,1792,1517,972,382,94,10767,52,415,1789,2201,1897,1283,883,310,56,8891,467,1192,4284,4592,3357,2284,1199,328,71,17776,354,1183,3296,3283,2753,1966,940,209,27,14011,91,312,684,519,313,212,109,34,18,2299,401,882,1817,1252,994,479,320,126,20,6289,34,28,36,20,16,11,10,7,0,160,23,66,175,200,157,99,70,30,6,831,914,999,2447,2013,1576,1138,1168,910,539,11705,2755,6405,18495,17566,13757,9600,5993,2424,881,77876,8,140,409,398,284,248,89,20,5,1609,187,234,905,659,360,150,38,5,0,2534,239,1211,3503,3978,4123,3647,1881,668,136,19381,157,682,1672,1657,1443,1199,641,199,35,7685,52,113,415,391,306,158,82,21,3,1544,67,447,1485,1590,1702,1234,491,180,55,7251,15,269,1437,1542,1484,1258,497,117,26,6648,599,1741,4800,4062,3118,2003,727,202,58,17317,336,1076,2886,2432,1870,1210,339,90,14,10253,139,364,731,467,287,220,95,32,9,2337
LGA34710,4,13,27,35,27,32,11,7,0,161,0,12,34,23,23,17,10,5,0,128,9,15,47,34,18,23,10,5,3,160,0,5,20,24,17,23,12,0,0,116,0,3,9,5,3,0,0,0,0,18,6,9,6,17,17,8,0,0,0,83,0,0,0,0,0,0,0,0,0,0,0,0,4,5,0,0,0,0,0,6,17,10,33,38,33,38,31,20,17,226,39,71,201,204,159,159,89,35,16,972,0,0,7,10,9,4,0,0,0,28,0,0,3,5,3,0,0,0,0,16,5,18,52,29,35,43,10,3,0,188,0,8,21,26,28,8,3,0,0,96,15,10,43,29,32,20,0,5,0,156,0,10,42,39,33,21,13,6,3,166,0,15,54,45,26,16,3,0,0,160,6,24,44,48,30,16,7,4,0,175,5,10,48,28,28,22,3,0,0,134,0,0,8,7,5,0,0,0,0,13
LGA34770,28,309,1106,804,717,709,378,141,44,4232,19,144,529,820,847,604,380,116,39,3503,91,360,1367,1465,1118,785,274,83,9,5547,98,297,728,830,794,679,250,41,7,3735,5,54,146,148,108,62,30,13,4,575,73,231,556,508,403,274,124,35,0,2203,26,4,8,4,0,5,6,0,0,48,11,15,51,44,55,47,14,12,3,242,329,372,850,810,757,618,496,439,262,4937,702,1911,5763,5902,5174,4035,2032,922,382,26824,0,46,148,161,115,81,42,17,0,608,45,48,122,95,80,42,8,4,0,440,155,1046,2844,2914,2721,1741,764,283,59,12522,50,306,690,646,644,537,262,80,17,3232,18,53,225,208,187,71,28,10,6,814,15,223,677,718,939,555,200,90,28,3455,10,94,658,803,783,536,203,83,19,3194,165,583,1580,1360,1143,551,203,61,12,5658,78,236,674,668,601,317,96,25,8,2696,23,82,188,155,103,75,21,5,0,651
LGA34800,0,0,9,7,5,6,4,0,0,34,0,0,7,3,0,3,0,0,0,18,0,6,7,9,3,4,0,0,0,23,0,0,8,8,0,0,3,0,0,26,0,0,0,0,0,0,0,0,0,5,5,0,0,0,0,0,0,0,0,7,0,0,0,0,0,0,0,0,0,0,0,0,0,0,0,0,0,0,0,0,6,7,11,14,9,11,5,4,0,62,10,21,45,43,21,29,9,3,4,190,0,0,9,0,3,0,0,0,0,12,0,0,0,0,0,0,0,0,0,4,4,17,41,26,16,5,0,0,0,109,0,9,5,0,5,5,0,0,0,24,3,4,8,7,3,4,7,0,0,39,0,0,7,3,3,4,0,0,0,27,0,0,7,3,3,6,0,0,0,18,3,3,13,13,3,4,4,0,0,35,0,0,8,6,0,0,0,0,0,19,0,0,3,0,0,0,0,0,0,8
LGA34830,0,0,0,6,0,3,3,0,0,12,0,4,3,0,0,3,0,0,0,11,0,0,6,5,0,5,0,0,0,15,0,0,5,4,0,4,0,0,0,16,0,0,0,0,0,0,0,0,0,0,0,0,0,0,0,0,0,0,0,0,0,0,0,0,0,0,0,0,0,0,0,0,0,0,0,0,0,0,0,0,6,3,8,4,6,4,4,0,0,33,4,9,28,20,12,17,6,0,0,87,0,0,0,0,0,0,0,0,0,0,0,0,0,0,0,0,0,0,0,0,0,0,0,0,0,0,0,0,0,3,0,0,0,3,0,0,0,0,0,10,0,0,0,0,0,0,0,0,0,0,0,0,0,0,0,0,0,0,0,3,0,0,6,0,0,0,0,0,0,8,0,0,0,0,0,0,0,0,0,5,0,0,0,3,0,0,0,0,0,14,0,0,0,0,0,0,0,0,0,4
LGA34860,0,36,110,77,95,93,31,15,3,475,0,30,83,90,68,48,48,14,3,387,9,63,123,169,113,83,20,5,0,582,9,29,77,90,78,61,24,9,0,373,0,4,11,7,8,3,3,0,0,36,16,24,60,32,35,22,11,3,0,201,0,0,0,0,0,0,0,0,0,4,0,5,8,9,4,5,0,0,0,22,43,46,101,104,109,91,72,61,53,676,93,257,641,630,543,426,229,109,64,2993,0,5,17,18,9,0,6,0,0,52,6,7,9,8,6,5,0,0,0,40,15,84,206,161,141,102,29,23,4,761,0,27,66,49,51,36,14,11,4,264,10,35,132,78,65,36,7,4,0,375,0,27,99,104,113,77,28,11,7,469,0,25,116,85,60,74,22,4,0,387,24,50,188,159,103,47,21,7,0,600,19,36,94,88,65,48,7,0,0,356,0,4,14,15,12,3,0,3,0,50
LGA34880,11,24,118,116,148,156,117,42,11,740,3,14,80,125,157,114,70,46,15,617,10,36,168,178,201,173,80,24,0,872,9,19,132,144,155,159,86,19,4,733,5,13,26,33,32,23,13,10,0,146,10,34,57,67,62,55,27,6,0,335,0,3,0,0,0,0,4,0,0,11,0,0,14,3,23,12,8,3,0,69,78,68,195,167,175,172,156,95,37,1151,127,235,870,909,1035,937,596,263,68,5053,0,4,21,32,36,25,22,0,0,150,6,3,16,18,17,5,0,0,0,59,17,64,144,288,322,256,174,69,19,1339,10,24,72,95,107,110,74,23,4,513,7,22,70,80,76,47,32,5,0,342,3,18,66,126,160,156,67,23,10,620,0,16,79,130,125,114,75,17,5,565,28,41,165,222,172,119,66,11,5,837,13,35,90,146,148,126,57,7,0,628,4,6,25,35,41,28,22,3,0,166
LGA35010,351,1204,3774,3787,3724,3122,2211,972,230,19376,87,517,2349,3321,3255,2389,1977,783,148,14827,506,1399,5141,6782,5873,4194,2318,693,148,27053,601,1596,4183,4802,4355,3369,1858,462,63,21290,195,493,1017,909,678,382,238,97,34,4046,487,1052,2472,1903,1568,980,615,232,35,9356,52,27,44,16,15,9,20,12,3,204,41,81,245,324,290,186,98,48,15,1323,766,821,2001,1921,1744,1427,1630,1486,1128,12926,3262,7735,22797,25731,23097,17090,11531,4996,1859,118088,33,161,552,716,549,428,216,65,11,2728,232,285,1005,1051,636,282,62,7,3,3566,289,1361,4229,6069,5980,5121,3280,1289,350,27950,172,927,2157,2480,2057,1714,1113,450,123,11197,92,174,715,755,559,305,172,54,16,2842,87,655,2244,3382,3244,2388,1168,465,141,13782,37,288,1874,2667,2464,2212,1121,346,93,11103,719,2004,5928,6654,5347,3425,1413,447,117,26055,535,1372,3684,3716,2929,2153,759,215,41,15401,175,528,908,865,538,336,197,110,21,3680
LGA35250,0,0,6,8,3,4,0,0,0,18,0,0,7,4,0,8,0,0,0,19,0,0,0,0,0,0,0,0,0,5,0,0,5,6,0,0,0,0,0,19,0,0,0,0,0,0,0,0,0,0,0,0,0,0,0,0,0,0,0,6,0,0,0,0,0,0,0,0,0,0,0,0,0,0,0,0,0,0,0,0,8,4,14,15,10,3,0,4,0,54,7,4,33,34,20,19,3,3,0,121,0,0,0,0,0,0,0,0,0,0,0,0,0,0,0,0,0,0,0,0,0,0,3,11,0,5,0,0,0,26,0,0,8,6,3,10,0,0,0,25,0,0,3,3,0,0,0,0,0,6,0,0,3,8,5,9,0,0,0,26,0,7,8,3,7,3,0,0,0,30,0,0,4,3,10,3,0,0,0,24,0,0,4,5,4,3,0,0,0,27,0,0,0,0,0,0,0,0,0,0
LGA35300,17,65,208,146,89,82,26,16,4,653,7,48,166,137,90,57,19,9,0,542,19,56,216,207,125,97,21,9,0,753,13,43,158,142,104,65,25,8,0,559,0,8,19,18,10,3,0,0,0,62,6,28,73,50,45,12,12,5,0,231,0,0,0,0,0,0,0,0,0,4,0,0,6,6,6,8,0,0,0,36,74,75,197,168,144,103,55,39,21,864,162,364,1168,951,662,465,162,78,24,4039,0,20,61,27,19,9,5,3,0,141,10,12,39,11,7,5,0,0,0,83,19,241,690,554,467,247,82,13,3,2314,7,40,114,81,56,47,32,13,0,382,0,13,55,30,22,11,4,0,0,140,11,58,203,139,132,57,22,5,4,637,0,45,195,129,100,62,11,3,0,545,27,122,315,191,183,58,19,3,0,916,9,53,180,128,102,56,17,5,4,549,0,25,34,17,14,3,0,0,0,94
LGA35600,0,7,35,33,32,39,20,3,0,180,0,13,36,21,20,23,11,0,0,130,0,15,26,24,30,22,11,0,0,123,4,7,12,24,16,26,11,3,0,106,0,0,5,0,0,0,0,0,0,8,0,7,9,8,9,10,4,0,0,48,0,0,0,0,0,0,0,0,0,0,0,0,3,0,0,0,0,0,0,3,20,18,45,26,44,52,20,14,14,251,27,74,183,154,169,185,77,32,15,920,0,0,9,8,3,6,0,0,0,21,5,0,4,0,3,0,0,0,0,10,12,24,52,45,42,28,22,0,0,223,0,13,17,24,11,15,5,3,0,99,0,10,32,28,19,15,0,0,0,110,6,3,28,41,48,44,6,3,0,178,0,11,50,33,31,27,10,0,0,158,8,14,39,43,29,17,6,0,0,152,3,9,35,23,23,14,0,0,0,102,0,5,4,0,0,0,0,0,0,13
LGA35670,0,0,0,0,3,5,0,0,0,8,0,0,0,4,4,0,0,0,0,14,0,0,3,0,3,0,0,0,0,8,0,3,0,3,3,0,0,0,0,11,0,0,0,0,0,0,0,0,0,0,0,0,0,0,0,0,0,0,0,0,0,0,0,0,0,0,0,0,0,0,0,0,0,0,0,0,0,0,0,0,12,5,26,10,21,8,7,0,0,99,12,11,33,32,30,19,10,0,0,145,0,0,0,0,0,0,0,0,0,0,0,0,0,0,0,0,0,0,0,0,0,0,4,4,0,4,0,0,0,9,0,0,3,3,3,3,0,0,0,16,0,0,0,0,0,0,0,0,0,6,0,0,0,0,0,3,0,0,0,6,0,0,0,3,0,0,0,0,0,8,0,0,0,3,3,0,0,0,0,12,0,0,4,3,8,5,0,0,0,16,0,0,0,0,0,0,0,0,0,0
LGA35740,14,64,278,437,533,616,457,195,59,2655,9,25,118,301,438,509,526,228,36,2185,30,83,307,606,725,742,521,185,53,3257,36,68,261,426,580,551,410,115,20,2461,12,42,166,190,201,149,110,62,10,949,40,91,199,237,278,237,140,54,3,1279,3,4,7,0,3,0,3,3,0,21,0,6,14,28,51,55,40,13,0,216,68,72,193,250,302,291,255,319,297,2040,224,491,1666,2696,3361,3368,2599,1218,490,16118,0,6,44,92,85,105,70,28,12,437,9,9,41,69,68,49,19,4,0,270,28,101,257,480,713,770,648,293,76,3369,9,76,227,381,491,416,225,116,34,1976,9,23,98,175,145,88,62,18,3,625,8,52,286,481,637,492,328,152,51,2493,0,22,165,394,522,521,346,98,22,2089,94,140,420,636,790,749,456,166,49,3494,54,108,262,460,480,474,239,55,5,2156,29,56,116,208,208,133,86,39,9,887
LGA35760,0,19,47,44,71,69,60,28,3,346,3,5,30,45,76,56,42,23,8,296,9,20,62,71,73,47,29,6,0,325,11,18,36,50,53,55,42,11,0,279,0,3,5,4,5,3,5,0,3,32,6,18,39,28,20,16,8,0,0,152,0,0,0,0,0,0,0,0,0,4,3,0,3,3,3,5,3,0,0,23,43,35,73,57,82,84,91,80,35,582,83,151,342,344,413,360,292,152,49,2193,0,0,14,7,6,8,3,0,0,40,0,8,3,5,0,0,0,0,0,18,14,22,70,82,112,99,66,22,5,499,0,11,21,29,40,41,18,10,0,183,11,22,71,52,41,19,14,6,0,238,0,8,54,68,89,78,42,10,0,348,0,16,50,60,59,60,39,4,0,304,16,26,82,71,54,48,22,5,3,326,4,11,54,54,51,59,18,3,0,261,0,0,4,0,6,7,0,3,0,28
LGA35780,0,5,4,11,7,11,4,0,0,48,7,6,39,12,14,13,3,0,0,94,3,20,23,37,30,16,6,0,0,131,0,9,21,22,21,10,3,0,0,89,0,0,0,0,0,3,0,0,0,7,0,13,11,0,3,0,0,0,0,29,0,0,0,0,0,0,0,0,0,3,0,0,0,0,0,0,0,0,0,10,19,27,35,23,28,27,10,0,0,174,33,80,151,111,109,90,22,5,0,604,0,0,0,0,0,0,0,0,0,3,0,0,0,5,0,0,0,0,0,5,6,6,24,14,20,6,0,0,0,77,3,8,21,8,15,8,0,4,0,63,4,0,4,6,11,0,4,0,0,26,0,0,10,12,25,12,0,0,0,61,0,10,27,11,12,9,0,0,0,77,4,5,22,32,22,8,0,0,0,97,5,13,26,33,10,8,0,3,0,102,0,0,0,0,3,0,0,0,0,8
LGA35790,0,3,9,3,6,3,7,0,0,34,0,3,9,11,4,7,0,0,0,28,0,0,4,6,3,10,0,0,0,27,0,3,6,10,4,9,3,0,0,36,0,0,0,0,0,0,0,0,0,0,0,0,5,4,3,3,0,0,0,11,0,0,0,0,0,0,0,0,0,0,0,0,0,0,0,0,0,0,0,0,5,9,20,9,14,12,3,0,0,80,12,21,48,39,36,35,8,3,0,221,0,0,0,0,0,0,0,0,0,4,0,0,3,0,0,0,0,0,0,7,0,7,7,4,12,5,0,0,0,36,4,4,6,12,12,0,0,0,0,42,0,0,9,0,11,0,0,0,0,21,0,6,4,6,8,10,0,0,0,39,0,5,16,13,10,4,3,0,0,58,4,5,7,13,8,4,0,0,0,36,0,0,10,7,7,6,0,0,0,37,0,0,3,4,0,0,0,0,0,9
LGA35800,0,0,12,3,11,17,11,4,0,61,0,6,21,12,4,13,8,5,0,58,0,3,7,17,12,5,4,0,0,44,0,5,8,9,10,17,6,0,0,47,0,0,0,0,0,3,0,0,0,9,0,0,0,4,0,4,3,0,0,18,0,0,0,0,0,0,0,0,0,0,0,0,0,0,0,0,0,0,0,0,6,3,10,10,11,13,12,4,0,75,6,19,63,48,53,70,43,12,3,323,0,0,0,0,0,0,0,0,0,0,0,0,0,0,0,0,0,0,0,0,0,4,13,7,10,17,14,0,4,74,0,5,3,10,6,5,3,0,0,33,10,9,6,16,23,7,0,0,0,70,0,5,8,12,20,8,4,0,0,62,0,6,16,5,14,7,4,0,0,57,0,3,15,18,10,3,0,0,0,52,0,8,13,15,10,15,8,0,0,59,0,0,4,0,0,3,0,0,0,4
LGA36070,0,0,0,5,6,3,0,0,0,14,0,0,0,3,0,0,0,0,0,9,0,0,3,0,4,0,0,0,0,9,0,0,0,0,6,6,0,0,0,10,0,0,0,0,0,0,0,0,0,3,0,0,0,0,0,0,0,0,0,9,0,0,0,0,0,0,0,0,0,0,0,0,0,0,0,0,0,0,0,0,3,6,14,10,9,3,0,0,0,43,7,5,26,23,28,15,0,0,0,105,0,0,0,0,0,0,0,0,0,0,0,0,0,0,0,0,0,0,0,0,0,4,4,3,4,3,0,0,0,14,0,0,4,5,0,7,0,0,0,20,3,3,3,0,4,0,0,0,0,15,0,0,0,3,0,3,0,0,0,13,0,0,5,6,3,3,0,0,0,17,0,0,6,3,6,5,0,0,0,16,0,0,0,8,5,4,0,0,0,22,0,0,0,0,0,0,0,0,0,0
LGA36150,0,0,12,0,5,5,3,0,0,37,0,0,3,4,14,3,0,0,0,31,0,0,11,7,5,3,0,0,0,30,0,4,7,4,5,7,0,0,0,27,0,0,0,0,0,0,0,0,0,0,4,0,3,3,6,3,0,0,0,16,0,0,0,0,0,0,0,0,0,0,0,0,0,0,0,0,0,0,0,0,0,0,3,6,11,5,3,0,0,27,7,5,52,27,39,30,17,6,0,180,0,0,4,3,0,0,0,0,0,5,0,0,0,0,0,0,0,0,0,0,0,5,10,6,5,0,0,0,0,32,0,0,4,0,3,9,3,0,0,22,0,3,3,4,8,3,3,0,0,31,0,3,10,8,12,5,7,3,0,35,0,6,5,11,8,0,4,0,0,28,0,3,6,7,11,4,0,0,0,33,0,0,8,0,3,5,0,0,0,23,0,0,0,0,0,0,0,0,0,0
LGA36250,133,378,1086,1232,1269,1283,877,359,119,6739,26,191,756,1046,1155,1016,835,330,68,5421,230,395,1576,2181,2284,1888,984,342,81,9958,161,396,1110,1387,1373,1194,793,222,32,6661,52,150,313,322,261,174,101,61,24,1460,150,280,673,693,559,420,294,100,16,3188,13,9,4,8,9,13,11,8,18,84,6,17,45,82,100,71,62,14,7,420,178,186,423,500,488,478,555,576,561,3950,1002,2150,6429,8097,8109,6978,4779,2134,955,40629,4,87,197,261,253,224,99,31,10,1162,75,96,265,363,273,116,26,3,0,1221,110,521,1598,2191,2807,2331,1433,703,175,11867,80,396,880,870,928,840,452,205,46,4699,31,62,224,266,239,140,76,24,9,1081,35,235,717,1135,1398,948,480,219,83,5257,10,130,655,975,1075,992,465,174,59,4533,263,750,1849,2525,2455,1570,663,267,90,10423,152,479,1152,1213,1065,904,370,106,42,5483,93,246,340,340,243,186,112,45,16,1617
LGA36300,0,0,4,0,4,5,3,0,0,18,0,0,4,0,5,4,0,0,0,22,0,0,17,4,4,3,0,0,0,28,0,4,7,5,4,7,6,0,0,29,0,0,3,0,0,0,0,0,0,4,0,0,4,0,0,0,0,0,0,7,0,0,0,0,0,0,0,0,0,0,0,0,0,0,0,0,0,0,0,0,0,0,10,6,8,7,6,5,6,50,6,15,55,23,30,25,17,3,6,169,0,0,0,4,0,0,0,0,0,7,0,0,0,0,0,0,0,0,0,0,0,4,8,8,6,9,0,0,0,36,0,4,9,0,0,0,0,0,0,13,0,7,6,5,9,4,4,0,0,29,0,0,5,8,8,5,0,0,0,23,0,0,5,4,7,0,0,0,0,23,0,4,10,5,8,8,0,0,0,30,0,0,9,0,6,0,0,0,0,18,0,0,3,0,0,0,0,0,0,9
LGA36370,40,261,765,611,522,526,281,140,33,3188,4,112,385,527,460,398,245,92,20,2247,56,232,880,878,662,478,201,60,12,3456,72,243,634,647,556,519,230,50,11,2969,11,28,100,83,67,39,8,9,4,343,82,191,371,283,220,121,62,20,4,1352,21,5,0,9,4,5,0,0,0,42,9,12,39,36,51,27,25,9,6,202,214,256,475,451,373,334,315,343,260,3022,543,1450,3946,3793,3104,2569,1404,741,358,17901,0,44,100,117,100,58,30,9,0,462,21,55,179,127,72,37,13,0,0,504,72,517,1162,1071,1137,872,481,247,48,5602,36,155,338,310,334,265,161,74,7,1675,17,48,150,147,105,52,18,7,3,545,19,205,618,568,675,423,188,83,18,2801,9,75,482,453,495,394,162,65,25,2167,163,448,1023,844,728,434,126,53,12,3828,81,213,589,502,474,347,119,29,4,2352,5,60,137,110,62,53,18,8,0,455
LGA36510,29,66,238,273,323,337,265,97,23,1659,5,32,163,256,302,319,285,91,22,1480,104,84,252,437,456,391,211,69,22,2029,49,90,226,329,381,344,192,56,12,1679,8,28,68,76,86,69,44,38,9,409,33,53,160,166,143,128,71,17,3,783,0,3,0,0,0,0,0,5,0,18,0,8,17,23,23,24,14,9,0,118,109,60,200,226,256,223,243,205,126,1647,351,473,1430,1947,2163,1994,1396,617,225,10590,0,9,31,61,61,43,33,15,9,265,10,15,39,41,33,24,8,3,0,182,18,135,315,490,584,526,371,132,22,2596,9,58,140,224,264,225,149,44,3,1112,21,39,95,127,114,73,32,19,4,522,9,29,145,249,327,317,178,77,16,1347,3,25,149,284,301,339,191,57,18,1367,46,103,316,454,431,333,184,45,16,1923,26,68,254,312,316,262,134,34,9,1419,10,25,55,102,85,68,40,14,3,401
LGA36580,22,27,158,154,169,175,138,48,13,908,0,13,95,153,138,148,99,31,0,680,37,50,172,203,228,221,97,24,9,1040,21,36,148,176,229,198,102,29,0,933,11,0,25,37,20,27,13,7,0,132,38,49,101,75,87,71,36,12,0,478,5,0,0,0,3,0,0,0,0,11,3,0,8,20,22,8,10,3,0,73,85,36,94,125,153,148,139,123,44,949,233,245,887,1037,1127,1067,685,285,64,5625,0,5,19,21,17,22,16,0,0,93,3,8,22,17,14,13,5,0,0,77,13,84,217,296,319,358,224,63,12,1591,12,25,55,91,128,115,76,23,0,527,20,23,72,64,51,29,11,7,0,284,5,19,74,113,160,159,88,19,3,635,0,20,91,116,137,128,72,13,0,581,34,68,175,214,210,169,60,19,0,945,5,42,126,142,161,140,64,7,5,695,5,3,25,19,24,24,15,11,0,124
LGA36630,0,52,177,137,196,209,224,69,17,1087,0,47,130,182,197,214,161,60,13,1011,23,83,230,227,251,244,129,33,3,1222,15,58,194,224,273,291,188,30,5,1286,0,11,20,14,25,28,17,9,0,127,29,65,129,80,99,73,45,15,0,531,0,6,0,0,0,4,0,0,0,11,3,3,11,10,10,11,18,4,0,79,99,80,177,175,218,261,281,207,83,1574,191,450,1136,1164,1354,1408,1105,437,132,7379,0,8,21,36,36,35,11,0,0,139,16,19,16,25,13,24,4,0,0,121,29,105,305,350,412,445,282,95,19,2051,7,45,76,120,139,143,105,39,8,687,23,35,96,112,78,42,36,7,4,434,8,46,139,176,239,243,132,53,12,1036,0,51,178,200,221,222,108,39,5,1038,50,121,247,291,264,201,79,26,7,1284,33,71,203,236,222,182,79,13,3,1029,4,14,16,34,20,31,12,6,3,142
LGA36660,14,58,180,163,219,309,263,113,30,1352,0,31,137,214,234,257,203,107,13,1199,38,78,236,276,335,281,161,47,9,1461,21,69,190,222,270,281,179,43,4,1285,0,15,22,41,35,35,33,8,0,203,49,57,183,128,127,67,50,6,0,676,3,0,3,0,0,0,4,3,0,12,0,0,12,6,18,15,15,3,0,66,102,71,148,182,218,260,287,226,111,1601,242,411,1213,1344,1561,1595,1275,577,182,8404,0,8,23,44,39,52,26,9,0,202,13,19,32,21,24,20,11,0,0,141,35,123,250,307,407,396,274,103,30,1923,10,60,106,117,145,153,96,40,12,733,25,28,89,114,121,75,42,23,5,518,11,37,123,195,297,278,163,70,14,1183,0,23,157,207,279,298,168,47,13,1189,62,135,303,394,308,218,116,42,15,1585,18,73,163,208,229,216,91,32,0,1036,0,13,36,42,31,47,25,10,8,210
LGA36720,198,886,3490,3493,3348,3324,2090,1008,324,18163,55,266,1495,2467,2755,2485,2196,968,230,12902,395,905,3175,4184,4243,3480,2218,798,201,19594,326,867,2457,3020,3071,2763,1783,493,88,14857,140,332,922,981,712,512,328,146,43,4118,331,749,1616,1390,1388,950,644,286,54,7403,54,20,14,10,7,13,5,12,4,149,33,52,153,215,270,167,125,60,20,1104,588,602,1447,1411,1371,1365,1333,1338,1080,10541,2201,5058,15895,18465,18345,15944,11291,5333,2106,94645,10,99,338,415,393,374,266,106,20,2014,115,154,363,388,278,192,65,14,0,1576,174,725,2181,3234,3886,3471,2740,1444,407,18258,97,643,1757,2280,2109,1697,974,501,129,10193,49,180,606,679,581,383,234,102,21,2836,69,442,1775,2761,3141,2237,1289,625,210,12556,21,187,1303,2200,2391,2344,1382,488,116,10429,490,1166,3145,4113,3549,2858,1611,690,188,17793,241,690,2038,2451,2267,1975,911,275,68,10917,102,359,870,771,553,446,276,106,25,3505
LGA36820,5,33,148,159,192,200,213,86,23,1060,5,20,111,158,207,204,193,72,14,989,20,41,154,221,219,229,122,30,6,1042,12,29,122,140,200,236,116,45,5,893,4,4,22,19,44,41,21,10,0,171,20,35,77,85,81,67,40,8,6,417,0,0,0,0,0,0,0,0,0,7,3,5,7,12,13,17,13,0,0,71,115,80,174,165,180,212,233,160,113,1417,195,262,876,1060,1221,1288,1010,451,165,6528,0,6,20,57,41,67,37,12,3,241,4,8,11,18,16,20,0,0,0,82,19,68,214,288,381,421,300,127,21,1846,7,40,88,133,152,144,101,32,10,707,17,19,74,88,83,66,42,16,0,405,12,23,93,155,239,209,130,66,14,941,4,22,100,175,217,246,140,29,5,928,34,83,180,230,216,175,86,28,8,1030,14,34,99,155,189,143,61,9,7,713,11,12,24,40,32,33,18,6,4,179
LGA36910,135,579,1836,1480,1333,1291,984,500,152,8291,34,228,893,1204,1238,1145,948,420,86,6198,245,565,1880,1903,1729,1255,645,231,54,8494,185,532,1374,1397,1421,1135,632,171,34,6891,24,118,289,259,196,158,84,51,17,1197,258,465,844,566,457,322,169,78,16,3170,19,10,14,8,10,9,6,3,0,77,20,32,85,76,97,65,45,26,14,454,353,380,739,662,655,654,656,736,501,5337,1354,3152,8624,8207,7681,6406,4383,2305,888,43003,5,74,244,255,217,174,99,24,8,1106,60,122,300,209,135,75,21,4,0,925,154,786,1957,1933,2015,1525,951,456,97,9868,65,374,670,677,690,572,334,151,34,3569,69,140,450,517,474,268,160,48,10,2139,30,363,1125,1368,1541,1225,703,281,97,6735,13,157,934,1235,1332,1216,635,238,46,5803,298,910,2112,2092,1705,1089,424,168,49,8851,152,435,1229,1211,1120,814,379,130,27,5493,39,171,336,291,220,137,73,32,11,1310
LGA36950,3,8,42,37,20,29,16,0,0,146,0,8,24,24,27,13,10,0,0,112,4,20,54,53,26,15,8,0,0,175,0,5,18,29,17,13,0,3,0,93,0,0,5,0,3,0,0,0,0,11,8,7,7,3,9,0,0,0,0,36,0,0,0,0,0,0,0,0,0,0,0,0,0,0,0,0,0,0,0,4,21,23,27,33,34,28,15,0,0,189,44,81,184,190,136,109,46,5,0,803,0,0,12,14,3,0,3,0,0,32,0,0,0,0,0,0,0,0,0,6,0,14,25,35,30,22,8,0,0,131,0,4,21,20,18,11,3,0,0,84,0,0,6,6,0,0,0,0,0,14,0,0,14,61,30,19,4,0,0,128,0,4,47,28,36,17,3,0,0,133,3,7,45,40,27,17,0,0,0,133,0,7,49,23,21,16,4,0,0,117,0,3,4,5,9,0,0,0,0,14
LGA36960,4,7,19,14,9,17,8,0,0,85,3,7,28,32,25,33,10,0,0,143,4,20,61,41,38,23,3,0,0,188,0,10,28,17,18,6,6,0,0,85,0,0,7,3,4,0,0,0,0,23,0,6,12,12,8,3,5,0,0,46,0,0,0,0,0,0,0,0,0,0,0,0,0,5,0,0,0,0,0,9,18,22,43,28,19,30,12,5,0,176,33,79,212,159,128,114,39,10,0,772,0,0,0,0,0,0,0,0,0,0,0,0,4,0,0,0,0,0,0,4,3,18,27,24,22,10,9,4,0,118,7,11,30,23,23,4,0,0,0,89,0,3,13,9,5,0,0,0,0,33,3,9,21,17,25,13,3,0,0,92,0,12,29,25,44,18,6,3,0,132,11,19,45,47,32,11,0,0,0,161,10,12,38,40,23,9,5,0,0,140,0,3,11,10,0,0,0,0,0,24
LGA37010,99,722,2365,1805,1550,1274,694,281,57,8842,43,278,1030,1255,1236,983,664,249,55,5782,194,552,1894,2263,1937,1417,537,139,32,8966,182,623,1707,1750,1661,1281,634,181,23,8048,34,107,284,290,195,133,72,39,15,1173,163,461,924,722,538,360,176,60,13,3412,27,18,13,8,7,7,3,0,3,93,12,40,76,113,83,63,46,20,5,463,488,610,1219,1032,964,740,628,469,316,6466,1279,3698,10440,10033,8756,6674,3664,1512,542,46596,4,206,646,477,389,247,115,21,4,2105,65,198,375,259,165,69,12,0,0,1147,153,1078,3063,3003,2859,2128,1141,433,68,13917,78,429,1012,1004,979,823,374,173,34,4907,34,126,406,309,231,116,56,19,0,1299,49,576,1836,1784,1631,966,401,165,44,7459,11,181,1017,1214,1167,928,416,126,21,5085,307,1004,2779,2573,2095,1145,339,109,38,10389,178,705,1752,1600,1362,882,333,79,21,6904,54,199,424,325,240,134,80,27,10,1481
LGA37300,6,9,48,39,36,20,0,0,0,154,0,10,56,47,27,11,5,0,0,161,16,13,49,60,41,14,0,0,0,187,4,7,30,30,27,12,5,0,0,110,0,0,3,4,0,0,0,0,0,9,0,7,28,13,12,4,0,0,0,57,0,0,0,0,0,0,0,0,0,0,0,0,3,4,4,3,0,0,0,18,23,25,48,46,37,19,5,3,0,205,54,84,296,244,189,85,17,3,0,979,0,0,3,4,4,0,0,0,0,21,0,0,0,5,0,0,0,0,0,5,3,40,107,105,90,45,9,0,0,403,0,0,35,36,19,11,0,0,0,112,0,0,6,14,3,9,0,0,0,30,0,5,28,40,24,20,0,0,0,121,0,5,47,32,21,7,0,0,0,118,4,12,53,47,25,12,4,0,0,151,5,6,29,24,24,3,0,0,0,95,0,0,10,3,3,0,0,0,0,17
LGA37310,14,82,212,181,158,185,98,58,14,1003,3,66,210,209,225,143,103,45,13,1027,54,113,351,344,320,192,86,14,4,1477,23,81,192,187,183,187,71,15,0,943,0,7,45,21,15,13,4,3,0,113,29,69,148,120,105,58,29,8,0,563,8,0,4,0,0,4,0,0,0,13,3,0,19,14,17,10,3,0,0,73,125,105,285,218,221,191,163,137,67,1512,289,580,1617,1449,1341,1057,584,295,102,7312,0,8,30,27,12,16,8,3,0,101,3,6,11,17,16,10,0,0,0,66,39,185,481,474,404,277,156,54,14,2079,8,62,138,135,103,95,43,17,7,615,24,59,200,181,148,75,18,10,0,716,7,53,160,180,200,148,76,32,15,871,3,62,221,230,200,164,72,17,8,977,49,121,391,352,232,163,44,18,9,1374,28,69,156,182,172,122,46,16,0,788,0,12,27,16,21,16,9,5,0,112
LGA37340,4,68,231,196,174,205,153,37,13,1084,4,46,181,220,202,163,135,43,6,1000,36,120,411,378,336,245,119,30,6,1681,28,82,285,209,217,183,94,26,0,1130,3,27,91,63,36,35,11,7,0,278,36,110,259,205,132,101,57,12,0,913,0,0,0,0,0,0,0,0,0,0,7,9,15,21,13,17,7,0,0,82,112,153,386,276,306,314,205,120,43,1902,231,640,2040,1717,1545,1321,807,297,69,8671,0,18,35,37,31,26,20,10,3,174,13,15,38,20,13,10,0,0,0,112,34,206,519,559,631,497,264,106,11,2828,14,84,212,228,211,172,105,17,4,1055,3,31,90,74,69,36,13,6,0,320,3,46,130,150,231,156,75,17,4,814,4,33,153,169,145,158,72,17,4,754,38,186,433,352,276,201,73,17,0,1583,36,79,213,217,167,125,46,11,0,897,3,29,80,47,35,20,8,4,0,226
LGA37400,0,0,8,6,11,10,0,0,0,32,0,0,9,8,6,0,0,0,0,19,0,7,4,12,9,3,3,0,0,36,0,0,5,11,4,8,4,0,0,38,0,0,3,3,0,0,0,0,0,5,0,3,5,0,0,0,3,0,0,17,0,0,0,0,0,0,0,0,0,0,0,0,0,0,0,0,0,0,0,3,4,8,9,13,18,17,10,15,0,84,4,21,45,53,62,35,24,18,0,262,0,0,0,0,0,0,0,0,0,0,0,0,0,0,0,0,0,0,0,0,0,3,14,23,21,9,7,0,0,70,0,4,0,3,3,8,4,0,0,26,4,6,12,6,14,3,3,0,0,52,0,0,4,5,7,10,6,4,0,42,0,0,16,10,0,4,0,0,0,38,4,7,11,10,4,5,3,0,0,42,0,0,5,3,6,3,4,0,0,29,0,0,3,6,0,0,0,0,0,7
LGA37550,0,0,8,0,7,3,3,0,0,20,0,0,16,3,4,3,0,0,0,27,5,0,4,8,0,3,0,0,0,18,0,0,6,6,3,0,0,0,0,14,0,0,0,0,0,0,0,0,0,0,0,0,6,0,3,0,0,0,0,7,0,0,0,0,0,0,0,0,0,0,0,0,0,0,0,0,0,0,0,0,12,0,18,4,5,3,0,0,0,36,12,9,45,20,17,16,10,0,0,130,0,0,0,0,0,0,0,0,0,0,0,0,0,0,0,0,0,0,0,0,0,0,0,0,4,0,0,0,0,7,0,0,3,3,0,0,0,0,0,13,0,0,4,0,0,0,0,0,0,4,0,0,0,9,4,4,0,0,0,18,0,0,3,3,7,0,0,0,0,18,0,0,8,0,8,0,0,0,0,9,0,6,7,4,4,0,0,0,0,16,0,0,0,0,0,0,0,0,0,0
LGA37570,0,0,0,0,3,0,0,0,0,8,0,0,0,0,0,0,0,0,0,0,0,0,8,5,0,0,0,0,0,10,0,0,0,0,0,0,0,0,0,5,0,0,0,0,0,0,0,0,0,0,0,0,0,0,0,0,0,0,0,0,0,0,0,0,0,0,0,0,0,0,0,0,0,0,0,0,0,0,0,0,0,0,7,5,8,4,7,0,0,27,4,5,15,11,12,5,7,3,0,53,0,0,0,0,0,0,0,0,0,0,0,0,0,0,0,0,0,0,0,0,0,0,0,6,0,0,0,0,0,5,0,0,0,3,0,0,0,0,0,7,0,0,0,0,0,0,0,0,0,4,0,0,0,0,6,6,0,0,0,8,0,0,0,6,0,0,0,0,0,6,0,4,0,3,3,0,0,0,0,11,0,0,3,4,0,0,0,0,0,7,0,0,0,0,0,0,0,0,0,0
LGA37600,0,6,9,4,10,9,0,0,0,43,0,6,15,9,11,6,3,0,0,48,0,6,25,11,12,3,4,0,0,64,0,4,20,12,18,16,4,0,0,80,0,0,0,0,0,0,0,0,0,0,6,9,10,9,0,4,0,0,0,37,0,0,0,0,0,0,0,0,0,0,0,0,0,0,0,0,0,0,0,4,13,7,19,14,14,11,3,0,0,83,26,34,100,69,66,56,17,0,0,378,0,0,0,0,0,0,0,0,0,6,0,0,0,0,0,0,0,0,0,4,0,7,12,8,3,5,0,0,0,30,0,3,11,13,9,4,0,0,0,42,0,8,8,14,4,6,0,0,0,32,0,0,3,12,10,0,0,0,0,33,0,0,9,15,9,0,0,0,0,38,5,10,12,19,7,13,0,0,0,56,3,0,4,18,12,6,0,0,0,42,0,0,0,3,0,0,0,0,0,3
LGA39499,4,28,106,63,65,117,67,11,0,470,0,8,51,24,40,75,50,10,3,248,8,51,178,114,116,158,102,3,0,732,5,36,142,108,91,126,64,8,0,579,3,14,73,26,25,10,14,0,0,164,12,29,70,48,33,37,15,4,0,246,7,0,3,0,0,0,0,0,0,8,0,3,6,9,0,8,4,0,0,30,61,135,384,277,233,198,129,35,11,1462,105,325,1099,721,647,778,458,79,13,4217,0,23,51,34,11,32,12,0,0,155,4,8,29,20,19,17,3,0,0,93,10,68,199,154,145,311,196,38,0,1110,4,26,96,59,67,118,61,17,0,437,4,16,40,29,30,33,13,5,0,160,4,29,99,65,94,123,45,11,4,481,3,18,53,41,54,94,45,7,0,313,18,81,198,96,125,144,65,12,0,743,7,65,138,76,81,102,32,3,0,503,0,32,88,30,26,27,12,3,0,213
LGA39799,0,0,0,0,0,0,0,0,0,0,0,0,0,0,0,0,0,0,0,0,0,0,0,0,0,0,0,0,0,5,0,0,0,0,0,0,0,0,0,0,0,0,0,0,0,0,0,0,0,0,0,0,0,0,0,0,0,0,0,0,0,0,0,0,0,0,0,0,0,0,0,0,0,0,0,0,0,0,0,0,0,4,13,5,0,0,0,0,0,24,0,9,13,7,0,4,0,0,0,28,0,0,0,0,0,0,0,0,0,0,0,0,0,0,0,0,0,0,0,0,0,8,12,9,15,5,10,0,0,65,0,5,4,4,8,4,0,4,0,21,0,5,0,0,0,0,0,0,0,3,0,0,0,0,3,0,3,4,0,16,0,0,3,0,8,0,0,0,0,11,0,8,9,3,6,5,0,0,0,29,0,6,4,0,5,5,0,0,0,21,0,0,0,0,0,0,0,0,0,4
LGA40070,12,163,458,202,102,156,144,77,22,1332,6,29,98,72,54,115,168,89,16,653,23,327,692,360,204,180,105,31,3,1921,23,131,345,236,167,156,208,76,12,1350,11,112,206,85,54,54,26,22,0,574,5,46,97,44,38,25,23,6,5,291,6,15,9,0,0,0,0,4,0,29,5,19,33,20,21,16,23,7,4,139,82,187,209,92,78,67,87,61,98,967,185,1245,2595,1308,816,850,836,405,163,8399,9,83,225,90,64,52,32,13,3,577,3,46,182,77,41,13,4,0,0,366,4,130,341,184,140,114,68,40,21,1036,3,41,117,54,44,65,32,13,6,374,4,17,31,26,23,18,5,3,3,126,6,182,521,197,159,198,134,72,23,1487,5,32,90,48,102,156,99,35,8,576,50,513,767,308,252,218,89,35,16,2244,11,171,538,271,211,313,146,41,11,1714,10,92,256,105,85,38,34,11,0,639
LGA40120,6,85,345,418,485,537,365,131,36,2407,0,26,166,260,306,333,383,141,26,1654,10,59,255,515,582,352,201,68,17,2071,31,76,267,407,489,372,287,89,11,2028,15,40,99,168,135,107,48,18,9,638,26,46,82,104,101,88,63,13,3,527,0,0,0,0,0,5,3,0,0,16,0,5,17,34,36,39,22,5,3,176,85,33,90,110,154,154,133,102,75,936,187,422,1481,2259,2593,2190,1654,625,197,11607,3,24,92,246,227,208,93,20,7,911,3,26,59,102,99,53,10,4,0,358,26,106,289,586,744,619,331,142,38,2878,20,58,139,202,243,173,102,48,12,1002,11,35,86,186,183,127,47,12,3,694,6,75,267,545,726,579,226,81,15,2527,3,25,141,291,440,648,281,60,14,1908,21,114,405,768,715,581,264,64,13,2949,26,112,323,502,566,578,205,36,7,2361,14,56,132,181,169,102,57,18,3,734
LGA40150,6,14,62,59,77,72,40,10,0,346,5,6,46,41,32,22,11,6,0,178,3,13,95,92,105,65,41,6,0,426,4,20,98,69,93,81,21,3,0,390,4,8,8,10,3,6,0,0,0,41,6,20,51,45,16,9,12,0,0,156,0,0,0,0,0,0,0,0,0,4,0,0,3,0,0,8,0,0,0,10,24,16,43,42,52,46,32,29,8,288,59,102,444,395,421,335,155,65,13,1990,0,6,3,7,8,7,0,0,0,38,0,0,12,9,13,0,0,0,0,32,3,33,90,166,187,145,78,9,0,724,3,12,26,40,37,30,16,0,0,160,4,12,29,26,34,9,12,0,0,112,0,10,31,68,77,51,14,7,0,249,0,3,17,19,23,20,12,3,0,86,0,20,93,107,79,54,14,3,0,374,7,29,48,85,53,35,5,3,0,265,3,3,8,9,6,4,0,0,0,31
LGA40220,13,59,143,198,221,344,350,155,26,1507,4,18,105,121,130,170,302,116,28,989,7,29,150,229,253,291,197,76,16,1243,9,45,185,204,258,328,250,76,9,1362,5,13,31,35,32,43,22,14,3,201,29,39,102,103,86,73,73,27,7,537,0,0,0,4,0,0,0,0,3,4,0,0,11,11,20,14,16,11,0,82,50,29,76,79,113,130,180,181,98,937,132,263,872,1089,1234,1507,1477,678,197,7438,0,9,34,54,37,48,40,12,3,226,0,9,16,24,18,20,4,0,0,92,14,60,183,284,348,394,397,181,41,1912,17,37,76,98,142,107,85,51,6,627,6,32,83,109,94,78,38,12,6,459,7,24,110,191,308,261,168,60,19,1148,0,15,80,117,130,287,183,52,6,872,18,51,216,262,258,266,214,75,15,1376,29,57,139,175,223,220,121,39,3,1004,0,18,25,42,44,48,32,12,0,223
LGA40250,0,0,11,0,0,5,0,0,0,17,0,5,25,15,13,10,0,0,0,73,0,0,7,6,3,5,0,0,0,23,0,7,18,5,6,7,3,0,0,47,0,0,4,0,0,0,0,0,0,7,0,0,0,0,0,3,0,0,0,6,0,0,5,0,0,0,0,0,0,3,0,0,0,0,0,0,0,0,0,0,15,26,42,14,26,20,7,5,0,146,18,37,111,52,56,49,9,5,0,337,0,0,0,0,0,0,0,0,0,3,0,0,0,0,0,0,0,0,0,0,0,3,12,11,3,7,5,0,0,34,0,0,0,0,6,5,0,0,0,22,0,0,0,3,3,4,0,0,0,12,0,0,9,7,7,9,0,0,0,39,0,9,35,12,14,20,0,5,0,87,0,0,13,15,8,9,0,0,0,42,0,7,17,10,19,9,0,0,0,59,0,0,10,4,0,0,0,0,0,17
LGA40310,11,40,149,162,195,225,185,55,20,1047,4,20,100,193,162,149,175,68,6,878,0,28,154,323,309,204,97,27,13,1151,21,51,168,187,236,208,116,29,3,1013,3,21,58,39,27,26,10,3,3,195,19,38,111,109,98,61,46,18,6,500,0,0,0,3,0,3,0,0,0,11,0,3,7,15,15,14,5,6,4,64,35,24,49,71,105,103,88,85,60,615,104,267,889,1260,1255,1067,773,323,121,6054,0,14,66,94,61,55,22,5,0,324,4,15,32,36,16,11,0,0,0,100,21,112,263,382,375,321,199,85,18,1779,5,25,74,94,100,77,52,18,9,450,6,19,89,110,93,57,23,6,3,408,3,26,108,166,234,205,84,42,16,887,0,14,102,134,161,232,96,27,13,779,12,73,305,376,284,219,80,35,11,1397,17,48,130,187,205,151,43,20,8,817,5,17,43,41,28,24,17,11,0,186
LGA40430,0,0,9,11,8,34,24,12,0,107,0,7,14,15,12,14,7,3,0,74,3,9,12,15,26,19,10,0,0,97,0,0,8,9,22,17,9,0,0,82,0,0,3,0,0,0,6,0,0,9,0,0,7,5,8,11,9,0,0,43,0,0,0,0,0,0,0,0,0,0,0,0,0,0,0,0,0,0,0,3,7,0,8,5,10,24,16,24,14,110,13,21,70,77,96,122,94,52,12,557,0,0,0,0,0,0,0,0,0,6,0,0,0,0,0,0,0,0,0,0,0,11,22,23,28,37,40,19,0,177,0,0,0,3,9,13,6,0,0,39,0,3,12,13,8,4,0,0,0,38,0,0,9,13,38,10,13,3,0,86,0,0,7,11,12,24,14,4,0,74,0,0,17,30,15,22,12,0,0,97,0,6,12,14,13,16,4,0,0,64,0,0,3,3,0,3,0,4,0,7
LGA40520,0,23,72,67,67,89,62,21,11,414,4,12,40,33,47,42,44,18,9,245,7,15,72,95,73,59,23,4,8,356,16,34,82,81,102,83,35,14,3,446,0,0,7,8,0,0,0,0,0,30,16,18,50,49,30,19,17,3,0,204,0,0,0,0,0,0,3,0,0,0,0,0,8,4,0,0,3,0,0,20,20,16,38,45,42,66,66,59,28,379,65,139,400,401,404,391,268,121,53,2240,0,3,22,21,24,13,3,3,0,91,0,9,15,3,5,5,0,0,0,33,0,38,75,112,139,117,61,40,8,590,3,19,22,31,24,32,17,8,5,163,0,9,43,46,30,12,9,0,0,146,0,19,55,73,108,77,22,16,7,379,0,11,51,42,50,70,26,10,0,265,3,31,111,96,89,48,31,5,7,433,9,35,74,76,85,59,13,3,0,349,7,3,12,10,7,6,3,0,0,49
LGA40700,9,125,414,584,606,590,445,283,118,3175,4,41,140,212,299,375,496,247,64,1883,29,114,450,793,737,471,315,137,35,3083,35,108,323,460,497,408,371,162,38,2403,10,51,136,117,130,92,59,24,18,644,18,21,59,67,70,79,72,44,12,433,3,4,0,0,0,3,3,3,0,20,9,4,22,46,47,34,47,30,15,257,27,29,73,76,95,65,91,123,114,695,147,562,1900,2766,2823,2356,2028,1129,434,14132,0,63,157,192,236,241,129,78,28,1126,3,25,140,134,113,63,16,0,0,486,10,102,272,365,533,403,310,205,87,2295,4,58,102,170,175,145,97,48,24,835,0,16,41,56,58,39,27,33,5,272,8,143,486,705,891,705,517,302,104,3873,5,32,139,252,492,705,343,133,60,2163,19,303,716,1038,1065,809,438,191,86,4669,13,181,428,569,635,654,360,143,46,3037,16,111,211,221,195,108,48,34,18,956
LGA40910,9,157,625,504,440,324,236,124,40,2461,3,82,365,356,318,304,298,171,46,1936,18,150,816,983,690,463,209,85,27,3439,15,152,484,532,451,383,216,87,15,2336,11,87,179,149,85,48,38,19,12,623,16,74,178,172,162,134,73,41,11,859,0,6,6,0,3,5,0,0,0,10,0,7,49,57,39,24,26,11,3,219,37,79,159,129,124,110,117,232,152,1138,116,876,3289,3339,2584,1941,1304,807,326,14573,4,54,177,171,122,86,49,24,9,703,5,38,230,178,113,43,12,0,0,615,17,151,455,698,653,470,400,250,64,3154,15,112,182,247,205,144,145,71,21,1137,9,25,61,66,56,30,19,14,4,277,14,145,471,516,445,313,185,104,35,2230,5,54,282,356,369,420,269,86,33,1878,33,325,1053,1022,736,419,244,100,29,3965,20,204,568,543,407,321,159,71,16,2310,6,95,222,151,100,65,33,23,3,697
LGA41010,0,7,28,15,18,33,12,5,0,113,0,6,25,25,24,17,18,9,0,124,0,4,22,25,25,13,0,0,0,87,4,11,29,37,30,23,7,4,0,149,0,0,8,3,3,4,0,0,0,13,4,9,9,10,6,7,5,0,0,37,0,0,0,0,0,0,0,0,0,0,0,0,0,0,0,0,0,0,0,0,17,8,27,26,23,27,26,13,9,168,35,37,154,144,131,121,66,31,9,732,0,0,4,0,0,0,0,0,0,3,0,0,0,4,0,7,0,0,0,6,6,16,37,34,34,35,12,6,0,179,3,4,8,18,7,8,7,0,0,54,3,4,18,19,4,6,3,0,0,59,0,9,12,32,26,18,7,0,0,109,0,11,16,19,22,33,13,6,0,117,6,13,36,35,18,18,9,0,0,127,0,6,36,33,33,30,0,0,0,134,0,3,0,0,5,0,0,0,0,12
LGA41060,34,360,1558,1079,817,807,519,200,73,5433,12,139,791,624,596,642,597,166,56,3628,43,378,1672,1786,1414,1005,478,162,54,7000,88,377,1261,1174,962,863,468,112,19,5315,16,145,412,340,210,120,84,27,13,1365,36,187,565,408,434,276,198,91,26,2225,3,3,10,4,8,19,11,8,3,64,4,21,83,117,88,63,45,11,14,439,98,188,431,370,368,327,346,360,219,2710,358,2006,7630,6568,5405,4412,2906,1214,497,31004,0,100,387,337,218,181,77,27,3,1325,13,84,456,290,173,88,13,0,0,1123,38,407,1260,1526,1577,1341,925,595,216,7881,29,201,452,494,429,305,195,147,53,2299,0,68,151,135,100,55,24,18,0,555,17,266,1024,895,905,651,265,151,43,4217,3,99,492,563,709,795,320,113,34,3127,91,635,2111,1925,1410,906,431,196,69,7779,54,381,1259,1096,904,676,218,78,11,4682,12,197,480,297,192,118,46,19,4,1377
LGA41140,0,21,57,83,76,109,81,33,9,468,0,13,35,50,55,59,71,33,6,327,0,11,54,105,86,64,38,11,0,374,6,8,54,58,85,61,54,13,0,336,0,0,10,10,12,8,5,0,0,53,5,23,30,38,27,35,14,5,4,174,0,0,0,0,0,0,0,0,0,0,0,0,0,0,5,3,0,0,0,17,23,17,36,33,45,59,52,52,16,326,38,103,321,411,435,427,339,145,39,2258,0,0,18,24,17,20,11,0,0,93,0,0,6,14,9,4,0,0,0,36,3,50,82,104,134,115,75,32,0,595,4,16,22,26,23,21,20,10,0,140,7,23,77,79,67,51,16,0,0,329,4,4,44,91,108,102,61,19,5,426,0,11,47,58,62,100,54,17,4,356,6,23,90,101,79,71,35,9,8,403,7,27,50,80,64,74,37,11,0,352,0,3,10,19,9,8,8,0,5,64
LGA41190,0,0,13,12,16,23,13,3,3,80,0,6,12,7,13,9,9,4,0,67,0,0,19,16,8,9,0,4,0,61,0,0,10,13,11,5,3,0,0,35,0,0,3,0,0,0,0,0,0,10,0,0,6,0,9,4,5,0,0,29,0,0,0,0,0,0,0,0,0,0,0,0,0,0,4,0,0,0,0,0,0,4,12,8,15,11,11,12,8,76,0,13,80,59,76,65,42,21,15,380,0,0,0,0,0,0,0,0,0,7,0,0,0,0,3,0,0,0,0,3,0,17,22,30,16,25,3,5,0,119,0,5,7,6,0,8,3,0,0,30,3,11,16,17,12,3,8,0,0,73,0,0,11,22,13,16,5,6,0,76,0,3,11,13,10,10,4,0,0,59,6,6,20,24,15,6,3,0,0,81,0,0,4,12,11,7,6,0,0,38,0,0,0,0,0,0,0,0,0,9
LGA41330,0,0,7,4,3,13,10,8,0,44,0,6,19,5,0,8,8,0,0,38,0,0,22,10,10,10,3,0,0,55,0,0,9,10,11,6,6,0,0,45,0,0,3,0,5,0,0,0,0,4,0,0,0,0,5,0,0,0,0,11,0,0,0,0,0,0,0,0,0,0,0,0,0,0,0,0,0,0,0,4,11,4,22,18,20,18,37,10,3,145,9,11,85,48,62,63,63,24,3,365,0,0,0,0,0,4,0,0,0,7,0,0,3,3,0,0,0,0,0,4,0,5,6,14,26,27,34,7,0,123,0,0,4,6,8,10,8,6,0,35,0,0,0,4,6,3,0,0,0,21,0,0,6,8,17,17,3,0,0,54,0,5,12,4,9,7,0,0,0,47,0,5,6,14,8,11,3,0,0,49,0,9,12,14,12,8,3,0,0,61,0,0,7,3,7,0,0,0,0,11
LGA41560,0,21,88,86,79,179,137,44,11,651,0,22,72,60,70,60,68,31,9,397,10,31,80,110,109,95,56,32,4,531,3,42,74,106,114,156,89,16,0,612,0,4,7,10,8,8,9,0,3,62,8,20,59,49,48,30,33,10,0,243,0,0,0,0,0,0,4,0,0,4,0,0,6,0,0,9,6,4,0,32,25,19,44,60,64,111,141,123,81,666,51,161,447,504,524,667,563,265,115,3306,0,3,3,5,10,4,9,4,0,39,4,0,9,9,9,3,4,0,0,33,7,39,100,143,145,166,171,80,17,872,12,22,32,37,65,45,53,24,0,293,0,14,25,23,18,15,5,0,0,108,0,23,49,63,155,129,52,30,11,505,0,11,68,57,52,92,58,18,5,352,15,26,115,98,100,56,69,14,5,484,3,23,70,85,101,70,38,7,0,413,0,0,13,10,8,13,14,0,4,60
LGA41750,0,3,6,6,9,12,14,0,0,50,0,0,4,13,6,8,3,0,0,41,0,0,4,5,3,5,0,0,0,20,0,0,7,7,6,9,0,0,0,32,0,0,0,0,0,0,0,0,0,0,0,0,0,9,0,0,0,0,0,17,0,0,0,0,0,0,0,0,0,0,0,0,0,0,0,0,0,0,0,0,0,0,8,4,3,8,3,0,0,31,3,11,46,42,31,46,31,9,0,210,0,0,0,0,0,0,0,0,0,3,0,0,0,0,0,0,0,0,0,3,0,9,9,15,10,12,4,4,5,52,0,0,0,0,5,5,0,0,0,13,0,7,13,7,5,4,0,0,0,35,0,0,5,8,15,13,3,0,0,51,0,0,9,3,11,7,0,3,0,34,0,3,6,10,5,5,3,0,0,34,0,6,13,5,15,9,0,0,0,48,0,0,0,0,0,0,0,0,0,5
LGA41830,0,0,14,12,15,25,24,6,0,92,0,7,11,9,14,11,15,5,0,57,0,4,7,14,12,15,7,5,0,58,0,0,8,4,12,14,6,5,0,44,0,0,0,0,0,0,0,0,0,3,0,0,4,3,4,8,0,0,0,22,0,0,0,0,0,0,0,0,0,0,0,0,0,0,0,0,0,0,0,0,4,4,11,7,10,11,20,17,4,80,4,23,62,49,70,78,69,23,4,388,0,0,0,6,0,0,0,0,0,4,0,0,0,0,0,0,0,0,0,0,5,10,21,22,30,27,19,5,0,137,0,0,7,8,4,11,8,0,0,30,0,3,14,3,4,5,0,4,0,37,0,4,7,23,15,28,6,0,0,93,0,5,13,18,7,17,4,4,0,69,0,4,14,16,14,12,4,0,0,59,0,0,7,6,6,7,5,0,0,36,0,0,3,0,0,0,0,0,0,10
LGA41960,0,0,6,6,17,22,12,5,0,68,0,4,5,3,0,4,10,0,3,33,0,0,8,9,10,3,5,5,0,35,0,0,8,15,8,6,8,0,0,52,0,0,0,0,0,0,0,0,0,0,0,3,7,4,6,4,0,0,0,21,0,0,0,0,0,0,0,0,0,0,0,0,0,0,0,3,0,0,0,3,5,0,5,4,10,8,15,9,3,65,6,7,41,44,49,55,58,24,9,293,0,0,3,0,0,0,0,0,0,7,0,0,0,0,0,0,0,0,0,0,0,7,19,18,20,20,7,3,0,98,0,3,0,0,0,4,3,0,0,9,0,4,7,3,0,4,3,0,0,27,0,0,0,11,15,14,3,0,0,50,0,0,7,9,9,10,6,0,0,40,0,3,10,9,4,8,0,0,0,30,0,3,6,5,5,8,0,0,0,33,0,0,0,0,0,0,0,0,0,0
LGA42030,5,62,174,200,169,226,129,62,23,1049,0,27,148,146,125,92,90,41,16,689,18,57,252,277,268,198,102,43,6,1221,16,73,269,212,273,233,108,28,9,1218,4,23,38,25,17,15,8,15,3,156,27,46,140,91,73,54,35,10,3,476,0,0,4,0,0,3,4,0,0,17,0,4,13,11,12,12,0,3,0,44,32,40,83,87,55,83,87,136,117,710,110,370,1208,1125,1055,969,588,353,178,5959,0,8,34,42,32,26,5,0,7,152,9,14,38,17,27,16,5,0,0,130,19,77,247,289,298,273,193,132,32,1554,13,43,90,65,54,43,42,31,6,399,6,20,56,40,42,35,9,7,5,220,15,41,115,151,240,148,68,36,11,818,3,17,110,108,120,150,67,31,3,611,19,105,256,263,247,150,58,35,7,1151,14,85,188,209,186,121,51,23,5,879,3,17,40,26,20,19,15,0,0,141
LGA42110,0,0,15,18,24,49,31,13,3,163,0,0,23,17,18,19,26,13,3,118,0,0,26,28,32,23,9,0,0,120,3,3,26,19,30,40,27,6,0,165,0,0,0,3,6,3,8,0,4,29,0,9,13,4,10,13,8,3,0,57,0,0,0,0,0,0,0,0,0,0,0,0,0,6,4,0,0,0,0,7,10,8,10,18,21,30,27,32,10,179,20,35,123,136,161,198,157,79,23,916,0,0,0,7,9,7,6,0,0,26,0,4,0,3,5,0,0,0,0,11,3,14,22,42,56,56,44,12,0,249,0,0,7,3,17,12,7,3,0,55,3,17,35,42,24,19,5,0,0,143,0,0,8,25,52,35,26,7,3,160,0,0,12,19,24,36,18,4,9,113,3,9,23,38,35,21,15,6,0,159,6,13,17,34,29,34,16,0,0,146,0,0,0,9,3,3,3,0,0,22
LGA42250,0,20,42,55,56,58,50,18,3,303,0,13,35,43,66,34,34,13,0,248,4,17,55,82,88,67,26,5,0,350,0,16,42,53,60,45,26,3,0,246,0,0,4,8,4,3,4,0,0,34,9,12,26,41,27,16,16,0,0,152,0,0,0,0,0,0,0,0,0,0,0,0,0,4,3,6,0,0,0,19,26,15,17,42,46,66,58,39,35,341,50,100,248,376,385,319,220,86,38,1818,0,0,8,12,8,10,4,0,0,33,0,0,4,5,0,9,0,0,0,21,7,31,85,166,165,106,47,9,0,603,7,24,25,49,42,33,17,0,0,202,3,13,44,40,30,21,12,3,0,182,0,4,32,57,60,59,24,4,3,244,0,5,28,53,39,63,23,7,0,215,19,24,64,124,89,45,21,3,0,382,4,8,31,53,37,39,12,0,0,189,0,3,12,7,6,10,3,5,0,46
LGA42600,7,116,399,379,337,456,341,176,87,2302,4,27,186,199,265,296,393,141,48,1556,16,89,348,529,531,457,277,103,47,2404,19,87,313,379,346,356,266,113,21,1906,12,46,82,93,76,51,32,18,11,428,13,42,116,103,118,92,91,42,11,629,0,0,0,0,0,0,0,0,0,7,0,3,19,24,36,29,13,7,6,131,14,31,66,93,87,118,158,156,127,848,82,492,1703,1994,1953,1981,1665,782,387,11042,0,52,137,114,112,104,51,15,5,592,0,24,87,83,66,30,3,0,0,292,9,100,317,366,512,474,303,198,85,2362,11,77,161,156,163,138,71,57,23,859,0,18,63,37,62,28,10,6,3,245,0,84,378,402,539,388,205,174,72,2246,0,35,181,208,348,495,217,111,58,1657,29,206,694,719,699,572,277,155,81,3441,21,164,437,386,412,410,180,69,27,2101,5,73,182,108,98,59,30,29,15,598
LGA42750,0,9,32,26,37,44,27,14,3,197,0,0,30,26,33,41,48,17,6,197,0,3,33,32,35,37,15,7,0,162,0,6,24,21,30,40,26,7,0,160,0,0,7,4,6,0,4,6,0,32,3,13,21,19,13,10,6,0,0,73,0,0,0,0,0,0,0,0,0,0,0,0,0,3,7,6,0,0,0,11,8,4,29,17,26,35,39,30,21,211,17,40,187,186,208,243,193,77,28,1191,0,0,11,3,11,12,8,0,0,46,0,0,3,5,4,8,0,0,0,14,0,6,39,48,71,58,43,13,4,287,4,4,10,18,25,28,17,9,4,119,0,9,42,35,35,21,11,0,0,155,0,9,24,38,54,40,25,14,5,204,0,5,22,18,25,62,28,5,3,174,0,11,52,46,40,34,8,5,0,200,4,7,12,24,37,31,14,8,0,133,0,3,3,3,8,14,4,0,0,38
LGA43080,0,0,0,10,15,14,8,6,0,53,0,0,4,9,5,0,3,0,0,25,0,0,4,3,11,6,4,0,0,30,0,0,6,4,8,7,3,0,0,35,0,4,0,0,0,0,0,0,0,9,0,0,8,0,3,4,3,0,0,15,0,0,0,0,0,0,0,0,0,0,0,0,0,0,0,0,0,0,0,0,3,3,0,8,5,9,6,11,3,37,3,10,34,33,41,51,28,14,3,215,0,0,0,0,0,0,0,0,0,0,0,0,0,0,0,0,0,0,0,4,0,8,3,10,6,13,10,0,0,46,0,0,0,0,0,0,3,0,0,3,3,4,6,13,6,0,0,0,0,33,0,0,0,13,17,11,3,6,0,42,0,3,4,9,0,4,6,0,0,24,0,4,7,8,10,3,0,0,0,32,5,0,4,0,7,7,0,0,0,25,0,0,0,0,0,0,0,0,0,3
LGA43220,0,0,12,3,10,5,10,0,3,50,0,4,10,4,9,0,8,5,4,40,0,0,6,15,7,7,5,0,0,42,0,0,9,8,8,3,7,0,0,25,0,0,0,0,0,0,0,0,0,3,0,0,0,4,3,0,0,0,0,9,0,0,0,0,0,0,0,0,0,0,0,0,0,0,0,0,0,0,0,0,0,3,4,5,5,7,5,4,9,39,0,16,48,49,32,31,26,9,11,217,0,0,0,0,0,0,0,0,0,3,0,0,0,0,0,0,0,0,0,0,0,0,19,12,5,15,7,6,0,65,0,3,5,0,3,0,4,0,0,17,0,3,11,5,5,4,0,0,0,37,0,3,6,12,8,8,3,4,0,48,0,0,8,6,3,10,4,5,0,37,0,3,14,13,14,10,3,0,0,51,0,0,4,3,4,3,0,0,0,18,0,0,0,0,4,0,0,0,0,6
LGA43360,0,9,13,12,6,20,21,8,4,94,0,5,7,8,11,24,20,13,0,82,6,6,12,15,13,14,6,0,0,65,0,9,14,10,11,10,16,0,0,71,0,0,0,3,5,4,0,0,0,11,0,0,11,10,10,3,4,0,0,37,0,0,0,0,0,0,0,0,0,0,0,0,0,0,0,0,0,0,0,6,9,0,0,8,5,17,19,11,10,79,13,27,73,77,63,98,90,41,12,498,0,0,7,0,0,0,0,0,0,13,0,0,0,0,0,0,0,0,0,0,0,3,23,18,15,32,18,4,0,118,0,3,9,12,3,6,3,0,0,42,0,9,22,12,13,15,6,5,0,86,0,0,18,6,18,21,8,7,3,86,0,0,14,6,16,30,12,0,0,79,3,8,23,22,11,13,6,0,0,88,0,3,7,13,7,7,5,0,0,43,0,0,0,0,0,0,0,0,0,8
LGA43650,7,77,117,123,136,156,84,27,3,732,0,19,90,106,125,77,63,31,3,512,8,29,133,200,196,96,47,11,0,713,14,33,110,143,144,149,58,7,0,667,6,8,14,19,13,3,4,0,0,73,11,24,58,62,56,26,10,0,5,261,0,0,0,3,0,3,0,0,0,10,0,3,6,10,8,6,6,5,0,43,25,14,39,41,73,50,54,36,28,368,89,269,620,763,823,619,337,121,51,3690,0,9,23,22,38,22,10,5,0,114,0,0,15,15,12,10,0,0,0,51,13,56,171,297,287,178,89,45,11,1140,0,13,42,56,69,45,33,10,0,264,5,23,61,81,49,37,11,0,3,267,4,19,83,116,174,72,36,11,6,525,0,14,50,99,99,90,57,11,6,422,10,42,181,206,186,91,42,12,4,780,12,32,107,129,142,84,15,9,0,530,4,8,27,26,18,14,12,3,0,102
LGA43710,0,5,36,50,58,49,41,10,4,252,0,5,23,55,45,28,42,11,8,216,5,6,54,60,46,31,13,4,0,218,4,5,32,51,38,45,14,0,0,191,0,0,4,7,6,6,3,3,0,28,5,10,20,16,19,14,6,0,0,83,0,0,0,0,0,0,0,0,0,4,0,0,5,3,0,3,0,0,0,13,16,7,18,23,43,28,28,20,8,191,34,40,207,293,279,213,159,48,10,1293,0,0,5,3,5,6,0,0,0,25,0,0,3,0,4,0,0,0,0,8,0,19,58,70,78,48,40,14,5,328,3,12,17,20,33,27,16,3,0,146,3,11,35,35,26,11,12,0,0,140,0,4,31,43,45,35,16,5,0,194,0,3,28,28,29,52,19,3,0,165,5,11,51,53,33,27,12,0,0,192,4,6,23,42,37,30,13,0,0,150,0,0,7,7,4,6,4,0,0,27
LGA43790,0,20,72,52,75,109,73,30,5,446,0,16,60,77,67,52,56,38,10,382,12,16,88,100,96,63,38,9,0,420,9,15,96,61,99,92,40,9,0,426,3,5,21,10,6,6,5,0,0,60,12,16,55,33,41,35,17,10,0,204,0,0,0,0,0,4,0,0,0,4,0,0,0,0,4,3,0,6,0,12,29,17,59,39,46,57,75,71,28,413,63,118,484,398,454,439,326,175,51,2509,0,4,13,14,8,13,5,0,0,58,5,6,10,5,3,0,0,0,0,26,6,42,104,122,110,113,76,26,10,610,4,13,29,18,30,27,16,6,9,154,8,22,55,79,63,45,8,0,3,287,0,16,46,93,104,88,28,18,7,392,0,13,83,58,69,80,47,9,3,374,13,39,98,108,85,60,23,7,3,434,14,31,50,97,86,62,20,4,0,358,0,4,16,8,7,11,8,0,0,49
LGA44000,0,0,0,0,0,0,0,0,0,0,0,0,6,0,0,0,0,0,0,0,0,0,0,0,0,0,0,0,0,0,0,0,0,0,0,0,0,0,0,0,0,0,0,0,0,0,0,0,0,0,0,0,0,0,0,0,0,0,0,0,0,0,0,0,0,0,0,0,0,0,0,0,0,0,0,0,0,0,0,0,0,0,4,0,3,4,0,0,0,21,0,5,5,3,3,0,0,0,0,23,0,0,0,0,0,0,0,0,0,0,0,0,0,0,0,0,0,0,0,0,0,0,0,0,0,0,0,0,0,0,0,0,0,0,0,0,0,0,0,4,0,0,0,0,0,0,0,0,0,0,0,0,0,0,0,0,0,0,0,3,0,4,0,0,0,0,0,0,0,4,0,0,0,0,0,0,0,0,0,0,0,0,0,0,0,0,0,0,0,0,0,0,0,0,0,0,0,0,0,0
LGA44060,12,359,1531,1124,778,831,553,194,66,5449,23,103,605,617,505,459,425,218,47,3001,33,267,1330,1536,1063,753,437,139,44,5592,72,293,1082,1031,837,711,443,123,22,4611,32,110,295,262,124,70,58,28,10,978,32,163,353,316,261,190,114,46,15,1490,3,5,9,7,4,7,13,0,0,51,4,23,65,75,81,45,34,12,5,346,67,122,287,278,218,231,244,226,176,1855,302,1627,6159,5838,4216,3547,2496,1050,413,25643,4,118,334,260,199,178,69,18,7,1183,16,91,384,249,156,83,11,0,0,985,39,306,1016,1217,1287,1143,672,471,155,6308,36,191,421,364,338,300,177,117,48,1994,8,59,164,127,107,52,24,13,9,566,11,251,1051,882,981,655,284,161,54,4328,4,80,481,468,540,635,336,129,50,2719,75,553,1925,1553,1236,862,320,206,78,6807,52,339,1049,967,860,594,233,85,22,4206,15,162,363,248,141,119,55,30,7,1131
LGA44210,4,10,38,37,50,102,75,18,4,340,0,8,19,21,28,26,53,10,5,179,9,5,43,48,69,65,44,11,0,289,7,12,33,58,82,106,44,6,0,349,0,0,4,7,10,6,0,0,0,26,6,10,30,27,29,34,18,10,0,169,0,0,0,0,0,0,0,0,0,5,0,3,4,4,4,4,3,4,0,25,27,12,30,37,58,70,98,41,25,394,47,69,228,267,357,430,358,104,34,1901,0,4,9,10,6,9,9,0,0,44,6,5,5,4,8,0,0,0,0,21,4,22,65,101,132,174,119,51,7,676,0,5,10,27,31,44,35,13,0,170,0,12,31,41,36,25,10,0,0,162,0,0,30,45,76,89,35,9,4,295,0,0,16,17,18,70,26,5,0,152,7,7,43,54,72,61,28,13,0,295,6,19,22,51,62,71,27,5,0,269,0,3,5,11,12,11,6,4,0,46
LGA44340,11,226,824,879,856,798,582,251,110,4536,7,50,320,457,467,551,689,335,70,2947,28,132,555,943,962,580,332,123,44,3697,34,182,568,739,746,625,426,166,49,3530,20,100,198,216,203,122,69,33,20,983,34,67,109,133,182,97,100,40,3,767,0,0,3,4,0,0,3,3,0,22,0,12,29,61,57,32,46,15,8,268,56,59,146,134,125,121,138,181,149,1096,194,959,3114,4049,4003,3221,2545,1221,489,19799,0,155,344,381,364,289,192,66,20,1815,8,48,230,217,155,76,17,5,0,753,18,154,525,770,821,694,544,395,157,4070,22,103,237,309,268,207,144,89,46,1421,3,58,122,157,132,68,35,23,10,604,12,208,800,973,1090,861,431,236,94,4704,0,48,344,538,767,1022,528,166,72,3487,42,318,1093,1412,1292,874,423,220,84,5764,12,276,780,939,907,792,379,160,41,4287,8,149,326,307,177,131,80,34,15,1224
LGA44550,11,93,388,382,433,379,270,82,42,2071,3,51,259,289,262,243,232,107,19,1466,12,87,385,529,470,307,165,49,15,2023,40,139,381,389,410,319,224,63,8,1976,7,43,105,77,66,58,29,15,6,418,35,53,181,151,123,64,50,23,0,673,0,0,0,5,5,0,3,0,3,14,0,6,15,27,38,24,12,3,5,129,67,50,139,121,113,120,123,96,49,877,192,575,2044,2184,2120,1622,1174,462,154,10520,0,8,60,100,79,60,19,10,0,345,5,19,74,89,46,34,10,0,0,280,6,113,311,470,456,401,214,95,26,2087,12,59,120,176,136,87,53,28,9,673,4,35,101,139,118,55,26,7,3,493,15,55,225,402,375,303,125,37,16,1554,0,13,123,231,250,299,152,41,12,1120,33,131,416,558,460,302,127,43,9,2069,25,98,299,358,363,288,123,33,3,1594,8,42,84,107,89,48,28,12,0,419
LGA44620,6,62,237,168,143,178,143,69,15,1022,15,41,185,170,147,105,99,49,11,814,19,54,285,272,249,201,85,28,0,1202,21,78,233,208,232,187,110,24,0,1096,8,13,22,36,20,9,11,5,0,127,19,53,143,105,94,45,29,18,3,512,0,0,4,0,0,4,0,0,0,11,0,0,11,9,12,4,8,6,0,39,53,57,104,108,95,92,128,145,112,890,149,373,1270,1140,1049,865,632,342,160,5965,0,3,22,23,29,23,10,0,0,114,4,6,34,24,10,18,0,0,0,94,12,129,321,356,321,279,145,81,25,1674,12,74,158,82,92,70,45,24,4,566,10,22,75,66,45,36,18,12,4,289,4,48,143,118,199,187,66,40,13,817,0,30,171,166,133,141,72,18,5,745,66,158,390,331,293,163,56,19,5,1489,19,59,212,174,185,141,37,12,0,840,0,10,47,33,15,12,4,3,3,128
LGA44830,0,7,25,24,20,44,27,9,3,157,0,0,15,20,18,22,27,5,0,108,0,0,11,15,23,24,11,7,0,93,0,3,7,7,26,40,7,0,0,94,0,0,0,0,0,0,0,0,0,5,0,0,3,8,6,8,0,0,0,24,0,0,0,0,0,0,0,0,0,0,0,0,0,3,0,0,0,0,0,11,14,0,3,20,23,25,24,26,3,144,17,24,74,97,121,178,112,52,11,687,0,0,3,0,3,0,0,0,0,9,0,0,0,0,3,0,3,0,0,8,0,10,34,28,58,45,32,14,3,217,0,5,5,0,5,10,11,3,0,48,0,7,16,19,22,13,0,3,0,82,0,3,14,19,48,37,14,7,5,137,0,5,18,17,33,28,15,0,0,117,4,4,18,22,34,13,6,3,0,109,0,4,11,21,28,21,9,5,0,95,0,0,0,0,5,3,0,0,0,11
LGA45040,8,30,114,90,120,162,100,40,19,685,0,19,105,70,73,84,80,35,10,479,12,57,166,188,175,160,85,20,4,866,33,76,174,156,201,165,94,24,7,926,3,15,27,19,9,9,4,0,0,87,19,48,83,61,60,35,24,13,0,342,0,0,0,0,0,5,3,0,0,14,0,4,9,4,9,7,8,0,3,38,55,40,99,80,112,99,108,93,52,739,128,311,833,735,811,765,524,243,102,4468,0,0,13,13,12,10,3,0,0,57,0,11,25,15,17,13,5,0,0,78,12,77,188,221,264,192,172,59,11,1207,8,30,51,52,57,53,28,20,9,311,4,16,77,69,40,28,14,3,0,253,9,26,84,115,158,118,62,28,6,607,0,22,45,43,76,98,46,15,12,352,22,69,211,236,190,115,44,13,4,910,17,62,130,153,158,104,33,5,0,670,0,11,31,15,11,12,12,7,5,95
LGA45090,0,8,58,61,43,66,44,24,6,315,0,7,36,63,45,40,39,16,3,253,0,13,72,89,64,51,19,4,0,320,4,13,44,46,47,46,28,4,5,228,0,6,5,9,5,0,0,0,0,31,0,14,28,23,23,16,10,3,0,121,0,0,0,0,0,0,0,0,0,5,0,0,0,3,0,4,0,4,0,13,26,14,40,49,36,32,42,49,20,305,34,78,332,396,311,271,192,109,45,1764,0,0,4,6,0,5,0,4,0,30,0,0,3,4,0,8,0,0,0,12,5,29,94,104,103,78,37,11,4,453,0,21,30,25,15,14,0,6,4,118,4,23,82,104,81,63,17,4,0,380,0,9,40,59,75,53,36,13,3,300,0,7,52,47,49,51,27,6,6,235,17,28,115,85,71,57,7,4,3,397,5,11,45,40,50,44,10,4,0,206,0,4,10,11,3,0,4,0,0,27
LGA45120,0,9,29,29,40,63,43,7,4,233,0,9,18,46,35,27,37,7,6,174,3,7,29,31,38,35,12,0,0,145,0,6,28,30,40,34,18,4,0,167,0,0,3,4,5,3,4,0,0,18,3,3,11,13,7,9,0,0,0,54,0,0,0,0,0,0,0,0,0,5,0,0,0,4,0,0,3,0,0,15,12,6,15,16,14,24,22,28,12,150,22,42,157,190,188,207,139,56,22,1029,0,0,0,0,3,7,3,0,0,12,0,0,6,5,0,0,0,0,0,11,0,22,67,53,54,53,42,19,4,305,0,8,9,10,16,12,13,6,3,73,8,7,42,31,39,18,8,0,0,149,0,4,34,34,63,55,11,10,0,215,0,4,44,30,36,37,17,9,0,171,5,14,42,36,35,29,8,8,0,170,0,0,22,33,28,27,5,3,0,128,0,4,5,5,4,8,0,0,0,25
LGA45290,3,139,546,426,358,370,257,132,52,2282,3,40,225,180,205,265,299,162,45,1417,20,118,594,625,491,333,207,58,17,2462,12,105,415,404,322,320,282,110,25,1998,14,70,199,155,94,71,47,23,7,679,6,35,101,76,97,67,37,16,8,443,0,3,0,0,3,5,0,3,0,10,0,12,37,26,30,34,29,18,4,189,26,51,137,105,88,79,90,103,102,790,89,678,2582,2248,1878,1668,1323,663,289,11408,5,55,214,176,150,122,58,18,9,806,0,38,220,150,62,39,6,0,0,520,6,124,405,383,371,279,174,149,68,1950,6,67,163,202,129,101,70,41,14,796,0,21,101,50,43,30,16,12,0,280,6,154,606,494,476,382,173,93,52,2428,0,42,201,243,314,423,195,84,60,1567,30,307,1090,756,564,430,163,79,37,3459,8,162,617,501,489,453,194,62,31,2514,9,127,343,196,149,77,34,10,3,956
LGA45340,27,404,1467,1601,1510,1561,1071,362,82,8074,39,194,973,988,868,761,805,336,60,5024,73,354,1614,2190,1866,1437,775,271,60,8635,173,549,1807,1869,1850,1488,932,212,40,8925,61,134,338,339,237,162,120,42,8,1441,172,339,826,769,578,326,291,125,31,3449,5,9,15,17,9,25,11,7,0,98,3,15,100,121,99,91,56,25,9,527,250,212,506,572,536,539,596,618,423,4253,841,2405,8290,9161,8097,6777,4901,2105,751,43331,0,103,355,339,274,255,122,31,7,1484,31,114,430,352,269,139,33,0,0,1360,84,566,1865,2417,2592,2528,1515,728,183,12490,79,402,757,759,784,696,422,198,49,4142,22,124,359,346,260,156,55,24,6,1345,31,325,1246,1520,1778,1302,496,182,61,6948,5,113,655,753,887,1120,556,175,35,4296,205,822,2608,2432,2061,1481,641,247,54,10555,133,649,1683,1823,1635,1303,452,135,27,7847,30,213,460,338,247,190,88,21,14,1599
LGA45400,0,0,11,5,15,19,10,6,0,61,0,0,10,8,7,6,8,4,0,46,0,0,3,3,5,4,0,0,0,16,3,0,3,7,5,11,3,0,0,32,0,0,0,0,0,0,0,0,0,0,0,0,6,0,10,0,4,0,0,16,0,0,0,0,0,0,0,0,0,0,0,0,0,0,0,0,0,0,0,0,0,0,3,5,0,3,8,5,6,40,5,0,36,32,42,49,31,16,9,222,0,0,0,0,0,0,0,0,0,0,0,0,0,0,0,0,0,0,0,0,0,7,9,11,9,14,3,4,0,62,0,5,0,0,3,0,5,4,0,12,0,0,3,5,4,5,6,5,0,27,0,0,8,10,15,12,5,0,4,49,0,3,6,9,7,12,5,4,0,43,0,0,3,11,8,8,0,0,0,25,3,0,0,3,4,14,4,0,0,26,0,0,0,0,0,0,0,0,0,3
LGA45540,0,0,5,9,6,10,15,0,3,55,0,0,0,4,0,5,7,4,0,34,0,3,6,12,3,8,8,0,0,45,0,0,3,8,13,19,11,0,0,54,0,0,0,0,0,0,7,0,0,3,0,5,5,6,5,0,0,0,0,20,0,0,0,0,0,0,0,0,0,0,0,0,0,0,0,0,0,0,0,8,8,4,12,17,12,24,18,15,5,120,14,11,37,62,49,78,65,29,12,351,0,0,0,0,0,4,0,0,0,9,0,0,0,0,4,0,0,0,0,4,0,0,4,16,18,30,15,13,7,98,0,0,0,0,9,0,3,0,0,17,0,0,4,9,7,4,0,0,0,20,0,0,8,3,9,22,6,3,0,54,0,4,5,0,12,9,6,0,0,30,0,0,6,11,7,7,5,0,0,45,4,0,10,9,14,11,6,0,0,55,0,0,3,0,0,4,4,0,0,8
LGA45680,28,284,808,549,466,421,230,64,22,2873,11,136,482,362,255,202,129,56,7,1640,57,289,1044,964,672,465,201,65,20,3785,71,340,1215,992,828,630,239,44,3,4348,22,70,141,66,55,30,13,8,3,404,62,221,665,414,219,146,59,15,7,1805,7,6,12,6,6,10,0,0,0,60,10,13,45,47,24,28,14,3,0,194,230,258,621,419,406,329,359,340,197,3163,505,1739,5389,4077,3109,2371,1291,618,271,19376,0,20,71,70,55,34,14,9,5,289,23,57,200,131,84,43,4,0,0,537,61,382,919,991,992,774,445,318,70,4958,44,153,241,190,192,175,143,73,12,1231,17,59,121,105,96,53,17,3,0,473,23,150,378,414,436,288,102,47,13,1859,0,51,197,213,186,185,91,44,9,975,102,493,1138,825,660,350,129,63,21,3795,92,394,811,723,561,326,80,15,0,3007,19,71,108,78,53,35,18,3,3,396
LGA45890,26,417,1779,1288,876,797,485,155,60,5876,13,114,697,699,533,500,425,158,37,3171,54,378,2047,2023,1306,869,418,91,29,7218,71,339,1390,1311,1037,895,467,115,24,5648,24,122,363,267,180,99,58,29,8,1151,68,203,629,487,325,235,116,60,15,2127,3,12,8,9,11,13,5,6,0,74,3,15,121,198,87,60,32,14,8,536,166,212,568,514,436,353,405,341,230,3226,448,2113,8824,7722,5253,4136,2571,1041,432,32539,0,89,499,350,207,148,48,21,4,1378,18,104,706,357,163,66,14,0,0,1433,50,481,1713,1748,1537,1247,733,440,163,8114,25,165,416,395,369,273,202,139,38,2026,9,66,175,151,99,72,27,8,0,618,29,305,1296,1035,902,646,229,110,36,4580,5,86,555,564,570,590,277,82,25,2760,106,719,2641,1884,1181,758,216,112,47,7660,59,420,1541,1167,988,662,212,79,13,5144,12,155,486,324,221,121,57,18,6,1383
LGA46090,3,27,109,68,87,111,47,12,4,470,0,18,92,58,61,44,45,13,0,324,6,30,93,117,90,51,20,3,0,407,5,31,115,94,114,94,32,9,0,487,0,5,0,8,10,0,0,0,0,29,0,11,53,41,24,11,15,3,0,157,0,4,0,0,0,0,0,0,0,6,0,0,8,6,0,3,3,0,0,27,37,30,75,83,84,88,63,53,22,538,47,165,582,500,502,427,233,93,27,2576,0,4,9,9,7,9,3,0,0,30,0,3,9,9,6,0,0,0,0,33,20,76,169,195,279,193,120,46,15,1117,4,26,36,61,61,60,43,14,0,308,0,8,20,28,16,13,8,0,0,95,0,21,70,97,132,75,27,16,0,446,4,28,79,66,59,58,24,0,0,311,15,63,135,128,84,78,17,11,0,532,0,37,106,106,126,80,13,0,0,466,0,7,13,14,9,3,4,0,0,51
LGA46300,4,50,125,80,91,111,65,25,13,571,0,25,88,91,66,72,66,34,11,459,3,36,120,154,121,93,45,15,0,588,8,44,108,106,120,95,57,10,0,548,0,3,21,16,12,6,0,6,0,63,17,36,60,65,52,29,19,0,4,282,0,0,0,0,0,0,0,0,0,0,0,0,3,8,10,4,4,0,0,32,37,29,66,72,60,78,65,67,32,501,74,228,634,629,557,510,345,159,62,3205,0,4,26,8,14,9,3,0,0,61,0,13,12,4,9,10,3,0,0,53,10,76,170,219,207,153,94,45,22,995,4,33,74,64,56,59,26,17,7,335,8,27,59,56,30,20,9,0,0,222,0,21,95,96,136,101,42,19,4,512,0,21,92,87,88,102,50,21,12,472,13,73,203,170,146,91,25,8,9,739,10,38,116,119,108,66,23,3,0,492,4,4,18,23,11,12,9,5,0,76
LGA46450,0,53,114,99,98,160,82,33,9,646,4,29,91,70,78,60,43,29,0,411,3,23,103,133,117,76,44,17,3,524,8,51,149,127,149,138,63,19,0,688,5,0,11,11,10,3,0,0,0,46,22,33,67,54,48,29,21,5,0,283,0,0,3,0,0,0,0,3,0,10,0,3,6,4,6,4,0,0,0,21,38,29,83,62,87,72,101,99,32,602,73,232,660,585,608,555,371,202,53,3344,0,0,8,12,9,12,4,3,0,46,0,4,11,15,9,5,0,0,0,50,9,81,151,235,252,233,154,86,25,1230,3,31,49,35,49,58,48,15,3,303,6,9,34,36,27,14,5,5,0,121,0,29,87,118,181,114,49,26,8,603,0,27,93,71,71,74,44,10,3,391,34,61,165,169,122,88,42,18,3,686,14,53,107,101,148,106,24,6,0,556,0,5,19,7,4,9,3,0,0,55
LGA46510,4,92,352,276,194,208,125,36,11,1297,9,22,123,142,151,170,159,34,11,815,16,75,310,401,302,216,92,23,5,1430,9,46,249,215,171,148,101,32,7,978,0,38,91,69,50,29,10,10,0,306,10,25,65,60,38,38,21,12,0,275,0,0,0,0,0,5,0,0,0,10,0,0,17,28,13,12,8,3,0,88,17,22,84,54,48,57,52,39,43,418,69,385,1539,1421,1106,947,605,185,85,6337,0,30,129,114,85,57,10,8,3,434,0,19,141,94,41,23,0,0,0,318,3,83,309,289,253,193,81,52,32,1305,6,30,92,96,89,59,34,21,9,439,0,17,30,38,36,11,5,0,0,144,0,88,301,262,314,184,58,39,11,1271,0,22,121,163,248,238,76,23,13,911,17,150,567,530,358,190,40,18,10,1885,12,112,277,248,230,197,71,14,0,1160,6,63,149,113,56,33,17,3,3,440
LGA46670,0,19,58,49,60,55,46,17,5,308,4,14,48,50,46,31,49,15,3,259,3,14,78,84,60,51,20,5,0,330,5,24,91,75,68,67,26,10,0,360,5,4,11,0,5,3,0,7,0,34,4,23,47,31,22,19,17,5,4,173,0,0,0,0,0,0,0,0,0,0,0,4,6,3,3,5,3,0,0,19,27,23,46,38,60,51,49,53,19,366,57,130,399,370,342,301,231,108,38,1968,0,0,9,8,18,10,5,0,0,50,0,8,12,8,3,3,0,0,0,40,6,33,73,87,95,98,60,20,6,480,0,15,20,20,32,20,17,10,3,134,0,21,43,46,34,21,8,5,0,169,0,12,47,57,64,53,17,10,6,267,0,7,37,43,41,67,28,7,6,235,8,33,109,100,79,49,19,8,0,412,8,29,72,74,64,45,14,0,0,297,0,3,6,5,3,4,5,0,0,30
LGA46860,0,0,12,5,4,22,15,10,0,68,0,0,3,6,6,6,20,4,0,54,0,0,12,10,16,10,6,3,0,56,0,0,12,3,8,9,8,0,0,45,0,4,4,0,3,3,0,5,0,14,5,0,5,10,3,9,3,0,0,39,0,0,0,0,0,0,0,0,0,0,0,0,0,0,0,0,0,0,0,4,5,0,0,3,10,20,7,11,0,69,5,11,61,48,58,81,69,39,11,379,0,0,4,5,0,3,0,3,0,16,0,0,0,0,0,0,0,0,0,0,0,0,14,15,14,20,10,0,0,72,0,5,11,11,11,5,0,0,0,44,3,3,9,14,8,5,9,5,0,63,0,0,0,6,9,15,21,3,0,57,0,0,0,8,6,17,8,3,0,48,3,5,13,18,12,13,9,0,0,73,0,0,11,4,12,7,0,0,0,43,0,0,0,0,3,0,0,0,0,9
LGA46970,4,5,34,35,6,12,4,0,0,103,0,8,43,28,11,8,3,0,0,114,0,8,46,52,30,13,3,0,0,146,0,4,35,25,10,5,0,0,0,84,0,0,3,6,4,0,0,0,0,7,0,6,33,23,9,4,0,0,0,86,0,0,0,0,0,0,0,0,0,0,0,0,0,3,0,0,0,0,0,9,15,19,46,26,29,13,3,0,0,156,27,67,283,229,119,65,13,0,0,802,0,10,27,6,9,3,0,0,0,54,0,5,8,3,5,0,0,0,0,18,4,96,284,232,138,49,3,0,0,794,0,21,21,23,19,7,0,0,0,92,0,4,22,11,7,0,0,0,0,49,0,11,38,45,31,10,0,0,0,133,0,13,43,22,13,13,0,0,0,105,5,20,91,85,43,14,0,0,0,254,0,12,48,33,22,11,0,0,0,120,0,0,14,8,0,0,0,0,0,26
LGA47140,47,410,1307,1056,787,672,397,147,39,4864,15,156,624,591,465,390,281,105,19,2644,75,379,1638,1755,1176,768,372,100,25,6285,74,439,1380,1386,1055,910,427,85,17,5775,34,109,232,178,89,45,40,15,5,756,77,236,647,582,348,203,123,45,17,2263,0,10,15,16,18,13,9,0,4,90,11,31,117,138,69,40,34,6,6,443,227,234,619,554,440,399,451,470,350,3738,589,2253,7456,6977,4792,3661,2270,1041,498,29530,3,86,329,230,134,94,34,11,6,916,23,139,635,326,151,83,14,0,0,1367,82,592,1943,1966,1877,1642,1030,446,102,9676,55,229,449,396,371,361,263,122,23,2277,26,77,204,137,119,69,17,11,3,670,45,294,1015,855,850,509,196,85,12,3868,7,102,479,417,375,385,191,60,11,2016,150,801,2446,1716,1201,759,283,98,16,7473,126,523,1349,1124,989,604,186,30,7,4943,18,140,338,172,101,80,33,17,3,906
LGA47290,0,0,14,15,12,24,20,6,0,87,0,0,13,10,8,15,4,7,0,56,3,0,12,19,9,5,4,0,0,67,0,0,11,16,5,15,9,0,0,57,0,0,0,0,0,0,0,0,0,5,0,0,8,8,0,5,0,0,0,21,0,0,0,0,0,0,0,0,0,0,0,0,0,0,0,0,0,0,0,4,5,3,7,9,13,20,12,10,15,95,11,14,81,83,62,86,49,23,18,427,0,0,0,0,0,0,0,0,0,8,0,0,0,0,0,0,0,0,0,4,0,11,25,28,17,13,11,9,3,118,0,0,5,6,6,0,0,0,0,19,0,7,31,31,12,6,5,0,0,94,0,0,11,15,30,24,9,0,0,92,0,0,12,20,16,9,13,0,0,66,6,5,24,22,14,14,3,5,0,84,5,8,14,12,16,7,0,0,0,49,0,0,3,0,0,0,0,0,0,8
LGA47490,0,5,12,13,9,22,9,3,0,84,0,0,15,20,16,7,11,5,0,78,0,0,16,19,17,11,15,0,0,71,0,4,7,14,9,12,15,0,0,60,0,0,5,3,0,0,0,0,0,11,0,0,11,6,8,6,6,0,0,36,0,0,0,0,0,0,0,0,0,0,0,0,0,0,0,0,0,0,0,0,5,0,15,11,10,11,11,18,7,100,11,12,86,86,84,75,67,30,8,463,0,0,3,0,0,0,0,0,0,3,0,0,4,0,0,0,0,0,0,6,0,0,31,24,25,29,17,3,0,133,0,3,8,7,11,9,4,0,0,48,0,3,8,13,4,12,5,0,0,41,0,7,11,12,18,10,4,0,0,58,0,3,17,15,15,16,9,4,0,83,0,5,10,21,14,16,0,0,0,60,3,4,4,7,14,13,0,0,0,45,0,0,4,3,4,0,0,0,0,7
LGA47630,0,10,36,39,50,64,35,14,11,254,0,10,34,37,29,32,32,9,0,190,4,24,73,74,57,35,14,8,0,290,6,10,46,41,37,35,21,0,0,194,0,3,6,3,5,0,0,4,0,25,4,9,35,19,17,6,3,4,0,109,0,0,0,0,0,0,0,0,0,0,0,0,0,5,6,0,5,0,0,13,10,18,42,42,45,39,26,29,14,266,30,99,311,301,279,231,138,69,24,1485,0,0,6,5,7,0,0,0,0,17,3,0,3,6,3,0,0,0,0,21,8,41,92,86,82,68,28,10,5,426,0,10,17,12,23,9,5,9,0,92,15,20,49,88,49,33,11,3,0,265,0,11,26,52,76,42,17,14,7,239,0,8,37,29,35,49,16,7,4,195,7,16,82,86,56,17,6,9,0,277,0,3,32,36,37,31,7,0,0,152,3,4,3,6,7,8,3,0,0,24
LGA47700,31,298,969,934,775,803,544,216,47,4609,17,139,670,712,641,491,486,222,47,3420,53,241,1089,1478,1269,875,475,150,39,5655,62,286,827,957,945,688,426,116,19,4321,37,90,252,243,110,68,58,23,6,881,68,143,410,360,332,230,129,47,11,1733,0,0,6,5,4,11,7,3,0,37,0,12,47,97,58,42,26,20,4,310,82,73,192,221,227,209,239,381,249,1877,363,1392,4935,5579,4722,3641,2522,1233,460,24846,0,68,245,232,201,169,89,28,3,1050,28,103,383,272,190,109,24,9,0,1109,52,403,1227,1591,1692,1698,1123,475,100,8358,41,251,439,473,416,346,290,122,16,2394,17,68,165,152,104,69,39,16,0,630,18,247,736,933,1043,751,304,130,27,4178,7,99,555,567,589,759,378,119,30,3095,111,535,1717,1809,1539,1102,469,152,43,7484,63,371,988,1005,863,642,225,74,17,4247,26,163,289,207,126,97,63,17,4,1003
LGA47800,0,8,23,24,21,49,44,16,0,184,0,8,16,24,17,28,18,16,0,136,0,6,30,42,35,34,12,8,0,171,0,11,34,26,45,46,13,3,0,183,0,6,0,3,7,0,0,0,0,16,3,5,23,14,14,10,7,0,0,75,0,0,0,0,0,0,0,0,0,0,0,0,0,0,4,8,0,0,0,11,28,11,29,41,43,32,47,34,19,280,44,65,191,201,198,225,144,77,26,1172,0,0,6,0,3,7,0,0,0,18,6,0,0,0,7,0,0,0,0,15,7,18,44,38,54,54,33,16,11,269,0,11,13,8,16,19,11,0,3,81,7,22,57,50,40,17,6,7,0,206,0,8,19,26,53,45,25,8,4,190,0,6,19,23,26,27,16,0,0,121,4,13,46,38,47,31,15,3,3,201,3,11,24,31,41,26,13,6,0,146,0,0,4,7,3,4,4,0,0,17
LGA47910,0,0,23,18,22,39,23,13,5,147,0,3,20,21,14,14,16,6,3,96,0,0,17,21,14,19,15,0,0,94,0,3,15,18,14,26,5,9,0,84,0,0,4,4,5,0,0,0,0,12,0,3,12,13,6,16,7,0,0,53,0,0,0,0,0,0,0,0,0,0,0,0,0,0,0,0,0,0,0,3,0,0,5,10,11,14,21,22,16,95,6,17,95,104,91,133,97,46,22,619,0,6,7,3,0,5,0,0,0,15,0,0,4,0,0,0,0,0,0,5,0,11,23,26,21,26,21,13,0,142,0,4,11,10,7,16,11,0,0,54,4,8,13,17,11,11,3,0,0,77,0,5,13,20,34,30,10,8,0,123,0,0,11,18,19,16,12,4,0,80,0,8,14,23,27,19,6,0,6,101,0,3,16,14,21,15,11,4,0,79,0,0,7,0,0,0,0,0,0,20
LGA47980,3,143,546,464,432,444,366,164,93,2667,0,29,140,196,259,283,367,180,56,1523,21,95,436,643,551,384,211,73,32,2438,21,104,379,480,400,355,326,113,22,2208,10,71,187,188,123,73,59,21,8,742,12,35,81,67,82,65,50,25,14,418,0,3,0,0,3,3,0,0,0,7,0,4,27,43,49,32,27,8,4,199,9,27,71,75,78,77,94,128,144,707,87,611,2171,2457,2202,1886,1625,757,389,12175,4,63,233,213,193,170,78,23,18,996,4,37,207,111,90,42,0,0,0,497,10,97,372,383,346,310,146,96,59,1814,8,66,160,145,141,144,70,36,13,781,3,18,83,65,52,31,12,14,3,282,5,147,533,592,643,524,249,120,77,2895,0,32,213,261,401,522,229,66,42,1767,23,300,951,1061,781,532,194,74,65,3981,11,156,613,572,583,549,212,73,27,2798,8,142,329,209,138,114,34,14,10,1003
LGA48050,3,18,78,109,130,196,233,99,35,905,4,10,50,53,82,102,210,96,15,627,8,20,66,138,112,148,174,58,23,738,11,21,72,98,133,168,158,52,9,718,0,7,17,14,25,22,22,7,0,121,5,14,56,29,33,42,58,22,11,263,0,0,0,0,0,0,0,0,0,4,0,0,5,3,3,15,5,6,0,42,16,8,26,39,40,60,127,101,83,507,48,105,381,517,609,800,1036,466,180,4143,0,0,5,8,9,20,24,12,0,74,4,3,18,7,7,8,0,0,0,49,0,25,56,91,125,188,280,149,53,970,8,13,44,49,72,68,58,48,18,375,0,14,31,38,32,30,23,8,0,178,4,17,68,112,146,171,106,85,28,736,0,4,30,48,69,175,129,48,20,526,6,25,102,136,120,185,141,65,30,817,11,28,71,102,105,166,107,37,11,635,0,12,19,11,18,18,23,11,0,110
LGA48130,4,13,35,37,45,51,47,17,7,244,0,10,35,35,30,28,32,13,0,174,0,10,46,58,49,37,12,5,4,223,5,11,38,38,40,45,31,8,0,209,0,0,0,6,0,5,5,0,0,21,7,7,25,28,18,13,4,3,0,112,0,0,0,0,0,0,0,0,0,0,0,0,4,0,7,0,0,0,0,13,15,4,20,17,29,40,41,29,29,227,30,63,218,241,234,236,177,74,39,1323,0,0,9,4,4,6,5,0,0,32,0,0,3,6,0,0,0,0,0,16,3,33,64,78,73,71,42,15,10,387,0,3,9,16,13,25,15,4,4,93,6,14,53,34,27,21,8,4,0,162,0,7,23,57,70,52,27,6,3,240,0,4,32,25,28,62,19,7,0,177,3,19,52,42,52,36,12,8,0,226,4,14,46,36,38,35,19,0,3,197,0,4,7,5,3,3,0,0,0,24
LGA48260,4,23,108,99,112,97,87,40,28,594,4,0,31,26,43,41,82,36,9,269,22,20,101,117,113,74,47,22,12,538,13,18,63,80,66,70,59,29,6,414,3,15,16,18,20,10,16,14,7,120,3,3,7,13,18,11,7,4,3,88,0,0,0,0,0,0,0,0,0,7,0,4,6,9,3,7,8,0,3,38,7,6,23,22,17,15,20,30,21,160,56,114,426,450,444,374,355,193,98,2504,0,9,26,19,38,31,16,12,3,159,0,0,27,21,23,12,6,0,0,93,0,21,46,66,68,65,56,43,9,378,0,14,12,29,30,26,9,8,5,136,0,0,11,16,5,5,7,0,0,46,3,28,85,138,135,128,85,62,19,695,0,3,22,40,64,118,46,31,11,329,4,44,107,176,145,102,75,31,8,683,0,31,77,78,96,120,62,23,7,502,0,17,38,21,17,20,19,11,3,149
LGA48340,3,16,64,58,68,89,60,31,6,390,0,15,54,70,58,69,62,39,5,370,3,24,73,100,96,88,33,14,0,437,10,24,51,85,87,76,43,12,0,379,0,0,17,12,13,13,5,0,0,46,12,19,52,45,32,36,14,4,0,214,0,0,0,0,0,0,0,0,0,3,0,0,5,0,3,7,0,6,0,24,43,17,37,51,73,85,92,61,36,484,82,124,383,469,476,487,324,162,55,2556,0,0,14,19,12,19,6,0,0,70,0,5,6,5,3,3,0,0,0,25,9,48,134,172,164,162,68,34,6,789,9,29,37,39,47,25,20,13,0,215,18,16,70,86,48,44,18,9,0,310,0,9,46,71,95,59,46,12,4,338,0,8,55,56,70,80,49,7,5,339,24,30,125,106,103,45,18,6,0,460,3,15,45,67,63,39,21,0,0,254,0,3,14,16,10,5,6,0,0,61
LGA48410,11,345,1132,597,409,382,250,109,56,3300,12,75,399,354,302,328,233,118,45,1864,19,241,1071,1022,690,444,213,86,40,3815,40,219,754,616,494,384,216,73,19,2810,16,94,273,207,108,60,33,17,4,813,30,116,264,216,186,116,67,42,13,1042,0,5,0,0,3,3,4,0,0,22,0,12,47,72,38,27,17,9,5,228,48,97,230,176,128,132,114,172,127,1220,161,1366,4800,3671,2598,2034,1223,659,345,16867,0,92,306,211,125,78,33,17,6,863,11,60,395,190,108,29,3,4,0,805,24,257,776,743,692,506,390,302,114,3798,18,116,257,246,213,125,87,67,13,1143,0,47,115,83,61,35,13,8,6,361,10,201,719,549,440,300,135,85,40,2471,0,64,349,339,384,375,200,84,47,1834,68,581,1643,1114,729,409,204,110,44,4918,28,231,903,653,529,334,150,60,14,2900,3,158,388,232,105,62,25,20,4,995
LGA48540,10,40,152,130,138,158,73,19,8,728,6,27,117,107,92,62,43,38,5,494,4,35,167,172,186,109,51,22,5,740,18,54,174,166,203,165,71,20,0,869,0,9,10,9,3,13,3,0,0,54,15,38,89,78,72,39,19,12,0,356,0,5,0,3,0,4,0,0,0,11,0,0,8,0,8,11,0,4,0,30,48,48,104,113,112,122,103,129,66,838,110,258,880,820,861,693,376,247,89,4343,0,6,17,25,15,18,4,0,0,88,3,9,40,21,17,7,3,0,0,100,26,173,350,513,586,401,270,125,24,2462,7,31,47,47,81,104,56,35,0,410,4,15,31,33,16,5,3,0,0,101,3,40,118,170,187,91,39,19,0,673,4,49,128,103,66,73,53,14,3,498,18,92,273,273,171,91,42,10,5,980,11,51,155,203,163,83,38,8,3,707,0,6,17,21,13,14,4,0,0,64
LGA48640,0,3,6,8,0,4,0,0,0,31,0,0,10,10,7,9,10,6,3,46,0,0,6,12,5,4,0,0,0,33,0,0,4,3,8,7,3,0,0,19,0,0,0,0,0,0,0,0,0,4,0,0,8,4,3,0,0,0,0,18,0,0,0,0,0,0,0,0,0,0,0,0,0,0,0,0,0,0,0,0,10,0,10,3,13,13,4,3,9,60,9,3,44,43,40,42,22,10,11,228,0,0,0,3,0,0,0,0,0,3,0,0,0,0,0,0,0,0,0,4,4,6,19,15,10,14,9,0,0,76,0,0,5,0,0,3,0,0,0,14,3,5,8,10,3,0,0,0,0,38,0,3,10,0,8,9,4,0,0,42,0,0,18,12,4,11,5,0,0,56,0,4,9,13,8,7,0,0,0,46,0,5,11,13,10,6,3,0,0,42,0,0,0,0,0,0,0,0,0,7
LGA48750,0,8,29,37,42,73,60,18,11,277,0,0,14,3,19,53,60,17,0,173,0,0,29,43,43,63,47,14,5,249,3,9,28,51,46,77,63,9,0,284,0,0,3,8,15,13,7,5,0,56,0,5,11,12,23,14,22,4,0,94,0,0,0,0,0,0,0,0,0,4,0,0,0,0,4,8,6,3,0,22,14,5,17,25,23,37,37,34,12,201,28,41,148,202,235,362,328,114,37,1489,0,0,3,4,7,18,12,3,0,49,0,3,5,0,0,0,0,0,0,16,4,5,21,42,74,75,84,28,4,341,0,7,9,18,16,34,20,9,3,111,0,8,11,20,20,13,11,0,0,85,0,5,18,30,64,45,29,18,4,209,0,0,3,19,27,57,31,4,4,145,0,8,32,38,48,58,41,9,0,236,3,10,14,30,44,55,32,4,0,193,0,0,3,13,12,13,8,7,0,50
LGA48830,0,14,55,49,60,133,115,43,9,472,0,19,44,51,35,52,72,41,9,334,5,11,54,79,67,106,52,22,3,400,5,10,36,41,56,100,59,9,0,308,0,4,4,10,5,9,5,3,0,38,0,7,34,43,37,21,24,9,0,171,0,0,0,0,0,0,0,0,0,0,0,0,0,3,7,0,9,0,0,22,24,15,37,50,60,82,133,90,49,533,40,90,292,357,350,526,477,217,82,2444,0,0,8,3,3,18,3,3,0,42,0,6,0,4,4,4,0,0,0,17,0,34,92,86,152,193,177,79,13,829,4,18,15,31,56,43,50,18,3,244,5,28,72,55,47,27,11,3,3,258,0,11,42,56,126,132,57,21,8,453,0,10,49,41,52,101,68,25,4,351,18,24,68,74,83,72,38,12,6,388,7,21,30,49,55,61,30,12,0,261,0,4,11,4,3,4,8,0,0,40
LGA49399,0,5,14,6,11,19,12,6,0,69,0,6,11,6,25,18,7,4,0,72,0,4,17,16,27,11,4,0,0,79,0,4,12,14,7,8,7,0,0,53,0,0,3,3,3,5,0,0,0,13,0,0,7,11,3,8,0,0,0,44,0,0,0,0,0,0,0,0,0,0,0,0,0,0,3,0,3,0,0,13,11,21,36,24,42,30,31,0,4,194,16,44,122,93,127,107,65,19,4,608,0,5,10,7,4,4,0,0,0,31,0,0,0,0,3,3,0,0,0,11,3,31,131,83,94,91,27,4,0,467,0,3,15,16,24,18,11,0,0,84,10,13,27,21,23,10,4,0,0,105,0,0,16,22,36,30,8,0,0,108,0,5,23,22,14,14,4,0,0,86,0,8,33,36,40,31,6,0,0,161,6,7,28,20,18,10,7,0,0,97,0,3,5,0,10,4,0,0,0,26
LGA49499,0,8,30,12,12,19,16,0,0,106,0,0,6,3,9,14,6,0,0,39,0,13,32,29,12,20,8,0,0,119,4,3,27,23,20,17,4,5,0,107,0,4,9,3,0,3,0,0,0,16,0,10,22,16,9,9,7,0,0,60,0,0,0,0,0,0,0,0,0,0,0,0,4,0,3,0,0,0,0,11,17,21,77,88,52,34,29,5,4,316,36,61,214,187,122,116,75,11,5,826,0,7,17,9,3,0,4,0,0,35,0,0,11,4,0,0,0,0,0,22,6,15,59,33,47,50,34,0,0,240,4,7,22,19,14,15,12,0,0,79,0,8,16,3,3,5,0,0,0,35,0,4,30,17,14,21,8,0,0,95,0,3,18,8,11,20,3,0,0,65,0,31,48,38,19,21,9,0,0,177,4,5,46,36,30,19,4,0,3,147,0,9,15,14,6,5,0,0,0,50
LGA49799,0,0,0,0,0,0,0,0,0,0,0,0,0,0,0,0,0,0,0,0,0,0,0,0,0,0,0,0,0,0,0,0,0,0,0,0,0,0,0,0,0,0,0,0,0,0,0,0,0,0,0,0,0,0,0,0,0,0,0,0,0,0,0,0,0,0,0,0,0,0,0,0,0,0,0,0,0,0,0,0,0,0,0,0,0,0,0,0,0,0,0,0,0,0,0,0,0,0,0,0,0,0,0,0,0,0,0,0,0,0,0,0,0,0,0,0,0,0,0,0,0,0,0,0,0,0,0,0,0,3,0,0,0,0,0,0,0,0,0,0,0,0,0,0,0,0,0,0,0,0,0,0,0,0,0,0,0,0,0,0,0,0,0,0,0,0,0,0,0,0,0,0,0,0,0,0,0,0,0,0,0,0,0,0,0,0,0,0,0,0,0,0,0,0,0,0,0,0,0,0
LGA50080,18,94,298,312,332,395,294,147,53,1954,6,51,156,230,286,298,268,121,25,1428,56,99,259,327,366,339,212,80,15,1753,50,79,255,296,331,337,212,67,11,1623,8,18,56,53,59,44,34,25,7,313,24,74,152,108,117,80,54,19,11,625,8,3,4,5,0,0,0,0,0,23,0,3,11,12,22,23,9,0,3,87,73,53,132,120,161,173,192,179,140,1220,260,510,1472,1638,1849,1825,1339,666,270,9830,0,13,53,73,70,43,22,9,3,290,9,32,55,24,25,12,3,0,0,169,41,173,319,426,442,383,236,123,40,2185,27,91,165,164,169,160,103,57,6,940,34,48,129,166,170,102,60,33,9,750,10,51,185,294,375,312,187,88,26,1532,6,21,126,244,318,319,153,51,28,1274,71,117,328,401,373,288,126,59,22,1789,44,77,246,284,325,275,88,27,4,1366,21,41,49,86,68,50,27,13,6,352
LGA50210,31,234,999,1022,544,428,314,116,26,3720,30,135,575,644,479,404,230,81,11,2582,115,289,1268,1517,831,568,272,103,9,4976,81,243,824,992,671,495,261,65,10,3641,41,96,228,230,111,52,31,18,5,812,66,193,478,413,246,127,101,35,0,1661,5,11,10,6,3,6,3,0,0,45,4,18,71,98,45,31,15,3,0,281,159,185,493,459,337,258,252,216,111,2482,567,1549,5589,6163,3564,2552,1584,661,203,22439,0,49,155,148,114,78,34,3,0,580,20,46,202,126,66,35,6,0,0,508,67,408,1110,1005,1080,939,503,172,44,5342,42,171,279,256,248,251,136,88,15,1490,19,50,132,105,86,56,33,14,4,500,21,121,415,383,451,374,152,74,8,1998,16,91,317,349,419,321,165,57,10,1749,98,373,1128,776,627,475,220,75,8,3777,77,271,617,498,459,387,119,41,8,2484,29,90,184,134,81,77,31,16,0,644
LGA50250,0,5,48,42,23,12,11,0,0,143,3,12,71,54,28,17,6,5,0,190,0,22,84,102,37,39,8,0,0,289,0,14,62,51,21,24,3,0,0,176,0,0,8,7,3,0,0,0,0,21,3,10,58,31,17,9,0,0,0,134,0,0,0,0,0,0,0,0,0,0,0,0,3,7,10,5,0,0,0,28,21,39,119,104,80,54,16,0,0,436,42,113,504,439,232,164,45,5,0,1538,0,10,49,40,9,0,0,0,0,105,0,6,15,13,9,0,0,0,0,34,10,142,553,484,333,149,12,4,0,1686,0,31,118,102,70,34,6,0,0,361,0,17,55,29,8,0,5,0,0,119,3,18,60,72,57,29,3,0,0,239,0,12,71,69,34,18,5,0,0,217,9,49,166,164,99,34,4,0,0,516,3,30,64,69,33,10,0,0,0,210,0,5,17,13,9,5,0,0,0,57
LGA50280,6,13,110,163,138,140,116,47,12,753,0,9,77,173,133,160,119,48,13,730,6,20,121,183,177,113,74,24,7,725,5,18,106,154,135,117,71,20,3,639,4,5,56,73,61,38,36,12,0,280,7,14,76,87,64,49,25,9,0,329,0,0,0,0,0,0,0,0,5,3,0,0,7,26,12,10,10,3,0,72,30,22,76,139,125,77,75,35,34,620,65,111,716,1181,935,762,566,199,80,4611,0,8,54,59,33,32,12,4,4,202,3,0,5,13,8,3,3,0,0,40,9,26,113,178,187,160,68,32,9,782,7,20,105,118,129,66,16,15,0,474,0,8,99,98,49,33,19,3,0,312,0,6,65,122,112,98,65,19,4,506,4,5,58,116,147,147,70,28,10,592,13,25,129,153,114,88,43,17,3,583,8,18,77,117,79,72,36,10,0,422,0,11,46,54,36,26,16,8,3,202
LGA50350,4,32,177,138,100,100,71,21,4,647,0,19,80,118,118,120,64,31,3,557,11,46,181,222,189,145,76,31,8,890,8,38,133,170,146,115,80,20,0,713,6,22,74,78,34,33,12,14,3,282,9,21,73,62,36,33,17,5,5,265,0,0,6,0,0,0,0,0,0,3,0,5,10,16,20,5,6,5,3,67,13,18,75,64,68,58,55,48,29,431,53,238,917,1005,790,641,395,181,61,4287,0,12,70,67,29,19,9,0,0,216,6,10,61,42,25,19,0,0,0,167,11,87,215,251,239,242,104,71,21,1230,0,33,86,93,64,57,36,17,4,391,0,11,38,27,27,13,8,0,0,119,0,29,111,101,121,90,28,19,7,508,7,19,91,115,137,87,49,4,3,518,13,100,238,241,158,110,49,21,3,937,12,56,182,184,164,116,36,11,3,774,6,23,100,75,48,20,23,0,3,298
LGA50420,15,199,827,616,393,352,278,121,38,2849,8,82,440,423,444,369,303,119,30,2219,61,228,1108,1117,803,527,308,128,31,4310,29,192,756,740,523,411,287,73,19,3026,19,123,360,290,166,88,55,17,5,1122,20,120,372,278,192,128,95,32,8,1245,3,10,6,3,6,6,5,0,0,34,0,19,64,77,56,35,30,8,0,285,69,101,347,284,212,183,177,215,164,1758,239,1209,4936,4370,3109,2294,1643,757,319,18869,7,89,366,298,189,113,52,14,4,1130,11,73,448,245,124,44,7,0,0,956,34,349,1197,1006,944,845,517,232,90,5209,20,151,398,274,236,233,180,79,24,1593,8,38,119,84,59,37,14,7,0,368,9,184,642,520,420,354,173,87,23,2413,12,79,397,489,465,380,211,82,24,2148,58,495,1734,1317,891,581,286,96,33,5500,37,215,886,711,532,438,155,49,8,3030,22,208,449,311,165,111,42,22,14,1345
LGA50490,7,157,570,333,213,162,115,58,21,1641,12,47,208,191,177,155,106,41,16,952,34,201,812,711,418,307,154,59,23,2702,23,118,479,395,267,193,119,25,3,1625,11,64,156,95,51,35,15,3,7,427,26,116,267,160,97,52,50,16,8,787,6,3,6,3,0,0,0,0,0,23,8,9,44,25,24,22,10,5,0,137,60,120,368,260,174,168,134,131,106,1524,185,918,3382,2528,1591,1180,745,358,191,11081,0,43,180,141,61,39,15,3,4,489,6,46,248,120,55,23,5,4,0,498,27,237,847,664,512,416,260,159,42,3172,11,75,181,167,126,105,66,56,10,800,5,27,70,70,42,18,15,11,0,259,6,104,386,237,186,137,79,33,10,1187,10,35,187,169,180,130,69,32,11,815,36,300,1062,621,385,229,110,50,27,2815,29,134,408,310,222,161,56,18,5,1345,15,68,170,86,51,29,15,5,0,445
LGA50560,0,0,4,7,7,12,20,8,3,66,0,0,8,7,11,13,14,3,0,61,0,0,12,8,17,8,13,0,0,54,0,3,6,5,6,14,9,0,0,43,0,0,0,4,0,0,7,0,0,12,0,0,3,7,7,6,3,0,0,24,0,0,0,0,0,0,0,0,0,0,0,0,0,0,0,0,0,0,0,0,3,6,8,10,13,13,20,9,6,92,10,13,42,62,72,75,82,24,7,397,0,0,6,3,0,0,3,0,0,8,0,0,0,0,0,5,0,0,0,5,4,0,7,14,16,27,21,11,3,97,0,0,0,4,4,4,12,0,0,29,0,3,13,9,12,16,6,0,0,58,0,0,0,7,11,27,16,4,0,66,0,0,6,5,17,17,4,0,0,54,4,5,10,15,9,13,5,3,0,65,0,0,3,4,10,13,0,0,0,41,0,0,0,0,4,0,0,3,0,12
LGA50630,0,6,9,6,7,12,11,5,0,54,0,0,10,6,7,14,11,0,0,55,0,0,13,18,9,12,9,3,0,68,0,0,5,10,5,11,6,0,0,36,0,0,0,0,0,0,0,0,0,8,0,0,6,4,0,6,0,0,0,17,0,0,0,0,0,0,0,0,0,0,0,0,0,0,0,0,0,0,0,3,9,5,5,15,15,8,6,10,4,83,12,19,67,78,58,62,50,20,5,369,0,4,6,10,6,3,0,0,0,27,0,0,0,0,0,0,0,0,0,4,5,21,79,82,63,31,11,4,0,304,0,0,3,6,8,3,0,0,0,30,7,0,11,7,4,3,0,0,0,30,0,0,11,20,11,17,6,4,0,70,0,0,10,20,10,14,3,0,0,53,3,9,28,26,21,15,3,0,0,114,0,3,10,7,3,6,0,0,0,42,0,0,4,5,3,0,0,0,0,11
LGA50770,0,0,5,13,11,14,16,6,0,69,0,0,11,10,15,17,14,3,0,67,0,0,11,10,20,7,5,5,0,66,4,8,3,16,15,5,3,0,0,53,0,0,0,3,6,0,0,0,0,19,0,5,0,8,6,3,0,4,0,21,0,0,0,0,0,0,0,0,0,0,0,0,0,0,0,0,0,0,0,6,6,4,4,20,14,13,10,19,5,96,15,20,58,102,83,74,60,40,5,453,0,0,3,4,0,4,0,0,0,11,0,0,0,0,0,0,0,0,0,6,0,3,8,18,26,23,9,4,0,98,0,0,5,10,11,10,0,0,0,29,4,7,14,19,11,9,8,0,0,69,0,0,3,12,10,15,13,0,0,62,0,0,18,17,18,17,7,4,0,77,4,4,19,15,18,18,9,3,0,75,0,0,8,14,6,11,6,4,0,41,0,0,4,0,0,0,0,0,0,6
LGA50840,0,7,17,31,30,44,42,13,0,198,5,6,20,31,46,45,54,12,0,219,0,15,22,38,39,37,41,14,0,204,6,8,20,43,43,57,41,20,0,235,0,3,4,17,7,15,15,4,0,65,4,9,19,19,20,14,4,3,0,88,0,0,0,0,0,0,0,0,0,4,0,0,3,0,0,4,3,0,0,13,12,12,13,32,32,40,40,28,13,213,42,59,147,227,243,285,257,99,17,1373,0,0,6,7,10,13,6,0,0,39,0,4,3,3,4,5,3,0,0,19,5,8,31,53,96,92,61,16,3,364,0,12,8,19,22,18,15,4,4,105,4,0,9,16,18,23,4,7,0,83,0,4,22,39,41,42,32,11,0,190,0,9,14,29,45,60,19,0,0,187,8,12,28,32,30,53,29,6,0,202,6,7,19,37,39,40,24,5,0,162,0,0,8,13,30,22,8,4,0,86
LGA50910,0,0,9,7,5,0,3,3,0,19,0,4,3,3,5,0,3,6,0,28,0,5,7,8,11,3,0,0,0,41,0,0,6,6,6,3,6,0,0,25,0,0,0,4,0,0,0,3,0,12,0,0,0,0,3,0,0,0,0,9,0,0,0,0,0,0,0,0,0,0,0,0,0,0,0,0,0,0,0,0,4,5,3,10,8,5,3,0,0,38,6,11,33,41,39,29,24,13,0,195,0,0,0,0,0,0,0,0,0,4,0,0,0,0,0,0,0,0,0,0,0,3,6,7,8,13,6,4,4,51,0,0,0,0,0,5,0,0,0,12,0,0,0,7,0,4,5,0,0,18,0,0,0,4,0,4,6,0,0,17,0,0,7,5,5,8,5,0,0,42,0,3,9,6,5,4,0,0,0,39,0,0,7,3,7,4,4,0,0,28,0,0,0,0,0,0,0,0,0,0
LGA50980,9,36,234,176,124,101,44,12,0,733,0,25,132,169,106,89,46,11,3,581,13,45,211,217,144,94,33,7,0,771,12,26,140,154,107,91,37,8,0,569,3,4,50,47,23,16,3,3,0,152,11,20,92,60,51,28,7,0,0,265,0,0,0,0,0,0,0,0,0,0,0,0,10,18,8,10,5,0,0,55,88,82,305,215,209,142,67,22,8,1147,137,265,1275,1144,828,606,257,62,18,4590,0,3,44,39,15,11,3,0,0,123,0,9,21,11,12,3,0,0,0,59,10,71,235,243,213,134,49,13,9,978,3,41,99,121,89,56,25,13,0,442,14,16,73,68,39,21,5,0,0,226,4,15,134,168,149,103,22,5,0,597,3,18,127,149,122,101,25,4,0,555,13,66,233,183,158,93,23,7,0,769,9,37,162,137,103,72,16,0,0,543,0,14,57,56,40,17,3,0,0,199
LGA51080,0,3,9,5,4,9,5,0,0,34,0,5,4,8,11,13,0,0,0,39,0,0,8,10,7,3,0,0,0,34,0,0,0,0,4,4,4,0,0,16,0,0,0,0,0,0,0,0,0,7,0,0,0,3,4,0,0,0,0,13,0,0,0,0,0,0,0,0,0,0,0,0,0,0,0,0,0,0,0,0,7,0,9,8,9,17,4,6,0,63,8,14,39,45,37,50,27,6,4,232,0,0,0,0,0,0,0,0,0,0,0,0,0,3,0,0,0,0,0,6,0,0,7,6,9,12,4,0,0,39,0,0,0,5,0,5,4,0,0,18,5,3,23,13,8,7,0,0,0,55,0,0,0,6,12,5,3,0,0,28,0,0,6,15,9,12,0,0,0,49,0,0,15,11,5,10,3,0,0,40,0,3,6,9,9,4,0,0,0,25,0,0,0,0,0,4,4,0,0,7
LGA51120,0,0,5,4,0,4,0,0,5,21,0,0,8,16,8,10,8,4,0,45,0,0,4,3,7,7,0,0,0,30,0,0,4,3,5,0,4,0,0,24,0,0,0,0,6,0,0,0,0,7,0,0,6,3,0,5,0,0,0,5,0,0,0,0,0,0,0,0,0,0,0,0,0,0,0,3,0,0,0,3,0,3,4,4,9,15,14,9,5,69,5,14,26,36,41,44,32,22,10,220,0,0,0,0,0,0,0,0,0,3,0,0,0,0,0,0,0,0,0,0,5,3,12,11,12,7,8,0,0,54,0,0,0,5,0,4,0,0,0,13,0,0,6,4,9,6,0,0,0,23,0,0,6,0,7,10,5,3,0,33,0,0,9,17,8,6,3,5,0,45,4,4,6,7,0,4,0,0,0,31,0,3,3,4,0,6,0,0,0,20,0,0,0,0,0,0,0,0,0,5
LGA51190,27,96,285,228,200,247,190,89,37,1388,25,42,153,202,250,221,164,73,22,1138,33,128,338,325,278,276,149,52,16,1591,52,85,175,259,281,232,140,35,4,1270,13,30,56,40,32,25,16,9,5,235,23,62,160,121,113,76,58,21,3,631,0,4,4,0,3,3,0,0,0,25,4,7,11,21,19,20,10,3,4,88,64,69,178,147,135,143,160,125,116,1128,242,573,1511,1463,1422,1315,927,422,218,8091,6,13,70,67,47,42,20,6,0,266,10,27,54,36,26,14,3,0,0,172,36,243,581,476,534,422,238,115,28,2676,34,146,205,136,189,153,82,36,11,991,9,28,78,64,54,24,13,3,0,285,11,60,217,209,285,225,93,63,12,1178,5,34,182,210,251,215,99,31,8,1045,61,176,427,366,345,235,99,40,13,1753,38,76,238,206,224,182,57,25,4,1060,7,36,71,54,44,33,9,3,0,264
LGA51260,24,74,252,364,321,373,281,163,47,1897,17,27,181,358,357,300,279,98,23,1632,42,76,298,459,438,346,249,93,34,2034,36,46,213,307,346,264,195,50,4,1461,14,24,84,113,85,78,46,23,8,479,22,55,177,191,182,109,76,20,9,841,0,3,6,0,0,0,3,0,0,18,0,0,9,22,28,23,12,5,11,108,86,46,168,174,143,175,192,180,101,1272,252,385,1499,2178,2078,1779,1402,666,238,10487,0,5,69,72,59,32,26,22,3,292,8,16,25,28,18,12,3,3,0,116,28,84,281,405,408,352,272,119,31,1978,18,101,188,251,231,171,111,60,11,1142,4,30,145,122,95,63,45,24,0,525,7,27,178,265,312,224,190,83,22,1319,3,30,174,289,313,274,138,54,16,1285,63,115,340,465,366,281,164,55,17,1849,28,67,183,246,217,167,78,29,5,1020,6,21,78,100,79,40,25,21,0,368
LGA51310,3,89,299,375,461,382,213,125,77,2023,11,20,89,122,238,244,252,122,57,1146,18,84,324,509,508,306,148,67,40,2002,6,72,207,337,326,228,141,71,31,1426,14,40,97,93,100,43,24,21,4,440,7,24,35,42,65,37,32,21,14,271,0,0,0,0,0,0,0,4,0,13,0,0,23,18,26,20,13,6,8,120,18,14,87,61,64,66,69,59,103,536,85,420,1328,1853,2031,1512,974,523,342,9064,0,50,138,174,194,144,75,30,9,819,0,20,66,76,72,21,10,0,0,260,5,83,296,354,432,286,164,111,39,1775,4,46,113,109,138,81,58,24,9,583,4,15,45,35,38,17,12,7,3,181,0,80,319,529,585,310,181,123,53,2194,0,25,111,223,307,310,156,69,40,1250,11,160,420,799,708,341,201,116,65,2819,11,93,256,441,384,263,114,73,24,1652,11,71,130,130,88,53,31,8,4,521
LGA51330,40,382,1172,948,723,532,409,170,46,4428,48,124,409,498,529,551,417,186,26,2800,70,416,1546,1716,1211,773,446,165,44,6397,58,254,687,860,701,492,321,109,15,3494,34,154,265,228,123,70,25,21,9,937,52,179,346,323,211,137,86,42,10,1382,5,10,9,7,5,4,0,0,4,48,3,22,73,93,57,46,36,8,5,342,96,212,484,362,246,209,187,200,111,2108,423,2076,6041,6093,4421,3166,2094,955,292,25562,3,218,498,452,362,204,97,21,7,1874,30,152,645,337,211,65,8,0,0,1447,81,608,1560,1461,1578,1247,645,317,78,7584,30,219,344,309,299,284,187,103,21,1792,16,50,155,135,105,69,37,15,4,577,31,338,896,709,746,566,256,136,28,3699,14,128,446,590,728,648,304,122,50,3029,113,1220,2363,1694,1452,945,410,152,40,8382,52,369,908,792,741,557,239,64,19,3745,50,252,389,193,130,66,65,16,3,1162
LGA51400,26,57,157,208,181,176,95,31,6,918,16,22,88,158,213,133,79,23,9,737,27,50,180,205,186,121,73,18,0,868,30,54,120,168,170,125,57,11,0,739,16,7,28,15,24,14,11,3,0,113,16,33,69,57,61,24,30,7,0,292,0,4,0,0,0,4,0,0,0,12,0,0,14,10,9,14,3,3,0,55,38,34,58,75,78,75,66,36,17,474,171,294,785,994,1009,735,422,129,32,4566,5,4,30,25,36,16,9,0,0,133,8,10,27,18,10,5,0,0,0,79,16,79,218,352,349,174,89,24,0,1312,5,33,77,92,86,61,20,5,0,387,4,17,41,45,48,25,19,0,0,189,7,30,109,167,209,113,45,11,5,686,0,17,100,182,170,103,39,9,0,621,33,57,169,265,192,112,31,6,0,871,23,29,93,137,94,60,17,4,0,463,3,8,18,22,17,11,7,0,0,80
LGA51470,0,3,0,0,0,4,3,0,0,14,0,0,0,8,0,0,4,0,0,18,0,0,4,5,3,3,0,0,0,31,0,0,8,0,0,0,0,0,0,10,0,0,0,0,0,0,0,0,0,0,0,0,4,0,0,0,0,0,0,7,0,0,0,0,0,0,0,0,0,0,0,0,0,0,0,0,0,0,0,0,4,0,3,9,0,4,3,3,0,40,3,11,25,32,16,22,13,5,6,126,0,0,0,0,0,0,0,0,0,0,0,0,0,0,0,0,0,0,0,0,4,5,8,3,9,9,3,0,0,52,0,0,0,0,0,3,4,0,0,8,0,0,4,0,3,8,0,0,0,19,0,0,0,0,5,3,0,0,0,10,0,0,6,4,6,3,0,0,0,21,7,0,6,6,5,3,0,0,0,25,0,0,0,3,0,5,0,0,0,9,0,0,0,0,0,0,0,0,0,5
LGA51540,0,5,31,21,23,41,12,4,0,139,0,9,19,30,46,25,11,0,0,140,6,21,48,34,20,27,17,4,0,182,0,7,23,22,22,16,10,0,0,106,0,3,0,3,5,0,0,0,0,16,4,11,12,23,19,6,5,4,0,79,0,0,0,0,0,0,0,0,0,0,0,0,8,0,4,0,0,0,0,10,26,38,74,55,70,55,37,27,7,394,31,106,246,218,212,183,99,41,10,1151,0,3,10,7,3,3,0,0,0,26,0,0,0,6,3,0,0,0,0,17,8,30,64,67,88,70,47,19,0,387,0,3,26,30,22,20,21,8,0,130,0,4,19,22,9,8,3,5,0,71,0,10,33,36,34,40,20,6,5,182,0,12,48,47,39,23,4,0,0,176,11,14,50,46,46,37,12,5,0,212,0,14,39,36,37,21,3,0,0,146,3,0,6,7,9,0,3,0,0,28
LGA51610,0,3,11,12,14,15,5,0,0,62,0,0,6,17,17,6,7,3,0,62,0,3,15,19,15,9,4,0,0,64,0,0,6,3,10,9,3,0,0,32,0,0,0,0,0,0,0,0,0,0,4,0,3,9,6,4,0,0,0,35,0,0,0,0,0,0,0,0,0,0,0,0,0,4,0,0,0,0,0,4,8,4,4,16,17,15,9,6,0,85,12,14,54,86,85,70,43,7,0,377,0,0,0,3,0,0,0,0,0,8,0,0,3,0,3,4,0,0,0,4,0,6,11,17,21,22,5,6,0,91,0,0,5,8,10,4,3,0,0,23,0,0,5,3,6,4,8,0,0,29,0,4,3,5,6,11,11,0,0,45,0,0,9,13,10,11,0,0,0,44,0,0,16,14,14,12,7,0,0,58,0,0,0,4,0,8,6,0,0,23,0,0,0,0,0,4,0,0,0,10
LGA51680,0,16,28,35,47,42,34,20,0,224,5,7,23,33,41,47,20,14,0,175,7,4,42,58,55,63,27,9,0,275,3,17,17,43,54,35,13,3,0,179,6,0,3,8,12,3,3,0,0,40,6,7,17,26,28,15,13,3,0,121,0,0,0,0,0,0,0,0,0,0,0,0,0,5,7,0,0,0,0,18,29,7,24,20,47,58,34,17,3,239,60,64,187,261,315,283,141,72,15,1404,0,0,0,7,6,3,0,0,0,21,0,0,3,8,4,3,0,0,0,19,3,16,35,91,125,68,58,7,4,400,6,0,14,26,39,29,17,0,0,126,4,3,15,11,8,9,5,3,0,59,0,0,14,32,48,29,18,3,0,151,0,3,10,22,23,30,7,0,0,102,4,15,31,61,61,45,33,4,0,249,0,6,18,30,26,19,9,0,0,108,4,0,7,12,4,9,0,0,0,33
LGA51710,0,0,9,3,7,5,3,0,0,30,0,0,6,11,12,3,5,0,0,38,0,4,15,24,11,12,0,0,0,68,0,0,11,9,9,5,0,0,0,36,0,0,3,0,0,3,0,0,0,8,4,7,4,4,4,4,0,0,0,29,0,0,0,0,0,0,0,0,0,0,0,0,0,4,0,0,0,0,0,4,3,3,27,23,14,22,4,4,0,96,8,13,79,93,68,50,12,4,0,338,0,0,3,5,0,0,0,0,0,18,0,0,3,3,0,0,0,0,0,11,0,6,13,21,37,31,10,0,0,118,0,0,4,6,12,3,0,0,0,20,0,3,3,3,0,0,0,0,0,17,0,0,9,8,6,13,0,0,0,39,0,0,17,22,14,11,0,0,0,64,8,6,18,20,27,5,4,0,0,90,0,0,13,17,15,4,0,0,0,53,0,0,3,0,3,0,0,0,0,9
LGA51750,6,43,132,122,119,149,136,83,48,839,3,3,30,55,79,81,112,87,33,486,7,41,113,158,199,116,76,48,17,777,3,26,96,97,120,102,88,54,32,612,4,11,47,34,33,22,16,22,12,209,0,8,15,10,10,13,7,8,0,76,0,0,0,0,0,0,0,0,0,3,0,6,3,9,14,4,12,11,3,65,27,22,47,34,41,34,32,48,37,317,51,203,583,588,707,587,510,388,204,3818,0,19,60,48,65,41,37,15,14,301,0,7,18,16,20,5,0,0,0,73,0,40,96,82,87,84,66,27,14,501,0,15,26,25,37,38,25,6,5,168,0,8,12,10,19,15,11,3,3,81,0,34,114,159,189,164,143,75,40,919,0,15,37,68,122,123,86,43,17,513,8,63,181,203,227,162,126,45,18,1026,0,37,132,139,143,156,79,67,20,776,5,28,61,23,28,20,15,9,5,193
LGA51820,42,396,1580,1245,856,633,332,116,41,5236,55,207,817,887,859,572,312,107,20,3847,87,397,1549,1945,1364,883,425,121,36,6813,91,316,1103,1168,866,697,326,67,11,4655,49,145,376,328,206,119,61,19,9,1302,73,229,633,509,432,246,161,30,9,2333,11,6,8,4,4,8,9,0,0,51,7,30,64,84,70,38,23,7,0,328,114,208,498,443,359,313,306,287,251,2783,564,2176,7540,7591,5561,3819,2074,811,399,30539,4,104,393,350,217,116,41,4,4,1227,44,85,429,253,124,55,11,3,0,992,87,566,1966,2082,1742,1197,564,245,52,8495,41,201,501,472,427,319,181,65,13,2219,9,52,224,179,141,59,22,10,3,694,13,248,960,804,648,391,152,68,25,3300,30,107,646,711,609,393,170,53,12,2736,87,553,1907,1800,1132,699,220,101,19,6511,67,304,962,923,684,396,132,34,3,3511,31,150,400,267,138,87,25,13,0,1122
LGA51860,0,0,0,0,0,0,0,0,0,4,0,0,4,8,0,10,0,0,0,25,0,4,4,5,0,0,0,0,0,20,0,0,3,5,0,0,0,0,0,4,0,0,0,0,0,0,0,0,0,0,0,3,0,5,0,0,0,0,0,4,0,0,0,0,0,0,0,0,0,0,0,0,0,0,0,0,0,0,0,0,0,4,5,5,6,12,7,3,0,55,5,17,21,27,15,28,7,3,0,127,0,0,0,0,0,0,0,0,0,4,0,0,0,0,0,0,0,0,0,6,0,0,10,13,9,0,0,0,0,32,0,0,7,3,0,7,4,0,0,16,0,0,0,0,0,0,0,0,0,5,0,0,0,0,5,0,0,0,0,7,0,0,3,4,8,7,0,0,0,17,0,0,9,8,4,0,0,0,0,22,0,0,0,0,3,0,0,0,0,0,0,0,6,0,0,0,0,0,0,6
LGA51890,11,12,37,22,32,49,54,26,0,241,3,13,47,58,59,47,31,8,4,263,12,21,70,75,70,38,27,5,4,318,13,15,51,55,59,67,24,5,0,290,0,3,8,9,8,4,5,3,0,39,6,15,35,30,30,22,7,0,0,145,0,0,0,0,0,0,0,0,0,3,0,0,4,0,4,3,0,5,0,16,24,21,42,53,44,45,55,44,37,363,78,112,311,326,323,288,218,98,44,1795,0,0,12,13,3,9,0,0,0,39,3,0,8,4,4,4,0,0,0,22,18,110,245,227,255,177,94,25,4,1163,17,23,48,38,57,23,19,8,0,235,0,8,15,17,15,14,4,0,0,75,3,10,37,31,56,80,40,3,0,257,5,5,43,76,56,33,16,0,0,234,14,34,65,79,50,47,12,4,0,306,10,19,31,33,47,34,10,0,0,178,0,5,6,6,4,6,4,0,0,28
LGA51960,3,4,6,11,8,11,5,0,0,51,0,3,14,18,14,11,6,0,0,67,5,10,20,27,18,12,9,0,0,99,0,6,9,12,5,9,4,0,0,47,0,0,0,5,0,0,0,0,0,6,0,7,11,10,8,4,0,0,0,42,0,0,0,0,0,0,0,0,0,0,0,4,0,0,3,0,0,0,0,8,35,31,46,63,48,41,31,13,0,315,50,59,123,160,118,100,55,20,3,679,0,4,12,6,0,6,0,0,0,29,3,0,4,3,0,0,0,0,0,15,4,46,92,98,71,55,19,9,0,398,0,0,10,13,12,13,3,0,0,55,0,5,3,14,3,7,0,0,0,34,0,6,15,24,15,11,0,0,0,78,0,3,16,18,9,5,0,0,0,56,5,3,30,32,22,14,3,0,0,111,0,8,16,16,22,10,0,0,0,68,0,0,3,3,0,4,0,0,0,11
LGA52030,0,0,0,3,0,6,3,3,0,17,0,0,9,0,6,6,14,6,0,49,0,0,10,4,10,7,12,0,0,42,0,3,5,8,0,0,3,0,0,20,0,0,0,3,0,0,0,0,0,3,0,0,3,0,4,3,0,0,0,15,0,0,0,0,0,0,0,0,0,0,0,0,0,0,0,0,0,0,0,0,6,0,3,6,11,11,11,4,6,59,3,7,35,33,34,37,48,27,6,225,0,0,0,0,0,0,0,0,0,5,0,0,0,0,0,0,0,0,0,3,4,7,11,18,26,22,10,4,0,94,0,0,0,0,6,3,5,0,0,17,0,0,5,9,7,5,6,0,0,39,0,0,0,5,5,10,8,0,0,27,0,3,6,7,10,9,10,0,0,37,0,4,11,12,3,3,8,3,0,38,0,0,4,0,0,3,0,0,0,17,0,0,3,0,0,5,0,0,0,6
LGA52100,0,0,3,4,6,12,6,5,0,38,0,3,8,6,0,14,10,3,0,38,0,5,4,16,5,8,5,5,0,45,0,0,3,5,0,5,6,0,0,28,0,0,3,0,0,0,0,0,0,3,0,0,3,3,3,0,0,0,0,20,0,0,0,0,0,0,0,0,0,0,0,0,0,0,0,5,0,0,0,5,0,0,4,0,4,3,4,5,9,40,0,9,40,42,36,38,30,15,8,230,0,0,3,0,0,0,0,0,0,3,0,0,0,0,0,0,0,0,0,0,0,8,9,14,8,20,4,6,0,71,0,0,0,3,0,3,0,0,0,11,0,0,4,6,8,0,0,5,0,27,0,5,4,5,15,6,8,3,4,45,0,0,9,9,8,15,3,0,3,45,0,0,16,13,5,7,5,0,0,50,0,0,3,3,3,4,0,0,0,17,0,0,0,0,0,0,0,0,0,5
LGA52170,0,23,117,78,107,106,78,44,21,576,4,5,25,27,57,93,100,43,14,370,0,18,87,106,140,89,57,31,11,535,0,20,77,72,102,83,65,30,10,461,0,13,35,30,37,26,11,16,0,166,0,3,4,11,3,15,5,0,0,44,0,0,0,0,0,0,0,0,0,3,0,3,4,5,8,7,7,5,0,38,3,11,32,21,17,27,18,32,28,193,15,132,436,395,529,483,376,206,90,2650,0,17,70,34,59,37,23,9,4,256,0,0,12,7,13,13,3,0,0,46,0,22,74,63,91,98,48,16,10,433,0,29,55,28,42,32,11,4,0,200,0,12,23,16,17,12,8,4,3,93,0,16,125,128,157,135,77,39,15,698,0,6,31,49,90,124,69,31,0,395,0,50,171,221,170,134,73,29,17,865,0,37,113,121,127,131,72,35,6,642,3,21,57,26,31,25,12,0,0,185
LGA52240,0,0,4,4,0,5,5,0,0,22,0,8,3,9,6,6,3,0,0,29,0,3,7,13,6,0,6,0,0,36,0,0,4,7,7,0,6,0,0,30,0,0,0,0,0,0,0,0,0,3,0,0,0,7,3,0,3,0,0,21,0,0,0,0,0,0,0,0,0,0,0,0,0,0,0,0,0,0,0,7,4,0,4,12,6,16,8,7,4,62,5,18,33,55,45,40,23,16,4,242,0,0,5,4,0,0,0,0,0,9,0,0,0,0,0,0,0,0,0,0,0,10,0,8,0,10,8,5,0,36,0,0,0,0,0,5,3,4,0,10,0,3,10,15,17,12,4,0,0,67,0,0,6,3,3,0,4,0,0,28,0,0,5,4,12,3,0,0,0,32,0,3,14,12,10,6,0,0,0,41,0,0,0,5,8,0,0,0,0,16,0,0,0,0,0,0,0,0,0,3
LGA52310,0,0,4,3,5,8,7,0,0,34,0,0,3,0,11,8,7,0,0,29,0,0,8,7,0,4,6,0,0,28,0,0,3,4,5,7,4,0,0,29,0,0,0,0,4,0,0,0,0,13,0,3,3,5,0,0,0,0,0,9,0,0,0,0,0,0,0,0,0,0,0,0,0,0,0,0,0,0,0,0,3,4,3,7,7,10,3,9,0,46,3,14,27,21,38,42,29,12,3,197,0,0,0,3,0,4,0,0,0,3,0,0,0,0,0,0,0,0,0,5,0,0,8,10,18,12,4,5,0,64,0,0,0,0,5,0,3,0,0,12,5,4,5,3,6,3,0,0,0,26,0,0,4,8,6,11,3,0,0,33,0,0,0,12,9,4,3,0,0,26,0,0,8,3,8,3,8,0,0,32,0,0,6,7,7,3,6,0,0,21,0,0,0,0,0,0,0,0,0,9
LGA52380,0,0,0,0,0,0,3,0,0,4,0,0,4,0,0,5,0,0,0,3,0,0,0,0,3,0,0,0,0,6,0,0,0,0,0,0,3,0,0,7,0,0,0,0,0,0,0,0,0,0,0,0,0,0,0,0,0,0,0,0,0,0,0,0,0,0,0,0,0,0,0,0,0,0,0,0,0,0,0,0,0,4,0,3,0,0,6,0,0,9,0,5,4,5,5,6,12,0,0,44,0,0,0,0,0,0,0,0,0,3,0,0,0,0,0,0,0,0,0,0,0,0,0,0,8,6,10,0,0,19,0,0,0,0,0,3,0,0,0,4,0,0,0,0,0,0,0,0,0,0,0,0,0,0,5,0,0,0,0,6,0,0,0,0,0,0,0,0,0,4,0,0,0,0,5,7,0,0,0,8,0,0,0,0,0,0,0,0,0,4,0,0,0,0,0,0,0,0,0,0
LGA52450,0,0,10,8,6,4,4,3,0,36,0,0,7,13,6,8,0,4,0,37,0,0,12,3,11,3,0,0,0,38,0,0,0,12,3,4,0,0,0,24,0,0,0,0,0,3,0,0,0,0,0,0,4,0,0,3,0,0,0,16,0,0,0,0,0,0,0,0,0,0,0,0,0,0,0,0,0,0,0,3,3,0,3,14,5,6,10,5,4,48,13,20,42,56,34,26,25,11,3,227,0,0,0,0,0,0,0,0,0,0,0,0,0,3,0,0,0,0,0,4,0,13,18,18,12,13,14,5,0,93,0,0,4,0,4,0,0,0,0,8,11,5,13,9,11,13,0,0,0,55,0,0,0,3,3,11,6,4,0,30,0,5,8,9,7,6,7,0,0,43,3,0,13,13,12,6,4,0,0,63,0,3,7,3,4,11,0,0,0,22,0,0,0,0,0,0,0,0,0,6
LGA52520,0,0,10,8,3,6,7,0,0,40,0,0,6,12,10,5,4,4,4,45,0,3,8,20,5,5,0,0,0,49,0,0,6,3,3,3,0,0,0,17,0,0,5,0,0,0,0,0,0,3,0,0,0,0,0,0,0,0,0,10,0,0,0,0,0,0,0,0,0,0,0,0,0,0,0,0,0,0,0,4,3,7,8,18,18,13,8,7,0,81,8,14,59,75,44,41,20,13,7,279,0,0,0,0,0,0,0,0,0,0,0,0,0,0,0,0,0,0,0,0,4,20,22,18,12,12,5,0,0,87,0,3,5,0,4,0,0,0,0,11,0,3,12,10,13,6,0,3,0,44,0,0,12,3,11,8,5,4,0,37,0,6,9,7,11,5,5,5,0,46,0,8,17,6,0,3,0,0,0,46,0,0,0,5,3,0,0,0,0,17,0,0,0,0,0,0,0,0,0,0
LGA52590,4,0,24,15,10,24,18,13,6,103,0,0,13,17,17,29,22,7,0,110,0,6,23,22,16,32,23,4,0,129,0,3,15,16,20,17,8,0,0,81,0,0,6,0,0,3,0,6,0,21,0,3,10,13,19,9,4,3,0,57,0,0,0,0,0,0,0,0,0,0,0,0,0,0,0,0,0,0,0,4,5,11,26,17,15,21,36,20,7,151,17,28,126,113,117,148,124,50,12,741,0,3,3,7,6,0,3,0,0,22,0,0,0,0,3,0,0,0,0,10,3,13,57,43,55,42,44,14,0,280,5,9,8,20,11,14,10,4,0,78,6,6,27,25,23,17,8,5,0,111,0,0,8,16,20,19,22,0,0,94,0,0,14,25,20,23,18,3,0,107,3,9,25,27,20,28,8,5,0,122,0,3,15,14,11,15,4,0,0,57,0,0,0,4,6,8,0,0,0,23
LGA52660,10,32,92,137,97,94,57,41,13,562,13,18,65,105,118,91,53,17,4,491,25,30,201,165,108,98,65,19,11,720,23,40,113,133,109,79,34,9,4,542,3,14,23,22,17,9,5,3,0,90,13,27,79,61,46,24,15,12,0,281,0,0,0,3,0,0,0,0,0,6,0,6,9,7,3,3,0,0,0,23,18,16,59,46,58,54,57,78,51,442,114,195,701,727,607,490,300,189,84,3407,0,4,19,30,31,12,0,0,0,106,0,5,20,13,5,0,0,0,0,49,21,117,267,293,239,180,91,36,12,1249,12,48,70,44,77,34,18,10,0,318,3,10,32,30,34,13,3,3,0,129,0,9,76,87,93,55,43,16,0,385,3,14,63,99,88,70,18,12,12,387,26,74,167,168,131,67,24,12,6,672,9,34,90,79,65,54,15,5,0,349,0,9,23,14,6,12,6,0,0,73
LGA52730,5,4,23,52,57,70,55,36,5,309,0,6,18,42,55,72,59,27,6,293,4,6,28,53,42,47,50,20,3,248,3,7,22,44,40,77,58,22,3,268,0,0,12,25,23,16,20,8,0,110,3,3,12,21,14,12,15,6,0,84,0,0,0,0,0,0,0,0,0,4,0,3,4,7,3,5,3,0,0,30,23,8,34,37,50,44,50,38,22,299,40,42,175,317,337,394,338,158,41,1835,0,0,8,26,18,25,25,0,0,112,0,0,0,4,13,4,8,0,0,25,0,9,29,50,92,72,63,26,5,353,3,21,33,20,40,28,21,11,0,176,8,5,20,26,47,29,24,5,0,164,0,0,26,57,72,64,48,13,0,280,0,0,27,45,56,79,55,17,0,276,5,3,32,63,59,56,40,13,3,274,0,7,30,45,65,50,43,11,6,265,3,5,6,20,30,32,18,3,0,114
LGA52800,0,17,46,28,23,29,29,3,0,163,0,15,49,33,34,37,16,0,0,177,0,13,48,40,30,24,9,0,0,160,0,0,29,36,33,24,6,0,0,138,0,0,7,8,4,4,4,0,0,23,0,16,23,12,9,3,0,0,0,58,0,0,0,0,0,0,0,0,0,0,0,0,0,0,0,5,0,0,0,7,57,67,139,96,90,66,43,17,4,578,70,142,354,276,228,195,102,20,4,1396,0,3,8,9,5,0,3,0,0,28,0,0,7,7,0,0,0,0,0,19,7,21,65,63,59,51,12,4,0,275,0,20,36,26,26,18,10,0,0,138,11,23,22,25,13,10,3,0,0,108,0,12,46,49,54,35,14,0,0,209,0,20,73,61,45,37,5,0,0,243,7,20,67,49,38,25,5,0,0,205,0,16,54,48,32,27,0,0,0,178,0,0,11,8,7,3,0,0,0,33
LGA52870,5,8,24,44,36,55,53,20,8,244,5,7,19,37,51,56,51,20,3,256,6,11,49,57,54,48,33,8,4,263,11,11,17,41,40,63,30,7,0,220,0,0,4,10,15,9,9,9,0,64,7,5,17,14,10,11,4,5,0,87,0,0,0,0,0,0,0,0,0,0,0,0,0,0,0,8,0,5,0,16,13,5,16,24,36,35,41,32,14,212,60,47,182,282,284,310,241,108,22,1530,0,0,8,13,12,14,6,0,0,46,0,5,3,6,6,6,0,0,0,29,19,22,49,88,103,93,71,20,3,456,0,7,19,23,32,23,14,8,0,125,4,3,21,33,32,26,14,0,0,127,5,7,24,46,71,57,21,8,3,230,0,8,19,44,48,66,41,3,0,219,6,22,28,53,51,57,33,7,5,264,3,6,26,40,47,39,16,4,0,181,0,3,7,4,11,17,5,3,3,55
LGA52940,0,0,0,10,0,3,8,0,0,27,0,0,0,9,10,0,10,0,0,25,0,0,0,4,9,4,4,0,0,30,0,3,4,5,4,0,9,0,0,17,0,0,0,0,0,0,0,0,0,0,0,0,0,0,0,0,0,0,0,5,0,0,0,0,0,0,0,0,0,0,0,0,0,0,0,0,0,0,0,0,3,3,0,0,3,3,5,0,0,21,3,4,11,31,28,20,29,3,6,135,0,0,0,0,0,0,0,0,0,0,0,0,0,0,0,0,0,0,0,3,0,0,3,3,6,4,9,0,0,29,0,0,3,4,0,0,3,0,0,11,0,0,9,4,4,9,0,0,0,30,0,0,4,7,4,5,3,6,0,27,0,4,10,4,0,8,0,0,0,26,0,0,7,7,0,0,0,0,0,19,0,0,7,0,5,5,0,0,0,17,0,0,0,0,0,0,0,0,0,0
LGA53010,0,0,4,5,3,10,6,0,0,22,0,0,8,7,3,8,6,0,0,24,0,0,3,5,3,0,0,0,0,18,0,0,0,11,9,5,0,0,0,20,0,0,0,0,0,0,0,0,0,3,0,0,3,0,0,0,0,0,0,6,0,0,0,0,0,0,0,0,0,0,0,0,0,0,0,0,0,0,0,0,4,0,0,4,11,11,11,0,0,44,4,6,25,36,29,34,21,0,0,149,0,0,0,0,0,0,0,0,0,4,0,0,0,0,0,0,0,0,0,5,0,0,4,3,4,5,3,0,0,23,0,0,0,0,0,0,0,0,0,0,3,0,8,7,0,7,0,0,0,29,0,0,4,3,13,4,0,0,0,20,0,0,7,4,8,3,0,0,0,32,0,0,16,7,0,3,0,0,0,30,0,0,8,3,7,0,0,0,0,16,0,0,4,0,0,0,0,0,0,5
LGA53080,0,0,4,0,0,7,3,0,0,15,0,0,0,0,0,3,0,0,0,6,0,0,5,0,0,0,4,0,0,10,0,0,4,0,0,3,0,0,0,10,0,0,0,0,0,0,0,0,0,6,0,0,0,0,0,0,0,0,0,4,0,0,0,0,0,0,0,0,0,0,0,0,0,0,0,0,0,0,0,0,0,5,8,9,15,14,6,5,0,62,3,9,25,18,17,28,10,6,0,127,0,0,3,0,3,0,0,0,0,12,0,0,4,0,0,4,0,0,0,5,0,10,21,17,21,9,15,0,0,100,0,0,0,0,0,5,0,0,0,11,0,0,5,5,3,0,3,0,0,14,0,0,3,11,4,6,0,0,0,23,0,0,3,11,3,5,0,0,0,30,0,3,6,6,4,5,0,0,0,22,0,3,8,4,0,4,4,0,0,16,0,0,0,4,0,0,0,0,0,10
LGA53150,0,19,82,91,105,106,64,27,3,498,0,7,29,52,81,84,79,27,14,374,3,9,56,97,108,81,41,14,10,420,0,21,59,74,93,59,68,29,4,411,8,5,28,42,31,28,4,4,0,155,4,0,7,11,22,21,8,5,0,85,0,0,0,0,0,0,0,0,0,5,0,0,7,5,12,14,3,0,0,46,11,8,17,31,25,22,24,35,64,230,30,96,324,470,537,467,312,150,95,2476,0,10,32,35,46,38,22,0,0,186,0,0,7,11,17,0,3,0,0,42,4,21,58,110,127,103,54,33,12,519,0,16,20,33,35,33,12,8,0,159,0,0,19,19,25,13,0,4,0,83,0,17,75,108,152,78,34,8,6,488,6,11,35,71,135,104,45,16,3,426,3,31,99,177,151,107,37,17,4,627,3,34,58,115,131,99,37,10,6,488,0,13,41,35,35,24,14,9,0,160
LGA53220,0,14,56,37,29,16,0,3,0,157,0,8,51,40,30,25,0,0,0,158,6,22,97,86,40,9,0,0,0,266,4,23,60,50,19,17,0,0,0,178,0,4,18,3,4,0,0,0,0,31,0,11,47,36,18,15,0,0,0,125,0,0,0,0,0,0,0,0,0,0,0,0,3,6,0,0,0,0,0,10,21,59,181,123,82,66,14,6,0,562,45,153,582,419,247,160,29,13,0,1645,0,26,69,48,23,6,3,0,0,174,0,9,23,16,10,0,0,0,0,46,11,208,693,547,391,187,24,0,0,2064,0,42,102,72,58,22,5,0,0,300,0,10,57,33,21,14,0,0,0,142,3,15,81,59,44,18,7,0,0,242,0,18,74,56,37,18,7,0,0,213,10,54,167,137,74,36,0,0,0,474,3,27,76,48,45,15,0,0,0,217,0,6,27,15,5,5,0,0,0,52
LGA53290,3,21,77,83,78,81,56,43,15,456,3,9,76,79,104,86,60,31,9,452,22,48,112,119,136,84,31,17,11,591,6,21,72,76,62,62,46,7,0,358,0,5,22,25,19,10,4,7,0,91,9,23,68,47,45,31,20,0,0,240,0,0,0,0,0,0,0,0,0,5,0,0,4,0,3,5,0,3,0,23,46,34,75,109,98,90,84,84,30,648,101,189,566,604,592,467,315,210,56,3107,0,0,13,21,9,7,7,0,0,56,0,0,16,6,9,6,0,0,0,37,20,71,153,212,183,147,78,27,10,902,14,30,48,62,63,45,26,13,3,301,15,21,71,94,71,47,29,14,3,365,0,16,66,81,103,67,55,20,3,417,4,8,92,111,120,76,42,5,0,475,20,45,121,152,101,79,35,12,0,570,14,28,72,85,81,52,21,3,0,356,8,18,26,28,20,9,7,0,0,113
LGA53360,0,6,20,26,19,10,4,5,0,91,0,5,24,25,22,21,6,0,0,103,7,14,34,34,29,14,8,0,0,141,0,4,25,18,20,10,0,3,0,89,0,0,17,11,12,0,0,0,0,39,0,6,26,13,12,14,3,4,0,70,0,0,0,0,0,0,0,0,0,3,0,0,0,0,0,0,0,0,0,0,9,5,31,26,12,26,19,9,0,133,22,50,236,180,141,98,50,22,9,802,0,0,18,7,5,3,0,0,0,31,0,0,0,3,0,0,0,0,0,4,4,11,55,58,51,56,22,10,3,267,0,3,26,33,17,17,15,4,0,114,0,7,17,13,3,5,0,0,0,41,0,0,17,19,21,7,3,0,0,73,0,4,16,17,19,12,0,3,0,67,5,6,34,42,22,13,14,0,0,136,0,8,16,23,11,5,3,0,0,72,0,0,0,7,0,4,0,0,0,19
LGA53430,5,79,428,353,306,345,210,89,14,1818,11,40,183,208,242,288,254,86,13,1318,11,58,304,347,311,273,133,54,17,1506,16,88,348,366,374,367,292,93,13,1942,14,72,204,183,136,111,82,26,5,830,15,35,101,89,79,53,49,8,3,426,3,0,5,0,0,4,0,4,0,14,0,7,42,44,34,23,18,6,0,178,36,78,185,134,141,105,135,97,124,1043,115,530,2055,1986,1832,1723,1244,493,198,10170,0,35,208,175,144,99,41,10,0,717,0,12,80,55,41,31,4,0,0,230,18,95,422,381,406,331,191,111,30,1996,4,51,169,151,147,104,74,36,7,745,0,19,113,90,80,48,17,8,0,372,0,79,398,375,334,241,129,39,10,1615,4,37,163,211,274,315,123,42,9,1175,18,107,409,440,378,258,130,45,13,1812,8,102,361,455,414,396,152,41,9,1946,12,91,229,225,149,122,41,7,0,876
LGA53570,3,0,20,29,23,41,27,15,3,163,0,0,18,24,24,26,23,10,0,129,4,9,46,38,35,47,36,11,0,235,0,7,31,19,29,23,20,5,0,133,0,0,10,0,4,8,0,0,0,28,0,9,24,16,22,10,9,5,3,93,0,0,0,0,0,0,0,0,0,0,0,0,3,3,4,0,0,0,0,15,12,16,35,25,43,29,44,37,10,240,25,47,202,184,207,208,193,86,16,1159,0,0,6,4,3,10,5,0,0,30,0,0,0,3,0,9,0,0,0,18,0,5,35,91,81,111,83,18,7,443,0,5,12,15,20,24,24,11,0,116,0,8,29,32,14,22,11,4,0,118,0,6,18,12,26,24,21,7,0,114,0,0,15,28,27,37,10,6,5,132,0,16,28,33,41,53,25,5,0,204,4,10,18,15,11,15,9,0,0,88,0,0,4,3,11,8,0,0,0,30
LGA53640,0,0,11,7,0,0,3,0,0,29,0,0,7,13,10,6,7,0,0,39,0,0,13,6,9,6,3,0,0,45,0,0,0,5,8,3,5,0,0,19,0,0,0,0,0,0,0,0,0,10,0,0,5,0,0,6,0,0,0,11,0,0,0,0,0,0,0,0,0,0,0,0,0,0,0,3,0,0,0,4,7,0,7,6,0,11,6,0,0,41,7,12,61,41,40,32,23,0,3,221,0,0,0,4,0,0,0,0,0,5,0,0,0,0,0,0,0,0,0,0,0,0,6,8,8,6,0,0,0,38,0,0,0,4,0,4,3,0,0,18,0,10,20,17,12,19,8,0,0,80,0,0,3,5,8,13,3,0,0,32,0,0,7,13,7,14,3,0,0,42,4,0,5,13,7,4,3,0,0,45,0,6,3,8,7,4,0,0,0,32,0,0,4,0,0,3,0,0,0,5
LGA53710,0,3,6,3,6,11,9,5,0,38,0,0,0,6,0,4,8,0,0,26,0,0,6,13,7,7,0,0,0,35,0,0,5,8,3,5,3,0,0,22,0,0,0,0,0,0,0,0,0,4,0,3,5,0,3,5,0,0,0,11,0,0,0,0,0,0,0,0,0,0,0,0,0,0,0,0,0,0,0,0,3,4,3,7,5,9,14,6,5,56,3,13,23,48,37,49,36,11,5,223,0,0,0,0,0,0,0,0,0,5,0,0,0,5,0,0,0,0,0,5,3,0,10,6,7,15,9,3,0,55,0,0,0,0,3,0,0,0,0,5,0,0,10,3,10,9,0,0,0,31,0,0,3,5,6,10,3,0,0,28,0,0,11,10,3,8,5,0,0,39,0,6,9,11,10,6,0,0,0,42,0,6,0,5,8,0,0,0,0,14,0,0,0,0,0,0,0,0,0,4
LGA53780,49,392,1115,992,663,501,344,156,37,4249,53,180,556,731,634,463,292,110,34,3050,93,368,1428,1992,1349,781,417,150,45,6624,101,350,979,1167,897,642,315,78,10,4542,68,142,254,191,128,57,31,19,6,890,92,271,575,481,314,197,125,47,3,2109,13,7,10,7,3,11,11,8,0,68,8,22,94,114,64,43,29,7,8,396,207,244,624,583,445,329,335,314,245,3321,720,2228,6562,7293,4947,3267,2016,954,403,28393,3,118,356,301,171,115,38,10,0,1126,45,127,567,330,158,45,15,0,0,1283,117,569,1895,1907,1751,1454,769,275,38,8780,59,226,466,413,380,351,230,98,19,2243,23,60,188,133,115,61,34,14,3,632,37,252,721,657,645,429,233,88,21,3078,19,140,538,607,558,409,186,62,17,2534,169,679,2309,1778,1207,785,346,106,20,7405,118,383,1031,806,701,484,196,46,5,3781,49,145,358,205,102,65,39,22,0,997
LGA53800,25,140,368,302,302,209,173,77,27,1633,6,47,227,282,349,262,136,47,14,1369,36,122,324,379,350,275,125,40,15,1669,35,71,222,267,278,232,118,23,3,1251,15,38,45,54,37,34,17,5,0,240,19,69,139,135,148,57,39,24,3,629,4,9,6,5,3,5,4,0,0,24,3,5,10,5,9,18,4,6,5,65,113,121,254,270,246,224,208,181,130,1750,285,670,1727,1853,1852,1386,870,427,202,9271,3,12,45,70,31,26,12,0,5,204,26,30,50,35,27,13,4,0,0,182,52,236,526,636,595,487,236,100,12,2871,36,110,202,191,215,164,75,34,9,1043,20,36,120,111,91,57,23,5,0,468,17,84,239,319,285,230,102,52,15,1337,5,42,203,298,298,181,87,27,7,1157,63,157,378,448,390,253,88,31,11,1817,51,89,201,251,228,155,38,7,0,1025,7,29,66,52,48,25,12,10,0,244
LGA53920,0,4,14,10,8,9,5,0,0,44,0,8,23,16,9,19,3,0,0,87,0,3,8,11,11,5,0,0,0,45,0,3,24,8,15,12,9,0,0,69,0,0,0,0,4,3,0,0,0,13,0,4,4,4,0,0,0,0,0,15,0,0,0,0,0,0,0,0,0,0,0,0,0,0,0,0,0,0,0,4,19,29,51,49,32,25,23,8,4,232,31,49,132,109,87,77,39,10,4,542,0,0,3,0,6,0,0,0,0,8,0,0,3,3,4,0,0,0,0,11,0,7,35,13,17,16,7,0,0,108,0,5,13,5,10,11,6,0,0,48,4,11,19,3,5,4,0,0,0,46,0,3,18,12,17,11,0,0,0,60,0,5,34,11,20,33,7,0,0,114,5,7,24,14,7,19,6,0,0,79,0,3,20,8,23,17,3,0,0,80,0,0,5,0,0,0,3,0,0,19
LGA53990,28,42,158,202,187,228,151,60,13,1067,12,33,144,216,240,193,133,50,9,1031,25,80,275,322,260,201,101,40,3,1317,45,70,165,258,236,165,99,24,4,1056,4,17,49,37,28,21,17,10,4,185,27,40,146,123,87,68,44,11,5,547,5,0,0,0,0,4,0,0,0,8,3,7,12,10,23,11,6,0,0,84,50,41,101,92,82,107,123,85,38,717,227,367,1161,1399,1253,1096,711,292,74,6576,0,7,27,57,55,10,9,8,0,175,5,16,36,21,13,7,4,0,0,92,35,154,409,517,487,345,152,56,11,2160,11,59,124,113,124,103,64,21,7,617,21,17,48,68,70,40,23,11,3,291,10,25,128,160,219,163,88,21,0,817,0,20,96,224,207,164,71,17,3,813,48,109,235,295,238,158,75,16,8,1171,16,45,145,168,131,113,36,12,0,673,8,7,31,31,26,20,10,9,0,139
LGA54060,3,5,19,11,31,31,26,18,0,140,0,4,5,16,19,35,27,8,0,115,3,9,21,20,42,21,17,15,0,138,0,0,10,16,16,14,15,4,0,67,0,0,0,0,0,3,0,0,0,14,0,4,9,13,19,10,3,5,0,61,0,0,0,0,0,0,0,0,0,0,0,0,0,0,0,0,0,0,0,6,9,5,14,26,24,33,36,30,5,191,20,30,77,130,159,147,142,75,11,793,0,5,5,3,0,0,0,0,0,19,0,0,0,4,0,0,0,0,0,12,0,15,36,66,79,77,42,19,0,334,0,0,15,27,25,31,18,0,0,114,0,0,16,13,12,7,8,0,0,57,0,3,11,20,26,30,23,0,0,115,0,0,13,28,25,23,10,5,4,112,0,8,16,33,28,24,14,8,0,129,0,3,9,26,12,12,12,0,0,73,0,0,7,0,7,3,5,0,0,19
LGA54130,0,0,5,0,5,8,3,3,0,29,0,0,11,13,14,6,5,0,0,52,0,0,16,16,3,4,6,0,0,43,0,0,3,5,0,3,0,0,0,20,0,0,4,0,0,0,0,0,0,3,0,0,4,7,5,0,0,0,0,13,0,0,0,0,0,0,0,0,0,0,0,0,0,0,0,0,0,0,0,0,3,6,0,3,12,9,6,6,0,43,3,10,61,56,52,37,20,13,0,247,0,0,0,0,0,0,0,0,0,6,0,0,0,0,0,0,0,0,0,0,5,0,12,9,10,3,8,5,0,57,0,4,0,4,3,4,0,0,0,19,0,7,16,21,21,8,4,0,0,69,0,0,5,5,6,3,3,0,0,26,0,0,8,10,5,10,4,0,0,47,0,3,14,10,6,4,0,0,0,38,0,0,8,5,4,0,0,0,0,16,0,0,0,0,0,0,0,0,0,0
LGA54170,56,427,1399,1510,1504,1498,859,316,80,7649,74,223,899,1400,1634,1435,984,320,58,7025,125,411,1330,2403,2325,1748,1057,340,102,9843,115,413,971,1400,1301,1029,657,156,19,6053,89,181,374,429,261,154,108,31,10,1641,95,257,590,585,544,393,274,98,22,2846,21,10,8,4,5,12,8,0,0,65,11,31,62,117,109,72,49,16,3,469,123,136,387,413,384,375,402,367,297,2871,731,2328,6706,9240,8880,7243,4641,1701,625,42094,5,202,443,611,538,371,131,40,5,2343,63,141,428,525,379,164,28,0,0,1732,134,812,1833,2743,3463,2962,1311,456,134,13850,113,533,886,1128,1143,858,355,147,35,5185,33,92,259,246,211,108,46,18,5,1016,33,463,1102,1650,1996,1165,477,183,50,7124,25,209,869,1511,1903,1483,529,181,54,6762,180,896,2266,3332,3139,2278,842,318,81,13317,170,589,1302,1482,1384,1019,346,87,17,6400,73,322,537,430,270,234,95,33,5,2005
LGA54200,24,150,440,452,380,401,294,162,40,2344,27,62,299,430,436,364,334,161,39,2150,71,134,511,798,668,452,312,126,39,3117,63,128,357,446,434,381,229,73,23,2145,18,60,125,130,90,61,42,26,4,559,44,112,240,228,191,111,81,40,4,1052,12,0,3,0,3,5,0,0,0,28,0,8,27,30,42,17,20,8,0,164,87,71,199,224,180,187,165,191,143,1449,359,816,2502,3128,2695,2138,1583,831,317,14368,0,45,142,165,131,132,82,30,4,735,19,35,124,134,84,39,4,0,0,439,73,329,793,1000,1106,990,589,261,52,5198,33,120,185,230,225,240,161,62,14,1265,0,37,105,110,82,68,35,26,0,465,11,113,313,378,471,391,221,102,22,2022,17,67,256,399,432,467,253,97,22,2003,64,262,721,757,656,592,363,110,31,3561,47,146,385,437,440,364,170,62,12,2067,28,81,153,130,95,72,49,15,5,628
LGA54280,11,84,219,172,154,138,52,17,0,845,10,53,178,194,169,108,42,14,9,771,29,90,308,319,240,149,43,8,0,1183,15,65,216,181,113,115,30,11,0,744,8,10,42,41,12,10,3,0,0,131,24,79,178,110,88,36,9,4,0,538,5,3,6,0,0,0,0,0,0,15,0,0,12,13,10,9,4,0,0,55,80,110,268,227,198,176,127,47,51,1284,197,532,1615,1419,1071,775,324,106,64,6097,0,38,114,87,49,21,4,0,0,319,9,17,56,24,13,5,0,0,0,126,48,401,1018,861,647,366,104,27,9,3479,10,50,118,106,111,76,34,11,0,521,8,17,71,42,29,19,5,0,0,195,7,69,200,249,208,119,30,5,0,895,5,56,234,225,170,72,28,9,0,797,40,136,431,352,266,122,18,9,0,1378,15,75,247,174,150,89,17,0,0,761,0,22,80,48,25,14,0,0,0,196
LGA54310,0,39,193,172,94,73,15,3,0,594,0,38,175,206,136,61,15,0,0,634,26,60,330,337,213,80,19,3,0,1080,6,44,160,157,122,52,16,0,0,561,0,9,48,30,17,8,0,0,0,110,11,28,101,94,66,28,0,0,0,329,0,3,3,0,0,0,0,0,0,7,0,4,12,12,12,4,0,0,0,49,76,100,347,302,205,135,41,15,5,1220,133,347,1523,1468,963,460,114,27,7,5032,0,6,64,66,26,9,0,0,0,173,3,9,31,24,17,3,0,0,0,86,34,246,972,909,722,342,55,7,0,3289,11,69,209,174,129,75,7,0,0,672,3,16,56,47,31,14,5,0,0,172,0,36,169,165,136,62,6,0,0,569,0,25,180,164,111,54,3,0,0,543,38,101,407,320,240,82,10,0,0,1194,5,63,196,159,103,58,4,0,0,591,5,14,52,32,22,11,0,0,0,137
LGA54340,0,8,29,19,17,19,14,5,4,114,4,7,23,26,19,24,8,6,0,124,7,8,19,17,11,12,9,0,0,88,6,15,19,25,21,12,0,0,0,85,0,5,3,0,6,0,3,0,0,11,5,4,15,7,9,3,4,0,0,48,0,0,0,0,0,0,0,0,0,3,0,0,0,0,0,0,0,0,0,0,18,19,30,26,21,26,25,20,14,202,44,75,156,139,107,108,68,42,21,757,0,0,11,0,4,0,0,0,0,18,7,0,3,4,0,0,0,0,0,25,6,18,42,40,57,35,17,6,0,215,0,4,10,7,9,15,5,4,0,53,3,11,29,33,20,13,5,3,0,125,4,7,9,23,20,21,11,11,5,113,4,7,31,32,29,26,8,0,0,134,3,13,34,35,25,25,4,0,0,135,0,8,25,24,24,13,0,5,0,105,0,0,3,0,0,6,0,0,0,5
LGA54410,6,0,4,4,3,8,5,5,0,27,0,0,6,13,12,7,8,0,0,44,0,6,7,5,4,6,0,0,0,35,0,0,3,0,4,10,3,0,0,29,0,0,0,0,0,0,0,0,0,6,0,0,4,3,5,0,0,0,0,9,0,0,0,0,0,0,0,0,0,0,0,0,0,0,0,0,0,0,0,4,12,3,4,4,13,11,6,10,11,77,11,15,29,36,46,41,30,27,8,246,0,0,0,0,0,4,0,0,0,4,0,0,0,0,0,0,0,0,0,3,0,3,10,8,18,10,10,5,0,61,0,3,0,0,3,3,6,0,0,13,0,4,9,7,6,7,0,0,0,25,0,0,0,8,6,13,6,3,0,30,0,3,11,12,4,4,3,3,4,44,0,3,13,11,8,3,6,0,0,45,0,0,0,4,14,3,0,0,0,23,0,0,0,0,0,0,0,0,0,7
LGA54480,0,0,4,0,0,6,3,0,0,13,0,0,8,3,6,5,0,0,0,16,0,0,0,5,4,0,0,0,0,7,0,0,4,0,0,0,0,0,0,9,0,0,0,0,0,0,0,0,0,0,0,0,0,6,4,0,0,0,0,6,0,0,0,0,0,0,0,0,0,0,0,0,0,0,0,0,0,0,0,0,0,0,3,4,7,0,4,5,0,16,0,4,17,26,19,7,6,8,0,94,0,0,3,0,0,0,0,0,0,9,0,0,0,4,0,0,0,0,0,3,4,3,0,4,4,6,0,0,0,25,0,0,4,0,0,0,0,0,0,0,0,0,12,6,4,6,5,0,0,30,0,0,3,0,3,3,0,0,0,15,0,0,10,3,6,3,0,0,0,27,0,0,8,8,6,0,0,0,0,21,0,0,3,0,0,0,0,0,0,3,0,0,0,0,0,0,0,0,0,0
LGA54550,0,0,14,15,12,15,10,9,6,87,5,3,10,14,17,14,16,0,0,77,0,9,13,15,3,9,3,3,0,49,0,0,11,6,3,5,4,0,0,31,0,3,3,0,0,0,0,0,0,10,0,0,3,3,5,0,4,0,0,20,0,0,0,0,0,0,0,0,0,0,0,0,0,0,0,0,0,0,0,0,0,5,11,13,10,20,8,17,11,86,10,24,72,82,71,66,50,29,23,428,0,0,5,0,0,0,0,0,0,10,0,0,0,0,0,0,0,0,0,0,4,8,24,12,18,11,11,6,0,90,0,0,4,0,7,4,6,0,0,24,3,5,22,23,17,14,7,0,0,104,0,5,12,21,14,14,8,11,0,80,0,3,16,25,16,18,6,5,0,80,0,0,20,18,11,11,6,0,0,74,0,7,5,5,10,8,0,0,0,33,0,0,0,0,0,0,0,0,0,8
LGA54620,0,0,3,4,6,4,3,4,0,25,0,0,3,6,7,5,10,0,0,33,0,0,11,6,3,0,0,0,0,17,0,0,4,7,3,6,0,0,0,23,0,0,0,0,0,0,0,0,0,3,0,3,4,4,0,4,0,0,0,16,0,0,0,0,0,0,0,0,0,0,0,0,0,0,0,0,0,0,0,0,3,0,5,11,6,7,0,4,3,43,3,6,29,45,33,32,21,10,3,178,0,0,4,0,0,0,0,0,0,7,0,0,0,0,0,0,0,0,0,3,0,10,28,12,18,11,3,0,0,84,0,0,3,0,0,0,3,0,0,13,0,5,11,6,10,0,3,0,0,33,0,0,6,10,11,3,3,0,0,34,0,0,4,5,3,13,9,0,0,35,4,0,5,7,3,5,0,0,0,24,0,0,9,6,4,3,0,0,0,21,0,0,0,0,0,0,0,0,0,6
LGA54690,0,0,3,5,0,5,0,0,0,8,0,0,3,0,6,0,3,0,0,13,0,0,0,0,0,0,0,0,0,12,0,0,0,0,0,0,0,0,0,4,0,0,0,0,0,0,0,0,0,0,0,0,0,0,0,0,0,0,0,0,0,0,0,0,0,0,0,0,0,0,0,0,0,0,0,0,0,0,0,0,0,0,0,0,4,3,3,0,0,11,0,3,12,13,16,12,4,0,0,64,0,0,0,0,0,0,0,0,0,3,0,0,0,0,0,0,0,0,0,0,0,3,4,4,5,4,3,0,0,25,0,0,0,0,0,0,0,0,0,0,0,0,10,9,0,5,0,0,0,18,0,0,0,0,3,0,0,0,0,8,0,0,4,0,0,8,0,0,0,8,0,0,7,9,0,3,0,0,0,14,0,0,0,3,0,0,0,3,0,10,0,0,0,0,0,0,0,0,0,0
LGA54760,0,0,0,3,4,8,0,4,0,19,0,0,7,16,9,6,6,0,0,49,0,0,6,4,9,4,0,0,0,27,0,0,3,4,0,0,0,0,0,14,0,0,0,4,0,0,0,0,0,5,0,0,3,3,4,0,0,0,0,11,0,0,0,0,0,0,0,0,0,0,0,0,0,0,0,0,0,0,0,0,4,0,8,6,0,3,7,3,0,31,4,4,33,45,37,30,14,6,0,170,0,0,0,0,0,0,0,0,0,0,0,0,0,0,0,0,0,0,0,0,0,0,3,12,7,10,4,0,4,35,0,0,6,0,0,0,0,0,0,10,0,0,13,7,6,4,0,0,0,30,0,0,0,6,3,5,5,0,0,24,0,0,10,7,14,11,0,0,0,43,0,0,9,9,5,5,0,0,0,27,0,0,6,8,0,0,0,0,0,18,0,0,0,0,5,0,0,0,0,4
LGA54830,26,148,496,413,251,181,100,46,5,1662,20,75,299,278,189,152,74,19,3,1099,35,139,585,721,416,206,96,33,10,2250,28,159,474,473,379,212,100,24,4,1850,23,40,95,93,38,23,19,4,0,340,37,119,304,207,119,61,30,11,3,886,6,0,6,4,5,0,0,0,0,20,4,13,42,41,27,21,15,0,4,156,78,90,256,231,158,135,105,67,25,1153,269,846,2874,2795,1736,1066,573,208,57,10426,0,24,65,58,30,10,8,0,0,197,24,34,106,59,31,16,3,0,0,277,54,190,573,475,431,313,172,100,20,2327,12,53,153,126,100,88,59,34,5,623,3,40,47,63,35,26,11,0,0,216,10,60,175,171,141,96,43,17,10,715,5,30,159,130,102,73,26,14,0,538,35,148,537,314,227,112,64,12,5,1458,22,114,311,222,177,97,37,9,0,990,10,33,95,57,25,22,4,3,0,249
LGA54900,0,7,6,6,10,3,7,0,0,39,4,0,13,8,12,4,8,0,0,55,0,0,7,9,12,7,0,3,0,42,0,0,5,10,0,7,4,0,0,33,0,0,6,0,5,0,0,0,0,10,0,0,5,5,6,0,0,0,0,17,0,0,0,0,0,0,0,0,0,0,0,0,0,0,0,0,0,0,0,0,0,9,0,3,6,9,5,4,0,40,7,16,55,64,45,38,24,11,5,259,0,0,0,0,0,0,0,0,0,0,0,0,0,4,0,0,0,0,0,4,0,11,27,19,18,12,7,3,0,86,0,0,0,5,4,3,0,6,0,18,0,4,24,17,8,12,0,0,0,68,0,3,6,7,12,11,3,0,0,42,0,3,14,11,15,12,4,0,0,65,0,5,16,15,11,8,0,0,0,58,0,0,8,5,3,3,0,0,0,25,0,0,0,4,0,0,0,0,0,11
LGA54970,0,0,6,0,3,7,5,0,0,22,0,0,3,3,0,6,0,0,0,16,0,0,6,7,0,9,0,0,0,22,0,0,8,0,0,3,0,0,0,12,0,0,0,0,0,0,0,0,0,0,0,0,4,3,0,3,0,0,0,11,0,0,0,0,0,0,0,0,0,0,0,0,0,0,0,0,0,0,0,0,6,9,37,17,15,15,0,0,0,99,10,20,68,32,22,47,3,0,0,197,0,5,14,0,5,3,0,0,0,23,0,0,3,0,0,0,0,0,0,7,0,27,53,53,51,28,6,0,0,217,0,0,7,5,0,0,3,0,0,16,0,0,3,4,0,3,0,0,0,13,0,0,7,3,3,8,0,0,0,27,0,0,7,5,9,4,0,0,0,20,0,5,9,11,5,3,6,0,0,39,0,3,3,7,3,3,0,0,0,22,0,0,0,3,0,0,0,0,0,6
LGA55040,0,4,3,4,10,0,0,0,0,26,0,0,21,4,0,3,0,0,0,35,0,3,8,9,12,4,0,0,0,35,0,5,11,0,4,7,3,0,0,23,0,0,0,0,0,0,0,0,0,8,0,0,11,6,3,0,0,0,0,25,0,0,0,0,0,0,0,0,0,3,0,0,0,0,0,0,0,0,0,0,10,18,29,25,22,16,4,4,0,131,10,32,79,63,54,36,6,3,0,284,0,5,10,3,4,3,0,0,0,28,0,0,8,0,0,0,0,0,0,14,0,36,104,78,65,31,3,0,0,319,0,10,13,13,14,11,0,0,0,59,0,9,16,8,10,5,0,0,0,42,0,3,10,9,13,0,0,0,0,35,0,11,17,10,16,0,0,0,0,52,0,7,33,11,15,4,0,0,0,75,0,5,15,13,14,0,0,0,0,55,0,3,3,8,0,0,0,0,0,8
LGA55110,64,167,539,541,545,646,529,259,77,3368,43,120,437,570,653,569,439,193,50,3070,76,213,642,810,855,770,559,278,47,4255,79,250,629,727,672,699,383,103,18,3561,23,62,116,110,88,68,69,31,10,576,64,183,461,372,354,220,225,98,18,1983,8,5,4,4,0,3,7,0,0,41,4,14,26,36,39,38,20,13,5,205,148,172,337,358,372,352,428,501,408,3079,537,1289,3430,3832,3820,3579,2782,1524,648,21433,3,30,80,97,79,54,35,18,4,404,22,63,110,70,64,34,11,0,0,385,90,330,807,1064,1156,1058,923,431,91,5950,65,190,324,357,384,303,337,176,33,2170,9,27,152,130,93,62,59,29,5,576,21,94,290,401,532,447,318,153,30,2307,16,79,319,482,519,459,262,133,30,2300,112,260,636,768,754,656,503,189,39,3923,66,186,389,459,502,310,159,68,18,2158,29,42,107,87,62,67,57,28,6,484
LGA55180,6,17,41,28,44,78,67,31,5,307,4,13,36,56,75,70,54,14,6,323,15,21,60,74,62,52,31,5,0,322,7,8,46,47,47,55,47,7,0,272,0,4,16,16,12,12,5,4,0,73,4,18,35,32,21,12,12,3,0,145,0,0,0,0,0,0,0,0,0,7,0,0,4,7,7,3,7,0,0,25,37,20,33,45,70,75,57,46,20,391,79,102,310,348,385,405,288,120,31,2069,0,4,8,19,21,13,3,0,0,66,0,4,9,7,12,5,0,0,0,41,15,36,53,111,154,116,79,29,5,596,4,20,28,28,37,28,28,11,0,184,3,28,38,61,58,30,11,4,0,235,0,5,34,46,81,86,41,8,4,306,4,5,50,78,87,87,31,13,4,355,16,29,58,91,75,64,30,6,5,371,7,14,39,57,53,39,10,5,0,224,0,3,15,12,12,12,11,0,0,64
LGA55250,0,0,8,3,3,3,0,0,0,15,0,0,12,0,9,9,0,0,0,22,0,5,6,0,5,3,0,0,0,23,0,0,8,0,7,6,3,0,0,18,0,0,5,0,0,0,0,0,0,9,0,0,4,0,5,0,0,0,0,9,0,0,0,0,0,0,0,0,0,0,0,0,0,0,0,0,0,0,0,0,8,12,31,22,22,18,9,3,0,116,9,19,74,34,37,38,16,0,0,226,0,7,8,5,3,0,0,0,0,22,0,0,0,0,0,0,0,0,0,3,0,13,44,19,25,16,3,0,0,115,0,0,3,4,5,3,0,0,0,22,0,0,7,0,5,0,0,0,0,15,0,0,7,6,12,5,0,0,0,28,0,7,18,0,5,0,0,0,0,29,0,5,9,10,6,6,0,0,0,36,0,5,9,12,5,5,0,0,0,43,0,0,0,0,0,0,0,0,0,4
LGA55320,41,325,1157,1192,943,935,684,358,155,5798,52,110,517,668,885,881,795,351,128,4382,96,314,1000,1776,1703,1172,783,303,131,7281,60,251,678,858,888,713,529,223,46,4247,53,164,311,309,232,145,91,49,22,1376,40,106,227,260,270,182,141,70,19,1309,4,6,10,0,3,8,8,0,5,41,8,14,44,81,73,52,55,19,15,368,120,121,277,271,268,255,299,269,313,2192,493,1695,4897,6293,5893,4824,3638,1749,855,30344,0,178,480,506,526,429,183,64,18,2381,24,115,386,332,262,94,24,0,0,1249,57,461,1177,1491,1781,1642,846,550,170,8173,26,168,387,377,463,319,215,143,49,2145,13,64,174,157,145,113,57,36,8,765,24,399,992,1141,1280,886,536,313,113,5689,15,146,512,837,1187,1124,534,248,68,4674,93,784,1889,2335,2155,1634,705,414,159,10174,56,415,923,1032,984,800,373,156,33,4778,41,278,401,299,235,148,79,46,19,1549
LGA55390,0,0,0,0,0,9,0,0,0,8,0,0,0,0,0,9,0,0,0,8,0,0,0,0,0,0,0,0,0,3,0,0,0,0,0,0,0,0,0,3,0,0,0,0,0,0,0,0,0,0,0,6,0,0,0,0,0,0,0,6,0,0,0,0,0,0,0,0,0,0,0,0,0,0,0,0,0,0,0,0,0,8,5,0,5,4,0,0,0,19,3,14,8,3,9,20,5,0,0,58,0,0,0,0,0,0,0,0,0,0,0,0,0,0,0,0,0,0,0,0,0,0,0,0,3,4,0,0,0,8,0,0,0,0,0,0,0,0,0,6,0,0,0,3,0,0,0,0,0,3,0,0,3,0,0,0,0,0,0,3,0,0,3,3,0,6,0,0,0,13,0,0,0,0,3,0,0,0,0,7,0,0,0,0,0,0,0,0,0,0,0,0,0,0,0,0,0,0,0,0
LGA55460,7,10,17,12,14,21,15,3,5,112,0,0,21,19,18,23,8,5,4,99,0,9,22,32,17,18,13,0,0,117,0,0,9,17,10,6,3,0,0,40,0,4,3,0,0,5,0,0,0,11,0,5,10,11,7,3,0,0,0,43,0,0,0,0,0,0,0,0,0,3,0,0,0,0,3,0,0,0,0,0,14,6,28,33,25,23,22,11,5,173,30,44,126,132,105,103,73,30,11,650,0,0,3,3,0,0,0,0,0,13,0,0,0,0,0,0,0,0,0,8,0,31,55,42,54,30,12,7,0,233,3,7,8,9,7,11,5,3,0,54,0,5,18,16,16,15,8,0,0,76,0,8,13,22,20,17,12,0,0,101,0,9,26,16,26,20,11,0,0,116,6,17,43,34,23,14,0,0,0,139,0,10,21,21,7,12,3,0,0,69,0,0,4,9,11,0,0,0,0,18
LGA55530,0,0,3,7,0,0,0,3,0,15,0,0,4,5,7,0,0,0,0,12,0,0,3,7,0,0,0,5,0,12,0,0,0,0,0,0,0,6,0,9,0,0,3,0,0,0,0,0,0,3,0,0,0,0,0,0,0,0,0,3,0,0,0,0,0,0,0,0,0,0,0,0,0,0,0,0,0,0,0,0,0,0,0,0,5,10,5,3,0,27,0,3,14,19,12,14,9,10,0,90,0,0,0,0,0,0,0,0,0,0,0,0,0,0,0,0,0,0,0,0,0,0,9,10,11,4,0,0,0,36,0,0,0,0,0,0,0,0,0,0,0,0,0,3,0,3,0,0,0,14,0,0,4,4,3,3,3,0,0,19,0,0,4,7,0,0,0,0,0,13,0,0,0,7,10,3,0,0,0,23,0,0,3,0,0,0,0,0,0,3,0,0,0,0,0,0,0,0,0,0
LGA55600,0,3,14,9,7,14,13,0,0,61,0,4,13,23,20,16,14,3,5,95,0,8,22,15,11,9,6,8,0,80,0,3,4,11,9,9,5,0,0,55,0,0,0,0,0,0,0,0,0,6,0,4,5,3,8,0,5,0,0,31,0,0,0,0,0,0,0,0,0,0,0,0,0,0,0,0,0,0,0,4,12,3,16,19,25,20,27,15,13,144,16,27,81,84,97,88,77,28,17,500,0,0,5,0,0,0,0,0,0,15,0,0,4,0,0,0,0,0,0,9,4,19,36,37,30,30,8,3,0,161,0,6,8,6,8,8,3,6,0,37,0,9,27,34,15,9,4,0,0,97,0,5,10,11,19,15,6,0,0,63,0,7,23,16,16,24,8,5,0,92,0,7,26,24,15,14,8,0,0,97,0,6,11,12,3,16,0,0,0,46,0,3,0,4,0,0,3,0,0,9
LGA55670,0,0,11,3,0,6,3,0,0,20,0,3,11,3,9,8,0,0,0,37,0,0,0,4,5,5,0,0,0,11,0,0,0,0,0,6,0,0,0,6,0,0,0,0,0,0,0,0,0,5,0,0,5,0,3,0,3,0,0,12,0,0,0,0,0,0,0,0,0,0,0,0,0,0,0,0,0,0,0,0,11,4,0,11,0,5,18,9,3,65,15,7,30,22,20,27,32,15,3,165,0,0,0,0,0,0,0,0,0,0,0,0,0,0,0,0,0,0,0,0,0,3,5,13,17,7,0,3,0,44,0,0,0,0,3,5,5,0,0,12,3,0,6,4,4,0,0,4,0,29,0,5,3,8,7,3,4,6,0,35,0,6,8,9,10,12,0,3,0,45,0,6,8,5,3,0,4,5,0,29,0,0,5,3,4,3,0,0,0,19,0,0,0,0,0,0,0,0,0,0
LGA55740,6,25,100,105,128,107,73,44,14,588,4,8,22,62,69,79,70,45,16,381,8,19,89,124,150,75,45,19,7,539,3,16,73,97,101,72,79,33,5,480,3,19,28,32,29,15,7,13,6,155,0,8,18,16,18,10,14,8,4,89,0,0,0,0,0,0,0,0,0,0,0,0,14,11,7,12,8,5,0,60,15,14,30,27,31,36,39,35,32,260,35,142,470,540,593,459,359,208,80,2881,0,21,43,44,58,46,17,5,0,242,0,5,26,14,16,9,0,0,0,73,5,19,100,101,133,89,60,25,17,548,3,24,42,36,33,35,13,12,4,197,0,4,24,20,9,9,9,9,0,92,0,28,123,131,150,111,67,44,22,676,4,13,47,62,108,99,68,17,11,427,5,53,199,209,176,113,75,24,6,864,0,32,113,130,116,109,72,16,9,592,3,20,57,39,36,23,15,14,0,205
LGA55810,0,0,0,4,0,0,3,0,0,9,0,0,0,3,0,3,0,0,0,13,0,0,0,3,0,5,4,0,0,18,0,0,0,5,0,4,5,0,0,16,0,0,0,0,0,0,0,0,0,0,0,0,0,0,0,0,0,0,0,3,0,0,0,0,0,0,0,0,0,0,0,0,0,0,0,0,0,0,0,0,9,10,16,31,21,20,10,0,0,117,9,7,20,49,29,40,22,0,0,179,0,0,4,4,0,0,0,0,0,7,0,0,0,3,0,0,0,0,0,3,0,0,15,15,10,8,5,0,0,56,0,0,0,6,0,4,3,0,0,20,0,0,0,0,0,4,0,0,0,11,0,0,4,5,0,4,0,0,0,8,0,3,6,3,8,3,0,0,0,21,0,0,0,0,0,0,0,0,0,10,0,0,3,3,10,0,0,0,0,11,0,0,0,0,0,0,0,0,0,3
LGA55880,0,0,0,0,0,7,5,0,0,14,0,0,4,3,3,0,0,0,0,9,0,0,3,5,4,4,0,0,0,18,0,0,4,0,4,0,0,0,0,5,0,0,0,0,0,0,0,0,0,4,0,0,0,0,0,0,0,0,0,4,0,0,0,0,0,0,0,0,0,0,0,0,0,0,0,0,0,0,0,0,0,0,0,4,4,4,0,0,0,18,5,5,15,18,16,20,4,4,0,91,0,0,0,0,0,0,0,0,0,0,0,0,0,0,0,0,0,0,0,0,3,0,3,10,8,5,0,0,0,26,0,0,0,0,0,0,0,0,0,3,0,6,8,10,6,0,0,0,0,29,0,0,9,7,4,10,6,0,0,23,0,4,3,5,3,4,0,0,0,16,0,3,7,8,7,4,0,0,0,20,0,0,3,5,0,0,0,0,0,12,0,0,0,0,0,0,0,0,0,4
LGA55950,0,0,4,0,0,4,0,4,0,12,0,0,3,6,6,6,0,0,0,25,0,0,7,3,5,0,0,0,0,8,0,0,0,4,0,3,0,0,0,12,0,5,0,0,0,0,0,0,0,5,0,0,4,0,0,0,0,0,0,10,0,0,0,0,0,0,0,0,0,0,0,0,0,0,0,0,0,0,0,0,5,0,6,0,0,5,4,7,0,26,0,5,26,20,17,20,13,8,0,107,0,0,0,0,0,0,0,0,0,0,0,0,0,0,0,0,0,0,0,0,0,6,3,3,6,0,3,0,0,27,0,0,0,0,0,0,0,0,0,5,0,0,8,0,7,0,0,0,0,15,0,0,0,3,0,0,0,0,0,5,0,0,3,4,7,3,0,0,0,22,0,0,6,8,8,0,0,0,0,16,0,0,0,0,0,0,0,0,0,5,0,0,0,0,0,0,0,0,0,0
LGA56090,10,73,273,317,308,353,248,128,31,1739,11,38,173,242,351,290,254,112,23,1494,29,81,239,379,402,363,206,76,24,1803,40,78,208,301,320,316,208,58,8,1531,22,38,74,97,78,59,58,12,3,448,30,71,140,112,119,80,47,22,7,630,0,0,0,0,0,4,5,0,0,15,5,4,15,28,33,21,18,3,0,131,45,36,105,109,131,124,125,139,104,912,203,467,1379,1806,1987,1758,1242,585,215,9641,4,18,70,159,127,112,56,14,6,564,20,20,57,69,76,35,11,0,0,288,47,190,376,648,818,736,432,139,29,3414,27,76,112,165,194,178,89,45,7,892,7,30,72,116,92,65,25,13,3,414,10,67,136,285,396,332,193,72,20,1507,9,33,110,305,387,401,186,60,15,1509,47,119,292,519,568,391,184,65,16,2198,43,93,201,328,374,316,144,38,5,1545,24,68,101,115,102,96,52,18,0,569
LGA56160,0,0,3,0,0,0,0,0,0,0,0,0,0,0,0,0,0,0,0,4,0,0,0,3,0,0,0,0,0,3,0,0,0,0,0,0,0,0,0,8,0,0,0,0,0,0,0,0,0,0,0,0,0,0,0,0,0,0,0,0,0,0,0,0,0,0,0,0,0,0,0,0,0,0,0,0,0,0,0,0,0,0,0,0,0,0,0,0,0,0,0,0,5,4,3,0,3,0,0,18,0,0,0,0,0,0,0,0,0,0,0,0,0,0,0,0,0,0,0,0,0,0,0,0,0,4,0,0,0,4,0,0,0,0,0,0,0,0,0,0,0,0,0,0,0,0,0,0,0,5,0,0,0,0,0,0,0,0,0,0,0,0,0,0,4,0,0,0,0,4,0,0,0,0,0,0,0,0,0,0,0,0,0,0,0,0,0,0,0,0,0,0,0,0,0,0,0,0,0,0
LGA56230,16,38,102,92,95,103,99,49,7,602,10,29,59,105,97,95,80,22,5,504,20,35,117,167,160,126,89,46,7,769,17,26,101,129,114,113,53,17,0,569,7,10,16,15,16,9,9,0,8,90,19,38,93,77,56,50,30,13,0,377,0,0,6,0,0,0,0,0,0,15,3,0,4,12,6,0,0,0,0,26,56,43,80,85,92,90,121,103,54,721,147,245,634,735,695,623,509,268,89,3945,0,3,10,15,14,7,5,0,0,61,5,8,10,10,9,6,0,4,0,56,10,78,166,232,266,235,187,97,10,1285,0,23,40,65,62,68,72,31,4,367,5,15,33,30,31,23,13,3,0,154,5,19,63,56,92,90,62,26,3,417,4,16,49,91,82,80,41,14,0,381,22,42,105,116,120,102,94,31,6,634,14,32,57,85,94,65,36,20,0,400,0,13,5,16,16,17,5,0,0,80
LGA56300,0,0,7,6,6,19,21,8,0,71,0,0,3,13,12,12,19,0,0,54,0,0,11,7,7,10,12,3,0,56,0,0,0,12,7,13,13,5,0,56,0,0,0,0,0,3,6,0,0,19,0,0,8,0,0,6,3,0,0,20,0,0,0,0,0,0,0,0,0,0,0,0,0,0,4,0,0,0,0,0,9,0,9,16,11,24,17,24,4,101,10,4,39,69,51,93,97,40,7,406,0,0,3,3,3,0,0,0,0,11,0,0,0,3,0,0,0,0,0,0,0,0,9,7,17,34,20,6,0,90,0,0,3,3,0,11,6,0,0,32,0,0,7,9,8,3,0,0,0,28,0,4,4,14,14,31,11,0,0,78,0,0,0,9,7,23,9,0,0,52,0,0,6,8,8,14,11,6,0,58,0,0,3,9,12,14,12,0,0,55,0,0,3,5,3,0,0,0,0,17
LGA56370,0,0,3,4,0,6,4,0,0,19,0,0,0,9,4,3,0,4,4,32,0,0,11,6,3,7,0,4,0,26,0,0,5,6,0,4,3,0,0,20,0,0,0,0,0,0,0,0,0,4,0,0,3,0,0,3,0,0,0,11,0,0,0,0,0,0,0,0,0,0,0,0,0,0,0,0,0,0,0,0,0,0,5,5,6,10,4,10,6,45,0,10,28,28,17,30,16,24,12,168,0,0,0,0,0,0,0,0,0,0,0,0,0,0,0,0,0,0,0,0,0,3,10,14,4,3,0,5,0,41,0,0,4,0,0,0,0,0,0,9,0,3,6,7,0,0,0,0,0,23,0,0,0,0,9,3,0,7,0,24,0,0,3,5,5,3,4,6,7,32,0,3,6,4,0,0,0,0,0,21,0,0,7,0,4,0,3,0,0,10,0,0,0,0,0,0,0,0,0,6
LGA56460,0,20,45,29,28,47,30,19,15,229,0,9,24,26,31,36,22,14,0,168,4,11,33,47,20,25,9,8,3,164,0,10,31,29,24,31,12,3,0,141,0,0,6,3,0,3,4,0,3,24,0,7,17,15,15,5,3,0,0,62,0,0,0,0,0,0,0,0,0,0,0,0,0,0,0,4,0,0,0,10,15,16,31,33,34,29,36,34,27,252,28,85,199,207,180,194,122,80,46,1142,0,3,4,10,3,4,0,0,0,27,3,0,0,4,3,0,0,0,0,13,14,38,52,60,59,54,27,12,5,315,9,8,10,21,15,24,9,9,0,99,5,11,27,33,24,18,8,0,0,124,0,9,32,38,58,34,24,4,4,220,3,5,32,50,57,27,16,6,3,203,12,32,39,45,39,23,9,3,0,199,3,11,25,39,34,25,8,0,0,151,0,0,4,0,8,10,3,0,0,21
LGA56580,3,62,230,276,310,331,222,126,53,1622,0,5,52,95,123,186,220,121,47,859,3,54,142,341,400,240,144,66,29,1425,5,60,145,186,274,194,184,78,31,1155,5,25,58,58,60,33,33,26,8,310,6,10,21,31,31,21,20,9,3,144,0,0,0,0,0,4,0,0,0,5,0,11,4,14,24,18,21,8,4,105,28,14,39,53,62,54,60,63,64,432,64,339,807,1220,1501,1236,990,542,263,6969,6,65,106,111,200,145,91,49,11,775,0,7,37,34,56,16,8,0,0,162,6,82,169,225,286,232,107,62,26,1194,8,35,42,81,59,78,50,24,9,377,0,5,15,27,24,24,18,8,4,131,0,71,178,373,572,428,264,129,35,2062,0,20,69,107,238,257,169,82,21,966,13,135,335,512,594,401,189,74,30,2286,3,113,194,371,352,365,164,84,22,1666,4,56,80,57,59,47,30,12,8,365
LGA56620,0,0,0,0,4,5,0,0,0,9,0,0,4,4,6,6,3,0,0,28,0,0,0,7,0,0,0,0,0,9,0,0,6,6,3,3,0,0,0,15,0,0,0,0,0,4,0,0,0,3,0,0,0,0,0,0,0,0,0,0,0,0,0,0,0,0,0,0,0,0,0,0,0,0,0,0,0,0,0,0,11,6,13,9,17,13,0,0,0,76,11,8,31,29,33,29,5,0,0,144,0,0,0,0,0,0,0,0,0,3,0,0,0,0,0,0,0,0,0,0,0,0,4,10,6,6,3,0,0,24,0,0,0,0,0,0,0,0,0,4,0,0,0,0,0,0,0,0,0,4,0,0,6,0,11,13,0,0,0,35,0,3,14,6,10,8,3,0,0,46,0,3,3,0,4,7,0,0,0,20,0,0,0,8,6,9,0,0,0,26,0,0,4,0,0,5,0,0,0,17
LGA56730,6,20,50,59,48,71,60,24,4,340,3,12,33,49,57,61,48,16,0,284,11,35,73,92,92,82,31,9,3,421,7,16,57,57,72,49,56,12,0,329,0,9,15,10,6,12,12,5,0,70,11,19,30,33,28,16,15,4,0,151,0,5,0,0,0,0,0,0,0,4,0,0,0,4,6,6,3,0,0,26,30,33,51,79,98,86,77,69,39,556,73,146,346,434,461,412,322,146,56,2396,0,0,11,12,11,4,3,4,0,46,0,8,11,10,9,6,3,0,0,41,8,42,98,154,152,151,83,31,11,730,4,24,29,27,47,27,24,9,0,204,3,16,36,32,28,27,14,3,0,160,0,14,47,49,57,77,42,11,5,299,0,5,62,67,66,62,38,3,0,305,13,47,91,100,99,74,34,8,0,461,3,19,50,64,65,77,16,3,0,306,3,6,18,14,13,14,9,0,0,69
LGA56790,0,0,16,17,19,25,19,10,4,103,0,3,7,18,23,27,19,6,0,101,0,0,14,13,21,29,15,6,0,100,0,4,9,13,11,12,21,3,0,72,0,0,0,4,0,7,0,0,0,11,0,3,12,9,12,4,8,0,0,49,0,0,0,0,0,0,0,0,0,0,0,0,0,0,0,0,4,0,0,5,10,7,18,24,26,38,38,18,7,198,13,21,80,107,116,148,125,44,11,675,0,0,3,8,4,0,0,0,0,21,0,0,3,0,0,0,0,0,0,7,0,10,13,56,58,57,45,10,0,255,0,0,10,14,13,29,14,9,0,91,0,0,8,19,15,13,4,0,0,62,0,0,15,18,25,22,15,3,5,105,0,0,13,34,22,23,13,7,0,116,4,5,15,24,26,18,13,0,0,109,0,6,8,10,16,12,9,0,0,64,0,0,3,8,5,8,4,0,0,27
LGA56860,0,0,0,0,3,3,0,0,0,9,0,0,0,0,0,0,0,0,0,0,0,0,0,0,0,5,0,0,0,9,0,0,0,0,0,0,0,0,0,8,0,0,0,0,0,0,0,0,0,0,0,0,0,0,0,0,0,0,0,3,0,0,0,0,0,0,0,0,0,0,0,0,0,0,0,0,0,0,0,0,0,0,0,3,9,0,9,0,0,27,7,3,3,9,14,18,7,4,0,58,0,0,0,0,0,0,0,0,0,0,0,0,0,0,0,0,0,0,0,0,0,0,4,0,4,3,0,0,0,13,0,0,0,0,0,0,0,0,0,4,0,0,0,3,0,0,0,0,0,7,0,0,4,0,0,0,0,0,0,4,0,0,3,0,0,4,0,0,0,6,0,0,0,3,6,0,0,0,0,9,0,0,0,0,0,0,0,0,0,0,0,0,0,0,0,0,0,0,0,0
LGA56930,0,5,12,6,22,15,16,12,5,92,0,0,9,3,8,13,17,4,3,55,0,4,6,19,30,21,14,3,0,97,0,12,3,15,19,20,15,6,0,90,0,3,5,4,0,3,4,0,0,24,0,0,3,0,4,0,0,0,4,11,0,0,0,0,0,0,0,0,0,0,0,0,3,0,3,3,0,0,0,11,4,3,0,9,3,3,4,8,0,26,6,22,52,58,107,87,74,38,19,458,0,4,12,4,7,6,3,8,0,45,0,0,4,0,0,0,0,0,0,5,0,0,8,8,16,16,4,0,5,58,0,5,3,4,4,9,5,0,3,31,0,0,0,6,0,0,6,0,0,11,0,9,8,11,24,23,18,20,6,130,0,0,4,8,21,15,4,3,4,57,0,11,20,29,48,31,17,8,4,166,0,7,11,20,44,36,13,7,0,139,0,0,0,5,4,4,0,0,0,19
LGA57000,0,0,0,0,6,4,4,0,3,10,0,0,0,3,3,0,0,0,0,17,0,3,7,4,3,0,0,0,0,15,0,0,0,0,4,3,0,0,0,10,0,0,0,0,0,0,0,0,0,0,0,0,0,3,4,0,0,0,0,13,0,0,0,0,0,0,0,0,0,0,0,0,0,0,0,0,0,0,0,0,3,0,7,11,9,11,6,0,0,51,10,10,10,31,21,24,15,3,0,125,0,0,3,0,0,0,0,0,0,8,0,0,0,0,0,0,0,0,0,7,0,7,34,23,17,15,9,0,0,104,0,0,16,9,4,5,3,0,0,38,0,0,12,7,6,3,0,0,0,22,0,0,3,0,6,3,0,4,0,20,0,0,8,0,15,0,0,0,0,28,0,4,10,11,9,3,0,0,0,35,0,0,5,3,3,0,0,0,0,19,0,0,3,3,0,0,0,0,0,6
LGA57080,16,99,587,224,125,128,84,50,17,1337,10,21,142,65,91,105,104,38,15,579,56,266,913,554,253,203,100,37,12,2397,16,162,533,299,168,143,82,37,8,1442,24,82,184,89,43,24,22,3,0,462,14,81,153,79,48,29,23,9,0,439,0,3,8,0,0,0,0,0,0,12,9,21,38,25,20,8,10,5,0,139,53,202,367,198,116,111,89,43,20,1197,208,1213,3663,1887,994,829,559,238,75,9667,3,121,333,103,75,66,28,9,4,739,0,37,290,72,37,17,5,0,0,462,5,186,898,341,264,235,106,28,8,2083,3,81,188,74,46,66,27,15,3,499,0,11,74,30,17,9,13,0,0,158,3,94,427,147,128,122,75,50,10,1062,6,23,114,62,79,113,70,18,6,490,24,359,1188,427,319,199,98,29,17,2652,10,126,596,219,166,197,99,24,9,1449,14,75,211,74,19,28,12,3,0,439
LGA57140,0,0,9,6,10,3,9,6,0,39,0,0,0,6,8,9,11,0,0,27,0,5,4,8,7,7,7,4,0,39,0,0,5,0,8,10,3,0,0,30,0,0,0,0,0,4,3,0,0,8,0,0,9,0,0,0,0,0,0,12,0,0,0,0,0,0,0,0,0,0,0,0,0,0,0,0,0,0,0,0,4,3,5,3,7,5,5,13,3,43,0,9,37,29,35,44,36,19,3,215,0,0,0,0,3,0,0,0,0,9,0,0,3,0,4,0,0,0,0,5,0,0,10,11,14,9,10,6,3,52,0,0,0,0,6,3,0,3,0,25,5,3,4,3,4,5,3,0,0,37,0,0,8,4,8,14,6,0,0,43,0,0,4,8,5,6,4,0,0,29,0,7,5,9,4,7,5,0,0,31,0,5,3,6,9,6,3,0,0,30,0,0,0,0,0,0,0,0,0,8
LGA57210,6,13,22,33,38,52,35,10,3,203,3,5,14,29,34,46,38,11,6,196,9,12,30,37,45,51,30,6,0,212,5,8,23,30,42,36,34,3,4,196,0,5,0,6,5,11,3,4,0,32,3,7,15,9,27,10,5,0,0,73,0,0,0,0,0,0,0,0,0,3,0,0,0,3,4,3,3,0,0,8,17,9,26,32,45,48,51,35,20,276,43,56,157,201,267,270,209,79,35,1314,0,0,6,8,11,14,6,0,0,41,4,0,0,0,0,0,0,0,0,14,9,16,41,41,53,59,46,10,7,282,9,0,13,18,24,18,19,3,5,108,4,15,33,31,30,27,23,12,0,174,0,0,14,22,55,41,26,5,4,172,0,0,11,27,41,56,30,3,0,173,8,6,33,46,46,54,22,9,0,209,3,12,26,35,41,33,12,10,0,173,5,0,4,7,0,12,3,0,0,39
LGA57280,6,35,138,131,75,57,13,3,0,452,0,27,133,102,61,55,18,0,0,393,11,37,230,221,118,67,8,0,0,697,12,24,113,109,64,45,9,4,0,381,0,9,33,19,8,5,5,0,0,73,0,17,80,57,37,10,7,0,0,220,0,0,7,0,0,0,0,0,0,5,0,4,8,13,5,7,0,0,0,38,62,79,262,223,167,110,43,13,0,959,103,244,1117,958,577,366,98,21,6,3494,0,4,35,27,9,14,0,0,0,86,0,4,33,13,9,3,0,0,0,64,27,180,642,468,382,196,19,9,0,1919,5,52,126,76,65,39,12,0,0,371,0,13,47,23,14,6,0,0,0,107,0,39,139,134,103,45,8,0,0,474,0,27,120,100,55,35,5,0,0,344,26,96,313,223,144,78,5,3,0,887,3,28,104,85,86,24,5,0,0,336,3,17,30,27,12,8,0,0,0,94
LGA57350,0,0,4,0,7,3,8,0,3,30,0,0,4,7,10,11,3,6,0,41,0,0,7,3,4,3,3,0,0,23,0,0,6,4,0,3,3,3,0,20,0,0,0,0,0,0,0,0,0,4,0,0,0,0,3,0,0,0,0,10,0,0,0,0,0,0,0,0,0,0,0,0,0,0,0,0,0,0,0,7,3,5,19,11,27,28,25,12,0,114,0,7,34,29,52,54,44,20,12,258,0,0,0,5,0,0,0,0,0,3,0,0,0,0,0,0,0,0,0,0,0,6,4,14,13,9,7,7,0,60,0,3,0,7,0,3,3,0,0,21,0,0,6,6,9,8,0,0,0,21,0,0,3,4,9,5,4,0,0,30,0,0,8,10,15,5,3,4,0,51,0,3,13,3,10,3,0,9,0,41,0,0,0,0,5,5,0,0,0,16,0,0,0,0,3,0,0,0,0,6
LGA57420,0,0,18,14,11,12,12,5,4,73,0,5,12,15,15,9,4,3,0,63,0,4,15,13,16,12,3,0,0,78,0,0,13,6,8,9,9,5,0,49,0,0,0,3,0,0,0,0,0,6,0,3,17,3,10,0,0,0,0,39,0,0,0,0,0,0,0,0,0,0,0,0,0,4,0,0,0,0,0,7,7,6,11,11,14,20,12,13,0,95,3,22,113,83,76,71,44,32,0,455,0,0,8,8,3,3,0,5,0,22,0,0,0,3,0,0,0,0,0,5,0,15,57,66,59,35,11,0,0,244,0,0,3,4,10,8,0,0,0,35,0,9,16,11,18,13,8,0,0,74,0,5,13,19,20,15,11,8,0,75,0,3,12,15,13,13,7,5,0,71,0,6,21,24,13,4,10,0,0,76,4,3,12,10,11,7,8,0,0,56,0,0,3,0,0,0,0,0,0,10
LGA57490,77,359,1013,1052,961,762,427,188,52,4888,83,214,797,1063,966,642,318,132,27,4238,126,370,1398,1561,1354,928,461,192,42,6439,143,387,1159,1260,1188,871,382,91,8,5496,59,143,226,203,120,72,36,26,10,895,149,300,842,649,482,298,149,76,18,2962,14,7,17,8,10,10,4,0,3,84,9,19,71,82,80,44,24,14,4,351,253,294,684,565,485,392,388,418,278,3751,947,2312,6761,7022,6058,4267,2323,1172,451,31309,11,57,194,227,144,90,28,17,7,764,55,114,250,192,105,40,10,0,0,757,161,740,1879,2351,2258,1374,858,373,85,10071,78,265,517,591,533,342,299,140,25,2790,23,70,176,161,119,71,32,14,6,656,42,194,598,802,782,434,250,98,27,3230,24,149,523,790,690,406,209,71,13,2881,174,545,1349,1501,1167,647,306,136,31,5862,149,387,933,883,784,463,144,50,10,3801,57,120,220,175,103,76,52,12,6,817
LGA57630,0,0,0,0,3,0,0,0,0,4,0,0,0,0,0,0,0,0,0,4,0,0,0,0,0,0,0,0,0,5,0,0,0,0,0,0,0,0,0,0,0,0,0,0,0,0,0,0,0,0,0,0,0,0,0,0,0,0,0,0,0,0,0,0,0,0,0,0,0,0,0,0,0,0,0,0,0,0,0,0,0,0,5,0,5,3,0,0,0,9,0,0,8,0,7,10,4,0,0,22,0,0,0,0,0,0,0,0,0,0,0,0,0,0,0,0,0,0,0,0,0,0,0,0,3,0,0,0,0,8,0,0,0,0,0,0,0,0,0,0,0,0,0,0,0,0,0,0,0,0,0,0,0,0,0,0,0,0,0,6,0,0,0,0,0,0,0,0,0,6,0,0,0,0,0,0,0,0,0,0,0,0,0,0,0,0,0,0,0,4,0,0,0,0,0,0,0,0,0,0
LGA57700,23,75,340,237,190,166,98,30,5,1186,19,50,233,234,174,125,69,28,6,923,38,93,390,427,314,227,75,25,3,1588,32,108,305,319,212,134,70,13,0,1198,22,27,59,41,32,12,8,4,0,205,28,72,247,147,103,58,30,6,0,687,0,3,0,3,0,0,0,0,0,14,4,0,18,19,9,7,7,0,0,65,30,49,137,132,102,85,55,51,21,661,213,515,1913,1721,1243,884,440,171,36,7138,0,3,39,48,32,17,11,0,0,153,9,16,27,27,11,0,0,0,0,101,27,139,257,393,409,264,135,40,3,1671,17,65,102,107,101,76,36,17,4,520,11,18,50,49,36,34,16,8,3,219,3,42,95,138,133,102,45,9,4,563,4,25,84,114,115,93,48,11,0,486,28,82,200,246,196,128,58,16,0,955,22,60,131,126,114,70,30,6,0,557,9,22,34,29,16,20,9,0,0,144
LGA57770,0,0,6,3,4,4,7,0,0,22,0,0,0,6,3,5,0,0,0,31,0,4,9,8,10,3,5,3,0,36,0,3,13,5,7,3,6,0,0,30,0,0,9,0,0,0,0,0,0,9,0,0,9,9,6,8,3,0,0,25,0,0,0,0,0,0,0,0,0,0,0,0,0,0,0,0,0,0,0,3,5,7,10,13,10,11,10,6,5,78,11,22,64,47,39,37,34,12,5,273,0,0,5,0,4,4,0,0,0,15,0,0,0,0,0,0,0,0,0,3,4,3,16,19,20,14,18,0,0,94,0,0,7,7,3,6,5,6,0,28,0,4,7,5,0,4,0,0,0,26,0,0,4,3,0,9,0,0,0,22,0,0,3,4,7,8,0,0,0,27,5,3,7,12,4,10,0,4,0,45,0,0,6,3,9,4,4,0,0,26,0,0,0,0,0,0,0,0,0,3
LGA57840,13,216,645,444,356,369,267,140,38,2489,16,70,219,207,267,336,287,141,40,1581,29,216,649,702,644,486,310,124,38,3192,11,168,457,411,358,325,227,68,23,2048,10,88,180,142,83,55,44,24,3,625,11,49,109,98,88,77,66,15,6,517,0,0,3,0,0,5,5,0,3,22,5,14,28,36,35,29,23,9,0,178,45,79,195,148,130,140,176,207,273,1389,145,1034,2924,2645,2255,2041,1492,756,441,13736,5,120,318,260,221,167,62,28,9,1195,12,49,234,163,95,46,11,0,0,618,22,271,833,582,611,527,227,91,51,3212,9,124,237,144,143,140,70,30,24,924,3,37,110,68,52,42,30,10,3,355,5,218,652,454,472,357,201,101,35,2503,0,61,262,276,401,399,197,82,26,1714,52,508,1332,1077,885,692,306,118,68,5025,11,220,621,487,442,383,146,60,8,2373,26,155,290,130,76,65,36,18,13,811
LGA57910,59,691,3218,2298,1617,1352,993,528,201,10965,51,272,1430,1480,1457,1383,1148,531,148,7900,139,731,3728,4030,2913,1844,1070,472,197,15123,111,621,2382,2369,1735,1241,847,315,77,9700,78,395,968,824,412,235,160,87,30,3176,87,358,1067,767,566,384,256,123,35,3656,17,18,23,11,7,13,17,11,4,117,5,53,215,198,130,118,70,41,14,850,250,396,1274,1030,702,607,680,676,534,6148,823,4039,16496,14863,10650,7878,5624,2906,1322,64594,13,277,1126,920,724,442,180,76,31,3784,27,223,1166,744,387,153,34,3,0,2742,76,912,3412,2872,2631,2104,1353,855,231,14443,64,567,1331,936,901,678,475,281,62,5306,11,93,398,281,188,131,64,30,7,1207,36,677,2428,2038,1730,1300,707,355,101,9371,29,306,1368,1565,1756,1537,794,318,100,7771,138,1511,5691,4637,3067,2087,1199,520,204,19048,84,768,2701,2181,1674,1292,583,213,53,9547,58,556,1326,732,403,296,114,65,19,3572
LGA57980,3,58,367,254,202,179,154,105,32,1357,3,18,73,66,103,119,182,80,17,665,16,46,212,261,230,178,100,57,13,1106,8,78,233,252,183,168,136,55,9,1119,14,34,85,52,53,38,23,16,0,315,6,15,35,21,29,19,20,12,3,152,0,0,0,5,4,4,0,0,0,6,0,5,19,21,11,14,7,6,5,90,12,27,87,75,49,49,59,65,57,475,55,360,1298,1197,1011,874,732,410,148,6092,0,48,193,146,120,94,48,22,3,664,0,10,63,50,37,15,5,0,0,187,5,54,246,207,159,153,86,40,19,972,0,28,101,67,77,59,45,5,5,390,0,8,38,28,25,15,17,12,0,128,0,72,324,245,267,212,153,56,14,1341,0,17,77,95,138,208,101,37,14,676,0,105,465,401,338,240,149,54,16,1768,3,79,351,289,245,235,113,37,8,1350,7,61,114,71,71,37,17,8,3,397
LGA58050,53,492,1424,1164,916,688,390,148,49,5322,37,210,974,963,898,698,347,128,32,4279,156,481,1948,2242,1558,990,425,170,35,8016,109,421,1365,1425,1141,808,359,95,7,5734,70,146,355,286,155,107,57,23,8,1198,127,346,973,685,458,280,149,53,8,3083,15,17,20,4,7,9,10,3,0,83,7,22,118,131,71,68,30,10,3,461,248,289,774,665,552,434,367,331,231,3886,868,2693,8854,8365,6279,4369,2281,997,393,35103,3,55,221,255,184,114,42,8,6,886,38,101,350,256,148,56,16,0,0,957,137,630,1646,2062,2007,1356,650,262,50,8796,55,265,439,444,438,352,191,62,13,2256,18,59,176,195,135,70,36,5,0,702,14,192,622,700,662,470,213,91,15,2976,38,137,567,747,714,451,202,54,14,2920,148,584,1726,1738,1271,690,296,105,26,6585,99,356,967,948,760,497,171,52,9,3862,57,160,382,215,129,105,41,14,0,1103
LGA58190,0,0,0,0,0,0,0,0,0,3,0,0,3,0,9,3,3,0,0,26,0,0,4,3,0,6,0,0,0,14,0,0,0,0,0,0,4,0,0,4,0,0,0,0,0,0,0,0,0,3,0,0,0,0,0,0,0,0,0,0,0,0,0,0,0,0,0,0,0,0,0,0,0,0,0,0,0,0,0,0,0,4,5,0,5,3,0,4,0,23,6,5,7,12,20,13,6,3,4,83,0,0,0,0,0,0,0,0,0,0,0,0,0,0,0,0,0,0,0,0,0,0,0,3,10,3,0,4,0,20,0,0,0,0,0,0,0,0,0,7,0,0,4,0,5,0,0,5,0,13,0,0,0,0,0,0,0,0,0,5,0,0,0,5,3,8,0,0,0,12,0,0,4,0,9,0,0,0,0,22,0,0,0,4,0,0,0,0,0,12,0,0,0,0,0,0,0,0,0,0
LGA58260,0,0,4,7,0,0,0,0,0,11,0,0,4,0,4,0,3,0,0,10,0,0,5,4,3,6,0,0,0,16,0,0,0,4,0,0,0,0,0,10,0,0,0,0,0,0,0,0,0,0,0,0,0,6,0,0,0,0,0,11,0,0,0,0,0,0,0,0,0,0,0,0,0,0,0,0,0,0,0,0,0,0,10,7,3,5,7,4,0,40,4,3,25,29,20,18,8,7,0,114,0,0,0,0,0,0,0,0,0,0,0,0,0,0,0,0,0,0,0,0,0,3,7,6,11,6,3,3,0,40,0,0,0,0,0,3,0,0,0,9,0,5,10,14,10,8,0,0,0,36,0,0,3,0,4,10,0,0,0,22,0,0,3,7,0,4,0,0,0,16,0,0,10,7,6,3,0,0,0,20,0,0,3,0,5,0,0,0,0,8,0,0,0,0,0,0,0,0,0,0
LGA58330,5,3,22,24,28,50,40,13,5,187,0,0,10,20,22,34,37,12,0,141,0,11,21,24,48,54,32,13,0,203,5,9,17,22,28,58,35,0,0,170,0,0,4,8,6,15,5,4,0,41,0,3,15,4,8,17,9,0,0,55,0,0,0,0,0,0,0,0,0,0,0,0,0,5,3,3,0,4,0,13,8,0,25,25,45,55,38,28,6,237,15,31,128,156,201,308,207,81,12,1136,0,0,7,5,13,0,12,6,0,44,0,0,4,3,5,6,0,0,0,21,7,12,37,57,125,125,61,13,3,451,3,5,9,13,23,30,12,0,0,97,5,3,11,16,15,10,4,0,0,61,0,3,10,25,49,53,18,4,0,170,0,4,14,26,26,40,22,4,0,130,3,8,20,37,62,53,26,5,0,215,0,4,21,21,38,61,21,3,0,172,0,0,0,6,7,15,9,0,0,44
LGA58400,0,0,0,0,6,3,0,0,0,5,0,0,0,0,0,0,4,0,0,10,0,0,0,0,0,0,0,0,0,7,0,0,0,0,0,0,0,0,0,5,0,0,0,0,0,0,0,0,0,0,0,0,0,0,0,0,0,0,0,7,0,0,0,0,0,0,0,0,0,0,0,0,0,0,0,0,0,0,0,0,0,0,4,0,9,0,4,0,0,16,5,3,12,0,14,10,3,7,0,54,0,0,0,0,0,0,0,0,0,0,0,0,0,0,0,0,0,0,0,0,0,0,4,0,7,4,4,0,0,21,0,0,0,0,4,0,0,0,0,4,0,0,4,0,0,3,0,0,0,9,0,0,0,5,5,0,0,0,0,10,0,0,5,0,0,3,0,0,0,9,0,0,4,4,8,0,0,0,0,12,0,0,0,0,6,0,0,0,0,3,0,0,0,0,0,0,0,0,0,0
LGA58470,0,0,0,0,0,0,0,0,0,5,0,0,0,0,3,0,0,0,0,6,0,0,0,4,0,0,0,0,0,4,0,0,0,0,0,0,0,0,0,0,0,0,0,0,0,0,0,0,0,0,0,0,0,0,0,0,0,0,0,0,0,0,0,0,0,0,0,0,0,0,0,0,0,0,0,0,0,0,0,0,0,0,7,0,0,0,0,0,0,4,0,0,9,8,8,0,0,0,0,23,0,0,4,0,0,0,0,0,0,4,0,0,0,0,0,0,0,0,0,0,0,0,4,3,0,0,0,0,0,8,0,0,0,0,0,0,0,0,0,0,0,0,0,0,0,0,0,0,0,0,0,0,0,0,0,0,0,0,0,0,0,0,5,0,4,4,0,0,0,13,0,0,0,0,0,0,0,0,0,0,0,0,0,0,0,0,0,0,0,6,0,0,0,0,0,0,0,0,0,0
LGA58510,19,144,570,352,200,203,142,59,27,1719,13,52,216,207,176,169,132,63,19,1041,39,193,755,622,470,268,127,45,27,2555,21,156,519,384,287,188,128,43,9,1735,14,92,223,160,56,33,22,4,6,612,20,76,165,126,102,52,45,16,5,602,4,4,3,0,0,3,3,0,0,16,5,20,45,37,29,19,8,5,0,164,43,97,261,180,139,121,125,199,277,1442,186,947,3326,2497,1653,1184,782,443,372,11400,8,77,324,202,103,54,18,10,3,798,4,44,344,161,71,29,4,0,0,656,27,223,853,570,412,341,140,92,45,2707,14,95,236,156,154,94,49,37,18,866,0,18,85,66,21,20,6,5,0,236,3,147,507,326,264,170,62,45,25,1552,5,56,243,208,206,168,75,43,27,1021,31,436,1257,821,413,280,113,67,28,3456,23,145,568,406,253,195,66,24,10,1677,12,119,263,128,65,24,13,9,6,642
LGA58540,0,0,4,0,11,3,0,0,0,23,0,0,7,7,7,9,4,0,0,29,0,0,9,9,10,5,0,3,0,34,0,0,0,5,3,3,0,0,0,13,0,0,0,0,3,0,0,0,0,4,0,0,5,0,0,0,0,0,0,7,0,0,0,0,0,0,0,0,0,0,0,0,0,5,0,0,0,0,0,0,3,0,0,11,8,7,6,7,0,44,5,3,24,41,37,36,18,9,0,177,0,0,3,0,0,0,0,0,0,6,0,0,0,0,0,0,0,0,0,0,0,0,9,5,10,0,6,0,0,38,0,0,3,0,0,3,0,0,0,9,0,3,10,16,6,8,0,0,0,43,0,0,6,0,10,9,0,0,0,22,0,0,7,8,9,7,0,0,0,36,0,3,9,13,11,3,3,0,0,41,0,0,3,5,8,0,5,0,0,29,0,0,0,4,0,0,0,0,0,6
LGA58570,9,118,691,418,292,221,140,40,12,1949,8,37,220,203,233,228,166,48,16,1162,27,163,734,648,481,303,98,30,15,2503,12,159,672,546,322,251,156,34,6,2150,21,95,338,236,122,71,31,12,3,923,7,59,150,100,64,51,23,7,3,472,0,4,0,0,0,0,0,0,0,10,5,10,43,42,29,26,10,0,0,167,19,82,304,149,99,81,84,78,54,956,95,868,3707,2719,1904,1350,754,269,128,11802,0,72,334,236,139,75,28,9,0,888,10,38,230,145,90,32,6,0,0,547,10,173,801,472,378,239,118,60,19,2264,10,96,340,198,137,96,47,23,10,959,0,20,91,58,29,15,13,0,0,223,8,114,603,389,288,181,57,25,5,1676,0,37,247,298,277,203,67,28,9,1178,29,271,1179,897,512,272,96,30,13,3295,10,206,839,594,402,287,73,25,9,2437,11,220,525,264,147,75,28,7,0,1274
LGA58610,0,0,11,10,4,14,10,0,0,53,0,0,7,9,8,14,12,0,0,53,0,0,8,12,7,9,3,3,0,50,0,0,0,0,8,11,17,0,0,36,0,0,7,0,0,0,0,0,0,5,0,0,4,3,3,5,0,0,0,19,0,0,0,0,0,0,0,0,0,0,0,0,0,0,0,0,0,0,0,5,8,4,15,13,16,13,19,13,4,98,9,18,59,62,56,72,64,26,4,354,0,0,0,0,0,0,0,0,0,0,0,0,0,0,0,0,0,0,0,0,0,0,18,18,27,25,14,3,0,111,0,0,5,3,0,13,3,5,0,33,4,3,10,12,4,9,4,0,3,46,0,0,8,3,8,19,7,4,0,54,0,3,14,8,20,12,3,0,0,64,0,3,16,7,7,11,6,0,0,48,5,4,6,3,8,14,3,0,0,46,0,0,0,4,0,0,0,0,0,8
LGA58680,0,0,3,0,0,0,3,0,0,9,0,0,5,0,5,4,0,0,0,14,0,0,5,6,6,3,0,0,0,26,0,0,0,6,0,3,0,0,0,10,0,0,0,0,4,0,0,0,0,7,0,3,0,0,3,0,0,0,0,9,0,0,0,0,0,0,0,0,0,0,0,0,0,0,0,0,0,0,0,0,3,0,5,5,14,8,8,4,0,45,3,8,19,20,32,17,20,5,0,125,0,0,0,0,0,0,0,0,0,0,0,0,0,0,0,0,0,0,0,0,0,0,9,11,7,0,3,0,0,29,0,0,0,0,0,3,0,0,0,7,0,0,6,11,0,4,0,0,0,18,0,0,0,0,0,4,5,0,0,11,0,0,0,7,6,5,0,0,0,18,0,0,8,5,0,0,0,0,0,12,0,0,0,0,0,0,0,0,0,4,0,3,0,0,0,0,0,0,0,6
LGA58760,86,666,1944,1840,1563,1105,547,230,61,8043,76,304,1329,1495,1347,855,443,165,35,6058,225,589,2493,3088,2417,1340,680,271,66,11173,221,683,1874,1980,1615,1076,518,117,22,8105,79,221,443,426,254,118,67,32,14,1656,161,501,1267,1027,870,480,226,85,15,4639,35,14,11,14,5,9,8,0,0,99,18,46,123,141,108,79,34,12,5,572,301,341,877,828,724,505,475,484,363,4896,1235,3709,11313,11892,9636,5961,3184,1467,611,49000,0,92,403,340,212,108,51,19,0,1227,55,120,562,509,216,79,11,0,0,1561,174,753,2316,2952,2586,1644,898,362,71,11757,136,436,1019,1134,910,522,322,134,32,4637,18,77,295,247,128,76,39,18,5,897,35,338,1191,1371,1050,582,277,99,29,4969,45,184,971,1147,850,481,219,99,35,4038,217,825,2871,2745,1763,903,447,170,47,9983,135,622,1517,1449,932,551,186,69,9,5464,60,186,479,327,166,111,61,29,6,1417
LGA58820,4,4,18,19,31,32,25,9,0,138,4,5,15,22,24,21,14,3,6,116,7,10,28,31,34,31,22,6,4,156,4,9,15,36,19,40,9,7,0,146,0,0,0,0,4,0,0,0,0,13,5,9,19,10,18,14,4,0,0,90,0,0,0,0,0,0,0,0,0,4,0,0,0,0,0,3,0,0,0,8,14,9,21,14,35,23,23,27,19,184,34,44,130,163,185,179,102,59,32,931,0,0,4,5,3,3,5,0,0,12,4,0,0,0,0,0,0,0,0,10,11,30,59,75,80,53,42,17,0,371,0,0,7,10,12,19,10,0,0,57,4,5,17,11,9,6,5,4,0,50,0,0,16,20,15,24,13,3,3,91,5,4,12,24,23,19,15,3,0,89,7,13,34,29,24,28,13,9,0,154,6,8,20,22,32,12,3,0,0,103,0,0,0,0,0,4,7,0,0,9
LGA58890,0,0,3,6,3,6,4,0,0,21,0,0,4,4,3,6,8,5,0,31,0,0,5,9,8,7,0,0,0,25,0,0,0,4,10,5,3,0,0,21,0,0,0,0,0,0,0,0,0,0,0,0,0,0,4,0,0,0,0,6,0,0,0,0,0,0,0,0,0,0,0,0,0,0,0,0,0,0,0,0,0,0,9,6,6,11,5,3,0,42,8,6,16,34,45,36,19,12,0,170,0,0,0,3,0,0,0,0,0,5,0,0,0,0,0,0,0,0,0,0,3,7,8,11,18,0,3,0,0,52,0,0,0,0,0,4,0,4,0,12,3,0,12,13,14,0,0,0,0,40,0,0,0,5,7,3,0,3,0,29,0,0,3,10,8,6,3,0,0,39,0,0,8,8,5,4,0,0,0,29,0,0,3,4,3,0,0,0,0,17,0,0,0,0,4,0,0,0,0,6
LGA59030,0,0,0,0,0,0,0,0,0,3,0,0,0,0,0,0,0,0,0,9,0,0,0,0,4,4,0,5,0,13,0,0,6,0,0,0,0,0,0,3,0,0,0,0,0,0,0,0,0,3,0,0,0,0,0,0,0,0,0,6,0,0,0,0,0,0,0,0,0,0,0,0,0,0,0,0,0,0,0,0,0,0,3,4,0,0,4,0,0,17,4,5,14,8,7,13,4,4,0,60,0,0,3,6,4,0,0,0,0,3,0,0,0,0,0,0,0,0,0,0,0,0,7,3,8,0,0,0,0,24,0,0,0,0,0,0,0,0,0,6,0,0,5,3,0,0,0,0,0,10,0,0,6,0,0,0,0,0,0,3,0,0,0,0,0,0,0,0,0,7,0,0,10,0,0,5,0,0,0,18,0,0,0,3,0,0,0,0,0,3,0,0,0,0,0,0,0,0,0,0
LGA59100,0,0,6,0,5,5,7,0,0,30,0,0,3,3,4,5,0,0,0,15,0,0,8,10,7,4,0,0,0,26,0,0,0,5,4,3,0,0,0,12,0,0,0,0,0,0,0,0,0,5,0,0,0,0,0,0,0,0,0,9,0,0,0,0,0,0,0,0,0,0,0,0,0,0,0,0,0,0,0,0,0,3,3,5,8,14,0,7,7,48,6,7,23,30,26,37,7,6,7,153,0,0,0,0,0,0,0,0,0,0,0,0,0,3,0,0,0,0,0,3,0,0,5,4,13,6,7,0,0,27,0,0,4,0,0,0,0,0,0,4,0,4,11,6,6,4,0,0,0,29,0,0,0,15,7,5,0,0,0,28,0,0,6,0,7,0,0,0,0,24,0,0,8,8,6,5,0,0,0,28,0,0,5,0,0,5,0,0,0,10,0,0,0,0,0,0,0,0,0,6
LGA59170,0,0,11,7,4,11,6,0,0,40,0,0,9,14,10,10,3,3,0,46,0,4,4,15,6,5,3,0,0,32,0,0,8,9,4,3,6,0,0,27,0,0,3,0,0,6,0,0,0,9,0,0,6,4,0,3,0,0,0,17,0,0,0,0,0,0,0,0,0,0,0,0,0,0,0,0,0,0,0,3,0,3,3,3,7,11,9,5,4,56,0,10,46,52,38,50,30,12,6,241,0,0,0,0,0,0,0,0,0,6,0,0,3,0,0,0,0,0,0,3,0,0,6,8,5,8,4,0,0,40,0,4,0,0,0,3,0,0,0,10,0,4,13,16,3,3,3,3,0,50,0,3,6,6,5,8,0,0,0,24,0,0,4,17,9,6,0,6,0,40,0,0,9,11,0,0,3,0,0,33,0,3,7,8,7,7,0,0,0,34,0,0,0,0,0,0,0,0,0,5
LGA59250,0,0,3,0,0,0,0,0,0,6,0,0,4,0,0,0,0,0,0,9,0,0,3,3,0,0,0,0,0,10,0,0,0,0,3,3,0,0,0,10,0,0,0,0,0,0,0,0,0,4,0,0,0,0,6,0,0,0,0,8,0,0,0,0,0,0,0,0,0,0,0,0,0,0,0,0,0,0,0,0,5,0,7,14,8,0,3,0,0,39,3,0,24,22,14,4,8,3,0,84,0,7,13,4,4,0,0,0,0,27,0,0,5,3,0,0,0,0,0,10,0,22,80,51,44,16,8,0,0,224,0,3,3,7,11,5,0,0,0,30,0,5,3,0,4,0,0,0,0,19,0,0,8,12,3,0,0,0,0,24,0,4,3,4,0,4,0,0,0,18,0,0,19,13,9,0,0,0,0,39,0,5,9,3,5,3,0,0,0,26,0,0,4,0,0,0,0,0,0,5
LGA59310,0,0,5,9,8,8,3,3,0,33,0,0,6,16,7,12,14,0,0,59,0,3,15,12,3,6,0,0,0,42,0,0,4,3,5,10,5,0,0,24,0,0,0,0,0,0,0,0,0,6,0,0,8,0,3,0,0,0,0,11,0,0,0,0,0,0,0,0,0,0,0,0,0,0,0,0,0,0,0,0,3,5,0,7,7,8,13,4,0,50,9,15,46,56,35,44,42,7,7,257,0,0,0,0,0,0,0,0,0,4,0,0,0,0,0,0,0,0,0,0,4,13,24,20,16,21,6,5,3,110,0,0,3,4,5,0,0,0,0,15,4,5,25,16,13,0,8,0,0,66,0,0,8,7,13,10,3,0,0,33,0,4,11,11,9,22,0,0,3,61,0,4,11,7,15,9,0,0,0,53,0,3,11,5,6,0,3,0,0,34,0,0,0,0,3,0,0,0,0,6
LGA59320,0,0,0,0,0,0,3,0,0,9,0,0,4,3,3,5,6,0,0,18,0,0,4,9,9,4,0,0,0,24,0,0,0,0,0,4,3,0,0,13,0,0,0,0,0,0,0,0,0,5,0,0,0,9,0,0,0,0,0,5,0,0,0,0,0,0,0,0,0,0,0,0,0,0,0,0,0,0,0,0,0,0,0,4,3,0,6,5,0,24,4,8,15,26,20,17,21,8,0,112,0,0,0,0,0,0,0,0,0,4,0,0,0,0,0,0,0,0,0,0,0,0,5,4,8,9,4,0,0,30,0,0,0,0,0,0,0,0,0,4,0,6,3,5,8,0,0,0,0,28,0,0,0,0,3,6,0,0,0,15,0,0,6,0,0,0,5,0,0,15,0,0,0,3,4,0,0,0,0,13,0,0,0,3,0,0,4,0,0,6,0,0,0,0,0,0,0,0,0,3
LGA59330,0,0,3,0,0,3,5,0,0,15,0,0,7,0,5,8,3,0,0,17,0,3,3,7,4,7,0,0,0,18,0,0,0,0,0,0,0,0,0,9,0,0,0,0,0,0,0,0,0,6,0,0,0,0,0,0,0,0,0,3,0,0,0,0,0,0,0,0,0,0,0,0,0,0,0,0,0,0,0,3,0,6,5,0,4,0,5,3,0,32,3,8,23,12,17,13,20,9,5,105,0,0,0,4,0,0,0,0,0,4,0,0,0,0,0,0,0,0,0,0,0,3,0,6,0,4,3,0,0,28,0,0,0,0,0,0,0,0,0,0,0,0,5,3,0,0,0,0,0,12,0,0,0,3,3,6,3,3,0,15,0,3,9,3,5,5,0,0,0,25,0,0,6,3,5,5,0,0,0,22,0,0,0,0,0,0,0,0,0,6,0,0,0,0,0,0,0,0,0,0
LGA59340,3,15,77,49,36,51,19,4,0,262,0,9,58,39,51,36,11,0,0,200,4,14,70,75,52,56,16,5,0,280,3,13,65,46,44,35,4,3,0,215,0,4,16,3,13,0,0,0,0,38,3,18,29,24,15,5,6,0,0,87,0,0,5,0,0,0,0,0,0,5,0,0,4,0,6,6,0,0,0,16,34,50,141,105,107,80,40,16,11,579,55,122,508,390,346,277,89,28,11,1834,0,3,19,21,9,7,0,0,0,61,0,0,12,4,3,3,0,0,0,25,4,63,142,137,116,64,24,0,0,550,0,25,54,49,39,28,12,0,0,220,6,14,45,45,42,17,5,0,0,172,0,11,71,74,60,50,14,0,0,279,0,11,72,65,46,34,9,0,0,236,3,38,121,78,76,30,7,0,0,359,0,25,86,67,68,40,12,0,0,288,0,5,18,25,12,5,0,0,0,79
LGA59350,0,0,0,0,0,0,0,0,0,3,0,0,0,0,0,0,0,0,0,4,0,0,0,0,0,0,0,0,0,0,0,0,0,0,0,0,0,0,0,0,0,0,0,0,0,0,0,0,0,4,0,0,0,0,0,0,0,0,0,3,0,0,0,0,0,0,0,0,0,0,0,0,0,0,0,0,0,0,0,0,0,5,6,9,5,6,0,4,0,30,0,6,15,7,11,7,8,4,0,57,0,3,4,0,0,0,0,0,0,9,0,0,0,0,0,0,0,0,0,0,0,5,21,15,10,5,0,0,0,59,0,0,0,0,0,0,0,0,0,12,0,0,4,0,0,0,0,0,0,5,0,0,0,0,4,0,0,0,0,8,0,0,0,3,0,0,0,0,0,9,0,0,9,4,3,3,0,0,0,19,0,4,6,0,0,0,0,0,0,6,0,0,0,0,0,0,0,0,0,8
LGA59360,0,0,7,0,7,7,3,0,0,24,0,0,6,4,8,4,0,0,0,33,0,5,6,8,9,10,3,0,0,35,0,0,0,4,6,6,0,0,0,16,0,0,0,6,0,0,0,0,0,7,0,0,0,8,3,0,0,0,0,10,0,0,0,0,0,0,0,0,0,0,0,0,0,0,0,0,0,0,0,0,0,0,18,11,15,7,10,3,3,58,0,8,44,42,52,30,16,3,5,199,0,0,9,5,3,0,0,0,0,19,0,0,0,0,0,0,0,0,0,0,0,27,55,30,34,20,5,4,0,178,0,0,8,3,5,3,0,0,0,20,0,9,4,7,4,5,4,0,0,30,0,3,0,8,11,11,4,0,0,32,0,7,7,14,5,3,0,0,0,43,0,10,20,9,11,3,0,3,0,65,0,3,7,6,3,3,0,0,0,26,0,0,0,6,0,0,0,0,0,10
LGA59370,3,7,17,13,17,31,41,16,8,153,0,0,16,18,19,39,37,16,8,151,0,8,11,27,26,17,24,5,0,114,0,0,5,17,16,21,26,3,0,90,3,0,5,0,5,8,5,3,0,33,4,0,6,3,8,8,4,0,0,48,0,0,0,0,0,0,0,0,0,3,0,0,0,0,4,3,3,0,0,9,4,8,18,13,17,29,29,35,8,158,12,29,88,117,131,162,181,85,22,836,0,0,5,9,9,0,3,0,0,31,0,0,3,0,0,0,0,0,0,9,0,7,29,37,44,60,33,12,0,222,0,0,8,11,15,14,12,8,0,76,0,5,18,22,14,14,8,0,0,81,0,0,9,18,32,41,19,12,4,139,0,0,11,22,31,40,19,15,0,148,0,4,26,36,27,43,30,5,0,171,0,3,7,14,15,41,12,6,0,111,0,0,0,7,8,10,10,0,0,38
LGA59499,0,15,59,48,17,32,26,0,0,195,0,4,22,21,21,20,9,0,0,106,4,16,84,52,43,46,17,0,0,269,0,23,56,35,29,49,17,0,0,209,3,3,34,14,4,6,0,0,0,62,9,5,27,20,16,12,7,0,0,91,0,5,0,0,0,5,0,0,0,5,0,0,0,0,0,0,0,0,0,10,61,106,265,278,228,156,95,21,9,1217,76,196,590,509,363,340,179,25,7,2290,0,21,39,25,14,11,3,0,0,121,0,9,26,8,0,3,0,0,0,57,5,46,192,152,132,156,97,3,0,788,6,34,69,45,31,50,24,6,0,264,4,5,30,17,18,14,0,0,0,91,0,20,77,53,45,89,22,0,0,314,0,3,42,34,33,62,27,0,0,199,5,44,145,82,71,86,28,7,0,455,0,40,96,54,51,43,12,0,0,296,0,24,53,29,11,11,10,0,0,142
LGA59799,0,0,0,0,0,0,0,0,0,3,0,0,0,0,0,0,0,0,0,5,0,0,0,0,0,0,3,0,0,8,0,0,4,0,0,0,0,0,0,5,0,0,0,0,0,0,0,0,0,3,0,0,0,0,0,0,0,0,0,5,0,0,0,0,0,0,0,0,0,0,0,0,0,0,0,0,0,0,0,0,0,5,3,3,8,0,0,0,0,20,3,8,12,6,7,3,5,0,0,48,0,0,5,0,4,0,0,0,0,11,0,0,0,0,0,0,0,0,0,0,0,12,42,33,30,9,4,0,0,128,0,0,10,8,3,3,0,0,0,28,0,0,4,0,0,0,0,0,0,4,0,0,3,0,5,0,0,0,0,10,0,0,0,0,0,0,0,0,0,3,0,0,0,0,0,0,0,0,0,6,0,0,0,0,0,0,0,0,0,3,0,0,0,0,0,0,0,0,0,0
LGA60210,0,0,25,42,38,83,55,26,3,274,0,3,19,33,33,59,65,21,0,224,0,6,42,37,52,60,42,10,0,248,0,9,30,48,65,65,40,8,0,270,0,4,3,12,7,18,13,5,0,64,3,10,25,35,24,19,9,0,0,131,0,0,0,0,0,0,0,0,0,0,0,0,0,3,0,12,0,0,0,17,14,16,20,31,34,61,56,46,10,288,19,50,172,256,272,407,302,118,25,1626,0,0,7,9,0,13,8,4,0,34,0,0,4,4,0,3,0,0,0,16,3,14,34,57,96,110,91,21,8,439,0,8,13,32,33,41,24,8,5,172,0,5,17,28,21,28,8,7,0,104,0,9,16,22,61,59,34,8,0,210,0,6,27,30,40,65,34,6,9,223,5,9,40,41,66,55,23,7,5,244,0,9,27,46,53,56,21,7,0,212,0,0,4,9,21,15,3,0,0,62
LGA60410,0,53,133,85,66,82,63,21,3,511,0,12,61,76,58,45,37,16,5,308,11,67,240,216,166,86,45,7,0,845,8,70,225,179,175,109,45,7,0,827,0,9,19,23,4,3,6,0,5,62,7,46,134,82,61,33,16,6,0,392,0,0,0,0,3,0,0,0,0,7,0,0,6,7,0,3,5,0,0,30,53,56,117,88,70,78,90,61,18,635,92,336,994,808,652,470,323,133,29,3821,0,3,15,14,3,8,0,0,0,36,0,9,28,14,8,3,0,0,0,69,11,57,164,210,195,161,81,28,8,913,12,39,77,95,69,67,25,7,4,388,4,13,22,33,23,8,4,0,0,104,0,16,52,49,65,60,33,0,5,281,0,4,37,43,47,46,19,14,5,210,26,85,220,193,104,79,20,8,3,741,8,62,133,118,107,69,23,0,5,515,0,0,20,10,3,8,0,0,0,37
LGA60610,5,54,184,126,121,116,87,36,15,736,3,18,80,116,85,88,83,37,14,514,12,67,194,184,170,144,64,29,5,866,12,60,222,179,191,181,74,13,0,932,0,8,32,20,16,28,10,6,0,116,14,59,114,79,71,36,19,3,3,399,0,0,0,0,0,0,0,0,0,3,0,8,11,14,9,10,0,3,0,56,62,41,81,80,108,79,97,95,58,701,105,318,974,867,812,733,459,231,103,4601,0,4,31,31,22,12,14,4,0,119,12,18,37,26,24,11,3,0,0,124,15,112,268,288,296,244,177,68,18,1494,5,43,51,68,82,77,39,14,5,389,5,13,48,35,36,23,7,10,3,188,0,42,111,141,180,123,65,23,10,690,0,10,98,93,129,99,81,26,10,544,28,94,223,228,216,139,56,29,6,1011,23,72,135,150,161,109,34,6,6,701,3,18,43,25,30,14,8,0,0,141
LGA60810,4,73,157,138,152,202,138,53,18,925,3,30,99,138,159,148,135,82,21,807,6,41,183,204,225,224,118,42,10,1053,10,62,180,188,221,234,125,21,4,1049,0,7,25,23,15,28,22,3,0,132,7,44,101,69,80,60,30,7,0,395,0,0,0,0,0,0,4,0,5,10,0,7,8,12,9,14,9,5,0,56,51,42,75,74,92,118,143,141,38,766,93,312,900,909,1017,1094,750,366,109,5547,0,0,11,19,24,22,21,8,0,104,9,11,30,14,22,23,4,0,0,103,24,88,203,305,360,277,202,81,14,1549,10,69,66,114,157,110,76,38,10,649,0,20,61,89,78,36,17,6,0,310,0,23,85,135,228,178,84,35,16,792,0,15,96,123,179,214,118,36,8,790,24,66,224,237,288,196,59,26,6,1133,20,33,132,196,218,167,36,19,0,824,0,19,19,33,33,26,12,7,0,147
LGA61010,0,0,3,11,10,17,10,9,5,61,0,0,5,6,0,9,16,0,0,40,0,5,21,17,17,14,13,3,0,93,0,4,8,18,14,16,7,0,0,81,0,0,6,5,4,3,3,0,0,16,0,3,13,11,8,3,4,0,0,44,0,0,0,0,0,0,0,0,0,0,0,0,3,0,4,0,3,0,0,6,9,4,12,13,8,32,25,17,0,113,14,25,84,89,76,112,89,33,7,516,0,0,3,4,4,9,0,0,0,21,0,0,0,0,0,5,0,0,0,5,0,9,15,16,20,24,18,7,0,107,0,0,6,4,6,9,8,0,0,38,5,10,28,23,16,7,10,0,0,91,0,0,6,5,11,18,9,6,0,62,0,0,3,0,5,18,8,0,0,41,3,10,7,11,20,23,9,0,0,86,0,7,11,14,11,12,3,0,0,59,0,0,3,4,0,0,3,0,0,12
LGA61210,3,8,36,26,34,39,40,9,0,202,0,13,37,52,38,31,25,16,0,206,3,20,65,63,56,40,22,4,6,281,3,17,61,51,56,69,22,5,0,283,0,0,7,9,9,6,5,0,0,33,7,17,42,35,37,14,8,0,0,165,0,0,0,0,0,0,0,0,0,0,0,0,3,0,0,7,0,0,0,18,29,22,52,49,41,50,72,45,11,371,50,106,334,302,289,280,203,77,23,1661,0,0,4,14,5,0,0,5,0,33,8,3,4,0,8,9,5,0,0,37,9,27,105,89,106,92,31,11,6,470,4,19,23,20,35,29,10,9,0,153,12,16,40,51,43,3,8,0,0,182,0,4,23,29,43,38,15,9,3,162,0,3,48,32,38,31,14,4,8,182,10,22,71,61,58,49,11,3,0,290,7,24,44,54,58,24,6,0,0,215,0,3,9,10,5,7,0,0,0,36
LGA61410,13,160,583,509,391,490,368,167,60,2740,0,45,330,401,379,428,412,185,84,2280,23,173,939,876,664,530,300,105,38,3649,28,145,591,637,537,510,283,79,11,2820,4,38,143,108,84,69,62,37,9,551,22,87,252,192,208,131,72,50,5,1026,3,4,3,0,0,0,6,3,0,22,0,18,39,52,42,32,16,9,0,206,78,76,216,195,135,176,243,245,140,1502,183,821,3443,3263,2652,2563,1872,923,363,16080,0,32,108,169,143,101,53,27,11,625,13,45,158,110,69,34,7,0,0,442,20,148,423,603,736,669,463,263,82,3404,23,151,276,328,364,230,176,81,30,1662,7,30,92,110,114,47,33,18,3,457,3,83,354,406,525,442,251,113,35,2208,0,37,277,346,514,545,288,136,34,2184,70,249,760,854,765,631,289,161,46,3829,29,150,471,555,519,435,160,48,14,2387,9,55,121,112,90,82,65,39,16,583
LGA61510,0,23,52,49,60,68,49,15,0,312,0,8,27,47,50,36,29,10,5,207,3,28,100,119,82,54,22,12,4,417,9,27,85,92,93,101,48,4,0,463,0,3,9,14,13,7,5,4,0,62,4,17,59,47,23,16,11,7,0,185,0,0,3,0,0,0,0,0,0,4,0,3,5,9,8,4,3,0,0,27,44,20,51,59,61,57,53,39,14,406,60,137,418,464,414,374,232,99,27,2230,0,0,7,8,12,3,0,0,0,32,0,0,7,7,9,6,0,0,0,39,6,36,77,136,133,131,63,27,3,609,7,34,40,52,56,48,29,8,4,266,0,4,31,25,30,11,0,0,0,108,4,9,22,52,85,76,37,18,0,303,3,4,11,27,35,41,19,13,6,154,18,38,93,87,64,59,24,6,0,388,3,24,66,95,101,60,14,3,0,368,0,3,11,20,19,5,8,3,0,72
LGA61610,5,61,185,132,133,150,146,64,16,890,0,23,127,146,125,132,135,70,28,789,3,77,307,260,217,206,127,14,5,1219,21,82,268,236,264,229,140,27,5,1264,0,9,38,26,23,33,14,3,4,148,9,55,172,114,94,60,46,13,9,562,0,0,0,0,0,0,0,0,0,4,0,5,9,11,13,8,9,0,0,56,36,44,117,79,84,110,161,140,93,875,82,366,1308,1052,1024,980,807,357,163,6147,0,3,18,32,18,27,11,13,0,118,4,22,49,34,24,12,6,0,0,158,13,101,260,327,291,272,199,99,35,1588,10,70,98,121,164,130,93,56,9,745,3,14,38,49,36,28,14,7,0,191,5,45,110,126,154,154,94,42,26,753,0,16,137,128,146,171,138,51,23,815,26,135,318,267,263,190,62,44,6,1311,30,80,182,230,191,151,53,12,0,931,3,13,30,22,41,30,12,10,3,163
LGA61810,0,5,32,30,26,51,53,14,3,221,0,4,28,34,34,40,37,17,10,198,0,13,53,56,36,56,31,8,0,256,0,5,30,29,46,51,14,5,0,191,0,6,6,9,4,11,7,0,0,37,0,11,37,24,22,12,7,3,0,131,0,0,0,0,0,0,0,0,0,0,0,0,0,3,0,4,3,0,0,17,22,10,25,27,32,46,60,61,56,338,28,69,221,228,234,304,223,108,69,1488,0,0,12,5,12,7,5,0,0,41,4,4,0,3,11,6,0,4,0,33,9,30,79,71,88,95,48,16,3,439,3,12,11,28,26,26,25,11,0,140,11,30,50,40,45,22,14,9,0,213,0,8,16,40,46,47,26,17,3,198,0,3,16,19,40,47,29,5,0,168,14,16,58,43,63,31,15,6,0,250,4,10,24,40,40,48,16,8,4,188,0,0,8,5,7,9,6,0,0,34
LGA62010,0,0,0,7,7,12,9,8,0,47,0,0,3,6,5,4,7,9,0,34,0,0,9,13,7,6,7,0,0,41,0,0,4,3,5,8,9,0,0,30,0,0,0,3,4,0,0,0,0,9,0,0,0,6,0,0,3,0,0,16,0,0,0,0,0,0,0,0,0,0,0,0,0,0,0,3,0,0,0,5,0,0,0,9,3,8,6,3,0,36,0,0,18,50,34,49,53,27,7,241,0,0,0,0,5,0,4,5,0,10,0,0,0,0,0,0,0,0,0,4,0,0,5,0,12,23,11,0,0,50,0,0,4,3,5,14,0,0,0,21,0,4,3,7,10,0,7,0,0,26,0,0,6,11,14,13,5,7,3,49,0,0,8,0,4,11,10,0,0,31,0,0,3,0,11,11,9,0,0,41,0,0,0,0,6,7,0,0,0,19,0,0,0,0,0,0,3,0,0,14
LGA62210,0,7,28,26,31,53,40,21,9,217,0,0,24,29,37,39,39,19,3,199,0,13,61,46,40,39,47,10,3,258,9,14,40,47,49,63,45,13,0,262,0,0,4,3,3,8,3,5,0,29,10,13,33,35,19,17,12,5,0,152,0,0,0,0,0,0,0,0,0,0,0,0,3,4,7,0,6,0,0,15,18,6,30,36,39,38,46,38,11,263,38,65,233,244,249,275,252,109,29,1488,0,0,3,8,4,3,6,0,0,29,4,8,6,3,6,0,0,0,0,25,20,25,76,85,135,105,66,40,11,550,0,11,16,24,38,21,13,7,4,124,0,4,14,13,12,11,4,6,0,65,0,0,27,15,41,47,30,13,5,173,0,0,11,24,36,50,24,12,0,160,0,15,57,44,39,54,20,8,0,245,9,13,29,38,49,36,15,0,0,185,0,0,4,8,8,5,4,0,0,30
LGA62410,0,3,25,18,10,54,45,15,5,174,0,0,16,23,27,35,44,28,10,183,5,9,60,36,38,53,37,9,5,239,0,0,20,23,33,57,38,12,0,189,0,0,8,8,3,14,5,3,0,42,0,3,26,27,20,22,16,0,0,121,0,0,0,0,0,0,0,5,0,4,0,0,0,3,6,0,0,0,0,10,4,7,32,20,15,39,49,32,17,211,7,29,198,166,170,290,252,106,29,1246,0,0,8,4,10,10,4,3,0,36,0,0,4,0,4,5,0,0,0,8,0,10,14,39,43,67,73,21,3,272,0,4,10,22,24,37,34,8,0,144,0,0,17,23,19,21,11,0,0,93,0,6,12,3,20,48,19,8,5,126,0,0,9,17,26,46,40,7,3,148,0,5,27,27,36,47,31,13,3,187,4,3,10,24,26,41,20,0,0,132,0,0,0,3,8,14,9,3,0,43
LGA62610,8,133,491,275,211,213,160,89,21,1601,6,37,221,200,175,172,119,75,26,1035,20,163,1310,714,392,319,179,51,20,3160,20,160,591,495,431,369,183,40,16,2299,3,23,127,88,71,51,23,8,6,394,16,84,261,194,136,95,52,27,3,858,3,5,6,0,6,5,8,0,0,27,6,14,51,45,29,11,20,5,0,178,78,91,297,195,163,172,201,239,137,1590,151,811,3760,2406,1743,1502,994,555,253,12166,0,14,83,72,57,30,15,5,7,278,10,64,195,86,55,25,0,0,0,438,27,135,448,553,547,471,329,198,47,2751,28,122,219,208,269,156,130,80,22,1224,6,24,88,61,47,35,9,9,3,277,5,80,204,193,265,219,105,66,23,1155,0,23,164,135,180,167,125,62,20,872,74,251,779,578,536,312,122,55,15,2708,28,149,476,424,414,258,69,28,7,1866,5,35,99,98,71,35,19,11,0,382
LGA62810,6,224,771,579,546,535,418,202,77,3360,3,41,260,303,363,500,520,217,58,2259,22,259,1558,755,524,400,250,77,37,3885,11,152,669,607,605,496,466,169,30,3195,5,88,342,226,181,145,112,45,15,1160,15,62,182,99,101,84,52,21,9,628,0,13,0,0,0,0,5,0,0,28,0,23,74,76,83,63,37,17,6,376,59,104,288,168,149,153,150,159,147,1373,129,1158,4894,3289,2950,2607,2158,949,390,18525,0,138,420,401,333,275,119,58,17,1754,6,97,323,174,115,48,12,3,0,780,16,151,393,422,442,434,310,207,72,2448,12,73,181,221,234,162,106,71,22,1070,4,52,124,140,119,81,32,17,10,567,7,209,628,710,802,632,288,158,71,3504,0,40,275,403,609,751,289,145,68,2577,47,473,1029,807,754,569,260,143,68,4148,24,329,881,842,806,761,321,118,38,4118,10,166,360,311,243,201,84,33,16,1414
LGA63010,6,26,83,104,125,176,115,44,3,675,0,11,56,102,104,130,102,53,11,561,3,40,155,156,157,164,90,27,0,794,0,30,129,169,175,199,128,19,0,853,0,5,44,76,49,64,40,12,0,293,5,31,77,65,43,48,23,6,0,294,0,3,4,0,0,0,3,0,0,9,0,0,8,15,22,14,13,0,0,70,34,28,89,82,104,123,100,97,44,698,53,184,743,869,864,1016,650,267,67,4707,0,0,22,39,51,43,26,4,0,192,0,6,31,26,20,15,3,0,0,104,8,49,132,180,229,214,107,46,16,990,9,32,61,97,93,68,40,12,3,417,5,20,61,89,83,42,14,7,0,325,5,12,41,100,148,132,55,13,6,514,0,0,33,78,86,118,81,26,3,420,14,57,153,172,149,135,66,7,3,764,9,25,100,192,161,166,60,16,4,725,0,7,37,63,53,65,24,3,0,260
LGA63210,0,14,38,31,64,69,42,9,3,262,0,0,20,30,41,32,38,18,5,180,3,14,45,66,56,64,30,3,0,278,3,8,35,57,59,65,28,0,0,257,0,3,3,9,6,10,8,0,0,47,4,17,31,23,25,17,4,3,0,120,0,0,0,0,0,0,0,0,0,0,3,0,0,6,3,5,6,0,0,17,31,17,24,43,41,46,41,37,9,287,42,76,223,279,322,338,203,80,16,1570,0,0,3,0,7,7,4,0,0,37,0,5,6,7,10,5,0,0,0,30,3,26,49,96,117,93,62,22,5,469,3,7,14,22,45,39,21,4,0,164,3,5,23,37,27,17,4,3,0,113,0,6,29,44,49,55,21,3,0,203,0,0,13,34,34,49,28,10,0,165,10,19,55,70,68,44,14,3,0,290,7,9,34,38,41,28,10,0,0,175,0,0,6,13,7,8,7,0,0,48
LGA63410,0,0,12,11,6,12,12,3,0,48,0,5,10,12,12,9,10,4,0,64,0,0,11,14,7,16,15,5,0,71,0,4,9,13,11,8,12,0,0,55,0,0,0,0,3,0,0,0,0,10,0,0,10,6,3,4,0,0,0,23,0,0,0,0,0,0,0,0,0,0,0,0,0,0,0,0,0,0,0,3,0,0,7,17,11,14,13,10,5,80,0,14,73,78,58,69,61,27,9,389,0,0,5,3,0,3,0,0,0,12,0,0,0,0,0,0,0,0,0,0,0,4,26,19,20,35,15,9,3,128,4,5,3,3,7,9,7,4,0,46,3,0,15,8,3,9,4,3,0,40,0,0,8,7,14,21,5,3,0,55,0,0,10,12,8,19,8,3,0,64,0,0,12,15,18,19,8,0,0,74,0,3,5,10,7,14,9,0,0,40,0,0,4,3,3,3,0,0,0,12
LGA63610,9,106,350,360,366,377,333,135,56,2098,0,19,173,302,282,311,317,171,35,1614,16,94,616,593,432,313,215,73,33,2392,7,92,363,429,455,378,306,90,25,2143,4,26,108,128,124,88,71,22,12,578,14,37,144,144,121,82,53,12,8,608,0,4,6,5,0,0,0,0,0,17,0,7,28,38,38,25,16,10,3,163,36,37,116,123,104,107,143,121,60,852,97,476,2181,2411,2178,1860,1591,672,235,11703,0,22,139,238,179,160,57,30,7,844,11,45,116,92,78,40,5,0,0,392,9,96,315,418,516,437,320,143,28,2282,15,93,153,222,238,162,95,45,12,1037,0,11,88,154,113,57,38,19,0,481,3,59,238,350,426,387,192,123,25,1817,0,19,190,262,344,387,227,97,27,1565,30,149,557,540,501,426,192,67,19,2487,19,111,346,456,450,389,168,54,9,2012,3,28,94,125,113,106,55,24,7,552
LGA63810,6,24,80,64,90,108,119,50,18,551,5,15,60,73,77,87,69,43,10,436,6,22,112,112,101,108,75,18,3,550,12,40,74,92,98,109,59,10,0,497,0,4,11,15,10,12,9,4,0,64,0,22,58,56,47,25,26,11,0,248,0,0,0,0,0,0,0,0,0,0,0,0,0,0,3,5,11,0,0,24,11,16,42,33,59,62,89,69,31,404,39,151,486,472,520,541,467,209,64,2957,0,0,8,9,10,9,8,0,0,44,0,3,14,9,5,3,4,0,0,41,9,42,99,160,174,150,87,35,15,773,4,35,51,54,62,71,40,13,6,342,0,9,35,31,20,10,8,3,4,124,0,15,49,54,79,119,60,17,10,397,0,6,49,58,66,58,50,18,9,321,5,38,107,103,121,99,29,15,6,525,9,21,74,70,88,60,21,8,0,348,0,8,10,9,12,12,8,4,0,54
LGA64010,15,222,811,597,502,531,386,189,64,3319,7,59,304,421,437,398,355,211,56,2248,20,197,908,710,620,477,272,85,38,3321,23,218,630,583,613,500,324,72,9,2971,3,46,162,139,119,83,73,27,8,660,47,148,350,251,226,120,94,29,9,1278,0,6,8,8,0,3,0,3,4,35,0,9,53,43,41,30,22,9,3,209,115,171,325,218,246,244,292,292,165,2060,256,1198,3999,3230,2988,2541,1919,943,365,17430,3,37,120,115,110,92,40,14,7,533,10,64,213,101,79,38,3,0,0,511,44,269,633,709,833,688,455,226,63,3921,25,223,338,308,324,229,169,116,24,1751,14,47,176,170,119,70,40,19,8,661,10,188,540,544,638,490,243,111,43,2794,3,68,401,434,516,492,282,128,33,2360,74,347,913,806,688,479,206,106,42,3656,50,203,541,629,561,460,136,55,9,2644,13,81,257,182,127,108,51,28,12,858
LGA64210,10,50,165,152,154,189,137,63,10,932,0,21,67,121,121,113,104,52,16,616,3,47,181,221,194,176,91,39,8,967,9,48,142,140,172,147,114,18,3,791,0,9,29,25,26,28,27,14,4,159,4,31,96,58,78,29,23,6,0,335,0,3,0,0,0,0,0,6,0,6,0,4,3,5,9,12,11,6,3,58,28,21,70,64,78,111,104,97,34,610,64,259,832,879,914,869,649,315,81,4860,0,9,18,29,33,32,16,0,0,137,0,9,24,34,21,6,3,0,0,100,14,71,165,223,311,256,148,64,13,1272,12,25,51,91,103,67,35,27,4,415,17,28,72,93,70,46,17,14,5,346,5,13,91,136,189,167,78,35,13,728,0,12,84,96,115,132,69,41,9,561,15,72,229,281,250,192,62,26,3,1125,11,42,100,161,150,140,40,19,5,669,6,9,24,29,34,38,19,7,0,167
LGA64610,3,30,105,75,102,115,93,43,5,580,0,9,50,78,67,79,72,32,4,406,6,28,119,98,123,100,62,24,10,571,7,35,96,89,104,97,72,16,0,513,0,11,13,12,16,23,17,4,0,88,8,11,87,46,43,27,24,12,0,262,0,0,0,0,0,0,0,0,0,4,0,0,4,4,9,7,9,9,0,33,21,28,33,43,66,79,95,77,22,459,45,166,575,500,565,553,459,221,44,3134,0,4,5,12,17,20,11,3,0,68,0,0,12,3,11,9,0,0,0,39,6,43,108,178,181,138,93,44,12,808,3,16,38,67,80,56,31,11,4,306,5,20,71,72,74,50,21,8,0,326,0,13,41,79,93,93,62,15,7,413,0,5,45,50,83,78,60,16,4,342,9,31,104,154,132,104,48,11,0,592,16,22,76,75,113,87,47,8,4,432,0,5,17,13,25,16,16,3,0,93
LGA64810,3,31,144,94,108,116,97,28,7,632,5,12,91,102,73,91,73,35,5,475,5,54,230,203,151,174,67,25,4,902,9,39,181,128,129,186,105,16,0,800,0,6,45,37,35,24,20,9,0,163,6,35,85,92,69,37,32,9,0,355,0,0,0,0,0,0,0,0,0,5,0,0,9,10,11,13,7,4,0,61,29,22,82,101,76,84,92,65,29,581,61,210,939,833,708,757,516,186,57,4254,0,4,9,31,22,11,9,3,0,95,5,9,22,27,6,13,0,0,0,80,14,49,119,186,226,169,108,50,16,921,18,49,92,84,95,73,45,18,5,481,0,6,43,37,48,22,3,0,0,158,0,13,53,73,104,103,35,17,4,400,5,6,38,61,73,70,40,11,5,316,17,67,181,187,172,110,52,25,3,815,3,46,124,129,169,106,33,5,0,618,0,5,22,39,28,32,17,0,0,140
LGA65010,0,15,37,31,24,54,32,3,5,206,0,9,29,23,28,25,28,14,4,155,3,15,63,50,51,35,13,4,3,235,3,22,40,53,44,76,24,4,0,265,0,4,3,11,5,3,3,0,0,31,0,6,38,22,17,16,6,0,0,116,0,0,0,0,0,0,0,0,0,0,0,0,0,0,0,9,0,0,0,15,31,21,34,28,56,38,39,25,6,278,45,95,278,255,249,273,151,63,17,1418,0,0,7,3,12,11,7,0,0,33,0,0,3,3,3,0,0,0,0,21,0,13,61,85,88,68,46,11,0,373,0,7,19,31,30,38,21,4,0,163,3,15,28,25,19,11,6,0,0,121,0,4,22,22,26,35,17,8,0,135,0,0,11,15,20,29,21,8,0,105,0,27,47,51,54,43,7,8,0,237,3,8,28,47,59,33,18,0,0,190,0,0,11,8,11,5,3,0,0,44
LGA65210,0,3,3,17,7,25,21,8,6,86,0,0,8,9,15,35,22,16,3,96,0,0,15,24,12,33,16,6,0,101,0,3,10,12,12,48,36,5,0,123,0,0,4,4,7,8,4,3,0,30,0,3,6,16,8,10,12,0,0,50,0,0,0,0,0,0,0,0,0,0,0,0,0,6,0,0,0,0,0,6,0,3,8,18,13,26,17,15,10,110,12,9,66,110,85,200,126,58,16,678,0,0,4,5,3,0,4,0,0,24,0,0,0,0,0,0,0,0,0,10,0,3,16,20,38,44,38,18,6,178,0,0,0,9,17,27,16,6,0,92,0,4,10,13,9,4,5,0,0,45,0,0,6,5,14,23,14,6,3,74,0,0,0,12,19,18,16,7,0,78,0,5,22,9,25,32,15,4,0,111,0,4,13,16,28,28,9,0,0,103,0,0,6,7,3,11,10,0,0,36
LGA65410,7,28,87,81,86,132,91,56,14,577,0,12,49,90,75,91,78,50,17,470,8,25,103,108,123,106,62,13,6,558,6,36,84,127,130,135,79,14,0,606,0,8,12,6,13,19,15,7,3,88,5,27,63,57,47,26,18,8,0,246,0,0,0,0,0,0,0,6,0,10,0,0,0,3,8,10,0,3,0,28,34,20,46,53,66,73,102,74,31,500,61,161,490,589,584,647,475,244,72,3330,0,5,7,11,15,21,21,8,0,89,3,0,11,15,16,3,4,0,0,54,16,68,163,220,272,177,120,51,11,1098,3,21,53,47,75,63,32,9,5,313,6,13,42,44,61,22,8,0,6,206,3,18,44,75,142,136,74,28,6,518,0,7,54,71,112,114,65,33,3,455,18,34,110,146,142,81,40,18,7,592,18,21,79,119,132,93,40,10,0,508,0,8,17,16,22,24,17,5,0,109
LGA65610,0,0,14,9,5,21,22,12,0,89,0,3,31,13,11,13,5,0,0,83,0,12,39,19,27,32,10,0,0,147,0,7,18,17,30,36,17,6,0,131,0,0,0,10,4,4,3,4,0,23,0,6,29,20,16,17,13,6,0,102,0,0,0,0,0,0,0,0,0,0,0,0,0,0,0,4,0,0,0,6,5,11,40,22,37,43,25,27,14,232,13,50,188,133,154,194,102,52,20,897,0,3,16,5,0,5,3,0,0,43,0,4,4,10,3,0,0,0,0,24,5,24,76,105,106,69,47,20,0,461,0,15,8,23,18,17,12,3,0,103,0,6,14,12,4,0,0,0,0,27,0,0,6,17,30,28,7,0,0,97,0,12,28,20,18,9,5,0,0,86,0,27,52,37,25,28,10,3,0,187,0,9,14,35,37,9,5,0,0,111,0,0,0,7,7,8,0,0,0,36
LGA65810,4,37,227,224,233,273,193,79,12,1279,0,27,100,177,198,197,171,94,21,994,6,57,238,269,276,234,159,52,11,1308,17,41,157,188,219,241,134,41,4,1042,0,9,43,37,40,55,30,20,3,232,5,49,102,86,77,62,43,19,3,446,0,3,5,0,0,3,0,0,0,12,0,3,10,20,13,12,14,4,0,67,30,32,59,87,86,97,121,126,70,709,65,267,1028,1196,1237,1233,918,447,140,6542,0,3,29,63,40,59,23,9,0,228,3,15,54,27,26,9,0,0,0,135,17,84,199,341,397,363,234,125,30,1795,16,52,83,125,164,120,67,32,8,662,0,12,43,72,65,50,29,7,0,290,3,49,119,184,284,246,112,41,15,1051,0,16,111,178,219,239,147,50,18,974,10,73,240,326,328,231,112,40,13,1366,7,44,130,200,202,194,80,17,5,885,10,13,39,57,44,44,29,8,3,242
LGA69499,0,3,12,4,0,14,0,0,0,33,0,0,3,8,7,3,6,0,0,24,0,0,8,12,3,8,0,0,0,39,0,3,8,4,10,12,9,0,0,44,0,3,6,0,3,3,0,0,0,15,0,4,8,3,0,3,0,0,0,24,0,0,0,0,0,0,0,0,0,0,0,0,7,0,0,6,0,0,0,9,7,7,11,18,19,19,25,7,4,130,11,22,68,68,56,63,47,8,4,347,0,0,0,0,3,7,0,0,0,18,0,0,3,0,3,0,0,0,0,13,0,4,23,15,20,4,11,0,0,75,0,3,4,6,4,0,3,0,0,20,0,0,0,4,0,0,0,0,0,17,0,0,13,3,8,15,4,0,0,57,0,0,11,3,0,11,0,4,0,27,3,6,18,17,4,5,0,0,0,50,0,5,11,7,15,18,3,0,0,64,0,5,3,3,0,0,0,0,0,10
LGA69799,0,0,0,0,0,0,0,0,0,0,0,0,0,0,0,0,0,0,0,0,0,0,0,0,0,0,0,0,0,0,0,0,0,0,0,0,0,0,0,0,0,0,0,0,0,0,0,0,0,0,0,0,0,0,0,0,0,0,0,0,0,0,0,0,0,0,0,0,0,0,0,0,0,0,0,0,0,0,0,0,0,0,0,0,0,0,0,0,0,0,0,0,0,0,0,0,0,0,0,0,0,0,4,0,0,0,0,0,0,4,0,0,0,0,0,0,0,0,0,5,0,3,5,6,4,6,0,0,0,20,0,0,4,0,0,0,0,0,0,7,0,0,0,0,0,0,0,0,0,10,0,0,4,0,0,0,0,0,0,0,0,0,0,0,0,0,0,0,0,0,0,0,0,0,4,0,0,0,0,4,0,0,0,0,0,0,0,0,0,3,0,0,0,0,0,0,0,0,0,4
LGA70200,6,73,549,347,234,215,109,28,17,1576,3,23,155,164,184,165,92,32,3,818,22,43,357,298,283,170,74,14,5,1265,5,49,347,319,208,177,65,19,0,1199,0,16,80,48,35,30,14,6,0,236,32,47,116,81,53,36,12,6,0,385,0,0,0,0,0,6,0,0,0,11,0,8,30,22,21,15,12,0,0,100,54,56,248,192,173,152,87,39,23,1023,127,337,2018,1576,1274,1021,475,154,49,7038,0,9,81,57,57,36,21,0,0,266,0,15,77,51,31,18,3,0,0,185,18,107,334,365,387,272,75,27,9,1597,7,53,149,134,122,84,37,3,0,602,3,18,64,79,65,22,5,0,0,260,6,48,401,346,348,211,56,17,6,1447,0,30,164,222,243,221,76,12,0,968,23,106,392,409,325,220,35,4,0,1523,5,89,355,348,310,209,49,5,3,1375,8,29,91,75,66,45,11,0,0,332
LGA70420,0,6,40,28,26,32,8,0,0,137,5,7,30,17,31,28,13,3,0,141,3,5,40,28,20,19,5,0,0,116,0,9,40,36,35,20,8,0,0,136,0,0,17,6,3,5,0,0,0,26,0,4,18,13,6,3,0,0,0,45,0,0,0,0,0,0,0,0,0,0,0,0,4,0,0,3,0,0,0,8,40,41,88,67,66,43,18,4,0,364,55,92,298,202,194,153,58,8,0,1054,0,0,6,4,5,5,0,0,0,20,0,0,7,4,3,0,0,0,0,10,0,16,26,33,43,27,21,0,0,170,5,7,25,14,21,12,5,0,0,84,6,13,27,4,6,4,0,0,0,70,0,4,27,32,44,37,7,0,0,153,0,22,46,35,34,37,8,0,0,183,4,15,40,39,27,22,3,0,0,158,4,14,35,25,22,37,5,0,0,143,4,0,4,8,4,0,0,0,0,24
LGA70540,0,0,0,0,0,0,0,0,0,0,0,0,0,0,0,0,0,0,0,0,0,0,0,0,0,0,0,0,0,0,0,0,0,0,0,0,0,0,0,0,0,0,0,0,0,0,0,0,0,0,0,0,0,0,0,0,0,0,0,0,0,0,0,0,0,0,0,0,0,0,0,0,0,0,0,0,0,0,0,0,0,0,0,5,0,0,0,0,0,12,0,0,0,5,6,5,0,0,0,13,0,0,0,0,0,0,0,0,0,0,0,0,0,0,0,0,0,0,0,0,0,0,0,0,0,0,0,0,0,0,0,0,0,3,0,0,0,0,0,3,0,0,4,0,0,0,0,0,0,5,0,0,0,0,0,0,0,0,0,0,0,0,0,0,0,0,0,0,0,3,0,0,0,0,0,0,0,0,0,0,0,0,0,0,0,0,0,0,0,3,0,0,0,0,0,0,0,0,0,0
LGA70620,0,0,3,0,8,13,3,0,0,40,0,3,14,8,15,11,4,0,0,66,0,8,13,11,14,8,0,0,0,55,0,0,15,12,13,14,3,0,0,60,0,4,6,5,3,6,0,0,0,20,0,0,0,11,0,4,0,0,0,16,0,0,0,0,0,0,0,0,0,0,0,0,0,6,0,0,0,0,0,5,24,17,41,23,29,18,8,3,0,168,27,40,111,82,79,77,23,4,0,442,0,0,11,3,0,0,0,0,0,17,0,0,6,5,0,0,0,0,0,5,0,11,36,34,22,20,0,3,0,129,0,7,14,4,6,3,0,0,0,37,0,3,7,7,3,5,3,0,0,29,0,3,16,11,10,7,0,0,0,53,0,3,18,20,28,15,3,0,0,92,0,3,21,12,18,5,4,0,0,62,0,3,21,19,17,10,0,0,0,72,0,4,6,0,3,0,0,0,0,15
LGA70700,0,0,0,3,0,11,3,3,0,27,0,0,5,6,4,8,10,0,0,38,0,0,8,3,12,12,9,4,0,48,0,0,0,6,14,14,6,0,0,29,0,0,0,0,0,0,0,0,0,4,0,0,4,0,9,0,0,0,0,14,0,0,0,0,0,0,0,0,0,0,0,0,0,0,0,0,0,0,0,0,9,6,22,18,22,29,23,10,0,143,12,8,41,42,65,84,64,11,0,335,0,0,0,5,0,3,0,0,0,8,0,0,0,0,0,0,0,0,0,0,0,0,8,6,18,22,11,0,0,70,0,0,0,8,5,4,3,0,0,18,0,4,4,11,6,5,0,0,0,27,0,0,7,5,10,3,8,0,0,32,0,0,8,11,6,9,3,0,0,41,0,0,4,4,12,9,0,0,0,42,0,4,3,9,9,5,0,0,0,27,0,3,0,0,9,4,0,0,0,18
LGA71000,18,270,1575,987,577,456,228,104,25,4227,12,96,579,585,498,433,309,122,14,2636,32,280,1739,1310,894,612,260,73,11,5210,38,183,940,883,675,540,272,74,9,3613,3,54,241,190,118,62,45,10,5,731,45,81,342,289,184,102,47,10,4,1102,0,3,5,7,4,3,0,0,0,26,3,17,95,69,58,35,25,8,0,309,206,245,804,611,467,380,239,164,68,3182,364,1360,6956,5483,3831,2805,1532,588,129,23048,0,43,265,254,215,148,56,12,0,985,20,92,363,215,140,81,11,3,0,920,55,414,1240,1147,1123,851,392,97,16,5337,23,149,439,331,328,294,116,37,0,1719,6,57,209,203,133,75,31,8,4,732,18,206,1050,764,726,462,151,52,9,3438,6,74,474,541,638,605,244,45,10,2632,58,474,1761,1408,1111,719,189,33,9,5760,39,280,1032,921,819,566,195,44,10,3913,8,81,345,205,153,116,31,6,0,956
LGA71150,0,0,8,3,4,0,4,0,0,11,0,0,0,3,0,7,0,0,0,12,0,0,12,3,4,6,0,0,0,28,0,3,12,7,0,5,0,0,0,17,0,0,0,0,0,0,0,0,0,4,0,0,4,0,0,0,0,0,0,3,0,0,0,0,0,0,0,0,0,0,0,0,0,0,0,0,0,0,0,0,0,0,0,0,0,0,0,0,0,4,0,5,36,12,9,22,4,0,0,86,0,0,0,0,0,0,0,0,0,5,0,0,3,4,0,0,0,0,0,4,0,3,5,0,0,4,0,0,0,19,0,0,0,0,0,0,0,0,0,5,0,0,0,0,0,0,0,0,0,3,0,0,4,0,0,0,0,0,0,3,0,0,0,0,0,0,0,0,0,0,0,5,6,3,7,0,0,0,0,17,0,0,9,0,4,7,0,0,0,16,0,0,4,0,0,0,0,0,0,4
LGA71300,4,4,17,10,13,21,5,0,0,79,0,3,28,25,28,40,19,0,0,149,0,3,11,16,23,12,0,0,0,68,0,7,28,27,25,19,7,0,0,106,0,5,3,3,4,0,0,0,0,14,0,6,7,13,10,4,0,0,0,41,0,0,0,0,0,0,0,0,0,0,0,0,4,0,0,0,0,0,0,4,59,51,101,66,56,50,19,0,0,409,64,87,213,171,161,155,51,11,0,910,0,0,5,0,4,0,0,0,0,17,0,0,3,0,0,0,0,0,0,6,3,6,30,19,30,13,8,0,0,110,4,5,20,17,14,11,0,0,0,71,3,6,16,29,13,5,0,0,0,67,0,0,26,41,29,15,6,0,0,113,3,20,55,44,67,50,10,0,0,251,0,4,31,36,46,25,8,0,0,151,0,9,33,36,31,35,6,0,0,153,0,0,16,8,9,5,0,0,0,28
LGA72200,0,26,135,75,63,58,21,4,0,390,3,15,71,55,56,42,19,4,0,276,6,25,151,89,77,53,19,4,0,417,0,27,121,79,61,36,18,3,0,342,0,4,16,7,4,0,0,3,0,30,5,13,30,31,18,12,6,0,0,119,0,0,0,0,0,0,0,0,0,0,0,0,3,7,3,0,0,0,0,11,56,48,153,119,117,91,43,20,6,653,81,173,741,510,432,311,147,32,10,2436,0,10,21,5,9,5,0,0,0,51,0,5,13,4,13,5,0,0,0,43,5,94,163,173,123,84,34,10,0,682,0,14,32,26,31,31,12,0,0,159,10,6,52,40,27,18,4,0,0,159,4,20,100,91,87,47,21,7,0,370,0,16,79,68,76,54,20,4,0,319,7,33,137,124,89,52,14,0,0,447,6,27,112,81,52,52,16,0,0,349,0,6,20,13,12,4,7,0,0,61
LGA72300,12,34,136,131,110,112,86,21,5,650,3,18,82,135,160,109,62,16,0,581,42,51,194,270,256,191,61,13,0,1080,16,34,128,140,173,124,53,12,0,683,0,3,18,19,23,15,5,5,0,94,22,22,65,70,62,39,9,0,0,292,0,0,0,0,0,0,0,0,0,9,0,0,14,15,24,9,5,3,0,71,65,58,131,183,184,149,130,37,7,936,175,243,866,1088,1102,841,430,110,13,4876,0,11,41,50,29,27,10,0,0,174,11,26,28,17,25,11,3,0,0,127,34,139,285,498,467,317,122,31,0,1893,10,61,101,140,125,92,42,15,0,592,18,24,69,90,81,37,15,0,0,345,0,33,66,138,154,125,37,18,5,573,7,13,70,117,136,120,31,9,3,491,30,69,188,284,242,134,37,3,0,998,15,37,88,172,144,54,36,11,0,556,4,10,29,38,36,18,9,0,0,149
LGA72330,0,3,15,13,7,19,3,0,0,63,0,5,14,8,27,26,7,0,0,85,0,5,30,18,13,6,0,0,0,65,0,6,28,14,20,13,6,0,0,91,0,0,0,0,3,4,0,0,0,13,0,0,9,8,3,0,0,0,0,21,0,0,0,0,0,0,0,0,0,6,0,0,0,5,0,3,0,0,0,3,22,22,63,51,42,38,16,5,3,263,17,47,173,126,118,112,36,6,5,645,0,0,4,4,3,4,0,0,0,13,0,0,0,0,0,0,0,0,0,3,0,3,17,14,12,13,5,0,0,69,0,8,9,16,14,9,5,0,0,59,0,4,16,13,9,0,0,0,0,56,0,0,13,19,20,31,5,0,0,90,0,3,19,19,34,21,3,3,0,109,4,3,26,19,21,6,0,0,0,82,0,12,23,30,23,18,10,0,0,118,0,0,9,10,11,3,0,0,0,40
LGA72800,10,84,387,302,201,145,69,24,7,1230,11,46,261,313,230,139,62,14,0,1080,62,136,677,646,430,221,78,7,6,2265,29,95,433,398,266,153,65,8,4,1449,4,14,68,52,26,13,7,0,0,187,31,63,238,165,88,40,18,4,0,646,4,4,0,0,0,0,0,0,0,12,4,7,27,34,23,15,3,0,0,116,90,131,380,322,220,153,106,39,24,1460,268,621,2710,2458,1588,931,432,108,36,9150,0,9,67,58,45,19,4,0,0,195,8,22,99,73,33,24,0,0,0,261,24,230,619,596,408,197,76,21,3,2173,7,64,148,133,105,65,21,6,0,561,13,33,78,61,32,18,0,0,0,237,0,48,217,190,148,88,31,10,0,735,3,22,178,182,149,73,30,8,0,647,51,198,612,591,309,140,25,10,0,1932,27,115,379,342,231,121,27,9,0,1242,6,24,57,45,25,12,9,0,0,172
LGA73600,0,5,14,4,13,15,10,0,0,63,0,10,30,30,30,25,14,6,0,135,0,7,30,37,32,17,5,0,0,126,0,6,46,33,28,22,7,0,0,137,0,0,0,0,6,6,0,0,0,15,0,3,9,5,7,0,0,0,0,20,0,0,4,0,0,0,0,0,0,5,0,0,0,0,5,0,0,0,0,5,33,65,73,57,35,41,12,4,0,332,34,99,220,191,167,128,52,6,0,904,0,3,4,0,0,0,0,0,0,11,0,0,5,0,0,0,0,0,0,6,3,9,27,23,23,26,14,6,0,136,0,3,26,17,25,12,7,0,0,95,4,20,24,16,19,10,0,0,0,88,3,5,19,20,20,8,0,0,0,76,0,6,37,30,48,39,7,0,0,159,3,10,40,35,22,24,0,0,0,137,4,7,32,29,23,18,5,0,0,121,0,0,7,4,6,0,0,0,0,27
LGA74050,0,0,8,7,7,0,0,0,0,30,0,0,19,12,13,8,0,0,0,53,0,0,3,4,6,7,0,0,0,22,0,0,4,0,9,8,4,0,0,25,0,0,6,0,0,0,0,0,0,4,0,0,0,0,0,0,0,0,0,3,0,0,0,0,0,0,0,0,0,0,0,0,5,0,0,0,0,0,0,4,23,13,27,15,26,15,8,0,0,135,24,17,65,40,65,49,13,0,0,280,0,0,0,0,0,0,0,0,0,0,0,0,0,0,0,0,0,0,0,4,6,6,9,12,11,12,3,0,0,51,0,5,29,6,15,3,0,0,0,66,0,3,12,6,8,0,0,0,0,28,0,0,10,15,15,19,0,0,0,63,0,7,19,19,29,13,3,0,0,89,0,9,18,17,12,0,0,0,0,65,0,3,16,14,15,9,4,0,0,61,0,0,9,0,4,0,0,0,0,16
LGA74550,0,5,6,3,10,18,0,0,0,43,0,6,17,8,18,3,7,0,0,56,0,8,17,8,10,4,4,0,0,45,5,3,19,6,13,10,0,0,0,60,0,0,5,3,0,0,0,0,0,10,0,6,4,4,5,0,0,0,0,18,0,0,0,0,0,0,0,0,0,0,0,0,0,0,4,0,0,0,0,5,30,22,28,18,35,27,23,4,0,192,37,58,108,55,93,71,37,11,0,474,0,3,5,7,0,0,0,0,0,14,0,0,0,0,0,0,0,0,0,0,0,7,24,17,20,26,8,4,0,109,0,7,16,5,0,11,6,0,0,43,8,19,38,14,15,5,3,0,0,103,0,3,17,12,14,16,4,0,0,63,0,0,15,18,15,15,0,0,0,68,0,3,21,18,9,17,0,0,0,77,0,10,17,12,20,9,0,0,0,64,0,0,6,3,4,0,0,0,0,16
LGA74560,0,0,0,5,0,11,3,0,0,15,0,0,0,5,3,0,4,0,0,14,0,0,0,6,10,9,5,0,0,23,0,0,0,3,0,7,0,0,0,22,0,0,0,0,0,0,0,0,0,6,0,0,0,0,4,0,3,0,0,7,0,0,0,0,0,0,0,0,0,0,0,0,0,0,0,0,0,0,0,0,0,0,5,0,0,5,4,3,0,21,0,0,6,20,27,33,21,5,0,116,0,0,0,3,0,0,0,0,0,11,0,0,0,5,0,0,0,0,0,5,0,0,0,8,17,10,0,0,0,46,0,0,0,0,0,6,0,0,0,8,0,0,0,0,0,0,0,0,0,6,0,0,0,0,9,5,0,0,0,22,0,0,0,3,6,6,0,0,0,16,0,0,4,4,9,11,6,0,0,28,0,0,5,0,13,5,0,0,0,21,0,0,0,5,0,0,6,0,0,9
LGA74660,0,4,15,18,16,11,3,0,0,70,0,4,28,29,20,21,4,0,0,101,0,6,30,21,14,14,7,0,0,88,0,3,39,28,30,17,6,0,0,134,0,0,7,0,0,0,0,0,0,10,0,0,20,11,4,0,0,0,0,31,0,0,0,0,0,0,0,0,0,3,0,0,0,0,0,0,0,0,0,4,34,20,90,49,48,31,16,0,0,291,44,50,239,169,145,105,36,3,0,789,0,0,15,10,5,0,0,0,0,34,3,0,3,3,4,0,0,0,0,14,6,12,47,62,54,31,10,0,0,218,4,9,38,22,19,11,0,0,0,103,0,13,32,29,15,5,0,0,0,101,0,7,15,27,25,16,3,4,0,92,0,3,31,44,35,18,0,0,0,141,0,17,44,44,19,17,3,0,0,138,0,10,39,30,24,10,5,0,0,121,0,4,6,9,4,0,0,0,0,26
LGA74680,0,0,5,3,6,3,0,0,0,15,0,4,14,10,12,7,4,0,0,48,0,0,12,5,4,0,0,0,0,23,0,0,13,3,11,4,0,0,0,30,0,0,0,3,0,0,0,0,0,4,0,0,3,0,0,0,0,0,0,6,0,0,0,0,0,0,0,0,0,0,0,0,0,0,0,0,0,0,0,0,17,15,40,19,15,8,5,0,0,123,19,25,83,47,47,29,8,3,0,257,0,0,5,3,0,0,0,0,0,9,0,0,0,4,0,0,0,0,0,6,0,11,13,8,16,6,0,0,0,52,4,0,13,5,4,0,0,0,0,26,0,0,7,5,9,5,0,0,0,27,0,0,9,3,7,12,0,0,0,35,0,3,12,14,18,12,0,0,0,72,0,4,7,8,11,6,0,0,0,38,0,4,6,11,11,12,0,0,0,41,0,0,0,0,0,0,0,0,0,0
LGA79399,7,5,78,76,62,35,13,4,0,273,0,6,32,51,36,23,0,0,0,160,10,14,78,90,70,34,16,0,0,312,0,12,54,57,41,27,11,0,0,207,0,0,10,8,7,5,0,0,0,34,4,30,45,28,17,12,3,0,0,142,0,0,0,0,0,0,0,0,0,0,0,0,11,4,0,0,0,0,0,17,29,50,124,134,71,69,45,9,0,546,64,133,466,487,329,214,101,10,4,1811,0,10,12,18,16,10,0,0,0,71,0,7,18,6,8,0,0,0,0,37,8,58,219,229,181,112,25,4,0,829,0,6,47,57,42,27,11,0,0,200,0,12,31,33,21,11,4,0,0,111,0,5,62,81,79,41,5,0,0,283,0,3,67,93,64,42,4,0,0,270,4,34,135,115,84,57,11,3,0,437,0,16,69,85,47,24,4,0,0,241,0,8,20,11,6,7,0,0,0,54
LGA79499,0,0,42,12,12,23,4,0,0,95,0,0,10,9,17,14,6,4,0,58,0,4,33,26,17,24,7,0,0,113,0,6,35,21,13,20,8,0,0,103,0,3,16,3,0,3,5,0,0,25,0,0,8,3,7,3,0,0,0,28,0,0,0,0,0,0,0,0,0,0,0,0,0,0,4,0,0,0,0,8,36,43,147,117,155,127,39,6,0,662,36,63,307,214,229,210,76,9,0,1144,0,3,7,3,4,0,0,0,0,26,0,0,4,4,4,0,0,0,0,14,3,17,31,26,33,55,23,0,0,187,0,0,17,15,10,15,10,0,0,71,0,0,14,9,8,5,0,0,0,34,0,5,25,6,17,32,6,0,0,93,0,4,8,3,8,14,14,0,0,56,0,9,34,17,11,26,11,0,0,110,0,18,29,21,14,10,6,0,0,101,0,5,11,6,3,4,0,0,0,37
LGA79799,0,0,0,0,0,0,0,0,0,0,0,0,0,0,0,0,0,0,0,0,0,0,0,0,0,0,0,0,0,0,0,0,0,0,0,0,0,0,0,0,0,0,0,0,0,0,0,0,0,0,0,0,0,0,0,0,0,0,0,6,0,0,0,0,0,0,0,0,0,0,0,0,0,0,0,0,0,0,0,0,0,0,0,0,0,0,0,0,0,0,0,3,0,0,4,0,0,0,0,8,0,0,0,0,4,0,0,0,0,4,0,0,0,0,0,0,0,0,0,0,0,3,6,9,7,3,0,0,0,29,0,0,0,0,0,0,0,0,0,3,0,0,0,0,0,0,0,0,0,3,0,0,5,0,0,0,0,0,0,5,0,0,0,0,0,0,0,0,0,0,0,0,4,0,0,0,0,0,0,7,0,0,3,0,0,0,0,0,0,3,0,0,0,0,0,0,0,0,0,0
LGA89399,56,1171,4724,3633,2649,2334,1731,888,327,17509,39,514,2604,2819,2368,2108,2142,1208,307,14115,158,1461,7548,7733,5960,4062,2415,879,264,30485,145,2340,7991,7363,5485,4138,2881,1146,249,31739,69,582,1926,1728,1140,662,378,167,60,6711,228,594,1399,1133,850,464,282,146,45,5142,16,23,22,16,17,19,20,10,6,141,17,137,486,601,457,345,214,125,53,2436,644,1012,2090,1539,1172,886,962,814,561,9675,1458,9120,33684,30894,23150,17130,12248,5789,1998,135466,17,802,2551,2340,2225,1796,879,334,108,11047,160,783,3934,3097,2381,1059,196,15,0,11633,74,960,3634,3744,3651,2959,1736,949,252,17966,73,788,1705,1645,1411,1151,705,354,105,7935,26,205,823,889,641,442,207,106,20,3359,30,675,2809,2841,3069,2270,1140,558,204,13597,15,369,2332,2409,2582,2795,1613,557,148,12823,275,2933,9217,8512,6941,4771,1852,654,316,35478,178,2685,9603,7719,6764,5639,2583,895,239,36308,100,984,2644,1721,1166,695,285,127,53,7779
LGA89499,0,4,9,4,0,3,0,0,0,21,0,0,0,0,0,5,0,0,0,9,0,0,6,13,0,0,0,3,0,24,0,0,13,6,6,10,5,0,0,34,0,4,0,3,0,0,0,0,0,10,0,0,0,3,0,0,0,0,0,11,0,0,0,0,0,0,0,0,0,0,0,0,0,0,0,0,0,0,0,8,0,5,7,7,3,6,4,0,0,35,3,20,43,36,21,36,7,3,0,166,0,4,8,8,0,0,3,0,0,20,0,0,4,0,0,0,0,0,0,10,0,4,10,4,3,0,0,0,0,26,0,0,0,4,0,0,0,0,0,9,0,0,0,0,0,3,0,0,0,4,0,3,13,8,3,9,4,0,0,38,0,0,0,5,3,7,0,0,0,21,0,9,17,17,9,3,0,0,0,63,0,12,26,10,17,10,0,0,0,81,0,0,9,0,0,0,0,0,0,13
LGA89799,0,0,0,0,0,0,0,0,0,0,0,0,0,0,0,0,0,0,0,0,0,0,0,0,0,0,0,0,0,0,0,0,0,0,0,0,0,0,0,0,0,0,0,0,0,0,0,0,0,0,0,0,0,0,0,0,0,0,0,0,0,0,0,0,0,0,0,0,0,0,0,0,0,0,0,0,0,0,0,0,0,0,0,0,0,0,0,0,0,0,0,0,0,0,0,0,0,0,0,0,0,0,0,0,0,0,0,0,0,0,0,0,0,0,0,0,0,0,0,0,0,0,0,0,0,0,0,0,0,0,0,0,0,0,0,0,0,0,0,0,0,0,0,0,0,0,0,0,0,0,0,0,0,0,0,0,0,0,0,0,0,0,0,0,0,0,0,0,0,0,0,0,0,0,0,0,0,0,0,0,0,0,0,0,0,0,0,0,0,0,0,0,0,0,0,0,0,0,0,0
LGA99399,0,5,10,12,17,22,27,9,4,98,0,7,11,15,9,20,15,7,0,90,0,7,13,20,21,29,23,7,0,116,0,6,10,21,16,18,12,10,0,93,0,0,7,5,4,11,3,0,0,33,0,3,5,9,13,9,3,3,5,53,0,0,0,0,0,0,0,0,0,0,0,0,5,0,6,6,0,0,0,14,13,14,22,31,28,27,24,21,4,182,19,41,86,112,119,143,115,60,14,714,0,0,0,0,0,0,0,0,0,0,0,0,0,0,0,0,0,0,0,0,0,4,7,9,4,0,0,0,0,22,0,0,0,0,0,3,0,0,0,8,0,0,4,0,0,0,0,0,0,8,0,0,3,0,0,0,4,0,0,12,0,0,0,6,6,0,0,0,0,7,0,3,6,4,3,0,0,0,0,24,0,3,5,8,4,3,0,0,0,27,0,0,0,0,3,0,0,0,0,6
LGA99499,0,0,0,0,0,0,0,0,0,0,0,0,0,0,0,0,0,0,0,0,0,0,0,0,0,0,0,0,0,0,0,0,0,0,0,0,0,0,0,0,0,0,0,0,0,0,0,0,0,0,0,0,0,0,0,0,0,0,0,0,0,0,0,0,0,0,0,0,0,0,0,0,0,0,0,0,0,0,0,0,0,0,0,0,0,0,0,0,0,0,0,0,0,0,0,0,0,0,0,4,0,0,0,0,0,0,0,0,0,4,0,0,0,0,0,0,0,0,0,0,0,0,0,0,0,0,0,0,0,0,0,0,0,0,0,0,0,0,0,0,0,0,0,0,0,0,0,0,0,0,0,0,0,0,5,0,0,0,0,3,0,0,0,0,0,0,0,0,0,4,0,0,3,0,0,0,0,0,0,6,0,0,3,0,0,0,0,0,0,6,0,0,0,0,0,0,0,0,0,4
LGA99799,0,0,0,0,0,0,0,0,0,0,0,0,0,0,0,0,0,0,0,0,0,0,0,0,0,0,0,0,0,0,0,0,0,0,0,0,0,0,0,0,0,0,0,0,0,0,0,0,0,0,0,0,0,0,0,0,0,0,0,0,0,0,0,0,0,0,0,0,0,0,0,0,0,0,0,0,0,0,0,0,0,0,0,0,0,0,0,0,0,0,0,0,0,0,0,0,0,0,0,0,0,0,0,0,0,0,0,0,0,0,0,0,0,0,0,0,0,0,0,0,0,0,0,0,0,0,0,0,0,0,0,0,0,0,0,0,0,0,0,0,0,0,0,0,0,0,0,0,0,0,0,0,0,0,0,0,0,0,0,0,0,0,0,0,0,0,0,0,0,0,0,0,0,0,0,0,0,0,0,0,0,0,0,0,0,0,0,0,0,0,0,0,0,0,0,0,0,0,0,0
