LGA_CODE_2021,Managers_C11_M,Managers_C11_F,Managers_C11_P,Managers_C16_M,Managers_C16_F,Managers_C16_P,Managers_C21_M,Managers_C21_F,Managers_C21_P,Professionals_C11_M,Professionals_C11_F,Professionals_C11_P,Professionals_C16_M,Professionals_C16_F,Professionals_C16_P,Professionals_C21_M,Professionals_C21_F,Professionals_C21_P,Tech_trad_wkrs_C11_M,Tech_trad_wkrs_C11_F,Tech_trad_wkrs_C11_P,Tech_trad_wkrs_C16_M,Tech_trad_wkrs_C16_F,Tech_trad_wkrs_C16_P,Tech_trad_wkrs_C21_M,Tech_trad_wkrs_C21_F,Tech_trad_wkrs_C21_P,Com_pers_S_work_C11_Cens_M,Com_pers_S_work_C11_Cens_F,Com_pers_S_work_C11_Cens_P,Com_pers_S_work_C16_Cens_M,Com_pers_S_work_C16_Cens_F,Com_pers_S_work_C16_Cens_P,Com_pers_S_work_C21_Cens_M,Com_pers_S_work_C21_Cens_F,Com_pers_S_work_C21_Cens_P,Cler_admin_work_C11_M,Cler_admin_work_C11_F,Cler_admin_work_C11_P,Cler_admin_work_C16_M,Cler_admin_work_C16_F,Cler_admin_work_C16_P,Cler_admin_work_C21_M,Cler_admin_work_C21_F,Cler_admin_work_C21_P,Sales_workers_C11_M,Sales_workers_C11_F,Sales_workers_C11_P,Sales_workers_C16_M,Sales_workers_C16_F,Sales_workers_C16_P,Sales_workers_C21_M,Sales_workers_C21_F,Sales_workers_C21_P,Mach_oper_driv_C11_M,Mach_oper_driv_C11_F,Mach_oper_driv_C11_P,Mach_oper_driv_C16_M,Mach_oper_driv_C16_F,Mach_oper_driv_C16_P,Mach_oper_driv_C21_M,Mach_oper_driv_C21_F,Mach_oper_driv_C21_P,Labourers_C11_M,Labourers_C11_F,Labourers_C11_P,Labourers_C16_M,Labourers_C16_F,Labourers_C16_P,Labourers_C21_M,Labourers_C21_F,Labourers_C21_P,Inadeq_descr_Ns_C11_M,Inadeq_descr_Ns_C11_F,Inadeq_descr_Ns_C11_P,Inadeq_descr_Ns_C16_M,Inadeq_descr_Ns_C16_F,Inadeq_descr_Ns_C16_P,Inadeq_descr_Ns_C21_M,Inadeq_descr_Ns_C21_F,Inadeq_descr_Ns_C21_P,Tot_C11_M,Tot_C11_F,Tot_C11_P,Tot_C16_M,Tot_C16_F,Tot_C16_P,Tot_C21_M,Tot_C21_F,Tot_C21_P
LGA10050,1649,831,2481,1582,922,2508,1866,1203,3066,1728,2499,4232,1788,2711,4500,2031,3269,5299,2886,520,3408,2855,503,3364,3243,610,3853,648,1755,2394,765,2051,2819,953,2686,3634,586,2533,3115,596,2409,3004,700,2526,3228,866,1557,2427,936,1566,2508,927,1532,2462,1482,162,1647,1413,120,1535,1634,139,1779,1501,870,2372,1458,866,2324,1602,986,2589,210,156,358,209,125,333,242,190,435,11557,10878,22434,11620,11288,22901,13209,13142,26344
LGA10180,1193,672,1865,1144,624,1770,1244,735,1977,1207,1520,2720,1202,1643,2847,1230,1867,3094,1175,245,1421,1091,251,1343,1192,266,1462,366,848,1218,456,934,1388,491,1086,1574,303,1263,1568,291,1206,1494,305,1095,1406,477,733,1212,483,682,1161,454,585,1034,410,27,434,444,31,473,463,54,521,822,441,1262,900,498,1396,958,539,1499,112,64,177,88,64,154,119,88,202,6061,5813,11874,6104,5933,12030,6453,6317,12765
LGA10250,1478,810,2282,1461,834,2295,1747,1143,2889,1452,1944,3394,1602,2289,3895,1837,2844,4681,1918,379,2301,1985,405,2387,2388,471,2859,482,1402,1889,587,1510,2099,791,2005,2799,345,1762,2103,365,1668,2031,400,1887,2284,693,1170,1866,685,1168,1856,787,1206,1999,741,63,804,724,62,789,786,75,858,1167,579,1748,1199,625,1830,1404,678,2083,120,90,211,153,139,292,189,129,316,8385,8205,16593,8754,8709,17463,10332,10440,20775
LGA10300,197,98,288,161,59,218,175,65,238,28,50,77,23,60,83,28,58,88,87,18,107,94,21,114,86,16,107,22,81,98,12,82,96,15,92,100,14,88,106,12,93,105,14,83,99,18,36,48,16,22,39,21,30,54,90,7,96,87,9,100,87,11,103,117,61,182,124,71,194,97,67,165,12,11,23,13,14,27,10,10,21,587,446,1027,549,433,980,538,435,973
LGA10470,1404,750,2147,1360,808,2167,1471,997,2471,1298,1993,3289,1219,2211,3435,1370,2526,3898,2246,377,2618,2208,423,2628,2431,472,2903,645,1312,1961,840,1606,2446,951,2122,3068,453,1781,2232,413,1771,2180,502,1925,2426,606,1158,1761,621,1156,1777,686,1075,1755,1070,63,1129,1094,65,1165,1277,96,1376,1327,783,2109,1303,768,2074,1429,780,2211,168,101,271,177,118,290,199,148,349,9210,8317,17525,9244,8925,18166,10307,10143,20457
LGA10500,4390,2650,7033,5573,3519,9094,6526,4693,11221,6326,6932,13260,8085,8997,17085,10606,12211,22811,6785,1325,8105,7649,1439,9091,7918,1668,9588,2430,3613,6044,2709,5068,7776,2679,5665,8345,3205,7769,10974,3378,8029,11411,3707,8569,12274,2550,3662,6215,3051,4533,7584,3161,4140,7301,4035,449,4481,4304,479,4789,4098,680,4775,3726,2117,5842,4751,2678,7422,4489,2556,7045,826,569,1393,882,655,1543,1004,771,1771,34265,29087,63349,40382,35411,75788,44186,40946,85131
LGA10550,1169,690,1856,1076,709,1788,1227,822,2051,830,1256,2087,780,1329,2109,903,1704,2604,1618,341,1966,1656,361,2018,1869,395,2258,389,1135,1525,431,1180,1605,531,1507,2045,257,1202,1458,250,1190,1438,280,1277,1554,458,881,1336,475,937,1410,463,893,1361,765,71,836,703,61,763,788,71,866,1179,627,1811,1188,625,1816,1262,728,1994,95,77,170,122,83,208,143,109,247,6759,6285,13041,6687,6465,13153,7463,7511,14975
LGA10600,427,278,713,395,285,682,457,317,774,380,611,993,389,660,1046,459,805,1263,558,112,670,575,109,685,609,107,722,131,430,560,150,430,584,191,524,720,89,409,497,80,416,501,101,445,543,130,253,384,139,254,387,139,268,401,265,19,284,289,12,307,264,19,283,377,209,585,405,209,612,370,211,585,52,43,94,43,34,74,44,42,87,2408,2372,4777,2477,2414,4891,2635,2730,5365
LGA10650,498,216,721,481,204,684,435,217,655,132,277,411,120,275,394,136,295,429,382,90,469,358,75,435,385,87,468,81,290,371,63,303,365,78,332,409,35,291,326,38,292,331,45,319,371,100,169,272,69,180,250,73,173,251,302,18,323,265,13,279,282,11,295,284,187,473,283,199,479,305,205,516,30,17,50,41,19,61,41,25,67,1851,1562,3411,1722,1558,3282,1792,1664,3454
LGA10750,7878,4208,12084,9348,5224,14578,12018,7174,19194,11126,12214,23334,13456,15344,28799,19675,21907,41583,15574,2558,18129,16403,2782,19183,15470,3110,18583,3997,7957,11954,4460,10548,15006,4938,12579,17512,6604,17825,24434,7037,17744,24781,7967,18658,26627,4846,7566,12409,5617,8377,13991,5308,8060,13373,12725,1841,14561,14370,2228,16600,15984,3350,19335,8944,5110,14048,9943,5450,15394,9168,5838,15007,1678,1149,2828,1833,1307,3143,2027,1710,3733,73368,60423,133789,82473,68993,151466,92549,82378,174929
LGA10800,552,271,822,460,241,703,406,210,612,95,162,258,87,183,268,88,209,298,285,79,360,281,64,353,314,58,372,33,167,201,33,154,189,29,205,236,34,213,247,33,205,237,34,211,242,42,108,151,47,113,156,42,113,158,282,32,314,256,26,279,254,42,296,180,116,298,179,126,305,161,115,276,31,17,46,35,14,48,31,20,50,1533,1159,2697,1414,1134,2542,1363,1184,2545
LGA10850,350,197,547,358,198,554,383,224,612,145,247,393,148,310,458,158,346,505,367,90,456,367,96,460,403,113,517,67,204,272,70,250,312,91,306,394,51,322,369,45,316,364,59,327,385,74,127,202,72,156,228,76,148,224,395,28,421,319,28,343,308,21,333,239,159,395,281,145,426,306,157,462,31,23,56,34,32,69,37,29,70,1718,1393,3114,1698,1531,3225,1827,1674,3503
LGA10900,2783,1496,4283,2790,1678,4477,3019,2032,5050,4520,5738,10255,4291,5985,10278,4559,6485,11051,4004,679,4687,3860,750,4614,3819,763,4582,1369,2698,4064,1443,2877,4328,1448,2871,4321,1311,3783,5091,1207,3594,4796,1135,3351,4485,1065,1682,2744,1096,1604,2696,1029,1400,2425,1416,126,1543,1378,119,1495,1303,151,1453,1624,803,2422,1789,907,2694,1676,757,2435,286,216,507,305,188,489,271,214,491,18376,17231,35607,18159,17702,35863,18272,18023,36295
LGA10950,231,106,336,176,101,280,169,85,258,39,87,127,37,81,119,42,115,159,105,22,127,135,18,153,123,22,148,21,96,114,20,108,127,20,112,129,23,89,109,21,78,105,18,81,91,21,47,65,14,49,60,17,33,52,147,21,165,134,15,155,147,21,165,100,66,167,92,60,151,92,71,166,13,13,23,13,11,19,20,14,27,704,544,1247,648,528,1172,649,549,1199
LGA11150,167,96,265,122,73,199,150,85,235,66,134,202,49,111,165,38,119,159,110,10,120,93,18,105,86,13,92,61,103,158,59,110,167,56,106,161,17,116,135,23,75,96,22,82,107,19,54,74,20,38,57,14,28,38,77,5,82,61,4,66,62,4,66,85,46,127,72,45,118,66,37,99,14,12,35,18,12,30,19,11,31,624,580,1201,512,491,998,512,477,992
LGA11200,95,59,158,77,47,125,68,36,105,26,63,85,23,63,82,10,59,73,46,5,50,30,13,40,31,3,32,35,79,109,35,59,90,24,46,76,18,42,57,3,35,40,3,33,39,3,9,12,3,13,14,3,10,12,26,3,32,21,0,21,32,3,35,72,30,108,58,10,69,38,29,65,11,7,16,5,6,14,6,11,13,329,290,626,262,241,498,218,222,446
LGA11250,423,268,689,357,288,644,373,305,677,361,691,1051,357,757,1116,361,816,1181,944,169,1104,861,158,1022,962,153,1115,288,702,984,299,750,1045,326,843,1173,180,641,821,153,602,752,140,611,750,198,470,669,259,447,703,207,430,637,742,22,764,688,30,724,705,32,737,450,327,780,447,314,760,442,296,735,77,60,133,89,48,138,82,73,155,3652,3350,7005,3507,3395,6903,3605,3570,7172
LGA11300,1064,649,1710,1148,758,1910,1344,971,2318,2072,2154,4227,2357,2578,4931,2623,3031,5659,1387,328,1719,1526,315,1842,1414,353,1768,478,872,1355,595,1101,1700,506,1383,1891,738,1613,2348,701,1648,2352,803,1653,2459,681,827,1510,801,1033,1831,735,896,1630,516,61,574,561,66,629,620,110,725,879,391,1270,1041,510,1549,1200,624,1829,238,141,379,237,203,435,298,195,492,8061,7035,15097,8963,8210,17174,9553,9215,18768
LGA11350,1118,746,1861,1203,831,2033,1629,1235,2863,1269,1690,2958,1390,1927,3314,1745,2650,4396,1473,300,1774,1590,336,1925,1855,444,2298,456,988,1449,478,1188,1663,637,1484,2116,221,1052,1273,230,1057,1286,253,1092,1346,457,826,1280,475,834,1305,499,894,1393,405,68,475,409,66,475,389,77,470,834,476,1306,828,496,1318,925,542,1470,143,104,248,140,93,228,197,178,381,6366,6251,12615,6726,6828,13559,8126,8596,16724
LGA11400,965,421,1388,882,378,1259,934,466,1397,345,583,932,325,675,995,349,738,1089,717,123,839,740,123,868,762,164,924,106,413,516,123,438,558,141,496,637,107,631,735,100,610,715,96,633,731,118,246,364,146,270,413,128,258,389,459,42,495,392,30,420,435,41,480,422,230,650,473,225,696,502,259,757,63,38,98,60,46,101,72,47,123,3300,2731,6030,3236,2798,6028,3421,3107,6525
LGA11450,2491,1251,3744,3345,1785,5131,4941,3135,8075,2035,2995,5034,2722,4422,7148,4506,7436,11946,3854,515,4365,5229,776,6006,7363,1092,8454,933,1815,2747,1224,2827,4055,1830,4586,6416,999,4024,5030,1401,5228,6632,2107,7013,9122,1101,1789,2892,1521,2470,3991,2015,3179,5198,2195,207,2406,2981,280,3264,4294,558,4852,1459,657,2118,2179,879,3062,3091,1274,4364,241,190,426,394,340,735,593,462,1055,15307,13448,28756,20999,19018,40017,30745,28734,59482
LGA11500,3609,1955,5571,3564,2218,5780,4177,2759,6936,4032,5266,9299,4614,5918,10528,6054,7711,13760,8420,1249,9670,8335,1248,9577,7562,1243,8805,2088,4578,6671,2242,5536,7782,2386,6238,8625,3040,8729,11767,3005,8101,11106,3102,7746,10851,2371,3974,6346,2488,4232,6719,2381,3859,6238,6468,851,7321,7203,979,8182,7004,1266,8272,4554,2600,7148,4968,2816,7785,4787,2788,7574,761,504,1265,833,548,1382,992,731,1727,35348,29705,65056,37240,31597,68838,38452,34339,72788
LGA11520,4311,2787,7097,4961,3256,8216,5184,3940,9124,6019,6320,12338,7104,7682,14790,7647,8576,16227,2997,575,3567,3174,723,3892,3033,695,3736,1100,1652,2748,1210,2117,3334,1075,2156,3237,1677,4665,6342,1809,4784,6594,1823,4791,6615,1630,1811,3441,1892,2166,4057,1711,1760,3466,815,65,880,953,95,1041,942,134,1082,1128,454,1580,1385,550,1937,1428,574,2002,388,294,679,471,366,840,443,395,838,20065,18611,38679,22962,21737,44696,23293,23024,46315
LGA11570,8002,4206,12212,8867,5026,13891,9487,5985,15477,10518,11947,22465,12173,13951,26127,14190,16869,31057,15992,2544,18542,16747,2601,19345,12989,2387,15371,4017,7078,11100,4707,9795,14501,4264,9517,13787,6072,14974,21050,6360,14500,20860,6371,14122,20494,5096,6931,12031,5962,7854,13817,5236,6711,11945,9721,1168,10893,10431,1214,11644,8769,1400,10162,8678,4377,13053,9903,4743,14643,7802,4143,11943,1961,1210,3173,2046,1265,3308,1953,1403,3358,70067,54443,124515,77191,60948,138140,71062,62529,133597
LGA11600,332,109,437,321,127,456,331,129,456,23,80,103,21,81,102,18,78,94,93,21,113,96,23,122,109,26,139,11,78,90,19,86,104,18,94,110,5,108,115,11,113,125,11,108,115,8,30,36,7,35,45,6,33,35,144,23,166,123,29,153,161,25,186,135,78,210,182,82,262,189,113,298,10,8,17,17,6,22,17,8,23,769,536,1306,798,586,1384,853,612,1468
LGA11650,9235,5070,14309,9826,5819,15642,11128,7462,18585,10148,13318,23465,10632,15271,25906,12406,18336,30741,17684,2930,20614,18371,3228,21599,18726,3329,22054,4697,10374,15075,5105,12214,17317,5451,14156,19613,4080,15059,19144,4043,15045,19085,4144,15598,19738,5218,9518,14738,5355,9490,14849,5097,8770,13860,7209,829,8037,7478,873,8356,7779,1235,9014,9088,4343,13435,9852,4611,14462,9932,4732,14666,1325,871,2199,1421,963,2383,1516,1051,2564,68702,62310,131014,72083,67507,139595,76165,74670,150834
LGA11700,154,72,231,117,59,180,105,44,150,44,65,108,26,38,60,25,50,78,33,15,47,20,9,30,14,11,19,37,72,111,38,59,96,18,48,75,9,41,47,12,28,33,9,38,48,0,12,14,4,9,10,3,7,7,43,0,44,26,3,27,29,0,31,125,49,171,68,32,100,56,40,93,5,7,15,11,3,21,3,4,10,452,336,791,325,243,562,265,248,510
LGA11720,1066,749,1812,1133,827,1956,1379,1169,2547,857,1390,2248,831,1610,2442,1017,2186,3204,3405,568,3976,3282,613,3890,4141,779,4914,484,1700,2187,611,1920,2528,855,2913,3765,396,1993,2389,361,2037,2397,484,2434,2919,517,1520,2036,627,1579,2203,728,1685,2411,2852,192,3046,2570,266,2838,2958,428,3388,1608,1197,2808,1758,1256,3009,2011,1459,3472,249,129,381,229,127,353,315,188,497,11445,9445,20889,11390,10234,21627,13886,13227,27120
LGA11730,1383,813,2192,1294,764,2061,1481,925,2410,1028,1540,2564,1007,1696,2703,1084,2003,3090,2087,422,2510,2053,440,2497,2234,479,2713,709,1644,2355,723,1697,2424,864,2203,3061,368,1771,2139,410,1737,2140,367,1851,2216,671,1346,2016,605,1277,1889,634,1197,1833,1219,68,1288,1232,68,1301,1290,96,1387,1662,738,2406,1534,721,2256,1776,903,2670,186,114,294,179,123,295,231,165,394,9314,8451,17765,9042,8521,17563,9949,9822,19770
LGA11750,222,121,340,195,124,317,174,115,283,93,137,226,100,133,242,78,130,201,380,46,429,313,55,370,291,58,353,24,151,177,30,147,179,24,118,137,21,169,188,17,170,184,24,153,178,29,104,129,21,87,114,24,83,109,399,42,441,327,32,363,271,54,331,110,127,230,106,102,215,110,103,217,30,14,42,23,6,35,16,14,28,1298,910,2206,1134,875,2014,1012,831,1844
LGA11800,2153,1276,3427,2185,1346,3533,2481,1660,4144,2096,2889,4982,2131,3424,5548,2538,4194,6729,3378,584,3960,3383,625,4004,3798,718,4519,951,2364,3314,1026,2642,3669,1355,3518,4882,727,3244,3976,757,3111,3863,810,3335,4148,1198,2071,3267,1197,2003,3201,1266,2051,3316,1379,100,1482,1475,115,1590,1473,135,1610,2138,1054,3190,2417,1285,3701,2679,1456,4135,232,162,395,298,208,508,312,265,576,14243,13751,27994,14867,14758,29621,16718,17336,34050
LGA12000,317,143,456,271,147,422,309,153,457,68,149,214,71,169,233,81,187,265,185,48,230,182,48,230,214,45,257,45,122,173,51,133,180,63,212,272,26,155,181,24,149,171,36,177,210,37,68,105,48,81,129,36,92,130,140,10,145,122,12,134,141,20,164,107,72,180,116,70,184,130,65,192,10,11,23,20,14,34,23,14,32,937,766,1701,909,817,1726,1017,959,1982
LGA12150,318,156,474,278,125,409,236,109,347,41,132,176,39,132,171,37,148,191,135,23,160,115,30,149,109,22,126,42,141,191,43,122,166,36,145,186,25,131,152,18,134,149,19,118,138,32,47,83,29,55,80,26,35,59,102,13,111,78,10,81,79,15,92,175,49,224,137,57,189,143,62,206,29,9,39,18,19,36,22,18,43,903,708,1611,748,674,1421,709,678,1386
LGA12160,548,260,813,490,240,732,516,268,780,195,389,585,170,394,562,182,416,599,502,96,600,469,120,585,482,101,587,100,341,439,102,371,470,118,426,544,80,402,481,76,376,451,70,367,438,115,231,347,125,245,368,123,243,365,317,24,341,300,11,315,333,30,363,528,252,780,540,278,815,459,266,724,46,39,81,55,31,81,56,36,96,2439,2029,4471,2317,2062,4376,2347,2150,4497
LGA12350,624,297,922,573,285,861,647,318,966,221,410,630,212,443,653,217,462,676,559,97,658,548,92,643,573,115,682,108,375,477,106,411,516,132,523,650,83,430,512,71,422,490,76,471,550,176,272,443,179,307,491,190,276,469,303,10,314,291,30,317,318,29,351,466,208,671,515,232,746,497,230,728,55,47,100,62,30,96,56,34,92,2583,2149,4733,2555,2249,4810,2700,2460,5158
LGA12380,4258,2146,6402,5154,2572,7724,5525,2994,8517,7054,7114,14170,8184,8264,16451,10030,10378,20405,10014,1509,11521,11813,1562,13374,8220,1590,9812,2360,4138,6503,2706,5729,8435,2658,6323,8977,3904,8876,12786,3960,8405,12367,3874,8163,12038,3101,3801,6898,3758,4340,8101,3196,3640,6841,6013,765,6777,6436,898,7339,6212,1168,7375,5705,2970,8673,7140,3362,10502,6035,3341,9377,1312,783,2098,1644,899,2542,1645,1044,2689,43718,32109,75827,50798,36036,86839,47386,38643,86028
LGA12390,1920,961,2879,1841,1023,2869,1899,1229,3133,1305,2448,3751,1302,2585,3880,1537,3113,4648,2590,426,3015,2732,438,3168,3001,550,3556,704,1746,2452,789,2020,2812,1212,2607,3822,598,2419,3022,551,2320,2869,653,2513,3158,887,1412,2294,965,1414,2379,963,1358,2320,1256,72,1333,1249,85,1332,1453,128,1580,1533,821,2356,1622,843,2462,1785,905,2692,193,136,325,210,156,362,277,203,473,10985,10447,21431,11260,10880,22139,12776,12610,25386
LGA12700,415,226,636,403,204,607,438,263,702,208,305,515,208,345,554,230,417,652,539,96,636,585,115,701,687,121,804,61,267,324,60,303,362,77,380,462,68,387,455,63,431,488,84,437,523,83,206,290,81,200,279,89,217,307,340,17,354,338,24,364,371,36,408,281,159,441,306,162,471,292,186,476,41,25,65,37,27,65,44,32,74,2030,1697,3721,2075,1812,3888,2311,2093,4403
LGA12730,548,239,783,475,215,688,484,246,728,192,343,534,193,359,551,175,379,553,438,89,526,397,82,479,409,66,477,78,325,396,89,325,415,85,408,495,95,386,478,70,375,447,72,358,426,112,244,356,116,217,334,105,191,299,269,16,284,264,13,277,234,16,251,297,134,431,355,194,547,280,177,453,36,25,68,43,31,72,59,39,98,2065,1795,3855,1996,1813,3807,1895,1878,3773
LGA12750,949,590,1538,957,628,1585,1107,787,1894,790,1192,1971,749,1323,2064,864,1631,2499,1736,336,2065,1722,367,2092,2019,430,2453,444,1126,1566,479,1230,1714,610,1507,2118,255,1323,1577,281,1331,1608,306,1494,1800,544,928,1476,571,947,1517,574,966,1548,641,45,688,657,51,708,719,60,782,947,482,1431,950,516,1463,1127,555,1687,127,80,211,127,96,221,191,138,329,6431,6105,12528,6494,6487,12972,7529,7566,15097
LGA12850,3368,1843,5207,3474,2111,5586,3263,2180,5444,4082,4822,8907,4452,5476,9927,4654,6132,10784,9405,1445,10849,9360,1407,10765,6513,1207,7723,1806,4140,5945,1983,5252,7240,1586,4696,6287,2877,7547,10429,2936,7142,10081,2794,6378,9177,2443,3947,6391,2580,4275,6861,2167,3355,5521,7348,1225,8571,7470,1270,8741,7091,1523,8613,6281,3879,10160,6696,3911,10610,5003,3455,8456,1324,831,2159,1253,835,2092,1110,732,1840,38935,29674,68610,40216,31685,71895,34181,29654,63831
LGA12870,658,291,955,599,275,872,568,310,878,176,369,547,170,388,558,181,435,615,635,126,760,611,129,742,696,128,827,92,372,460,87,410,501,119,498,620,80,386,467,73,424,500,68,487,559,133,284,415,145,292,438,149,303,453,381,43,427,374,39,415,433,65,493,629,360,997,549,316,864,548,370,921,72,28,101,52,26,80,69,44,115,2863,2261,5126,2666,2303,4968,2835,2629,5466
LGA12900,598,271,871,515,243,758,558,266,824,159,387,551,162,397,563,187,437,628,442,82,520,464,82,550,467,81,551,62,271,335,75,303,379,86,372,459,66,368,443,53,345,397,60,340,404,145,206,351,156,218,374,145,217,360,274,21,294,293,25,323,285,36,322,292,166,461,358,151,506,350,177,526,41,21,68,49,42,90,53,30,84,2087,1803,3887,2135,1805,3940,2193,1959,4150
LGA12930,4998,2632,7627,5453,2986,8443,5666,3596,9260,7628,8228,15857,8392,9288,17682,9063,10650,19712,6618,1195,7810,6839,1189,8022,6140,1172,7312,2015,3538,5552,2304,4553,6859,2004,5052,7055,3249,8122,11372,3195,7655,10844,3147,7366,10508,2583,3392,5976,2962,4095,7061,2791,3500,6289,2924,446,3374,3139,418,3554,2930,463,3386,2970,1650,4617,3760,1983,5745,3650,1848,5500,789,547,1341,819,558,1379,787,643,1433,33767,29754,63523,36864,32728,69589,36179,34286,70462
LGA12950,377,175,548,329,158,487,325,162,483,55,177,228,48,172,217,28,214,246,166,42,207,166,41,209,161,40,200,51,177,228,45,172,219,49,172,220,21,120,139,23,118,141,21,123,141,42,80,118,44,67,119,46,82,133,101,10,108,117,13,127,115,3,122,162,69,233,160,79,240,132,71,204,5,8,13,15,9,22,25,18,39,975,859,1832,957,824,1781,907,881,1792
LGA13010,512,235,744,470,217,686,432,238,665,139,296,436,125,291,416,114,315,423,346,94,439,331,64,391,324,82,401,95,261,356,102,293,389,111,306,419,61,293,359,53,292,342,64,304,363,105,207,310,87,193,285,103,202,305,203,29,230,192,14,206,177,20,202,315,156,472,278,160,434,307,175,476,39,28,67,37,29,68,41,31,75,1818,1600,3418,1676,1550,3226,1672,1666,3336
LGA13310,870,501,1373,930,539,1469,1027,722,1747,668,1047,1721,638,1211,1844,736,1369,2106,1481,275,1752,1558,286,1846,1799,329,2129,679,1118,1801,703,1245,1945,724,1410,2136,342,1247,1589,311,1239,1552,311,1353,1665,425,794,1221,490,771,1261,458,825,1284,944,103,1045,980,102,1087,1091,136,1231,912,512,1425,962,539,1503,1113,637,1751,125,72,194,130,88,214,173,135,305,6439,5678,12117,6708,6012,12724,7430,6922,14350
LGA13340,781,355,1128,743,346,1087,748,348,1096,189,369,558,204,413,617,209,509,713,522,102,623,534,111,638,589,130,718,76,303,382,85,359,444,91,414,507,81,443,529,82,436,520,79,480,562,100,209,313,107,227,339,131,210,340,396,32,430,317,27,347,319,45,367,336,192,529,341,209,554,378,223,602,39,38,77,48,25,70,63,40,99,2514,2046,4560,2453,2150,4610,2607,2396,5001
LGA13450,1439,530,1965,1313,489,1802,1510,610,2121,531,872,1408,564,976,1546,665,1153,1819,1305,252,1560,1353,256,1614,1538,296,1832,173,676,845,214,823,1035,223,1042,1262,205,1189,1388,205,1169,1373,258,1290,1540,423,806,1225,434,806,1240,442,764,1206,704,48,749,756,44,802,884,79,958,1207,652,1861,1328,773,2100,1516,1081,2602,115,99,211,128,80,210,209,138,344,6104,5113,11218,6299,5417,11713,7243,6450,13690
LGA13550,679,320,1000,615,292,908,602,328,926,238,431,666,236,485,720,239,578,820,557,106,666,612,115,727,670,136,812,74,394,472,68,434,495,94,535,626,83,460,542,60,479,542,70,491,559,156,305,459,153,270,427,145,293,437,605,45,649,697,84,781,759,123,885,455,238,695,446,236,689,452,255,705,60,24,81,65,38,105,63,41,104,2903,2326,5225,2948,2432,5378,3091,2789,5873
LGA13660,480,214,700,454,232,690,419,183,602,48,167,215,59,181,237,50,196,241,145,46,188,149,27,181,128,35,167,36,123,157,25,143,161,31,151,185,19,174,189,23,163,189,32,164,188,35,77,115,29,81,108,40,73,110,154,14,161,158,10,165,132,15,147,191,79,271,207,102,310,183,91,277,16,10,23,27,13,40,16,17,33,1126,897,2027,1132,949,2081,1028,920,1952
LGA13800,2579,1347,3922,2655,1496,4154,2792,1854,4647,1825,2911,4735,1740,3038,4781,1809,3402,5217,5074,785,5861,5240,776,6015,5314,834,6151,886,2100,2981,892,2370,3261,838,2636,3478,839,3969,4807,792,4100,4895,859,3969,4828,994,1769,2762,996,1834,2834,894,1668,2562,2416,224,2643,2453,249,2696,2524,303,2829,1913,1025,2939,2069,1054,3120,1981,1061,3043,319,206,531,347,230,571,361,252,613,16833,14336,31176,17177,15151,32329,17378,15986,33364
LGA13850,167,81,248,170,78,250,169,81,256,39,94,130,37,85,124,38,92,133,149,34,180,149,34,174,145,42,190,24,99,119,26,93,125,23,99,122,24,112,133,14,116,129,20,116,134,35,74,112,38,65,109,43,65,110,113,9,122,135,11,152,94,4,97,151,78,229,125,87,205,147,79,228,16,14,30,18,10,25,8,19,26,712,593,1308,713,584,1294,681,608,1286
LGA13910,1113,506,1623,1036,524,1560,1033,553,1582,299,639,941,251,651,896,290,724,1016,912,181,1091,885,181,1058,961,200,1162,127,523,647,133,579,714,156,775,933,131,643,775,137,666,809,148,691,837,249,473,722,245,463,708,264,447,713,433,42,471,460,40,496,444,51,501,746,335,1085,817,390,1204,772,391,1166,103,54,153,67,46,113,84,69,156,4106,3398,7503,4028,3535,7562,4148,3910,8050
LGA14000,7291,3329,10620,7398,3622,11022,8022,4681,12708,11336,11072,22408,11856,12017,23873,13338,13750,27084,5907,1239,7149,5703,1228,6927,5389,1309,6698,1794,3785,5587,1995,4259,6249,1901,4449,6350,2820,8213,11031,2746,7619,10363,2762,7529,10286,2544,3300,5851,2512,3320,5831,2314,2839,5149,1501,183,1684,1555,196,1751,1594,235,1836,2459,1136,3597,2558,1193,3747,2440,1201,3634,677,435,1116,602,423,1024,574,484,1062,36335,32709,69041,36920,33879,70792,38325,36477,74803
LGA14100,901,422,1323,933,523,1454,1004,598,1600,1113,1042,2156,1118,1112,2229,1152,1157,2312,266,64,340,276,69,348,264,70,327,160,231,393,188,287,476,159,242,401,210,664,878,232,631,863,222,572,797,215,230,442,261,272,536,218,230,444,58,9,61,70,8,77,75,9,86,123,64,184,101,50,154,123,36,160,68,46,114,64,45,103,63,39,101,3112,2768,5887,3245,2994,6238,3274,2950,6220
LGA14170,7812,6780,14591,8816,7499,16318,9936,9143,19078,15822,18222,34049,17413,19996,37400,19384,22511,41893,6441,1759,8197,6683,1765,8449,5963,1783,7747,2823,4460,7282,3201,5250,8452,2737,4716,7453,4086,9148,13230,4041,8731,12773,3941,8016,11963,2997,3683,6677,3220,4035,7252,2876,3405,6275,2290,301,2589,2209,253,2466,1982,327,2311,3117,1375,4490,3295,1565,4859,2781,1258,4038,831,572,1397,938,665,1606,799,642,1444,46210,46290,92502,49812,49762,99575,50404,51803,102207
LGA14220,790,399,1190,709,391,1095,747,398,1144,307,610,919,292,627,922,283,708,989,753,129,879,748,149,897,733,139,877,165,586,747,190,595,787,225,761,985,102,536,642,98,533,627,93,564,657,282,457,744,257,435,690,261,432,688,359,17,377,378,24,399,366,37,397,729,334,1067,763,355,1119,787,393,1183,60,43,105,77,78,154,79,53,137,3549,3109,6652,3502,3181,6687,3580,3489,7070
LGA14300,323,143,463,286,139,429,313,161,471,80,153,237,77,192,267,88,208,296,229,37,266,216,58,273,253,54,309,93,190,277,96,195,289,97,257,352,37,215,251,41,207,253,37,207,248,42,98,138,57,103,156,47,103,151,175,9,181,190,18,207,209,13,226,201,98,299,257,159,412,291,142,434,27,11,35,19,11,32,23,11,31,1204,949,2157,1240,1079,2318,1352,1157,2514
LGA14350,739,432,1174,676,425,1100,765,517,1280,465,876,1340,423,950,1376,509,1132,1641,1097,201,1296,1092,216,1306,1191,218,1404,367,909,1272,414,971,1386,540,1285,1829,186,937,1125,174,883,1054,182,918,1100,314,692,1003,334,637,971,315,668,986,627,42,669,617,52,666,631,56,692,885,413,1300,938,439,1383,998,531,1526,113,64,183,136,83,216,117,96,209,4793,4572,9361,4804,4654,9459,5250,5422,10665
LGA14400,853,416,1266,884,475,1357,1012,629,1638,1033,1312,2346,1023,1411,2436,1193,1710,2902,1211,179,1392,1239,183,1420,1294,195,1491,336,728,1067,391,751,1148,389,842,1235,189,963,1153,185,963,1151,197,918,1116,292,459,757,269,459,726,235,407,639,437,20,449,445,28,474,378,28,398,407,207,623,427,206,634,414,226,641,81,54,138,87,55,143,92,58,148,4847,4334,9187,4952,4534,9485,5199,5015,10213
LGA14500,7238,3238,10472,7613,3965,11587,8105,4951,13052,10460,9111,19573,11141,10450,21590,12361,11994,24359,2007,642,2648,2173,633,2809,2208,678,2888,1146,2342,3480,1315,2648,3966,1159,2512,3678,1875,5431,7303,1958,5364,7328,1926,5292,7215,1872,2224,4096,2019,2483,4500,1934,2129,4063,437,65,505,570,65,634,627,116,739,937,407,1342,1071,469,1537,1075,498,1573,526,367,886,576,400,974,557,460,1014,26491,23815,50305,28441,26485,54921,29958,28625,58583
LGA14550,481,243,729,448,220,665,418,253,666,181,317,501,144,313,459,154,354,507,340,74,416,307,70,376,360,77,437,82,295,379,80,262,345,103,344,441,38,292,331,46,277,327,50,294,345,86,188,270,89,147,231,91,141,226,238,22,258,232,22,257,232,28,257,351,144,495,359,154,514,337,203,539,32,19,47,33,33,63,58,37,96,1827,1593,3421,1745,1496,3237,1794,1729,3518
LGA14600,638,275,908,483,198,683,495,225,722,100,260,358,77,224,306,78,218,296,248,52,305,262,50,306,245,37,279,43,208,256,49,201,248,46,247,293,25,223,249,32,200,230,35,211,245,52,125,181,66,105,172,53,78,132,216,25,243,183,24,207,215,30,250,200,118,319,181,98,279,156,109,267,42,18,60,21,24,40,21,23,47,1561,1305,2871,1350,1123,2470,1348,1179,2526
LGA14650,5277,2845,8130,5381,3076,8456,6397,4187,10586,6985,8938,15921,6927,10197,17119,8259,12639,20897,12078,1870,13940,11736,1973,13704,13131,2249,15383,2404,5919,8321,2732,7081,9807,3435,9397,12834,2443,10294,12736,2328,9836,12168,2507,10294,12800,2892,5921,8815,3044,5552,8598,2980,5395,8383,5722,465,6191,5301,469,5768,5632,632,6267,5509,2799,8304,5562,2830,8394,5881,2940,8820,761,479,1239,764,487,1251,834,600,1439,44064,39526,83593,43772,41493,85263,49071,48339,97411
LGA14700,1938,1165,3109,2191,1439,3627,2620,1997,4611,3515,3385,6905,4059,4018,8076,4730,4773,9507,820,242,1065,920,262,1185,978,305,1287,392,737,1129,494,897,1389,514,834,1344,697,1789,2482,713,1740,2454,797,1789,2588,595,614,1214,721,723,1442,668,666,1334,208,21,224,260,21,278,226,35,259,309,137,447,375,153,531,351,196,544,162,109,270,178,131,312,207,151,359,8644,8188,16834,9906,9386,19295,11089,10751,21836
LGA14750,533,218,750,517,220,737,519,234,751,256,368,623,225,408,628,228,415,648,551,121,675,548,96,650,623,94,722,75,285,360,77,307,385,91,465,549,87,481,569,76,435,513,97,460,558,116,280,394,99,257,358,89,270,361,334,26,363,392,43,441,415,42,451,557,297,856,574,331,900,545,382,922,49,21,71,62,31,97,73,33,109,2552,2101,4656,2576,2127,4705,2680,2393,5073
LGA14850,1458,831,2286,1321,786,2111,1425,1002,2425,1476,2191,3668,1410,2244,3652,1630,2526,4154,2068,406,2479,1962,410,2367,2101,483,2580,648,1448,2091,655,1632,2290,820,1966,2788,515,1931,2448,457,1854,2310,485,1904,2385,760,1306,2063,760,1170,1936,756,1114,1865,899,76,985,920,85,1003,933,93,1028,1444,800,2247,1417,844,2255,1662,856,2515,137,98,230,141,108,251,174,127,301,9409,9085,18493,9043,9126,18170,9982,10065,20045
LGA14870,463,296,760,439,295,738,565,370,935,366,613,980,323,632,954,365,743,1112,1221,210,1424,1159,202,1358,1191,187,1377,287,672,958,285,717,1003,313,847,1161,162,900,1068,162,874,1035,181,886,1068,174,500,673,183,470,658,196,439,629,1107,43,1148,917,53,972,873,64,936,535,391,919,549,390,940,548,395,945,85,44,136,86,49,141,82,66,149,4397,3664,8065,4113,3688,7797,4305,4000,8304
LGA14900,4805,2506,7312,5494,2880,8375,6301,3700,10002,5027,6459,11484,6018,8210,14228,7796,10719,18519,10336,1378,11717,10727,1485,12210,9429,1446,10872,2563,4273,6836,2695,5685,8379,3055,6432,9488,3266,9812,13080,3597,9871,13472,4012,10129,14143,2530,4181,6711,2948,4771,7717,2888,4502,7387,6880,932,7808,7625,1123,8755,7837,1589,9426,5000,2824,7831,5780,2920,8706,5165,2966,8124,1082,703,1786,1208,853,2062,1143,855,1997,41505,33060,74568,46100,37804,83904,47629,42330,89955
LGA14920,489,204,694,434,202,630,426,185,613,101,235,335,98,254,346,96,280,377,279,69,346,266,77,341,266,78,347,66,212,278,69,251,314,61,270,332,37,259,300,24,259,282,29,267,296,72,144,214,73,134,209,66,124,189,357,25,380,355,19,373,360,44,407,308,174,481,293,161,458,260,172,435,37,22,59,38,22,58,43,19,58,1744,1339,3080,1642,1373,3014,1615,1431,3044
LGA14950,332,121,454,288,104,397,271,107,376,33,117,149,35,133,164,32,137,170,130,22,149,119,21,142,166,33,198,30,80,112,27,92,120,28,130,160,18,125,138,20,106,126,21,111,126,14,59,72,16,54,66,19,68,91,110,11,117,100,14,109,105,19,124,70,51,122,75,57,130,95,55,146,4,6,14,21,10,29,15,16,32,746,586,1327,701,595,1290,750,663,1410
LGA15050,1973,1088,3054,2071,1242,3312,2667,1850,4519,2192,2981,5174,2165,3607,5769,2766,4600,7369,4896,747,5644,5129,858,5985,5963,1076,7031,711,2134,2848,990,2884,3875,1453,4338,5789,834,3551,4386,794,3791,4589,1024,4377,5399,984,2151,3136,1165,2387,3551,1312,2645,3955,3022,213,3232,3106,300,3408,3610,446,4057,2020,1223,3249,2330,1366,3692,2772,1695,4466,305,159,464,334,186,512,422,276,697,16938,14254,31187,18081,16609,34691,21984,21301,43280
LGA15240,2431,1292,3721,2299,1357,3653,2582,1600,4185,1781,2833,4613,1723,3109,4833,1986,3663,5650,3761,672,4437,3654,737,4396,4119,813,4930,862,2591,3453,944,2859,3810,1335,3789,5116,579,2797,3368,564,2756,3322,597,2994,3596,1120,2237,3360,1262,2249,3512,1173,2269,3445,1893,112,2007,1864,115,1979,1975,150,2121,2660,1359,4022,2642,1363,4011,2806,1483,4287,266,181,446,306,215,517,386,311,694,15359,14072,29428,15255,14776,30034,16957,17069,34019
LGA15270,937,538,1481,880,529,1412,964,628,1591,434,832,1267,421,860,1276,519,1090,1607,1317,240,1556,1400,273,1669,1687,314,1998,170,641,810,187,764,947,238,1024,1261,124,800,925,144,836,980,150,957,1110,280,569,852,285,596,881,281,612,893,1120,72,1191,1146,73,1217,1326,143,1473,710,429,1139,708,461,1164,730,567,1298,84,65,148,86,57,137,115,80,197,5181,4183,9363,5253,4438,9692,6012,5417,11426
LGA15300,921,371,1291,777,371,1146,650,347,995,266,515,776,248,519,769,243,516,758,578,92,670,571,76,644,485,87,578,136,345,480,123,428,552,135,434,567,94,630,724,85,580,664,75,550,627,160,303,461,170,253,425,143,226,368,512,70,576,477,47,521,473,74,546,504,196,703,475,227,704,425,220,642,71,55,130,64,42,106,66,53,117,3250,2569,5813,2980,2538,5522,2694,2504,5199
LGA15350,1857,1154,3011,1994,1371,3365,1970,1538,3508,2887,2483,5369,2872,2651,5530,2967,2918,5881,513,168,675,459,167,625,430,160,587,352,589,943,379,641,1015,299,540,842,480,1322,1802,464,1220,1687,423,1133,1556,482,535,1014,498,592,1086,475,532,1007,109,12,116,89,8,101,129,18,147,189,69,258,208,92,296,195,104,296,184,111,295,165,137,303,192,134,331,7055,6436,13489,7125,6879,14003,7069,7081,14153
LGA15520,898,398,1295,841,370,1206,828,432,1255,207,388,598,215,491,703,258,554,812,515,103,621,505,124,628,645,126,769,91,342,429,105,377,480,140,474,611,64,418,482,69,433,499,80,531,612,143,250,395,155,257,412,142,281,418,314,25,340,311,11,326,316,28,350,368,210,572,420,239,664,445,260,709,41,42,84,44,32,78,67,45,116,2638,2178,4817,2653,2343,4996,2928,2725,5646
LGA15560,439,163,603,362,144,505,348,139,490,48,84,136,45,110,156,44,120,158,145,32,178,149,30,184,143,38,177,26,115,141,36,107,138,22,112,137,20,154,175,21,156,183,17,168,188,24,44,72,27,60,92,26,42,71,134,16,151,140,14,153,146,25,174,163,122,284,157,121,276,126,99,222,26,13,38,22,12,39,21,11,33,1026,745,1771,962,755,1718,895,747,1644
LGA15650,472,275,749,404,245,650,408,260,670,313,486,798,240,477,722,243,499,745,1333,171,1496,1158,188,1352,1210,220,1431,120,465,584,119,490,604,128,628,755,116,680,799,79,606,687,84,607,691,125,452,585,142,398,535,153,413,572,1140,164,1306,1013,183,1199,1065,261,1324,557,400,965,514,356,876,546,476,1014,85,37,125,73,44,113,97,53,150,4271,3126,7399,3748,2986,6733,3938,3416,7359
LGA15700,498,293,788,454,319,767,551,372,926,330,565,904,372,613,987,376,782,1156,776,133,910,757,167,925,826,165,990,224,622,846,235,674,910,297,861,1159,96,592,690,109,554,660,119,617,741,185,405,583,164,374,538,242,378,620,389,31,418,395,33,428,393,35,428,550,249,795,622,273,894,616,311,922,51,37,86,71,47,117,82,62,148,3094,2930,6025,3178,3053,6232,3495,3588,7085
LGA15750,786,366,1150,703,306,1009,669,308,977,257,449,703,262,508,773,246,531,779,698,141,837,635,162,797,617,140,762,88,369,453,87,405,487,96,489,587,76,588,668,71,533,604,68,519,587,165,326,489,166,299,467,151,290,443,653,52,707,640,45,688,757,103,855,437,274,712,434,269,702,428,270,695,75,39,117,77,39,116,57,36,93,3236,2604,5838,3083,2574,5653,3095,2687,5782
LGA15800,347,161,506,330,161,497,299,152,451,92,180,269,83,193,275,89,204,295,252,76,330,230,61,290,238,68,307,44,189,238,36,185,223,54,227,278,40,197,235,38,208,244,32,194,230,49,118,163,53,97,154,49,102,153,183,11,195,187,17,204,184,8,195,279,149,432,245,150,392,247,133,376,39,23,57,25,17,42,31,15,52,1333,1107,2439,1229,1098,2326,1224,1107,2334
LGA15850,493,187,680,439,156,597,386,181,565,108,257,364,76,254,333,82,266,341,284,60,342,281,60,340,284,51,338,52,216,265,41,233,276,60,257,317,50,243,291,37,233,267,24,228,253,67,128,199,65,118,184,58,108,168,270,25,292,232,32,266,260,30,296,238,114,355,191,97,288,220,106,324,21,17,33,27,13,39,32,23,51,1574,1250,2827,1389,1202,2587,1400,1251,2647
LGA15900,4333,2600,6935,4482,2843,7325,5751,4032,9782,8454,9611,18065,8784,11111,19899,10615,14372,24987,8176,1467,9653,7847,1586,9424,8607,1811,10417,2442,4938,7383,2909,6083,8998,3746,7795,11544,2269,7645,9914,2186,7370,9555,2418,7601,10025,2490,4419,6904,2556,4164,6714,2836,4240,7072,3784,303,4088,3488,291,3782,3813,447,4260,4183,2128,6313,4206,2103,6310,4467,2298,6765,603,396,1001,609,425,1034,702,506,1205,36747,33512,70257,37067,35970,73032,42945,43117,86062
LGA15950,4244,3380,7621,4730,3907,8635,5092,4314,9403,8520,7949,16467,8864,8851,17711,8980,9658,18641,1519,491,2006,1577,508,2079,1518,506,2032,854,1385,2240,900,1506,2402,785,1417,2203,1505,3836,5341,1400,3698,5100,1402,3401,4803,1172,1261,2434,1248,1423,2675,1104,1212,2317,267,30,298,321,37,358,320,60,376,492,201,689,533,255,787,530,252,781,413,284,696,381,306,685,347,281,621,18975,18814,37790,19942,20499,40445,20082,21103,41183
LGA15990,13688,7385,21075,15119,8966,24080,16852,11591,28442,16988,17220,34208,17499,19587,37085,19048,22483,41531,12271,2185,14454,12303,2406,14707,12425,2283,14711,3353,7351,10704,3900,8344,12241,3597,8402,12003,4018,14174,18189,3787,13691,17482,3587,12759,16341,5017,6338,11349,5276,6523,11801,5146,5835,10983,3103,418,3521,3093,463,3557,3249,593,3837,4301,1845,6148,4664,1959,6621,4455,1892,6349,1144,836,1977,1196,908,2108,1139,887,2031,63883,57750,121635,66843,62843,129682,69496,66725,136223
LGA16100,292,125,417,292,129,423,292,145,437,77,164,243,81,187,269,117,206,315,328,64,388,274,43,317,299,65,367,51,140,188,47,160,206,57,183,241,39,219,258,25,197,228,27,201,231,27,105,129,42,115,160,50,97,146,283,36,320,278,38,318,286,41,323,197,129,323,152,117,270,190,122,313,34,19,54,31,23,52,40,35,76,1312,997,2313,1226,1016,2244,1353,1097,2452
LGA16150,1215,588,1807,1222,720,1945,1400,901,2302,1361,1980,3346,1431,2338,3771,1737,2888,4620,2253,398,2645,2211,403,2615,2493,466,2959,464,1251,1713,551,1509,2056,699,1955,2654,484,1915,2406,462,1868,2326,511,2036,2549,626,1021,1647,679,1058,1731,657,1001,1660,1357,137,1489,1126,100,1225,1268,134,1409,1193,750,1948,1212,667,1879,1264,724,1990,158,100,253,146,110,261,185,135,313,9106,8142,17249,9033,8769,17812,10210,10237,20446
LGA16200,727,338,1063,680,340,1016,651,347,995,283,534,822,281,571,856,320,629,947,729,161,886,717,143,857,728,141,869,129,448,576,140,475,617,127,587,722,128,613,745,112,536,650,112,570,684,185,381,561,184,339,522,174,335,508,643,38,681,561,41,602,637,66,703,396,204,599,378,231,609,429,234,667,51,35,88,74,39,112,55,52,103,3273,2758,6029,3129,2717,5842,3226,2966,6197
LGA16260,7563,3892,11455,8919,4596,13517,10372,6445,16818,14233,12994,27232,17700,16071,33772,22259,20774,43035,8589,1635,10228,9170,1832,11003,8952,2168,11120,2663,4562,7228,3047,5769,8823,3065,7044,10110,4755,11201,15953,5089,11342,16429,5439,12002,17438,3608,4224,7830,4174,4783,8955,4132,4735,8867,3973,522,4492,4472,594,5064,5034,874,5907,4050,2106,6158,4526,2402,6927,4720,2585,7308,1069,747,1814,1193,910,2100,1372,1069,2447,50513,41882,92389,58297,48289,106590,65342,57695,123037
LGA16350,5662,3110,8771,5938,3660,9604,6838,4730,11567,5002,7132,12132,5657,8417,14073,6801,10525,17321,11574,1726,13301,12244,1807,14052,12274,1883,14156,2733,5694,8427,2926,7027,9947,3190,8071,11257,3702,12941,16648,3826,13024,16843,3842,12788,16634,3123,5504,8629,3315,5763,9079,3031,5465,8497,8379,948,9318,9167,1118,10285,9719,1630,11355,5643,2723,8363,6237,2923,9162,6303,3000,9302,983,658,1644,1068,740,1812,1193,818,2012,46798,40428,87224,50370,44489,94858,53199,48898,102094
LGA16380,2111,1200,3307,2078,1268,3339,2409,1718,4128,2165,2925,5088,2349,3482,5822,2737,4588,7324,3459,648,4101,3642,733,4376,4257,795,5054,890,2358,3244,1078,2734,3815,1569,3915,5480,762,3268,4023,718,3198,3915,805,3574,4378,1228,1979,3203,1192,2051,3239,1304,2135,3440,1390,90,1481,1526,95,1618,1626,122,1750,1807,975,2782,1986,1097,3081,2285,1153,3441,207,184,387,269,166,441,335,273,603,14002,13622,27621,14841,14812,29652,17328,18267,35597
LGA16400,1888,1073,2958,1876,1120,3000,2115,1361,3472,1584,2175,3763,1679,2381,4069,1850,2957,4803,4341,631,4967,4230,639,4868,4566,743,5310,903,2095,2998,944,2550,3494,1141,3200,4338,674,2911,3585,644,2906,3546,694,3147,3840,852,1975,2828,863,1982,2847,906,1937,2848,2064,160,2224,2080,196,2269,2148,227,2371,1769,1091,2865,1924,1120,3046,2160,1219,3381,276,147,421,294,165,463,365,244,607,14349,12260,26610,14531,13076,27605,15946,15043,30986
LGA16490,2662,1766,4429,2817,1919,4734,3480,2769,6250,2596,3121,5718,2551,3332,5882,3344,4309,7654,3380,586,3964,3344,578,3929,3921,710,4624,1026,1615,2648,1095,1932,3030,1285,2230,3516,1392,4200,5590,1352,4032,5381,1346,4312,5658,801,1311,2109,947,1361,2310,989,1297,2291,1400,96,1497,1262,84,1353,1548,122,1670,1400,658,2050,1494,617,2114,1662,683,2346,388,316,699,356,315,677,410,374,781,15044,13669,28708,15228,14164,29393,17990,16800,34789
LGA16550,5221,3598,8822,6088,4498,10580,6809,5430,12238,10143,11361,21506,10921,12832,23755,11315,14333,25647,4927,1094,6016,5150,1079,6228,5117,1096,6211,2413,3586,5999,2590,4075,6665,2026,3736,5762,2596,7007,9600,2558,6696,9258,2232,6156,8386,2205,2942,5146,2365,3206,5569,2019,2649,4666,1746,145,1890,1741,147,1890,1658,235,1890,2056,859,2911,2235,991,3225,2123,969,3090,648,480,1127,629,481,1110,669,514,1182,31951,31069,63019,34278,33999,68279,33962,35108,69077
LGA16610,670,341,1010,612,343,952,671,443,1110,329,636,966,286,699,986,338,754,1090,943,175,1118,901,192,1096,1000,214,1209,205,720,928,220,780,998,256,1014,1276,162,763,927,154,767,923,146,837,980,277,528,807,276,502,779,290,494,785,636,43,678,632,65,695,702,66,769,1086,449,1530,1147,521,1673,1169,581,1746,83,43,134,109,51,158,94,60,153,4385,3709,8094,4346,3917,8262,4659,4464,9119
LGA16700,4355,2557,6912,5110,3059,8171,6094,4246,10335,8139,7883,16024,9595,9542,19135,12069,12270,24337,4393,913,5310,4642,1073,5721,4676,1192,5863,1375,2568,3944,1642,3130,4774,1544,3411,4953,2339,6230,8568,2440,6269,8707,2827,6438,9263,1933,2317,4252,2235,2775,5020,2228,2655,4890,1395,164,1556,1437,176,1611,1523,228,1748,1851,916,2766,2027,1068,3094,1975,1050,3024,569,404,970,557,460,1021,619,526,1146,26352,23951,50306,29684,27556,57239,33555,32005,65564
LGA16900,1543,888,2434,1666,1019,2683,1908,1496,3402,1532,2208,3739,1556,2655,4211,2114,3572,5682,4209,617,4823,4486,705,5193,4972,777,5750,906,2255,3161,1039,2846,3884,1242,3630,4871,761,3180,3948,738,3251,3985,889,3671,4564,936,2156,3093,1027,2302,3325,1027,2220,3247,2614,145,2762,2506,168,2674,2677,276,2951,2049,965,3019,2142,1035,3179,2318,1158,3471,269,166,434,291,179,470,342,241,579,14826,12585,27407,15453,14158,29610,17492,17031,34522
LGA16950,2553,1469,4024,2579,1629,4213,3092,2193,5288,2303,3359,5661,2396,3729,6126,2879,4755,7636,4989,837,5821,5373,880,6250,5949,1067,7012,1303,3098,4403,1490,3534,5022,1848,4458,6305,699,3464,4166,680,3460,4139,780,3829,4607,1273,2381,3655,1347,2557,3902,1407,2575,3983,1808,119,1926,1842,132,1965,1995,137,2130,2476,1208,3683,2729,1370,4099,3110,1529,4638,316,202,518,366,242,614,413,276,691,17713,16134,33850,18798,17533,36331,21467,20825,42293
LGA17000,844,404,1249,789,403,1191,814,499,1303,647,761,1413,509,813,1320,561,903,1464,1877,267,2148,1693,227,1920,1850,331,2183,299,674,970,457,768,1225,597,969,1570,163,1193,1354,170,1010,1184,193,1115,1307,199,605,804,226,627,861,238,707,942,1905,257,2160,1601,272,1872,1613,332,1936,611,482,1092,606,464,1074,676,506,1182,143,69,210,113,65,175,136,87,227,6682,4718,11396,6166,4654,10823,6667,5439,12105
LGA17040,1153,692,1839,1170,703,1870,1227,801,2030,511,819,1331,519,836,1358,636,1060,1690,1209,229,1435,1186,206,1394,1297,226,1519,362,668,1031,391,811,1205,454,976,1435,206,917,1126,184,950,1138,217,967,1186,316,564,878,351,581,927,362,549,905,563,33,596,580,63,638,680,102,785,674,368,1044,738,423,1164,798,487,1288,105,65,167,109,70,176,129,103,226,5099,4352,9452,5222,4634,9860,5799,5271,11068
LGA17080,725,345,1070,668,369,1040,695,405,1105,308,441,753,258,474,733,294,522,821,848,119,965,708,117,833,768,141,907,123,456,575,120,462,579,145,611,759,81,522,605,95,479,583,86,531,617,105,360,465,103,325,427,107,328,436,672,40,706,681,45,728,649,43,694,641,398,1044,569,397,965,635,450,1082,75,36,112,77,31,108,84,53,127,3582,2721,6297,3284,2703,5990,3460,3090,6549
LGA17100,1300,684,1983,1488,784,2269,1753,1051,2800,2753,2360,5114,3387,2864,6250,4023,3667,7694,1510,285,1793,1670,366,2033,1649,390,2038,496,831,1325,612,1070,1682,599,1383,1985,767,1797,2562,874,1853,2725,970,1968,2942,780,744,1519,885,926,1815,962,869,1832,551,61,611,729,70,804,861,160,1026,794,347,1139,1029,510,1535,1286,663,1945,256,178,438,283,207,497,319,217,537,9202,7290,16487,10963,8659,19618,12431,10371,22795
LGA17150,10661,5096,15758,11092,5877,16972,12422,7617,20035,11373,14006,25375,11691,15388,27076,12962,17958,30922,13459,1872,15333,13173,2021,15190,13317,1963,15283,3794,7017,10816,3997,7829,11831,3808,7962,11770,4625,15705,20329,4377,14437,18810,4133,14133,18267,4363,6535,10897,4309,6387,10690,3901,5518,9415,4089,317,4406,3986,346,4339,3619,439,4054,4246,1679,5923,4389,1676,6069,4242,1718,5957,979,649,1626,1041,737,1775,1025,709,1739,57588,52878,110468,58065,54704,112766,59425,58012,117444
LGA17200,9526,6488,16011,11584,8346,19927,13539,10181,23719,20705,16892,37596,23885,20343,44227,28263,24544,52808,5660,1750,7410,7135,2171,9303,6695,2259,8953,4160,4781,8943,4925,7053,11980,4041,5702,9739,4780,7883,12665,4888,8148,13028,5127,8365,13496,3447,3753,7200,4091,4803,8894,3824,4093,7916,1239,167,1402,1521,224,1742,2094,405,2505,2490,1290,3779,3860,2133,5997,3421,2041,5464,1098,687,1783,1247,909,2154,1312,966,2283,53106,43688,96797,63126,54126,117250,68328,58567,126888
LGA17310,2213,1158,3369,2203,1202,3400,2251,1384,3636,1540,2650,4190,1631,2928,4556,1648,3398,5041,3051,569,3617,3163,573,3741,3364,637,4000,621,1807,2433,664,2084,2751,931,2686,3621,577,2668,3246,567,2540,3110,643,2641,3280,911,1578,2488,902,1653,2559,954,1627,2579,1627,110,1735,1656,125,1785,1851,156,2009,2218,1217,3434,2385,1296,3678,2571,1450,4024,238,150,390,244,168,417,254,199,451,12995,11899,24892,13424,12571,25999,14468,14174,28644
LGA17350,365,170,533,394,168,555,366,180,550,132,196,323,123,236,356,125,266,394,280,54,335,288,57,350,305,49,359,44,196,234,53,208,254,55,268,323,43,217,261,42,230,270,45,235,280,71,144,216,77,152,229,70,136,204,149,8,163,158,12,167,174,13,190,184,89,271,195,105,301,225,120,347,22,10,32,21,6,30,27,24,48,1289,1081,2370,1341,1175,2516,1391,1294,2685
LGA17400,410,233,641,362,205,569,350,219,562,90,181,273,84,180,262,117,210,325,267,52,322,214,57,277,217,53,269,57,190,247,47,187,235,62,209,266,41,213,252,38,199,232,49,215,265,59,120,177,58,125,177,65,109,176,194,15,208,166,15,182,167,18,180,245,152,399,230,140,368,181,128,313,32,27,64,29,30,58,43,34,75,1398,1185,2584,1217,1140,2363,1236,1197,2431
LGA17420,9225,3880,13104,9598,4488,14081,11807,6390,18196,9975,10406,20378,11207,12028,23236,15076,16328,31402,7041,1253,8293,6999,1348,8348,7533,1600,9132,1666,3577,5243,2011,4210,6226,2130,4990,7118,2885,9990,12884,3177,9837,13009,3696,10733,14436,3372,4023,7398,3503,4200,7699,3505,4180,7679,2078,212,2290,2221,204,2426,2477,343,2818,2252,1056,3308,2631,1144,3768,2896,1324,4217,628,480,1110,789,587,1382,820,666,1489,39124,34878,74000,42134,38050,80182,49932,46547,96477
LGA17550,2347,1320,3667,2453,1501,3960,2890,2072,4965,2211,3219,5425,2340,3831,6170,2940,4948,7891,4391,743,5131,4753,844,5595,5265,1008,6272,1087,2965,4048,1391,3525,4915,1546,4196,5740,683,3422,4108,771,3586,4356,776,3890,4665,1377,2465,3842,1414,2517,3927,1349,2482,3829,1816,161,1976,1851,174,2029,1816,232,2045,2521,1419,3938,2719,1464,4179,2934,1553,4492,316,203,518,340,261,605,430,359,787,16747,15916,32665,18035,17696,35730,19938,20740,40678
LGA17620,705,374,1082,668,361,1034,655,384,1037,251,501,750,222,546,766,230,598,825,900,212,1109,861,198,1060,901,258,1152,81,413,491,100,386,480,100,536,631,76,550,623,64,529,591,50,519,575,129,323,444,131,316,451,125,282,403,800,69,865,721,101,825,764,127,892,608,432,1033,586,414,1000,658,479,1136,76,42,114,61,34,92,69,51,122,3619,2904,6525,3409,2888,6299,3554,3229,6784
LGA17640,694,313,1010,646,300,947,728,360,1095,181,297,478,155,299,454,177,388,563,387,82,469,405,77,482,413,98,511,94,233,329,97,280,379,105,315,423,60,301,360,62,323,381,73,372,446,60,144,206,63,136,195,73,150,221,186,12,204,200,30,225,210,19,237,208,141,348,275,135,406,265,152,419,42,27,63,35,30,58,54,39,94,1914,1558,3478,1928,1603,3530,2092,1904,3997
LGA17650,358,172,530,332,175,501,314,185,500,162,292,450,160,268,425,156,301,455,316,67,380,289,77,367,298,78,376,82,215,296,68,195,263,65,248,313,58,273,331,53,274,325,66,258,324,71,133,209,75,134,208,64,127,184,139,17,161,111,18,127,128,14,145,234,113,348,247,120,369,238,109,346,20,15,37,24,17,43,23,24,48,1433,1299,2736,1357,1278,2635,1338,1349,2688
LGA17750,2334,1175,3511,2326,1305,3629,2509,1554,4066,2294,3214,5515,2321,3548,5874,2618,4282,6901,4058,740,4802,3953,711,4671,4180,811,4996,1082,2171,3245,1232,2642,3868,1562,3259,4823,751,2987,3732,695,2966,3657,758,2967,3733,1184,1883,3066,1191,1872,3063,1253,1777,3028,1556,145,1701,1486,137,1627,1615,164,1785,1904,1151,3051,1945,1123,3070,2110,1264,3375,262,184,445,235,139,377,346,229,576,15416,13648,29069,15389,14447,29834,16968,16315,33283
LGA17850,353,169,517,334,154,490,321,147,470,46,93,140,49,105,154,43,108,154,120,33,159,113,32,144,105,24,134,22,85,108,16,80,96,20,98,118,7,119,126,11,118,131,6,112,122,21,52,75,27,62,90,31,44,76,85,15,101,74,9,83,73,8,79,140,62,205,149,64,214,138,63,203,13,12,24,6,5,17,14,10,24,811,642,1450,790,623,1411,749,628,1379
LGA17900,392,201,590,339,155,493,271,154,427,96,199,293,79,202,284,63,160,220,170,41,204,147,34,183,106,27,132,92,203,293,92,202,291,99,183,288,25,207,232,21,176,190,24,135,153,43,76,119,41,73,111,29,52,84,172,27,202,152,26,178,105,23,128,242,89,332,197,88,285,122,77,206,32,21,49,26,20,46,18,16,35,1268,1053,2315,1090,971,2057,841,826,1668
LGA17950,295,125,421,255,113,363,227,111,343,44,110,155,35,106,139,25,90,108,111,23,137,106,20,128,102,23,123,14,79,97,15,82,94,8,78,83,14,112,125,17,87,107,12,90,106,15,42,60,20,48,64,17,41,58,115,15,127,81,9,93,89,14,107,113,39,158,88,52,142,92,59,158,18,12,33,11,10,19,13,13,24,740,567,1307,622,529,1147,590,513,1106
LGA18020,686,305,989,620,273,894,573,303,882,133,364,492,119,348,468,109,348,463,324,78,404,275,65,343,289,67,353,73,298,371,68,301,370,79,315,394,39,253,289,47,233,283,47,230,277,80,176,258,78,142,215,64,136,199,234,20,254,206,16,224,209,29,238,319,168,485,291,179,474,339,186,526,42,27,68,35,27,65,50,18,76,1932,1683,3615,1751,1586,3332,1762,1636,3401
LGA18050,3595,2537,6129,4147,3034,7178,4724,3724,8448,6814,6522,13332,6905,7273,14175,7619,8348,15962,2149,545,2693,2131,514,2644,2016,522,2532,1081,1726,2806,1130,2058,3183,833,1705,2535,1142,2940,4083,1047,2751,3802,1036,2622,3654,1207,1507,2717,1323,1562,2890,1253,1330,2584,462,41,502,460,56,512,494,91,587,808,298,1106,967,408,1376,811,343,1155,399,274,672,381,278,659,442,324,764,17655,16381,34034,18500,17930,36425,19213,19012,38229
LGA18100,342,169,509,329,157,484,300,150,454,53,132,183,44,137,177,47,145,193,124,20,143,129,29,158,117,34,148,25,104,128,17,92,110,22,120,144,13,101,120,13,117,132,23,110,125,25,58,82,28,64,87,35,57,88,97,8,105,90,8,98,103,8,116,110,55,158,119,56,173,133,63,200,11,3,18,7,5,14,10,9,20,801,650,1449,773,667,1441,786,700,1487
LGA18200,486,190,677,419,205,626,443,212,657,147,239,386,114,254,370,129,319,442,326,65,390,295,60,354,368,58,427,60,183,243,58,203,270,89,252,339,49,271,315,39,255,294,54,300,352,78,132,210,90,143,237,79,145,231,225,17,239,202,9,210,216,8,229,238,151,387,238,145,380,263,161,422,33,16,51,30,27,54,45,25,73,1641,1256,2896,1482,1304,2790,1688,1486,3174
LGA18250,3812,2331,6142,4263,2663,6930,4559,3173,7726,7170,6266,13438,7517,6959,14474,7857,7595,15460,1816,524,2337,1764,520,2286,1698,519,2219,824,1471,2298,883,1773,2658,788,1654,2442,1353,3358,4716,1289,3192,4479,1296,3121,4411,1128,1361,2489,1352,1591,2933,1210,1362,2570,438,64,500,467,52,522,544,77,621,702,376,1078,877,445,1327,777,421,1198,377,284,658,394,307,705,362,303,663,17620,16038,33659,18817,17496,36309,19090,18216,37312
LGA18350,1810,1020,2826,1888,1102,2994,2285,1506,3785,1749,2117,3866,1757,2406,4169,2183,2979,5156,2521,501,3025,2700,591,3291,3124,680,3799,553,1394,1948,599,1633,2232,669,1924,2594,410,1927,2337,412,1911,2320,473,2155,2627,657,1173,1825,729,1274,2001,732,1270,2009,1062,103,1163,1071,115,1188,1187,145,1334,1213,715,1925,1335,776,2116,1430,839,2265,206,140,347,201,130,329,218,177,397,10176,9084,19262,10696,9951,20643,12295,11664,23960
LGA18400,1775,852,2627,1996,1044,3040,2311,1412,3720,1211,2023,3240,1270,2319,3597,1290,2692,3986,3379,518,3894,3798,592,4397,4303,590,4898,499,1476,1971,610,1841,2451,632,2046,2678,557,2721,3273,571,2973,3543,594,3224,3812,560,1196,1760,666,1391,2056,689,1371,2061,1948,144,2095,2076,189,2265,2172,244,2411,1319,723,2046,1504,758,2267,1634,847,2479,234,150,387,270,183,452,287,204,493,11487,9809,21290,12758,11293,24057,13908,12621,26528
LGA18450,5281,2948,8228,5731,3510,9245,6698,4629,11323,8442,10161,18601,8849,11633,20485,10505,14113,24620,10902,1761,12667,11192,1860,13048,11817,1949,13766,3147,6347,9495,3463,7465,10926,3884,8782,12667,2512,9294,11805,2615,9385,12002,2767,9515,12282,2572,4855,7424,2821,5118,7937,2874,4789,7663,5650,285,5932,5176,291,5467,5425,540,5962,4922,2426,7345,5286,2485,7768,5434,2761,8200,837,519,1354,802,572,1374,892,636,1524,44248,38597,82854,45937,42310,88255,50295,47724,98020
LGA18500,3498,2356,5854,3717,2681,6396,4052,2968,7020,5829,5409,11238,6025,5870,11889,6189,6303,12489,881,297,1178,847,325,1170,741,323,1068,661,1079,1737,698,1126,1827,532,888,1422,919,2329,3245,829,2339,3174,814,2048,2861,903,1077,1978,1006,1202,2218,881,1088,1972,180,15,195,219,21,239,173,24,196,322,131,450,396,152,541,314,134,449,376,285,659,325,217,547,432,316,748,13571,12971,26544,14068,13936,28008,14136,14096,28230
LGA18710,911,587,1501,954,644,1593,1044,806,1844,711,880,1586,677,1000,1677,794,1163,1954,904,170,1070,866,176,1042,1063,219,1286,243,479,724,268,596,858,304,681,982,266,927,1195,267,934,1204,252,945,1200,195,316,512,217,307,522,211,314,532,342,18,355,337,18,353,345,16,361,451,203,653,430,217,642,450,211,662,84,78,162,99,69,173,90,84,177,4100,3666,7763,4117,3961,8075,4556,4446,9001
LGA19399,165,107,272,154,103,259,148,90,236,16,29,44,10,30,47,16,34,54,45,17,58,41,7,43,40,10,48,17,32,42,12,27,37,3,25,31,8,35,40,3,26,33,6,38,44,6,11,20,9,9,21,11,17,24,27,0,27,11,0,11,14,0,14,77,53,128,77,39,125,54,42,93,9,0,9,11,11,21,6,5,13,371,281,658,333,257,598,297,261,556
LGA19499,220,116,341,169,104,271,133,104,234,381,364,742,318,329,648,236,264,500,470,72,542,395,79,476,241,47,279,200,266,466,182,246,434,122,216,334,103,285,389,92,173,263,63,168,236,92,151,237,112,111,224,69,104,171,321,30,347,309,25,334,216,35,253,368,120,491,396,182,583,254,165,419,57,38,96,67,38,103,55,22,77,2204,1441,3653,2043,1290,3327,1388,1128,2511
LGA19799,0,0,0,3,0,5,0,0,0,0,3,3,11,10,17,0,0,0,4,0,4,11,11,17,0,0,0,0,0,0,4,13,15,0,0,0,0,3,3,0,18,16,0,0,0,0,0,0,4,15,15,0,0,0,0,0,0,11,0,11,0,0,0,12,0,12,12,3,15,0,0,0,0,0,0,5,3,6,0,0,0,22,13,28,61,74,130,0,0,0
LGA20110,633,389,1023,593,393,983,689,481,1172,308,480,787,306,497,803,425,689,1112,712,158,866,708,159,861,760,195,952,148,397,545,180,459,638,257,516,774,75,423,496,79,429,509,99,477,572,159,351,506,154,351,505,173,336,509,344,32,372,338,45,383,304,48,351,382,272,654,408,306,718,457,311,771,55,34,87,56,36,90,65,42,111,2808,2534,5345,2818,2674,5491,3230,3097,6320
LGA20260,648,331,985,581,284,863,616,327,939,208,395,604,204,423,620,213,467,682,497,98,595,446,115,558,436,116,555,240,418,662,312,435,744,267,501,771,77,321,401,57,335,390,82,360,437,151,258,415,139,251,388,125,233,357,255,19,274,241,19,263,248,34,276,440,302,740,478,318,798,498,336,829,78,41,115,53,28,84,72,42,115,2597,2187,4787,2509,2206,4711,2551,2419,4973
LGA20570,3017,1509,4528,3216,1626,4848,3802,2254,6051,3749,5090,8843,3994,5744,9735,4836,7259,12096,5463,986,6449,5391,1052,6439,6144,1184,7328,1259,3281,4543,1607,4000,5614,2065,5233,7300,1288,4392,5675,1187,4433,5620,1523,4998,6522,1632,2930,4562,1805,2988,4792,1944,3086,5024,2175,261,2437,2153,194,2342,2495,254,2750,2785,1651,4438,2922,1702,4623,3322,1912,5233,458,353,811,417,281,701,471,317,792,21825,20468,42291,22688,22025,44717,26600,26502,53104
LGA20660,4934,2334,7265,5222,2786,8013,6018,3722,9738,7804,8951,16748,8038,9738,17777,9296,11666,20961,6487,1088,7576,6037,1127,7163,6062,1228,7289,1856,3700,5553,2065,3867,5934,2126,4180,6312,2302,7047,9343,2336,6399,8738,2272,6265,8534,2246,3208,5457,2136,3020,5149,1965,2782,4746,1890,196,2085,1658,187,1840,1680,254,1933,2275,1131,3405,2414,1001,3418,2394,1051,3444,729,507,1229,501,390,889,538,421,958,30512,28156,58671,30409,28509,58916,32353,31568,63920
LGA20740,1117,651,1768,1131,677,1814,1442,958,2405,720,1043,1765,718,1193,1909,1132,1854,2984,1886,302,2182,1814,330,2147,2242,430,2664,323,930,1255,391,1153,1549,548,1571,2119,185,1049,1236,204,1064,1266,289,1436,1725,434,827,1262,508,934,1440,637,1042,1681,645,48,689,586,55,643,698,62,763,1159,565,1727,985,574,1555,1133,684,1815,156,102,260,139,80,224,204,135,342,6623,5522,12146,6479,6065,12542,8331,8170,16498
LGA20830,2116,1035,3147,2121,1101,3226,2353,1401,3755,1266,1980,3248,1304,2228,3531,1673,2998,4668,2783,496,3284,2947,550,3501,3553,663,4219,422,1446,1869,518,1771,2293,731,2521,3258,391,1867,2259,442,1948,2389,553,2468,3026,564,1062,1623,606,1141,1755,748,1339,2085,1334,125,1455,1348,125,1469,1635,180,1814,1567,984,2552,1715,1031,2745,2091,1247,3337,226,136,368,212,144,356,262,184,444,10666,9138,19803,11224,10035,21260,13603,13000,26602
LGA20910,6189,2830,9015,6811,3479,10293,7570,4566,12136,7237,7277,14514,7449,8054,15506,8012,8977,16991,2724,603,3326,2584,596,3189,2744,658,3399,1206,2248,3456,1419,2524,3942,1493,2710,4199,1397,4579,5976,1479,4385,5866,1566,4510,6074,1948,2444,4389,1949,2480,4431,1973,2448,4420,570,73,643,567,70,636,592,116,708,996,357,1356,1037,401,1441,1193,510,1699,601,445,1048,403,293,697,461,411,877,22868,20863,43730,23706,22284,45994,25602,24912,50508
LGA21010,652,343,994,579,324,902,612,365,973,345,557,899,289,574,861,312,663,978,765,157,918,724,158,884,782,161,941,157,463,616,153,506,652,164,622,789,133,512,644,130,487,615,137,496,630,180,372,554,174,314,491,181,300,478,426,39,464,377,32,407,404,62,468,500,299,808,451,295,743,519,326,848,84,46,132,55,49,103,81,48,137,3232,2788,6026,2926,2727,5659,3200,3054,6251
LGA21110,9246,4989,14233,9613,5829,15442,10309,6859,17169,15892,15230,31122,16212,16166,32376,17079,17952,35030,3935,1090,5024,3753,1060,4813,3728,1178,4911,2228,3885,6119,2548,4145,6689,2414,4299,6715,3180,7861,11042,2973,7419,10398,3067,7194,10260,3317,3978,7297,3406,4090,7497,3230,3917,7149,854,147,1004,878,124,998,1084,179,1257,1852,869,2721,1842,882,2727,2068,984,3052,1037,702,1737,732,593,1321,799,648,1443,41538,38750,80294,41955,40302,82264,43775,43216,86987
LGA21180,3870,2087,5955,4306,2361,6665,4373,2893,7263,4819,5659,10480,5150,6431,11587,6079,7836,13915,9686,1623,11306,9336,1745,11083,9564,1741,11306,2154,4971,7125,2609,5865,8471,2507,6587,9092,3393,8178,11573,3355,7641,10989,3586,7490,11081,2876,4728,7607,2992,5024,8015,2659,4442,7105,7873,1257,9127,8129,1279,9411,8189,1637,9831,6847,3864,10710,7651,4181,11825,6774,4258,11033,1539,954,2494,1214,767,1973,1430,934,2361,43054,33324,76382,44741,35288,80029,45166,37809,82979
LGA21270,674,221,895,559,183,743,571,219,785,94,251,343,96,253,348,90,260,354,249,60,307,226,39,262,233,53,284,42,165,205,34,183,216,31,200,230,28,196,226,27,185,215,32,193,227,51,115,165,63,111,178,58,101,160,185,20,204,156,8,161,184,16,204,212,127,340,189,132,325,223,143,365,26,15,44,20,12,37,33,12,48,1556,1168,2723,1369,1115,2483,1459,1190,2654
LGA21370,1994,963,2951,1912,923,2835,1890,1008,2898,698,1390,2085,655,1456,2106,759,1722,2482,1935,402,2337,1909,409,2323,2131,461,2592,317,1211,1529,362,1396,1758,429,1690,2125,249,1424,1673,258,1289,1548,248,1405,1660,501,981,1490,549,1040,1588,544,996,1538,1150,70,1219,1089,76,1167,1162,108,1270,1482,866,2351,1518,858,2377,1542,945,2489,181,123,307,152,88,237,184,137,319,8510,7434,15944,8401,7542,15948,8901,8473,17368
LGA21450,3066,1461,4531,3499,1806,5301,4409,2545,6957,1998,3045,5044,2523,4020,6539,3863,5898,9756,5979,900,6878,7107,1085,8196,8622,1497,10124,666,2588,3254,1014,3748,4763,1523,5466,6994,982,4288,5268,1295,5019,6314,1660,5958,7609,1259,2289,3547,1648,2961,4605,1841,3297,5134,2760,352,3117,3289,423,3712,4223,596,4821,2572,1322,3898,3183,1628,4817,4015,2144,6165,435,285,721,429,270,701,688,474,1163,19727,16531,36254,23996,20955,44950,30834,27871,58709
LGA21610,8159,3720,11877,9549,4583,14131,11562,6531,18090,7522,9021,16545,9176,11550,20726,12843,17035,29881,18017,2490,20507,19548,2968,22513,23521,3783,27300,2510,7931,10445,3720,11258,14971,4945,15502,20449,4648,14595,19242,5222,14916,20137,6480,16569,23051,4779,7582,12359,5560,8687,14245,6031,9033,15072,10389,1819,12209,11308,1808,13113,14323,2500,16825,8272,5138,13413,10070,5579,15650,11838,7198,19037,1739,1206,2944,1451,973,2429,2320,1530,3853,66045,53494,119538,75606,62314,137914,93863,79692,173556
LGA21670,401,169,572,374,167,536,351,210,561,173,352,525,163,327,490,160,372,529,615,135,747,574,153,721,582,146,729,104,363,475,142,416,561,180,541,722,86,351,433,81,324,400,93,359,449,168,337,507,166,323,492,162,316,481,331,24,362,280,21,302,313,39,354,431,286,718,464,312,773,449,319,772,49,39,90,43,29,75,56,43,103,2364,2059,4427,2285,2067,4352,2343,2346,4693
LGA21750,1146,607,1756,1055,569,1632,1123,642,1770,421,750,1171,425,745,1172,474,908,1379,1079,217,1294,1094,218,1309,1173,262,1434,214,828,1041,233,889,1128,249,1009,1255,158,684,840,163,707,870,170,757,929,287,575,863,261,560,820,279,580,861,659,30,685,665,29,695,734,54,792,1066,602,1668,1068,677,1749,1207,801,2011,101,51,157,101,79,180,128,81,209,5133,4346,9478,5079,4467,9544,5546,5101,10642
LGA21830,1497,823,2324,1320,705,2020,1300,708,2012,263,567,831,242,575,818,249,643,894,740,161,902,672,170,843,740,172,911,98,489,588,102,529,626,149,608,758,105,496,603,81,446,525,97,488,584,189,388,576,188,338,528,179,318,497,484,24,502,489,35,520,549,69,618,686,425,1116,706,440,1145,707,464,1173,86,46,130,78,53,130,95,47,139,4150,3418,7567,3881,3284,7164,4063,3520,7583
LGA21890,4278,2992,7271,5046,3733,8776,5975,5161,11135,8401,9936,18336,9515,12067,21580,11874,15228,27103,6356,1288,7647,6320,1437,7756,6511,1601,8116,1978,3960,5937,2466,4881,7344,2758,5265,8027,2890,6483,9372,2788,6342,9132,2966,6451,9420,2308,3263,5577,2643,3680,6325,2377,3265,5644,2775,377,3159,2517,335,2848,2622,438,3059,3321,1628,4948,3665,1737,5403,3494,1676,5176,883,691,1574,648,494,1144,780,626,1409,33190,30625,63806,35609,34703,70307,39362,39721,79087
LGA22110,1691,981,2675,1665,896,2565,1774,1100,2869,963,1577,2537,886,1615,2503,1048,1943,2996,2160,423,2580,2068,436,2501,2257,417,2675,500,1455,1958,516,1673,2191,617,2039,2660,322,1572,1892,343,1521,1856,359,1682,2042,600,1071,1672,645,1049,1691,647,1054,1698,1016,77,1093,964,75,1043,1098,99,1199,1445,861,2304,1405,947,2353,1612,1013,2626,211,124,330,182,120,300,254,185,438,8908,8136,17042,8679,8329,17002,9656,9533,19190
LGA22170,4167,2086,6255,4410,2533,6944,4910,3206,8120,3919,5453,9375,4100,6282,10390,4775,8009,12782,9496,1394,10889,9408,1504,10910,9906,1627,11535,1544,4477,6018,1872,5609,7482,2059,6338,8402,2022,7280,9300,1918,6972,8890,1991,6989,8986,2506,4270,6775,2691,4395,7081,2457,3987,6439,3932,551,4482,3869,507,4378,3741,626,4361,4026,2112,6139,4181,2099,6278,4410,2283,6696,800,547,1342,643,405,1054,727,499,1227,32416,28167,60582,33099,30307,63409,34983,33566,68545
LGA22250,793,360,1153,748,344,1091,666,300,970,171,331,507,147,350,496,166,383,545,470,108,574,472,101,564,490,112,604,57,297,355,74,338,409,68,381,448,76,372,449,65,366,432,62,345,401,116,236,355,135,243,377,118,223,344,323,22,343,301,27,326,329,20,348,341,203,545,411,240,646,387,245,632,62,37,98,37,18,56,63,32,96,2400,1975,4377,2382,2020,4405,2349,2047,4391
LGA22310,6464,3462,9923,7325,4149,11477,8441,5563,14008,10780,11192,21968,11537,12527,24063,13591,15191,28781,5163,1220,6382,4925,1223,6147,5110,1378,6484,1856,3435,5288,2074,4199,6273,2358,4820,7182,2840,7188,10029,2745,6639,9379,2897,7005,9896,2957,3366,6323,2929,3469,6395,2964,3468,6432,1458,171,1625,1361,164,1527,1597,259,1861,2059,910,2975,2250,996,3248,2386,1157,3535,878,663,1533,654,471,1121,789,658,1448,34456,31593,66047,35794,33844,69634,40132,39500,79628
LGA22410,938,541,1479,830,472,1304,867,551,1418,422,758,1180,371,738,1112,399,824,1225,1157,221,1379,992,208,1199,1013,213,1230,161,659,820,163,725,885,237,877,1115,134,723,855,141,656,799,130,657,786,205,538,744,196,480,679,214,459,674,889,59,947,955,63,1024,876,85,960,742,441,1186,706,450,1152,737,484,1218,132,75,211,100,56,151,153,58,212,4787,4014,8802,4458,3852,8308,4630,4202,8834
LGA22490,860,406,1267,957,462,1421,1070,584,1659,521,826,1349,603,966,1566,680,1306,1992,1404,224,1627,1567,298,1864,1965,326,2293,214,640,854,270,823,1096,356,1126,1477,198,891,1086,209,1007,1215,269,1192,1466,253,549,800,288,598,887,318,656,977,695,61,761,763,57,826,859,106,968,672,382,1047,717,411,1129,860,455,1312,124,64,192,117,73,192,135,63,200,4940,4035,8980,5490,4702,10195,6517,5821,12341
LGA22620,3421,1742,5169,3446,1903,5345,3895,2386,6276,3671,5195,8868,3869,5922,9789,4526,7519,12043,5814,1044,6859,5915,1147,7063,6555,1275,7830,1450,3353,4809,1742,4163,5904,2139,5378,7514,1347,4649,5998,1345,4685,6033,1487,5147,6637,1729,3261,4990,1792,3307,5098,1859,3209,5067,2528,341,2876,2650,296,2951,3081,390,3472,3362,1941,5305,3673,2088,5754,4101,2431,6529,537,348,883,406,316,725,567,360,928,23867,21879,45745,24840,23834,48673,28208,28088,56299
LGA22670,2520,1262,3789,3074,1581,4644,3307,2096,5406,3309,3377,6688,4016,4141,8151,5183,5552,10732,7274,1309,8583,7944,1416,9361,8213,1600,9815,1371,3415,4784,1834,4595,6427,1898,5520,7423,2279,4813,7092,2349,4548,6900,2476,4675,7147,1970,2762,4733,2378,3338,5716,2124,3164,5293,6087,1254,7341,6132,1151,7285,6808,1437,8242,5519,3692,9211,6400,3951,10351,6813,4910,11725,1152,696,1855,952,511,1464,1201,718,1915,31495,22576,54073,35076,25229,60303,38025,29677,67704
LGA22750,6539,3291,9835,7086,4002,11087,9014,5970,14977,8019,10608,18631,8908,12621,21531,11784,17578,29365,13136,2360,15494,12911,2616,15528,15546,3247,18789,2984,7759,10746,3860,9539,13398,5015,12579,17599,2735,9459,12192,2879,9779,12651,3499,11234,14732,3453,6573,10026,3929,6909,10836,4322,7191,11517,5641,735,6376,5514,694,6203,6780,1105,7881,6449,3658,10104,7002,3666,10665,8053,4431,12494,1176,824,2006,987,689,1672,1333,907,2241,50130,45270,95405,53062,50516,103579,65354,64239,129587
LGA22830,2754,1221,3975,2676,1242,3912,2825,1444,4266,1687,2762,4446,1761,2852,4615,1898,3408,5305,3195,575,3773,3091,590,3684,3472,621,4090,542,1839,2381,644,2173,2821,816,2716,3533,609,2626,3245,618,2555,3173,683,2652,3332,968,1762,2732,1016,1755,2773,1012,1684,2698,1637,171,1804,1671,137,1810,1813,185,1995,2449,1325,3776,2397,1362,3755,2654,1663,4311,319,210,522,272,165,438,362,244,606,14155,12495,26647,14142,12834,26975,15530,14614,30136
LGA22910,639,374,1011,677,399,1079,801,535,1338,492,713,1206,479,732,1212,649,877,1529,808,155,963,814,186,1003,883,197,1079,192,480,676,219,546,774,227,611,839,141,531,677,152,525,680,160,528,685,152,329,483,155,298,452,180,283,466,304,22,329,272,33,302,279,41,315,431,297,728,429,322,748,449,321,773,76,51,128,60,34,99,70,64,135,3246,2957,6202,3264,3080,6347,3706,3451,7159
LGA22980,483,163,648,420,162,582,425,161,582,88,217,303,86,218,305,98,245,336,221,46,262,209,51,254,198,50,251,43,187,227,35,187,227,31,219,243,38,188,233,35,180,209,27,178,206,47,96,145,46,92,139,52,85,135,198,11,211,165,7,170,197,22,214,228,137,368,240,133,373,239,141,381,23,19,45,27,15,39,25,18,46,1366,1065,2436,1253,1042,2301,1292,1112,2402
LGA23110,3137,1774,4903,3686,2340,6023,4255,2949,7207,4104,4900,9002,4615,5746,10360,5315,7049,12360,4540,785,5324,4368,813,5182,4307,842,5147,1110,2251,3360,1328,2617,3947,1381,2849,4230,1681,4569,6254,1691,4376,6064,1661,4490,6157,1337,1955,3298,1480,2144,3623,1364,1970,3335,2587,316,2900,2405,352,2757,2174,412,2586,2322,1132,3453,2216,1035,3245,2137,968,3099,591,354,943,473,296,772,524,372,900,21410,18038,39446,22258,19715,41976,23111,21913,45021
LGA23190,1104,445,1550,1030,439,1473,1081,531,1610,572,986,1560,529,1036,1565,573,1179,1751,1120,233,1363,1095,207,1304,1174,227,1400,215,671,887,251,787,1034,323,909,1231,256,860,1115,202,855,1063,195,901,1095,391,614,1007,411,608,1024,349,562,909,575,50,622,492,37,532,575,52,629,554,348,904,637,355,994,678,378,1055,111,63,177,83,45,126,105,71,176,4908,4270,9172,4733,4375,9109,5061,4797,9857
LGA23270,4296,2056,6348,5101,2563,7665,6417,3740,10159,4073,5112,9188,4926,6516,11441,7306,9961,17264,10493,1502,11990,10857,1629,12484,13600,2102,15706,1985,4879,6867,2755,6992,9749,3550,9246,12797,3060,8774,11835,3267,8681,11953,4089,9852,13945,2596,4635,7233,3059,5450,8514,3333,5735,9065,6701,758,7454,7774,831,8599,9419,1227,10648,5253,2757,8004,6115,2861,8973,7308,3526,10826,1221,792,2009,1002,638,1641,1510,973,2481,39667,31262,70930,44862,36160,81027,56532,46355,102892
LGA23350,809,460,1271,760,476,1238,939,554,1495,521,869,1392,481,944,1432,570,1149,1717,844,189,1036,876,191,1068,951,224,1173,191,506,696,228,596,824,248,693,942,138,642,784,134,664,800,139,676,818,193,408,596,200,371,569,196,394,594,462,56,523,445,52,501,485,60,539,607,326,930,600,335,937,560,377,933,86,52,139,73,53,126,82,70,152,3851,3506,7357,3803,3692,7488,4166,4200,8366
LGA23430,6027,3062,9087,6693,3676,10367,7631,4927,12556,7189,8527,15712,7982,10052,18037,9296,12271,21568,8729,1392,10115,8423,1501,9921,8623,1639,10259,1845,4390,6237,2213,4977,7189,2357,5798,8153,2882,8729,11617,2871,8425,11293,2968,8521,11486,3074,4260,7333,3263,4502,7766,3057,4124,7176,3159,492,3648,2811,434,3243,2894,508,3400,3419,1677,5095,3451,1672,5124,3582,1729,5311,923,627,1545,670,486,1158,800,583,1381,37237,33150,70393,38377,35719,74102,41191,40091,81284
LGA23670,6096,2769,8859,6152,3126,9282,6682,3798,10483,7182,7809,14994,7515,8670,16187,8749,10401,19146,10853,1732,12586,10066,1699,11766,9870,1893,11758,1868,4965,6829,2073,5739,7810,2148,6252,8397,3175,10078,13259,2963,9212,12175,3058,8755,11818,3309,5167,8478,3375,5030,8408,3024,4612,7638,3896,824,4720,3532,706,4237,3611,767,4374,4001,2456,6455,4019,2250,6267,4085,2368,6452,825,587,1407,705,516,1216,843,611,1453,41210,36384,77592,40404,36945,77349,42071,39450,81521
LGA23810,1870,978,2850,1778,1005,2778,1799,1251,3054,1751,2771,4527,1618,2873,4492,1808,3363,5175,5061,658,5720,4559,679,5242,4599,778,5379,702,2406,3107,821,2688,3505,1012,3245,4260,753,3391,4138,764,3236,4000,881,3495,4382,939,2274,3214,952,2147,3101,1068,1971,3044,2271,137,2408,2177,128,2306,2202,191,2399,2395,1194,3587,2309,1192,3502,2426,1360,3782,433,282,712,354,225,577,393,277,668,16171,14091,30259,15332,14157,29492,16192,15948,32139
LGA23940,746,333,1082,680,312,991,673,317,987,79,219,304,68,232,299,73,260,337,237,58,293,203,53,254,241,54,293,32,197,226,43,180,222,47,231,279,41,211,250,36,198,237,42,215,258,55,115,167,54,101,158,47,128,180,164,20,179,176,19,201,206,28,230,266,123,388,272,147,418,280,179,461,34,19,52,29,26,52,36,29,61,1651,1290,2939,1558,1280,2836,1650,1436,3085
LGA24130,1904,986,2892,2073,1106,3185,2570,1530,4098,1929,2403,4332,2032,2804,4827,2406,3608,6014,2981,558,3544,2927,567,3486,3247,640,3885,646,1462,2108,737,1712,2454,835,1946,2776,601,2231,2838,625,2204,2828,667,2440,3107,609,1158,1765,632,1095,1728,644,1164,1807,972,70,1040,999,70,1072,1054,95,1151,1099,652,1748,1173,672,1840,1299,710,2012,233,164,392,187,132,316,243,186,427,10972,9687,20657,11374,10361,21735,12971,12311,25279
LGA24210,5912,2654,8565,6008,2852,8859,6437,3565,10003,7410,7344,14752,7432,7604,15029,8612,9093,17706,5032,990,6023,4547,981,5527,4770,1144,5918,1401,2917,4321,1535,3175,4710,1609,3656,5263,2109,6197,8306,2017,5557,7579,2194,5792,7979,2535,3479,6015,2493,3393,5880,2454,3299,5753,1248,203,1453,1189,162,1351,1368,205,1576,1870,833,2708,2058,920,2981,2150,1035,3185,613,437,1054,509,396,906,647,495,1142,28129,25058,53187,27782,25039,52818,30238,28291,58529
LGA24250,427,269,695,426,252,681,534,320,852,213,334,545,205,374,575,253,495,748,532,102,633,526,111,638,630,121,757,110,275,385,124,290,411,159,384,545,42,318,363,62,310,371,59,393,455,121,240,362,132,235,375,143,275,424,209,11,221,180,17,197,236,20,260,256,191,444,256,218,471,263,228,494,42,23,68,38,29,65,41,42,79,1953,1762,3716,1945,1835,3782,2323,2285,4610
LGA24330,2439,1696,4132,3166,2418,5585,3866,3177,7038,4583,4924,9512,5626,6344,11970,7132,8123,15251,3062,714,3778,3331,838,4168,3360,954,4310,1303,1935,3236,1652,2682,4338,1690,2880,4565,1728,3287,5011,1886,3424,5309,2038,3821,5859,1315,1600,2916,1716,1999,3714,1503,1902,3407,1771,301,2068,1852,260,2105,2026,374,2402,2088,1034,3119,2474,1223,3693,2105,1232,3333,546,353,895,430,336,765,518,375,896,18835,15839,34672,22132,19508,41642,24226,22830,47058
LGA24410,4343,1924,6265,4490,2359,6851,4960,3055,8009,5330,6231,11563,5793,7200,12997,6833,8787,15617,7176,1075,8251,7001,1167,8164,6946,1236,8179,1408,3557,4966,1694,4139,5836,1788,4638,6429,2098,6823,8917,1979,6304,8287,1934,6063,7997,2308,3408,5714,2302,3366,5664,2049,2962,5014,2054,334,2394,1944,304,2246,1979,374,2353,2589,1369,3959,2780,1327,4109,2854,1515,4367,527,420,942,467,318,786,572,451,1017,27834,25148,52977,28448,26488,54937,29911,29078,58987
LGA24600,4158,2998,7159,5463,3948,9409,6796,5210,12006,10867,9544,20407,13548,12102,25654,18547,17083,35631,2386,814,3199,3414,1311,4721,4774,2154,6928,1891,2684,4576,2786,4505,7296,3506,6457,9971,2237,4197,6433,2647,4677,7323,3804,6171,9970,1557,2076,3626,2180,3039,5215,2799,3522,6328,548,64,611,782,110,892,1790,373,2166,1103,553,1659,2236,1282,3520,3292,2380,5671,635,468,1102,596,527,1119,913,755,1670,25376,23395,48771,33653,31496,65155,46229,44113,90347
LGA24650,3190,1746,4933,3878,2278,6158,4993,3157,8154,3162,4030,7192,3777,5096,8871,5913,8075,13993,7102,1079,8179,7631,1251,8882,9621,1580,11205,1393,3450,4843,1776,4847,6619,2539,7193,9727,2231,6395,8629,2546,6960,9503,3369,8302,11670,1814,3371,5188,2271,4097,6366,2649,4846,7491,4873,595,5467,5705,706,6415,8011,1276,9295,3515,1712,5229,4090,1936,6032,5394,2601,8000,755,529,1279,714,461,1178,1123,791,1912,28022,22915,50935,32402,27625,60029,43617,37829,81442
LGA24780,2278,1056,3330,2249,1034,3286,2350,1246,3596,1277,2029,3307,1303,2260,3564,1425,2675,4105,2505,486,2993,2535,498,3033,2816,546,3362,552,1570,2120,659,1909,2568,731,2302,3035,467,2080,2546,466,2057,2521,471,2135,2607,822,1584,2400,878,1657,2533,839,1536,2371,1445,104,1543,1464,105,1570,1607,150,1754,1646,1137,2779,1877,1150,3026,2219,1425,3642,280,165,438,242,155,396,363,263,626,11265,10214,21471,11671,10837,22504,12827,12270,25101
LGA24850,1315,623,1941,1415,740,2159,1697,1067,2762,825,1228,2050,856,1452,2311,1194,2042,3238,2374,415,2784,2746,475,3217,3536,616,4156,659,1171,1824,727,1538,2264,929,2177,3110,438,1803,2241,542,1958,2496,606,2366,2969,452,948,1403,553,1150,1707,658,1205,1869,1412,119,1528,1606,143,1746,1981,235,2220,1138,689,1831,1410,772,2183,1694,985,2682,212,149,358,193,125,316,301,207,503,8830,7134,15966,10052,8359,18409,12597,10904,23504
LGA24900,1632,769,2399,1498,708,2210,1538,754,2289,396,933,1330,415,986,1402,505,1122,1630,1393,268,1655,1361,289,1646,1561,275,1837,206,878,1087,229,998,1223,278,1221,1498,152,973,1122,169,946,1118,161,1078,1242,344,667,1008,342,683,1031,350,690,1045,801,54,856,826,62,888,848,82,925,1247,714,1958,1286,778,2063,1268,868,2133,142,105,242,145,85,236,197,82,276,6298,5361,11656,6288,5523,11810,6699,6168,12870
LGA24970,6553,3324,9879,7205,3823,11027,7986,4825,12814,11606,10971,22577,12387,12056,24444,14769,14712,29473,7372,1549,8929,6791,1572,8364,7255,1811,9066,2199,4293,6488,2302,4895,7202,2589,5904,8493,3594,8708,12303,3499,7933,11441,3868,8088,11954,3533,4364,7903,3568,4553,8117,3612,4482,8096,2701,436,3143,2533,367,2898,3226,528,3757,3581,1900,5486,3639,1883,5523,4273,2219,6488,943,695,1634,820,544,1368,1089,847,1928,42089,36243,78330,42740,37632,80377,48664,43412,92075
LGA25060,4743,2624,7366,5349,3292,8641,6306,4229,10534,6806,7949,14756,7659,9265,16924,9028,11041,20066,5012,873,5886,4908,968,5873,5159,1007,6163,1693,2894,4585,1992,3512,5508,2026,3839,5864,2492,6578,9074,2467,6417,8887,2701,6654,9356,2060,3028,5092,2272,3254,5531,2062,3135,5196,1851,205,2054,1874,200,2073,1871,290,2164,2189,937,3126,2327,994,3318,2629,1061,3690,689,523,1206,557,448,1012,636,532,1168,27524,25612,53142,29416,28347,57763,32418,31788,64208
LGA25150,1187,523,1709,1233,629,1856,1481,853,2330,801,1247,2052,842,1476,2326,1085,2040,3128,1984,328,2305,2071,342,2419,2646,485,3124,359,930,1290,431,1177,1616,573,1592,2167,354,1596,1949,415,1653,2066,525,2013,2541,363,796,1162,393,869,1261,494,946,1437,1202,107,1311,1262,125,1393,1426,162,1590,860,432,1294,961,466,1428,1190,568,1761,148,102,254,168,101,270,208,134,347,7276,6052,13328,7785,6842,14629,9628,8801,18429
LGA25250,4600,3167,7774,5783,4022,9805,6982,5706,12684,9267,11014,20281,11464,13561,25028,14360,17938,32299,7153,1413,8562,7606,1659,9260,7880,1906,9783,2292,3987,6278,2899,5303,8206,3261,6089,9344,3311,7394,10704,3403,7419,10824,3747,7803,11550,2507,3490,6001,2836,3981,6810,2756,3704,6460,3109,360,3467,3075,309,3387,3069,419,3489,3474,1586,5054,3957,1755,5711,4049,1748,5801,1045,689,1731,759,572,1331,941,693,1638,36760,33098,69856,41782,38569,80351,47049,46010,93061
LGA25340,5706,2769,8472,6344,3208,9551,7602,4318,11921,4904,6646,11549,5205,7506,12710,6052,9364,15422,10194,1677,11870,10162,1778,11943,10794,1966,12759,1785,4853,6640,2181,5812,7991,2510,6672,9177,1490,6545,8038,1455,6656,8114,1616,7084,8704,2583,4376,6963,2653,4626,7277,2741,4403,7142,2654,274,2934,2495,254,2743,2464,325,2789,3833,2026,5858,3961,2147,6112,4185,2268,6450,789,510,1306,644,418,1061,801,616,1413,33947,29675,63626,35100,32402,67498,38755,37014,75773
LGA25430,678,411,1090,649,429,1078,702,550,1251,662,937,1596,715,1075,1793,928,1382,2310,842,192,1037,831,206,1044,969,230,1199,239,559,799,278,592,871,312,688,1001,162,626,791,153,578,731,193,642,831,201,378,582,206,384,584,218,367,583,356,45,408,320,25,341,355,27,384,589,408,993,627,371,995,542,333,873,90,41,138,74,45,123,66,68,133,3826,3600,7422,3845,3715,7557,4286,4287,8570
LGA25490,1612,813,2425,1423,714,2131,1443,781,2225,341,716,1060,337,737,1078,400,920,1317,795,167,958,764,174,939,887,191,1075,109,511,614,162,541,698,196,684,875,98,537,631,103,553,656,105,592,700,166,371,539,180,339,520,199,375,576,444,23,465,482,30,511,445,46,489,603,368,974,658,396,1055,700,424,1118,79,74,155,81,59,138,102,56,159,4244,3577,7823,4186,3545,7735,4483,4059,8539
LGA25620,707,375,1084,658,345,999,751,461,1208,317,559,881,296,524,818,365,615,978,855,163,1022,896,192,1090,1072,212,1285,202,495,692,200,528,732,211,597,808,94,526,618,124,542,663,106,609,715,138,263,403,138,279,415,134,290,420,366,27,398,366,33,396,412,52,459,448,266,715,463,267,728,491,292,781,75,50,128,80,40,123,83,49,133,3213,2724,5934,3205,2746,5954,3629,3167,6789
LGA25710,3474,1433,4909,3515,1541,5054,3765,2069,5833,3717,4521,8247,3691,4762,8457,3874,5223,9097,4353,650,5001,4021,665,4684,4157,680,4836,900,2184,3081,979,2397,3379,1019,2418,3440,1070,4140,5214,1007,3829,4835,992,3579,4570,1348,1957,3307,1180,1833,3018,1037,1605,2643,880,81,959,840,89,928,919,114,1033,1266,467,1736,1345,472,1810,1350,515,1864,354,283,634,251,161,409,259,206,464,17360,15721,33078,16820,15752,32577,17373,16400,33770
LGA25810,674,313,989,612,305,923,632,311,945,232,411,642,170,414,581,183,455,634,559,114,672,468,97,568,508,110,611,170,458,625,177,509,688,217,552,772,83,410,486,69,362,430,75,378,457,151,306,458,142,267,404,134,247,383,359,28,387,304,24,328,351,24,373,543,284,828,559,290,850,554,343,897,64,31,94,51,29,84,61,35,97,2830,2351,5178,2563,2293,4858,2711,2461,5170
LGA25900,5818,4399,10216,6191,5037,11225,6720,5734,12457,10410,10832,21246,10495,11338,21833,10847,12379,23230,3285,937,4223,3439,993,4435,3509,1130,4640,1695,2561,4259,1902,2979,4877,1953,3240,5192,2227,4892,7118,2228,4854,7087,2133,4770,6896,1985,2390,4374,2058,2516,4567,1883,2258,4138,670,79,750,723,75,796,954,163,1116,1159,431,1590,1373,564,1936,1594,661,2256,670,496,1170,544,403,946,608,477,1085,27915,27022,54932,28954,28755,57702,30199,30811,61013
LGA25990,448,196,644,416,206,618,419,229,644,101,207,307,97,202,297,111,284,389,291,85,371,274,80,359,322,84,396,60,168,230,88,211,289,99,266,362,47,204,252,39,229,272,42,256,297,50,129,173,48,124,178,71,126,201,203,8,214,211,23,228,238,22,262,235,121,351,224,148,374,255,146,400,31,24,53,33,19,52,45,35,75,1449,1147,2600,1426,1240,2667,1605,1425,3032
LGA26080,123,88,206,99,74,171,127,101,229,153,178,325,165,169,334,191,209,402,100,28,127,91,27,115,103,32,135,41,74,117,26,69,96,33,96,128,41,105,146,28,98,119,36,124,164,37,51,91,36,44,80,51,55,103,26,0,37,27,4,27,18,3,20,47,21,70,44,27,68,62,21,82,15,16,31,14,9,25,23,11,30,592,566,1155,533,515,1044,635,650,1287
LGA26170,1787,960,2744,1626,927,2546,1700,968,2668,677,1041,1716,565,1073,1633,747,1410,2155,1558,336,1891,1496,342,1839,1692,355,2047,205,848,1052,259,938,1195,322,1168,1490,197,1074,1268,208,1040,1247,207,1155,1365,343,762,1105,337,714,1051,367,717,1086,846,76,924,826,63,891,788,72,856,976,564,1541,1007,585,1592,1040,602,1643,147,101,242,101,88,186,154,133,290,6734,5759,12495,6410,5776,12186,7017,6587,13607
LGA26260,1190,537,1728,1110,498,1611,1121,561,1683,435,761,1193,379,758,1133,410,843,1250,942,175,1112,822,183,1005,846,169,1020,165,584,742,160,592,753,188,681,867,143,685,829,137,622,757,131,635,761,276,403,683,265,401,662,264,388,652,415,23,434,378,21,397,362,27,393,509,358,869,483,347,834,611,364,969,74,63,132,57,40,95,78,47,124,4145,3579,7721,3785,3458,7245,4004,3719,7720
LGA26350,5644,3691,9331,6260,4398,10658,7006,5215,12218,10192,9702,19894,11269,11252,22518,12264,12939,25201,2434,788,3229,2586,846,3433,2667,877,3539,1568,2281,3849,1797,2753,4552,1781,2948,4721,2138,4759,6895,2135,4834,6969,2229,4847,7081,2062,2402,4465,2403,2698,5099,2199,2554,4756,531,87,617,531,72,605,708,144,852,1044,459,1500,1178,548,1721,1238,688,1923,657,500,1155,531,448,976,601,472,1076,26266,24665,50929,28683,27848,56533,30696,30682,61373
LGA26430,642,307,946,630,330,967,671,393,1062,194,370,562,197,428,623,231,488,720,456,126,580,473,144,615,571,154,724,99,272,372,116,326,439,119,405,525,69,333,405,61,336,399,94,391,484,94,187,283,100,202,302,111,206,320,283,20,301,250,23,268,260,20,281,366,250,610,414,265,685,426,294,718,58,36,94,50,23,75,64,42,106,2256,1900,4154,2296,2079,4372,2538,2390,4925
LGA26490,1374,665,2037,1524,801,2329,2118,1273,3393,1343,1693,3040,1472,2066,3535,2114,3060,5177,1688,272,1954,1774,319,2089,2187,378,2567,389,836,1222,493,1036,1530,713,1433,2148,258,1147,1406,281,1273,1558,377,1548,1921,407,742,1154,490,784,1275,575,903,1474,421,36,456,430,28,457,457,51,515,643,324,968,714,362,1079,881,416,1296,140,112,254,138,93,237,145,136,280,6660,5828,12488,7309,6770,14082,9558,9207,18769
LGA26610,1388,529,1920,1131,463,1595,1261,496,1757,449,816,1265,417,783,1203,425,883,1305,998,144,1144,946,187,1128,1032,185,1217,193,619,815,205,672,877,215,843,1055,176,787,964,168,746,917,159,820,978,319,526,850,311,526,843,297,463,764,565,35,599,532,34,559,586,55,636,805,422,1223,817,442,1257,1202,694,1896,125,60,178,113,72,184,146,107,249,5020,3928,8955,4636,3932,8565,5315,4546,9866
LGA26670,530,282,810,463,253,714,467,281,746,124,238,361,133,248,382,127,274,406,320,70,387,315,53,369,294,69,360,58,170,226,63,175,234,73,220,290,46,241,288,33,221,254,44,237,279,58,92,149,70,102,170,67,90,156,168,18,187,159,20,184,178,18,194,172,111,285,191,125,320,229,135,363,29,21,45,25,21,45,37,31,64,1508,1237,2750,1450,1220,2670,1508,1345,2856
LGA26700,1255,676,1923,1248,657,1908,1313,770,2078,781,1330,2114,774,1479,2250,841,1730,2571,1484,303,1790,1498,274,1770,1625,338,1962,339,959,1302,394,1113,1509,473,1383,1859,248,1182,1436,272,1135,1415,283,1154,1433,470,826,1298,436,797,1236,423,806,1231,895,116,1007,768,97,867,827,103,923,954,514,1464,957,529,1478,1118,637,1754,147,101,245,112,72,187,130,101,230,6578,6001,12579,6460,6163,12621,7030,7018,14043
LGA26730,1085,544,1630,1039,558,1602,1162,704,1865,1120,1700,2816,1155,1789,2942,1297,2162,3460,1991,373,2363,1824,392,2220,1976,442,2412,373,1197,1566,490,1309,1801,601,1680,2281,356,1425,1790,352,1438,1791,383,1475,1864,654,1147,1802,697,1223,1919,692,1104,1794,877,69,944,847,46,895,872,68,938,1282,695,1975,1404,819,2222,1477,910,2388,139,102,242,131,80,221,180,122,301,7876,7252,15122,7945,7657,15605,8622,8683,17305
LGA26810,1997,1095,3090,1900,1076,2974,1941,1157,3093,1044,1691,2735,982,1818,2802,1190,2084,3276,2552,421,2976,2455,455,2911,2492,515,3001,493,1369,1860,532,1515,2045,649,1929,2579,367,1578,1943,309,1529,1833,288,1555,1843,445,1096,1542,481,1050,1526,525,1009,1534,1167,70,1243,1178,81,1262,1170,127,1288,1385,799,2187,1389,895,2283,1414,893,2306,216,103,318,187,121,304,236,158,391,9666,8219,17890,9421,8530,17946,9901,9415,19315
LGA26890,579,241,824,516,197,712,507,220,727,47,183,230,39,184,224,39,184,226,120,31,153,125,35,161,131,30,162,18,117,139,25,124,151,31,125,157,20,126,150,6,115,126,19,111,124,34,54,92,27,51,82,32,45,79,117,17,130,92,15,103,98,16,106,182,103,283,167,108,277,160,103,258,26,15,40,13,13,25,15,19,38,1147,888,2038,1014,847,1863,1021,853,1877
LGA26980,6264,3101,9366,6607,3793,10397,7342,4649,11988,10700,11283,21982,11441,12287,23728,13275,14574,27848,6611,1329,7942,6226,1356,7587,6461,1581,8042,2068,4242,6312,2362,4879,7244,2486,5554,8043,3050,7927,10980,3062,7313,10370,3282,7445,10730,3041,3919,6964,3262,4060,7324,3120,4064,7185,1859,282,2143,1842,281,2116,2299,361,2656,2851,1448,4306,3196,1604,4796,3480,1878,5364,759,567,1322,646,485,1132,836,639,1473,37204,34114,71324,38651,36054,74706,42580,40743,83325
LGA27070,4508,2184,6689,5680,2946,8629,6835,3983,10815,4724,5824,10551,6159,8195,14357,8600,11410,20006,10042,1507,11550,11637,1990,13628,13358,2377,15735,1879,4870,6745,2811,7262,10077,3557,9811,13364,2867,8837,11703,3486,9618,13106,4095,10838,14925,2830,5087,7915,3591,6204,9793,3766,6233,9997,5968,647,6613,7119,727,7844,8102,994,9099,5180,2805,7988,6317,3190,9507,7140,3619,10760,1055,681,1736,947,666,1611,1433,919,2344,39044,32447,71491,47747,40800,88554,56880,50172,107055
LGA27170,1192,547,1737,1256,660,1917,1412,841,2258,1120,1610,2725,1151,1811,2965,1279,2306,3590,2423,442,2863,2598,426,3024,2794,472,3265,591,1266,1862,711,1689,2395,801,2218,3017,476,1819,2294,475,1823,2296,479,1957,2435,578,1169,1747,624,1263,1887,665,1220,1888,1260,122,1385,1271,106,1378,1425,175,1603,1271,662,1930,1310,730,2041,1462,822,2288,211,131,342,201,106,305,207,143,354,9115,7773,16887,9597,8603,18197,10527,10159,20689
LGA27260,5374,2664,8039,7019,3524,10543,9229,5259,14489,6520,6868,13391,9116,9136,18253,15030,14749,29780,9618,1517,11138,10515,2015,12534,13141,2826,15967,2175,5069,7240,3179,7803,10984,4196,11179,15369,3653,9607,13257,4611,10399,15016,5986,12240,18225,2755,4725,7482,3829,5766,9589,4326,6658,10986,6674,985,7661,9111,1319,10435,13061,2390,15447,4817,2354,7171,6142,3086,9229,7826,4435,12263,1162,720,1882,1097,729,1825,1932,1358,3292,42749,34501,77255,54633,43778,98408,74732,61093,135825
LGA27350,3655,2961,6613,4709,3806,8519,5477,4822,10299,8969,9560,18528,10398,11362,21760,12565,13658,26225,2343,758,3102,2625,892,3518,2742,934,3675,1349,2098,3444,1837,2644,4478,1755,2733,4491,1806,3478,5288,1905,3643,5543,2111,3644,5752,1347,1720,3066,1576,2107,3673,1490,1816,3309,602,118,725,651,97,747,694,132,826,1057,462,1522,1169,527,1700,1204,548,1749,436,323,757,476,370,839,455,406,855,21559,21482,43040,25338,25442,50784,28489,28687,57177
LGA27450,6003,2964,8964,6241,3282,9520,6740,4098,10833,5582,7054,12634,5531,7704,13242,6338,9339,15672,11940,1937,13884,11851,1992,13844,12495,2194,14690,1876,5590,7462,2073,6395,8472,2293,7181,9471,2177,8594,10769,1953,8057,10012,2048,8123,10170,2628,4428,7055,2522,4354,6878,2250,4019,6273,3869,491,4361,3621,476,4095,3573,589,4162,4485,2561,7047,4624,2529,7158,4691,2539,7232,854,556,1407,745,462,1199,821,586,1401,39413,34168,73581,39159,35256,74415,41244,38658,79903
LGA27630,641,239,879,548,202,753,499,190,686,119,257,372,93,249,338,93,244,331,249,51,300,223,57,278,230,51,278,41,243,281,57,270,328,61,285,343,40,209,246,39,183,221,40,203,241,54,115,171,71,91,161,76,105,186,181,13,192,170,10,176,192,19,208,222,124,352,192,130,324,212,124,335,33,16,48,31,15,49,26,20,48,1576,1270,2848,1415,1212,2628,1423,1243,2670
LGA29399,70,42,114,58,38,94,70,49,120,20,16,32,25,18,48,19,23,40,55,8,68,34,5,41,58,16,74,49,47,105,34,39,74,51,62,110,8,21,31,3,20,26,7,17,25,19,34,51,10,22,33,12,14,30,46,5,48,33,3,40,27,6,34,27,14,44,41,35,73,37,40,80,14,0,14,11,0,9,14,11,27,316,194,508,249,186,436,293,234,530
LGA29499,145,91,239,126,58,183,108,63,174,250,255,511,199,202,406,159,176,334,309,57,372,250,49,298,207,44,250,120,175,298,115,161,276,68,155,227,76,187,261,54,126,178,36,109,143,80,110,189,55,75,128,56,74,129,180,29,204,177,13,196,147,32,177,220,104,325,217,87,302,207,104,308,62,31,87,42,20,59,33,16,49,1443,1038,2481,1240,786,2028,1022,771,1797
LGA29799,0,0,0,0,0,0,0,0,0,6,0,6,3,0,3,4,0,4,6,0,6,11,0,11,0,0,0,0,0,0,0,0,0,0,0,0,0,0,0,0,0,0,0,0,0,0,0,0,0,0,0,0,0,0,7,0,7,0,0,0,0,0,0,12,0,11,3,0,3,4,0,4,0,0,0,0,0,0,0,0,0,33,0,30,24,0,24,7,0,15
LGA30250,12,6,16,17,4,20,14,8,26,29,33,62,12,19,37,11,11,28,12,5,14,29,3,38,12,0,12,19,20,41,21,30,56,14,25,35,5,13,15,10,12,19,7,8,14,5,9,14,7,3,6,0,4,7,11,0,11,12,0,7,6,0,10,46,3,50,19,10,35,10,8,15,6,8,13,6,0,10,6,4,9,139,96,231,135,97,229,82,72,152
LGA30300,405,182,595,353,185,539,330,175,504,76,166,248,69,189,260,62,197,262,199,52,252,191,32,219,182,40,224,31,133,169,42,143,188,32,155,190,20,197,219,30,186,220,20,168,187,46,100,148,53,106,161,44,88,132,238,15,260,166,10,176,188,25,214,252,113,367,231,121,360,216,119,339,22,26,48,20,11,34,25,24,50,1306,991,2298,1160,991,2149,1117,985,2102
LGA30370,957,539,1493,909,542,1455,864,513,1377,267,481,748,212,496,709,224,522,747,1090,153,1248,1003,143,1143,934,158,1096,63,393,451,74,415,491,78,460,536,67,613,684,88,601,689,78,579,658,108,330,439,119,350,471,143,297,436,1080,120,1200,910,100,1014,866,166,1031,666,479,1142,685,419,1109,575,431,1009,86,40,119,67,37,99,101,61,162,4380,3149,7528,4071,3115,7184,3857,3189,7053
LGA30410,285,178,468,241,160,405,241,151,391,54,95,154,65,100,166,52,122,175,164,39,204,105,23,134,134,23,160,24,100,121,27,96,123,26,99,122,30,119,146,30,122,148,31,118,145,12,64,80,10,57,69,22,45,70,147,16,160,109,15,119,85,11,95,187,109,293,150,103,255,140,98,243,7,9,19,12,11,22,13,21,35,914,733,1642,765,685,1447,742,689,1435
LGA30450,37,30,70,23,22,41,23,17,42,5,10,15,4,9,13,6,11,12,14,7,20,17,9,26,13,5,17,0,11,8,3,0,6,4,7,6,5,14,18,0,20,19,3,13,14,0,0,0,0,0,0,0,4,8,20,3,22,25,0,25,5,3,10,36,19,58,17,10,34,36,26,61,6,0,9,5,0,0,0,0,3,126,99,219,97,70,168,91,84,176
LGA30760,183,114,296,162,104,262,136,93,224,18,72,92,17,61,84,14,61,76,86,18,104,75,21,98,78,24,106,12,69,82,23,71,92,20,67,84,13,86,93,16,63,81,11,78,99,20,64,87,32,42,73,20,48,67,104,7,106,62,6,67,51,13,71,161,74,240,103,56,161,118,75,195,4,9,11,12,11,25,13,8,24,601,510,1114,492,444,933,473,470,937
LGA30900,35,23,63,31,21,52,34,28,59,9,13,17,0,10,11,5,9,13,13,7,23,11,11,17,10,5,16,4,6,10,4,14,14,0,14,14,0,14,14,5,12,14,0,25,25,0,7,5,0,5,5,0,9,8,29,0,33,22,0,25,25,0,28,48,14,64,48,23,76,36,15,54,7,0,14,0,4,0,7,0,5,149,89,234,124,94,213,119,108,226
LGA31000,43273,24640,67916,46184,28318,74502,55201,37585,92784,76288,80496,156783,80287,90121,170412,98887,113120,212007,50377,9853,60227,49798,10298,60099,52717,12540,65259,17184,32274,49453,19646,38138,57784,22579,47139,69720,23025,64201,87223,22923,60288,83217,24903,62112,87018,20685,27542,48226,21444,28864,50308,22133,28717,50848,20885,2303,23187,20962,2463,23425,24632,3553,28189,24645,13111,37758,27360,14478,41837,29024,16566,45592,5428,4196,9615,5255,3621,8881,6087,4814,10897,281780,258604,540387,293857,276591,570454,336167,326148,662318
LGA31750,41,20,56,35,25,64,30,23,47,3,9,15,3,9,11,5,8,12,33,13,42,22,11,32,19,7,24,0,9,8,3,10,7,6,11,15,0,24,21,7,23,29,0,22,23,0,5,5,3,0,9,0,5,3,32,0,28,21,0,25,22,0,22,29,21,52,20,11,36,43,27,66,6,0,6,8,4,10,4,3,7,142,95,240,124,94,220,130,87,218
LGA31820,2681,1477,4157,2489,1513,4003,2691,1675,4363,1850,3020,4869,1888,3215,5103,2097,3857,5950,4255,760,5011,4030,760,4790,4407,859,5266,818,2625,3445,965,3011,3977,1259,4177,5440,705,3475,4186,642,3357,4001,742,3598,4341,1275,2328,3600,1260,2298,3560,1291,2280,3573,2800,153,2949,2714,174,2879,2921,225,3148,3193,2025,5221,3133,2004,5143,3639,2374,6021,330,239,574,321,199,524,446,274,718,17907,16104,34015,17437,16530,33973,19490,19330,38815
LGA31900,981,387,1372,932,381,1312,871,370,1242,273,529,806,265,585,850,237,576,814,1093,181,1275,988,175,1164,1007,189,1187,113,547,659,134,589,722,114,642,761,127,794,922,86,774,861,73,749,825,173,438,608,165,450,608,174,438,613,898,75,976,825,81,902,767,103,868,810,469,1277,825,477,1299,814,475,1287,79,50,123,70,52,122,92,55,144,4550,3464,8012,4286,3554,7839,4153,3591,7742
LGA31950,21,19,43,13,21,32,23,17,37,22,18,38,8,5,19,18,12,33,40,7,47,15,3,14,16,8,24,4,11,8,0,6,4,4,9,14,7,18,25,17,12,27,7,14,17,0,4,0,3,3,3,0,4,4,56,3,57,5,0,7,12,0,15,37,21,62,21,13,36,40,13,49,0,0,0,5,0,5,0,0,0,187,101,290,91,59,149,124,74,194
LGA32080,4812,2954,7764,4803,3120,7929,5052,3765,8814,5210,7080,12287,5628,8307,13936,6229,10004,16235,9412,1573,10985,9226,1596,10826,10048,1878,11931,2878,5503,8378,3291,6658,9951,3697,8190,11887,1906,8115,10016,1828,7718,9545,1892,7644,9531,2706,4860,7566,2787,4982,7767,2750,4777,7525,3769,302,4069,3736,354,4087,4034,449,4478,4288,2569,6852,4360,2775,7138,4898,2977,7874,731,543,1276,736,496,1232,798,569,1366,35701,33496,69198,36401,36008,72407,39400,40248,79649
LGA32250,82,49,135,79,46,121,70,47,118,43,44,88,37,59,100,57,57,116,80,32,112,89,22,111,85,15,98,13,57,73,41,74,113,25,77,103,13,68,81,14,81,93,13,85,96,8,19,27,3,18,26,5,29,35,74,11,85,52,0,55,79,7,84,138,79,222,108,59,168,123,72,198,16,11,28,13,13,28,21,12,30,469,379,849,439,369,807,480,406,888
LGA32260,1344,646,1990,1235,613,1843,1200,607,1809,478,796,1281,463,855,1322,463,944,1415,1729,278,2014,1412,266,1683,1418,265,1682,247,870,1118,268,909,1177,302,1039,1346,165,1139,1300,153,1066,1218,156,1014,1174,265,736,1005,287,702,991,281,681,967,1049,91,1141,1044,100,1143,1031,106,1132,1582,820,2399,1489,1013,2498,1556,977,2529,143,92,233,141,71,212,158,115,281,7006,5465,12471,6486,5596,12085,6583,5746,12329
LGA32270,1439,787,2224,1254,762,2014,1312,815,2126,633,1008,1642,530,953,1481,559,1042,1598,2563,311,2876,2088,289,2374,2045,328,2377,128,716,842,165,731,895,168,860,1025,212,1554,1765,173,1258,1431,159,1213,1381,185,685,874,260,730,989,295,745,1042,2741,285,3027,2220,248,2469,2064,419,2482,905,829,1732,863,737,1603,990,874,1866,166,121,289,137,61,200,193,108,301,8975,6296,15271,7686,5770,13463,7785,6397,14188
LGA32310,454,293,748,407,297,702,407,294,702,199,430,627,198,442,640,214,461,674,693,140,832,525,119,649,557,127,683,91,350,442,119,389,506,126,410,539,62,422,482,58,381,438,43,395,443,103,301,406,118,260,380,104,264,370,693,54,747,461,48,509,490,59,553,419,325,747,390,302,688,364,304,673,65,45,115,50,25,75,72,51,126,2774,2368,5140,2315,2265,4580,2388,2370,4756
LGA32330,4,6,12,4,5,3,0,9,13,5,10,14,7,7,16,9,17,29,9,0,11,8,5,8,6,3,12,20,39,59,12,32,41,21,40,63,6,13,25,5,18,19,3,17,21,0,6,6,0,0,0,0,0,0,10,0,11,3,0,3,7,0,12,51,10,58,22,4,28,27,14,35,0,5,3,0,3,5,0,0,0,112,98,199,60,67,130,85,97,185
LGA32450,138,68,197,128,66,195,143,86,228,85,126,204,95,110,207,94,117,209,240,34,272,200,26,235,310,51,362,20,79,101,29,77,101,34,97,127,47,159,205,40,148,190,26,158,185,20,54,78,18,49,68,21,58,78,293,35,331,255,25,287,285,40,327,163,87,252,150,65,218,159,112,266,21,11,39,17,8,27,24,24,50,1026,647,1678,937,582,1520,1097,733,1827
LGA32500,167,109,282,149,91,246,190,130,325,104,139,249,126,170,296,105,213,322,151,40,194,184,32,212,168,32,203,50,124,178,59,144,199,76,146,217,24,122,148,36,135,165,47,154,196,30,52,81,36,61,95,50,58,105,126,14,137,122,13,141,106,11,117,180,96,277,175,114,290,167,105,274,29,13,46,20,16,35,27,23,54,863,725,1584,902,775,1675,940,861,1803
LGA32600,23,8,35,18,11,33,25,17,38,7,6,16,4,0,8,0,8,5,11,0,14,3,3,12,7,4,11,5,5,10,0,12,14,0,9,8,0,9,9,0,7,7,0,6,9,0,0,0,0,0,0,0,0,0,13,6,15,12,0,12,18,0,18,21,21,37,11,10,22,17,15,30,4,0,4,3,0,6,4,4,3,84,61,142,59,57,112,73,55,129
LGA32750,26,10,37,24,14,37,23,8,31,8,9,19,5,8,12,4,7,10,16,11,25,16,9,24,11,5,18,5,9,14,6,13,18,4,13,16,3,10,17,6,14,24,3,18,18,0,0,0,4,6,13,0,3,4,23,4,25,9,0,10,15,3,19,23,20,40,22,16,38,23,14,39,0,0,0,0,0,0,3,0,5,107,80,181,86,79,163,85,77,154
LGA32770,14,7,22,10,4,20,17,10,24,5,32,39,18,24,43,19,38,59,20,0,20,20,8,22,11,0,11,13,47,60,26,52,82,22,32,57,5,14,21,9,24,32,3,13,15,9,7,11,3,13,12,3,6,10,13,0,13,5,3,11,8,0,8,74,15,91,33,12,42,27,7,30,5,3,5,11,5,9,9,4,13,155,125,280,133,144,282,120,112,234
LGA32810,451,343,792,479,360,840,441,347,791,284,313,602,273,395,670,317,416,731,755,162,917,741,149,887,778,143,927,257,529,786,277,559,832,297,637,930,82,480,560,102,458,560,84,476,559,159,387,542,135,402,532,148,418,567,274,20,294,256,21,274,260,38,292,429,285,717,481,320,804,492,366,854,52,37,96,64,44,104,80,58,142,2739,2562,5301,2810,2698,5508,2903,2896,5797
LGA33100,101,52,153,70,48,119,72,50,126,10,11,24,11,16,28,8,19,33,23,13,33,24,9,35,16,14,35,8,22,29,10,18,23,3,17,21,6,30,36,9,30,32,7,14,21,3,6,13,0,5,5,0,7,7,48,0,48,28,0,26,31,0,31,63,33,97,52,38,93,42,32,75,14,7,20,3,0,5,11,8,15,276,179,460,200,161,359,195,160,353
LGA33200,156,116,278,150,108,259,117,83,203,20,40,62,19,35,55,18,52,76,84,15,95,64,14,73,56,16,75,16,43,56,15,43,62,9,61,71,14,69,89,11,56,69,14,60,67,16,35,51,10,28,43,17,23,44,103,11,113,74,7,79,62,5,69,94,55,146,86,59,143,77,42,118,12,4,10,10,0,9,13,11,20,508,395,902,433,355,789,378,352,732
LGA33220,2000,1229,3223,1967,1212,3180,2096,1483,3578,1893,2996,4896,1859,3307,5164,2075,3994,6067,4300,744,5041,3987,744,4736,4511,856,5367,1145,3079,4218,1338,3448,4791,1702,4625,6326,761,3604,4362,665,3299,3967,735,3624,4368,1218,2257,3482,1246,2353,3595,1359,2464,3823,2292,141,2429,2171,146,2322,2450,188,2636,2562,1451,4015,2558,1473,4032,2886,1725,4615,325,244,572,284,208,492,423,326,743,16491,15748,32234,16081,16190,32269,18246,19286,37531
LGA33360,1600,1013,2613,1558,1026,2581,1502,1146,2652,1612,1982,3594,1438,2239,3679,1517,2599,4116,5670,660,6331,5075,717,5791,5062,814,5876,382,1626,2006,504,1976,2478,595,2484,3086,514,2773,3287,512,2403,2913,518,2390,2904,539,1803,2344,609,1675,2293,630,1666,2297,3464,409,3869,3036,332,3368,2964,505,3472,2315,1327,3642,2181,1320,3502,2136,1392,3528,412,183,594,340,131,470,427,207,634,16514,11777,28285,15249,11824,27078,15355,13205,28565
LGA33430,18005,10553,28558,19870,12429,32305,23631,16146,39782,18141,22176,40317,20512,27157,47674,25720,36462,62178,30616,5062,35680,33169,5670,38842,36387,6974,43364,7862,17307,25165,9303,22184,31490,11165,28028,39190,6259,27393,33653,6964,28437,35397,7857,30731,38588,11348,18094,29444,12265,19320,31579,12551,19372,31927,10620,1218,11841,11730,1514,13241,13638,2077,15714,15088,7596,22685,16945,8536,25481,18277,9853,28127,2491,1816,4310,2715,1826,4534,3557,2683,6244,120421,111226,231645,133478,127075,260550,152770,152335,305103
LGA33610,807,372,1184,697,314,1017,684,317,1003,181,364,545,174,400,571,169,411,581,492,114,607,517,97,610,489,92,579,75,353,428,69,384,449,71,386,460,68,468,539,62,480,538,53,459,506,135,245,381,140,244,387,121,226,353,516,50,562,441,46,485,448,52,497,452,292,745,474,262,741,480,274,751,48,33,76,39,31,67,66,31,99,2773,2290,5064,2607,2250,4859,2583,2242,4824
LGA33620,1485,916,2402,1355,887,2240,1498,1005,2500,806,1322,2133,784,1405,2194,858,1675,2537,2258,422,2682,2298,464,2763,2583,531,3115,424,1347,1771,465,1545,2009,571,2063,2634,312,1713,2025,295,1666,1960,357,1931,2287,529,1176,1703,577,1201,1775,678,1319,2002,1479,141,1615,1447,132,1578,1655,180,1837,1767,946,2712,1720,955,2678,1912,1093,3010,198,118,319,172,128,302,259,188,445,9258,8096,17350,9114,8390,17503,10372,9980,20351
LGA33800,576,255,828,499,205,706,485,216,705,263,355,618,198,354,556,189,371,565,742,128,870,621,114,733,623,131,759,89,376,468,94,401,494,106,430,535,54,479,531,52,443,496,42,435,483,118,327,447,101,273,372,98,268,361,631,31,660,518,32,551,501,43,543,469,237,704,393,198,583,386,222,606,46,31,80,44,17,66,67,43,114,2999,2220,5214,2518,2042,4560,2506,2167,4671
LGA33830,11,10,21,8,9,20,6,0,12,10,27,41,15,20,39,17,26,37,39,0,37,26,0,29,18,0,18,14,25,36,15,36,49,18,42,59,5,29,31,5,18,24,5,17,24,6,6,4,0,5,5,0,9,10,21,0,21,37,0,37,33,0,33,60,15,78,30,15,48,15,6,19,7,3,10,4,10,14,5,11,16,168,108,280,143,107,253,122,111,227
LGA33960,4084,2506,6594,4472,3127,7601,5686,4318,10005,4236,5963,10199,4923,7329,12253,6717,10333,17051,10519,1572,12093,10920,1783,12704,12514,2388,14898,2659,5785,8448,3102,7645,10749,4193,10363,14558,2648,9056,11702,2831,9463,12288,3447,10892,14336,2432,4583,7021,2903,5212,8118,3310,5779,9087,6696,698,7394,7500,882,8382,8916,1308,10219,6237,3615,9853,6886,3773,10656,7538,4449,11983,937,577,1510,969,563,1527,1258,893,2149,40454,34360,74815,44510,39773,84281,53568,50716,104282
LGA33980,939,502,1439,788,500,1287,784,556,1346,588,712,1295,422,638,1066,429,680,1109,2202,275,2483,1797,271,2068,1682,301,1982,84,476,561,94,509,604,108,536,646,114,1041,1151,109,763,866,103,868,972,102,483,589,95,379,469,129,373,506,2569,361,2928,2051,315,2368,1943,592,2530,684,705,1388,559,554,1111,635,637,1278,162,67,224,84,52,138,172,92,263,7446,4620,12066,5998,3978,9971,5989,4634,10624
LGA34420,15,11,29,18,9,23,12,7,12,14,18,38,4,19,25,10,19,29,41,0,39,35,0,35,26,0,26,15,32,52,22,45,67,17,31,46,4,18,23,8,8,21,14,7,20,4,9,10,0,10,8,4,3,7,19,0,19,14,3,13,7,0,6,54,29,82,17,13,30,8,9,18,7,4,12,10,3,9,11,6,14,177,125,296,118,109,229,100,87,187
LGA34530,1130,667,1798,1091,724,1811,1137,849,1985,901,1386,2289,833,1550,2387,940,1997,2937,2290,339,2631,2391,410,2802,2723,443,3163,352,1077,1431,435,1321,1752,540,1640,2179,263,1646,1909,285,1657,1939,265,1811,2078,418,920,1338,402,993,1395,438,954,1390,1482,131,1607,1443,127,1569,1647,207,1855,874,569,1441,910,610,1520,1027,671,1697,180,115,298,151,97,249,195,146,338,7878,6853,14731,7948,7479,15425,8906,8727,17627
LGA34570,12,3,17,15,3,15,12,6,13,11,17,27,11,21,30,11,13,30,15,0,16,14,3,14,20,0,27,11,19,39,8,32,39,6,20,28,0,6,9,5,8,14,4,13,18,0,3,5,0,3,9,0,4,4,7,0,8,11,0,12,19,0,17,24,5,24,38,10,43,18,7,21,3,10,14,14,6,20,7,8,18,87,77,163,104,90,192,103,72,168
LGA34580,1251,623,1878,1278,730,2008,1439,867,2307,621,979,1598,631,1223,1855,719,1425,2141,1852,403,2261,1918,443,2365,2096,472,2568,347,1051,1393,387,1281,1668,442,1564,2012,277,1457,1730,315,1503,1815,360,1600,1963,474,868,1347,495,846,1339,509,966,1475,1365,104,1464,1496,120,1621,1599,159,1757,1587,1141,2724,1635,1221,2855,1888,1514,3403,159,100,259,156,91,245,213,136,346,7918,6731,14655,8314,7451,15765,9269,8698,17963
LGA34590,7227,4493,11721,7371,4759,12130,8399,6092,14492,6560,9319,15878,6851,10575,17418,8256,13143,21402,18896,2719,21623,18735,2792,21528,20560,3311,23874,2967,9032,12001,3389,10898,14290,4279,14187,18466,4350,16574,20922,4191,15537,19727,4771,16193,20965,4555,7904,12457,4645,8199,12839,4694,8351,13045,12334,1645,13974,12959,1636,14593,14730,2232,16962,10336,5798,16128,11109,5891,17002,12104,6951,19055,1543,1044,2589,1407,1012,2418,2034,1400,3438,68774,58536,127307,70646,61309,131953,79829,71880,151708
LGA34710,243,194,439,205,161,371,193,170,362,104,206,311,94,212,306,89,197,285,268,61,332,227,27,255,207,47,254,58,157,215,61,146,208,61,174,232,42,209,253,41,202,241,30,213,246,58,103,160,48,101,152,42,70,114,144,12,151,116,9,123,108,8,114,206,104,310,148,101,244,170,96,263,24,16,40,21,24,42,35,14,50,1147,1071,2221,958,979,1940,933,981,1914
LGA34770,3926,1970,5895,3496,2030,5520,3465,2344,5811,2932,4469,7400,2667,4866,7536,3064,5794,8859,10882,1262,12148,9248,1276,10526,10112,1710,11826,762,3340,4102,877,3783,4665,1109,4956,6065,1105,6367,7475,924,5411,6341,1023,5804,6833,1380,3581,4956,1400,3477,4880,1472,3480,4952,7098,893,7995,6014,784,6797,6238,1139,7373,3828,2534,6363,3295,2270,5567,3471,2520,5994,642,370,1014,587,315,897,799,453,1252,32552,24788,57345,28518,24211,52732,30746,28208,58955
LGA34800,115,69,185,93,64,159,74,55,128,25,26,53,17,22,41,0,25,24,72,14,86,36,16,54,45,17,62,7,15,23,11,17,27,3,19,19,7,37,43,7,32,39,4,36,44,3,19,26,12,7,17,9,14,17,121,4,125,47,3,54,33,8,46,76,43,121,50,39,86,56,51,108,4,3,12,4,3,14,9,5,16,436,239,676,282,202,490,237,217,461
LGA34830,7,3,12,3,9,12,0,6,9,11,7,18,8,6,17,6,11,17,5,0,5,9,0,9,10,0,10,8,3,11,0,11,10,5,14,16,3,8,13,4,12,14,5,9,13,0,0,0,0,3,3,0,0,3,0,0,3,5,0,5,7,3,9,23,0,23,10,0,8,8,8,15,0,4,3,0,0,0,0,4,4,56,35,84,42,41,76,49,45,93
LGA34860,981,587,1566,906,551,1456,895,560,1451,245,514,756,241,555,795,234,596,831,830,119,949,720,118,841,739,116,858,105,405,513,128,418,544,111,475,582,128,717,843,98,667,761,102,655,756,137,282,420,171,284,454,159,303,468,653,43,696,547,35,585,481,43,524,522,336,854,534,293,824,511,346,858,83,53,130,57,33,92,86,50,132,3680,3048,6730,3397,2955,6352,3322,3143,6463
LGA34880,857,504,1364,851,523,1373,820,569,1391,438,659,1100,396,703,1101,435,847,1281,987,178,1165,960,180,1137,1070,201,1272,246,608,860,278,730,1007,342,788,1131,155,742,901,154,782,933,147,834,974,211,503,713,228,467,695,229,456,687,644,41,681,530,43,574,575,65,644,734,487,1226,801,515,1320,888,595,1474,88,69,164,95,49,147,140,93,238,4368,3797,8165,4293,3990,8285,4639,4443,9088
LGA35010,11975,6647,18621,12664,7842,20507,14854,10175,25034,12134,15794,27929,12819,18340,31164,15605,23593,39202,24089,3721,27809,25127,4153,29276,27400,4936,32335,5346,13103,18448,6439,16596,23033,7553,21665,29224,6442,22567,29016,6694,22254,28947,7138,23850,30987,6857,11461,18316,7109,12297,19406,7357,12593,19947,11692,1182,12876,12275,1323,13599,13889,1737,15630,11827,6528,18352,13362,7078,20437,14793,8184,22976,1826,1301,3127,1850,1280,3132,2265,1736,4001,92188,82300,174488,98336,91155,189495,110864,108471,219332
LGA35250,17,7,23,18,6,24,15,10,22,23,37,60,20,32,55,15,32,47,23,0,28,35,5,42,21,0,21,26,29,62,21,70,85,13,34,46,3,12,19,8,20,23,5,14,17,0,8,8,7,6,12,3,3,12,12,0,11,10,9,14,8,3,8,52,3,60,29,10,40,24,14,36,3,0,4,4,4,6,0,0,3,175,105,282,154,160,314,107,101,213
LGA35300,473,357,832,386,322,714,382,356,736,623,930,1557,496,936,1434,539,1069,1608,2085,230,2318,1786,236,2024,1702,246,1950,204,625,831,208,672,884,229,719,951,137,1019,1159,118,841,964,117,904,1022,151,510,663,186,462,648,165,430,598,1548,216,1761,1238,195,1436,1215,221,1438,568,376,951,463,369,834,502,367,871,176,75,252,115,56,164,120,86,209,5982,4350,10331,5004,4098,9109,4973,4405,9378
LGA35600,248,188,436,242,164,409,212,150,357,93,184,274,78,205,284,68,202,272,240,45,285,189,52,239,165,45,211,50,159,212,46,166,214,60,175,231,47,201,242,39,159,203,34,165,201,58,106,167,44,95,139,48,61,108,167,11,173,115,3,124,88,14,100,264,165,430,259,150,406,187,139,324,23,28,51,17,18,37,41,18,57,1183,1083,2271,1031,1017,2046,912,955,1869
LGA35670,3,3,10,4,4,9,7,5,11,8,14,22,10,9,22,9,8,17,12,0,12,26,3,27,14,0,15,8,22,30,4,15,18,8,13,20,4,12,19,4,9,8,0,5,5,0,0,0,0,5,9,0,10,8,31,6,38,24,6,33,20,3,31,45,3,49,15,6,19,9,12,14,7,0,4,0,0,3,9,8,20,121,66,184,100,50,151,72,65,137
LGA35740,1678,1098,2779,1759,1176,2938,2190,1501,3697,1669,2140,3809,1738,2413,4150,2036,2974,5008,2691,469,3165,2823,587,3410,2981,604,3582,702,1725,2428,819,1979,2793,902,2263,3162,417,2116,2529,421,2083,2505,458,2083,2539,939,1593,2533,957,1547,2505,960,1478,2438,919,82,998,881,76,951,836,97,936,1341,839,2178,1472,934,2407,1458,941,2398,205,153,361,196,149,341,293,195,494,10561,10209,20772,11072,10935,22009,12111,12138,24250
LGA35760,742,420,1161,702,372,1080,625,398,1022,119,285,401,104,264,373,96,262,354,360,72,431,316,89,403,328,77,400,50,270,317,61,320,387,64,332,393,59,362,425,56,323,388,42,321,362,65,192,252,78,195,272,69,182,246,412,31,435,354,30,379,328,36,370,587,338,928,599,364,965,595,388,986,55,36,93,65,27,92,69,50,122,2449,2002,4451,2335,2004,4336,2211,2041,4250
LGA35780,30,21,50,42,48,87,37,41,79,50,80,131,46,69,113,57,90,147,71,10,81,87,11,97,85,11,95,36,120,155,34,128,163,43,125,167,8,76,85,24,79,102,23,87,110,17,24,46,13,43,59,21,34,51,34,0,34,54,4,53,51,0,52,100,37,137,74,38,108,65,33,94,20,20,39,12,4,15,25,16,43,375,384,762,376,429,803,399,432,837
LGA35790,9,19,30,23,8,32,7,10,15,21,64,89,21,62,82,22,40,61,38,7,46,40,10,46,24,3,25,57,75,129,56,96,153,44,89,130,8,54,64,15,40,55,8,23,37,9,17,24,5,9,14,4,7,13,27,0,22,18,0,18,9,5,14,136,41,185,47,24,72,17,5,30,17,12,30,12,3,13,5,13,18,322,285,615,235,252,485,141,200,339
LGA35800,147,108,258,148,92,245,103,71,181,17,61,80,19,64,82,12,68,76,69,10,76,60,17,73,50,13,67,24,60,85,24,47,68,23,48,73,8,49,60,17,56,68,9,51,56,14,27,44,5,23,34,13,19,33,70,11,77,35,0,38,47,3,55,92,51,137,51,43,91,56,39,92,12,5,22,5,13,17,16,3,20,455,382,838,365,355,725,332,315,648
LGA36070,14,3,25,17,19,31,15,13,21,12,21,32,18,13,27,9,11,21,18,5,20,21,3,23,14,0,14,22,22,41,18,33,46,16,24,36,3,15,20,4,10,14,4,5,11,7,3,9,4,4,10,0,4,4,8,6,10,14,0,14,10,0,10,43,14,53,19,14,33,12,15,28,13,9,21,6,0,4,5,4,9,140,93,238,117,98,212,79,71,144
LGA36150,112,58,172,70,41,110,65,39,108,8,28,36,6,27,36,8,34,41,45,10,57,41,13,53,39,9,49,7,31,43,5,34,42,3,20,22,12,41,49,11,39,49,3,44,46,6,14,24,4,6,17,9,8,14,60,4,64,47,4,48,39,6,43,53,39,87,54,27,81,34,32,65,11,7,14,9,4,10,4,4,10,319,224,545,250,205,456,201,192,389
LGA36250,5534,2802,8336,5634,3088,8723,6211,3928,10144,4838,6213,11050,5010,7022,12040,5593,8534,14123,9615,1506,11126,9586,1585,11174,10247,1720,11969,1653,4864,6524,1881,5770,7656,2145,6836,8986,2276,9476,11755,2181,9023,11211,2354,9256,11605,2714,4484,7197,2660,4394,7055,2701,4238,6939,3908,328,4229,4032,383,4415,4287,512,4800,4322,2342,6658,4473,2399,6868,4567,2418,6985,637,453,1085,614,420,1029,731,523,1256,35484,32474,67956,36082,34081,70165,38835,37969,76809
LGA36300,83,54,137,65,49,114,65,55,119,13,28,37,12,25,38,8,25,35,30,10,40,30,11,41,30,9,39,4,27,32,3,26,28,0,24,25,9,28,35,3,34,44,0,26,31,10,13,22,8,13,16,3,12,17,36,0,41,38,3,39,43,5,46,73,27,95,60,28,90,51,33,86,10,7,16,7,7,15,7,9,15,259,199,458,234,197,430,217,192,410
LGA36370,1839,1227,3064,1779,1315,3095,1794,1426,3219,2222,3259,5482,2067,3454,5519,2217,3937,6157,5350,674,6027,4953,704,5658,4968,806,5772,986,2689,3678,1161,3086,4246,1476,3838,5316,950,4049,5001,790,3718,4510,750,3792,4548,1120,2217,3337,1159,2245,3397,1222,2081,3303,3072,240,3311,2855,235,3090,3065,355,3418,2826,1713,4536,2693,1641,4331,2815,1737,4553,393,283,676,275,189,464,399,290,687,18762,16349,35107,17734,16582,34315,18717,18260,36979
LGA36510,1640,982,2623,1588,978,2563,1753,1107,2856,959,1359,2317,926,1498,2423,1053,1848,2901,2216,441,2659,2231,497,2729,2467,574,3040,450,1224,1679,467,1404,1877,559,1714,2276,330,1656,1989,356,1701,2058,373,1778,2151,466,801,1268,492,869,1358,493,876,1372,1159,104,1267,1196,104,1301,1245,143,1389,1268,833,2099,1444,935,2381,1454,904,2361,165,104,272,140,103,245,247,174,420,8653,7511,16161,8837,8089,16927,9652,9125,18769
LGA36580,828,495,1319,814,472,1289,826,542,1374,318,602,919,341,685,1025,366,767,1132,1102,201,1304,1141,245,1387,1317,270,1590,215,654,869,276,760,1036,286,1016,1297,171,860,1029,179,850,1027,214,935,1147,217,470,688,253,488,744,274,513,782,872,66,938,882,77,958,880,73,952,942,600,1536,1011,642,1649,1086,627,1712,85,51,139,103,53,158,156,99,260,4751,3994,8749,4983,4282,9267,5407,4845,10248
LGA36630,1219,694,1907,1134,667,1802,1127,732,1858,494,989,1487,469,1048,1515,499,1069,1565,1439,266,1706,1318,291,1613,1321,317,1636,252,1005,1255,296,1071,1370,335,1228,1566,227,1033,1257,182,972,1158,178,975,1148,380,737,1115,358,673,1030,373,703,1071,997,80,1077,982,68,1051,897,84,984,1263,663,1926,1251,658,1908,1362,722,2087,122,70,189,124,87,210,155,109,260,6387,5525,11918,6120,5533,11659,6245,5939,12182
LGA36660,1538,850,2393,1468,778,2247,1488,831,2317,636,1059,1693,610,1116,1726,652,1289,1938,1541,349,1889,1517,354,1869,1499,345,1845,279,1122,1402,306,1199,1499,373,1468,1848,278,1286,1563,273,1239,1513,267,1295,1560,462,883,1340,462,846,1307,464,851,1316,1185,128,1316,1071,106,1178,1155,155,1309,1602,929,2528,1567,951,2516,1569,976,2543,119,90,214,148,91,237,183,116,300,7638,6694,14335,7414,6679,14092,7646,7332,14978
LGA36720,8466,5246,13713,9279,5831,15112,11825,7920,19747,8895,11694,20588,10266,14543,24811,13476,20309,33789,15811,2785,18600,17741,3233,20976,20367,3921,24290,3303,9007,12312,4111,11564,15680,5638,15888,21525,2780,13054,15838,3000,13738,16738,3622,15795,19410,4954,8275,13229,5432,8998,14427,5899,9390,15288,5656,510,6164,5971,580,6546,6925,938,7863,7897,4182,12078,8645,4759,13403,9875,5742,15619,1027,754,1788,1186,763,1944,1607,1159,2769,58800,55506,114305,65630,64010,129638,79227,81060,160291
LGA36820,976,565,1545,942,569,1511,988,635,1621,535,867,1396,532,951,1488,556,1078,1637,1241,247,1487,1089,237,1325,1199,250,1449,285,780,1065,331,815,1144,369,1012,1383,152,965,1115,144,940,1089,146,960,1105,263,576,836,291,608,894,272,601,875,717,44,766,674,54,724,689,70,760,752,499,1256,822,511,1327,944,582,1526,100,75,174,95,55,154,146,107,247,5014,4621,9640,4914,4743,9653,5308,5296,10605
LGA36910,5718,2909,8628,5646,3207,8854,5890,3636,9522,5113,7074,12183,5283,7987,13271,5956,9705,15662,9035,1540,10574,9134,1623,10757,9677,1813,11495,1801,5008,6803,2112,5806,7918,2986,7696,10681,1863,7681,9545,1857,7644,9501,1961,7917,9879,2366,4040,6404,2464,3971,6435,2576,4103,6677,4604,298,4900,4552,338,4888,4672,418,5087,5393,3301,8688,5494,3172,8659,5704,3471,9171,646,442,1089,571,332,911,801,536,1331,36539,32288,68828,37118,34071,71191,40218,39293,79508
LGA36950,81,68,147,94,62,156,76,98,179,124,173,300,108,187,300,135,212,345,125,20,146,153,19,172,156,14,178,71,107,178,80,148,230,87,151,244,51,174,233,57,157,217,47,182,233,16,49,67,19,51,68,29,58,86,45,9,54,35,7,40,49,9,55,119,50,171,99,54,155,115,56,167,30,31,55,26,15,45,27,19,43,665,677,1340,672,710,1379,728,793,1520
LGA36960,49,55,104,49,24,72,62,59,124,119,123,242,101,104,201,103,104,209,104,6,108,109,3,117,75,5,82,55,135,186,52,116,169,42,140,183,50,100,146,49,83,132,44,80,119,12,40,56,21,41,62,30,50,82,50,12,66,20,0,20,27,5,28,384,133,516,105,55,158,102,56,152,50,40,89,28,18,41,13,10,28,870,642,1514,528,437,969,505,513,1015
LGA37010,5249,3254,8506,5088,3271,8362,5540,3992,9528,5978,9082,15059,6055,10217,16269,6691,11862,18550,12628,1941,14570,11212,1876,13090,11589,2089,13681,4155,6442,10597,5132,7584,12718,5584,9578,15159,2385,10086,12475,2255,9408,11658,2233,9369,11599,2747,5710,8454,2886,5464,8348,2788,5278,8064,6446,694,7134,5864,638,6502,6222,784,7007,5347,3286,8636,5073,3180,8255,5411,3374,8780,928,655,1585,794,451,1247,947,671,1617,45861,41155,87016,44365,42089,86451,46991,46996,93989
LGA37300,91,55,145,83,60,150,91,83,177,110,172,279,96,201,303,104,244,349,386,49,434,485,57,538,493,55,551,41,92,134,45,127,170,43,165,209,36,153,189,29,168,191,27,170,202,19,71,91,20,72,95,19,77,97,296,104,393,392,126,521,317,156,473,62,67,130,81,79,158,83,75,151,24,17,43,14,11,22,39,24,64,1062,785,1840,1245,906,2148,1225,1046,2271
LGA37310,2080,993,3078,1902,912,2814,1877,1027,2906,583,1012,1597,546,1102,1652,526,1209,1732,1890,301,2196,2003,312,2320,1982,343,2329,222,875,1093,232,950,1184,246,1147,1393,232,1440,1671,209,1408,1618,221,1420,1638,385,715,1094,427,752,1174,401,768,1164,1479,133,1608,1333,125,1461,1296,136,1434,1215,751,1962,1207,763,1965,1330,918,2249,164,78,240,158,65,228,171,84,254,8245,6293,14536,8025,6396,14419,8059,7048,15105
LGA37340,1237,826,2064,1252,873,2125,1355,936,2292,746,871,1618,729,1028,1757,805,1230,2036,2343,383,2728,2248,401,2652,2526,488,3009,408,1101,1503,469,1249,1715,541,1702,2242,209,1451,1658,202,1348,1543,226,1540,1768,399,970,1372,410,1024,1432,462,1084,1544,1716,133,1848,1580,169,1744,1704,256,1959,1387,1018,2402,1380,1080,2462,1499,1272,2769,173,101,276,153,93,242,196,145,345,8609,6859,15466,8422,7259,15683,9313,8646,17965
LGA37400,106,88,200,101,71,177,90,82,171,15,41,51,8,36,47,11,31,41,70,14,78,55,14,73,51,17,68,13,48,59,12,43,51,7,35,42,8,46,53,10,39,46,6,48,54,8,25,34,13,15,27,5,25,38,71,8,79,43,3,47,40,8,47,79,41,125,48,35,85,50,36,84,12,9,22,11,3,12,13,9,14,387,309,692,299,265,567,276,280,559
LGA37550,12,5,18,11,7,17,9,9,10,8,21,31,7,17,24,13,25,42,10,3,9,12,6,16,12,6,13,21,37,55,31,31,58,24,37,55,0,16,14,3,11,18,0,15,25,4,3,3,5,4,11,0,0,0,9,0,13,4,0,11,14,0,14,31,14,44,20,15,31,21,6,33,3,7,11,7,4,10,3,3,5,98,111,207,99,96,189,87,106,194
LGA37570,3,3,6,0,5,5,7,0,6,6,12,22,11,5,14,9,7,14,4,3,8,0,0,0,0,0,0,9,10,13,0,14,20,3,6,8,0,8,10,0,7,8,0,4,4,0,3,6,0,0,0,0,0,0,4,0,6,4,0,4,5,0,5,21,9,35,10,3,12,6,0,6,0,0,0,0,0,0,0,3,7,52,49,97,33,30,65,23,23,44
LGA37600,11,11,17,7,15,26,13,18,30,29,32,57,23,37,55,33,40,76,21,4,24,37,5,38,34,4,39,29,54,83,33,56,93,51,76,128,10,35,44,6,28,39,8,40,50,0,5,5,0,3,6,0,5,9,11,0,11,6,0,5,9,0,9,33,21,49,23,23,47,27,21,51,5,0,11,16,13,25,3,8,8,146,158,306,157,181,340,188,209,398
LGA39499,182,93,278,147,115,264,164,126,290,307,317,626,212,239,446,189,297,488,485,66,557,339,55,397,334,51,386,106,197,305,116,232,348,120,306,429,59,211,275,59,170,226,64,208,275,90,128,218,76,108,185,85,126,208,412,43,460,273,26,301,284,37,319,478,289,771,461,362,822,395,334,732,71,33,100,67,25,95,67,29,98,2202,1391,3592,1748,1341,3083,1705,1512,3219
LGA39799,11,8,25,6,4,9,0,0,0,34,13,52,3,6,10,10,0,10,30,3,31,10,3,10,0,0,0,15,13,25,0,3,3,0,0,0,0,18,21,5,5,11,0,0,0,3,12,16,5,0,8,0,0,0,13,0,13,0,0,0,0,0,0,35,15,49,4,7,9,17,0,17,3,4,8,0,4,4,0,0,0,159,80,237,28,37,67,28,0,29
LGA40070,757,438,1187,839,534,1375,1015,710,1728,1921,1637,3559,1875,1639,3514,2549,2186,4736,551,152,705,506,172,677,730,272,1000,395,634,1029,457,680,1140,631,1052,1687,340,779,1120,347,750,1091,512,963,1478,305,385,698,305,411,720,371,508,878,144,19,163,124,19,151,201,37,236,335,148,484,324,149,469,468,254,716,95,57,149,70,62,138,114,86,197,4837,4253,9092,4850,4421,9272,6587,6055,12644
LGA40120,2189,1054,3239,2020,1130,3149,2318,1405,3725,2663,3042,5707,2489,3109,5600,2662,3490,6150,2270,486,2752,2095,432,2524,2219,439,2655,585,1276,1859,636,1369,2006,663,1583,2245,567,2116,2681,509,1871,2380,502,1839,2333,670,895,1565,624,826,1449,581,840,1414,699,58,751,661,57,713,610,68,677,993,491,1484,958,492,1452,1011,530,1543,153,98,249,140,102,243,190,109,304,10786,9507,20291,10126,9385,19513,10752,10301,21047
LGA40150,400,190,591,373,205,575,415,247,666,109,235,354,114,230,342,134,317,451,569,115,683,578,126,701,723,148,874,55,294,343,80,349,428,84,413,496,88,437,529,76,425,499,94,507,602,92,205,295,114,231,342,112,261,372,480,49,531,462,45,511,494,56,549,368,236,600,397,234,630,462,271,730,41,31,67,53,32,84,79,31,110,2200,1792,3993,2241,1862,4108,2592,2257,4851
LGA40220,977,531,1505,962,532,1488,1064,643,1710,545,888,1436,545,948,1489,644,1118,1759,1336,302,1643,1327,281,1610,1453,338,1794,248,836,1084,300,1031,1334,336,1248,1590,194,957,1158,191,989,1177,225,1008,1235,283,596,880,335,571,908,376,578,959,616,45,669,596,57,653,669,63,731,872,519,1396,791,479,1276,915,558,1472,98,57,154,88,60,145,117,94,209,5188,4737,9924,5131,4952,10079,5805,5652,11456
LGA40250,42,29,71,36,31,71,36,25,61,79,130,208,52,117,169,54,150,202,20,15,27,16,3,22,13,8,24,47,84,135,45,89,132,40,88,129,7,38,49,10,15,31,10,16,32,5,11,22,10,15,20,5,11,12,4,0,9,9,0,5,0,0,7,121,33,160,43,16,55,34,12,45,15,17,26,13,8,12,6,5,18,352,355,714,222,293,518,204,320,518
LGA40310,1097,567,1661,1083,580,1662,1207,731,1942,726,979,1704,700,1040,1738,729,1260,1988,1377,305,1676,1374,314,1686,1507,337,1844,208,757,963,230,892,1122,289,1080,1365,281,1064,1346,271,1046,1313,263,1080,1341,251,619,864,283,583,873,314,617,936,705,52,758,705,56,762,708,92,794,1180,673,1855,1194,676,1873,1193,664,1855,103,51,151,92,39,138,133,64,200,5918,5063,10981,5939,5227,11163,6341,5926,12267
LGA40430,216,86,300,195,72,268,191,66,253,34,71,99,43,73,112,39,102,139,82,25,104,69,24,92,76,20,97,17,74,92,15,74,90,15,90,103,8,73,85,5,67,76,18,75,92,9,32,41,11,35,44,9,33,41,70,0,73,73,6,80,49,7,52,75,39,115,80,57,136,79,37,122,5,9,10,15,3,23,8,7,14,518,409,929,507,409,916,476,436,913
LGA40520,435,208,642,408,201,611,388,200,589,218,367,582,228,378,602,230,411,643,483,113,593,453,115,568,507,116,615,115,386,496,105,405,515,142,502,647,86,401,492,76,376,454,76,363,436,135,222,362,129,265,394,141,240,372,258,16,274,303,25,329,295,25,324,478,322,801,493,292,788,554,303,853,42,23,62,28,24,55,65,37,96,2255,2055,4310,2231,2082,4311,2384,2198,4580
LGA40700,2172,1096,3265,2134,1190,3324,2386,1421,3802,3993,3864,7859,3997,3957,7957,4425,4465,8891,1072,283,1353,1036,299,1332,1118,366,1481,565,1140,1708,634,1184,1817,691,1326,2015,669,2174,2842,609,1941,2551,750,1980,2726,836,1033,1872,725,984,1713,745,928,1669,256,34,292,273,20,293,347,41,391,546,253,797,600,264,862,667,349,1013,183,126,305,178,108,283,168,155,324,10288,10015,20301,10184,9944,20125,11287,11029,22310
LGA40910,1628,810,2441,1728,906,2628,1968,1217,3187,2412,2814,5222,2661,3073,5738,3327,4132,7453,2471,496,2971,2336,537,2876,2619,658,3275,688,1444,2134,778,1743,2518,1009,2241,3250,1000,2819,3816,918,2557,3476,1132,2786,3918,949,1447,2399,1013,1485,2494,1076,1422,2495,884,61,945,836,46,885,1055,65,1120,1243,690,1925,1326,645,1970,1476,722,2198,232,135,367,207,162,361,224,166,389,11517,10707,22227,11791,11156,22945,13885,13406,27289
LGA41010,221,95,315,202,88,287,207,84,286,58,137,199,60,143,200,71,171,243,178,29,205,143,27,169,143,25,166,51,170,223,52,162,216,65,192,251,24,165,192,23,134,163,29,131,162,34,74,110,43,75,121,42,53,99,153,9,160,114,5,116,111,5,115,173,81,259,131,82,211,144,83,229,24,21,39,24,17,38,23,11,29,908,784,1696,790,740,1530,829,757,1586
LGA41060,3556,1922,5481,3821,2304,6126,4707,3186,7891,4433,5539,9973,4931,6355,11285,6385,8438,14822,5716,1071,6788,5559,1127,6683,6306,1405,7712,1584,3185,4770,2025,4006,6036,2429,5084,7514,2013,6080,8094,2057,5936,7993,2371,6366,8739,1938,3019,4957,2059,3177,5235,2149,3165,5317,2651,280,2928,2665,234,2899,2934,305,3237,3027,1592,4616,3094,1595,4684,3252,1828,5084,544,304,852,439,341,782,625,407,1037,25459,22997,48456,26645,25074,51717,31161,30181,61344
LGA41140,660,289,950,575,285,863,603,313,921,241,404,641,218,395,613,232,445,673,492,97,590,453,104,555,471,112,588,53,288,340,60,327,387,68,410,484,67,398,468,70,390,460,54,350,404,117,201,318,118,215,332,107,207,317,221,16,240,249,21,270,251,26,273,385,233,623,404,216,618,374,230,606,28,18,53,38,11,49,50,26,77,2264,1957,4226,2186,1967,4151,2214,2123,4337
LGA41190,261,89,351,203,86,287,187,83,264,24,59,87,15,64,78,21,61,84,99,15,119,85,18,107,90,20,105,5,52,50,0,59,58,9,67,75,8,71,81,9,63,74,5,61,72,19,32,51,15,33,47,26,40,58,48,10,58,52,8,53,41,9,51,64,40,110,80,37,122,67,34,99,11,10,14,8,10,18,12,4,19,540,383,925,477,374,848,455,374,831
LGA41330,49,37,87,53,39,90,42,23,68,28,46,76,32,54,86,20,49,71,69,21,85,59,11,72,58,4,63,52,83,131,37,77,123,31,72,103,11,47,57,13,56,67,7,41,51,15,32,53,29,26,51,31,29,58,80,7,94,53,3,57,41,4,45,54,44,91,45,29,74,38,21,54,12,4,18,14,11,27,6,6,18,369,326,695,333,306,641,270,257,528
LGA41560,425,211,638,405,207,612,431,234,660,209,403,614,212,433,643,232,485,723,642,137,771,637,121,759,666,139,807,108,461,571,132,501,638,145,696,837,99,422,520,103,434,534,92,470,565,180,385,567,201,366,571,215,327,540,357,16,372,368,19,390,380,26,412,451,254,701,485,249,736,445,254,697,52,26,73,52,33,87,67,40,106,2528,2307,4831,2597,2361,4958,2678,2670,5346
LGA41750,162,62,219,139,62,196,120,51,171,20,42,59,12,37,46,9,39,54,45,5,52,33,8,43,20,8,27,7,30,32,7,29,38,4,29,29,3,36,37,3,31,42,3,46,49,9,22,24,8,16,18,7,12,20,11,9,21,18,8,27,11,4,15,47,29,73,56,27,84,60,22,85,9,3,9,0,7,5,0,9,4,299,233,529,278,222,495,238,217,451
LGA41830,80,54,136,72,51,120,70,55,122,28,87,113,38,75,111,29,55,84,119,20,143,82,19,99,86,11,96,16,71,83,23,70,95,29,81,111,10,53,70,8,48,57,11,54,67,12,26,43,16,34,49,10,27,41,63,8,66,60,5,63,78,11,88,46,44,88,50,37,88,37,50,86,13,0,21,9,3,13,8,7,17,392,365,763,346,339,687,368,350,716
LGA41960,98,51,148,98,39,137,101,43,151,15,36,46,15,31,51,9,41,50,65,16,77,63,18,76,59,11,73,3,40,40,9,48,55,5,59,71,6,37,44,9,36,46,3,38,44,7,30,34,8,25,38,8,26,36,60,11,73,59,3,65,57,4,65,53,29,75,36,27,61,25,22,55,0,6,10,10,4,5,12,4,14,296,249,544,294,239,538,290,255,545
LGA42030,583,336,924,598,387,986,680,499,1181,546,824,1369,551,913,1468,674,1130,1802,1290,232,1520,1289,248,1540,1437,320,1753,267,837,1108,303,1015,1316,379,1194,1571,272,1051,1327,285,1037,1324,315,1189,1508,321,643,967,331,688,1017,381,678,1058,675,48,721,711,64,770,819,88,905,758,429,1193,811,444,1251,833,441,1272,90,62,157,115,60,176,132,65,200,4821,4468,9284,4995,4850,9848,5642,5608,11248
LGA42110,375,158,531,337,128,470,322,125,447,42,99,141,52,106,156,39,107,146,187,45,235,169,43,217,185,43,223,16,133,150,19,111,132,18,135,160,18,124,143,13,136,151,14,133,145,37,83,118,24,70,101,21,94,119,113,6,119,133,12,140,133,7,144,178,129,310,179,116,292,153,109,261,12,11,27,23,17,42,15,10,23,976,791,1767,957,743,1696,898,768,1669
LGA42250,578,265,839,497,246,747,516,288,809,165,301,469,192,287,481,170,334,500,500,81,580,472,81,553,565,107,678,44,252,296,59,285,344,68,320,392,51,437,484,47,417,471,49,411,460,95,226,324,99,227,322,105,215,316,329,30,360,363,23,385,322,29,349,354,184,536,362,165,522,373,188,563,46,30,74,32,20,50,37,27,68,2166,1791,3954,2118,1751,3865,2203,1929,4133
LGA42600,1649,868,2520,1600,951,2547,1770,1189,2962,2128,2392,4518,2025,2670,4696,2298,3026,5328,1644,319,1963,1485,283,1768,1574,366,1941,651,1286,1932,765,1349,2110,840,1554,2394,677,2041,2722,634,1843,2483,648,1804,2454,727,1035,1768,692,915,1607,650,891,1537,442,36,481,404,44,451,504,50,554,734,285,1020,711,319,1034,712,354,1068,136,87,224,129,98,229,167,123,287,8800,8348,17151,8446,8477,16921,9163,9359,18522
LGA42750,370,185,554,353,194,545,357,204,560,93,162,252,78,174,250,88,176,265,225,56,279,202,60,256,224,56,277,71,183,249,66,187,249,59,208,268,24,186,206,29,161,193,41,181,220,61,119,176,65,129,200,60,130,191,95,8,100,81,7,96,92,8,108,210,126,335,212,139,351,214,126,348,17,17,31,17,7,29,36,22,61,1154,1047,2195,1099,1068,2170,1180,1110,2290
LGA43080,163,56,226,164,60,224,133,51,177,13,43,56,9,35,43,8,22,31,40,12,51,34,6,37,25,3,27,4,36,38,8,33,41,3,41,45,0,31,31,0,28,28,0,26,25,8,9,19,13,7,19,5,9,21,28,0,25,21,3,24,24,6,29,27,21,46,36,24,63,36,27,59,4,3,9,6,4,7,4,0,9,285,212,494,279,202,481,241,183,430
LGA43220,175,81,259,148,63,212,130,61,190,22,35,54,16,27,43,6,39,50,38,16,48,38,8,42,44,11,49,5,36,43,0,33,36,3,38,45,0,43,45,4,51,55,0,43,43,12,18,29,17,25,39,8,12,19,36,0,36,31,4,37,35,0,37,37,18,60,36,24,56,45,24,64,3,0,8,9,8,7,8,7,11,326,255,582,292,236,528,280,229,507
LGA43360,225,85,315,211,81,290,177,99,278,32,67,97,26,68,92,32,71,100,104,37,144,96,21,123,98,24,117,9,72,81,9,83,88,23,79,105,12,81,94,8,79,86,12,73,87,31,55,83,34,76,110,25,67,89,47,3,50,42,0,43,58,4,68,133,66,198,143,67,205,126,73,200,10,5,15,10,11,17,12,5,16,601,470,1070,576,476,1050,567,501,1064
LGA43650,782,365,1150,764,360,1118,807,421,1219,382,541,917,374,614,984,393,772,1166,925,184,1114,924,205,1126,1062,234,1299,150,559,708,197,650,842,230,758,988,166,701,861,178,730,910,215,812,1021,176,402,576,192,444,636,207,472,677,509,52,560,520,40,556,542,60,601,582,352,928,643,376,1013,636,342,978,56,27,86,60,51,113,84,61,140,3726,3171,6901,3850,3456,7309,4171,3929,8102
LGA43710,423,156,581,390,173,561,397,185,581,106,197,300,118,208,330,123,265,393,280,65,347,321,68,383,337,63,400,41,176,212,50,207,257,66,251,317,19,219,234,25,269,292,42,266,303,56,119,174,57,117,175,85,138,224,162,6,169,160,15,170,160,14,169,198,101,300,203,116,323,223,88,312,5,13,19,26,23,51,34,29,61,1294,1042,2336,1346,1190,2540,1469,1300,2765
LGA43790,774,321,1097,688,310,1001,685,302,987,199,421,619,193,393,587,198,442,639,487,105,592,507,110,613,541,112,652,85,409,495,104,429,531,123,478,603,63,438,502,66,462,529,68,441,509,133,240,372,131,268,397,104,269,367,327,16,342,333,23,350,361,35,400,652,363,1011,591,314,904,581,332,915,53,32,86,46,33,82,66,53,121,2778,2353,5125,2656,2336,4991,2737,2453,5186
LGA44000,0,0,0,0,5,0,3,5,9,0,6,4,0,3,3,6,5,14,0,0,0,0,0,0,0,0,0,0,0,0,0,0,0,0,8,8,0,0,0,0,0,0,0,0,0,0,3,3,0,0,0,0,0,0,0,0,0,0,0,0,0,0,0,0,0,0,0,0,0,0,0,0,3,0,3,0,0,0,0,0,0,13,10,23,5,10,7,11,20,27
LGA44060,2547,1438,3987,2658,1661,4321,3131,2057,5189,3789,4785,8574,4006,5460,9471,4918,7083,11999,5013,949,5957,4823,963,5786,5172,1073,6241,1424,3098,4525,1808,3923,5726,2245,4873,7123,1778,5111,6889,1598,4683,6279,1790,4880,6667,1608,2554,4161,1649,2574,4225,1666,2347,4014,1706,154,1864,1659,125,1786,1814,179,1995,2406,1273,3679,2440,1248,3690,2526,1258,3780,380,259,636,333,249,582,466,340,813,20647,19623,40270,20968,20898,41862,23727,24087,47816
LGA44210,461,223,685,424,213,637,442,236,680,114,173,287,107,170,273,102,177,281,414,103,511,416,93,507,410,107,513,67,254,323,72,267,339,92,327,424,47,235,276,37,250,292,44,261,301,58,146,204,75,178,257,68,159,232,255,26,273,278,27,305,258,27,284,377,277,648,376,249,621,366,264,631,29,10,42,32,26,55,55,25,80,1821,1436,3260,1814,1473,3283,1842,1586,3429
LGA44340,2835,1394,4225,2744,1474,4221,3300,1980,5279,4828,5499,10328,4635,5827,10462,5260,6582,11842,2629,600,3233,2543,566,3106,2673,601,3278,1034,1997,3025,1165,2205,3372,1328,2567,3897,1101,3351,4447,1049,3026,4073,1086,2933,4015,1245,1555,2798,1108,1511,2619,1122,1469,2587,699,51,746,631,49,680,740,78,821,1413,592,2006,1397,622,2025,1414,673,2088,227,174,406,216,146,365,243,172,411,16010,15203,31214,15487,15431,30922,17152,17060,34217
LGA44550,1351,683,2041,1388,750,2138,1764,1073,2834,1209,1640,2852,1247,1981,3225,1604,2512,4113,1948,384,2327,2037,424,2464,2528,575,3096,515,1118,1639,587,1427,2013,735,1795,2533,452,1773,2234,489,1643,2134,558,1887,2447,542,911,1451,673,1001,1678,737,1117,1855,774,75,847,770,74,846,887,83,966,924,609,1530,1056,620,1670,1202,697,1891,139,77,213,135,76,214,196,150,345,7862,7277,15137,8385,8000,16380,10199,9884,20081
LGA44620,741,437,1179,672,435,1105,753,496,1251,620,980,1598,614,1071,1686,600,1226,1829,1583,247,1832,1434,247,1684,1484,287,1776,274,944,1221,356,1114,1469,435,1416,1847,270,1106,1380,265,1085,1354,223,1073,1294,464,964,1427,482,966,1446,491,913,1402,1073,58,1135,1074,59,1135,1071,64,1141,919,616,1535,981,598,1585,1005,616,1620,107,60,172,104,56,154,126,63,196,6054,5418,11467,5985,5632,11617,6192,6161,12349
LGA44830,266,129,395,268,121,388,238,128,370,55,126,182,42,127,169,49,122,177,136,32,169,108,24,127,116,25,137,18,90,112,27,100,123,26,114,136,16,94,108,20,106,125,10,101,112,14,31,48,17,26,48,20,30,48,96,9,110,91,4,100,91,8,99,78,51,134,101,55,149,92,45,134,6,6,10,18,3,20,15,14,22,690,578,1268,686,570,1252,660,574,1232
LGA45040,677,329,997,609,341,947,679,390,1067,287,441,724,252,510,759,264,585,849,905,187,1090,954,173,1132,997,199,1205,232,633,869,262,755,1015,293,965,1263,170,728,894,165,691,854,185,686,875,263,492,761,282,617,899,290,583,868,618,85,708,590,74,662,577,52,631,1120,698,1820,1268,786,2052,1034,743,1782,102,59,159,107,45,154,127,59,193,4374,3644,8018,4487,3990,8471,4450,4270,8721
LGA45090,764,313,1078,686,276,964,695,306,1003,162,281,443,140,311,444,149,335,484,457,87,542,456,92,548,466,88,551,50,236,289,61,247,305,57,286,344,71,360,423,48,354,396,51,324,377,139,237,373,145,244,391,118,241,362,203,39,239,223,25,247,202,23,225,520,285,808,627,274,898,623,310,930,28,28,55,33,20,51,53,40,99,2383,1855,4241,2405,1831,4236,2409,1959,4363
LGA45120,422,175,596,384,158,544,404,156,556,75,203,278,78,202,281,66,218,283,242,41,280,220,43,271,224,49,273,24,146,165,22,149,172,20,187,203,27,159,183,20,149,172,18,160,181,49,90,136,51,97,145,42,84,129,151,11,166,148,15,160,145,10,160,145,100,247,141,96,237,136,100,237,23,13,38,12,13,21,19,18,32,1156,939,2092,1081,914,1994,1083,978,2058
LGA45290,1399,819,2217,1430,889,2324,1650,1139,2790,2930,3147,6074,2874,3186,6058,3305,3654,6960,1325,331,1656,1206,294,1506,1338,369,1708,566,1097,1654,651,1177,1830,709,1362,2073,602,1802,2402,610,1613,2219,680,1713,2396,639,853,1492,590,811,1400,648,801,1452,370,39,412,343,19,364,482,66,552,791,341,1127,680,343,1019,793,374,1166,120,102,224,138,110,244,145,107,257,8733,8528,17261,8519,8449,16967,9759,9584,19346
LGA45340,4801,2582,7385,4643,2797,7442,5272,3532,8807,5063,6859,11919,4814,7159,11971,5583,8804,14384,11405,1806,13211,10617,1913,12527,11278,2138,13412,2499,6678,9177,2791,7471,10264,3240,8899,12138,2707,9057,11764,2583,8311,10892,2652,8560,11218,2965,5363,8324,2986,5253,8241,2896,4888,7781,4308,371,4680,4068,331,4397,4185,443,4623,5395,2913,8307,5301,2784,8090,5625,2854,8476,716,415,1136,625,450,1070,836,554,1391,39857,36047,75907,38425,36474,74902,41568,40661,82233
LGA45400,113,43,155,97,34,135,100,41,143,14,38,50,11,46,59,8,54,66,48,15,62,41,13,50,34,4,40,8,39,47,6,43,44,0,39,38,3,28,34,3,20,24,7,21,25,9,19,22,6,17,25,8,17,21,18,0,24,13,5,13,15,4,14,36,10,48,32,16,49,33,17,48,0,0,8,0,5,6,5,6,11,254,198,449,210,186,401,215,188,398
LGA45540,68,39,106,62,35,100,54,27,84,24,33,56,10,36,42,4,31,35,43,13,55,26,18,48,38,12,46,14,52,58,9,60,73,18,54,73,4,33,39,9,29,35,9,30,34,14,26,43,8,33,37,15,38,51,37,0,35,41,5,42,44,0,43,51,61,108,58,45,98,52,36,88,5,4,13,9,5,17,3,6,7,249,264,511,231,260,490,237,230,474
LGA45680,1705,988,2688,1759,1132,2892,2076,1493,3572,1147,1689,2839,1259,1944,3204,1558,2604,4157,4108,628,4733,4179,766,4945,4761,969,5734,924,2576,3498,1201,3310,4507,1600,4363,5965,937,3225,4161,939,3100,4039,1217,3618,4834,1049,2156,3207,1162,2379,3546,1328,2469,3792,3338,318,3650,3411,274,3688,4070,363,4430,3195,1962,5157,3331,1875,5209,3817,2343,6162,445,211,651,392,228,617,613,351,962,16840,13754,30589,17639,15005,32650,21040,18570,39609
LGA45890,2844,1692,4536,3084,2028,5117,3881,2681,6559,4205,5355,9563,4620,6175,10797,5804,7842,13644,5940,1068,7015,5803,1212,7017,6875,1552,8427,1730,3813,5542,2084,4577,6661,2741,5985,8725,1892,5381,7273,1954,5155,7110,2443,5539,7985,1726,2638,4362,2008,2729,4735,2072,2898,4968,3373,292,3662,3210,280,3485,4014,382,4391,3907,2348,6258,4015,2426,6441,4378,2768,7145,647,351,998,543,369,907,705,510,1224,26260,22951,49206,27316,24944,52263,32920,30151,63073
LGA46090,239,203,443,259,203,459,263,219,476,269,547,812,237,546,777,252,582,836,824,128,953,620,100,720,667,107,780,324,566,897,325,580,908,352,626,979,156,626,787,132,522,654,112,519,625,151,390,534,184,370,552,185,332,520,499,25,522,481,20,498,477,46,517,417,251,663,373,260,632,442,294,733,88,37,126,62,41,100,69,51,124,2965,2774,5741,2665,2638,5309,2817,2769,5584
LGA46300,489,259,744,451,239,686,424,269,695,427,545,978,428,542,964,433,650,1087,849,132,979,805,134,938,824,143,966,166,529,697,186,554,736,238,724,962,134,658,790,91,623,721,99,587,684,219,459,679,238,495,735,261,444,703,384,26,412,321,29,348,334,25,362,665,366,1025,584,330,909,591,351,938,63,47,109,61,40,100,60,46,109,3393,3020,6418,3155,2974,6132,3266,3242,6509
LGA46450,471,256,723,442,248,690,451,283,730,316,547,866,320,580,897,314,673,986,822,167,985,827,143,964,846,144,989,170,606,779,181,694,872,210,810,1028,137,604,739,124,576,696,146,548,685,218,541,754,221,500,722,212,498,714,763,45,808,702,30,732,702,36,742,519,308,826,477,345,823,497,360,857,99,43,148,64,44,107,92,44,133,3509,3112,6621,3363,3148,6511,3465,3402,6865
LGA46510,885,475,1362,937,557,1496,1106,689,1794,1498,1666,3162,1496,1759,3253,1839,2166,4010,962,172,1135,921,182,1102,980,233,1221,349,634,983,354,641,991,420,831,1254,359,1176,1536,381,1116,1499,451,1130,1581,451,583,1040,425,511,933,438,547,985,368,30,406,354,22,376,425,26,453,509,270,779,548,257,797,553,286,835,90,57,147,92,55,144,104,65,169,5477,5075,10545,5512,5088,10594,6322,5973,12294
LGA46670,449,219,663,465,215,673,488,227,713,156,275,435,161,295,456,161,310,465,386,70,461,431,67,491,467,89,557,78,324,399,82,300,377,89,438,521,73,352,422,59,354,415,62,371,435,136,248,383,132,225,362,130,246,376,282,11,293,304,17,321,305,25,329,588,392,975,529,362,888,621,358,972,45,26,75,42,35,77,58,40,102,2193,1912,4104,2204,1866,4068,2380,2103,4486
LGA46860,152,76,229,132,67,202,130,67,198,34,44,71,22,42,61,18,52,76,70,12,80,74,11,87,90,20,116,7,51,56,5,50,59,19,67,85,5,48,57,7,50,57,6,51,57,15,37,59,10,43,57,26,41,66,16,0,19,23,7,30,22,0,26,87,53,143,81,50,130,71,39,107,4,0,4,11,0,13,9,6,18,390,321,710,366,311,675,394,354,753
LGA46970,145,69,219,97,54,153,99,74,175,259,189,454,154,140,297,121,148,268,626,116,743,495,83,584,501,103,601,26,103,138,21,114,139,25,125,146,49,247,302,25,158,187,31,179,209,26,87,112,26,84,110,24,60,88,432,43,473,450,44,489,381,117,494,140,121,255,105,95,201,122,95,222,58,21,77,32,23,54,35,15,54,1768,1006,2769,1407,796,2198,1331,921,2254
LGA47140,3080,1770,4847,3047,1865,4909,3398,2164,5564,3108,3957,7066,3136,4278,7416,3771,5160,8933,7876,1275,9141,7260,1285,8550,7832,1430,9266,1805,4595,6398,2179,5493,7677,2732,6717,9449,2195,6433,8626,1980,5898,7882,2291,5821,8112,2039,3655,5699,2227,3633,5853,2127,3418,5541,5286,498,5785,5149,429,5575,5714,514,6226,5012,3212,8225,5188,3281,8471,5724,3541,9267,754,406,1158,684,390,1080,879,538,1409,31159,25790,56952,30848,26558,57405,34463,29305,63767
LGA47290,319,115,424,255,106,361,218,86,305,22,63,85,14,66,80,24,58,80,92,16,106,81,24,97,83,22,106,11,60,75,5,60,67,11,56,67,3,69,77,6,53,58,5,74,81,10,52,61,13,53,64,16,40,56,69,10,81,70,9,81,77,9,89,73,62,132,86,68,158,103,65,170,5,0,6,9,4,15,6,8,16,603,448,1049,541,437,981,548,423,967
LGA47490,214,82,293,186,73,261,186,73,260,28,68,97,39,76,115,35,104,137,110,25,138,106,22,126,123,19,148,19,69,85,12,60,73,11,56,69,13,83,97,14,79,89,9,78,90,20,55,77,23,60,77,21,52,68,49,14,60,53,3,59,55,8,63,89,41,132,107,56,160,83,62,140,11,7,16,19,5,24,10,4,11,549,446,995,556,430,988,538,444,975
LGA47630,703,262,961,612,244,854,646,269,914,89,214,304,101,229,325,87,247,331,349,77,423,353,81,432,392,79,471,26,172,199,16,183,204,28,238,261,32,286,316,28,287,314,32,296,328,100,147,242,90,173,268,80,153,232,197,33,236,221,23,240,297,40,335,413,253,669,485,246,731,471,267,743,30,12,40,42,19,60,37,22,50,1941,1451,3397,1948,1475,3428,2064,1604,3670
LGA47700,3446,1672,5117,3239,1738,4974,3601,2216,5810,3964,4913,8885,3841,5154,8995,4246,6067,10315,6808,1035,7847,6163,1056,7220,6387,1188,7570,1503,3669,5170,1659,4110,5774,1938,4736,6669,2018,6862,8879,1832,6127,7959,1970,5774,7743,2016,3207,5225,1879,3049,4931,1863,2653,4514,2407,208,2617,2417,166,2579,2562,259,2815,2777,1419,4193,2784,1415,4194,2885,1337,4221,376,242,615,425,252,675,511,330,845,25313,23230,48548,24236,23062,47298,25955,24556,50516
LGA47800,586,235,817,513,205,722,508,199,707,63,143,198,51,132,183,60,143,199,190,61,247,167,51,209,185,39,226,22,160,190,26,171,197,30,197,226,16,184,201,25,163,190,26,175,192,55,128,179,57,124,183,51,123,167,165,15,177,156,19,174,168,14,176,268,137,409,263,135,404,242,161,407,20,10,26,17,10,29,28,21,42,1377,1067,2446,1281,1010,2293,1288,1060,2351
LGA47910,288,113,405,247,73,320,249,109,363,34,87,115,30,102,132,35,107,140,122,21,141,108,30,134,108,26,133,6,90,102,11,65,80,15,111,126,17,92,110,10,96,107,15,100,110,24,56,81,19,53,71,32,67,98,75,8,79,84,4,90,83,4,90,86,51,137,85,59,148,88,47,137,10,0,12,10,3,12,12,11,20,667,514,1184,602,483,1084,632,575,1206
LGA47980,1778,984,2762,1747,1099,2848,1971,1325,3297,3466,3728,7198,3395,3714,7115,3607,4122,7736,1168,340,1509,1052,329,1381,1138,394,1528,595,1024,1618,623,1194,1813,696,1271,1967,635,1924,2565,607,1678,2284,642,1626,2267,736,966,1703,710,881,1591,632,843,1476,296,26,317,266,34,299,308,35,351,634,306,935,616,283,902,692,321,1015,170,127,296,140,120,258,148,128,281,9475,9426,18902,9154,9338,18490,9840,10075,19908
LGA48050,392,244,635,365,223,589,403,263,666,286,406,694,282,435,718,352,517,870,591,108,698,560,111,672,663,131,792,159,482,636,177,514,692,246,678,924,103,417,525,91,445,536,95,470,560,216,368,580,193,328,521,226,364,592,224,16,243,224,16,238,234,16,244,379,181,556,404,215,622,406,245,649,49,28,76,43,23,66,39,38,75,2398,2247,4646,2335,2313,4647,2664,2719,5378
LGA48130,516,194,705,452,175,623,442,175,618,80,196,273,75,172,247,68,204,266,273,74,349,262,61,326,255,63,318,30,202,233,39,224,261,53,248,304,43,223,267,41,222,255,41,220,258,47,122,160,37,134,175,46,127,172,246,20,269,264,28,297,270,38,304,331,182,515,358,199,551,343,216,558,31,15,49,33,17,44,41,31,69,1598,1222,2822,1560,1226,2784,1543,1327,2869
LGA48260,350,183,535,397,210,607,432,243,679,634,591,1225,647,664,1312,756,806,1566,196,43,238,184,39,223,179,68,249,105,195,298,123,172,294,130,223,352,103,327,431,113,312,425,125,338,458,107,155,263,127,154,283,124,173,294,61,7,65,64,6,67,78,3,78,105,45,144,91,52,141,114,76,185,24,23,50,28,21,46,29,23,55,1696,1553,3248,1773,1628,3401,1962,1958,3914
LGA48340,710,371,1077,671,343,1013,688,353,1040,178,348,523,180,366,550,167,386,553,623,121,744,532,121,651,587,118,695,80,364,444,91,428,513,91,499,591,57,434,489,57,401,453,50,407,451,108,317,430,123,284,408,113,284,394,497,39,536,426,36,462,393,43,437,617,391,1009,569,340,906,584,340,930,43,39,88,38,31,65,64,42,105,2911,2424,5338,2683,2343,5032,2734,2465,5200
LGA48410,1842,997,2839,1939,1140,3078,2266,1526,3796,2714,3391,6101,2898,3705,6604,3709,4850,8559,2892,630,3525,2782,614,3399,3118,725,3842,1023,1884,2906,1168,2291,3463,1623,3069,4688,1206,3188,4397,1157,2971,4128,1340,3137,4481,1070,1530,2600,1123,1584,2709,1205,1541,2742,1284,117,1395,1233,91,1321,1407,121,1532,1579,811,2394,1737,905,2643,1882,937,2824,295,168,464,231,177,408,293,222,516,13907,12711,26620,14265,13489,27753,16848,16126,32970
LGA48540,418,305,721,345,285,636,405,348,753,510,822,1330,422,796,1221,435,811,1248,1561,200,1762,1298,191,1491,1355,192,1543,209,702,912,214,770,981,240,945,1186,178,744,918,139,673,812,165,636,802,183,656,838,190,590,784,186,575,758,1249,103,1349,1138,107,1238,1204,140,1350,622,469,1091,549,397,952,613,416,1029,188,46,239,137,53,189,136,62,197,5113,4045,9158,4430,3870,8299,4733,4143,8870
LGA48640,171,66,234,159,62,218,120,60,180,30,63,91,19,44,62,19,48,58,65,19,87,60,12,71,47,12,61,5,46,53,13,38,49,7,32,41,0,40,44,5,48,53,4,39,46,13,16,33,15,23,42,13,28,39,38,4,48,32,10,39,34,7,38,57,33,89,57,45,103,47,34,81,0,4,6,3,5,10,11,4,16,386,301,687,367,283,649,294,267,565
LGA48750,251,132,380,247,119,365,265,157,421,97,130,229,89,160,245,111,185,303,219,54,274,236,55,294,259,49,310,35,149,185,46,181,225,59,222,285,24,159,184,33,179,214,46,224,277,48,117,158,66,139,198,66,121,188,94,14,108,112,9,121,115,6,122,182,89,275,182,105,280,209,136,349,17,7,22,16,19,36,27,20,48,975,847,1824,1021,962,1984,1167,1121,2291
LGA48830,804,340,1142,760,324,1090,729,326,1059,158,280,442,148,269,421,141,300,439,474,98,579,444,94,535,453,90,543,65,333,402,69,335,404,74,389,465,53,354,400,65,324,381,46,326,372,93,200,291,81,218,298,82,219,301,276,14,289,278,20,297,316,38,349,351,226,582,367,219,584,352,207,559,51,23,73,32,34,58,47,38,84,2333,1868,4197,2226,1831,4061,2242,1923,4168
LGA49399,297,138,437,253,128,383,232,110,343,125,112,232,68,77,141,47,82,134,363,62,425,249,58,310,129,40,177,72,130,200,63,68,128,53,78,130,28,115,141,42,81,121,19,83,97,16,52,69,13,36,46,12,28,42,369,26,390,214,18,232,160,18,174,227,115,343,191,90,287,176,101,276,46,14,61,17,13,24,32,10,47,1541,767,2306,1105,566,1674,865,559,1424
LGA49499,48,17,69,34,16,52,38,26,66,64,61,131,52,49,103,55,72,123,118,12,126,96,18,109,82,20,106,24,60,85,22,31,53,24,55,76,39,56,95,20,38,54,19,40,64,18,35,53,23,19,51,25,38,57,85,0,84,79,3,84,56,8,66,165,74,243,137,73,211,96,42,141,27,7,34,15,3,12,21,8,27,592,321,910,467,268,733,419,311,724
LGA49799,0,0,0,0,0,0,0,0,0,7,0,7,0,0,0,0,0,0,0,0,0,4,0,4,0,0,0,0,0,0,0,0,0,0,0,0,0,0,0,0,0,0,0,0,0,0,0,0,0,0,0,0,0,0,0,0,0,0,0,0,0,0,0,4,0,4,0,0,0,0,0,0,0,0,0,0,0,0,0,0,0,4,0,4,6,0,8,8,0,8
LGA50080,1267,785,2051,1222,789,2016,1341,867,2215,973,1373,2343,1025,1529,2558,1152,1876,3027,2048,371,2421,2145,405,2552,2286,442,2726,478,1259,1742,579,1524,2101,670,1803,2475,272,1544,1815,279,1509,1785,262,1588,1845,512,1035,1548,572,1049,1623,572,1066,1636,964,72,1037,1023,77,1100,1099,102,1203,1228,651,1880,1233,777,2013,1389,835,2223,114,78,191,159,90,254,151,104,251,7857,7176,15029,8230,7759,15987,8925,8676,17599
LGA50210,1796,948,2742,2133,1191,3332,2659,1595,4253,1794,2243,4036,2488,3231,5728,3362,4552,7912,4857,769,5628,5475,914,6393,6216,1232,7445,764,2222,2990,1035,3058,4092,1416,4174,5586,1043,3623,4665,1260,3939,5194,1410,4328,5741,914,1884,2798,1190,2321,3511,1254,2321,3575,2834,323,3159,3362,410,3768,4000,607,4604,2075,1198,3277,2378,1351,3728,2793,1730,4526,330,138,470,345,204,546,485,322,809,16401,13350,29746,19664,16627,36286,23594,20859,44453
LGA50250,290,133,424,363,179,543,167,123,288,428,279,705,595,256,848,159,220,379,1569,131,1702,2694,135,2831,838,120,961,70,182,250,96,196,297,66,204,269,139,416,557,128,323,454,61,224,284,26,113,140,17,90,106,23,91,112,1310,242,1543,1459,287,1742,773,244,1022,402,230,633,1041,301,1349,232,186,415,63,32,89,101,26,128,64,34,100,4285,1750,6045,6505,1801,8302,2387,1444,3828
LGA50280,642,389,1030,699,462,1165,753,553,1310,351,449,806,442,652,1091,602,892,1489,850,170,1016,1002,185,1186,1169,265,1431,131,428,554,165,588,746,233,731,961,72,507,573,85,540,623,94,602,692,155,396,546,198,436,641,206,478,689,268,32,292,328,31,356,428,53,478,555,288,838,598,391,994,699,429,1133,38,28,74,64,32,97,68,48,111,3066,2674,5742,3577,3316,6891,4245,4049,8297
LGA50350,452,280,730,503,288,793,537,445,978,738,813,1557,759,945,1706,926,1188,2114,1038,179,1220,920,198,1118,958,231,1188,220,522,738,242,588,832,273,640,914,270,893,1159,279,842,1124,274,807,1080,230,377,609,205,324,528,250,362,613,442,47,493,380,56,437,404,58,467,406,230,637,383,216,597,402,221,629,72,43,119,60,53,115,64,55,115,3873,3382,7255,3728,3510,7246,4083,4014,8098
LGA50420,2177,1286,3468,2249,1498,3750,2586,1812,4391,3517,3826,7344,3674,4254,7926,4518,5279,9796,4351,862,5209,4169,805,4973,3938,973,4914,1093,2072,3169,1185,2410,3600,1349,2913,4261,1357,3784,5145,1249,3384,4631,1338,3467,4805,1133,1745,2881,1190,1726,2914,1115,1573,2685,1822,250,2070,1627,248,1868,1861,284,2152,1786,982,2772,1817,1039,2857,1884,1094,2982,312,161,472,328,216,541,331,242,572,17556,14963,32516,17484,15581,33067,18919,17633,36553
LGA50490,1064,624,1692,1088,722,1816,1357,943,2302,1590,1615,3206,1645,1886,3534,2246,2444,4690,2538,419,2961,2720,442,3158,2831,604,3432,557,1127,1684,685,1378,2064,789,1835,2625,720,2035,2753,699,1903,2604,760,2057,2818,575,848,1424,637,944,1579,671,968,1639,1370,233,1604,1364,183,1547,1683,305,1988,1072,633,1704,1212,750,1959,1272,786,2064,178,117,297,209,118,326,246,165,413,9665,7653,17315,10259,8333,18599,11855,10113,21968
LGA50560,142,63,196,113,63,174,114,59,170,21,42,62,23,42,64,17,57,74,69,16,78,90,21,107,53,16,74,10,47,57,11,53,61,15,47,57,7,50,53,12,57,70,0,57,60,6,18,24,14,29,39,8,24,31,56,3,61,66,10,78,65,11,76,40,25,68,45,28,71,59,32,92,3,4,8,3,0,4,9,6,17,347,264,612,365,303,673,344,311,651
LGA50630,85,32,120,74,34,103,60,39,97,79,61,144,47,48,99,32,44,79,247,28,278,142,24,168,125,24,149,21,58,79,14,47,60,13,39,55,29,89,112,12,76,81,8,69,76,0,19,22,9,23,34,10,18,25,187,49,237,156,54,214,137,54,190,76,51,125,41,30,72,33,39,76,20,9,30,9,5,18,8,4,15,761,385,1147,506,350,856,428,333,759
LGA50770,194,98,286,186,97,277,188,89,278,20,44,66,21,47,74,19,58,79,60,9,70,63,14,76,72,18,89,10,35,40,4,34,37,10,40,48,8,50,52,7,52,58,9,68,79,4,31,38,7,35,36,10,32,43,46,9,59,55,3,60,57,16,72,68,37,105,61,43,109,56,43,104,8,4,13,4,3,12,9,0,13,409,322,731,416,330,750,439,372,807
LGA50840,196,121,312,173,116,291,227,152,380,103,157,266,90,184,275,127,207,332,273,45,323,280,58,342,298,88,380,37,158,189,33,167,201,35,218,253,27,174,206,30,154,181,27,169,197,43,104,147,43,113,155,44,110,151,180,21,200,199,18,218,240,31,268,146,117,268,134,116,249,142,121,264,26,10,37,21,11,33,24,14,41,1036,913,1951,1007,934,1940,1157,1105,2261
LGA50910,115,46,165,96,45,144,92,32,126,6,23,27,11,26,36,8,21,33,26,7,36,25,7,30,27,9,33,8,33,44,10,26,36,4,33,37,4,28,32,0,24,29,5,32,38,7,16,23,7,11,17,13,9,21,28,4,36,26,3,27,28,9,29,20,17,39,34,24,55,33,30,61,3,3,9,7,4,19,3,5,6,218,185,403,216,178,395,212,179,395
LGA50980,559,400,957,602,399,1002,583,500,1088,552,793,1348,579,938,1517,631,1174,1808,995,154,1154,945,148,1092,862,138,1004,340,557,892,383,661,1044,383,760,1139,180,815,992,177,829,1008,184,817,997,151,387,540,181,377,561,194,356,552,366,35,403,322,21,346,352,48,401,442,209,652,426,224,650,445,281,725,80,49,132,94,65,155,105,69,174,3658,3393,7056,3713,3671,7382,3739,4149,7893
LGA51080,161,69,227,141,48,191,142,64,210,10,43,49,0,29,38,7,40,46,28,16,45,47,9,53,32,13,37,6,26,29,9,31,40,6,32,33,0,36,36,0,56,54,5,30,36,3,10,11,5,13,18,0,5,8,24,0,19,21,0,26,32,0,30,33,23,59,29,3,39,49,17,61,9,0,10,8,5,12,5,0,10,271,214,490,265,203,466,269,202,466
LGA51120,125,54,171,98,47,145,102,49,151,3,33,41,13,27,40,11,21,34,40,15,44,42,3,50,34,9,44,5,36,43,4,38,35,10,27,37,5,27,39,3,25,33,6,25,34,5,17,19,8,8,20,9,9,14,37,8,37,28,7,31,36,8,49,25,10,34,28,24,56,25,18,44,7,3,7,0,0,0,5,0,0,248,194,438,231,178,407,233,179,411
LGA51190,871,488,1356,790,472,1259,761,559,1322,1032,1211,2244,955,1344,2298,1002,1525,2525,2521,384,2907,2068,372,2441,2067,413,2482,256,1087,1339,276,1172,1450,383,1403,1779,306,1484,1789,263,1312,1573,299,1285,1582,435,1007,1440,437,909,1347,422,865,1281,1278,131,1408,1077,100,1175,1204,164,1373,1262,759,2023,1158,812,1971,1200,864,2063,121,68,194,130,78,211,141,87,236,8076,6624,14701,7151,6577,13729,7482,7166,14644
LGA51260,1206,703,1907,1272,843,2114,1469,1028,2498,851,1117,1973,960,1449,2403,1160,2003,3157,2211,364,2573,2546,414,2964,2830,569,3399,251,1051,1302,370,1411,1778,532,1797,2326,250,1376,1626,255,1507,1759,282,1589,1874,501,1003,1499,575,1131,1700,642,1161,1805,826,74,897,1001,107,1110,1107,163,1277,1125,708,1833,1228,797,2024,1333,992,2326,109,57,165,135,83,217,192,118,309,7335,6442,13785,8336,7735,16077,9546,9417,18958
LGA51310,1506,646,2151,1602,694,2293,1891,991,2887,2666,2495,5161,2670,2735,5402,3170,3271,6444,739,195,932,685,184,867,703,199,904,329,567,902,365,654,1020,427,801,1225,378,1211,1593,393,1094,1487,391,1200,1581,459,506,962,415,531,950,403,545,948,210,15,223,192,23,212,223,34,253,338,144,480,323,157,482,382,167,547,96,57,157,98,81,179,97,100,200,6726,5837,12561,6747,6155,12898,7677,7311,14988
LGA51330,2927,1366,4293,2784,1397,4180,2948,1686,4632,5180,5015,10189,4838,5319,10152,6058,6373,12439,5144,992,6143,4899,980,5882,5132,1252,6382,1358,2878,4235,1520,3218,4736,1861,4239,6100,1846,5006,6848,1588,4008,5595,1718,3934,5659,1590,2341,3926,1621,2277,3899,1524,2230,3757,2466,303,2769,2360,263,2626,3021,417,3434,2564,1407,3975,2782,1572,4355,2901,1891,4788,419,228,647,422,275,700,528,325,854,23493,19532,43030,22821,19312,42132,25681,22361,48045
LGA51400,553,264,820,525,315,837,583,375,955,533,715,1246,560,882,1439,593,1046,1641,1150,171,1323,1281,201,1480,1362,261,1627,122,469,594,168,677,847,227,874,1095,120,773,899,142,803,947,166,839,1006,197,394,592,227,492,725,217,503,717,571,52,625,630,56,684,750,98,846,450,257,711,585,349,933,627,413,1041,40,31,70,83,47,129,84,47,127,3746,3133,6877,4211,3814,8021,4605,4454,9068
LGA51470,64,16,84,53,20,69,53,17,69,6,20,31,11,19,27,5,13,20,23,9,31,36,3,38,24,3,31,0,11,12,0,6,11,4,14,19,0,22,21,0,24,24,0,25,25,10,11,19,7,8,12,7,8,16,33,9,41,23,4,33,26,3,29,15,12,24,24,16,36,21,19,41,0,0,0,0,0,0,0,0,0,156,109,264,152,103,256,144,106,252
LGA51540,332,198,534,276,188,465,268,181,448,119,183,296,107,191,295,86,195,282,282,53,325,260,49,309,240,37,275,72,167,236,80,165,243,100,178,278,58,245,305,53,246,295,49,214,269,44,121,159,61,108,166,55,129,186,206,17,225,151,11,161,154,13,170,252,152,401,198,165,361,171,159,328,33,21,48,36,19,53,31,22,52,1384,1149,2534,1211,1136,2348,1148,1129,2279
LGA51610,122,51,171,97,51,151,107,56,161,24,39,65,41,56,91,34,69,103,67,19,85,90,13,103,97,27,125,0,31,37,7,31,38,16,48,62,11,48,58,6,88,96,17,81,97,9,29,34,11,33,45,11,32,46,35,8,48,60,10,64,64,12,82,51,22,70,38,18,58,43,23,63,0,3,5,6,5,12,3,4,7,322,247,573,352,301,654,394,352,747
LGA51680,228,113,339,255,152,412,270,167,441,97,126,220,98,154,255,116,210,328,317,88,404,387,104,491,500,96,596,54,120,175,66,149,219,72,216,288,56,248,300,48,294,345,60,312,375,42,111,157,58,112,166,51,123,171,196,26,215,233,33,267,282,57,335,134,116,259,203,124,328,162,141,306,29,10,43,35,18,56,31,15,51,1153,953,2105,1391,1144,2531,1546,1347,2893
LGA51710,63,20,87,64,40,106,55,45,100,49,66,121,30,54,83,27,67,97,134,14,146,130,17,148,134,10,143,30,56,92,57,59,120,49,75,123,25,83,112,28,72,101,21,73,92,3,5,12,0,13,13,3,11,14,74,9,86,92,10,105,75,4,80,73,57,130,77,58,136,54,53,105,17,9,26,19,4,19,14,6,16,483,329,809,501,319,816,427,345,771
LGA51750,509,245,751,547,294,837,648,382,1027,903,880,1779,954,922,1881,1136,1186,2324,175,55,231,173,61,240,194,70,259,156,268,417,143,232,378,203,328,533,113,374,492,124,327,450,128,410,535,164,191,357,165,198,358,160,210,371,60,3,62,55,3,55,68,11,78,114,35,151,115,39,150,130,59,183,35,15,50,38,29,65,41,30,74,2219,2076,4292,2314,2105,4421,2706,2674,5382
LGA51820,3326,1677,5000,3632,2025,5656,4363,2827,7197,3757,4612,8375,4549,5974,10521,6037,8140,14180,7477,1116,8593,7787,1359,9147,8720,1785,10505,1098,3196,4293,1420,3923,5345,1903,5342,7236,1587,5754,7341,1609,5876,7484,1842,6465,8308,1438,2724,4162,1564,3078,4642,1780,3071,4847,3058,332,3388,3008,342,3348,3642,540,4178,2824,1598,4426,2970,1759,4728,3400,2017,5419,451,260,715,566,323,887,621,421,1039,25032,21262,46294,27109,24656,51765,32304,30605,62912
LGA51860,15,8,24,20,6,27,24,16,37,14,19,33,12,15,34,18,20,34,35,4,39,30,3,35,30,8,40,10,20,28,3,22,27,12,23,39,13,20,33,6,20,28,5,18,21,0,6,6,0,6,5,0,7,12,13,0,13,16,0,16,9,3,11,24,6,31,30,4,41,31,10,46,3,0,4,10,4,12,0,0,0,131,89,220,133,94,222,129,112,239
LGA51890,139,111,244,109,120,223,120,107,230,144,202,349,83,202,281,90,207,296,1020,114,1136,655,113,770,666,126,790,60,270,332,48,290,339,50,346,397,52,292,348,45,276,323,37,260,291,49,237,289,42,210,257,53,202,252,600,49,655,500,59,558,453,100,560,429,296,728,245,231,477,291,239,529,62,25,86,43,16,59,51,26,79,2560,1608,4161,1767,1518,3282,1811,1608,3420
LGA51960,56,38,90,35,43,76,50,35,82,79,77,156,57,72,128,44,69,114,345,48,398,288,44,338,250,44,291,28,95,123,20,96,120,20,86,109,19,131,153,15,109,128,18,105,127,7,57,68,7,77,90,14,58,69,516,61,576,358,57,412,328,73,405,109,96,203,69,81,155,50,76,129,31,16,44,11,14,24,20,17,33,1185,622,1804,866,602,1473,797,566,1359
LGA52030,118,50,168,100,44,149,92,43,132,15,28,38,10,18,27,14,18,31,47,10,54,46,3,48,40,10,50,5,22,23,6,15,21,6,17,22,0,34,31,5,46,44,0,46,45,0,11,15,0,10,15,7,15,17,52,9,64,42,9,44,52,6,60,56,25,87,46,24,66,28,23,54,0,0,0,3,0,3,6,4,7,296,189,487,260,169,427,242,189,426
LGA52100,146,60,212,125,60,183,129,63,188,12,37,52,13,44,57,6,31,40,59,16,71,47,12,61,50,6,51,3,41,42,4,23,25,3,34,43,0,50,50,5,47,55,6,50,57,15,18,30,9,16,24,17,20,33,45,8,51,44,9,46,38,4,44,33,21,50,41,23,64,37,19,62,4,0,6,4,4,9,7,0,11,318,244,562,300,229,527,293,233,527
LGA52170,481,225,704,535,234,775,564,258,822,907,725,1636,825,863,1693,929,919,1844,194,58,250,145,45,188,143,42,189,97,180,279,89,170,255,134,226,364,83,285,368,81,241,327,92,283,374,127,170,295,122,125,244,129,153,282,39,10,51,37,0,39,48,5,55,81,25,103,78,31,106,82,29,111,29,21,45,45,25,75,49,35,83,2042,1698,3734,1963,1725,3688,2169,1954,4120
LGA52240,153,64,220,156,68,224,156,66,218,10,26,32,8,22,24,8,16,31,28,14,35,23,17,43,20,14,32,3,22,24,4,22,26,0,27,36,3,37,38,7,33,34,0,41,41,3,9,10,8,18,19,0,9,8,33,5,46,39,6,44,37,13,46,60,26,90,49,39,90,60,38,95,4,5,5,3,7,14,5,8,15,297,203,503,291,231,526,292,227,525
LGA52310,93,42,135,78,39,115,82,32,108,9,30,48,11,33,40,12,33,42,40,7,51,47,10,53,35,10,46,4,21,27,5,26,32,0,31,34,8,41,43,3,31,35,4,43,50,4,24,32,0,17,17,7,15,26,38,0,38,31,3,36,35,0,35,35,19,55,32,8,41,42,28,75,5,4,12,3,3,7,0,0,3,238,190,429,203,168,373,226,197,419
LGA52380,10,9,22,9,9,18,7,9,15,4,9,10,6,7,10,0,0,6,3,6,9,4,3,4,21,0,21,3,0,8,0,0,0,5,5,3,3,8,4,0,8,8,0,4,4,0,3,3,0,4,5,0,3,3,13,0,13,6,0,6,40,5,43,5,12,17,5,0,8,13,9,12,3,0,3,0,0,0,0,4,6,41,43,84,39,30,66,85,25,111
LGA52450,128,37,160,129,42,172,122,32,148,19,36,55,32,38,65,18,32,48,82,14,97,82,10,88,68,14,86,9,36,42,9,43,48,13,41,50,3,69,65,4,54,62,6,51,58,27,18,42,23,21,43,18,26,43,45,8,51,49,9,52,50,9,52,45,36,86,47,36,80,47,37,80,5,3,8,4,0,4,5,5,11,355,253,610,373,244,619,340,239,580
LGA52520,209,78,287,192,58,257,178,61,239,11,43,51,16,37,55,21,57,79,67,14,85,83,12,104,70,12,80,0,36,37,3,37,36,4,26,31,3,58,65,5,72,78,8,71,75,13,28,42,19,19,42,10,25,33,58,3,70,51,7,56,58,10,63,43,34,77,59,33,95,38,27,63,3,4,10,0,0,0,3,0,10,421,301,724,434,290,723,390,281,671
LGA52590,243,121,366,230,130,361,207,119,330,53,84,137,45,83,128,69,120,186,179,31,215,176,34,211,191,39,229,20,72,92,18,78,95,22,96,115,17,134,144,14,141,155,10,143,155,23,63,82,22,52,74,32,64,91,133,19,159,120,15,135,143,37,187,135,88,230,174,96,265,149,106,254,22,7,23,9,9,20,13,13,25,831,622,1446,805,642,1453,847,730,1571
LGA52660,421,231,655,378,258,632,436,272,707,282,400,675,283,483,760,332,599,934,1136,184,1317,1120,196,1315,1127,204,1330,79,433,515,105,549,654,143,644,793,114,656,771,121,632,753,141,689,832,180,432,614,175,495,674,196,457,655,616,76,695,713,57,770,734,83,816,480,303,779,483,280,762,525,324,844,53,34,84,78,29,102,76,42,117,3369,2731,6102,3457,2968,6425,3716,3314,7025
LGA52730,273,191,467,258,169,424,301,201,503,198,238,435,195,269,466,200,325,528,280,56,336,303,57,361,319,77,397,53,159,211,68,178,252,72,209,277,37,200,238,45,201,244,39,193,228,60,115,173,66,122,188,68,108,179,101,7,113,103,9,113,118,11,131,138,97,236,170,120,295,172,137,310,22,11,32,15,10,26,24,20,45,1166,1073,2240,1230,1139,2370,1306,1284,2592
LGA52800,160,88,251,145,107,252,122,109,236,181,324,504,166,324,496,158,309,462,250,46,299,223,44,265,174,26,202,178,205,377,199,250,450,194,241,435,46,219,266,48,207,249,38,174,215,34,71,101,45,65,111,34,53,83,151,23,168,89,6,94,89,8,95,398,147,542,240,90,327,144,66,207,61,39,104,42,34,74,39,24,64,1456,1157,2614,1197,1123,2323,992,1008,2001
LGA52870,295,175,474,291,165,461,282,207,485,122,204,331,113,215,329,125,264,385,337,61,391,340,67,404,394,72,463,31,184,218,41,187,222,61,209,273,46,191,236,38,211,252,39,212,252,52,114,165,55,122,184,49,106,155,212,19,234,254,22,278,285,41,320,236,140,372,180,161,339,206,168,373,31,14,42,32,10,42,24,24,53,1361,1100,2468,1349,1160,2513,1470,1308,2774
LGA52940,99,36,137,89,35,121,84,40,129,10,20,29,9,16,25,6,20,23,26,12,37,26,0,28,23,3,31,3,22,23,5,23,24,3,26,28,0,24,24,4,24,26,4,28,29,8,5,8,0,8,12,0,6,6,22,0,25,28,3,23,33,5,31,19,14,29,25,13,37,27,14,35,3,4,10,0,9,8,3,0,0,185,133,321,176,128,305,180,139,318
LGA53010,131,42,174,112,46,158,89,38,127,0,27,27,4,29,32,3,22,27,15,14,22,19,4,27,22,9,33,4,19,19,4,22,25,4,18,27,5,24,28,0,26,27,0,26,26,5,4,8,3,8,13,0,7,11,18,0,21,18,0,19,15,0,13,19,6,27,25,12,36,27,10,41,0,0,0,0,0,0,3,6,4,203,138,335,184,144,328,175,137,312
LGA53080,32,22,60,27,23,44,15,20,38,21,19,43,4,22,26,16,17,35,81,23,103,43,18,64,17,12,33,19,38,59,7,13,24,15,15,34,12,27,35,8,21,29,4,20,25,7,20,24,8,11,15,11,8,21,114,11,126,41,0,41,33,3,30,28,38,60,30,18,50,19,25,41,0,10,10,9,3,14,0,3,0,319,203,515,178,130,308,135,128,262
LGA53150,394,205,597,430,235,664,485,287,772,623,706,1326,615,734,1345,644,868,1509,275,53,334,289,61,357,260,62,318,108,172,276,117,230,343,128,279,408,97,365,462,78,348,427,88,317,408,96,167,265,118,160,280,122,168,290,69,9,77,77,12,88,76,10,78,123,43,164,114,51,166,135,49,188,28,32,58,27,29,57,22,26,43,1825,1743,3566,1857,1863,3721,1961,2060,4016
LGA53220,254,122,379,254,148,399,197,117,313,535,318,856,377,273,650,287,239,528,1799,133,1934,1540,134,1667,1193,175,1366,96,193,291,79,162,240,96,208,307,113,390,503,93,226,314,67,235,305,15,109,122,20,102,119,53,98,144,1711,222,1937,1473,298,1775,968,271,1239,451,282,735,346,220,569,354,208,562,64,20,85,94,26,119,61,38,97,5051,1798,6843,4273,1580,5850,3262,1590,4859
LGA53290,827,414,1240,741,384,1121,731,435,1166,326,444,774,331,491,831,292,517,811,849,156,1005,806,167,975,825,155,978,83,450,531,86,448,529,97,468,567,92,641,731,105,630,732,88,633,714,170,373,548,199,376,571,184,337,515,564,54,618,613,53,663,684,97,775,500,323,822,513,337,844,484,335,820,59,30,86,71,27,100,100,56,153,3464,2895,6360,3465,2918,6379,3481,3022,6504
LGA53360,114,66,177,125,75,195,140,87,226,76,76,150,96,109,206,121,142,256,225,38,257,237,45,279,278,45,322,56,77,132,61,105,164,68,171,231,31,140,173,25,138,164,25,176,198,27,79,107,42,83,121,49,80,131,54,13,70,64,9,69,74,9,76,110,76,185,96,83,181,123,110,236,10,6,14,18,7,26,21,18,43,695,565,1267,754,653,1411,899,836,1733
LGA53430,1069,603,1669,1160,764,1927,1474,1016,2481,2040,2510,4550,2140,2791,4925,2725,3491,6213,1405,300,1703,1295,310,1601,1418,405,1824,392,854,1244,460,967,1430,634,1266,1907,364,1230,1595,360,1094,1454,375,1131,1509,356,590,942,376,624,997,370,587,955,456,59,515,438,62,505,434,84,520,675,271,944,601,286,886,622,299,920,92,55,146,146,94,239,151,83,238,6847,6470,13316,6983,6993,13973,8205,8363,16569
LGA53570,296,148,452,275,158,429,306,179,481,66,94,153,59,99,158,73,138,215,225,61,285,276,54,338,316,51,371,32,86,123,29,105,138,22,130,158,30,178,211,22,191,212,21,222,244,23,85,107,29,98,129,36,84,115,199,22,215,199,31,231,244,50,296,214,150,365,261,219,485,293,256,547,25,15,42,23,19,38,38,26,63,1106,851,1955,1183,970,2155,1352,1137,2487
LGA53640,196,76,274,159,69,230,146,66,208,11,35,45,15,29,42,10,31,44,49,12,65,66,20,80,63,14,81,3,36,36,5,23,26,3,18,21,5,48,51,7,55,66,6,46,49,11,12,30,14,8,22,10,17,26,41,4,50,40,3,40,51,10,57,45,22,69,60,32,93,61,37,99,6,4,5,6,0,10,5,9,10,373,254,624,358,243,600,357,252,610
LGA53710,116,39,154,108,33,140,96,35,129,17,26,42,11,29,40,10,31,44,42,9,49,40,14,51,46,19,62,10,30,38,6,32,40,3,36,41,9,50,53,7,53,51,5,42,49,3,18,20,4,21,23,7,10,17,33,4,35,39,6,44,38,10,52,19,18,43,30,20,47,37,12,50,4,4,9,5,3,6,3,4,8,243,201,444,249,203,442,242,200,440
LGA53780,2962,1525,4483,2794,1634,4426,2990,1861,4848,3428,3845,7280,3754,4380,8131,4548,5270,9817,8029,1323,9351,8061,1280,9340,8262,1551,9809,1361,3539,4901,1583,4246,5830,1895,5388,7286,1987,6457,8447,1903,5517,7417,2024,5414,7434,1682,3046,4723,1985,3175,5156,1816,3107,4916,4681,583,5261,4774,541,5318,5498,723,6217,3566,2238,5803,3880,2470,6347,4194,2759,6947,513,311,826,622,350,976,709,405,1116,28207,22860,51071,29336,23597,52934,31927,26460,58391
LGA53800,1275,675,1951,1156,682,1838,1133,749,1878,992,1536,2531,990,1701,2687,1052,1981,3032,2784,417,3201,2439,399,2839,2575,442,3012,423,1332,1756,439,1481,1921,569,1852,2421,348,1894,2239,313,1755,2066,339,1692,2036,481,1138,1622,529,1089,1619,559,1056,1618,1597,147,1740,1360,131,1493,1458,190,1645,1245,728,1975,1188,746,1931,1290,754,2043,148,97,242,199,110,311,172,112,282,9288,7965,17250,8617,8089,16697,9139,8820,17963
LGA53920,65,41,105,46,43,83,60,51,110,69,126,197,63,106,169,63,100,161,95,21,114,61,13,76,64,15,86,59,107,166,71,79,152,78,102,176,15,66,86,14,42,56,15,42,54,4,12,20,5,16,19,9,20,26,52,0,56,27,0,28,34,7,37,143,71,219,67,30,95,48,36,84,32,12,41,22,10,36,26,19,48,547,451,995,360,343,701,394,393,786
LGA53990,852,430,1283,761,456,1211,800,513,1314,572,827,1393,561,929,1490,619,1173,1797,1858,288,2144,1975,318,2290,2236,430,2670,167,723,886,201,935,1137,254,1205,1461,220,1134,1356,196,1151,1351,210,1269,1485,242,668,914,309,809,1118,302,728,1030,1084,113,1198,1129,98,1226,1357,191,1550,994,612,1605,1025,629,1653,1163,770,1933,90,63,153,129,73,197,161,84,246,6085,4851,10937,6284,5396,11681,7115,6372,13484
LGA54060,150,93,246,132,74,206,124,81,211,60,117,180,47,104,156,55,116,172,261,36,302,233,38,270,237,48,282,13,88,104,15,108,125,25,119,140,16,146,163,29,139,169,11,129,137,23,85,107,13,77,89,28,88,118,139,20,153,116,13,122,124,33,156,136,94,233,124,88,211,119,93,210,8,11,18,29,8,38,33,13,42,819,692,1511,743,653,1391,748,709,1465
LGA54130,186,93,282,165,86,249,148,88,241,10,29,36,11,24,39,18,33,49,56,10,66,60,10,70,52,12,68,4,26,31,0,24,22,0,21,26,4,40,40,6,36,39,8,41,48,4,18,22,0,20,21,5,13,17,26,0,32,38,11,48,36,12,46,37,22,63,50,24,78,63,31,90,3,3,11,10,0,10,3,3,4,336,245,579,339,232,569,328,262,589
LGA54170,7130,2934,10067,6779,3269,10046,7507,3919,11428,8614,9572,18184,8281,10270,18544,9049,12103,21153,12034,1771,13801,10853,1674,12526,10781,1915,12693,2424,5793,8222,2478,5878,8356,2836,6758,9590,2947,11005,13950,2454,9417,11874,2494,9181,11672,3110,5232,8345,2936,4812,7752,2579,4213,6794,3238,342,3578,2902,282,3182,3192,380,3570,4044,1863,5906,3771,1751,5519,3868,1783,5652,585,389,974,727,447,1172,689,499,1187,44124,38903,83024,41182,37794,78975,42996,40747,83741
LGA54200,2147,987,3134,2013,1008,3018,2194,1244,3443,2043,2454,4494,1995,2652,4649,2280,3162,5442,4165,658,4823,4160,674,4829,4234,780,5011,599,1847,2449,694,2071,2765,770,2369,3138,961,3670,4631,907,3367,4276,876,3306,4186,789,1601,2392,816,1563,2383,759,1438,2198,2221,229,2445,2283,292,2572,2323,361,2690,1483,856,2338,1463,881,2344,1485,892,2378,252,171,424,250,157,413,280,213,491,14665,12474,27142,14591,12663,27253,15207,13769,28979
LGA54280,918,541,1457,816,507,1322,804,583,1386,940,1203,2145,902,1231,2131,905,1340,2246,3111,399,3510,2770,392,3158,2924,463,3390,325,939,1269,329,1040,1371,350,1069,1414,292,1666,1959,226,1373,1599,224,1458,1687,280,827,1109,303,858,1160,286,711,994,2169,338,2507,2205,387,2589,2041,504,2545,857,639,1498,706,592,1299,740,628,1372,172,86,259,184,94,271,155,105,265,9064,6643,15709,8433,6464,14900,8438,6858,15298
LGA54310,759,356,1120,654,406,1053,683,501,1183,818,798,1616,682,841,1520,626,1004,1631,2937,243,3182,2360,271,2627,2441,404,2850,203,511,715,223,670,900,253,775,1029,394,1217,1612,311,956,1265,264,987,1252,146,421,565,188,439,624,175,427,604,1228,211,1439,1191,207,1399,989,226,1216,980,438,1421,642,425,1064,687,443,1128,193,63,254,166,74,231,162,70,239,7658,4273,11928,6419,4279,10697,6286,4841,11129
LGA54340,195,102,301,169,99,265,158,77,241,85,137,220,88,131,218,63,144,207,241,46,288,214,37,251,219,56,272,33,119,155,33,116,143,40,143,181,25,152,177,16,140,160,33,152,180,59,91,151,62,90,147,60,81,141,88,7,97,94,13,109,101,12,111,224,136,359,290,135,427,306,141,447,25,19,41,27,9,36,27,13,37,980,810,1790,985,772,1758,1003,810,1816
LGA54410,83,28,107,84,34,121,77,30,103,7,43,44,10,36,39,8,40,49,60,13,73,58,13,78,52,8,61,9,39,44,5,58,68,10,48,59,5,44,49,0,32,36,3,34,34,12,17,30,8,12,21,8,18,31,33,8,40,39,4,41,37,0,44,43,26,68,44,31,71,40,33,79,6,0,9,5,8,5,5,0,11,250,209,461,265,222,483,247,224,472
LGA54480,143,55,199,111,46,154,89,41,125,0,14,12,0,15,20,0,15,20,8,4,10,15,0,17,7,6,12,0,13,11,0,13,13,0,12,12,0,19,17,0,22,27,0,17,15,0,4,0,0,3,5,5,0,5,15,0,16,22,3,27,29,3,32,12,10,18,24,15,38,33,14,42,4,0,6,4,0,4,6,0,6,179,114,294,181,122,295,159,104,258
LGA54550,261,124,387,238,112,355,225,113,340,24,63,81,22,81,99,20,71,89,91,25,119,76,25,98,81,25,100,12,50,61,8,52,59,9,60,65,5,55,62,11,68,75,7,66,71,23,36,57,10,28,43,14,32,42,46,9,60,66,11,74,61,14,79,74,48,126,94,41,138,115,53,165,3,7,12,10,8,19,6,6,16,543,419,961,538,422,961,534,434,967
LGA54620,142,68,210,133,63,195,117,59,174,16,30,46,3,18,24,5,15,24,73,16,88,52,14,62,43,7,44,6,36,41,3,30,33,9,31,38,3,32,38,4,42,43,3,40,40,12,9,19,4,12,14,3,13,19,67,6,75,46,3,46,42,9,43,37,16,57,33,26,60,32,23,60,6,5,12,4,0,11,7,4,12,364,222,585,283,206,485,261,193,459
LGA54690,68,21,83,51,15,68,48,26,72,0,8,6,0,9,9,4,4,9,19,5,28,16,4,19,5,7,14,0,9,16,0,14,11,0,12,16,0,22,22,3,18,19,0,14,15,0,0,8,0,7,7,4,6,8,15,3,18,9,9,16,22,5,26,13,12,19,20,10,32,16,9,24,0,0,3,3,0,5,0,4,3,129,76,199,107,84,188,109,83,193
LGA54760,160,69,233,140,61,198,129,51,175,11,30,40,8,31,39,8,33,42,26,3,29,23,9,32,19,4,31,0,33,33,3,13,18,0,23,20,0,23,25,0,24,27,0,25,28,0,10,5,4,13,16,0,9,15,25,0,30,21,4,27,26,5,33,33,11,42,35,9,47,36,18,51,3,6,7,8,3,5,0,0,6,265,191,452,245,165,410,224,177,404
LGA54830,590,399,991,793,505,1296,931,746,1679,569,799,1370,1013,1369,2379,1318,1862,3181,2300,358,2651,2667,442,3104,3309,605,3915,354,1002,1354,514,1454,1964,703,2126,2829,405,1431,1832,502,1680,2182,633,1978,2613,346,823,1169,497,1129,1627,607,1180,1791,1370,163,1528,1656,186,1844,2152,316,2465,973,659,1637,1272,812,2082,1474,1100,2575,121,75,194,191,132,325,207,133,340,7023,5707,12730,9107,7704,16806,11332,10044,21377
LGA54900,266,112,373,209,91,301,214,98,304,8,43,55,12,39,51,14,41,57,69,16,87,80,14,99,61,11,71,3,33,35,3,29,30,5,34,40,6,67,70,5,59,60,8,57,61,12,17,20,17,17,30,16,22,38,45,8,50,46,8,55,56,20,71,59,33,86,46,34,73,51,29,81,12,0,19,5,0,8,11,7,23,479,330,807,419,294,707,433,317,744
LGA54970,35,21,52,19,17,37,30,16,47,49,25,76,38,27,62,37,26,66,174,22,195,141,9,154,92,10,106,23,29,54,22,23,42,15,22,41,13,30,44,7,25,34,3,26,30,0,4,3,0,6,10,0,4,4,202,14,218,181,13,193,153,28,180,66,24,94,43,8,55,30,9,41,8,4,11,8,0,8,9,0,7,569,180,751,462,134,595,368,147,518
LGA55040,68,30,93,38,26,61,32,28,62,106,59,162,45,35,83,21,26,52,277,35,314,130,9,139,112,21,138,27,36,58,18,30,46,22,39,62,22,78,100,10,41,48,11,52,69,3,20,21,4,11,13,9,16,17,360,34,395,177,20,192,146,19,165,98,55,155,44,35,81,59,35,97,11,7,16,8,0,9,11,4,16,977,343,1320,461,206,674,423,241,669
LGA55110,1670,909,2574,1699,1118,2824,2009,1480,3489,1546,2138,3688,1623,2744,4361,1899,3314,5215,4873,751,5630,5280,827,6109,5627,1113,6739,620,2384,3005,801,2949,3747,1057,4007,5061,566,2856,3423,631,2950,3578,656,3108,3765,828,2129,2956,984,2253,3231,1037,2400,3438,2521,246,2768,2832,334,3166,3350,585,3937,2158,1107,3263,2181,1323,3502,2446,1449,3895,294,135,422,318,203,515,419,216,632,15077,12651,27730,16347,14691,31041,18486,17674,36163
LGA55180,585,285,868,543,301,851,559,325,886,198,290,492,182,296,480,162,307,463,449,104,550,469,87,559,457,108,568,67,306,372,82,280,354,98,332,427,68,384,458,62,382,443,51,348,401,110,238,346,111,245,355,108,213,320,342,23,360,370,12,382,357,30,389,466,313,775,380,305,686,455,350,812,34,31,68,43,29,68,46,30,73,2320,1966,4288,2247,1933,4181,2290,2049,4339
LGA55250,53,22,77,37,27,65,49,29,75,50,34,85,49,35,85,36,28,60,106,11,116,70,7,74,82,9,85,26,28,50,14,28,43,19,25,47,7,46,48,9,23,29,9,27,38,6,6,15,0,8,12,12,9,18,131,15,150,85,3,83,77,7,87,56,25,81,38,21,59,29,33,60,11,6,21,11,10,15,8,12,12,446,198,648,309,154,464,313,165,483
LGA55320,4843,2081,6923,4706,2219,6926,5203,2709,7912,7008,7393,14399,6815,7758,14570,7957,9209,17167,4715,935,5656,4168,892,5063,4308,1039,5352,1419,2898,4318,1381,2987,4365,1551,3456,5008,1815,5916,7732,1587,4987,6574,1632,5167,6802,1757,2602,4356,1803,2481,4282,1683,2441,4135,1385,144,1524,1315,167,1483,1510,224,1728,1941,853,2787,1909,849,2758,1951,958,2908,406,277,683,383,265,645,412,326,734,25281,23094,48375,24062,22604,46663,26217,25535,51746
LGA55390,9,4,14,10,7,20,10,3,15,4,11,16,18,13,31,17,14,30,3,0,7,54,0,54,57,4,60,6,7,13,5,8,14,0,7,7,3,7,12,13,12,18,0,9,14,0,0,0,0,0,0,0,0,0,13,3,20,41,3,48,87,7,90,28,6,37,20,12,30,15,11,24,3,0,9,7,0,7,0,0,3,74,56,122,165,58,217,192,52,247
LGA55460,204,93,302,184,92,273,164,95,258,84,121,202,71,122,194,55,109,165,227,36,260,198,38,242,190,38,222,29,98,124,24,105,133,29,125,155,16,169,179,21,147,170,28,124,151,40,84,123,48,82,131,47,65,112,164,18,178,174,20,192,150,17,173,112,57,172,99,57,154,83,68,148,19,9,24,13,9,23,23,13,34,890,678,1567,830,667,1498,764,653,1414
LGA55530,60,19,83,59,37,93,50,30,83,4,12,18,0,7,7,0,11,13,15,4,20,21,5,27,13,3,14,5,11,15,3,8,10,0,12,14,0,16,18,3,18,16,0,9,9,3,9,4,4,10,13,3,9,9,30,5,30,27,9,34,18,4,20,17,11,33,11,5,18,21,5,20,3,0,3,3,0,3,0,3,3,141,94,228,136,97,230,105,75,184
LGA55600,224,102,324,197,85,290,186,78,267,38,90,130,40,68,108,35,84,115,148,25,171,138,21,157,123,23,144,16,79,90,10,80,96,12,95,106,9,121,136,14,112,124,8,102,110,36,58,94,34,50,85,22,38,58,106,12,113,104,8,108,96,15,113,112,60,169,103,53,152,76,62,144,10,7,17,11,4,9,8,6,16,700,553,1249,644,492,1138,581,497,1078
LGA55670,79,32,109,64,37,98,64,30,95,11,31,43,10,30,38,7,25,32,45,5,48,24,3,29,9,5,17,13,25,36,6,18,26,5,15,26,7,32,42,3,20,18,0,20,20,8,12,19,7,14,20,3,5,12,43,3,52,22,0,26,22,4,19,20,26,40,21,13,36,16,13,28,5,3,6,9,0,6,3,0,3,222,176,400,162,136,302,131,115,249
LGA55740,442,211,656,487,231,717,559,286,836,768,761,1526,715,815,1535,833,904,1733,277,63,340,241,57,301,221,60,278,116,269,384,133,269,395,138,347,482,124,361,481,112,344,451,110,310,424,150,221,368,145,177,320,142,179,321,68,7,83,57,9,69,91,7,99,164,63,232,147,72,212,158,79,235,31,23,50,38,23,62,46,26,65,2145,1974,4123,2068,1992,4062,2284,2202,4486
LGA55810,20,14,34,12,8,24,13,11,25,15,16,34,9,12,26,8,16,26,53,7,60,21,7,23,19,5,27,7,13,21,3,3,8,8,8,12,6,18,25,4,11,11,4,13,16,0,9,7,3,4,10,0,7,7,25,0,27,10,0,17,21,9,29,22,19,44,12,12,26,17,11,28,4,0,0,9,3,9,5,3,6,153,96,254,86,64,151,100,76,179
LGA55880,105,49,148,86,51,140,77,41,116,0,20,23,3,16,22,0,11,13,21,0,22,19,9,28,14,4,23,0,8,9,3,7,11,5,12,14,0,17,16,0,13,15,0,16,18,0,3,3,0,9,6,0,3,3,14,3,20,18,3,27,14,10,22,18,13,24,16,12,27,21,11,36,0,0,0,0,4,9,0,3,3,165,109,272,161,118,274,133,108,249
LGA55950,80,51,127,77,33,110,72,35,112,9,18,21,6,21,28,11,15,29,26,0,31,25,3,30,30,3,33,5,10,16,0,13,16,8,11,13,0,16,16,0,23,23,0,17,21,5,9,13,7,7,12,6,8,11,22,3,22,23,6,26,24,5,28,19,6,28,21,8,31,17,12,20,5,0,5,0,5,4,0,3,7,161,117,281,168,111,276,166,108,270
LGA56090,1441,670,2108,1382,705,2087,1472,883,2355,1521,1834,3362,1411,2037,3444,1624,2275,3891,2611,466,3081,2542,478,3019,2633,524,3161,494,1222,1715,501,1343,1838,539,1541,2079,565,2264,2827,474,1947,2425,486,1902,2385,592,1049,1641,539,984,1526,507,938,1445,1151,114,1263,1137,137,1280,1205,173,1375,921,517,1442,931,530,1468,880,528,1410,134,100,233,190,121,306,203,149,358,9428,8240,17667,9111,8280,17393,9550,8914,18464
LGA56160,11,8,24,12,3,19,13,5,21,0,0,3,0,3,3,0,0,0,4,0,4,3,0,8,4,3,3,0,0,0,0,6,8,0,0,4,0,3,3,0,7,7,0,0,0,0,0,0,0,0,0,0,0,0,3,0,3,7,0,7,0,0,0,6,0,8,9,0,8,3,4,9,0,0,0,0,0,0,4,0,4,31,18,45,25,23,52,29,16,40
LGA56230,401,248,653,410,271,679,437,337,777,243,375,614,217,463,679,268,519,787,1064,199,1264,1094,203,1300,1244,304,1553,128,427,551,136,518,654,164,706,874,66,527,594,87,561,646,92,613,698,145,344,490,162,437,602,162,450,610,749,88,833,784,125,906,899,155,1055,459,283,743,477,333,808,512,364,879,62,35,99,100,36,142,92,43,141,3314,2526,5842,3476,2946,6418,3874,3494,7368
LGA56300,89,49,136,80,50,134,87,64,151,26,42,77,17,45,61,23,53,80,60,12,76,61,13,76,71,12,83,8,45,53,3,44,49,14,45,54,9,47,55,3,24,30,13,42,57,12,31,34,14,32,40,6,14,23,47,4,43,46,5,48,41,8,52,58,50,104,45,42,93,72,49,119,9,8,8,9,0,14,10,5,8,312,278,590,286,259,539,328,293,617
LGA56370,131,52,187,113,50,165,111,43,146,4,27,33,7,24,33,8,26,34,37,9,53,35,11,42,27,4,36,4,23,25,10,21,27,0,19,20,5,30,33,0,36,36,4,24,26,5,9,11,6,10,20,3,10,16,22,0,28,25,0,22,21,4,22,28,19,49,30,26,51,26,27,53,7,3,7,4,0,10,4,0,4,252,171,419,236,177,409,200,161,362
LGA56460,239,110,351,213,95,309,220,120,339,121,232,351,123,223,346,101,230,336,309,52,361,286,54,345,268,56,323,47,205,251,56,194,251,55,201,258,49,216,262,21,190,215,34,182,221,62,109,173,72,103,171,56,96,160,127,10,136,132,10,145,147,17,162,190,88,277,179,93,272,175,109,282,25,9,35,23,9,32,21,14,31,1175,1030,2211,1108,984,2095,1090,1023,2119
LGA56580,1187,516,1708,1160,521,1680,1306,730,2036,2330,1945,4273,2358,2097,4458,2605,2384,4989,364,109,476,326,108,438,357,127,484,276,446,723,375,433,805,391,548,937,273,890,1164,271,831,1096,277,779,1059,342,440,780,295,386,690,295,373,671,124,12,134,106,12,121,132,20,154,247,89,337,242,95,334,281,84,364,83,43,128,104,52,157,94,68,158,5226,4492,9715,5222,4547,9767,5737,5114,10851
LGA56620,26,20,46,21,16,42,22,16,38,32,41,71,30,50,77,23,59,86,10,0,12,7,0,12,6,3,7,33,47,73,21,61,78,7,30,35,20,18,36,10,6,18,12,6,22,3,0,6,5,9,14,4,0,0,5,0,5,4,0,4,8,0,6,89,65,157,25,10,33,23,4,22,12,6,20,3,8,10,5,0,5,234,200,436,129,151,282,99,122,221
LGA56730,376,219,599,331,186,513,333,242,573,214,336,552,185,369,551,208,373,579,620,123,744,598,114,715,608,130,739,130,349,479,137,380,519,134,434,571,122,488,604,94,480,574,84,459,545,109,256,365,121,251,365,122,293,415,379,45,424,389,50,444,413,51,465,373,242,618,368,211,582,371,228,605,42,31,69,38,26,68,50,37,88,2370,2088,4463,2272,2067,4338,2326,2252,4577
LGA56790,232,126,364,214,114,326,204,105,308,62,83,141,50,91,142,52,89,138,124,28,151,120,25,145,121,26,142,24,103,128,27,114,137,23,109,136,3,93,98,15,102,107,10,99,109,16,68,82,26,73,93,22,59,78,120,11,127,118,15,134,114,12,127,134,86,216,158,91,245,136,95,233,10,17,26,18,10,32,26,5,33,736,619,1349,743,629,1373,711,598,1306
LGA56860,30,9,40,24,9,30,29,13,37,3,10,11,4,11,13,0,8,7,9,4,11,8,3,12,7,0,10,0,11,8,0,9,9,0,8,12,0,9,9,0,16,12,0,9,10,0,0,3,0,3,8,0,3,3,10,0,8,16,5,17,10,0,13,8,0,5,9,4,10,7,7,12,0,0,0,0,0,0,0,0,0,56,45,104,59,51,109,55,44,98
LGA56930,97,41,138,109,44,159,127,57,184,136,113,244,149,139,291,164,122,280,17,8,27,22,8,36,20,3,28,20,25,37,16,48,59,27,45,78,16,43,62,18,51,67,17,48,65,26,25,51,21,28,43,17,31,51,9,0,9,6,0,6,6,3,10,12,5,17,11,9,15,12,7,21,12,5,14,9,11,16,9,8,17,340,269,606,355,338,694,404,330,737
LGA57000,111,39,148,85,43,127,81,31,119,37,26,59,4,18,27,11,11,25,95,7,104,66,0,69,22,6,32,8,9,20,4,8,14,3,15,18,7,41,47,5,18,25,3,22,25,0,8,8,0,5,5,0,5,3,108,0,108,69,9,80,45,9,57,75,16,96,32,13,42,25,13,35,5,4,14,8,0,4,4,0,4,438,159,597,267,115,384,197,114,308
LGA57080,1061,509,1568,1203,676,1878,1404,849,2254,2477,1652,4137,2575,1916,4486,3463,2674,6138,804,182,982,902,306,1208,1120,408,1527,373,573,941,551,852,1401,745,1349,2092,426,940,1367,471,940,1413,611,1163,1775,266,325,596,366,481,843,420,569,986,201,19,227,269,31,298,471,72,550,433,240,670,577,344,918,655,466,1124,111,52,160,121,97,221,151,100,249,6163,4487,10652,7037,5637,12671,9046,7655,16702
LGA57140,99,48,145,89,44,130,79,36,112,12,37,44,14,27,31,5,33,41,47,7,54,36,11,49,44,13,53,4,27,34,6,35,40,6,32,38,4,27,38,7,37,43,4,26,35,4,11,15,3,16,20,7,11,19,40,3,42,36,7,39,22,7,29,40,30,67,40,16,56,35,20,59,10,3,12,0,3,8,8,0,10,263,190,451,230,188,420,210,180,391
LGA57210,370,196,563,333,178,503,338,182,523,77,148,225,70,143,220,82,175,257,215,53,265,209,60,266,228,61,287,53,133,186,57,144,200,53,163,219,29,186,218,24,203,226,32,191,221,44,82,134,41,111,151,45,102,143,159,19,181,156,19,176,174,30,205,230,143,374,233,121,355,267,133,401,17,7,29,18,9,22,34,22,55,1196,975,2171,1138,981,2121,1247,1060,2308
LGA57280,478,247,726,384,269,651,397,335,731,477,566,1045,346,564,914,373,655,1020,1723,165,1885,1595,189,1782,1678,262,1938,131,334,465,124,442,565,135,516,650,190,823,1012,159,640,798,159,709,871,91,250,343,120,316,433,120,313,431,948,120,1062,838,138,979,931,236,1161,572,298,872,449,305,760,430,337,774,111,35,148,124,48,168,135,71,202,4724,2827,7548,4134,2913,7047,4354,3425,7782
LGA57350,103,42,150,79,41,123,75,34,107,7,36,42,12,24,36,4,19,25,36,17,56,30,4,37,22,3,27,3,31,38,3,34,37,7,27,34,5,33,33,7,21,30,0,24,24,10,18,22,7,14,18,10,7,17,39,8,44,28,6,35,22,7,27,27,20,41,40,14,58,21,15,35,5,0,5,0,0,0,0,0,0,236,198,432,209,163,371,166,129,296
LGA57420,195,79,271,136,79,215,145,73,219,46,54,100,20,32,59,38,59,99,191,26,212,103,23,127,140,29,166,12,40,54,13,34,47,9,54,66,17,77,94,17,50,63,12,80,93,8,32,35,13,24,36,7,30,40,156,28,183,101,16,116,150,31,182,73,49,119,63,42,102,63,59,112,3,4,9,4,6,5,21,8,34,687,389,1082,468,301,776,583,417,997
LGA57490,2900,1628,4523,3103,1883,4980,3601,2448,6050,2700,3504,6208,2877,4469,7347,3328,5660,8990,8920,1305,10228,9639,1570,11215,10344,1890,12233,1626,4082,5707,1956,5133,7085,2354,6810,9169,1414,5195,6613,1360,5522,6875,1498,5793,7292,1268,3232,4502,1530,3776,5314,1600,3767,5361,3962,409,4372,4618,464,5081,5277,766,6046,3391,1815,5212,3817,2141,5957,4229,2518,6742,491,244,739,651,332,982,723,430,1145,26676,21417,48100,29547,25292,54838,32954,30071,63025
LGA57630,9,0,14,7,5,14,8,0,10,0,7,7,0,5,5,0,0,0,3,0,7,3,0,3,3,0,3,0,4,4,0,3,3,0,0,5,0,5,3,0,6,6,0,3,3,0,0,0,0,0,0,0,0,0,8,0,12,3,4,8,9,0,8,0,3,0,3,5,8,7,5,8,0,0,0,0,0,0,0,0,5,26,19,45,21,15,40,25,16,44
LGA57700,664,380,1043,821,492,1315,1027,669,1696,424,611,1034,606,936,1543,718,1303,2025,1631,275,1908,2293,407,2706,2682,551,3232,203,578,777,310,1040,1350,398,1513,1913,213,1171,1386,319,1514,1833,409,1800,2205,202,495,696,313,824,1139,366,846,1211,880,87,968,1385,139,1520,1599,278,1879,524,341,859,776,482,1260,955,594,1555,78,58,132,129,75,200,213,129,341,4825,3988,8812,6952,5924,12872,8377,7679,16059
LGA57770,41,28,72,42,36,78,41,32,67,26,24,47,30,21,49,29,24,51,63,11,70,62,5,71,61,15,76,14,33,43,16,34,50,14,45,61,7,49,52,4,32,37,10,41,46,10,24,37,6,22,34,12,28,30,41,4,42,25,0,25,36,4,36,48,29,79,47,20,70,46,36,84,7,0,5,5,0,5,12,6,14,247,203,448,239,183,422,248,226,475
LGA57840,2057,1085,3136,2065,1135,3204,2236,1272,3507,3754,3544,7295,3592,3683,7273,4172,4458,8629,1770,367,2135,1603,392,1989,1532,429,1962,603,1182,1789,672,1273,1947,760,1594,2356,803,2415,3210,716,2021,2728,712,1990,2709,767,994,1768,693,950,1643,733,914,1645,553,46,601,514,64,578,634,83,724,778,359,1135,719,368,1088,779,412,1194,165,100,264,186,114,300,207,147,355,11246,10084,21328,10764,9993,20758,11776,11302,23079
LGA57910,7718,4188,11902,8220,4721,12939,9368,5984,15355,12789,13344,26140,12662,14982,27644,15469,18289,33757,11321,2104,13425,11589,2342,13933,11545,2780,14326,2947,6123,9069,3425,7407,10832,4151,9600,13749,3503,11481,14983,3363,10532,13895,3591,10767,14362,3677,5256,8932,3839,5460,9297,3776,5493,9265,4220,529,4747,4196,493,4690,5046,747,5796,5394,2679,8071,5547,3096,8643,6057,3654,9717,897,557,1456,929,630,1559,1085,816,1899,52467,46262,98726,53759,49664,103422,60091,58127,118218
LGA57980,762,433,1196,812,479,1286,863,543,1407,1914,1785,3697,1909,1863,3768,2174,2292,4465,407,127,530,387,130,517,342,157,496,234,347,571,211,414,632,249,502,749,270,697,959,222,611,832,236,645,885,223,305,529,240,284,519,213,320,530,94,15,107,73,11,85,120,23,143,220,72,295,229,95,321,241,125,368,36,35,73,65,49,114,63,54,112,4154,3817,7970,4147,3933,8080,4496,4660,9155
LGA58050,3555,1865,5422,3882,2401,6284,4585,3142,7728,3163,3851,7015,3763,5010,8778,4845,6600,11444,8143,1374,9521,9351,1632,10987,10915,2164,13081,1497,3886,5378,1963,5484,7450,2618,7578,10196,1902,6688,8591,2123,7145,9266,2436,7871,10309,1772,3343,5116,2220,3998,6220,2338,4377,6710,4499,593,5098,5373,649,6020,6741,984,7723,3527,2117,5646,4017,2618,6634,4824,3114,7943,521,333,851,640,422,1066,833,571,1405,28582,24055,52634,33339,29359,62700,40146,36400,76545
LGA58190,58,17,78,40,15,53,53,13,61,0,15,13,0,11,11,5,9,10,11,0,10,15,3,18,11,0,11,0,5,3,0,7,7,0,12,17,0,12,12,0,17,15,0,14,15,0,3,5,3,5,9,4,7,9,10,0,11,17,0,11,10,0,10,16,8,28,24,11,39,15,5,21,0,0,0,0,0,0,0,0,0,103,67,171,98,72,170,99,64,161
LGA58260,68,30,103,53,38,89,60,26,86,4,14,21,4,17,19,3,18,15,33,12,41,30,5,33,24,6,29,3,23,24,5,21,30,3,22,28,5,20,19,0,15,14,0,21,24,3,4,11,7,3,15,6,3,4,24,3,27,27,3,29,27,9,30,13,11,33,22,17,35,19,9,21,0,6,5,0,0,3,4,5,12,163,119,276,147,118,264,136,106,242
LGA58330,181,96,270,173,88,260,164,109,271,99,153,251,80,182,256,102,168,266,297,74,369,286,43,333,271,57,329,48,169,211,41,147,195,48,168,218,40,218,257,36,185,224,39,189,228,37,75,104,41,88,133,33,90,123,179,19,204,201,26,225,216,36,249,126,79,206,113,73,184,113,68,182,10,17,25,24,17,40,28,11,41,1009,896,1897,997,856,1844,1007,895,1904
LGA58400,50,20,72,43,16,53,37,8,50,0,8,8,3,3,7,0,4,7,16,4,18,10,5,14,12,6,15,0,9,7,4,11,12,3,12,13,0,14,14,0,9,6,6,8,13,0,3,3,4,5,4,0,0,3,4,0,6,12,0,14,10,4,16,5,5,11,9,9,15,11,0,7,4,0,6,7,0,6,0,0,0,90,63,157,84,53,139,75,50,125
LGA58470,14,6,25,19,3,20,10,11,23,7,4,14,0,4,4,10,10,17,6,0,9,6,0,8,3,0,0,3,11,10,3,7,11,0,3,5,0,4,4,0,3,3,0,0,0,0,0,0,0,0,0,0,0,0,10,3,13,7,0,7,0,0,0,15,9,23,15,3,16,9,4,11,0,0,0,0,0,0,0,0,0,51,44,94,50,29,74,27,28,56
LGA58510,1258,698,1963,1263,827,2085,1529,1057,2581,2369,2385,4754,2388,2632,5023,3124,3299,6424,1937,384,2326,1947,436,2385,1862,518,2383,574,1002,1576,644,1244,1886,786,1607,2392,746,1753,2498,578,1627,2203,711,1705,2418,517,715,1230,615,745,1361,579,762,1340,737,99,839,716,85,804,895,143,1034,914,457,1367,990,502,1490,966,550,1521,141,91,232,153,104,257,189,128,316,9201,7567,16774,9287,8204,17494,10642,9766,20410
LGA58540,147,41,192,129,62,192,109,53,161,8,24,30,8,8,18,9,20,30,45,17,60,40,12,44,28,14,45,3,22,25,6,13,24,0,20,21,0,35,32,6,32,33,0,25,25,7,10,25,3,10,21,6,16,23,29,6,34,47,6,51,34,11,43,51,22,73,41,26,64,35,26,59,7,6,4,4,0,0,7,0,7,294,178,477,272,180,451,233,184,412
LGA58570,1553,961,2520,1647,1162,2810,2028,1421,3450,3378,3225,6605,3528,3631,7157,4257,4537,8789,1628,396,2024,1561,395,1954,1531,464,1989,571,934,1506,631,1096,1727,785,1404,2189,676,1673,2352,655,1501,2158,695,1664,2362,536,673,1204,497,769,1263,570,733,1300,419,37,457,403,37,443,522,60,588,708,359,1065,647,376,1022,666,397,1064,136,80,215,142,112,250,172,112,281,9614,8342,17955,9713,9071,18785,11223,10789,22010
LGA58610,163,64,224,126,57,186,112,49,162,21,50,79,17,56,75,19,53,73,93,19,106,79,17,94,79,18,100,16,54,68,7,67,74,3,69,74,15,74,90,11,63,70,5,65,67,20,33,54,20,38,56,11,36,49,60,13,76,72,12,82,61,12,70,58,45,102,56,42,96,73,51,124,5,4,9,8,6,9,9,7,16,440,355,797,384,356,744,377,362,734
LGA58680,60,31,86,44,24,74,57,28,79,3,19,20,3,12,16,6,10,17,24,4,31,26,3,33,24,3,23,0,6,8,0,7,9,0,11,10,0,22,27,3,19,16,3,18,18,0,0,0,0,5,3,0,3,6,35,3,37,27,8,30,39,13,46,14,12,25,20,10,26,22,14,36,0,0,0,3,0,6,3,0,3,136,99,237,126,87,209,148,90,242
LGA58760,4766,2613,7383,5586,3212,8798,6557,4280,10829,4830,6017,10845,5690,7932,13627,7033,10193,17222,12703,1901,14603,14411,2384,16795,15346,2890,18242,2124,5558,7683,2810,7689,10507,3569,10384,13956,2377,9034,11409,2716,9964,12679,3023,10885,13906,2423,4674,7094,3199,5928,9126,3281,6119,9406,4816,540,5357,5664,673,6329,7174,976,8149,5106,2870,7977,6204,3474,9679,7009,4043,11056,628,394,1025,967,578,1548,1091,744,1827,39774,33600,73377,47244,41848,89091,54083,50519,104601
LGA58820,109,57,162,114,57,173,124,72,192,39,75,116,50,86,134,47,102,144,300,52,347,294,74,367,326,81,407,21,110,137,36,152,186,19,150,174,20,134,154,18,128,147,23,135,152,15,72,80,28,75,105,24,82,105,237,30,267,236,34,263,249,42,286,131,106,233,114,105,219,130,108,236,13,7,18,23,11,29,33,17,51,886,638,1523,909,722,1627,967,790,1750
LGA58890,172,88,262,134,67,206,134,61,196,7,18,26,8,18,27,9,23,32,37,12,50,21,7,32,26,5,31,0,14,14,0,12,15,0,17,17,0,31,34,0,30,30,0,21,21,4,7,11,4,8,15,0,7,10,32,0,37,26,4,32,21,9,28,23,18,37,24,20,43,24,20,43,4,3,4,8,3,15,0,0,0,280,191,469,232,181,412,220,158,378
LGA59030,40,12,56,35,14,49,33,13,51,8,13,24,4,6,12,0,5,5,10,3,21,31,0,29,6,0,9,0,8,9,0,9,13,0,0,0,3,12,18,3,11,15,0,12,15,0,0,0,0,4,4,0,8,6,33,0,32,29,4,25,11,6,10,12,7,12,4,8,17,9,3,12,0,0,0,0,0,0,0,0,5,106,62,165,112,60,169,64,52,115
LGA59100,117,44,163,100,42,137,90,45,132,7,21,25,0,22,19,0,18,20,38,13,48,22,11,38,23,12,30,3,20,18,0,18,23,3,17,22,0,32,32,0,28,30,4,17,19,4,0,10,4,10,12,3,8,13,16,8,26,31,3,32,26,3,25,24,12,34,34,16,47,32,19,46,3,0,6,9,3,9,3,3,4,221,138,357,201,150,354,180,136,322
LGA59170,141,62,202,149,58,205,137,65,195,6,39,49,9,47,58,8,48,56,47,16,66,28,15,47,39,12,54,11,25,35,9,27,38,3,21,31,4,42,45,3,41,41,0,38,38,9,21,26,3,16,16,9,13,23,43,3,47,41,3,45,42,13,54,47,20,69,44,20,58,54,31,84,3,0,0,3,7,7,10,0,8,310,232,542,293,229,521,298,240,537
LGA59250,27,8,33,17,6,22,13,13,27,79,26,105,30,22,49,14,3,20,181,17,196,83,4,83,36,0,40,14,27,43,11,13,26,5,12,17,8,30,36,0,9,12,6,4,11,0,4,3,0,5,9,0,3,3,174,17,197,95,13,103,33,5,36,63,28,94,37,13,53,26,8,36,8,3,12,9,0,4,4,0,8,560,160,717,284,87,369,143,57,196
LGA59310,163,67,231,138,54,196,121,44,167,19,49,70,23,39,64,25,40,66,80,14,96,87,13,107,78,10,95,3,40,48,3,37,47,9,42,49,14,64,79,3,62,71,10,52,62,14,20,36,18,27,49,19,29,52,62,3,66,61,7,66,59,9,70,50,21,74,42,25,66,49,39,85,0,4,6,13,5,14,3,3,10,416,287,708,393,278,671,372,273,648
LGA59320,67,27,97,59,33,90,63,27,89,3,15,24,4,14,22,0,15,16,10,3,14,14,7,20,14,5,16,0,8,6,0,11,12,0,14,14,0,11,17,3,9,11,0,15,18,10,4,7,0,6,7,4,4,11,11,0,11,17,0,18,18,0,19,12,13,19,6,15,23,18,6,25,0,0,3,3,0,3,0,3,3,115,83,203,111,92,201,122,90,210
LGA59330,56,27,80,45,21,70,51,19,68,6,18,25,5,9,17,10,13,26,11,10,15,8,5,15,13,5,20,5,10,14,6,12,20,0,13,17,7,20,24,6,17,24,3,24,33,5,4,13,4,5,4,0,4,5,13,3,21,21,0,20,10,0,15,14,11,24,18,6,25,20,5,31,3,0,4,5,0,4,4,0,3,123,95,218,109,80,194,116,96,208
LGA59340,297,194,491,276,180,458,269,225,492,329,382,709,224,389,612,250,397,647,502,80,587,401,72,467,332,65,399,147,265,405,165,279,448,181,293,472,88,401,485,69,340,415,72,317,387,43,126,161,59,132,188,47,107,157,316,49,361,203,32,226,182,19,201,300,138,435,232,117,347,226,133,358,56,41,100,47,28,77,54,32,82,2078,1667,3740,1664,1570,3235,1615,1580,3198
LGA59350,17,8,25,19,19,36,14,8,14,18,14,30,13,7,27,3,11,9,42,6,52,30,4,33,20,0,24,6,3,10,8,7,11,4,3,7,4,13,16,5,12,15,0,8,8,0,0,0,0,0,0,0,0,0,67,11,75,47,10,54,40,3,39,19,8,28,10,11,19,11,5,14,0,0,3,0,0,0,0,0,0,176,61,239,132,62,197,88,35,120
LGA59360,146,45,192,114,36,151,113,40,155,27,38,70,11,28,37,12,17,27,160,31,187,109,15,119,92,14,107,6,36,45,3,21,27,8,19,32,10,64,72,0,40,44,10,42,52,3,23,24,3,15,16,3,10,16,185,35,216,126,14,134,111,22,138,50,28,79,39,21,63,47,34,78,18,8,19,7,0,12,9,5,14,614,299,912,412,193,600,401,218,620
LGA59370,207,117,324,166,91,257,169,82,249,69,119,188,69,115,189,56,139,193,175,34,209,160,37,198,160,52,215,21,115,138,36,125,159,38,129,164,27,136,155,26,134,159,23,128,152,38,82,121,45,75,121,33,69,97,127,16,138,115,7,124,133,11,136,106,65,175,118,61,179,104,61,162,8,5,17,9,8,20,9,19,29,778,680,1464,747,652,1399,726,682,1408
LGA59499,111,62,171,70,41,109,57,49,107,244,219,457,124,119,234,115,139,257,475,58,537,302,47,347,232,34,272,73,165,231,61,96,161,51,172,223,52,184,239,34,82,112,36,112,150,53,96,147,27,58,89,29,47,77,296,39,334,236,36,272,182,31,213,293,126,417,234,151,390,169,120,292,29,18,51,33,18,55,19,11,33,1619,972,2595,1127,643,1772,899,715,1614
LGA59799,9,0,8,8,3,9,9,0,9,53,0,55,72,6,81,32,0,33,74,6,74,82,8,81,77,11,83,4,9,12,4,4,3,0,4,9,0,0,6,7,0,8,10,0,10,0,0,0,0,0,0,0,0,0,41,0,41,31,0,31,25,0,31,128,3,130,100,0,102,86,15,98,4,0,4,13,0,13,12,0,6,310,18,328,321,15,332,246,29,277
LGA60210,217,114,333,219,109,332,207,133,342,80,166,246,79,158,232,115,206,318,232,55,292,209,55,264,281,63,347,49,184,230,55,199,251,69,257,328,36,168,200,32,168,199,31,186,215,44,135,179,53,126,185,70,137,211,176,5,179,150,4,157,150,11,164,201,130,332,148,135,284,202,160,358,21,16,38,15,15,27,25,20,48,1057,973,2035,959,971,1936,1155,1173,2328
LGA60410,361,188,545,378,216,590,464,320,785,178,296,473,221,344,562,314,559,867,863,157,1022,924,167,1087,1150,233,1375,218,562,775,187,772,960,305,940,1245,234,718,951,224,728,955,279,909,1183,214,493,705,242,531,772,287,537,823,538,43,575,559,41,606,684,61,746,491,384,875,530,448,975,615,422,1035,65,56,124,80,43,125,106,83,189,3147,2901,6049,3353,3283,6633,4193,4065,8256
LGA60610,511,299,811,468,285,746,508,330,843,505,697,1199,454,660,1117,552,837,1394,1156,222,1381,898,199,1093,1026,227,1259,263,652,922,256,716,972,320,950,1275,209,847,1056,233,780,1011,214,793,1007,291,564,856,277,611,890,304,589,883,630,31,656,615,33,649,730,76,801,536,454,989,600,444,1046,664,483,1144,84,33,118,86,57,138,75,52,130,4179,3801,7984,3885,3779,7663,4394,4342,8736
LGA60810,756,386,1140,704,336,1041,828,449,1279,563,800,1363,529,864,1389,600,1048,1655,1287,229,1521,1191,242,1429,1281,273,1556,229,738,970,234,856,1089,298,1066,1359,212,830,1041,211,801,1014,205,822,1023,248,610,857,270,612,886,238,608,843,683,50,729,642,49,687,764,93,852,681,485,1168,677,497,1173,699,534,1234,89,46,138,76,57,135,120,67,187,4749,4171,8921,4536,4300,8835,5031,4960,9989
LGA61010,137,60,197,129,64,193,153,83,242,28,46,75,17,44,60,33,40,73,85,14,103,95,32,124,112,17,125,17,55,70,24,52,77,25,89,112,5,66,70,10,47,62,11,60,77,11,33,43,13,36,41,17,21,36,82,3,89,70,6,77,101,6,102,124,45,170,115,57,171,127,75,200,16,7,18,9,6,9,16,4,19,508,328,833,480,337,818,585,401,989
LGA61210,529,275,802,506,253,758,499,237,733,112,181,301,107,180,283,111,225,346,377,86,462,327,82,409,344,64,411,25,261,286,47,266,315,63,303,364,43,265,305,34,272,306,40,244,285,61,183,245,66,184,248,56,191,246,336,34,378,306,30,339,328,31,354,489,323,815,530,344,872,521,298,822,41,21,60,47,27,74,48,20,69,2012,1634,3653,1957,1636,3599,2009,1619,3626
LGA61410,1955,997,2952,1881,1066,2947,2334,1503,3837,2098,2935,5024,2143,3149,5295,2748,4107,6856,2898,514,3409,2844,552,3397,3357,658,4021,929,1672,2594,985,2107,3091,1357,2604,3962,981,3131,4115,988,3014,3996,1016,3078,4097,930,1467,2397,976,1486,2456,1000,1367,2370,909,102,1005,860,83,943,979,115,1092,1149,774,1921,1228,826,2052,1436,861,2296,196,157,356,219,188,404,254,207,468,12036,11742,23781,12120,12459,24578,14493,14502,28997
LGA61510,218,125,343,184,128,311,277,176,450,156,244,403,152,232,382,169,319,491,549,83,631,536,91,628,663,134,799,143,424,574,143,485,629,179,559,735,75,384,460,74,366,434,104,437,549,95,267,363,107,280,393,116,280,394,389,17,410,410,23,431,437,32,467,376,241,615,363,211,573,408,229,641,51,30,77,58,22,78,59,34,95,2052,1823,3875,2023,1844,3862,2413,2207,4622
LGA61610,674,332,1001,621,312,924,677,449,1121,566,836,1403,544,806,1350,593,1013,1603,1406,247,1652,1194,251,1447,1439,262,1702,290,892,1176,284,1004,1285,433,1274,1709,257,986,1241,256,902,1156,240,928,1167,395,701,1096,389,716,1104,416,736,1152,745,81,832,724,68,796,758,66,830,747,620,1361,782,648,1427,979,719,1701,103,68,174,96,69,161,138,73,207,5177,4755,9931,4879,4774,9649,5671,5534,11207
LGA61810,382,161,539,358,166,523,376,205,586,96,170,263,64,156,221,74,197,273,299,83,388,262,62,327,311,79,391,34,204,240,41,180,226,44,244,288,25,210,239,36,185,222,38,211,245,65,164,227,74,171,246,64,139,199,257,9,267,261,9,271,267,32,296,282,199,478,283,196,482,309,233,539,20,19,38,27,20,49,32,21,50,1457,1220,2683,1410,1148,2563,1516,1362,2874
LGA62010,72,36,109,90,40,130,87,43,126,22,25,49,20,33,55,21,40,57,40,12,49,50,14,65,48,9,54,5,32,41,4,30,39,15,32,47,0,25,30,4,24,32,6,30,38,8,19,28,14,16,28,7,17,28,20,0,20,13,0,13,23,4,24,42,17,60,47,24,65,36,28,60,9,7,16,7,3,10,8,6,12,224,174,398,244,187,426,247,207,453
LGA62210,153,79,226,130,70,192,159,89,247,98,162,257,86,152,232,114,181,293,360,51,414,309,57,367,342,69,406,56,211,265,50,200,249,74,260,330,56,182,236,48,163,212,38,179,221,47,162,208,71,144,217,58,150,213,318,32,355,275,17,294,278,36,309,218,186,404,198,176,371,205,185,390,39,26,64,35,15,48,45,18,65,1341,1082,2430,1188,991,2187,1312,1174,2489
LGA62410,213,113,328,190,116,308,243,151,393,72,103,179,84,85,168,104,134,232,189,43,227,196,45,245,233,45,277,43,124,172,47,131,177,61,184,242,21,136,152,21,136,155,39,146,189,26,81,108,44,115,161,30,92,123,110,5,113,93,6,95,106,5,113,190,134,325,169,135,304,249,157,409,20,15,34,21,8,33,28,14,38,881,748,1628,875,777,1650,1086,927,2015
LGA62610,980,587,1565,943,625,1563,1221,882,2094,987,1381,2372,1071,1507,2573,1519,2170,3688,2686,450,3140,2488,472,2962,2931,574,3509,714,1749,2463,818,1917,2734,1289,2649,3937,857,2524,3383,815,2237,3054,858,2245,3101,822,1333,2151,837,1357,2189,960,1329,2289,1200,151,1353,1239,127,1362,1426,146,1572,1350,991,2348,1377,1049,2427,1834,1142,2976,200,141,345,224,162,389,295,213,506,9806,9315,19116,9807,9450,19259,12330,11353,23678
LGA62810,1991,1224,3215,1969,1299,3274,2358,1770,4127,4208,4791,9001,4158,4763,8919,4700,5857,10560,1784,489,2269,1670,493,2160,1971,575,2545,946,1635,2589,1066,1816,2882,1395,2289,3687,1039,2335,3377,940,2113,3055,953,2124,3077,863,1167,2034,808,1044,1852,915,1123,2039,389,42,436,372,43,413,515,73,589,864,411,1269,898,432,1327,1146,605,1749,165,117,281,200,178,372,244,174,415,12255,12221,24472,12077,12185,24255,14184,14591,28780
LGA63010,549,305,852,588,297,888,709,411,1122,409,556,967,410,602,1009,571,878,1452,838,147,983,831,168,996,985,226,1214,126,461,580,153,555,714,202,688,890,139,619,757,147,632,774,159,678,834,136,311,447,165,321,489,167,327,494,421,38,457,385,35,419,404,44,449,641,400,1041,585,381,967,649,375,1026,57,45,98,72,47,122,119,66,181,3309,2871,6185,3337,3044,6381,3955,3696,7657
LGA63210,260,139,400,249,102,349,258,142,402,103,179,276,87,203,291,116,222,336,342,68,406,326,68,401,408,100,509,72,203,280,79,224,304,79,252,332,35,181,219,43,172,214,63,222,279,60,160,217,54,145,200,70,114,185,224,19,247,223,16,244,262,30,290,214,177,384,204,173,380,219,199,417,41,13,57,48,15,63,40,25,62,1353,1135,2485,1323,1121,2447,1511,1299,2815
LGA63410,143,61,204,136,71,207,138,73,206,26,52,77,26,48,68,29,51,77,78,15,97,80,18,99,98,13,110,8,39,49,9,48,51,9,53,61,5,72,77,8,60,73,5,77,80,7,29,38,14,33,46,13,36,46,51,0,51,54,4,59,41,3,45,164,80,244,114,75,185,114,76,187,9,4,10,7,3,15,15,7,20,490,363,850,441,358,803,458,374,838
LGA63610,1447,684,2131,1361,760,2127,1669,1044,2709,1818,2274,4091,1823,2417,4241,2274,3143,5415,1806,383,2185,1788,381,2173,2080,478,2558,468,1202,1674,549,1343,1896,710,1639,2343,633,1970,2609,632,1767,2397,616,1852,2468,612,916,1529,536,918,1452,580,925,1510,463,36,499,471,42,505,545,77,617,720,424,1141,830,444,1281,978,487,1465,118,71,193,152,113,265,192,152,347,8086,7955,16043,8143,8189,16335,9639,9805,19444
LGA63810,433,180,616,419,212,629,489,271,757,227,387,613,215,413,625,268,516,781,663,112,769,633,113,745,750,131,884,85,345,430,95,421,514,159,585,747,75,415,494,102,356,461,98,454,550,127,275,403,144,357,498,152,382,530,354,25,374,311,20,332,421,32,453,318,244,561,338,255,600,387,298,681,34,23,60,56,28,79,69,34,99,2315,2005,4317,2311,2170,4483,2787,2696,5479
LGA64010,1999,1040,3039,1901,1021,2922,2273,1350,3620,2367,3190,5553,2309,3287,5598,2643,4043,6686,3418,662,4077,2925,673,3600,3412,783,4195,894,2445,3343,965,2549,3505,1348,3342,4689,912,2824,3737,834,2578,3407,880,2670,3555,1182,1968,3153,1199,1936,3132,1243,1873,3115,1768,157,1923,1702,130,1828,2090,195,2288,1828,1275,3100,1814,1295,3111,2260,1497,3755,240,134,376,269,164,430,361,200,566,14615,13682,28304,13906,13631,27540,16514,15954,32465
LGA64210,976,431,1399,891,438,1324,965,505,1468,461,724,1183,475,768,1245,527,936,1464,1058,240,1298,994,212,1208,1109,243,1354,225,677,907,254,743,992,297,869,1166,206,965,1168,197,883,1078,231,954,1185,314,557,870,304,480,784,294,557,850,671,45,715,663,44,708,725,73,797,545,411,961,566,412,980,729,470,1199,55,47,103,81,59,137,102,65,168,4511,4099,8611,4420,4041,8460,4971,4676,9654
LGA64610,594,267,859,602,287,890,645,336,984,206,399,608,241,419,661,267,537,797,715,168,887,672,176,846,796,188,986,103,434,540,135,414,549,132,586,722,119,485,604,100,516,621,126,561,683,172,358,524,169,385,550,178,395,568,445,32,476,456,28,485,529,46,569,506,296,802,490,307,797,536,352,883,50,34,85,58,37,96,78,44,121,2913,2479,5389,2922,2573,5500,3279,3034,6313
LGA64810,465,217,681,458,244,700,630,345,975,311,476,781,334,497,837,440,757,1203,899,151,1044,876,166,1044,1141,189,1338,188,540,727,190,625,816,276,775,1050,197,765,965,227,734,960,248,891,1135,186,404,591,238,439,676,230,468,695,374,29,408,396,37,433,409,31,443,412,242,660,439,288,730,517,322,835,54,38,97,80,47,128,105,71,171,3084,2860,5946,3244,3084,6317,4006,3839,7839
LGA65010,293,150,443,290,128,415,299,147,449,81,134,217,81,142,229,80,199,280,368,71,435,349,77,423,385,108,492,51,209,263,47,245,289,67,302,372,52,249,295,50,220,274,63,278,343,71,149,218,68,164,238,87,160,250,228,20,249,240,11,257,297,17,311,237,142,378,254,154,406,251,163,415,31,18,52,35,33,65,54,37,88,1405,1142,2549,1420,1178,2599,1587,1410,2994
LGA65210,94,54,151,92,52,146,92,70,165,44,61,109,49,56,110,65,84,146,97,21,117,89,13,106,107,37,142,31,82,118,40,81,124,46,82,123,20,66,85,11,68,73,17,68,83,17,32,52,9,33,43,6,36,43,47,3,48,40,4,42,57,6,62,106,66,169,85,60,149,85,65,151,6,7,10,0,4,5,14,12,25,463,402,862,416,376,793,485,448,939
LGA65410,442,234,673,414,224,637,459,234,695,297,510,810,278,483,759,299,608,908,849,130,980,714,105,819,763,147,914,150,490,642,152,484,632,173,626,805,112,540,655,115,494,608,114,486,607,145,378,525,165,355,519,152,369,525,540,32,563,457,33,497,519,48,564,434,299,730,425,330,757,428,276,710,40,35,80,68,48,109,81,41,122,3008,2647,5657,2785,2558,5341,2988,2850,5836
LGA65610,122,66,190,105,64,173,101,62,166,107,88,191,63,85,152,62,89,156,288,58,352,212,39,251,211,51,256,44,163,205,29,139,167,53,163,214,21,144,167,20,103,119,17,112,128,23,93,117,20,95,118,13,89,108,409,25,435,217,4,224,226,23,249,164,164,327,122,141,267,134,142,276,22,10,33,22,19,40,21,14,36,1196,819,2014,819,699,1518,837,748,1588
LGA65810,794,410,1203,775,411,1184,925,536,1461,879,1112,1992,864,1189,2051,992,1466,2458,1342,249,1596,1230,260,1492,1396,309,1700,270,804,1070,275,914,1190,399,1101,1501,263,1087,1354,259,987,1246,298,1051,1346,327,615,939,345,618,971,386,659,1044,655,53,708,582,37,617,665,63,732,567,355,925,583,380,961,609,446,1054,87,49,136,79,65,146,109,89,197,5185,4732,9919,5004,4849,9853,5783,5725,11506
LGA69499,12,7,12,7,9,16,18,5,24,26,34,57,22,29,48,15,36,50,39,6,48,31,4,35,39,8,48,10,20,29,15,19,29,17,19,39,10,16,30,3,23,25,0,22,27,9,11,15,6,12,14,3,18,21,25,0,28,19,0,20,32,3,37,47,21,72,37,14,52,34,18,50,6,4,8,6,0,3,8,3,11,184,118,299,151,99,247,174,133,309
LGA69799,5,0,6,3,0,3,0,0,0,6,3,9,11,0,12,0,0,0,26,4,26,12,0,8,0,0,0,7,3,6,4,0,6,0,0,0,0,0,0,0,0,0,0,0,0,0,0,0,0,0,0,0,0,0,0,0,0,3,0,0,0,0,0,19,3,20,9,3,18,3,0,5,4,0,3,0,0,0,0,0,0,62,19,76,39,11,48,10,0,12
LGA70200,912,638,1554,870,650,1518,908,781,1682,1222,1876,3097,1158,1895,3054,1241,2239,3486,1606,256,1862,1321,233,1550,1482,252,1736,878,1010,1887,954,1082,2038,1158,1257,2412,421,1621,2039,376,1397,1775,413,1328,1739,377,590,971,341,531,881,362,486,847,550,37,583,480,42,524,438,48,489,606,335,945,616,369,985,605,369,971,159,105,265,183,105,282,204,154,358,6734,6464,13195,6300,6308,12604,6804,6925,13726
LGA70420,158,83,239,140,104,247,154,119,274,124,242,368,135,228,366,120,238,357,184,42,221,157,45,205,149,44,191,128,184,306,161,201,367,184,189,369,45,183,235,41,163,200,41,150,187,38,50,89,36,47,84,38,43,81,68,6,69,55,4,54,66,4,76,259,96,352,229,78,305,204,115,321,52,44,91,41,28,66,24,22,48,1054,928,1983,1004,892,1893,988,921,1904
LGA70540,3,3,8,0,0,0,0,0,0,3,4,3,4,3,12,3,0,5,6,0,4,0,0,0,3,0,3,4,5,5,0,3,3,0,0,5,0,0,7,0,0,0,0,5,5,0,0,0,0,0,0,0,0,0,0,0,0,0,0,0,0,0,0,13,6,16,0,0,0,0,0,0,3,0,3,0,0,0,0,3,3,19,24,50,7,12,16,7,12,17
LGA70620,63,37,102,72,43,115,66,51,120,73,111,176,55,91,146,47,109,152,97,17,121,37,14,51,33,7,41,58,95,154,59,114,171,63,104,163,28,41,62,25,43,69,18,34,55,10,19,33,16,20,32,11,17,27,86,6,97,45,0,48,47,9,59,128,41,163,103,25,131,80,33,109,55,22,78,15,13,30,9,6,12,591,386,979,433,358,795,374,367,744
LGA70700,47,21,69,44,25,68,40,29,75,22,49,69,19,43,62,28,42,71,57,16,74,49,9,64,36,9,47,21,23,45,17,41,58,17,27,42,4,43,54,6,51,57,8,36,38,10,7,17,13,11,24,9,21,23,33,8,43,40,7,49,38,9,47,45,26,64,36,23,61,37,34,70,4,3,11,7,4,18,9,9,21,241,196,443,242,209,455,218,218,435
LGA71000,3043,2004,5044,3294,2198,5492,3295,2619,5911,3974,5159,9127,4216,5691,9898,4656,6928,11580,4938,763,5700,5438,822,6258,4585,863,5445,2156,2478,4628,2210,2928,5140,2660,3703,6361,1516,4601,6116,1519,4295,5816,1703,4086,5797,1101,1791,2892,1275,1845,3121,1277,1731,3005,1679,167,1844,1761,182,1937,1709,187,1892,1745,1026,2775,2289,1283,3575,2044,1295,3339,396,249,648,508,322,835,474,314,795,20548,18235,38782,22519,19565,42077,22409,21727,44133
LGA71150,20,6,31,25,7,35,44,14,58,20,13,34,51,23,72,40,32,72,21,8,23,26,3,29,9,3,12,14,8,18,13,9,17,18,9,25,3,8,10,21,15,32,12,12,22,0,0,8,3,5,7,3,0,6,6,0,4,5,0,5,0,0,0,0,0,3,4,0,4,0,0,4,0,0,0,4,0,4,0,0,0,78,48,132,144,62,213,125,83,209
LGA71300,84,48,132,81,43,120,81,65,147,228,300,523,168,250,415,180,221,404,145,23,167,84,25,105,103,24,133,105,171,280,117,189,306,125,198,327,35,107,143,31,73,105,29,69,100,26,94,117,20,54,75,28,78,104,64,5,70,60,16,77,65,12,76,337,148,484,101,46,147,86,38,121,82,85,163,72,49,126,37,50,94,1097,982,2077,737,744,1479,743,758,1498
LGA72200,301,193,492,307,204,512,335,258,593,258,479,735,283,480,761,272,543,820,684,82,767,617,85,701,646,106,751,278,379,662,295,377,668,335,464,794,115,507,616,111,440,548,114,445,562,98,170,271,101,153,256,90,150,237,211,29,241,199,25,224,203,32,241,260,148,406,249,122,369,266,123,388,62,48,116,49,29,82,64,40,108,2261,2040,4301,2204,1918,4116,2327,2159,4486
LGA72300,797,497,1298,840,603,1444,887,685,1571,464,813,1277,477,921,1394,431,1026,1454,1713,265,1977,2570,282,2854,1852,271,2122,703,506,1209,591,648,1242,638,715,1359,266,1272,1539,266,1386,1650,271,1354,1624,203,417,610,234,458,685,186,436,630,857,100,951,919,108,1023,748,106,852,507,298,805,822,365,1184,601,310,911,114,59,176,168,89,260,165,95,256,5626,4234,9859,6896,4849,11748,5778,4994,10776
LGA72330,75,71,139,75,41,118,78,73,148,129,213,343,73,156,232,87,180,265,46,19,64,53,16,75,49,19,73,113,176,290,101,197,300,136,194,331,21,69,82,22,66,91,28,53,82,15,33,55,13,42,55,14,27,44,23,4,23,31,7,35,27,0,28,214,66,281,134,57,184,128,40,167,68,44,109,36,14,54,10,8,21,701,694,1395,541,601,1146,549,606,1155
LGA72800,954,618,1570,1027,785,1807,1092,1022,2111,663,1203,1867,878,1511,2386,1027,1981,3012,2148,325,2471,2833,361,3192,2731,448,3179,1175,1056,2228,1168,1289,2458,1383,1782,3161,464,2135,2601,587,2303,2885,685,2411,3093,398,769,1161,459,932,1384,539,1008,1545,973,102,1081,1152,121,1276,1098,156,1249,616,402,1020,981,538,1523,944,583,1523,155,91,247,236,145,378,233,161,393,7553,6693,14245,9318,7980,17296,9718,9548,19262
LGA73600,125,72,196,96,71,167,109,84,197,107,156,267,131,181,313,122,187,305,85,32,114,92,33,125,75,27,104,107,182,288,90,151,237,94,160,253,19,95,112,27,83,107,24,84,108,17,40,61,20,49,64,13,41,50,76,6,82,86,8,95,76,14,90,325,134,458,156,56,207,146,71,217,71,47,119,64,44,112,30,25,55,930,768,1697,763,672,1431,686,689,1367
LGA74050,40,18,60,31,22,51,35,22,61,62,96,162,48,78,129,48,75,120,60,9,69,26,14,43,30,10,37,57,81,136,42,59,100,47,57,108,12,48,63,13,34,42,4,28,41,11,14,29,8,16,27,5,23,24,16,8,26,17,3,18,15,0,12,130,26,154,53,18,71,32,16,47,32,18,49,24,22,52,3,11,16,421,317,739,262,263,525,225,236,462
LGA74550,77,47,120,65,54,115,70,47,120,74,74,151,64,74,139,70,80,145,69,32,104,50,25,77,55,24,76,51,88,135,44,69,110,50,87,136,17,62,79,4,36,47,12,41,53,12,26,39,6,15,22,5,18,25,64,11,81,36,3,42,36,6,42,204,102,307,96,50,144,136,82,217,40,43,85,32,26,52,10,6,19,606,484,1092,403,344,747,445,390,836
LGA74560,15,14,28,13,20,37,14,15,30,14,29,44,16,34,56,10,28,43,22,3,28,31,5,30,29,0,30,5,10,19,4,18,21,12,8,25,8,22,28,8,24,29,9,22,33,0,7,8,9,7,11,10,6,14,14,0,14,13,3,14,11,0,11,17,11,26,16,7,14,6,5,9,3,7,3,3,0,3,3,0,3,101,104,201,105,118,225,96,94,186
LGA74660,126,69,196,83,57,138,113,78,184,235,226,466,199,170,372,203,208,414,195,25,220,138,25,158,140,35,174,106,156,265,87,151,239,105,165,269,42,117,163,42,99,142,33,91,129,19,63,88,19,55,75,14,38,47,128,24,157,69,9,77,48,6,54,352,159,510,106,45,146,98,46,140,45,34,77,47,48,98,26,21,49,1260,880,2140,797,656,1450,776,688,1463
LGA74680,35,19,55,23,9,30,30,19,48,60,83,139,56,68,131,33,86,124,35,5,47,17,10,34,30,4,37,44,65,104,29,66,98,43,57,99,14,48,59,4,26,38,9,20,29,7,13,22,10,20,34,11,14,27,23,3,29,19,0,18,18,3,21,104,32,132,40,26,63,36,22,56,11,10,24,15,13,21,20,17,39,337,274,610,215,243,453,228,243,470
LGA79399,290,173,467,273,183,461,272,198,468,296,364,656,273,328,602,230,392,625,668,91,761,471,47,523,452,76,529,150,257,411,210,305,515,187,300,485,74,341,415,85,330,412,59,305,368,39,152,187,45,119,157,59,115,172,490,30,519,274,21,296,251,32,275,225,167,390,228,169,397,190,149,339,60,31,89,38,23,63,36,29,65,2297,1602,3896,1890,1541,3429,1739,1596,3334
LGA79499,24,19,40,18,20,37,28,22,54,51,56,107,36,68,108,35,66,107,82,13,97,83,23,106,38,7,49,36,62,99,32,53,82,18,45,62,9,38,46,9,23,34,13,31,46,5,17,27,15,15,26,4,13,19,47,9,48,54,12,60,22,9,31,73,32,102,59,41,104,58,49,107,9,5,9,8,3,11,18,5,22,335,254,587,319,249,574,242,259,500
LGA79799,5,0,0,0,0,0,0,0,0,18,0,18,5,0,5,16,0,18,8,0,13,7,0,7,9,0,9,7,0,7,0,0,0,6,0,5,15,3,13,0,0,0,0,0,0,0,0,0,0,0,0,0,0,0,0,0,0,0,0,0,4,0,4,18,5,19,13,3,15,23,3,26,0,0,0,0,0,0,0,0,0,72,7,80,24,5,28,56,3,56
LGA89399,18144,12861,31000,18837,13921,32757,23881,20483,44363,28731,29262,57998,30492,32174,62661,37554,40563,78121,16566,3315,19881,16244,3382,19619,19442,4407,23848,7148,11042,18185,8408,13246,21655,10064,17051,27111,11454,26022,37480,10613,24020,34633,11098,25031,36128,5522,7816,13342,5752,8191,13945,6642,8543,15185,4285,377,4664,4328,360,4682,5533,472,6002,6464,2785,9244,7121,3219,10333,8471,3889,12362,2133,1688,3820,2819,2303,5119,2859,2404,5261,100449,95170,195620,104613,100807,205419,125547,122843,248388
LGA89499,19,10,32,11,7,23,6,20,28,39,47,84,28,31,57,22,30,51,23,5,25,13,3,14,20,8,25,19,31,41,12,26,38,19,11,30,10,23,36,11,23,26,8,17,27,9,8,19,6,4,15,8,14,21,7,0,11,3,0,8,4,0,5,19,6,18,12,3,21,12,9,19,0,0,0,7,0,6,0,0,0,144,134,274,109,99,201,104,111,216
LGA89799,0,0,0,0,0,0,0,0,0,0,0,0,0,0,0,0,0,0,0,0,0,0,0,0,0,0,0,0,0,0,0,0,0,0,0,0,0,0,0,0,0,0,0,0,0,0,0,0,0,0,0,0,0,0,0,0,0,0,0,0,0,0,0,0,0,0,0,0,0,0,0,0,0,0,0,0,0,0,0,0,0,0,0,0,0,0,0,0,0,0
LGA99399,37,11,44,120,95,210,116,104,212,21,13,28,56,68,126,60,109,165,7,0,7,164,31,195,185,26,209,8,11,24,48,106,147,46,125,171,0,4,7,14,104,123,30,138,169,0,0,0,27,83,108,32,77,116,0,0,0,38,3,44,40,3,45,5,3,9,63,68,124,59,56,122,3,0,4,11,6,21,10,10,20,87,40,132,544,560,1109,579,649,1231
LGA99499,0,0,3,0,0,0,0,0,0,0,4,10,0,5,6,0,0,4,0,0,0,0,0,0,0,0,0,0,0,0,0,0,0,0,0,0,3,8,7,0,0,0,0,0,0,0,0,0,0,0,0,0,0,0,0,0,0,0,0,0,0,0,0,0,0,0,0,0,0,0,0,0,0,0,0,0,0,0,0,0,0,9,18,22,9,3,13,6,6,3
LGA99799,0,0,0,0,0,0,0,0,0,0,0,0,0,0,3,0,0,0,0,0,0,0,0,0,0,0,0,0,0,0,0,0,0,0,0,0,0,0,0,0,0,0,0,0,0,0,0,0,0,0,0,0,0,0,0,0,0,0,0,0,0,0,0,0,0,0,5,0,5,0,0,0,0,0,0,0,0,0,0,0,0,0,0,0,9,0,4,0,0,0
