LGA_CODE_2021,C16_Aus_Mo_O_B_OS,C16_Aus_BP_B_Aus,C16_Aus_Bplace_NS,C16_Aus_Tot_resp,C16_Aus_Ab_BP_B_OS,C16_Aus_Ab_Fa_O_B_OS,C16_Aus_Ab_Mo_O_B_OS,C16_Aus_Ab_BP_B_Aus,C16_Aus_Abor_Bplace_NS,C16_Aus_Abor_Tot_resp,C16_Chi_BP_B_OS,C16_Chi_Fa_O_B_OS,C16_Chi_Mo_O_B_OS,C16_Chi_BP_B_Aus,C16_Chi_Bplace_NS,C16_Chi_Tot_resp,C16_Cro_BP_B_OS,C16_Cro_Fa_O_B_OS,C16_Cro_Mo_O_B_OS,C16_Cro_BP_B_Aus,C16_Cro_Bplace_NS,C16_Cro_Tot_resp,C16_Dut_BP_B_OS,C16_Dut_Fa_O_B_OS,C16_Dut_Mo_O_B_OS,C16_Dut_BP_B_Aus,C16_Dut_Bplace_NS,C16_Dut_Tot_resp,C16_Eng_BP_B_OS,C16_Eng_Fa_O_B_OS,C16_Eng_Mo_O_B_OS,C16_Eng_BP_B_Aus,C16_Eng_Bplace_NS,C16_Eng_Tot_resp,C16_Fil_BP_B_OS,C16_Fil_Fa_O_B_OS,C16_Fil_Mo_O_B_OS,C16_Fil_BP_B_Aus,C16_Fil_Bplace_NS,C16_Fil_Tot_resp,C16_Fre_BP_B_OS,C16_Fre_Fa_O_B_OS,C16_Fre_Mo_O_B_OS,C16_Fre_BP_B_Aus,C16_Fre_Bplace_NS,C16_Fre_Tot_resp,C16_Ger_BP_B_OS,C16_Ger_Fa_O_B_OS,C16_Ger_Mo_O_B_OS,C16_Ger_BP_B_Aus,C16_Ger_Bplace_NS,C16_Ger_Tot_resp,C16_Gre_BP_B_OS,C16_Gre_Fa_O_B_OS,C16_Gre_Mo_O_B_OS,C16_Gre_BP_B_Aus,C16_Gre_Bplace_NS,C16_Gre_Tot_resp,C16_Hun_BP_B_OS,C16_Hun_Fa_O_B_OS,C16_Hun_Mo_O_B_OS,C16_Hun_BP_B_Aus,C16_Hun_Bplace_NS,C16_Hun_Tot_resp,C16_Ind_BP_B_OS,C16_Ind_Fa_O_B_OS,C16_Ind_Mo_O_B_OS,C16_Ind_BP_B_Aus,C16_Ind_Bplace_NS,C16_Ind_Tot_resp,C16_Iri_BP_B_OS,C16_Iri_Fa_O_B_OS,C16_Iri_Mo_O_B_OS,C16_Iri_BP_B_Aus,C16_Iri_Bplace_NS,C16_Iri_Tot_resp,C16_Ita_BP_B_OS,C16_Ita_Fa_O_B_OS,C16_Ita_Mo_O_B_OS,C16_Ita_BP_B_Aus,C16_Ita_Bplace_NS,C16_Ita_Tot_resp,C16_Kor_BP_B_OS,C16_Kor_Fa_O_B_OS,C16_Kor_Mo_O_B_OS,C16_Kor_BP_B_Aus,C16_Kor_Bplace_NS,C16_Kor_Tot_resp,C16_Leb_BP_B_OS,C16_Leb_Fa_O_B_OS,C16_Leb_Mo_O_B_OS,C16_Leb_BP_B_Aus,C16_Leb_Bplace_NS,C16_Leb_Tot_resp,C16_Mac_BP_B_OS,C16_Mac_Fa_O_B_OS,C16_Mac_Mo_O_B_OS,C16_Mac_BP_B_Aus,C16_Mac_Bplace_NS,C16_Mac_Tot_resp,C16_Mal_BP_B_OS,C16_Mal_Fa_O_B_OS,C16_Mal_Mo_O_B_OS,C16_Mal_BP_B_Aus,C16_Mal_Bplace_NS,C16_Mal_Tot_resp,C16_Mao_BP_B_OS,C16_Mao_Fa_O_B_OS,C16_Mao_Mo_O_B_OS,C16_Mao_BP_B_Aus,C16_Mao_Bplace_NS,C16_Mao_Tot_resp,C16_NZ_BP_B_OS,C16_NZ_Fa_O_B_OS,C16_NZ_Mo_O_B_OS,C16_NZ_BP_B_Aus,C16_NZ_Bplace_NS,C16_NZ_Tot_resp,C16_Pol_BP_B_OS,C16_Pol_Fa_O_B_OS,C16_Pol_Mo_O_B_OS,C16_Pol_BP_B_Aus,C16_Pol_Bplace_NS,C16_Pol_Tot_resp,C16_Rus_BP_B_OS,C16_Rus_Fa_O_B_OS,C16_Rus_Mo_O_B_OS,C16_Rus_BP_B_Aus,C16_Rus_Birthplac_ns,C16_Rus_Tot_resp,C16_Sam_BP_B_OS,C16_Sam_Fa_O_B_OS,C16_Sam_Mo_O_B_OS,C16_Sam_BP_B_Aus,C16_Sam_Birthplac_ns,C16_Sam_Tot_resp,C16_Sco_BP_B_OS,C16_Sco_Fa_O_B_OS,C16_Sco_Mo_O_B_OS,C16_Sco_BP_B_Aus,C16_Sco_Birthplac_ns,C16_Sco_Tot_resp,C16_Ser_BP_B_OS,C16_Ser_Fa_O_B_OS,C16_Ser_Mo_O_B_OS,C16_Ser_BP_B_Aus,C16_Ser_Bplace_NS,C16_Ser_Tot_resp,C16_SAf_BP_B_OS,C16_SAf_Fa_O_B_OS,C16_SAf_Mo_O_B_OS,C16_SAf_BP_B_Aus,C16_SAf_Bplace_NS,C16_SAf_Tot_resp,C16_Span_BP_B_OS,C16_Span_Fa_O_B_OS,C16_Span_Mo_O_B_OS,C16_Span_BP_B_Aus,C16_Span_Bplace_NS,C16_Span_Tot_resp,C16_SriL_BP_B_OS,C16_SriL_Fa_O_B_OS,C16_SriL_Mo_O_B_OS,C16_SriL_BP_B_Aus,C16_SriL_Bplace_NS,C16_SriL_Tot_resp,C16_Viet_BP_B_OS,C16_Viet_Fa_O_B_OS,C16_Viet_Mo_O_B_OS,C16_Viet_BP_B_Aus,C16_Viet_Bplace_NS,C16_Viet_Tot_resp,C16_Wel_BP_B_OS,C16_Wel_Fa_O_B_OS,C16_Wel_Mo_O_B_OS,C16_Wel_BP_B_Aus,C16_Wel_Bplace_NS,C16_Wel_Tot_resp,C16_Oth_BP_B_OS,C16_Oth_Fa_O_B_OS,C16_Oth_Mo_O_B_OS,C16_Oth_BP_B_Aus,C16_Oth_Bplace_NS,C16_Oth_Tot_resp,C16_Anc_ns_BP_B_OS,C16_Anc_ns_Fa_O_B_OS,C16_Anc_ns_Mo_O_B_OS,C16_Anc_ns_BP_B_Aus,C16_Anc_ns_Bplace_NS,C16_Anc_NS_Tot_resp,C16_Tot_P_BP_B_OS,C16_Tot_P_Fa_O_B_OS,C16_Tot_P_Mo_O_B_OS,C16_Tot_P_BP_B_Aus,C16_Tot_P_Bplace_NS,C16_Tot_P_Tot_resp,C21_Aus_BP_B_OS,C21_Aus_Fa_O_B_OS,C21_Aus_Mo_O_B_OS,C21_Aus_BP_B_Aus
LGA10050,923,17210,288,19958,0,10,3,166,3,176,254,15,24,90,3,384,92,27,12,43,0,180,363,109,76,300,9,861,1790,1309,850,15892,321,20159,258,11,42,10,5,330,49,14,11,123,7,199,457,215,146,3009,50,3878,127,40,16,131,5,322,73,18,7,43,7,147,614,30,25,12,8,680,357,346,220,6122,90,7137,244,116,52,717,8,1141,27,0,7,0,0,37,39,22,11,66,5,140,8,0,0,4,0,17,34,16,3,59,0,116,104,21,12,25,0,161,103,80,56,50,5,294,142,34,16,96,0,287,45,9,10,26,0,88,8,5,6,5,0,22,476,316,222,4610,76,5700,67,3,0,21,0,94,58,14,6,12,0,87,78,11,8,72,0,168,91,5,14,0,0,109,43,3,6,0,3,58,66,34,16,144,8,272,1927,240,170,517,30,2884,123,24,12,452,3272,3891,6986,2587,1736,35766,3995,51080,324,1574,1090,18267
LGA10180,604,10179,167,11835,8,4,0,335,6,354,445,18,24,68,3,550,10,6,0,6,0,23,111,49,37,114,4,315,1058,710,532,8859,189,11338,143,7,18,6,5,180,50,19,7,60,0,137,200,70,58,1001,12,1338,36,9,0,39,0,92,29,8,0,16,0,51,194,5,7,15,0,215,242,171,132,3312,50,3910,62,32,30,230,3,360,18,0,0,3,0,24,14,10,7,42,0,72,0,3,0,0,0,3,8,7,4,20,0,36,53,11,18,12,3,91,62,34,30,26,0,156,36,10,4,38,0,89,29,11,3,32,0,69,11,4,0,4,0,17,324,195,148,2617,48,3332,8,0,0,0,0,14,46,6,6,5,0,68,30,6,5,27,0,70,57,3,0,0,0,65,55,0,0,0,0,58,51,20,12,93,5,181,1481,162,171,269,8,2098,36,5,3,251,1885,2180,4145,1359,1062,19620,2279,28468,129,769,632,8887
LGA10250,1080,13788,299,16767,6,10,3,242,7,257,150,27,24,89,6,296,36,5,8,11,0,67,307,90,55,123,7,580,2385,1379,994,13268,307,18333,102,3,45,10,0,156,96,27,14,140,3,278,326,113,89,1287,23,1829,53,21,10,97,0,180,52,15,3,20,0,95,150,20,10,32,0,213,503,368,254,4873,92,6089,288,149,49,712,12,1207,21,0,4,0,0,30,12,10,3,29,0,56,5,0,5,3,0,12,59,19,12,41,0,124,62,27,25,16,0,123,173,75,60,33,10,355,84,21,18,49,0,173,31,18,0,29,0,80,8,6,0,0,0,20,604,382,268,3722,92,5073,15,4,0,3,0,26,108,26,8,12,0,149,70,6,4,40,0,117,16,13,0,11,0,34,38,0,4,0,0,42,108,28,17,138,3,297,936,286,222,460,23,1929,33,23,16,334,2732,3138,5459,2688,1911,28332,3403,41786,281,1796,1364,14533
LGA10300,20,873,22,951,0,0,0,39,0,39,7,0,0,3,0,6,0,0,0,0,0,0,4,0,0,5,0,8,29,29,28,659,3,753,3,0,3,0,0,3,0,0,0,3,0,3,0,0,0,67,3,77,0,0,0,6,0,6,0,0,0,0,0,0,3,0,0,0,0,4,11,9,9,269,6,299,92,15,9,139,10,263,3,0,0,0,0,3,5,0,0,0,0,5,0,0,0,0,0,0,0,0,0,6,0,4,0,7,0,0,0,10,3,0,0,0,0,3,0,0,0,4,0,7,0,0,0,0,0,6,8,0,0,0,0,8,4,8,8,161,4,176,0,0,0,0,0,0,0,0,0,0,0,0,4,0,0,0,0,6,0,0,0,0,0,0,0,0,3,0,0,3,0,0,0,3,0,3,58,9,6,15,0,94,3,0,0,21,228,249,218,72,67,1675,264,2290,8,34,23,710
LGA10470,827,15508,276,17872,0,10,8,266,5,289,210,14,28,122,6,379,39,9,5,23,0,80,202,88,51,213,0,549,1439,998,798,13238,299,16767,142,3,51,15,6,220,50,14,14,140,0,221,224,101,74,1031,20,1457,39,13,8,80,5,151,40,12,4,18,0,72,232,12,12,3,0,251,340,268,186,5406,82,6282,144,121,45,444,5,753,21,0,7,0,0,27,64,23,9,42,4,153,5,4,5,3,0,16,53,19,22,94,0,186,61,29,11,12,0,123,106,68,36,52,4,260,75,24,13,66,0,177,26,11,13,16,0,67,14,6,0,9,0,31,436,254,209,3309,61,4268,20,6,5,16,0,46,62,16,14,10,0,101,43,9,0,26,0,78,44,0,4,11,0,64,57,0,3,0,0,64,66,33,14,112,5,233,906,190,142,363,11,1614,69,16,16,380,3432,3905,4358,1999,1537,29375,4033,41301,188,1256,962,15827
LGA10500,2481,14522,338,23095,16,41,7,254,6,318,20579,215,318,274,165,21558,1006,108,73,219,10,1419,384,87,75,140,3,681,6766,2338,1678,12220,416,23413,3587,77,275,40,52,4035,531,63,31,129,12,771,1103,224,142,1052,35,2555,8938,1161,659,3119,137,14010,455,45,22,52,5,574,3856,64,40,28,32,4015,2237,852,516,5729,120,9449,3882,738,337,1658,126,6742,673,7,22,6,8,710,5839,882,393,759,80,7957,4426,312,208,510,40,5498,1022,198,118,359,24,1717,919,129,66,39,12,1171,649,168,112,59,15,1003,704,73,46,105,4,928,1022,29,70,46,8,1186,370,38,17,10,5,447,1473,582,399,3148,85,5688,1029,77,43,60,13,1216,341,47,30,15,7,450,1903,59,67,104,26,2156,187,12,5,18,4,221,1651,30,42,18,21,1764,165,60,37,176,5,435,30781,1443,1215,1299,298,35041,1084,108,56,345,9343,10939,97857,8562,5891,32657,11093,156061,3424,3810,3018,14156
LGA10550,814,11672,289,13988,0,10,0,117,6,132,103,10,30,56,0,199,34,4,7,4,0,50,343,100,62,133,10,648,2170,1068,766,10174,246,14434,112,0,32,8,4,145,57,17,6,75,10,165,409,96,102,1037,25,1670,52,11,6,30,0,95,56,9,9,18,0,97,56,0,0,10,0,70,360,234,136,3352,69,4148,157,72,31,284,9,543,14,0,3,0,0,19,10,0,0,25,0,34,3,4,5,0,0,10,64,24,5,42,0,131,48,13,0,12,0,74,72,33,26,23,3,157,83,14,13,64,4,172,39,10,6,25,0,72,6,6,3,4,0,17,492,277,185,2715,60,3732,9,0,3,0,0,12,52,8,6,13,0,85,34,0,0,28,5,68,9,0,0,4,0,13,23,0,0,0,0,24,98,23,16,94,0,224,710,165,126,352,23,1378,38,12,16,319,2241,2631,4727,1987,1420,22266,2849,33254,178,1215,921,12126
LGA10600,317,4350,112,5318,0,3,0,64,0,73,21,9,0,17,4,55,6,4,4,10,0,23,127,29,24,34,0,214,878,467,323,3814,108,5587,16,0,6,3,0,28,36,12,7,50,4,106,156,25,41,379,11,615,11,9,3,26,4,49,24,3,4,15,0,48,25,3,0,0,0,28,149,124,64,1382,25,1745,33,29,8,126,4,207,0,0,0,0,0,0,4,7,0,9,0,17,4,0,0,0,0,4,3,5,0,19,0,25,16,3,11,9,0,36,32,24,14,19,0,94,30,7,6,18,0,64,21,6,3,13,0,31,3,8,0,3,0,6,205,124,102,1101,20,1551,0,0,4,0,0,6,20,4,5,0,0,29,14,0,7,16,0,47,0,0,0,0,0,0,7,0,0,4,0,14,43,14,3,42,0,108,301,99,69,140,11,618,25,12,4,124,708,875,1757,912,609,8452,937,12670,61,580,360,4145
LGA10650,148,3052,71,3498,0,0,0,4,0,7,38,5,3,11,0,56,0,0,3,0,0,4,53,12,18,26,0,110,267,184,132,2748,81,3409,34,0,11,0,0,41,9,3,0,21,0,33,52,16,5,225,7,310,4,3,0,6,0,15,3,5,0,5,0,12,22,0,0,10,0,30,69,30,37,944,15,1094,33,25,9,117,5,184,3,0,0,0,0,3,0,0,0,8,0,8,0,0,0,0,0,0,3,9,0,11,0,24,13,3,0,3,0,17,19,15,6,8,0,53,11,6,0,4,0,26,5,0,0,0,0,5,6,0,0,0,0,9,101,59,43,731,13,946,0,0,0,0,0,0,14,0,4,0,0,14,0,0,0,0,0,4,5,3,0,0,0,16,0,0,0,5,0,4,8,11,0,18,0,40,123,22,10,80,5,242,15,4,0,157,731,908,775,373,258,6157,895,8462,38,237,157,2976
LGA10750,6176,53843,1234,76675,24,142,46,1160,26,1399,12761,220,421,401,89,13892,1919,227,135,449,25,2758,1330,383,251,663,26,2655,15643,6695,4537,41638,1200,69712,27908,488,1127,173,235,29924,752,89,58,333,16,1244,2765,662,421,3251,105,7205,1895,409,234,933,41,3517,864,136,53,194,12,1259,37207,295,207,133,217,38064,3037,1566,1094,13199,222,19117,3750,1179,512,3113,95,8643,1948,7,31,15,4,2010,3381,771,342,712,39,5242,320,54,21,54,4,452,4568,922,495,2397,79,8462,2765,327,248,141,77,3552,1394,449,284,210,35,2370,1819,209,165,431,18,2635,755,59,56,168,17,1054,4877,422,214,79,138,5729,3198,1378,1082,9125,177,14962,981,79,51,79,14,1200,1120,133,115,57,11,1433,3063,129,76,137,31,3431,3796,65,53,41,17,3965,1280,41,82,16,7,1422,310,106,65,392,8,886,62669,3190,2168,2560,599,71184,2769,154,157,1065,15754,19897,189430,17998,12415,97470,19651,336960,9376,9399,6658,49504
LGA10800,67,2423,64,2670,0,0,0,22,0,22,22,0,3,11,0,31,0,0,0,0,0,0,14,0,3,11,0,31,134,92,78,2023,57,2382,18,0,0,0,0,21,0,0,0,12,0,10,15,10,8,281,3,317,0,0,0,13,0,18,0,0,0,0,0,0,11,0,0,0,0,11,20,20,7,587,10,644,5,4,0,23,0,32,0,0,0,0,0,0,6,0,0,0,0,7,0,0,0,0,0,0,0,7,0,5,0,13,12,0,0,0,0,14,8,0,0,4,0,18,0,0,0,0,0,8,5,0,0,0,0,5,0,0,0,0,0,0,35,22,19,539,8,619,3,0,0,0,0,3,11,0,0,0,0,16,0,0,0,0,0,0,10,0,0,0,0,10,7,0,0,0,0,5,0,0,0,10,0,14,95,16,3,22,8,146,4,0,4,98,625,727,364,183,120,4547,746,5958,13,101,76,2239
LGA10850,115,3080,61,3450,0,0,0,19,0,24,19,6,0,13,0,35,0,0,0,0,0,8,37,11,15,36,3,102,243,163,127,2434,65,3027,7,0,0,0,0,7,5,3,0,23,0,36,40,21,9,170,6,241,8,4,0,7,0,19,4,0,0,3,0,16,0,0,0,3,0,6,48,50,20,932,12,1062,16,0,6,71,3,100,0,0,0,0,0,0,8,0,0,0,0,14,0,0,0,0,0,0,7,3,0,13,0,27,8,5,0,5,0,11,21,12,3,9,3,53,17,9,0,8,0,26,0,0,0,5,0,6,3,4,0,0,0,4,69,51,36,557,12,729,0,0,0,0,0,0,0,0,3,4,0,5,4,0,0,7,0,11,0,4,0,4,0,8,6,0,0,0,0,6,6,0,4,20,0,36,72,31,7,53,0,162,6,0,0,88,435,533,533,326,222,5609,567,7259,22,228,146,3044
LGA10900,2624,22339,378,29664,0,23,9,222,6,259,630,71,102,188,20,1011,181,51,28,96,5,357,761,275,181,399,9,1625,6853,3818,2616,20764,400,34455,281,14,50,31,3,384,269,70,46,231,8,611,1118,407,277,1870,42,3715,291,91,46,228,0,662,290,56,29,83,5,467,292,45,34,38,4,409,1703,1135,689,8892,144,12568,679,272,115,868,22,1966,88,0,9,5,0,105,115,28,12,70,5,231,23,3,3,8,0,39,304,124,57,276,4,765,93,27,13,26,6,161,308,185,125,94,5,719,511,100,61,184,4,860,224,45,26,107,4,412,41,18,5,15,0,76,1776,989,651,6151,99,9667,58,17,6,20,0,99,171,42,38,13,0,264,274,32,21,75,4,397,59,19,10,16,0,102,143,11,12,4,0,172,306,104,73,378,8,867,3085,892,551,1061,48,5630,108,36,36,371,3305,3852,16665,7329,4840,43868,4196,76902,497,4290,2909,21866
LGA10950,31,1283,19,1371,0,0,0,23,0,25,6,0,0,3,0,17,0,0,0,6,0,7,3,0,0,0,0,5,40,36,20,891,13,1014,10,0,0,0,0,12,4,0,0,0,0,3,3,6,3,63,0,77,5,0,0,0,0,5,0,0,0,0,0,0,10,0,0,0,0,13,17,7,9,282,3,323,0,0,0,9,0,14,0,0,0,0,0,0,0,0,0,0,0,3,0,0,0,0,0,0,0,0,5,5,0,10,0,5,0,0,0,8,4,5,5,0,0,12,0,0,0,7,0,14,0,0,0,0,0,4,0,0,0,0,0,0,15,3,8,166,0,197,0,0,0,0,0,0,4,0,0,0,0,4,0,0,0,0,0,0,0,0,0,0,0,0,0,0,0,0,0,0,0,0,0,4,0,6,46,4,0,3,0,59,0,0,0,37,274,316,144,63,52,2117,314,2689,0,45,39,1062
LGA11150,25,1154,45,1284,0,0,0,140,7,150,3,0,0,10,0,13,0,0,0,0,0,4,7,0,0,5,0,12,37,34,15,608,27,722,0,0,0,0,0,3,0,0,0,7,0,7,4,0,3,48,0,58,0,0,0,6,0,6,0,0,0,0,0,0,6,0,0,0,0,6,5,5,8,205,5,236,5,6,0,3,0,11,0,0,0,0,0,0,4,0,0,0,0,3,0,0,0,0,0,0,0,4,0,4,0,4,0,0,0,0,0,0,0,0,0,0,0,3,0,0,0,0,0,0,0,0,0,0,0,0,0,0,0,0,0,0,13,10,3,113,4,141,0,0,0,0,0,0,0,0,0,0,0,0,0,0,0,0,0,0,0,0,0,0,0,0,0,0,0,0,0,0,0,0,0,0,0,3,38,14,9,15,0,72,8,0,0,29,481,525,121,81,41,1832,553,2633,6,34,21,716
LGA11200,11,545,21,592,0,3,0,527,6,535,0,0,0,11,0,8,0,0,0,0,0,0,0,0,0,0,0,4,14,16,7,303,14,344,0,0,0,0,0,0,0,0,0,3,0,0,6,6,0,38,0,44,0,0,0,0,0,3,0,0,0,0,0,0,8,0,0,0,0,5,6,0,9,119,0,132,0,0,0,0,0,4,0,0,0,0,0,0,0,0,0,0,0,0,0,0,0,0,0,0,0,0,0,0,0,3,0,0,0,0,0,4,0,0,4,0,0,4,3,0,0,0,0,3,0,0,0,0,0,0,0,0,0,0,0,0,3,9,3,84,0,93,0,0,0,0,0,0,0,0,0,0,0,0,0,0,0,0,0,0,0,0,0,0,0,0,0,0,0,0,0,0,0,0,0,0,0,0,16,9,8,10,0,36,0,0,0,29,140,171,42,36,15,1374,180,1645,0,14,10,262
LGA11250,213,7589,214,8422,0,8,0,153,13,168,27,0,0,17,0,54,29,4,7,28,0,68,34,18,10,23,0,83,284,315,174,5836,174,6783,105,4,30,8,10,150,7,4,4,38,0,58,62,40,19,709,19,851,24,7,0,42,6,76,4,0,0,3,0,6,59,0,0,15,0,79,49,61,29,1495,30,1669,124,73,24,333,9,559,5,0,0,0,0,3,4,4,3,21,0,26,0,0,0,0,0,0,61,40,22,117,5,237,12,5,7,8,0,30,15,10,3,8,0,39,10,5,0,31,0,49,0,5,0,6,0,14,0,0,0,0,0,5,88,66,47,1248,26,1474,4,0,0,3,0,10,17,0,3,0,0,17,19,0,0,13,0,34,7,0,0,3,0,11,3,0,6,0,0,7,15,5,0,40,0,67,197,63,27,151,4,441,23,6,4,252,1354,1641,1088,682,382,13794,1769,17709,58,364,202,6879
LGA11300,406,2408,28,3779,0,11,0,31,0,44,11697,87,170,81,84,12118,302,14,20,51,0,384,49,21,8,28,0,105,1194,376,290,2053,46,3952,505,4,45,3,0,561,89,12,18,29,0,153,162,37,36,185,4,420,805,106,42,311,14,1273,68,4,9,16,0,94,1789,15,20,0,11,1836,456,178,91,1138,25,1885,1899,283,147,587,22,2931,1518,13,17,4,8,1557,1085,217,107,207,8,1626,44,6,6,9,0,72,90,18,17,41,0,168,41,8,5,5,0,65,83,22,22,11,0,136,177,18,10,42,0,249,176,10,10,19,0,218,35,9,3,0,0,48,223,100,62,611,16,1018,69,7,8,17,0,96,25,4,4,0,0,32,200,15,5,15,0,240,163,7,0,0,0,174,693,17,24,11,3,751,22,5,4,26,0,55,4441,185,182,158,47,5017,188,17,3,39,1741,1988,26569,1523,1099,5595,2028,36810,486,587,510,2247
LGA11350,1000,7902,196,10713,0,7,3,74,0,92,84,34,18,58,4,199,43,6,0,19,0,70,304,97,56,116,0,577,2793,1210,847,7317,203,12375,60,7,20,10,0,99,251,35,30,100,8,426,649,170,116,746,26,1704,84,42,8,76,0,211,57,19,5,19,5,102,101,11,15,23,4,155,669,358,235,3317,78,4664,379,115,56,328,13,894,23,5,0,0,0,24,20,14,3,31,0,66,8,5,0,3,0,21,37,13,13,28,0,88,56,22,13,6,3,95,176,76,38,23,8,319,157,37,21,64,0,279,90,27,8,26,0,158,9,0,3,0,0,22,645,299,222,2296,65,3526,12,5,0,0,0,18,101,20,14,9,7,151,140,19,10,27,0,199,18,7,3,7,3,42,20,3,3,0,0,33,108,33,22,98,5,266,1520,401,265,411,48,2645,66,29,12,225,3657,3984,6703,2611,1792,16302,4151,31556,229,1662,1226,7608
LGA11400,273,5750,93,6421,0,0,0,30,0,34,27,4,4,14,0,48,14,3,0,5,0,24,58,25,13,46,0,150,421,268,231,4655,97,5673,31,0,6,6,0,44,8,10,0,38,0,57,65,22,18,337,15,454,0,5,0,5,0,9,14,0,0,3,0,15,20,5,0,4,0,24,75,72,42,1479,28,1700,51,10,7,133,0,209,5,0,0,0,0,5,0,0,0,10,0,15,0,0,0,0,0,0,17,10,0,31,0,62,29,12,4,9,0,50,38,20,15,4,0,83,14,4,6,26,0,53,9,6,5,11,0,25,5,0,0,0,0,5,91,70,53,1127,16,1357,0,0,0,0,0,7,29,6,5,0,0,40,10,0,0,3,0,14,0,0,0,0,0,3,0,0,0,0,0,6,10,3,8,43,5,67,132,41,32,73,6,295,15,10,0,176,784,986,986,535,432,10449,984,13391,24,342,277,5701
LGA11450,2181,22547,364,29098,3,20,5,217,4,252,1292,55,95,134,15,1605,485,98,61,276,9,920,392,152,94,263,3,904,4560,2766,1971,17516,300,27112,689,67,107,30,5,900,178,47,15,166,3,412,653,256,174,1447,25,2565,389,135,84,400,4,1013,166,50,13,76,6,307,1484,70,19,38,8,1626,1161,611,440,5681,65,7950,1933,777,292,2316,62,5375,60,0,13,0,0,76,624,169,68,224,13,1094,180,36,30,67,5,313,857,257,147,893,10,2167,231,32,45,34,0,339,304,140,113,86,0,643,391,77,83,197,12,755,169,22,23,59,0,273,278,52,28,15,4,375,1174,664,485,4046,60,6432,390,78,29,107,3,604,271,41,46,26,7,383,415,54,26,92,5,590,128,8,13,7,0,160,295,27,22,10,0,352,160,71,38,147,4,416,5946,924,534,977,58,8452,194,46,29,352,3350,3977,21789,6611,4258,41391,4176,78224,1797,4713,3170,29090
LGA11500,3578,32586,791,44739,16,78,33,821,25,974,4352,92,176,216,43,4892,740,100,80,167,6,1095,603,242,97,318,12,1267,8475,3970,2760,26036,769,42001,5066,129,399,54,43,5693,503,53,38,213,13,827,1586,404,266,2096,47,4398,885,218,130,451,36,1718,347,57,35,85,0,521,8285,124,65,45,65,8582,1866,945,587,8521,168,12079,1697,561,269,1644,69,4238,212,4,24,6,0,249,2263,525,233,390,50,3455,373,52,29,59,4,524,673,228,142,585,32,1662,1293,174,124,93,34,1724,800,259,175,148,3,1384,938,92,84,228,6,1350,396,50,35,84,4,571,3958,296,144,73,117,4587,2083,936,671,5969,136,9790,448,72,30,70,5,619,739,90,77,44,4,955,1523,89,73,108,21,1815,524,14,19,8,5,565,1274,45,56,19,15,1407,277,77,54,224,3,636,26360,1744,1180,1460,332,31072,1168,110,98,640,8077,10086,70102,10026,6976,59582,10315,157001,4379,5315,3699,30001
LGA11520,1677,10504,134,15444,4,6,0,76,5,91,13928,246,330,316,83,14907,473,64,40,170,0,752,282,82,49,121,7,546,4420,1864,1299,9570,191,17343,836,38,99,30,5,1010,306,44,26,119,0,493,650,160,110,827,13,1769,1875,301,161,921,19,3278,216,35,25,50,0,328,2890,75,67,39,15,3087,1575,702,428,5206,70,7988,7660,1333,695,3227,122,13032,3696,18,29,12,16,3772,1061,250,126,422,16,1879,128,28,11,37,0,214,378,90,66,214,4,747,149,27,18,10,7,205,357,130,71,30,0,587,422,47,70,128,3,672,341,44,32,64,0,479,56,10,14,4,0,83,1110,466,353,2944,43,4919,261,28,30,47,3,365,235,53,34,16,6,343,620,49,52,87,8,822,380,19,20,12,3,437,760,18,48,26,3,859,162,37,32,165,4,399,7521,721,696,790,59,9796,255,24,31,139,4789,5240,48072,5722,3998,24739,5489,88015,1034,2549,1846,10190
LGA11570,4400,28295,974,49158,19,71,29,446,5,574,37474,322,562,439,441,39243,1209,131,78,273,16,1709,492,143,82,229,13,964,11865,4340,2695,22738,794,42431,4842,115,414,46,66,5486,719,65,40,228,19,1073,1689,352,209,1816,70,4136,15013,1806,968,4607,316,22711,546,84,42,100,9,792,8251,148,108,68,53,8627,2099,1171,762,9680,163,13875,8035,1595,714,3649,157,14146,4208,20,71,11,22,4338,37275,6551,2774,5181,566,52348,3305,409,172,497,35,4413,1055,232,144,475,20,1927,1392,135,125,49,31,1734,887,242,136,105,19,1389,1254,141,83,235,24,1731,624,46,44,85,12,808,1734,154,60,29,45,2017,1901,936,613,5691,128,9264,698,44,43,76,9,868,374,54,66,23,5,519,1735,101,89,150,20,2091,569,27,30,23,0,649,24298,150,349,155,241,25189,205,80,52,270,7,620,66803,3901,2368,2746,730,76547,3411,326,178,748,17913,22563,227634,20825,12146,63392,22177,346176,12718,8038,5050,25309
LGA11600,39,1122,21,1240,3,0,0,20,0,22,21,0,0,5,0,29,0,0,0,0,0,0,12,0,3,9,0,21,58,54,39,825,21,992,14,0,0,0,0,14,8,0,0,4,0,7,16,6,5,63,0,86,4,0,0,0,0,10,0,0,0,0,0,0,27,4,0,0,0,36,21,18,9,272,0,323,21,7,0,24,0,53,20,0,3,0,0,24,3,0,0,6,0,13,0,0,0,0,0,0,4,0,0,4,0,6,11,0,0,0,4,15,8,0,0,0,0,12,4,0,0,4,0,8,3,0,0,0,0,3,0,0,0,0,0,0,24,13,14,259,4,307,0,0,0,0,0,0,20,0,0,0,0,20,0,0,0,4,0,0,0,0,0,0,0,0,0,0,0,0,0,0,0,0,0,0,0,0,66,6,8,15,0,105,11,0,3,26,209,248,325,96,76,1974,251,2723,11,56,60,1002
LGA11650,9670,109392,2462,137133,6,77,38,1275,31,1434,2919,202,255,746,43,4167,526,155,83,276,5,1035,2102,661,399,1289,40,4490,24285,12727,8978,94021,2367,142378,1779,105,453,88,38,2462,792,172,132,890,24,2010,2606,950,599,6836,167,11160,1027,327,138,844,18,2358,484,132,50,179,9,851,1865,136,97,151,11,2253,5234,3056,1915,31466,579,42257,2718,1140,405,3863,113,8243,694,6,35,20,0,762,410,175,63,263,7,911,80,27,8,34,0,152,1399,411,209,1208,42,3277,1100,328,222,222,23,1895,1482,800,524,435,28,3270,931,225,139,451,17,1763,698,92,100,205,8,1096,236,113,25,22,5,400,5765,3112,2116,22434,474,33906,253,40,16,83,5,400,1018,181,140,94,9,1441,1074,99,73,371,9,1633,207,48,24,33,0,320,332,17,44,19,3,410,952,276,195,1053,19,2490,10087,2545,1766,3451,194,18043,570,184,148,2245,16532,19681,60470,24663,16945,203831,21829,327736,2182,15545,11233,107973
LGA11700,25,554,14,606,0,6,0,409,37,453,6,0,0,0,0,3,0,0,0,0,0,0,5,0,0,0,0,5,19,23,16,354,14,423,0,0,0,0,0,0,0,0,0,0,0,0,12,0,0,32,0,47,0,0,0,4,0,3,0,0,0,0,0,0,0,0,0,0,5,3,9,7,0,90,0,104,6,7,0,9,0,16,0,0,0,0,0,0,0,0,0,0,0,0,0,0,0,0,0,0,5,4,0,0,0,10,0,0,0,0,0,4,4,0,0,0,0,5,0,0,0,0,0,0,0,0,0,0,0,0,0,0,4,0,0,3,3,5,3,97,0,113,0,0,0,0,0,0,0,0,0,0,0,0,0,0,0,0,0,0,0,0,0,0,0,0,0,0,0,0,0,0,0,0,0,5,0,9,26,3,4,17,6,53,3,3,0,34,282,321,76,45,37,1312,353,1831,0,19,15,394
LGA11720,1051,22976,500,26226,0,10,0,288,6,308,117,11,15,74,4,220,22,9,4,19,0,53,163,69,59,161,0,457,1822,1382,950,19189,453,23797,175,13,64,15,3,274,43,9,8,100,0,167,295,130,101,1653,38,2211,31,28,0,92,0,151,39,8,7,26,0,78,117,13,8,17,9,158,346,270,136,4538,105,5385,120,72,15,440,12,659,15,0,0,0,0,20,25,6,3,30,0,65,7,10,0,12,3,32,52,22,20,69,11,164,114,30,19,33,4,200,144,77,62,59,0,346,152,39,21,155,3,368,27,9,5,34,0,73,16,9,0,0,0,29,618,457,313,4819,88,6287,8,0,0,5,0,14,66,15,9,27,0,116,52,7,0,71,4,131,9,0,0,0,0,12,14,0,7,0,0,18,73,41,20,307,7,451,739,182,114,449,31,1511,45,25,15,589,4388,5058,4437,2658,1771,41303,5385,55561,228,1793,1240,24880
LGA11730,938,19923,454,22777,0,14,8,530,4,552,144,19,9,96,5,264,16,5,0,9,0,27,321,91,54,153,4,612,2082,1210,942,16800,465,21500,137,5,51,0,10,202,62,18,12,122,5,217,303,108,66,1789,28,2301,32,21,3,63,4,124,28,6,5,4,0,46,121,9,0,33,0,165,383,278,168,5295,124,6243,116,80,15,410,11,629,8,0,3,0,0,10,6,3,0,16,0,23,3,0,0,0,0,6,50,16,7,63,5,140,56,26,6,16,5,114,100,62,50,51,3,265,66,29,13,31,6,142,30,7,9,18,0,59,4,3,0,0,0,14,510,359,254,4646,91,5856,5,6,0,4,0,8,48,10,13,10,0,83,39,3,7,33,5,85,22,0,0,4,0,28,22,0,4,0,0,31,84,23,18,141,0,269,686,194,158,462,22,1521,36,25,16,648,3456,4189,4525,2374,1679,37669,4421,50670,181,1391,1026,19634
LGA11750,93,2119,63,2384,0,0,0,36,0,38,22,0,0,8,0,32,0,0,0,3,0,11,20,9,3,11,0,40,93,66,64,1168,40,1432,19,0,5,0,0,22,5,0,0,6,0,14,25,11,4,110,3,153,3,0,3,12,0,19,3,0,0,0,0,3,20,3,0,0,0,25,47,11,22,415,6,508,9,0,3,45,0,64,0,0,0,0,0,0,0,0,0,3,0,3,0,0,0,0,0,3,0,3,0,0,0,4,21,0,3,0,0,23,15,12,3,3,0,29,3,4,7,3,0,16,0,0,4,0,0,12,4,5,0,0,0,9,33,18,16,279,8,358,0,0,0,0,0,0,19,0,0,0,0,16,0,0,0,4,0,4,10,0,0,0,0,10,3,0,0,0,0,3,3,5,0,9,0,19,111,11,16,34,3,170,9,0,4,55,494,562,407,156,147,3274,590,4564,8,73,90,1577
LGA11800,1743,24335,474,29344,0,22,5,411,15,455,381,51,56,156,6,643,72,16,11,34,0,126,481,164,81,272,8,1013,4200,2274,1619,21679,527,30298,273,9,79,25,11,397,157,16,25,197,7,399,672,208,153,2040,42,3115,92,51,10,128,4,286,107,22,8,40,0,177,1133,60,93,52,10,1348,896,524,350,7567,124,9459,431,167,71,908,19,1597,53,0,0,5,0,63,38,12,8,55,0,109,17,0,0,11,0,30,103,35,35,110,7,286,152,50,27,47,3,280,249,139,89,57,7,543,193,29,24,102,3,356,88,18,7,38,5,155,37,3,14,0,0,55,981,598,405,5780,96,7858,24,0,3,7,0,29,146,31,15,10,0,207,152,9,24,89,0,280,28,8,0,3,0,47,53,0,4,0,3,67,157,43,33,252,0,483,3109,461,354,769,65,4754,196,41,27,597,4825,5672,12332,4389,3174,47124,5923,72949,468,2710,1982,24352
LGA12000,61,1759,43,1953,0,0,0,15,0,17,0,0,0,6,0,11,0,0,0,0,0,0,17,4,3,23,0,42,98,85,55,1386,37,1660,0,0,0,0,0,0,3,0,0,12,3,19,11,15,8,153,4,193,8,0,0,9,0,19,0,0,0,0,0,0,8,0,0,8,0,17,15,15,13,572,12,628,6,4,4,29,0,50,0,0,0,0,0,0,0,0,0,5,0,8,0,0,0,0,0,0,3,0,0,0,0,5,7,0,0,0,0,7,3,4,0,3,0,15,4,3,0,3,0,12,0,0,0,3,0,3,0,0,0,0,0,0,25,26,13,420,11,500,0,0,0,0,0,0,0,0,0,0,0,0,0,0,0,5,0,8,0,0,0,0,0,0,0,0,0,0,0,0,5,0,0,12,0,13,43,14,4,37,0,101,0,5,0,43,411,465,223,155,99,3342,495,4313,13,80,60,1795
LGA12150,40,1914,39,2039,0,0,0,52,0,54,5,0,4,15,0,21,0,0,0,0,0,0,3,3,5,8,0,19,34,28,32,1159,38,1290,4,0,0,0,0,4,0,0,0,10,0,10,13,4,0,96,0,120,8,0,0,4,0,14,0,0,0,0,0,0,14,0,0,0,0,17,12,9,7,332,13,377,6,5,0,23,0,38,0,0,0,0,0,0,3,0,0,0,0,4,0,0,0,0,0,0,0,0,0,0,0,3,7,0,0,0,0,9,0,5,3,4,0,13,3,0,0,0,0,3,0,0,0,0,0,3,0,0,0,0,0,0,13,4,6,253,7,288,0,0,0,0,0,0,0,0,0,0,0,0,0,0,0,0,0,0,3,0,0,0,0,8,3,0,0,0,0,3,0,0,0,10,0,12,20,3,0,18,0,49,0,3,5,59,569,631,132,69,66,2991,661,3919,9,31,26,1431
LGA12160,148,4808,140,5339,0,0,0,15,8,23,34,0,3,22,4,64,0,0,0,0,0,0,40,9,0,22,0,79,300,195,129,3910,129,4661,35,0,0,0,0,38,7,3,0,24,0,37,40,24,18,324,3,406,7,4,0,10,0,26,3,0,0,0,0,8,25,3,4,0,0,31,56,30,33,1313,38,1463,24,9,8,73,4,115,0,0,0,0,0,0,4,6,0,16,0,24,0,0,0,0,0,0,8,6,0,6,0,14,9,5,0,7,0,21,21,8,8,0,0,37,13,5,0,8,0,24,4,4,0,3,0,11,0,0,0,0,0,3,62,54,42,821,24,998,0,0,0,0,0,0,5,0,0,0,0,8,6,0,0,4,0,15,5,7,0,0,0,6,16,0,0,0,0,18,5,3,0,24,0,40,108,19,25,63,9,224,5,6,0,171,658,838,733,374,250,8858,934,11144,22,231,141,4448
LGA12350,202,5308,120,5915,0,4,0,142,0,147,37,3,5,15,0,70,19,7,4,3,3,30,61,14,10,25,3,113,359,245,185,4319,101,5214,22,0,0,0,0,29,17,0,0,29,0,43,86,36,18,296,7,446,23,9,0,27,0,59,17,0,0,10,0,25,23,0,0,0,0,27,66,58,27,1263,29,1449,35,26,9,71,0,146,5,0,0,0,0,7,9,5,0,11,0,17,0,0,0,0,0,0,29,5,10,30,0,70,14,0,7,12,0,32,16,12,25,16,0,65,17,0,0,11,0,38,10,0,0,0,0,7,0,0,0,0,0,0,96,64,54,960,16,1184,0,0,5,0,0,6,10,0,0,4,0,15,10,0,0,14,0,20,5,0,0,0,0,5,4,0,0,0,0,4,8,9,3,29,3,54,170,46,24,111,3,343,14,6,7,128,888,1046,992,478,358,9506,1130,12464,46,264,210,4856
LGA12380,2200,13818,528,25760,8,25,15,164,11,211,26493,140,303,242,217,27385,1643,125,76,298,21,2155,275,71,44,115,3,504,7535,2089,1418,10797,412,22251,4863,89,211,32,60,5254,332,27,20,126,6,515,782,152,102,846,29,1921,1579,241,94,525,31,2466,218,37,3,28,3,301,17798,94,98,54,107,18143,1112,534,333,4225,83,6286,2939,560,266,1251,51,5064,5180,16,43,10,21,5272,19973,3975,1640,2745,319,28654,189,15,15,31,3,258,2226,290,171,661,41,3395,912,93,54,18,24,1104,461,100,72,63,18,711,686,66,39,120,7,928,631,32,28,86,13,796,820,73,24,24,19,963,929,421,259,2365,51,4031,446,43,11,43,3,554,195,25,15,12,0,247,1116,53,28,52,15,1264,2615,8,21,8,13,2664,4060,41,72,40,47,4262,98,37,21,122,8,294,58052,2041,1364,1334,617,63414,2504,172,102,364,10589,13718,157355,10516,6184,29031,12992,216080,7087,3804,2271,11407
LGA12390,666,21544,417,23707,5,16,6,698,18,740,287,17,24,178,9,513,16,3,3,10,0,37,169,61,55,217,0,506,980,885,672,16323,351,19210,220,0,46,6,4,280,44,12,9,133,3,202,158,83,57,1320,14,1631,63,16,15,84,0,185,26,7,0,4,0,41,452,11,9,15,0,490,231,219,157,5440,86,6134,114,61,23,405,9,606,55,3,0,0,0,61,36,8,7,40,0,93,4,0,0,0,0,9,29,21,5,58,0,119,65,28,18,36,0,152,72,60,30,49,5,206,49,16,13,56,3,143,40,4,0,14,0,58,19,3,0,0,0,27,259,258,171,3715,55,4467,4,0,5,3,0,12,49,9,5,6,0,76,26,9,0,30,8,67,102,4,3,0,0,112,54,0,4,0,5,67,35,17,9,113,4,180,1113,146,101,334,28,1730,48,13,12,557,4165,4795,4202,1740,1267,37885,4983,50075,223,1073,798,19749
LGA12700,146,3865,81,4325,0,0,0,26,0,27,10,0,0,13,0,26,6,0,0,4,0,8,32,15,9,21,0,79,260,222,155,3164,69,3868,8,3,0,0,0,15,3,6,0,11,0,18,46,22,10,363,9,455,0,0,0,0,0,5,3,0,0,4,0,9,0,0,0,0,0,5,50,30,28,865,27,1004,18,8,9,47,0,86,5,0,0,0,0,5,0,0,0,0,0,3,4,0,0,5,0,9,0,0,3,3,0,6,4,4,3,9,4,29,6,15,0,11,0,36,15,6,6,10,0,40,5,0,0,5,0,13,0,0,0,0,0,0,85,63,26,743,13,926,0,0,0,0,0,0,4,0,0,0,0,5,5,0,0,0,0,4,0,0,0,0,0,3,0,0,0,0,0,0,11,4,4,32,0,53,96,40,24,85,0,241,5,3,0,114,587,713,564,391,264,7010,746,8976,28,278,179,4065
LGA12730,100,3722,88,4107,0,0,0,37,3,40,53,0,0,23,0,73,0,0,0,6,0,6,32,10,10,43,3,102,205,159,117,2753,70,3304,11,0,0,0,3,15,7,4,0,16,0,20,33,9,21,198,7,267,12,4,0,8,4,29,0,0,0,0,0,0,43,0,0,0,0,47,43,30,31,831,15,949,63,22,11,137,5,237,15,0,0,0,0,15,0,0,0,3,0,3,3,0,0,0,0,3,5,0,0,7,0,15,27,4,9,5,5,45,16,3,8,5,0,33,11,8,0,4,0,18,0,0,0,0,0,0,0,3,0,0,0,7,60,58,39,833,18,1004,0,0,0,0,0,0,29,4,0,0,0,25,4,0,0,3,0,7,9,0,0,0,0,9,0,0,0,0,0,0,8,8,0,9,0,32,116,22,9,45,0,191,9,5,0,100,772,882,711,319,219,6646,954,8847,29,200,134,3301
LGA12750,854,12430,353,14930,0,12,0,377,7,397,78,15,13,99,5,215,166,14,10,38,0,221,346,82,54,169,8,655,2624,1187,835,10969,285,15905,99,0,27,3,0,133,89,6,6,111,8,223,532,107,81,931,25,1673,101,24,0,60,5,192,91,19,4,21,0,124,86,3,9,10,0,105,470,290,176,3986,58,4976,261,89,33,325,10,715,8,0,0,0,0,13,22,15,0,14,0,48,17,3,0,9,0,27,99,31,8,49,5,194,46,10,15,28,4,111,109,33,41,41,7,234,141,13,16,55,3,225,57,9,7,22,0,96,18,10,0,0,0,27,671,298,237,2967,66,4244,32,4,0,3,3,44,49,13,12,5,0,85,60,3,4,31,4,109,16,4,0,3,0,25,46,0,3,0,0,52,118,38,14,129,4,307,868,167,96,363,17,1517,66,17,13,328,2523,2947,6143,2157,1539,24191,3199,37229,201,1333,954,12697
LGA12850,1531,9680,412,18328,3,30,8,183,7,238,25744,242,329,273,353,26943,2915,210,113,399,41,3678,233,42,25,60,10,365,6573,1317,922,7028,416,16254,2907,52,176,34,54,3220,385,22,28,51,4,490,1191,147,89,550,25,1995,1020,149,111,381,18,1687,310,31,22,21,7,391,1929,30,26,17,22,2027,628,342,198,2307,55,3531,7488,1235,526,2500,157,11913,157,0,9,9,0,169,4109,994,333,583,81,6103,1244,99,76,160,11,1598,1780,264,176,625,34,2873,717,85,44,21,12,885,356,61,52,23,11,506,926,97,29,114,15,1190,777,64,27,51,82,1003,2367,124,56,32,44,2623,756,286,204,1418,59,2722,3309,178,140,192,99,3919,57,10,9,9,0,84,2693,96,89,107,43,3029,175,14,6,0,0,201,37877,326,519,253,603,39578,64,20,12,69,3,171,58868,1599,1268,984,638,63364,2472,94,79,232,8107,10989,155711,6966,4760,20358,11027,198816,6943,2247,1498,7431
LGA12870,206,4762,102,5368,0,0,0,22,0,22,24,0,0,13,0,45,11,5,0,0,0,13,75,20,17,29,0,135,430,274,165,3963,119,4953,46,4,5,4,0,61,5,6,0,35,0,47,69,25,15,454,8,577,6,0,6,16,0,30,18,8,0,5,0,26,23,0,3,0,0,25,85,67,31,1403,27,1623,62,17,10,129,0,224,16,0,0,0,0,16,0,0,0,0,0,4,0,0,0,0,0,0,13,0,0,7,0,25,11,4,8,0,0,16,35,3,10,6,0,52,29,4,0,15,0,49,6,0,0,6,0,13,0,0,0,0,0,0,118,66,33,1184,29,1430,3,0,0,0,0,3,4,0,0,3,0,9,7,0,0,0,0,12,3,0,0,0,0,3,6,0,0,0,0,6,10,13,0,30,0,51,146,26,13,76,3,266,14,5,0,182,894,1106,1079,497,324,9240,1136,12279,55,309,198,4801
LGA12900,133,4342,119,4769,0,0,0,64,0,66,22,0,0,18,0,44,8,5,0,3,0,13,17,12,13,38,0,79,162,135,102,3386,86,3869,27,5,11,4,0,36,3,0,0,38,0,46,18,19,13,288,5,341,3,7,0,17,0,28,0,0,0,6,0,9,27,0,0,4,0,35,41,36,22,1089,20,1206,29,16,0,64,0,109,0,0,0,0,0,0,0,0,0,10,0,6,9,0,0,0,0,5,8,0,0,0,0,10,0,10,0,7,0,15,16,0,5,5,0,23,12,3,0,16,0,29,0,0,0,4,0,8,0,0,0,3,0,4,45,36,26,654,7,772,0,0,0,0,0,0,5,0,0,0,0,7,0,0,0,5,0,7,0,0,0,0,0,3,6,0,0,0,0,6,3,5,4,14,0,26,75,15,19,66,0,175,4,0,0,143,742,895,475,274,202,7684,954,9589,11,134,140,3849
LGA12930,2275,15397,307,22724,8,25,12,143,0,193,39381,324,575,372,256,40905,1436,149,98,386,29,2095,278,81,56,130,4,546,5459,2368,1664,14088,377,23953,2572,55,226,28,31,2909,298,52,34,182,4,577,778,203,142,1053,37,2212,6213,967,550,3067,90,10881,264,43,14,55,4,381,3257,62,63,28,34,3444,1232,686,491,6194,97,8706,3056,711,359,1811,57,5996,664,7,27,16,3,716,3364,629,299,660,50,5000,3045,299,221,610,25,4201,534,130,70,233,13,974,862,92,42,27,23,1041,506,153,98,53,8,817,429,53,39,77,4,600,501,27,25,46,0,597,349,38,6,4,8,406,1138,574,432,3855,67,6063,512,55,36,46,4,654,248,43,31,13,0,333,869,60,46,70,17,1057,225,19,12,14,0,264,1270,25,75,24,14,1403,141,76,19,165,4,408,18763,1135,966,1192,181,22235,674,64,70,249,5697,6746,91265,7666,5579,35324,7126,146962,2271,3149,2471,14200
LGA12950,51,2007,49,2182,0,0,0,81,4,83,13,0,0,10,0,15,0,0,0,0,0,0,13,4,0,10,0,26,66,75,37,1379,58,1608,7,8,5,0,3,20,0,0,7,13,0,19,13,9,3,142,3,169,10,0,0,0,0,11,7,0,0,0,0,7,15,0,0,4,0,17,8,11,7,407,7,448,5,0,0,16,0,25,0,0,0,0,0,0,0,3,0,0,0,5,0,0,0,0,0,0,3,0,0,4,0,10,10,4,3,0,0,21,3,0,4,0,0,9,5,0,3,4,0,13,4,0,0,0,0,5,0,0,0,0,0,0,19,25,13,300,8,359,0,0,0,0,0,0,0,4,0,0,0,4,0,0,0,5,0,9,0,0,0,0,0,0,4,0,0,0,0,4,0,0,0,6,0,10,20,4,3,43,8,77,5,0,5,66,279,352,204,133,84,3415,393,4234,9,65,55,1724
LGA13010,136,3452,70,3849,0,0,4,55,0,61,21,3,0,19,0,38,0,0,0,0,0,0,49,12,4,13,0,83,280,167,137,2897,84,3559,22,0,9,0,0,34,8,0,0,17,0,32,44,29,6,391,5,465,8,5,0,3,0,14,5,6,0,0,0,8,26,3,0,0,0,35,52,36,30,886,19,1023,10,18,0,58,0,83,3,0,0,0,0,3,0,0,0,14,0,17,0,0,0,0,0,0,0,0,0,4,0,4,5,5,0,6,0,17,24,6,5,0,0,35,9,4,0,4,0,14,3,0,3,3,0,10,0,0,0,0,0,3,71,56,46,849,10,1033,0,0,0,0,0,0,6,0,4,0,0,11,0,3,0,5,0,10,0,0,0,0,0,0,0,0,0,0,0,0,25,0,8,35,0,60,124,28,17,51,4,225,7,0,4,107,952,1072,666,317,240,6505,1111,8832,30,183,126,3235
LGA13310,598,10969,247,12669,0,0,0,97,0,106,149,5,8,69,3,235,34,5,5,16,0,66,145,35,25,83,3,299,1161,714,519,9500,259,12151,152,6,28,13,0,196,50,12,5,76,0,134,192,84,51,672,14,1012,92,31,11,94,0,224,42,10,6,20,0,78,141,6,4,12,0,163,261,188,110,3247,62,3871,157,59,21,219,9,463,69,0,4,3,0,71,44,7,5,16,0,71,20,3,0,3,0,25,57,17,6,62,4,143,52,11,10,9,0,84,56,30,21,20,0,131,65,17,3,40,0,128,29,0,5,12,0,53,17,8,0,0,0,20,299,197,126,2184,35,2836,11,3,4,0,0,21,20,15,15,3,0,53,45,7,0,26,6,74,21,0,0,0,0,26,10,0,0,0,0,13,44,18,17,100,3,183,761,122,92,213,17,1202,40,8,9,275,2384,2721,3569,1396,1004,20739,2900,29608,122,888,679,11492
LGA13340,171,4203,84,4724,0,0,0,33,3,38,14,9,0,5,3,33,7,8,0,3,0,11,67,17,19,50,0,158,309,207,163,3158,66,3912,26,0,8,0,0,39,12,0,4,25,0,44,89,31,35,1014,18,1194,0,0,0,7,0,13,13,0,0,5,0,13,8,0,0,6,0,13,58,54,51,1077,15,1254,26,13,3,70,0,115,6,0,0,0,0,0,5,7,0,17,0,21,0,0,0,4,0,0,9,0,0,13,0,17,13,3,0,5,0,25,19,14,11,7,0,57,12,4,4,8,0,28,8,0,0,3,0,11,7,5,0,0,0,14,64,38,37,920,15,1076,6,0,0,0,0,4,10,0,0,0,0,9,7,4,0,11,0,18,7,0,0,0,0,7,4,0,0,0,0,10,7,0,0,29,0,46,123,24,28,97,0,283,6,8,5,131,595,744,776,423,337,8059,763,10357,31,283,214,4261
LGA13450,303,6442,154,7729,3,0,4,151,5,163,291,6,10,39,5,349,3,0,0,5,0,10,59,28,17,53,0,156,682,437,285,5480,129,7015,223,0,23,0,8,252,30,0,5,31,0,69,114,51,30,601,10,803,11,7,5,25,0,44,0,4,0,6,0,5,939,14,7,9,8,970,106,81,69,1829,30,2114,2609,678,233,2807,94,6424,23,0,0,0,0,19,26,3,3,16,0,55,7,0,0,0,0,12,20,4,4,7,0,37,70,3,0,0,4,82,77,23,14,16,9,138,13,8,8,10,0,45,10,0,6,3,0,20,234,17,13,6,21,288,136,114,91,1371,26,1730,3,0,3,5,0,8,53,7,0,3,0,68,96,14,13,35,0,157,17,0,0,0,0,17,5,0,0,0,0,5,11,6,5,48,3,74,1909,147,62,115,55,2288,118,18,11,190,2171,2505,7253,1448,772,13546,2618,25635,369,658,377,6194
LGA13550,180,5698,129,6263,0,0,0,121,0,125,52,0,6,37,0,97,0,5,0,0,0,9,42,15,10,44,0,107,244,186,149,3932,84,4597,45,6,5,0,0,61,11,4,0,33,0,44,50,31,24,443,7,563,6,6,4,17,0,36,5,0,0,0,0,4,16,3,0,3,0,22,40,30,36,1233,23,1360,19,7,0,75,4,107,8,0,0,0,0,14,0,0,0,12,0,14,0,0,0,0,0,3,11,4,3,14,0,23,25,8,3,4,0,41,19,7,10,15,0,52,11,3,0,11,0,24,5,0,3,4,0,10,0,0,0,4,0,6,68,49,36,990,23,1164,0,0,0,0,0,0,34,0,5,4,0,39,9,5,0,4,0,19,6,0,0,0,0,6,6,0,5,0,0,13,17,6,0,24,0,52,187,19,17,104,0,327,8,0,5,157,808,978,794,371,291,9720,1038,12214,38,224,218,5350
LGA13660,63,2322,49,2506,0,0,0,4,0,4,3,7,0,15,0,21,0,0,0,0,0,0,6,4,0,12,0,32,113,81,76,1909,47,2222,12,0,0,0,0,12,0,0,0,4,0,8,25,9,6,179,0,212,0,4,0,4,0,7,4,0,5,0,0,10,6,0,0,0,0,10,26,15,13,460,12,521,9,0,5,33,0,40,0,0,0,0,0,0,4,0,0,0,0,4,0,0,0,0,0,0,4,0,0,0,0,9,0,0,0,0,0,0,3,0,3,0,0,4,3,0,0,0,0,7,3,0,5,0,0,10,0,0,0,0,0,0,24,21,19,484,3,549,0,0,0,0,0,0,4,0,0,0,0,4,0,0,0,6,0,6,0,0,0,0,0,0,0,0,0,0,0,0,3,0,0,7,0,13,36,7,7,35,0,87,3,0,4,71,469,554,246,133,113,4200,557,5255,8,83,72,2071
LGA13800,1888,21973,367,27250,0,20,10,258,6,292,493,31,40,113,3,681,200,36,30,98,9,365,539,187,135,386,12,1266,4039,2418,1824,17810,371,26470,288,9,56,9,7,362,110,22,22,144,0,301,642,240,164,1358,36,2437,203,54,24,182,4,479,142,27,17,41,3,233,208,19,29,15,7,277,907,568,355,5493,83,7404,647,316,117,1091,23,2192,33,0,5,3,0,46,176,69,30,110,4,389,176,26,21,47,0,274,1294,348,188,1291,37,3151,156,42,25,18,0,239,246,146,114,66,0,571,208,58,37,159,0,458,71,18,18,51,4,155,27,16,11,0,0,51,975,511,384,4157,78,6103,58,14,12,18,0,99,159,41,22,13,0,237,155,17,7,54,0,235,34,18,4,0,0,63,69,0,10,0,0,80,161,57,25,188,3,430,1671,423,320,657,26,3102,98,40,18,357,3405,3919,11785,5010,3484,40092,4219,64591,494,2779,2047,22112
LGA13850,24,1246,24,1369,0,5,0,16,0,20,8,0,0,3,0,12,0,0,0,0,0,0,8,0,0,4,0,13,66,48,36,967,26,1140,8,0,4,0,0,14,3,5,0,3,0,12,7,3,0,48,0,64,9,8,0,0,0,17,0,0,0,0,0,0,12,0,0,0,0,11,8,14,5,308,3,339,31,10,0,38,6,98,0,0,0,0,0,0,0,0,0,0,0,0,0,0,0,0,0,0,0,0,0,3,0,3,17,0,0,0,0,19,6,10,0,0,0,15,0,0,0,0,0,3,0,0,0,0,0,0,4,0,0,0,0,4,21,7,13,231,5,267,0,0,0,0,0,0,4,0,0,0,0,4,0,0,0,0,0,3,0,0,0,0,0,0,0,0,0,0,0,0,3,0,4,4,0,8,72,10,7,20,4,107,0,0,0,36,317,358,243,113,55,2163,367,2945,7,59,34,1086
LGA13910,294,7849,178,8757,0,3,5,47,0,55,59,0,15,28,4,101,20,0,0,3,0,27,70,25,17,47,0,163,498,358,287,6303,154,7601,53,4,11,4,0,66,22,3,7,44,0,75,78,37,29,527,7,674,10,3,0,26,0,41,8,4,0,7,0,15,47,3,0,4,0,48,81,86,55,2476,39,2739,58,31,0,112,10,205,7,0,0,0,0,3,125,29,20,28,4,213,9,0,0,0,0,11,21,9,5,21,0,58,15,4,4,10,0,32,19,8,11,17,0,54,27,4,0,9,0,40,10,0,4,0,0,19,5,6,0,0,0,10,147,105,54,1373,25,1698,33,0,15,0,0,51,8,4,0,0,0,15,3,0,0,9,0,11,8,0,0,0,0,6,3,0,0,0,0,3,13,4,7,42,0,79,239,45,43,103,8,438,21,7,4,242,1075,1352,1445,701,550,14382,1412,18497,96,414,314,7492
LGA14000,4169,26159,324,37363,3,6,11,88,0,104,18807,232,539,333,167,20076,304,61,42,108,9,525,1013,320,144,372,13,1861,10791,4650,3335,24098,426,43299,2145,42,154,22,22,2379,449,88,56,313,9,919,1431,422,304,2039,43,4229,505,113,76,321,10,1021,362,63,31,69,4,528,7643,110,88,50,32,7919,2253,1149,846,9521,116,13896,1971,565,258,1608,41,4440,3509,14,71,19,10,3619,1259,181,157,460,19,2073,48,8,14,6,0,74,297,112,60,178,6,649,178,43,18,12,4,256,704,286,226,121,0,1343,762,93,78,167,7,1111,779,42,60,105,5,994,63,9,3,0,0,74,2281,1173,849,7285,108,11697,149,24,15,22,0,209,1103,113,76,17,0,1312,719,38,36,65,4,855,1557,61,31,18,6,1674,663,8,51,4,4,739,426,101,65,376,10,975,13768,1128,1148,1262,119,17417,411,45,40,301,4975,5767,67611,9642,7487,51772,6159,142666,1714,5426,4624,25138
LGA14100,454,2695,29,3908,0,0,0,13,0,13,1005,50,74,49,15,1188,57,10,10,29,0,102,86,39,20,31,0,172,912,521,348,2573,43,4401,73,5,9,3,0,87,43,16,9,42,0,113,123,48,28,260,0,454,233,48,32,146,7,462,49,13,8,28,7,104,192,14,14,8,3,231,294,189,136,1510,16,2148,447,127,67,393,10,1047,96,3,7,7,0,119,127,46,24,89,3,295,32,0,0,9,0,36,42,23,6,24,0,97,17,0,4,6,0,24,90,48,20,11,0,171,98,21,9,16,4,143,38,4,5,19,18,90,3,0,0,0,0,3,229,154,92,806,6,1290,46,3,8,18,0,70,58,26,18,0,3,103,50,4,4,9,0,71,36,11,0,0,0,45,73,5,3,0,0,81,45,10,8,45,0,105,950,162,138,182,67,1502,40,4,5,32,800,878,4762,1301,906,6051,986,13999,120,658,421,2337
LGA14170,5221,27375,467,41912,11,49,10,443,15,528,13009,408,598,569,130,14713,788,134,84,230,9,1253,857,365,238,479,11,1951,14149,6336,4451,27023,562,52526,2397,53,269,52,32,2809,961,162,107,408,21,1657,1921,697,440,2844,61,5956,5096,614,328,1411,90,7542,491,145,66,143,8,858,3399,145,138,61,23,3770,4981,2337,1533,15467,238,24553,6562,1378,619,2976,121,11665,1008,25,58,37,9,1138,2026,298,216,518,25,3083,526,67,24,56,7,672,585,201,122,331,16,1259,479,83,53,22,3,645,1300,358,321,108,23,2113,1039,197,162,320,10,1724,656,75,86,149,10,967,185,23,16,5,9,242,3789,1699,1213,9338,142,16187,540,65,50,57,8,719,524,116,59,33,3,737,1333,125,78,161,7,1711,450,41,43,29,4,557,3920,60,132,47,38,4200,597,177,108,597,4,1484,20053,2196,1707,2263,242,26469,590,64,71,432,12738,13887,80644,14800,10562,61490,14533,182037,1986,8130,6116,28086
LGA14220,271,7624,198,8462,0,0,4,150,6,161,49,4,0,89,3,150,4,0,0,4,0,7,59,10,10,47,0,130,427,307,244,5798,175,6955,149,0,11,0,0,164,27,4,4,50,0,85,122,38,25,698,16,903,7,6,0,16,5,30,19,0,0,3,0,19,21,4,0,4,0,36,75,56,31,1604,29,1789,49,27,10,123,4,221,22,0,0,0,0,22,12,0,0,9,0,24,0,0,0,0,0,0,8,0,0,13,0,29,15,8,0,16,0,43,15,12,14,17,0,54,13,11,7,24,0,51,4,0,4,3,0,12,0,0,0,0,0,0,106,74,56,1456,34,1729,0,0,0,0,0,4,11,4,0,4,0,25,20,0,3,8,0,32,4,0,0,0,0,4,19,0,0,0,0,23,20,7,0,42,0,70,282,51,35,83,10,456,40,3,6,182,1246,1479,1323,592,434,13475,1636,17467,29,323,257,7006
LGA14300,81,2284,38,2520,0,0,0,22,3,27,67,0,0,11,4,77,4,0,0,0,0,0,12,3,3,19,0,38,126,95,89,1749,35,2090,23,0,0,0,0,24,0,0,0,22,3,24,30,14,5,223,0,276,0,0,0,4,0,10,0,0,0,0,0,3,8,0,0,0,0,6,25,21,16,610,12,688,4,4,0,35,0,46,7,0,0,0,0,5,0,0,0,0,0,6,0,0,0,4,0,4,4,0,0,7,0,15,17,6,0,0,0,24,8,6,0,3,0,20,8,0,3,7,0,16,3,0,0,0,0,3,0,0,0,0,0,0,29,21,17,369,9,447,3,3,0,0,0,3,3,6,4,0,0,8,9,0,0,3,0,12,3,0,0,0,0,6,0,0,0,0,0,0,4,0,0,3,0,10,75,12,14,33,0,134,11,5,3,81,1316,1419,416,183,152,4137,1402,6295,11,119,99,2209
LGA14350,503,11509,269,13073,0,7,8,698,23,731,100,4,4,38,5,149,12,5,6,5,0,26,129,46,17,56,3,255,1017,641,471,9243,242,11613,104,0,40,7,0,158,28,10,6,78,3,124,161,53,48,742,21,1021,29,15,5,40,0,83,17,7,0,8,0,40,61,4,8,13,0,84,190,130,74,2782,57,3229,64,42,20,240,3,364,6,0,0,0,0,9,8,12,0,24,0,38,0,0,0,0,0,9,58,13,12,69,0,146,25,19,8,16,0,63,58,42,21,30,4,145,49,8,3,15,5,76,15,7,0,10,0,35,16,9,0,0,0,18,265,139,122,1849,38,2411,4,0,0,0,0,6,23,0,5,4,0,35,33,3,0,20,0,59,4,0,0,0,0,9,9,7,0,0,0,21,41,17,8,84,4,156,402,108,77,218,21,818,21,16,6,338,2788,3167,2436,1233,877,20999,3344,28886,91,788,547,10775
LGA14400,574,7106,125,8805,0,7,0,36,5,50,113,3,6,45,0,172,47,14,8,30,0,101,151,48,34,103,3,341,1706,860,582,6021,133,9304,34,3,14,5,0,55,48,3,6,64,0,120,224,84,41,452,12,814,67,14,8,47,0,140,23,12,4,7,0,46,42,0,9,17,0,69,384,195,168,2569,46,3355,226,80,26,262,6,598,9,0,0,0,0,16,21,0,0,8,0,30,43,6,4,14,0,65,82,19,18,54,0,171,49,9,12,6,0,82,97,45,28,19,0,188,83,18,3,35,0,149,29,5,0,18,0,50,15,3,0,0,0,23,432,202,161,1782,29,2603,15,5,0,13,0,36,51,12,11,3,0,74,51,6,5,28,0,89,10,0,0,0,0,11,10,8,0,4,0,20,70,29,4,88,3,187,535,146,107,210,12,1007,25,13,8,105,1199,1345,3841,1587,1071,13492,1477,21466,98,972,706,7134
LGA14500,3811,19601,233,29485,0,0,0,47,0,46,19132,370,712,513,137,20871,259,49,28,140,3,465,934,196,122,278,11,1543,11930,4106,3038,18926,378,38389,649,27,91,18,0,786,466,81,69,259,9,885,1673,348,278,1489,24,3809,545,165,73,358,5,1154,391,57,55,71,6,581,3188,104,68,37,17,3416,2373,1093,816,7820,74,12180,1303,387,239,981,21,2930,3192,12,107,22,11,3337,266,87,27,161,4,542,53,7,6,10,0,80,145,59,32,111,0,354,86,24,3,9,0,112,765,221,183,65,5,1240,635,72,82,112,4,904,605,56,62,109,5,831,24,3,5,9,0,40,2626,977,770,6472,83,10924,154,12,18,41,0,223,2446,139,123,34,16,2761,417,40,51,49,4,564,723,48,25,19,3,813,498,19,51,9,3,576,437,89,69,287,3,886,10128,1031,1067,1105,76,13410,334,50,29,188,4063,4658,57172,8513,7001,40404,4964,118053,1347,4791,4032,18190
LGA14550,184,3284,84,3836,0,0,0,88,0,92,16,7,4,11,0,35,4,4,0,0,0,4,53,12,8,28,0,105,431,225,168,2765,91,3682,24,0,4,0,3,33,24,7,0,12,0,43,95,30,13,279,4,417,9,4,0,8,0,18,7,0,0,0,0,10,30,3,5,12,0,51,94,46,46,960,21,1158,32,15,8,97,3,154,4,0,0,0,0,9,0,3,0,5,0,14,0,0,0,0,0,0,13,0,0,3,0,10,15,4,4,7,0,31,29,10,11,5,0,60,26,0,4,7,0,35,6,0,3,0,0,8,0,0,0,0,0,0,126,67,57,730,10,983,0,0,0,0,0,6,8,3,0,5,0,18,14,0,0,0,0,16,3,0,3,0,0,7,4,0,0,0,0,3,13,9,0,25,0,48,168,47,37,112,4,362,15,0,6,92,744,858,1012,457,330,6212,929,8939,36,279,218,3131
LGA14600,92,2941,86,3211,0,0,0,174,5,183,13,0,3,6,0,22,0,0,0,0,0,0,6,3,0,9,0,22,85,63,70,1930,69,2219,29,0,3,0,0,30,0,0,0,5,0,11,21,6,7,153,0,187,8,0,0,15,3,25,6,0,0,0,0,9,15,0,0,0,0,15,14,16,8,499,8,553,3,6,0,24,0,29,0,0,0,0,0,0,4,0,0,6,0,11,0,0,0,0,0,0,0,5,3,0,0,11,3,4,0,0,0,10,3,5,9,0,0,20,0,0,0,0,0,5,4,0,0,0,0,4,0,0,0,0,0,0,19,21,11,404,6,465,0,0,0,0,0,0,9,0,3,0,0,14,0,0,0,7,0,12,0,0,0,0,0,0,3,0,0,0,0,4,0,0,0,9,0,13,59,15,11,28,0,109,6,6,0,96,630,740,276,142,137,4936,778,6278,17,76,73,2340
LGA14650,4851,73331,1406,87135,0,50,13,857,9,930,1237,86,161,414,21,1930,260,54,27,94,0,439,1057,391,239,834,21,2539,8662,6389,4689,66570,1246,87556,684,29,250,42,13,1013,235,73,63,531,5,905,1600,689,486,5599,99,8472,419,137,58,490,14,1114,225,52,18,94,7,401,900,51,31,68,11,1052,1728,1427,917,18484,273,22820,1138,488,164,2152,39,3985,208,3,23,12,3,247,118,37,20,151,0,317,561,96,50,226,5,936,270,95,55,301,7,730,304,155,80,101,0,646,500,383,229,212,13,1338,795,181,135,569,14,1693,230,53,44,168,3,495,322,80,25,28,7,464,2577,1927,1320,17523,282,23628,144,15,17,33,0,209,348,78,66,38,3,535,281,64,29,179,9,563,127,13,21,29,8,195,164,14,31,9,0,210,474,249,148,1235,20,2127,4558,1200,898,2150,95,8906,221,76,61,1525,7750,9640,24992,12575,8856,140338,10614,197373,978,7787,5793,75966
LGA14700,1250,5967,77,9108,0,4,0,21,0,31,3640,113,223,130,22,4129,170,36,11,44,4,263,267,90,46,102,0,498,3108,1360,950,5728,79,11235,444,19,40,8,0,514,181,50,17,95,3,344,453,124,100,521,14,1214,274,70,33,176,3,555,125,27,13,29,0,202,1190,38,38,21,8,1299,940,415,344,3035,46,4775,601,193,87,489,7,1373,391,4,26,13,3,431,131,37,18,77,0,269,55,0,0,10,0,66,59,21,17,61,0,158,40,8,11,0,4,67,272,98,61,25,0,456,298,54,29,69,0,451,204,18,12,7,0,248,11,0,0,0,0,11,752,327,268,1959,16,3315,78,14,8,14,0,107,242,33,24,3,0,301,239,13,17,13,0,282,195,13,15,3,4,229,177,8,11,9,0,203,121,30,16,108,3,272,4205,318,382,363,24,5296,79,9,9,71,1593,1758,16213,2904,2292,12783,1854,36050,414,1621,1350,6188
LGA14750,122,4193,110,4700,0,0,0,54,4,58,50,0,3,18,9,75,7,4,0,4,0,8,25,9,4,37,6,81,251,200,100,3389,74,4010,93,0,0,3,0,92,8,0,0,27,0,33,49,16,7,421,5,505,11,8,0,10,0,32,8,0,0,4,0,12,93,0,0,3,0,95,37,51,34,1101,26,1248,451,144,26,465,10,1091,7,0,0,0,0,5,3,0,0,7,0,14,0,0,0,0,0,0,5,0,3,10,0,17,21,0,0,0,0,28,16,8,8,11,0,37,9,6,0,15,0,29,0,0,0,0,0,0,11,3,0,0,0,21,77,54,42,934,30,1136,0,0,0,0,0,0,10,5,0,8,0,17,3,0,0,10,0,11,8,0,0,0,0,13,4,5,4,0,0,12,4,3,0,26,0,40,225,24,26,65,10,357,27,9,0,142,905,1090,1355,479,249,7950,1135,11167,57,233,156,3926
LGA14850,921,15100,312,17812,0,21,14,369,5,405,164,19,24,92,3,293,19,4,5,7,0,41,221,72,50,124,7,473,1896,1271,872,13469,289,17795,135,6,69,11,6,228,119,21,20,119,0,276,388,130,80,1403,33,2037,39,24,8,87,0,164,53,9,3,13,0,80,154,17,11,36,7,229,421,371,190,5466,104,6546,499,219,63,1109,20,1906,34,0,5,6,0,46,8,10,0,57,0,74,6,0,0,0,0,7,34,18,12,51,0,111,78,25,20,33,0,162,132,73,54,26,0,292,87,24,6,53,4,179,43,5,9,28,0,84,15,4,4,7,0,26,498,333,262,3883,64,5038,7,0,0,0,0,7,64,12,11,19,0,104,56,3,9,53,4,120,12,5,0,3,0,22,54,6,3,0,4,68,66,18,26,146,0,261,1004,294,222,542,25,2088,62,27,22,337,3129,3577,5097,2549,1736,29965,3790,43134,215,1478,1024,14678
LGA14870,367,7809,222,9109,0,6,0,109,4,119,100,3,5,35,0,141,28,3,0,13,0,45,103,42,15,58,5,220,906,548,362,6417,198,8423,83,0,35,4,0,120,32,10,7,41,0,85,136,54,21,449,11,676,39,11,5,38,7,97,36,9,3,12,0,59,60,10,0,9,0,77,168,127,62,1945,58,2361,117,34,22,188,10,358,3,3,0,0,0,6,15,10,0,13,0,33,9,3,0,0,0,12,40,15,4,26,0,91,29,9,7,17,0,65,40,19,14,13,0,88,58,23,0,21,0,110,7,4,0,12,0,24,3,0,0,0,3,6,265,199,139,1662,69,2333,22,0,0,0,7,25,8,3,0,0,3,15,31,0,3,15,0,49,10,0,0,0,0,12,30,0,5,0,0,41,47,24,8,70,0,145,430,99,65,173,9,775,32,4,11,217,2198,2465,2405,1127,685,14233,2646,21090,93,665,383,7374
LGA14900,2910,21718,562,33877,9,26,21,412,6,480,9621,172,295,254,118,10455,2000,226,146,430,27,2834,379,106,67,215,16,780,7211,2646,1977,16248,537,28624,5054,102,306,71,52,5572,500,55,36,152,9,754,1279,243,186,1301,28,3037,2597,535,271,1165,29,4599,400,46,24,68,3,546,12823,120,157,56,86,13244,1117,600,405,5299,81,7506,6883,1623,817,4171,111,13609,237,11,9,6,0,255,8265,1798,730,1276,125,12197,2055,245,170,326,12,2810,1614,418,188,1007,28,3252,1007,139,93,50,22,1306,571,151,129,79,10,945,1241,104,97,192,10,1649,513,34,33,62,9,651,2431,188,90,54,62,2827,1315,562,417,3555,81,5932,4759,294,156,253,54,5517,341,46,39,29,0,449,2400,125,117,132,31,2811,522,17,19,6,6,565,10056,137,235,158,141,10727,138,52,21,138,4,350,49376,2457,1645,1616,520,55613,2001,141,91,474,12542,15257,126795,11488,7528,43634,14887,204330,7745,4878,3201,20168
LGA14920,111,3570,100,3959,0,0,0,131,10,142,18,0,0,16,0,35,0,0,0,3,0,8,22,7,4,20,0,54,190,149,106,2463,62,2968,8,0,3,0,0,13,4,0,0,19,0,24,29,8,9,189,3,235,4,0,0,0,0,3,8,3,0,0,0,10,10,0,0,3,0,11,38,39,19,631,12,735,10,4,0,47,0,60,5,0,0,0,0,7,3,0,0,0,0,4,0,0,0,0,0,0,6,4,0,5,0,20,16,0,0,3,0,21,6,7,7,4,0,22,10,0,0,6,0,15,0,0,0,8,0,9,0,0,0,0,0,0,55,39,32,674,17,817,0,0,0,0,0,0,4,0,0,0,0,5,0,0,0,6,0,11,0,0,0,0,0,0,0,0,0,0,0,0,13,4,0,17,0,34,58,8,21,56,0,148,4,5,4,76,618,703,431,273,180,6015,787,7689,11,150,98,2939
LGA14950,45,1260,18,1386,0,0,0,13,0,14,17,3,0,7,0,24,0,0,0,0,0,0,17,11,5,11,0,43,76,38,28,972,18,1133,0,0,0,0,0,5,0,0,0,15,0,17,13,3,6,226,0,251,0,0,0,5,0,5,0,0,0,4,0,9,0,0,0,0,0,0,16,6,10,402,6,434,7,0,0,12,0,26,0,0,0,0,6,6,0,0,0,0,0,0,0,0,0,0,0,0,0,0,0,9,0,13,8,5,0,0,0,13,4,0,9,0,0,11,5,0,0,4,0,11,0,0,0,0,0,5,0,0,0,0,0,0,19,11,3,306,0,344,0,0,0,0,0,0,5,0,0,0,0,11,0,0,0,3,0,4,0,0,0,0,0,0,8,0,3,0,0,9,0,0,4,9,0,10,34,4,8,18,0,64,9,0,0,52,256,316,190,87,74,2469,297,3121,13,50,55,1267
LGA15050,1618,30670,429,35242,4,18,12,380,8,421,367,24,43,140,3,579,56,19,6,38,0,118,305,165,91,368,12,935,2588,2203,1510,27164,441,33904,377,18,107,18,9,526,62,19,5,162,4,246,489,266,141,2716,37,3649,86,41,16,163,0,301,53,22,5,36,0,118,534,22,8,33,8,594,550,468,346,8065,118,9542,232,117,48,722,9,1122,43,0,6,5,0,56,30,18,0,38,4,89,22,9,0,35,0,73,60,33,12,109,0,212,181,73,30,61,3,354,175,129,97,88,0,492,342,62,28,300,3,741,65,11,20,53,0,146,59,31,6,7,3,113,755,600,441,6493,84,8367,26,10,6,7,3,53,158,25,23,26,0,237,96,14,5,69,0,191,33,14,7,13,0,60,72,9,0,4,0,76,136,75,42,337,5,600,1556,401,291,807,30,3095,93,31,19,676,3508,4335,7847,4241,2893,57898,4426,77307,358,2856,2167,34374
LGA15240,1799,35093,920,40766,0,15,6,831,20,874,277,21,30,177,0,497,78,12,11,36,0,135,572,152,89,237,10,1055,4742,2605,1717,29932,853,39850,289,11,75,10,5,396,120,36,28,225,3,414,638,217,163,2479,67,3559,89,50,11,128,0,284,88,16,9,29,0,144,231,19,3,18,3,277,764,504,308,8092,168,9829,326,146,61,804,32,1366,45,0,0,0,0,50,44,22,20,76,0,158,17,5,0,9,0,23,219,66,31,190,11,512,82,42,22,50,3,206,199,103,76,61,9,439,207,36,18,85,5,348,68,9,6,17,0,106,6,5,4,3,0,21,1109,661,426,7145,180,9528,23,0,0,6,0,36,121,19,5,16,0,150,102,11,6,65,0,184,34,4,5,4,3,57,39,0,0,0,0,42,155,73,38,266,9,537,1478,371,268,726,40,2887,91,53,27,844,5464,6482,10223,4780,3174,64805,7316,90302,397,2937,1935,34849
LGA15270,502,9970,237,11415,0,0,0,86,5,92,56,3,11,51,3,121,29,3,0,10,0,36,128,40,37,93,0,300,913,569,457,7480,192,9607,82,0,26,3,5,122,23,3,0,36,0,60,181,41,54,667,19,959,44,12,4,45,0,109,19,4,0,7,0,37,69,0,4,9,0,78,138,137,77,2333,46,2731,103,50,25,185,3,359,12,0,0,3,0,17,7,3,4,6,0,25,0,0,0,0,0,0,58,25,11,57,0,147,26,13,8,10,0,63,71,31,22,24,0,152,43,19,0,19,0,92,14,0,0,14,0,27,9,6,0,0,0,17,211,109,109,1649,31,2112,7,0,0,3,0,10,43,3,8,4,0,56,25,0,0,16,4,53,4,0,0,0,4,4,23,0,0,0,0,23,28,16,13,65,0,119,352,66,62,171,12,662,28,5,4,235,2170,2443,2304,1052,863,17236,2627,24079,94,673,550,9822
LGA15300,173,5322,121,5793,0,6,3,823,42,878,58,4,4,50,5,111,7,3,0,0,0,12,33,11,6,26,0,73,211,169,123,3742,115,4366,43,0,13,0,4,63,10,0,4,13,0,30,38,17,15,336,6,412,13,0,0,6,5,24,10,0,0,0,0,12,66,0,4,3,0,75,56,58,32,1186,33,1360,19,0,3,62,0,91,4,0,0,0,0,4,15,12,0,23,0,45,0,0,0,0,0,0,4,6,0,6,0,9,15,4,0,8,3,39,15,12,11,8,0,43,6,3,0,8,0,25,6,0,0,0,0,5,3,0,3,0,0,9,71,22,48,968,16,1118,29,0,0,4,6,34,25,0,6,0,0,31,4,0,0,13,0,19,3,0,0,0,0,5,4,0,0,0,0,4,13,3,3,39,0,52,198,36,27,90,10,350,14,0,3,203,1478,1706,810,314,280,9982,1766,13158,17,147,135,4049
LGA15350,957,4830,55,7334,0,0,0,9,0,13,1226,65,73,73,0,1443,127,21,8,45,0,199,289,56,39,44,5,434,3843,1212,923,5362,91,11428,168,0,13,6,0,185,263,50,17,95,5,433,551,89,64,432,9,1152,207,70,46,146,5,471,125,27,10,21,0,173,359,18,25,9,6,413,975,338,251,2597,34,4202,564,126,69,321,5,1090,118,4,4,3,0,129,73,21,11,49,5,153,39,0,5,3,0,47,46,14,9,28,0,94,31,0,4,5,0,41,323,54,75,20,0,471,205,34,18,28,0,298,175,13,14,23,0,229,4,0,3,0,0,12,902,287,226,1916,25,3355,62,0,0,0,0,64,261,24,16,5,0,312,186,10,8,12,4,218,72,5,6,9,0,80,78,0,8,4,0,91,152,24,14,95,0,281,2335,251,235,274,22,3123,59,5,5,72,1878,2022,10986,2378,1845,11198,2074,28476,270,1375,1051,4807
LGA15520,198,4608,111,5148,0,3,0,93,4,104,38,0,0,19,0,55,8,0,0,0,0,9,61,21,9,47,0,146,353,198,194,3845,94,4685,47,0,12,3,0,59,8,0,0,19,0,31,61,21,19,384,7,486,13,3,4,15,0,36,11,0,0,3,0,9,22,0,0,0,0,20,55,44,28,1164,16,1319,69,25,11,212,0,327,0,0,0,0,0,0,3,0,0,0,0,6,0,0,0,6,0,0,15,0,0,4,0,17,18,0,0,3,0,22,22,7,4,14,0,50,19,3,0,14,0,41,8,0,0,3,0,12,0,0,0,0,0,5,110,54,37,1105,22,1328,0,0,0,0,0,0,20,0,0,0,0,24,4,3,0,9,0,18,10,0,0,0,0,10,0,0,0,0,0,0,12,0,4,28,0,43,127,22,28,61,4,242,14,0,5,134,790,947,992,383,346,8946,1016,11682,27,247,217,4849
LGA15560,66,1596,45,1783,0,0,0,9,0,9,18,0,0,6,0,26,4,0,0,3,0,9,14,3,0,5,4,30,90,46,51,1186,32,1404,17,0,5,5,0,29,4,0,0,12,0,17,9,6,3,82,0,99,0,0,0,3,0,8,0,0,0,0,0,5,16,0,0,0,0,17,25,10,13,415,5,469,36,22,8,93,0,163,3,0,0,0,0,3,0,0,0,0,0,3,0,0,0,0,0,0,5,3,3,0,0,14,4,0,0,0,0,4,15,5,4,0,0,30,3,0,0,10,0,11,0,0,0,4,0,6,3,0,0,0,0,4,27,10,13,334,4,394,0,0,0,0,0,0,5,0,0,0,0,5,0,0,0,11,0,13,0,0,0,0,0,0,0,0,0,0,0,0,0,0,0,4,0,10,60,14,14,35,0,116,6,0,0,49,378,433,314,117,107,2844,452,3838,0,50,54,1359
LGA15650,275,6809,125,7621,0,3,0,84,0,91,74,3,4,30,0,113,3,5,0,4,0,10,69,29,17,53,6,173,457,317,246,5342,118,6474,107,4,25,8,6,140,18,5,0,26,0,46,50,33,24,523,9,638,11,0,0,26,0,34,8,0,0,4,0,12,94,8,6,18,0,120,143,83,45,1450,24,1743,41,27,17,125,6,203,3,0,5,0,0,10,11,4,0,17,0,29,0,4,0,0,0,8,18,3,3,17,0,41,54,11,6,13,0,86,56,29,23,18,3,129,18,9,7,12,0,53,3,0,0,4,0,12,4,6,3,0,0,11,132,101,51,1136,22,1437,7,3,0,0,5,14,22,8,0,0,0,30,8,5,0,11,0,31,17,0,0,0,0,17,5,0,0,0,0,5,28,9,5,55,0,93,306,50,53,115,3,538,17,5,6,181,1221,1432,1492,648,490,11979,1481,16086,50,361,301,6589
LGA15700,375,7327,220,8608,0,5,4,327,13,347,33,8,0,47,0,92,17,6,0,8,0,28,112,27,18,47,0,204,1021,618,374,6099,160,8271,45,0,17,3,0,65,28,13,7,50,0,100,134,42,29,531,6,749,18,14,0,20,3,63,14,11,0,5,0,30,19,3,4,11,0,38,163,132,64,1838,32,2234,81,39,7,165,9,290,3,0,0,0,0,4,13,5,3,17,0,37,0,0,0,0,0,0,25,13,4,29,0,65,35,11,8,17,3,75,53,33,28,12,3,131,31,9,3,26,3,75,15,4,6,13,0,37,0,0,0,0,0,8,216,144,114,1502,41,2016,0,3,0,0,0,4,16,3,3,8,0,31,42,0,0,14,0,59,3,0,0,5,0,11,14,0,0,0,0,14,44,5,9,47,0,108,300,94,69,166,12,648,26,4,10,206,1299,1542,2072,1090,695,13654,1692,19210,103,634,448,7084
LGA15750,145,6155,125,6673,0,4,0,106,0,106,45,3,4,22,0,74,0,0,0,0,0,4,39,15,12,42,0,105,205,184,138,4260,93,4877,47,0,5,3,0,55,5,0,0,15,0,23,51,24,20,365,3,459,3,3,3,16,0,25,6,0,0,3,0,9,28,0,0,0,0,28,56,43,32,1158,23,1300,11,3,3,50,0,63,0,0,0,0,0,0,0,0,0,10,0,9,0,0,0,0,0,5,3,0,0,0,0,5,18,5,6,0,0,32,14,10,8,11,0,48,6,7,0,7,0,24,0,0,0,3,0,9,0,0,0,0,0,0,72,41,34,990,8,1139,0,0,0,0,0,0,14,0,0,0,0,16,9,5,0,18,0,32,14,0,0,0,0,9,0,0,0,0,0,4,19,0,5,27,0,46,115,28,17,65,0,234,3,8,4,187,1304,1509,645,371,265,10293,1509,13083,26,220,170,5487
LGA15800,58,2502,55,2728,0,0,0,47,3,51,6,0,0,25,0,36,0,0,0,0,0,0,25,3,0,14,0,35,110,109,61,1860,65,2205,8,0,0,5,0,17,8,0,0,13,0,22,26,12,9,222,3,273,8,3,0,7,0,19,3,0,0,0,0,3,18,0,0,0,0,23,5,25,14,683,13,735,36,11,4,105,5,156,4,0,0,0,0,4,0,0,0,3,0,4,0,0,0,0,0,4,0,0,0,4,0,9,7,6,0,0,0,13,7,4,3,0,0,13,12,3,0,5,0,24,0,0,0,0,0,0,0,0,0,0,0,0,34,14,22,467,7,550,0,0,0,7,0,7,4,0,0,0,0,6,6,0,0,6,0,17,3,0,0,0,0,3,0,0,0,0,0,0,3,7,0,9,0,18,60,16,3,31,5,113,0,0,0,68,596,671,355,186,107,4485,717,5853,16,109,76,2127
LGA15850,91,3099,68,3392,0,0,0,80,5,88,15,0,0,10,0,30,3,0,0,3,0,7,14,3,10,11,0,34,104,82,65,2155,61,2473,0,0,0,0,0,0,0,0,0,9,0,15,35,10,8,158,6,212,0,0,0,0,0,3,0,0,0,0,0,0,11,0,0,3,0,13,26,10,8,611,6,673,12,7,0,44,0,56,8,0,0,0,0,8,4,0,4,3,0,7,0,0,0,0,0,0,11,0,0,13,0,23,0,0,0,11,0,19,4,6,7,0,0,21,3,0,0,0,0,3,0,0,0,0,0,5,0,0,0,0,0,0,29,18,20,519,0,578,4,0,0,0,0,4,0,0,0,0,0,4,0,0,0,3,0,6,3,4,0,0,0,9,0,0,0,0,0,0,4,0,3,14,0,22,47,16,12,25,0,99,0,0,0,85,553,645,291,189,139,5149,681,6444,10,105,87,2438
LGA15900,3834,49805,878,60236,3,38,14,639,9,704,2986,103,177,320,49,3630,350,91,28,106,0,574,569,311,203,694,14,1787,5846,4965,3487,48495,824,63624,840,28,280,24,8,1182,253,65,76,440,12,839,1116,528,353,4499,63,6556,796,217,77,611,12,1719,162,48,26,79,0,322,1514,59,61,47,9,1685,1451,1207,811,17201,230,20907,1448,506,170,2011,44,4180,448,6,31,16,6,505,74,39,21,110,0,243,1174,156,70,358,20,1781,116,56,30,189,0,395,239,94,88,83,7,507,411,251,233,138,12,1046,802,166,129,593,17,1701,204,38,30,135,5,412,186,93,28,21,0,328,1794,1402,994,13712,189,18087,258,25,23,57,0,358,253,63,44,35,6,397,288,33,25,156,9,509,208,14,15,12,0,249,505,16,20,9,8,554,310,209,109,1029,17,1667,6684,1161,926,2000,86,10857,285,67,59,1066,7669,9151,26866,9901,7180,101883,9579,155412,957,6007,4591,51757
LGA15950,2014,10091,117,15132,0,5,0,20,0,28,5202,207,285,203,36,5936,228,42,16,53,0,339,556,166,70,171,8,969,7461,2418,1748,11165,223,23017,775,21,75,19,5,894,689,62,48,182,6,988,1140,256,188,1028,20,2638,347,125,51,219,0,740,307,56,35,61,0,454,1841,48,49,13,4,1954,2163,795,575,5745,79,9353,1175,318,142,632,19,2276,534,12,21,21,4,593,138,42,22,77,0,282,85,15,4,13,0,108,100,47,22,66,0,230,122,14,9,3,5,144,616,122,97,45,0,889,544,63,37,99,5,746,524,26,40,38,0,632,31,3,0,0,0,37,1896,616,463,4068,50,7090,153,13,13,12,3,194,560,45,33,7,3,640,493,34,31,36,4,593,305,14,3,9,4,326,309,10,17,3,4,350,290,46,31,218,0,588,7698,647,642,687,75,9753,140,12,21,114,5005,5293,30077,5020,3857,23188,5508,67655,646,2717,2392,9955
LGA15990,9872,53531,861,78909,8,13,14,144,0,179,6652,311,515,533,50,8064,1245,199,113,439,23,2021,2688,712,418,910,52,4780,33339,11244,8459,49351,1057,103449,1834,69,258,22,21,2203,2033,285,239,673,21,3251,4478,899,627,3881,105,9988,1210,366,172,814,15,2590,684,140,63,124,13,1024,2139,122,102,57,25,2449,7310,2761,2099,20268,307,32749,6358,1395,704,3720,112,12291,963,10,47,19,3,1040,429,129,90,228,6,882,176,25,14,36,0,255,376,153,105,285,15,928,741,126,93,38,12,1008,2100,717,557,250,19,3636,1232,188,166,300,5,1893,847,92,98,170,7,1220,223,50,28,12,0,320,7272,2541,2052,14453,261,26579,1183,125,86,124,14,1532,2037,255,184,59,16,2551,1391,68,89,148,14,1720,198,49,33,19,0,300,554,14,57,19,5,650,1360,222,174,740,15,2511,20126,2641,2651,2790,216,28428,606,120,83,785,12241,13838,90914,22235,17263,107707,14754,252876,2766,13582,11249,53855
LGA16100,88,1901,45,2188,0,0,0,14,0,15,22,0,0,0,0,22,3,0,3,3,0,9,24,13,11,21,5,81,226,142,97,1560,58,2082,0,0,4,0,0,4,0,0,0,12,0,9,45,10,7,93,3,165,5,0,0,14,0,24,11,0,0,0,0,8,4,0,0,0,0,3,42,34,16,640,15,744,20,14,0,36,0,73,0,0,0,0,0,0,6,7,0,3,3,23,0,3,0,0,0,8,7,3,5,13,0,27,38,4,9,3,0,52,11,3,3,0,0,19,12,0,0,4,0,24,9,0,0,0,0,14,5,0,0,0,0,4,45,30,17,331,10,429,5,0,0,7,0,10,5,0,0,0,0,5,10,0,0,0,0,10,0,0,0,0,0,0,0,0,0,0,0,0,7,4,0,6,0,20,127,27,9,44,3,218,5,0,0,56,616,682,594,265,164,3545,729,5301,19,127,86,1862
LGA16150,650,15285,343,17379,0,3,6,256,7,272,296,16,12,105,3,426,53,26,0,28,0,109,202,63,41,177,4,490,1186,1027,699,13572,318,16803,190,8,39,6,8,254,35,16,8,95,0,154,225,90,75,1138,30,1560,75,17,9,50,0,148,45,11,7,22,6,84,509,14,3,12,4,539,270,227,179,4813,73,5565,262,99,44,504,10,914,73,7,0,4,0,90,28,16,4,34,0,78,15,9,4,4,0,25,24,13,18,47,0,103,62,29,6,19,3,118,82,43,44,48,0,221,105,11,20,64,3,206,78,18,17,40,0,153,13,9,5,4,0,32,347,254,167,3213,56,4037,27,12,9,9,0,51,83,7,8,4,0,106,52,5,3,30,0,86,40,4,0,4,0,49,43,0,5,4,0,52,49,12,19,156,8,249,1177,199,105,395,16,1889,48,19,9,369,2247,2700,4821,1947,1262,29355,2967,40348,166,1247,853,15670
LGA16200,240,6276,141,6975,0,3,0,130,0,140,65,4,3,18,0,91,9,3,0,3,0,19,72,24,12,57,0,163,277,266,207,4943,132,5828,71,0,15,6,12,107,4,4,0,30,0,44,46,25,16,439,13,543,4,0,0,15,0,19,5,4,0,3,0,9,42,0,3,0,0,52,57,58,22,1600,22,1755,26,17,10,85,0,132,15,0,0,0,0,17,9,0,0,24,0,35,0,0,0,0,0,0,3,6,0,17,0,34,7,4,7,3,0,25,26,11,16,19,0,69,27,8,0,22,0,56,5,0,0,0,0,11,5,3,0,0,0,9,89,76,36,1043,19,1268,3,0,0,0,0,3,24,9,0,0,0,29,12,0,6,11,0,26,0,0,0,0,0,0,14,0,0,0,0,14,11,3,7,35,0,59,208,59,29,98,6,402,6,6,4,242,1186,1441,975,526,384,11258,1470,14611,27,296,233,5777
LGA16260,3685,24418,503,36273,3,27,9,172,4,220,43334,391,730,450,272,45184,743,103,45,180,8,1085,706,231,99,265,12,1312,9496,3743,2553,21561,438,37786,4291,95,337,54,36,4811,465,80,46,222,8,812,1288,306,240,1752,58,3644,1387,218,142,609,23,2382,357,71,32,94,4,548,27362,171,128,63,113,27839,2086,1079,776,9209,140,13294,2721,842,426,1922,62,5970,11523,53,114,23,54,11770,5248,960,509,1383,90,8184,154,25,0,38,0,224,676,175,82,366,14,1320,648,103,48,40,14,847,781,228,174,93,11,1289,961,113,75,193,11,1349,805,47,53,97,13,1016,429,55,25,4,10,525,1936,895,671,6189,93,9782,521,43,15,43,7,627,521,76,43,16,8,663,1122,78,57,57,6,1319,2542,40,37,19,19,2661,1462,31,53,27,13,1578,235,85,57,314,0,689,29844,1483,1254,1436,269,34279,1205,62,58,346,13555,15228,143585,9991,7528,49550,15495,226153,3936,4764,4059,22518
LGA16350,5228,53948,1019,70042,15,102,59,894,8,1083,2980,107,159,327,28,3596,1323,203,123,388,16,2053,1254,408,274,923,28,2890,11780,6430,4559,41549,929,65251,4769,193,374,70,44,5448,447,73,28,333,12,886,1836,590,410,3564,68,6474,1213,275,150,731,31,2402,564,83,55,150,10,867,5455,129,94,85,28,5791,2890,1577,1025,13551,237,19276,2734,976,428,2995,67,7201,408,7,13,4,0,435,1442,352,161,372,19,2345,235,36,19,69,0,358,3285,919,517,2809,50,7585,1303,258,135,80,30,1802,921,372,275,180,18,1768,1040,196,128,497,14,1866,351,55,52,120,7,591,1542,177,38,43,28,1826,2942,1414,1080,8943,161,14542,443,81,48,90,5,668,521,91,79,54,3,745,969,91,53,176,16,1300,797,24,35,21,8,878,504,31,45,13,3,593,382,124,75,411,12,1002,16239,1846,1246,1983,209,21509,771,124,77,1019,10803,12789,61345,14826,9991,96711,13192,196064,3021,8414,5865,54663
LGA16380,1879,28503,609,33849,3,10,6,325,9,354,320,43,44,166,12,583,72,16,6,42,0,134,528,160,104,238,21,1050,4949,2511,1795,25317,692,35264,236,7,63,10,9,328,155,39,23,244,6,460,634,181,142,2058,43,3057,96,44,15,137,7,301,91,40,8,54,3,206,262,14,18,24,3,326,985,560,375,8192,164,10282,341,179,56,747,15,1344,42,0,9,0,0,56,31,20,3,73,8,129,15,4,3,10,0,31,146,48,40,162,7,394,90,34,25,45,0,194,238,139,94,74,12,562,149,37,25,88,3,307,81,13,13,39,0,148,16,10,3,3,0,33,1184,601,467,6114,110,8473,22,4,0,10,0,32,136,37,22,16,0,213,121,22,15,77,3,240,34,7,0,6,0,40,73,0,8,5,0,86,172,56,44,237,4,512,1451,397,269,669,110,2895,104,22,38,631,4498,5295,10573,4621,3284,54092,5964,78541,426,3066,2260,30177
LGA16400,1758,25393,513,30272,4,20,10,445,3,481,244,22,18,104,3,393,169,27,14,79,7,285,481,142,104,253,4,986,4191,2206,1576,21790,525,30288,225,23,81,18,6,350,133,33,21,177,7,362,559,239,143,1891,40,2864,154,40,12,135,4,346,89,17,12,31,4,145,126,23,5,13,4,164,715,430,296,6221,108,7764,382,166,65,601,21,1232,52,0,4,0,0,53,33,9,4,32,0,80,33,11,6,30,0,78,206,62,33,148,0,447,120,40,23,36,10,228,214,118,84,77,3,495,241,41,37,172,3,500,83,14,7,41,0,145,31,21,3,3,9,63,1000,586,394,5205,100,7291,33,0,5,10,0,52,131,20,22,14,4,191,120,25,12,78,5,233,11,4,3,0,0,26,58,0,3,3,0,63,236,65,47,338,6,688,1406,380,298,667,34,2782,80,33,22,536,4587,5259,9459,4197,2976,47235,5683,69556,357,2554,1984,26072
LGA16490,1524,16971,287,21158,3,14,8,208,6,237,501,24,45,135,10,708,359,64,26,153,4,609,348,131,107,277,12,878,3118,1779,1391,13714,283,20295,476,7,64,8,5,558,111,24,18,153,3,314,626,224,157,1482,22,2510,306,65,22,185,3,590,128,31,18,56,0,237,1004,25,18,24,10,1086,678,461,321,5642,84,7191,1003,272,102,915,24,2309,55,6,5,0,0,70,55,14,4,43,0,117,871,114,58,152,7,1209,147,51,26,142,10,368,192,36,24,27,4,284,193,108,71,47,0,430,278,56,31,123,3,485,104,15,12,39,0,178,92,21,5,0,0,118,836,468,376,3793,55,5534,290,42,34,50,6,430,78,27,7,5,0,123,167,19,19,52,0,252,74,9,14,4,0,105,104,0,3,0,0,116,129,49,22,162,3,372,2895,398,370,627,43,4333,141,42,17,336,3673,4212,12990,3845,2829,31989,4371,56027,560,2455,1936,19020
LGA16550,3613,18880,335,28347,17,33,11,378,22,454,18952,308,414,436,122,20231,471,59,51,135,8,723,646,181,125,270,5,1226,11060,3587,2650,16661,395,34354,1308,30,190,15,17,1563,1528,149,106,214,6,2000,1958,374,300,1583,33,4247,3943,697,331,1859,76,6909,750,105,73,136,10,1067,2104,79,94,36,15,2333,5757,1358,1043,9763,188,18109,3117,693,305,1645,55,5804,715,10,29,16,0,769,778,160,140,362,10,1449,96,20,14,24,0,150,656,123,84,276,16,1148,486,73,35,44,3,641,764,255,168,66,13,1266,1161,144,112,235,12,1664,1599,87,79,108,21,1895,138,6,8,3,0,156,2654,941,639,5031,85,9348,395,19,35,35,10,493,1240,119,104,17,4,1487,1213,63,66,119,17,1477,339,26,19,10,6,394,863,13,38,13,8,938,428,73,55,291,8,860,16856,1454,1228,1366,168,21067,489,41,47,315,11097,11997,71051,9091,7041,41028,12449,140659,1555,4771,4032,17815
LGA16610,346,9719,259,10905,0,12,0,221,5,243,48,9,8,33,0,93,3,0,0,3,0,8,93,27,23,61,0,202,637,492,329,7653,182,9285,92,0,28,21,3,146,11,7,0,46,0,65,93,71,36,727,13,934,19,7,6,52,0,83,14,5,0,4,0,22,24,8,4,15,0,52,132,89,85,2428,38,2772,68,37,17,410,12,542,3,0,0,0,0,3,5,10,0,19,0,35,4,0,0,0,0,4,21,15,3,10,0,50,26,3,11,33,0,75,44,13,24,18,4,104,21,3,3,20,0,52,4,5,0,7,0,16,5,0,0,0,0,7,161,115,72,1748,33,2142,0,0,0,0,0,5,8,0,0,0,0,14,19,0,0,31,0,56,0,0,0,0,0,4,4,0,0,0,0,4,20,10,5,59,0,97,245,78,50,173,12,562,18,12,20,324,1541,1921,1579,944,649,17642,2002,22805,56,499,336,8938
LGA16700,2396,13906,298,20556,3,5,4,68,0,82,26547,323,562,381,188,27997,564,69,44,140,7,829,412,115,63,149,7,757,5279,2440,1690,12277,289,21978,2312,33,157,38,18,2564,330,48,41,123,4,548,851,221,165,1062,23,2317,1128,187,101,637,16,2075,271,50,19,59,0,403,5335,55,80,51,22,5549,1366,731,504,5737,94,8440,3812,904,407,2173,89,7385,5648,46,64,22,26,5811,1294,239,153,396,11,2092,189,13,15,49,0,271,274,57,60,185,6,584,175,36,30,6,0,251,403,142,104,54,3,705,513,75,42,105,5,740,486,23,50,43,6,605,60,5,0,0,0,65,1203,707,437,3762,61,6166,337,33,7,28,0,405,320,58,24,17,3,420,665,30,27,50,10,785,883,24,22,17,3,948,985,24,37,15,8,1066,171,59,47,206,4,493,14241,936,859,929,125,17096,442,35,27,199,4584,5283,70130,6367,4878,29254,5675,116304,1608,3114,2618,13350
LGA16900,2131,21183,490,27038,3,19,16,357,0,393,345,20,42,92,14,504,376,87,30,125,14,629,512,146,104,328,13,1107,4997,2565,2022,16589,460,26638,335,10,87,10,7,452,107,24,27,154,0,307,1024,327,215,1531,62,3158,349,98,52,261,12,773,186,42,15,73,6,322,262,24,12,18,5,307,836,451,354,4892,93,6616,1106,355,151,1153,45,2809,62,0,3,0,0,71,99,27,25,57,0,216,1494,200,95,393,36,2211,597,171,76,358,7,1211,221,48,30,30,0,334,184,115,62,47,5,408,294,60,46,127,10,530,76,7,10,41,0,134,48,11,7,7,0,80,1240,636,444,3773,93,6188,304,44,24,45,5,418,100,24,9,6,0,135,790,107,84,243,29,1252,30,5,4,9,0,42,143,5,5,13,0,162,342,73,75,202,5,697,2941,592,424,748,69,4762,171,41,17,390,2998,3617,16822,5387,3931,38141,4186,68460,728,3322,2365,22663
LGA16950,2558,35462,791,42909,5,30,6,705,26,770,419,38,57,222,15,756,241,36,26,61,11,377,671,192,129,355,15,1363,6844,3497,2564,29207,829,42935,339,29,104,28,8,503,165,44,32,235,0,473,999,281,190,2322,61,3851,316,60,30,258,10,670,178,34,18,51,7,292,318,29,4,29,7,389,1195,679,503,9185,199,11763,714,267,104,1056,37,2169,41,8,6,8,0,61,49,18,6,50,4,138,46,0,3,9,4,73,375,89,48,243,12,764,142,59,35,48,0,281,293,172,91,71,11,641,329,76,39,111,5,565,144,27,20,53,11,254,38,12,6,3,0,55,1575,883,629,7070,158,10320,81,5,7,20,3,110,138,28,23,26,4,213,200,18,23,98,0,339,45,5,4,8,0,57,80,15,9,4,6,107,332,81,63,304,7,795,2253,560,376,1021,68,4274,171,54,36,725,6838,7827,15699,6463,4547,64317,8625,99649,592,4003,3075,35559
LGA17000,524,9516,129,10851,0,8,0,80,0,91,92,0,7,19,0,131,11,0,4,5,0,19,136,47,37,84,0,303,868,508,466,7614,145,9590,124,0,26,0,3,160,37,9,8,67,0,119,127,59,41,858,15,1099,14,12,0,31,0,60,15,4,3,15,0,41,52,6,3,9,0,65,222,86,99,2187,24,2618,66,32,12,186,3,300,7,0,6,0,0,18,11,0,0,8,0,23,0,0,0,0,0,0,37,17,8,63,0,120,85,22,15,20,0,133,91,39,40,37,6,216,35,9,14,49,0,106,18,3,5,5,0,40,10,0,0,0,0,10,249,145,127,1804,19,2340,9,0,0,0,0,12,49,3,13,6,0,79,25,3,3,22,0,52,11,0,0,0,0,11,30,0,4,0,0,34,24,11,10,65,0,120,333,82,70,162,7,650,24,13,11,244,1589,1872,2249,1008,894,16965,1868,22990,90,631,592,9960
LGA17040,505,6943,136,8348,0,0,0,30,0,32,111,7,7,46,3,182,35,9,4,6,0,59,185,51,34,73,5,348,1069,626,497,5586,144,7924,40,7,8,3,0,56,50,13,16,36,0,115,345,117,71,549,10,1091,39,11,14,31,0,93,44,7,5,14,0,71,38,3,5,4,3,52,197,155,103,1990,48,2494,181,59,24,180,5,456,29,0,0,0,0,29,53,14,0,34,4,103,18,6,0,3,0,27,24,5,7,17,0,59,24,13,5,10,6,59,92,32,24,17,4,170,86,13,14,28,0,141,46,14,3,26,0,86,0,0,0,0,0,4,288,162,153,1601,39,2233,18,0,8,6,0,32,23,11,3,5,0,46,33,9,0,4,0,44,8,0,0,0,0,9,11,0,0,0,0,11,41,20,7,49,6,123,662,143,89,243,22,1160,39,3,10,179,1737,1970,3184,1242,954,12773,2063,20216,121,759,568,7094
LGA17080,241,5810,167,6551,0,0,0,94,0,97,60,3,3,30,0,103,16,3,0,5,0,22,73,17,17,43,6,147,469,254,204,4527,137,5596,37,0,4,5,0,46,12,4,5,33,0,54,123,37,27,453,16,658,14,4,0,16,0,32,16,6,0,4,0,22,29,0,0,3,0,35,83,65,44,1474,21,1685,24,17,3,95,0,139,5,0,0,0,0,5,3,0,0,7,0,13,4,0,0,0,0,10,10,0,0,10,0,24,44,19,8,0,4,74,58,21,17,9,0,106,24,10,0,10,3,47,4,3,0,4,0,18,8,4,4,8,0,17,140,57,75,1059,20,1355,4,0,0,0,0,9,57,0,3,3,0,62,7,0,0,4,0,11,5,0,0,0,0,5,10,0,0,0,0,10,7,11,0,18,0,41,291,54,39,81,7,466,12,13,3,172,1281,1473,1394,533,406,10473,1590,14398,52,324,269,5531
LGA17100,436,2090,56,3518,3,0,0,9,0,12,7941,80,141,119,56,8334,179,19,9,39,4,249,44,12,6,24,0,90,1189,315,240,1812,60,3608,611,20,24,6,9,665,79,7,9,23,0,121,136,45,32,178,5,390,525,73,44,211,8,868,83,10,11,23,4,127,5082,36,29,11,27,5186,290,136,101,982,22,1531,1093,211,144,506,28,1974,3596,9,46,9,20,3682,1504,307,178,437,34,2468,35,8,0,7,0,43,76,24,8,35,0,143,56,6,10,0,5,78,73,22,17,4,3,113,130,19,14,8,0,175,184,9,12,32,0,235,49,16,4,0,0,71,178,84,61,529,8,860,80,10,12,5,0,104,31,0,12,0,3,45,178,9,9,19,0,215,853,14,4,0,4,880,978,11,21,14,3,1030,12,9,4,18,0,43,6106,239,194,213,65,6823,257,4,12,31,2532,2848,29686,1444,1165,5114,2902,40313,691,581,493,1960
LGA17150,6625,61997,969,79913,7,27,12,304,8,346,6397,192,390,532,67,7585,1003,163,95,399,13,1671,1266,410,227,826,22,2746,13724,8306,5745,55139,951,83872,1313,59,292,41,17,1721,637,154,94,630,17,1536,2058,685,456,4182,70,7454,3832,819,461,2449,51,7605,417,94,42,167,7,737,1825,101,82,84,25,2117,3588,2218,1423,21373,279,28874,3792,1228,582,3983,82,9675,290,4,45,15,0,355,1411,302,163,551,23,2452,1202,203,65,309,12,1797,1007,372,169,782,20,2354,806,223,103,82,17,1236,971,474,348,182,27,1999,953,147,130,335,8,1570,1035,84,66,178,14,1372,188,55,10,6,5,272,3282,1841,1323,14209,210,20867,410,53,20,74,3,564,700,147,127,69,6,1046,941,78,98,183,13,1319,177,28,23,31,0,259,505,10,67,15,0,603,591,218,137,727,12,1686,11349,2037,1805,2695,159,18047,390,91,72,1027,7877,9455,55856,17465,12354,122510,10278,218465,1798,9866,7524,62397
LGA17200,4014,21293,410,31972,19,48,23,480,16,583,34456,383,572,481,279,36168,570,98,50,144,13,878,1179,315,197,442,15,2150,16961,4711,3484,22993,530,48685,2028,46,233,25,24,2354,2356,181,105,376,34,3052,2972,520,402,2475,68,6443,2059,425,177,832,41,3529,579,132,66,133,6,924,4046,98,89,55,18,4302,6141,1621,1134,12428,200,21526,4229,823,339,1741,39,7168,3796,33,66,33,27,3956,930,145,110,281,8,1475,336,38,26,18,6,419,352,132,81,242,6,817,628,52,48,42,16,781,1298,218,160,63,15,1754,1334,170,122,319,19,1960,1770,91,86,154,15,2123,149,32,12,0,5,197,4174,1258,1034,7726,141,14332,583,42,22,40,8,703,609,62,49,23,9,743,2031,58,44,87,21,2246,542,32,27,11,4,617,2599,23,68,32,30,2753,616,130,80,440,5,1271,30520,1636,1456,1739,273,35620,873,42,37,344,25149,26452,112561,10718,8222,49942,26935,208376,1874,6087,5065,22325
LGA17310,946,25903,535,28752,4,13,0,499,12,520,365,20,19,206,12,617,17,15,5,17,0,54,198,68,53,175,3,499,1396,1105,800,20281,528,24113,383,10,28,8,16,438,51,16,15,159,5,253,215,103,67,2165,43,2589,35,10,4,62,0,118,30,6,4,22,0,64,303,8,3,22,5,335,278,251,163,6094,112,6895,91,68,24,475,14,677,168,0,5,0,0,170,32,15,4,47,0,99,3,7,0,3,0,15,61,20,13,81,4,176,92,32,25,35,0,182,104,75,45,66,7,295,49,12,6,55,0,122,39,5,5,17,0,64,3,3,0,0,0,9,395,310,201,4927,88,5926,9,0,0,5,0,15,108,14,17,9,0,150,44,0,6,28,0,83,38,0,0,3,0,42,64,0,4,0,0,69,48,28,18,166,4,260,930,194,138,428,15,1701,52,12,14,665,4006,4755,4790,2153,1544,46092,5088,59662,187,1288,1053,24707
LGA17350,68,2507,42,2749,0,0,3,16,0,24,11,0,0,9,0,29,4,0,0,0,0,5,21,10,5,10,0,40,134,98,68,2209,43,2546,37,0,0,0,3,37,7,0,0,12,0,15,26,10,5,510,9,562,6,5,0,11,0,20,0,0,0,0,0,0,19,0,0,0,0,19,26,23,12,712,3,781,15,12,0,37,0,60,0,0,0,0,0,0,4,0,0,4,0,10,0,0,0,0,0,0,0,0,0,0,0,7,4,0,0,0,0,12,3,3,0,3,0,13,9,6,0,6,0,18,0,0,0,0,0,0,0,0,0,0,0,5,42,19,14,572,11,659,4,0,0,0,0,4,5,3,0,0,0,6,5,0,0,5,0,9,6,0,0,0,0,6,19,0,6,0,0,21,5,8,0,15,0,25,42,14,0,32,3,97,3,0,0,94,288,392,392,182,123,5031,381,6110,16,91,68,2420
LGA17400,75,2341,73,2666,0,0,0,138,0,138,10,4,6,6,0,24,3,4,0,0,0,5,36,9,8,11,0,67,257,156,89,1967,51,2525,20,0,3,0,0,23,14,0,0,12,4,29,49,29,10,399,10,500,3,0,0,3,0,10,4,0,0,0,0,5,10,0,0,0,0,9,47,35,25,777,25,903,48,24,4,82,3,155,0,0,0,0,0,0,0,0,0,0,0,0,0,0,0,0,0,0,9,0,0,8,0,11,10,5,0,5,0,21,12,3,5,5,0,25,11,5,0,0,0,18,6,3,0,3,0,18,0,3,0,0,0,11,65,39,23,553,31,722,5,0,0,0,0,5,0,0,0,0,0,6,4,0,0,3,0,13,3,0,0,0,0,8,3,0,0,0,0,0,14,6,0,20,0,40,86,20,19,58,5,187,5,0,0,92,654,758,593,296,167,4764,806,6624,20,146,115,2193
LGA17420,3760,28695,331,39463,4,6,3,85,0,98,18506,280,472,468,107,19829,924,158,103,334,10,1523,1099,284,157,473,13,2034,9975,4082,3051,24692,370,42169,3082,116,228,55,24,3501,438,76,46,277,8,843,1545,356,329,2055,35,4320,1091,233,123,738,10,2201,358,60,43,111,4,573,9466,160,157,86,42,9914,2482,1035,762,9156,113,13552,3439,1071,460,2825,66,7858,3328,14,52,7,16,3425,1846,427,246,797,37,3353,98,24,13,40,0,178,1270,362,211,962,23,2825,283,37,30,21,5,375,661,284,218,87,8,1260,917,118,120,217,5,1375,594,47,41,121,0,804,99,26,6,3,0,133,2215,981,729,6868,89,10879,349,52,38,78,7,524,1362,119,68,32,6,1584,956,84,53,92,7,1190,2175,52,39,15,6,2285,663,35,34,29,0,761,377,74,50,336,6,845,16909,1390,1111,1502,115,21024,506,61,60,352,4228,5209,77200,10145,7531,56988,5380,157243,2733,5686,4284,29406
LGA17550,2377,29188,689,36075,3,22,12,463,13,504,453,38,39,209,7,751,96,33,14,54,4,197,609,191,127,352,18,1292,7411,3071,2241,26009,728,39451,429,20,144,12,12,614,248,62,40,266,3,615,854,292,203,2520,72,3949,134,89,21,213,9,467,111,41,17,28,7,199,468,37,52,50,5,604,1441,790,546,9929,191,12891,597,285,106,1054,31,2071,36,0,8,8,0,51,34,16,7,67,3,122,13,7,0,4,0,24,145,51,26,143,3,366,377,65,50,67,7,569,551,214,174,92,9,1043,217,47,33,107,9,406,100,30,23,31,0,190,61,18,9,3,0,92,1806,837,605,7092,152,10491,31,7,3,13,0,52,155,45,29,19,4,262,161,20,28,99,3,306,20,8,10,14,0,48,33,17,9,8,0,62,294,76,45,251,13,681,2385,643,464,1327,68,4888,185,75,37,758,5880,6932,15711,6213,4384,57569,7490,91374,542,3743,2955,28185
LGA17620,218,6018,133,6675,4,0,0,56,0,60,77,0,4,11,0,91,3,0,0,6,0,6,46,23,7,41,0,124,474,293,202,4608,130,5705,95,0,3,3,0,96,10,4,0,21,0,35,53,35,21,402,12,524,5,0,0,16,0,18,7,5,3,0,0,16,36,0,0,0,0,37,153,58,41,1345,32,1631,35,17,12,100,0,167,6,0,0,0,0,6,15,0,0,8,0,23,0,0,0,0,0,0,12,6,3,17,0,36,31,3,0,6,0,41,46,8,8,10,0,65,10,3,3,3,0,22,3,0,0,7,0,11,0,0,0,0,0,0,130,80,44,1140,24,1424,3,0,0,5,0,8,18,0,0,3,0,25,7,3,0,15,0,23,8,0,0,0,0,8,34,0,4,0,0,37,14,12,6,40,0,71,173,35,22,70,3,307,21,13,11,208,1140,1393,1251,528,374,10559,1401,14112,42,307,287,5752
LGA17640,148,3065,53,3434,0,0,0,13,0,13,15,0,0,13,0,32,11,0,0,4,0,12,41,11,12,36,0,101,294,152,132,2488,50,3112,6,5,0,0,0,13,11,0,0,28,0,36,45,15,17,143,9,221,7,7,3,19,0,35,9,0,5,5,0,21,7,0,0,0,0,7,75,42,38,1073,11,1248,19,6,0,45,0,69,0,0,0,0,0,0,3,3,0,11,0,21,0,0,0,0,0,0,28,8,0,18,0,62,12,0,0,0,0,17,17,3,8,8,0,34,14,3,4,0,0,25,4,0,4,4,0,14,8,0,0,0,0,8,90,55,46,725,17,929,4,0,0,0,0,4,3,3,0,0,0,7,5,0,0,4,0,9,3,4,0,0,0,6,0,0,0,0,0,0,13,6,0,23,0,47,73,28,31,41,6,179,7,3,10,84,543,640,656,311,261,5817,654,7694,24,187,165,3190
LGA17650,131,2618,41,2969,0,0,0,24,0,26,7,0,0,7,0,15,0,0,0,0,0,0,32,8,7,18,0,68,238,135,97,1947,51,2476,4,0,6,0,0,10,3,0,4,21,0,35,41,21,9,246,10,323,4,3,0,5,0,13,6,0,0,0,0,8,6,0,0,0,0,7,35,21,25,665,11,753,17,9,0,31,0,62,0,0,0,0,0,0,6,0,0,7,0,11,0,0,0,0,0,0,9,6,0,7,0,15,8,0,3,3,0,13,18,15,10,5,0,40,7,0,0,10,0,24,9,3,0,4,0,12,0,0,0,0,0,0,66,38,34,532,10,676,0,0,0,0,0,0,13,4,4,0,0,20,3,0,0,5,0,3,0,0,0,0,0,0,0,0,0,0,0,0,14,0,0,18,0,27,69,25,30,45,0,170,0,0,0,72,365,436,487,277,209,4619,459,6049,16,147,147,2274
LGA17750,996,23880,438,26877,0,10,5,416,12,451,513,21,45,140,0,721,36,3,11,36,0,87,233,96,74,303,10,713,1566,1359,962,20519,360,24764,407,3,47,26,4,489,74,29,22,183,3,302,301,148,118,2731,40,3328,89,28,10,148,0,277,44,9,4,21,0,78,811,13,17,19,4,855,343,329,263,7862,109,8908,184,128,43,746,11,1114,58,0,6,6,0,73,29,11,9,47,0,97,6,0,0,12,0,17,44,11,12,86,0,154,71,22,11,34,4,142,99,74,55,49,5,278,86,16,19,86,3,222,37,5,0,11,0,54,39,8,0,3,0,45,461,331,263,5539,82,6684,27,0,0,9,0,36,136,12,26,4,0,182,77,6,3,52,0,141,107,0,0,5,0,119,66,3,5,3,0,81,57,29,20,169,0,274,2221,292,169,556,37,3271,90,20,15,632,3171,3929,7160,2614,1852,46709,4048,62383,299,1592,1116,23834
LGA17850,55,1329,27,1475,0,0,0,35,0,35,3,0,0,3,0,9,0,0,0,0,0,5,4,3,0,4,0,13,84,45,39,986,23,1169,5,0,0,0,0,5,3,0,0,3,0,4,14,0,3,93,0,113,0,0,0,7,0,7,0,0,0,0,0,0,0,0,0,0,0,9,12,13,15,263,9,309,3,3,0,17,0,30,0,0,0,0,0,0,0,0,0,5,0,0,0,0,0,0,0,0,3,0,0,5,0,9,12,0,0,0,5,16,14,9,0,0,0,26,4,0,0,0,0,8,5,0,0,0,0,5,0,0,0,0,0,0,22,16,10,320,3,373,0,0,0,0,0,0,0,0,0,0,0,0,0,0,0,0,0,5,0,0,0,0,0,0,0,0,0,0,0,0,0,0,0,18,0,21,34,3,11,10,0,63,5,0,0,55,318,374,177,94,83,2364,369,3090,3,62,63,1172
LGA17900,69,2482,88,2761,0,0,0,528,16,549,20,0,0,11,0,34,42,0,0,0,0,45,28,11,5,18,0,61,151,71,63,1398,47,1725,46,0,8,7,0,52,3,0,0,8,0,19,66,15,5,120,4,211,9,0,0,3,0,12,12,0,3,4,0,23,25,0,0,4,0,32,35,21,15,440,3,517,14,6,0,30,0,51,5,0,0,0,0,5,3,0,0,0,0,3,3,0,0,0,0,3,3,0,0,10,0,7,18,3,0,4,0,24,9,6,0,6,0,22,13,0,0,0,0,22,3,0,0,0,0,3,0,0,0,0,0,0,42,16,16,359,5,438,42,6,0,7,0,58,4,0,0,0,0,4,5,4,3,4,0,15,0,0,0,0,0,0,0,0,0,0,0,0,9,0,0,5,0,16,183,32,23,52,0,290,11,5,0,101,660,785,690,189,125,4305,801,6112,9,64,71,1344
LGA17950,24,1211,22,1295,0,0,0,20,0,20,10,0,0,4,0,9,0,0,0,0,0,0,5,0,0,9,0,10,41,39,31,971,23,1113,8,0,0,0,0,8,9,0,4,7,0,17,14,3,7,35,0,55,0,0,0,0,0,0,0,0,0,0,0,0,0,0,0,0,0,0,18,11,7,308,0,339,6,0,0,13,0,26,0,0,0,0,0,0,0,0,0,6,0,5,0,0,0,0,0,0,0,0,0,0,0,4,0,0,0,0,0,0,4,0,0,0,0,4,3,0,0,0,0,5,0,0,0,0,0,0,0,0,0,0,0,0,17,12,5,217,6,261,0,0,0,0,0,0,3,0,0,0,0,3,0,0,0,0,0,0,0,0,0,0,0,0,0,0,0,0,0,0,0,0,0,3,0,3,28,0,4,13,3,51,0,0,0,34,246,283,141,75,54,2173,287,2730,0,45,32,954
LGA18020,146,4011,100,4468,0,4,3,68,7,81,18,0,0,23,0,47,3,3,0,0,0,3,35,13,13,19,0,81,267,179,115,3140,93,3789,20,0,3,4,0,26,9,0,4,16,0,30,59,19,14,234,9,338,20,0,0,17,0,33,6,0,0,3,0,15,29,4,0,3,0,32,47,33,26,803,27,932,19,3,3,48,3,87,3,0,0,0,0,3,3,0,0,5,0,10,3,0,0,5,0,11,10,3,0,7,0,25,9,0,4,4,0,18,10,9,3,13,0,41,17,0,0,4,0,19,0,0,0,0,0,3,0,0,0,0,0,0,74,49,46,757,20,948,0,0,0,0,0,0,13,0,3,0,4,17,6,0,0,4,0,9,4,0,0,0,0,4,4,7,0,0,0,6,11,0,0,16,0,30,101,17,23,63,0,211,7,5,3,82,894,995,695,331,248,7008,1097,9380,26,185,138,3452
LGA18050,2099,8356,134,13933,0,3,9,36,0,54,1693,124,146,182,20,2170,210,42,25,68,0,345,436,95,78,146,4,759,8005,2033,1457,7669,191,19346,445,4,56,12,9,522,1038,76,63,131,16,1326,1541,260,186,771,19,2779,789,187,87,432,13,1513,801,114,77,147,6,1151,467,42,33,42,4,581,2751,634,471,4209,69,8133,2144,320,156,676,20,3315,211,0,13,10,0,238,222,37,26,112,3,395,69,5,6,17,0,94,132,34,35,65,0,269,190,24,10,24,4,247,633,108,122,29,9,903,1140,152,127,237,3,1652,1473,95,70,104,13,1759,29,7,0,0,0,40,1526,476,366,2475,44,4886,146,5,4,16,0,173,1994,176,129,19,16,2322,873,28,34,39,9,983,78,15,9,10,0,112,130,11,13,4,0,158,275,44,24,130,3,472,9652,1008,814,769,93,12349,338,46,33,139,6764,7326,32069,5193,3959,18276,7309,66813,892,2971,2402,8247
LGA18100,77,1509,31,1693,0,0,0,6,0,9,12,0,0,3,0,16,0,0,0,0,0,0,16,0,3,15,0,38,111,79,64,1298,29,1586,9,0,0,0,0,12,3,0,0,5,0,5,20,3,5,89,0,113,4,0,0,6,0,11,3,0,0,0,0,3,7,0,0,11,0,15,17,12,8,370,12,421,9,0,0,21,0,36,0,0,0,0,0,0,0,0,0,0,0,0,0,0,0,0,0,0,3,0,0,3,0,13,3,5,0,0,0,10,4,0,3,5,0,12,0,0,0,0,0,6,0,0,0,0,0,3,3,0,0,0,0,3,25,23,14,341,4,402,0,0,0,0,0,0,0,0,0,0,0,0,6,0,0,0,0,4,0,0,0,0,0,0,0,0,0,0,0,0,4,6,0,11,0,17,29,7,0,20,0,54,3,0,0,49,278,335,242,126,116,2832,346,3660,6,97,76,1427
LGA18200,76,2493,83,2774,0,3,3,261,21,283,3,0,0,7,0,15,12,0,4,4,0,18,31,0,11,14,0,59,184,108,82,2048,49,2474,17,0,3,0,0,24,3,0,0,12,0,20,26,16,11,293,8,351,9,7,5,11,0,21,12,3,0,3,0,17,10,0,0,0,0,13,40,25,9,542,11,631,124,35,10,166,4,338,0,0,0,0,0,0,0,0,0,0,0,5,4,0,0,0,0,4,0,5,0,10,0,15,8,0,0,0,0,14,15,6,7,4,0,27,0,3,6,8,0,20,0,0,0,3,0,8,0,0,0,0,0,0,38,36,23,572,12,675,0,0,0,0,0,0,0,0,0,0,0,0,0,0,0,3,0,4,0,0,0,0,0,0,0,0,0,0,0,0,9,0,0,16,0,32,69,17,11,59,7,166,9,4,0,132,673,824,554,229,160,5031,829,6798,27,138,110,2622
LGA18250,2070,9743,121,15002,5,4,0,24,0,30,16717,254,501,349,109,17936,481,66,40,93,0,675,356,131,68,124,0,685,5316,2079,1484,9078,165,18116,979,12,78,9,3,1089,339,62,40,140,3,582,703,189,138,766,17,1813,470,94,48,270,5,897,272,43,21,55,0,384,2422,34,59,36,11,2565,1369,632,444,4547,69,7059,1199,288,153,696,22,2355,2596,4,56,9,10,2675,349,65,44,115,9,573,108,14,9,10,0,138,83,28,15,49,3,180,84,6,3,0,0,91,450,129,96,26,3,702,377,54,45,81,3,553,340,28,43,50,3,459,18,0,3,0,0,25,1187,530,370,2987,40,5115,130,0,10,13,0,157,394,57,23,12,0,486,340,22,17,34,6,407,168,23,16,11,0,214,382,14,20,9,9,431,210,52,34,129,3,419,8345,577,741,575,68,10304,237,22,18,131,3371,3783,41381,4619,3883,20503,3915,74303,816,2528,2247,9476
LGA18350,1388,14502,311,18464,0,7,7,76,0,96,412,16,31,61,6,529,100,22,22,21,4,169,373,128,67,185,10,765,4008,2021,1418,13447,363,21261,126,10,28,4,0,172,127,39,11,125,6,307,547,173,120,1037,26,1902,193,55,31,121,6,400,128,22,15,27,0,189,231,10,6,3,0,246,763,475,294,4922,113,6569,495,170,72,594,20,1355,35,0,0,3,0,46,75,31,14,59,0,173,56,9,0,13,4,78,138,33,23,103,4,301,61,13,23,13,0,118,158,81,60,36,7,340,220,33,29,89,4,371,76,18,17,34,0,148,31,3,0,7,0,46,1051,580,391,4000,90,6108,39,4,0,3,0,50,120,17,26,26,0,187,104,11,11,38,0,161,19,0,13,7,0,40,67,0,6,3,0,78,160,46,30,158,6,395,1560,332,257,549,24,2724,57,26,19,330,2823,3251,9443,3728,2550,28570,3590,47878,335,2291,1659,15354
LGA18400,1350,18157,348,22262,0,16,5,194,8,225,244,23,21,98,3,388,241,48,28,130,0,445,317,117,52,203,5,695,3117,1769,1331,12375,266,18848,123,4,46,11,0,184,78,14,10,96,4,207,455,138,135,1019,28,1779,182,60,23,158,3,434,108,29,10,41,0,185,112,21,13,16,0,157,725,399,266,3697,82,5164,744,314,142,1024,32,2249,18,0,3,0,0,23,242,46,20,77,11,395,49,14,10,19,0,89,554,160,126,593,22,1449,79,27,17,9,4,140,133,97,65,58,3,363,154,56,37,75,3,314,88,14,10,40,0,153,19,16,4,0,0,41,738,397,263,2838,57,4282,91,19,18,49,0,180,96,21,15,11,0,145,119,30,14,25,0,178,32,0,6,0,0,39,53,4,17,0,0,70,129,42,27,118,0,311,1465,372,228,531,39,2642,72,20,21,343,2203,2662,8825,3780,2529,30469,2917,48520,373,2355,1609,18977
LGA18450,5913,53940,1081,70590,6,78,32,674,9,796,4524,96,145,320,37,5128,1185,166,114,337,24,1839,1546,513,313,1041,35,3455,13255,7376,5705,45411,1044,72789,1195,58,234,57,37,1583,439,92,81,473,14,1092,2315,750,568,3882,99,7612,1709,348,191,944,39,3232,442,75,38,168,10,734,1944,61,52,52,22,2128,2799,1700,1207,16213,281,22205,5785,1370,681,4114,167,12114,356,7,20,16,5,399,1168,237,149,282,32,1864,4841,503,278,905,66,6597,917,283,149,760,25,2124,495,119,114,106,22,854,623,350,272,193,26,1471,937,170,117,396,15,1640,325,44,51,122,14,548,118,56,13,3,7,194,3812,2017,1546,12123,185,19688,1452,151,88,194,25,1908,333,86,69,31,8,526,1158,155,100,271,17,1711,297,16,16,13,0,351,1117,32,47,26,13,1235,769,257,179,706,17,1928,13506,1872,1452,2464,236,19528,541,97,79,1002,9152,10872,60970,15975,11686,102995,12002,203630,2156,9072,6809,55702
LGA18500,1696,8083,128,12810,0,3,0,18,0,22,1991,115,146,112,25,2395,172,29,22,52,0,277,335,96,41,122,0,596,5775,2026,1446,8594,170,18018,314,9,33,6,3,369,594,64,53,135,6,859,1082,228,144,837,13,2298,762,208,109,628,11,1723,749,97,58,144,3,1057,472,42,40,18,4,574,1552,597,465,4533,71,7215,984,290,124,590,19,2011,160,0,12,0,0,179,191,75,49,202,0,518,53,13,5,11,0,81,83,30,18,60,0,184,87,10,0,0,0,109,445,85,60,18,0,614,960,160,113,207,11,1451,769,84,75,96,3,1026,20,3,3,5,0,30,1372,552,341,3159,53,5473,106,12,19,13,3,145,1367,97,83,16,7,1567,348,22,32,27,0,427,106,14,15,7,0,149,179,6,19,0,0,205,198,21,17,136,4,378,5699,834,636,703,58,7933,171,15,27,138,4630,4984,21769,4837,3448,19116,5071,54239,593,2445,1921,8008
LGA18710,475,6221,104,7446,0,0,0,27,0,33,53,5,10,18,4,92,75,12,0,48,4,135,142,47,29,83,0,311,910,491,442,4727,96,6667,29,7,4,0,0,39,25,14,8,41,0,93,152,55,50,394,7,659,22,16,3,28,0,69,21,11,12,19,0,64,29,5,0,5,0,38,199,137,93,1802,31,2260,61,34,9,142,3,254,0,4,0,0,0,8,18,0,10,9,0,31,5,3,0,4,0,17,25,12,4,42,0,81,13,5,4,9,0,32,52,18,23,4,4,101,47,12,18,32,4,113,12,3,0,17,0,36,4,0,0,0,0,7,230,160,101,1266,30,1786,12,4,0,8,0,23,26,8,4,6,0,39,9,4,10,6,0,23,7,0,0,0,0,6,17,0,7,4,0,22,32,9,6,50,4,107,350,102,78,190,12,732,18,21,3,133,920,1093,2091,1031,802,11075,1142,16143,89,749,591,6291
LGA19399,24,441,16,499,0,0,0,0,0,0,4,0,0,3,0,9,3,0,0,0,0,3,0,3,0,0,0,5,39,15,22,294,3,376,0,0,0,0,0,0,4,0,0,5,0,7,11,4,4,47,0,66,0,0,0,0,0,0,0,0,0,0,0,0,0,0,0,0,0,0,8,5,0,114,0,127,3,0,0,7,0,15,0,0,0,0,0,0,0,0,0,0,0,0,0,0,0,0,0,0,0,0,0,0,0,3,3,0,7,0,0,8,5,8,0,0,0,11,0,0,0,0,0,0,0,0,0,0,0,0,6,0,0,0,0,6,11,7,3,95,0,114,0,0,0,0,0,0,0,0,0,0,0,0,0,0,0,0,0,0,0,0,0,0,0,0,0,0,0,0,0,0,3,0,4,5,0,5,17,6,8,22,0,45,3,0,0,8,110,120,91,38,43,750,126,1054,7,18,36,366
LGA19499,201,2589,86,3251,0,3,5,92,5,107,434,8,8,18,4,469,29,0,0,0,0,36,77,18,14,34,0,145,807,254,190,1950,72,3273,77,0,20,7,0,101,64,10,3,26,4,107,148,27,19,200,8,401,47,8,0,21,3,82,21,3,0,8,0,37,140,0,0,3,0,146,207,64,39,712,14,1040,119,27,16,95,5,268,47,0,0,0,0,47,77,9,5,13,0,112,8,0,0,0,0,13,20,8,0,11,0,43,52,12,6,4,3,75,60,19,12,3,10,95,40,7,7,17,0,72,19,0,4,8,3,32,50,7,0,3,0,56,191,58,46,536,13,843,11,0,0,0,0,18,35,4,7,3,0,48,58,0,0,8,0,70,9,0,0,0,0,11,78,3,5,0,0,87,35,8,4,21,0,62,867,68,52,101,27,1115,49,5,8,67,3195,3317,3257,554,395,4678,3397,12288,84,252,196,2300
LGA19799,7,91,0,124,0,0,0,0,0,0,36,0,0,4,0,37,0,0,0,0,0,0,0,0,0,0,0,0,39,6,8,72,3,135,0,0,0,0,0,0,0,0,0,3,0,3,5,0,0,9,0,13,0,0,0,0,0,0,0,0,0,0,0,0,0,0,0,0,0,0,6,0,3,33,0,41,8,0,0,0,4,8,0,0,0,0,0,0,0,0,0,0,0,0,3,0,0,0,0,3,5,0,0,0,0,5,3,0,0,0,0,3,0,0,0,0,0,0,4,0,0,0,0,4,9,0,0,0,0,9,0,0,0,0,0,0,12,0,6,20,0,41,0,0,0,0,0,0,0,0,0,0,0,0,0,0,0,0,0,0,0,0,0,0,0,0,12,0,0,0,0,12,0,0,0,0,0,0,22,0,0,0,0,23,13,0,0,5,36,48,163,19,15,174,45,419,0,0,0,0
LGA20110,276,3753,92,4571,0,0,0,0,0,0,46,4,4,29,0,82,29,0,0,8,0,42,121,34,19,66,4,244,734,405,254,3457,82,4939,42,0,6,3,3,55,35,6,0,26,0,74,199,43,20,347,10,622,39,13,0,17,0,68,25,8,0,0,0,29,27,3,5,5,0,32,121,79,38,1174,21,1437,600,112,53,405,24,1191,7,0,0,0,0,7,7,10,0,4,0,25,0,0,0,0,0,0,14,7,5,6,0,34,25,0,9,0,0,34,30,30,16,7,0,85,53,14,3,22,6,93,22,0,4,0,0,29,0,0,0,0,0,0,175,102,80,970,18,1331,12,0,0,0,0,8,8,0,3,0,0,11,29,3,3,10,0,41,6,0,0,0,0,13,5,3,0,0,0,4,31,7,3,35,0,81,360,79,51,141,11,637,27,3,9,82,902,1022,2388,791,513,7529,1111,12335,58,476,337,3991
LGA20260,174,4055,80,4564,0,0,0,6,0,8,66,0,10,7,3,88,10,7,0,0,0,14,71,15,12,48,3,140,368,230,177,3583,97,4454,75,0,8,0,0,87,10,0,0,19,0,27,82,29,27,392,12,546,8,4,0,8,0,24,21,4,0,3,0,26,75,0,0,0,0,79,62,50,38,1088,19,1255,34,15,11,131,5,201,5,0,0,5,0,9,14,0,0,0,0,16,0,0,0,0,0,0,12,4,4,9,0,36,77,11,0,3,0,93,27,9,3,5,0,46,23,0,5,21,0,44,5,0,0,12,0,19,0,0,4,0,0,6,89,79,53,1111,21,1360,3,0,0,0,0,8,0,0,0,0,0,0,4,0,0,10,0,12,3,0,0,3,0,3,24,0,0,0,0,24,15,0,0,43,0,60,187,36,25,77,17,352,12,5,5,127,1386,1529,1182,441,331,8057,1591,11599,76,261,203,4075
LGA20570,1849,34794,725,40280,3,11,5,146,3,172,1167,43,60,353,18,1633,236,55,29,115,9,436,941,454,270,970,24,2655,3544,2523,1886,33779,726,42454,441,20,76,7,12,560,106,31,23,262,5,426,562,280,206,3278,53,4387,194,55,19,234,3,514,105,28,16,62,0,216,1026,38,25,26,9,1128,840,701,481,13812,226,16063,451,277,102,1652,32,2511,45,0,7,4,0,56,29,26,10,54,0,115,38,13,0,20,4,76,140,73,33,180,3,434,79,28,13,29,0,152,172,114,84,75,9,451,212,55,39,206,8,525,103,15,12,49,0,182,25,0,5,0,0,27,1007,738,505,10032,145,12428,48,18,5,18,3,89,105,26,8,11,4,152,102,20,20,107,0,243,114,18,17,20,0,172,95,5,16,5,0,118,135,51,35,414,11,643,2431,492,379,1044,47,4381,167,50,25,1022,5562,6826,12346,5153,3635,73406,7140,101689,497,3354,2409,38109
LGA20660,2918,26914,415,35304,0,11,3,105,0,126,6589,155,246,280,34,7310,752,109,51,220,12,1142,674,245,181,433,10,1538,5927,3597,2544,25979,459,38505,676,37,104,18,6,844,300,56,43,255,3,665,1148,376,283,2389,39,4237,2637,470,247,1246,40,4642,276,43,39,96,4,455,2676,93,65,40,18,2892,1788,1208,717,12154,172,16032,5800,1387,604,4356,122,12271,258,3,25,0,3,288,716,116,79,150,11,1073,983,169,71,299,10,1536,523,150,102,376,10,1162,118,26,24,17,0,184,435,178,136,74,0,827,635,112,88,231,11,1083,328,31,28,68,3,456,93,10,14,0,10,126,1666,937,705,7982,119,11410,338,37,16,41,5,440,264,55,43,22,7,384,354,53,31,96,8,536,771,51,34,47,6,904,905,18,52,23,8,1009,213,86,66,285,4,657,8481,1018,819,1304,124,11744,330,52,46,575,5089,6098,41087,8931,6047,59403,6402,121869,1124,4704,3460,27254
LGA20740,848,10597,269,13080,0,4,3,24,0,30,162,3,16,57,5,250,56,9,4,18,0,79,456,128,93,202,15,888,2596,1193,860,9009,273,13932,73,12,13,0,3,105,71,13,4,64,7,155,322,101,65,640,21,1149,138,20,13,62,8,234,50,14,11,20,0,92,133,5,3,16,6,168,483,256,159,2977,70,3953,551,169,70,697,24,1515,3,0,0,0,0,5,8,7,3,10,0,26,16,0,4,9,0,27,110,24,7,46,0,194,63,22,9,7,0,106,118,44,38,24,0,222,82,12,15,43,0,154,32,11,3,21,0,72,12,0,0,0,0,12,692,353,226,2665,59,3990,16,0,0,0,0,26,51,20,8,3,0,82,49,3,9,33,0,93,36,12,9,7,0,63,35,8,0,3,0,48,99,23,23,95,0,242,778,185,133,330,26,1450,58,18,20,282,2040,2424,6197,2267,1611,20071,2667,32806,299,1632,1131,12241
LGA20830,1190,17121,304,20540,0,3,0,40,4,51,227,12,16,76,8,328,95,19,6,20,7,155,730,217,149,539,19,1653,2796,1594,1247,14724,341,20691,125,0,30,5,4,172,78,3,14,124,0,227,478,168,118,1249,33,2047,96,26,8,95,0,228,86,9,13,36,0,148,180,20,15,12,0,227,568,376,251,4572,69,5847,515,208,74,837,21,1649,13,0,0,0,0,14,13,3,0,11,0,27,10,3,3,3,0,23,93,33,18,88,6,238,37,15,6,6,3,66,138,82,77,40,6,343,164,25,12,77,7,287,48,13,0,17,0,78,12,0,3,0,0,16,681,381,320,3906,80,5377,34,7,0,7,0,47,72,14,0,5,4,97,52,13,16,44,0,120,71,15,5,10,5,102,26,0,3,0,0,37,93,27,20,112,8,261,987,267,193,497,17,1957,73,32,11,476,2862,3450,7194,3130,2240,32341,3579,48477,304,2176,1601,19914
LGA20910,3212,20775,313,29022,0,0,4,25,0,30,3034,98,202,202,13,3550,388,50,20,110,6,570,837,247,130,329,10,1552,9367,3575,2782,20793,410,36929,232,12,67,12,0,325,484,76,71,237,12,872,1508,421,289,1828,37,4084,2066,353,195,1078,31,3717,383,55,27,89,6,562,1104,71,49,41,9,1275,2484,982,739,8901,121,13225,2213,648,298,1832,43,5035,117,3,10,5,0,134,208,56,32,83,3,379,88,19,15,36,0,155,191,58,41,92,0,382,113,18,8,4,6,153,635,156,150,45,8,990,1139,180,131,271,15,1741,982,62,74,81,12,1207,24,10,0,0,0,43,2457,954,678,6915,84,11088,232,22,15,50,5,320,752,55,59,26,4,894,275,37,24,56,0,396,283,60,49,37,3,433,223,10,15,0,0,253,376,60,35,284,5,763,6444,1011,898,1161,56,9574,215,49,37,332,4708,5337,31953,7824,5974,45720,5623,97092,902,4501,3642,20765
LGA21010,253,5059,127,5839,0,0,0,10,0,12,62,0,6,30,0,103,5,3,0,0,0,13,126,46,14,54,0,240,521,368,282,4424,107,5708,34,0,9,0,0,42,13,4,3,29,0,49,154,42,35,444,9,675,15,12,0,15,0,45,14,0,0,7,0,25,60,3,0,0,0,68,112,90,42,1625,25,1901,76,31,3,210,3,323,0,0,0,0,0,0,7,0,0,4,0,11,8,0,0,0,0,8,19,4,12,22,5,61,11,4,0,0,0,15,8,19,8,3,0,44,58,6,5,29,3,101,15,0,0,5,0,23,0,0,0,0,0,0,127,110,71,1424,27,1759,5,3,0,4,0,14,3,0,0,7,0,8,3,0,0,7,0,17,10,6,0,10,0,18,0,0,3,0,0,3,19,7,6,51,0,91,239,55,39,131,5,468,19,3,6,116,998,1145,1485,698,483,9939,1254,13863,60,407,264,4942
LGA21110,4336,30182,372,41214,0,12,3,43,3,63,23043,460,821,585,144,25049,430,93,66,179,0,766,914,367,203,595,7,2086,8771,4916,3764,31608,425,49498,576,17,117,18,9,733,622,136,115,395,9,1276,1565,523,395,2991,40,5510,4387,697,391,2129,39,7637,455,82,58,150,6,748,5316,190,135,99,37,5779,2456,1483,1188,15835,177,21148,4494,1106,572,3881,68,10121,828,13,37,20,13,900,299,71,45,170,5,584,347,41,56,135,0,578,342,106,61,204,0,711,143,28,19,10,0,197,801,263,176,67,8,1315,981,192,127,398,12,1710,507,54,77,105,5,745,49,5,0,0,3,59,2447,1403,1103,11526,145,16621,245,37,21,29,0,337,557,98,75,21,7,764,413,24,48,112,7,597,1297,108,94,72,7,1580,2279,53,110,19,19,2479,297,110,72,520,9,1000,11224,1340,1347,2004,80,15992,376,56,38,443,7332,8242,67631,11288,9044,70692,8579,167232,1417,5492,4631,28433
LGA21180,2112,14751,513,24040,117,32,9,111,11,278,11864,136,220,138,180,12533,3805,295,176,530,60,4872,444,133,78,167,8,836,7235,2022,1487,11491,546,22781,7069,96,304,71,87,7620,319,23,21,96,10,469,1643,284,179,1153,58,3324,4807,673,306,1221,80,7082,441,48,26,59,9,585,9158,132,95,53,104,9534,1174,539,351,4187,101,6347,7253,1248,641,3308,217,12668,180,0,9,0,4,195,1512,228,109,139,23,2011,4593,380,183,479,67,5701,7653,862,567,1880,118,11072,828,66,44,35,34,1008,502,85,72,32,18,714,2089,142,102,292,27,2651,332,21,33,30,8,411,1853,94,33,11,54,2046,1147,460,358,2927,51,4944,1672,100,64,110,20,1966,115,18,20,6,0,167,1502,66,44,74,14,1703,1476,39,15,35,10,1577,29777,230,464,175,448,31101,89,35,25,117,0,262,33956,1407,1022,1161,532,38076,2490,103,91,368,10209,13256,135022,8308,5902,31952,13142,194315,5353,3059,2399,13410
LGA21270,81,2394,49,2619,0,0,0,10,3,14,14,0,0,11,0,25,4,0,0,3,0,3,35,4,13,17,0,70,153,81,99,1991,76,2398,31,0,3,0,4,36,3,0,4,4,0,12,29,7,8,175,9,227,4,4,0,0,0,5,6,0,3,0,0,5,34,0,0,0,0,35,33,26,25,913,23,1024,15,10,0,40,0,67,0,0,0,0,0,0,0,0,0,0,0,0,0,0,0,0,0,0,5,3,0,0,0,14,3,3,0,0,0,13,6,0,0,0,0,6,11,0,0,4,0,6,8,0,0,0,0,8,0,0,0,0,0,0,51,39,30,670,25,807,0,0,0,0,0,0,0,0,0,0,0,0,0,0,0,0,0,0,6,0,0,0,0,9,0,0,0,0,0,0,5,4,0,18,0,25,43,22,12,51,4,130,16,0,4,80,508,605,435,186,161,4777,654,6202,26,110,91,2285
LGA21370,612,14805,333,16634,0,0,4,106,5,111,96,4,4,87,0,188,23,11,0,11,0,45,188,67,64,161,0,481,1171,736,607,12386,310,15207,200,0,17,0,0,224,18,4,4,82,5,114,188,61,55,1101,24,1426,44,13,6,43,0,107,33,8,3,17,0,60,101,4,0,4,0,106,244,169,92,3861,77,4444,365,101,40,698,25,1233,34,0,0,0,0,32,7,9,9,6,0,25,12,3,3,15,0,34,45,7,8,39,0,100,66,0,5,8,0,80,73,37,21,27,0,167,56,11,9,31,0,111,13,0,0,7,0,17,0,0,0,0,0,0,334,232,143,3203,74,3979,8,4,0,0,0,11,13,0,0,4,0,18,45,4,6,35,4,84,35,0,0,3,0,35,11,7,0,0,0,12,45,10,6,91,0,159,428,97,67,300,14,901,42,13,10,524,2463,3054,3322,1460,1107,28008,3165,37054,148,910,666,14906
LGA21450,2899,27575,454,35580,5,9,3,79,0,100,829,28,56,141,11,1065,325,62,41,96,5,527,1502,496,318,1150,32,3495,7322,3595,2776,22628,497,36818,698,31,97,24,5,851,323,35,30,210,5,597,1067,406,260,2026,55,3811,336,114,50,314,7,824,313,63,22,102,12,513,1938,69,52,36,15,2111,1390,768,564,6633,111,9466,1256,558,252,1728,39,3826,66,0,0,3,0,69,86,23,7,59,7,184,57,18,3,17,0,95,257,104,66,208,7,633,381,46,22,20,5,485,412,215,160,73,11,858,331,92,56,176,5,661,177,18,13,51,6,274,222,31,17,0,13,281,1735,773,607,5576,95,8793,177,34,10,42,5,275,338,79,36,36,3,487,261,25,18,85,4,398,894,74,35,49,6,1051,131,8,14,10,0,166,264,65,44,232,3,603,6276,780,615,930,87,8686,350,72,32,573,4720,5744,24960,7336,5285,50677,5869,94130,1535,4910,3606,31315
LGA21610,6352,50071,913,71278,17,36,15,196,13,274,11346,173,292,350,85,12247,1849,240,127,340,34,2579,3334,812,502,1576,62,6288,20850,7295,5620,39977,987,74730,5614,102,409,62,53,6236,1693,102,81,361,20,2264,2975,785,493,3658,87,7997,2461,538,287,1280,43,4605,1658,170,127,259,31,2244,22095,316,192,137,138,22889,3793,1657,1164,12324,212,19147,4853,1471,711,4019,158,11213,565,0,14,0,0,581,1227,221,89,131,23,1692,572,82,36,79,6,777,1019,318,190,601,10,2135,1895,146,112,57,43,2252,1523,451,283,180,26,2472,2080,188,140,316,35,2754,999,73,77,126,12,1289,3050,136,61,19,59,3330,4515,1695,1330,10161,208,17911,2620,183,100,141,30,3074,1385,166,116,63,12,1738,1656,74,71,151,19,1974,10964,293,167,130,58,11605,2290,60,84,18,47,2500,515,127,88,404,13,1149,57981,2767,2042,2252,659,65693,2539,151,130,1067,13465,17358,159168,17604,12597,93150,16777,299296,8529,10088,7504,52202
LGA21670,224,5026,160,5731,0,0,0,20,0,23,36,3,0,70,0,108,12,0,0,5,0,17,116,16,14,52,10,202,648,286,256,4403,139,5744,64,0,5,6,0,78,4,3,0,23,0,33,72,24,17,314,10,437,27,15,5,11,4,60,28,0,0,3,0,35,36,3,0,0,0,42,127,60,38,1229,25,1477,51,28,21,246,9,357,0,0,0,0,0,0,0,0,0,0,0,6,3,0,0,0,0,4,20,11,0,18,0,61,9,7,0,6,0,25,30,18,7,6,0,56,31,4,0,8,0,45,12,0,0,0,0,14,0,0,0,0,0,0,142,77,50,1162,23,1455,3,0,0,0,0,3,10,0,0,0,0,11,10,0,4,5,0,17,7,4,0,0,0,10,4,0,0,6,0,9,20,11,11,40,0,79,192,30,23,95,8,357,8,7,5,133,720,878,1443,532,424,9563,1034,12993,46,297,240,4962
LGA21750,345,7615,185,8724,0,0,0,20,0,23,121,3,6,24,0,160,21,6,0,12,0,41,147,45,28,125,0,349,789,475,353,6573,194,8378,56,3,14,8,3,78,14,8,6,53,0,73,120,43,46,530,15,756,50,13,11,30,4,93,23,11,8,7,0,40,62,0,0,3,0,63,150,139,94,2755,68,3205,147,61,20,296,8,533,7,0,0,0,0,7,10,0,5,11,0,29,7,0,0,0,0,7,22,15,7,15,0,58,57,12,12,3,0,87,43,19,16,11,0,86,37,7,0,19,4,63,16,0,4,8,0,23,0,0,0,0,0,0,229,152,97,2157,42,2676,5,0,0,0,0,3,13,3,0,3,0,26,10,0,3,14,0,36,7,0,3,0,0,19,21,0,0,0,0,27,36,10,3,52,3,112,469,55,56,173,16,760,37,8,11,360,1252,1673,2330,972,668,15327,1678,20971,85,561,413,7857
LGA21830,232,6336,165,7109,0,3,0,3,0,3,32,0,0,19,0,49,0,0,0,0,0,9,205,51,34,95,6,387,505,322,205,5197,131,6360,62,0,13,0,0,69,12,3,4,19,3,43,83,13,27,348,6,473,15,9,0,15,3,45,12,5,4,5,0,24,19,4,0,4,0,28,111,81,42,2117,27,2388,35,9,3,134,6,188,0,0,0,0,0,0,0,0,0,5,0,3,0,0,0,0,0,0,16,4,0,13,3,38,22,15,0,5,0,42,73,23,11,3,0,111,7,0,6,10,0,27,9,0,0,0,0,13,0,0,0,0,0,0,145,110,67,1645,33,1995,3,0,0,4,0,12,4,0,0,0,0,4,4,0,0,0,0,6,10,0,0,0,0,9,0,0,0,0,0,4,13,8,3,44,0,78,147,40,34,87,7,318,11,4,7,241,1080,1344,1308,648,411,12271,1406,16053,43,400,310,6282
LGA21890,2959,21159,457,30190,7,22,6,263,6,304,8594,189,207,268,75,9340,773,70,49,202,8,1096,561,288,176,504,13,1536,6373,3630,2382,20460,493,33340,1046,34,144,18,19,1262,451,92,55,250,6,860,1058,418,297,2097,55,3920,8472,950,515,2271,164,12369,198,57,34,94,7,396,5039,94,82,59,36,5313,2063,1374,883,11124,183,15625,12017,1861,850,4964,297,19990,213,3,11,10,0,235,2132,295,176,286,43,2926,2282,211,117,407,52,3072,743,164,105,371,14,1398,250,29,35,36,5,348,674,204,134,56,13,1082,507,136,101,247,11,1000,199,30,45,78,6,362,121,21,17,8,7,177,1819,999,683,6808,109,10416,427,36,15,55,5,542,188,51,45,11,5,298,606,58,51,124,11,847,764,66,31,42,7,910,3381,44,76,21,29,3550,238,87,49,341,3,725,14166,1306,968,1449,216,18103,710,61,45,450,9058,10315,68659,10341,6664,50094,10960,146722,1868,5132,3585,22072
LGA22110,940,15978,447,18842,0,3,3,197,9,208,210,20,17,134,7,385,33,3,0,18,0,60,508,141,91,314,13,1067,2549,1307,886,13604,390,18734,153,0,42,0,5,206,46,10,6,106,3,169,465,123,77,1274,32,1965,94,28,5,58,0,190,43,8,3,24,0,80,140,13,15,20,3,184,403,254,158,3906,94,4809,454,129,49,699,20,1348,12,0,0,0,0,12,3,3,3,10,0,15,3,4,0,5,0,14,100,13,9,65,0,189,47,12,9,18,5,88,114,31,31,37,5,224,109,30,10,47,0,194,34,10,0,7,0,52,7,0,0,3,0,10,655,310,232,3799,85,5086,24,9,0,18,0,50,56,8,4,8,0,82,43,4,3,24,0,78,20,0,3,3,0,30,63,0,7,0,8,78,103,24,15,119,0,267,761,189,102,435,28,1509,82,24,17,491,3430,4040,6217,2411,1667,30402,4343,45041,237,1451,1100,16102
LGA22170,4443,35348,726,47485,0,16,4,152,0,182,1950,74,103,223,25,2374,509,74,53,116,4,756,1566,448,332,816,51,3209,12849,5560,4235,30086,877,53614,1210,16,210,28,28,1501,421,56,48,329,7,867,1680,554,358,2721,63,5375,1193,267,136,612,22,2225,403,93,41,116,7,657,2316,76,68,50,22,2530,2760,1212,893,10130,178,15169,1783,629,314,1972,64,4764,86,0,9,3,0,105,282,72,33,44,12,451,80,20,8,21,0,127,329,111,69,232,9,754,967,111,91,63,26,1258,820,301,188,105,14,1428,752,117,65,200,12,1155,547,40,38,69,3,697,329,33,24,4,5,405,3389,1296,1037,7910,168,13801,351,35,21,26,8,443,578,79,70,20,5,757,418,41,35,122,9,622,555,85,34,44,7,731,236,11,21,6,0,278,514,119,94,325,12,1066,7495,1030,864,1392,141,10916,475,77,58,821,7647,9070,38760,10789,8100,66869,9623,134144,1305,6412,5025,36281
LGA22250,146,4367,112,4838,0,0,0,30,0,30,9,0,0,20,0,26,10,0,0,0,0,11,54,20,14,39,0,132,292,230,178,3761,123,4585,45,0,9,0,0,52,3,4,0,24,0,31,49,22,20,347,9,446,13,0,0,17,0,35,6,0,0,8,0,12,40,0,0,3,0,43,39,43,25,1043,18,1161,24,19,4,149,3,204,0,0,0,0,0,0,3,0,0,0,0,0,0,0,0,0,0,3,10,3,0,10,0,26,8,4,3,3,0,19,18,4,4,3,0,29,16,0,3,0,0,18,8,0,0,0,0,4,0,0,0,6,0,3,49,69,35,956,23,1130,3,0,0,0,0,3,9,0,0,0,0,12,4,0,0,9,0,19,0,0,0,0,0,3,0,0,0,0,0,0,0,3,0,18,0,29,100,32,9,64,5,205,9,8,7,144,631,792,716,394,294,8273,877,10548,40,209,140,4279
LGA22310,3988,21841,326,33086,5,6,0,34,0,44,11434,167,276,237,80,12187,434,67,66,95,3,670,805,237,158,405,9,1619,8293,3806,2701,18334,371,33499,779,18,125,10,15,943,861,110,83,258,12,1318,1980,537,386,2057,35,4995,4837,644,349,1762,75,7662,1053,193,111,243,9,1609,6793,102,77,56,43,7071,2323,1126,701,8978,134,13257,2917,712,371,2159,52,6208,836,8,5,4,0,851,273,57,12,70,4,416,123,20,10,27,0,175,258,70,67,136,3,540,184,34,14,10,4,238,642,221,155,72,3,1098,4082,705,485,1003,31,6312,3747,228,198,288,26,4489,50,10,10,4,0,76,1895,911,656,5896,112,9472,417,35,29,39,0,518,2205,246,160,45,18,2673,456,34,30,76,8,608,938,78,86,52,10,1170,864,20,42,11,10,950,209,70,43,237,5,570,17742,2112,1873,2157,143,24038,738,123,97,443,6126,7523,68284,10855,7938,46464,7339,140875,2018,6011,4688,21854
LGA22410,312,7502,173,8489,0,8,4,79,0,93,36,4,3,37,0,83,14,0,0,10,0,28,185,46,34,89,8,361,769,431,313,6387,178,8075,88,3,23,4,0,119,5,6,0,29,3,41,112,60,36,825,17,1045,16,5,5,10,0,38,17,0,0,3,0,19,46,0,6,8,0,64,141,84,63,1807,31,2123,72,36,7,150,8,269,0,0,0,0,0,0,0,0,0,0,0,0,0,0,0,4,0,5,46,10,9,37,0,114,59,5,11,4,0,81,57,12,13,9,3,93,22,6,0,24,4,61,9,0,0,10,0,17,6,0,0,0,0,6,222,119,103,1814,40,2304,0,0,0,0,0,3,26,5,0,5,0,37,28,0,3,17,0,47,22,0,0,0,0,24,15,0,0,0,0,15,30,6,3,29,0,63,245,57,40,167,10,504,20,5,16,256,1414,1706,1906,825,590,14432,1799,19556,70,497,360,7443
LGA22490,497,8242,133,9655,0,0,0,35,0,36,39,3,4,50,4,99,90,21,6,58,0,182,260,86,71,218,8,644,1186,646,508,6410,128,8876,32,0,10,0,0,44,28,6,8,52,0,101,248,95,74,642,15,1067,43,10,7,33,0,98,46,17,7,23,0,95,27,11,4,7,0,52,220,141,86,2066,40,2550,168,65,30,353,9,620,5,0,0,0,0,9,13,0,0,0,0,18,21,5,3,5,0,35,84,38,17,67,7,207,18,3,0,3,0,24,54,18,13,0,0,89,54,30,14,45,0,144,20,3,0,15,0,38,6,0,0,0,0,3,313,168,127,1899,26,2546,21,0,4,8,0,31,14,0,0,5,0,25,31,10,3,20,0,62,5,3,0,7,0,13,13,0,0,0,0,17,27,4,10,62,0,103,375,71,75,201,6,726,45,12,9,296,1037,1400,2944,1260,954,15218,1309,21687,106,838,723,9335
LGA22620,1764,40722,849,46310,0,11,0,215,6,226,688,43,65,560,23,1377,73,23,15,57,0,178,509,283,158,591,14,1552,3318,2584,1733,38094,864,46597,385,14,95,17,18,524,87,31,17,284,9,431,532,285,136,3904,76,4937,157,60,26,187,6,445,77,28,9,39,0,152,773,30,26,36,9,869,709,651,375,13713,255,15703,456,273,111,2164,58,3063,56,0,5,7,0,66,43,5,0,33,0,87,28,0,6,19,0,51,124,57,16,125,6,335,130,41,16,39,3,235,170,120,91,89,3,470,131,43,26,147,5,347,72,8,12,54,0,139,22,12,0,5,0,42,894,661,461,10156,174,12344,29,8,6,20,0,62,118,35,11,21,0,186,85,14,11,98,10,214,179,24,7,18,3,222,102,14,12,5,0,126,109,62,27,348,6,555,2758,381,291,1050,52,4536,136,50,45,1185,6842,8257,11114,5010,3249,82412,8691,110479,471,3139,2127,43264
LGA22670,1407,8729,350,15415,3,3,0,78,0,93,16552,99,210,118,222,17198,974,62,25,62,16,1141,932,97,86,167,20,1303,7133,1408,981,7589,371,17485,2280,28,128,11,18,2470,718,35,18,68,22,858,1052,153,113,610,37,1962,3173,372,167,612,56,4391,629,32,29,39,21,744,12237,74,84,32,88,12513,951,326,248,2675,57,4253,3233,420,238,860,90,4840,443,3,9,0,0,453,942,106,64,52,26,1195,530,50,26,22,9,631,444,58,39,101,8,654,583,35,35,7,10,680,406,70,53,25,3,556,1010,59,43,92,19,1218,573,20,12,21,35,658,880,29,14,6,23,948,1072,350,270,1967,64,3724,2037,51,43,43,41,2214,271,31,22,13,9,349,729,30,27,23,10,821,4975,105,65,37,29,5214,16379,100,214,75,167,16946,107,13,14,103,6,232,43995,962,850,715,585,47102,2260,77,84,222,7789,10433,116122,4442,3525,18078,9884,152052,4732,1905,1539,7835
LGA22750,5594,67259,1382,83363,5,14,9,286,13,335,2756,82,172,433,19,3471,2592,337,189,727,48,3888,2708,916,568,1995,72,6261,12619,7402,5319,62751,1430,89528,1368,29,234,43,25,1700,344,91,71,520,8,1028,2489,873,521,6390,144,10421,1034,227,84,643,28,2007,595,99,67,238,19,1024,2632,80,43,79,14,2847,2888,2022,1292,24118,383,30698,3888,1118,447,4273,170,9894,171,0,12,8,0,194,182,57,26,90,0,349,1110,153,67,270,16,1611,762,202,119,535,22,1639,333,67,44,54,19,516,597,355,252,129,6,1343,1360,266,161,622,35,2449,407,60,54,122,9,649,91,29,3,11,0,140,3427,2068,1500,19251,392,26639,875,87,63,110,23,1160,394,77,72,70,6,619,600,81,93,253,11,1035,357,35,22,36,4,457,697,22,38,13,9,785,532,187,119,739,15,1593,10369,1458,1045,2669,226,15768,534,126,100,1591,13053,15396,50837,15609,10760,139666,16559,233426,1889,9772,7007,77002
LGA22830,967,19076,431,22383,0,15,0,302,5,323,526,9,27,138,13,716,47,28,9,40,0,122,416,137,78,369,4,1004,1912,1325,842,17813,454,22346,400,6,72,3,6,489,49,18,7,147,0,227,300,124,86,1517,37,2055,346,55,15,228,5,645,39,8,8,17,0,72,1181,21,9,19,10,1240,406,325,218,6381,105,7435,2031,423,182,2202,90,4929,31,0,0,0,0,32,12,9,0,6,0,29,160,21,6,106,3,294,37,23,7,71,4,145,88,13,9,44,0,156,140,58,45,46,0,295,82,20,4,68,0,181,33,7,4,18,0,56,268,11,7,0,0,287,472,337,215,4930,105,6067,37,0,3,12,4,52,62,7,7,10,0,86,91,14,8,54,0,176,123,0,7,6,0,137,44,4,0,4,0,45,57,7,17,133,0,221,5097,319,247,652,87,6400,264,28,22,629,4851,5799,13490,2852,1918,39604,5975,63839,772,1538,1029,19340
LGA22910,344,4592,80,5549,0,0,0,13,0,17,61,3,9,31,0,114,75,7,0,6,0,88,199,67,51,95,3,416,1040,483,323,4237,139,6220,42,0,0,0,0,48,43,7,5,46,0,104,182,62,34,474,8,758,69,5,9,28,0,109,43,11,0,0,0,50,46,9,3,5,0,55,199,146,74,1883,28,2331,129,70,31,379,7,615,4,0,0,0,0,4,0,0,0,12,0,7,17,0,3,7,4,31,77,13,9,21,0,115,15,0,0,5,0,25,51,19,31,3,0,105,65,9,4,24,0,103,26,5,4,8,7,38,0,0,0,0,0,0,263,126,88,1447,33,1955,37,0,3,0,0,44,22,3,0,0,0,26,18,5,3,11,0,41,12,0,6,0,0,15,9,0,0,0,0,9,40,18,7,73,0,139,390,84,55,192,15,728,19,5,0,128,1247,1404,2610,935,641,9638,1505,15327,79,562,339,4658
LGA22980,74,2130,58,2369,0,0,0,13,0,13,15,0,0,11,0,24,7,0,0,0,0,3,33,11,6,14,0,65,182,112,71,1843,64,2266,24,4,9,6,0,39,10,0,0,23,0,32,17,21,16,796,9,858,13,0,0,8,0,21,9,0,0,0,0,9,39,0,0,0,0,33,20,11,11,396,11,454,14,0,0,34,0,56,0,0,0,0,0,0,0,0,0,0,0,0,0,0,0,0,0,0,0,9,0,7,0,15,0,0,0,0,0,6,8,3,3,4,0,16,7,0,0,12,0,20,0,0,0,0,0,5,0,0,0,0,0,0,33,23,16,473,9,553,4,0,0,0,0,4,8,0,0,0,0,9,0,0,0,0,0,6,4,0,0,4,0,10,3,0,0,0,0,3,9,0,4,14,0,24,184,9,12,41,10,259,3,0,0,66,335,412,572,184,139,4366,465,5725,18,94,92,2005
LGA23110,2174,15694,276,22222,3,3,8,63,0,80,2874,73,124,128,25,3223,1005,117,73,221,22,1438,476,180,120,314,9,1092,5912,2533,1910,13698,291,24342,1176,21,124,32,19,1371,241,43,27,132,5,448,928,245,191,1318,38,2715,2375,303,150,822,53,3708,234,35,33,58,3,375,2835,60,45,32,40,3010,1752,796,506,6199,87,9337,3442,648,305,1861,64,6322,87,0,3,5,0,98,1887,440,165,191,38,2731,1120,124,41,175,10,1462,2414,328,177,878,30,3830,506,57,40,18,14,638,563,155,112,41,0,871,772,82,67,217,9,1144,202,22,11,49,5,294,153,14,6,3,4,192,1677,659,498,4156,64,7052,622,80,45,67,9,822,195,46,36,14,6,296,321,26,16,46,0,409,231,20,26,22,0,298,1811,20,57,30,28,1948,207,58,29,193,0,495,7932,767,601,814,118,10239,493,58,55,330,4422,5350,38949,6627,4588,33142,5478,88777,1277,3469,2585,15701
LGA23190,265,7313,133,8116,0,4,0,32,0,43,81,3,0,30,3,120,3,0,0,6,0,18,87,38,26,117,0,279,398,343,255,6869,180,8051,92,3,32,8,0,133,13,0,0,57,3,79,86,52,37,1901,33,2104,22,16,0,24,0,57,13,4,0,6,0,26,151,3,0,3,0,157,86,79,43,1843,35,2085,138,41,24,320,9,534,4,0,0,0,0,4,10,0,3,9,0,21,0,0,3,0,0,4,6,9,0,17,0,36,11,0,3,4,0,18,9,9,14,6,0,42,27,11,7,26,0,67,6,3,5,6,0,13,9,4,0,0,0,11,124,92,61,2030,44,2352,0,0,0,0,0,0,14,12,6,0,0,23,14,4,0,9,0,30,20,0,0,0,0,26,4,3,4,0,0,8,12,15,0,59,0,93,328,53,47,117,5,550,26,4,6,276,949,1267,1518,683,499,15633,1303,19641,52,369,286,7820
LGA23270,3036,28117,647,40599,13,12,13,188,4,222,2505,55,101,186,10,2862,1268,157,69,242,12,1753,653,195,109,359,6,1314,8621,3381,2379,23078,637,38097,3138,43,233,38,31,3484,301,37,27,160,4,540,1324,320,229,1987,43,3898,2828,530,255,1126,62,4799,273,49,25,101,3,455,10056,113,82,49,63,10370,1553,912,525,8908,158,12052,8427,1872,957,5319,212,16782,100,4,10,5,0,112,6409,1351,544,684,140,9129,744,148,56,213,17,1177,2773,526,357,1330,38,5021,638,69,71,35,20,836,608,182,152,54,25,1015,774,132,83,312,9,1315,223,20,29,39,0,313,2301,105,46,28,37,2513,1739,766,608,5958,138,9206,593,57,22,53,4,739,224,41,26,13,3,313,796,61,39,127,20,1047,3139,64,38,30,19,3286,1925,22,48,13,29,2042,160,36,29,187,3,424,50550,2813,1655,2076,528,57619,1837,155,114,680,9926,12711,107455,12276,7619,57737,12298,197376,7553,5826,3767,29279
LGA23350,331,5928,126,6843,0,0,0,14,0,13,21,4,9,34,5,67,30,3,3,7,0,45,154,38,31,78,6,302,736,418,335,5057,115,6663,30,0,7,0,3,37,33,4,0,52,0,96,195,47,47,674,23,985,6,4,0,12,0,22,19,0,4,4,0,29,27,3,0,8,0,38,107,74,64,1923,44,2208,89,32,14,201,13,353,0,0,0,3,0,3,0,0,0,3,0,4,0,3,0,5,0,5,10,6,5,17,0,35,9,0,3,6,0,18,35,10,23,0,4,77,40,14,3,29,0,78,4,0,0,10,0,16,0,0,0,0,0,0,173,100,58,1520,23,1870,9,0,0,0,0,12,15,5,0,0,0,21,14,0,10,17,0,42,3,5,0,0,0,5,0,0,0,0,0,0,41,5,3,43,0,99,249,58,57,158,18,527,13,5,6,157,1042,1220,1665,757,602,11605,1329,15953,59,507,379,6418
LGA23430,4140,29248,521,40504,0,9,8,72,0,92,8624,131,253,276,88,9373,703,86,49,159,4,1005,1171,332,215,497,16,2233,11381,4547,3398,26522,569,46418,1600,29,175,24,12,1853,671,74,57,329,9,1145,1729,427,323,2346,60,4882,6006,694,417,1677,90,8891,533,79,40,119,8,782,5743,119,91,72,48,6071,2947,1272,858,11221,206,16511,3925,927,431,2773,70,8134,359,3,19,5,0,387,507,99,34,116,9,768,155,36,27,41,4,257,461,114,78,265,7,925,394,50,41,19,7,509,737,214,194,58,6,1208,1185,159,127,233,13,1726,1637,62,61,72,11,1839,127,10,11,5,9,163,2951,1105,816,7829,142,12837,505,37,21,62,8,630,749,84,65,34,8,940,554,63,32,76,10,733,1472,106,101,67,5,1749,1663,25,61,6,13,1775,376,83,62,341,10,881,14317,1406,1127,1454,156,18461,609,86,45,557,7052,8345,63641,10424,7820,60790,8714,151389,1834,5911,4912,29873
LGA23670,3910,33795,546,44941,0,7,9,76,0,91,16223,137,339,335,118,17144,481,76,43,110,8,725,1948,474,312,934,27,3692,10301,4879,3624,29095,631,48535,1570,35,144,13,8,1778,443,55,34,239,9,784,2320,594,340,2888,66,6200,1847,408,179,1009,27,3470,680,113,59,152,9,1017,5427,104,79,79,24,5712,2192,1148,813,9917,157,14217,3234,890,456,2823,75,7478,732,0,15,8,0,759,326,53,35,69,9,498,166,28,15,70,5,280,438,139,85,292,5,958,258,42,24,29,9,364,488,198,174,108,9,972,997,101,97,241,8,1454,337,21,25,50,0,431,127,10,8,0,5,152,2384,1116,842,8071,123,12533,366,25,34,34,0,470,695,84,73,34,8,898,502,27,21,102,3,667,3067,149,83,72,12,3385,1253,16,63,12,8,1361,373,82,62,332,8,856,12207,1119,870,1393,138,15725,526,73,44,682,5421,6739,63415,10296,7523,65772,7101,154109,1834,5531,4178,32435
LGA23810,1614,24343,625,29403,0,7,3,126,9,146,527,24,23,82,4,659,138,21,15,46,7,227,1261,376,248,804,35,2723,3592,2145,1550,20262,579,28125,431,20,108,17,4,581,79,19,11,130,5,245,810,277,194,1910,59,3247,314,52,27,197,3,600,120,23,6,47,0,196,402,11,3,16,3,436,800,527,319,5811,127,7578,1359,317,116,1343,51,3180,32,0,0,0,0,35,10,4,0,7,0,28,18,3,0,7,0,28,740,163,79,557,21,1561,139,39,18,26,0,220,141,95,66,55,9,363,406,61,30,198,11,701,81,19,6,44,4,148,23,11,3,0,0,32,1325,606,493,5220,124,7774,64,7,4,13,3,89,76,14,8,13,4,109,133,16,8,79,3,241,120,16,0,7,5,147,85,0,10,0,0,103,122,41,20,166,9,365,2120,314,233,732,57,3465,164,56,25,742,5237,6231,13513,4544,3096,45468,6628,73257,567,2525,1841,25154
LGA23940,113,2791,71,3143,0,0,0,15,0,12,13,0,0,29,0,41,5,0,0,0,0,16,58,8,8,19,0,95,269,142,94,2463,76,3040,64,0,4,0,4,68,12,0,0,14,0,25,65,12,6,181,4,271,17,5,5,12,0,46,16,5,0,13,0,34,23,0,0,0,0,24,53,26,13,645,13,753,30,15,3,64,0,118,0,0,0,0,0,0,0,0,0,0,0,3,6,3,0,0,0,10,21,4,0,11,4,34,11,3,0,0,0,10,15,3,3,7,0,26,5,3,0,3,0,12,4,0,0,0,0,4,0,0,0,0,0,3,83,53,40,708,18,907,0,0,0,0,0,0,16,0,0,0,0,16,5,0,0,6,0,14,0,0,0,0,0,0,0,0,0,0,0,0,6,0,0,24,0,34,78,16,12,54,3,164,16,4,6,94,730,849,761,279,188,5400,889,7512,25,160,130,2692
LGA24130,1285,15045,267,18701,0,0,9,20,0,28,211,15,28,106,10,367,139,33,13,49,3,232,380,127,89,233,11,840,3161,1683,1209,12573,253,18870,101,0,12,4,0,117,91,19,8,143,3,263,549,226,121,1269,43,2211,166,37,39,127,5,375,85,17,7,27,0,146,128,21,12,13,5,184,733,491,301,5247,102,6866,714,222,101,868,29,1928,8,0,0,0,0,11,30,12,6,26,0,71,51,4,7,29,0,89,435,112,61,283,7,909,49,15,11,20,3,93,149,80,61,28,5,332,222,47,28,133,6,434,59,9,11,24,0,100,15,6,3,0,0,27,844,441,317,3883,73,5549,41,8,3,17,0,68,97,15,13,15,0,146,66,12,3,42,0,132,57,19,12,11,0,96,28,3,8,0,0,40,149,34,24,146,3,362,1040,305,227,499,26,2093,50,24,22,341,2728,3161,7984,3394,2335,29024,3352,46103,319,2269,1615,16277
LGA24210,2040,15598,286,21456,0,7,4,28,0,39,25147,272,475,301,161,26349,569,69,47,144,9,838,693,198,97,291,10,1286,5229,2350,1706,14945,311,24540,487,19,80,8,8,602,253,29,26,140,5,452,1029,257,186,1344,26,2835,6193,761,436,2120,86,9595,280,22,15,60,5,379,2705,87,94,44,18,2941,1018,607,395,5770,87,7879,6847,1152,529,3500,136,12157,969,0,12,3,3,989,773,93,86,115,9,1078,618,60,47,152,7,883,418,84,55,169,8,733,65,17,6,0,0,84,292,82,79,33,0,486,511,70,66,104,10,759,220,18,26,37,0,312,20,4,3,0,0,28,1118,577,453,4615,64,6828,210,35,9,35,7,289,638,40,28,17,3,725,253,22,19,66,4,366,692,46,41,22,9,808,884,16,41,5,3,957,175,33,22,208,3,441,10623,702,661,995,104,13082,392,33,24,306,4187,4945,63780,6384,4739,36025,5326,116260,1583,2666,2189,14701
LGA24250,238,2813,63,3428,0,0,0,12,0,11,76,0,0,7,0,84,4,0,0,7,0,10,75,39,17,51,0,187,461,296,233,2521,62,3577,9,0,3,0,0,8,20,0,4,24,0,55,143,43,25,228,4,441,17,7,0,18,0,47,11,3,4,5,0,22,20,0,0,0,0,21,92,71,45,1032,22,1257,50,28,19,110,3,202,3,0,0,0,0,7,0,5,0,10,0,9,0,3,0,0,0,6,12,6,3,10,0,26,12,0,0,0,0,16,16,19,10,0,0,46,34,3,0,16,0,59,6,5,0,13,0,18,0,0,0,0,0,0,122,78,63,774,14,1055,0,0,0,0,0,6,5,3,0,0,0,10,4,0,0,10,0,19,3,0,0,0,0,5,0,0,0,0,0,0,18,8,3,29,0,53,186,53,28,98,6,370,20,5,0,78,592,695,1188,564,420,5682,735,8589,41,370,317,3192
LGA24330,1624,10463,205,15314,29,17,4,72,0,116,7251,111,183,169,67,7785,680,76,38,121,15,926,318,140,107,246,9,818,4280,1919,1393,10138,212,17936,1269,22,117,27,15,1445,212,49,34,143,4,439,626,257,161,1176,22,2244,1730,213,114,468,39,2566,128,41,17,41,0,223,3495,55,52,35,22,3659,1235,686,460,5324,65,7763,2185,511,272,1288,58,4309,235,4,5,8,0,253,247,34,22,48,4,355,768,53,51,116,8,995,451,134,81,248,7,913,234,29,23,8,3,299,482,112,92,35,4,728,479,106,61,174,5,832,160,15,14,41,0,228,96,3,7,0,13,117,1075,533,391,3435,47,5486,458,27,19,52,9,564,113,23,12,12,0,159,454,20,22,47,4,550,370,20,12,16,7,422,9486,65,148,71,92,9861,133,53,41,190,6,422,10095,708,553,743,148,12237,580,39,25,198,5472,6315,43962,4806,3553,23596,6364,82285,1304,2671,2166,11411
LGA24410,3192,28555,488,37476,0,5,7,78,3,102,5923,98,179,214,44,6457,287,71,24,91,3,469,1422,447,263,907,18,3066,7626,4109,3013,26105,472,41324,646,18,95,16,6,784,257,65,52,230,3,612,1390,501,336,2646,53,4921,714,197,94,474,16,1500,328,43,25,85,7,489,2481,80,53,41,10,2662,1585,999,614,9301,125,12617,1736,696,275,2072,55,4834,302,6,6,6,0,327,149,34,15,52,0,259,104,18,11,83,0,219,281,124,58,169,12,637,157,24,17,16,3,217,409,191,156,68,5,824,542,82,79,208,7,914,190,22,27,69,0,314,40,11,3,0,0,60,1923,1018,724,7570,112,11347,161,27,4,29,3,223,488,62,65,29,3,647,259,28,23,87,4,397,638,65,53,67,5,821,477,6,37,4,13,537,275,100,47,324,3,750,8002,872,588,1261,79,10797,308,46,46,484,4190,5070,34016,8408,5908,56636,5405,110372,915,4830,3437,28375
LGA24600,1990,11104,204,16362,7,9,0,74,3,93,37270,200,324,191,211,38194,343,53,37,61,9,499,574,200,125,366,14,1282,7045,2256,1772,12241,289,23600,1199,11,112,10,8,1341,742,65,50,162,5,1023,1276,276,228,1472,41,3284,781,198,110,316,17,1412,197,34,22,74,0,330,6919,45,47,32,41,7082,2042,734,516,6667,116,10070,2717,571,298,1346,33,4965,3125,9,21,13,22,3194,245,45,27,64,0,382,198,19,31,49,3,302,258,81,46,136,3,528,270,8,15,11,4,304,696,103,79,36,3,921,587,87,71,204,3,946,486,39,27,63,3,620,65,10,0,8,0,78,1778,635,530,4610,80,7637,297,15,16,30,5,367,236,19,22,12,0,292,865,30,26,43,12,972,734,29,28,23,3,819,2208,18,59,22,34,2344,202,54,34,201,4,490,18762,711,790,869,230,21356,578,29,28,196,15076,15904,83434,5212,4317,26819,16187,135964,1234,3133,2855,13366
LGA24650,2637,23638,512,32663,12,5,6,130,4,152,3579,77,112,139,37,3941,1659,227,119,479,11,2491,591,224,120,398,4,1334,6591,2784,2170,18372,515,30432,5069,98,290,50,28,5539,278,37,26,153,9,497,1094,336,240,1822,38,3531,1622,381,201,1065,39,3314,291,39,39,90,9,465,6521,133,73,66,38,6835,1252,683,420,5697,104,8162,3761,1109,594,3417,94,8976,184,5,3,0,0,189,745,167,66,157,10,1136,2271,322,197,611,40,3440,5205,1130,737,3123,75,10277,638,64,46,30,12,783,552,140,95,56,10,850,1023,163,108,348,12,1659,194,22,28,50,3,289,1183,52,17,5,26,1290,1489,611,477,4188,92,6853,999,82,61,126,15,1289,237,26,13,11,0,287,1084,91,59,80,11,1323,1288,52,24,30,9,1401,2702,69,88,24,27,2912,155,35,32,171,6,399,18290,1370,1005,1364,207,22238,987,99,67,528,8073,9752,63735,8941,6223,46857,9685,135443,4253,4613,3023,25191
LGA24780,715,18444,509,21063,0,18,6,212,10,242,470,11,13,86,6,591,161,29,7,113,4,310,182,59,40,148,7,432,1490,1019,704,16612,481,20302,240,8,47,6,3,310,47,7,6,133,0,191,255,110,67,2462,45,2941,319,77,30,235,11,670,99,20,9,35,7,169,417,9,10,4,5,444,226,210,129,4322,94,4981,1457,344,168,1882,89,3938,67,0,0,6,0,66,13,5,9,8,0,30,9,0,0,5,0,18,26,24,6,51,0,110,60,13,27,36,0,140,98,37,46,29,0,208,78,31,18,90,0,213,18,5,3,14,0,40,86,4,7,0,4,104,378,266,158,4249,94,5141,26,3,0,8,0,38,65,5,9,7,0,82,36,6,3,31,0,78,59,3,3,3,0,67,162,0,4,0,3,169,54,18,13,148,0,236,2441,254,177,456,58,3380,148,22,24,512,4022,4732,8232,2317,1491,36647,5187,53878,437,1191,782,18295
LGA24850,921,14090,291,16969,0,9,0,60,0,75,358,7,16,78,6,467,105,23,13,52,0,190,277,96,52,232,8,659,1926,1153,847,10944,288,15154,229,5,40,10,6,287,54,11,3,86,5,163,363,147,97,1017,35,1660,158,68,23,168,14,432,61,13,9,33,0,114,349,19,18,25,4,412,479,331,250,3887,83,5023,755,252,122,951,34,2118,21,0,0,0,5,18,65,13,9,22,7,111,122,31,20,62,0,234,371,104,51,295,15,830,62,14,14,11,0,100,97,40,28,34,7,207,145,28,15,88,4,280,26,4,6,19,0,57,51,0,0,0,0,62,452,304,215,2868,70,3913,16,3,0,5,0,27,58,0,13,6,0,80,63,3,12,30,0,119,93,7,3,6,0,111,33,0,7,0,0,38,60,16,16,95,0,186,1273,270,171,430,28,2183,75,29,11,362,2964,3441,6965,2600,1778,25900,3668,40916,437,1797,1199,15490
LGA24900,450,10695,263,12239,5,3,0,42,0,49,112,4,0,35,4,155,34,8,0,3,3,55,221,54,32,113,0,422,1146,676,483,9231,252,11792,128,0,21,0,10,158,21,4,0,61,0,87,167,52,36,728,21,1007,31,14,0,24,0,81,21,7,0,5,0,27,172,5,0,9,0,187,213,149,84,3246,54,3746,492,148,46,673,30,1385,0,0,0,0,0,0,4,0,0,10,0,15,9,0,0,6,0,19,46,13,9,34,0,97,61,9,3,11,0,85,114,35,17,23,0,190,43,12,8,19,7,85,10,0,0,8,3,25,0,0,0,0,0,0,329,184,108,2352,54,3022,14,0,0,9,0,15,13,0,4,3,0,29,26,0,0,16,0,44,11,4,0,0,0,16,0,0,0,0,0,0,41,9,4,52,0,112,544,60,72,237,13,933,72,13,13,413,1960,2470,3535,1317,852,20867,2540,29108,164,770,486,10932
LGA24970,2997,19951,423,28614,0,8,3,65,0,77,42696,257,550,283,206,43993,687,65,35,128,9,925,1047,235,122,432,21,1855,7875,3194,2366,19168,408,33017,1316,35,147,16,15,1539,636,70,50,190,7,958,1521,380,242,1749,38,3930,8716,925,546,2562,113,12858,579,83,57,127,7,847,11948,107,112,68,54,12292,1796,942,596,7993,138,11455,5265,920,464,2601,121,9362,2448,4,58,4,4,2519,377,65,40,76,3,558,232,27,16,37,0,312,350,98,48,181,11,687,189,21,17,15,10,261,502,159,103,70,5,831,1240,97,92,168,14,1607,835,34,45,61,9,983,86,14,7,0,3,114,1806,850,631,5933,85,9307,520,40,21,60,5,648,506,70,41,14,3,634,488,35,44,72,3,637,5849,123,90,82,29,6178,3311,66,88,30,23,3521,213,52,39,245,3,560,19939,1021,1077,1282,173,23492,796,53,46,346,7797,9043,113940,8263,6392,44596,9428,182617,2373,3849,3257,18421
LGA25060,2321,20081,300,26926,6,10,3,84,0,102,5020,114,179,211,64,5586,1245,171,105,371,12,1904,476,190,131,347,12,1147,4485,2602,1849,18261,326,27525,770,24,109,11,8,928,282,45,33,189,5,564,892,309,220,1730,33,3181,3527,546,222,1445,54,5789,201,43,22,65,0,321,3173,102,69,64,16,3421,1678,993,644,10331,131,13783,10847,1846,931,5634,213,19472,286,0,8,9,0,313,658,103,65,208,10,1048,573,86,45,185,5,890,1559,297,202,757,25,2844,137,21,16,23,0,198,412,110,122,31,5,676,750,120,114,286,11,1289,212,29,28,53,0,327,67,4,3,3,0,80,1266,690,522,5718,76,8277,336,45,31,55,6,471,145,44,26,8,0,219,554,53,39,95,3,742,545,43,40,22,3,653,2814,46,89,22,39,3006,139,57,40,274,5,505,10811,979,815,1265,184,14062,506,47,32,348,6327,7262,48898,7857,5353,46969,7594,116674,1462,3630,2686,20311
LGA25150,796,10310,191,12691,0,9,0,59,0,68,112,5,13,55,3,189,143,13,8,60,3,229,313,109,65,170,12,674,1929,1056,778,8575,200,12538,73,10,7,0,0,96,44,12,3,64,0,124,358,151,71,827,20,1427,119,42,16,87,3,268,85,7,7,24,3,125,187,10,12,17,0,226,442,259,202,3656,63,4627,368,147,57,604,15,1196,3,0,0,0,0,9,28,8,6,14,0,51,53,14,4,21,0,89,468,117,96,376,16,1075,61,4,14,3,0,81,132,51,65,28,0,275,158,45,32,108,3,345,31,5,0,15,0,56,37,4,0,0,0,41,527,277,198,2512,54,3567,66,20,10,12,0,111,57,8,4,4,0,73,61,14,5,29,0,114,25,7,0,0,0,38,51,5,3,0,0,63,72,16,16,66,0,174,825,202,142,350,16,1526,57,21,19,245,1756,2105,5704,2247,1533,20104,2227,31820,294,1524,1049,11769
LGA25250,3297,22222,475,32516,8,16,8,153,3,188,5556,156,211,260,54,6244,828,118,69,201,9,1231,617,313,208,514,13,1661,7429,3949,2798,21089,474,35734,1327,34,184,27,20,1597,504,86,79,271,11,944,1378,429,293,2207,43,4351,6542,798,353,1962,229,9888,239,65,44,83,4,428,5238,149,83,53,41,5568,2300,1469,990,11872,180,16817,15345,2355,1179,6089,414,25379,319,4,16,6,0,347,4974,890,431,577,107,6976,375,67,37,141,10,626,1676,260,208,642,30,2810,319,44,27,17,6,413,809,141,124,75,17,1174,934,171,89,316,16,1528,296,47,34,101,12,490,244,28,5,0,3,283,2034,992,804,7141,116,11085,345,47,33,37,7,478,183,53,32,19,0,284,724,70,70,122,3,991,1001,67,62,48,4,1191,1540,39,72,22,14,1686,258,84,61,366,6,779,23276,1750,1297,1808,212,28335,858,99,69,520,8780,10327,78813,11891,7911,53089,10861,162564,2696,5702,4301,23753
LGA25340,4778,44886,940,58065,0,6,12,122,3,142,809,79,75,255,12,1228,450,61,30,124,4,673,1800,536,344,1001,29,3709,16676,6582,4969,41059,1070,70356,415,19,93,10,4,540,405,82,70,501,12,1067,1797,584,439,3402,77,6297,1277,210,93,521,25,2128,281,71,37,88,4,485,442,50,51,59,12,618,3118,1446,972,13629,279,19447,2645,752,335,2496,92,6313,34,0,4,5,0,44,90,29,9,71,0,200,116,16,7,32,5,182,425,84,48,201,4,756,250,83,49,38,8,427,625,323,213,92,5,1260,581,105,80,234,7,1008,211,30,24,63,3,340,41,9,6,3,0,69,3878,1691,1228,11281,243,18314,125,18,5,24,0,172,425,87,44,34,4,592,229,30,27,137,5,425,163,43,37,57,0,306,97,4,9,0,0,106,647,134,84,462,13,1346,4180,1115,804,1579,89,7761,322,87,71,956,7986,9420,35341,12293,8773,88339,10251,154996,1174,7489,5712,48071
LGA25430,366,5909,132,7073,0,0,0,23,0,22,83,10,3,41,0,141,14,0,0,3,0,25,164,44,17,74,4,309,1024,609,412,5610,146,7806,29,0,8,0,0,40,35,5,3,47,0,92,164,55,43,537,12,807,50,14,3,22,4,95,32,12,5,9,0,65,38,5,0,5,0,50,227,169,109,2146,37,2692,109,73,22,313,14,527,0,0,0,0,0,0,9,0,0,6,0,13,3,0,0,3,0,8,35,21,8,27,0,86,13,6,3,9,0,27,53,32,21,7,4,121,70,6,7,36,0,117,20,4,0,10,0,33,6,0,4,0,0,9,256,179,111,1799,40,2379,12,0,0,0,0,17,7,4,5,4,0,17,12,3,0,10,0,30,11,0,0,6,0,20,6,0,0,0,0,9,57,28,6,77,0,168,425,109,81,239,7,863,25,13,12,184,2026,2260,2401,1165,739,12121,2325,18762,69,715,487,5933
LGA25490,278,6259,108,7001,0,6,0,25,0,27,36,0,5,20,0,60,7,0,0,3,0,13,122,54,31,86,6,300,630,294,250,5039,137,6356,75,0,9,0,0,80,22,5,5,47,5,81,59,35,25,535,6,656,13,3,0,12,0,40,8,0,0,8,0,13,12,0,0,6,0,19,152,94,65,2816,46,3179,39,13,3,108,4,167,0,0,0,0,0,0,0,0,0,3,0,3,6,0,0,0,0,3,21,7,0,6,0,28,55,7,9,3,0,75,79,20,25,13,0,136,17,0,4,16,0,38,8,0,0,6,0,13,0,0,0,0,0,0,167,87,71,1841,45,2204,4,0,0,0,0,6,25,3,10,0,0,37,14,0,0,4,0,25,13,0,0,0,0,13,4,0,0,0,0,4,22,9,4,41,0,79,148,49,41,102,6,345,17,4,0,187,1135,1349,1423,611,494,12550,1418,16499,49,444,330,6332
LGA25620,340,4644,99,5602,0,0,0,23,0,29,49,3,0,22,0,67,18,3,0,18,0,46,167,51,26,62,10,312,833,464,327,4021,107,5756,22,0,8,0,6,39,19,8,0,44,0,75,164,59,17,331,6,583,60,16,3,29,0,120,22,8,0,5,0,42,38,7,0,0,0,46,158,119,66,1346,24,1714,123,43,14,184,3,369,6,0,0,0,0,6,3,0,0,3,0,15,20,0,0,4,0,23,29,9,9,21,0,71,17,5,0,0,0,23,33,20,19,14,0,88,37,5,8,16,3,67,13,0,0,9,0,25,5,0,0,0,0,7,198,111,95,1159,33,1591,4,4,0,0,0,8,21,7,3,0,0,39,13,3,5,5,0,32,10,4,0,4,0,16,4,0,0,4,0,6,37,4,4,39,0,87,273,68,46,130,3,515,21,12,4,142,1050,1226,2017,878,613,8955,1266,13730,92,554,398,4790
LGA25710,1782,17343,224,22107,0,0,0,28,0,31,928,45,68,162,4,1208,265,51,35,101,0,450,528,192,87,315,15,1146,4274,2289,1614,15768,249,24194,122,7,31,6,0,178,168,30,22,169,5,391,716,216,160,1582,21,2686,703,194,84,493,10,1476,109,35,13,46,0,205,369,24,26,14,0,431,1050,625,430,6494,74,8682,2118,578,291,2037,49,5070,26,3,4,0,0,35,99,17,11,30,0,154,354,67,49,141,0,610,327,106,74,292,4,796,52,5,11,8,0,73,191,98,77,40,0,409,282,47,43,102,4,479,101,17,21,43,0,175,4,0,3,0,0,8,1038,613,404,4776,65,6896,113,18,8,27,0,168,224,31,39,14,0,306,98,13,9,42,0,153,151,24,19,36,0,232,102,9,12,5,0,121,141,54,24,225,4,449,2320,498,426,813,33,4087,90,30,17,264,2315,2722,14271,4903,3387,35829,2882,61274,378,2714,1979,17580
LGA25810,184,4330,105,4898,0,0,0,13,4,16,54,3,0,9,0,73,11,3,0,3,0,22,81,41,17,41,0,182,375,233,181,4051,88,4937,43,3,7,0,3,58,14,3,0,28,0,47,57,18,10,462,7,560,16,0,0,4,0,26,15,0,0,4,0,17,42,4,0,4,0,47,62,39,31,1064,23,1216,19,4,9,116,5,153,7,4,0,0,0,10,0,0,0,4,0,9,0,0,0,0,0,0,5,10,3,4,0,24,11,0,0,4,0,14,17,12,0,8,4,38,17,6,0,11,0,37,5,0,0,0,0,9,0,0,0,0,0,0,75,68,50,1074,23,1284,4,0,0,0,0,5,22,0,0,0,0,22,9,5,0,6,0,21,11,0,0,0,0,16,8,0,0,0,0,7,12,3,3,47,0,67,213,24,35,95,0,365,12,0,3,152,691,863,1042,443,328,8727,898,11436,53,249,186,4387
LGA25900,2520,15564,246,22438,5,9,0,63,0,70,4042,113,175,217,33,4577,393,86,39,106,11,631,755,272,171,352,16,1553,8703,3289,2339,17380,322,32032,534,10,71,8,3,624,888,101,63,300,10,1359,1575,417,268,2018,41,4318,2644,382,162,787,32,3995,401,82,41,99,9,634,2406,74,42,36,4,2563,3365,1032,752,9021,129,14297,2442,649,304,1618,42,5054,302,6,11,17,0,332,172,36,12,72,0,291,192,31,11,52,0,290,303,96,74,149,4,620,301,34,17,23,9,384,773,158,134,44,3,1111,1200,240,160,389,21,2017,1081,60,77,111,19,1345,72,5,12,0,0,91,2505,895,658,6091,101,10242,277,33,10,34,0,356,403,53,23,20,4,497,549,39,24,62,3,676,320,43,30,32,0,424,486,5,27,14,6,537,315,66,50,310,4,750,9658,1134,896,1357,105,13156,328,60,36,256,9814,10491,39344,7561,5303,37964,10695,100863,897,3826,3067,15325
LGA25990,134,2413,74,2820,3,0,0,7,0,11,21,4,0,12,0,33,10,0,0,0,0,12,56,18,12,43,3,138,376,163,153,2243,57,2996,10,0,6,0,0,10,7,5,0,14,3,31,48,15,3,146,0,218,13,9,0,4,0,18,10,0,0,4,0,14,6,10,0,0,0,13,61,43,22,768,17,907,37,4,10,76,0,127,0,0,0,0,0,0,3,0,0,0,0,3,0,0,0,0,0,5,25,9,0,19,0,57,9,0,0,0,0,9,8,3,5,3,0,24,16,4,0,7,0,23,0,0,0,4,0,4,0,0,0,0,0,0,75,44,48,679,6,850,3,0,0,4,0,4,6,4,0,4,0,11,8,0,0,0,0,11,0,0,0,0,0,4,11,0,0,0,0,11,14,3,4,21,0,39,110,15,26,35,0,188,3,0,4,99,877,984,786,306,248,4882,1018,7240,28,214,166,2588
LGA26080,65,778,21,971,0,0,0,0,0,0,10,0,0,4,0,14,8,0,0,0,0,6,26,5,4,0,0,36,158,92,77,991,27,1343,0,0,0,0,0,0,0,0,0,3,0,7,12,4,0,75,4,106,3,4,0,3,0,12,3,0,0,0,0,3,4,0,0,0,0,4,34,38,12,445,3,530,19,5,4,24,0,56,0,0,0,0,0,0,0,0,0,0,0,0,0,0,0,0,0,0,0,0,0,0,0,5,0,0,0,0,0,5,11,3,0,0,0,15,9,0,4,0,0,18,3,0,0,3,0,5,0,0,4,0,0,4,48,36,23,358,0,466,0,0,0,0,0,0,4,0,0,0,0,8,0,0,0,0,0,0,0,0,0,0,0,0,0,0,0,0,0,0,3,6,0,5,0,14,53,7,12,28,0,105,0,3,0,16,224,245,345,183,125,1930,270,2854,13,123,72,904
LGA26170,672,10254,259,12199,0,0,0,35,0,35,81,0,14,40,0,141,27,14,0,18,0,58,477,157,106,323,15,1074,1692,834,697,8599,220,12039,67,3,27,0,3,94,39,8,4,58,0,111,286,98,70,651,17,1119,48,14,8,30,0,94,38,10,5,15,0,69,117,5,5,10,0,144,369,219,127,2486,48,3246,435,98,49,512,21,1116,23,0,0,0,0,23,6,4,0,3,0,13,0,0,0,6,0,9,47,18,0,39,0,109,39,8,5,0,0,59,78,36,27,20,8,164,65,11,5,46,0,124,23,0,0,14,0,43,10,0,0,0,0,10,394,221,176,2442,59,3295,9,0,0,0,0,12,31,5,0,0,0,42,22,7,0,21,0,47,23,0,3,9,0,32,16,0,0,0,0,16,53,18,10,88,0,167,447,108,83,297,11,945,66,20,14,285,1952,2334,4227,1658,1250,19099,2471,28700,140,1133,785,10488
LGA26260,286,6086,142,6867,0,4,0,8,0,15,70,3,0,23,0,92,4,3,0,3,0,10,119,36,21,68,0,247,556,267,262,5146,139,6371,46,0,5,0,0,55,16,3,0,31,0,49,95,41,45,1075,21,1286,16,9,0,13,0,38,9,4,0,0,0,12,74,0,0,10,0,94,106,64,62,1716,32,1969,36,20,8,89,0,153,6,0,0,0,0,6,0,0,0,3,0,6,0,0,0,0,0,0,14,0,6,13,0,36,81,4,12,9,0,99,25,11,11,3,0,58,13,4,5,23,0,47,8,0,0,5,0,21,5,0,0,0,0,5,182,86,81,1929,38,2313,4,0,0,0,0,4,36,0,4,0,0,43,6,0,0,10,0,14,8,0,0,0,0,11,11,0,0,0,0,11,22,6,10,43,0,80,154,35,34,89,4,320,19,0,3,214,803,1045,1429,552,525,12325,1113,15941,58,335,314,6283
LGA26350,2607,17652,210,24614,0,8,0,42,0,50,8351,170,267,257,57,9099,282,66,18,102,6,468,666,229,132,368,9,1408,6834,3305,2334,19711,321,32504,543,6,68,6,5,625,693,109,81,305,9,1204,1206,337,237,1919,27,3722,3368,373,225,1139,36,5135,356,81,53,137,4,627,3204,88,72,45,18,3425,2253,959,645,9275,114,13233,1993,609,339,1843,57,4841,366,6,14,5,3,395,166,43,22,68,9,313,121,30,17,49,0,219,163,79,37,108,0,381,187,17,14,7,0,220,721,143,116,34,10,1028,1334,258,176,547,23,2345,781,85,66,141,16,1090,43,5,3,0,0,52,1984,793,650,6980,86,10493,242,27,16,28,5,316,501,73,49,15,3,644,411,15,34,62,4,521,634,61,40,45,13,787,722,11,21,10,7,768,227,57,41,288,4,616,8705,1084,797,1374,101,12047,304,30,38,305,7237,7919,40395,7364,5378,42576,8111,103831,896,3760,2954,17651
LGA26430,183,3535,93,4086,0,0,0,9,0,9,49,0,0,11,0,66,10,3,0,0,0,13,82,28,12,35,0,157,486,285,213,3249,83,4310,44,0,3,8,3,63,8,3,6,41,0,59,75,33,7,262,9,387,19,9,0,18,3,51,19,3,4,9,0,29,38,0,0,0,3,50,93,63,42,1375,23,1598,66,21,12,144,5,253,14,0,0,0,0,15,0,0,0,0,0,4,10,0,0,0,0,13,29,0,9,13,0,45,14,3,0,3,0,22,16,6,3,4,4,39,21,5,0,13,0,44,6,0,0,3,0,12,0,0,0,0,0,0,111,90,57,1081,24,1363,7,0,0,0,0,7,0,0,0,4,0,6,12,0,0,12,0,25,3,3,0,3,0,7,11,0,0,0,0,11,13,13,4,41,0,65,148,37,27,78,7,299,11,9,11,130,729,885,1206,508,362,7275,927,10272,45,324,220,3821
LGA26490,849,9402,145,11635,0,5,0,28,0,31,57,24,22,78,0,184,63,21,3,37,0,122,283,128,84,195,3,695,1747,1041,780,8735,168,12473,51,0,13,12,0,79,55,18,16,85,0,169,314,129,85,818,17,1361,100,33,9,68,5,220,48,10,0,9,0,67,66,6,10,7,0,88,420,282,203,3616,46,4566,307,120,52,490,10,980,12,0,0,0,0,16,10,4,0,26,0,37,35,9,0,13,0,53,110,24,19,42,0,198,33,5,11,6,6,58,76,47,44,11,0,188,112,34,25,81,5,250,38,8,6,12,0,62,3,0,0,0,0,9,461,283,225,2844,48,3862,26,0,0,5,0,33,81,23,15,3,0,118,35,15,0,27,0,81,9,7,3,13,0,38,9,3,0,0,0,15,71,26,17,97,3,199,659,227,159,365,19,1427,35,16,18,233,1511,1805,4327,2119,1535,19543,1874,29402,157,1484,1232,11455
LGA26610,250,7010,176,7904,0,11,0,131,4,141,258,5,8,26,12,305,4,0,0,0,0,4,61,32,18,63,0,169,419,299,224,5537,171,6647,122,0,18,10,5,146,22,3,3,26,0,57,73,37,25,620,13,770,54,13,0,48,0,121,16,3,0,12,0,38,237,7,0,0,3,253,91,51,33,1905,36,2120,552,145,43,753,34,1532,23,0,0,3,0,26,0,0,0,3,0,11,0,0,3,0,0,3,9,3,0,11,0,28,17,8,0,11,0,36,26,5,7,6,0,50,11,3,0,7,0,27,6,0,0,0,0,10,16,0,0,0,0,19,74,59,57,1455,40,1691,0,0,0,0,0,0,21,0,0,0,0,25,27,0,0,10,0,35,23,0,0,0,0,30,207,3,0,0,7,219,10,3,0,40,0,59,1054,61,68,123,40,1347,83,5,7,233,2252,2570,3212,696,483,13512,2682,20587,145,336,267,6779
LGA26670,120,2197,52,2535,0,0,0,8,0,8,8,0,5,5,0,18,4,0,0,3,0,8,49,18,14,28,6,107,250,154,112,1913,68,2494,22,0,0,3,0,25,5,0,0,21,0,24,75,32,12,255,8,385,6,4,0,11,0,11,10,0,0,0,0,10,15,0,0,0,0,15,34,28,33,668,18,778,35,17,0,65,0,121,0,0,0,0,0,0,0,0,0,0,0,0,0,0,0,0,0,0,5,0,0,11,0,21,7,0,0,3,0,10,10,4,10,5,0,26,8,7,0,7,0,22,6,0,0,5,3,17,0,0,0,0,0,0,56,35,33,571,10,700,0,0,0,0,0,0,9,0,3,0,0,10,0,0,0,0,0,6,6,0,0,0,0,6,0,0,0,0,0,0,9,0,0,15,0,22,102,22,9,41,3,179,0,0,6,75,379,455,604,294,212,4364,508,5986,20,173,122,2227
LGA26700,442,9787,203,11272,3,0,0,20,0,29,107,8,7,76,8,207,34,3,0,8,0,46,233,53,40,152,0,467,894,728,450,9350,201,11628,95,0,16,4,0,117,33,15,6,102,0,156,216,89,64,925,25,1314,50,22,12,35,0,122,30,13,0,21,0,68,101,4,0,4,0,113,133,197,105,3714,60,4221,741,178,67,818,17,1831,0,0,0,0,0,3,5,0,0,0,0,9,6,0,0,5,0,13,17,10,3,22,0,51,16,5,4,5,3,36,32,18,32,16,0,99,61,7,7,29,5,105,14,0,6,16,3,34,10,0,3,6,0,17,243,178,135,2727,41,3324,12,0,0,0,0,19,38,0,4,0,0,51,29,4,3,25,0,57,30,12,0,0,0,42,13,5,7,0,0,17,26,17,10,87,0,137,477,118,75,243,8,930,33,14,11,344,1858,2251,3205,1444,888,20469,2306,28310,134,846,546,10272
LGA26730,593,11964,258,13721,0,5,0,58,0,65,372,4,20,46,7,455,13,9,6,12,0,29,210,127,45,211,7,599,1053,781,513,10770,243,13361,107,8,26,12,3,153,34,16,3,78,0,133,120,72,63,1060,15,1332,41,15,3,78,5,141,7,3,5,6,0,24,122,13,4,9,0,141,243,240,117,5763,97,6463,70,68,18,324,9,491,91,4,0,0,4,97,17,6,0,9,0,31,0,0,0,4,0,8,24,12,9,27,0,79,86,20,9,11,5,131,86,35,41,22,9,190,29,9,4,31,0,75,20,3,3,11,0,37,10,5,5,0,0,23,294,207,149,3250,46,3944,0,0,0,0,0,0,51,3,3,6,0,66,23,0,3,35,0,64,82,0,4,0,0,88,11,0,0,0,0,11,34,13,5,109,3,175,584,143,97,253,11,1093,30,9,8,367,2134,2550,3266,1533,1041,25129,2684,33655,118,902,665,12031
LGA26810,893,15507,359,18169,5,0,0,73,0,79,175,9,5,81,4,269,72,18,10,26,0,120,522,125,112,315,15,1086,2123,1144,910,12705,365,17243,191,10,35,4,0,243,47,11,8,59,0,127,351,131,85,1105,27,1697,68,22,12,59,0,164,50,10,3,21,4,88,249,3,3,12,0,270,411,228,171,4021,101,4919,256,114,53,566,20,1009,5,0,0,0,0,5,10,4,6,20,0,38,17,3,0,17,0,32,63,16,8,51,3,143,51,12,14,9,0,90,128,46,36,34,5,238,178,23,13,84,11,302,40,6,7,27,0,82,7,0,0,0,0,10,506,281,210,3585,62,4647,20,0,0,5,0,26,55,4,6,7,0,79,37,6,0,23,0,67,59,4,9,3,0,77,72,0,5,0,0,80,76,12,21,100,0,211,794,152,127,394,26,1487,67,24,23,545,3682,4338,5651,2188,1638,29046,4457,42986,223,1368,1049,16230
LGA26890,65,1615,28,1790,0,0,0,0,0,0,0,0,0,3,0,0,6,0,0,0,0,6,18,8,6,19,0,42,114,72,72,1367,36,1655,5,0,0,0,0,14,0,0,0,12,0,16,29,11,15,255,3,315,3,3,0,3,0,10,0,0,0,0,0,0,15,0,0,0,0,20,34,3,16,362,3,417,8,6,3,24,0,40,0,0,0,0,0,0,0,0,0,0,0,0,0,0,0,0,0,0,6,4,0,3,0,8,8,0,0,3,0,10,0,0,6,0,0,5,0,0,0,4,0,3,3,0,0,0,0,7,0,0,0,0,0,0,32,8,25,394,3,466,3,0,0,0,0,4,6,0,0,0,0,7,6,4,0,3,0,12,5,0,0,5,0,12,0,0,0,0,0,4,10,0,0,10,0,17,37,7,15,25,0,85,7,3,0,54,183,243,289,125,121,3118,248,3905,18,80,80,1500
LGA26980,3610,27544,442,37425,0,4,4,57,5,71,34414,311,597,445,253,36019,437,66,46,128,9,686,1059,360,206,587,17,2225,7956,4366,2896,27263,526,42997,1130,20,111,21,5,1292,394,81,59,265,6,805,1448,466,279,2569,59,4816,3814,488,252,1444,54,6055,470,57,35,117,5,689,6107,127,91,58,47,6419,1898,1226,741,11719,141,15731,3535,773,361,2622,67,7360,1300,13,33,4,9,1360,202,47,19,50,4,329,231,31,14,62,0,343,329,109,40,227,12,714,110,37,20,18,10,193,517,262,160,76,12,1029,798,105,92,250,11,1254,408,38,39,54,5,542,45,11,9,0,4,73,2002,1139,860,8678,134,12816,286,25,18,36,4,365,490,85,63,29,3,669,396,54,25,65,6,539,2010,113,65,72,11,2269,2282,47,79,20,19,2441,263,96,64,399,4,831,12055,1148,1018,1387,123,15724,532,58,38,430,5830,6896,78753,9614,6926,59380,7403,162080,1633,4726,3858,25522
LGA27070,2763,28699,558,39446,10,12,5,293,9,327,8143,86,174,188,82,8669,1193,165,85,265,23,1731,586,154,109,412,11,1267,7096,3149,2352,23642,631,36878,2810,54,181,40,43,3127,335,34,46,218,4,630,946,327,181,2098,40,3593,7357,1068,633,2503,182,11745,227,46,29,69,3,378,12819,133,99,59,77,13185,1370,793,530,8244,168,11105,13802,2800,1325,7753,377,26060,255,6,10,3,5,277,3349,671,214,472,57,4766,9574,1042,623,1627,144,13003,2025,485,256,1118,50,3934,465,66,34,40,12,619,461,175,114,79,14,835,540,112,70,217,10,953,223,20,36,32,6,320,986,45,14,13,27,1085,1317,684,601,5865,110,8576,841,91,49,69,11,1069,245,61,16,22,0,347,749,73,42,155,10,1035,2707,73,34,45,16,2881,4455,58,93,34,70,4705,154,51,31,217,0,454,28049,1554,1066,1550,360,32582,1544,105,94,652,8353,10745,105770,11846,7508,61470,10892,197490,5136,5325,3431,30935
LGA27170,860,14092,290,16570,0,7,0,94,0,103,176,9,24,76,0,287,175,18,17,41,0,255,286,127,71,260,11,757,1289,1064,739,12346,238,15675,206,8,51,5,9,284,51,10,7,104,0,172,512,183,134,1921,24,2778,41,11,11,74,5,140,66,13,5,25,0,108,332,16,6,8,4,367,263,254,147,4360,60,5091,241,126,54,676,12,1122,22,0,0,0,0,22,23,0,0,20,0,52,7,7,0,9,0,27,42,19,10,69,0,134,57,18,19,11,0,101,61,47,43,33,4,191,147,24,18,82,3,277,32,9,3,22,0,64,5,0,0,0,0,6,348,276,203,3268,47,4141,62,18,7,15,3,113,54,12,5,6,0,69,43,5,8,51,0,113,60,9,0,4,0,77,18,0,5,0,0,28,71,13,10,83,0,183,1332,207,152,402,16,2110,71,8,15,374,2192,2660,5223,2155,1515,27680,2770,39347,214,1351,988,15505
LGA27260,4175,30438,575,44133,14,9,9,163,0,188,12948,104,271,220,83,13630,1003,193,84,278,18,1575,922,283,191,494,10,1911,13039,4282,3401,24867,695,46272,6964,125,419,59,62,7631,456,54,45,226,12,793,1666,472,354,2522,80,5084,1674,426,224,959,22,3308,380,67,25,106,10,587,26921,200,112,64,139,27435,2585,1035,727,8871,138,13356,4963,1395,641,3900,127,11025,907,9,25,4,0,941,1605,480,206,194,21,2510,1220,177,109,310,19,1829,2969,737,387,1642,50,5783,2859,193,130,36,52,3270,1421,240,228,89,34,2011,1213,166,137,373,10,1893,521,28,36,47,8,631,1953,74,31,7,35,2106,3067,1107,871,6555,144,11746,1004,131,55,83,3,1277,766,49,51,23,3,902,1261,71,57,98,7,1496,2080,54,36,42,14,2231,2165,61,90,47,35,2403,318,79,64,247,3,717,37710,1552,1301,1385,380,42331,1760,85,89,638,11354,13925,123445,11599,8589,59874,13615,217118,6920,6210,4770,29996
LGA27350,2262,14031,241,20097,9,3,0,72,0,79,4823,131,183,223,64,5430,345,68,39,95,3,555,512,263,158,382,11,1326,6230,2964,2189,15787,301,27476,380,16,88,20,9,513,545,78,65,263,10,956,965,377,249,1806,37,3444,2245,274,140,631,26,3315,172,70,43,81,5,361,992,80,48,38,3,1158,2203,1103,712,8925,130,13078,2308,665,322,1816,53,5164,209,0,11,11,3,235,156,29,16,84,0,290,214,31,21,56,3,325,194,66,65,138,3,467,218,21,21,11,4,273,743,120,108,48,3,1022,462,114,111,273,7,963,218,36,28,75,5,365,50,6,5,3,0,63,1894,802,647,5882,82,9310,204,13,20,24,0,266,230,25,24,13,0,296,426,29,32,54,6,552,275,62,41,33,3,411,3174,20,66,23,63,3342,227,80,52,334,3,693,7574,864,712,1123,158,10432,351,31,29,236,7455,8106,32310,6547,4845,34556,8400,86652,812,3395,2777,15205
LGA27450,4918,45099,810,58482,3,10,0,156,9,179,1432,64,116,282,27,1923,261,69,29,112,6,481,3224,887,566,1851,78,6613,13012,6784,4978,38881,847,64495,530,16,114,20,12,694,390,78,59,411,8,950,2326,757,517,3783,109,7491,521,167,73,442,9,1216,387,104,53,148,7,698,884,114,55,50,3,1102,2432,1443,918,12552,229,17569,2436,907,383,2783,81,6595,67,0,9,4,0,80,150,28,20,39,0,239,86,16,4,63,0,175,323,141,72,305,9,846,212,37,45,36,5,336,568,269,202,98,7,1148,741,142,118,289,8,1294,241,26,31,84,0,382,68,15,3,3,3,88,2720,1603,1176,10904,191,16597,95,31,11,35,0,169,501,117,59,37,0,715,219,33,24,136,7,420,303,70,56,60,3,488,149,5,10,7,0,174,431,126,95,371,7,1030,5677,1089,828,1657,95,9335,297,79,67,915,6543,7893,33765,12721,8974,85598,8484,149542,1097,7623,5628,46582
LGA27630,81,2657,59,2917,0,0,0,3,0,9,15,0,4,18,0,40,3,0,0,0,0,3,34,4,6,12,0,62,178,110,87,2101,76,2548,11,0,0,0,0,13,5,0,0,12,0,20,39,13,27,580,17,677,14,0,0,10,0,29,4,0,0,5,0,12,44,0,0,0,0,44,45,19,5,626,15,712,18,5,0,63,3,92,0,0,0,0,0,0,0,0,0,6,0,4,0,0,0,0,0,0,9,11,0,6,0,24,5,0,0,3,0,7,7,4,0,0,0,15,13,3,0,12,0,24,0,0,0,0,0,0,0,0,0,0,0,0,32,29,3,596,18,678,0,0,0,0,0,0,0,0,0,4,0,6,7,0,0,6,0,10,0,0,0,0,0,0,0,4,0,0,0,4,7,0,0,20,0,27,75,23,18,36,0,153,6,10,9,83,508,617,490,216,156,5142,672,6675,20,111,95,2614
LGA29399,24,171,0,231,0,0,0,0,0,0,25,0,0,0,0,30,0,0,0,0,0,0,6,0,0,8,0,13,63,29,30,165,0,282,0,0,0,0,0,0,6,0,0,0,0,7,10,3,5,17,0,35,3,0,0,0,0,3,5,0,0,0,0,5,0,0,0,0,0,0,15,7,4,59,0,82,9,5,3,13,0,32,7,0,0,0,0,7,0,0,0,0,0,0,0,0,0,0,0,0,0,0,0,0,0,8,0,0,0,0,0,0,4,0,0,0,0,0,3,0,0,7,0,13,6,0,0,0,0,6,0,0,0,0,0,0,14,7,4,37,4,67,0,0,0,0,0,0,4,0,0,0,0,5,0,0,0,0,0,0,0,0,0,0,0,0,0,0,0,0,0,0,0,0,0,0,0,4,47,8,5,7,0,67,5,0,0,10,227,243,191,57,41,359,237,876,9,35,32,196
LGA29499,127,1448,68,1895,0,3,0,24,0,29,275,5,3,8,0,297,13,4,0,3,0,23,48,17,15,29,3,102,405,138,103,1064,63,1778,41,4,0,0,0,45,31,9,5,0,0,47,77,27,13,109,8,224,39,11,5,19,0,73,8,5,0,0,0,12,134,8,6,0,0,142,107,53,26,408,21,609,111,29,15,89,6,247,34,0,0,0,0,34,16,9,0,11,0,37,9,0,0,0,0,16,22,4,0,16,0,41,38,4,3,3,0,50,45,12,4,10,4,78,24,3,0,12,0,39,26,0,0,0,0,28,30,0,4,0,0,35,100,28,22,319,17,480,10,3,0,0,0,16,10,0,0,0,0,9,21,4,0,0,0,25,18,0,0,0,0,19,96,0,0,0,0,97,11,3,0,23,0,40,668,53,29,66,25,854,42,5,3,38,1914,1997,2209,378,235,2654,2091,7572,61,230,123,1415
LGA29799,0,6,0,6,0,0,0,0,0,0,0,0,0,0,0,0,0,0,0,0,0,0,0,0,0,0,0,0,5,0,0,8,0,13,0,0,0,0,0,0,0,0,0,0,0,0,0,0,0,0,0,0,0,0,0,0,0,0,0,0,0,0,0,0,0,0,0,0,0,0,0,0,0,0,0,5,0,0,0,0,0,0,0,0,0,0,0,0,0,0,0,0,0,0,0,0,0,0,0,0,0,0,0,0,0,0,0,0,0,0,0,0,0,0,0,0,0,0,0,0,0,0,0,0,0,0,0,0,0,0,0,0,0,0,0,0,0,0,0,0,0,5,0,0,0,0,0,0,0,0,0,0,0,0,0,0,0,0,0,0,0,0,0,0,0,0,0,0,0,0,0,0,0,0,0,0,0,0,0,0,0,0,0,0,0,0,0,0,3,5,12,3,0,10,3,26,0,0,0,0
LGA30250,6,67,0,74,0,0,0,1067,0,1070,3,0,0,0,0,3,0,0,0,0,0,0,0,0,0,0,0,0,3,4,0,36,8,57,0,0,0,0,0,4,0,0,0,0,0,0,0,0,0,7,0,3,0,0,0,0,0,0,0,0,0,0,0,0,0,0,0,0,0,0,0,0,0,6,0,9,0,0,0,0,0,3,0,0,0,0,0,0,0,0,0,0,0,0,0,0,0,0,0,0,0,0,0,0,0,0,0,0,0,0,0,0,0,0,0,0,0,0,0,0,0,0,0,0,0,0,0,0,0,0,0,0,0,0,0,0,0,0,0,15,0,21,0,0,0,0,0,0,0,0,0,0,0,0,0,0,0,0,0,0,0,0,0,0,0,0,0,0,0,0,0,0,0,0,0,0,0,0,19,0,0,54,0,75,0,0,0,0,27,25,34,7,7,1184,39,1275,0,0,0,26
LGA30300,67,2040,27,2210,0,0,0,44,0,44,10,0,0,22,0,35,4,0,0,0,0,4,14,9,4,4,0,29,98,59,63,1324,14,1560,24,3,0,0,0,24,4,0,0,7,0,11,27,5,8,208,8,254,4,4,0,8,0,14,0,0,0,0,0,6,7,0,0,4,0,8,25,13,14,476,3,529,4,4,0,34,0,42,0,0,0,0,0,0,0,0,0,0,0,0,0,0,0,0,0,0,0,0,0,0,0,5,12,0,0,0,0,14,12,4,0,0,0,23,8,0,3,11,0,21,0,0,0,6,0,6,0,0,0,0,0,0,20,9,11,373,0,424,0,0,0,0,0,0,26,0,5,0,0,25,0,0,0,0,0,4,9,0,0,0,0,9,3,0,0,0,0,3,5,0,0,5,0,14,57,3,11,44,0,118,12,0,0,71,316,404,315,120,113,3464,370,4378,4,61,55,1737
LGA30370,236,6212,108,6915,0,4,0,46,7,48,64,3,0,35,0,109,0,0,0,0,0,0,72,32,20,80,0,205,417,279,182,4095,114,5083,126,0,14,0,8,149,11,3,3,20,0,36,51,47,36,1034,28,1195,17,6,3,34,0,57,0,3,0,9,0,10,46,4,0,3,0,55,87,44,40,1187,22,1389,28,22,9,152,4,216,7,0,0,0,0,7,3,0,0,9,0,15,0,0,0,0,0,0,3,9,5,11,0,28,36,15,0,6,0,57,41,11,14,9,0,78,6,0,0,4,0,14,14,0,3,8,0,31,0,4,0,0,0,8,108,46,44,1068,22,1294,0,0,0,0,0,0,41,3,0,3,0,46,10,0,0,0,4,18,23,0,0,0,0,24,102,0,5,0,3,109,15,12,3,31,3,55,316,58,32,138,12,564,24,8,11,180,1054,1282,1423,553,408,10621,1308,14315,49,300,269,5531
LGA30410,41,1313,14,1416,0,0,0,5,0,5,3,0,0,14,0,15,0,0,0,0,0,0,10,5,0,7,0,21,73,47,28,963,23,1129,6,0,0,0,0,6,3,0,0,6,0,11,15,4,8,144,4,171,0,0,0,0,0,3,0,0,0,0,0,5,6,0,0,0,0,6,22,4,8,259,8,302,7,0,0,22,0,27,0,0,0,0,0,0,0,0,0,0,0,0,0,0,0,0,0,0,0,0,0,3,0,5,10,7,3,0,0,15,0,0,0,0,0,3,5,0,0,4,0,10,0,0,0,0,0,3,0,0,0,0,0,0,26,13,5,238,0,277,0,0,0,0,0,3,10,0,0,0,0,11,4,0,0,5,0,3,0,0,0,0,0,0,0,0,0,0,0,0,0,0,0,3,0,0,33,7,5,33,0,78,9,0,4,24,192,229,192,75,72,2298,225,2863,0,34,43,1169
LGA30450,7,101,3,114,0,0,0,3,0,3,0,0,0,0,0,0,0,0,0,0,0,0,0,0,0,0,0,0,7,3,7,108,3,117,0,0,0,0,0,0,0,0,0,0,0,0,5,0,0,24,0,30,0,0,0,0,0,0,0,0,0,0,0,0,0,0,0,0,0,0,0,0,0,38,0,38,0,0,0,0,0,3,0,0,0,0,0,0,0,0,0,0,0,0,0,0,0,0,0,0,0,0,0,0,0,0,0,0,0,0,0,0,6,0,0,0,0,4,0,0,0,0,0,0,0,0,0,0,0,0,0,0,0,0,0,0,0,0,3,21,0,24,0,0,0,0,0,0,0,0,0,0,0,0,0,0,0,0,0,0,0,0,0,0,0,0,0,0,0,0,0,0,0,0,0,0,0,0,4,0,0,0,0,6,0,0,0,0,13,18,11,3,9,216,20,271,0,0,3,108
LGA30760,23,905,15,988,0,0,0,10,0,7,0,0,0,4,0,4,0,0,0,0,0,0,8,0,0,6,0,17,42,27,19,630,11,729,10,0,0,0,0,17,3,0,0,4,0,13,7,3,3,118,0,134,0,0,0,0,0,0,0,0,0,4,0,4,13,0,0,0,0,13,9,12,0,232,0,253,0,0,0,11,0,14,0,0,0,0,0,0,0,0,0,0,0,0,0,0,0,0,0,0,0,0,0,0,0,0,4,0,3,0,0,5,0,0,0,3,0,4,0,0,0,0,0,3,0,0,0,0,0,0,0,0,0,0,0,0,11,7,12,156,0,181,0,0,0,0,0,0,0,0,0,0,0,0,0,0,0,0,0,0,0,0,0,0,0,0,0,0,0,0,0,0,3,0,0,9,0,11,9,3,0,11,0,27,0,0,0,51,82,132,100,56,38,1587,118,1903,7,29,35,806
LGA30900,7,178,8,206,0,0,0,63,0,64,0,0,0,0,0,0,0,0,0,0,0,0,0,0,0,0,0,5,16,11,6,91,3,119,0,0,0,0,0,0,0,0,0,0,0,4,5,3,0,12,0,16,0,0,0,0,0,0,0,0,0,0,0,0,0,0,0,0,0,0,0,4,3,24,0,33,0,0,0,0,0,0,0,0,0,0,0,0,0,0,0,0,0,0,0,0,0,0,0,0,0,0,0,0,0,0,0,0,0,0,0,0,0,0,0,0,0,0,0,0,0,0,0,3,0,0,0,0,0,0,0,0,0,0,0,0,8,0,0,30,0,36,0,0,0,0,0,0,0,0,0,0,0,0,0,0,0,0,0,0,0,0,0,0,0,0,0,0,0,0,0,0,0,0,0,0,0,0,5,8,0,0,0,10,0,0,0,5,66,72,23,18,9,298,70,425,0,3,13,156
LGA31000,32109,231455,3766,317308,59,212,111,2223,35,2644,73898,1458,2430,2885,523,81201,2180,467,226,635,25,3526,7662,2662,1577,4191,115,16213,87440,37517,27310,223839,4301,380409,12916,297,1975,200,115,15495,4667,732,568,2360,53,8369,12073,4396,3210,39913,571,60171,5454,1857,828,4651,163,12954,1997,364,216,564,17,3164,37605,823,638,493,234,39791,23068,11473,7955,107541,1421,151452,13689,4645,2030,15763,366,36491,11644,44,304,93,45,12127,1344,435,234,1096,30,3138,779,106,72,95,13,1056,894,454,209,1234,18,2804,7659,853,606,296,121,9537,8991,2560,2147,742,112,14557,4664,898,660,2142,76,8439,3245,375,332,968,39,4963,5206,421,223,76,84,6017,23792,10125,7558,73887,1088,116452,2315,200,119,216,27,2875,6398,652,500,185,37,7773,5385,403,375,931,53,7156,5076,227,191,164,30,5692,18766,314,548,265,161,20049,3006,811,551,3539,53,7954,98397,8867,8761,13509,1102,130637,3830,460,380,4175,62747,71584,417881,78540,60166,500576,73992,1131155,13364,47851,39260,243993
LGA31750,5,152,9,167,0,0,0,0,0,0,0,0,0,0,0,4,0,0,0,0,0,0,3,0,3,0,0,6,15,0,7,112,4,138,0,0,0,0,0,0,0,0,0,0,0,0,3,0,0,17,0,16,0,0,0,0,0,0,0,0,0,0,0,0,0,0,0,0,0,0,7,4,0,44,0,53,0,0,0,0,0,0,0,0,0,0,0,0,0,0,0,0,0,0,0,0,0,0,0,0,0,0,0,0,0,0,0,0,0,0,0,5,0,0,0,0,0,0,0,0,0,0,0,3,0,0,0,0,0,0,0,0,0,0,0,0,0,0,0,29,0,32,0,0,0,0,0,0,0,0,0,0,0,0,0,0,0,0,0,0,0,0,0,0,0,0,0,0,0,0,0,0,0,0,0,0,0,0,5,0,0,4,0,7,0,0,0,6,24,35,28,3,13,272,40,352,0,13,6,161
LGA31820,1924,32638,733,38406,6,18,4,384,13,420,555,14,31,229,12,845,81,10,3,28,4,134,681,200,116,320,14,1332,5421,2576,1857,28286,762,38897,554,10,134,22,14,734,188,19,16,183,6,407,831,412,208,6771,103,8317,49,34,7,116,3,219,127,25,6,41,0,198,373,27,15,33,0,450,874,545,376,7903,142,9837,643,301,75,1202,46,2259,164,3,3,4,0,176,7,9,3,15,0,40,6,4,3,6,0,17,172,54,22,183,3,429,189,65,42,31,3,330,355,185,152,95,6,791,134,27,13,152,4,339,88,13,12,76,0,188,23,11,6,0,0,31,1299,612,445,7349,132,9835,20,7,0,19,0,47,201,23,15,10,0,252,145,23,11,85,0,274,55,4,3,37,0,103,139,0,3,0,0,142,194,40,24,229,8,487,1956,407,295,1358,67,4089,146,46,50,979,5929,7151,13085,5069,3522,63679,7542,92894,506,3032,2253,33308
LGA31900,258,6299,126,7210,0,3,0,94,5,102,41,0,0,70,0,116,12,0,0,9,0,20,44,13,20,36,4,107,405,369,229,4461,117,5581,71,3,10,3,0,86,36,0,4,29,3,73,93,33,36,747,13,930,67,21,4,103,6,201,7,4,0,0,0,11,31,0,0,3,0,42,94,93,53,1560,27,1831,913,290,135,1575,36,2938,48,0,0,7,0,55,0,0,0,4,0,5,0,0,0,0,0,0,12,11,4,30,0,56,10,3,0,6,0,22,44,15,24,7,0,87,11,4,4,11,4,31,10,3,0,10,0,23,6,0,6,0,0,10,124,91,83,1467,26,1790,0,0,0,0,0,3,16,0,4,4,0,25,86,34,9,120,3,253,3,0,0,0,0,0,25,0,0,0,0,27,15,12,5,42,3,65,251,55,44,422,22,790,27,10,10,179,1080,1296,2240,923,577,11953,1376,17075,113,433,263,5317
LGA31950,3,151,4,164,0,0,4,13,0,15,0,0,0,12,0,12,0,0,0,0,0,0,0,0,0,0,0,0,12,0,0,52,3,67,0,0,0,0,0,0,0,0,0,0,0,0,0,0,0,8,0,9,0,0,0,0,0,0,0,0,0,0,0,0,0,0,0,0,0,0,0,0,0,24,0,24,0,0,0,0,0,0,0,0,0,0,0,0,0,0,0,0,0,0,0,0,0,0,0,0,0,0,0,0,0,0,0,0,0,0,0,0,0,0,0,0,0,0,0,0,0,0,0,0,0,0,0,0,0,0,0,0,0,0,0,0,0,0,4,14,0,21,0,0,0,0,0,0,0,0,0,0,0,0,0,0,0,0,0,0,0,0,0,0,0,0,0,0,0,0,0,0,0,0,0,0,0,0,4,0,3,8,0,9,0,0,0,8,58,68,25,6,8,224,67,328,0,11,5,108
LGA32080,5273,41344,912,54363,18,114,31,1666,34,1858,2154,164,205,761,42,3329,267,90,32,138,9,531,1294,352,261,525,20,2458,12307,4710,4029,33152,821,55025,1919,67,400,89,33,2508,657,79,83,305,4,1130,2186,629,558,4958,103,8434,288,109,60,419,5,878,272,51,21,68,6,412,1617,49,54,49,20,1784,2607,1213,996,13107,231,18158,2070,879,462,4007,95,7511,1001,3,24,3,7,1039,48,12,12,48,0,120,24,10,4,3,0,39,205,84,61,274,6,628,753,127,115,85,15,1095,1123,336,279,116,14,1860,527,94,62,210,3,898,213,37,29,103,4,391,309,69,21,49,0,450,3176,1220,961,9232,210,14799,70,16,6,21,0,120,373,37,35,28,0,467,511,52,42,188,11,805,219,28,16,32,3,298,323,19,30,0,0,378,444,98,83,400,19,1042,12310,1394,1928,3952,272,19856,508,85,78,1029,13250,14949,40949,10378,9361,80760,15443,156900,1620,5624,5699,36713
LGA32250,25,1051,33,1143,0,0,0,71,3,71,9,0,0,16,0,20,0,0,0,0,0,0,12,4,0,0,0,21,43,20,26,438,29,566,15,0,4,0,0,19,4,0,0,4,0,9,11,0,3,56,0,72,0,0,5,0,0,5,0,0,0,0,0,0,6,0,0,0,0,6,6,0,3,127,5,145,0,0,0,25,0,27,0,0,0,0,0,0,0,0,0,0,0,0,0,0,0,0,0,0,0,0,0,0,0,0,0,0,0,4,0,4,0,0,0,0,0,5,0,0,0,0,0,0,0,0,0,0,0,0,0,0,0,0,0,0,9,3,8,77,0,92,0,0,0,0,0,0,0,0,0,0,0,0,0,0,0,0,0,0,0,0,0,0,0,0,0,0,0,0,0,0,3,0,0,3,0,4,40,4,6,24,3,73,0,0,0,20,156,175,148,44,49,1493,224,1958,7,23,38,629
LGA32260,635,8721,228,10573,0,11,15,447,3,482,122,23,26,145,9,321,52,8,0,37,0,97,166,45,39,83,4,331,1290,656,540,6532,154,9183,283,5,43,7,7,345,59,3,4,50,0,115,234,99,79,1185,31,1630,89,25,24,139,5,283,37,11,3,11,0,66,588,14,11,11,14,640,271,198,123,2717,50,3360,941,338,159,1665,47,3142,47,0,8,0,0,49,7,0,0,3,0,16,4,0,0,0,0,5,169,45,41,200,5,464,95,23,22,23,9,169,95,28,26,30,3,190,27,12,4,21,0,66,24,0,0,14,0,47,27,0,9,9,0,48,327,173,139,1894,34,2568,8,3,0,0,0,6,31,9,0,5,0,55,55,11,21,95,0,182,0,0,0,3,0,7,10,0,0,0,5,10,38,13,5,50,5,108,1220,149,153,712,43,2279,119,19,17,289,2412,2863,5555,1659,1301,17296,2911,28725,246,719,633,7523
LGA32270,542,10930,183,12403,0,9,0,117,6,131,136,5,4,84,6,234,17,4,0,5,0,24,150,36,44,101,0,331,1223,472,451,7369,168,9696,280,4,25,11,0,324,43,6,13,56,0,112,194,65,63,1323,16,1663,14,12,6,37,0,64,16,0,0,13,0,29,146,6,0,0,0,156,266,118,108,2440,45,2974,77,38,10,329,4,461,42,0,0,0,0,41,0,0,0,7,0,9,3,0,0,0,0,4,13,7,9,42,0,71,333,18,30,6,4,398,201,71,42,32,0,344,35,15,5,33,0,81,15,5,0,12,0,37,31,0,0,0,0,29,376,141,132,1918,58,2619,0,0,0,0,0,0,118,7,6,12,0,142,41,3,0,25,0,74,22,0,0,0,0,26,10,0,4,0,0,13,26,13,0,65,3,115,659,92,99,276,17,1144,63,29,16,380,3235,3726,3574,1089,946,18778,3612,28002,111,649,574,9744
LGA32310,196,5354,128,5933,0,8,3,113,9,137,26,0,9,88,4,120,3,0,0,0,0,4,24,10,4,19,0,64,304,197,200,3578,115,4391,65,0,9,9,0,82,12,8,3,14,0,37,43,18,45,483,12,604,3,4,0,11,0,24,0,4,0,3,0,16,16,0,0,5,3,30,84,45,36,1176,30,1363,22,30,10,212,7,279,6,0,0,0,0,6,3,0,0,0,0,3,0,0,0,0,0,0,0,0,0,13,0,11,24,9,3,11,5,47,40,23,14,23,0,98,10,5,0,13,0,23,0,0,0,0,0,0,0,3,0,0,9,15,100,64,50,857,32,1099,5,0,0,0,0,5,14,3,3,5,0,18,9,4,0,19,0,29,0,0,0,0,0,0,8,0,0,0,0,8,8,5,5,30,0,55,155,35,41,124,15,366,12,8,3,148,1049,1223,785,421,375,8992,1306,11881,35,219,208,4409
LGA32330,0,41,4,47,0,0,0,1147,14,1167,0,0,0,0,0,0,0,0,0,0,0,0,0,0,0,0,0,0,0,0,0,9,0,9,0,0,0,0,0,0,0,0,0,0,0,0,0,0,0,0,0,0,0,0,0,0,0,0,0,0,0,0,0,0,0,0,0,0,0,0,0,0,0,4,0,7,0,0,0,0,0,0,0,0,0,0,0,0,0,0,0,0,0,0,0,0,0,0,0,0,0,0,0,0,0,0,0,0,0,0,0,0,0,0,0,0,0,0,0,0,0,0,0,0,0,0,0,0,0,0,0,0,0,0,0,0,0,0,0,0,0,0,0,0,0,0,0,0,0,0,0,0,0,0,0,0,0,0,0,0,0,0,0,0,0,0,0,0,0,0,0,0,0,0,0,0,0,0,6,0,0,25,0,33,0,0,0,7,32,43,6,0,0,1202,52,1266,0,0,0,15
LGA32450,46,1287,31,1413,0,0,0,154,4,162,10,0,0,47,4,65,3,5,0,0,0,11,7,0,0,8,0,15,98,39,50,639,23,849,27,0,3,0,0,32,5,0,0,6,0,11,15,10,3,105,0,133,0,0,0,14,0,12,0,3,0,4,0,4,22,0,0,0,0,22,32,9,21,302,7,370,7,8,0,28,3,52,5,0,0,0,0,5,0,0,0,0,0,0,0,0,0,0,0,0,0,0,0,6,0,4,28,0,0,0,0,33,11,0,3,0,0,19,0,3,0,0,0,4,0,0,0,0,0,0,10,0,0,0,0,9,33,9,7,193,3,251,0,0,0,0,0,0,0,0,0,0,0,0,3,0,0,4,0,8,7,0,0,0,0,9,0,0,0,0,0,0,0,0,0,11,0,9,45,8,4,32,0,87,4,0,0,35,417,456,292,85,88,2086,481,3031,11,53,82,1100
LGA32500,124,1204,55,1507,0,3,0,367,14,388,25,0,0,13,0,39,3,0,0,0,0,5,33,3,6,9,0,51,232,105,76,768,41,1214,22,0,15,3,0,43,28,0,6,6,0,38,71,9,23,119,0,221,0,0,0,0,0,0,3,0,0,3,0,14,10,0,0,0,0,10,62,15,18,275,15,388,33,8,4,54,7,96,5,0,0,0,0,5,0,0,0,4,0,6,0,0,0,0,0,0,0,0,0,0,0,5,19,3,6,0,0,28,10,0,7,4,6,16,9,0,0,8,0,23,0,0,0,0,0,6,8,0,4,0,0,3,52,33,13,214,4,317,0,0,0,3,0,4,13,3,0,0,0,18,4,5,3,3,0,18,0,0,0,0,0,0,0,0,0,0,0,0,4,0,0,5,0,15,164,23,27,86,5,297,8,3,7,32,635,689,670,194,202,2364,739,4162,30,116,103,1065
LGA32600,6,119,6,132,0,0,0,13,0,15,0,0,0,0,0,0,0,0,0,0,0,0,0,0,0,0,0,7,9,0,0,66,0,83,0,0,0,0,0,4,0,0,0,0,0,0,0,0,0,0,0,6,0,0,0,0,0,0,0,0,0,0,0,0,0,0,0,0,0,0,0,0,0,28,0,26,0,0,0,7,0,10,0,0,0,0,0,0,0,0,0,0,0,0,0,0,0,0,0,0,0,0,0,0,0,0,0,0,0,0,0,0,0,0,0,0,0,0,0,0,0,0,0,0,0,0,0,0,0,0,0,0,0,0,0,0,0,0,0,13,0,13,0,0,0,0,0,0,0,0,0,0,0,0,0,0,0,0,0,0,0,0,0,0,0,0,0,0,0,0,0,0,0,0,0,0,0,0,0,0,0,3,0,7,0,0,0,0,76,78,14,0,6,184,82,292,0,4,9,104
LGA32750,10,130,4,143,0,0,0,7,0,7,0,0,0,0,0,0,0,0,0,0,0,0,0,0,0,0,0,0,6,6,9,65,0,82,0,0,0,0,0,3,0,0,0,0,0,0,0,0,0,13,0,13,0,0,0,0,0,0,0,0,0,0,0,0,3,0,0,0,0,3,7,0,4,21,3,39,0,0,0,0,0,6,0,0,0,0,0,0,0,0,0,0,0,0,0,0,0,0,0,0,0,0,0,0,0,0,0,0,0,0,0,0,0,0,0,0,0,0,0,0,0,0,0,0,0,0,0,0,0,0,0,0,0,0,0,0,4,0,0,25,0,30,0,0,0,0,0,0,0,0,0,0,0,0,0,0,0,0,0,0,0,0,0,0,0,0,0,0,0,0,0,0,0,0,0,0,0,0,4,0,4,7,0,10,0,0,0,0,41,46,23,8,13,200,47,287,0,6,0,87
LGA32770,3,70,0,79,0,0,0,1240,0,1239,0,0,0,0,0,0,0,0,0,0,0,0,0,0,0,0,0,0,5,0,3,15,0,31,0,0,0,0,0,0,0,0,0,0,0,0,0,0,0,3,0,3,0,0,0,0,0,0,0,0,0,0,0,0,15,0,0,0,0,15,6,0,0,0,0,5,0,0,0,6,0,6,0,0,0,0,0,0,0,0,0,0,0,0,0,0,0,0,0,0,0,0,0,0,0,0,0,0,0,0,0,0,0,0,0,0,0,0,0,0,0,0,0,0,0,0,0,0,0,0,0,0,0,0,0,0,0,0,0,9,0,9,0,0,0,0,0,0,0,0,0,0,0,0,0,0,0,0,0,0,0,0,0,0,0,0,0,0,0,0,0,0,0,0,0,0,0,0,5,0,0,4,0,12,0,0,0,12,24,39,29,4,3,1336,28,1398,0,0,0,26
LGA32810,292,3172,82,3978,0,7,7,223,16,252,75,6,5,36,0,120,22,3,0,3,0,32,117,25,27,36,9,207,1139,354,269,2479,73,4320,48,5,6,4,0,55,84,11,8,24,0,120,239,42,32,303,10,630,22,5,5,10,0,38,22,4,3,6,0,29,38,0,3,0,0,44,261,83,67,840,17,1269,173,67,24,302,10,568,40,0,0,0,0,40,3,0,0,0,0,4,0,0,0,0,0,0,3,0,9,10,0,18,36,3,6,0,0,48,105,13,16,9,0,139,41,10,10,19,0,82,15,3,0,7,0,23,0,0,0,0,0,0,301,85,58,663,15,1122,13,0,0,4,0,19,31,6,0,3,0,37,38,0,4,10,0,52,15,0,0,0,0,20,19,0,0,0,0,16,35,3,5,21,0,64,427,80,71,162,5,735,25,14,3,110,1498,1650,2715,712,535,6080,1675,11716,84,402,365,2889
LGA33100,18,332,9,374,0,0,0,0,0,0,4,0,0,6,0,15,0,0,0,0,0,0,5,0,0,4,0,8,26,14,15,243,0,306,0,0,0,0,0,0,0,0,0,6,0,6,6,0,5,23,0,31,0,0,0,0,0,0,0,0,0,0,0,6,0,0,0,0,0,0,11,5,9,82,0,99,0,4,0,26,0,30,0,0,0,0,0,0,0,0,0,0,0,0,0,0,0,0,0,0,0,0,5,4,0,6,0,0,0,0,0,4,0,0,0,0,0,3,0,0,0,0,0,7,0,0,0,0,0,0,0,0,0,0,0,0,4,3,3,47,0,63,0,0,0,0,0,0,0,0,0,0,0,0,0,0,0,0,0,0,0,0,0,0,0,0,0,0,0,0,0,0,0,0,0,0,0,0,20,3,0,3,0,29,0,0,0,11,72,86,66,24,32,590,86,801,0,9,15,265
LGA33200,18,746,25,829,0,0,0,0,0,0,5,0,3,8,0,14,0,0,0,0,0,0,4,0,0,6,0,3,34,34,17,460,11,553,0,0,0,0,0,0,0,0,0,0,0,0,4,3,3,51,0,66,0,0,0,0,0,0,0,0,0,0,0,0,3,0,0,0,0,3,12,8,0,151,3,173,0,0,0,27,0,32,0,0,0,0,0,0,0,0,0,0,0,0,0,0,0,0,0,0,0,0,0,6,0,5,3,0,0,0,0,3,3,0,0,0,0,3,4,0,0,0,0,4,0,0,0,0,0,0,0,0,0,0,0,0,9,3,4,143,3,167,0,0,0,0,0,0,0,0,0,0,0,0,0,0,0,0,0,4,0,0,0,0,0,0,0,0,0,0,0,0,0,0,0,6,0,7,12,5,0,19,0,37,4,0,0,23,116,143,80,56,25,1221,158,1537,7,34,18,499
LGA33220,2295,33904,775,40688,5,24,13,468,13,524,355,31,45,241,8,678,89,14,3,45,0,155,830,195,123,377,13,1541,8180,3161,2246,29831,800,44233,531,18,152,24,13,749,206,37,19,247,8,518,1155,403,300,6434,134,8429,87,43,11,138,5,289,150,29,3,31,0,219,356,27,11,42,3,440,1302,624,404,8660,160,11152,396,203,67,940,31,1633,19,0,5,3,0,23,19,12,0,16,0,47,11,3,0,6,0,22,156,55,21,103,5,340,265,47,51,64,0,436,536,187,144,81,13,950,226,32,29,151,3,440,82,39,16,58,0,197,42,3,0,6,0,50,1943,766,541,7534,166,10947,34,14,0,8,0,51,234,28,20,9,0,291,161,24,14,92,9,292,52,6,3,10,0,63,57,0,8,6,0,73,249,51,30,246,8,586,2195,476,349,1451,57,4528,183,64,40,958,7367,8604,16426,5843,4130,66016,9088,101503,652,3543,2723,35265
LGA33360,1577,22406,399,26609,6,11,12,242,0,267,316,28,25,260,8,630,53,20,6,18,0,95,385,120,80,261,8,858,3853,1643,1292,16663,344,23798,834,8,102,23,10,977,118,23,14,95,4,251,523,237,135,3174,49,4119,69,38,7,156,0,279,72,7,3,23,0,110,596,9,7,28,0,645,861,353,229,4986,107,6533,254,168,63,670,15,1163,43,0,3,0,0,48,12,0,0,13,0,33,8,0,0,8,0,17,43,18,13,88,6,162,546,82,58,49,16,752,462,168,119,77,7,837,119,23,20,93,0,248,107,13,6,37,0,155,102,11,0,0,0,117,1089,416,323,4274,91,6187,38,5,0,5,0,44,410,17,32,18,5,475,125,12,0,63,0,199,50,3,0,6,0,60,34,6,0,0,0,38,122,39,11,143,8,317,1963,294,262,843,41,3396,145,33,33,543,4245,4999,10665,3327,2603,39974,5072,61642,362,1983,1616,22040
LGA33430,17816,125534,2209,171566,36,105,66,957,16,1180,14625,414,658,1161,150,17011,1769,267,149,425,22,2628,4801,1215,824,2018,72,8930,69807,19092,15391,116537,2946,223774,4429,146,888,121,69,5651,2524,329,280,1211,62,4405,7575,2045,1603,15723,304,27248,1992,647,332,1470,47,4498,1570,225,105,285,27,2208,5811,245,161,163,41,6419,14116,4288,3261,40304,729,62702,6110,1804,1014,6155,179,15264,3734,21,109,33,31,3920,697,204,99,434,8,1437,419,43,45,106,4,616,1153,357,230,809,27,2574,9957,846,558,228,149,11735,8909,2125,1569,505,112,13220,2467,322,261,783,42,3865,1780,176,157,362,13,2485,1806,174,67,26,27,2099,17188,4597,3594,30811,631,56827,1218,123,60,149,19,1566,3700,301,283,105,17,4405,2404,234,181,545,41,3400,643,64,42,43,3,805,1038,43,89,30,8,1211,2154,383,279,1426,42,4283,37181,4264,4250,5334,429,51474,2003,344,285,2730,38809,44176,185824,39134,31943,253554,45263,555724,6556,25586,21645,136345
LGA33610,169,4440,84,4880,0,5,0,34,0,34,41,0,0,35,3,79,4,0,0,4,0,10,31,10,9,19,0,75,221,141,145,3433,50,3995,70,0,4,7,5,89,8,3,0,12,0,23,48,14,18,591,8,683,0,5,0,5,0,4,0,5,0,3,0,7,38,0,4,0,0,46,64,40,28,1088,13,1236,36,7,10,67,3,134,5,0,0,0,0,5,3,0,0,6,0,6,0,0,0,0,0,0,0,0,0,8,0,8,9,0,7,6,0,23,32,5,12,13,0,57,6,4,0,5,0,18,4,0,0,5,0,11,0,0,0,0,0,3,54,37,31,943,7,1071,0,0,0,0,0,0,39,0,0,0,0,43,6,0,6,13,0,20,11,0,0,0,0,14,5,0,0,0,0,5,5,0,0,26,0,39,118,15,33,80,0,252,10,4,4,187,970,1176,747,281,282,8198,1121,10628,17,170,176,4013
LGA33620,1153,17748,394,20977,0,13,3,162,0,176,90,9,16,146,10,269,31,7,0,5,0,46,379,105,72,176,9,735,3109,1500,1127,15184,408,21329,226,4,56,8,3,299,102,24,20,112,5,261,514,194,156,3006,75,3947,33,14,9,63,0,119,44,10,8,17,3,87,109,14,0,11,0,142,547,304,196,4497,89,5633,140,86,51,473,13,760,16,0,0,0,0,20,10,4,0,16,0,37,0,0,0,0,0,4,43,14,8,36,0,102,143,40,31,18,3,230,213,87,69,54,5,425,86,22,11,70,3,195,53,13,9,25,0,88,11,3,6,0,0,24,742,378,258,3885,82,5337,23,0,3,7,0,29,123,16,11,9,0,155,51,12,3,37,0,102,16,3,7,6,0,25,36,4,7,0,0,49,82,21,18,153,0,276,868,229,140,659,33,1934,72,25,17,560,3652,4336,6367,2775,2033,33877,4509,49555,256,1677,1315,18314
LGA33800,193,3297,109,3987,0,3,5,125,0,131,17,3,0,61,0,78,7,0,6,3,0,14,46,9,6,13,0,80,339,214,149,2692,64,3459,58,3,17,0,0,79,19,4,0,11,0,39,68,25,13,334,13,453,10,0,0,18,0,23,9,0,0,4,0,14,19,0,5,0,0,29,64,49,19,915,11,1057,983,370,156,1539,62,3107,0,0,0,0,0,0,4,0,0,0,0,5,0,0,0,0,0,0,17,15,4,22,0,63,15,3,0,3,0,19,15,4,12,15,0,48,12,4,4,3,0,21,4,0,0,12,0,16,0,0,0,0,0,0,80,49,34,654,13,831,0,0,0,0,0,4,7,0,0,3,0,7,39,10,0,36,3,87,0,0,0,0,0,6,4,0,0,0,0,4,3,0,0,15,0,28,172,30,35,195,16,443,25,6,0,83,703,819,1843,749,424,6933,933,10884,87,285,193,3065
LGA33830,5,58,0,66,0,0,0,812,0,809,0,0,0,0,0,0,0,0,0,0,0,0,0,0,0,0,0,0,4,0,0,21,0,29,0,0,0,0,0,0,0,0,0,0,0,0,0,0,0,4,0,4,0,0,0,0,0,0,0,0,0,0,0,0,0,0,0,0,0,0,0,0,0,3,0,3,0,0,0,0,0,0,0,0,0,0,0,0,0,0,0,0,0,0,0,0,0,0,0,0,0,0,0,0,0,0,0,0,0,0,0,0,0,0,0,0,0,6,0,0,0,0,0,0,0,0,0,0,0,0,0,0,0,0,0,0,4,0,0,6,0,6,0,0,0,0,0,0,0,0,0,0,0,0,0,0,0,0,0,0,0,0,0,0,0,0,0,0,0,0,0,0,0,0,0,0,0,0,8,0,0,10,0,19,0,0,0,0,72,74,11,3,9,879,70,974,0,5,0,38
LGA33960,5466,55587,1010,70982,6,77,28,913,22,1046,2232,94,145,403,16,2895,208,49,17,82,3,363,1476,486,270,920,23,3182,14954,6578,4938,46226,1060,73758,1993,74,345,62,22,2500,397,75,63,327,12,869,2176,1011,633,11691,207,15710,183,89,29,345,8,655,270,52,36,126,3,488,2994,90,69,84,18,3254,2907,1532,1024,14893,253,20607,663,348,180,1720,43,2951,231,0,17,4,5,255,54,30,9,54,3,151,37,14,9,14,0,74,191,111,62,246,3,611,3022,335,200,102,71,3722,1805,575,368,206,24,2981,527,116,68,464,7,1181,190,37,19,151,3,407,5350,292,167,53,108,5974,3689,1633,1281,12314,195,19113,173,34,17,22,0,256,571,46,43,30,7,696,754,95,66,205,15,1133,277,24,8,13,0,322,1749,95,66,33,18,1972,432,139,72,680,12,1337,12125,1190,1001,2023,190,16534,777,122,106,1424,11734,14163,50106,13195,9751,106407,14277,193737,2573,8626,6782,60604
LGA33980,449,7875,137,9050,5,3,0,46,0,54,67,3,3,91,4,170,6,5,0,0,0,8,90,19,28,76,0,213,870,433,317,5551,107,7275,274,4,37,10,6,331,32,4,3,33,0,81,104,54,46,900,16,1118,0,0,3,27,0,31,7,8,0,0,0,15,111,0,0,0,0,115,204,91,91,1801,30,2224,37,44,12,289,4,393,8,0,5,0,0,9,0,3,0,3,0,10,0,0,0,0,0,6,18,13,5,112,0,148,191,30,7,19,10,249,141,57,49,31,0,273,12,10,3,33,0,59,9,4,0,16,0,32,10,3,3,3,0,17,275,115,91,1428,30,1940,0,0,0,0,0,0,120,0,7,3,3,134,32,7,0,28,0,64,21,0,0,3,0,26,11,3,0,0,0,14,17,7,3,48,5,76,437,76,78,222,8,825,38,11,5,194,2901,3154,2510,894,749,13599,3188,20941,83,504,438,6957
LGA34420,0,68,3,75,0,0,0,786,0,789,0,0,0,0,0,0,0,0,0,0,0,0,0,0,0,0,0,0,10,0,4,31,0,42,0,0,0,0,0,0,0,0,0,0,0,0,0,0,0,6,0,7,0,0,0,0,0,0,0,0,0,0,0,0,0,0,0,0,0,0,0,0,0,6,0,12,0,0,0,0,0,0,0,0,0,0,0,0,0,0,0,0,0,0,0,0,0,0,0,0,0,0,0,0,0,0,0,0,0,0,0,0,0,0,0,0,0,0,0,0,0,0,0,0,0,0,0,0,0,0,0,0,0,0,0,0,0,0,0,5,0,9,0,0,0,0,0,0,0,0,0,0,0,0,0,0,0,0,0,0,0,0,0,0,0,0,0,0,0,0,0,0,0,0,0,0,0,0,0,0,0,21,0,25,0,0,0,0,27,28,14,0,4,894,29,944,0,0,0,22
LGA34530,838,13336,259,15539,0,9,6,172,0,189,76,7,10,128,6,221,23,6,10,9,0,52,209,78,48,135,0,465,1957,880,751,10866,209,14664,127,4,52,6,0,188,73,14,9,68,5,170,271,103,74,1880,35,2363,30,11,8,63,0,124,30,5,0,17,0,56,57,11,3,11,6,88,390,222,154,3646,47,4463,128,55,27,407,5,626,3,0,0,0,0,8,3,4,0,16,0,23,0,0,0,0,0,3,34,10,9,51,4,100,155,34,18,20,5,232,208,66,52,30,4,365,50,21,10,50,0,136,20,5,9,28,0,66,8,3,3,0,0,21,517,213,160,2883,41,3811,4,4,4,0,0,13,113,8,9,4,0,137,48,14,6,52,0,123,11,0,0,0,0,9,19,4,0,0,0,22,84,36,19,104,3,241,619,158,117,607,24,1521,34,15,9,323,3275,3653,4187,1776,1409,25113,3788,36270,146,1117,976,13783
LGA34570,0,30,0,33,0,9,0,524,0,530,0,0,0,0,0,0,0,0,0,0,0,0,0,0,0,0,0,0,4,0,0,24,0,35,0,0,0,0,0,0,0,0,0,0,0,0,0,0,0,0,0,0,0,0,0,0,0,0,0,0,0,0,0,0,0,0,0,0,0,0,0,0,0,10,0,9,0,0,0,0,0,0,0,0,0,0,0,0,0,0,0,0,0,0,0,0,0,0,0,0,0,0,0,0,0,0,0,0,0,0,0,4,0,0,0,0,0,0,0,0,0,0,0,0,0,0,0,0,0,0,0,0,0,0,0,0,0,0,0,5,0,4,0,0,0,0,0,0,0,0,0,0,0,0,0,0,0,0,0,0,0,0,0,0,0,0,0,0,0,0,0,0,0,0,0,0,0,0,10,4,0,118,5,133,0,0,0,18,72,91,20,12,0,613,74,723,0,7,0,25
LGA34580,835,13390,305,15775,0,4,0,116,0,126,470,14,7,77,0,573,19,6,0,8,0,31,258,90,64,161,9,578,2037,990,720,10041,281,14076,176,4,44,9,6,242,69,6,9,67,3,152,308,167,127,4353,88,5031,9,10,0,35,0,60,32,13,0,14,0,63,176,9,0,11,0,205,369,224,128,3187,70,3983,122,41,26,340,5,533,133,0,3,0,0,135,10,0,0,21,0,32,0,0,0,0,0,3,31,19,9,62,0,122,95,28,23,19,0,167,160,67,70,37,0,334,59,19,8,79,8,174,29,7,3,26,0,56,31,0,9,0,0,43,522,265,171,2519,65,3533,9,0,0,0,0,16,59,13,5,5,0,87,44,12,11,23,0,89,16,5,3,0,0,22,69,0,0,0,0,69,86,10,10,92,0,194,1359,122,129,415,27,2052,97,25,13,523,3073,3730,5810,1940,1451,25659,3750,38603,235,1210,1072,13497
LGA34590,9271,74141,1513,100306,12,76,40,1018,25,1163,6623,183,327,644,85,7859,835,106,69,164,17,1181,2404,741,446,1213,46,4846,30816,10075,8057,61083,1691,111724,3291,126,523,116,38,4092,827,102,76,554,18,1577,3740,1210,874,10464,214,16499,589,236,116,593,20,1550,829,135,44,161,9,1176,4745,184,129,132,45,5237,5960,2118,1552,18827,335,28786,1474,711,326,2740,61,5315,1164,5,36,5,0,1219,476,141,45,147,0,820,159,17,13,31,0,226,346,141,98,320,11,918,8042,639,480,212,159,9530,4239,1147,794,381,58,6632,978,194,105,445,10,1736,584,112,96,214,9,1017,6216,309,181,57,97,6867,7700,2287,1746,15192,297,27220,825,86,61,54,5,1026,1085,148,126,54,13,1425,1224,114,87,263,14,1701,440,38,27,34,0,542,1373,44,50,36,26,1529,742,163,111,567,17,1600,31505,2469,2033,3124,493,39626,1758,245,173,1919,17381,21478,106166,21197,16555,137981,21481,303384,4787,13400,10681,77684
LGA34710,75,1496,30,1691,0,0,3,30,0,26,8,0,0,21,0,24,3,6,0,0,0,6,14,8,0,16,0,40,118,72,48,1159,32,1436,14,0,7,0,4,19,3,0,0,3,0,5,14,12,5,178,4,208,0,0,0,4,0,5,0,0,0,0,0,0,13,0,3,0,0,19,29,24,23,391,3,463,17,0,0,27,0,49,0,0,0,0,0,0,4,0,0,0,0,0,0,0,0,0,0,0,0,0,0,0,0,0,26,0,4,0,0,37,3,6,4,3,0,22,0,3,0,5,0,6,0,0,0,0,0,5,0,0,0,0,0,0,28,13,18,368,3,439,0,0,0,0,0,0,5,0,3,0,0,5,3,0,0,4,0,7,0,0,0,0,0,0,0,0,0,0,0,0,0,0,0,17,0,19,44,7,0,30,6,87,4,0,0,39,315,358,285,129,120,2743,386,3663,5,59,66,1308
LGA34770,2520,40521,700,47430,12,32,11,556,7,616,549,28,54,484,10,1121,42,22,18,30,3,105,671,228,158,439,20,1513,5676,2617,2204,32424,718,43633,1592,36,218,60,9,1919,187,35,27,233,12,479,875,389,324,5889,96,7567,57,45,14,188,4,306,68,31,10,42,7,146,764,37,16,55,3,873,1180,721,543,10899,163,13497,651,352,151,2252,45,3455,35,0,9,7,0,56,10,3,9,24,0,47,6,4,0,0,0,11,930,391,239,1987,32,3576,530,85,68,69,9,760,599,269,154,130,9,1161,135,41,35,154,6,369,82,31,14,134,9,265,99,14,15,24,3,153,1575,795,588,9396,139,12496,27,6,0,5,3,49,604,50,30,22,12,717,219,24,18,127,5,390,97,3,5,16,0,130,83,3,4,3,0,95,213,54,46,340,5,662,2690,533,445,2825,108,6597,199,59,61,1140,8505,9963,16686,5953,4679,77548,10102,114970,650,3243,2929,39415
LGA34800,15,339,4,376,0,0,0,0,0,0,0,0,0,6,0,7,0,0,0,0,0,0,4,5,0,3,0,14,21,8,12,250,11,310,0,0,6,0,0,6,0,0,0,7,0,6,3,0,0,42,0,48,0,0,0,4,0,11,0,0,0,0,0,0,3,0,0,0,0,6,7,4,3,66,3,84,0,0,0,23,4,27,0,0,0,0,0,0,0,0,0,0,0,0,0,0,0,0,0,0,0,0,0,0,0,0,3,0,0,0,0,3,5,4,0,0,0,8,0,0,0,0,0,5,0,0,0,0,0,0,0,0,0,0,0,0,13,0,0,63,0,72,0,0,0,0,0,0,0,0,0,0,0,3,0,0,0,0,0,0,0,0,0,0,0,0,0,0,0,0,0,0,0,0,0,0,0,7,9,0,3,10,0,24,0,0,0,7,58,75,66,26,20,609,81,796,4,15,5,309
LGA34830,0,61,3,67,0,4,0,205,0,213,0,0,0,3,0,3,0,0,0,0,0,0,0,0,0,0,0,0,0,0,0,14,0,13,0,0,0,0,0,0,0,0,0,0,0,0,0,0,0,4,0,5,0,0,0,0,0,0,0,0,0,0,0,0,0,0,0,0,0,0,0,0,0,0,0,0,0,0,0,0,0,0,0,0,0,0,0,0,0,0,0,0,0,0,0,0,0,0,0,0,0,0,0,0,0,0,0,0,0,0,0,0,0,0,0,0,0,0,0,0,0,0,0,0,0,0,0,0,0,0,0,0,0,0,0,0,0,0,0,4,0,5,0,0,0,0,0,0,0,0,0,0,0,0,0,0,0,0,0,0,0,0,0,0,0,0,0,0,0,0,0,0,0,0,0,0,0,0,0,0,0,114,0,117,0,0,0,0,9,9,7,4,0,284,12,311,0,0,0,14
LGA34860,188,5386,128,5944,0,0,0,42,0,45,40,0,4,41,0,97,4,0,0,5,0,12,24,0,13,13,0,56,300,171,157,3897,92,4619,161,0,3,4,3,169,13,4,4,15,0,36,35,18,28,699,9,785,4,4,0,14,0,21,9,0,0,0,0,10,92,0,0,9,0,108,82,37,39,1276,21,1462,14,8,11,92,3,127,4,0,0,0,0,4,5,0,0,0,0,5,0,0,0,0,0,0,0,0,0,0,0,0,35,3,0,7,0,47,41,9,4,4,0,51,9,0,0,16,0,29,11,0,4,0,0,13,7,0,0,0,0,7,69,64,42,1113,27,1322,0,0,0,0,0,0,28,3,0,0,0,32,12,3,0,7,0,24,4,0,0,0,0,4,0,0,0,0,0,0,11,13,3,41,0,57,188,14,22,85,3,315,27,4,4,193,1118,1350,1032,356,315,9611,1348,12664,24,218,222,5034
LGA34880,471,6391,169,7767,5,10,9,555,13,581,94,6,4,127,3,242,104,18,12,47,0,182,189,42,32,66,4,323,1227,435,350,4204,156,6369,109,0,19,8,0,142,85,13,11,42,5,152,350,70,51,622,13,1108,54,5,3,43,6,104,29,3,9,6,0,45,75,9,4,9,4,91,283,104,84,1608,42,2122,1114,225,97,835,30,2302,34,0,0,0,0,34,4,0,0,8,0,9,0,0,0,0,0,0,17,6,4,27,0,55,45,4,8,6,0,64,79,21,23,9,3,138,48,4,3,16,0,74,24,0,3,6,0,31,19,6,5,7,0,31,301,124,90,1180,33,1734,6,4,0,0,0,14,44,3,3,0,0,54,84,17,0,48,5,153,19,0,3,0,0,22,13,0,0,4,0,18,30,0,4,38,0,75,909,111,140,338,24,1525,63,25,15,177,2906,3180,4616,1127,862,11656,3300,21554,156,623,561,5400
LGA35010,13240,127124,2120,162676,13,98,49,1372,34,1563,3738,222,324,1104,46,5439,451,104,38,173,3,767,3562,1021,688,1815,74,7161,42929,16238,11786,108537,2481,181968,3830,114,684,135,60,4825,1347,242,157,944,27,2719,4535,1904,1233,18810,294,26769,541,203,102,756,17,1620,729,177,58,232,10,1208,4047,190,141,190,30,4604,8448,3655,2459,37283,585,52430,2828,1279,543,5029,102,9783,663,5,39,20,3,731,164,71,22,163,3,418,77,17,9,25,0,132,507,225,125,574,18,1456,4713,535,390,243,74,5964,4571,1391,1184,467,65,7687,1179,243,146,747,24,2351,623,68,71,309,8,1076,2885,228,104,40,39,3305,10344,3858,2805,29237,491,46734,234,28,32,43,8,347,2697,200,181,85,9,3171,1169,125,71,435,11,1815,463,63,45,68,7,637,494,21,56,13,14,596,1465,297,224,1283,27,3301,16450,2908,2264,5201,278,27115,1100,270,210,2855,22786,27222,100079,31042,22969,243184,28027,425309,4007,20283,15889,135489
LGA35250,3,87,0,102,0,9,0,863,4,885,3,0,0,5,0,7,0,0,0,0,0,0,4,0,0,0,0,3,6,3,7,31,0,50,3,0,0,0,0,11,3,0,0,0,0,4,3,0,0,7,0,16,0,0,0,0,0,0,0,0,0,0,0,0,3,0,0,0,0,3,0,4,0,19,0,26,0,0,0,3,0,0,0,0,0,0,0,0,0,0,0,0,0,0,0,0,0,0,0,0,0,0,0,0,0,0,3,0,0,0,0,3,4,0,0,0,0,3,0,0,0,0,0,0,0,0,0,0,0,0,0,0,0,0,0,0,3,0,0,12,0,13,0,0,0,0,0,0,0,0,0,0,0,0,0,0,0,0,0,0,0,0,0,0,0,0,0,0,0,0,0,0,0,0,0,0,0,0,12,0,0,19,0,34,0,0,0,16,62,75,47,19,7,1003,68,1143,0,3,0,35
LGA35300,486,6400,119,7650,0,13,9,558,5,591,90,7,8,154,0,269,7,3,0,5,0,20,69,28,18,73,0,188,935,381,343,3911,84,5654,464,3,93,21,0,586,24,3,12,42,0,83,194,46,50,611,4,909,20,5,3,33,0,67,20,7,0,0,0,28,194,7,3,3,0,205,250,142,84,1545,18,2037,89,51,20,298,0,460,6,0,0,0,0,6,0,0,3,8,0,12,0,0,0,0,0,0,10,8,3,31,0,50,361,33,15,3,4,425,152,55,32,27,0,268,30,6,3,22,0,58,15,0,5,8,0,29,64,5,0,0,3,73,278,108,63,1113,14,1574,6,3,0,0,0,16,82,5,4,4,0,96,66,7,10,21,0,99,35,4,0,9,0,45,15,0,3,0,0,25,36,8,0,43,0,84,923,105,116,268,20,1436,54,8,4,182,2086,2338,3629,928,798,11005,2304,18668,139,482,507,5064
LGA35600,93,1967,49,2169,0,0,0,67,0,67,30,0,0,8,4,42,0,0,0,0,0,0,12,0,6,24,0,43,79,60,43,1352,53,1580,22,0,8,0,3,28,0,0,0,7,0,11,14,0,9,232,4,260,0,0,0,3,0,3,0,3,0,0,0,7,7,0,0,3,0,17,14,24,14,442,7,495,3,0,5,17,0,26,0,0,0,0,0,0,0,0,0,0,0,0,0,0,0,0,0,0,0,0,0,0,0,6,18,0,15,0,0,31,8,5,4,0,0,20,0,0,0,4,0,9,0,0,0,0,0,0,0,0,0,0,0,0,15,15,8,318,3,359,0,0,0,0,0,0,3,0,0,0,0,9,0,0,0,6,0,6,0,0,0,0,0,0,80,0,0,0,0,88,6,0,0,7,0,13,48,12,16,48,0,119,0,0,4,61,257,322,315,117,131,3390,359,4309,18,52,66,1547
LGA35670,0,204,10,212,0,0,0,599,5,615,0,0,0,0,0,0,0,0,0,0,0,0,0,0,0,0,0,0,0,0,0,44,0,44,0,0,0,0,0,0,0,0,0,0,0,0,0,0,0,0,0,0,0,0,0,0,0,0,0,0,0,0,0,0,0,0,0,0,0,0,0,0,0,3,0,5,0,0,0,0,0,0,0,0,0,0,0,0,0,0,0,0,0,0,0,0,0,0,0,0,0,0,0,0,0,0,0,0,0,0,0,0,0,0,0,0,0,0,0,0,0,0,0,0,0,0,0,0,0,0,0,0,0,0,0,0,0,0,0,8,0,8,0,0,0,0,0,0,0,0,0,0,0,0,0,0,0,0,0,0,0,0,0,0,0,0,0,0,0,0,0,0,0,0,0,0,0,0,9,0,0,299,0,316,0,0,0,6,11,14,14,0,5,906,28,955,0,0,0,11
LGA35740,1630,13455,271,17681,0,6,4,87,5,105,203,22,36,96,0,365,62,19,3,23,3,106,606,137,113,192,7,1059,6895,1954,1575,13398,307,24130,167,9,65,7,0,250,289,45,23,163,3,523,913,242,176,1987,43,3349,99,50,15,95,7,269,103,33,5,20,3,168,177,13,3,14,0,210,1194,471,356,5036,89,7148,446,168,53,562,12,1250,35,0,13,0,0,49,19,12,0,27,0,63,16,0,0,0,0,19,67,27,19,36,0,149,169,37,31,23,4,259,398,129,73,38,0,630,208,23,32,94,5,368,74,15,11,29,0,131,12,3,0,5,0,18,1532,514,373,4205,81,6706,14,7,0,9,0,28,226,19,25,12,5,276,126,14,16,57,0,209,28,5,0,9,0,45,38,0,5,0,0,44,231,31,26,189,7,484,1772,365,302,663,44,3141,109,26,28,300,3138,3594,12823,3786,2930,28797,3818,52147,388,2290,1884,13826
LGA35760,155,4066,99,4568,0,0,3,72,5,78,40,0,3,35,0,84,3,0,0,0,0,5,50,24,6,33,4,113,349,193,144,3013,103,3800,102,0,6,0,4,109,29,0,0,23,0,55,85,50,23,998,26,1176,6,0,0,4,0,4,7,0,0,0,0,9,11,4,0,5,0,24,79,32,26,767,21,929,35,12,4,53,0,102,72,0,0,0,0,74,5,0,0,0,0,7,0,0,0,0,0,0,0,0,0,3,0,3,15,3,3,5,0,29,19,3,8,8,0,36,8,3,4,17,0,29,0,0,0,7,0,10,0,0,0,0,0,3,89,45,52,773,25,989,0,0,0,0,0,0,5,0,3,0,0,11,14,0,3,8,0,27,10,0,0,0,0,10,0,0,0,0,0,0,12,6,5,19,0,37,282,30,22,93,9,434,20,6,8,127,1106,1268,1139,385,283,7353,1321,10482,36,183,160,3590
LGA35780,15,261,9,296,0,7,3,1391,6,1401,4,0,0,4,0,11,0,0,4,0,0,3,4,0,0,3,0,8,25,14,14,94,0,148,10,0,7,3,0,17,0,0,0,0,0,0,14,0,0,6,0,17,0,0,0,0,0,0,0,0,0,0,0,3,9,0,0,0,0,4,5,0,6,40,5,56,4,0,0,7,0,9,0,0,0,0,0,0,0,0,0,0,0,0,0,0,0,0,0,0,0,0,0,0,0,0,3,0,0,4,0,11,0,0,0,0,0,0,6,0,0,0,0,5,0,0,0,0,0,0,0,0,0,4,0,4,5,10,0,20,0,44,0,0,0,0,0,0,0,0,0,0,0,0,0,0,0,0,0,0,0,0,0,0,0,0,0,0,0,0,0,0,0,0,0,0,0,3,31,13,15,2080,8,2144,0,0,0,19,96,111,94,36,42,2510,118,2796,3,10,6,118
LGA35790,5,118,6,141,0,12,0,2140,15,2165,0,0,0,0,0,4,0,0,0,0,0,0,0,0,0,0,0,0,14,4,4,36,7,57,0,0,0,0,0,0,0,0,0,0,0,0,3,0,0,0,0,4,0,0,0,0,0,0,0,0,0,0,0,0,0,0,0,0,0,0,3,0,0,21,0,24,0,4,0,3,0,10,0,0,0,0,0,0,0,0,0,0,0,0,0,0,0,0,0,0,0,0,0,0,0,0,3,0,0,0,0,5,6,0,0,0,0,6,0,0,0,0,0,0,0,0,0,0,0,0,0,0,0,0,0,0,4,3,0,14,0,20,0,0,0,0,0,0,4,0,0,0,0,4,0,0,0,0,0,0,0,0,0,0,0,0,0,0,0,0,0,0,0,0,0,0,0,0,19,8,0,380,6,411,0,0,0,13,37,56,40,25,8,2301,66,2443,0,5,0,103
LGA35800,11,842,16,908,0,0,0,47,0,53,0,0,0,0,0,0,0,0,0,0,0,0,0,0,4,0,0,5,30,24,17,531,8,612,0,0,0,0,0,0,4,0,0,0,0,6,10,5,0,61,0,76,0,0,0,0,0,0,0,0,0,0,0,0,3,0,0,0,0,3,9,5,3,144,3,172,0,0,0,7,0,10,0,0,0,0,0,0,0,0,0,0,0,0,0,0,0,0,0,0,0,4,0,4,0,6,3,0,0,0,0,4,3,0,4,0,0,8,3,0,0,6,0,5,3,0,0,0,0,3,0,0,0,0,0,0,4,6,7,110,0,138,0,0,0,0,0,0,0,0,0,0,0,0,0,0,0,3,0,3,0,0,0,0,0,0,0,0,0,0,0,0,0,0,0,0,0,0,11,0,0,11,0,32,4,0,0,25,99,129,74,49,25,1369,121,1642,4,35,30,590
LGA36070,7,70,0,83,0,0,0,573,0,581,3,0,0,0,0,3,0,0,0,0,0,0,0,0,6,0,0,6,4,6,3,23,0,33,3,0,3,0,0,7,0,0,0,0,0,0,0,0,0,10,0,11,0,0,0,0,0,0,0,0,0,0,0,0,0,0,0,0,0,0,0,0,0,15,0,16,0,0,0,0,0,3,0,0,0,0,0,0,0,0,0,0,0,0,0,0,0,0,0,0,0,0,0,0,0,0,4,0,0,0,0,4,0,0,0,0,0,0,0,0,0,0,0,0,0,0,0,0,0,0,0,0,0,0,0,0,0,0,0,17,0,19,0,0,0,0,0,0,0,0,0,0,0,0,0,0,0,0,0,0,0,0,0,0,0,0,0,0,0,0,0,0,0,0,0,0,0,0,11,0,0,27,0,35,0,0,0,8,13,22,34,5,13,686,18,753,0,0,0,20
LGA36150,25,355,8,396,0,0,0,0,5,7,0,0,0,0,0,0,0,0,0,0,0,4,0,0,0,0,0,4,25,13,18,265,7,327,0,0,0,0,0,0,0,0,0,0,0,0,0,0,5,52,3,59,0,0,0,5,0,6,0,0,0,0,0,0,0,0,0,4,0,4,7,0,9,118,3,144,0,0,0,7,0,8,0,0,0,0,0,0,0,0,0,0,0,0,0,0,0,0,0,0,0,0,0,0,0,0,4,0,0,0,0,4,10,0,0,6,0,11,0,3,0,0,0,3,0,0,0,0,0,0,0,0,0,0,0,0,10,4,0,70,0,83,5,0,0,0,0,5,0,0,0,0,0,0,0,0,0,0,0,0,0,0,0,0,0,0,0,0,0,0,0,0,0,0,0,0,0,0,11,0,10,4,0,25,3,0,0,15,39,52,54,24,39,644,54,813,0,10,14,284
LGA36250,4621,40224,657,52526,3,28,14,404,12,461,1274,83,160,301,21,1834,316,62,37,135,11,550,1609,405,285,644,19,2961,18977,5817,4475,36670,778,66729,826,30,154,26,16,1056,505,86,57,324,11,984,1808,630,435,6296,102,9274,391,148,59,403,6,1016,263,64,23,78,3,430,1048,45,47,48,13,1202,3705,1230,963,12572,191,18658,1069,467,220,1738,35,3529,98,0,11,15,0,122,112,28,17,89,5,250,42,8,5,19,0,67,243,63,57,187,4,553,1507,207,155,55,27,1949,1678,557,403,170,20,2823,594,116,88,256,11,1058,291,51,49,176,10,580,300,38,12,6,11,370,4850,1518,1028,10326,186,17914,144,20,9,27,4,201,1325,104,77,31,3,1541,358,52,23,159,3,589,164,27,16,15,0,228,197,0,20,6,0,225,620,115,72,481,4,1290,5788,1030,848,1757,109,9541,336,74,63,756,6019,7257,39804,11196,8450,79832,7729,147011,1362,7070,5422,42176
LGA36300,17,346,11,388,0,0,0,0,0,0,0,0,0,9,0,10,0,0,0,0,0,0,0,0,0,3,0,10,26,11,5,257,6,305,0,0,0,0,0,0,3,0,0,3,0,4,3,0,0,28,0,32,0,0,0,0,0,0,0,0,0,0,0,0,0,0,0,0,0,3,0,3,3,92,0,101,0,3,0,6,0,6,0,0,0,0,0,0,0,0,0,0,0,0,0,0,0,0,0,0,0,0,0,0,0,3,4,0,0,0,0,6,3,0,0,0,0,3,0,0,0,0,0,3,0,0,0,0,0,0,0,0,0,0,0,0,5,4,4,71,0,83,0,0,0,0,0,0,0,0,0,0,0,0,0,0,0,7,0,7,0,0,0,0,0,0,0,0,0,0,0,0,0,0,0,0,0,3,14,0,0,4,0,18,0,0,0,11,53,71,52,19,21,623,75,787,0,9,15,322
LGA36370,1466,31642,631,35962,0,17,9,762,20,809,428,34,37,373,11,880,20,5,4,34,0,68,288,113,76,299,5,786,2410,1746,1270,24714,495,30627,856,8,145,34,6,1048,85,23,13,175,3,294,373,266,186,4704,68,5597,45,21,3,119,0,185,33,18,0,22,0,72,647,20,12,27,5,710,485,401,276,8183,107,9448,123,110,44,765,18,1066,79,0,14,0,0,94,12,8,0,39,0,62,4,3,0,0,0,5,22,22,7,107,0,160,232,83,53,31,5,399,196,131,101,87,0,517,59,34,12,121,0,216,46,9,7,69,0,132,44,23,4,10,0,72,632,405,322,6203,92,7656,5,3,0,12,0,19,196,22,12,7,0,242,104,11,6,86,0,212,169,5,0,5,0,181,404,0,10,0,10,426,84,37,28,220,4,378,2126,327,278,1492,60,4290,109,31,24,849,5590,6601,8670,3432,2579,58266,6783,79726,308,1958,1493,29748
LGA36510,1054,13123,319,16107,0,6,6,143,0,160,95,10,19,85,0,200,41,4,3,14,0,61,378,109,66,184,12,745,3546,1273,996,10427,326,16570,111,6,37,7,0,171,90,19,17,88,9,222,440,180,157,3147,81,4004,41,24,10,65,0,147,47,8,6,19,0,82,88,8,0,16,0,113,616,237,237,3675,82,4839,142,59,29,270,8,513,90,0,0,0,0,96,15,0,0,8,0,29,7,3,0,5,0,20,32,12,0,32,0,82,116,14,25,10,0,169,316,105,72,25,11,533,113,30,13,91,3,246,54,13,5,26,0,97,23,9,0,0,0,36,877,358,263,2865,71,4430,29,0,7,4,0,35,76,11,4,4,0,92,40,15,8,35,5,101,13,0,3,4,0,23,5,3,0,0,0,10,120,25,16,93,5,257,950,201,196,422,19,1790,69,24,19,393,2922,3426,6805,2461,1909,25275,3622,40078,251,1634,1197,13077
LGA36580,587,9068,214,10743,0,0,4,66,3,71,105,0,0,40,3,154,18,4,0,9,0,34,187,53,25,124,0,386,1588,699,545,6564,208,9599,346,3,31,3,3,388,53,8,0,40,0,105,217,111,89,2160,39,2612,16,12,4,33,0,63,21,7,0,3,0,34,32,4,3,19,0,57,263,154,115,1850,53,2425,57,25,8,181,11,275,40,0,0,0,0,40,4,0,0,3,0,10,8,5,0,0,0,10,17,12,9,33,0,69,82,24,13,8,3,130,128,37,49,25,4,248,42,11,6,39,0,98,29,4,6,15,0,49,19,0,0,0,0,25,408,186,131,1843,52,2621,0,0,0,0,0,5,37,0,0,4,0,43,38,0,3,25,0,67,5,0,0,0,0,4,78,0,8,0,0,90,50,19,8,81,0,162,432,87,79,219,11,832,56,18,9,294,1787,2173,3557,1324,1017,16456,2246,24593,115,822,609,8541
LGA36630,651,12195,266,14074,0,5,0,254,4,260,77,10,14,56,0,165,8,0,0,4,0,22,191,36,31,109,4,378,1607,905,601,9768,273,13158,254,0,34,0,7,298,52,4,11,58,5,131,298,144,102,3191,60,3790,17,10,5,28,0,56,28,9,5,9,0,52,49,11,5,14,0,79,265,178,120,2810,66,3452,77,52,28,196,5,363,6,0,0,0,0,7,7,11,4,10,0,32,9,0,0,0,0,9,28,3,0,20,0,47,85,21,10,17,5,134,107,46,31,34,3,227,46,16,4,61,4,128,9,3,0,14,0,30,14,0,3,0,0,21,372,228,129,2386,51,3167,5,0,0,0,0,10,42,7,0,0,0,52,37,7,7,27,0,74,28,0,0,7,0,33,20,0,8,0,0,27,39,19,5,66,3,132,416,112,78,395,21,1022,43,24,16,432,2150,2664,3475,1624,1146,23197,2745,32186,132,850,640,11522
LGA36660,700,12815,268,14840,0,17,6,133,10,163,144,6,17,98,8,270,44,3,6,13,0,65,246,63,32,119,7,471,1631,927,692,10882,290,14424,179,0,27,6,3,218,58,10,5,57,0,130,250,102,69,2103,44,2575,19,15,5,40,0,83,37,3,3,8,0,48,98,3,13,13,0,133,319,203,121,4191,102,4934,586,146,40,681,25,1484,79,0,0,0,0,88,6,0,9,13,0,27,9,0,0,0,0,8,13,5,3,16,0,37,69,23,12,20,4,124,92,44,25,19,0,182,64,14,11,54,0,143,27,8,3,17,0,59,13,0,0,3,0,19,431,219,187,2921,63,3818,16,3,0,0,0,17,58,0,7,3,0,70,50,9,4,27,0,94,12,0,0,3,0,14,13,0,0,0,3,15,45,23,17,91,0,168,659,138,97,365,18,1280,47,12,13,390,1965,2423,4430,1754,1263,25042,2622,35115,141,965,759,12546
LGA36720,9290,84903,1568,109173,3,40,30,663,8,740,1455,162,161,688,38,2506,346,80,28,130,9,588,2971,746,525,1323,56,5619,33367,11232,8592,77254,1754,132205,1126,58,326,58,14,1582,1080,181,151,814,23,2245,3912,1283,902,13336,253,19692,452,215,73,563,9,1317,427,96,45,108,9,687,1604,88,58,92,8,1853,6384,2450,1790,27185,494,38303,1989,855,398,3329,78,6654,424,3,16,11,0,454,102,54,28,112,6,293,42,14,4,16,0,82,382,188,81,414,8,1074,1359,217,174,124,17,1890,2923,948,732,290,47,4938,839,172,106,512,19,1647,363,58,63,174,9,671,179,34,29,11,3,261,7969,2850,2095,22458,447,35814,114,21,7,34,6,181,1593,166,129,58,6,1951,572,100,65,321,5,1064,207,22,20,36,0,283,209,11,24,12,0,253,1146,262,168,1061,26,2662,9532,1958,1784,3651,166,17094,600,143,129,1921,16085,18878,66221,21267,16342,170642,19903,294365,2489,14204,11488,92389
LGA36820,611,8482,218,10223,0,7,9,205,4,230,50,10,13,114,4,187,24,3,0,13,0,47,208,44,35,88,3,375,1577,722,556,6522,196,9579,114,0,11,0,3,137,62,12,6,55,0,142,354,112,67,937,28,1491,21,12,4,43,0,81,22,0,0,5,0,33,57,5,3,9,0,78,295,181,130,2518,74,3193,420,171,78,825,13,1501,13,0,0,0,0,17,4,0,0,16,0,21,0,0,0,0,0,0,21,7,9,33,4,72,56,8,15,20,6,100,96,31,22,18,0,166,49,13,4,37,3,104,14,3,4,16,0,52,7,3,3,0,0,7,388,200,130,1995,37,2747,5,4,0,5,0,10,41,16,4,0,0,56,20,0,4,48,0,74,10,0,0,0,0,10,4,0,0,7,0,12,66,15,6,73,5,165,659,146,134,391,17,1347,47,18,11,291,1900,2269,3888,1495,1132,15945,2371,24830,131,841,678,7922
LGA36910,3122,56373,941,65135,5,12,5,575,15,613,1310,49,64,361,11,1789,77,34,7,56,0,173,935,251,185,634,26,2032,6591,4002,3059,47581,919,62154,1130,21,202,52,30,1441,232,37,35,363,6,670,1023,653,482,15730,239,18126,86,61,20,179,3,345,111,24,16,72,8,227,1397,43,15,40,8,1519,1415,1030,716,18601,289,22044,445,251,108,1440,30,2287,218,0,18,8,0,251,45,42,24,186,0,298,13,0,5,11,0,27,59,29,23,82,3,187,329,87,63,53,3,534,428,262,192,128,6,1019,209,65,46,313,5,643,78,22,28,95,6,228,66,8,5,4,0,83,1755,1081,787,13549,195,17370,33,7,0,8,0,42,457,43,30,43,0,570,224,23,14,124,0,385,259,9,7,8,0,286,127,3,7,18,4,155,240,75,57,514,10,894,6431,688,568,1890,83,9659,304,61,42,1405,10194,12006,21914,7695,5788,113063,12319,160779,842,4614,3594,56961
LGA36950,51,937,22,1073,0,3,0,417,11,438,7,3,3,56,3,75,0,0,0,0,0,0,4,3,3,9,0,16,76,26,25,256,4,387,3,0,0,23,5,28,3,0,3,0,0,8,13,5,0,45,0,63,4,4,0,0,0,8,0,0,0,0,0,0,10,0,0,0,0,11,15,4,8,132,7,165,9,3,0,17,0,29,0,0,0,0,0,0,0,0,0,6,0,0,0,0,0,0,0,0,0,0,0,3,0,3,8,0,0,5,0,12,4,4,3,0,0,15,3,0,0,0,0,5,4,0,0,0,0,6,0,0,0,20,0,27,25,7,6,99,0,133,0,0,0,0,0,0,5,0,0,0,0,7,3,0,0,0,0,8,3,0,0,0,0,3,0,0,0,0,0,0,0,0,0,5,0,7,106,70,47,1424,54,1707,12,3,0,76,476,565,275,129,98,2547,561,3612,13,45,41,427
LGA36960,11,177,3,203,6,6,5,444,8,462,0,0,0,4,0,9,0,0,0,0,0,0,7,0,0,5,0,8,5,8,4,52,0,67,0,0,0,12,0,16,0,0,0,16,0,20,0,0,0,9,0,9,0,0,0,0,0,0,0,0,0,0,0,0,0,0,0,0,0,0,0,0,4,19,0,28,0,0,0,5,0,5,0,0,0,0,0,0,0,0,0,0,0,0,0,0,0,0,0,0,0,0,0,0,0,0,9,0,0,3,0,11,12,0,7,3,0,18,0,0,0,0,0,0,0,0,0,0,0,5,3,0,0,33,0,38,4,0,5,44,4,50,0,0,0,0,0,0,0,0,0,0,0,0,0,0,0,0,0,0,0,0,0,0,0,0,0,0,0,0,0,0,0,0,0,0,0,4,212,111,105,3366,89,3883,14,0,9,61,273,355,264,125,126,3633,367,4517,0,11,3,75
LGA37010,4970,62042,956,75053,12,112,35,1436,26,1618,1318,108,158,959,27,2563,119,34,17,92,0,266,1002,353,235,845,20,2453,10332,5562,4335,50910,949,72080,1743,41,371,81,27,2258,437,96,71,461,13,1079,1658,740,527,7526,111,10565,353,165,91,657,10,1275,158,46,21,90,4,317,1837,53,40,85,8,2029,2265,1472,1110,19375,264,24490,1478,957,409,5687,71,8597,302,3,6,8,0,325,34,12,10,50,0,105,24,9,5,24,0,57,146,94,47,325,3,617,673,143,123,96,11,1047,974,450,312,197,14,1945,339,83,68,310,14,811,172,35,34,134,0,380,192,30,5,32,0,266,2888,1467,1205,13965,210,19744,49,22,8,21,0,99,530,59,50,41,3,682,446,85,47,341,11,927,237,23,12,19,4,290,337,7,17,6,3,373,357,95,62,571,12,1102,7400,1186,1168,3523,139,13424,370,85,64,1326,13594,15442,31145,11528,9062,119238,15780,186753,1208,6034,5295,58284
LGA37300,95,1625,29,1882,0,3,0,65,0,67,17,5,3,42,0,60,0,0,0,0,0,0,17,12,3,7,0,34,158,86,91,833,33,1204,53,0,11,9,4,72,5,0,0,3,0,11,20,8,10,165,5,217,0,0,0,0,0,4,3,0,0,0,0,4,14,0,0,3,0,20,35,23,11,332,8,404,9,21,0,71,0,99,3,0,0,0,0,3,0,0,0,0,0,0,0,0,0,0,0,0,3,0,0,6,0,11,13,0,5,0,0,30,16,0,7,4,0,31,4,3,4,19,0,32,0,0,0,3,0,3,5,0,0,0,0,5,46,23,18,233,0,317,0,0,0,0,0,0,3,3,0,0,0,12,0,0,0,0,0,3,0,0,0,0,0,5,0,0,0,0,0,5,9,3,3,7,0,17,125,29,12,168,4,329,3,0,0,46,360,411,451,210,163,2657,420,3907,12,84,123,1221
LGA37310,538,13707,290,15220,0,9,5,138,3,161,77,3,12,77,5,176,16,4,0,19,0,37,129,54,36,146,7,371,896,584,472,9651,219,11815,397,4,33,17,11,454,20,0,5,48,0,76,191,92,65,2708,57,3118,5,4,3,31,0,50,15,0,0,14,0,27,191,3,0,4,9,211,221,137,92,3137,45,3635,51,25,7,200,3,285,13,0,0,0,0,13,11,0,3,8,0,21,0,0,0,0,0,3,10,11,4,18,0,31,89,10,9,25,0,137,83,48,29,31,0,192,17,0,4,55,0,82,10,0,10,11,6,35,15,0,0,5,0,23,242,153,140,2631,51,3220,6,0,0,0,0,7,78,9,9,8,0,107,49,9,0,27,0,84,11,0,0,4,0,11,14,0,0,0,0,17,24,11,0,74,0,105,530,78,81,313,20,1023,44,16,14,473,3348,3900,2877,1123,934,24603,3903,33444,103,706,634,12913
LGA37340,900,11073,272,13399,0,10,3,195,8,217,305,9,15,86,6,431,20,6,0,6,0,39,213,54,37,106,8,425,2404,803,690,8252,251,12400,295,4,50,7,8,366,124,11,12,70,0,217,333,99,93,1240,31,1781,40,10,5,42,0,101,41,7,0,10,0,60,97,5,8,10,7,122,451,158,132,2464,50,3256,256,85,40,598,14,989,156,0,0,0,3,155,18,4,0,8,0,32,3,5,0,3,0,10,30,14,22,47,0,120,204,20,36,20,9,287,242,73,55,24,6,395,81,10,17,30,0,137,33,0,5,13,0,55,21,12,6,3,0,31,603,209,170,2204,48,3233,5,0,3,3,0,13,90,4,5,9,6,116,83,5,9,52,4,152,41,0,0,6,0,47,68,0,3,5,3,80,103,19,21,88,3,233,1092,157,172,633,47,2098,90,17,20,300,4057,4486,6117,1662,1486,19873,4637,33782,204,1077,1096,10805
LGA37400,13,485,24,528,0,0,0,12,0,12,0,0,0,7,0,4,3,0,0,0,0,3,8,0,5,0,0,10,20,13,10,373,19,436,0,0,0,0,0,0,0,0,0,3,0,9,5,0,3,44,0,57,0,0,0,5,0,5,0,0,0,0,0,0,0,0,0,0,0,0,5,3,3,145,4,159,3,0,0,11,0,14,0,0,0,0,0,0,0,0,0,0,0,0,0,0,0,0,0,0,0,0,0,0,0,0,3,0,0,0,0,3,0,0,0,0,0,0,0,0,0,0,0,0,0,0,0,0,0,0,0,0,0,0,0,0,7,3,5,97,5,111,0,0,0,0,0,0,0,0,0,0,0,0,0,0,0,0,0,0,0,0,0,0,0,0,0,0,0,0,0,0,5,0,0,3,0,5,15,4,0,14,0,31,3,0,0,22,96,122,62,16,24,892,134,1128,3,18,19,387
LGA37550,4,55,0,60,0,3,0,820,4,832,0,0,0,0,0,0,0,0,0,0,0,0,0,0,0,0,0,0,0,0,0,11,0,20,0,0,0,0,0,0,0,0,0,0,0,0,0,0,0,0,0,0,0,0,0,0,0,0,0,0,0,0,0,0,0,0,0,0,0,0,0,3,0,7,0,11,0,0,0,0,0,0,0,0,0,0,0,0,0,0,0,0,0,0,0,0,0,0,0,0,0,0,0,0,0,0,0,0,0,0,0,0,0,0,0,0,0,0,0,0,0,0,0,0,0,0,0,0,0,0,0,0,0,0,0,0,0,0,0,0,0,0,0,0,0,0,0,0,0,0,0,0,0,0,0,0,0,0,0,0,0,0,0,0,0,0,0,0,0,0,0,4,0,0,0,0,0,0,4,0,0,43,0,52,0,0,0,10,45,56,10,10,4,890,50,960,0,3,0,20
LGA37570,0,14,0,22,0,0,0,245,0,247,0,0,0,0,0,0,0,0,0,0,0,0,0,0,0,0,0,0,4,0,0,14,0,21,0,0,0,0,0,0,0,0,0,0,0,0,0,0,0,0,0,4,0,0,0,0,0,0,0,0,0,0,0,0,0,0,0,0,0,0,0,0,0,5,0,5,0,0,0,0,0,4,0,0,0,0,0,0,0,0,0,0,0,0,0,0,0,0,0,0,0,0,0,0,0,0,0,0,0,0,0,0,0,0,0,3,0,3,0,0,0,0,0,0,0,0,0,0,0,0,0,0,0,0,0,0,0,0,0,0,0,0,0,0,0,0,0,0,0,0,0,0,0,0,0,0,0,0,0,0,0,0,0,0,0,0,0,0,0,0,0,0,0,0,0,0,0,0,0,0,0,3,0,3,0,0,0,0,3,6,4,3,0,268,6,281,0,0,0,4
LGA37600,0,81,0,80,0,5,0,2318,22,2353,0,0,0,3,0,3,0,0,0,0,0,0,0,0,0,0,0,0,0,4,0,17,0,26,0,0,0,0,0,0,0,0,0,0,0,0,0,0,0,0,0,0,0,0,0,0,0,0,0,0,0,0,0,0,0,0,0,0,0,0,0,0,0,3,0,3,0,0,0,3,0,6,0,0,0,0,0,0,0,0,0,0,0,0,0,0,0,0,0,0,0,0,0,0,0,0,0,0,0,0,0,0,0,0,0,0,0,0,4,0,0,0,0,3,0,0,0,0,0,0,0,0,0,0,0,0,6,0,0,9,0,13,0,0,0,0,0,0,0,0,0,0,0,0,0,0,0,0,0,0,0,0,0,0,0,0,0,0,0,0,0,0,0,0,0,0,0,3,4,3,0,158,0,163,0,0,0,35,58,98,8,13,3,2455,81,2560,0,0,0,34
LGA39499,211,3076,64,3782,0,7,0,84,3,96,225,6,7,35,8,281,9,0,0,4,0,17,140,29,16,25,5,214,1305,281,189,2144,76,3996,57,4,6,3,0,68,95,5,7,28,4,139,192,24,17,377,12,623,15,7,3,25,0,51,10,5,4,0,0,13,79,0,0,4,0,84,270,59,45,728,24,1122,143,29,7,89,0,270,41,0,0,0,0,44,3,3,0,0,0,5,0,0,0,0,0,0,12,0,0,8,0,26,88,3,12,4,3,111,103,21,15,9,3,154,37,6,7,12,0,71,14,0,0,6,0,17,19,0,0,0,0,20,299,90,59,624,18,1086,8,0,0,3,0,12,26,0,0,0,0,34,43,0,0,11,0,57,12,0,0,0,0,12,32,0,0,0,0,32,48,6,5,40,4,104,678,56,27,126,26,915,49,3,5,87,2465,2603,3385,607,391,5483,2657,12515,89,412,333,3294
LGA39799,3,28,0,35,0,0,0,0,0,0,0,0,0,0,0,0,0,0,0,0,0,0,4,0,0,0,0,4,13,5,3,37,3,61,0,0,0,0,0,0,0,0,0,0,0,3,6,0,0,4,0,9,0,0,0,0,0,0,0,0,0,0,0,0,0,0,0,0,0,0,6,0,0,9,0,19,7,0,0,0,0,9,0,0,0,0,0,0,0,0,0,0,0,0,0,0,0,0,0,0,0,0,0,0,0,0,0,0,0,0,0,4,0,0,0,0,0,0,0,0,0,0,0,0,0,0,0,0,0,0,0,0,0,0,0,0,4,0,0,9,0,12,0,0,0,0,0,0,4,0,0,0,0,4,0,0,0,0,0,0,0,0,0,0,0,0,0,0,0,0,0,0,0,0,0,0,0,0,4,0,0,3,0,12,3,0,0,0,18,24,46,3,4,76,25,152,0,0,0,8
LGA40070,410,2857,59,3976,0,6,0,66,0,70,4578,11,27,30,17,4666,46,5,8,22,0,83,99,35,22,53,5,212,1404,499,460,3126,76,5573,148,4,10,0,0,166,85,9,9,40,0,132,233,90,61,717,13,1118,244,36,20,108,3,407,44,6,6,16,0,77,611,4,8,4,6,632,332,131,89,1135,17,1702,446,108,46,273,9,883,328,0,6,4,4,336,32,7,3,19,0,64,12,0,0,0,0,11,24,10,0,24,5,64,17,5,3,0,0,31,50,16,8,4,0,78,115,28,13,45,5,201,97,5,9,9,4,115,5,3,0,0,0,5,324,167,105,903,19,1527,34,11,0,0,0,48,38,3,3,0,0,46,131,7,3,6,0,141,88,0,8,0,0,99,271,5,9,11,0,291,61,14,10,37,0,124,2131,93,97,161,28,2506,63,0,4,51,2376,2501,10915,1080,847,6630,2585,22064,148,626,543,2965
LGA40120,1296,11371,193,14804,0,3,0,26,0,30,268,45,35,54,4,399,49,15,3,32,0,97,446,138,88,202,7,877,4320,1710,1370,10390,195,17978,69,3,16,0,5,91,111,24,27,123,3,284,750,269,224,3035,42,4321,134,33,14,138,4,322,99,29,11,34,0,170,59,17,10,7,0,99,670,293,181,2378,28,3553,626,250,84,716,16,1690,12,0,6,0,0,15,31,14,4,28,0,83,7,3,0,6,0,15,51,12,13,42,0,114,17,12,8,0,0,35,73,59,45,26,0,200,241,57,29,131,4,465,110,11,10,25,4,150,4,0,0,0,0,5,754,338,233,2560,44,3931,29,4,3,14,0,44,129,10,11,6,0,159,57,8,9,28,0,98,17,6,3,10,0,35,86,12,4,0,0,105,187,48,36,129,4,404,1140,307,222,420,16,2093,68,13,9,207,1581,1877,8710,3131,2296,22723,1996,38864,261,1890,1475,11815
LGA40150,283,3043,60,3816,0,3,0,38,0,47,13,0,0,4,0,26,12,9,3,9,0,35,92,27,22,46,0,182,893,268,313,2241,60,3778,33,0,9,4,4,50,11,0,0,12,0,22,70,39,23,425,14,563,72,8,6,49,0,140,12,3,0,9,0,21,3,5,0,0,0,14,96,41,23,412,15,583,176,62,33,189,9,473,0,0,0,0,0,0,6,4,0,3,0,11,3,0,0,0,0,3,24,18,16,30,0,89,11,0,5,5,0,17,13,11,0,6,0,32,28,10,11,18,0,71,15,5,0,0,0,16,0,0,0,0,0,0,175,54,55,445,8,737,3,0,0,0,0,3,8,6,0,0,0,14,9,0,0,5,0,15,0,0,0,0,0,0,43,0,5,0,0,48,20,15,7,19,0,56,164,31,26,63,3,294,14,5,6,54,529,612,1755,587,492,5299,667,8801,73,368,315,3502
LGA40220,634,8432,205,10255,0,5,7,50,0,62,47,0,9,24,0,81,12,3,0,10,0,25,323,66,58,111,8,560,3144,887,697,7327,203,12260,81,5,13,6,3,100,48,13,4,66,0,127,353,122,89,1647,42,2258,35,14,0,31,5,87,42,7,5,5,0,56,35,4,3,6,0,49,397,143,85,1455,30,2105,141,66,28,228,10,476,0,0,3,7,0,10,6,10,3,9,0,27,4,0,0,0,0,4,12,6,3,28,3,56,27,9,11,6,0,59,67,16,18,5,0,115,96,12,14,35,0,159,26,0,6,7,0,40,0,0,6,0,0,6,510,178,160,1896,34,2775,12,0,0,4,0,15,22,3,3,0,0,28,17,3,0,16,0,42,4,0,0,0,0,5,9,0,0,0,0,8,113,24,15,88,0,246,449,102,70,256,4,888,47,20,8,187,1522,1786,5139,1540,1154,16074,1962,25871,159,983,784,8913
LGA40250,11,110,4,135,0,4,0,1721,10,1733,0,0,0,0,0,3,5,0,0,0,0,0,0,0,0,0,0,3,28,10,7,85,0,129,0,0,0,0,0,0,0,0,0,0,0,0,0,5,4,19,0,25,0,0,0,0,0,3,0,0,0,0,0,0,0,0,0,0,0,4,10,0,3,27,0,45,3,3,0,8,0,15,0,0,0,0,0,0,0,0,0,0,0,0,0,0,0,0,0,0,0,0,0,0,0,0,14,0,0,0,0,15,0,0,0,0,0,6,0,0,0,0,0,0,0,0,0,0,0,0,0,0,0,0,0,0,8,10,0,19,0,32,6,0,0,0,0,3,0,0,0,0,0,0,0,0,0,0,0,0,0,0,0,0,0,0,0,0,0,0,0,0,0,0,0,0,0,0,9,3,0,19,0,31,0,0,0,15,221,235,62,29,18,1928,232,2270,0,11,9,62
LGA40310,617,7988,170,9658,0,0,0,22,0,22,39,0,15,13,0,72,11,5,3,9,0,27,182,50,59,110,5,413,2092,741,638,6085,154,9699,31,0,22,0,0,55,44,5,8,52,0,110,371,185,158,4338,85,5140,22,13,5,31,0,71,25,6,3,7,0,42,29,5,6,4,0,40,265,107,93,1246,14,1722,133,59,33,226,4,451,7,0,4,4,0,8,4,0,0,0,0,9,0,0,0,0,0,0,20,5,6,23,0,56,16,0,8,5,0,27,52,19,15,4,4,93,51,16,6,78,4,156,12,7,0,14,0,36,0,0,0,0,0,0,384,159,118,1281,32,1964,10,0,0,6,0,20,23,4,4,0,0,32,18,3,0,10,0,31,9,0,0,0,0,5,6,0,4,0,0,15,61,13,5,54,0,139,366,96,79,179,15,733,23,14,3,165,1089,1295,3580,1340,1111,16070,1457,23560,116,841,696,8488
LGA40430,35,1052,28,1165,0,0,0,0,0,0,0,0,0,0,0,4,3,0,0,0,0,8,16,6,6,7,0,34,131,42,36,938,22,1173,4,0,0,0,0,4,3,0,0,4,0,8,14,11,8,185,5,222,0,0,0,0,0,3,0,0,0,0,0,0,0,0,0,0,0,4,14,13,4,134,0,158,3,6,0,14,0,24,0,0,0,0,0,0,0,0,0,0,0,0,0,0,0,0,0,0,6,0,0,0,0,7,0,0,0,0,0,3,0,0,4,0,0,8,9,0,0,3,0,15,3,0,0,0,0,9,0,0,0,0,0,0,21,11,11,136,0,186,0,0,0,0,0,0,0,0,0,0,0,0,0,0,0,0,0,0,0,0,0,0,0,0,0,0,0,0,0,0,3,0,0,5,0,9,26,8,0,15,0,59,3,0,3,18,152,175,238,77,70,1956,204,2542,13,49,41,1058
LGA40520,199,3681,104,4316,0,3,0,74,0,85,24,0,0,11,0,34,60,4,0,19,0,86,75,18,15,48,3,153,476,246,207,2949,80,3951,72,0,15,0,0,97,13,6,0,32,0,44,99,56,26,1076,13,1275,331,17,18,162,10,541,26,7,0,23,5,59,92,4,5,0,0,100,84,28,25,488,16,634,109,16,3,135,3,273,9,0,0,0,0,9,23,7,0,8,0,38,3,0,0,0,0,7,0,0,0,8,0,8,4,0,3,5,0,17,12,4,4,3,0,33,35,4,0,28,3,75,9,0,0,5,0,17,0,0,0,0,0,0,120,56,27,539,9,753,5,0,0,0,0,6,10,0,5,4,0,17,5,0,0,3,0,12,5,0,0,0,0,7,7,0,0,0,0,4,13,3,8,20,0,47,263,42,24,85,4,413,28,3,4,145,655,841,1786,483,356,7066,854,10545,60,254,207,3535
LGA40700,1109,8489,114,11427,5,3,0,18,0,24,4345,47,121,58,16,4591,141,25,9,78,0,253,221,83,61,123,6,498,3177,1411,1093,9212,145,15039,210,7,25,7,0,253,156,30,23,94,0,304,564,190,116,1929,19,2810,692,126,74,418,7,1326,137,25,5,28,0,199,1214,38,38,28,0,1316,601,364,194,2821,37,4019,1774,391,168,1198,22,3565,408,0,22,11,4,440,126,31,16,76,7,244,12,3,3,6,0,20,57,7,7,32,0,106,23,3,0,0,0,25,139,49,28,12,0,229,292,41,31,134,0,494,164,14,20,21,0,218,13,0,0,0,0,13,714,295,253,2773,41,4077,64,11,8,24,0,110,176,20,20,11,0,220,112,20,0,23,0,156,335,17,10,3,0,368,306,5,24,8,0,343,105,17,28,120,4,266,3083,319,314,434,24,4167,97,7,7,118,1565,1799,17164,2984,2225,19628,1905,43912,414,1495,1280,8203
LGA40910,857,7760,155,10616,0,4,3,43,3,58,3821,49,73,71,22,4030,182,12,17,41,0,256,326,93,43,142,6,612,2867,1237,896,6968,162,12127,316,14,51,10,4,390,92,22,15,47,0,179,591,196,132,1593,44,2552,961,180,77,575,26,1817,168,23,16,43,0,256,1878,25,8,3,16,1930,521,249,159,1919,32,2876,7508,1124,448,3620,171,12872,577,0,15,10,4,601,271,60,29,54,3,416,15,0,0,6,0,25,114,38,28,70,0,244,7,4,3,13,0,39,81,37,23,12,5,153,373,53,38,112,7,577,247,9,13,13,0,280,15,8,0,0,0,25,584,263,173,1682,38,2739,111,16,13,15,0,153,104,17,5,3,3,142,111,3,10,9,4,135,403,6,6,8,4,426,236,6,13,15,0,273,124,23,28,93,4,267,3929,279,211,394,46,4850,167,21,11,143,1454,1794,24533,3362,2076,18113,2070,50159,691,1494,1091,7929
LGA41010,65,1282,26,1456,0,4,0,300,0,311,0,0,0,5,0,3,0,4,0,6,0,9,9,7,3,13,0,35,83,78,51,894,15,1127,17,0,7,0,0,26,8,0,0,5,0,11,17,15,3,222,5,264,31,9,6,31,0,81,4,4,0,3,4,9,23,0,0,0,0,23,15,11,9,173,7,213,6,8,0,25,0,36,10,0,0,0,0,10,0,0,0,0,0,0,0,0,0,0,0,0,0,0,0,0,0,0,4,4,0,0,0,5,10,0,4,0,0,10,5,6,0,16,0,21,0,0,0,0,0,0,0,0,0,0,0,0,23,3,12,157,0,196,0,0,0,0,0,0,0,0,0,0,0,0,5,0,0,0,0,4,0,0,0,0,0,0,0,0,0,0,0,3,4,0,0,3,0,10,41,17,17,45,3,120,4,4,0,46,420,477,268,142,102,2436,464,3406,8,64,56,1054
LGA41060,2271,22174,463,29180,3,18,10,332,3,360,3316,54,99,115,30,3623,901,138,55,235,7,1334,546,207,124,267,7,1154,6691,3095,2256,20134,410,32593,994,29,119,31,9,1182,209,31,21,212,4,485,1228,473,286,4377,81,6449,3933,612,263,1812,61,6685,275,50,11,85,8,430,2841,40,41,25,15,2964,1365,656,479,5781,102,8390,7762,1497,706,4486,196,14649,143,3,18,0,0,165,196,48,18,97,4,352,312,26,18,80,3,441,387,85,41,202,9,724,93,20,24,13,0,157,193,101,51,37,3,382,1318,190,102,399,29,2039,611,54,34,126,4,827,19,6,0,0,0,27,1655,704,529,4844,97,7834,1351,93,67,122,15,1642,213,25,33,5,4,282,298,24,26,68,6,419,165,14,7,5,0,193,2894,66,56,18,23,3054,268,54,43,314,7,690,9205,872,591,1235,129,12031,429,39,42,419,4673,5596,44610,7702,5047,48332,6069,111761,1458,3760,2612,23215
LGA41140,192,3307,79,3790,0,0,0,8,0,12,20,0,7,3,0,30,5,0,0,4,0,5,52,21,5,33,0,111,625,201,213,2909,61,4014,23,0,0,0,0,26,4,0,0,14,0,20,63,35,26,924,21,1069,11,6,0,4,0,19,7,5,0,4,0,9,24,5,0,0,0,27,92,25,18,724,12,871,27,15,11,70,6,124,0,0,0,0,0,3,0,0,0,0,0,4,0,0,0,0,0,0,6,4,0,7,0,18,4,0,0,3,0,3,11,8,8,10,0,32,16,0,4,55,0,78,6,0,0,0,0,6,0,0,0,0,0,0,108,50,45,674,8,882,0,0,0,0,0,7,12,4,0,6,0,24,8,0,0,3,0,18,0,0,0,0,0,5,0,0,0,0,0,0,18,9,0,22,0,44,134,26,23,59,0,246,13,5,0,91,491,605,1103,364,314,6603,638,9021,32,221,191,3317
LGA41190,21,788,9,847,0,0,0,0,0,0,0,3,0,0,0,3,0,0,0,0,0,0,7,3,0,0,0,17,56,26,26,585,10,697,0,0,6,0,0,5,0,0,0,0,0,5,8,0,8,224,3,245,0,0,0,3,0,0,0,0,0,0,0,0,4,0,0,0,0,4,3,0,6,102,0,111,3,6,0,11,0,25,0,0,0,0,0,0,0,0,0,0,0,0,0,0,0,0,0,0,0,0,0,0,0,0,0,0,0,0,0,0,0,0,0,0,0,4,0,0,0,3,0,5,0,0,0,0,0,0,0,0,0,0,0,0,15,4,3,98,0,122,0,0,0,0,0,0,0,0,0,0,0,0,0,0,0,0,0,0,0,0,0,0,0,0,0,0,0,0,0,0,0,0,0,5,0,9,7,12,4,11,0,31,0,0,0,35,105,139,88,49,36,1464,126,1770,0,23,18,783
LGA41330,33,422,7,514,0,3,0,86,0,90,13,0,0,0,0,13,34,8,0,15,0,55,9,0,0,3,0,15,73,31,23,272,14,419,35,0,4,0,0,43,12,4,0,5,0,16,48,5,8,67,3,134,86,6,0,15,3,114,25,3,0,3,0,33,40,0,0,0,0,41,11,4,9,91,6,118,20,3,0,15,0,39,0,0,0,0,0,0,0,0,0,0,0,0,0,0,0,0,0,0,0,0,0,0,0,0,0,0,0,0,0,0,4,0,0,0,0,4,19,0,0,0,0,15,0,0,5,0,0,7,0,0,0,0,0,0,11,5,4,38,7,67,26,0,0,0,0,31,0,0,0,0,0,0,0,0,0,0,0,0,33,0,0,0,0,33,0,0,0,0,0,0,0,3,0,0,0,7,122,8,6,18,3,151,9,0,0,22,256,294,559,67,52,785,296,1766,18,30,28,262
LGA41560,281,5712,129,6497,4,0,0,53,0,59,24,0,9,23,0,51,8,0,0,0,0,13,102,27,24,56,3,203,912,357,301,4486,116,6164,29,0,11,5,0,43,24,3,0,15,0,43,97,60,28,912,26,1126,32,12,8,34,3,82,9,0,0,7,0,21,38,0,0,0,0,43,100,39,29,764,20,947,79,32,6,102,3,223,0,0,0,0,0,5,0,0,0,4,0,4,0,0,0,0,0,3,17,0,0,10,0,36,7,0,3,4,0,13,15,11,5,4,4,41,30,14,4,17,0,64,7,0,0,4,0,17,0,0,0,4,0,5,185,63,38,748,18,1060,5,0,0,0,0,3,29,6,0,4,0,32,13,0,0,4,0,25,4,0,0,0,0,4,5,0,0,0,0,5,22,6,0,37,0,67,147,36,28,92,5,300,17,5,8,151,932,1112,1676,619,490,10159,1194,14138,86,372,327,5747
LGA41750,19,464,9,500,0,0,0,0,0,0,0,0,0,0,0,3,0,0,0,4,0,4,4,0,0,0,0,11,38,16,13,347,0,421,0,0,0,0,0,0,0,0,0,4,0,10,3,0,4,101,0,114,0,0,0,5,0,4,0,0,0,0,0,0,0,0,0,0,0,0,6,6,0,90,0,103,0,0,0,0,0,11,0,0,0,0,0,0,0,0,0,0,0,0,0,0,0,0,0,0,0,0,0,0,0,0,0,0,0,0,0,0,0,0,0,0,0,5,3,0,0,0,0,9,0,0,0,0,0,0,0,0,0,0,0,0,11,3,3,89,0,109,0,0,0,0,0,0,0,0,0,0,0,0,0,0,0,0,0,0,0,0,0,0,0,0,0,0,0,0,0,0,0,0,0,0,0,4,17,0,5,9,0,29,0,0,3,13,54,67,87,27,27,845,63,1045,3,13,16,417
LGA41830,22,724,17,802,0,0,0,42,0,46,3,0,0,0,0,7,0,0,0,0,0,0,12,3,0,6,0,25,64,26,30,492,16,634,0,0,0,0,0,0,0,0,0,4,0,3,12,7,3,94,0,116,0,0,0,0,0,0,0,0,0,0,0,0,5,0,0,0,0,3,14,5,9,132,4,157,0,3,0,9,0,14,0,0,0,0,0,0,0,0,0,0,0,0,0,0,0,0,0,0,0,0,0,0,0,0,0,0,0,0,0,0,6,0,0,0,0,6,4,0,0,3,0,13,0,0,0,0,0,0,0,0,0,0,0,0,15,8,7,119,5,153,0,0,0,0,0,0,0,0,0,0,0,0,0,0,0,0,0,0,0,0,0,0,0,0,0,0,0,0,0,0,0,3,0,8,0,12,18,8,0,14,0,40,3,0,0,13,109,122,141,53,42,1262,143,1640,4,41,18,567
LGA41960,24,518,14,588,0,0,0,3,0,3,0,0,0,0,0,0,4,0,0,5,0,3,11,5,5,12,0,34,41,22,20,423,15,525,0,0,0,0,0,0,0,0,0,5,0,5,9,0,0,148,10,163,0,0,0,0,0,3,0,0,0,0,0,0,0,0,0,0,0,0,9,0,0,78,0,84,0,3,0,4,0,13,0,0,0,0,0,0,0,0,0,0,0,0,0,0,0,0,0,0,0,0,0,0,0,0,3,0,0,0,0,3,0,0,0,0,0,0,0,0,0,0,0,0,0,0,0,0,0,0,0,0,0,0,0,0,8,6,7,74,0,102,0,0,0,0,0,0,5,0,0,0,0,5,0,0,0,0,0,0,0,0,0,0,0,0,0,0,0,0,0,0,0,0,0,8,0,8,12,5,0,9,0,27,0,0,0,27,121,154,101,44,36,966,149,1298,7,16,32,501
LGA42030,715,6735,224,8682,0,4,3,43,0,49,80,5,8,14,0,108,20,5,4,17,0,50,173,65,43,133,4,416,3239,958,855,6019,209,11285,99,4,21,0,3,127,28,4,3,57,0,93,266,128,114,1699,36,2243,78,29,11,99,0,221,35,5,5,11,0,58,39,6,4,6,0,55,446,135,109,1448,26,2161,339,95,56,402,11,906,16,0,0,0,0,23,5,4,0,6,4,21,9,0,0,5,0,13,36,17,13,29,6,101,33,13,8,8,0,52,43,28,12,5,0,96,95,21,13,61,0,189,45,5,9,14,0,74,0,0,0,0,0,3,535,188,144,1253,34,2153,9,0,0,7,0,14,39,3,3,0,0,44,31,7,3,16,0,62,15,0,0,6,0,22,56,4,0,0,0,58,92,17,11,59,0,176,490,79,49,170,9,795,40,9,14,143,1101,1300,5453,1593,1300,13137,1553,23035,177,1012,823,7515
LGA42110,72,1473,29,1694,0,0,0,4,0,4,4,0,0,3,0,8,7,0,0,4,0,4,34,4,4,3,0,46,326,103,85,1143,28,1677,20,0,4,0,4,25,3,0,0,4,0,7,34,26,9,636,12,721,10,0,0,0,0,8,0,0,0,0,0,0,11,4,0,0,0,16,36,14,13,308,5,376,11,8,0,23,0,43,0,0,0,0,0,0,0,0,0,0,0,0,0,0,0,0,0,0,0,0,5,3,0,8,4,0,4,0,0,6,14,0,4,3,0,20,12,0,0,17,0,27,0,0,0,0,0,9,0,0,0,0,0,0,51,22,12,237,5,330,0,0,0,0,0,3,0,0,0,3,0,3,0,0,0,3,0,3,0,0,0,0,0,0,0,0,0,0,0,0,13,3,0,22,0,30,51,6,12,35,8,101,8,0,5,40,252,304,532,181,134,2971,313,4134,16,90,72,1452
LGA42250,133,3123,62,3548,0,0,0,7,0,14,0,0,0,9,0,18,5,0,0,8,0,18,81,31,32,71,0,218,296,154,129,2422,53,3058,10,0,8,0,0,20,5,0,3,14,0,25,63,43,24,565,0,701,13,9,0,22,0,39,7,0,0,0,0,12,5,3,0,3,0,15,32,41,25,608,12,715,68,14,7,83,5,175,3,0,0,0,0,3,0,3,0,0,0,3,4,0,0,0,0,3,10,0,0,12,0,21,16,0,10,0,0,24,22,17,12,4,0,43,21,5,0,10,0,31,11,0,3,4,0,12,0,0,0,0,0,0,64,42,33,715,10,864,6,0,0,0,0,6,17,0,0,0,0,15,0,0,0,5,0,8,0,0,0,0,0,0,0,0,0,0,0,0,8,5,3,21,0,40,99,27,18,65,5,212,9,6,3,89,851,955,745,344,258,5873,976,8201,31,198,149,3055
LGA42600,948,8705,137,11271,3,9,0,50,0,56,546,28,26,48,0,653,110,16,9,41,0,173,285,83,48,150,7,576,3926,1301,1023,8754,212,15212,134,0,24,6,0,170,113,21,13,97,0,243,510,172,117,1791,30,2617,291,67,27,193,8,583,81,8,0,14,0,104,403,27,3,6,4,445,794,266,174,2839,43,4114,592,177,80,530,8,1388,67,0,0,4,3,77,35,9,12,40,0,96,9,0,0,8,0,23,73,20,15,60,3,167,29,12,6,0,0,48,104,56,33,16,0,213,245,32,29,90,8,405,103,10,3,14,0,131,10,8,0,0,0,8,960,301,239,2323,32,3856,54,3,4,8,0,73,124,10,4,9,0,147,119,4,6,23,0,156,34,4,0,0,0,46,43,4,12,0,0,67,167,22,28,106,6,319,1808,236,186,373,18,2624,61,13,15,149,2012,2254,9904,2438,1817,18784,2415,35361,250,1487,1107,9192
LGA42750,119,1647,37,1970,0,0,0,10,0,15,14,0,3,0,0,17,4,4,0,4,0,10,49,9,9,23,0,92,373,110,111,1345,37,1978,14,0,14,3,0,32,10,0,3,7,0,20,63,27,17,287,6,400,10,0,0,9,0,19,3,4,0,3,0,9,3,0,0,0,0,6,72,21,15,288,12,407,22,11,0,40,0,79,0,0,0,0,0,0,0,3,0,3,0,4,0,0,0,0,0,0,6,0,0,3,0,15,40,6,0,4,7,59,24,3,3,5,0,38,4,5,3,4,4,15,0,4,0,3,0,9,0,0,0,0,0,0,79,32,31,337,4,485,0,0,0,0,0,0,9,3,0,0,0,9,7,0,0,3,0,6,0,0,0,0,0,3,3,0,5,0,0,7,6,0,0,14,0,18,74,27,14,41,0,160,0,0,3,36,399,436,734,242,210,3033,486,4702,26,162,131,1650
LGA43080,22,401,3,452,0,0,0,0,0,0,0,0,0,0,0,0,0,0,0,0,0,0,13,3,0,8,0,20,43,34,18,378,7,487,5,0,3,0,0,13,0,0,0,0,0,6,3,4,4,163,3,177,0,0,0,0,0,0,0,0,0,0,0,4,5,0,0,0,0,5,0,0,0,41,0,51,0,0,0,10,0,15,0,0,0,0,0,0,0,0,0,0,0,0,0,0,0,0,0,0,0,0,0,0,0,0,0,0,0,0,0,0,0,0,0,0,0,0,3,0,0,5,0,4,0,0,0,0,0,0,0,0,0,0,0,0,8,6,0,77,0,93,0,0,0,0,0,0,0,0,0,0,0,0,0,0,0,0,0,0,0,0,0,0,0,0,0,0,0,0,0,0,3,0,0,0,0,5,6,8,0,11,0,23,0,0,0,16,50,69,84,49,36,846,68,1088,7,17,20,404
LGA43220,21,527,0,571,0,0,0,0,0,0,0,0,0,0,0,0,0,0,0,0,0,0,3,5,0,4,0,8,14,15,18,360,7,409,0,0,0,0,0,0,0,0,0,3,0,3,8,0,3,137,0,150,0,0,0,0,0,0,0,0,0,0,0,0,12,0,0,0,0,13,0,3,3,47,0,55,0,0,0,3,0,3,0,0,0,0,0,0,0,0,0,0,0,0,0,0,0,0,0,0,0,0,0,0,0,0,0,0,0,0,0,0,0,0,0,0,0,4,0,0,0,0,0,0,0,0,0,0,0,0,0,0,0,0,0,0,3,8,0,73,0,86,0,0,0,0,0,0,5,0,0,0,0,5,0,0,0,0,0,0,0,0,0,0,0,0,0,0,0,0,0,0,0,0,0,0,0,0,7,0,0,3,0,14,0,0,0,17,57,73,52,24,26,891,69,1055,0,18,21,475
LGA43360,41,983,24,1093,0,0,0,7,0,7,5,0,0,0,0,5,0,0,0,0,0,4,17,0,5,3,0,25,82,41,60,827,25,1037,0,0,0,0,0,0,0,0,0,4,0,3,22,6,5,206,0,245,0,0,0,0,0,4,0,0,0,0,0,5,0,0,0,0,0,3,12,5,8,105,6,143,4,0,0,18,0,20,0,0,0,0,0,0,0,0,0,0,0,0,4,0,0,0,0,4,0,0,0,0,0,0,4,0,0,0,0,12,5,3,0,0,0,5,6,0,4,4,0,11,0,0,0,0,0,0,0,0,0,0,0,0,22,9,19,172,5,224,0,0,0,0,0,0,3,0,0,0,0,9,0,0,0,0,0,0,0,0,0,0,0,0,0,0,0,0,0,0,3,0,0,5,0,6,29,6,9,22,0,74,3,0,0,20,140,161,174,67,95,1819,194,2347,6,44,51,982
LGA43650,456,5287,99,6488,0,0,0,20,0,17,24,0,3,12,0,43,10,3,0,12,0,17,120,36,27,71,0,250,1506,535,505,3771,103,6417,31,5,9,8,0,50,19,6,0,25,0,54,135,85,88,1895,21,2221,14,13,6,22,0,52,16,3,3,10,0,35,8,3,0,6,0,15,195,81,56,878,19,1229,108,47,27,209,3,396,0,0,0,4,0,5,0,3,0,16,0,23,0,0,0,0,0,0,14,11,6,15,0,50,14,7,4,0,0,21,30,17,10,7,0,59,30,13,12,39,9,96,13,3,4,13,0,30,0,0,0,0,0,0,268,103,86,724,11,1191,3,0,0,0,0,4,31,4,0,0,0,33,15,3,0,12,0,29,3,0,4,0,0,10,15,0,4,0,0,20,54,11,15,50,0,125,223,64,56,128,3,467,26,5,5,106,571,715,2451,952,793,9759,780,14733,112,632,503,5606
LGA43710,103,2205,44,2507,0,0,0,20,0,22,6,0,0,0,0,9,12,8,3,15,0,31,47,11,6,11,0,71,209,146,104,1616,27,2103,15,3,0,0,0,22,5,0,6,15,0,27,30,18,19,426,11,501,4,4,5,11,0,16,5,0,0,0,0,9,3,0,0,0,0,4,26,16,14,383,10,452,11,14,0,52,0,79,0,0,0,0,0,0,0,0,0,0,0,4,0,0,0,0,0,0,5,3,0,9,0,17,8,0,6,0,0,7,8,3,6,0,0,17,14,9,0,13,0,32,0,0,0,0,0,0,0,0,0,0,0,0,43,31,19,398,6,498,0,0,0,4,0,6,9,3,3,0,0,16,6,5,0,0,0,11,0,0,0,0,0,0,0,0,0,0,0,0,10,4,4,9,0,28,72,27,12,46,4,157,8,4,0,82,549,638,462,270,187,3972,620,5507,13,153,118,2292
LGA43790,166,4298,90,4823,0,0,0,31,0,32,23,0,5,8,0,33,12,0,0,3,0,16,63,29,9,31,0,125,450,249,178,3380,96,4352,33,0,14,0,0,47,7,0,0,14,0,27,79,68,42,2097,37,2331,100,9,3,49,6,166,20,0,0,0,0,22,84,0,3,5,10,106,49,25,12,608,17,709,88,36,15,135,8,282,8,0,0,0,0,11,0,0,0,4,0,3,0,0,0,0,0,5,10,3,0,5,0,12,6,6,0,10,0,27,16,3,5,0,0,18,26,5,6,30,0,73,5,0,0,0,0,6,0,0,0,0,0,0,95,46,38,608,15,808,4,0,0,0,0,5,10,0,3,0,0,13,17,0,0,10,0,19,7,0,0,0,0,9,4,0,6,0,0,11,15,6,4,61,0,86,201,35,15,81,0,338,16,8,6,116,630,764,1264,449,323,8594,859,11481,64,273,200,4130
LGA44000,0,7,0,7,0,0,0,6,0,6,0,0,0,0,0,0,0,0,0,0,0,0,0,0,0,0,0,0,4,0,0,9,0,12,0,0,0,0,0,0,0,0,0,0,0,0,0,0,0,3,0,3,0,0,0,0,0,0,0,0,0,0,0,0,0,0,0,0,0,0,0,0,0,0,0,0,0,0,0,0,0,0,0,0,0,0,0,0,0,0,0,0,0,0,0,0,0,0,0,0,0,0,0,0,0,0,0,0,0,0,0,0,0,0,0,0,0,0,0,0,0,0,0,0,0,0,0,0,0,0,0,0,0,0,0,0,0,0,0,0,0,0,0,0,0,0,0,0,0,0,0,0,0,0,0,0,0,0,0,0,0,0,0,0,0,0,0,0,0,0,0,0,0,0,0,0,0,0,0,0,0,0,0,0,0,0,0,0,36,36,4,0,0,17,36,62,0,0,0,0
LGA44060,2291,21551,389,28025,3,11,0,130,6,152,4012,52,69,94,34,4261,277,38,17,91,4,427,777,242,136,391,0,1549,8532,3056,2348,19932,422,34294,995,14,108,22,14,1153,191,23,22,196,10,447,1071,423,278,4183,62,6014,979,229,77,520,19,1830,200,50,8,54,4,319,2327,34,17,14,14,2406,1544,586,404,5635,99,8267,1243,429,172,1252,30,3121,200,5,17,19,0,236,199,56,22,94,3,367,50,4,4,21,0,81,150,54,30,122,6,356,75,28,18,14,3,138,214,104,59,31,0,403,788,91,66,243,7,1201,243,25,19,46,5,334,16,0,0,0,0,20,1901,664,474,4761,88,7893,214,19,15,30,0,272,369,31,21,3,5,430,252,28,26,62,5,365,193,13,22,8,0,240,303,13,29,6,4,357,361,60,60,266,7,751,6957,611,458,857,80,8955,315,35,25,371,3369,4121,30597,5937,4251,43417,4422,88618,879,3448,2676,22046
LGA44210,177,2904,59,3424,0,0,0,23,0,26,13,0,0,6,0,17,3,0,0,0,0,6,85,19,11,22,4,144,621,269,188,2383,54,3501,26,0,0,3,3,35,12,0,0,27,0,36,125,51,38,1284,25,1529,0,3,0,3,0,14,10,4,3,3,0,23,27,0,0,0,0,31,69,31,28,439,7,567,38,23,6,55,3,118,5,0,0,0,0,5,0,0,0,0,0,4,0,0,0,0,0,0,3,0,5,4,0,16,5,3,0,0,0,11,11,3,3,0,0,22,24,4,7,12,0,47,5,0,0,6,0,11,0,0,0,0,0,0,122,49,32,501,12,712,0,0,0,0,0,0,10,0,0,0,0,11,9,0,0,8,0,17,0,0,0,0,0,0,0,0,0,0,0,0,18,8,7,21,0,50,130,23,16,61,5,238,13,4,4,61,769,856,1190,429,319,5811,898,8641,59,245,168,3070
LGA44340,1922,16465,211,21597,0,3,6,48,0,60,2317,56,91,101,15,2575,150,32,18,86,9,291,568,196,104,246,5,1122,5719,2618,1899,16376,260,26874,273,7,50,12,8,356,175,42,35,147,5,405,967,395,243,3612,55,5279,1260,241,94,680,12,2296,169,32,20,38,0,254,920,25,35,36,5,1029,1046,509,323,4519,57,6458,1042,340,169,1034,31,2622,183,10,4,14,0,211,235,49,42,93,5,434,21,6,0,15,0,39,95,30,28,77,0,233,27,16,7,4,0,49,163,85,46,20,0,318,390,108,41,227,8,768,167,12,13,42,0,233,13,0,0,0,0,13,1265,568,443,4284,55,6616,108,14,5,20,0,139,197,26,32,19,3,273,106,16,17,40,3,179,194,14,13,3,0,228,273,12,19,3,0,309,213,62,30,215,10,537,3721,522,401,816,28,5487,134,27,20,255,2201,2632,18937,5016,3570,34466,2809,64806,546,2889,2242,16960
LGA44550,1025,11063,199,13795,0,6,0,69,0,70,134,10,11,21,0,185,28,8,11,28,6,82,401,121,88,233,3,853,3205,1382,1038,9511,218,15348,137,8,20,5,0,167,92,24,11,92,4,220,554,255,166,2939,57,3964,52,27,16,87,0,188,42,18,9,25,0,94,133,8,5,5,0,158,435,211,147,1983,44,2820,264,118,49,445,13,879,22,0,4,4,0,36,14,4,4,21,0,40,4,0,0,5,0,10,33,15,7,44,0,95,26,11,3,4,0,45,51,45,25,22,4,144,118,31,26,96,0,272,33,13,3,22,0,74,0,0,0,0,0,0,518,253,206,2249,51,3278,22,0,0,14,0,33,110,11,5,5,0,130,41,7,9,21,4,76,38,5,8,7,0,50,6,3,3,4,0,18,112,43,19,92,5,275,773,206,154,352,19,1504,53,17,10,220,1486,1785,6121,2412,1799,21104,1957,33394,228,1671,1305,12446
LGA44620,487,9477,170,10954,5,6,0,74,0,84,92,0,9,64,0,171,52,3,0,23,0,80,324,107,57,193,9,692,1180,685,487,8328,173,10850,122,4,31,7,0,171,24,4,7,51,0,86,227,97,81,1717,19,2139,73,14,10,43,0,136,30,6,5,7,0,53,103,9,0,0,0,114,168,117,99,2143,45,2569,350,97,18,369,13,838,3,0,3,0,0,7,0,0,0,16,0,20,6,0,0,0,0,11,9,9,4,12,0,36,43,23,11,12,0,91,51,28,13,20,0,121,92,18,3,77,3,204,30,3,3,16,0,50,4,0,0,0,0,3,310,152,118,2153,38,2774,7,0,0,3,0,13,40,6,7,0,0,54,24,3,0,8,0,35,15,0,0,0,0,14,27,0,9,0,0,32,39,17,11,69,0,136,955,90,54,217,16,1335,59,10,14,269,1249,1594,3862,1315,897,18567,1637,26281,195,803,524,9511
LGA44830,37,1102,27,1213,0,0,0,5,0,5,7,6,4,4,0,15,3,0,0,0,0,3,20,3,0,6,0,32,132,65,35,941,8,1186,6,0,8,0,0,8,6,4,0,4,0,10,32,18,12,311,3,368,4,0,0,7,0,8,0,4,0,0,0,7,3,0,0,4,0,6,17,9,11,191,3,223,6,3,0,13,0,21,0,0,0,0,0,0,0,0,0,0,0,0,0,0,0,0,0,0,3,0,0,0,0,4,9,0,0,0,0,9,0,0,0,0,0,0,0,0,0,3,0,7,4,0,0,0,0,3,0,0,0,0,0,0,30,14,11,239,5,306,0,0,0,0,0,0,6,0,0,0,0,6,0,0,0,0,0,4,0,0,0,0,0,0,0,0,0,0,0,0,6,0,0,11,0,21,20,0,9,20,0,45,0,5,0,20,174,200,278,100,68,2201,218,2861,5,59,42,1043
LGA45040,397,6848,178,7987,0,10,5,159,0,172,522,3,0,16,0,540,15,0,0,6,0,25,143,35,23,99,3,306,994,480,408,6089,185,8154,375,0,32,0,5,415,23,0,0,42,0,67,150,117,66,2355,53,2747,16,5,7,20,0,50,0,0,0,10,0,13,127,5,4,5,0,139,123,79,50,1088,16,1348,244,73,23,227,5,571,21,0,0,0,0,21,21,4,0,5,0,33,0,0,0,0,0,0,11,4,0,8,0,23,126,3,10,7,0,145,42,33,11,4,0,84,48,10,9,46,4,118,13,3,4,5,0,29,29,0,0,0,0,32,208,74,75,1264,29,1655,7,0,0,3,0,12,23,0,0,0,0,26,22,0,0,18,0,42,26,6,0,0,0,36,133,4,0,0,0,138,37,7,5,58,9,122,639,78,42,153,11,925,67,12,10,175,1414,1686,3711,918,708,13708,1824,20862,129,549,444,6977
LGA45090,143,3012,77,3440,0,0,0,8,0,14,82,0,4,5,0,83,4,0,0,0,0,5,37,12,7,27,0,86,339,183,168,2692,61,3443,128,0,10,0,0,135,5,5,0,22,0,29,69,21,22,569,13,700,6,6,0,19,0,29,4,4,0,3,0,7,7,0,0,3,0,12,42,25,11,471,10,569,27,25,0,74,0,122,27,0,0,0,0,29,0,0,0,5,0,5,0,0,0,0,0,0,3,0,0,6,0,10,83,0,7,0,0,89,18,8,4,0,0,34,14,0,0,13,0,26,4,0,0,4,0,8,0,0,0,0,0,0,87,34,40,760,16,941,0,0,0,0,0,0,7,0,0,0,0,9,9,0,0,0,0,18,5,0,0,0,0,0,29,0,0,0,0,32,6,4,0,17,0,31,473,14,20,35,9,553,16,9,0,98,351,476,1343,312,276,5848,507,8291,52,186,159,3038
LGA45120,106,1880,36,2116,0,0,0,12,0,12,8,0,0,8,0,15,3,0,0,0,0,3,31,3,0,11,0,47,202,78,104,1514,41,1939,5,0,0,0,0,5,16,0,0,3,0,16,33,11,10,434,6,495,3,0,0,0,0,0,0,0,0,5,0,7,0,0,0,0,0,0,42,18,14,407,13,493,9,5,0,20,0,37,0,0,0,0,0,0,0,0,0,0,0,0,0,0,0,0,0,0,4,0,0,0,0,3,6,0,0,0,0,5,3,0,3,0,0,11,5,0,0,10,0,21,0,0,0,3,0,5,0,0,0,0,0,0,37,18,16,324,5,395,0,0,0,0,0,0,0,0,0,0,0,0,5,0,0,6,0,3,3,0,0,0,0,3,0,0,0,0,0,0,7,3,0,9,0,21,31,12,19,21,0,87,5,0,0,76,260,338,377,131,168,3508,341,4529,13,83,110,1880
LGA45290,827,6410,100,8672,0,0,0,31,6,34,2359,36,64,45,7,2511,147,27,6,55,0,242,220,62,42,90,3,418,2347,1143,876,6734,108,11202,206,8,29,5,3,236,118,18,7,72,0,220,452,192,97,1568,33,2345,773,149,62,344,11,1331,91,24,18,28,0,160,996,30,22,15,6,1069,481,250,171,2215,13,3137,3064,468,209,1376,48,5169,281,0,7,9,0,293,65,9,10,42,0,129,18,4,4,10,0,32,63,20,13,31,4,134,16,3,4,3,0,36,87,41,21,19,0,161,244,42,29,90,0,404,104,14,6,23,0,153,0,0,0,0,0,0,554,276,189,1857,34,2916,54,6,0,13,0,70,76,12,12,10,0,113,77,12,13,18,0,124,141,6,7,0,4,157,278,11,18,13,0,317,112,31,17,79,6,245,2476,255,195,348,27,3304,106,10,4,140,1594,1852,14239,2542,1709,14946,1914,35357,323,1247,916,6566
LGA45340,5403,47734,1020,62579,3,32,12,330,9,386,1327,63,118,191,26,1720,366,67,33,114,3,590,1890,569,389,816,34,3690,24001,7457,5954,41218,1098,79730,1027,52,217,34,19,1346,377,67,34,356,9,848,2434,952,684,7844,127,12043,698,204,99,566,12,1587,352,67,36,126,4,586,1177,86,37,52,17,1371,3319,1084,754,9131,204,14494,1548,670,247,1963,58,4483,144,3,7,23,0,178,307,96,25,87,0,519,37,11,9,17,0,72,257,98,53,191,6,608,274,102,60,50,10,495,474,258,160,85,8,983,1192,147,117,404,29,1885,294,23,35,77,3,433,25,15,0,0,0,41,4626,1406,1211,8663,180,16081,212,28,7,53,4,307,598,55,46,31,4,740,326,49,29,110,6,520,119,20,17,20,0,172,138,13,40,5,0,203,970,163,120,459,17,1729,5572,1043,698,1565,93,8962,349,74,73,961,7478,8935,45679,12932,9686,88669,9800,166766,1530,8115,6180,49597
LGA45400,24,388,9,427,0,0,0,0,0,0,0,0,0,0,0,0,0,0,0,0,0,0,5,0,0,7,0,14,59,9,26,262,3,359,0,0,0,0,0,0,0,0,0,0,0,0,11,4,3,48,4,77,0,0,0,0,0,0,0,0,0,0,0,0,0,0,0,0,0,0,4,0,4,81,7,92,0,0,0,5,0,5,0,0,0,0,0,0,0,0,0,6,0,15,0,0,0,0,0,0,0,0,0,4,0,4,0,0,0,0,0,0,0,0,0,0,0,0,3,0,0,0,0,5,0,0,0,0,0,0,0,0,0,0,0,0,10,0,5,51,0,66,0,0,0,0,0,0,0,0,0,0,0,0,0,0,0,0,0,0,0,0,0,0,0,0,0,0,0,0,0,0,0,0,0,6,0,8,10,5,0,3,0,17,0,0,0,11,65,75,87,22,38,672,83,899,4,8,27,342
LGA45540,32,619,18,726,0,0,0,4,0,4,4,0,0,0,0,3,0,0,0,0,0,4,15,4,0,3,0,26,123,40,37,539,17,758,6,0,0,0,0,9,0,0,0,0,0,0,31,6,10,86,4,136,0,0,0,0,0,0,0,0,0,0,0,3,3,0,0,0,0,8,19,13,3,143,3,178,6,7,0,6,0,20,0,0,0,0,0,0,0,0,0,0,0,0,0,0,0,0,0,0,0,0,0,0,0,3,3,0,0,3,0,8,3,0,0,0,0,3,6,0,0,15,0,20,0,0,0,0,0,3,0,0,0,0,0,0,22,10,5,116,0,161,0,0,0,0,0,0,0,0,0,0,0,3,0,0,0,0,0,4,0,0,0,0,0,0,0,0,0,0,0,0,3,0,0,9,0,13,25,0,6,13,0,34,6,3,3,25,105,134,228,89,63,1160,141,1678,8,37,41,569
LGA45680,2733,24973,689,33015,11,31,18,418,21,499,448,19,31,84,6,585,151,27,3,56,3,237,694,190,146,422,14,1466,10815,3905,3284,19925,726,38648,690,22,103,21,13,854,109,26,20,131,0,290,878,444,363,3490,84,5255,382,113,63,313,18,884,135,31,16,71,0,252,550,18,11,33,3,610,1446,525,368,3793,84,6223,1108,413,221,1631,54,3423,20,0,0,5,0,27,76,7,10,34,3,138,31,3,6,13,0,60,161,60,43,143,7,414,131,42,20,28,5,226,199,73,60,48,3,388,326,57,44,201,5,631,236,35,20,42,12,341,20,8,0,0,0,25,2196,716,584,3739,104,7336,156,21,11,38,3,233,129,16,15,6,0,163,151,22,20,54,6,255,60,9,5,0,0,79,781,26,21,22,13,868,346,77,59,167,7,652,7824,500,301,621,158,9405,387,62,45,588,5305,6395,26887,6545,5089,43899,6948,89375,1484,3936,2982,26385
LGA45890,2391,23259,592,31195,0,48,12,637,15,711,6434,68,146,113,71,6833,593,82,42,151,14,884,653,228,153,334,15,1375,7963,3362,2484,20397,602,34807,1792,32,142,42,22,2023,201,31,17,185,6,436,1351,492,333,4415,103,6689,1836,349,148,791,46,3171,304,56,27,74,3,463,6127,45,41,30,46,6292,1400,673,453,5755,127,8408,3355,931,345,2447,96,7170,441,13,11,15,0,481,291,56,29,81,6,458,99,17,15,36,3,169,290,63,32,159,11,552,135,49,22,27,10,245,221,110,54,40,3,423,1316,169,115,299,17,1919,641,52,42,126,4,871,19,14,0,5,0,45,1817,807,586,4692,77,7985,691,71,25,55,12,845,161,26,17,8,4,217,367,22,16,63,3,474,401,12,6,3,4,428,5958,103,111,52,67,6289,296,91,41,251,9,682,13993,782,541,1088,159,16562,636,46,53,506,6410,7652,53845,7356,4958,46927,8148,121233,2080,3723,2787,22602
LGA46090,223,5803,153,6536,0,15,4,450,3,471,50,0,4,16,0,72,17,3,4,23,0,41,62,24,8,63,0,161,426,281,203,3721,124,4759,41,0,6,0,0,48,5,0,0,12,0,23,93,49,29,743,12,928,5,5,5,24,0,38,8,0,0,3,0,13,111,0,0,7,0,121,76,57,31,910,13,1085,103,25,12,151,5,299,4,0,0,0,0,4,0,0,0,0,0,0,0,0,0,0,0,5,5,0,0,8,0,10,15,5,7,10,0,34,9,3,4,4,0,19,15,0,3,27,0,52,5,0,0,0,0,5,0,0,0,0,0,0,71,58,51,711,18,908,0,0,0,0,0,3,12,0,8,0,0,23,4,0,0,8,0,20,3,0,0,0,0,3,14,0,0,0,3,24,16,10,0,18,0,42,195,46,19,109,10,374,22,0,4,154,1588,1769,1224,539,370,9793,1878,13812,47,274,196,4706
LGA46300,281,5322,101,6173,0,4,4,122,0,129,31,3,0,17,0,56,104,27,16,71,0,221,100,25,27,58,5,210,604,427,294,4309,87,5719,102,0,10,5,5,121,14,0,10,43,0,63,133,78,52,1034,19,1319,43,14,6,66,9,132,3,0,0,9,0,19,37,0,0,6,0,42,95,75,60,969,16,1209,80,23,4,155,4,266,8,0,0,0,0,9,0,0,0,17,0,18,4,5,0,0,0,6,10,3,0,17,0,31,20,10,9,0,0,41,15,8,8,4,6,42,27,17,4,32,0,82,13,7,4,10,0,26,3,0,0,0,0,7,123,112,81,956,6,1281,6,0,0,3,0,12,11,11,5,0,3,25,18,3,5,10,0,30,5,0,0,6,4,12,6,4,0,0,0,13,23,7,3,47,0,78,198,62,30,179,0,476,21,11,14,166,964,1167,1558,809,548,9975,1171,14062,54,405,307,5181
LGA46450,255,6955,192,7904,0,3,0,64,0,65,26,0,4,14,0,45,6,7,0,10,0,21,94,26,29,54,0,198,617,391,283,5521,150,6970,86,0,18,11,0,120,25,4,0,45,0,79,86,73,38,1164,15,1378,91,18,14,86,0,214,14,6,0,5,0,27,46,3,0,7,0,50,87,65,28,1372,23,1578,296,101,42,484,15,941,0,0,0,0,0,3,0,0,0,0,0,0,0,0,0,0,0,0,15,0,4,32,0,54,8,3,0,3,0,16,33,23,0,6,0,65,27,3,5,39,0,76,3,0,0,4,0,14,0,0,0,0,0,0,159,93,58,985,13,1311,6,0,0,0,0,6,39,0,0,0,0,39,19,3,0,7,0,27,4,3,0,0,0,14,24,0,0,0,0,24,31,10,0,51,0,98,300,46,26,177,3,551,24,6,8,168,894,1104,1906,803,513,12894,1242,17361,85,417,258,6626
LGA46510,464,4178,44,5528,0,4,5,25,0,27,768,30,34,22,8,862,105,28,15,49,0,197,103,35,30,61,0,234,1359,644,495,3760,52,6315,132,0,15,6,0,150,45,10,10,43,0,117,208,85,65,992,10,1364,796,127,44,371,4,1351,65,7,5,20,0,94,947,14,9,0,4,972,295,149,100,1355,14,1918,1056,249,114,728,24,2167,40,0,0,3,0,47,51,11,10,43,0,111,24,4,4,17,0,45,72,22,6,46,3,148,5,0,0,3,0,9,43,23,13,11,0,84,194,28,21,69,4,312,45,4,6,17,0,67,4,0,0,0,0,4,282,160,105,949,17,1523,76,0,5,5,0,92,30,3,3,0,0,39,34,9,0,9,0,46,48,0,3,0,0,54,472,26,17,14,0,530,40,17,7,54,4,120,1583,149,103,262,8,2104,66,0,14,60,839,976,7988,1490,1001,9048,1002,20523,209,737,495,4210
LGA46670,163,3080,145,3640,0,0,0,22,0,24,71,0,5,14,0,88,35,3,4,33,0,79,50,15,8,35,0,114,358,211,129,2567,72,3337,33,0,8,0,4,39,18,0,0,22,0,41,91,43,38,1029,20,1217,283,34,19,134,20,486,27,5,3,4,0,38,185,3,5,3,3,200,44,27,4,437,9,525,153,28,13,125,6,331,9,0,0,0,0,8,4,6,0,9,0,11,9,0,6,0,0,10,3,5,0,10,0,15,6,4,0,5,0,13,5,3,0,3,0,16,24,7,0,18,0,45,5,0,4,0,0,9,0,0,0,0,0,0,62,43,23,483,11,615,7,0,0,0,0,4,4,0,0,0,0,7,7,0,0,9,0,14,0,0,0,0,0,0,63,3,4,0,5,71,5,3,3,27,0,43,407,35,18,111,7,577,30,4,4,93,596,727,1832,421,298,6070,860,9475,91,216,154,3224
LGA46860,32,472,13,554,0,0,0,3,0,5,5,0,0,4,0,9,0,0,0,0,0,3,8,0,0,3,0,20,65,28,31,479,7,610,0,0,0,0,0,0,0,0,0,0,0,6,11,3,0,84,5,103,5,0,0,5,0,7,0,0,0,0,0,0,4,0,4,0,0,12,9,5,4,77,0,98,4,10,0,10,4,28,0,0,0,0,0,0,0,0,0,4,0,4,0,0,0,0,0,0,0,0,0,0,0,0,6,0,0,0,3,10,0,0,0,0,0,4,4,0,0,4,0,11,0,0,0,0,0,0,0,0,0,0,0,0,12,11,7,138,0,175,0,0,0,0,0,0,0,0,0,0,0,0,0,0,0,0,0,0,0,0,0,0,0,0,0,0,0,0,0,0,8,3,0,4,0,16,16,0,4,13,0,35,3,0,0,14,94,111,141,61,62,999,118,1375,0,27,26,562
LGA46970,126,1472,41,1780,0,3,0,20,0,21,11,0,0,24,0,39,8,3,0,7,0,13,31,11,10,25,6,71,198,104,93,963,32,1391,61,0,8,0,0,66,7,0,0,0,0,5,23,16,13,225,7,276,0,0,3,6,0,14,8,0,0,0,0,11,30,0,0,6,0,36,31,9,5,243,9,307,12,18,6,49,0,82,0,0,0,0,0,0,0,0,0,0,0,0,0,0,0,0,0,0,0,0,0,0,0,8,40,0,6,4,0,49,24,0,0,4,0,26,0,0,0,0,0,10,7,0,0,3,0,11,0,0,0,0,0,5,63,22,24,227,4,340,6,0,0,6,0,12,28,0,3,0,0,29,14,0,0,3,0,15,19,0,0,0,0,13,4,0,0,0,0,4,3,0,3,6,0,12,175,25,14,29,3,246,5,5,0,39,308,347,655,198,191,2462,378,3881,24,112,104,1352
LGA47140,3378,30165,675,40411,5,35,24,473,19,552,3865,96,86,121,33,4192,570,83,46,109,5,809,885,272,183,483,7,1829,12475,4363,3569,24640,772,45820,2482,58,233,31,32,2837,170,37,38,191,6,446,1534,625,413,5286,83,7937,1201,239,146,688,21,2292,367,50,20,104,5,548,4198,37,32,43,25,4332,1736,644,509,5254,119,8260,3127,891,401,2691,106,7210,238,6,16,10,0,266,408,90,45,77,13,636,172,14,13,41,0,243,457,113,71,241,8,893,152,40,29,34,0,262,205,82,83,53,3,434,1397,190,119,342,15,2070,358,34,27,83,3,502,34,3,9,3,3,52,2257,824,678,4643,134,8539,697,61,23,55,10,842,172,20,32,12,0,238,543,41,33,101,6,720,297,9,12,9,0,330,5229,160,101,77,59,5627,454,92,49,261,10,865,19230,863,599,1046,234,21973,765,61,57,588,5739,7209,59293,8613,6519,55851,7709,137981,2854,4399,3496,28237
LGA47290,38,818,16,907,0,0,0,0,0,4,16,0,0,0,0,16,3,0,0,0,0,10,13,5,3,10,3,27,68,19,22,573,18,700,18,0,0,0,0,18,0,0,0,5,0,3,14,3,4,257,0,285,6,4,0,4,0,5,4,0,0,0,0,4,3,0,0,0,0,3,11,7,3,118,4,143,7,0,0,7,0,11,0,0,0,0,0,3,0,0,0,0,0,0,0,0,0,0,0,0,0,0,0,0,0,3,6,0,0,4,0,3,3,0,0,0,0,5,0,0,0,3,0,8,0,0,0,0,0,0,0,0,0,0,0,0,19,4,6,101,0,139,0,0,0,0,0,0,16,0,0,0,0,16,0,0,0,0,0,0,0,0,0,0,0,0,0,0,0,0,0,0,0,0,0,0,0,6,67,9,9,16,0,103,9,0,0,20,150,175,237,51,61,1491,184,2028,8,27,24,718
LGA47490,51,835,15,953,0,0,0,4,0,4,0,0,0,0,0,3,0,0,0,0,0,5,9,3,4,11,0,19,73,38,48,671,24,852,3,0,0,0,0,4,3,0,0,0,0,4,10,7,3,141,0,164,5,0,0,5,0,8,0,0,0,0,0,0,3,0,0,0,0,3,14,12,8,203,0,235,9,0,0,7,0,12,0,0,0,0,0,0,0,0,0,0,0,0,0,0,0,0,0,0,0,3,0,3,0,8,0,5,0,3,0,8,0,0,3,0,0,8,5,0,0,8,0,14,0,0,0,0,0,0,0,0,0,0,0,0,19,12,8,130,3,176,0,0,0,0,0,0,0,0,0,0,0,4,0,0,0,5,0,6,0,0,0,0,0,0,0,0,0,0,0,0,3,3,0,0,0,7,26,6,4,29,0,59,3,0,0,13,132,151,140,79,84,1594,173,2076,4,51,41,888
LGA47630,117,2527,48,2798,0,0,0,3,0,3,51,0,0,7,0,61,0,0,0,0,0,0,24,4,15,20,0,66,214,109,95,2131,45,2589,106,0,0,0,0,107,8,0,3,6,0,14,40,20,22,649,8,742,3,5,4,4,0,12,3,0,0,0,0,8,17,0,0,0,0,20,39,25,13,368,3,451,22,10,3,47,0,85,3,0,4,0,0,11,0,0,0,0,0,0,0,0,0,0,0,0,0,0,0,0,0,0,27,0,0,0,0,30,15,3,6,0,0,25,5,0,4,8,0,17,0,0,0,0,0,0,0,0,0,0,0,0,45,17,18,485,9,576,0,0,0,0,0,0,7,0,0,0,0,7,4,0,0,0,0,5,10,0,0,0,0,13,6,0,0,0,0,6,9,0,7,13,0,25,209,17,16,46,5,301,11,0,0,73,497,585,779,183,199,4866,600,6620,30,114,146,2576
LGA47700,2955,25113,379,33133,6,17,10,127,0,157,1890,46,77,72,5,2090,272,46,26,93,0,430,1020,312,181,477,16,2004,12550,4194,3296,21658,470,42169,590,11,103,14,3,722,136,29,25,165,6,361,1603,633,412,5113,103,7868,666,175,90,452,13,1396,278,59,20,102,4,473,1710,59,26,42,6,1847,1891,666,410,4822,103,7898,3069,921,375,2498,65,6935,306,6,11,7,0,335,235,55,13,62,0,367,58,6,10,16,0,89,242,72,56,200,3,572,59,24,5,14,0,103,170,89,55,35,0,349,947,149,72,295,11,1472,320,27,21,49,8,416,21,0,0,0,0,28,2379,808,643,4716,82,8632,163,27,20,31,6,243,287,38,30,8,0,359,242,18,18,69,0,349,302,18,4,4,0,322,192,32,24,13,0,263,540,82,61,271,4,954,5039,612,418,859,60,6985,205,39,20,418,3103,3782,32168,7770,5501,48147,4156,97737,1023,4374,3069,25221
LGA47800,100,2053,48,2326,0,0,0,135,3,140,8,0,0,4,0,22,0,0,0,0,0,4,56,15,11,42,0,124,235,120,97,1765,46,2267,23,0,6,3,0,42,8,0,0,12,0,19,55,16,23,568,10,675,4,0,0,5,4,12,9,0,0,5,0,16,9,0,0,0,0,8,43,16,8,287,13,365,24,3,3,39,0,67,0,0,0,0,0,0,0,0,0,0,0,0,0,0,0,0,0,0,0,0,0,0,0,6,7,0,0,3,0,4,15,0,4,3,0,24,6,4,0,9,0,20,6,0,0,6,0,6,0,0,0,0,0,0,48,26,13,390,8,484,0,0,0,0,0,0,0,0,0,0,0,0,4,0,0,0,0,8,0,5,0,0,0,8,0,0,0,0,0,0,11,0,3,9,0,27,72,4,27,36,3,145,5,3,0,53,284,347,546,214,182,4044,393,5386,27,136,101,1956
LGA47910,54,1114,21,1247,0,0,0,10,0,13,0,0,0,6,0,10,0,0,0,0,0,0,23,0,0,13,0,39,86,55,43,887,22,1098,0,0,5,3,0,9,0,0,0,8,0,7,16,8,3,198,4,239,0,0,0,0,0,0,0,0,0,0,0,0,0,0,0,0,0,0,18,5,3,160,5,191,12,5,0,23,3,40,0,0,0,0,0,0,0,0,0,0,0,0,0,0,0,0,0,0,0,0,0,0,0,0,0,0,0,0,0,0,0,5,0,0,0,9,0,6,0,7,0,13,0,0,0,0,0,0,0,0,0,0,0,0,28,24,17,230,0,300,0,0,0,0,0,0,0,0,0,0,0,0,0,0,0,0,0,8,0,0,0,0,0,0,0,0,0,0,0,0,0,0,0,0,0,7,24,7,13,15,0,53,0,0,4,24,121,146,191,97,92,2062,164,2608,9,55,43,1146
LGA47980,961,8326,162,11055,0,4,0,41,0,50,2052,64,74,57,9,2253,94,22,18,48,4,178,218,76,45,126,0,469,2571,1435,983,8760,160,13909,121,7,25,5,0,156,113,33,19,108,0,281,429,211,145,2091,25,2898,1213,175,80,547,26,2048,73,24,17,23,4,136,832,18,25,21,8,902,588,324,208,2740,44,3893,1070,254,120,813,16,2283,180,3,7,7,0,199,71,22,12,63,3,167,12,3,0,3,0,19,68,13,7,36,0,123,19,0,0,0,0,21,94,30,25,10,0,163,227,49,37,134,0,440,135,6,11,17,0,166,0,7,0,0,0,11,645,345,232,2541,33,3797,50,12,8,13,0,82,92,13,15,5,0,126,89,6,3,25,0,122,132,14,5,0,0,151,169,8,20,3,0,193,102,49,15,124,0,294,2352,285,241,475,26,3376,64,10,14,114,1629,1834,12080,2876,1959,18763,2039,37717,277,1527,1141,8377
LGA48050,346,4424,109,5380,0,0,0,34,0,34,36,8,0,10,0,54,24,6,0,4,0,41,164,25,12,56,0,262,2078,453,444,4426,124,7535,47,0,7,0,0,58,33,8,8,37,0,81,195,77,45,905,21,1247,25,15,0,24,4,72,12,6,0,3,0,19,31,3,0,4,0,36,246,74,66,903,22,1305,115,36,25,121,8,298,0,0,0,0,0,3,4,0,0,5,0,3,0,0,0,0,0,0,22,0,4,11,0,40,7,6,7,0,0,23,21,16,3,5,0,42,38,3,9,16,0,66,17,0,4,9,0,33,0,0,0,0,0,0,313,114,88,1024,20,1562,5,0,0,0,0,7,19,0,9,0,0,27,7,7,0,7,0,33,0,0,0,0,0,4,5,0,0,0,0,7,67,9,5,41,0,117,247,49,51,109,4,454,26,7,10,93,742,877,3270,804,675,8932,981,14661,99,541,450,4908
LGA48130,122,2656,57,3045,0,0,0,16,0,20,29,0,0,12,0,41,6,0,0,0,0,3,46,18,8,19,4,92,418,202,163,2067,36,2882,124,4,0,5,0,131,11,0,3,6,0,13,54,36,20,632,4,749,8,0,0,3,0,16,4,0,0,0,0,6,13,3,0,4,0,18,54,27,22,412,10,517,24,18,5,69,0,117,0,0,0,0,0,0,0,0,0,0,0,0,0,0,0,0,0,0,6,6,0,0,0,5,0,0,9,4,0,13,13,10,3,3,0,23,7,5,0,22,0,42,4,0,0,12,0,17,0,0,0,0,0,0,75,43,33,524,11,676,0,0,0,0,0,3,4,0,0,0,0,9,0,6,0,0,0,7,4,0,0,0,0,10,10,0,0,0,0,10,17,5,3,14,0,37,69,28,14,59,5,168,10,0,4,57,358,433,884,354,243,4860,465,6804,41,199,174,2641
LGA48260,178,1490,22,1989,0,0,0,5,0,8,454,14,13,16,0,508,26,0,3,13,0,42,37,18,7,10,0,74,572,246,180,1629,29,2656,24,0,4,0,0,30,15,3,0,22,0,36,90,19,25,355,10,498,157,37,8,112,6,315,20,4,0,11,0,34,220,0,16,14,0,250,107,37,45,427,11,624,311,63,24,234,3,641,43,0,0,0,0,46,11,9,4,4,0,20,5,0,0,0,0,8,27,7,0,17,0,46,0,0,0,5,0,7,15,8,8,0,0,34,68,4,6,18,0,92,36,8,3,6,0,53,0,0,0,0,0,0,134,51,53,410,9,650,19,0,0,6,0,26,22,4,8,0,0,32,21,9,4,5,0,31,47,0,3,0,0,51,115,7,3,0,0,126,41,12,6,41,0,101,515,46,64,67,3,694,8,0,0,23,351,390,2742,513,382,3488,424,7553,71,236,186,1469
LGA48340,235,4708,85,5379,0,0,0,18,0,23,23,0,0,23,0,49,4,0,0,0,0,14,138,37,20,79,3,280,544,260,233,3644,98,4784,44,4,12,0,0,63,15,0,4,17,0,39,107,42,29,718,16,911,4,8,0,7,0,26,15,3,0,6,0,22,12,0,0,3,0,15,64,49,36,834,8,995,147,36,14,141,3,335,0,0,0,0,0,0,0,0,0,5,0,3,0,0,0,0,0,0,4,6,0,7,0,16,17,0,0,0,0,25,26,21,6,7,0,55,23,9,0,21,3,52,11,0,0,4,0,8,0,0,0,0,0,0,162,67,67,983,26,1298,3,0,0,0,0,4,21,0,0,0,0,22,7,0,0,3,0,13,0,0,0,0,0,0,9,0,0,0,0,7,21,11,3,14,0,45,142,34,29,114,3,319,11,4,9,138,662,818,1325,533,409,8558,853,11676,64,310,277,4491
LGA48410,1233,10989,191,14543,0,22,15,94,9,133,3342,41,75,59,19,3527,207,44,20,75,7,340,271,111,73,157,8,620,3052,1616,1190,10356,223,16438,681,13,84,12,8,796,123,29,17,112,0,283,500,250,167,2542,30,3490,3040,481,182,1273,56,5031,116,24,6,43,3,193,2664,30,20,9,17,2742,639,356,232,3265,49,4545,2679,540,202,1728,77,5226,172,0,3,9,0,195,145,42,11,76,0,280,64,10,5,29,0,110,173,37,24,81,7,329,42,10,7,8,4,62,97,41,40,8,4,193,433,59,42,178,9,727,147,16,11,51,0,228,7,3,0,0,0,10,735,397,285,2520,46,3979,225,21,3,41,0,294,73,8,9,7,0,99,169,15,9,34,3,235,134,8,7,6,0,150,421,9,17,12,3,464,122,25,18,127,5,296,5670,405,335,661,70,7134,197,26,14,221,2569,3027,23793,3834,2563,24466,3243,57898,695,1869,1440,11838
LGA48540,646,7186,188,9009,0,10,10,177,7,202,86,3,9,25,0,124,98,13,3,40,3,156,230,45,45,100,8,426,2381,727,677,5016,196,9005,287,12,26,3,6,336,53,9,3,33,5,103,313,111,75,968,25,1494,125,18,9,87,4,239,13,8,0,10,0,40,145,6,6,5,3,156,402,126,101,1030,24,1682,172,54,38,201,9,474,13,0,5,0,0,11,5,3,0,4,0,14,0,0,0,0,0,5,30,4,7,20,0,70,30,3,6,18,0,67,30,14,11,8,0,66,59,8,10,43,5,119,7,0,3,0,0,16,0,0,0,0,0,0,978,205,176,994,38,2387,30,8,8,8,3,47,85,0,5,0,0,93,97,15,8,39,7,161,16,0,0,0,0,20,15,5,0,0,0,27,115,36,31,52,3,234,497,84,38,149,10,785,67,14,3,187,1353,1630,5421,1417,1148,12037,1800,21829,202,791,650,6572
LGA48640,24,564,13,619,0,0,0,3,0,3,0,0,0,3,0,3,0,0,0,0,0,0,4,0,0,10,0,17,30,17,23,430,6,503,9,0,0,0,0,12,0,0,0,0,0,0,4,5,3,131,3,148,0,0,0,14,0,16,0,0,0,0,0,0,0,0,0,0,0,0,5,3,0,92,0,105,0,0,0,0,0,0,0,0,0,0,0,0,0,0,0,0,0,0,0,0,0,0,0,0,0,0,0,0,0,0,0,0,0,0,0,0,0,0,4,0,0,0,0,0,0,7,0,5,0,0,0,0,0,0,0,0,0,0,0,0,8,8,9,85,0,111,0,0,0,0,0,0,0,0,0,0,0,0,0,0,0,0,0,4,0,0,0,0,0,0,0,0,0,0,0,0,3,0,0,7,0,9,8,0,0,5,0,21,0,0,0,19,77,98,69,36,39,1001,99,1249,0,13,24,487
LGA48750,121,1627,39,2006,0,0,0,5,4,5,4,0,0,3,0,10,4,0,0,0,0,10,63,20,8,28,0,126,667,189,146,1519,47,2565,11,0,4,0,0,17,5,4,4,16,0,27,73,22,20,273,4,388,16,5,0,10,0,36,6,0,0,3,0,11,8,0,0,0,0,13,81,25,29,317,11,463,39,22,4,38,0,100,0,0,0,0,0,0,0,3,0,3,0,3,0,0,0,0,0,0,7,0,0,3,0,5,0,3,3,0,0,9,24,0,0,3,0,22,16,6,0,4,0,27,0,0,0,0,0,8,0,0,0,0,0,0,127,33,33,329,13,529,3,0,0,0,0,4,8,0,0,0,0,9,8,0,0,4,0,14,3,0,0,0,0,4,0,0,0,0,0,0,20,0,7,8,0,33,103,29,9,55,5,200,11,0,0,28,302,340,1109,340,226,3094,387,5160,44,222,190,1637
LGA48830,208,4240,110,4830,0,0,0,93,9,107,5,0,0,14,0,17,10,0,0,4,0,18,62,6,7,26,0,112,728,223,218,3793,96,5061,36,0,3,0,0,45,8,0,6,17,0,29,95,32,35,943,20,1126,9,3,0,12,0,24,8,0,0,0,0,13,17,0,0,9,0,21,113,33,24,742,15,927,45,11,4,56,0,117,3,0,0,0,0,3,0,0,0,0,0,0,0,0,0,0,0,0,9,3,4,4,0,19,7,0,0,3,0,17,7,4,0,3,0,18,17,10,5,21,0,52,10,0,0,0,0,12,0,0,0,0,0,0,138,51,45,767,11,1013,0,0,0,0,0,3,0,0,0,0,0,0,10,5,0,9,0,21,6,0,0,0,0,6,3,0,0,0,0,4,22,3,10,39,0,76,135,25,22,73,7,261,10,3,0,71,522,607,1308,415,352,8262,729,11060,46,240,192,4378
LGA49399,58,987,15,1151,0,0,0,446,26,483,8,0,0,4,0,10,14,0,0,3,0,16,11,0,6,4,0,26,143,69,54,776,21,1066,12,0,0,0,0,15,5,0,0,3,0,11,36,17,10,187,8,265,10,3,0,0,0,16,7,4,0,4,0,16,9,0,0,0,0,8,22,17,9,220,4,261,11,10,4,32,0,54,0,0,0,0,0,0,0,0,0,0,0,7,0,0,0,0,0,3,0,0,0,3,0,9,17,0,0,0,0,19,9,4,0,0,0,10,7,0,0,3,0,17,0,0,0,0,0,0,0,0,0,0,0,0,48,10,12,216,4,299,6,0,0,4,0,11,8,0,0,0,0,8,4,0,0,3,0,10,0,0,0,0,0,0,4,0,0,0,0,3,3,0,5,3,0,9,93,21,9,18,0,142,3,0,0,38,546,585,411,126,104,2259,617,3524,13,62,73,784
LGA49499,57,653,33,845,0,0,0,43,0,44,67,0,0,0,0,69,5,0,0,0,0,7,24,9,0,8,0,46,222,95,69,521,22,939,16,4,0,0,0,24,11,3,0,4,0,18,41,15,0,110,5,178,8,3,0,10,0,23,5,0,0,0,0,3,32,0,0,0,0,38,59,14,15,122,5,215,28,10,0,21,0,62,12,0,0,0,0,12,0,0,0,0,0,0,0,0,0,0,0,0,4,8,0,0,0,10,7,0,0,0,0,14,16,3,0,0,0,16,6,4,0,6,0,19,9,0,0,0,0,9,3,0,0,0,0,3,47,13,11,114,6,195,4,0,0,0,0,4,9,0,0,0,0,9,10,0,0,0,0,11,0,0,0,0,0,0,12,0,0,0,0,15,5,0,4,4,0,16,155,14,6,27,9,211,8,0,4,35,567,604,703,168,106,1252,637,2862,26,90,68,732
LGA49799,0,0,0,0,0,0,0,0,0,0,0,0,0,0,0,0,0,0,0,0,0,0,0,0,0,0,0,0,0,0,0,0,0,0,0,0,0,0,0,0,0,0,0,0,0,0,0,0,0,0,0,0,0,0,0,0,0,0,0,0,0,0,0,0,0,0,0,0,0,0,0,0,0,0,0,0,0,0,0,0,0,0,0,0,0,0,0,0,0,0,0,0,0,0,0,0,0,0,0,0,0,0,0,0,0,0,0,0,0,0,0,0,0,0,0,0,0,0,0,0,0,0,0,0,0,0,0,0,0,0,0,0,0,0,0,0,0,0,0,0,0,0,0,0,0,0,0,0,0,0,0,0,0,0,0,0,0,0,0,0,0,0,0,0,0,0,0,0,0,0,0,0,0,0,0,0,0,0,0,0,0,0,0,0,0,0,0,0,0,0,5,0,0,0,0,8,0,0,0,0
LGA50080,1308,10976,225,14532,0,8,7,143,5,162,180,19,21,45,0,263,28,16,4,58,0,106,618,190,108,387,14,1316,4486,1793,1464,9303,251,17302,536,3,45,9,8,598,103,11,9,46,3,178,406,104,113,719,18,1365,25,4,5,51,0,89,31,8,8,6,0,54,183,10,12,25,6,234,612,259,203,2106,40,3214,376,135,50,595,13,1165,8,0,3,7,0,10,0,0,0,0,0,3,4,0,0,6,0,10,11,4,5,13,0,34,93,21,20,24,0,156,167,78,37,29,9,319,199,36,21,93,5,352,37,6,3,13,0,58,3,3,0,0,0,7,933,353,267,2063,46,3658,11,0,0,6,4,19,205,13,9,0,0,229,52,5,7,30,0,96,15,0,0,4,0,21,42,0,0,0,0,47,156,33,32,108,4,336,983,191,159,324,19,1676,84,20,16,195,2398,2711,8824,3028,2317,19495,2920,36585,355,1824,1606,11454
LGA50210,2958,16150,371,24367,7,18,19,277,9,328,2538,47,95,86,8,2775,114,44,21,78,0,258,1425,411,250,651,18,2753,12678,3446,2880,12026,411,31445,1393,14,97,8,17,1531,260,35,19,81,0,405,794,184,147,941,26,2101,55,36,16,94,0,204,117,17,3,21,0,157,4143,86,51,42,15,4340,2075,578,427,2874,79,6034,939,407,219,1166,33,2762,169,0,8,0,3,180,72,17,4,9,0,106,14,7,0,23,0,49,61,19,4,35,4,124,1007,83,68,26,8,1190,668,212,118,57,14,1071,289,53,41,108,5,491,108,14,8,33,0,174,170,15,0,4,0,192,2550,681,519,2656,81,6490,68,6,0,9,0,87,880,93,41,24,8,1057,265,14,23,50,0,350,469,8,5,5,0,486,147,8,11,0,0,162,490,75,52,137,3,759,7882,583,513,608,89,9671,343,51,32,284,4428,5140,35573,6422,5005,27236,5365,79596,1668,4521,3473,16886
LGA50250,391,3337,75,4294,0,4,7,260,0,271,163,4,4,11,3,193,29,6,5,19,0,58,96,34,22,47,4,199,1420,320,288,1980,59,4063,278,0,22,0,0,296,38,5,0,5,0,51,141,29,29,211,3,418,11,11,3,14,0,40,14,0,0,8,0,20,158,0,8,9,0,179,515,50,52,605,16,1231,96,43,20,165,10,328,35,0,0,0,0,35,11,0,0,0,0,12,8,4,0,3,0,19,8,5,7,9,0,32,352,21,12,3,6,396,182,40,33,3,6,255,32,6,0,19,0,61,15,0,5,4,0,21,36,0,0,6,0,34,465,88,84,525,10,1164,17,0,0,0,0,18,90,3,4,0,0,104,42,0,4,10,0,59,18,0,0,0,0,13,22,0,0,0,0,22,41,10,11,31,0,90,695,39,60,110,15,914,40,0,10,56,2086,2190,3984,667,619,5519,2239,13026,51,199,317,1833
LGA50280,669,4029,87,5653,0,0,0,29,0,26,99,11,9,8,3,123,29,9,11,29,0,71,147,48,47,81,6,332,1864,671,592,3060,88,6276,93,0,13,3,0,108,80,10,16,16,0,121,222,32,58,254,6,568,21,10,0,32,0,66,4,3,0,0,0,11,47,4,6,5,0,61,358,153,112,905,20,1552,172,38,30,172,3,421,46,0,0,0,0,46,0,0,0,0,0,4,0,0,0,0,0,0,14,4,5,6,0,32,55,28,9,0,3,99,135,60,27,18,4,238,44,16,16,38,0,112,18,3,0,5,0,31,0,0,0,4,0,7,446,157,120,790,17,1529,7,0,0,0,0,11,81,19,9,6,0,116,35,6,5,20,0,66,9,0,0,0,0,9,12,0,0,0,0,12,75,13,10,41,7,142,542,104,109,163,10,915,32,15,12,78,1037,1173,3717,1269,1071,6959,1240,14257,144,861,804,4188
LGA50350,587,3226,79,4865,0,8,3,51,0,67,384,12,23,14,4,443,110,21,11,55,6,194,174,39,36,72,0,325,2026,733,539,2580,104,5978,175,0,18,0,0,199,92,19,3,17,0,128,166,52,40,208,7,475,32,11,5,28,4,79,29,6,5,5,0,41,297,20,13,23,0,353,560,184,138,887,25,1789,388,130,59,303,11,891,19,0,3,0,0,20,8,4,4,0,0,16,21,0,0,14,0,39,62,12,4,24,0,101,118,8,6,4,0,144,112,51,30,0,4,192,116,10,5,47,5,190,22,4,0,3,0,29,32,0,0,0,0,33,506,192,134,679,21,1535,79,4,6,0,3,91,43,3,12,3,0,61,47,4,0,18,0,65,29,7,3,6,0,38,140,0,7,0,3,147,63,19,7,42,0,122,1128,157,101,167,18,1569,46,9,9,64,792,922,5726,1453,1018,5875,1022,15093,181,874,687,3329
LGA50420,1867,10089,287,15515,7,17,6,120,0,150,4241,79,130,97,44,4593,297,64,42,188,0,590,611,165,91,217,12,1099,7217,2224,1648,8320,276,19687,990,14,61,12,7,1080,355,19,21,81,3,468,738,156,136,724,18,1772,446,117,46,190,4,810,122,18,20,35,0,200,2745,104,62,49,25,2981,2311,541,372,2715,58,6003,3015,748,340,1737,73,5908,242,3,9,3,0,253,98,10,17,7,5,127,261,42,28,70,3,403,109,28,7,38,0,175,518,28,48,8,4,600,429,130,74,32,4,668,698,69,61,124,12,967,195,9,18,25,0,244,39,9,0,0,0,47,1744,488,351,2160,53,4790,446,29,21,30,10,534,383,30,40,8,4,467,248,18,5,34,0,310,301,16,20,13,0,353,2268,26,47,7,16,2363,236,56,46,138,0,478,7888,571,511,581,87,9635,310,25,25,167,3786,4325,33649,4918,3577,19310,4626,66081,1074,2895,2326,10403
LGA50490,1002,6338,175,9346,0,10,11,159,8,185,3000,32,61,72,20,3179,105,20,17,47,0,190,283,76,45,122,6,530,3866,1218,893,4711,200,10892,1062,4,48,8,5,1124,175,17,11,37,0,237,354,82,43,418,0,900,84,15,12,52,0,173,55,11,3,8,0,78,1526,24,27,31,9,1622,1275,282,208,1601,41,3397,797,197,78,624,27,1719,404,0,10,0,0,415,123,16,21,9,4,167,29,6,6,19,3,52,28,15,9,23,0,74,443,33,14,4,13,511,322,70,45,16,6,459,288,32,18,79,8,431,86,0,5,15,3,108,73,0,0,4,0,82,1024,275,213,1225,35,2772,41,4,3,9,0,58,160,16,19,0,0,198,177,9,7,21,0,217,231,10,4,0,4,252,348,9,13,0,3,379,124,32,9,55,0,219,6079,258,246,246,68,6891,214,15,20,118,3903,4277,19700,2440,1824,11299,4426,39685,701,1539,1157,6320
LGA50560,62,533,15,695,0,0,0,18,0,18,0,0,0,0,0,0,0,0,0,0,0,3,22,0,7,8,0,38,210,76,46,458,13,806,23,0,0,0,0,23,6,0,3,0,0,14,10,0,8,31,0,54,0,0,0,4,0,4,0,0,0,0,0,0,0,0,0,0,0,3,28,14,5,108,3,159,11,4,0,17,0,38,0,0,0,0,0,0,0,0,0,0,0,0,0,0,0,0,0,0,0,0,0,0,0,0,0,0,0,0,0,3,6,3,0,0,0,15,3,0,3,3,0,9,0,0,0,0,0,5,0,0,0,0,0,0,32,13,18,114,0,172,0,0,0,0,0,0,11,0,0,0,0,9,3,0,0,4,0,4,0,0,0,0,0,0,5,0,0,0,0,5,7,0,0,7,0,19,32,8,4,6,0,57,3,0,0,10,176,187,363,118,89,966,203,1749,12,55,62,529
LGA50630,62,612,11,784,0,0,0,12,0,12,9,0,0,0,0,12,0,0,0,4,0,6,15,9,0,5,0,26,189,79,61,435,7,763,8,0,0,0,0,8,5,3,0,3,0,15,15,9,6,48,0,81,0,0,0,0,0,0,0,0,0,0,0,5,14,0,4,0,0,22,31,6,4,82,0,135,12,4,0,27,0,43,0,0,0,0,0,0,0,0,0,0,0,0,0,0,0,0,0,0,0,0,0,0,0,3,18,0,0,3,0,29,27,0,3,3,0,36,3,0,4,4,0,11,0,0,0,0,0,0,0,0,0,0,0,0,44,27,5,101,0,176,0,0,0,0,0,0,15,0,0,4,0,21,0,0,0,0,0,4,0,0,0,0,0,0,0,0,0,0,0,0,6,3,0,8,0,20,73,12,16,21,0,121,3,0,8,10,129,159,407,149,114,1022,153,1846,7,64,67,516
LGA50770,62,589,21,738,0,0,0,0,0,0,0,0,0,6,0,3,0,0,0,0,0,0,16,9,10,0,0,31,172,59,55,509,20,811,4,0,0,0,0,10,4,0,0,5,0,5,19,8,3,37,0,67,0,0,0,0,0,0,4,0,0,0,0,4,0,0,0,0,0,0,22,13,7,97,0,136,23,8,3,38,3,69,0,0,0,0,0,0,0,0,0,0,0,0,0,0,0,0,0,0,0,0,0,3,0,3,3,0,0,0,0,3,21,12,3,0,0,30,0,0,0,0,0,0,0,0,0,0,0,0,0,0,0,0,0,0,48,14,14,108,3,186,0,0,0,0,0,0,7,0,0,0,0,4,4,0,0,0,0,8,0,0,0,0,0,0,0,0,0,0,0,0,3,0,0,0,0,9,26,3,7,12,0,48,0,0,0,13,112,125,302,109,92,1048,146,1702,13,61,57,618
LGA50840,133,1305,29,1771,0,0,0,0,0,3,7,0,0,4,3,14,10,0,0,16,0,33,75,13,9,16,4,119,858,258,172,1010,40,2344,21,0,5,0,0,26,19,0,5,8,0,28,62,14,9,71,4,168,6,0,0,4,0,8,4,0,0,6,0,15,6,0,0,0,0,7,115,38,25,256,11,448,51,25,7,79,0,162,0,0,0,0,0,0,0,0,0,0,0,0,14,0,0,11,0,27,0,0,0,0,0,5,12,4,0,7,0,25,24,14,3,0,0,44,16,0,3,4,0,19,3,0,0,0,0,7,0,0,0,0,0,0,139,42,26,232,11,456,4,0,0,0,0,4,12,0,0,0,0,12,3,0,0,0,0,13,0,0,0,0,0,0,0,0,0,0,0,0,31,0,3,6,0,43,93,21,19,44,0,174,10,3,4,39,321,375,1316,424,256,2258,404,4661,45,241,207,1475
LGA50910,25,397,5,465,0,0,0,8,0,8,0,0,0,0,0,3,0,0,0,0,0,0,8,3,0,0,0,12,64,25,25,287,5,409,0,0,0,0,0,0,3,0,0,0,0,6,4,0,0,9,0,14,0,0,0,0,0,0,0,0,0,0,0,0,7,0,0,0,0,7,4,13,5,55,0,74,3,0,0,11,0,13,0,0,0,0,0,0,0,0,0,0,0,0,0,0,0,0,0,0,0,0,0,0,0,0,0,0,0,0,0,0,0,0,0,0,0,0,3,0,0,0,0,3,0,0,0,0,0,0,0,0,0,0,0,0,15,10,3,42,0,73,0,0,0,0,0,0,0,0,0,0,0,5,0,0,0,0,0,0,0,0,0,0,0,0,0,0,0,0,0,0,0,0,0,0,0,5,17,3,0,5,0,22,0,0,0,11,109,111,122,50,38,649,115,974,11,28,29,358
LGA50980,411,5253,155,6472,3,50,16,1890,17,1971,109,31,15,125,5,294,19,9,0,18,0,50,102,41,30,56,0,227,1135,404,311,2799,98,4744,197,0,22,27,7,256,73,8,8,20,0,115,167,24,15,271,3,475,25,12,3,26,0,72,16,3,5,5,0,31,92,7,6,6,0,112,226,93,77,823,24,1243,116,35,35,221,7,414,31,0,0,0,0,36,0,0,0,0,0,5,3,4,0,28,0,37,9,3,0,18,0,31,87,15,7,5,0,121,86,35,9,8,0,144,27,11,10,28,0,72,9,0,3,9,0,17,3,0,0,0,0,4,257,94,77,689,13,1131,8,0,0,3,0,10,53,6,3,6,0,73,38,3,3,8,0,56,14,4,4,5,0,27,14,0,4,0,0,17,41,10,12,20,0,85,544,136,81,302,19,1083,22,8,9,137,1858,2034,2879,960,685,9550,2141,16217,123,483,455,3802
LGA51080,23,414,10,488,0,0,0,39,0,39,0,0,0,0,0,0,0,0,0,0,0,0,4,3,5,5,0,10,81,24,24,304,9,448,18,0,0,0,0,18,0,0,0,0,0,0,13,6,0,33,0,43,0,0,0,0,0,0,0,0,0,0,0,0,0,0,0,0,0,0,12,15,5,71,0,99,4,9,3,24,0,37,0,0,0,0,0,0,0,0,0,0,0,0,0,0,0,0,0,0,0,0,0,0,0,0,0,0,3,0,0,9,6,0,3,0,0,7,3,0,0,0,0,3,0,0,0,0,0,0,0,0,0,0,0,0,14,0,7,63,0,91,0,0,0,0,0,0,0,0,0,0,0,0,0,0,0,0,0,0,0,0,0,0,0,0,0,0,0,0,0,0,5,0,0,3,0,7,19,0,0,8,0,29,0,0,0,23,129,155,149,55,45,741,152,1142,3,32,17,362
LGA51120,32,337,6,400,0,0,0,0,0,0,3,0,0,3,0,0,0,0,0,0,0,5,4,3,3,0,0,8,62,35,25,327,0,451,7,0,0,4,0,13,0,0,0,3,0,4,9,0,6,32,0,50,0,0,0,0,0,0,0,0,0,0,0,8,11,0,0,0,0,9,16,4,3,38,0,52,4,0,0,18,0,25,0,0,0,0,0,0,0,0,0,0,0,0,0,0,0,0,0,0,0,0,0,0,0,0,4,3,3,0,0,14,4,0,0,0,0,4,7,0,0,0,0,10,0,0,0,0,0,0,0,0,0,0,0,0,22,8,0,64,3,92,0,0,0,0,0,0,5,0,0,0,0,11,0,0,0,0,0,0,0,0,0,0,0,0,0,0,0,0,0,0,0,0,0,0,0,7,25,4,4,3,0,35,0,0,0,3,64,68,153,47,46,604,71,926,0,29,34,299
LGA51190,993,8976,191,11777,6,5,5,127,4,138,337,9,21,28,3,396,45,22,8,23,0,98,292,72,63,136,7,575,3255,1338,1058,7496,246,13399,487,0,30,0,10,534,63,15,11,51,0,141,247,87,73,567,18,996,62,33,7,84,0,194,22,9,0,14,0,33,339,9,12,17,7,377,735,262,188,2060,34,3274,663,237,102,907,26,1941,124,0,3,0,0,134,28,4,0,0,3,35,8,3,0,7,0,18,17,9,7,11,0,37,300,31,29,9,15,379,201,93,46,21,6,362,190,21,26,76,0,311,49,0,3,10,0,66,14,0,8,0,0,20,738,288,250,1710,40,3026,12,0,0,3,0,11,157,10,13,3,0,183,58,11,0,28,0,96,43,0,3,6,0,51,62,9,3,0,0,71,132,21,20,90,6,272,1213,175,157,268,20,1825,111,18,24,191,2405,2744,8297,2474,1835,16404,2917,31920,263,1481,1044,8808
LGA51260,1391,11157,227,14779,0,0,4,73,0,77,143,13,16,36,0,208,34,11,4,42,0,93,392,91,86,198,6,774,4726,1810,1378,9436,259,17608,153,9,21,3,0,192,142,15,19,79,0,254,377,108,84,718,19,1301,30,26,7,49,0,111,25,10,0,13,0,58,127,8,13,23,0,174,821,283,246,2341,49,3738,319,157,69,748,18,1308,35,0,5,0,0,38,3,3,0,3,0,9,10,0,3,17,0,25,23,12,4,19,0,62,111,34,14,7,0,167,235,140,72,35,8,487,96,24,15,65,3,203,45,7,8,12,4,77,6,0,0,0,0,4,904,368,278,2145,48,3744,12,0,3,4,0,26,206,41,31,6,3,285,33,12,5,63,0,117,32,5,0,3,0,40,63,3,0,0,0,67,130,33,19,92,8,284,1003,211,206,297,18,1742,65,21,18,229,2409,2750,8326,3088,2369,19993,2920,36688,330,2025,1725,11772
LGA51310,1152,5711,67,8565,0,0,0,10,0,13,1073,66,86,59,6,1292,101,28,38,144,0,315,328,69,47,74,3,524,3363,1194,947,4757,78,10333,91,0,15,0,0,108,185,10,13,34,4,244,387,84,76,386,0,933,195,61,44,212,0,510,35,10,3,20,0,65,540,31,34,14,0,628,1068,328,208,1829,33,3463,650,220,117,624,11,1628,47,0,10,6,0,63,17,0,8,11,0,37,55,18,12,31,0,121,10,0,0,7,0,19,26,0,0,0,0,32,162,73,53,14,0,304,176,30,17,42,0,272,69,9,11,10,0,99,6,0,0,0,0,6,945,291,186,1353,29,2810,32,8,6,6,0,49,255,32,23,3,0,320,91,7,11,19,3,125,85,4,7,0,0,96,100,0,8,0,0,110,137,27,21,48,4,242,1780,218,239,272,16,2511,41,9,0,55,1323,1435,9776,2486,1958,10970,1519,26709,267,1620,1273,6024
LGA51330,2311,11938,234,18249,0,9,7,136,7,159,15141,162,306,182,72,15854,149,46,31,111,0,339,765,193,135,269,12,1371,9444,2621,1936,9536,260,23797,1657,12,59,6,5,1737,339,28,30,84,5,485,726,148,151,791,16,1838,127,43,23,113,7,314,96,16,16,14,0,137,6864,75,53,30,33,7058,1921,535,401,2736,59,5648,1444,397,172,1027,42,3072,1313,5,13,0,6,1343,140,22,16,14,0,186,30,3,0,26,0,59,78,20,12,24,3,129,399,23,17,11,8,455,522,171,89,33,3,822,404,60,41,79,10,590,189,11,16,19,8,240,101,10,0,3,0,110,2012,566,426,2395,50,5447,67,6,3,5,0,82,652,49,50,10,14,774,319,6,12,35,0,374,1104,15,4,9,0,1139,619,18,26,5,6,676,333,59,58,140,4,595,14599,560,649,528,126,16449,538,32,32,155,4017,4768,54726,5055,4128,21449,4829,90187,1341,2906,2415,11109
LGA51400,641,5404,69,7021,0,3,4,35,0,41,107,0,7,13,3,120,12,7,3,24,0,43,263,53,44,83,0,444,2157,757,640,3957,107,7612,170,0,16,4,0,192,52,5,3,19,0,89,210,45,33,330,6,627,21,6,0,39,0,70,9,4,0,4,0,16,101,4,7,18,0,127,380,125,99,957,27,1580,147,93,47,435,5,723,19,0,0,0,0,21,18,0,0,0,0,22,3,0,0,5,0,8,10,0,5,3,0,23,107,20,15,10,5,154,137,59,31,12,7,248,50,14,14,24,0,105,46,0,6,7,3,60,0,0,0,5,0,9,466,141,146,870,20,1649,10,4,0,0,0,14,416,19,19,3,0,457,33,7,5,17,0,63,16,0,0,0,0,17,16,0,4,0,0,19,64,19,18,37,5,134,670,93,93,130,5,997,47,5,6,102,907,1065,4599,1342,1110,8983,1084,17121,178,815,672,5441
LGA51470,13,215,7,256,0,0,0,0,0,0,0,0,0,7,0,7,0,0,0,0,0,0,3,4,0,0,0,12,49,16,17,138,3,228,0,0,0,0,0,0,0,0,0,0,0,3,8,0,0,21,0,25,0,0,0,0,0,3,0,0,0,0,0,0,0,0,0,0,0,0,9,3,3,34,0,52,0,0,0,3,0,0,0,0,0,0,0,0,0,0,0,0,0,0,0,0,0,0,0,0,0,0,0,0,0,0,0,0,0,0,0,0,3,0,0,0,0,3,3,0,0,9,0,7,0,0,0,0,0,0,0,0,0,0,0,0,9,0,3,48,0,69,0,0,0,0,0,0,0,0,0,0,0,3,0,0,0,0,0,0,0,0,0,0,0,0,0,0,0,0,0,0,0,0,0,0,0,4,15,0,6,0,0,17,3,0,0,4,42,52,100,24,26,353,50,551,3,17,10,190
LGA51540,110,1748,74,2113,0,9,0,270,4,276,45,7,0,5,0,58,60,7,0,20,0,96,40,10,10,23,0,80,337,135,99,988,66,1626,43,0,3,0,0,57,29,0,4,0,0,34,42,9,6,92,0,148,7,0,3,0,0,16,4,0,0,0,0,4,45,0,0,3,0,46,58,31,18,231,7,344,71,18,6,114,5,214,9,0,0,0,0,16,0,5,0,0,0,5,4,0,0,0,0,7,0,0,0,0,0,3,28,5,0,4,0,40,21,3,6,8,0,45,13,5,0,0,0,19,0,0,0,0,0,0,8,0,0,0,0,8,50,39,23,181,3,295,0,0,0,0,0,3,24,6,0,0,0,27,5,0,0,4,0,5,4,0,0,0,0,4,183,5,11,0,12,212,14,0,0,10,0,32,232,13,27,50,5,327,30,0,0,56,762,844,1253,276,203,2884,910,5524,64,159,146,1237
LGA51610,37,572,4,652,0,3,0,3,0,9,0,0,0,0,0,0,0,0,0,0,0,3,8,0,0,0,0,14,118,41,28,375,4,564,0,0,0,0,0,0,6,0,3,0,0,14,12,5,4,26,0,52,0,0,0,0,0,3,0,0,0,0,0,0,0,0,0,0,0,0,22,3,0,100,4,133,5,14,4,18,0,35,0,0,0,0,0,0,0,0,0,0,0,0,0,0,0,8,0,8,0,0,0,0,0,0,4,0,3,0,0,10,8,3,0,0,0,8,0,0,0,0,0,5,6,0,0,0,0,3,0,0,0,0,0,0,24,3,9,66,4,101,0,0,0,0,0,0,8,0,0,0,0,10,0,0,0,0,0,0,0,0,0,0,0,0,0,0,0,0,0,0,6,0,0,0,0,8,24,4,4,20,5,47,0,0,0,13,172,187,208,65,57,901,193,1416,7,48,41,556
LGA51680,211,1681,34,2239,0,0,0,6,0,10,20,0,3,0,0,23,13,3,0,10,0,24,68,16,17,15,0,117,998,224,220,1083,41,2562,17,0,3,0,0,24,9,0,0,9,0,14,56,19,10,112,0,197,10,0,0,0,0,8,8,0,0,5,0,9,7,0,0,3,0,8,126,42,26,241,4,438,47,19,12,79,0,155,0,0,0,0,0,0,0,0,0,0,0,5,3,0,0,5,0,5,10,0,0,11,0,23,10,4,0,0,0,20,46,24,9,3,0,76,14,4,3,12,0,27,0,0,8,0,0,7,0,0,0,0,0,0,176,46,42,196,3,463,0,0,0,0,0,3,46,0,0,0,0,48,6,0,3,0,0,12,9,0,0,0,0,11,4,0,0,0,0,4,27,3,4,15,0,44,133,22,18,45,6,228,17,0,3,36,413,473,1576,409,362,2635,488,5474,78,278,256,1767
LGA51710,50,172,3,278,0,0,0,0,0,0,412,5,17,11,11,453,0,0,0,0,0,0,8,3,0,0,0,15,75,20,38,99,3,235,33,0,3,0,0,32,0,0,0,0,0,0,18,0,0,7,5,35,0,0,0,0,0,0,5,0,0,0,0,5,18,3,0,3,0,23,12,3,3,22,0,50,11,5,0,10,0,29,0,0,0,0,0,0,0,3,0,0,0,3,0,0,0,0,0,0,0,0,3,5,0,9,12,0,0,0,0,11,0,0,3,4,0,8,0,0,0,0,0,0,0,0,0,0,0,0,4,0,5,0,0,8,14,4,0,16,0,41,0,0,0,0,0,0,9,0,0,0,0,9,0,0,0,0,0,0,0,0,0,0,0,0,10,0,0,0,0,10,5,0,0,0,0,5,202,50,55,43,9,359,14,0,7,0,483,511,796,96,131,307,516,1842,16,44,40,188
LGA51750,374,2129,39,3087,0,0,0,7,0,7,434,12,26,15,5,484,36,15,7,12,0,76,81,24,14,31,4,151,1333,447,364,2014,33,4196,26,6,10,6,0,40,66,7,11,19,4,97,119,27,27,135,9,319,20,17,5,34,0,70,15,4,0,3,0,27,134,11,3,7,0,161,328,111,63,801,6,1308,101,40,17,134,4,297,18,7,0,0,0,23,9,0,0,3,0,14,4,0,5,12,0,12,11,0,0,0,0,10,7,0,0,0,0,7,49,16,16,0,0,84,72,13,10,10,0,110,44,5,0,0,0,57,3,0,0,0,0,3,347,114,78,677,13,1236,7,0,0,0,0,18,90,13,13,3,0,123,35,0,5,6,0,42,22,7,0,0,0,36,23,0,3,0,0,24,52,13,7,40,3,113,693,81,103,91,7,977,27,10,3,19,742,796,3397,861,685,4281,824,10055,88,535,493,2272
LGA51820,3626,20212,390,29928,4,8,11,193,0,225,5166,93,118,126,29,5528,1790,316,144,628,22,2901,931,244,204,430,11,1821,12930,3925,3167,15126,431,35577,2423,11,101,6,16,2566,475,52,39,107,3,682,1148,292,195,1122,43,2802,162,66,24,149,6,401,132,19,12,36,0,200,2574,89,68,73,20,2829,2976,797,569,4309,99,8747,3887,1199,597,3451,88,9224,450,3,10,4,0,472,120,15,13,12,0,162,68,20,9,39,0,139,126,43,23,76,0,266,878,84,52,25,3,1055,810,270,162,46,16,1298,554,75,71,147,4,856,225,19,17,28,8,297,117,13,4,4,0,140,3397,912,659,3612,83,8661,722,30,33,17,6,814,1241,121,100,37,12,1502,572,49,37,85,9,746,272,18,9,13,5,307,279,9,20,5,11,314,510,108,51,183,6,861,9883,961,940,1026,121,12927,362,56,46,380,5931,6781,46470,8492,6433,36013,7063,104472,1610,5360,4553,22102
LGA51860,0,89,0,105,0,0,0,0,0,0,4,3,0,8,0,18,0,0,0,0,0,0,3,0,0,0,0,4,14,3,4,29,3,60,0,0,0,0,0,0,0,0,0,0,0,0,5,0,0,0,0,5,0,0,0,0,0,0,0,0,0,0,0,0,0,0,0,0,0,0,6,0,0,4,0,11,0,0,0,0,0,0,0,0,0,0,0,0,0,0,0,0,0,0,0,0,0,0,0,0,0,0,0,0,0,3,0,0,0,0,0,0,0,0,0,0,0,0,0,0,0,0,0,0,0,0,0,0,0,0,0,0,0,0,0,0,0,0,0,7,0,15,0,0,0,0,0,0,0,0,0,0,0,0,0,0,0,0,0,0,0,0,0,0,0,0,0,0,0,0,0,0,0,0,0,0,0,0,18,21,5,252,21,318,3,0,7,30,29,69,42,36,19,399,53,541,0,12,7,126
LGA51890,251,3307,99,4110,0,5,0,54,7,62,24,3,5,10,0,37,6,0,0,0,0,7,35,21,5,26,0,94,635,299,274,2333,71,3607,41,0,7,0,0,49,15,4,3,7,0,25,86,36,17,177,8,323,3,4,6,0,0,10,8,0,0,0,0,11,33,7,0,5,0,49,112,67,41,470,16,705,114,61,13,267,6,460,0,0,0,0,0,0,0,0,0,0,0,0,0,0,0,0,0,3,3,0,0,0,0,12,96,4,7,3,4,114,43,16,12,8,5,85,87,10,8,29,3,133,3,0,0,0,0,9,0,0,0,0,0,0,127,81,61,502,21,794,5,0,0,0,0,5,19,0,0,0,0,29,3,0,6,3,0,15,0,0,0,0,0,0,8,0,0,0,0,8,45,14,6,41,0,108,154,28,27,56,5,271,20,9,9,99,644,780,1390,642,442,5495,824,8798,62,363,286,3028
LGA51960,123,1148,39,1455,0,0,0,138,4,142,13,0,3,0,0,17,8,5,0,0,0,10,15,6,8,14,0,40,330,91,77,749,31,1282,35,0,12,4,0,48,14,0,0,6,0,21,22,4,8,77,6,114,0,4,0,0,0,11,10,0,0,6,0,13,7,0,0,0,0,13,82,17,13,150,0,262,15,11,0,50,0,75,8,0,0,0,0,8,0,0,0,0,0,0,0,0,0,0,0,0,0,0,0,0,0,4,141,10,15,10,7,180,66,7,6,4,6,88,11,0,3,0,0,15,0,0,0,0,0,0,3,8,0,0,0,10,79,21,23,154,0,278,3,0,0,0,0,3,29,0,4,0,0,32,16,0,0,0,0,20,0,6,0,0,0,0,0,0,0,0,0,4,8,0,5,8,0,22,122,10,20,21,3,180,10,0,7,42,412,469,810,178,186,1938,491,3613,27,110,105,888
LGA52030,26,419,8,498,0,0,0,4,0,4,0,0,0,0,0,5,0,0,0,0,0,0,7,0,0,0,0,12,88,52,30,289,5,463,0,0,0,0,0,5,0,0,0,0,0,4,8,0,4,23,0,32,0,0,0,0,0,0,0,0,0,0,0,0,0,0,0,0,0,0,5,0,10,63,0,84,0,3,0,19,0,26,0,0,0,0,0,0,0,0,0,0,0,0,0,0,0,0,0,0,0,0,0,0,0,0,10,0,0,0,0,10,7,6,0,0,0,5,0,0,0,0,0,0,0,0,0,0,0,0,0,0,0,0,0,0,24,9,6,60,0,100,0,0,0,0,0,0,4,0,0,0,0,4,0,0,3,0,0,3,0,0,0,0,0,0,0,0,0,0,0,0,0,0,0,0,0,4,10,4,5,4,0,25,0,3,0,13,61,83,143,78,50,695,73,1038,8,34,33,346
LGA52100,27,454,10,533,0,0,0,0,0,0,0,0,0,0,0,3,0,0,0,3,0,3,9,0,0,3,0,16,77,37,26,365,5,511,5,0,0,0,0,5,3,0,0,0,0,5,9,0,0,22,0,23,0,0,0,0,0,0,0,0,0,0,0,3,19,0,0,0,0,17,12,3,4,63,3,86,5,3,0,14,0,26,0,0,0,0,0,0,0,0,0,0,0,0,0,0,0,0,0,0,0,0,0,0,0,0,10,0,0,0,0,11,6,0,4,0,0,10,0,0,0,4,0,8,0,0,0,0,0,0,0,0,0,0,0,0,10,5,3,62,0,82,0,0,0,0,0,0,3,0,0,0,0,7,0,0,0,0,5,5,0,0,0,0,0,0,0,0,0,0,0,0,5,0,0,0,0,3,11,3,0,6,0,24,0,0,0,9,108,118,155,59,42,762,127,1147,6,33,28,421
LGA52170,299,1682,14,2458,0,0,0,0,0,3,79,9,17,0,0,103,24,13,6,35,0,80,82,18,12,22,0,128,1028,389,264,1863,30,3573,3,0,6,0,0,7,83,10,4,17,0,115,114,27,10,154,3,309,25,21,3,45,4,96,13,0,3,5,0,19,45,14,0,5,0,62,297,96,47,652,10,1107,116,41,28,134,7,328,11,0,3,0,0,12,12,5,0,11,0,22,4,0,0,4,0,10,0,4,0,0,0,5,5,0,0,0,0,5,33,16,9,0,0,58,28,9,4,14,0,64,5,0,0,6,0,13,0,0,0,0,0,0,276,83,68,571,11,1001,5,0,0,0,0,9,65,12,15,0,0,89,14,6,0,7,0,27,13,3,0,4,0,22,9,0,0,0,0,10,35,14,6,25,0,80,359,81,66,70,5,580,4,0,0,17,479,503,2138,721,509,3681,546,7594,70,408,343,1789
LGA52240,45,357,0,451,0,0,0,3,0,3,0,0,0,0,0,3,0,0,0,0,0,0,9,5,0,5,0,14,124,39,44,289,13,511,19,0,0,0,0,18,4,0,0,5,0,9,7,0,0,22,0,33,0,0,0,0,0,6,0,0,0,0,0,0,5,0,0,0,0,3,12,4,9,45,0,66,9,5,3,11,0,28,0,0,0,0,0,0,0,0,0,0,0,0,0,0,0,0,0,0,0,0,0,0,0,0,17,0,0,0,0,16,8,0,0,0,0,12,0,0,0,0,0,0,0,0,0,0,0,0,0,0,0,0,0,0,15,9,4,50,3,73,0,0,0,0,0,0,0,0,0,0,0,0,0,0,0,0,0,0,0,0,0,0,0,0,0,0,0,0,0,0,8,0,0,0,0,14,24,4,4,7,0,34,0,0,0,14,93,113,217,72,69,606,122,1084,12,46,48,339
LGA52310,22,315,8,376,0,0,0,0,0,0,0,0,0,0,0,0,0,0,0,0,0,0,9,0,3,6,0,18,89,33,23,220,17,376,0,0,0,0,0,0,9,0,0,0,0,9,13,0,0,11,0,20,0,0,0,0,0,0,0,0,0,0,0,0,0,0,0,0,0,0,13,9,3,56,8,78,0,0,0,0,0,10,0,0,0,0,0,0,0,0,0,0,0,0,0,0,0,0,0,0,0,0,0,0,0,0,0,0,0,7,0,3,4,0,0,0,0,4,3,0,0,5,0,6,0,0,0,0,0,0,0,0,0,0,0,0,23,3,3,38,3,75,0,0,0,0,0,0,4,0,0,0,0,4,0,0,0,0,0,0,0,0,0,0,0,0,0,0,0,0,0,0,3,0,0,0,0,3,12,3,3,5,0,19,0,0,0,5,110,116,131,49,32,516,135,864,3,29,22,299
LGA52380,3,62,0,71,0,0,0,0,0,0,0,0,0,0,0,0,0,0,0,0,0,0,3,0,0,0,0,3,21,3,5,36,0,66,0,0,0,0,0,0,0,0,0,0,0,0,5,0,0,8,0,13,0,0,0,0,0,0,0,0,0,0,0,0,0,0,0,0,0,0,0,0,0,10,0,10,5,0,0,0,0,0,0,0,0,0,0,0,0,0,0,0,0,0,0,0,0,0,0,0,0,0,0,0,0,0,0,0,0,0,0,0,0,0,0,0,0,0,0,0,0,0,0,0,0,0,0,0,0,0,0,0,0,0,0,0,6,5,5,4,0,17,0,0,0,0,0,0,0,0,0,0,0,0,0,0,0,0,0,0,0,0,0,0,0,0,0,0,0,0,0,0,0,0,0,0,0,0,9,0,0,0,0,9,0,0,0,0,50,50,35,7,6,89,56,192,0,7,5,45
LGA52450,61,569,9,686,0,0,0,3,0,3,12,0,0,0,0,12,0,0,0,4,0,6,10,4,0,4,0,19,110,42,48,374,8,579,65,0,0,0,0,66,0,0,0,0,0,3,10,0,0,35,0,46,0,0,0,0,0,0,0,0,0,0,0,0,6,0,0,0,0,6,24,8,8,81,0,122,5,4,0,18,0,22,0,0,0,0,0,0,0,0,0,0,0,0,0,0,0,0,0,0,0,0,0,0,0,0,0,0,0,0,0,4,7,0,6,0,0,7,4,0,0,8,0,8,0,0,0,0,0,0,0,0,0,0,0,0,29,10,10,74,0,125,0,0,0,0,0,0,8,0,0,0,0,5,5,0,0,0,0,5,0,0,0,0,0,0,0,0,0,0,0,0,3,0,0,4,0,13,27,5,5,12,0,41,10,0,0,13,111,128,283,75,90,890,121,1456,10,37,69,525
LGA52520,70,537,6,681,0,0,0,0,0,0,13,0,0,5,0,12,3,0,0,0,0,8,7,5,3,0,0,14,105,47,40,363,12,567,84,0,0,0,0,86,0,0,0,0,0,6,12,0,4,32,0,46,0,0,0,4,0,0,0,0,0,0,0,0,0,0,0,0,0,0,21,0,4,46,4,87,8,4,0,15,0,22,0,0,0,0,0,0,0,0,0,0,0,0,0,0,0,0,0,0,0,0,0,0,0,0,5,0,0,0,0,5,14,3,11,0,0,28,0,4,0,0,0,4,0,0,0,0,0,0,0,0,0,0,0,0,19,7,6,55,0,90,0,0,0,0,0,0,19,0,0,0,0,19,0,0,0,0,0,0,0,0,0,0,0,0,0,0,0,0,0,0,0,3,0,0,0,5,31,3,3,3,4,48,5,0,0,7,121,134,293,86,92,813,144,1428,11,43,58,386
LGA52590,102,1175,32,1469,0,0,0,9,0,8,14,0,0,3,0,15,4,0,0,5,0,11,36,14,8,19,0,69,263,135,96,782,30,1303,9,0,0,3,0,15,12,0,6,4,0,17,26,14,10,84,0,127,9,0,0,3,0,9,0,0,0,0,0,0,0,0,0,0,0,6,45,19,10,169,8,251,13,10,0,39,0,67,0,0,0,0,0,0,0,0,0,0,0,0,0,0,0,0,0,0,0,0,0,0,0,0,16,5,0,0,0,25,18,3,7,0,0,38,9,3,0,3,0,14,0,0,0,0,0,0,0,0,0,0,0,0,85,35,21,188,6,334,0,0,0,0,0,0,9,3,0,0,0,13,6,0,0,0,0,3,7,0,0,0,0,9,3,0,0,0,0,3,8,4,0,7,0,21,78,13,9,26,3,130,16,0,8,25,249,295,559,236,174,1922,317,3212,17,146,91,1165
LGA52660,433,4637,69,5823,0,5,0,17,0,21,57,6,8,5,3,76,16,0,0,17,0,39,165,30,40,76,0,315,1481,624,476,3791,80,6447,90,0,24,3,4,123,30,9,0,22,0,61,104,43,32,231,0,409,9,4,7,31,0,51,9,0,0,0,0,12,79,4,6,0,0,87,205,89,96,917,10,1316,132,91,36,549,3,813,31,0,0,0,0,31,10,0,0,3,0,12,3,0,0,4,0,9,0,0,0,5,0,4,207,23,10,6,9,249,83,36,14,15,0,145,50,15,4,42,0,114,14,3,3,3,0,28,4,0,0,0,0,4,281,118,91,758,15,1261,4,0,0,3,0,7,112,6,4,0,0,124,23,0,3,21,0,45,6,3,0,0,0,11,5,0,0,0,0,5,55,22,9,48,0,128,436,60,54,127,6,688,23,10,5,83,809,938,3030,1058,803,8168,968,14028,121,650,474,4755
LGA52730,254,1556,46,2186,0,0,0,18,0,18,14,3,0,4,0,25,14,3,5,4,0,27,81,11,19,34,0,146,984,291,219,1289,40,2818,10,0,3,0,0,15,18,4,9,10,0,43,104,18,25,102,5,251,5,3,0,7,0,16,6,0,0,0,0,8,13,6,0,3,0,18,163,34,38,380,10,620,41,44,8,74,4,164,0,0,0,0,0,0,0,0,0,0,0,0,0,0,0,0,0,3,7,0,0,0,0,8,12,4,0,0,0,14,35,14,7,4,0,62,24,4,0,15,0,44,4,0,0,3,0,7,0,0,0,0,0,0,206,59,41,335,4,649,4,0,0,0,0,5,35,8,3,0,0,54,8,0,0,8,0,8,3,0,0,0,0,3,10,0,0,0,0,10,47,5,4,6,0,69,187,38,41,56,7,330,14,0,5,14,517,551,1633,501,396,2719,596,5850,54,301,226,1626
LGA52800,66,1642,56,1913,3,26,3,3395,61,3487,23,4,0,35,0,66,0,0,0,3,0,3,16,7,0,12,0,35,235,91,60,711,26,1124,35,0,8,24,0,66,3,0,0,15,0,19,33,8,7,76,3,127,3,0,0,5,0,10,4,0,0,6,0,8,71,3,0,0,4,89,51,20,7,240,10,328,22,0,0,39,0,66,6,0,0,0,0,4,0,0,0,0,0,0,0,0,0,4,0,4,3,0,0,3,0,3,57,4,4,4,0,71,39,3,6,9,5,56,16,0,0,6,0,18,3,0,0,0,0,3,3,0,0,0,0,0,77,25,10,187,4,298,0,0,0,0,0,0,10,0,0,0,0,10,13,0,0,6,0,15,20,0,0,4,0,22,0,4,0,0,0,3,6,0,0,5,0,16,129,39,13,154,0,332,12,0,5,105,813,939,724,228,115,5703,964,7728,11,76,61,756
LGA52870,190,1868,37,2401,0,0,0,9,0,15,38,3,3,3,0,42,3,0,0,3,0,13,60,20,13,23,3,117,699,239,168,1422,45,2571,15,0,4,0,0,23,11,0,0,4,0,21,57,24,30,114,0,225,6,0,0,11,0,12,5,0,0,0,0,10,6,0,4,0,3,13,80,43,39,356,6,528,125,44,30,203,10,414,4,0,4,0,0,7,0,0,0,0,0,6,0,0,0,4,0,4,0,0,0,0,0,8,14,10,6,5,0,32,42,6,11,0,5,60,26,0,0,8,0,37,0,0,0,0,0,3,0,0,0,0,0,0,152,63,50,324,4,593,0,3,0,3,0,5,5,0,0,0,0,12,4,6,0,0,0,8,0,0,0,0,0,0,8,0,0,0,0,8,27,6,3,22,0,57,121,23,20,29,0,197,12,0,6,35,514,570,1293,451,338,3181,608,5871,46,267,234,1830
LGA52940,30,304,13,372,0,0,0,4,0,4,3,0,0,0,0,3,0,0,0,0,0,3,7,0,0,8,0,13,42,25,27,180,13,287,0,0,0,0,0,4,0,0,0,0,0,3,3,0,0,15,0,25,0,0,0,0,0,0,0,0,0,0,0,6,0,0,0,0,0,0,4,0,7,17,5,36,5,0,0,8,0,15,0,0,0,0,0,0,0,0,0,0,0,0,0,0,0,0,0,0,0,0,0,0,0,0,0,0,0,0,0,0,0,0,0,0,0,4,0,0,0,0,0,0,0,0,0,0,0,0,0,0,0,0,0,0,5,3,8,35,0,52,0,0,0,0,0,0,0,0,0,0,0,4,0,0,0,0,0,0,0,0,0,0,0,0,0,0,0,0,0,0,6,0,0,3,0,4,6,5,0,9,0,17,0,0,0,16,40,58,71,34,50,470,67,693,10,30,31,299
LGA53010,31,256,9,315,0,0,0,6,0,6,0,0,0,0,0,0,0,0,0,0,0,0,5,0,3,5,0,12,36,11,25,184,0,263,0,0,3,0,0,10,0,0,0,0,0,0,4,0,0,17,0,22,0,0,0,0,0,0,0,0,0,0,0,0,0,0,0,0,0,0,5,0,8,45,0,56,0,0,0,8,0,11,0,0,0,0,0,0,0,0,0,0,0,0,0,0,0,0,0,0,0,0,0,0,0,0,3,0,0,0,0,3,4,0,5,4,0,7,0,0,0,0,0,0,0,0,0,0,0,0,0,0,0,0,0,0,11,3,6,34,0,57,0,0,0,0,0,0,0,0,0,0,0,0,0,0,0,0,0,0,0,0,0,0,0,0,0,0,0,0,0,0,0,0,0,0,0,3,10,3,0,0,0,19,4,0,0,10,70,83,76,29,45,438,85,673,0,15,29,251
LGA53080,24,214,6,283,0,0,0,4,0,11,0,0,0,0,0,6,0,0,0,0,0,0,5,0,0,0,0,5,72,20,11,140,3,246,3,0,0,0,0,3,0,0,0,0,0,4,11,3,6,11,0,31,0,0,0,0,0,0,0,0,0,0,0,0,8,0,0,0,0,12,12,0,0,54,0,72,3,4,0,13,0,17,0,0,0,0,0,0,0,0,0,0,0,0,0,0,0,0,0,0,0,0,0,0,0,0,21,0,0,3,0,24,5,0,0,0,0,6,3,0,0,0,0,3,0,0,0,0,0,0,0,0,0,0,0,0,23,6,6,33,0,62,3,0,0,0,0,3,5,3,0,0,0,8,6,0,0,0,0,6,4,0,0,0,0,4,0,0,0,0,0,0,0,0,0,0,0,3,33,8,4,12,0,60,7,0,0,7,123,138,189,44,34,365,140,767,9,21,21,138
LGA53150,306,1690,24,2470,0,0,0,4,0,4,40,6,4,22,0,74,38,22,6,57,0,125,74,20,16,19,0,127,1022,361,279,1403,34,3099,15,0,0,0,0,17,47,4,11,12,0,76,97,19,17,115,0,241,9,7,4,23,0,47,17,0,0,3,0,17,57,9,0,3,0,75,277,106,68,611,14,1072,304,96,32,223,0,657,9,0,0,0,0,15,3,0,0,0,0,9,3,0,0,6,0,7,12,5,0,5,0,19,24,6,0,0,0,27,47,25,16,3,0,95,36,9,3,12,0,57,11,0,7,3,0,22,4,0,0,0,0,3,267,99,67,457,4,885,3,0,3,0,0,11,28,12,9,0,0,44,23,0,9,5,0,36,6,8,4,0,0,18,20,0,0,0,0,20,57,11,8,25,0,108,317,77,59,72,0,527,8,0,0,19,463,487,2274,732,522,3319,521,7375,62,455,344,1674
LGA53220,253,2588,43,3233,0,0,3,1189,3,1198,73,8,4,8,0,88,22,5,0,20,0,49,53,30,10,29,0,118,896,253,220,1461,31,2864,171,3,13,4,4,196,28,0,4,11,0,43,84,19,19,183,0,300,11,0,0,16,0,33,9,0,0,5,0,16,82,4,0,0,0,87,233,56,38,409,11,749,33,34,10,152,5,230,14,0,0,0,0,11,4,0,0,0,0,4,13,6,3,4,0,23,8,3,3,8,0,17,254,11,6,6,0,276,151,13,19,3,0,183,27,3,4,22,0,53,3,0,3,5,0,17,27,0,0,4,0,28,273,48,48,407,13,786,18,0,0,4,3,20,54,0,0,0,0,65,22,0,4,0,0,23,3,0,0,0,0,9,12,0,0,0,0,15,32,3,0,16,0,56,530,46,36,141,10,771,17,0,5,57,1937,2020,2497,499,425,5129,2038,10591,78,247,236,1461
LGA53290,468,5301,131,6589,0,0,0,86,0,96,55,0,5,14,0,72,8,0,4,11,0,26,86,26,28,29,0,176,1036,533,382,3465,112,5524,60,0,10,5,0,73,33,0,0,4,0,48,126,35,33,375,7,576,9,8,3,12,0,24,4,0,0,0,0,3,34,4,0,7,0,49,204,90,62,837,22,1211,58,40,16,230,11,369,11,0,0,0,0,12,0,0,0,0,0,0,0,0,0,0,0,0,3,0,0,6,0,9,90,17,12,12,0,142,99,37,33,20,3,193,22,9,0,20,0,51,14,0,3,5,0,18,7,0,0,0,0,3,245,111,85,821,19,1280,0,0,0,0,0,0,91,6,16,0,0,104,10,5,0,13,0,22,11,0,0,0,0,10,6,0,0,0,0,6,28,6,15,13,4,63,291,82,64,122,7,572,23,17,4,157,1514,1708,2147,980,752,8584,1767,14238,78,608,511,4767
LGA53360,116,949,12,1205,0,0,0,0,0,3,8,0,0,0,0,12,0,0,0,4,0,8,27,13,12,10,0,64,269,99,91,623,7,1091,32,0,0,0,0,35,14,5,0,6,0,26,50,15,9,51,3,121,3,5,0,17,0,23,0,0,0,4,0,6,0,0,0,0,0,3,32,19,8,156,5,222,23,13,9,34,4,83,0,0,0,0,0,0,0,0,3,0,0,3,4,0,0,0,0,7,0,0,0,3,0,3,3,0,3,0,0,14,16,8,4,0,0,25,12,0,5,6,0,24,3,0,0,0,0,3,4,0,0,0,0,6,64,20,15,167,7,280,0,0,0,0,0,0,3,0,0,0,0,3,0,0,0,4,0,7,0,0,0,0,0,0,0,0,0,0,0,0,11,3,3,15,0,24,76,19,15,28,6,139,8,6,6,15,232,265,552,181,181,1543,270,2727,18,126,120,992
LGA53430,1053,5197,109,8023,0,10,9,56,3,71,311,31,31,56,5,437,306,56,26,141,4,532,301,97,62,97,4,553,4081,1384,1024,4881,125,11499,161,0,13,0,13,187,270,35,28,55,6,391,470,112,68,423,9,1092,79,30,11,84,3,209,52,3,12,10,6,84,209,18,12,14,6,253,1089,385,250,2105,33,3865,1591,277,127,654,41,2691,43,0,4,0,0,51,12,6,0,5,0,27,28,7,4,14,0,46,26,6,4,3,0,52,90,16,7,6,0,119,213,60,39,22,4,333,195,20,28,41,0,291,50,6,12,8,0,77,8,0,0,0,0,8,1044,375,217,1498,28,3162,71,0,0,4,3,79,133,11,20,8,3,174,128,18,6,37,0,187,29,8,4,0,0,41,41,0,4,0,0,47,204,27,25,95,0,354,2037,274,253,336,24,2924,79,13,10,100,2349,2544,10829,2694,1900,10789,2682,28893,326,1699,1314,5571
LGA53570,184,1580,32,2066,0,0,0,6,0,6,78,6,3,8,0,92,5,6,0,6,3,22,52,10,21,14,0,94,649,184,175,1079,32,2116,74,0,3,0,0,84,23,5,0,10,0,39,58,5,18,85,3,182,8,0,0,0,0,11,5,4,0,0,0,8,9,0,0,0,0,14,118,36,34,240,3,434,59,12,15,64,3,157,0,0,0,0,0,0,0,0,0,0,0,0,3,0,0,0,0,3,6,0,0,0,0,15,21,0,4,0,0,28,35,8,6,3,0,54,24,4,3,4,0,35,4,0,0,3,0,9,0,0,4,0,0,4,142,43,37,210,0,433,7,0,0,0,0,10,26,4,0,5,0,42,12,3,0,9,0,22,0,0,0,0,0,0,30,0,0,0,0,29,19,0,3,15,0,37,213,25,22,28,0,288,20,0,4,33,437,489,1464,338,312,2598,505,5218,51,237,184,1503
LGA53640,43,477,6,571,0,0,0,4,0,4,7,0,0,3,0,8,0,0,0,0,0,0,13,0,8,5,0,24,89,41,36,328,11,503,33,0,0,0,4,38,0,0,0,0,0,0,12,0,5,28,0,48,0,0,0,0,0,0,0,0,0,0,0,0,0,0,0,0,0,0,18,3,6,54,3,85,0,4,0,17,0,24,0,0,0,0,0,0,0,0,0,0,0,0,0,0,0,0,0,0,0,0,0,0,0,0,12,0,0,0,0,18,15,4,4,0,0,17,0,0,0,4,0,9,0,0,0,0,0,0,0,0,0,0,0,0,17,7,6,78,0,111,0,0,0,0,0,0,3,0,0,0,0,3,4,0,0,0,0,4,0,0,0,0,0,0,0,0,0,0,0,0,3,0,0,0,0,3,15,6,10,11,0,34,9,0,0,13,108,134,196,54,71,761,128,1219,3,41,49,422
LGA53710,49,420,9,493,0,0,0,5,0,5,0,0,0,3,0,7,0,0,0,0,0,0,15,0,3,3,0,27,66,26,30,286,11,426,0,0,0,0,0,3,0,0,0,4,0,4,6,0,0,12,0,20,0,0,0,0,0,3,0,0,0,0,0,4,7,0,0,0,0,7,10,3,4,66,0,89,0,0,3,9,0,22,0,0,0,0,0,0,0,0,0,0,0,0,0,0,0,0,0,0,0,0,0,0,0,0,4,0,0,0,0,4,0,0,0,0,0,3,0,0,0,0,0,3,0,0,0,0,0,0,0,0,0,0,0,0,14,0,7,48,5,76,0,0,0,0,0,0,0,0,0,0,0,0,3,0,0,0,0,3,0,0,0,0,0,0,0,0,0,0,0,0,0,4,0,5,0,11,3,9,4,9,0,26,0,0,0,5,95,98,129,34,64,689,109,1036,0,22,32,311
LGA53780,3534,19051,404,29028,12,29,14,390,3,441,10708,156,264,149,65,11339,192,40,31,118,8,379,1188,278,193,496,20,2173,14484,3871,3210,13904,504,35970,3016,20,131,10,18,3196,405,32,20,97,6,559,1020,239,199,1054,44,2548,114,49,37,85,9,288,123,19,9,24,0,186,7363,126,108,100,40,7744,2629,628,473,3406,89,7223,1511,520,256,1488,45,3819,596,3,12,6,3,621,239,41,31,10,0,318,45,4,11,23,0,81,85,28,7,39,0,165,1389,107,64,34,22,1614,906,222,182,63,13,1385,409,59,55,150,0,679,141,10,7,20,0,177,209,16,0,0,3,231,2995,827,609,3100,88,7619,149,3,7,6,0,172,1091,55,57,20,7,1230,372,25,18,47,0,470,848,19,7,3,8,880,634,19,28,10,0,688,444,61,54,138,3,701,19859,901,846,796,172,22561,803,57,41,353,6355,7616,64668,7455,6109,32216,7617,118073,2433,4375,3588,17612
LGA53800,1164,13590,265,16659,3,20,13,424,7,472,188,5,7,65,12,273,23,19,8,40,0,83,293,79,68,170,0,612,2902,1323,998,9823,248,15295,517,15,68,15,5,619,67,11,12,63,3,156,312,91,81,734,24,1243,31,21,6,49,3,108,27,7,5,4,3,50,282,14,8,18,6,329,493,282,168,2690,47,3686,407,165,62,843,21,1491,4,8,0,0,0,16,4,0,0,3,3,7,39,10,7,25,0,84,33,19,3,9,0,65,178,31,25,33,6,280,172,91,46,35,6,351,76,20,19,64,3,179,28,10,4,10,0,52,13,0,5,5,0,23,713,310,200,2029,48,3307,11,4,0,3,0,17,298,16,14,11,0,337,59,6,6,44,5,123,43,0,0,0,0,44,109,6,7,4,0,124,111,27,21,110,0,273,1135,200,192,620,25,2179,73,16,8,288,3253,3637,7142,2512,1870,23276,3826,38632,239,1527,1221,12173
LGA53920,15,395,16,450,0,0,0,1707,45,1762,10,0,0,0,0,14,0,0,0,0,0,0,3,0,0,4,0,8,62,19,16,156,8,262,4,0,0,0,0,4,3,0,0,0,0,8,9,4,3,12,0,26,0,0,0,0,0,0,0,0,0,0,0,0,24,0,0,0,0,24,19,3,0,65,8,99,16,7,0,5,0,21,0,0,0,0,0,0,0,0,0,0,0,0,0,0,0,0,0,3,0,0,0,0,0,0,10,0,0,0,0,11,8,3,0,0,0,10,4,0,0,0,0,4,0,0,0,0,0,0,0,0,0,0,0,0,18,6,0,46,7,78,0,0,0,0,0,0,4,0,0,0,0,4,7,0,0,0,0,3,6,0,0,0,0,6,0,0,0,0,0,0,3,0,0,3,0,13,56,4,0,35,3,95,0,0,0,61,607,668,225,50,27,2285,686,3267,13,16,13,183
LGA53990,930,8072,160,10516,0,8,4,84,0,93,176,8,4,11,0,204,21,4,3,39,4,71,294,91,51,149,3,591,3001,1184,883,6437,148,11657,407,5,11,3,3,426,51,10,0,49,0,110,216,57,49,453,16,794,12,17,5,77,4,115,13,3,3,6,0,28,114,8,5,6,0,126,597,182,176,1538,31,2519,585,231,102,1126,30,2077,28,0,7,0,0,34,6,0,3,6,0,13,9,0,0,6,0,12,0,5,0,10,0,21,395,46,23,13,4,479,220,90,52,22,7,390,71,24,16,79,0,192,13,0,0,13,0,27,13,0,0,0,0,17,641,210,175,1336,19,2380,8,0,0,0,0,16,251,13,16,5,4,277,48,7,10,25,0,88,12,0,0,0,0,14,10,0,0,0,0,12,93,15,11,75,0,200,638,125,104,196,12,1070,56,17,11,162,1814,2067,6517,2093,1558,14241,2143,26549,235,1299,1109,8733
LGA54060,116,1316,20,1646,0,0,0,9,0,9,8,0,0,8,0,9,7,3,0,3,0,17,32,7,0,14,0,60,331,134,117,981,20,1586,8,0,3,0,0,7,8,4,0,0,0,13,30,5,8,92,6,140,0,4,0,11,0,17,0,0,0,0,0,4,0,0,0,0,0,3,63,27,22,230,7,348,12,6,0,58,0,76,0,0,0,0,0,0,0,0,0,0,0,5,0,0,0,0,0,0,0,0,0,0,0,0,33,0,0,3,0,41,24,11,3,3,0,39,8,8,7,13,0,32,4,0,0,0,0,6,0,0,0,0,0,0,81,29,20,204,3,344,0,0,0,0,0,0,5,0,3,0,0,6,4,0,0,0,0,8,3,0,0,0,0,7,3,0,0,0,0,3,12,7,0,13,0,31,63,22,15,32,0,125,8,0,0,25,212,247,621,277,187,2230,258,3569,22,152,134,1283
LGA54130,39,390,9,457,0,0,0,0,0,0,0,0,0,0,0,0,0,0,0,0,0,3,8,0,9,0,0,14,65,26,24,335,12,463,5,0,0,0,0,5,0,0,0,0,0,3,11,4,0,40,0,51,0,0,0,0,0,0,0,0,0,0,0,0,0,0,0,0,0,0,10,5,3,64,0,81,6,11,0,19,0,33,0,0,0,0,0,0,0,0,0,0,0,0,0,0,0,0,0,0,0,0,0,0,0,0,21,0,3,0,5,25,6,5,4,4,0,18,3,0,0,0,0,3,0,0,0,0,0,6,0,0,0,0,0,0,20,9,8,62,5,98,0,0,0,0,0,0,0,0,0,0,0,0,0,0,0,0,0,0,0,0,0,0,0,0,0,0,0,0,0,0,3,0,0,0,0,7,16,0,0,11,0,29,0,0,0,9,133,149,145,55,58,693,159,1106,6,24,38,464
LGA54170,6082,30615,455,45928,5,19,8,106,4,146,3117,111,149,172,32,3578,491,168,74,372,8,1106,2093,425,248,608,27,3402,35512,6669,5467,22573,656,70874,735,19,123,15,0,903,790,74,66,238,12,1184,2521,410,357,1790,38,5118,571,174,82,348,19,1195,283,47,28,49,7,414,2271,120,71,104,18,2574,8425,1361,1051,7224,174,18227,2708,943,466,2464,54,6635,153,8,12,3,0,180,115,23,3,31,5,175,348,87,39,194,3,674,165,39,29,89,0,329,756,80,54,22,12,920,1552,440,277,98,14,2380,1246,128,133,257,18,1783,311,21,34,31,0,394,77,3,0,5,3,88,8063,1391,1092,5798,130,16468,267,39,6,12,0,331,3388,137,133,30,17,3702,484,59,43,136,8,718,181,35,25,23,0,268,462,3,39,13,4,530,1637,139,125,326,15,2242,9834,1073,1096,1085,95,13184,439,58,60,402,5475,6435,71963,12500,9970,53151,6861,154443,1891,8286,6924,31200
LGA54200,2177,13576,207,19448,0,12,8,115,8,138,959,32,64,69,6,1128,125,50,26,149,0,345,759,171,138,294,9,1368,9370,2765,2044,10437,294,24911,758,5,48,10,5,823,240,27,26,60,8,365,679,203,148,913,30,1974,79,22,11,79,3,194,108,15,12,18,0,151,1266,54,39,60,16,1430,1881,546,389,2818,68,5702,1220,439,226,1377,41,3308,50,3,12,3,0,74,42,16,10,5,0,73,24,4,3,12,0,40,44,15,12,36,6,107,587,32,30,8,15,670,571,170,93,33,4,871,301,47,29,125,6,503,89,10,19,24,0,144,74,6,3,0,0,81,1994,551,404,2557,67,5576,66,14,9,4,3,94,408,48,30,10,4,496,110,17,7,57,3,196,122,12,11,0,0,145,78,0,6,4,0,91,330,63,33,118,0,547,3926,362,363,505,41,5202,169,31,20,203,2917,3342,21573,5029,3734,23568,3549,57451,721,3079,2377,13507
LGA54280,891,8737,151,11057,3,22,3,465,14,511,312,4,37,36,9,394,81,21,6,69,0,181,224,60,29,86,0,401,2668,870,763,5981,177,10448,627,7,63,11,10,713,85,10,0,37,0,127,321,106,77,639,13,1159,27,11,4,44,0,86,17,0,4,10,0,31,453,10,0,7,0,481,736,196,140,1744,30,2843,203,112,53,648,18,1033,23,0,3,0,0,31,10,4,0,4,0,22,10,4,0,9,0,18,9,10,0,18,0,34,949,57,50,10,33,1092,438,101,77,33,4,650,90,21,5,59,0,184,32,0,3,12,0,50,111,4,0,0,0,114,859,220,145,1392,37,2643,10,0,0,5,0,11,336,14,19,6,0,380,58,5,9,19,5,88,32,3,3,0,0,38,38,0,0,0,0,40,89,35,8,79,3,213,1856,138,156,251,19,2426,119,29,15,208,2870,3243,8544,1848,1490,14911,3268,30053,259,1045,995,7448
LGA54310,732,6923,152,8669,5,17,8,733,5,768,287,4,15,25,0,342,29,5,8,35,4,84,135,56,40,110,5,338,1648,538,580,3685,116,6572,550,4,35,4,9,599,70,4,15,25,3,117,173,47,49,374,8,646,18,7,5,29,0,58,14,7,4,6,0,25,306,15,15,20,3,354,472,92,119,916,19,1622,84,80,30,313,4,515,14,5,0,0,0,18,9,0,0,0,0,12,31,3,3,3,0,37,20,10,3,20,0,51,400,17,23,10,8,460,244,56,47,19,9,365,53,15,13,38,0,120,12,0,5,11,0,29,41,0,0,3,0,45,474,135,126,863,27,1624,14,0,0,0,0,16,188,5,23,13,0,221,71,3,3,13,0,88,41,0,3,8,0,49,33,0,5,0,0,37,48,14,12,43,0,117,1058,105,108,208,19,1501,92,24,16,167,2595,2893,5344,1159,1181,10884,2905,21472,192,785,847,5410
LGA54340,94,1231,57,1565,0,3,0,43,0,48,42,0,0,4,3,52,0,0,0,4,0,7,23,8,0,6,0,49,232,98,88,774,57,1252,31,0,0,0,0,27,5,0,0,10,0,13,17,9,7,112,4,157,0,0,0,0,0,5,0,0,0,0,0,0,30,9,0,0,0,36,31,8,14,152,3,203,36,24,4,44,0,106,3,0,3,0,0,3,0,3,0,0,0,3,0,0,0,0,0,0,0,0,0,0,0,0,63,8,5,0,0,76,33,11,9,0,0,54,8,0,3,3,0,13,0,0,0,0,0,6,0,0,0,0,0,0,49,19,21,153,8,246,5,0,0,0,0,10,24,5,3,6,0,36,3,0,0,0,0,7,0,0,0,0,0,0,5,0,0,0,0,5,4,4,0,8,0,22,471,52,32,164,19,738,20,3,0,35,497,559,1029,247,189,2074,619,4150,20,160,113,1061
LGA54410,27,483,21,595,0,0,0,10,0,10,0,0,0,0,0,0,5,0,0,0,0,4,6,0,0,0,0,15,88,43,22,283,19,463,10,0,0,0,0,13,0,0,0,4,0,4,4,6,0,19,0,29,4,0,0,4,0,5,0,0,0,0,0,0,6,0,0,0,0,6,9,10,5,58,7,87,11,0,0,15,0,24,0,0,0,0,0,0,0,0,0,0,0,0,0,0,0,0,0,0,0,0,0,0,0,0,0,0,0,0,0,0,7,0,11,3,0,19,5,0,0,0,0,6,0,0,5,0,0,5,0,0,0,0,0,0,19,14,4,61,3,106,0,0,0,0,0,0,0,0,0,0,0,0,0,0,0,0,0,0,0,0,0,0,0,0,0,0,0,0,0,0,4,3,0,0,0,14,32,3,0,6,0,34,5,0,0,13,108,141,182,89,52,748,159,1224,10,44,32,366
LGA54480,20,202,3,239,0,0,0,0,0,0,0,0,0,0,0,3,0,0,0,3,0,5,0,0,8,0,0,6,28,9,18,165,3,227,0,0,0,0,0,0,0,0,0,0,0,0,3,0,3,20,0,32,0,0,0,0,0,0,0,0,0,0,0,0,0,0,0,0,0,0,3,0,0,33,0,42,0,3,0,16,0,17,0,0,0,0,0,0,0,0,0,0,0,0,0,0,0,0,0,0,0,0,0,0,0,0,8,0,0,0,0,3,5,0,4,0,0,6,0,0,0,0,0,0,0,0,0,3,0,5,0,0,0,0,0,0,12,0,6,37,0,55,0,0,0,3,0,5,0,3,0,0,0,0,0,0,0,0,0,0,0,0,0,0,0,0,0,0,0,0,0,0,0,0,0,0,0,0,3,0,0,3,0,15,0,0,3,4,73,78,63,19,45,361,78,563,3,9,22,201
LGA54550,71,673,21,852,0,4,0,6,0,13,0,0,0,0,0,0,0,0,0,0,0,0,0,4,0,7,0,14,138,79,59,577,12,865,29,0,4,0,0,32,6,0,0,3,0,9,6,5,3,41,0,59,0,0,0,0,0,0,0,0,0,0,0,0,0,4,0,3,0,6,23,9,7,105,8,146,29,14,7,45,3,96,0,0,0,0,0,0,0,0,0,0,0,0,0,0,0,0,0,0,0,0,0,0,0,0,52,9,10,3,0,77,15,10,6,0,0,34,5,0,3,3,0,8,0,0,0,0,0,0,0,0,0,0,0,0,29,13,9,137,0,193,0,0,0,0,0,0,4,0,0,0,0,4,4,0,0,0,0,4,0,0,0,0,0,0,0,0,0,0,0,0,5,3,0,5,0,9,19,3,6,10,3,45,3,0,4,17,174,198,305,146,107,1210,214,1981,6,63,71,661
LGA54620,24,305,0,351,0,0,0,8,0,8,0,0,0,0,0,0,0,0,0,5,0,0,3,0,6,3,0,12,60,31,25,256,4,374,8,0,5,0,0,8,0,0,0,0,0,0,4,0,4,22,0,22,0,0,0,0,0,0,3,0,0,0,0,3,8,0,0,0,0,3,20,4,4,62,0,98,4,3,5,9,0,16,0,0,0,0,0,0,0,0,0,0,0,0,0,0,0,0,0,0,0,0,0,0,0,0,3,0,0,0,0,9,6,6,0,3,0,14,0,0,0,0,0,5,0,0,0,0,0,0,0,0,0,0,0,0,13,10,3,54,0,86,0,0,0,0,0,0,4,0,0,0,0,9,0,0,0,0,0,0,0,0,0,0,0,0,0,0,0,0,0,0,4,0,0,5,0,8,34,0,9,5,0,50,0,0,0,12,64,79,152,47,49,557,73,875,6,27,34,282
LGA54690,19,157,5,197,0,0,0,0,0,0,0,0,0,0,0,0,0,0,0,0,0,0,0,0,0,0,0,0,41,12,13,107,4,177,0,0,0,0,0,0,0,0,0,0,0,0,0,0,9,13,0,24,0,0,0,3,0,3,0,0,0,0,0,0,0,0,0,0,0,0,10,0,6,37,0,51,4,9,0,0,0,12,0,0,0,0,0,0,0,0,0,0,0,0,0,0,0,0,0,0,0,0,0,0,0,0,0,0,0,0,0,0,0,4,0,0,0,3,0,0,0,0,0,0,0,0,0,0,0,0,0,0,0,0,0,0,3,4,6,34,0,43,0,0,0,0,0,0,0,0,0,0,0,0,0,0,0,0,0,0,0,0,0,0,0,0,0,0,0,0,0,0,0,0,0,0,0,0,3,0,7,0,0,10,0,4,0,3,22,34,57,29,32,262,25,415,0,10,16,127
LGA54760,32,330,8,388,0,0,0,3,0,3,0,0,0,0,0,0,0,0,0,0,0,0,3,0,0,3,5,9,44,24,24,229,0,321,0,0,0,0,0,0,0,0,0,0,0,0,4,0,0,17,0,21,0,0,0,0,0,0,0,0,0,0,0,0,0,0,0,0,0,0,8,0,7,47,0,66,14,7,0,26,0,50,0,0,0,0,0,0,0,0,0,0,0,0,0,0,0,0,0,0,0,0,0,0,0,0,3,0,0,0,0,5,3,4,0,0,0,4,0,0,0,0,0,0,4,0,0,0,0,4,0,0,0,0,0,0,9,7,9,47,0,69,0,0,0,0,0,0,6,0,0,0,0,6,0,0,0,0,0,0,0,0,0,0,0,0,0,0,0,0,0,0,0,0,0,5,0,9,4,0,0,4,0,10,0,0,0,4,50,53,99,37,48,524,64,764,0,21,29,304
LGA54830,1399,7883,201,11741,0,16,16,107,0,130,845,23,36,38,7,947,97,24,10,82,0,220,342,92,66,162,0,668,5418,1559,1308,5882,202,14366,1827,23,55,11,11,1922,132,13,8,40,0,189,437,110,69,481,12,1106,41,12,9,37,0,101,16,4,0,9,0,28,1499,26,27,22,3,1580,964,229,195,1304,39,2726,349,192,102,656,12,1310,126,6,6,3,0,142,16,3,0,3,0,23,22,0,5,7,0,35,24,13,10,17,4,69,968,58,61,28,12,1126,423,111,75,23,13,643,139,17,19,42,3,228,75,4,10,5,0,99,62,8,3,0,0,81,1227,298,214,1188,26,2952,145,5,6,14,0,174,378,26,23,4,6,432,266,14,5,36,3,328,122,0,3,4,0,129,103,5,11,0,0,121,199,32,28,53,0,319,3655,307,235,282,49,4532,212,15,25,169,3469,3882,16684,2874,2337,13067,3958,38921,726,2070,1692,8765
LGA54900,40,511,10,607,0,0,0,3,0,3,6,0,0,0,0,6,7,0,0,5,0,6,12,0,5,7,0,24,84,40,38,355,7,522,7,0,0,0,0,12,0,0,0,3,0,3,10,6,0,29,0,44,0,0,0,0,0,4,0,0,0,0,0,0,3,0,0,0,0,4,10,10,0,72,0,91,3,0,0,13,0,23,0,0,0,0,0,0,0,0,0,0,0,0,0,0,0,0,0,0,0,0,0,0,0,0,4,0,0,0,0,4,11,9,0,0,0,16,0,0,0,0,0,0,3,0,0,0,0,3,0,0,0,0,0,0,16,11,4,76,0,109,0,0,0,0,0,0,0,0,0,0,3,5,3,0,0,8,0,5,0,0,0,0,0,0,0,0,0,0,0,0,3,0,0,4,0,9,13,0,0,18,0,34,0,0,0,15,108,126,182,60,55,837,130,1266,13,41,37,461
LGA54970,25,224,3,294,0,3,0,231,0,237,5,0,0,0,0,12,0,0,0,0,0,0,7,0,0,0,0,18,117,25,21,124,5,292,5,0,0,0,0,6,3,0,0,3,0,9,11,5,0,13,0,34,0,0,0,0,0,0,7,0,0,0,0,7,5,0,0,0,0,5,28,5,0,58,0,89,9,0,4,9,0,22,0,0,0,0,0,0,0,0,0,0,0,0,0,0,0,0,0,0,0,0,0,0,0,0,26,0,0,0,0,34,18,3,0,0,0,22,8,0,0,0,0,10,0,0,0,0,0,0,6,0,0,0,0,5,35,3,0,56,0,94,0,0,0,0,0,0,6,0,0,0,0,6,0,0,0,0,0,0,0,0,0,0,0,0,0,0,0,0,0,0,0,0,0,0,0,3,40,0,0,17,0,62,3,0,0,6,206,210,266,55,33,582,219,1156,11,15,14,135
LGA55040,23,395,8,493,0,0,0,51,0,57,6,0,0,0,0,9,0,0,0,0,0,3,10,4,3,4,0,25,115,31,24,249,7,432,14,0,0,0,0,14,3,0,0,0,0,3,13,7,5,18,0,44,0,4,0,0,0,8,0,0,0,0,0,0,3,0,0,0,0,10,24,3,4,53,0,89,3,3,0,17,0,30,0,0,0,0,0,0,0,0,0,0,0,0,0,0,0,0,0,0,0,0,0,0,0,0,27,0,0,0,0,36,20,3,3,0,0,30,3,0,0,4,0,10,0,0,0,0,0,0,6,0,0,0,0,6,30,6,4,40,0,86,0,0,0,0,0,0,4,0,0,0,0,4,10,0,0,3,0,9,0,0,0,0,0,0,4,0,0,0,0,4,0,0,0,0,0,0,55,10,5,12,0,81,3,0,0,13,316,337,302,85,47,643,333,1406,9,62,33,277
LGA55110,2995,21155,465,28975,0,12,3,198,0,209,583,23,43,90,11,758,144,44,25,93,4,303,948,212,147,301,18,1620,14080,3626,2842,17192,538,38281,854,13,114,17,15,1008,268,24,23,115,4,431,912,196,178,1304,42,2632,85,45,12,105,0,245,96,18,3,26,0,135,663,34,25,29,4,752,2537,559,430,4290,113,7928,732,329,159,1245,30,2493,114,8,7,0,0,131,14,4,0,9,0,26,21,0,6,13,0,40,84,34,9,53,0,179,1009,80,70,28,17,1200,711,207,170,57,7,1148,306,44,34,148,3,537,118,11,16,29,0,173,78,14,0,0,0,98,2900,756,661,3783,113,8209,22,6,4,6,3,45,843,41,36,21,3,948,195,15,19,99,7,334,84,6,0,9,0,101,79,0,13,0,0,97,594,84,64,153,19,912,3260,442,420,560,56,4737,253,50,50,429,4779,5564,26449,6301,4957,37217,5887,80808,882,4264,3490,22745
LGA55180,289,2846,63,3676,0,3,0,30,0,39,37,0,3,5,0,41,21,10,4,25,0,56,84,32,7,50,3,172,915,393,296,2371,74,4052,50,0,9,0,4,65,17,3,0,13,0,34,72,39,19,160,6,297,21,8,3,14,0,44,10,0,0,0,0,8,25,0,6,0,3,40,115,59,40,559,15,784,213,76,28,321,21,655,6,0,0,0,0,6,7,0,0,0,0,13,108,8,11,48,4,178,8,3,0,0,0,10,6,6,12,5,0,24,40,8,21,8,0,68,32,6,3,10,0,59,5,0,0,0,0,11,4,0,0,0,0,4,198,107,75,540,24,937,0,0,0,0,0,0,10,4,10,0,0,16,10,0,0,10,0,19,0,0,0,0,0,3,5,0,0,0,0,4,35,10,0,22,0,72,233,59,42,84,7,427,25,13,11,75,709,827,1976,746,517,5125,882,9253,91,390,310,2566
LGA55250,20,351,21,414,0,0,0,87,0,87,7,0,0,0,0,10,0,0,0,3,0,5,3,0,0,9,0,11,60,17,20,170,9,278,4,0,0,0,0,4,0,0,0,0,0,0,7,7,0,23,0,36,0,0,0,0,0,4,0,0,0,0,0,0,8,0,0,0,0,10,16,7,0,51,4,79,3,0,0,5,0,9,0,0,0,0,0,0,0,0,0,0,0,0,0,0,0,0,0,0,0,0,0,0,0,0,14,0,0,0,0,14,14,5,0,0,0,14,3,0,0,3,0,6,0,0,0,0,0,0,3,0,0,0,0,3,29,4,0,40,0,75,0,0,0,0,0,0,3,0,0,0,0,3,4,0,0,0,0,4,4,0,0,0,0,4,0,0,0,0,0,0,0,0,0,0,0,8,30,4,0,6,0,40,4,0,0,18,223,245,161,43,30,590,249,1066,6,22,20,156
LGA55320,3516,19026,348,27930,8,8,3,75,3,91,9776,183,302,134,83,10473,508,137,61,414,11,1133,964,258,179,406,11,1821,12135,4105,3129,15934,454,35759,560,6,79,9,5,650,550,58,45,138,3,787,1156,262,212,1274,29,2926,286,65,38,182,3,589,140,27,25,46,0,239,2491,104,75,62,20,2747,2817,949,644,5326,121,9859,2600,816,369,2421,45,6250,651,7,16,3,0,683,137,22,28,22,0,215,82,16,15,46,0,152,83,33,9,55,3,187,219,23,12,3,4,262,557,201,130,54,8,945,478,79,67,150,3,780,210,20,19,22,0,275,50,6,0,5,0,64,3247,1018,766,4275,102,9400,162,10,19,29,4,220,943,59,80,20,3,1109,353,27,39,95,10,523,468,32,21,18,4,530,350,17,19,4,0,389,547,97,75,279,9,1000,7899,741,744,825,65,10270,242,38,29,268,4383,4958,42553,8001,6214,35885,5426,98076,1029,4790,3973,19516
LGA55390,6,88,6,107,0,0,0,184,0,185,3,0,0,0,0,3,0,0,0,0,0,0,0,0,0,0,0,0,40,4,3,63,0,108,9,0,0,0,0,9,0,0,0,0,0,0,4,0,0,6,0,9,0,0,0,0,0,0,3,0,0,0,0,3,4,0,0,0,0,4,10,0,0,12,0,27,5,0,0,0,0,9,0,0,0,0,0,0,0,0,0,0,0,0,0,0,0,0,0,0,0,0,0,0,0,0,8,0,0,0,0,6,0,0,0,0,0,0,0,0,0,0,0,3,0,0,0,0,0,0,0,0,0,0,0,0,11,0,3,12,0,29,0,0,0,0,0,0,5,0,0,0,0,5,0,0,0,0,0,0,0,0,0,0,0,0,0,0,0,0,0,0,4,0,0,0,0,5,15,0,0,10,0,20,0,0,0,0,47,51,89,13,6,324,55,490,0,5,11,65
LGA55460,100,1271,23,1558,0,0,0,28,0,30,106,0,0,7,0,107,4,3,0,3,0,10,22,5,4,25,4,56,232,103,122,861,19,1341,46,0,0,0,0,50,7,0,0,0,0,11,13,10,3,78,0,106,0,0,0,5,0,5,5,0,0,0,0,3,13,0,0,0,0,12,41,16,25,188,3,273,36,19,7,95,0,161,0,0,0,0,0,0,0,0,0,0,0,0,0,0,0,0,0,0,0,0,0,0,0,3,20,4,6,5,4,35,20,4,8,7,0,45,11,0,0,4,0,16,3,0,0,0,0,3,0,0,0,0,0,0,64,25,22,165,4,280,0,0,0,0,0,0,19,0,0,0,0,23,0,0,0,5,0,9,0,0,0,0,0,0,0,0,0,0,0,0,7,0,0,8,0,21,60,13,3,22,0,96,4,4,0,26,224,259,636,211,193,2043,272,3353,28,103,105,1045
LGA55530,15,172,5,199,0,0,0,0,0,0,0,0,0,0,0,0,0,0,0,0,0,0,0,0,0,0,0,4,21,14,16,128,12,195,0,0,0,0,0,0,0,0,0,0,0,4,0,3,4,14,0,18,0,0,0,0,0,0,0,0,0,0,0,0,5,0,0,0,0,3,7,4,6,32,6,55,4,0,0,4,0,11,0,0,0,0,0,0,0,0,0,0,0,0,0,0,0,0,0,0,0,0,0,0,0,0,4,0,0,0,0,4,0,0,0,0,0,0,0,0,0,0,0,0,0,0,0,0,0,0,0,0,0,0,0,0,6,0,0,26,0,36,3,0,0,0,0,3,0,0,0,0,0,0,0,0,0,3,0,4,0,0,0,0,0,0,0,0,0,0,0,0,0,0,0,0,0,0,4,0,0,0,0,9,0,0,0,12,41,51,49,20,30,308,54,459,3,9,16,142
LGA55600,76,925,27,1130,0,0,0,20,0,20,9,0,0,0,0,8,3,0,0,0,0,3,29,12,5,21,0,65,155,73,73,691,20,1017,21,0,0,0,0,23,8,0,0,3,0,9,10,6,4,37,3,64,4,0,0,0,0,9,0,0,0,0,0,0,3,0,0,0,0,3,22,11,9,130,4,179,9,0,7,39,0,48,0,0,0,0,0,0,0,0,0,0,0,0,0,0,0,0,0,0,0,0,0,0,0,0,17,0,0,0,0,16,13,13,3,0,0,28,0,4,0,3,0,9,0,0,0,0,0,0,0,0,0,0,0,0,48,17,13,178,3,262,0,0,0,0,0,0,8,4,0,0,0,9,10,0,0,0,0,10,0,0,0,0,0,0,0,0,0,0,0,0,4,0,0,3,0,15,32,10,9,10,0,60,10,0,0,21,203,241,351,139,111,1574,257,2433,14,72,72,755
LGA55670,20,283,3,349,0,0,0,37,0,37,0,0,0,0,0,0,0,0,0,4,0,7,9,0,0,0,0,4,32,32,22,191,0,286,0,0,0,0,0,0,0,0,0,0,0,3,0,0,3,16,0,19,0,0,0,0,0,0,0,0,0,0,0,0,18,0,0,3,0,17,7,5,0,57,0,72,0,0,0,8,0,15,0,0,0,0,0,0,0,0,0,0,0,0,0,0,0,0,0,0,0,0,0,0,0,0,4,0,0,0,0,4,0,4,0,0,0,10,0,0,0,0,0,3,0,0,0,0,0,0,0,0,0,0,0,0,20,18,10,43,0,82,0,0,0,0,0,0,0,0,0,0,0,4,0,0,0,0,0,0,0,0,0,0,0,0,0,0,0,0,0,0,0,0,0,6,0,8,19,3,6,0,0,28,0,0,0,9,48,64,97,57,37,493,60,746,0,30,11,162
LGA55740,353,1831,25,2725,0,0,0,9,0,13,277,4,28,5,0,319,24,9,8,32,0,73,83,25,14,24,0,144,1218,421,319,1589,32,3571,53,0,5,0,0,62,79,3,7,16,0,103,123,24,32,112,6,300,22,14,6,60,3,104,11,4,0,0,0,21,142,10,6,8,0,168,306,81,81,605,10,1082,163,45,24,116,0,340,24,0,5,0,0,26,3,0,0,3,0,10,5,0,0,7,0,15,4,5,0,0,0,10,7,4,0,0,0,10,38,22,10,0,0,67,59,8,5,9,0,79,30,0,0,0,0,35,0,0,0,0,0,4,293,106,84,487,10,978,11,0,0,0,0,11,82,3,14,0,0,97,38,4,8,8,0,60,17,6,5,0,0,29,19,0,5,0,0,28,48,8,8,24,0,90,657,84,74,68,4,880,30,0,0,31,666,727,3144,740,616,3514,743,8755,77,464,400,1836
LGA55810,11,165,7,196,0,0,0,8,0,8,0,0,0,0,0,0,0,0,0,0,0,0,0,0,0,3,0,8,27,7,5,57,3,99,8,0,0,0,0,8,0,0,0,0,0,5,0,4,0,11,0,16,0,0,0,0,0,0,0,0,0,0,0,0,4,0,0,0,0,4,3,3,4,28,0,46,0,0,0,3,0,3,0,0,0,0,0,0,0,0,0,0,0,0,0,0,0,0,0,0,0,0,0,0,0,0,0,0,0,0,0,0,3,0,0,0,0,8,0,0,0,0,0,0,0,0,0,0,0,0,0,0,0,0,0,0,4,5,0,15,0,22,0,0,0,0,0,0,0,0,0,0,0,0,0,0,4,3,0,9,0,0,0,0,0,0,0,0,0,0,0,0,7,0,0,0,0,8,15,3,0,5,0,26,0,0,0,7,116,123,72,26,12,249,124,482,3,13,10,103
LGA55880,16,197,3,241,0,0,0,0,0,0,0,0,0,0,0,0,0,0,0,0,0,0,0,0,0,0,0,6,44,22,14,148,5,239,0,0,0,0,0,0,4,0,0,0,0,3,6,0,3,10,0,17,0,0,0,0,0,0,0,0,0,0,0,0,0,0,0,0,0,0,6,4,6,47,3,61,0,0,0,6,0,15,0,0,0,0,0,0,0,0,0,0,0,0,0,0,0,0,0,0,0,0,0,0,0,0,9,0,0,0,0,9,0,0,0,0,0,3,0,0,0,0,0,4,0,0,0,0,0,0,0,0,0,0,0,0,8,5,0,31,0,45,0,0,0,0,0,0,0,0,0,0,0,0,0,0,0,10,0,10,0,0,0,0,0,0,0,0,0,0,0,0,0,0,0,0,0,0,4,0,0,0,0,7,0,0,0,8,40,48,76,38,20,342,47,526,4,17,14,175
LGA55950,27,204,0,261,0,0,0,0,0,0,0,0,0,0,0,0,0,0,0,0,0,0,4,0,0,3,0,3,31,30,18,177,10,262,0,0,0,0,0,0,0,0,0,0,0,4,8,0,4,3,0,14,0,0,0,0,0,0,0,0,0,0,0,0,0,0,0,0,0,0,8,0,5,42,0,50,0,0,0,7,0,14,0,0,0,0,0,0,0,0,0,0,0,0,0,0,0,0,0,0,0,0,0,0,0,0,10,0,0,0,0,10,7,0,0,0,0,11,0,0,0,0,0,0,0,0,0,0,0,0,0,0,0,0,0,0,8,6,0,53,0,66,0,0,0,0,0,0,0,4,0,0,0,9,0,0,0,0,0,0,0,0,0,0,0,0,0,0,0,0,0,0,0,0,0,0,0,3,6,6,3,4,0,15,0,0,0,5,33,39,66,39,38,367,41,553,0,26,32,201
LGA56090,1556,9397,169,13500,0,4,3,72,0,82,225,16,31,51,4,326,139,35,28,109,6,305,545,130,83,205,5,964,6224,1938,1489,7563,192,17407,234,15,17,17,0,282,147,24,14,60,3,249,516,141,91,625,19,1393,72,26,9,57,3,169,50,12,4,15,0,79,266,32,10,18,4,340,1014,336,229,2046,35,3655,627,222,115,747,18,1726,10,0,3,0,0,17,7,0,3,8,0,19,17,6,3,10,0,38,26,9,8,18,0,57,168,27,25,3,0,219,303,126,54,34,4,529,265,47,20,82,0,421,56,7,3,19,3,93,17,0,0,0,0,17,1223,407,330,1967,38,3968,29,7,0,4,0,41,205,21,14,10,3,253,55,10,6,26,0,96,17,4,9,0,0,28,37,0,4,0,0,44,234,57,28,120,5,442,1378,277,232,318,19,2220,103,37,21,143,3631,3940,11474,3497,2555,16587,4045,38159,316,2249,1777,9779
LGA56160,3,33,0,37,0,0,0,50,0,51,0,0,0,0,0,0,0,0,0,0,0,0,0,0,0,4,0,8,3,3,0,19,0,27,0,0,0,0,0,0,0,0,0,0,0,0,0,0,0,6,0,10,0,0,0,0,0,0,0,0,0,0,0,0,0,0,0,0,0,0,0,0,0,4,0,3,0,0,0,0,0,0,0,0,0,0,0,0,0,0,0,0,0,0,0,0,0,0,0,0,0,0,0,0,0,0,0,0,0,0,0,0,0,0,0,0,0,0,0,0,0,0,0,0,0,0,0,0,0,0,0,0,0,0,0,0,0,0,0,0,0,4,0,0,0,0,0,0,0,0,0,0,0,3,0,0,0,0,0,0,0,0,0,0,0,0,0,0,0,0,0,0,0,0,0,0,0,0,5,0,0,0,0,4,0,0,0,0,45,45,10,3,4,89,44,153,0,0,0,34
LGA56230,611,5315,92,6963,0,5,0,38,0,46,43,4,5,9,3,69,20,13,0,22,0,58,154,51,16,65,0,289,2298,810,637,4037,108,7892,77,4,11,0,4,88,31,5,4,30,0,62,128,51,39,318,3,540,10,3,3,11,0,29,6,4,0,4,0,16,40,8,5,13,0,65,377,112,110,945,23,1575,147,65,19,308,5,550,0,0,0,0,0,6,0,0,0,0,0,4,0,0,0,3,0,9,8,3,0,9,0,22,84,16,10,0,0,119,119,57,19,24,5,232,35,3,8,22,0,75,12,4,0,4,0,18,16,0,0,0,0,17,505,168,113,862,17,1666,3,0,0,0,0,4,60,0,6,5,0,71,24,3,0,18,0,51,7,0,0,5,0,10,10,0,4,0,0,11,74,10,14,55,3,150,333,79,54,121,6,582,35,7,7,99,1226,1375,3802,1404,995,9051,1450,16696,145,873,725,5707
LGA56300,46,397,3,526,0,0,0,0,0,0,4,0,0,0,0,6,0,0,0,0,0,0,9,6,0,3,0,18,211,57,48,322,12,650,0,0,0,0,0,0,8,0,0,5,0,14,13,0,7,20,0,41,0,0,0,0,0,3,7,0,0,0,0,7,0,0,0,0,0,6,44,3,5,66,0,122,18,4,3,19,0,46,0,0,0,0,0,0,0,0,0,0,0,0,0,0,0,0,0,3,0,0,0,0,0,0,6,3,0,0,0,6,11,6,0,0,0,22,3,0,0,4,0,7,0,0,0,0,0,0,0,0,0,0,0,0,55,7,7,71,0,143,0,0,0,0,0,0,0,0,0,0,0,0,3,0,0,0,0,3,0,0,0,0,0,0,0,0,0,0,0,0,11,6,0,0,0,16,28,0,6,8,0,43,0,0,0,12,110,123,349,97,77,675,129,1329,9,65,51,361
LGA56370,26,290,7,370,0,0,0,0,0,0,0,0,0,0,0,0,0,0,0,0,0,0,3,0,0,0,0,8,64,20,23,231,3,340,11,0,0,0,0,13,5,0,0,0,0,3,10,4,3,18,0,34,0,0,0,0,0,0,0,0,0,0,0,0,9,0,0,0,0,9,21,0,3,44,3,75,12,4,4,19,0,37,0,0,0,0,0,0,0,0,0,0,0,0,0,0,0,0,0,0,0,0,0,0,0,0,9,0,0,0,0,11,0,0,3,0,0,9,0,0,0,0,0,0,0,0,0,0,0,0,0,0,0,0,0,0,13,7,8,57,4,86,0,0,0,0,0,0,0,0,0,0,0,0,0,0,0,0,0,0,0,0,0,0,0,0,0,0,0,0,0,0,0,3,0,0,0,3,4,0,0,5,0,12,0,0,5,10,61,72,145,43,42,497,79,810,7,23,22,239
LGA56460,189,1895,40,2352,0,0,0,44,0,49,22,0,0,0,0,28,0,0,8,0,0,10,34,3,5,43,0,93,358,205,146,1264,59,2036,92,0,7,0,0,101,8,4,0,11,0,26,40,9,6,91,3,154,0,3,0,6,0,5,0,0,0,0,0,0,42,0,6,0,0,44,68,44,28,282,7,422,36,19,3,90,0,157,0,0,0,0,0,0,0,0,0,0,0,0,0,0,0,0,0,0,0,0,0,0,0,0,25,8,4,0,0,38,25,12,11,9,0,55,42,3,3,18,4,70,11,0,0,0,0,19,0,0,0,0,0,0,63,50,21,241,5,380,4,0,0,0,0,4,28,0,0,0,0,33,0,0,0,11,0,13,0,0,0,0,0,0,5,0,0,0,0,6,10,5,0,11,0,26,136,25,11,29,3,201,20,4,4,39,510,574,919,345,264,3016,615,5158,47,162,158,1400
LGA56580,917,4421,62,6663,0,0,0,4,0,5,1909,83,130,64,15,2200,72,17,7,53,4,152,217,49,28,72,0,366,2610,902,716,3944,78,8256,38,0,6,0,0,48,126,19,14,32,0,194,305,51,49,332,11,748,96,47,24,119,0,290,37,11,10,8,0,63,459,28,25,25,3,536,568,203,168,1425,16,2392,276,123,66,367,5,843,38,0,0,0,0,41,21,4,5,14,0,36,10,4,0,18,0,36,15,9,0,12,0,29,11,3,5,0,0,17,115,43,16,10,0,189,122,27,19,27,0,199,52,7,5,10,5,76,4,0,0,0,0,4,754,234,198,1179,22,2389,17,0,0,0,0,15,236,29,21,0,5,288,54,4,8,11,0,83,112,17,5,3,0,135,67,0,12,5,0,87,109,34,20,52,0,214,1336,185,214,193,14,1939,40,14,12,51,857,965,8092,1834,1532,8559,1036,21061,216,1101,1058,4340
LGA56620,0,63,3,79,0,0,0,1289,0,1294,3,0,0,0,0,3,0,0,0,0,0,0,3,0,0,0,0,3,25,4,6,38,0,75,3,0,0,0,0,3,0,0,0,0,0,0,4,0,0,5,0,5,0,0,0,0,0,0,0,0,0,0,0,0,0,0,0,0,0,0,3,0,0,8,5,18,0,0,0,0,0,6,0,0,0,0,0,0,0,0,0,0,0,0,0,0,0,0,0,0,0,0,0,0,0,0,3,0,0,0,5,10,8,0,0,0,0,10,0,0,0,0,0,0,0,0,0,0,0,0,0,0,0,0,0,0,11,0,0,11,0,22,0,0,0,0,0,0,0,0,0,0,0,0,4,0,0,0,0,4,0,0,0,0,0,0,0,0,0,0,0,0,3,0,0,0,0,0,14,0,0,4,0,18,4,0,0,12,121,137,66,12,5,1384,134,1606,0,7,3,45
LGA56730,301,3685,94,4578,0,0,6,88,0,90,33,0,8,7,0,51,12,5,4,6,0,31,106,24,23,39,4,194,1088,378,301,2506,65,4342,198,0,6,0,0,208,24,4,5,13,0,46,106,30,26,187,11,350,12,3,0,7,0,20,7,3,0,3,0,16,76,3,0,4,0,84,170,63,42,585,14,872,66,31,10,153,11,269,0,0,4,0,0,3,0,0,0,6,0,0,6,0,0,5,0,9,4,3,4,0,0,7,44,5,6,0,5,64,80,28,12,4,3,129,100,10,9,36,0,151,6,5,0,3,4,16,4,0,0,0,0,7,241,82,69,578,10,985,17,3,0,6,0,18,25,0,0,0,0,32,7,0,4,8,0,19,5,0,3,0,0,5,14,3,0,0,0,14,27,8,5,31,0,76,266,53,33,85,5,443,40,5,0,60,1401,1510,2301,714,519,6010,1570,11115,105,399,377,3493
LGA56790,97,1235,31,1522,0,0,0,25,0,26,4,0,0,9,0,15,0,0,0,0,0,7,21,13,6,3,0,44,306,115,100,879,19,1426,4,0,0,3,0,11,6,0,0,3,0,6,32,9,16,85,0,138,4,0,0,7,0,7,7,0,0,0,0,8,6,0,0,5,0,12,44,19,14,199,9,281,17,7,5,33,0,66,0,0,0,0,0,0,0,0,0,0,0,0,0,0,0,0,0,0,0,0,0,0,0,0,6,0,0,0,0,12,12,9,0,0,0,26,8,0,3,4,0,15,0,0,0,3,0,4,0,0,0,0,0,0,68,37,17,182,10,311,0,0,0,0,0,0,6,0,0,0,0,12,4,3,0,17,0,23,0,0,0,0,0,0,0,0,0,0,0,0,9,3,0,19,0,35,54,6,9,33,3,109,11,0,4,19,301,333,536,209,167,2057,352,3322,27,114,100,979
LGA56860,0,84,0,101,0,0,0,0,5,5,0,0,0,0,0,0,0,0,0,0,0,5,4,0,0,0,0,4,15,21,4,68,9,114,0,0,0,0,0,0,0,0,0,0,0,3,0,0,3,7,3,13,0,0,0,0,0,0,0,0,0,0,0,0,0,0,0,0,0,0,0,0,3,19,0,24,0,0,0,0,0,3,0,0,0,0,0,0,0,0,0,0,0,0,0,0,0,0,0,0,0,0,0,0,0,0,3,0,0,0,0,5,0,0,0,0,0,0,0,0,0,0,0,0,0,0,0,0,0,0,0,0,0,0,0,0,3,4,0,9,0,20,0,0,0,0,0,0,0,0,0,0,0,0,0,0,0,0,0,0,0,0,0,0,0,0,0,0,0,0,0,0,0,0,0,0,0,3,3,0,0,0,5,16,0,0,0,0,11,15,35,27,6,154,25,251,0,9,10,96
LGA56930,86,428,3,616,0,0,0,0,0,0,50,0,8,3,0,59,4,0,0,9,0,10,14,6,3,12,0,27,170,67,89,325,16,671,0,0,0,0,0,0,15,0,0,3,0,19,11,4,0,30,0,49,0,7,3,3,0,14,0,0,0,0,0,5,18,0,0,0,0,22,50,17,26,131,8,227,19,19,4,24,0,62,0,0,0,0,0,0,0,0,0,0,0,0,0,0,0,0,0,3,0,0,0,0,0,0,0,0,0,0,0,5,11,5,3,0,0,19,13,0,0,0,0,15,0,0,0,0,0,3,0,0,0,0,0,0,41,18,20,111,0,200,0,0,0,0,0,0,23,3,4,6,0,35,0,0,0,0,0,3,0,5,0,0,0,0,0,0,0,0,0,0,5,0,0,11,0,11,84,15,11,20,0,131,0,0,0,5,93,104,440,155,149,783,116,1637,15,76,71,375
LGA57000,21,217,3,270,0,0,0,3,0,3,5,0,0,0,0,10,0,0,0,0,0,0,4,0,0,3,0,10,52,22,25,158,6,263,0,0,0,0,0,0,0,0,0,0,0,4,7,0,6,19,0,25,0,0,0,5,0,5,0,0,0,0,0,0,0,0,0,0,0,0,7,5,6,51,0,58,3,3,0,7,0,17,0,0,0,0,0,0,0,0,0,0,0,0,0,0,0,0,0,0,0,0,0,0,0,0,4,0,4,3,0,10,3,0,0,5,0,7,0,0,0,0,0,3,0,0,0,0,0,0,0,0,0,0,0,0,16,9,0,39,0,55,0,0,0,0,0,0,4,0,0,0,0,4,0,0,0,0,0,0,0,0,0,0,0,0,0,0,0,0,0,0,3,0,0,0,0,7,14,0,0,0,0,10,0,0,0,8,63,63,106,35,35,370,67,616,0,11,27,146
LGA57080,459,2060,46,3224,0,6,8,37,0,44,3785,26,62,23,18,3912,67,9,11,37,0,120,175,37,18,62,0,301,2437,546,398,1967,51,5397,301,5,18,0,6,331,281,6,10,24,3,325,322,37,34,173,7,583,87,25,8,37,7,166,51,0,6,4,0,59,1196,15,6,0,6,1232,810,121,99,743,18,1802,617,91,47,239,10,1005,650,0,3,0,6,665,39,3,5,0,0,51,20,0,0,9,0,37,6,10,0,4,0,22,75,8,5,4,0,96,142,17,20,6,0,182,184,20,11,25,0,238,132,3,9,13,0,158,13,0,0,0,0,14,678,126,98,561,12,1474,71,0,5,3,0,81,182,3,6,0,0,199,216,6,4,8,4,238,123,6,0,0,0,128,224,5,0,0,4,236,118,16,12,33,0,173,4092,121,122,139,23,4503,107,10,3,33,3595,3748,15106,1044,855,4247,3774,25027,223,759,672,2519
LGA57140,44,443,17,552,0,0,0,4,8,8,0,0,0,0,0,3,0,0,0,0,0,0,7,0,0,0,0,11,109,38,29,313,9,500,0,0,0,0,0,0,0,0,0,3,0,5,19,4,0,8,0,34,0,0,0,0,0,0,3,0,0,0,0,3,0,0,0,0,0,0,21,9,0,54,4,82,14,3,0,3,0,19,0,0,0,0,0,0,0,0,0,0,0,0,0,0,0,0,0,0,0,0,0,0,0,0,0,0,0,0,0,5,8,4,11,0,0,21,5,0,0,0,0,6,0,0,0,0,0,0,0,0,0,0,0,0,22,5,5,55,0,86,0,0,0,0,0,0,0,0,0,0,0,0,0,0,0,0,0,0,0,0,0,0,0,0,0,0,0,0,0,0,5,3,0,4,0,7,24,6,4,5,0,41,0,0,0,11,109,118,198,70,58,693,136,1150,8,42,25,327
LGA57210,190,1625,44,2110,0,0,0,19,0,19,7,0,0,3,0,15,5,0,0,3,0,13,50,17,9,13,0,88,652,198,169,1198,51,2259,19,0,3,0,0,30,10,3,0,8,0,20,65,11,8,77,0,160,4,3,0,0,3,6,0,0,0,0,0,5,8,0,0,7,0,9,87,30,31,262,13,419,26,15,0,41,0,87,0,0,0,0,0,0,0,0,0,0,0,0,0,0,0,3,0,8,0,0,0,0,0,4,11,4,0,9,0,26,22,13,9,5,0,50,15,0,0,0,0,22,6,0,3,4,0,11,0,0,0,0,0,0,157,39,42,303,8,554,0,0,0,0,0,0,18,4,0,3,0,28,3,0,0,0,0,5,0,0,0,0,0,0,0,0,0,0,0,0,32,0,4,10,0,50,233,17,35,34,8,320,17,0,8,42,461,531,1211,342,299,2677,553,5078,27,216,201,1573
LGA57280,434,4490,98,5607,0,6,11,476,20,514,124,4,7,24,0,157,39,8,6,7,0,63,73,43,12,65,0,197,1052,340,318,2249,58,4020,369,6,22,15,11,418,47,6,0,13,0,62,97,41,35,250,3,433,21,9,3,24,0,55,12,0,0,3,0,20,183,11,4,5,4,199,278,77,64,633,12,1065,63,44,18,165,0,285,28,0,3,0,0,30,10,0,0,0,0,18,22,5,0,0,0,22,5,4,0,5,0,9,301,35,23,25,5,393,164,30,30,14,3,240,30,8,5,18,3,68,7,0,3,6,0,18,29,0,3,0,0,39,307,77,58,505,10,948,9,0,0,0,0,10,115,3,10,10,0,132,31,0,0,11,0,44,42,0,0,0,0,46,25,0,0,0,0,28,32,7,0,21,0,64,856,99,155,364,17,1487,58,9,14,152,2095,2327,3534,792,735,7108,2299,14465,110,490,465,3345
LGA57350,22,383,15,461,0,0,0,10,0,10,0,0,0,0,0,3,0,0,0,0,0,0,12,0,0,3,0,13,75,31,18,277,11,411,5,0,3,0,0,6,4,0,0,0,0,5,0,4,0,17,0,24,0,0,0,0,0,0,0,0,0,0,0,0,3,0,0,0,0,3,12,5,8,45,0,63,9,0,0,6,0,19,3,0,0,0,0,3,0,0,0,0,0,0,0,0,0,0,0,0,0,0,0,0,0,0,3,0,3,0,0,5,5,0,0,0,0,3,3,0,0,0,0,7,0,0,0,0,0,0,0,0,0,0,0,0,14,4,6,60,0,82,0,0,0,0,0,0,3,0,0,0,0,5,0,0,0,0,0,3,0,0,0,0,0,0,0,0,0,0,0,0,3,0,0,0,0,5,18,5,0,9,0,32,4,0,0,5,121,128,146,53,39,643,140,1020,3,26,20,255
LGA57420,58,546,5,670,0,0,0,0,0,0,4,0,0,0,0,3,0,0,0,0,0,4,15,6,3,9,0,29,185,68,56,419,10,739,13,0,0,0,0,9,0,0,0,9,0,15,22,0,0,43,0,69,3,0,0,3,0,4,0,0,0,0,0,0,0,0,0,5,0,3,32,7,0,94,0,139,3,7,3,24,4,33,0,0,0,0,0,0,0,0,0,0,0,0,0,0,0,0,0,0,0,0,0,0,0,3,10,3,0,3,0,22,10,3,0,0,0,16,4,0,0,0,0,5,0,0,0,0,0,0,0,0,0,0,0,0,58,21,13,93,5,188,0,0,0,0,0,0,26,0,0,0,0,29,3,0,0,0,0,4,0,0,0,0,0,0,3,0,0,0,0,3,3,0,0,0,0,10,42,8,4,9,0,66,13,0,0,13,197,217,352,119,89,954,225,1732,12,85,61,643
LGA57490,5098,28445,598,41548,0,29,11,268,4,312,802,50,55,127,14,1053,329,73,58,191,7,666,1440,334,225,675,26,2700,26953,5776,4887,21275,731,59618,1233,30,143,7,15,1430,391,38,33,128,6,599,1450,367,337,1769,40,3962,120,39,36,140,0,342,100,20,16,31,4,174,1043,80,43,53,9,1223,4447,921,764,5346,127,11607,1069,483,242,1738,44,3570,100,4,3,5,0,117,56,9,14,18,0,102,47,9,7,20,3,85,102,44,26,67,6,234,2773,217,136,62,75,3265,1477,338,284,77,23,2191,395,73,54,175,16,712,169,13,17,37,3,234,249,15,6,0,7,279,5840,1246,948,4659,132,12820,360,34,17,14,4,427,1541,93,77,19,10,1745,437,47,39,95,0,623,72,8,4,7,0,99,218,6,16,6,0,241,1106,144,97,231,8,1579,6418,814,741,886,105,8971,400,90,51,441,8428,9411,49198,10178,8314,47418,9999,125112,1640,7207,6059,30861
LGA57630,0,22,0,21,0,0,0,0,0,0,0,0,0,0,0,0,0,0,0,0,0,0,0,0,0,0,0,0,10,0,5,28,0,33,0,0,0,0,0,0,0,0,0,0,0,0,0,0,0,5,0,3,0,0,0,0,0,0,0,0,0,0,0,0,0,0,0,0,0,0,0,0,0,15,0,14,0,0,0,0,0,0,0,0,0,0,0,0,0,0,0,0,0,0,0,0,0,0,0,0,0,0,0,0,0,0,0,0,0,0,0,0,0,0,0,0,0,0,0,0,0,0,0,0,0,0,0,0,0,0,0,0,0,0,0,0,3,0,0,7,0,12,0,0,0,0,0,0,0,0,0,0,0,0,0,0,0,0,0,0,0,0,0,0,0,0,0,0,0,0,0,0,0,0,0,0,0,0,0,0,0,0,0,6,0,0,0,0,16,16,19,0,0,50,20,89,0,0,8,23
LGA57700,1185,7018,132,10062,0,0,5,56,0,58,211,3,13,22,0,257,36,12,6,39,0,93,536,145,127,372,6,1182,4320,1339,1252,4997,150,12057,182,11,14,3,0,212,86,10,0,34,0,134,232,88,75,357,14,770,30,13,8,24,0,76,22,7,6,0,0,32,644,17,10,22,5,696,710,174,152,1043,11,2100,274,114,64,425,14,898,15,0,4,0,0,21,14,4,3,8,0,36,3,5,0,10,0,12,14,5,0,16,0,39,231,27,32,7,3,300,243,93,67,29,4,432,62,16,14,40,0,140,11,3,0,8,0,29,25,9,0,0,0,38,801,253,197,991,26,2257,25,3,6,0,0,25,253,31,24,3,3,318,57,7,3,16,0,81,50,10,12,3,0,70,22,0,4,0,0,28,125,19,18,37,3,197,1606,188,129,210,12,2149,86,11,14,116,1769,2000,8994,2379,1981,11420,2062,26831,452,1842,1564,8274
LGA57770,47,340,6,433,0,0,0,3,0,3,4,0,0,0,0,4,0,0,0,0,0,0,10,0,0,6,0,20,90,30,29,209,4,361,17,0,0,0,0,17,0,0,0,4,0,9,10,8,0,18,0,47,3,0,0,0,0,5,0,0,0,0,0,0,0,0,0,0,0,0,12,5,3,45,0,75,3,0,3,13,0,27,0,0,0,0,0,0,0,0,0,0,0,0,0,0,0,0,0,0,0,0,0,0,0,0,4,0,0,0,0,4,3,0,0,0,0,9,0,0,0,0,0,0,0,0,0,6,0,4,0,0,0,0,0,0,16,8,9,47,0,77,0,0,0,0,0,0,7,0,0,0,0,5,3,0,0,0,0,3,0,0,0,0,0,0,0,0,0,0,0,0,3,0,0,0,0,3,30,0,10,4,0,44,0,0,0,3,80,90,208,60,60,533,92,947,3,35,55,266
LGA57840,1418,7721,176,11301,0,3,3,90,0,96,3628,79,112,68,43,3924,150,34,33,145,4,362,372,118,57,157,9,710,4760,1523,1302,6731,144,14461,250,4,43,11,0,309,230,9,12,72,0,324,447,93,84,628,14,1255,188,45,22,103,11,362,62,11,5,16,3,98,1204,33,39,23,11,1307,1303,350,280,2367,26,4319,845,240,136,806,18,2050,299,0,8,3,3,316,48,6,0,12,0,69,50,6,12,30,0,98,39,13,8,16,0,71,93,16,10,7,0,126,252,94,67,24,0,437,303,44,23,82,11,463,109,9,13,16,0,144,13,8,0,0,0,19,1234,364,304,1781,33,3720,66,0,5,7,0,75,338,30,37,3,4,409,159,16,4,37,4,215,179,10,13,0,0,204,263,0,10,3,0,283,187,33,38,94,0,353,4649,319,327,367,61,5719,145,19,14,86,2737,2995,18424,2998,2536,14824,3208,41989,418,1915,1610,7981
LGA57910,6206,33581,640,51118,11,40,17,329,7,404,9665,203,350,231,73,10524,1394,309,124,715,29,2573,1793,498,272,674,16,3253,23002,7189,5323,27758,740,64009,1928,28,165,16,17,2148,1048,105,72,251,17,1499,2407,490,367,2236,55,5556,1778,422,199,1016,35,3455,417,51,28,87,5,592,7827,191,134,128,36,8312,7408,1672,1167,9647,175,20076,9557,2302,1014,5802,166,18840,590,8,25,10,8,637,191,40,20,31,3,276,2597,310,194,616,31,3752,196,55,45,111,11,411,941,87,67,22,13,1131,1434,413,271,73,21,2211,1666,200,164,366,12,2410,619,39,49,87,9,804,113,25,0,0,4,144,5358,1561,1193,7194,148,15443,921,84,43,54,3,1108,2211,156,153,37,15,2581,891,68,76,175,10,1217,674,49,28,14,6,775,4441,63,103,32,23,4665,879,192,105,460,13,1643,27097,1626,1691,1621,287,32325,1061,95,77,534,12633,14405,102966,15847,11533,65125,14740,210209,3383,9402,7399,35000
LGA57980,564,2941,55,4526,0,0,0,7,0,10,823,42,41,40,0,949,61,26,5,53,0,145,199,45,31,51,0,328,2301,790,490,2588,60,6231,94,0,6,0,0,101,173,22,11,35,0,247,250,57,57,232,4,595,59,35,11,62,0,168,48,3,5,5,0,62,336,15,14,7,0,377,657,198,101,1038,14,2012,286,100,40,200,8,629,88,0,0,0,0,91,7,0,6,11,0,24,8,4,5,9,0,32,10,4,3,3,0,24,17,9,0,0,0,28,96,35,16,3,4,146,126,14,22,29,0,193,53,10,9,6,0,71,4,0,0,0,0,3,625,187,108,767,10,1695,38,3,0,6,0,50,126,8,14,4,0,154,73,0,5,21,0,99,41,4,8,0,0,52,75,0,4,5,0,80,89,12,7,43,0,151,1503,162,139,127,9,1939,65,9,7,45,1156,1279,6787,1482,1003,5700,1285,16259,187,851,674,3012
LGA58050,4742,27729,608,40630,12,49,31,541,12,641,3275,74,137,157,25,3662,749,155,78,428,13,1426,1205,349,195,513,18,2282,17213,5171,4270,19960,659,47268,2731,34,157,36,27,2987,509,53,35,140,10,752,1331,345,268,1567,55,3566,265,129,58,278,17,741,217,34,15,47,0,315,5072,120,106,110,24,5436,3326,969,720,5241,138,10394,2480,880,456,2810,81,6716,135,0,10,5,0,156,111,27,6,24,6,171,332,51,37,86,7,518,190,62,41,81,3,379,1779,152,113,40,36,2116,1341,402,253,99,19,2117,835,136,88,247,17,1325,164,15,9,29,0,227,130,15,15,5,4,172,4033,1036,838,4457,106,10470,426,38,16,24,12,510,1187,98,80,31,10,1404,528,33,31,93,8,687,421,39,14,26,4,505,2710,45,64,25,24,2874,481,98,96,228,11,922,14759,1051,865,1073,171,17914,651,93,51,459,8273,9532,57431,10206,8028,46878,9899,132446,2756,6622,5534,29058
LGA58190,8,153,4,175,0,3,0,18,0,20,0,0,0,0,0,0,0,0,0,0,0,0,5,0,4,0,0,8,35,6,15,107,0,165,0,0,0,0,0,0,0,0,0,0,0,0,0,0,0,6,0,8,0,0,0,0,0,0,0,0,0,0,0,0,0,0,0,0,0,0,5,0,3,18,0,24,0,0,0,3,0,11,0,0,0,0,0,0,0,0,0,0,0,0,0,0,0,0,0,0,0,0,0,0,0,0,0,0,0,0,0,0,3,0,0,0,0,4,0,0,0,0,0,0,0,0,0,0,0,0,0,0,0,0,0,0,9,0,4,17,0,29,0,0,0,0,0,0,4,0,0,0,0,3,0,0,0,0,0,0,0,0,0,0,0,0,0,0,0,0,0,0,0,0,0,0,0,3,7,0,3,0,0,11,0,0,0,7,45,54,61,11,25,258,47,401,4,7,20,113
LGA58260,27,207,7,253,0,0,0,3,0,3,3,0,0,0,0,4,0,0,0,0,0,3,8,3,0,0,0,15,54,17,20,165,9,260,4,0,0,0,0,4,8,0,0,0,0,3,5,0,4,15,0,23,0,0,0,4,0,4,0,0,0,0,0,0,5,0,0,0,0,11,12,5,4,45,3,62,4,0,0,6,0,10,0,0,0,0,0,0,0,0,0,0,0,0,0,0,0,0,0,0,0,0,0,0,0,0,10,0,0,0,0,7,0,3,0,0,0,5,0,0,0,0,0,0,0,0,0,0,0,0,0,0,0,0,0,0,6,0,3,24,0,30,0,0,0,0,0,0,7,0,0,0,0,7,0,0,0,0,0,0,0,0,0,0,0,0,0,0,0,0,0,0,0,0,0,0,0,0,14,0,4,4,0,23,0,0,0,15,37,51,112,22,38,366,55,592,0,13,23,185
LGA58330,169,1267,40,1718,0,0,0,10,0,8,13,0,0,0,0,13,6,0,4,6,0,12,67,10,9,18,0,105,653,198,161,957,30,1999,0,0,0,0,0,0,15,0,6,4,0,27,59,17,14,78,3,163,4,0,4,3,0,18,0,3,0,0,0,9,16,5,0,4,0,18,116,37,20,259,4,435,38,15,6,46,0,112,5,0,0,0,0,5,0,0,0,0,0,0,0,0,0,0,0,3,3,0,0,0,0,3,9,0,0,0,0,13,25,16,3,3,0,46,15,3,7,13,5,46,5,0,3,3,0,11,6,0,0,0,0,6,137,47,29,283,7,508,0,0,0,0,0,0,19,9,6,0,0,26,3,0,4,5,0,13,0,0,0,0,0,3,4,0,0,0,0,4,19,0,3,15,0,35,120,27,19,39,0,206,10,0,4,29,387,422,1142,361,282,2201,456,4442,17,242,192,1205
LGA58400,13,108,5,139,0,0,0,0,0,0,0,0,0,0,0,0,0,0,0,0,0,0,4,0,0,4,0,7,37,10,18,80,0,151,0,0,0,0,0,0,0,0,0,0,0,0,4,3,0,10,0,12,0,0,0,0,0,0,0,0,0,0,0,0,0,0,0,0,0,0,3,3,0,20,0,24,0,0,0,10,0,12,0,0,0,0,0,0,0,0,0,0,0,0,0,0,0,0,0,0,0,0,0,0,0,3,0,0,0,0,0,0,0,0,0,0,0,0,0,0,0,0,0,0,0,0,0,0,0,0,0,0,0,0,0,0,9,4,3,17,0,29,0,0,0,0,0,0,0,0,0,0,0,0,0,0,0,0,0,0,0,0,0,0,0,0,0,0,0,0,0,0,0,0,0,3,0,3,5,4,7,4,0,15,0,0,0,0,52,57,56,25,23,185,60,348,0,16,11,83
LGA58470,0,62,3,66,0,0,0,120,0,120,0,0,0,6,0,6,0,0,0,0,0,0,0,0,0,0,0,0,3,4,0,31,0,42,0,0,0,0,0,0,0,0,0,0,0,0,5,0,0,0,0,6,0,0,0,0,0,0,0,0,0,0,0,0,0,0,0,0,0,0,0,0,0,8,0,11,0,0,0,0,0,0,0,0,0,0,0,0,0,0,0,0,0,0,0,0,0,0,0,0,0,0,0,0,0,0,0,0,0,0,0,0,0,0,0,0,0,0,0,0,0,0,0,0,0,0,0,0,0,0,0,0,0,0,0,0,7,0,0,8,0,15,0,0,0,0,0,0,0,0,0,0,0,0,0,0,0,0,0,0,0,0,0,0,0,0,0,0,0,0,0,0,0,0,0,0,0,0,6,5,0,0,0,8,0,0,0,0,40,41,22,8,3,209,43,280,0,0,0,37
LGA58510,1075,5427,138,8284,0,8,0,78,0,88,2547,41,82,52,23,2748,87,25,11,75,0,196,303,105,57,152,0,617,3855,1270,967,4527,141,10761,442,12,32,0,0,486,186,12,15,51,0,263,384,91,71,430,12,990,77,33,12,53,0,176,61,12,9,8,6,90,1566,31,28,25,11,1661,1274,344,203,1547,44,3412,906,193,103,563,23,1781,442,3,13,0,3,462,53,3,4,9,0,71,15,3,4,13,0,33,38,9,8,7,0,58,141,17,19,7,0,187,262,69,44,19,7,402,218,26,27,63,4,333,79,4,10,9,0,106,16,0,0,0,0,17,1011,272,218,1293,27,2821,39,5,5,7,0,53,142,25,18,4,4,198,160,0,3,24,0,196,161,6,5,4,0,179,274,5,16,3,7,301,155,28,18,66,5,270,4550,220,295,244,52,5356,181,6,8,130,3365,3681,16638,2424,1913,10248,3767,34990,371,1586,1353,6069
LGA58540,32,314,9,400,0,0,0,0,0,0,4,0,0,0,0,4,0,0,0,0,0,0,9,3,0,0,5,12,85,21,30,233,4,380,20,0,6,3,0,26,0,0,0,0,0,0,6,0,0,19,0,30,0,0,0,0,0,0,0,0,0,0,0,0,10,0,0,0,0,10,19,3,10,80,0,115,5,0,3,19,0,23,0,0,0,0,0,0,0,0,0,0,0,0,0,0,0,0,0,0,0,0,0,0,0,0,11,0,0,0,0,14,8,0,5,0,0,14,0,0,0,0,0,0,0,0,0,0,0,0,0,0,0,0,0,0,33,8,8,66,4,113,0,0,0,0,0,0,4,0,0,0,0,4,0,0,0,0,0,0,0,0,0,0,0,0,0,0,0,0,0,0,0,0,0,0,0,0,3,5,4,0,0,14,0,0,0,6,81,89,171,49,58,547,98,913,0,27,27,230
LGA58570,1067,5579,81,8468,0,5,0,45,0,47,1614,69,81,55,17,1831,148,41,10,143,0,349,283,77,56,141,7,561,3721,1430,983,4513,113,10754,202,9,33,3,0,243,265,26,10,56,0,361,503,117,74,456,8,1158,373,102,32,215,9,728,55,17,4,16,4,98,487,36,27,19,3,570,1459,351,252,1905,27,3997,1841,404,174,953,48,3430,247,6,3,4,0,257,35,9,3,4,0,50,290,22,18,77,4,408,39,14,6,23,0,81,94,6,3,3,0,110,236,61,56,18,0,370,253,48,24,78,3,411,86,8,5,16,0,120,14,0,3,0,0,12,1054,319,222,1294,27,2920,128,4,0,10,0,149,195,19,25,6,0,247,168,16,14,27,4,224,90,9,8,6,0,109,646,5,9,17,3,684,169,42,22,101,5,334,3072,286,253,342,31,3985,89,22,14,61,2820,3006,14779,2946,2005,10846,3122,33696,359,1813,1399,5987
LGA58610,74,669,9,831,0,0,0,0,0,5,6,0,0,3,0,12,0,0,0,0,0,0,10,9,7,4,0,31,172,66,76,486,13,814,4,0,0,0,0,4,4,0,0,8,0,7,18,0,0,42,0,72,0,0,0,0,0,0,0,0,0,0,0,0,0,0,0,0,0,0,17,7,10,109,0,143,7,7,3,21,0,37,0,0,0,0,0,0,0,0,0,0,0,0,0,0,0,0,0,5,0,0,0,0,0,6,27,7,3,0,0,35,19,9,3,4,0,33,3,0,0,0,0,6,0,0,0,0,0,4,0,0,0,0,0,0,35,12,10,91,7,152,0,0,0,0,0,0,8,0,4,0,0,12,0,0,0,0,0,0,0,0,0,0,0,0,4,0,0,0,0,4,3,3,0,3,0,7,31,8,18,18,4,77,0,0,0,12,176,195,305,121,128,1085,204,1850,11,62,78,562
LGA58680,19,160,0,197,0,0,0,0,0,0,0,0,0,0,0,0,0,0,0,0,0,0,9,0,0,4,0,18,44,14,18,118,5,196,0,0,0,0,0,0,0,0,0,0,0,0,3,3,0,13,0,23,0,0,0,0,0,0,0,0,0,0,0,0,0,0,0,0,0,0,8,0,4,28,0,36,0,0,0,0,0,0,0,0,0,0,0,0,0,0,0,0,0,0,0,0,0,0,0,0,0,0,0,0,0,0,0,0,0,0,0,0,0,0,0,0,0,0,0,0,4,0,0,4,0,0,0,0,0,0,0,0,0,0,0,0,18,0,3,45,0,61,0,0,0,0,0,0,0,0,0,0,0,0,0,0,0,0,0,0,0,0,0,0,0,0,0,0,0,0,0,0,3,0,0,4,0,5,16,0,0,3,0,23,0,0,0,0,45,48,85,17,28,265,49,448,8,17,27,146
LGA58760,6473,32040,754,50044,16,30,6,314,9,381,3972,88,169,155,27,4416,688,128,64,349,19,1247,1989,364,263,592,28,3230,38879,6851,5778,21728,943,74179,2345,42,166,23,42,2622,799,56,59,181,10,1104,2199,456,324,1727,53,4761,543,188,98,367,12,1203,344,40,27,46,3,463,5417,152,102,117,38,5819,7531,1183,924,5756,173,15566,3140,1201,618,3312,119,8402,214,6,19,9,0,250,181,44,14,41,5,288,1510,224,120,278,24,2160,207,70,38,124,0,446,2744,258,109,80,44,3229,1906,509,315,84,26,2843,1116,123,98,237,13,1588,333,21,36,62,0,453,237,26,14,0,8,286,8323,1265,1123,4822,172,15699,627,41,18,41,4,732,3948,159,125,40,19,4292,740,78,33,121,10,978,289,31,24,10,3,345,4818,66,100,43,51,5076,1569,149,111,280,16,2119,20282,1382,1273,1226,253,24420,1063,104,98,461,9880,11601,98508,13672,10890,52959,12188,188216,3709,9312,7957,33574
LGA58820,131,1285,47,1643,0,0,0,14,0,19,15,5,4,0,0,17,8,0,0,3,0,7,31,11,5,9,0,61,464,137,142,959,24,1719,42,0,0,0,0,43,9,3,0,5,0,18,37,13,7,76,0,133,0,0,0,0,0,0,0,0,4,5,0,9,13,0,0,0,0,14,61,25,16,212,0,318,181,41,34,183,19,457,0,0,0,0,0,0,0,0,0,0,0,0,0,0,0,0,0,0,0,0,0,0,0,3,18,0,0,0,0,19,27,11,8,6,0,53,9,0,0,9,0,18,4,0,0,0,0,11,0,0,0,0,0,0,110,24,34,199,14,380,0,0,0,0,0,0,15,0,0,0,0,19,0,0,0,4,0,5,0,0,0,0,0,0,0,0,0,0,0,0,21,4,3,12,0,37,62,4,17,27,5,120,10,8,0,37,421,475,954,274,238,2169,518,4150,42,166,148,1175
LGA58890,33,291,10,354,0,0,0,0,0,0,0,0,0,0,0,0,0,0,0,10,0,10,4,0,0,12,0,17,57,29,18,273,6,385,3,0,4,0,0,6,0,0,0,3,0,3,5,3,0,29,3,42,0,0,0,5,0,5,0,0,0,0,0,0,0,0,0,0,0,0,9,3,5,42,4,56,3,0,0,4,0,14,0,0,0,0,0,0,0,0,0,0,0,0,0,0,0,0,0,0,0,0,0,0,0,0,22,0,8,0,4,36,4,0,0,0,0,6,3,0,0,0,0,0,0,0,0,0,0,0,0,0,0,0,0,0,15,13,8,39,0,70,0,0,0,0,0,0,0,0,0,0,0,3,0,0,0,3,0,3,0,0,0,0,0,0,0,0,0,0,0,0,0,0,0,5,0,4,6,0,0,3,0,6,0,0,0,8,51,69,112,49,47,522,77,805,3,25,19,267
LGA59030,4,94,5,115,0,0,0,0,0,0,0,0,0,0,0,0,0,0,0,0,0,0,0,0,0,0,0,4,25,9,9,85,0,128,0,0,0,0,0,0,0,0,0,0,0,3,3,0,0,13,0,14,0,0,0,0,0,0,0,0,0,0,0,0,0,0,0,0,0,0,6,0,8,11,0,23,7,0,0,9,0,16,0,0,0,0,0,0,0,0,0,0,0,0,0,0,0,0,0,0,0,0,0,0,0,0,0,0,0,0,0,4,4,0,0,0,0,4,0,0,0,3,0,7,0,0,0,0,0,0,0,0,0,0,0,0,7,4,0,16,0,28,0,0,0,0,0,0,5,0,0,0,0,5,0,0,0,3,0,3,0,0,0,0,0,0,0,0,0,0,0,0,0,0,0,0,0,3,15,0,4,4,0,16,0,0,0,0,40,34,64,17,17,167,39,307,0,6,5,75
LGA59100,30,299,14,365,0,0,0,0,0,0,0,0,0,0,0,0,0,0,0,0,0,3,7,0,0,0,0,10,56,33,20,218,8,336,0,0,0,0,0,0,0,0,0,0,0,4,3,0,9,10,0,25,0,0,0,0,0,0,0,0,0,0,0,0,0,0,0,0,0,0,6,8,6,38,0,52,0,0,3,16,0,22,0,0,0,0,0,0,0,0,0,0,0,0,0,0,0,0,0,0,0,0,0,0,0,0,6,0,0,0,0,6,0,0,0,0,0,7,0,0,0,0,0,0,0,0,0,0,0,3,0,0,0,0,0,0,15,4,7,39,0,69,0,0,0,0,0,0,0,0,0,0,0,0,0,0,0,0,0,0,0,0,0,0,0,0,0,0,0,0,0,0,0,0,0,0,0,4,8,0,0,0,0,11,0,0,0,5,51,57,90,54,47,471,61,720,5,21,28,270
LGA59170,32,408,4,479,0,0,0,4,0,4,0,0,0,0,0,0,0,0,0,3,0,6,0,4,0,0,0,3,58,22,32,306,3,425,0,0,0,0,0,0,0,0,0,0,0,3,11,0,0,28,0,40,0,0,0,0,0,5,0,0,0,0,0,0,0,0,0,0,0,0,15,4,3,61,0,86,5,6,0,14,0,22,0,0,0,0,0,0,0,0,0,0,0,0,0,0,0,0,0,0,0,0,0,0,0,0,6,0,0,0,0,8,8,4,0,0,3,10,0,0,0,0,0,0,0,0,0,0,0,0,0,0,0,0,0,0,4,9,9,68,3,99,0,0,0,0,0,0,5,0,0,0,0,6,0,0,0,0,0,0,0,0,0,0,0,0,0,0,0,0,0,0,6,0,0,8,0,8,12,10,0,12,0,36,0,0,0,3,75,77,109,56,54,676,84,979,3,27,41,378
LGA59250,9,103,3,142,0,0,0,184,3,180,9,0,0,0,0,9,0,0,0,0,0,5,4,3,0,4,0,12,72,12,17,78,8,181,6,0,0,0,0,11,0,0,0,0,0,0,4,0,0,11,3,18,0,0,0,0,0,0,0,0,0,0,0,0,3,0,0,0,0,3,19,4,4,21,0,48,5,0,0,6,0,11,0,0,0,0,0,0,0,0,0,0,0,0,0,0,0,0,0,0,0,0,0,0,0,0,12,0,0,0,0,13,6,0,0,0,0,9,3,0,0,0,0,0,0,0,0,0,0,0,0,0,0,0,0,0,20,0,8,14,0,33,3,0,0,0,0,3,4,0,0,0,0,4,0,0,0,0,0,0,0,0,0,0,0,0,0,0,0,0,0,0,3,0,0,0,0,7,47,0,8,6,0,62,0,0,0,0,138,140,177,26,32,361,143,745,0,5,7,57
LGA59310,36,522,9,614,0,0,0,5,0,8,5,0,0,4,0,6,0,0,0,0,0,0,10,3,0,6,0,16,90,47,50,422,12,619,18,0,5,0,7,24,0,0,0,0,0,7,7,0,0,26,0,34,0,0,0,0,0,0,0,0,0,0,0,0,5,0,0,0,0,5,17,8,3,85,3,118,9,4,0,8,0,19,0,0,0,0,0,0,0,0,0,0,0,0,0,0,0,0,0,0,0,0,0,0,0,0,5,0,0,0,0,11,7,5,0,0,0,10,0,0,0,0,0,3,0,0,0,0,0,0,0,0,0,0,0,0,32,15,7,88,0,141,0,0,0,0,0,0,15,0,0,0,0,14,0,0,0,4,0,4,0,0,0,0,0,0,3,0,0,0,0,3,0,0,0,5,0,9,13,7,0,7,0,26,3,0,0,9,41,51,211,84,67,910,65,1334,13,43,43,459
LGA59320,9,193,0,209,0,0,0,3,5,3,0,0,0,0,0,0,0,0,0,0,0,0,0,0,0,0,0,9,35,5,7,107,0,158,0,0,0,0,0,0,0,0,0,0,0,0,4,0,6,17,0,26,0,0,0,0,0,0,0,0,0,0,0,0,0,0,0,0,0,0,6,0,6,19,0,28,5,10,0,4,0,15,0,0,0,0,0,0,0,0,0,0,0,0,0,0,0,0,0,0,0,0,0,0,0,0,5,3,0,0,0,5,0,0,0,0,0,0,3,0,0,0,0,3,0,0,0,0,0,0,0,0,0,0,0,0,12,0,5,28,0,42,0,0,0,0,0,0,0,0,0,0,0,0,0,0,0,0,0,0,0,0,0,0,0,0,0,0,0,0,0,0,4,0,0,0,0,3,6,0,3,7,0,8,0,0,0,4,18,29,59,16,16,289,26,409,0,17,15,152
LGA59330,14,180,9,219,0,0,0,0,0,0,0,0,0,0,0,0,0,0,0,0,0,0,4,0,0,0,0,4,47,11,9,134,5,205,9,0,0,0,0,9,0,0,0,0,0,0,7,0,0,11,0,15,0,0,0,0,0,0,0,0,0,0,0,0,4,0,0,0,0,4,7,0,0,24,0,32,0,0,0,4,0,0,0,0,0,0,0,0,0,0,0,0,0,0,0,0,0,0,0,0,0,0,0,0,0,0,0,0,0,0,0,0,3,0,0,0,0,8,3,0,0,0,0,3,0,0,0,0,0,0,0,0,0,0,0,0,9,0,3,30,0,50,0,0,0,0,0,0,0,0,0,0,0,0,0,0,0,0,0,0,0,0,0,0,0,0,0,0,0,0,0,0,5,0,0,4,0,4,13,0,0,9,0,15,0,0,0,0,73,73,78,19,18,312,83,511,0,9,6,144
LGA59340,159,2428,45,2826,0,9,0,1031,12,1052,55,0,10,13,0,80,4,0,0,4,0,8,44,14,8,15,0,75,365,115,162,1274,32,1952,38,0,4,6,0,44,32,4,3,4,0,40,84,6,11,125,4,231,4,0,0,4,0,8,3,0,0,5,0,6,35,5,0,5,0,41,94,24,29,380,10,533,43,12,5,79,0,142,18,0,0,0,0,18,6,0,0,0,0,6,0,0,0,3,0,8,3,4,0,8,0,11,10,0,5,0,0,19,36,12,7,4,0,58,11,0,0,7,0,17,3,0,0,0,0,8,4,0,0,0,0,3,82,35,32,310,11,468,4,0,0,0,0,6,22,0,0,3,0,22,15,3,0,3,0,23,15,0,0,0,0,13,23,0,0,0,0,23,9,0,0,9,0,19,215,25,27,75,6,348,19,0,0,51,817,889,1089,271,257,4609,921,7152,32,171,175,1404
LGA59350,11,98,3,121,0,0,0,0,0,0,0,0,0,0,0,0,0,0,0,4,0,0,0,0,0,3,0,3,26,8,5,67,0,111,0,0,0,0,0,0,0,0,0,0,0,0,0,0,0,7,0,10,0,0,0,0,0,0,0,0,0,0,0,0,0,0,0,0,0,0,10,4,6,15,0,29,4,4,0,0,0,7,0,0,0,0,0,0,0,0,0,0,0,0,0,0,0,0,0,0,0,0,0,0,0,0,8,0,0,0,0,8,3,0,0,0,0,6,0,0,0,0,0,0,0,0,0,0,0,0,0,0,0,0,0,0,15,3,0,20,0,38,0,0,0,0,0,0,3,0,0,0,0,3,0,0,0,0,0,5,0,0,0,0,0,0,0,0,0,0,0,0,0,0,0,3,0,0,10,0,4,3,0,14,0,0,0,0,67,69,67,14,15,166,71,338,0,8,7,53
LGA59360,48,350,6,449,0,0,0,3,0,3,0,0,0,0,0,0,0,3,0,6,0,12,0,0,0,0,0,3,96,34,41,255,4,440,15,0,0,0,0,19,0,0,0,0,0,0,8,7,4,23,3,44,0,0,0,4,0,4,0,0,0,0,0,0,3,0,0,0,0,3,26,8,4,64,0,102,20,17,4,66,0,111,0,0,0,0,0,0,0,0,0,0,0,0,0,0,0,0,0,0,0,0,0,0,0,0,12,0,0,0,0,12,19,0,4,0,0,26,0,0,0,0,0,0,3,4,0,0,0,0,0,0,0,0,0,0,32,9,6,77,0,120,0,0,0,0,0,0,5,0,0,0,0,5,7,0,0,0,0,7,0,0,0,0,0,0,0,0,0,0,0,0,0,3,0,0,0,9,19,7,8,21,0,57,0,0,0,3,166,171,233,83,74,631,177,1201,19,44,34,274
LGA59370,131,1268,26,1604,0,0,0,5,0,5,7,0,6,0,0,10,5,0,0,0,0,5,44,9,6,6,0,71,425,154,106,863,23,1576,11,0,0,0,0,14,6,0,0,5,0,6,27,5,4,65,3,113,5,0,0,0,0,6,3,0,0,0,0,8,5,0,0,0,0,8,59,28,13,200,9,298,22,9,4,30,0,63,0,0,0,0,0,0,0,0,0,0,0,0,3,0,0,0,0,3,3,0,0,0,0,0,36,3,3,0,0,45,34,14,5,0,0,50,4,0,0,6,0,17,0,0,0,0,0,4,0,0,0,0,0,0,93,32,21,170,5,325,0,0,0,0,0,0,19,0,0,0,0,20,0,0,0,0,0,5,0,0,0,0,0,0,0,0,0,0,0,0,19,7,0,4,0,28,66,12,13,31,0,126,4,0,0,25,370,403,735,257,185,2004,418,3604,23,160,108,1089
LGA59499,122,1353,33,1716,0,0,4,61,5,69,124,0,0,8,0,135,7,3,0,0,0,12,76,8,10,25,0,119,650,135,110,827,35,1749,20,0,0,0,0,24,35,0,0,9,0,40,94,18,15,103,5,232,4,5,0,4,0,14,5,0,0,0,0,7,35,0,0,0,0,47,154,25,12,300,7,499,73,13,4,53,0,141,10,0,0,0,0,10,0,0,3,0,0,3,0,0,0,3,0,6,3,4,3,3,0,11,58,3,0,0,0,59,52,14,6,0,0,75,24,0,0,8,0,35,8,0,0,5,0,11,9,0,0,0,0,6,159,28,35,234,3,456,0,0,0,0,0,3,29,4,0,0,0,37,11,0,0,3,0,17,0,0,0,0,0,0,11,0,0,0,0,11,23,0,0,6,0,36,294,35,14,69,3,426,20,0,0,26,1521,1567,1618,276,200,2263,1588,5950,38,167,166,1347
LGA59799,5,45,0,70,0,0,0,0,0,0,3,0,0,0,0,3,0,0,0,4,0,6,7,0,0,0,0,8,80,8,15,66,3,172,0,0,0,0,0,0,0,0,0,0,0,0,12,5,0,9,0,21,0,0,0,0,0,0,0,0,0,0,0,0,6,0,0,0,0,6,29,0,3,22,0,53,6,4,4,5,0,13,0,0,0,0,0,0,0,0,0,0,0,0,0,0,0,0,0,0,0,0,0,0,0,0,3,0,0,0,0,3,10,0,0,0,0,10,0,0,0,0,0,4,3,0,0,0,0,9,0,0,0,0,0,0,24,4,4,22,0,49,0,0,0,0,0,5,0,0,0,0,0,0,0,0,0,0,0,7,5,0,0,0,0,5,0,0,0,0,0,0,0,0,0,4,0,4,37,5,0,3,0,44,3,0,0,0,69,73,189,22,23,128,74,431,9,8,4,59
LGA60210,131,2258,63,2615,0,0,0,30,0,35,11,0,5,19,3,39,3,4,0,0,0,6,51,0,16,11,0,78,503,150,115,1965,78,2812,14,0,10,7,5,31,10,8,0,9,0,29,65,14,5,164,3,258,3,0,0,6,0,11,7,0,0,3,0,12,20,0,0,0,0,18,70,24,19,498,14,628,14,6,0,19,3,49,0,0,0,0,0,0,0,0,0,0,0,0,0,0,0,0,0,0,4,0,0,6,0,7,4,4,0,0,0,12,13,0,9,4,0,22,9,3,3,11,0,29,6,0,0,9,0,12,0,0,0,0,0,3,112,34,23,383,12,569,0,0,0,0,0,0,8,0,0,0,0,9,5,0,0,8,0,12,0,0,0,0,0,0,0,0,0,0,0,0,23,5,4,5,0,38,112,28,19,46,0,207,7,7,3,62,397,478,898,261,215,4180,551,6104,24,166,149,2265
LGA60410,191,7426,218,8190,0,0,0,75,3,79,40,0,3,17,0,62,13,3,0,13,0,35,47,22,19,65,0,144,415,345,170,6262,221,7420,43,0,23,12,0,74,10,3,0,14,0,28,74,33,15,340,11,475,23,9,0,20,0,56,13,12,0,13,0,34,18,3,0,0,0,22,68,50,26,1325,33,1503,53,28,10,112,7,211,4,0,0,0,0,4,0,0,0,6,0,5,0,0,0,0,0,0,13,8,0,9,0,29,19,4,3,9,0,31,23,12,0,13,0,56,74,20,14,51,0,149,11,6,0,0,0,15,0,0,0,0,0,4,83,54,27,785,11,966,3,0,0,4,0,6,0,0,0,5,0,3,0,0,0,12,0,14,0,0,0,0,0,0,4,0,3,0,0,8,15,3,0,24,0,46,145,53,26,116,6,347,9,0,0,222,959,1194,1016,605,317,13192,1386,16512,46,462,263,7834
LGA60610,312,8003,200,9054,0,0,0,72,4,76,110,4,0,41,0,165,16,4,0,4,0,23,81,61,26,84,0,245,750,434,329,6829,172,8516,69,0,16,5,0,89,15,5,0,26,0,46,119,40,32,432,15,629,7,0,0,11,0,21,9,6,4,4,0,28,90,0,4,3,0,100,143,106,66,1601,35,1950,28,22,7,103,7,170,0,0,0,0,0,0,8,0,3,3,0,15,0,0,0,0,0,0,10,3,0,17,0,35,25,10,0,6,0,39,41,25,17,12,0,100,22,3,4,21,0,54,7,0,0,5,0,19,0,0,0,0,0,0,236,113,64,1238,19,1672,12,0,0,4,0,11,32,8,0,0,0,47,14,5,5,11,0,35,21,0,0,0,0,29,8,0,0,0,0,8,33,9,6,44,0,95,334,82,55,154,9,632,21,10,4,207,907,1138,1883,855,573,14310,1275,18894,65,518,374,8092
LGA60810,345,9154,196,10290,0,4,0,65,0,67,34,0,3,36,0,74,6,9,0,0,0,19,313,73,65,182,5,635,1092,474,342,7329,152,9389,63,0,19,5,0,89,27,0,0,39,0,74,131,39,41,417,8,638,7,3,0,18,0,32,16,8,4,12,0,39,27,8,9,19,4,62,156,79,72,1705,41,2061,46,26,9,121,4,209,0,0,0,0,0,3,9,0,0,8,0,15,0,0,0,0,0,6,10,7,0,6,0,26,16,3,5,4,3,28,51,29,10,10,0,94,28,6,3,17,0,61,18,0,0,3,0,19,3,0,0,0,0,7,234,124,98,1474,40,1973,0,4,0,0,0,0,14,4,0,4,0,22,15,0,5,8,0,34,5,0,0,3,0,10,3,4,12,0,0,14,41,10,9,39,0,91,256,88,55,128,3,525,41,7,6,256,1018,1320,2240,913,663,16161,1394,21362,100,602,452,8980
LGA61010,34,864,24,964,0,0,0,5,0,5,0,0,0,0,0,3,0,0,0,0,0,0,12,5,0,0,0,21,108,27,34,806,35,1004,4,0,0,0,0,4,0,0,0,0,0,0,15,3,0,43,0,57,6,0,4,0,0,5,3,0,0,0,0,6,0,0,0,5,0,6,29,4,3,171,0,206,6,9,0,6,0,19,0,0,0,0,0,0,0,0,0,0,0,0,0,0,0,0,0,0,0,0,0,0,0,0,0,0,0,0,0,0,6,0,0,0,0,11,3,3,0,0,0,14,5,0,0,0,0,3,0,0,0,0,0,0,30,4,9,131,4,181,0,0,0,0,0,0,4,0,0,0,0,4,0,0,0,0,0,0,0,0,0,0,0,0,0,0,0,0,0,0,8,0,0,0,0,9,27,7,0,6,0,45,0,0,0,17,118,136,217,62,56,1631,176,2145,7,45,46,963
LGA61210,111,3678,92,4073,0,0,0,39,0,44,23,0,0,6,0,34,0,0,0,0,0,0,73,21,18,48,7,161,332,149,98,2593,90,3259,33,0,4,0,0,39,5,0,0,9,0,18,34,13,12,148,3,211,4,5,0,9,0,8,6,3,0,0,0,14,0,0,0,11,0,14,68,31,29,638,14,780,9,3,0,27,0,40,24,0,0,0,0,24,3,0,0,0,0,3,0,0,0,0,0,0,4,0,0,0,0,6,53,7,0,3,0,63,46,16,12,4,0,85,15,5,3,23,0,44,15,0,0,6,0,20,0,5,0,0,0,9,110,38,20,476,12,657,0,0,0,0,0,3,8,0,0,0,0,9,7,0,0,0,0,11,4,0,0,0,0,3,0,0,0,0,0,0,11,3,0,12,0,17,68,9,12,31,0,130,3,3,0,105,501,615,732,272,192,6034,684,7920,27,158,128,3199
LGA61410,1259,20104,359,23765,0,11,4,121,3,133,344,19,32,65,3,460,66,24,3,48,0,148,372,159,90,280,5,902,3007,1848,1197,19287,448,25783,101,0,49,4,0,154,63,19,19,129,4,236,467,157,87,1214,17,1940,209,40,21,140,8,416,45,23,5,25,0,95,156,20,15,26,0,208,485,410,232,5377,102,6607,210,114,29,420,12,786,40,0,5,4,0,54,12,9,0,9,0,28,0,0,0,0,0,5,24,11,3,27,0,70,45,14,10,32,3,102,130,84,59,55,6,328,170,72,21,148,3,409,40,7,11,33,0,87,12,3,4,0,0,19,726,411,272,3889,59,5355,9,8,0,3,0,19,62,21,11,7,0,104,52,11,3,46,0,116,29,0,0,0,0,36,34,3,0,4,0,41,114,31,20,152,5,320,1240,326,221,552,21,2360,45,20,17,413,2720,3207,6823,3347,2116,38954,3575,54818,237,2116,1418,20780
LGA61510,128,4240,110,4721,0,0,0,26,5,24,24,0,0,6,0,37,0,3,0,0,0,10,57,13,14,20,0,106,489,201,130,3730,130,4674,12,0,0,0,0,16,6,0,0,20,0,29,52,29,9,220,4,313,10,3,0,3,0,20,5,0,4,0,0,8,6,0,0,0,0,10,61,35,16,739,16,874,19,7,0,47,0,72,0,0,0,0,0,0,6,0,0,0,0,8,0,0,0,0,0,0,5,0,0,9,0,16,16,10,3,8,0,24,14,9,15,7,0,45,30,3,8,14,0,55,0,0,0,0,0,4,0,0,0,0,0,0,103,37,25,495,11,673,0,0,0,0,0,0,5,0,0,0,0,7,3,0,6,0,0,9,0,0,0,0,0,0,5,0,0,0,0,5,19,3,0,14,0,39,111,32,20,70,0,240,17,7,3,108,541,666,919,383,215,7730,778,10022,29,266,159,4408
LGA61610,512,10235,264,11647,0,4,0,86,0,90,114,9,3,33,0,154,11,8,0,3,0,17,152,46,46,117,0,373,1094,582,457,8918,241,11291,85,5,24,8,4,126,23,6,3,33,0,65,91,67,29,590,16,787,16,18,0,23,6,67,12,9,4,3,0,25,83,3,8,7,0,96,140,92,49,2291,37,2613,48,29,8,126,6,216,12,0,0,3,0,20,3,3,0,0,0,9,6,0,0,0,0,8,20,3,3,10,0,38,17,10,9,7,0,44,37,11,24,10,3,92,37,11,6,26,0,89,23,0,0,3,0,26,5,0,0,0,0,5,299,118,80,1716,21,2240,3,0,0,0,0,3,33,4,3,0,0,40,25,0,0,15,0,43,35,0,0,0,0,44,15,0,0,0,4,18,60,13,8,59,5,151,354,84,79,183,13,714,18,14,0,280,1277,1595,2453,1016,788,18669,1771,24702,105,680,524,10079
LGA61810,111,2883,77,3215,0,0,0,9,0,9,7,7,0,16,0,28,0,0,0,0,0,0,49,16,12,16,0,100,297,121,86,2352,72,2930,11,0,5,0,0,15,7,0,0,10,0,23,46,10,10,160,10,234,0,0,0,0,0,8,0,0,0,0,0,3,12,0,3,4,0,10,50,17,13,442,14,545,15,17,3,32,0,68,4,0,4,0,0,5,0,0,0,0,0,0,0,0,0,0,0,0,5,0,0,0,0,9,11,9,4,5,0,22,17,0,0,0,0,16,16,4,0,5,0,21,4,0,0,0,0,6,0,0,0,0,0,0,68,32,22,501,14,639,0,0,0,0,0,0,6,0,0,0,0,6,3,0,0,3,0,6,0,0,0,0,0,0,4,0,0,0,0,4,9,6,0,9,0,26,69,7,8,50,4,132,8,0,0,96,408,510,594,234,169,5067,555,6619,21,131,121,2796
LGA62010,14,388,9,435,0,0,0,17,3,23,0,0,0,0,0,0,0,0,0,0,0,0,3,0,0,3,0,11,49,22,13,299,3,387,0,0,0,0,0,0,0,0,0,3,0,8,15,8,0,17,0,43,0,0,0,0,0,0,0,0,0,0,0,0,0,0,0,0,0,0,17,8,6,70,0,95,9,0,0,10,0,15,0,0,0,0,0,0,0,0,0,0,0,0,0,0,0,0,0,0,0,0,0,0,0,0,4,0,0,0,0,4,0,0,0,0,0,3,4,0,0,0,0,9,0,0,0,0,0,0,0,0,0,0,0,0,12,6,6,74,0,97,0,0,0,0,0,0,0,0,0,0,0,0,0,0,0,0,0,0,0,0,0,0,0,0,0,0,0,0,0,0,0,0,0,0,0,0,15,0,0,7,0,27,0,0,0,15,45,61,105,36,26,671,62,899,3,19,14,308
LGA62210,137,2664,69,3104,0,0,0,15,0,21,18,0,0,10,0,30,8,0,0,7,0,14,53,5,14,39,0,107,423,187,126,2144,76,2961,15,0,10,0,0,26,10,0,0,5,0,11,62,17,9,122,3,212,4,0,0,0,0,9,6,7,0,5,0,15,13,0,0,0,0,16,78,29,17,497,11,640,25,23,0,38,0,90,0,0,0,0,0,0,0,0,0,0,0,0,0,0,0,0,0,0,4,4,0,0,0,8,6,4,4,0,0,23,10,12,8,5,0,34,9,3,0,6,0,19,4,0,0,0,0,5,0,0,0,0,0,0,156,41,26,423,13,656,0,3,0,0,0,6,0,0,0,0,0,6,5,0,0,0,0,7,0,0,0,0,0,0,0,0,0,0,0,0,24,4,3,8,0,37,90,15,14,34,0,155,16,5,5,105,503,629,875,335,215,4690,644,6763,35,199,143,2636
LGA62410,79,1609,37,1832,0,0,0,16,0,16,13,0,3,3,0,18,0,0,0,5,0,6,42,5,11,18,3,71,256,100,72,1518,67,2012,5,0,0,0,0,11,5,0,4,0,0,19,25,7,17,103,5,145,3,0,0,0,0,7,0,0,0,0,0,0,9,0,0,0,0,7,31,19,17,384,15,462,14,3,4,11,0,37,0,0,0,0,0,0,0,0,0,0,0,0,0,0,0,0,0,0,0,0,0,0,0,5,0,0,0,0,0,7,7,3,4,0,0,15,14,6,0,6,0,22,3,0,0,0,0,5,0,0,0,0,0,0,56,25,19,327,6,437,3,0,0,0,0,3,3,0,0,0,0,7,4,0,3,4,0,11,0,0,0,0,0,0,5,0,0,0,0,5,19,5,3,22,0,48,84,8,8,41,3,141,7,0,3,41,315,370,516,166,140,3152,423,4400,13,113,97,1644
LGA62610,760,16317,354,18854,0,9,4,173,0,186,364,20,23,85,0,497,107,20,10,38,3,181,171,67,52,173,3,470,1687,1284,749,15503,417,19640,269,13,58,4,3,346,60,10,10,83,0,160,327,133,77,1153,22,1715,149,48,14,83,4,309,34,21,0,44,0,104,386,11,17,19,3,427,308,297,156,4287,90,5136,278,132,35,399,11,858,36,6,3,0,0,49,14,4,0,5,0,29,0,0,0,0,0,8,12,11,5,24,0,56,31,19,11,19,0,86,64,47,26,30,0,168,314,86,19,160,6,587,32,12,5,16,0,65,8,9,6,5,0,21,404,309,155,2627,49,3544,41,6,3,6,0,64,32,8,5,5,0,48,112,10,9,21,0,154,42,0,0,4,4,53,81,5,0,4,0,92,65,26,9,106,0,202,2623,300,128,453,31,3532,86,12,16,474,2675,3270,7190,2442,1398,31713,3507,46246,356,1416,868,15134
LGA62810,1428,12797,247,16773,0,8,0,91,0,103,2836,59,66,120,21,3100,98,22,10,50,3,189,389,160,137,333,6,1022,3536,2168,1487,13358,236,20778,144,11,47,7,0,209,179,36,27,105,6,349,628,207,131,1105,30,2102,395,72,43,222,14,741,69,39,10,30,3,145,809,33,20,40,4,912,814,564,325,5058,73,6833,561,188,72,505,19,1342,208,8,15,10,6,245,52,27,5,17,0,104,11,4,4,0,0,20,15,7,7,9,0,49,38,9,11,12,0,72,148,80,55,28,0,311,362,79,45,192,5,689,123,9,17,33,0,178,9,5,3,0,0,17,971,552,374,3885,75,5852,53,9,0,16,0,85,119,18,19,3,0,157,124,21,8,35,0,183,78,8,3,8,0,100,138,3,4,4,0,149,175,62,36,175,0,457,2827,494,320,586,29,4258,82,22,16,235,2777,3134,13468,4024,2697,26878,3369,50443,286,2227,1569,12845
LGA63010,416,5825,159,6944,0,0,0,65,0,65,66,3,13,17,0,105,4,4,0,3,0,16,154,38,31,84,8,317,1487,479,374,4812,139,7284,34,0,9,4,0,47,46,4,3,21,0,80,244,67,54,391,20,765,22,3,3,13,0,44,24,6,0,11,0,41,20,9,0,0,0,35,270,113,82,1505,38,2004,57,21,6,82,4,171,14,0,0,0,0,18,7,4,3,5,0,12,0,0,0,0,0,3,4,5,0,7,0,16,26,0,8,15,0,48,58,22,14,13,0,101,49,8,0,19,0,77,19,3,7,6,0,38,0,0,0,0,0,0,322,109,80,968,14,1493,5,5,0,0,0,12,29,3,5,0,0,32,27,0,0,3,0,32,4,0,0,0,0,4,9,0,4,0,0,7,74,6,5,40,0,130,398,100,79,172,3,752,21,13,4,195,938,1163,2804,882,700,10572,1241,16199,88,609,493,5944
LGA63210,115,2438,62,2798,0,0,0,10,3,16,14,0,5,12,0,27,0,3,0,3,0,8,57,27,12,50,4,138,429,162,93,1919,65,2665,24,0,8,0,0,35,11,0,0,10,0,28,72,20,4,129,4,221,6,0,0,3,0,5,19,0,0,0,0,22,3,0,0,0,0,4,57,22,15,446,4,550,7,10,0,26,3,46,6,0,0,0,0,6,0,0,0,0,0,0,0,0,0,0,0,0,5,3,0,3,0,10,6,0,0,0,0,9,19,8,3,3,0,31,12,0,0,7,0,20,7,0,0,0,0,11,3,0,0,0,0,3,86,48,18,410,6,567,5,6,0,0,0,11,11,0,0,0,0,14,9,0,0,4,0,18,0,6,0,0,0,6,0,0,0,0,0,0,24,0,0,4,0,34,140,22,28,35,0,222,7,0,0,82,361,455,872,292,179,4298,489,6126,17,170,120,2457
LGA63410,22,549,17,643,0,0,0,4,0,4,5,0,0,0,0,0,0,0,0,0,0,3,27,6,6,7,0,46,74,35,29,481,7,627,23,0,6,0,0,27,0,0,0,0,0,0,23,5,0,55,0,84,4,0,0,0,0,4,3,0,0,0,0,3,8,0,0,0,0,8,15,8,0,141,0,171,11,0,3,20,0,41,0,0,0,0,0,0,0,0,0,0,0,0,0,0,0,0,0,0,0,0,0,0,0,0,3,0,0,0,0,3,3,4,6,0,0,12,8,3,5,0,0,11,0,0,0,0,0,0,0,0,0,0,0,0,25,12,10,128,5,176,0,0,0,0,0,0,10,0,0,0,0,10,0,0,0,0,0,7,0,0,0,0,0,0,0,0,0,0,0,0,0,3,0,0,0,8,33,15,4,10,0,61,6,5,0,10,116,138,230,86,50,1058,150,1583,8,38,46,550
LGA63610,1098,11471,182,14323,0,9,4,84,0,104,459,17,43,55,3,580,34,17,4,13,0,71,719,217,113,458,16,1527,3417,1431,1046,10478,235,16604,91,3,33,8,0,131,90,17,15,86,4,212,466,138,117,924,24,1676,69,33,14,92,0,212,50,16,12,21,3,100,145,12,5,24,0,181,607,285,168,3403,77,4536,182,94,43,339,4,662,80,3,3,0,0,91,10,3,0,13,0,27,12,3,0,4,0,17,22,11,6,32,3,73,43,11,14,10,0,81,79,43,45,27,3,196,132,42,17,83,0,278,54,18,7,13,0,87,10,5,0,5,0,20,734,349,259,2601,45,3987,12,0,0,3,0,16,166,24,15,12,0,216,74,7,3,16,0,100,15,3,0,8,0,28,13,4,0,3,0,22,148,34,18,129,5,339,1217,287,205,438,27,2171,54,18,14,250,1408,1752,7480,2601,1907,21997,1867,35852,179,1659,1243,11600
LGA63810,154,4518,122,5048,0,0,0,28,0,28,17,0,5,13,0,41,3,3,0,5,0,11,84,20,13,62,0,180,557,213,165,3781,92,4808,32,0,4,0,0,36,9,0,0,7,0,18,58,25,12,213,5,311,0,3,0,6,0,11,8,0,0,7,0,15,4,0,0,0,0,4,93,37,25,1004,13,1172,16,13,5,43,0,82,6,0,0,0,0,8,0,0,0,8,0,5,0,0,0,0,0,0,15,0,0,8,0,16,11,0,0,5,0,23,25,9,7,18,0,63,10,5,5,16,3,40,4,0,0,7,0,5,0,0,0,0,0,0,114,47,35,768,24,989,0,0,0,0,0,0,9,0,0,5,0,17,3,0,0,0,0,4,0,0,0,0,0,8,3,0,0,0,0,3,26,6,0,26,0,60,169,32,20,74,7,303,12,6,5,121,552,691,1091,391,274,8172,768,10700,48,304,232,4976
LGA64010,1377,23182,433,27102,0,9,5,235,0,251,888,29,43,162,13,1148,45,12,0,29,0,80,518,205,146,494,15,1379,2882,1832,1327,21971,544,28562,248,4,82,13,7,349,53,19,9,109,0,190,418,220,94,1535,28,2304,68,37,7,80,4,198,38,34,9,34,0,115,383,21,13,15,0,440,516,374,229,5520,104,6743,252,161,34,464,6,920,112,0,17,8,0,141,19,5,0,15,0,39,7,0,0,3,0,6,18,9,3,33,0,66,46,25,25,23,0,122,122,75,51,45,0,293,166,63,17,125,6,376,80,11,5,28,3,124,10,6,7,4,0,26,710,444,301,4511,78,6045,8,3,0,6,0,17,87,21,9,9,0,120,70,12,9,51,3,143,66,9,4,4,0,82,78,7,3,0,0,92,112,26,37,143,6,321,2967,283,254,534,39,4078,83,17,28,625,4133,4887,9583,3400,2418,44707,5163,65274,328,2161,1597,23706
LGA64210,405,7768,172,8873,0,0,4,32,0,36,57,0,10,28,0,91,15,4,0,5,0,28,193,64,67,138,5,469,1138,491,362,6604,155,8746,73,0,18,6,0,93,28,4,5,32,3,70,154,34,32,410,7,642,13,7,0,9,0,31,15,4,3,4,3,37,55,14,5,0,0,70,203,81,74,1520,33,1911,85,41,21,144,3,282,8,0,0,0,0,8,10,0,0,0,0,15,0,0,0,0,0,0,14,3,0,10,0,28,16,11,5,8,0,38,39,15,20,11,0,90,55,12,6,30,0,103,18,0,0,3,0,25,0,0,0,0,0,4,214,95,84,1301,33,1728,11,0,0,0,0,11,35,0,3,8,0,41,13,5,0,14,0,33,10,0,0,0,0,10,4,0,0,0,0,4,64,14,8,38,0,115,356,56,58,116,4,589,19,7,5,165,1016,1216,2368,846,681,14041,1344,19281,72,573,458,7948
LGA64610,222,5330,126,5980,0,0,0,17,0,17,23,0,5,19,0,43,5,0,0,3,0,13,116,33,17,61,0,232,693,263,193,4529,176,5847,25,0,6,0,0,33,14,0,0,17,0,38,69,30,17,237,12,363,6,0,0,3,0,13,9,9,0,0,0,18,10,4,3,0,0,13,89,50,27,972,26,1155,36,25,10,90,6,160,0,0,0,0,0,0,5,0,0,0,0,3,0,0,0,0,0,0,10,7,0,9,0,21,12,8,8,8,0,25,24,7,9,8,0,50,15,0,0,20,0,45,4,4,0,4,0,9,0,0,0,0,0,0,119,66,30,838,26,1081,5,0,0,0,0,5,19,0,4,0,0,23,4,0,0,7,0,8,0,0,0,0,0,0,4,3,0,0,0,9,16,5,7,19,0,45,139,34,27,74,6,274,13,6,3,160,847,1024,1226,502,361,9587,1141,12821,42,335,247,5429
LGA64810,302,5785,113,6668,0,0,0,43,0,44,38,0,8,14,0,57,5,3,0,7,0,14,94,36,17,49,0,201,785,392,310,5126,104,6719,22,0,12,0,0,47,15,3,3,32,4,56,106,43,28,378,12,563,18,13,0,17,0,52,10,4,4,3,0,18,17,3,6,9,0,36,133,85,52,1306,28,1596,34,29,6,84,5,158,0,0,0,5,0,0,0,3,0,0,0,0,0,0,0,0,0,0,10,0,0,8,0,14,19,6,4,5,0,30,30,9,13,13,0,65,31,13,9,27,0,77,12,0,0,3,0,13,0,0,0,0,0,0,200,89,89,949,15,1340,4,0,0,0,0,4,10,5,10,0,0,23,14,0,3,7,0,20,0,0,0,0,0,0,0,0,0,0,0,0,34,6,0,42,0,85,220,82,51,120,3,490,17,3,5,136,774,940,1484,742,539,10652,998,14415,55,517,397,6162
LGA65010,95,2677,59,2943,0,0,0,36,0,36,0,0,0,3,0,8,0,0,0,0,0,0,23,5,3,15,0,47,263,104,78,2312,53,2814,0,0,0,0,0,4,3,4,0,13,0,19,27,10,7,103,0,152,8,0,0,4,0,14,0,0,0,0,0,3,4,0,0,0,0,4,40,12,18,429,7,506,16,10,0,18,0,38,0,0,0,0,0,0,0,0,0,6,0,3,0,0,0,0,0,0,3,0,6,7,0,10,3,0,0,0,0,10,9,0,4,6,0,18,13,5,4,15,0,37,0,0,0,0,0,3,0,0,0,0,0,0,36,19,16,347,12,429,0,0,0,0,0,0,7,0,0,3,0,7,5,0,0,3,0,17,0,0,0,0,0,0,0,0,0,0,0,0,10,0,0,12,0,28,43,25,13,48,3,126,7,3,0,100,359,469,421,179,146,4810,474,6042,23,137,116,2748
LGA65210,36,893,24,1037,0,3,0,9,0,14,4,3,5,3,0,9,0,0,0,0,0,0,14,0,5,12,0,33,163,70,38,728,26,1029,10,0,0,0,0,12,4,0,0,4,0,6,18,5,5,36,0,68,0,0,0,0,0,5,3,0,0,0,0,0,0,3,0,3,0,3,25,7,7,170,3,216,3,3,0,7,0,16,0,0,0,0,0,0,0,0,0,0,0,0,0,0,0,0,0,0,0,0,0,0,0,0,3,0,0,0,0,8,12,0,0,0,0,8,4,0,0,4,0,13,0,0,0,0,0,0,0,0,0,0,0,0,40,14,10,155,4,218,0,0,0,0,0,0,0,0,0,0,0,3,0,0,0,0,0,0,0,0,0,0,0,0,4,0,0,0,0,4,7,0,4,7,0,11,36,17,4,19,0,70,0,0,0,25,246,269,304,118,67,1589,293,2372,11,80,42,862
LGA65410,225,5859,138,6555,0,0,4,73,0,72,20,4,3,30,0,47,11,3,0,13,0,25,125,37,27,66,0,254,828,255,235,4633,147,6097,25,0,3,0,0,31,9,0,0,16,0,28,79,24,16,280,6,407,4,3,0,0,0,12,8,6,0,4,0,24,27,7,0,5,0,34,117,52,46,1018,32,1266,17,16,0,61,0,98,0,0,0,0,0,0,0,0,0,0,0,4,0,0,0,0,0,0,7,3,3,8,0,22,14,9,4,11,0,39,39,11,11,5,0,64,15,6,0,6,5,29,6,4,0,10,0,17,0,0,0,0,0,3,185,75,74,945,17,1288,3,0,0,0,0,6,16,0,0,0,0,18,5,0,3,13,0,25,0,0,0,0,0,0,0,0,0,0,0,0,45,7,6,19,0,76,179,43,38,112,4,376,13,12,0,166,713,900,1506,517,419,10140,994,13575,52,385,286,5658
LGA65610,39,1667,49,1869,0,0,0,14,0,12,7,0,0,9,0,20,6,3,0,6,0,11,27,5,4,7,0,54,195,89,55,1395,33,1767,16,0,5,0,0,18,5,0,0,5,0,15,47,15,10,149,5,219,4,0,0,0,0,3,5,0,3,0,0,9,17,3,0,0,0,22,29,21,9,423,13,492,7,8,4,24,4,45,0,0,0,0,0,0,0,0,0,0,0,0,0,0,0,0,0,0,0,0,0,0,0,0,6,0,6,0,0,5,7,6,3,0,0,18,7,6,0,0,0,11,0,0,0,0,0,0,6,0,0,0,0,0,61,26,9,247,6,348,0,0,0,0,0,0,7,0,0,0,0,7,3,0,0,6,0,9,0,0,0,0,0,0,3,0,0,0,0,3,3,0,0,18,0,20,66,17,10,29,0,116,6,5,0,57,278,348,445,189,90,3063,371,4152,18,116,77,1583
LGA65810,554,8185,148,9718,0,3,0,50,4,55,156,0,15,42,0,221,6,0,0,3,0,20,424,122,77,311,7,939,1782,722,511,7144,174,10328,51,3,22,0,0,76,40,7,4,32,0,91,220,56,42,481,7,803,31,15,10,24,0,85,33,7,0,10,0,55,100,7,10,10,0,126,293,114,82,1814,37,2338,116,68,17,244,5,442,22,0,7,0,0,27,0,0,0,0,0,3,5,0,0,0,0,7,13,3,4,12,0,32,32,6,8,8,0,51,71,25,20,15,0,130,67,13,15,28,0,125,21,5,0,4,0,29,0,0,0,0,0,0,399,178,117,1545,34,2272,4,0,0,0,0,5,59,0,6,9,0,79,23,4,0,11,0,35,3,3,0,0,0,10,14,0,4,0,0,15,80,16,11,43,0,153,490,108,87,175,10,867,40,14,3,177,1096,1330,3838,1327,938,15184,1437,22719,114,867,635,8760
LGA69499,11,280,15,337,0,0,0,8,0,8,20,0,0,0,0,27,0,0,0,0,0,6,7,0,4,6,0,17,59,14,10,216,11,313,6,0,0,0,0,6,9,0,0,3,0,10,17,0,4,25,0,44,0,0,0,4,0,5,0,0,0,0,0,0,3,0,0,0,0,3,11,5,6,70,0,93,3,3,0,4,0,11,0,0,0,0,0,0,0,0,0,0,0,0,0,0,0,0,0,0,0,0,0,0,0,0,0,0,0,0,0,0,0,0,5,0,0,0,0,0,0,3,0,4,0,0,0,0,0,0,0,0,0,0,0,0,11,3,0,59,3,70,0,0,0,0,0,3,0,4,0,0,0,7,0,0,0,0,0,0,0,0,0,0,0,0,3,0,0,0,0,3,3,0,0,3,0,10,33,3,3,14,0,49,0,0,0,11,162,169,144,40,31,517,191,911,8,28,22,380
LGA69799,0,14,0,19,0,0,0,0,0,0,0,0,0,0,0,0,0,0,0,0,0,0,3,0,0,0,0,3,9,6,0,17,0,29,0,0,0,0,0,0,0,0,0,0,0,0,3,0,0,0,0,3,0,0,0,0,0,0,0,0,0,0,0,0,0,0,0,0,0,0,0,0,0,6,0,6,0,0,0,0,0,0,0,0,0,0,0,0,0,0,0,0,0,0,0,0,0,0,0,0,0,0,0,0,0,4,0,0,0,0,0,0,0,0,0,0,0,0,0,0,0,0,0,0,0,0,0,0,0,0,0,0,0,0,0,0,0,0,0,3,0,7,0,0,0,0,0,0,0,0,0,0,0,0,0,0,0,0,0,0,0,0,0,0,0,0,0,0,0,0,0,0,0,0,0,0,0,0,5,7,0,0,0,8,0,0,0,0,5,4,20,10,0,32,5,75,0,0,0,4
LGA70200,639,6481,139,8143,0,23,12,1370,38,1441,302,9,12,61,3,389,8,6,4,6,0,24,180,47,31,88,0,347,1752,612,533,4306,102,7305,508,11,52,21,8,598,87,14,5,50,5,152,423,95,83,805,19,1423,17,21,4,27,0,67,19,9,5,15,0,43,822,11,6,14,0,848,500,163,126,1661,30,2481,212,62,29,219,4,529,51,0,3,0,0,57,11,5,3,7,0,25,9,0,0,0,0,9,12,5,0,17,0,35,340,43,26,25,6,441,147,46,37,14,5,251,75,18,14,36,0,137,35,5,4,8,0,47,111,3,0,0,4,119,471,159,134,1250,28,2049,13,0,0,0,0,13,75,15,0,9,0,97,65,3,5,13,4,83,98,3,0,3,0,102,81,4,4,0,0,87,53,13,3,56,0,126,1849,177,151,236,28,2443,86,12,15,212,2878,3205,6803,1323,1103,12318,3202,24751,229,703,641,5152
LGA70420,48,1138,33,1295,4,4,0,3570,41,3617,32,0,3,7,0,45,0,0,0,3,0,3,11,7,5,6,0,25,134,47,37,597,32,854,73,0,10,0,3,87,14,0,0,6,0,24,28,4,5,79,0,121,21,3,0,7,0,32,0,0,0,0,0,0,53,0,0,0,0,56,26,11,9,210,4,261,12,0,0,14,0,33,0,0,0,0,0,4,0,0,0,0,0,0,0,0,0,0,0,0,0,0,0,3,0,5,17,0,5,0,0,19,18,4,10,3,0,30,5,0,0,0,0,6,5,0,0,3,0,3,5,0,0,0,0,5,39,20,11,139,11,219,0,0,0,0,0,0,3,0,0,0,0,3,0,0,0,0,0,5,0,0,0,0,0,5,0,0,0,0,0,0,0,0,0,3,0,3,126,11,12,39,12,201,12,0,6,69,566,651,561,108,95,5219,674,6654,21,47,50,609
LGA70540,0,7,0,7,0,0,0,154,0,154,0,0,0,0,0,0,0,0,0,0,0,0,0,0,0,0,0,0,0,0,0,5,0,5,0,0,0,0,0,0,0,0,0,0,0,0,0,0,0,0,0,0,0,0,0,0,0,0,0,0,0,0,0,0,0,0,0,0,0,0,0,0,0,0,0,0,0,0,0,0,0,0,0,0,0,0,0,0,0,0,0,0,0,0,0,0,0,0,0,0,0,0,0,0,0,0,0,0,0,0,0,0,0,0,0,0,0,0,0,0,0,0,0,0,0,0,0,0,0,0,0,0,0,0,0,0,0,0,0,0,0,0,0,0,0,0,0,0,0,0,0,0,0,0,0,0,0,0,0,0,0,0,0,0,0,0,0,0,0,0,0,0,0,0,0,0,0,0,0,0,0,0,0,0,0,0,0,0,5,5,0,0,0,161,5,166,0,0,0,0
LGA70620,12,279,8,307,0,0,0,2792,28,2826,3,0,0,0,0,4,0,0,0,0,0,0,8,0,0,0,0,12,40,13,19,123,0,192,6,0,0,0,0,6,0,0,0,4,0,4,5,0,0,26,4,37,0,0,0,0,0,0,0,0,0,0,0,0,0,0,0,0,0,0,11,5,8,62,0,83,0,0,0,3,0,7,0,0,0,0,0,0,0,0,0,0,0,0,0,0,0,0,0,0,0,0,0,0,0,0,18,0,0,3,0,21,9,0,0,0,0,9,3,0,0,4,0,3,0,0,0,0,0,0,0,0,0,0,0,0,12,7,5,37,3,61,0,0,0,0,0,0,0,0,0,0,0,0,0,0,0,0,0,3,0,0,0,0,0,0,0,0,0,0,0,0,0,0,0,0,0,3,23,3,0,15,0,44,5,0,0,38,247,290,113,26,27,3219,286,3672,0,19,18,168
LGA70700,22,453,17,533,0,0,0,42,9,50,5,0,0,3,0,7,3,0,0,0,0,3,5,4,0,0,5,15,70,31,16,249,6,375,16,0,3,0,0,17,3,0,0,3,0,5,9,0,0,42,0,54,0,0,0,3,0,8,0,0,0,0,0,0,0,0,0,0,0,0,14,8,5,87,11,122,0,0,0,9,0,18,0,0,0,0,0,0,0,0,0,0,0,0,0,0,0,0,0,0,0,0,0,0,0,7,0,0,0,0,0,4,9,0,3,0,0,9,0,0,0,3,0,3,0,0,0,0,0,0,0,0,0,0,0,0,18,3,10,59,6,90,0,0,0,0,0,0,0,0,0,0,0,0,3,0,0,5,0,5,0,0,0,0,0,0,0,0,0,0,0,0,0,0,0,0,0,0,30,3,10,23,3,66,11,0,0,22,257,290,176,56,37,755,295,1318,5,30,16,284
LGA71000,2241,16382,371,22087,10,66,24,1153,30,1280,3438,159,208,476,32,4321,82,34,12,37,6,166,450,164,94,273,11,998,5107,1835,1599,11894,270,20703,3493,43,237,86,50,3916,320,31,41,136,7,535,851,249,220,1839,41,3191,1909,508,183,637,44,3279,111,20,9,30,0,174,2534,33,38,44,19,2666,1703,546,419,4940,80,7688,731,256,128,788,31,1936,251,4,15,12,0,279,54,7,0,23,0,89,23,3,0,8,0,32,47,21,11,73,3,158,312,61,44,40,8,454,432,128,87,36,7,688,195,30,28,119,4,383,117,12,18,44,0,184,52,7,7,0,0,72,1306,437,383,3623,44,5802,56,8,3,9,0,69,185,29,12,15,0,240,409,19,19,42,4,495,462,20,5,17,0,506,613,12,33,7,11,675,189,32,35,171,3,438,8885,550,688,949,139,11220,381,45,27,402,8076,8932,30039,4611,4028,31076,9055,78799,894,2300,2386,13727
LGA71150,8,47,0,68,0,0,0,0,0,0,12,0,0,4,0,12,0,0,0,0,0,0,4,0,0,0,0,4,37,9,7,52,0,109,5,0,0,0,0,5,5,5,0,0,0,5,0,0,0,6,0,5,3,0,0,0,0,3,0,0,0,0,0,0,0,0,0,0,0,0,7,4,0,16,0,27,3,7,0,4,0,10,3,0,0,0,0,3,0,0,0,0,0,0,0,0,0,0,0,0,0,0,0,0,0,0,4,0,0,0,0,4,0,0,0,0,0,0,0,0,0,0,0,0,0,0,0,0,0,0,0,0,0,0,0,0,9,0,0,12,0,28,0,0,0,0,0,0,0,0,0,0,0,0,0,0,0,0,0,0,0,0,0,0,0,4,0,0,0,0,0,0,7,0,0,3,0,5,68,0,0,6,0,71,0,0,0,0,58,60,144,15,12,109,61,338,0,5,14,46
LGA71300,17,269,6,322,0,0,4,7880,57,7952,5,0,0,0,0,5,0,0,0,0,0,0,8,3,0,8,0,20,56,22,20,110,0,205,0,0,0,0,0,0,4,0,0,0,0,4,5,4,0,15,0,27,0,0,0,0,0,3,0,0,0,0,0,0,6,0,0,0,0,6,16,9,0,54,3,81,7,0,0,5,0,15,0,0,0,0,0,0,0,0,0,0,0,0,0,0,0,0,0,0,5,0,0,0,0,4,9,0,6,0,0,11,22,0,0,0,0,22,3,0,0,0,0,3,0,0,0,0,0,0,0,0,0,0,0,0,12,5,0,43,0,60,0,0,0,0,0,0,0,0,0,0,0,0,0,0,0,0,0,0,0,0,0,0,0,0,0,0,0,0,0,0,0,0,0,6,0,5,48,8,5,86,0,150,4,0,0,23,415,443,158,42,37,8305,482,9026,5,24,29,153
LGA72200,240,3114,100,3712,0,3,7,755,22,791,68,5,7,53,0,138,3,0,0,0,0,8,33,11,7,24,0,75,349,162,154,1660,47,2372,219,5,19,0,12,259,11,0,4,17,6,41,62,29,13,289,9,405,0,0,0,14,0,17,10,0,0,9,0,14,130,0,0,4,0,131,89,32,32,552,9,722,24,17,9,86,0,141,6,0,0,0,0,9,3,0,0,3,0,10,0,0,0,4,0,3,4,6,0,13,0,24,26,4,6,4,0,42,47,19,14,6,0,80,15,5,0,5,4,35,6,0,0,8,0,17,7,0,0,0,0,8,120,43,50,460,6,679,4,0,0,0,0,4,11,0,0,4,0,15,15,0,0,8,3,29,18,0,0,0,0,29,19,0,0,0,0,19,13,7,6,13,0,35,273,43,48,89,0,452,16,5,4,99,1909,2030,1366,375,365,5530,2082,9719,64,203,254,2321
LGA72300,713,7583,183,9389,0,13,3,249,9,267,167,11,27,89,0,294,15,5,0,11,0,38,177,57,41,111,0,389,1421,581,550,4715,139,7409,214,7,55,20,8,304,49,6,4,40,3,102,212,77,66,735,20,1106,57,19,19,65,5,166,23,3,0,7,0,39,46,7,3,13,4,65,350,153,126,1667,32,2335,120,74,27,252,3,474,24,0,3,3,0,31,7,0,0,0,0,8,0,5,4,5,0,9,18,13,3,16,0,52,79,15,16,11,0,132,113,37,34,31,0,216,41,6,14,25,0,86,21,5,11,17,0,51,5,0,0,0,0,7,367,151,109,1307,27,1963,7,3,0,9,0,19,39,9,9,5,4,62,31,4,0,22,0,59,3,6,0,8,0,17,217,0,8,0,3,230,34,13,10,40,4,99,715,110,144,246,19,1230,41,6,12,168,4488,4719,3833,1289,1181,12709,4842,23857,134,735,750,6632
LGA72330,9,490,16,544,0,8,5,3484,48,3543,5,0,0,0,0,5,3,0,0,0,0,5,10,0,0,3,0,15,58,15,16,209,7,302,0,0,0,0,0,0,9,0,0,5,0,10,22,3,0,22,0,48,0,0,0,6,0,5,0,0,0,0,0,0,0,0,0,0,0,0,12,8,7,99,0,128,9,11,0,11,0,29,6,0,0,0,0,5,0,0,0,0,0,0,0,0,0,0,0,0,0,0,0,6,0,6,6,0,0,0,0,6,6,0,0,0,0,11,0,0,0,0,0,0,0,0,0,0,0,0,0,0,0,0,0,0,15,6,4,55,0,71,0,0,0,0,0,0,9,0,0,0,0,9,4,0,0,0,0,4,0,0,0,0,0,5,0,0,0,0,0,3,0,0,0,0,0,5,38,9,0,23,0,69,5,0,0,34,1490,1526,172,48,28,4220,1560,6031,3,21,13,216
LGA72800,1204,10376,238,13301,0,33,19,467,25,546,459,52,54,243,12,823,17,11,0,33,0,64,177,80,48,133,7,451,2068,988,886,6938,141,11027,1372,25,152,41,9,1597,80,10,9,51,6,154,282,152,118,1167,15,1738,195,66,30,146,5,440,40,12,3,16,3,72,592,20,9,12,0,632,449,224,197,2329,36,3233,137,69,33,454,11,711,50,0,7,4,0,60,11,3,0,4,0,14,3,0,0,0,0,0,19,12,4,47,0,78,267,47,28,40,4,380,172,66,65,40,3,354,52,25,6,77,5,164,27,3,9,17,0,56,35,7,0,7,0,48,479,216,220,1852,31,2805,11,5,0,5,6,18,130,11,4,16,0,163,130,16,10,36,3,199,74,3,5,6,0,80,169,9,25,5,3,214,73,17,20,85,3,199,2508,253,346,407,51,3565,130,17,22,248,2762,3183,8516,2114,2025,17904,3234,33786,450,1252,1331,9373
LGA73600,20,503,22,573,0,11,0,4618,90,4708,9,0,0,6,0,21,0,0,0,0,0,0,7,0,0,0,0,10,66,30,26,326,6,457,4,0,0,0,0,0,8,0,0,7,0,19,15,3,6,53,3,80,3,0,0,3,0,6,0,0,0,0,0,0,10,0,0,0,4,19,23,6,4,116,7,154,8,4,0,18,0,35,0,0,0,0,0,0,0,0,0,0,0,0,0,0,0,0,0,0,0,0,0,0,0,0,13,0,0,0,0,12,11,3,0,0,0,14,0,0,0,0,0,5,0,0,0,0,0,0,0,0,0,0,0,0,17,13,5,85,0,125,0,0,0,0,0,0,0,0,0,0,0,0,0,0,0,0,0,4,0,0,0,0,0,0,0,0,0,0,0,0,5,0,0,5,0,8,62,12,3,60,0,131,6,4,0,106,483,599,243,64,43,5547,600,6504,0,35,21,399
LGA74050,4,158,0,176,0,4,0,1988,25,2020,0,0,0,0,0,5,0,0,0,0,0,0,0,0,0,0,0,3,16,5,5,58,4,85,10,0,0,0,0,13,0,0,0,0,0,0,4,0,0,0,0,3,0,0,0,0,0,7,0,0,0,0,0,0,0,0,0,0,0,0,6,0,0,26,0,33,0,0,0,0,0,5,0,0,0,0,0,0,0,0,0,0,0,0,0,0,0,0,0,0,0,0,0,0,0,0,0,0,0,0,0,0,6,0,0,0,0,9,0,0,0,0,0,0,0,0,0,0,0,0,5,0,0,0,0,5,3,0,0,19,0,25,0,0,0,0,0,0,0,0,0,0,0,0,0,0,0,0,0,0,0,0,0,0,0,0,5,0,0,0,0,5,0,0,0,0,0,0,29,6,0,39,0,73,0,0,0,26,88,118,74,17,10,2234,124,2452,0,6,5,76
LGA74550,19,495,16,563,0,5,5,1392,22,1422,4,0,0,21,0,24,0,0,0,0,0,0,5,0,0,0,0,8,40,12,23,238,20,331,3,0,0,0,0,3,3,0,0,3,0,9,3,4,5,34,3,43,6,0,0,3,0,3,0,0,0,0,0,0,0,0,0,0,0,0,4,0,3,68,5,89,6,0,6,4,0,15,0,0,0,0,0,0,0,0,0,0,0,0,0,0,0,0,0,0,0,0,0,0,0,0,3,0,0,0,0,6,3,0,5,4,0,15,0,0,0,0,0,3,0,0,0,0,0,0,0,0,0,0,0,0,15,0,3,88,3,107,0,0,0,0,0,0,0,0,0,0,0,3,4,0,0,0,0,4,0,0,0,0,0,0,0,0,0,0,0,0,0,0,0,0,0,5,33,7,3,26,4,68,0,0,0,19,441,461,105,46,36,2122,500,2815,8,24,16,289
LGA74560,10,140,5,177,0,0,0,7,0,7,3,0,0,0,0,6,0,0,0,0,0,0,0,0,0,4,0,7,47,13,17,128,7,206,3,0,0,0,0,3,0,0,0,0,0,0,7,0,4,11,0,22,0,0,0,0,0,0,0,0,0,0,0,0,0,0,0,0,0,0,9,6,0,42,0,64,3,0,0,0,0,5,0,0,0,0,0,0,0,0,0,0,0,0,0,0,0,0,0,0,0,0,0,0,0,0,0,0,0,0,0,0,4,3,0,3,0,9,0,0,0,0,0,0,0,0,0,0,0,0,0,0,0,0,0,0,10,3,8,42,0,58,0,0,0,0,0,0,0,0,0,0,0,0,0,0,0,3,0,3,0,0,0,0,0,0,0,0,0,0,0,0,0,0,0,4,0,3,15,4,3,17,0,30,0,0,0,6,16,28,82,25,26,287,30,460,6,17,24,114
LGA74660,57,584,17,713,0,7,0,4105,38,4155,17,0,0,5,0,28,0,0,0,0,0,4,7,9,0,4,0,23,63,24,29,260,9,390,20,0,9,0,0,23,16,0,0,5,0,20,28,4,0,40,0,76,0,0,0,0,0,9,3,0,0,0,0,4,13,0,0,0,0,15,18,12,5,103,8,143,9,4,0,3,0,19,0,0,0,0,0,0,0,0,0,0,0,0,0,0,0,0,0,0,0,0,0,0,0,0,14,0,0,0,0,11,8,0,0,0,0,12,3,0,3,4,0,9,0,0,0,0,0,0,0,0,0,0,0,0,20,7,12,60,0,102,0,0,0,0,0,0,0,0,0,0,0,0,3,0,0,0,0,3,0,0,0,0,0,0,0,0,0,0,0,0,0,0,4,3,0,4,97,8,16,54,0,172,4,5,0,90,673,768,296,88,75,4986,737,6192,12,40,28,321
LGA74680,6,152,8,168,0,0,0,2553,53,2606,0,0,0,0,0,0,0,0,0,0,0,0,0,0,0,0,0,7,14,0,4,78,0,102,0,0,0,0,0,0,0,0,0,0,0,3,0,0,0,12,0,12,0,0,0,0,0,0,0,0,0,0,0,0,4,0,0,0,0,4,9,0,0,41,0,51,0,0,0,10,0,12,4,0,0,0,0,4,0,0,0,0,0,0,0,0,0,0,0,0,0,0,0,0,0,0,0,0,0,0,0,0,0,0,0,0,0,0,0,0,0,0,0,0,0,0,0,0,0,0,0,0,0,0,0,0,0,0,0,12,0,18,0,0,0,0,0,0,0,0,0,0,0,0,0,0,0,0,0,0,0,0,0,0,0,0,0,0,0,0,0,0,0,0,0,6,0,6,9,0,0,17,0,27,0,0,0,9,272,275,44,13,7,2773,329,3167,0,11,10,70
LGA79399,179,1927,52,2429,0,7,4,102,6,121,53,3,3,20,5,87,10,0,0,6,0,21,40,10,3,30,0,88,427,174,106,1194,34,1943,77,0,13,5,4,101,19,0,0,10,0,31,64,14,24,146,4,253,11,7,3,4,0,32,4,0,0,0,0,10,72,0,3,0,0,73,90,30,30,445,6,611,51,16,12,67,0,144,20,0,0,0,0,20,5,0,0,0,0,6,0,0,0,0,0,8,5,0,0,9,0,17,67,9,6,10,4,93,59,14,8,11,0,84,20,4,0,14,0,37,3,0,0,0,0,9,0,0,0,0,0,3,118,44,24,347,8,546,0,0,0,0,0,0,34,5,4,3,0,47,15,0,6,8,0,27,6,0,0,0,0,8,77,0,0,0,0,79,17,4,5,22,0,34,378,47,37,92,9,568,21,4,3,65,1007,1099,1462,380,279,3325,1120,6565,74,184,188,1584
LGA79499,35,737,52,912,0,0,0,56,9,66,14,0,5,0,0,16,3,0,0,0,0,9,24,3,0,3,0,37,186,46,35,316,12,596,10,4,0,0,0,9,20,0,0,3,0,19,35,0,3,47,0,96,0,0,0,0,0,6,0,0,0,0,0,5,7,0,0,0,0,11,35,19,3,102,7,157,8,6,0,14,4,31,3,0,0,0,0,3,0,0,0,0,0,0,0,0,0,0,0,0,6,0,0,0,0,6,9,4,0,0,0,10,16,3,0,4,0,23,9,0,0,3,0,11,0,0,0,3,0,3,5,0,0,0,0,5,48,12,7,94,6,163,0,0,0,0,0,0,5,0,0,0,0,5,4,0,0,0,0,6,0,0,0,0,0,0,0,0,0,0,0,0,9,5,0,4,0,21,83,12,4,31,0,129,6,0,0,100,593,704,440,106,56,1211,671,2485,16,40,51,518
LGA79799,0,4,0,9,0,0,0,0,0,0,0,0,0,0,0,0,0,0,0,0,0,0,0,0,0,0,0,0,3,0,0,8,0,7,9,0,0,0,0,9,0,0,0,0,0,0,0,0,0,0,0,0,0,0,0,0,0,0,0,0,0,0,0,0,0,0,0,0,0,0,0,0,0,3,0,6,0,0,0,0,0,0,0,0,0,0,0,0,0,0,0,0,0,0,0,0,0,0,0,0,0,0,0,0,0,0,0,0,0,0,0,0,0,0,0,0,0,0,0,0,0,0,0,0,0,0,0,0,0,0,0,0,0,0,0,0,0,0,0,0,0,4,0,0,0,0,0,0,0,0,0,0,0,0,0,0,0,0,0,0,0,0,0,0,0,0,0,0,0,0,0,0,0,0,0,0,0,0,30,0,0,0,0,30,3,0,0,0,6,14,48,0,0,14,6,73,0,0,3,16
LGA89399,12581,94918,1193,127126,12,71,36,923,16,1059,20045,455,913,893,139,22445,2880,450,222,1020,40,4618,2724,1057,713,1949,39,6489,23244,13916,10710,82742,1250,131871,4247,93,480,92,35,4957,1254,235,196,871,23,2579,4829,1679,1228,9723,147,17612,2454,526,272,1494,29,4783,913,237,162,415,14,1744,13810,261,257,161,61,14544,5363,3908,2929,38888,475,51557,5132,1624,795,5294,130,12968,2560,39,118,50,16,2780,767,222,90,283,25,1394,752,107,58,163,9,1089,628,223,161,615,9,1640,566,161,123,110,18,980,1310,593,458,263,22,2647,2431,425,359,959,23,4184,1104,129,132,275,20,1659,617,93,42,23,10,787,6425,3805,2950,26620,320,40120,1254,200,74,178,6,1713,1170,159,131,65,9,1525,1949,249,152,389,33,2779,2333,108,113,68,9,2623,4532,80,187,88,45,4931,1055,359,238,1393,14,3061,36554,3884,3706,4887,392,49425,1208,152,103,1463,20371,23297,133158,29071,23094,187732,23798,396853,4905,18177,15306,104160
LGA89499,16,104,3,153,0,0,0,7,0,7,22,0,0,0,0,28,0,0,0,0,0,0,6,0,0,0,0,11,19,25,7,99,10,160,3,0,0,0,0,8,0,0,0,0,0,0,5,3,3,12,0,23,0,0,0,0,0,4,0,0,0,0,0,0,9,0,0,0,0,9,8,4,7,37,0,55,3,0,0,6,0,10,4,0,0,0,0,4,3,0,0,0,0,3,0,0,0,0,0,0,0,0,0,0,0,0,0,0,0,4,0,6,6,0,0,0,0,0,6,0,0,0,0,7,8,0,0,0,0,3,0,0,0,0,0,0,0,7,6,25,0,41,0,0,0,0,0,0,6,0,0,0,0,6,3,0,0,0,0,5,0,0,0,0,0,0,3,0,0,0,0,3,0,0,0,0,0,5,39,0,7,5,3,52,7,0,0,0,100,103,146,39,29,218,111,541,0,24,7,143
LGA89799,0,0,0,0,0,0,0,0,0,0,0,0,0,0,0,0,0,0,0,0,0,0,0,0,0,0,0,0,0,0,0,0,0,0,0,0,0,0,0,0,0,0,0,0,0,0,0,0,0,0,0,0,0,0,0,0,0,0,0,0,0,0,0,0,0,0,0,0,0,0,0,0,0,0,0,0,0,0,0,0,0,0,0,0,0,0,0,0,0,0,0,0,0,0,0,0,0,0,0,0,0,0,0,0,0,0,0,0,0,0,0,0,0,0,0,0,0,0,0,0,0,0,0,0,0,0,0,0,0,0,0,0,0,0,0,0,0,0,0,0,0,0,0,0,0,0,0,0,0,0,0,0,0,0,0,0,0,0,0,0,0,0,0,0,0,0,0,0,0,0,0,0,0,0,0,0,0,0,0,0,0,0,0,0,0,0,0,0,0,0,0,0,0,0,0,0,0,0,0,0
LGA99399,74,513,14,707,0,0,0,87,6,92,15,0,0,0,0,21,3,0,0,0,0,3,16,4,0,5,0,26,225,74,62,273,4,644,34,0,3,0,3,42,7,0,0,0,0,10,23,5,3,24,0,55,0,0,0,0,0,0,0,0,0,0,0,6,3,0,0,0,0,3,46,6,8,85,3,147,7,0,0,9,0,21,0,0,0,0,0,0,0,0,0,0,0,0,0,0,0,0,0,0,0,4,0,5,0,10,27,4,5,0,0,28,57,13,21,0,0,93,4,0,0,0,0,10,5,0,0,0,0,5,0,0,0,0,0,0,72,13,8,71,0,160,0,0,0,0,0,0,11,0,0,0,0,11,4,0,0,0,0,3,0,0,0,0,0,0,0,0,0,0,0,0,0,0,0,0,0,0,136,106,104,306,9,663,14,0,4,17,154,180,554,190,188,1013,191,2142,22,80,70,499
LGA99499,0,10,0,8,0,0,0,0,0,0,0,0,0,0,0,6,0,0,0,0,0,0,0,0,0,0,0,0,6,0,3,9,0,11,0,0,0,0,0,0,0,0,0,0,0,0,3,0,0,4,0,7,0,0,0,0,0,0,0,0,0,0,0,0,0,0,0,0,0,0,0,0,0,3,0,3,0,0,3,0,0,5,0,0,0,0,0,0,0,0,0,0,0,0,0,0,0,0,0,0,0,0,0,0,0,0,0,0,0,0,0,0,0,0,0,0,0,0,0,0,0,0,0,0,0,0,0,0,0,0,0,0,0,0,0,0,0,0,0,5,0,5,0,0,0,0,0,0,0,0,0,0,0,0,0,0,0,0,0,0,0,0,0,0,0,0,4,0,0,0,0,3,0,0,0,0,0,0,9,0,0,0,0,9,0,0,0,0,6,6,22,0,3,16,7,54,0,0,0,4
LGA99799,0,0,0,0,0,0,0,0,0,0,0,0,0,0,0,0,0,0,0,0,0,0,0,0,0,0,0,0,0,0,0,5,0,3,0,0,0,0,0,0,0,0,0,0,0,0,0,0,0,0,0,0,0,0,0,0,0,0,0,0,0,0,0,0,0,0,0,0,0,0,0,0,0,0,0,0,0,0,0,0,0,0,0,0,0,0,0,0,0,0,0,0,0,0,0,0,0,0,0,0,0,0,0,0,0,0,0,0,0,0,0,0,0,0,0,0,0,0,0,0,0,0,0,0,0,0,0,0,0,0,0,0,0,0,0,0,0,0,0,0,0,0,0,0,0,0,0,0,0,0,0,0,0,0,0,0,0,0,0,0,0,0,0,0,0,0,0,0,0,0,0,0,0,0,0,0,0,0,0,0,0,0,0,0,0,0,0,0,0,0,0,0,0,3,0,4,0,0,0,0
