LGA_CODE_2021,C16_P_25_29_Em_FT,C16_P_25_29_Em_PT,C16_P_25_29_Em_AFW,C16_P_25_29_Em_Hrs_NS,C16_P_25_29_Em_Tot,C16_P_25_29_Unem_Look_FT,C16_P_25_29_Unem_Look_PT,C16_P_25_29_Unem_Tot,C16_P_25_29_Tot_LF,C16_P_25_29_Not_LF,C16_P_25_29_LF_NS,C16_P_25_29_Tot,C16_P_30_34_Em_FT,C16_P_30_34_Em_PT,C16_P_30_34_Em_AFW,C16_P_30_34_Em_Hrs_NS,C16_P_30_34_Em_Tot,C16_P_30_34_Unem_Look_FT,C16_P_30_34_Unem_Look_PT,C16_P_30_34_Unem_Tot,C16_P_30_34_Tot_LF,C16_P_30_34_Not_LF,C16_P_30_34_LF_NS,C16_P_30_34_Tot,C16_P_35_39_Em_FT,C16_P_35_39_Em_PT,C16_P_35_39_Em_AFW,C16_P_35_39_Em_Hrs_NS,C16_P_35_39_Em_Tot,C16_P_35_39_Unem_Look_FT,C16_P_35_39_Unem_Look_PT,C16_P_35_39_Unem_Tot,C16_P_35_39_Tot_LF,C16_P_35_39_Not_LF,C16_P_35_39_LF_NS,C16_P_35_39_Tot,C16_P_40_44_Em_FT,C16_P_40_44_Em_PT,C16_P_40_44_Em_AFW,C16_P_40_44_Em_Hrs_NS,C16_P_40_44_Em_Tot,C16_P_40_44_Unem_Look_FT,C16_P_40_44_Unem_Look_PT,C16_P_40_44_Unem_Tot,C16_P_40_44_Tot_LF,C16_P_40_44_Not_LF,C16_P_40_44_LF_NS,C16_P_40_44_Tot,C16_P_45_49_Em_FT,C16_P_45_49_Em_PT,C16_P_45_49_Em_AFW,C16_P_45_49_Em_Hrs_NS,C16_P_45_49_Em_Tot,C16_P_45_49_Unem_Look_FT,C16_P_45_49_Unem_Look_PT,C16_P_45_49_Unem_Tot,C16_P_45_49_Tot_LF,C16_P_45_49_Not_LF,C16_P_45_49_LF_NS,C16_P_45_49_Tot,C16_P_50_54_Em_FT,C16_P_50_54_Em_PT,C16_P_50_54_Em_AFW,C16_P_50_54_Em_Hrs_NS,C16_P_50_54_Em_Tot,C16_P_50_54_Unem_Look_FT,C16_P_50_54_Unem_Look_PT,C16_P_50_54_Unem_Tot,C16_P_50_54_Tot_LF,C16_P_50_54_Not_LF,C16_P_50_54_LF_NS,C16_P_50_54_Tot,C16_P_55_59_Em_FT,C16_P_55_59_Em_PT,C16_P_55_59_Em_AFW,C16_P_55_59_Em_Hrs_NS,C16_P_55_59_Em_Tot,C16_P_55_59_Unem_Look_FT,C16_P_55_59_Unem_Look_PT,C16_P_55_59_Unem_Tot,C16_P_55_59_Tot_LF,C16_P_55_59_Not_LF,C16_P_55_59_LF_NS,C16_P_55_59_Tot,C16_P_60_64_Em_FT,C16_P_60_64_Em_PT,C16_P_60_64_Em_AFW,C16_P_60_64_Em_Hrs_NS,C16_P_60_64_Em_Tot,C16_P_60_64_Unem_Look_FT,C16_P_60_64_Unem_Look_PT,C16_P_60_64_Unem_Tot,C16_P_60_64_Tot_LF,C16_P_60_64_Not_LF,C16_P_60_64_LF_NS,C16_P_60_64_Tot,C16_P_65_69_Em_FT,C16_P_65_69_Em_PT,C16_P_65_69_Em_AFW,C16_P_65_69_Em_Hrs_NS,C16_P_65_69_Em_Tot,C16_P_65_69_Unem_Look_FT,C16_P_65_69_Unem_Look_PT,C16_P_65_69_Unem_Tot,C16_P_65_69_Tot_LF,C16_P_65_69_Not_LF,C16_P_65_69_LF_NS,C16_P_65_69_Tot,C16_P_70_74_Em_FT,C16_P_70_74_Em_PT,C16_P_70_74_Em_AFW,C16_P_70_74_Em_Hrs_NS,C16_P_70_74_Em_Tot,C16_P_70_74_Unem_Look_FT,C16_P_70_74_Unem_Look_PT,C16_P_70_74_Unem_Tot,C16_P_70_74_Tot_LF,C16_P_70_74_Not_LF,C16_P_70_74_LF_NS,C16_P_70_74_Tot,C16_P_75over_Em_FT,C16_P_75over_Em_PT,C16_P_75over_Emp_Aw_fr_w,C16_P_75over_Emp_Hou_w_ns,C16_P_75over_Em_Tot,C16_P_75over_Unem_Lo_ft_wor,C16_P_75over_Unem_Lo_pt_wor,C16_P_75over_Unemp_Tot,C16_P_75over_Tot_lab_for,C16_P_75over_N_lab_forc,C16_P_75over_LF_NS,C16_P_75over_Tot,C16_P_Tot_Em_FT,C16_P_Tot_Em_PT,C16_P_Tot_Em_AFW,C16_P_Tot_Em_Hrs_NS,C16_P_Tot_Em_Tot,C16_P_Tot_Unem_Look_FT,C16_P_Tot_Unem_Look_PT,C16_P_Tot_Unem_Tot,C16_P_Tot_Tot_labo_for,C16_P_Tot_Not_LF,C16_P_Tot_LF_NS,C16_P_Tot_Tot,C21_P_15_19_Em_FT,C21_P_15_19_Em_PT,C21_P_15_19_Em_AFW,C21_P_15_19_Em_Hrs_NS,C21_P_15_19_Em_Tot,C21_P_15_19_Unem_Look_FT,C21_P_15_19_Unem_Look_PT,C21_P_15_19_Unem_Tot,C21_P_15_19_Tot_LF,C21_P_15_19_Not_LF,C21_P_15_19_LF_NS,C21_P_15_19_Tot,C21_P_20_24_Em_FT,C21_P_20_24_Em_PT,C21_P_20_24_Em_AFW,C21_P_20_24_Em_Hrs_NS,C21_P_20_24_Em_Tot,C21_P_20_24_Unem_Look_FT,C21_P_20_24_Unem_Look_PT,C21_P_20_24_Unem_Tot,C21_P_20_24_Tot_LF,C21_P_20_24_Not_LF,C21_P_20_24_LF_NS,C21_P_20_24_Tot,C21_P_25_29_Em_FT,C21_P_25_29_Em_PT,C21_P_25_29_Em_AFW,C21_P_25_29_Em_Hrs_NS,C21_P_25_29_Em_Tot,C21_P_25_29_Unem_Look_FT,C21_P_25_29_Unem_Look_PT,C21_P_25_29_Unem_Tot,C21_P_25_29_Tot_LF,C21_P_25_29_Not_LF,C21_P_25_29_LF_NS,C21_P_25_29_Tot,C21_P_30_34_Em_FT,C21_P_30_34_Em_PT,C21_P_30_34_Em_AFW,C21_P_30_34_Em_Hrs_NS,C21_P_30_34_Em_Tot,C21_P_30_34_Unem_Look_FT,C21_P_30_34_Unem_Look_PT,C21_P_30_34_Unem_Tot,C21_P_30_34_Tot_LF,C21_P_30_34_Not_LF,C21_P_30_34_LF_NS,C21_P_30_34_Tot,C21_P_35_39_Em_FT,C21_P_35_39_Em_PT,C21_P_35_39_Em_AFW,C21_P_35_39_Em_Hrs_NS,C21_P_35_39_Em_Tot,C21_P_35_39_Unem_Look_FT,C21_P_35_39_Unem_Look_PT,C21_P_35_39_Unem_Tot
LGA10050,1599,617,109,39,2363,119,44,168,2530,449,250,3227,1571,725,128,35,2461,101,43,146,2612,441,222,3272,1450,725,76,28,2275,87,48,130,2407,469,193,3072,1519,731,60,34,2342,77,54,132,2470,456,204,3136,1650,720,66,41,2473,110,41,150,2625,478,221,3323,1571,672,73,31,2342,87,31,119,2459,525,186,3176,1455,723,83,35,2293,67,38,103,2396,725,204,3324,804,641,72,12,1534,35,53,93,1629,1194,223,3047,272,359,37,20,687,8,19,23,705,1860,160,2731,55,120,16,6,193,0,3,6,199,1796,180,2176,20,64,3,9,95,0,0,0,95,3632,515,4242,13597,8081,839,388,22901,1000,680,1681,24587,13852,3031,41464,432,1230,86,39,1788,77,165,244,2032,1138,181,3350,1389,1022,89,48,2550,116,97,214,2763,497,202,3463,1921,804,134,60,2909,86,46,135,3049,478,234,3759,1755,852,156,41,2804,53,45,98,2899,447,217,3558,1766,869,112,29,2775,61,41,99
LGA10180,708,370,46,16,1142,63,54,114,1254,385,146,1783,718,330,44,13,1106,45,35,80,1181,315,110,1609,619,296,42,15,976,39,33,74,1050,270,96,1412,757,361,18,20,1153,37,14,52,1208,280,102,1583,842,360,25,19,1244,45,16,63,1310,231,106,1645,934,401,35,19,1389,34,20,47,1439,292,157,1884,811,391,56,13,1269,30,18,54,1324,374,146,1837,515,308,37,13,876,18,22,42,915,543,99,1560,214,186,24,5,438,5,0,5,443,907,102,1448,95,102,0,11,205,0,0,0,210,859,101,1173,55,65,12,4,134,4,0,3,140,1770,242,2154,6969,4346,485,230,12030,466,517,988,13016,8457,1838,23312,208,597,65,19,892,31,100,127,1021,951,372,2335,562,612,64,24,1261,65,82,152,1406,539,378,2325,800,443,55,26,1324,63,38,98,1422,321,217,1960,805,401,72,17,1299,33,21,56,1354,267,168,1786,832,374,44,14,1260,31,24,52
LGA10250,690,398,42,14,1143,56,34,100,1244,269,109,1614,836,497,77,22,1432,55,25,87,1515,326,121,1967,941,562,44,33,1583,46,27,72,1652,302,132,2092,1186,707,52,43,1988,62,34,95,2082,333,158,2574,1323,725,43,29,2121,51,45,99,2216,401,179,2793,1346,759,50,27,2187,85,38,122,2306,463,197,2967,1217,821,85,46,2163,54,53,102,2268,723,220,3209,748,711,66,21,1556,32,39,71,1625,1349,250,3222,255,419,37,18,721,7,8,15,745,2191,209,3141,78,150,15,20,263,0,4,4,266,1921,166,2362,51,81,7,22,162,0,0,8,165,4113,685,4963,9385,7142,594,345,17463,584,499,1084,18547,13640,2670,34861,260,1050,91,30,1425,27,109,139,1567,746,112,2423,717,634,64,35,1444,52,34,82,1528,241,106,1882,825,541,84,33,1492,40,27,63,1554,250,142,1946,959,686,139,31,1816,33,28,64,1873,299,142,2322,1147,757,124,39,2068,22,23,49
LGA10300,63,14,3,0,83,4,0,3,87,13,15,124,33,25,3,3,67,0,3,5,73,18,8,109,58,31,4,3,89,0,5,3,92,20,11,131,67,36,4,3,101,3,0,0,106,22,17,142,69,29,0,4,101,4,0,5,101,18,9,133,78,36,4,3,122,6,6,7,122,16,22,160,91,32,3,5,132,7,0,3,141,36,16,186,62,37,6,0,101,0,0,0,104,57,26,189,17,19,0,0,41,0,0,0,41,72,17,131,6,7,0,0,12,0,0,0,12,51,10,71,0,9,0,0,11,0,0,0,11,126,26,167,612,304,29,36,980,34,19,58,1035,556,213,1801,19,28,0,4,48,0,0,0,49,55,15,117,49,24,0,6,75,5,0,6,83,6,13,102,58,23,8,3,90,0,0,0,88,17,15,118,69,24,3,4,104,3,4,8,110,18,26,152,45,25,4,0,73,3,0,5
LGA10470,1286,472,84,38,1880,78,35,106,1989,544,157,2690,1184,513,91,30,1812,42,35,82,1892,465,123,2481,1117,478,53,24,1680,42,39,83,1762,429,122,2309,1342,536,43,29,1956,62,24,82,2040,388,145,2573,1422,494,64,29,2007,61,33,91,2092,412,167,2675,1322,479,48,26,1885,57,24,82,1965,437,159,2566,1180,503,65,24,1775,29,35,68,1844,586,180,2610,737,431,81,21,1268,35,12,49,1316,904,161,2380,272,242,33,8,553,5,7,12,561,1452,180,2194,76,126,17,3,222,0,4,3,230,1311,131,1666,49,79,10,11,149,5,0,3,154,2372,392,2915,11165,5922,731,350,18166,632,532,1162,19332,11423,2433,33187,341,1008,82,35,1464,59,114,170,1636,1134,131,2898,1091,848,91,51,2084,84,67,158,2240,477,164,2880,1352,553,93,39,2035,53,36,88,2129,501,132,2764,1436,614,140,33,2223,52,29,81,2299,492,137,2919,1391,562,88,22,2060,35,29,68
LGA10500,7532,3222,299,289,11338,450,369,817,12161,2239,1128,15534,8072,2767,461,260,11552,331,219,550,12104,2050,985,15137,6580,2255,329,168,9336,268,128,396,9728,1624,760,12110,5873,2177,188,137,8371,230,138,370,8744,1410,641,10792,5266,1890,137,140,7436,256,131,387,7822,1445,523,9791,4828,1591,145,150,6719,209,108,315,7031,1603,532,9172,3731,1371,143,119,5368,156,124,282,5644,1987,462,8095,2110,1244,113,81,3545,133,101,236,3778,2992,474,7241,817,707,85,42,1651,7,23,33,1686,4413,419,6518,212,256,18,13,504,4,8,10,514,4273,353,5142,77,142,16,15,246,0,4,10,256,9434,1490,11177,48857,23003,2218,1723,75788,2518,2341,4859,80646,41169,8902,130716,290,1485,573,37,2388,78,300,378,2769,4619,391,7773,3246,3679,1207,222,8360,397,492,884,9251,3568,899,13717,7772,3776,1178,328,13055,479,333,816,13868,2995,1301,18164,8305,3558,1313,315,13492,425,253,674,14173,2977,1222,18370,7064,2898,1062,208,11232,298,186,484
LGA10550,495,242,33,13,782,44,19,67,846,207,75,1129,561,326,64,13,966,34,10,47,1012,235,109,1350,583,395,41,20,1039,25,24,49,1084,241,90,1411,756,450,37,18,1265,36,28,63,1324,256,122,1705,955,545,58,23,1579,43,19,62,1642,348,160,2143,1033,638,63,22,1765,46,31,74,1836,460,207,2504,954,794,119,31,1895,53,35,90,1986,856,212,3052,593,606,89,29,1320,38,49,91,1407,1487,214,3107,224,312,32,20,581,0,14,11,594,2132,216,2943,74,126,18,6,228,0,0,0,228,1744,153,2120,42,61,5,14,123,0,0,4,126,3011,402,3543,6960,5301,630,272,13153,430,316,745,13901,11943,2142,27995,230,606,50,26,910,26,51,71,979,644,132,1760,487,388,39,24,938,33,33,59,996,192,95,1284,600,392,65,30,1084,27,23,54,1138,198,92,1430,696,424,84,24,1226,26,20,44,1269,207,128,1605,789,449,58,25,1323,15,13,30
LGA10600,156,103,10,9,279,29,11,43,325,97,29,450,171,157,14,7,345,15,12,24,373,103,27,500,177,164,20,8,371,17,18,32,400,122,39,567,294,227,21,3,540,17,11,26,573,144,44,755,330,250,15,12,610,14,10,27,632,149,65,851,374,257,26,4,670,32,21,52,720,206,51,979,346,324,27,11,712,26,25,49,766,301,77,1143,222,256,32,10,517,14,11,24,543,495,68,1105,93,118,10,0,221,7,3,9,228,684,61,973,33,49,13,4,93,0,5,4,94,587,60,745,22,32,7,12,74,0,0,0,74,1106,109,1288,2385,2204,202,95,4891,223,157,382,5274,4493,706,10466,55,212,14,16,291,16,32,48,335,321,53,708,125,122,8,6,267,14,14,32,298,75,27,400,150,115,11,4,280,25,8,35,310,78,20,412,228,196,25,10,455,13,6,18,474,97,51,631,236,208,20,3,477,7,7,18
LGA10650,174,81,14,9,269,15,3,19,286,57,31,375,156,71,19,9,249,9,5,23,266,68,36,376,164,92,15,5,277,8,0,14,293,66,28,388,218,98,11,3,332,17,7,18,354,58,47,464,223,86,19,3,337,10,4,17,353,52,53,454,195,114,16,9,334,15,0,19,352,90,43,485,232,150,18,6,410,10,5,12,422,137,54,611,190,125,29,6,353,12,8,12,368,265,70,692,83,83,6,9,183,0,0,3,189,531,71,783,32,42,7,4,87,0,0,0,82,440,66,589,20,27,4,5,56,0,0,0,56,861,132,1052,1894,1133,168,88,3282,115,52,163,3448,2863,710,7019,58,140,8,12,217,3,13,12,227,171,40,444,128,57,8,3,200,12,3,9,211,44,27,286,180,46,11,11,256,6,4,16,264,34,48,348,181,95,12,7,297,6,4,10,310,45,28,381,166,109,5,7,292,0,0,4
LGA10750,12262,3882,551,490,17187,892,444,1336,18521,4456,1199,24183,14637,4474,797,480,20391,820,415,1238,21624,5058,1378,28065,14728,4537,533,444,20237,714,403,1116,21353,4548,1246,27149,13364,4109,339,368,18176,617,363,976,19151,3998,1100,24253,11809,3531,289,354,15987,604,291,900,16884,3890,1019,21788,10726,3092,343,278,14435,509,240,745,15181,4116,978,20274,8415,2656,311,189,11581,435,278,709,12288,5016,885,18191,4813,2153,259,146,7361,335,233,571,7936,6773,803,15505,1592,1032,97,55,2783,40,53,96,2870,9351,740,12963,267,355,26,24,673,11,14,28,696,7273,600,8572,68,121,15,25,231,4,7,12,244,11854,1134,13229,102405,41291,4145,3626,151466,6677,5233,11907,163373,83747,13177,260300,1047,4383,1806,157,7389,421,1179,1599,8988,14111,1278,24375,6618,6454,2846,476,16400,986,864,1846,18240,6521,1666,26427,11113,4912,2315,581,18921,819,474,1288,20207,5574,2031,27812,13503,5269,2653,609,22032,765,393,1156,23190,6310,1946,31453,18050,5990,2430,557,27028,851,375,1228
LGA10800,132,47,3,8,192,11,0,10,198,45,27,268,142,76,9,7,234,8,0,7,241,39,40,314,153,59,10,8,230,9,0,9,242,53,28,319,190,71,4,3,271,8,3,12,280,51,28,364,180,60,0,4,242,4,0,4,249,40,38,326,184,80,12,13,278,12,5,13,292,53,38,384,198,89,16,3,303,0,4,4,307,99,61,467,127,75,13,8,218,9,0,11,228,125,40,392,72,39,9,8,125,0,0,0,128,202,36,365,28,22,7,6,54,0,0,0,54,174,35,261,30,28,4,9,74,0,0,0,74,452,123,657,1606,768,87,81,2542,61,28,91,2635,1530,562,4725,64,92,0,3,160,4,4,9,170,102,19,291,135,55,5,5,197,4,0,5,203,31,18,251,154,63,10,3,237,3,0,7,240,41,27,312,143,62,18,3,223,0,0,4,224,23,20,273,160,53,10,7,231,7,0,5
LGA10850,188,67,9,4,266,16,6,14,286,68,21,372,173,58,14,3,249,12,8,14,260,51,18,343,195,85,11,3,298,9,8,18,315,64,27,406,228,109,12,3,352,14,3,14,368,60,36,455,258,101,13,8,382,12,4,23,403,74,38,515,256,121,12,5,393,11,8,11,410,73,41,513,237,98,10,3,355,15,7,17,369,117,33,529,154,86,13,9,255,10,4,15,272,186,31,485,55,51,9,0,117,0,0,0,121,268,33,422,26,47,8,7,85,0,0,0,85,225,24,341,24,25,4,7,62,0,0,0,62,473,61,592,1989,1045,126,63,3225,130,69,199,3425,1901,422,5750,55,156,11,6,232,16,10,21,252,184,26,462,152,65,3,5,225,22,9,30,258,40,21,314,203,46,17,4,281,10,7,12,293,45,12,352,238,84,17,3,343,7,6,8,354,57,30,438,200,83,16,6,306,5,4,13
LGA10900,1566,684,109,39,2400,79,58,136,2538,488,150,3188,1925,851,170,43,2986,67,34,98,3088,560,151,3799,2201,1076,124,32,3433,81,63,139,3583,617,182,4377,2769,1323,102,50,4247,86,79,169,4417,662,232,5307,2936,1343,112,55,4442,77,67,139,4582,705,255,5550,2829,1321,119,47,4319,84,54,142,4457,757,223,5434,2701,1378,160,38,4277,84,69,151,4428,1255,268,5948,1635,1270,117,27,3052,75,68,146,3195,2355,253,5805,545,797,83,18,1435,8,28,43,1481,3664,275,5417,122,307,19,7,459,3,7,11,474,3150,241,3860,51,128,7,7,193,0,9,9,201,5156,383,5743,20997,13148,1249,477,35863,870,914,1782,37645,22277,2914,62836,328,1077,501,24,1924,66,191,256,2184,2344,141,4665,940,1099,434,30,2501,101,89,191,2689,635,95,3421,1339,668,325,34,2369,77,48,124,2493,493,114,3098,1765,956,411,29,3166,73,42,114,3279,595,145,4028,2164,1173,358,43,3742,57,32,84
LGA10950,87,21,8,3,118,4,3,8,122,23,30,177,63,38,3,4,101,0,0,0,106,20,13,136,50,19,3,0,73,12,0,12,86,24,10,116,88,38,0,0,123,9,3,7,138,23,19,178,103,37,0,3,146,7,0,8,152,15,16,181,123,33,3,4,150,3,0,4,154,26,26,216,75,26,0,3,104,0,0,0,107,33,16,158,47,28,0,0,68,0,0,0,75,37,12,122,28,15,5,0,51,0,0,0,52,74,10,140,13,13,0,3,31,0,0,0,31,95,13,143,21,13,0,4,41,0,0,0,41,183,24,247,798,324,27,29,1172,41,19,61,1235,670,236,2137,41,29,0,0,73,5,0,9,82,56,8,147,75,23,0,3,98,7,0,7,106,23,17,140,88,22,6,0,123,6,0,4,128,16,8,150,87,33,12,3,132,4,0,4,133,19,11,169,64,22,7,0,88,3,0,5
LGA11150,85,20,4,0,115,0,0,5,121,29,37,190,91,18,5,4,117,4,3,5,126,32,27,184,66,24,0,0,90,5,0,0,99,18,27,139,65,17,0,0,91,10,4,8,97,27,28,149,88,23,5,5,121,6,3,7,123,37,47,212,84,26,0,0,113,0,0,4,117,35,39,193,72,22,0,0,102,5,4,9,108,24,42,172,51,14,6,0,68,0,4,10,73,40,30,141,24,21,6,0,50,0,0,0,52,51,24,124,10,12,0,0,24,0,0,0,24,52,15,89,11,0,0,3,15,0,0,0,15,94,37,150,720,231,27,24,998,44,28,75,1073,546,398,2014,28,15,0,0,38,0,0,0,42,54,31,134,56,16,0,4,77,0,3,3,79,31,23,134,60,28,5,7,96,0,0,3,102,22,27,150,80,14,8,4,103,3,0,3,111,33,29,168,73,20,4,0,99,7,0,7
LGA11200,38,17,6,8,66,9,9,17,84,50,17,145,28,5,0,0,35,0,4,10,45,27,9,80,31,9,0,4,47,0,0,8,48,24,8,75,28,8,0,3,41,5,4,10,50,24,4,79,42,20,0,0,62,5,9,15,76,41,13,135,57,7,4,0,66,5,0,4,72,52,19,139,47,9,0,0,61,0,3,3,65,47,12,124,29,4,0,0,38,0,0,3,40,45,7,94,9,7,5,4,23,0,0,0,26,38,8,63,4,5,0,0,8,0,0,0,8,37,0,46,0,3,0,0,3,0,0,0,3,59,3,70,346,109,19,21,498,41,50,96,597,571,104,1268,3,0,0,0,10,4,0,3,10,59,9,80,24,8,0,0,31,0,0,8,37,19,23,76,26,13,4,0,39,3,3,6,48,23,24,90,53,11,0,3,69,0,0,0,71,27,20,118,29,13,0,0,44,0,0,5
LGA11250,504,191,43,12,755,59,28,85,837,191,84,1116,425,187,30,10,655,46,23,61,720,196,80,998,388,174,22,6,588,39,15,52,642,171,59,873,435,195,22,19,671,45,14,62,734,184,68,992,502,208,23,17,744,59,10,76,821,216,81,1115,548,201,36,13,802,35,14,56,856,295,80,1236,534,252,48,16,851,38,9,51,901,407,91,1406,321,157,31,20,533,20,15,30,565,600,93,1260,89,100,14,3,206,4,6,6,216,850,85,1148,25,38,0,4,68,0,0,0,72,738,88,902,11,15,3,9,46,0,0,5,49,1575,196,1816,4230,2175,327,167,6903,453,216,668,7569,6075,1116,14763,138,303,24,14,480,28,28,59,535,336,101,971,373,191,24,22,607,27,18,49,659,159,85,896,528,174,59,15,777,27,13,37,814,194,83,1093,489,238,53,16,796,26,7,32,829,160,95,1087,447,185,32,17,688,22,14,38
LGA11300,1935,1019,56,91,3108,152,163,312,3420,949,251,4618,1610,643,79,59,2398,86,45,134,2527,520,193,3239,1191,445,54,35,1725,64,31,95,1821,352,125,2296,1051,470,22,35,1579,45,25,72,1649,328,109,2084,1084,413,31,48,1569,43,42,79,1655,371,85,2108,1097,389,25,36,1551,65,35,90,1648,469,113,2229,865,361,31,28,1283,35,19,56,1344,549,97,1987,458,280,15,21,778,17,24,40,822,735,84,1629,174,185,13,6,380,3,4,10,393,957,58,1403,57,61,0,4,122,0,0,0,121,879,78,1082,19,51,5,4,80,0,5,3,77,2498,195,2770,10301,6006,409,461,17174,627,780,1414,18588,11712,1710,32003,46,313,149,7,511,9,62,68,586,1192,53,1829,833,1559,386,98,2877,136,274,420,3291,1392,324,5006,1800,1078,295,99,3274,139,107,247,3522,1037,325,4885,1544,759,304,73,2677,91,64,158,2829,827,256,3917,1143,550,210,48,1952,83,49,127
LGA11350,519,498,39,28,1077,63,33,95,1172,219,255,1648,607,535,42,24,1203,38,22,60,1260,271,214,1745,629,625,64,31,1352,42,43,86,1441,311,252,2000,804,783,52,36,1675,47,46,96,1772,344,274,2384,878,731,52,28,1687,67,32,101,1789,318,272,2385,845,698,51,32,1638,56,41,92,1730,424,339,2496,742,779,62,25,1609,70,42,115,1720,696,332,2745,448,683,65,26,1222,46,34,78,1302,1089,346,2739,157,325,29,7,513,5,9,10,525,1317,259,2103,41,112,8,8,167,4,4,6,173,941,157,1270,38,49,3,14,98,3,0,3,102,1554,298,1954,6119,6603,519,319,13559,529,422,946,14503,8436,3327,26267,83,606,80,32,806,28,68,97,901,641,151,1695,314,569,74,21,978,47,49,94,1072,224,186,1483,603,723,93,51,1469,58,46,106,1577,294,251,2127,854,949,129,60,1993,54,34,85,2086,353,313,2745,893,813,113,50,1873,55,42,90
LGA11400,248,102,18,3,376,18,5,25,403,104,40,541,314,158,24,8,504,4,11,17,520,92,40,650,340,157,25,15,535,22,3,19,553,73,46,679,463,211,18,7,703,11,11,25,723,98,59,877,514,172,19,14,714,13,7,25,740,94,66,899,501,224,22,16,759,17,16,28,796,127,72,989,461,181,37,4,682,14,13,30,712,197,51,966,278,168,19,7,475,4,7,16,489,281,56,824,154,110,19,14,296,0,0,0,296,542,65,899,79,62,7,8,150,0,0,0,151,461,45,657,61,48,0,16,124,0,0,0,125,875,95,1094,3785,1872,240,133,6028,154,109,263,6300,3475,728,10501,142,231,22,9,398,3,23,33,425,391,55,876,294,139,20,12,461,17,4,19,485,91,56,628,271,92,33,6,403,9,4,16,417,67,31,509,281,158,33,13,479,4,10,15,495,82,49,627,416,188,25,3,632,5,4,10
LGA11450,3508,829,223,81,4644,117,61,172,4817,610,268,5695,3590,1098,320,74,5081,85,46,127,5208,711,289,6209,3367,1174,165,91,4799,82,54,135,4933,660,254,5847,3735,1208,113,83,5139,76,64,145,5284,604,227,6108,3216,1011,86,63,4383,74,52,123,4511,516,212,5238,2729,836,108,55,3728,75,36,113,3841,553,205,4597,2010,729,97,39,2875,68,33,103,2974,824,158,3962,1155,609,86,40,1892,38,34,69,1960,1313,143,3413,409,322,46,25,804,4,6,9,812,2005,151,2968,73,122,4,8,209,0,0,3,209,1664,140,2009,37,56,13,8,106,3,0,3,102,2792,370,3267,26919,10923,1431,740,40017,886,839,1729,41745,14961,2819,59521,664,1917,795,61,3437,113,319,427,3866,3412,222,7498,2516,1781,827,100,5218,168,128,300,5521,1200,269,6987,4411,1533,860,155,6956,176,62,237,7193,1170,324,8690,5091,2255,1084,200,8630,153,80,233,8865,1515,382,10766,5297,2179,821,145,8438,156,69,227
LGA11500,5581,1769,260,212,7825,445,250,699,8524,2063,632,11212,5968,1940,335,191,8432,370,227,601,9034,2388,673,12095,5348,1814,245,145,7553,355,208,562,8118,2165,613,10889,5220,1820,128,132,7304,295,179,473,7781,1906,521,10205,4868,1609,135,149,6763,257,147,401,7166,1858,511,9531,5122,1671,161,139,7093,289,126,416,7504,2029,494,10033,4541,1581,162,91,6383,192,124,319,6699,2651,481,9829,2757,1262,180,77,4282,149,81,234,4513,3731,474,8718,856,636,79,35,1608,23,30,50,1662,5212,470,7344,133,222,16,18,392,0,15,21,404,3945,382,4733,34,100,5,8,143,0,8,8,153,5409,882,6446,45763,19502,1982,1580,68838,3452,2421,5872,74709,41102,7335,123145,541,1847,799,75,3263,230,432,664,3927,6347,657,10930,2833,2387,1355,204,6783,495,339,831,7614,2989,674,11285,4669,2058,1185,203,8116,431,174,605,8727,2676,741,12147,5234,2333,1261,234,9071,360,193,553,9622,2969,873,13457,5986,2506,1143,228,9861,341,196,531
LGA11520,4412,1242,167,116,5936,255,182,442,6378,1225,581,8183,5166,1154,274,98,6691,163,74,241,6933,1015,552,8499,4058,1118,211,90,5473,121,71,188,5659,847,432,6941,3801,1216,125,58,5191,119,68,189,5376,692,339,6404,3378,1096,66,53,4596,110,59,168,4763,708,324,5802,3020,1035,81,59,4194,110,61,173,4364,792,275,5434,2364,964,107,51,3491,88,70,162,3647,1060,275,4986,1382,851,64,32,2318,51,50,106,2424,1625,230,4280,560,643,51,28,1275,8,25,38,1311,2404,225,3942,160,276,19,11,466,0,9,15,478,2260,189,2931,76,141,10,15,232,0,6,4,239,5390,411,6045,30257,12401,1316,724,44696,1246,1130,2374,47072,22261,4394,73726,143,829,367,21,1360,24,136,153,1512,2476,120,4102,1540,1515,567,74,3700,116,163,279,3980,1111,304,5395,3624,1204,440,112,5372,165,101,273,5644,863,377,6877,4320,1397,560,116,6388,163,72,236,6623,976,403,8006,4088,1288,486,90,5957,127,55,185
LGA11570,11459,4922,438,568,17382,952,545,1495,18881,5945,1653,26482,11825,4401,660,551,17430,839,468,1307,18745,6187,1622,26550,10681,4523,474,441,16123,661,397,1060,17176,5435,1368,23990,10517,4395,306,367,15582,602,459,1061,16639,4909,1305,22847,10075,4079,232,380,14774,656,386,1038,15810,4938,1264,22013,9513,3879,269,390,14052,567,387,954,15005,5521,1252,21774,7615,3345,328,266,11552,529,388,915,12473,6565,1072,20105,4244,2447,236,157,7097,301,318,620,7714,8128,979,16820,1407,1225,97,52,2782,44,58,100,2884,10338,868,14084,348,464,39,24,880,8,27,32,912,9183,719,10810,98,207,26,30,362,4,15,24,383,21097,1863,23340,85560,44826,3666,4087,138140,6585,5828,12416,150556,108175,16432,275165,585,2823,1619,122,5150,260,781,1042,6190,15110,1360,22662,4874,5229,2968,457,13528,825,842,1669,15196,8082,1848,25124,8868,4541,2489,606,16508,873,495,1365,17879,7479,2298,27651,8919,4240,2568,518,16242,783,335,1123,17363,8202,2228,27793,8952,4296,2381,447,16077,690,310,1000
LGA11600,85,42,6,5,142,5,0,8,147,18,19,189,75,32,15,7,125,7,4,8,127,27,17,177,65,33,5,3,99,3,3,3,104,19,13,139,99,46,7,5,155,0,0,0,154,16,19,190,120,30,6,3,156,3,4,4,161,24,12,202,103,38,8,3,153,4,0,4,157,21,14,194,100,41,5,0,148,0,0,9,153,41,18,215,75,24,0,3,106,0,0,0,106,53,15,167,37,14,0,3,55,0,0,0,54,50,8,111,10,10,0,0,23,0,0,0,23,68,8,92,12,11,0,4,28,0,0,0,28,142,26,196,882,387,61,54,1384,23,15,40,1428,564,188,2184,37,24,3,3,64,0,0,0,62,65,10,141,81,24,0,3,106,3,3,10,117,21,20,160,140,33,9,4,182,0,0,5,185,27,26,238,122,40,9,4,180,4,0,7,184,21,31,236,97,29,4,0,132,5,5,14
LGA11650,8598,3311,534,239,12690,648,300,946,13637,2665,898,17196,8666,3919,710,227,13523,487,289,778,14300,2902,875,18078,8818,4253,549,253,13876,446,295,741,14614,2988,905,18508,10423,4828,394,249,15897,494,329,821,16719,3117,1031,20868,10894,4938,393,260,16480,534,262,803,17283,3328,1128,21737,10511,4834,504,231,16083,567,273,843,16927,3883,1079,21895,8982,4801,556,189,14537,466,287,749,15286,5584,1171,22044,4988,3767,455,155,9370,336,252,585,9958,9283,1083,20321,1556,2061,180,76,3873,39,91,125,4000,14817,1215,20034,388,880,58,41,1374,12,25,38,1411,13978,1170,16557,141,341,22,62,568,10,19,31,603,27537,3834,31967,82787,49220,5076,2514,139595,5823,4275,10101,149698,101393,16220,267309,1760,5922,1967,173,9822,416,1016,1433,11252,8128,896,20276,5649,5277,2020,253,13198,661,394,1056,14255,3340,899,18486,7960,3947,1571,301,13779,517,236,755,14533,2970,1048,18552,8243,4427,1843,303,14818,389,168,553,15373,3159,1039,19570,9243,5084,1569,254,16157,327,211,536
LGA11700,42,5,3,3,49,4,0,6,48,48,22,117,30,9,4,3,49,6,0,9,50,53,28,133,33,7,0,0,50,7,0,7,59,32,15,104,41,10,0,0,48,4,0,4,52,32,13,101,42,9,4,0,60,3,4,10,63,38,17,119,49,11,0,3,67,7,0,8,70,28,21,124,62,8,0,0,74,4,0,4,74,42,17,132,59,9,0,0,74,4,0,6,81,35,14,130,24,10,0,0,30,0,0,0,33,65,13,108,10,3,0,0,16,0,0,0,15,49,16,84,5,4,0,0,13,0,0,0,13,70,18,92,426,103,14,20,562,53,13,67,633,612,235,1482,11,6,0,0,18,6,0,8,27,52,21,107,20,4,0,3,34,0,5,6,38,35,33,106,42,6,3,0,59,4,4,8,61,29,24,118,40,4,0,0,42,0,0,0,44,31,19,99,28,12,0,0,36,0,0,0
LGA11720,1442,641,120,45,2253,158,79,239,2487,787,242,3516,1515,734,115,46,2418,133,63,192,2614,760,260,3633,1420,670,95,41,2225,138,44,182,2407,720,177,3302,1565,761,83,39,2447,122,50,164,2615,730,218,3567,1644,740,61,50,2493,126,37,162,2657,727,229,3612,1370,689,84,37,2184,87,31,122,2306,845,223,3374,1277,665,87,34,2064,93,45,142,2209,1274,249,3731,670,544,58,27,1300,63,31,90,1386,1822,237,3445,213,269,30,11,517,5,10,16,535,2414,258,3207,55,82,4,4,149,0,6,6,159,1942,216,2316,28,45,3,13,96,0,0,0,98,3071,417,3593,12737,7573,886,427,21627,1377,683,2058,23685,17373,3129,44187,504,1060,199,35,1794,118,197,316,2113,1451,174,3736,1469,911,222,53,2649,154,88,244,2889,747,210,3846,2029,934,248,65,3280,132,67,196,3476,903,234,4612,1949,952,261,62,3225,84,60,144,3366,918,209,4492,1879,939,212,53,3085,64,44,109
LGA11730,745,408,66,25,1234,110,49,165,1399,553,136,2089,738,429,55,24,1258,95,57,149,1404,520,142,2062,898,566,50,25,1536,92,44,134,1668,484,158,2306,1166,620,47,38,1882,92,48,143,2026,596,218,2836,1202,718,81,43,2035,87,31,119,2158,679,207,3048,1347,814,77,34,2276,113,48,159,2436,991,231,3654,1271,896,105,33,2309,102,70,164,2473,1364,309,4146,734,733,93,25,1593,68,61,134,1727,2197,280,4201,263,342,34,22,666,3,10,19,686,3157,314,4149,91,150,16,14,265,3,0,5,274,2716,255,3244,65,94,9,28,195,0,0,0,197,4860,545,5607,9431,6992,739,396,17563,1089,649,1740,19304,19914,3150,42364,289,888,81,37,1303,74,119,196,1497,1039,192,2731,813,571,44,51,1480,107,51,160,1643,551,181,2369,901,494,89,41,1527,85,41,128,1655,621,178,2450,975,640,98,43,1762,74,44,120,1882,683,194,2753,1033,589,87,31,1742,56,30,85
LGA11750,193,45,5,5,256,4,0,7,264,48,33,337,158,58,15,5,234,11,0,11,246,67,43,357,137,45,19,7,203,6,4,11,213,41,36,296,153,39,11,7,205,3,4,13,215,35,30,285,120,42,8,3,174,3,0,3,178,31,30,241,170,47,12,0,235,12,3,11,238,56,48,339,160,35,15,8,217,9,9,16,232,54,40,322,91,32,8,3,138,8,4,12,149,80,33,258,39,16,4,3,64,0,3,3,66,114,25,204,12,6,0,3,23,0,0,0,23,107,11,138,13,8,0,3,19,0,0,0,19,221,32,279,1411,452,104,53,2014,79,40,112,2126,1001,427,3554,41,42,3,9,94,6,8,16,105,80,46,231,104,24,14,3,145,6,3,13,158,33,36,228,136,38,14,3,192,4,0,6,197,35,46,282,158,49,21,7,224,9,3,5,237,34,47,312,133,49,12,9,196,4,4,8
LGA11800,1620,815,106,59,2604,148,81,224,2833,654,276,3760,1648,955,128,43,2775,122,67,183,2960,679,261,3893,1653,964,89,39,2753,118,83,198,2948,613,228,3792,2065,1136,74,47,3321,120,70,188,3509,643,278,4428,2211,1147,70,48,3474,112,77,194,3667,738,297,4697,2054,1214,113,65,3448,115,75,194,3634,953,342,4934,1870,1266,131,40,3304,122,63,186,3487,1499,406,5387,1166,1040,105,32,2347,84,77,158,2502,2472,327,5299,359,493,52,21,924,4,22,27,957,3620,345,4920,74,173,20,4,275,0,6,6,284,3038,270,3595,27,69,5,21,124,0,0,0,124,5644,1095,6862,16312,11726,1050,532,29621,1371,971,2343,31965,23001,4620,59593,435,1715,149,48,2347,101,232,335,2680,1578,245,4505,1264,1101,111,75,2547,144,85,225,2778,603,222,3601,1750,1094,161,82,3091,103,72,182,3269,654,320,4251,1905,1165,196,75,3343,106,71,180,3518,685,333,4534,2103,1314,146,69,3629,87,54,148
LGA12000,71,42,6,0,116,9,0,9,131,36,21,181,76,35,13,3,128,0,7,0,127,21,16,171,100,47,3,0,155,9,6,13,159,28,31,219,114,45,3,7,170,3,0,3,180,41,20,239,149,55,6,5,211,10,0,12,222,54,22,297,141,68,10,4,223,9,0,9,234,39,28,298,125,53,9,3,194,8,7,10,202,66,23,300,85,44,4,0,133,9,0,10,143,90,29,259,40,31,0,0,72,0,0,0,72,187,41,294,25,19,3,0,47,0,0,0,51,168,35,255,17,14,6,10,39,0,0,0,39,331,92,460,1071,541,69,48,1726,64,36,103,1826,1226,379,3428,61,67,8,8,137,4,12,12,155,123,15,293,89,43,0,3,139,6,0,7,149,25,6,179,119,38,13,4,169,0,0,4,178,24,14,216,109,52,8,8,172,0,0,0,179,34,17,222,106,48,7,9,164,8,3,7
LGA12150,75,37,0,0,114,19,4,22,137,45,44,226,97,26,10,0,144,8,3,14,158,27,25,211,48,37,3,10,97,8,4,7,107,33,29,169,81,34,4,9,132,8,0,4,135,38,37,208,116,44,5,6,169,7,5,15,184,51,51,290,119,29,7,4,161,10,0,10,172,74,34,279,104,47,13,4,168,8,0,8,171,68,46,287,90,32,4,3,134,4,0,9,140,83,38,259,39,29,0,4,71,0,0,0,71,133,55,261,26,10,0,4,41,0,0,0,41,102,34,175,14,13,0,0,31,0,0,0,32,241,71,347,902,391,66,64,1421,104,41,140,1563,1039,519,3122,19,31,4,4,62,10,4,11,73,102,36,207,52,28,6,4,88,11,0,14,103,57,30,184,108,37,7,3,164,3,6,14,175,51,26,256,67,43,0,3,119,9,8,17,132,39,38,207,100,38,9,7,152,0,0,7
LGA12160,207,70,8,9,303,15,4,22,321,82,32,439,232,110,12,10,371,15,5,26,395,103,27,535,232,141,17,13,398,17,10,24,420,86,34,539,269,159,19,5,452,20,4,20,471,104,53,629,324,138,13,7,482,15,8,21,500,101,40,643,347,168,17,9,538,18,7,30,574,121,47,739,319,164,14,10,504,14,3,21,527,237,58,816,220,137,22,12,380,11,9,18,399,364,56,822,82,74,11,5,171,0,5,5,177,608,57,845,36,45,9,7,94,0,0,0,94,523,53,672,32,39,6,6,76,0,0,5,81,1126,153,1361,2621,1487,157,116,4376,171,80,252,4632,3817,673,9128,87,145,20,9,262,12,14,21,284,305,48,636,214,100,13,10,339,16,8,26,374,80,40,490,223,104,25,14,364,13,10,20,383,77,52,502,236,99,24,12,368,10,4,12,380,76,40,496,257,124,13,10,408,14,4,21
LGA12350,215,116,23,6,361,23,6,27,393,90,50,534,226,112,14,7,361,18,8,31,390,109,42,542,261,112,12,7,396,21,4,25,423,109,56,581,306,146,13,10,474,23,5,32,505,132,43,680,357,170,10,10,547,22,13,33,580,177,56,811,351,174,22,11,558,22,13,33,595,189,67,846,318,146,23,6,488,16,9,23,514,290,73,875,278,164,22,9,473,14,8,28,496,361,72,933,113,100,6,6,222,0,4,4,235,670,59,966,53,46,7,8,104,0,0,0,104,539,60,709,35,36,3,10,83,0,0,3,86,1191,150,1424,2878,1645,174,111,4810,213,122,338,5148,4295,854,10299,104,199,14,15,341,14,23,35,371,290,63,719,271,137,27,3,430,19,20,40,476,100,75,647,319,136,27,9,494,25,14,40,529,99,54,675,237,147,32,9,419,22,12,33,456,85,68,613,275,142,17,5,439,15,6,21
LGA12380,8388,4012,260,502,13165,986,559,1542,14709,5334,1337,21381,9017,3504,410,408,13340,829,400,1231,14568,4968,1246,20780,7716,2787,273,335,11111,575,270,842,11955,3987,991,16935,6237,2242,152,228,8859,432,276,714,9570,3220,729,13520,5538,2046,116,246,7941,390,258,643,8589,3208,718,12518,5186,1900,139,215,7451,372,201,575,8025,3476,692,12193,4143,1692,154,170,6160,298,192,489,6655,3931,660,11243,2352,1271,111,105,3838,192,140,334,4170,4628,540,9337,797,580,53,40,1471,17,29,49,1517,5776,483,7776,144,218,19,21,403,4,11,12,415,4849,366,5625,32,83,14,26,149,7,6,7,161,9483,1068,10713,54615,27326,2035,2863,86839,5188,3916,9103,95939,65341,10429,171711,343,1667,629,80,2714,163,477,638,3353,8418,882,12646,3314,4768,1456,450,9990,643,768,1410,11398,5677,1578,18657,6581,4153,1478,568,12780,833,441,1282,14055,5887,2070,22015,6865,3232,1573,505,12176,717,337,1053,13233,6470,1919,21619,7407,2894,1257,345,11906,609,225,833
LGA12390,1746,487,95,51,2381,116,53,165,2545,604,256,3410,1536,633,135,37,2337,92,43,134,2469,569,254,3293,1437,581,61,29,2110,91,37,131,2237,428,197,2866,1602,518,51,35,2202,77,28,105,2314,472,238,3022,1733,550,35,39,2354,83,28,108,2466,445,233,3141,1697,542,64,46,2350,60,24,85,2432,532,244,3211,1569,575,74,29,2253,54,39,97,2344,725,247,3321,918,479,77,24,1500,32,31,67,1564,1052,243,2864,394,300,32,23,747,4,3,14,757,1596,222,2574,125,159,14,13,306,3,4,4,307,1504,192,2006,80,113,12,22,229,0,3,3,232,3086,430,3745,14560,6379,763,440,22139,881,498,1380,23528,12996,3179,39701,467,1058,85,41,1643,76,102,175,1818,1035,297,3148,1394,582,73,60,2105,82,57,140,2244,544,300,3086,2149,775,157,81,3159,81,37,118,3279,600,393,4267,1986,772,173,78,3007,51,26,82,3088,601,363,4054,1799,723,110,55,2686,45,24,69
LGA12700,185,62,11,5,266,16,7,22,284,53,26,363,201,110,25,5,340,9,7,20,353,66,32,450,225,113,11,10,360,9,5,11,372,77,30,481,246,128,4,11,397,8,11,19,415,75,37,521,285,164,18,11,477,16,7,18,498,79,43,624,306,163,26,12,502,22,3,24,529,132,46,703,295,156,19,5,474,15,9,20,499,203,45,740,166,147,15,8,334,3,7,12,345,307,52,709,78,78,10,0,159,0,4,0,162,420,41,621,30,33,5,0,67,0,0,0,71,336,23,430,23,35,0,8,66,0,0,0,64,563,113,745,2254,1398,153,83,3888,146,81,220,4111,2644,560,7315,83,139,24,7,254,15,16,34,285,208,31,525,176,104,12,3,304,15,9,22,318,55,10,394,188,74,23,5,287,7,9,16,307,64,20,394,241,112,20,8,383,7,4,14,391,56,18,473,285,134,32,7,462,8,5,6
LGA12730,197,113,12,6,322,10,10,22,348,81,39,460,190,103,17,5,315,12,8,20,327,47,30,405,197,97,12,5,315,13,8,19,331,60,36,423,282,121,13,11,428,12,5,17,443,61,42,554,259,108,4,7,387,4,4,8,389,88,59,533,282,133,15,8,435,15,5,18,452,76,55,576,287,127,25,3,442,10,6,18,457,156,80,693,201,104,28,4,344,7,8,13,358,238,68,666,77,80,13,3,170,0,4,4,174,332,64,577,34,31,3,3,70,0,0,0,70,311,55,435,28,18,4,3,52,0,0,0,52,776,133,964,2303,1270,159,77,3807,115,82,199,4010,2523,742,7272,63,172,11,9,245,14,19,28,272,161,42,480,180,66,10,13,269,9,10,21,292,67,50,398,228,76,21,5,336,3,3,10,347,49,61,459,181,95,13,9,302,4,4,6,311,56,44,406,205,88,19,5,322,6,4,14
LGA12750,472,314,30,20,837,75,20,92,931,209,99,1236,528,348,42,21,939,57,32,90,1027,256,94,1380,537,425,39,16,1014,46,22,61,1082,289,113,1487,782,509,36,27,1351,45,22,65,1416,351,154,1921,886,547,42,23,1498,53,22,77,1576,406,156,2137,937,664,57,35,1689,64,44,103,1795,543,190,2528,912,749,97,33,1785,62,38,103,1885,1070,221,3176,571,696,87,20,1368,55,46,99,1468,1880,249,3603,204,313,44,9,571,7,14,22,593,2868,279,3739,44,120,10,10,188,0,6,3,189,2413,263,2866,29,52,10,13,108,3,0,4,113,3992,662,4767,6482,5664,560,273,12972,608,378,986,13959,15257,2696,31914,222,640,73,40,973,31,60,92,1060,671,164,1898,468,383,40,23,909,43,39,75,992,226,128,1342,654,367,56,35,1110,34,31,60,1173,251,127,1550,670,423,72,38,1201,33,17,53,1254,237,125,1617,762,436,72,35,1307,26,17,41
LGA12850,6475,2090,202,330,9101,558,294,852,9948,3355,746,14044,5432,1953,262,258,7908,465,226,690,8602,3777,661,13037,4753,1919,140,205,7025,430,254,690,7708,3702,585,11999,4989,2169,139,236,7530,376,337,714,8245,3917,610,12776,5141,2272,119,234,7759,442,343,792,8553,4283,703,13539,5182,2131,134,254,7704,402,314,719,8426,4547,620,13593,4416,1848,138,191,6597,394,327,725,7314,5552,649,13518,2624,1308,122,103,4157,238,232,470,4623,6278,519,11424,846,534,56,48,1483,23,43,65,1545,7078,450,9079,165,178,14,11,371,8,5,7,383,5476,322,6178,43,64,11,22,148,0,6,6,149,11253,786,12189,45227,22633,1643,2403,71895,4427,4007,8427,80328,72659,7893,160880,331,1502,762,88,2687,179,523,705,3388,10244,801,14439,2945,2766,1545,259,7513,556,463,1020,8541,5334,812,14686,4870,1881,1177,254,8175,474,213,682,8860,4391,939,14190,3822,1618,1066,213,6720,353,176,528,7249,4704,897,12855,3433,1699,1001,195,6325,336,147,482
LGA12870,244,98,18,5,368,13,3,18,389,79,22,492,228,121,22,4,375,7,5,16,388,73,35,496,269,142,7,11,435,18,4,17,451,76,42,564,335,130,18,11,497,10,7,21,514,76,44,637,348,158,15,11,538,12,12,26,558,99,60,712,418,164,29,8,623,21,10,22,649,120,60,825,375,184,48,11,623,15,9,29,647,227,69,939,235,164,35,14,443,16,5,21,474,401,67,940,90,101,12,13,213,5,3,10,219,744,100,1063,51,36,11,0,107,4,0,7,107,629,70,810,17,30,3,3,62,0,0,0,62,1210,239,1512,2937,1650,262,121,4968,162,94,255,5228,4048,907,10184,114,246,24,10,392,13,16,26,416,202,32,659,269,125,23,5,415,13,9,22,442,48,48,534,287,101,31,15,434,16,6,28,463,58,56,570,252,144,31,8,427,7,5,10,441,79,47,561,262,143,30,5,434,5,6,17
LGA12900,247,88,26,8,373,18,3,20,398,77,38,509,226,98,23,10,356,7,7,21,374,74,41,486,230,108,9,10,359,15,6,19,374,72,35,478,258,100,13,11,378,17,0,15,396,68,42,501,283,116,10,9,417,17,6,20,433,85,52,576,317,110,14,11,452,16,7,22,477,120,65,662,278,107,14,10,402,13,8,24,423,134,50,605,204,103,13,9,324,5,11,17,337,223,47,614,87,56,4,8,150,0,4,4,152,409,63,628,30,43,0,7,79,0,3,3,81,360,57,495,40,25,8,14,84,0,0,0,84,762,119,963,2495,1180,158,117,3940,156,74,229,4166,2764,706,7634,99,159,9,14,284,4,18,20,303,193,39,539,245,98,12,12,358,3,9,19,369,62,47,482,273,91,17,9,384,6,4,14,403,59,42,501,256,102,17,10,384,3,9,15,392,61,50,502,274,102,17,4,388,9,4,17
LGA12930,6097,2649,203,240,9187,453,331,783,9973,2254,608,12838,6150,2145,346,207,8841,288,176,466,9314,1743,561,11617,5273,1926,253,139,7597,194,147,338,7931,1413,413,9755,5095,1999,173,126,7387,206,142,352,7741,1396,357,9497,5163,1998,130,137,7426,208,151,365,7793,1353,374,9516,5132,1904,139,141,7312,226,158,386,7698,1681,385,9750,3987,1745,149,101,5975,182,154,338,6308,2338,355,9006,2108,1408,119,63,3696,142,135,275,3968,3404,310,7684,793,806,79,41,1721,24,28,47,1772,4526,298,6594,171,353,26,16,570,6,10,12,576,4175,239,4997,69,173,18,14,272,6,0,3,279,9884,785,10954,43277,22931,1906,1478,69589,2370,2480,4850,74440,42448,5434,122316,214,1378,751,41,2380,58,283,344,2719,5027,269,8009,2653,3370,1308,196,7525,278,402,683,8209,2830,551,11587,5095,2680,966,222,8965,368,236,603,9569,2016,658,12247,4955,2186,1098,213,8451,294,117,402,8856,1947,617,11421,4910,2140,973,160,8182,219,105,322
LGA12950,106,41,5,7,154,8,0,9,166,35,18,218,74,37,10,6,126,8,0,10,135,41,11,189,88,48,0,3,143,8,0,9,146,44,15,199,106,48,4,0,164,10,6,9,172,38,13,223,143,43,4,4,191,7,0,7,197,34,21,255,135,64,6,0,211,13,4,14,224,52,18,295,132,67,4,6,216,10,9,13,227,57,19,312,106,55,9,0,170,0,10,7,185,89,25,298,52,30,7,3,89,0,4,4,94,162,25,276,33,17,0,4,52,0,0,0,52,160,18,237,30,19,3,0,58,0,0,0,58,364,70,488,1107,553,70,50,1781,62,45,111,1894,1255,294,3443,28,50,4,5,85,4,11,17,105,85,26,219,61,26,0,3,88,7,7,11,104,39,24,160,95,29,9,5,145,7,5,14,154,31,27,213,116,40,11,3,170,0,4,7,172,26,34,231,95,55,7,0,165,7,0,7
LGA13010,131,75,12,3,218,21,3,28,240,109,33,382,149,90,5,3,244,10,12,21,266,128,42,431,170,84,14,11,278,17,0,21,298,96,43,432,198,96,6,5,306,24,6,33,332,123,43,490,210,121,15,10,353,10,5,14,362,114,36,513,235,111,14,4,364,17,4,26,394,136,36,561,249,146,17,0,417,23,9,33,447,222,54,721,137,116,16,8,275,11,14,22,294,307,52,652,86,61,12,11,175,0,0,0,173,452,73,703,50,43,3,8,102,0,0,0,104,421,69,593,34,33,7,8,79,4,0,7,86,750,152,988,1841,1162,133,82,3226,194,93,286,3511,3134,685,7325,46,166,15,8,235,11,11,24,255,184,53,493,130,79,4,7,219,17,9,29,243,69,45,355,186,73,17,7,285,18,6,27,308,91,54,457,138,80,15,4,226,17,5,21,250,97,47,400,158,75,14,5,251,10,9,18
LGA13310,797,319,67,18,1202,63,40,100,1305,358,106,1767,786,369,69,23,1248,46,28,75,1326,365,107,1793,796,324,35,33,1179,45,22,70,1248,330,84,1659,920,358,38,25,1343,47,26,72,1409,340,109,1857,969,379,46,16,1414,63,19,79,1490,360,132,1984,1003,433,41,24,1493,43,27,72,1565,378,118,2056,871,375,72,17,1337,36,24,65,1397,514,117,2024,513,358,32,12,919,33,18,47,965,842,112,1922,187,194,24,8,411,3,8,9,422,1241,147,1811,59,99,7,6,169,0,0,4,176,1131,130,1436,34,50,8,11,95,4,0,3,104,1940,451,2498,7859,4123,496,243,12724,529,326,851,13572,8853,1819,24236,279,572,53,23,925,41,59,105,1023,626,129,1775,764,368,54,32,1217,55,35,87,1302,291,104,1698,955,363,82,39,1444,44,26,71,1515,352,138,2008,991,446,88,34,1555,30,16,51,1611,353,130,2093,993,402,55,29,1478,25,21,45
LGA13340,162,71,13,3,250,10,5,18,269,70,32,369,248,118,25,4,388,6,9,18,413,80,31,522,219,140,11,7,372,9,0,11,384,79,30,488,302,141,14,3,457,12,14,23,479,86,31,593,339,171,8,11,528,14,3,21,543,78,35,666,395,188,28,5,616,12,10,25,639,86,34,758,351,179,38,12,575,19,4,23,600,163,62,826,240,150,14,18,426,13,5,18,439,269,47,751,126,82,13,5,225,0,0,4,228,431,55,715,55,48,9,8,121,0,0,0,121,368,38,530,37,32,9,15,94,0,0,3,93,601,119,820,2731,1567,200,106,4610,127,95,221,4834,2697,589,8117,108,201,12,11,326,7,21,29,359,374,60,797,209,90,16,10,323,9,8,15,336,57,36,433,234,103,19,9,365,8,3,8,372,50,32,459,233,108,24,4,365,3,5,10,379,72,23,478,311,162,26,4,499,3,7,9
LGA13450,979,272,46,34,1330,54,24,73,1408,263,164,1833,830,317,43,22,1212,45,20,64,1275,252,151,1683,710,349,34,15,1111,34,17,45,1162,228,130,1521,794,319,26,12,1156,40,11,52,1207,231,141,1580,881,325,31,19,1254,36,9,48,1301,206,143,1650,871,328,31,23,1254,33,12,50,1302,232,145,1676,745,309,24,24,1095,25,19,48,1141,304,158,1601,490,249,27,16,791,12,9,15,809,479,152,1436,190,156,40,10,402,0,5,4,405,638,136,1177,57,85,14,6,162,0,0,4,167,604,108,871,29,54,8,9,94,0,0,3,99,1557,427,2090,7579,3495,389,250,11713,373,213,583,12299,5851,2126,20279,311,564,32,34,942,32,42,68,1015,589,111,1709,796,284,27,44,1145,40,21,60,1210,230,122,1560,1031,330,57,45,1461,41,20,61,1522,258,175,1950,1071,413,67,34,1585,29,19,53,1639,273,157,2067,962,376,33,27,1404,24,21,44
LGA13550,429,104,35,3,568,25,16,40,607,129,60,794,354,157,25,14,554,19,6,21,578,112,39,726,355,132,21,6,519,15,7,22,535,88,58,685,364,130,11,8,515,17,8,28,546,102,50,697,356,168,21,10,558,23,3,31,583,125,60,763,402,147,13,9,570,17,10,23,595,113,61,772,375,151,15,20,561,22,5,26,589,191,59,838,272,137,16,4,435,12,12,17,456,231,41,732,99,79,5,0,184,0,0,4,184,421,51,659,34,38,0,3,83,0,0,0,83,402,57,535,29,26,5,9,68,0,0,0,72,913,140,1125,3473,1588,202,117,5378,210,112,311,5689,3213,781,9685,100,220,10,16,350,15,26,41,395,227,60,681,366,106,15,8,501,33,11,48,543,75,73,689,479,126,37,9,651,25,9,32,681,104,79,867,442,159,43,28,672,12,6,24,692,87,99,879,403,177,25,5,615,5,5,11
LGA13660,85,36,5,0,133,9,0,8,141,42,19,202,105,50,11,0,166,4,7,5,170,44,20,237,98,48,6,9,168,0,4,7,178,42,18,235,141,60,6,6,207,4,0,4,214,44,28,286,172,71,4,0,246,9,0,6,258,53,43,354,186,64,10,4,266,3,4,9,276,84,22,377,155,62,14,5,238,4,3,9,246,88,50,386,107,48,12,0,173,6,8,18,191,123,37,354,64,48,7,5,118,0,0,0,118,264,37,420,43,31,3,6,77,0,0,0,77,246,26,351,31,20,9,7,57,0,0,0,59,444,95,597,1327,621,88,46,2081,67,46,106,2187,1656,439,4281,20,51,6,5,81,0,8,11,85,110,13,211,87,32,0,0,122,4,8,11,135,24,13,169,89,34,7,8,136,0,0,4,138,41,18,194,94,42,3,6,137,5,0,4,142,41,17,200,129,62,3,0,197,7,4,8
LGA13800,2361,715,115,79,3268,104,47,153,3429,552,253,4232,2000,774,119,71,2963,61,37,97,3064,545,190,3800,2050,763,99,52,2962,51,43,91,3054,485,198,3739,2435,975,71,56,3538,70,37,104,3644,510,219,4374,2778,985,83,62,3901,74,44,118,4021,554,299,4872,2644,903,79,40,3666,58,27,87,3751,650,284,4681,2158,829,85,47,3122,56,40,90,3210,868,236,4310,1175,640,85,36,1939,44,26,73,2009,1309,200,3519,441,443,47,21,948,8,14,18,971,2010,222,3206,119,187,12,8,326,0,8,10,336,1855,175,2367,54,91,11,15,169,0,0,0,174,3117,360,3651,21095,9649,950,635,32329,810,632,1445,33774,14816,3137,51720,596,1132,427,26,2187,67,122,191,2375,1831,187,4391,1672,1074,431,63,3241,124,51,175,3413,631,196,4245,2074,891,414,74,3461,76,33,111,3571,616,225,4409,2002,976,404,89,3467,50,37,89,3557,652,215,4428,1856,906,330,71,3163,58,24,86
LGA13850,62,25,0,6,89,4,6,9,100,23,18,138,66,19,3,4,97,11,0,7,110,27,23,156,50,36,0,6,87,5,3,11,91,20,11,123,70,40,3,0,113,5,3,4,118,21,17,152,100,35,0,0,136,8,4,10,144,25,21,184,132,55,8,7,196,0,3,5,202,41,37,276,106,46,11,7,171,5,0,3,176,37,18,234,68,30,9,5,107,0,0,0,110,59,20,190,28,21,5,6,62,0,0,0,62,110,22,193,5,12,3,0,21,0,0,0,23,114,27,163,14,12,0,0,26,0,0,3,26,199,63,291,806,397,52,40,1294,30,30,64,1355,768,302,2428,18,34,3,6,60,0,0,4,65,61,19,139,69,40,4,7,115,0,0,0,121,24,23,168,90,34,4,3,133,5,0,8,138,17,22,181,55,35,0,5,94,4,4,8,103,14,14,133,62,22,0,3,92,0,0,0
LGA13910,397,153,16,19,585,27,20,38,625,139,61,822,372,186,26,10,596,25,12,37,637,166,51,856,441,225,16,16,693,31,13,46,744,158,58,958,499,254,22,11,782,38,12,54,838,168,56,1060,538,256,24,20,832,30,10,36,870,197,88,1152,606,274,29,24,938,23,4,26,966,241,85,1290,492,290,35,14,822,24,14,40,862,321,91,1283,345,222,41,10,614,13,9,25,641,530,81,1254,196,146,17,7,370,0,5,7,374,902,105,1378,73,51,13,11,145,0,0,0,148,766,105,1015,59,55,4,8,130,0,0,0,134,1408,230,1773,4550,2551,270,189,7562,294,152,447,8004,5741,1142,14887,189,284,19,28,521,12,29,51,572,473,77,1123,419,158,31,22,630,37,14,49,677,136,67,882,461,190,37,22,706,25,8,34,740,158,76,971,431,210,52,24,710,22,13,35,749,155,94,996,447,218,40,17,721,22,12,31
LGA14000,3953,1182,162,118,5413,187,100,290,5702,785,256,6753,4483,1405,336,96,6323,166,106,270,6598,1064,283,7950,5404,1934,292,88,7727,193,126,316,8043,1291,315,9645,6432,2398,159,110,9094,210,142,358,9450,1253,344,11045,6342,2360,128,92,8925,224,109,337,9257,1245,304,10805,6023,2134,155,113,8430,185,104,287,8716,1263,302,10279,4940,1929,160,71,7101,150,106,260,7361,1743,269,9366,2601,1688,133,55,4481,114,83,201,4676,2916,238,7833,991,1126,99,34,2242,24,36,62,2301,4356,239,6902,282,522,34,10,854,6,15,22,874,4152,238,5258,108,243,20,18,397,10,11,17,416,9151,1344,10917,44918,22890,2011,978,70792,1772,1802,3574,74367,35841,4586,114794,383,2175,821,29,3410,66,456,521,3933,5651,189,9774,2361,2799,946,57,6163,181,261,440,6597,1543,205,8346,3541,1370,405,94,5408,188,90,281,5686,804,196,6690,4157,1419,572,96,6236,148,73,224,6458,987,258,7708,5927,2137,577,105,8741,198,98,299
LGA14100,327,71,9,8,409,7,11,11,421,53,33,512,373,83,27,8,495,11,5,16,504,76,42,621,413,134,27,0,575,11,5,16,586,88,47,726,577,188,22,7,788,9,10,22,805,125,45,976,616,199,15,11,848,14,11,27,873,133,42,1046,534,164,15,12,723,19,8,24,743,154,46,951,430,179,22,3,637,13,3,15,648,164,47,862,258,155,17,4,441,19,6,20,462,277,47,786,144,163,16,3,329,0,3,9,333,429,47,810,62,85,8,0,154,0,3,3,157,424,35,620,25,57,0,9,96,0,0,0,95,1421,86,1601,3967,1966,214,88,6238,100,126,226,6462,4292,592,11350,22,186,95,6,307,0,24,24,332,660,27,1027,198,190,109,5,509,20,20,39,549,139,22,704,263,78,30,8,373,8,4,15,389,47,27,461,289,82,43,10,430,7,7,18,449,60,29,534,377,135,41,8,565,16,0,24
LGA14170,10363,3457,322,260,14402,419,271,685,15088,1682,1601,18372,11233,2893,598,217,14948,344,185,527,15476,1509,1543,18523,9489,2920,561,175,13146,252,156,406,13548,1555,1271,16380,9006,2836,295,159,12290,299,147,449,12734,1530,1114,15375,7915,2376,185,120,10605,314,152,467,11073,1474,904,13451,6521,2011,206,94,8836,296,143,442,9275,1649,859,11784,4796,1729,156,89,6776,223,147,371,7142,2095,739,9975,2826,1590,152,66,4639,148,127,273,4909,3020,610,8536,1052,950,85,36,2124,23,41,70,2188,4417,489,7096,253,421,23,5,701,10,27,36,734,3965,394,5099,97,164,11,24,296,5,15,20,315,8850,839,10009,67813,27389,2876,1493,99575,2702,2315,5019,104595,37761,11770,154133,194,1427,694,31,2342,50,300,354,2697,4470,254,7422,2990,3334,1450,125,7892,278,407,687,8580,2116,590,11284,9285,3269,1097,200,13851,381,247,626,14472,1732,902,17112,10534,3083,1237,180,15043,335,183,517,15554,1693,881,18130,9422,3037,1074,152,13684,311,115,431
LGA14220,377,146,27,17,559,40,26,64,621,206,64,899,352,196,30,9,595,39,13,52,640,172,81,888,361,187,22,15,585,28,13,42,625,152,69,846,421,222,15,18,677,46,15,69,744,180,77,1004,509,199,22,30,754,36,11,45,798,209,73,1085,491,234,22,14,762,32,11,42,803,221,92,1113,470,246,26,17,755,26,16,45,795,330,98,1229,288,176,17,9,486,21,18,39,521,489,106,1116,133,111,7,5,256,0,5,5,253,750,107,1113,60,67,0,13,135,5,0,5,138,707,90,941,50,50,10,20,125,0,0,0,130,1363,168,1665,3948,2301,238,191,6687,360,189,554,7239,5539,1179,13959,132,318,21,16,490,39,39,80,570,450,94,1116,352,187,23,28,590,39,25,64,658,176,78,909,398,192,30,18,644,28,17,50,694,210,99,998,420,164,30,19,637,37,9,51,684,187,98,972,417,193,21,22,652,22,10,35
LGA14300,171,52,9,4,234,5,3,9,242,166,19,425,145,52,15,3,216,7,6,10,229,192,23,441,114,61,11,4,185,14,0,16,199,181,27,414,160,67,8,0,236,9,3,10,247,165,26,440,205,50,3,4,264,4,4,10,269,131,23,425,175,66,12,0,257,6,0,7,258,113,44,413,169,85,14,6,273,7,4,12,286,139,44,469,106,66,9,0,181,5,3,7,187,169,43,397,57,34,9,0,100,0,0,0,104,226,32,356,23,14,3,0,39,0,0,0,37,197,26,266,8,14,3,6,27,0,0,0,27,308,54,394,1489,691,94,46,2318,85,33,114,2437,2312,428,5173,63,80,8,4,151,7,11,21,172,131,19,322,115,62,12,8,202,4,8,15,215,139,17,371,160,56,15,6,238,18,4,18,254,187,23,468,151,64,3,5,228,6,9,11,239,172,15,422,180,58,12,9,249,12,5,14
LGA14350,407,248,35,32,713,75,26,108,824,447,102,1373,384,254,46,17,707,53,23,76,783,421,97,1306,441,317,28,34,810,40,21,58,872,347,102,1323,586,324,30,25,963,55,21,72,1035,405,120,1565,632,364,36,26,1061,45,30,78,1140,412,154,1702,688,450,47,33,1217,48,28,77,1290,568,166,2017,640,490,72,28,1233,47,36,88,1322,830,206,2352,385,364,61,19,828,35,40,76,905,1265,200,2370,165,219,29,14,426,4,8,11,438,1722,203,2366,56,61,5,10,133,0,0,3,135,1396,151,1679,30,35,4,9,90,0,4,4,93,2326,447,2868,4874,3811,449,320,9459,561,326,886,10342,11401,2167,23914,193,446,44,29,701,51,65,122,826,717,159,1694,453,300,37,28,820,77,44,116,935,405,109,1447,444,290,58,29,815,48,30,81,895,484,120,1494,505,363,57,17,940,48,27,74,1020,424,119,1568,519,300,55,29,897,39,20,61
LGA14400,492,173,33,8,702,27,16,43,745,89,56,889,496,222,53,11,784,20,9,30,815,109,48,967,511,290,45,10,855,7,10,23,877,132,50,1055,660,344,29,13,1047,18,16,34,1083,133,69,1293,676,334,41,23,1074,28,13,38,1117,141,72,1326,767,369,41,11,1198,20,4,29,1225,185,93,1500,711,403,56,12,1182,24,10,33,1218,381,85,1688,386,368,48,8,812,11,18,32,847,845,97,1783,115,159,12,3,291,0,9,12,296,1139,95,1533,31,82,13,0,125,0,3,5,127,1086,103,1312,16,31,3,4,60,0,0,4,62,1878,258,2199,5385,3545,422,135,9485,218,218,438,9927,6791,1141,17852,160,419,113,15,714,16,50,62,773,457,48,1281,346,309,64,8,731,31,24,47,783,133,43,954,484,200,58,7,757,15,18,34,785,115,48,953,490,276,80,20,868,10,4,17,881,105,52,1040,642,350,57,9,1055,16,13,26
LGA14500,2741,715,93,48,3602,118,70,189,3785,484,188,4457,3020,853,199,67,4146,92,48,144,4293,730,189,5204,3839,1288,195,77,5393,129,85,210,5599,989,197,6784,4765,1717,108,60,6644,133,115,252,6894,1148,254,8295,5450,1993,88,81,7615,166,109,275,7891,1316,297,9502,5157,1765,114,77,7112,198,104,299,7413,1312,284,9011,3891,1544,111,60,5600,113,77,188,5792,1439,218,7449,2038,1309,100,41,3484,80,63,148,3632,2278,188,6094,941,1097,81,27,2152,29,27,56,2212,3280,199,5688,322,661,51,6,1046,4,17,25,1072,3535,223,4833,130,466,34,20,648,6,13,12,657,9327,951,10941,34301,18485,1438,696,54921,1236,1471,2705,57631,32848,3717,94191,133,1761,775,20,2685,30,370,403,3092,5875,159,9124,1751,2396,876,41,5063,162,214,379,5447,1370,153,6968,2496,791,257,46,3587,121,55,180,3765,532,124,4419,2747,849,359,70,4022,84,28,116,4138,623,143,4903,4152,1464,407,69,6089,141,65,208
LGA14550,96,60,6,0,162,13,8,21,186,86,12,285,125,72,11,10,218,11,5,19,234,86,27,346,129,82,10,7,226,18,6,26,251,98,30,376,170,101,17,10,294,28,4,34,329,104,43,480,209,128,13,11,362,18,4,20,381,143,70,598,265,177,9,12,457,25,8,38,491,193,75,767,284,194,20,5,496,21,16,43,541,265,76,876,197,150,15,4,362,15,20,38,400,388,80,869,86,79,6,4,176,0,0,0,174,498,60,732,24,36,3,0,67,0,0,3,70,371,47,487,38,25,0,9,73,0,0,0,76,655,104,834,1770,1261,120,79,3237,202,106,310,3547,3242,684,7479,74,119,8,10,209,14,13,21,234,208,41,480,112,65,10,15,196,15,8,19,219,68,28,314,126,88,10,4,235,8,4,13,244,73,40,353,106,94,16,7,216,8,11,21,235,82,39,354,157,109,7,10,281,9,12,20
LGA14600,154,65,4,5,236,8,4,15,249,64,34,345,151,65,16,18,259,16,6,25,279,86,42,408,149,52,13,10,217,14,4,17,237,48,30,320,153,65,0,10,229,21,6,19,250,53,45,347,151,61,13,6,226,12,5,15,239,50,35,319,159,77,10,5,256,10,8,14,270,66,50,391,193,68,12,11,277,4,4,9,284,106,48,440,126,71,17,6,221,5,8,13,234,126,34,388,79,40,0,3,128,0,0,0,128,195,45,362,26,26,6,0,59,0,0,0,59,188,46,287,36,24,0,3,71,0,0,0,68,470,81,622,1565,715,105,94,2470,126,59,188,2658,1696,549,4910,47,53,3,7,107,12,10,24,135,148,32,316,101,57,4,5,170,12,8,16,187,48,31,267,167,61,7,0,243,7,9,15,257,55,39,350,152,70,14,9,241,5,8,14,261,47,55,362,166,68,12,7,253,8,4,12
LGA14650,5261,2156,393,143,7950,386,180,565,8513,1429,441,10384,5540,2623,512,129,8804,311,168,484,9288,1671,402,11356,5422,2827,299,117,8663,301,142,446,9109,1667,398,11164,6287,3066,249,137,9735,305,160,461,10199,1803,451,12459,6760,3019,215,129,10127,325,147,470,10598,1895,528,13019,6351,2889,293,124,9654,309,160,468,10120,2464,482,13067,5574,2761,377,104,8813,257,155,407,9222,3666,560,13453,2836,2219,261,73,5385,209,149,358,5740,6380,536,12651,788,1111,103,35,2036,25,38,64,2099,9588,626,12314,177,471,33,22,704,3,16,17,721,8703,550,9971,67,187,15,34,309,0,9,10,316,16083,1914,18313,50243,30479,3223,1323,85263,3623,2675,6298,91557,62063,7632,161262,1425,4418,667,102,6610,292,716,1013,7625,4318,399,12340,4350,3734,563,156,8805,410,284,693,9498,1708,447,11654,5679,2639,614,163,9095,337,152,491,9579,1511,515,11610,6091,3112,807,150,10158,220,138,357,10517,1534,503,12552,6640,3385,670,135,10832,210,131,341
LGA14700,1908,392,53,40,2392,56,29,85,2481,240,191,2909,2217,429,116,38,2805,54,44,95,2895,270,203,3366,1858,525,107,36,2524,67,35,102,2625,310,161,3102,1698,482,54,20,2251,58,35,93,2344,305,122,2772,1464,486,39,19,1997,61,22,82,2079,285,87,2452,1322,423,26,15,1786,52,32,82,1869,260,97,2220,1073,389,28,17,1505,37,25,57,1560,349,93,2010,612,374,32,9,1027,18,19,39,1068,529,74,1675,287,290,21,8,609,6,13,22,630,832,61,1516,92,158,12,5,264,0,10,10,274,856,56,1188,34,91,6,5,131,0,0,6,133,1978,123,2231,13289,5206,550,247,19295,443,437,883,20175,7782,1415,29374,39,416,174,4,637,6,78,87,716,1252,41,2017,634,607,228,19,1485,39,44,81,1564,339,54,1963,1852,451,141,26,2468,53,29,86,2556,195,122,2875,2262,506,242,30,3040,51,30,82,3122,293,156,3567,2238,616,205,28,3094,70,29,96
LGA14750,316,83,21,16,435,21,12,34,466,119,47,635,271,107,15,10,412,15,9,20,428,84,51,560,262,101,9,5,372,19,18,34,407,87,47,537,364,147,16,4,529,18,4,20,542,85,61,689,389,136,9,7,555,10,10,17,570,97,51,722,399,133,20,12,562,12,0,11,573,105,83,757,380,138,24,7,553,13,5,19,567,152,68,793,205,101,23,6,341,10,7,15,354,199,60,615,86,54,11,3,148,3,0,7,153,349,63,573,24,28,5,3,63,0,0,0,65,372,63,504,21,27,3,3,51,0,0,0,51,774,123,948,3117,1294,178,117,4705,154,106,261,4964,3065,834,8868,145,209,30,9,393,15,27,35,436,414,62,909,324,107,15,8,454,9,4,20,471,82,71,618,332,105,22,7,458,18,8,23,487,93,62,643,357,130,27,19,527,10,6,19,543,106,76,719,342,123,10,10,486,16,7,26
LGA14850,818,500,60,36,1415,89,69,156,1567,385,187,2147,840,570,49,25,1481,61,38,108,1589,483,187,2255,1026,601,48,32,1706,85,50,131,1839,442,167,2448,1112,694,45,32,1879,73,49,124,2002,473,201,2680,1286,728,46,37,2099,87,43,123,2217,482,195,2896,1390,735,60,33,2220,79,50,121,2344,647,241,3229,1295,802,73,26,2199,72,56,127,2325,849,269,3443,795,654,61,16,1531,58,52,110,1639,1337,276,3250,267,377,41,18,709,3,14,20,727,1717,205,2644,85,129,9,5,232,0,6,6,238,1397,145,1787,56,64,12,20,148,0,0,0,146,2886,386,3420,9902,7337,592,339,18170,832,697,1529,19705,12822,2901,35429,280,962,65,35,1344,46,137,183,1524,923,210,2657,741,671,75,40,1517,85,71,154,1671,416,197,2285,965,631,98,33,1730,58,33,95,1821,330,227,2376,959,631,95,26,1713,47,38,85,1797,394,184,2375,1070,679,82,37,1871,51,37,81
LGA14870,464,198,38,12,723,49,20,70,789,270,111,1175,371,223,41,26,661,43,24,68,733,247,96,1077,392,208,25,18,647,48,14,58,706,251,90,1042,559,255,22,10,849,50,12,61,910,277,108,1298,572,275,19,17,883,45,15,63,945,258,114,1313,658,283,32,8,983,33,27,62,1044,356,152,1552,620,312,41,11,990,37,15,55,1040,456,133,1628,266,234,39,8,547,25,17,42,590,729,149,1463,102,114,12,5,232,3,0,3,233,1106,169,1506,47,64,10,0,122,0,3,3,126,979,137,1239,21,35,4,8,67,0,0,5,69,1596,230,1898,4627,2678,324,167,7797,451,205,653,8454,7359,1689,17494,159,271,46,13,491,28,49,74,568,465,74,1104,406,227,63,22,710,36,26,61,767,176,65,1010,444,210,75,13,749,38,11,51,797,215,83,1098,470,258,71,17,812,29,11,39,851,232,94,1174,452,249,35,18,754,31,11,45
LGA14900,6918,1922,314,276,9432,504,210,713,10145,2999,1099,14244,7184,2371,408,280,10241,453,237,689,10936,3449,1136,15517,6907,2482,249,234,9870,400,232,629,10508,3403,1079,14981,7097,2619,194,239,10151,370,222,596,10740,3048,923,14712,6888,2240,163,231,9513,311,193,503,10016,2879,888,13786,6336,2011,214,198,8763,293,180,471,9237,3268,853,13349,4797,1611,176,154,6737,247,163,408,7141,3669,770,11582,2559,1071,131,93,3859,157,144,305,4160,4310,626,9096,876,556,43,39,1521,17,32,40,1560,5206,587,7355,212,215,19,13,460,4,9,13,467,4338,442,5249,61,87,4,16,169,5,4,7,175,7662,879,8714,55766,23558,2294,2290,83904,3753,3012,6764,90672,56232,11122,158027,682,2504,1164,108,4460,218,642,856,5322,10008,883,16212,4146,3294,1848,290,9572,627,472,1095,10673,4794,1024,16481,6216,2368,1462,325,10359,532,206,739,11100,4079,1245,16425,6048,2601,1581,293,10515,438,200,636,11153,4708,1172,17030,6621,2897,1434,245,11191,406,178,585
LGA14920,163,62,13,5,242,14,8,28,270,75,31,377,170,81,10,5,268,9,4,15,277,84,37,392,177,71,14,9,268,10,10,20,290,63,28,379,196,87,5,8,294,20,9,32,324,84,33,439,238,94,11,7,348,8,0,12,362,80,42,487,225,106,15,10,349,13,0,14,368,107,45,519,228,116,11,11,365,16,11,28,395,145,62,594,186,87,14,7,294,14,11,28,318,211,58,587,78,59,12,9,159,0,0,0,158,318,43,523,39,31,3,4,75,0,0,0,75,325,47,448,19,23,0,3,52,0,0,0,49,594,86,738,1874,942,115,86,3014,158,83,240,3256,2410,579,6246,59,102,4,7,172,12,11,23,194,194,53,446,138,56,12,3,206,21,4,23,228,60,41,330,149,48,9,11,215,13,3,16,237,53,40,318,148,84,14,8,252,9,9,21,271,64,50,386,187,96,10,6,301,7,10,15
LGA14950,52,21,5,0,83,4,5,11,92,17,11,120,54,26,9,0,88,3,0,4,89,34,9,131,71,31,3,0,106,6,0,3,110,23,11,141,81,39,0,0,125,3,5,5,132,25,11,164,97,49,4,0,160,4,0,4,155,23,20,196,116,47,9,4,175,0,0,0,175,38,17,228,112,49,4,3,171,3,0,3,177,56,17,257,57,46,10,0,119,7,4,9,128,87,18,233,43,30,0,0,76,0,0,0,76,120,15,210,27,12,4,5,39,0,0,0,39,116,7,165,9,10,4,4,28,0,0,0,28,257,52,331,811,406,48,24,1290,39,18,54,1349,922,215,2480,42,40,3,0,81,4,3,8,87,90,19,199,50,38,3,0,100,3,3,9,101,25,15,136,69,18,5,0,90,4,0,4,98,27,5,130,65,26,4,0,98,6,0,3,100,24,5,131,70,31,9,6,117,0,0,0
LGA15050,2689,994,174,57,3907,197,100,297,4210,776,270,5247,2637,1116,198,52,4008,143,97,242,4252,807,270,5321,2464,1149,113,65,3800,138,83,224,4020,747,232,5006,2662,1105,112,60,3935,149,82,235,4165,756,247,5176,2671,1080,100,58,3916,163,61,227,4143,752,238,5132,2457,992,96,49,3592,115,64,184,3778,839,233,4846,2020,909,135,31,3103,103,49,147,3252,1212,213,4688,1017,683,93,25,1818,72,53,129,1944,2003,204,4153,313,351,40,13,705,10,8,22,728,2859,194,3787,67,135,13,5,222,0,3,3,225,2352,190,2769,31,68,3,23,118,0,3,3,126,3967,440,4531,21441,11460,1236,550,34691,1604,1131,2738,37425,19854,3116,60397,660,1967,306,42,2975,159,311,470,3439,1932,193,5568,2285,1558,225,83,4157,196,131,325,4478,778,217,5471,3170,1355,322,75,4931,164,78,247,5172,795,261,6223,3365,1556,391,88,5401,124,71,198,5600,832,292,6722,3246,1489,277,68,5086,92,76,166
LGA15240,1214,735,98,40,2085,170,86,251,2338,765,205,3305,1228,800,128,35,2183,147,89,233,2416,776,210,3397,1333,916,78,53,2384,147,82,225,2614,839,201,3654,1783,1111,112,58,3067,168,87,250,3312,1002,290,4605,2118,1249,131,79,3569,195,80,275,3847,1101,333,5279,2250,1425,147,73,3897,190,97,288,4184,1497,393,6081,2169,1502,210,63,3943,195,125,319,4265,2309,460,7037,1360,1283,171,63,2882,157,99,257,3137,3955,482,7577,473,759,71,34,1338,7,15,22,1362,6478,578,8416,160,303,33,29,524,3,8,18,534,5929,531,6992,99,143,20,42,307,0,10,13,316,10110,1364,11790,15611,12299,1400,728,30034,1867,1106,2977,33008,37811,5554,76372,545,1494,151,93,2284,137,157,296,2579,1761,325,4668,1156,914,126,75,2271,165,111,277,2549,644,259,3453,1429,849,148,73,2504,147,74,221,2725,657,290,3673,1530,969,135,71,2705,129,52,182,2888,731,306,3929,1630,1097,133,73,2926,116,57,173
LGA15270,577,194,38,9,822,58,26,80,902,238,132,1280,626,303,58,14,992,41,18,57,1050,225,119,1401,604,261,39,10,916,35,28,66,980,213,134,1331,652,343,32,19,1043,41,19,57,1097,209,119,1427,745,385,36,13,1175,45,14,60,1237,306,152,1695,723,376,41,17,1158,50,15,70,1228,320,172,1716,621,346,39,15,1019,40,18,56,1079,426,172,1682,367,260,28,7,657,19,24,43,700,625,159,1489,160,168,18,4,351,0,7,4,361,1001,169,1529,79,106,3,11,202,0,0,0,202,931,158,1290,72,55,7,10,134,0,0,3,141,1549,227,1912,5841,3284,377,182,9692,439,239,681,10369,6848,1955,19177,232,398,55,10,698,28,43,70,768,573,95,1438,516,233,23,21,801,29,10,42,841,171,81,1092,696,252,74,33,1055,35,20,55,1109,187,91,1389,759,343,85,21,1206,30,6,35,1239,204,113,1558,722,368,66,26,1182,31,13,39
LGA15300,427,89,21,13,543,33,13,43,590,166,91,848,353,112,28,9,506,26,12,36,539,142,106,792,382,123,21,8,537,29,16,43,577,144,100,824,396,143,26,12,575,20,15,34,609,115,99,824,435,137,20,12,609,36,9,43,645,148,116,912,476,129,9,19,634,29,7,34,668,139,105,915,384,155,13,20,569,14,7,18,585,181,101,865,274,114,15,11,425,10,5,15,438,209,93,742,140,77,13,11,234,6,0,9,239,364,89,698,54,43,5,6,112,0,0,0,108,342,74,530,37,26,11,7,82,0,0,0,82,607,118,805,3766,1386,216,157,5522,265,112,379,5897,3092,1281,10274,101,140,12,4,255,11,8,19,274,262,140,678,314,96,18,17,445,27,6,31,475,128,194,795,406,117,23,18,563,20,8,29,593,111,175,880,363,115,24,20,523,14,4,15,542,103,176,820,312,120,24,3,456,7,3,14
LGA15350,973,206,33,14,1228,31,14,45,1268,108,136,1518,1230,248,59,19,1559,27,14,42,1603,151,140,1892,1143,313,68,15,1531,28,22,52,1582,217,124,1928,1257,349,21,28,1655,44,16,63,1722,275,158,2160,1231,371,29,20,1650,29,20,53,1699,340,143,2185,1133,393,35,15,1574,49,25,69,1643,318,119,2082,933,357,30,9,1322,46,14,51,1380,355,126,1857,498,364,28,14,911,25,22,45,955,471,102,1533,280,364,15,15,677,0,5,13,687,810,105,1605,118,203,16,9,342,3,6,8,355,962,81,1396,48,138,10,6,208,0,4,7,210,1978,261,2451,9302,4124,388,187,14003,312,256,572,14572,7192,1701,23463,35,295,137,9,472,6,46,54,528,1043,57,1619,403,386,176,16,979,28,36,62,1042,252,48,1346,863,185,64,22,1124,27,16,43,1169,95,47,1313,1019,246,98,20,1386,27,19,46,1430,138,47,1625,1109,285,100,15,1515,26,3,32
LGA15520,271,96,27,4,389,7,4,15,404,68,33,509,290,127,24,8,448,8,4,13,463,78,43,584,242,119,10,7,380,9,0,8,389,69,31,490,354,140,8,15,514,6,5,15,524,53,45,621,408,165,22,3,600,11,5,14,613,79,39,737,396,146,20,12,574,14,3,24,597,106,56,764,375,191,27,17,611,19,12,32,644,172,79,889,267,157,28,11,465,16,8,24,487,356,87,935,112,81,9,10,211,4,6,7,216,653,66,937,60,51,5,9,130,0,0,0,131,653,68,847,38,34,7,4,82,0,0,0,82,1069,185,1341,3074,1583,211,119,4996,121,72,193,5192,3678,815,9685,84,203,45,12,346,14,9,27,371,234,39,643,208,104,13,8,339,10,12,18,356,59,29,449,271,113,35,11,425,16,5,12,438,62,48,544,301,142,34,12,491,7,5,17,504,80,59,645,302,183,23,13,517,4,3,7
LGA15560,120,43,7,3,181,8,0,8,189,34,24,243,83,44,10,4,136,7,0,7,136,30,23,189,101,36,9,3,152,8,3,9,154,29,19,211,121,42,8,3,176,4,0,6,179,26,33,237,127,42,0,7,179,6,4,5,187,38,28,251,137,60,12,5,220,0,4,3,225,38,26,287,153,55,7,7,213,3,0,5,219,45,40,306,87,46,9,0,141,3,0,6,152,66,19,234,39,24,8,3,72,0,0,0,72,128,18,220,11,12,0,0,36,0,0,0,36,103,21,157,13,10,0,0,26,0,0,0,26,231,30,289,1109,485,82,48,1718,57,24,78,1796,928,323,3045,34,36,3,3,75,11,4,12,89,70,17,168,79,24,9,10,118,3,6,9,128,29,16,171,98,21,4,3,128,4,0,3,131,25,20,178,115,41,14,3,180,6,0,3,182,26,18,230,82,43,5,0,131,0,0,0
LGA15650,508,175,32,9,722,48,16,64,789,245,74,1102,517,194,44,11,761,49,14,66,827,275,69,1166,478,188,20,19,706,33,18,47,750,246,62,1051,510,202,22,16,747,27,16,46,792,165,65,1026,527,196,31,13,766,42,26,72,840,204,84,1125,542,203,31,17,792,33,13,43,831,241,66,1143,397,153,33,7,592,22,9,34,627,288,65,974,246,122,20,12,396,18,4,23,421,349,62,832,75,59,9,10,148,3,3,0,152,513,51,715,33,32,3,4,76,3,0,3,79,422,49,549,14,23,0,0,44,0,0,0,44,688,89,821,4345,1955,291,143,6733,400,204,602,7331,4269,856,12459,163,287,38,10,494,35,34,73,561,417,70,1053,419,172,26,15,628,30,20,53,681,137,49,870,555,193,50,18,813,31,13,46,862,200,73,1130,561,209,36,25,833,23,17,39,868,218,96,1174,522,209,31,21,781,22,17,37
LGA15700,244,143,19,15,429,38,16,54,483,191,44,716,237,182,29,14,459,35,9,44,498,196,40,730,264,180,19,13,476,39,18,53,530,177,50,759,380,243,21,9,657,37,16,52,708,224,51,985,385,267,24,8,680,34,23,53,732,226,82,1045,442,320,33,16,809,46,28,69,882,395,130,1410,410,392,34,17,857,49,27,75,928,620,99,1651,275,330,33,12,643,36,17,54,699,858,110,1674,119,115,16,9,255,0,3,9,260,1296,121,1679,32,55,7,5,100,0,4,4,98,1114,117,1335,33,26,5,6,75,3,0,5,77,1840,365,2284,3131,2670,281,155,6232,413,230,643,6877,7825,1343,16041,110,325,24,17,474,22,39,62,540,436,94,1071,207,196,22,13,437,44,22,66,499,134,65,705,274,206,30,17,525,38,13,51,579,178,80,834,284,207,31,17,544,24,13,40,579,181,83,839,310,242,30,12,593,20,15,39
LGA15750,366,120,30,7,526,27,6,38,566,131,73,765,339,154,21,13,526,21,9,34,555,96,67,725,373,137,16,12,537,26,5,31,562,119,74,764,395,151,21,9,573,11,14,27,600,102,73,770,412,140,12,9,578,24,10,31,606,96,82,790,469,186,18,11,683,21,11,36,718,142,107,972,418,164,30,16,625,15,10,27,647,231,106,982,268,138,28,11,448,17,9,23,475,245,84,804,133,96,20,7,248,0,0,0,249,406,82,736,45,40,4,3,99,0,0,0,99,415,51,565,32,24,9,8,70,0,0,0,69,718,203,994,3641,1646,227,134,5653,243,115,362,6011,3123,1155,10292,114,199,12,20,337,16,14,27,368,260,67,690,342,119,12,10,487,30,15,46,528,105,81,714,446,86,39,7,584,18,15,32,615,82,73,766,397,146,26,13,583,11,15,27,608,99,89,796,359,157,20,8,550,6,4,17
LGA15800,95,47,8,3,161,16,4,15,174,50,22,249,123,65,14,7,205,11,0,11,222,50,35,301,134,55,7,8,202,12,0,12,216,50,43,304,158,77,3,4,243,3,7,9,259,54,34,340,163,58,9,8,245,11,4,16,251,51,32,340,200,68,12,4,287,3,0,7,291,56,47,395,217,78,13,9,311,11,5,10,321,86,43,452,131,38,9,9,191,9,0,9,197,148,49,396,58,44,6,3,113,4,0,0,121,228,45,394,21,17,0,0,40,0,0,0,40,241,37,311,19,18,0,10,41,0,3,3,45,464,82,592,1486,669,105,70,2326,109,42,148,2472,1704,511,4695,37,70,9,0,116,13,7,16,134,147,39,317,92,41,3,8,147,13,4,22,174,53,27,252,122,57,7,7,186,12,9,22,211,51,35,293,123,61,11,0,192,4,0,7,199,40,17,256,135,77,11,7,234,3,0,6
LGA15850,168,44,4,9,216,13,9,15,240,51,24,316,154,67,13,0,236,14,10,25,260,59,27,345,138,61,12,7,218,14,0,20,233,46,27,313,187,73,3,5,265,15,0,15,281,48,30,356,191,77,5,7,278,12,5,15,299,51,36,381,205,67,15,4,288,10,4,12,298,64,43,412,207,71,3,9,293,13,3,13,312,105,53,465,157,68,9,5,242,9,0,13,253,122,48,424,73,48,17,4,139,0,0,0,138,240,27,410,31,25,0,3,58,0,0,0,58,256,38,357,19,23,4,9,50,0,6,6,53,464,82,599,1699,735,89,68,2587,143,68,206,2791,1762,509,5070,56,68,3,8,145,5,12,19,165,164,47,370,140,50,6,0,196,7,12,22,219,42,36,301,159,47,11,9,233,8,3,10,242,50,54,347,177,66,30,3,273,11,6,12,284,35,46,372,165,72,11,3,258,5,0,9
LGA15900,6512,2500,340,169,9512,365,257,625,10138,1788,620,12545,5797,2284,472,121,8680,356,192,547,9226,1615,520,11355,4905,2359,301,106,7663,294,140,434,8101,1458,402,9955,5071,2434,193,102,7808,283,142,429,8236,1419,436,10086,4994,2181,196,95,7471,283,136,414,7887,1524,485,9898,4753,2084,200,86,7133,252,95,346,7477,1840,539,9857,4000,1991,218,63,6278,221,116,338,6618,2558,548,9725,2098,1518,154,32,3809,129,115,247,4057,3955,453,8472,579,723,78,22,1395,10,31,44,1443,5382,409,7236,121,321,29,21,487,0,13,14,505,4740,429,5675,65,157,12,30,266,7,8,16,280,9542,1986,11811,43398,25815,2662,1154,73032,3126,2703,5830,78862,42639,7705,129214,748,3661,579,68,5057,167,651,818,5871,3333,520,9722,4109,5595,789,187,10678,344,471,818,11499,2113,814,14428,7173,3270,670,191,11298,331,197,532,11833,1563,656,14054,6717,2944,684,140,10484,223,141,367,10849,1434,603,12883,5906,2922,532,100,9463,197,124,317
LGA15950,5335,835,129,80,6376,100,59,154,6531,352,656,7535,6083,946,312,72,7420,117,53,168,7588,506,714,8815,4564,875,229,63,5730,132,55,184,5916,520,520,6956,3426,761,91,50,4325,135,40,168,4494,495,381,5366,2800,618,72,37,3524,109,43,160,3677,446,325,4447,2283,554,55,34,2923,105,31,136,3063,434,271,3772,1878,690,62,27,2653,96,44,138,2796,632,296,3720,1190,765,58,12,2021,69,57,127,2148,1046,271,3460,614,758,44,22,1430,14,30,43,1475,1682,247,3400,180,410,24,11,636,4,21,27,654,1665,201,2526,100,218,13,12,339,7,9,15,354,3115,358,3828,29933,8882,1167,462,40445,959,601,1561,42004,12451,4666,59116,44,411,173,9,630,12,76,90,719,1344,82,2145,1338,926,335,27,2628,46,79,129,2750,474,133,3361,4666,836,250,67,5814,97,47,140,5960,406,284,6650,5478,979,431,67,6959,110,54,167,7123,537,337,8002,4502,944,385,57,5881,115,50,162
LGA15990,8363,2403,333,196,11294,205,129,334,11638,1054,806,13492,9530,2946,697,192,13366,197,136,332,13695,1489,894,16080,10125,3892,567,213,14795,192,175,369,15161,1838,883,17888,11692,4638,361,209,16896,268,188,457,17355,2002,957,20310,11431,4437,287,202,16353,302,188,496,16850,1864,829,19539,10111,4074,284,191,14662,283,149,423,15084,1951,819,17856,7542,3630,319,140,11632,196,135,332,11963,2634,759,15351,4233,3278,223,113,7841,157,150,307,8152,4276,641,13070,1673,2357,173,56,4254,40,84,122,4381,7139,670,12186,535,1171,65,32,1811,8,24,34,1845,7796,613,10256,214,602,41,45,898,6,17,24,926,16977,2122,20023,81285,42658,3831,1910,129682,2201,2437,4640,134321,57544,11158,203023,867,4234,1811,63,6969,88,652,741,7708,8143,411,16263,4396,4567,1613,138,10720,235,294,531,11255,2048,441,13740,7444,2629,826,175,11071,255,125,385,11457,1248,576,13280,8615,3100,1230,188,13132,202,110,307,13439,1514,638,15599,9064,3887,1150,200,14299,220,124,348
LGA16100,118,44,0,3,170,7,0,7,175,60,22,261,103,39,10,4,159,10,0,7,166,38,22,223,130,46,7,7,191,9,0,15,200,35,30,272,145,56,0,9,211,7,0,8,220,35,28,288,210,61,5,9,284,11,3,11,288,58,42,396,187,64,10,9,265,9,3,11,274,54,38,366,141,73,10,0,223,11,0,11,234,76,21,331,138,64,8,3,210,4,5,10,225,133,37,394,77,53,10,0,139,0,0,0,139,248,51,441,28,36,4,8,73,0,0,0,73,217,46,330,18,15,5,5,32,0,0,0,36,313,58,407,1417,691,79,55,2244,89,45,132,2377,1542,460,4377,51,63,11,6,132,4,8,14,137,100,32,270,102,46,6,8,172,10,4,12,178,40,30,254,111,48,7,3,174,4,4,6,176,55,31,258,127,61,14,4,200,4,0,7,208,48,34,280,130,56,10,6,206,4,3,5
LGA16150,1406,418,84,38,1943,79,49,131,2073,393,168,2634,1330,585,97,18,2027,84,42,124,2155,401,179,2728,1243,547,68,29,1881,68,34,102,1988,377,149,2512,1407,510,44,31,1991,76,29,102,2092,333,176,2597,1362,475,55,37,1928,64,27,88,2020,375,172,2561,1249,451,51,32,1786,61,26,90,1874,404,153,2428,1132,487,65,13,1695,62,28,91,1785,534,143,2464,616,394,45,13,1076,30,14,48,1120,927,133,2180,226,242,31,17,512,12,7,16,526,1390,133,2055,73,119,13,10,212,0,6,3,216,1245,105,1571,37,59,6,6,110,0,0,3,112,2714,298,3124,11347,5483,663,312,17812,752,451,1202,19011,10693,2107,31802,348,890,78,21,1332,38,97,135,1467,1073,123,2662,1064,550,54,44,1710,86,58,139,1852,401,161,2407,1592,543,123,48,2305,34,36,73,2375,347,170,2894,1650,588,160,44,2438,30,26,55,2499,320,182,2999,1575,688,109,23,2398,34,36,68
LGA16200,343,113,27,9,489,31,13,46,534,133,50,723,360,172,30,15,574,34,14,46,618,142,53,820,345,154,13,13,529,24,12,36,571,131,63,763,391,163,10,7,574,28,12,37,613,115,72,797,450,161,20,8,643,22,19,40,684,152,75,909,485,169,22,10,687,15,11,26,714,176,95,987,395,182,39,8,625,25,10,34,663,261,86,1012,236,169,30,8,437,12,15,23,464,393,81,937,118,74,19,4,212,0,0,5,210,518,96,826,44,39,11,5,99,0,0,0,99,488,94,680,23,41,3,3,77,0,5,4,80,1066,250,1391,3644,1806,259,129,5842,304,161,468,6311,4192,1160,11664,115,271,23,14,415,20,19,47,460,335,81,875,392,151,14,8,562,43,17,60,622,112,53,788,419,134,38,18,611,23,13,37,650,109,59,814,404,165,34,11,614,14,6,24,632,112,64,813,394,173,19,8,598,14,12,22
LGA16260,10389,3361,371,303,14426,798,433,1225,15657,3668,1445,20771,13697,3308,672,345,18022,848,371,1218,19238,4073,1698,25012,10872,3033,435,241,14581,590,347,934,15515,3248,1209,19971,8506,2841,214,166,11727,397,241,641,12367,2682,828,15873,7239,2534,164,153,10084,331,165,498,10579,2353,658,13593,6826,2301,158,146,9437,325,180,502,9938,2492,616,13041,5365,2053,177,119,7712,277,175,454,8168,3192,601,11960,3110,1741,149,71,5073,185,136,325,5398,4510,508,10413,1123,988,98,32,2247,33,52,84,2335,5782,457,8569,275,477,30,24,807,3,13,19,826,5298,367,6486,117,227,16,20,378,3,10,15,393,11122,981,12497,72081,29751,2842,1916,106590,4417,3601,8023,114612,59279,10663,184548,306,2089,835,45,3275,80,447,529,3801,7333,406,11542,4007,4752,1776,240,10770,480,628,1106,11879,4210,907,16999,10360,4405,1624,420,16808,731,393,1127,17939,3996,1487,23419,12983,3983,1879,438,19285,727,334,1060,20339,4676,1500,26515,13311,4065,1740,377,19487,690,290,980
LGA16350,8284,2257,449,245,11232,408,228,629,11860,2292,890,15042,8104,2579,531,232,11443,368,172,541,11983,2455,814,15255,7629,2460,320,190,10598,340,162,500,11099,2138,730,13971,7617,2427,205,168,10414,284,142,426,10839,1961,684,13485,7154,2178,202,179,9714,263,128,386,10100,1911,640,12651,6632,2010,222,157,9027,255,101,359,9382,2020,688,12086,5791,2014,275,128,8211,235,132,365,8579,2765,644,11995,3464,1612,197,80,5342,164,107,273,5618,4029,579,10222,1159,836,87,48,2131,16,31,49,2179,6099,553,8835,236,290,21,20,570,9,12,15,589,4668,376,5625,57,131,16,11,221,5,0,3,225,7357,862,8447,64239,25788,2967,1869,94858,3395,2349,5743,100607,45331,8842,154779,1189,3190,1249,116,5744,272,515,790,6536,6277,708,13523,5127,3391,1514,246,10282,511,301,816,11097,2796,899,14793,7268,2837,1424,285,11805,446,179,624,12430,2694,1064,16191,7560,3094,1460,283,12401,335,142,476,12877,2897,1015,16790,7994,3209,1221,242,12672,329,134,459
LGA16380,1425,736,91,41,2289,143,53,194,2478,550,228,3264,1494,783,129,41,2456,77,55,135,2588,586,193,3369,1636,918,90,44,2695,93,59,150,2840,582,190,3620,2224,1051,71,56,3411,109,51,157,3571,687,225,4484,2379,1197,94,64,3735,119,76,195,3928,722,268,4920,2284,1281,123,50,3740,139,66,209,3951,986,306,5233,2083,1268,153,51,3550,126,90,214,3765,1573,331,5666,1098,1078,114,27,2318,107,74,181,2491,2779,330,5598,375,523,46,26,974,11,20,27,999,4809,451,6257,108,236,21,19,386,0,8,13,397,4702,424,5527,59,113,10,23,201,4,0,7,207,8793,983,9981,16656,11319,1121,553,29652,1241,910,2146,31801,29295,4345,65442,555,1923,155,44,2679,89,259,346,3031,1697,219,4938,1409,1189,137,79,2813,128,101,229,3040,630,191,3865,1719,871,182,35,2813,101,68,169,2978,540,213,3735,1755,1029,163,57,3008,85,48,130,3137,577,190,3902,1987,1157,149,41,3336,74,41,115
LGA16400,1499,641,100,52,2287,150,71,218,2502,536,253,3296,1493,724,126,41,2379,93,48,141,2520,618,247,3382,1655,820,111,44,2629,100,53,155,2777,559,208,3549,2075,997,85,44,3207,117,69,186,3386,628,283,4295,2132,991,95,51,3274,122,50,169,3443,657,283,4381,2245,1051,119,46,3454,141,60,206,3659,884,323,4866,1742,1013,153,40,2948,102,64,169,3116,1382,309,4809,992,822,95,41,1951,87,46,133,2083,2437,343,4857,329,454,49,21,847,10,26,31,879,3911,395,5191,72,187,23,19,297,0,8,8,304,3622,369,4294,44,101,8,19,177,4,3,9,184,5537,758,6475,15927,10007,1136,533,27605,1314,833,2149,29754,23025,4263,57045,492,1387,284,62,2225,105,182,289,2515,1650,185,4347,1292,1042,215,64,2609,155,93,249,2858,551,181,3589,1483,719,209,62,2471,97,47,148,2620,556,177,3357,1636,874,223,70,2801,79,49,121,2923,560,204,3692,1841,978,197,56,3071,69,46,115
LGA16490,2147,557,136,59,2895,83,37,121,3018,435,294,3746,2191,695,187,50,3128,71,46,116,3245,380,297,3920,2166,654,131,48,3006,76,32,105,3109,331,264,3707,2579,706,110,57,3453,70,31,103,3557,351,277,4187,2956,752,103,49,3861,56,27,79,3935,384,302,4626,2642,625,129,50,3442,67,23,86,3537,494,302,4330,1904,633,122,42,2706,50,32,79,2782,805,269,3857,1060,500,80,25,1668,41,41,81,1741,1141,229,3115,377,306,34,11,731,11,13,20,752,1605,218,2584,92,125,19,4,233,4,9,15,243,1283,156,1686,51,64,9,13,137,0,3,3,140,2169,248,2552,20096,7593,1198,505,29393,696,536,1235,30622,11152,3283,45066,429,1296,100,29,1852,38,140,178,2031,1264,135,3427,1718,957,88,58,2823,72,45,117,2944,298,164,3400,2511,714,187,58,3474,81,46,123,3599,380,283,4265,3013,940,294,63,4305,68,36,107,4410,416,253,5082,2961,899,203,71,4129,59,24,84
LGA16550,7148,2166,221,174,9710,283,278,558,10270,2461,1125,13859,7538,1838,370,138,9887,208,131,341,10224,1492,999,12713,6312,1904,369,101,8692,165,106,275,8963,1332,806,11107,5572,1811,204,102,7699,184,100,285,7981,1231,671,9885,4982,1706,118,78,6888,175,85,254,7146,1196,596,8937,4373,1532,143,85,6138,138,71,211,6347,1206,506,8064,3234,1394,121,72,4815,135,82,223,5033,1524,473,7030,1875,1164,105,37,3177,71,77,155,3332,2279,456,6062,760,770,61,23,1622,9,32,40,1659,3344,426,5438,226,389,33,15,660,4,12,18,675,3270,372,4322,84,201,25,19,334,4,6,10,346,7755,1046,9143,45105,19962,2083,1131,68279,1701,2345,4042,72322,38288,9083,119700,209,1308,590,31,2133,41,256,296,2427,3961,281,6677,2269,2471,994,124,5853,194,336,532,6389,2531,575,9497,6336,2103,629,192,9271,255,181,438,9706,1684,791,12182,6812,2098,763,155,9827,199,149,346,10178,1507,707,12393,5808,1964,680,126,8578,152,98,244
LGA16610,374,196,32,17,623,44,28,71,692,244,81,1021,349,228,42,21,638,46,15,56,698,204,65,962,461,254,22,18,765,35,18,50,814,221,98,1132,536,280,26,19,857,43,32,78,933,269,132,1332,568,304,14,16,908,52,22,74,977,283,116,1375,576,368,32,25,1000,42,16,54,1053,383,126,1562,516,364,31,13,926,36,14,47,977,526,115,1607,363,332,33,17,749,21,18,40,789,769,141,1699,138,147,12,15,312,5,6,10,318,1122,124,1564,50,60,5,4,119,0,0,0,119,1018,109,1247,33,38,5,13,93,0,0,0,95,1974,238,2314,4520,3220,295,231,8262,451,245,692,8958,7955,1529,18439,196,396,31,19,641,37,39,72,715,508,137,1363,478,288,39,19,827,36,24,62,890,186,134,1209,471,240,49,19,781,24,24,44,826,194,102,1121,455,267,63,25,811,22,6,31,842,206,129,1172,455,263,32,18,771,22,4,24
LGA16700,5460,1664,213,164,7499,335,262,598,8102,1945,493,10539,6215,1559,326,147,8245,279,153,433,8678,1473,490,10641,5283,1632,240,107,7252,204,132,335,7587,1256,370,9214,4571,1540,107,73,6290,175,117,293,6586,1036,325,7941,4095,1472,89,83,5736,151,84,240,5977,1005,302,7287,3947,1350,89,87,5474,192,95,289,5763,1127,271,7166,3031,1275,117,71,4493,139,89,226,4720,1513,242,6478,1781,1033,92,55,2959,78,78,157,3121,2374,240,5735,693,635,54,20,1410,19,9,28,1435,3214,201,4846,184,247,24,13,467,6,9,12,474,2814,174,3468,52,156,3,17,242,3,6,11,245,7405,632,8283,37800,16824,1596,1023,57239,1844,2017,3859,61106,31835,4402,97336,146,1214,551,20,1935,39,273,313,2249,3482,165,5895,2162,2414,952,126,5654,208,330,537,6193,2068,353,8607,5610,1967,703,148,8431,300,168,469,8894,1496,544,10938,6964,2121,846,188,10111,306,130,433,10548,1676,560,12783,6374,2090,696,165,9320,289,137,424
LGA16900,1904,771,131,42,2851,147,65,210,3069,603,190,3854,2020,910,176,59,3170,106,60,166,3331,631,193,4159,1916,1001,110,38,3073,97,76,170,3239,590,189,4018,2270,1130,74,43,3521,116,73,191,3711,688,195,4592,2223,1037,95,47,3402,90,60,150,3554,763,211,4526,2201,1040,138,40,3419,92,52,144,3563,937,219,4716,1753,916,141,33,2837,82,41,121,2962,1380,221,4561,867,595,79,23,1566,50,37,82,1646,2094,214,3954,210,264,25,14,518,4,18,23,545,2933,241,3716,54,82,7,13,147,6,4,3,151,2447,211,2815,17,35,9,14,71,0,0,0,72,4260,617,4953,17655,10331,1135,485,29610,1231,965,2200,31812,19978,3068,54853,538,1342,434,42,2354,120,198,322,2676,1948,188,4813,1678,1165,425,67,3333,181,112,293,3628,766,198,4593,2214,1007,476,83,3778,134,46,183,3963,624,200,4787,2109,1100,458,87,3753,80,45,117,3876,695,228,4799,2241,1196,337,53,3829,60,45,108
LGA16950,1939,917,148,76,3084,146,83,229,3309,915,348,4575,1925,1066,143,58,3200,142,64,207,3402,1007,324,4735,1962,1125,122,50,3262,133,61,195,3453,945,304,4706,2346,1344,92,59,3841,145,83,231,4068,981,331,5379,2450,1393,128,78,4058,142,77,215,4269,1136,385,5794,2654,1505,158,79,4392,142,81,222,4614,1478,420,6510,2399,1708,204,81,4393,140,105,251,4637,2449,473,7562,1313,1359,158,61,2895,100,95,202,3093,4183,513,7784,406,750,75,33,1263,9,26,27,1289,6480,608,8380,126,289,23,16,450,0,8,8,458,5653,487,6600,56,134,11,36,238,3,4,7,247,9689,1436,11370,19768,14289,1461,805,36331,1553,1033,2589,38916,38086,6325,83331,671,1784,231,82,2770,113,207,323,3088,1971,399,5461,1793,1266,163,97,3322,209,112,326,3650,797,316,4756,2372,1157,260,80,3873,122,66,190,4066,930,364,5362,2350,1398,296,85,4126,118,59,180,4306,986,375,5669,2377,1438,255,74,4142,107,63,164
LGA17000,752,240,47,24,1061,42,27,69,1128,238,89,1454,711,284,49,14,1057,24,27,51,1110,228,105,1443,693,332,34,21,1081,38,29,63,1146,174,102,1427,804,372,29,32,1238,40,24,69,1309,216,109,1633,881,352,46,26,1307,43,18,61,1368,221,114,1702,829,308,38,17,1192,37,18,52,1248,273,112,1631,665,281,42,17,1004,29,12,46,1048,368,109,1528,326,192,21,16,561,13,13,24,589,538,101,1227,123,105,13,3,250,0,6,6,257,666,102,1032,44,56,0,8,99,0,0,3,107,529,79,712,21,18,6,3,57,0,0,0,61,995,135,1187,6855,3332,390,244,10823,400,301,707,11525,5269,1330,18123,359,545,77,21,1000,43,85,126,1132,477,145,1746,753,332,66,37,1187,36,24,59,1249,157,140,1545,865,252,67,33,1220,22,18,39,1264,197,112,1572,837,322,106,30,1299,18,16,35,1331,223,94,1647,785,366,74,24,1246,23,4,30
LGA17040,592,207,32,14,848,21,6,33,875,135,110,1125,561,210,43,11,827,23,11,31,862,158,98,1110,517,250,31,17,811,17,13,28,841,164,86,1089,755,280,24,17,1083,13,7,28,1109,156,106,1369,775,314,26,29,1137,16,4,19,1159,204,122,1486,828,307,42,17,1194,21,14,35,1227,201,121,1555,719,308,43,14,1088,22,15,38,1124,330,91,1542,414,277,47,16,753,20,13,34,787,455,109,1351,203,176,23,3,414,4,7,11,419,774,122,1315,102,91,10,11,216,3,0,4,226,658,72,958,63,51,5,15,132,0,0,0,130,1219,247,1602,6222,3065,352,224,9860,212,132,342,10199,5070,1483,16752,170,426,43,21,663,9,36,40,702,420,81,1200,465,384,27,28,900,18,13,39,935,127,93,1152,658,391,57,32,1140,24,10,36,1177,149,136,1460,641,344,55,13,1051,16,7,20,1070,164,118,1349,656,278,30,16,983,10,13,21
LGA17080,303,107,22,12,446,26,13,35,483,115,55,655,317,178,29,22,549,14,10,24,570,158,55,785,303,182,18,17,520,23,7,28,545,144,63,752,423,177,14,12,627,26,13,32,660,148,71,876,438,180,22,12,647,22,7,30,677,153,73,905,502,198,25,7,733,18,11,29,759,166,105,1027,484,185,40,24,734,19,12,32,763,251,98,1119,312,172,28,11,526,10,10,24,551,388,106,1042,139,110,17,6,273,0,8,8,281,646,86,1014,57,46,7,3,120,0,0,0,121,581,62,768,44,49,5,6,100,0,3,3,100,1072,238,1415,3690,1885,253,167,5990,218,123,340,6332,4347,1121,11791,117,255,22,3,400,21,25,40,438,327,54,824,300,147,16,15,476,22,6,33,507,106,40,659,334,149,32,9,525,16,9,27,542,115,59,723,338,163,32,22,545,25,12,31,575,111,57,743,395,185,30,12,629,18,8,27
LGA17100,2457,920,69,80,3525,143,107,251,3779,808,423,5007,2289,637,93,66,3082,131,74,208,3287,662,343,4290,1556,500,46,46,2148,80,43,127,2270,457,220,2947,1215,413,33,44,1704,64,33,99,1807,373,149,2325,1131,442,32,40,1646,47,29,75,1724,423,145,2288,1170,495,25,39,1725,42,36,74,1806,458,121,2388,965,371,41,29,1407,42,33,76,1481,558,120,2158,524,266,20,21,820,37,32,67,887,755,108,1751,211,170,18,10,406,4,14,19,421,821,71,1316,75,88,4,3,170,0,5,10,174,796,68,1038,30,59,4,8,103,0,0,0,105,2025,141,2275,12681,5984,476,477,19618,718,753,1476,21091,10648,2349,34085,59,327,113,5,499,14,67,77,579,1385,97,2062,987,1503,306,93,2887,128,227,353,3237,1046,323,4601,2421,1302,317,99,4142,199,157,355,4499,920,418,5842,2385,947,324,108,3764,132,87,222,3987,939,317,5246,1956,635,230,71,2893,72,46,122
LGA17150,8359,1853,353,186,10743,259,96,350,11094,1029,600,12728,7954,2525,674,169,11324,167,100,270,11592,1334,596,13519,8064,3316,441,157,11972,174,120,293,12261,1410,564,14231,9152,3917,259,158,13485,192,145,337,13817,1487,618,15923,9131,3531,241,172,13074,204,151,357,13435,1406,560,15402,8499,3318,285,178,12280,233,127,359,12639,1737,519,14895,7458,3195,377,123,11152,183,117,302,11457,2531,554,14541,4034,2790,321,93,7239,127,141,266,7503,4734,492,12731,1467,1696,146,39,3351,24,43,72,3416,7335,443,11193,359,758,46,20,1189,6,16,23,1214,7212,367,8792,124,321,29,34,515,10,15,25,540,15529,937,17013,71712,35795,3613,1641,112766,2066,2053,4130,116891,52844,7080,176813,1101,3720,1545,58,6426,102,589,697,7123,6600,308,14027,4857,3824,1561,112,10348,267,236,500,10849,1762,340,12947,7268,2252,1016,159,10690,244,100,339,11028,1150,447,12623,7420,2726,1335,191,11664,185,82,266,11929,1325,537,13797,7925,3682,1155,182,12940,162,91,259
LGA17200,18662,6673,518,460,26311,698,705,1408,27722,4829,4831,37379,18576,4614,708,395,24293,520,317,838,25129,2593,3761,31481,11614,2932,499,190,15237,398,208,599,15838,1713,2359,19913,8084,1923,293,120,10419,324,142,465,10883,1382,1673,13940,6262,1514,172,109,8056,357,126,479,8538,1466,1435,11439,5032,1318,157,77,6579,259,130,386,6966,1779,1284,10029,3791,1235,138,64,5229,218,114,331,5555,2093,1167,8814,2108,1219,108,50,3483,159,92,250,3737,2615,908,7261,949,874,70,30,1923,24,44,72,1992,3478,816,6290,317,374,32,21,743,8,19,33,775,2847,556,4174,125,242,18,12,393,7,11,19,411,5022,1216,6651,81454,30699,3133,1972,117250,3445,4049,7495,124751,44946,24644,194334,132,1027,564,35,1758,40,259,301,2062,2869,360,5287,5173,4726,2020,257,12172,488,936,1419,13595,6310,1672,21572,16791,5950,2090,415,25242,837,663,1504,26745,5115,2612,34467,18602,5385,1988,405,26378,682,422,1105,27483,3890,2268,33637,13219,3680,1399,238,18535,505,221,731
LGA17310,1818,616,105,65,2611,148,48,194,2803,535,266,3612,1826,663,120,50,2661,105,50,154,2816,513,254,3580,1602,730,74,42,2456,84,40,126,2583,496,235,3311,1910,718,60,44,2740,79,51,127,2870,475,267,3612,2011,751,63,46,2867,93,38,133,3000,539,246,3785,1915,783,87,51,2835,72,29,102,2941,639,258,3837,1732,760,103,48,2644,69,41,109,2753,901,301,3959,1146,664,89,31,1921,67,44,114,2041,1399,295,3734,449,378,41,21,893,3,13,12,905,2232,300,3434,130,199,18,15,369,3,5,5,373,2110,247,2723,99,108,12,25,243,0,5,4,243,4128,627,5003,16523,8013,926,537,25999,1030,580,1611,27609,16166,3776,47552,627,1328,88,51,2090,82,163,243,2330,1462,299,4102,1457,703,90,59,2309,118,76,195,2506,564,241,3316,2048,698,149,46,2943,92,54,154,3095,540,290,3918,2076,817,162,66,3126,79,50,133,3255,524,281,4062,1987,804,143,42,2981,63,45,108
LGA17350,133,67,13,4,210,15,3,19,229,49,16,290,127,57,13,8,202,9,4,13,214,45,16,275,128,68,4,3,203,9,3,13,220,47,15,274,142,87,5,6,243,11,0,11,250,52,14,317,198,94,4,7,298,3,0,6,300,57,26,381,202,101,9,12,325,13,8,14,342,78,15,434,204,69,14,9,298,8,4,7,299,109,35,442,112,82,14,11,219,8,0,9,224,165,26,416,58,48,5,6,114,0,0,4,120,290,24,433,17,22,3,4,45,0,0,0,45,277,32,354,15,16,0,6,31,0,0,0,31,584,61,684,1492,845,99,78,2516,84,41,126,2643,1992,295,4929,79,102,8,7,194,3,4,6,200,131,23,361,130,58,11,11,209,10,10,15,228,45,18,286,117,32,10,6,171,4,4,4,173,37,9,220,149,78,13,9,236,8,0,9,247,38,12,294,138,78,10,3,232,8,0,5
LGA17400,94,33,0,6,132,9,0,10,140,49,24,221,76,38,10,5,122,3,3,6,134,60,15,207,100,57,8,4,163,5,6,14,174,75,33,285,146,90,10,7,251,10,16,25,277,74,30,381,164,69,6,3,248,16,4,17,267,73,40,381,154,82,3,7,248,19,8,34,279,120,37,443,202,133,15,8,353,10,6,17,370,174,65,610,169,106,19,8,293,13,17,31,325,289,76,684,84,63,6,4,161,0,0,4,158,432,65,661,46,39,0,0,90,0,0,0,90,322,68,473,28,27,4,12,59,0,0,4,61,481,149,692,1351,835,94,78,2363,121,74,194,2558,2383,648,5589,36,85,6,6,138,5,12,13,149,136,23,312,81,48,6,4,132,6,10,8,141,70,27,243,75,36,10,8,135,10,9,17,149,42,23,225,98,60,9,7,172,8,8,17,189,52,20,255,86,57,3,5,145,7,4,8
LGA17420,4781,1209,173,110,6272,187,112,302,6573,772,277,7631,5133,1526,332,115,7112,174,108,282,7393,1209,270,8877,6449,2214,253,125,9048,204,156,354,9402,1454,311,11164,7454,2636,168,145,10397,202,134,335,10732,1390,348,12461,7237,2444,134,115,9934,210,120,327,10262,1279,338,11878,6559,2116,163,106,8937,194,95,293,9235,1213,357,10806,5249,1905,191,84,7426,182,95,274,7703,1832,292,9825,3172,1772,136,53,5132,97,76,176,5308,3223,253,8792,1312,1226,96,45,2675,42,42,87,2763,4890,257,7910,372,556,36,22,985,3,18,17,1004,4444,218,5665,79,251,20,14,360,3,3,9,367,6855,428,7651,52337,24668,2046,1126,80182,1805,2035,3844,84021,35752,3849,123622,685,2924,1278,44,4935,79,645,725,5659,7161,247,13071,3671,3376,1336,117,8496,262,345,611,9105,2051,276,11436,4977,1524,590,105,7197,236,99,340,7539,985,305,8835,5531,1903,863,151,8453,223,86,309,8765,1412,315,10497,8565,2880,911,197,12556,247,136,378
LGA17550,1552,867,104,62,2583,130,66,201,2780,653,240,3678,1839,1106,188,77,3213,117,86,196,3408,815,316,4540,1979,1342,106,52,3483,123,76,201,3678,769,317,4765,2436,1467,98,77,4084,152,79,231,4315,852,338,5502,2531,1474,102,79,4183,156,80,238,4422,973,378,5778,2604,1548,113,69,4337,173,85,258,4595,1151,400,6143,2379,1645,158,75,4261,163,103,264,4523,1924,499,6942,1378,1292,148,52,2868,125,101,230,3100,3051,494,6641,471,684,70,26,1248,8,25,31,1282,4861,489,6639,104,241,14,11,374,0,20,20,396,4554,444,5394,71,135,8,31,249,0,4,8,254,9352,1506,11116,18994,14696,1261,782,35730,1521,1195,2716,38450,31652,5948,76051,453,2001,237,67,2750,110,262,366,3124,1669,327,5118,1320,1442,167,80,3008,151,101,254,3264,545,292,4096,1633,1060,213,86,2986,120,63,183,3167,602,332,4102,1940,1292,301,82,3616,72,75,145,3765,649,351,4768,2346,1566,234,80,4217,86,72,157
LGA17620,430,152,20,10,612,27,9,38,652,115,77,836,415,163,21,12,608,20,11,29,641,110,84,832,394,183,26,12,622,18,11,28,645,103,65,821,483,185,21,14,702,25,6,32,734,107,95,941,471,188,20,6,689,25,7,26,711,118,84,916,478,190,16,13,696,15,9,23,716,151,74,943,435,191,32,11,672,13,12,20,686,215,60,956,271,160,25,10,467,15,13,19,487,318,87,894,111,106,12,8,233,0,3,3,234,501,73,809,55,53,3,0,109,0,0,0,109,460,55,619,48,48,3,11,107,0,0,6,108,918,158,1186,3970,1968,219,136,6299,202,116,315,6614,3571,1018,11205,152,211,24,17,403,13,22,33,432,351,35,822,360,135,12,8,521,22,9,26,546,80,41,671,424,114,16,22,581,8,6,22,594,103,42,746,490,194,28,9,719,12,9,18,744,99,71,910,478,191,30,15,713,8,5,10
LGA17640,142,63,15,8,223,5,3,12,230,39,26,297,150,82,25,6,255,8,0,4,268,50,19,329,152,85,9,3,251,5,0,8,262,43,28,335,240,105,5,7,356,4,0,5,365,58,20,441,269,125,12,5,418,10,4,14,431,67,30,531,315,127,20,6,466,6,11,15,483,94,74,658,277,122,13,0,414,5,3,13,423,147,55,624,193,109,12,6,323,11,5,11,334,210,42,591,124,79,10,9,223,5,5,6,229,332,41,603,70,42,0,3,114,0,0,0,117,303,46,465,50,42,0,12,111,0,0,0,112,563,65,742,2171,1139,138,77,3530,89,54,141,3667,2142,537,6346,78,101,12,8,193,11,16,24,221,202,30,452,140,92,13,6,245,7,9,13,262,45,21,330,175,57,9,7,253,10,4,17,265,46,27,340,178,77,27,6,290,0,3,10,296,59,31,383,224,103,19,5,344,0,0,4
LGA17650,92,46,9,0,153,4,5,12,161,29,17,208,118,72,11,0,209,0,6,8,222,35,12,268,136,87,10,4,237,4,4,11,243,44,17,311,185,108,6,3,304,5,0,9,312,42,23,378,217,93,4,7,318,13,4,15,331,60,34,429,219,99,7,0,326,3,9,14,342,89,33,465,211,93,20,5,329,9,4,10,342,125,26,500,132,82,11,9,235,6,5,9,248,205,39,493,62,47,3,3,109,0,3,0,118,308,24,447,30,30,3,0,65,0,0,0,66,252,31,343,24,18,0,5,51,0,0,0,51,367,40,461,1557,937,92,53,2635,88,60,147,2778,1774,337,4889,50,89,14,11,155,3,10,14,171,171,25,360,95,53,9,6,166,14,5,19,190,43,14,242,138,60,6,3,200,14,0,15,213,37,14,267,118,71,17,0,210,0,3,3,218,36,21,278,148,71,9,0,232,0,0,4
LGA17750,2415,794,131,55,3400,126,46,172,3572,621,251,4442,2163,810,167,52,3189,117,53,168,3360,580,230,4167,2008,763,109,33,2905,85,44,134,3036,482,199,3725,2128,787,69,37,3020,79,43,122,3145,466,195,3806,2141,748,56,48,2991,84,30,113,3105,485,226,3816,2069,713,89,33,2904,69,26,96,2997,531,207,3734,1868,755,97,34,2757,65,38,99,2851,726,214,3789,1093,642,91,30,1852,37,43,82,1935,1263,225,3421,360,400,47,20,831,4,11,14,844,1886,186,2921,110,148,21,13,290,4,0,3,296,1737,172,2206,66,104,12,16,197,0,3,3,203,3735,413,4352,19165,9112,1045,516,29834,1001,733,1732,31567,15076,3047,49690,877,1563,93,58,2588,66,219,279,2870,1476,290,4627,2098,1358,157,113,3729,118,112,229,3956,866,353,5171,2678,946,183,78,3879,113,73,190,4075,623,282,4982,2447,1029,210,59,3743,94,42,139,3878,597,232,4712,2380,1014,125,40,3560,77,44,123
LGA17850,62,26,11,5,94,3,0,8,101,25,17,143,55,28,3,0,90,5,0,3,94,26,19,138,70,28,0,5,102,4,0,0,103,15,11,133,76,53,0,0,129,3,6,9,138,22,25,184,107,37,0,0,145,5,5,3,153,25,15,188,135,41,3,0,179,0,0,4,178,31,21,224,98,46,3,3,152,0,5,3,159,49,17,229,90,44,4,6,146,0,4,0,143,64,24,234,64,38,5,4,108,0,0,0,108,111,28,246,40,16,4,0,60,0,0,0,60,132,32,222,17,17,0,4,44,0,0,0,44,206,75,327,881,453,50,31,1411,29,24,47,1462,799,299,2552,20,39,0,5,63,0,0,6,67,67,16,147,55,17,8,0,77,0,6,9,89,13,18,117,70,26,5,4,102,5,0,5,103,16,11,133,68,34,3,0,103,4,0,4,110,18,15,139,70,33,3,0,106,0,0,0
LGA17900,149,46,4,6,200,16,11,23,231,104,51,382,131,47,15,10,198,21,7,30,226,80,37,345,126,50,7,5,190,19,11,29,219,80,36,333,126,53,6,8,187,11,3,17,207,84,48,341,137,74,6,3,219,21,9,28,250,91,40,375,136,71,13,7,222,16,9,29,252,141,45,438,150,67,6,8,231,23,5,28,254,163,77,492,121,55,10,3,188,3,15,22,211,179,42,433,61,40,3,7,109,0,0,3,110,241,48,396,36,28,4,8,73,0,0,0,73,209,60,336,19,20,0,0,42,0,0,0,37,325,63,429,1299,617,75,72,2057,156,92,247,2309,1956,617,4887,18,37,4,0,61,7,3,10,71,128,86,278,72,30,4,4,114,8,5,10,120,41,65,228,100,29,13,7,154,14,0,13,171,53,86,310,106,55,10,7,181,5,3,6,188,51,82,318,94,40,7,7,146,7,0,8
LGA17950,85,15,6,0,105,0,3,3,109,19,13,140,68,26,7,0,103,9,3,12,119,22,17,153,65,35,0,0,103,12,0,13,106,18,16,146,83,26,0,3,115,8,5,10,122,15,7,150,98,20,0,0,119,4,0,4,127,25,20,170,108,23,0,0,137,7,8,11,147,27,14,200,115,31,12,7,159,3,0,3,161,35,24,218,58,25,4,0,86,4,0,4,90,57,11,159,38,18,3,5,65,0,0,0,66,98,17,181,21,13,0,0,31,0,4,4,32,114,9,153,20,14,4,3,39,0,0,0,42,162,33,242,809,272,45,28,1147,57,29,87,1241,700,214,2153,26,22,3,0,57,4,3,3,66,56,10,132,56,25,0,3,80,3,0,7,79,31,11,121,58,9,3,0,75,3,0,3,79,17,6,105,84,24,7,5,120,4,6,3,128,22,13,161,61,25,0,0,85,7,0,7
LGA18020,149,59,9,6,222,28,12,36,261,81,40,386,134,78,10,3,231,13,3,17,248,82,33,365,176,108,5,12,294,10,10,18,316,62,41,417,203,96,5,8,314,17,6,26,337,97,55,488,245,123,10,5,387,18,4,22,410,99,63,568,288,131,7,7,435,24,13,31,468,157,73,693,270,113,19,13,409,32,9,39,450,195,75,718,181,124,20,4,333,13,7,21,353,301,79,740,115,64,11,3,193,0,4,4,197,457,89,740,58,38,4,0,107,0,0,0,107,427,75,611,55,41,3,14,110,0,0,0,110,830,157,1098,2017,1102,122,83,3332,207,84,290,3622,3214,869,7700,40,112,8,5,163,15,17,30,191,258,69,523,117,66,6,3,184,17,4,21,205,71,51,325,176,84,12,7,278,14,5,22,301,76,53,429,175,82,21,10,284,14,11,22,304,72,47,428,161,94,10,7,272,11,9,17
LGA18050,4326,1235,116,107,5789,109,84,189,5980,439,975,7397,5167,1115,222,106,6613,102,66,162,6783,566,1008,8351,3849,1071,200,67,5194,84,62,144,5336,511,701,6544,2970,1060,102,69,4199,100,53,151,4352,501,488,5346,2518,907,59,44,3528,82,53,132,3670,447,441,4555,1933,710,50,23,2714,75,49,123,2843,450,339,3633,1440,654,54,22,2173,53,39,91,2269,555,291,3115,801,574,49,27,1447,42,44,92,1537,781,241,2555,465,499,21,13,995,6,19,30,1025,1263,269,2550,147,233,12,11,400,5,5,9,411,1213,191,1819,74,155,9,7,246,0,5,5,243,3206,673,4126,24964,9921,977,569,36425,734,728,1457,37885,12041,6180,56107,56,457,273,15,795,7,82,94,892,1884,123,2899,981,889,357,51,2283,56,94,149,2439,683,199,3322,4299,1238,336,123,5989,123,97,227,6213,703,536,7459,5052,1356,481,137,7028,152,87,241,7265,790,597,8654,3709,1086,360,83,5236,118,50,170
LGA18100,59,17,0,6,87,4,0,5,88,29,11,127,64,37,5,0,100,0,0,3,101,20,9,135,103,38,5,4,148,0,4,3,155,25,17,196,81,54,0,3,136,4,0,4,143,33,11,186,96,44,3,6,144,6,3,10,152,45,17,219,107,54,5,4,169,5,4,9,180,64,23,261,112,49,9,0,175,5,0,9,181,79,26,287,97,43,3,0,146,7,0,8,161,111,29,293,56,36,3,4,98,0,0,0,98,204,28,331,26,24,9,6,57,0,0,0,57,174,25,264,17,13,3,0,35,0,0,0,35,358,65,453,889,459,49,43,1441,45,32,78,1515,1247,279,3052,31,49,4,6,91,0,7,7,96,92,7,197,51,23,3,3,78,4,7,13,88,25,11,119,71,37,3,0,111,4,0,4,113,19,11,143,67,50,0,0,120,0,0,0,118,18,8,149,75,32,3,0,107,7,0,8
LGA18200,140,45,6,6,199,11,6,17,216,57,48,312,132,70,15,10,229,14,3,14,244,69,50,363,146,72,6,7,233,12,0,15,248,42,35,326,200,91,5,15,306,5,0,10,319,67,41,424,210,76,6,14,308,23,3,25,335,77,50,457,254,75,10,4,346,11,5,15,361,82,45,495,202,101,10,13,334,6,12,20,352,121,68,538,143,88,30,6,258,10,3,12,273,190,46,506,61,62,4,9,129,0,0,3,132,316,68,512,26,22,4,0,49,0,0,0,52,257,33,337,17,11,0,5,43,0,0,0,44,430,58,529,1688,890,111,99,2790,123,54,179,2968,1935,618,5515,44,116,11,8,180,7,7,21,199,152,72,422,150,69,12,3,228,15,8,23,253,55,49,353,174,68,23,3,260,9,4,20,278,58,51,386,189,72,14,6,284,3,3,6,295,51,75,417,202,88,19,3,309,13,0,18
LGA18250,2937,822,76,66,3898,133,99,235,4135,697,290,5119,3680,857,248,72,4855,113,62,181,5033,791,372,6201,3754,1009,182,62,5010,144,80,224,5234,854,283,6364,3447,1074,87,62,4669,120,71,189,4860,852,286,6003,3005,994,54,54,4106,137,60,191,4298,813,247,5356,2583,893,73,29,3573,89,39,130,3701,802,187,4690,1923,748,49,30,2746,76,60,135,2881,917,192,3992,1110,718,44,36,1905,57,43,108,2014,1356,166,3528,488,564,27,11,1091,18,30,51,1137,1934,169,3237,131,261,22,10,416,0,9,9,422,1645,122,2196,60,141,13,10,226,0,0,3,229,4198,330,4752,24335,10472,973,535,36309,986,949,1942,38250,18631,3014,59897,69,733,334,13,1153,10,157,166,1317,2776,98,4193,1031,1221,427,46,2725,93,121,214,2940,871,135,3951,2360,828,233,56,3480,117,49,164,3640,524,198,4358,2812,857,295,53,4020,79,48,131,4147,645,227,5015,3590,1097,363,75,5124,123,67,189
LGA18350,1018,439,55,28,1541,35,15,47,1593,258,102,1949,960,452,74,25,1514,28,32,61,1570,303,142,2020,1065,536,44,23,1672,28,20,58,1723,325,132,2182,1464,689,41,32,2225,40,19,57,2287,412,193,2890,1651,737,65,35,2484,39,40,76,2565,420,196,3179,1674,753,70,39,2534,42,21,66,2599,473,224,3294,1450,782,81,30,2337,40,28,67,2404,735,179,3316,915,742,58,19,1740,33,35,63,1809,1295,219,3323,418,568,55,12,1049,9,27,32,1078,2505,226,3807,148,329,15,12,499,3,9,11,512,2532,242,3289,85,176,12,20,291,0,5,11,301,4432,562,5296,12024,7635,640,344,20643,421,385,809,21454,15357,2668,39475,396,901,165,40,1499,34,96,129,1633,1242,108,2976,868,686,95,32,1686,36,31,68,1757,269,132,2155,1085,508,112,36,1746,39,20,57,1807,269,94,2169,1250,631,153,34,2069,38,23,65,2133,333,112,2580,1313,711,100,36,2157,40,31,66
LGA18400,1603,438,100,56,2194,69,20,92,2284,311,145,2748,1551,614,122,42,2332,41,32,73,2403,403,150,2958,1669,639,85,45,2440,43,23,67,2500,375,143,3013,1980,791,72,45,2887,57,40,97,2988,404,167,3556,2090,684,61,48,2890,61,31,90,2978,354,167,3505,1791,721,62,42,2610,46,30,79,2690,410,164,3260,1573,663,103,34,2381,43,15,57,2435,609,165,3211,909,490,69,33,1498,18,27,49,1547,1073,181,2805,309,288,27,13,637,8,3,11,648,1594,147,2391,85,91,9,10,192,0,3,4,200,1306,113,1616,35,47,10,12,112,0,5,3,114,2032,312,2459,15614,7112,830,505,24057,564,439,1002,25059,10652,2128,37834,561,969,319,34,1878,59,119,179,2057,1486,173,3712,1314,820,336,54,2520,65,29,104,2616,449,124,3188,1459,612,300,56,2426,50,31,80,2499,432,148,3081,1611,789,343,59,2800,36,17,52,2855,451,147,3454,1662,845,287,51,2846,49,29,84
LGA18450,6169,2650,415,164,9392,446,314,759,10147,2519,690,13357,6090,2660,491,152,9399,304,226,530,9932,2087,663,12676,6012,2860,396,123,9393,274,191,462,9858,2077,524,12454,6740,3174,283,119,10318,296,184,487,10804,2025,557,13387,6674,2786,239,138,9826,310,162,474,10302,2138,587,13023,6431,2854,286,125,9695,303,137,441,10136,2692,607,13432,5203,2533,312,102,8144,252,137,386,8533,3804,636,12970,2498,1954,247,73,4769,137,129,261,5033,5685,585,11306,719,933,96,37,1774,17,41,60,1832,7922,595,10343,160,341,28,30,549,3,10,12,560,7206,573,8340,73,152,22,37,292,6,14,14,303,15329,1623,17254,52443,31062,3278,1467,88255,3347,3408,6758,95009,63178,8886,167076,1036,3383,1185,81,5681,229,705,941,6623,5836,569,13032,4359,4550,1757,192,10854,514,508,1024,11875,3180,725,15784,6554,3085,1138,211,10981,386,221,602,11588,2154,705,14450,6165,3219,1279,168,10823,265,176,438,11257,2070,640,13971,6147,3302,982,137,10573,221,121,337
LGA18500,3174,524,90,49,3841,54,44,98,3931,265,475,4668,3123,588,144,56,3905,58,30,89,3995,314,453,4760,2437,637,126,39,3235,56,23,81,3317,413,355,4090,2145,619,72,39,2871,61,26,87,2961,469,318,3745,1954,641,36,45,2671,71,40,112,2783,537,335,3652,1814,607,43,22,2485,61,33,95,2578,531,262,3374,1423,616,42,30,2111,51,28,81,2190,608,249,3051,1014,627,42,18,1691,23,23,52,1744,786,255,2781,633,697,47,23,1396,4,19,24,1423,1377,274,3067,283,433,25,20,760,4,9,16,772,1433,256,2464,166,337,12,16,527,0,4,4,536,3416,634,4581,19244,7621,738,402,28008,503,467,966,28974,12526,4274,45765,66,328,201,10,613,3,53,58,675,1861,133,2670,1033,707,285,39,2069,59,68,130,2196,558,158,2918,2856,518,137,56,3574,75,30,103,3672,315,198,4184,2678,597,230,66,3565,69,29,96,3662,350,211,4222,2245,624,202,43,3115,61,26,82
LGA18710,362,117,23,15,513,14,8,22,537,85,49,669,444,148,42,0,642,7,8,14,654,99,35,787,517,191,36,21,761,5,7,20,776,91,45,915,764,264,33,19,1081,14,6,21,1103,107,92,1297,791,248,36,20,1103,17,13,27,1136,112,76,1326,686,223,42,18,963,8,9,18,982,130,67,1175,542,238,30,14,823,6,11,18,839,249,77,1163,322,197,32,4,556,9,10,12,574,374,84,1035,148,146,26,6,320,0,0,0,322,550,71,945,69,60,13,3,148,0,0,0,147,449,54,652,45,48,7,13,113,0,0,0,114,703,209,1027,5123,2409,367,181,8075,110,135,243,8324,3466,956,12746,146,413,54,9,625,7,68,73,699,395,37,1133,360,220,16,8,603,26,13,33,640,99,45,780,418,139,32,19,607,15,7,14,626,76,39,739,491,188,50,14,738,5,3,8,746,73,34,853,595,241,56,19,907,12,4,22
LGA19399,36,8,4,0,51,0,0,5,57,5,7,67,38,9,9,0,48,0,0,0,48,3,9,66,39,13,8,3,62,0,0,0,62,12,9,81,45,12,0,0,65,0,0,0,65,11,16,87,26,6,4,4,41,0,0,0,39,4,5,50,53,13,5,0,72,0,0,0,74,6,9,92,42,16,0,0,65,0,0,0,63,8,6,84,40,14,7,6,56,0,0,0,56,20,6,82,31,10,3,0,41,0,0,0,41,14,9,63,9,10,0,0,18,0,0,0,18,25,0,46,7,3,0,7,19,0,0,0,19,41,6,64,402,136,35,20,598,8,4,12,604,168,93,871,9,9,0,0,16,0,0,0,16,9,3,34,7,7,3,0,24,0,0,0,18,0,0,24,19,14,7,0,35,0,0,0,36,8,0,44,30,15,0,0,51,0,5,5,55,12,12,75,42,12,0,0,56,0,0,0
LGA19499,429,174,20,33,660,96,43,147,807,310,442,1561,275,117,23,16,431,105,28,134,561,261,317,1139,223,86,7,15,331,81,20,105,431,232,299,959,188,83,10,14,299,50,10,66,364,207,363,938,155,78,8,9,246,68,12,84,331,253,295,878,138,90,17,11,255,51,12,68,316,283,319,920,124,76,16,6,222,48,20,60,291,329,236,857,72,64,13,5,145,32,17,50,199,459,211,866,29,30,6,0,69,5,6,6,76,532,168,781,5,7,0,0,15,0,0,3,24,319,75,417,3,4,0,4,10,0,0,0,9,254,94,358,1976,1048,146,156,3327,701,238,939,4275,4059,3215,11549,31,66,17,6,123,22,26,46,169,186,175,532,112,97,24,10,245,50,41,86,336,224,266,829,226,153,40,11,430,50,27,79,517,233,372,1118,185,137,52,10,381,45,24,72,449,252,369,1068,157,78,27,9,269,57,13,74
LGA19799,6,0,0,0,11,0,0,0,11,0,0,17,8,0,3,0,9,0,0,0,9,4,3,19,3,0,3,0,6,0,0,0,6,0,0,7,5,3,9,0,18,0,0,0,18,0,4,24,5,0,3,0,11,0,0,0,11,3,0,16,12,5,6,0,18,0,0,0,18,6,3,36,5,0,5,4,12,0,0,0,12,17,8,35,4,7,5,0,12,0,0,0,13,24,5,45,0,6,3,0,9,0,0,0,9,45,17,64,0,0,0,0,4,0,0,0,4,29,6,40,0,0,0,0,0,0,0,0,3,34,20,53,47,27,44,8,130,3,3,3,133,184,62,377,0,0,0,0,0,0,0,0,0,0,0,0,0,0,0,0,0,0,0,0,0,0,0,0,0,0,0,0,0,0,0,0,0,0,0,0,0,0,0,0,0,0,0,0,0,0,0,0,0,0,0,0,0,0,0,0
LGA20110,240,85,12,9,343,4,0,12,349,69,37,458,209,115,24,10,358,10,0,17,375,72,38,486,244,167,15,15,439,9,0,16,458,78,34,567,358,223,18,12,608,12,7,17,622,116,66,805,411,220,22,5,654,13,9,16,674,91,77,844,455,239,30,21,739,16,7,28,762,127,78,966,422,275,52,9,753,14,15,22,779,230,79,1085,278,205,38,14,531,15,16,30,558,409,94,1061,103,129,18,10,254,0,11,9,267,634,73,975,27,59,6,4,97,0,0,0,98,585,62,744,25,28,6,9,68,0,0,0,70,1085,147,1298,3006,2095,270,129,5491,123,92,216,5707,3811,863,10379,47,234,61,13,349,8,5,18,367,251,46,666,157,180,32,18,389,6,3,14,400,70,47,516,255,159,41,12,459,7,3,11,472,65,55,592,283,171,41,9,503,5,5,7,508,62,28,607,309,213,36,11,567,11,4,8
LGA20260,264,116,19,10,413,14,3,19,430,154,44,628,211,112,21,7,362,19,8,20,383,190,37,613,261,127,12,4,407,8,3,15,423,196,53,667,271,136,12,8,429,16,9,25,452,192,43,690,360,179,14,4,559,14,3,18,576,191,49,816,362,158,20,8,544,23,7,30,574,183,30,792,311,196,36,3,555,17,10,26,581,251,61,890,247,157,25,7,436,10,4,12,446,403,47,890,101,98,21,6,226,0,3,4,228,539,65,823,30,39,7,9,79,0,3,0,83,526,47,650,32,30,11,10,81,0,0,4,81,981,134,1195,2725,1671,226,89,4711,174,81,257,4974,4162,671,9799,79,178,17,6,281,9,16,24,304,222,29,557,229,133,16,12,388,28,9,37,422,98,35,560,293,125,26,0,449,11,4,18,472,158,50,678,321,154,27,8,504,10,3,9,513,201,49,764,225,141,37,5,412,13,3,10
LGA20570,3247,1376,187,74,4890,276,136,412,5300,1068,390,6761,2926,1390,263,84,4662,189,106,300,4959,1023,371,6361,2773,1518,183,69,4543,150,88,244,4784,964,328,6075,2971,1594,144,59,4773,143,109,252,5017,972,343,6337,3096,1499,108,66,4763,168,100,266,5038,1011,336,6382,3103,1444,162,71,4769,155,78,231,5005,1122,378,6502,2581,1386,164,51,4179,115,74,182,4362,1506,350,6220,1464,1172,154,53,2842,82,62,144,2992,2505,357,5852,432,645,85,32,1189,9,20,31,1219,3958,369,5548,111,215,23,9,362,4,7,9,369,3467,341,4173,56,115,16,20,196,0,0,0,203,6907,746,7861,25474,16672,1777,793,44717,1877,1531,3411,48126,28974,5117,82220,653,2357,322,62,3397,110,372,486,3876,2712,334,6927,2467,2436,319,88,5312,206,182,386,5701,1099,402,7198,3814,1862,359,107,6146,215,142,357,6499,1085,482,8066,3563,1787,401,84,5833,160,77,236,6074,1054,341,7470,3409,1917,280,65,5671,134,85,224
LGA20660,4342,1477,179,97,6089,262,146,411,6503,1036,355,7889,4500,1528,399,94,6525,177,105,283,6805,1124,426,8360,4411,2015,280,99,6806,157,112,264,7076,1166,359,8594,4540,2231,177,90,7045,175,115,280,7327,1100,350,8779,4456,1997,125,85,6669,169,88,264,6927,1084,359,8375,4097,1815,130,85,6123,156,93,245,6374,1143,336,7849,3567,1764,179,70,5580,135,91,224,5803,1541,314,7658,2117,1554,162,41,3867,82,56,141,4011,2583,289,6881,807,934,80,43,1858,25,34,57,1912,4292,326,6532,193,359,26,13,587,5,10,14,598,4101,281,4974,68,193,13,27,298,3,0,11,301,8462,952,9719,35555,20511,1955,893,58916,1683,1744,3430,62347,32625,4889,99850,317,2064,331,22,2734,61,543,597,3337,3328,169,6832,2052,2774,398,91,5309,169,246,410,5721,1032,257,7008,4204,1564,286,87,6137,176,98,277,6411,747,318,7476,4957,1726,549,76,7316,159,82,246,7558,908,302,8773,4996,2193,427,86,7698,141,79,224
LGA20740,553,319,70,21,957,41,27,60,1024,224,96,1337,608,389,75,28,1103,49,27,76,1180,267,97,1546,614,403,55,21,1094,47,23,69,1162,281,87,1537,755,492,46,19,1312,45,37,86,1392,296,111,1803,885,545,56,18,1508,52,24,74,1581,318,154,2052,830,568,72,23,1492,46,28,79,1568,455,159,2186,783,637,91,24,1536,72,35,112,1648,665,159,2472,480,593,101,21,1196,47,45,91,1291,1264,163,2713,194,311,44,18,573,4,12,11,582,2153,230,2958,66,135,19,8,229,0,3,6,237,1934,177,2344,40,88,13,15,154,0,4,3,154,3150,498,3809,6289,5257,725,262,12542,517,337,856,13395,11982,2084,27460,147,588,152,37,921,27,49,77,1000,731,111,1842,484,460,72,28,1034,34,30,64,1101,243,90,1427,737,380,89,38,1246,41,18,54,1305,244,124,1668,826,476,112,35,1447,30,21,52,1499,300,115,1914,886,616,135,19,1652,30,20,44
LGA20830,1345,489,100,37,1966,60,33,91,2063,387,149,2599,1259,593,117,35,2007,53,33,83,2089,449,137,2676,1142,643,69,38,1901,50,33,81,1977,445,180,2605,1382,658,64,26,2133,62,30,89,2226,443,162,2825,1565,794,71,43,2478,62,40,102,2573,435,210,3223,1496,774,103,49,2429,64,29,93,2520,533,210,3264,1383,766,129,42,2324,86,40,121,2446,782,231,3463,865,692,91,31,1684,47,42,86,1769,1254,236,3260,335,380,43,21,777,9,16,20,798,2191,221,3206,125,158,23,15,322,0,0,0,326,1982,214,2526,82,117,14,12,230,0,0,0,228,3328,476,4034,12367,7547,905,438,21260,696,544,1238,22492,13958,2735,39189,337,1068,114,32,1556,61,152,211,1766,1283,163,3208,1222,848,122,60,2257,80,59,142,2395,358,135,2884,1802,701,164,65,2734,74,37,112,2847,438,203,3487,1775,817,225,58,2866,49,39,89,2956,503,184,3647,1663,875,122,54,2716,37,34,71
LGA20910,2220,656,83,52,3007,88,46,132,3135,403,214,3758,2376,709,181,49,3310,92,43,134,3448,519,265,4226,2783,1107,191,56,4138,73,45,126,4263,753,250,5263,3832,1639,129,67,5663,104,114,222,5882,899,370,7155,4589,1916,94,91,6692,122,94,213,6904,1003,404,8312,4151,1644,121,80,5993,144,72,215,6206,966,376,7546,3260,1622,136,50,5069,120,67,193,5259,1281,343,6881,1807,1353,117,45,3318,65,59,123,3444,2004,305,5756,811,1099,75,34,2022,18,40,56,2077,3046,274,5405,245,561,32,15,855,6,22,24,877,3166,272,4310,101,261,13,22,397,5,10,16,408,7796,757,8966,27557,16445,1336,651,45994,998,1218,2216,48206,26181,4286,78674,154,2213,399,20,2793,21,467,491,3285,3520,165,6965,1299,2421,332,50,4109,96,154,255,4356,740,106,5212,2119,705,123,48,3001,116,57,171,3172,354,134,3659,2496,716,264,62,3537,59,28,89,3629,456,162,4248,2996,1170,284,60,4512,62,40,100
LGA21010,280,107,14,4,406,21,8,34,442,95,50,587,275,120,28,10,434,21,7,34,462,117,41,627,269,131,16,11,420,12,3,14,435,113,51,597,317,162,19,10,515,11,18,26,539,132,44,717,390,197,21,4,607,17,5,22,635,152,61,842,459,227,29,12,734,11,9,21,751,183,83,1019,436,263,46,13,762,18,10,29,794,256,89,1132,279,229,35,17,557,23,13,32,592,449,86,1129,145,125,25,9,295,0,4,3,296,757,98,1153,46,50,3,0,103,0,0,0,107,661,65,835,35,40,8,4,81,0,0,0,82,1394,152,1623,3239,2017,284,116,5659,192,127,320,5974,4788,925,11688,87,214,27,17,350,8,25,36,379,292,68,739,253,154,18,13,439,14,11,25,461,95,52,608,304,137,38,17,500,18,7,25,524,91,64,678,324,156,43,14,539,11,5,11,552,106,60,716,318,163,27,12,519,8,4,11
LGA21110,6766,2342,225,157,9491,354,254,602,10097,1448,694,12236,6010,1662,366,109,8149,234,119,355,8508,1231,568,10304,5311,1909,300,104,7622,205,118,319,7941,1375,461,9778,5831,2474,188,88,8583,183,156,336,8921,1528,509,10957,6642,2771,163,124,9696,257,154,413,10106,1686,531,12321,6351,2566,178,118,9211,228,116,343,9559,1688,537,11778,4952,2197,193,72,7416,185,114,298,7712,2072,444,10231,2938,1963,171,55,5125,117,103,223,5341,3003,408,8751,1243,1581,105,45,2971,30,45,73,3049,4495,383,7924,420,806,46,28,1303,9,19,25,1335,4355,339,6027,163,418,33,38,656,3,16,20,677,11222,969,12864,49770,28985,2328,1176,82264,2117,2720,4838,87101,44494,6831,138428,131,3295,595,46,4070,33,790,826,4892,6794,262,11950,2893,5445,679,115,9132,228,496,724,9857,2111,333,12306,6570,2320,324,124,9335,236,155,394,9730,985,399,11115,5929,1816,458,99,8301,175,97,277,8577,981,374,9929,5569,2114,428,100,8207,176,100,273
LGA21180,6836,2996,270,393,10495,755,380,1135,11628,3110,1041,15780,6957,2643,381,326,10307,658,274,933,11246,3284,1007,15532,6075,2411,291,237,9013,570,267,829,9847,2818,808,13470,5776,2483,201,242,8700,524,305,826,9525,2606,714,12846,5701,2384,153,253,8495,531,278,803,9296,2702,726,12722,5261,2248,186,220,7913,479,224,701,8616,2856,688,12163,4232,2034,169,177,6615,364,239,605,7222,3772,708,11695,2516,1440,170,105,4220,249,186,433,4654,5212,610,10474,713,670,70,42,1497,28,36,61,1553,6959,660,9176,138,195,14,19,366,5,5,9,374,5529,500,6402,49,73,7,23,153,6,5,9,156,9467,1167,10788,48442,26890,2220,2476,80029,5273,3983,9261,89289,59021,10144,158455,381,2543,332,96,3357,150,788,945,4301,6192,638,11131,3420,4484,494,309,8705,518,545,1065,9766,2718,920,13406,6727,3478,458,383,11051,558,312,873,11928,2463,1317,15713,6556,2888,589,314,10340,441,206,646,10988,2743,1113,14844,6118,2780,455,233,9588,416,198,612
LGA21270,123,42,9,3,171,10,3,12,184,42,26,255,97,49,5,4,156,8,7,9,162,35,19,217,100,57,3,6,170,8,0,9,175,50,13,244,124,100,5,4,232,7,4,12,249,42,20,307,178,100,10,6,296,12,0,14,303,70,31,404,208,101,11,3,321,4,3,6,329,77,46,456,214,110,18,4,348,13,0,13,360,96,56,515,162,88,21,8,273,5,0,7,281,182,53,519,74,57,14,7,147,0,0,0,148,293,45,490,24,24,3,0,53,0,0,0,53,244,44,339,28,20,3,10,63,0,0,0,66,711,144,922,1453,875,105,53,2483,81,33,109,2599,2073,529,5200,43,89,6,6,139,0,0,0,145,153,25,328,104,53,3,0,171,10,0,10,177,42,19,246,132,49,6,11,197,9,4,9,210,32,22,259,113,62,16,5,195,6,4,11,205,53,27,286,107,52,10,7,169,4,0,6
LGA21370,862,334,62,28,1284,37,37,73,1353,291,112,1758,806,377,74,16,1277,41,31,74,1352,286,124,1759,760,424,64,24,1271,46,19,61,1330,285,138,1757,1079,517,51,28,1672,40,31,73,1745,287,149,2181,1211,527,61,33,1833,59,22,80,1914,323,167,2406,1271,627,77,42,2011,47,20,68,2082,400,171,2650,1162,612,119,27,1914,32,18,53,1972,567,184,2728,715,549,89,30,1383,25,32,56,1439,1001,192,2635,262,277,48,8,597,4,9,10,607,1670,192,2469,87,125,7,14,236,0,0,0,235,1654,205,2092,61,105,12,20,202,3,0,3,204,3174,529,3915,9311,5525,735,375,15948,474,348,821,16771,11257,2396,30424,293,696,124,40,1147,33,77,112,1260,823,134,2215,839,433,67,41,1384,50,43,89,1473,294,102,1876,961,397,90,38,1485,32,17,55,1540,266,146,1946,884,462,89,39,1474,44,22,59,1532,283,136,1951,899,540,77,27,1541,21,17,36
LGA21450,3514,1150,210,119,4987,167,112,286,5275,907,333,6510,3623,1497,267,96,5484,134,93,230,5718,1108,376,7197,3333,1463,156,87,5045,117,88,204,5249,974,334,6557,3441,1551,116,83,5192,124,88,211,5405,865,377,6646,3592,1459,128,84,5268,107,65,172,5444,774,377,6595,3100,1242,136,72,4553,119,51,173,4724,815,345,5883,2348,1080,142,67,3633,112,47,157,3790,1133,348,5273,1290,939,80,45,2358,61,61,128,2486,1613,269,4368,445,497,52,17,1007,11,14,22,1027,2685,258,3977,155,175,16,15,361,3,5,6,366,2341,215,2923,77,110,12,25,219,0,0,0,217,3649,445,4310,28036,14516,1493,905,44950,1377,1226,2595,47553,20537,4317,72402,622,2248,308,62,3243,112,500,612,3855,3061,363,7280,2823,2073,292,130,5316,224,205,426,5738,983,340,7063,4571,1713,398,173,6849,176,101,277,7126,1015,469,8617,5084,2112,521,131,7851,157,106,261,8110,1346,531,9982,4958,2185,336,123,7603,132,105,244
LGA21610,10367,3505,488,409,14766,769,338,1110,15873,3502,1081,20461,11809,4476,760,388,17439,686,338,1023,18465,4308,1201,23968,11652,4601,484,312,17048,610,336,940,17994,3841,1054,22887,11339,4646,355,297,16631,576,327,900,17531,3429,1011,21978,11032,4314,290,260,15900,472,259,733,16636,3277,959,20869,9895,3470,344,254,13960,461,218,676,14637,3306,937,18881,7429,3091,316,181,11018,357,219,579,11598,4266,823,16691,4202,2296,279,132,6915,224,151,368,7282,5435,689,13407,1182,1075,124,56,2436,41,55,88,2523,7603,666,10794,235,381,44,31,688,5,17,24,709,6301,488,7497,93,197,12,27,323,3,12,15,342,10904,1153,12399,87658,43273,4024,2954,137914,5748,4915,10663,148578,70923,11949,231451,1375,6118,654,136,8280,317,1936,2257,10537,11664,959,23162,7988,7562,829,476,16844,898,916,1813,18663,4407,1242,24309,12705,5328,922,554,19507,769,340,1103,20612,4103,1610,26322,14001,6001,1255,537,21796,670,370,1046,22838,4910,1615,29360,15861,6995,930,489,24270,604,350,956
LGA21670,213,97,13,8,338,30,10,40,375,127,30,526,171,118,6,0,297,24,13,32,333,116,26,475,201,115,18,6,340,18,9,29,371,127,35,535,249,162,12,11,438,27,15,41,478,180,35,689,311,182,15,11,513,27,12,35,554,205,54,815,341,182,22,15,558,24,18,43,599,254,56,911,274,204,27,11,508,22,8,34,541,370,70,978,210,188,18,8,423,17,14,35,453,553,53,1061,59,97,14,6,174,0,3,0,179,860,83,1120,17,36,3,0,58,0,0,0,58,772,87,921,17,22,5,7,54,0,0,0,54,1398,175,1627,2317,1758,178,103,4352,280,141,421,4776,5431,773,10982,53,202,25,13,300,17,15,31,329,306,49,686,191,146,23,9,361,25,20,43,404,114,32,553,227,127,27,7,392,22,10,37,426,118,35,586,230,131,22,18,404,13,11,22,422,133,42,602,191,142,20,4,357,10,8,19
LGA21750,527,229,26,23,812,27,7,31,843,173,86,1109,498,270,53,19,837,19,12,31,863,167,69,1101,463,296,29,12,805,20,9,32,831,169,57,1052,571,328,20,20,940,21,10,37,974,175,72,1218,614,374,40,12,1041,28,9,36,1077,208,98,1383,659,359,49,25,1090,32,6,37,1125,223,90,1440,601,378,65,18,1063,16,15,38,1097,348,103,1556,402,371,67,17,857,22,15,38,895,575,116,1590,183,210,34,8,432,0,9,5,439,914,109,1461,61,89,15,10,167,0,0,0,168,833,104,1106,53,60,6,14,136,0,0,0,134,1635,213,1987,5266,3626,441,208,9544,251,147,398,9943,6058,1274,17278,182,457,71,22,734,13,30,43,774,382,52,1214,508,247,33,6,794,17,19,39,829,141,49,1025,652,286,53,19,1015,28,9,31,1052,141,81,1277,594,324,69,22,1006,15,10,25,1034,179,87,1294,590,336,65,18,1010,19,17,35
LGA21830,351,106,36,8,494,19,8,28,527,105,57,694,276,155,24,9,476,23,9,25,503,131,42,670,370,176,22,14,578,18,4,24,607,116,54,777,413,228,27,13,681,20,11,30,712,112,53,879,593,212,26,12,840,18,11,22,868,147,72,1085,600,250,41,18,910,14,10,29,933,187,99,1223,530,280,41,19,864,24,9,27,897,263,87,1249,376,229,24,18,648,8,8,13,661,383,94,1140,163,141,25,14,339,4,0,4,350,664,106,1113,102,78,25,0,199,0,0,0,199,591,77,870,54,53,12,14,125,0,0,0,131,1326,204,1657,4269,2381,330,181,7164,198,93,292,7457,4605,1062,13126,129,279,27,34,468,3,18,21,489,357,85,935,385,165,21,19,584,9,6,11,600,86,50,743,392,164,30,15,604,14,8,19,624,101,57,784,374,175,35,18,600,18,8,25,622,111,53,789,351,227,34,19,632,13,12,22
LGA21890,6615,3092,238,212,10157,486,355,843,10997,2180,1022,14197,7398,2715,404,165,10685,403,224,620,11309,1911,1047,14264,5918,2606,367,122,9009,327,169,493,9504,1642,788,11932,5422,2599,199,127,8345,266,172,436,8785,1534,682,11005,5124,2425,180,118,7839,250,170,422,8264,1570,671,10501,4026,1871,154,99,6154,224,96,318,6477,1624,522,8612,3084,1515,123,91,4816,172,105,276,5093,2030,472,7588,1549,1116,104,44,2822,121,72,194,3014,2584,406,5999,508,490,49,33,1079,12,26,33,1109,3710,353,5174,111,184,8,15,320,4,8,11,334,3548,356,4239,61,90,15,27,188,0,4,5,197,9967,1321,11485,42424,24427,2108,1347,70307,2759,2674,5438,75747,38722,8821,123282,196,1865,320,30,2408,64,557,619,3028,3441,257,6729,2251,3646,546,140,6580,292,410,698,7279,1674,469,9424,6629,3591,509,210,10932,337,260,597,11533,1446,654,13631,8187,3183,714,192,12272,292,182,470,12745,1569,641,14955,6887,3021,593,153,10650,220,166,390
LGA22110,785,404,65,25,1280,61,34,90,1372,333,151,1853,773,485,86,17,1365,44,26,69,1435,370,161,1960,753,529,63,35,1379,53,27,82,1462,368,143,1974,944,603,67,42,1654,65,29,92,1746,374,190,2306,1143,695,62,33,1929,79,29,112,2038,441,217,2700,1175,752,119,45,2101,84,31,115,2212,597,265,3070,1167,816,132,37,2150,91,44,133,2288,903,267,3450,779,712,115,35,1646,75,53,129,1774,1698,287,3758,306,428,71,26,827,6,12,17,845,2967,379,4192,116,175,31,13,339,0,3,3,337,2669,300,3316,88,104,21,29,232,0,0,0,230,4208,754,5191,8909,6752,940,400,17002,732,425,1154,18158,16295,3436,37892,290,716,112,44,1163,48,63,105,1267,879,160,2307,707,471,56,48,1275,67,26,96,1371,294,153,1816,922,440,80,41,1482,52,36,85,1573,354,168,2090,952,607,104,41,1705,39,23,57,1763,361,172,2291,915,617,86,41,1665,31,19,52
LGA22170,4696,1523,268,129,6610,306,143,451,7067,1227,554,8847,4854,1903,381,119,7242,216,119,334,7582,1447,609,9631,4452,1969,253,122,6796,212,125,338,7130,1415,532,9076,4800,2096,176,109,7189,253,145,400,7584,1353,558,9497,4995,2066,160,126,7342,223,116,338,7684,1436,580,9698,4558,1915,190,97,6748,234,115,349,7095,1517,525,9132,3852,1799,213,84,5953,221,108,326,6280,1893,523,8700,2221,1455,184,52,3917,149,104,251,4166,2786,451,7399,669,861,84,31,1648,13,43,55,1706,4523,456,6679,156,294,38,12,494,7,16,20,515,4148,362,5032,61,110,7,15,198,0,9,3,203,7725,973,8898,39163,20906,2189,1151,63409,2477,1887,4363,67772,34261,7081,109113,600,2543,324,45,3508,124,579,706,4211,3209,407,7827,2789,2419,371,109,5683,291,181,471,6155,1204,395,7760,4750,1696,411,133,6994,223,136,358,7360,1023,543,8927,5220,2153,620,148,8137,193,97,284,8425,1202,528,10152,5083,2445,475,130,8133,142,96,236
LGA22250,186,71,11,7,280,14,13,26,310,61,25,392,204,111,13,0,334,8,0,19,346,79,32,462,207,114,13,9,345,6,7,10,354,80,31,468,264,121,6,7,397,12,9,18,413,89,33,538,346,156,9,7,520,21,7,31,552,96,30,677,322,186,24,10,543,27,6,31,571,131,46,745,333,164,28,18,544,13,7,26,566,164,51,783,228,183,31,13,454,8,0,7,462,299,65,830,105,112,15,6,238,0,0,0,240,541,70,856,38,57,3,10,110,0,0,0,110,527,59,699,24,36,4,11,80,0,0,0,80,1128,150,1362,2531,1571,185,111,4405,143,72,215,4619,3583,669,8869,53,149,13,3,221,8,9,14,231,219,40,494,195,89,14,7,304,15,5,20,326,73,43,438,215,93,20,8,334,12,7,19,353,75,19,454,190,108,18,8,324,10,0,16,337,64,30,430,257,121,11,4,398,4,0,5
LGA22310,5555,2173,188,149,8065,362,258,616,8683,1596,594,10871,6331,1983,417,141,8864,273,151,424,9290,1271,594,11155,5458,2088,314,109,7969,186,98,287,8255,1196,486,9931,5698,2340,152,98,8285,203,152,355,8636,1135,454,10229,5536,2477,145,103,8264,204,122,324,8591,1152,435,10175,4786,1963,130,83,6963,212,109,319,7279,1121,390,8785,3828,1827,155,69,5880,162,73,237,6115,1603,354,8076,2271,1612,137,54,4076,94,90,190,4263,2438,325,7030,942,1156,67,31,2194,20,34,56,2255,3738,306,6298,218,504,30,19,774,9,25,26,802,3183,237,4227,102,257,17,31,404,3,6,7,415,9463,819,10699,42863,23771,1949,1054,69634,2055,2220,4279,73912,35475,5724,115107,177,2498,374,30,3080,34,543,575,3656,4485,202,8338,2320,3876,524,90,6815,190,377,570,7385,1718,360,9462,6205,2534,340,173,9254,262,136,403,9652,1026,544,11231,6571,2138,569,146,9420,199,120,322,9739,1020,447,11212,6602,2415,463,125,9606,176,100,277
LGA22410,295,164,36,18,511,23,14,37,544,154,66,765,367,181,42,9,602,35,12,45,650,190,63,900,387,230,28,19,666,34,12,44,709,164,64,931,517,318,29,20,883,36,10,45,928,182,100,1207,630,312,37,22,994,25,14,36,1034,216,101,1349,726,354,48,23,1153,31,19,51,1208,298,108,1607,628,334,52,16,1027,39,16,51,1077,428,108,1613,389,279,57,24,747,18,20,34,784,651,128,1561,164,156,28,5,360,0,0,5,365,954,122,1446,60,67,7,11,137,0,0,0,137,764,105,1005,49,55,10,11,123,0,0,0,127,1493,259,1880,4645,3029,408,227,8308,348,177,527,8838,6155,1381,16375,136,367,38,16,561,22,31,55,612,412,67,1091,378,191,25,20,607,32,14,46,654,134,63,852,441,227,49,16,732,32,14,45,781,137,58,979,368,233,47,17,665,18,10,27,696,132,59,888,432,282,33,30,776,10,15,29
LGA22490,481,177,38,7,708,25,8,36,744,114,36,891,575,286,68,13,943,20,11,32,977,189,62,1224,668,354,48,23,1095,13,20,29,1128,205,69,1401,881,396,43,28,1344,20,20,36,1383,215,85,1683,867,441,46,28,1376,17,14,33,1412,224,84,1716,753,393,37,24,1199,37,13,45,1243,245,68,1559,645,364,38,29,1079,37,15,47,1121,324,73,1516,371,270,31,12,689,28,14,40,728,574,92,1395,144,125,22,3,302,0,4,4,302,823,87,1215,45,61,8,7,122,0,0,0,122,605,50,779,26,34,3,3,65,0,3,3,72,780,61,914,5982,3557,431,226,10195,285,220,505,10694,5176,896,16766,198,539,75,27,838,20,71,94,935,666,77,1681,463,327,50,20,857,33,17,51,910,155,68,1129,604,204,56,23,892,18,9,30,920,121,47,1086,711,352,115,25,1197,19,14,28,1234,151,74,1458,831,446,81,15,1375,15,11,27
LGA22620,3465,1323,238,76,5097,238,121,359,5459,1084,409,6949,3128,1515,283,66,4994,165,95,258,5250,1093,445,6788,2860,1547,215,80,4700,175,97,276,4968,1048,368,6386,3193,1651,163,73,5084,154,103,258,5341,1000,377,6713,3343,1655,156,63,5217,144,73,223,5436,1054,418,6909,3377,1616,210,71,5271,141,76,216,5490,1247,444,7177,2862,1731,217,84,4895,133,68,201,5097,1725,469,7292,1656,1410,196,49,3311,100,78,177,3490,2806,455,6744,475,724,103,32,1338,4,22,23,1359,4468,453,6284,122,244,27,19,412,3,13,18,429,3747,404,4577,76,145,15,30,257,3,0,7,273,7399,1135,8804,27657,18019,2140,862,48673,1818,1510,3328,52004,31072,6207,89282,655,2582,293,71,3604,103,413,518,4116,2563,335,7017,2699,2235,304,95,5336,210,171,377,5711,1179,353,7245,3914,1719,323,102,6062,178,108,282,6344,1032,485,7866,3698,1876,475,95,6143,117,80,196,6342,1068,420,7832,3586,2026,307,94,6011,100,64,164
LGA22670,5568,2534,185,310,8595,630,314,938,9536,2998,814,13352,6337,2307,273,270,9186,559,227,787,9979,2980,858,13815,4870,1870,197,209,7158,456,195,645,7801,2587,605,10995,4316,1758,108,154,6334,389,179,574,6905,2257,565,9728,4023,1592,98,174,5892,343,158,499,6391,2258,526,9178,3624,1384,104,157,5268,339,151,490,5756,2443,480,8681,2962,1240,114,103,4426,249,134,387,4817,3029,487,8333,1814,1017,100,79,3015,170,105,277,3289,3825,400,7512,635,526,48,35,1243,14,34,52,1290,4996,454,6744,128,188,18,16,350,5,16,21,368,4423,368,5161,42,67,4,18,135,0,11,15,144,8870,983,10006,37341,19654,1440,1870,60303,4029,2864,6893,67197,49782,7625,124603,276,1784,152,45,2256,124,603,732,2986,5189,420,8601,2817,3791,314,244,7156,401,498,895,8053,2669,666,11392,6147,3296,294,362,10098,447,245,689,10789,2453,1063,14305,5913,2788,388,287,9377,392,205,594,9974,2555,949,13478,5774,2532,308,205,8820,351,167,523
LGA22750,7402,2903,431,204,10938,483,266,752,11689,2284,830,14806,7144,3003,601,188,10926,388,198,587,11513,2564,751,14836,6538,3396,446,146,10524,316,186,500,11028,2306,665,13993,7275,3818,339,180,11605,361,233,596,12198,2288,773,15258,7272,3565,312,186,11331,392,180,570,11895,2284,841,15023,7119,3507,363,142,11131,339,146,485,11618,2552,784,14948,5889,3497,395,133,9912,297,157,455,10373,3624,820,14816,3315,2966,367,104,6753,237,205,442,7194,6063,816,14066,971,1522,165,47,2703,9,46,64,2764,9754,900,13417,214,575,52,36,879,4,21,32,908,8529,732,10171,115,284,27,36,454,8,10,25,476,17248,2051,19775,59000,38628,4098,1854,103579,3858,3197,7055,110633,69055,11482,191172,1083,5426,730,103,7338,199,964,1161,8499,5967,624,15088,5472,6144,848,231,12699,485,491,981,13678,2626,907,17203,9597,4575,769,295,15239,448,285,731,15969,2360,988,19318,9453,4325,1030,208,15015,320,205,527,15538,2508,834,18884,8899,4696,819,200,14617,279,181,455
LGA22830,1850,635,104,53,2637,169,59,227,2866,749,330,3944,1697,741,136,50,2631,102,45,150,2777,827,304,3905,1600,778,95,30,2509,100,57,163,2669,744,277,3692,1860,901,96,60,2916,99,51,149,3067,747,280,4085,2053,886,83,59,3080,96,49,144,3228,704,314,4249,2013,890,109,45,3051,101,32,132,3185,781,337,4298,1728,824,134,40,2735,61,32,97,2831,957,322,4106,1105,723,114,34,1977,42,42,82,2060,1420,325,3800,413,423,53,31,913,0,7,8,922,2236,354,3510,121,160,26,15,324,0,6,6,328,2060,277,2657,77,98,11,23,210,4,0,0,213,4159,608,4978,16279,8987,1102,610,26975,1099,760,1854,28831,18031,4274,51133,429,1242,152,52,1876,70,211,281,2154,1674,291,4124,1503,907,119,69,2596,145,83,230,2828,707,307,3838,2127,798,159,77,3156,118,58,179,3335,743,356,4427,1995,972,181,67,3217,75,48,124,3336,759,368,4466,1878,960,119,60,3016,76,43,120
LGA22910,207,111,22,14,353,28,8,39,394,93,50,541,245,127,29,13,414,5,4,19,430,129,34,594,301,211,21,8,544,19,12,28,573,126,47,748,408,275,27,11,725,14,12,24,752,147,79,977,443,325,30,11,808,27,11,35,848,185,90,1121,430,327,37,20,829,19,14,35,864,208,104,1172,463,343,43,15,863,22,12,36,897,339,120,1361,290,321,56,16,686,14,13,29,717,607,120,1439,127,187,16,8,339,3,3,6,346,891,103,1339,44,54,8,3,110,0,4,4,113,717,99,930,26,38,5,7,74,0,0,0,74,1206,217,1491,3254,2602,337,157,6347,211,140,346,6694,5054,1183,12938,50,205,35,14,303,10,16,33,330,353,44,724,164,131,19,8,325,13,10,27,357,67,38,462,253,131,35,9,424,13,4,21,443,82,50,575,295,205,34,10,550,12,9,25,568,102,51,721,342,235,36,6,616,14,13,23
LGA22980,129,31,11,0,165,10,3,14,183,37,8,223,95,57,8,7,167,4,3,9,175,66,21,256,125,56,7,0,189,0,0,3,193,34,8,239,144,57,5,4,215,9,0,8,218,57,17,292,162,81,7,3,253,11,3,16,267,79,30,375,190,87,11,3,294,11,3,18,313,73,35,412,207,95,16,9,329,16,0,16,344,118,36,495,113,83,11,0,209,11,5,13,226,196,31,456,44,26,3,4,81,0,0,0,84,290,31,405,28,30,0,3,65,0,0,0,66,262,34,362,17,19,5,15,53,3,0,3,56,633,86,768,1416,739,93,57,2301,88,34,126,2425,2080,352,4857,37,74,3,3,120,6,11,14,130,160,17,303,106,39,9,5,162,4,5,10,171,39,9,214,186,57,9,5,255,0,0,4,259,38,15,311,145,70,11,3,224,3,0,5,234,48,11,298,102,67,4,5,180,9,4,8
LGA23110,3271,1104,121,113,4611,240,118,366,4976,813,373,6163,3807,1089,255,98,5250,199,88,286,5541,985,409,6932,3557,1277,250,57,5147,156,71,228,5377,982,350,6706,3522,1423,147,66,5163,169,93,269,5426,940,352,6722,3439,1384,104,86,5010,179,76,258,5261,941,316,6524,3238,1176,111,66,4604,177,66,241,4846,945,328,6116,2567,1064,98,52,3777,139,81,217,4000,1396,313,5712,1304,778,116,24,2221,100,63,159,2378,1970,250,4604,394,379,48,13,826,3,11,22,847,2837,250,3927,78,166,12,18,273,4,6,4,277,2442,199,2921,39,64,10,5,116,0,3,3,122,5554,601,6274,26965,12868,1402,739,41976,1713,1219,2935,44906,23334,4182,72428,197,1363,213,23,1793,44,329,375,2170,2123,179,4474,1359,1560,221,62,3203,181,162,348,3544,770,235,4555,2885,1151,165,108,4314,181,77,254,4568,681,390,5644,3718,1216,365,108,5400,153,55,211,5614,787,386,6788,4002,1507,357,83,5941,128,71,198
LGA23190,633,206,51,17,908,29,18,49,958,144,69,1165,510,271,41,11,835,21,13,45,875,192,56,1124,464,252,32,11,766,21,14,37,805,167,57,1023,560,331,22,7,920,22,21,39,964,148,51,1163,601,313,24,19,957,19,20,34,994,149,62,1200,654,305,39,12,1015,31,16,41,1058,187,66,1317,628,357,45,19,1047,23,15,33,1088,246,65,1400,367,267,51,20,698,11,11,25,718,471,88,1275,125,158,29,7,324,0,6,6,328,734,72,1132,52,75,3,9,139,0,3,3,140,686,68,890,32,55,12,11,110,0,0,0,113,1677,145,1930,5284,3249,396,183,9109,257,218,471,9585,5419,912,15912,152,411,45,7,612,18,45,62,672,441,82,1196,520,262,38,15,839,30,24,54,892,171,83,1149,677,256,61,20,1008,23,20,38,1044,155,75,1276,651,294,54,19,1020,20,10,30,1043,156,78,1280,576,315,46,15,951,15,14,30
LGA23270,6874,2622,367,333,10200,724,281,1009,11203,3374,938,15513,6930,2693,416,265,10302,513,227,735,11039,3650,885,15573,6177,2601,285,242,9318,455,241,694,10008,3344,782,14138,5860,2599,181,194,8835,436,214,655,9489,3009,685,13180,6045,2518,166,222,8961,376,203,577,9541,3260,729,13523,5734,2250,193,184,8370,325,150,473,8845,3272,694,12815,4193,1851,189,119,6346,241,150,397,6743,3457,622,10816,2282,1326,150,72,3829,151,103,254,4080,4298,540,8922,682,661,58,44,1443,13,24,41,1479,5419,494,7396,139,221,24,6,394,5,12,18,411,4368,399,5176,46,74,9,19,147,0,9,9,150,6940,732,7817,49915,26524,2402,2185,81027,4440,3316,7756,88779,55713,8978,153462,781,3390,438,115,4726,294,1191,1483,6210,8239,775,15225,4642,5045,595,320,10597,793,604,1391,11993,3626,967,16584,8228,3637,669,431,12963,663,312,974,13938,3632,1230,18796,9247,4068,828,426,14562,609,338,945,15508,4541,1250,21296,9075,4187,623,357,14241,515,323,841
LGA23350,278,111,28,9,427,19,4,23,450,96,31,574,295,162,39,11,505,15,0,13,520,125,32,675,377,202,31,16,627,12,6,25,648,138,36,827,535,289,26,18,863,25,12,33,900,142,61,1104,632,287,27,18,961,23,15,30,991,125,74,1191,638,305,39,19,1000,22,13,35,1032,171,72,1276,581,307,59,12,952,19,9,33,989,282,77,1342,373,288,49,9,725,20,15,29,758,447,91,1290,145,174,28,6,355,0,4,4,358,797,79,1227,56,73,7,3,142,0,0,0,147,622,53,816,33,47,7,6,91,0,0,0,98,1031,128,1252,4284,2672,368,162,7488,200,135,331,7827,4478,803,13102,122,309,75,20,531,13,33,47,576,352,57,985,239,171,20,16,447,8,7,18,464,80,46,592,346,167,30,13,548,17,5,17,564,90,36,687,375,176,50,12,612,9,8,10,626,95,48,771,429,226,42,14,713,7,10,10
LGA23430,5307,1622,212,141,7279,306,141,447,7727,1152,530,9408,5825,1821,404,137,8183,222,112,334,8514,1383,490,10391,5797,2371,348,126,8639,216,121,338,8975,1444,532,10953,6259,2710,218,146,9334,220,142,368,9699,1319,503,11522,6297,2623,197,140,9250,267,121,388,9640,1360,502,11501,5452,2155,170,103,7873,213,126,337,8209,1455,440,10100,4353,1976,185,88,6599,177,106,283,6879,1995,397,9274,2597,1685,162,67,4516,130,106,236,4747,3149,440,8342,903,1002,86,43,2031,32,41,71,2102,5064,440,7610,208,419,32,20,677,4,16,22,699,4857,395,5944,66,211,27,26,326,5,8,10,341,10725,1502,12568,46195,24365,2287,1249,74102,2196,2050,4247,78345,39402,6845,124595,407,2961,378,40,3778,57,693,751,4532,3848,217,8594,2541,3318,378,103,6333,208,261,467,6799,1225,314,8339,5212,1911,339,149,7609,246,108,356,7966,910,461,9336,6020,1960,592,153,8728,193,90,282,9012,1088,415,10510,6324,2565,561,129,9578,168,98,264
LGA23670,5776,1752,257,136,7917,288,136,421,8340,1177,402,9921,5711,1887,418,133,8157,251,142,394,8547,1454,411,10413,5338,2291,291,107,8025,210,147,356,8380,1507,395,10283,5457,2564,186,122,8325,215,156,370,8696,1404,370,10470,5986,2564,152,128,8836,231,147,379,9219,1454,379,11048,6053,2402,188,117,8765,232,119,353,9111,1535,385,11028,5091,2276,221,103,7693,191,116,310,8000,2133,360,10495,3008,1998,218,66,5290,151,104,252,5541,3471,389,9404,921,1083,114,37,2158,23,33,51,2208,5502,348,8057,178,358,29,11,575,0,3,9,581,4739,278,5603,56,141,18,26,244,4,3,5,248,9101,873,10216,47883,25846,2395,1223,77349,2362,2223,4581,81929,39953,5167,127051,520,3121,398,47,4084,95,705,801,4887,4195,242,9314,3339,3466,392,123,7322,286,314,602,7923,1432,310,9661,5352,1918,361,133,7772,241,124,367,8138,1027,348,9518,5839,2201,544,139,8729,180,100,276,9010,1314,380,10703,6155,2578,451,122,9306,157,136,292
LGA23810,2051,804,137,58,3053,263,99,361,3414,791,368,4576,1847,951,166,41,3005,198,90,297,3301,837,354,4486,1679,977,101,49,2817,185,90,276,3087,723,268,4079,1844,979,84,39,2939,192,78,270,3209,738,308,4256,1974,1036,112,48,3163,185,65,249,3409,890,361,4662,2116,1070,133,47,3367,171,51,223,3588,1089,374,5048,1827,1026,186,60,3100,186,70,261,3357,1470,401,5224,1089,800,157,39,2094,124,67,194,2286,2209,379,4876,356,420,56,17,846,12,14,25,875,3163,374,4409,74,157,20,19,260,5,9,10,273,2639,292,3200,45,83,10,15,162,8,4,10,173,5054,768,5982,16853,10735,1311,594,29492,2107,1045,3158,32650,22392,4958,60000,419,1453,168,53,2093,103,229,335,2432,1604,306,4347,1547,1132,138,78,2884,219,106,318,3203,740,349,4299,2282,996,224,94,3592,169,89,260,3853,720,392,4962,2104,1034,231,70,3436,161,89,249,3685,806,355,4848,1961,1152,163,67,3342,114,60,176
LGA23940,113,27,8,7,158,14,0,12,165,46,22,236,103,51,8,9,176,11,0,7,186,55,32,283,133,71,4,7,222,6,0,8,233,61,27,316,168,80,9,11,264,13,0,9,273,76,51,400,204,109,8,14,333,11,3,16,352,97,54,501,213,121,19,10,366,16,4,24,389,134,57,578,256,126,21,7,406,19,3,24,432,214,61,708,199,93,24,16,335,6,4,16,349,246,57,649,86,59,9,8,161,0,0,0,160,428,79,663,51,36,3,0,85,0,0,0,89,333,46,470,34,32,5,7,78,0,0,0,78,670,125,872,1672,939,137,94,2836,113,38,157,2994,2631,696,6319,36,97,5,8,147,5,14,18,161,193,37,387,95,51,13,5,163,13,8,17,175,55,36,264,114,55,25,3,198,5,5,7,209,47,22,275,142,66,14,13,233,8,7,17,249,68,25,342,133,74,15,8,229,5,3,9
LGA24130,926,345,53,29,1345,52,21,74,1422,211,123,1755,1097,476,111,30,1714,32,18,47,1761,308,115,2187,1322,701,106,27,2159,29,23,52,2210,354,190,2754,1752,906,98,45,2797,48,43,92,2881,440,207,3531,1951,942,58,39,3002,53,38,93,3092,392,223,3710,1811,826,86,28,2752,56,31,92,2847,406,215,3473,1474,786,113,30,2403,68,36,113,2513,615,204,3331,825,653,104,18,1605,47,43,93,1698,1120,203,3026,363,414,47,16,842,11,15,22,860,1878,200,2947,102,187,17,0,307,0,9,13,320,1600,186,2104,43,75,3,16,138,0,9,9,145,2309,364,2824,12691,7809,875,371,21735,523,477,1001,22739,11411,2509,36663,268,1068,150,43,1529,19,145,166,1690,1410,167,3268,786,711,100,50,1648,41,48,95,1744,274,119,2138,1080,389,98,38,1602,29,25,52,1656,232,112,2002,1250,555,167,34,2006,41,7,54,2053,308,99,2468,1584,836,150,39,2611,34,18,49
LGA24210,3487,1203,132,124,4949,232,125,353,5303,996,277,6574,3424,1097,227,92,4850,171,81,253,5099,970,241,6308,3378,1398,170,85,5026,140,98,238,5268,1144,241,6656,3820,1700,85,104,5712,170,115,278,5989,1175,227,7391,4349,2038,117,86,6586,172,112,287,6872,1273,289,8437,4141,1976,96,93,6309,178,123,303,6610,1323,310,8248,3390,1723,135,75,5327,156,93,255,5585,1869,293,7744,2030,1472,103,60,3664,91,66,160,3815,2628,266,6709,825,995,75,33,1929,22,29,48,1976,4271,259,6505,312,515,41,24,888,7,18,24,907,4589,284,5790,119,317,27,23,488,4,3,9,498,10916,1002,12410,31343,19127,1393,956,52818,1615,1842,3453,56274,37150,4103,97527,238,2152,320,24,2725,49,553,601,3329,3869,160,7356,2051,2857,381,69,5358,169,301,469,5831,1324,187,7339,3399,1342,167,92,4995,180,113,293,5289,772,238,6300,3709,1426,318,115,5571,178,83,262,5828,1018,235,7084,4099,1865,294,112,6377,147,112,257
LGA24250,144,47,11,9,212,9,0,6,221,25,24,274,175,98,17,3,297,6,3,10,304,44,39,393,186,125,13,5,329,5,7,10,342,53,27,426,231,129,8,11,380,10,9,18,401,62,50,513,248,150,9,7,412,10,0,11,423,76,52,549,274,147,17,9,454,8,3,14,471,86,51,608,288,185,18,6,502,7,6,18,523,126,60,709,188,172,17,8,382,8,12,19,404,265,48,715,90,119,10,4,223,0,0,0,222,489,47,762,29,48,10,3,93,0,0,0,93,418,43,545,26,22,3,3,54,0,0,0,54,641,60,753,2081,1457,157,87,3782,80,54,133,3908,2571,565,7049,56,144,29,14,242,4,4,4,249,281,38,557,135,77,12,7,228,6,4,10,236,37,35,304,246,102,19,10,366,5,4,7,375,39,45,456,187,112,19,7,335,6,0,3,339,47,22,414,242,183,17,7,460,0,3,7
LGA24330,4528,2165,154,144,6989,358,256,609,7601,1302,660,9563,5148,1671,299,123,7235,283,133,415,7649,1157,641,9448,4013,1515,272,66,5859,228,104,335,6192,1005,535,7730,3368,1237,124,66,4797,196,92,284,5081,830,420,6328,2723,1058,76,60,3909,205,92,293,4202,819,370,5386,2190,828,74,55,3142,177,72,245,3390,823,299,4513,1603,751,71,36,2463,142,80,219,2683,1121,267,4070,834,477,43,20,1375,88,56,145,1520,1427,228,3174,233,223,26,8,490,4,20,29,516,1730,163,2411,58,59,12,8,133,0,3,6,137,1323,157,1617,27,36,0,3,70,0,5,7,79,3380,513,3967,26369,13288,1290,701,41642,2001,1763,3761,45403,18704,4985,69093,104,943,172,19,1240,35,258,290,1535,1740,150,3426,1339,2115,310,87,3847,195,267,452,4304,925,347,5577,4460,2322,326,164,7273,267,188,453,7729,974,603,9302,5450,2073,451,136,8103,224,113,334,8436,916,596,9948,4813,1678,377,103,6972,156,94,250
LGA24410,4099,1177,176,114,5562,226,100,319,5882,909,304,7097,4473,1610,333,96,6508,181,81,263,6775,1076,337,8182,4077,1733,233,77,6129,149,99,246,6376,1085,298,7756,4132,1910,145,76,6266,173,117,289,6547,1012,292,7855,4156,1887,112,91,6249,137,82,219,6471,962,277,7707,3960,1714,138,86,5901,170,71,250,6148,1001,306,7453,3216,1472,165,58,4916,108,69,174,5085,1345,278,6706,1874,1351,142,37,3414,79,57,140,3551,2225,226,6009,632,757,73,22,1480,19,18,39,1512,3616,229,5361,142,319,28,20,503,3,8,8,516,3543,226,4282,40,143,13,14,218,6,7,15,228,7066,762,8059,33661,18651,1779,847,54937,1585,1439,3029,57965,27838,3970,89765,398,2259,295,32,2985,66,508,577,3563,2777,143,6483,2359,2329,279,73,5039,172,168,334,5380,888,172,6438,3947,1388,275,111,5719,156,85,238,5955,724,262,6948,4470,1673,460,92,6695,106,76,187,6880,946,262,8088,4835,2100,361,83,7381,124,64,184
LGA24600,11139,4949,332,255,16679,870,802,1677,18352,5117,2779,26240,9939,2663,410,169,13181,460,274,736,13917,2240,2021,18180,5317,1415,285,77,7093,256,138,400,7490,1143,1191,9820,3292,888,114,54,4347,175,88,266,4614,842,764,6213,2680,720,91,57,3549,152,53,207,3757,746,628,5124,2258,666,92,32,3049,122,61,183,3229,817,606,4657,1767,628,79,49,2514,89,60,146,2660,960,529,4160,1105,624,69,24,1819,56,38,93,1916,1270,456,3642,514,473,47,6,1042,10,20,38,1076,1668,433,3186,208,253,14,6,486,10,9,16,506,1297,297,2102,107,152,12,14,284,7,5,9,292,2531,734,3549,41862,20152,1974,1164,65155,2851,5151,8003,73156,39838,14234,127234,137,1717,384,38,2278,57,641,702,2976,2901,425,6310,4291,8107,1278,289,13963,669,1585,2254,16219,7249,1712,25180,12956,7552,970,378,21855,977,717,1690,23545,3911,2198,29656,12267,4921,823,256,18260,600,330,930,19198,2372,1739,23304,7918,2618,515,135,11186,393,173,561
LGA24650,4751,1467,266,153,6632,411,179,588,7227,1884,576,9675,5439,1972,378,167,7955,300,155,457,8412,2213,650,11279,5733,2225,294,165,8419,288,183,462,8886,2210,598,11689,5808,2190,169,143,8309,315,178,493,8798,1786,580,11161,4762,1763,140,140,6800,267,121,391,7188,1595,516,9294,3730,1360,154,114,5362,197,82,285,5644,1486,456,7591,2703,1174,148,79,4106,160,73,232,4345,1831,355,6526,1637,912,120,47,2714,127,93,220,2934,2627,392,5960,429,381,41,15,864,14,21,36,905,3531,327,4765,75,124,4,6,211,0,3,3,212,2487,216,2912,24,29,7,15,73,3,0,3,78,3321,336,3737,38562,18203,1954,1308,60029,2866,2077,4942,64971,31192,5936,102096,639,3094,433,95,4265,201,895,1092,5354,5647,569,11568,3567,3192,451,234,7444,457,413,868,8310,2208,605,11121,5773,2285,479,281,8817,408,232,640,9451,2367,787,12607,7202,2995,675,286,11159,377,216,598,11757,3067,895,15717,7976,3200,548,286,12006,356,195,554
LGA24780,1528,607,94,71,2299,145,57,201,2500,606,302,3406,1313,638,107,47,2103,125,66,187,2291,574,269,3127,1304,649,60,52,2061,90,53,142,2204,523,195,2917,1519,701,55,44,2325,102,51,146,2469,545,235,3253,1729,760,62,37,2593,92,42,135,2723,578,282,3579,1612,678,77,58,2425,82,34,115,2542,681,281,3503,1565,697,107,50,2418,78,46,120,2541,893,309,3743,1013,584,88,35,1723,48,34,81,1804,1264,297,3366,339,335,49,12,732,11,8,20,757,2114,323,3190,95,129,13,20,257,0,6,6,267,1799,246,2310,55,75,11,15,155,0,0,4,162,3809,621,4587,13574,7557,847,525,22504,1074,710,1777,24282,15479,3879,43642,341,1010,114,47,1505,77,150,221,1730,1307,245,3279,1239,752,115,73,2185,126,77,206,2386,543,246,3176,1786,716,140,84,2730,102,70,180,2905,586,310,3806,1656,803,177,82,2716,72,58,133,2844,630,345,3818,1525,793,100,74,2492,65,44,109
LGA24850,1252,406,86,47,1795,81,34,113,1911,413,191,2511,1340,511,94,30,1980,70,28,97,2080,435,205,2716,1139,516,68,31,1760,53,29,81,1836,410,185,2438,1341,576,67,35,2014,71,37,114,2127,397,216,2744,1484,604,78,39,2204,80,37,115,2318,377,197,2895,1435,567,74,39,2113,58,24,86,2199,468,225,2894,1140,574,64,26,1811,51,29,80,1891,583,191,2659,704,439,70,24,1241,38,25,60,1297,885,210,2394,229,231,34,15,506,9,3,14,513,1425,182,2130,61,76,8,3,161,0,0,6,162,1156,162,1475,33,50,10,4,99,0,0,0,103,1790,321,2210,11436,5807,751,413,18409,693,415,1107,19515,10259,2670,32443,358,900,96,39,1397,51,134,185,1582,1205,214,3002,1185,701,121,59,2064,86,64,150,2213,498,176,2886,1652,605,138,63,2459,95,32,128,2585,477,211,3272,1860,737,214,62,2881,65,45,110,2991,547,203,3746,1825,726,123,72,2745,53,31,90
LGA24900,638,247,50,13,950,47,24,66,1021,219,98,1334,616,303,54,26,998,32,15,51,1043,216,105,1368,605,309,47,16,985,35,3,37,1023,240,77,1341,760,369,39,28,1187,25,20,47,1234,226,118,1576,914,357,45,29,1347,44,21,68,1412,280,127,1824,897,417,55,24,1396,31,20,47,1444,354,146,1942,856,374,82,25,1339,40,11,52,1394,514,164,2061,569,398,79,22,1067,32,25,59,1128,849,191,2165,214,219,39,12,490,5,5,6,496,1519,205,2221,67,77,12,11,166,0,5,5,161,1393,184,1739,54,59,13,18,141,0,0,6,147,2774,392,3308,7001,3899,602,313,11810,387,241,625,12433,9559,1985,23979,222,526,53,34,829,28,43,66,895,636,113,1644,586,325,42,21,973,21,19,39,1011,198,91,1307,760,321,67,35,1183,25,26,48,1233,179,114,1529,688,341,73,31,1136,21,14,41,1179,220,129,1529,698,378,53,34,1163,21,12,33
LGA24970,6445,2810,219,205,9679,531,419,949,10630,2873,733,14236,6713,2298,437,189,9639,422,228,651,10289,1984,619,12902,5979,2309,257,136,8680,271,214,488,9167,1846,501,11514,6244,2627,173,114,9159,302,203,507,9666,1805,509,11984,6421,2669,163,141,9390,287,197,480,9871,1836,483,12192,5699,2192,157,115,8165,276,156,429,8596,1862,438,10888,4345,1959,165,84,6553,233,99,333,6886,2401,378,9674,2488,1729,143,65,4431,129,102,236,4668,3659,374,8693,921,1041,87,40,2080,25,35,58,2135,5643,359,8134,251,492,42,28,807,9,13,21,825,5864,357,7049,104,302,24,46,476,5,11,13,485,14353,1363,16207,48525,28147,2225,1478,80377,2965,3985,6953,87328,59066,7321,153714,268,3094,408,43,3813,61,913,969,4787,5966,317,11078,3332,5972,693,190,10184,405,797,1201,11392,3952,843,16188,7285,3763,399,282,11728,479,297,776,12504,2093,1000,15593,7067,2761,572,218,10619,345,160,504,11126,1811,721,13655,7250,2883,476,184,10791,275,173,443
LGA25060,5044,1637,196,132,7009,327,179,504,7515,1072,646,9234,5391,1453,375,131,7344,243,122,367,7710,1107,630,9451,4423,1660,282,86,6449,181,80,261,6704,1051,482,8243,4460,1899,152,113,6622,189,102,287,6914,1041,474,8426,4664,1835,122,103,6720,200,102,305,7026,1026,458,8512,3993,1558,126,93,5769,165,83,247,6013,1038,359,7408,3204,1443,123,83,4855,110,70,180,5033,1475,355,6868,1719,1222,130,58,3126,84,66,150,3283,2291,352,5920,611,684,54,32,1378,12,26,41,1417,3520,343,5283,163,250,29,11,452,0,3,8,455,3332,313,4097,64,134,7,21,228,0,3,4,231,8180,942,9356,36263,18637,1833,1033,57763,1839,1628,3459,61219,29832,6062,97118,231,2097,389,33,2749,49,463,514,3266,3042,173,6483,2377,2967,429,96,5873,199,258,456,6327,1110,292,7732,5027,1915,318,128,7386,250,117,371,7756,815,487,9062,5453,1740,467,120,7777,185,97,277,8060,956,416,9425,5137,1901,429,91,7555,154,96,248
LGA25150,857,302,46,30,1228,68,15,79,1309,248,93,1653,901,361,83,17,1357,54,20,69,1432,311,90,1835,1002,435,48,28,1519,48,27,75,1595,330,122,2043,1109,492,38,31,1675,52,33,82,1759,315,123,2196,1262,513,50,21,1847,49,23,71,1917,333,149,2398,1131,520,68,42,1759,56,24,81,1839,358,163,2354,947,426,65,25,1462,50,22,74,1535,495,126,2153,522,375,64,23,981,33,25,57,1033,795,131,1958,176,202,32,8,418,6,7,11,425,1315,141,1880,70,75,8,6,165,0,0,0,165,1066,114,1346,37,36,4,12,85,0,3,3,87,1483,177,1755,8962,4796,543,321,14629,560,340,899,15528,8224,1627,25375,241,698,93,25,1055,42,103,140,1196,868,104,2165,801,572,80,45,1495,57,43,100,1590,229,80,1905,1209,417,128,32,1789,59,24,82,1870,258,126,2253,1268,525,154,50,1993,46,22,69,2064,328,114,2508,1321,604,112,58,2099,29,31,64
LGA25250,8901,3908,316,296,13415,625,401,1031,14451,2379,1100,17928,9532,3122,556,244,13453,429,226,654,14112,2253,1135,17495,7268,2954,415,170,10809,362,169,538,11347,1942,883,14168,5754,2595,253,143,8739,323,169,491,9229,1620,644,11492,5236,2176,179,123,7710,251,146,394,8104,1605,564,10270,4339,1763,159,106,6373,223,124,344,6717,1710,508,8938,3151,1488,143,90,4872,175,92,267,5134,2105,433,7678,1690,1077,101,53,2917,118,101,219,3138,2642,396,6177,559,561,48,30,1196,12,21,37,1232,3708,358,5299,124,181,12,20,339,0,14,14,349,3597,307,4257,56,104,11,30,210,4,8,8,219,11538,1010,12768,50036,26306,2441,1565,80351,3150,2763,5917,86272,41768,8421,136460,258,2046,309,32,2645,79,523,604,3242,3611,277,7137,3092,5005,682,227,9005,385,511,897,9900,2029,578,12501,8906,4652,639,256,14458,473,298,772,15225,1898,938,18071,10627,3933,874,214,15655,378,222,592,16251,1944,896,19095,8783,3537,756,170,13246,290,157,456
LGA25340,3388,1348,198,110,5042,173,89,265,5303,887,373,6565,3323,1557,290,88,5254,127,84,212,5467,1100,368,6932,3630,2012,231,104,5983,135,112,251,6233,1214,385,7837,4831,2704,186,122,7844,206,111,317,8161,1377,545,10080,5425,2795,225,123,8564,193,122,313,8878,1483,544,10906,5058,2510,218,107,7895,187,103,284,8182,1583,577,10341,4265,2594,305,114,7276,187,119,301,7583,2340,548,10468,2659,2368,279,90,5398,152,136,293,5684,4205,643,10539,1025,1596,178,61,2857,19,53,70,2925,7683,714,11321,304,707,72,38,1116,10,38,42,1164,7770,644,9580,119,348,37,34,531,3,12,13,540,14951,1741,17237,37954,25794,2493,1257,67498,1829,1664,3488,70985,49299,7871,128157,910,3218,589,128,4855,96,482,580,5431,3739,442,9616,2830,2585,454,150,6018,170,144,317,6338,925,373,7640,3513,1455,344,96,5408,136,58,191,5601,761,352,6709,3733,1918,503,122,6277,100,67,165,6435,979,431,7846,4035,2314,479,112,6943,92,71,159
LGA25430,274,136,9,10,426,20,7,30,462,244,44,751,255,197,19,9,479,20,13,34,509,238,49,799,328,240,31,7,604,19,10,30,634,282,71,985,450,308,19,12,790,32,17,46,836,275,77,1180,531,412,23,5,973,27,22,48,1014,262,114,1394,581,383,37,20,1024,25,14,35,1061,270,97,1426,546,396,50,17,1011,27,15,47,1053,383,128,1561,363,396,54,13,826,23,23,55,875,657,141,1675,124,200,31,4,356,4,5,11,372,1048,106,1528,38,61,15,0,118,0,9,9,121,902,86,1112,36,53,4,7,100,0,0,4,104,1518,270,1888,3866,3244,319,129,7557,244,185,431,7988,6696,1262,15945,73,297,42,9,416,14,33,53,467,401,63,935,189,180,19,19,409,7,13,18,428,144,40,617,285,197,18,8,503,17,19,38,542,197,48,783,331,240,50,14,633,10,7,23,656,237,50,947,374,333,56,18,785,22,6,30
LGA25490,424,117,29,10,582,23,4,29,612,79,53,736,373,188,40,16,620,6,14,18,637,109,48,798,422,217,43,4,689,13,13,20,708,120,59,883,525,271,29,17,842,18,14,34,877,128,85,1094,553,283,37,22,893,20,11,36,929,131,83,1138,620,282,45,10,959,17,16,39,998,155,87,1238,543,311,47,23,915,20,19,37,951,216,85,1255,379,260,38,17,696,8,8,20,710,412,108,1228,176,135,18,9,339,0,3,3,342,652,107,1095,66,55,10,11,145,0,0,0,145,525,74,738,61,62,5,13,147,0,0,0,147,952,145,1236,4581,2579,384,189,7735,164,130,297,8029,4066,1046,13135,152,316,35,20,518,7,29,35,547,430,66,1048,331,172,31,13,546,8,14,23,568,92,62,721,402,160,47,12,625,11,0,10,638,85,47,772,445,243,59,21,769,3,3,13,773,95,80,953,440,257,38,20,751,6,9,13
LGA25620,233,80,25,9,348,16,9,26,371,80,45,498,301,134,17,10,456,19,11,30,483,94,48,625,296,173,24,10,502,20,11,26,525,128,69,724,401,224,24,6,658,14,14,27,684,109,81,872,473,233,25,7,736,14,15,22,767,151,65,979,456,228,27,18,730,20,13,35,765,167,69,1008,448,271,55,13,783,25,12,30,817,294,101,1211,260,260,30,5,558,18,11,33,590,479,98,1165,112,143,21,12,287,0,5,8,296,786,111,1186,52,69,4,8,131,0,0,0,136,673,96,899,45,43,5,9,107,0,0,0,107,924,138,1169,3388,2160,279,125,5954,180,133,316,6274,4273,1001,11545,84,170,46,11,317,8,23,33,346,360,71,783,253,118,30,15,408,13,7,19,426,109,59,599,276,130,41,10,459,23,9,23,488,63,51,601,325,155,42,13,536,7,3,11,546,98,41,690,332,193,38,7,574,13,3,19
LGA25710,1681,512,74,57,2319,90,33,123,2447,307,114,2865,1439,574,136,42,2191,55,29,81,2274,396,107,2768,1749,923,128,30,2825,47,30,81,2902,367,142,3411,2457,1285,106,44,3887,60,41,99,3992,467,162,4611,2879,1322,102,48,4361,51,44,99,4453,480,180,5120,2686,1264,98,37,4095,61,35,98,4190,541,224,4954,2398,1222,124,55,3798,68,43,108,3908,770,190,4864,1361,957,98,33,2440,40,44,86,2525,1337,157,4017,478,583,45,19,1119,11,18,23,1145,1964,144,3251,111,236,14,12,372,0,10,10,382,1643,122,2142,38,92,4,11,144,0,0,0,141,2282,220,2649,18982,12077,1050,470,32577,655,796,1459,34034,13145,2034,49211,326,1481,254,18,2083,28,316,350,2427,2058,83,4572,1323,1498,222,59,3100,101,95,195,3299,443,80,3823,1533,504,122,26,2183,63,25,85,2272,268,65,2605,1628,637,211,32,2506,36,23,55,2560,339,72,2964,1876,970,199,34,3077,32,35,65
LGA25810,286,108,20,9,418,19,10,26,446,109,41,591,203,101,25,7,338,25,6,32,371,80,33,482,216,125,19,9,359,14,3,22,381,106,30,520,287,149,15,9,465,14,5,22,489,137,33,657,357,184,17,8,555,10,0,13,568,130,50,749,390,181,36,11,617,17,4,24,646,180,62,887,344,204,30,21,601,16,6,23,619,216,44,880,245,176,33,9,458,19,8,26,481,395,74,954,112,92,15,5,221,3,8,8,230,623,59,911,34,53,9,4,102,0,0,0,102,524,63,684,25,30,3,10,66,0,0,0,66,1044,136,1244,2793,1716,234,113,4858,190,73,261,5117,3915,689,9726,54,196,13,13,281,9,14,22,302,217,39,559,257,138,24,16,430,9,7,18,444,87,34,566,342,121,28,9,497,19,6,23,521,77,47,646,289,158,48,16,508,13,8,19,528,102,72,701,244,115,29,12,408,19,7,27
LGA25900,7604,1947,186,157,9886,297,169,465,10356,933,1425,12710,8503,1651,390,145,10690,262,110,375,11065,963,1511,13538,5996,1417,292,91,7802,187,97,290,8089,866,995,9956,4627,1348,190,62,6228,215,97,311,6537,815,803,8162,4007,1287,125,48,5459,198,67,262,5729,887,718,7332,3109,1092,103,42,4345,195,80,271,4619,918,613,6152,2465,1063,98,28,3651,131,71,200,3858,1175,611,5641,1304,913,95,35,2346,94,57,150,2501,1620,445,4560,618,667,52,15,1352,21,29,52,1405,2272,431,4110,213,323,17,11,558,7,16,25,580,1975,283,2837,78,143,16,14,248,3,4,9,260,3851,529,4633,40822,14462,1673,741,57702,1830,1244,3079,60785,19033,9261,89077,89,902,188,17,1199,27,237,261,1466,1676,144,3289,1577,2028,346,70,4021,143,221,361,4379,795,376,5551,6424,2348,384,140,9295,198,141,337,9636,749,792,11177,7302,2096,483,134,10009,201,93,294,10299,827,816,11942,6131,1787,434,94,8448,207,85,293
LGA25990,102,50,9,0,153,14,8,18,173,68,15,253,99,63,17,0,176,6,0,9,191,91,28,310,122,66,5,3,205,10,6,12,214,93,26,345,175,96,6,8,284,9,7,13,298,107,34,441,197,99,4,8,308,11,4,15,327,166,18,509,194,102,16,9,318,11,9,24,345,157,32,542,196,132,28,3,360,5,8,16,376,205,53,626,149,121,22,10,299,18,9,23,323,324,59,703,72,72,13,4,159,0,0,0,158,442,47,650,23,32,3,3,68,0,4,4,67,387,56,512,15,10,7,3,35,0,0,0,35,517,73,629,1477,982,147,60,2667,112,67,181,2842,2772,489,6106,37,86,15,9,145,4,7,11,158,187,47,387,127,60,5,7,198,3,9,10,211,61,27,295,123,59,17,12,213,4,3,9,219,63,14,298,140,63,22,8,229,3,0,5,236,83,21,347,135,85,13,9,239,11,4,12
LGA26080,31,9,3,0,40,0,0,0,40,4,6,52,31,17,7,0,57,0,0,6,55,10,11,80,37,26,0,0,62,0,0,0,61,14,4,73,65,37,4,3,107,0,5,8,111,13,9,130,72,43,0,0,113,0,0,0,121,18,12,151,77,50,3,0,137,4,0,4,141,31,8,184,76,68,11,0,153,0,3,3,152,41,17,204,68,78,9,3,154,0,7,3,162,106,21,284,21,50,4,0,74,0,0,0,74,217,28,330,7,21,3,3,32,0,0,0,32,233,21,290,4,15,0,3,20,0,0,0,25,459,58,536,505,470,47,14,1044,11,19,39,1082,1230,208,2520,5,43,10,0,62,0,8,8,64,56,3,129,30,34,12,3,70,4,4,0,76,13,5,96,39,10,7,4,51,0,0,0,51,13,4,68,35,22,11,4,67,0,0,3,75,8,5,85,41,39,9,0,90,0,0,0
LGA26170,572,230,41,22,864,35,17,56,918,200,84,1206,561,307,56,16,935,25,11,37,979,241,106,1326,603,317,33,27,986,27,9,40,1028,205,98,1336,787,449,39,20,1289,30,18,47,1336,234,89,1665,891,496,44,16,1446,39,21,59,1504,255,126,1889,879,519,76,30,1497,37,23,61,1566,353,158,2071,790,592,73,30,1480,38,34,71,1551,523,158,2235,558,514,64,22,1155,35,20,57,1215,899,193,2307,258,298,49,18,617,4,12,15,635,1499,219,2349,92,140,18,11,255,0,6,4,259,1280,150,1685,72,73,17,23,189,0,0,0,190,2279,299,2761,6653,4667,564,298,12186,365,261,624,12808,8928,1845,23580,181,531,70,33,825,20,55,74,899,694,92,1690,477,312,49,32,865,22,18,33,904,148,71,1127,523,283,59,26,899,21,7,29,928,165,68,1158,655,362,82,19,1113,22,18,45,1158,204,104,1464,704,419,70,22,1216,14,13,26
LGA26260,354,137,19,13,528,19,8,26,556,104,35,692,346,191,39,7,590,16,9,26,610,122,40,773,358,212,23,11,600,11,5,23,627,100,37,758,436,239,20,11,702,15,9,30,730,118,49,892,490,275,35,14,817,27,6,31,851,148,58,1051,539,287,29,6,866,21,9,33,897,176,54,1131,507,311,32,17,871,17,13,24,892,228,62,1181,401,269,41,9,725,10,10,23,742,411,76,1237,170,147,25,8,352,0,0,0,350,703,72,1124,66,78,10,8,165,0,0,0,172,654,67,898,55,39,5,9,112,0,0,0,111,1383,221,1715,4129,2641,333,142,7245,197,135,335,7578,4771,840,13198,123,271,41,18,458,20,25,47,505,406,47,956,373,169,25,10,572,24,9,32,606,110,44,763,447,165,41,15,663,13,11,22,684,105,48,839,361,211,44,15,634,13,7,16,652,123,46,814,390,223,38,6,654,11,3,16
LGA26350,8125,2066,177,143,10513,309,192,505,11016,1142,1164,13325,7290,1508,320,116,9229,251,101,345,9578,826,945,11348,4662,1181,190,59,6095,172,66,237,6337,745,605,7690,3662,1184,105,52,5004,151,76,224,5229,788,450,6462,3530,1207,88,62,4880,170,77,243,5120,881,410,6411,3043,1087,81,51,4265,98,60,163,4428,890,399,5715,2409,1062,87,38,3597,111,59,174,3768,1103,366,5239,1512,1035,73,31,2647,61,43,104,2750,1670,333,4754,811,952,52,30,1847,14,37,52,1899,2388,320,4608,298,506,41,16,861,3,16,22,883,2430,252,3567,165,323,23,28,539,4,12,13,551,6277,778,7605,38153,16179,1430,770,56533,1556,1552,3112,59642,24383,6939,90967,83,1231,244,11,1578,25,299,323,1901,2531,178,4609,2340,3081,510,98,6032,166,311,478,6514,1299,379,8189,7979,2245,377,130,10730,278,127,404,11132,813,634,12574,7405,1707,425,102,9634,198,71,268,9899,700,569,11172,5382,1453,343,84,7260,156,61,217
LGA26430,200,81,18,9,309,11,7,16,327,55,28,407,200,106,10,10,325,10,5,16,337,49,30,419,226,93,18,6,341,7,8,14,362,84,33,477,243,126,16,6,396,12,5,15,414,58,33,502,267,132,17,17,428,13,7,21,445,115,40,602,320,185,22,14,535,16,9,20,556,137,61,754,339,200,32,17,590,17,11,29,616,188,75,881,280,183,26,9,508,20,12,27,538,356,74,963,117,130,17,3,267,5,4,5,273,593,66,927,48,49,11,10,112,0,0,0,110,540,68,722,42,54,4,6,114,0,0,0,111,974,178,1268,2479,1580,198,117,4372,130,78,207,4583,3429,751,8767,67,157,20,11,255,0,8,14,272,206,48,520,191,72,22,7,290,13,10,22,310,56,39,404,219,78,23,6,328,9,4,16,343,58,28,424,228,112,32,8,385,7,10,7,393,53,39,483,253,144,18,7,426,6,4,6
LGA26490,690,241,39,22,996,31,15,46,1041,154,82,1271,824,390,85,21,1322,14,20,36,1356,209,85,1653,925,521,55,19,1518,27,16,44,1558,255,90,1905,1082,663,58,19,1819,22,20,41,1864,224,123,2208,1120,630,50,20,1826,35,19,53,1880,183,119,2186,1026,557,62,20,1657,35,28,65,1718,208,106,2040,854,551,80,24,1511,19,22,37,1548,395,114,2058,510,466,41,13,1035,25,13,40,1079,843,112,2033,201,296,34,9,535,3,8,7,541,1244,97,1889,57,127,13,5,201,0,3,5,205,1005,99,1304,20,48,9,12,88,0,0,3,92,1695,169,1957,7796,5459,596,229,14082,278,281,556,14635,7370,1336,23349,123,751,154,14,1042,14,103,118,1168,832,97,2093,540,582,94,26,1243,30,37,66,1315,180,63,1556,828,364,98,10,1302,20,16,35,1336,163,87,1584,1079,490,168,32,1764,16,12,31,1792,190,97,2074,1311,745,162,33,2248,17,17,38
LGA26610,615,186,30,18,854,33,16,53,904,209,160,1274,530,223,37,23,807,31,13,44,853,257,140,1248,503,228,27,23,775,33,18,44,827,186,146,1162,516,232,27,24,804,23,18,43,843,183,122,1145,600,249,26,28,900,21,15,44,939,188,168,1293,635,254,43,24,957,33,15,49,1002,225,190,1414,600,279,54,22,955,23,17,37,998,295,171,1457,387,257,38,21,703,11,16,24,723,424,158,1307,137,128,28,10,307,0,4,6,310,697,158,1172,43,61,7,0,120,0,0,4,116,640,112,876,37,33,6,11,95,0,0,0,96,1472,274,1839,5254,2704,363,243,8565,281,174,458,9025,5538,2076,16645,161,338,33,12,547,8,34,41,596,429,94,1120,544,247,42,22,850,31,23,56,906,171,102,1180,748,279,71,38,1130,15,19,29,1165,198,141,1506,699,322,66,36,1122,26,17,43,1171,243,155,1570,640,321,47,30,1037,23,18,40
LGA26670,92,45,18,0,159,12,0,13,169,30,15,217,95,53,13,6,168,10,0,12,178,39,14,239,121,58,7,5,185,4,0,3,191,48,25,259,154,54,4,5,224,10,7,12,238,51,24,315,185,96,10,4,294,9,0,8,308,55,25,391,246,95,19,10,371,15,3,14,382,73,29,489,223,120,22,4,366,11,4,20,382,116,31,531,137,108,24,8,280,7,5,7,288,188,32,509,94,74,6,7,183,0,0,4,189,284,33,500,55,36,3,8,106,0,3,3,106,266,34,406,40,23,3,8,70,0,0,0,70,482,76,627,1551,902,139,75,2670,85,43,132,2801,1842,376,5022,35,81,11,5,125,0,4,9,138,129,20,294,82,61,3,0,149,0,3,5,155,23,25,199,109,50,14,3,180,4,3,8,191,33,19,245,103,61,16,6,186,4,0,3,191,32,15,242,135,80,9,12,234,8,3,9
LGA26700,614,249,42,22,927,35,18,53,981,203,73,1253,671,316,50,22,1069,31,16,45,1112,210,67,1391,677,409,49,16,1152,26,23,53,1202,221,88,1510,812,473,49,22,1359,38,22,66,1415,242,123,1783,948,457,41,24,1468,29,10,45,1514,246,109,1872,968,498,58,21,1545,38,11,50,1593,264,129,1989,878,507,70,27,1482,41,30,67,1548,398,134,2086,554,451,67,11,1091,19,15,36,1129,751,128,2004,190,251,37,9,488,3,11,8,498,1238,145,1881,77,95,11,12,189,0,3,0,191,1200,144,1533,63,74,18,9,164,0,0,0,164,2300,498,2961,7164,4647,558,250,12621,364,249,617,13231,8139,1840,23207,210,654,122,33,1018,18,64,80,1096,582,97,1775,545,350,42,32,971,23,27,45,1022,194,84,1291,759,327,81,17,1183,24,24,48,1229,193,88,1509,766,382,78,23,1249,14,11,29,1273,175,86,1536,793,423,55,21,1290,18,5,22
LGA26730,1114,435,72,23,1640,48,29,76,1721,304,127,2156,869,464,91,14,1442,59,24,80,1521,270,116,1907,851,536,57,19,1460,39,17,58,1518,279,106,1899,923,539,57,33,1554,36,34,73,1620,265,131,2022,1085,598,49,28,1761,29,23,51,1810,274,173,2265,1077,560,86,24,1745,29,28,55,1803,282,136,2220,930,540,70,16,1557,28,23,48,1609,440,143,2190,499,459,66,18,1039,24,29,49,1089,831,146,2061,160,226,23,7,420,0,8,11,433,1338,153,1925,20,76,7,7,113,0,0,0,112,1205,154,1470,16,41,7,6,79,0,3,3,80,2494,391,2959,8645,5990,675,296,15605,462,403,857,16460,9027,2060,27549,306,863,103,18,1287,9,89,101,1385,593,127,2107,813,528,72,24,1442,51,37,82,1523,222,95,1835,1192,503,111,46,1845,26,27,49,1898,261,132,2285,1102,559,123,36,1817,25,12,41,1852,265,99,2216,989,596,87,15,1696,28,20,48
LGA26810,1023,413,90,21,1547,75,39,116,1662,482,143,2286,1054,525,99,27,1706,72,44,106,1815,586,171,2572,1039,491,70,28,1632,60,29,88,1717,513,161,2387,1114,566,66,35,1775,69,23,94,1870,479,202,2555,1189,622,82,35,1935,82,34,111,2048,503,202,2754,1309,627,99,51,2083,77,26,104,2183,577,224,2979,1262,677,115,37,2091,75,37,115,2205,796,244,3245,794,652,94,26,1572,52,34,86,1656,1348,237,3243,342,306,53,10,716,10,18,21,735,2078,230,3041,106,136,11,13,262,0,0,3,267,1609,170,2054,77,101,6,16,198,3,0,0,203,2960,416,3583,10420,6267,859,402,17946,743,453,1194,19144,13475,2735,35356,337,702,117,39,1194,54,93,145,1338,1002,174,2514,877,525,84,50,1546,82,44,128,1671,344,164,2180,1186,487,105,32,1805,71,26,99,1909,464,214,2583,1093,559,132,41,1823,43,29,71,1885,532,172,2589,1111,643,98,31,1889,34,23,59
LGA26890,92,25,11,5,132,5,0,9,138,19,10,170,88,41,9,4,142,3,0,7,149,29,8,186,70,39,8,0,122,3,0,3,125,20,9,157,87,58,3,3,161,5,0,0,161,29,12,203,137,61,10,3,205,3,3,6,216,41,6,265,164,77,4,4,249,0,0,5,256,51,20,326,143,71,7,0,230,3,4,6,238,63,12,315,107,58,15,0,180,7,3,7,186,85,10,284,68,46,6,0,116,0,0,0,116,162,19,300,33,23,0,0,58,0,0,0,58,141,22,223,38,28,0,4,63,0,4,4,69,317,59,442,1137,597,89,45,1863,50,22,69,1934,1100,197,3232,31,40,5,0,84,0,4,4,86,63,14,162,70,27,3,0,96,6,4,9,103,25,13,139,102,36,7,3,150,0,0,0,147,18,8,178,90,40,4,7,140,3,0,4,144,30,3,180,99,55,8,3,161,0,0,0
LGA26980,5415,2466,226,146,8249,401,333,734,8990,2235,490,11711,5890,2087,360,119,8452,339,198,536,8987,1699,454,11138,5388,2351,311,112,8159,226,158,387,8545,1525,352,10415,5815,2694,162,94,8760,218,160,380,9141,1707,366,11211,5928,2783,172,116,8992,262,156,420,9417,1540,390,11343,5203,2191,159,96,7651,216,110,325,7981,1584,355,9917,4223,2034,168,79,6505,205,115,317,6823,2116,355,9300,2235,1764,156,45,4200,101,112,213,4416,3330,291,8034,792,1116,83,33,2028,22,32,57,2085,5006,296,7388,213,537,35,19,808,0,14,19,821,5077,321,6222,62,260,24,25,371,0,11,11,382,13023,1280,14687,43948,27501,2153,1098,74706,2426,3180,5604,80306,48749,5776,134834,265,3037,498,33,3836,54,761,815,4650,5109,223,9984,2914,5035,568,181,8692,283,596,873,9567,2543,619,12736,5666,2924,365,205,9154,304,242,549,9701,1548,681,11930,5900,2573,517,169,9161,253,161,412,9568,1583,544,11695,6414,2759,476,113,9763,241,137,378
LGA27070,7570,2854,408,318,11153,621,283,904,12055,2840,853,15750,8773,3390,644,297,13105,510,267,771,13877,3189,887,17949,7724,3127,380,239,11472,405,242,646,12115,2738,695,15545,6786,2950,210,206,10151,379,214,596,10750,2492,632,13877,6385,2662,204,213,9461,351,161,511,9971,2304,530,12805,5477,2269,211,166,8120,283,134,412,8529,2543,540,11613,4266,1938,195,132,6529,200,117,319,6847,3025,477,10341,2459,1496,165,82,4205,133,99,236,4445,4157,497,9097,684,631,69,40,1426,13,26,39,1467,5978,481,7927,126,205,22,11,368,3,3,3,376,4885,357,5615,58,95,8,16,179,5,4,6,187,8714,758,9657,54958,28645,2866,2083,88554,3833,3034,6867,95422,52078,7813,155309,703,3477,402,78,4664,200,1038,1238,5903,6676,545,13122,4433,4846,534,251,10063,531,521,1054,11110,2611,718,14445,7947,3514,525,343,12326,541,274,813,13139,2378,918,16437,9232,4061,905,366,14560,473,258,729,15290,3267,886,19438,10018,4627,720,293,15658,434,268,701
LGA27170,1419,538,81,34,2074,74,40,115,2189,408,174,2768,1240,584,117,35,1981,56,33,86,2058,409,171,2649,1174,538,75,33,1817,69,31,103,1916,362,154,2437,1200,568,50,38,1851,57,32,93,1943,337,132,2415,1349,572,33,28,1987,51,27,81,2067,336,138,2542,1279,529,56,18,1877,51,37,80,1962,408,134,2507,1032,491,74,17,1613,44,25,64,1682,596,148,2428,633,456,68,10,1162,33,35,70,1234,868,159,2264,186,210,37,11,443,4,9,7,453,1394,122,1973,34,75,10,9,121,0,0,6,127,1196,93,1419,20,38,3,0,64,0,0,0,65,2183,217,2470,11210,5978,707,298,18197,655,503,1165,19360,9877,2009,31242,486,910,111,42,1548,48,140,190,1736,929,137,2797,1201,662,70,44,1976,89,47,142,2118,305,148,2574,1482,575,105,46,2219,75,39,117,2331,326,147,2801,1488,722,147,59,2409,48,28,79,2490,394,157,3044,1452,674,91,44,2254,46,23,69
LGA27260,7940,3052,364,324,11678,796,392,1188,12863,3589,970,17426,11785,3868,681,374,16706,788,442,1223,17931,4308,1227,23466,10845,3572,433,319,15171,612,338,949,16115,3394,975,20484,8637,2916,247,239,12033,495,265,768,12802,2537,799,16136,7411,2565,219,166,10358,407,208,610,10972,2083,668,13723,5965,2053,201,141,8363,336,142,483,8848,2217,634,11699,4304,1677,199,99,6285,255,137,389,6676,2639,530,9840,2317,1200,142,58,3719,180,114,288,4009,3608,463,8085,656,626,58,28,1370,19,33,56,1421,4586,430,6443,112,184,14,18,323,4,7,16,335,3433,297,4070,34,62,15,15,121,0,7,3,128,5027,682,5833,64572,28786,2870,2181,98408,5045,3784,8826,107238,47093,8986,163314,698,3965,499,94,5254,276,1211,1483,6740,8408,878,16018,4834,6050,612,413,11902,740,770,1509,13411,3420,1205,18034,9035,5141,631,525,15329,861,470,1328,16659,3868,1769,22298,13472,5350,1120,629,20564,878,510,1386,21953,5024,1745,28719,17505,6159,1029,591,25278,815,480,1292
LGA27350,8678,2275,240,142,11340,278,194,471,11811,1010,1295,14118,8084,1642,335,102,10167,241,104,349,10517,792,1102,12404,4728,1214,285,72,6294,197,73,268,6559,809,694,8068,3230,1045,137,58,4465,151,91,244,4708,739,525,5970,2723,975,74,45,3814,160,77,236,4052,761,469,5281,2288,762,89,44,3183,132,48,181,3366,765,435,4555,1778,776,58,30,2640,99,58,164,2802,968,396,4166,1017,695,59,24,1802,67,44,110,1909,1298,351,3562,474,522,28,20,1042,13,24,33,1077,1762,289,3129,129,238,19,10,398,0,9,8,407,1541,217,2163,44,84,7,3,145,4,6,7,157,3195,446,3797,35358,13273,1468,677,50784,1572,1244,2814,53602,16265,7119,76981,62,735,139,23,956,20,183,199,1156,1281,124,2557,2046,2501,392,65,5007,138,217,355,5369,862,358,6582,8838,2617,404,134,11993,223,134,354,12346,824,702,13872,8800,1985,510,108,11400,182,85,270,11671,797,581,13046,5416,1568,390,77,7452,139,57,192
LGA27450,5020,1528,275,140,6963,212,98,314,7285,1108,407,8800,4612,1944,410,110,7076,138,101,237,7316,1353,417,9088,4551,2316,298,120,7285,141,100,242,7527,1304,418,9238,5289,2692,216,136,8337,176,126,301,8639,1401,474,10517,5777,2653,221,161,8810,163,119,278,9084,1351,509,10941,5485,2623,274,153,8533,159,94,256,8788,1491,512,10784,4641,2595,338,100,7669,159,76,237,7907,2023,527,10455,2743,2163,243,95,5241,105,85,188,5432,3411,398,9240,1006,1216,153,32,2408,19,36,63,2469,5467,479,8418,251,466,54,20,785,6,11,17,802,4849,384,6031,105,208,28,25,378,0,4,10,382,7711,792,8885,44085,26172,2809,1357,74415,1820,1750,3574,77988,37026,6070,121081,900,3042,543,83,4567,109,577,685,5253,3873,334,9465,3350,2902,444,144,6838,246,200,444,7281,1083,330,8692,4862,1815,419,124,7221,157,98,255,7476,963,353,8789,5418,2333,664,154,8566,128,79,203,8773,1170,397,10333,5268,2793,493,117,8661,119,107,225
LGA27630,129,52,12,8,200,14,6,17,214,53,26,293,117,55,9,4,188,7,0,8,196,59,21,271,117,67,4,7,190,5,0,10,196,46,14,256,129,74,3,0,205,7,0,13,217,56,29,299,173,98,15,9,299,9,0,11,306,88,22,422,222,114,11,0,354,9,5,10,368,101,40,510,246,120,21,8,392,4,10,13,406,131,34,574,147,87,19,9,257,13,6,22,281,197,37,512,60,59,8,0,132,0,0,0,132,325,48,506,36,19,5,3,58,0,0,0,58,322,44,425,22,27,0,6,58,0,0,0,58,717,124,898,1533,909,122,65,2628,91,49,139,2760,2375,485,5623,28,97,9,10,138,8,4,11,149,162,33,347,102,39,5,8,162,9,3,9,171,57,18,241,131,58,16,5,211,8,0,8,218,33,25,279,131,78,7,4,225,6,0,10,230,59,23,311,124,82,8,4,216,0,0,0
LGA29399,67,17,0,0,88,0,0,0,89,3,34,121,42,13,4,0,57,6,0,7,61,5,22,90,31,8,0,0,34,5,0,3,41,0,22,66,36,9,0,0,43,0,0,0,44,4,22,75,20,8,0,0,30,0,0,0,30,9,11,56,16,5,0,0,19,0,0,0,18,3,10,36,5,12,0,0,14,0,0,0,19,9,9,34,13,7,0,0,26,0,0,0,26,9,13,48,5,4,0,0,8,0,0,0,8,20,9,31,3,3,0,0,9,0,0,0,9,7,7,25,0,6,0,0,3,0,0,0,3,8,8,22,312,107,11,9,436,13,10,16,450,94,199,743,12,21,0,0,26,0,0,0,26,18,18,61,32,60,4,3,102,0,0,0,107,3,59,168,29,67,6,6,109,0,0,0,109,4,44,152,31,30,7,8,65,0,0,0,65,0,29,99,25,11,3,0,44,0,3,3
LGA29499,270,127,14,13,426,71,33,110,532,230,236,988,212,63,15,11,299,76,20,90,392,217,243,855,146,47,7,9,215,45,16,58,276,171,245,691,103,41,14,12,171,38,18,56,224,142,234,599,85,53,13,10,163,37,14,51,214,132,171,523,87,32,5,11,136,39,8,40,174,125,148,455,68,47,9,4,123,16,11,21,149,161,112,422,39,39,9,0,86,20,6,29,119,176,93,393,5,18,4,0,25,6,0,4,31,224,50,313,9,0,0,0,11,0,0,6,16,128,29,174,5,0,0,0,8,0,0,0,8,123,25,162,1196,641,109,84,2028,411,202,615,2647,2293,1886,6821,25,44,9,6,82,18,29,45,130,165,172,459,91,99,21,7,217,41,31,68,282,173,214,671,169,120,23,6,315,45,25,70,388,203,332,928,153,97,25,8,286,44,14,61,342,202,351,892,119,57,13,5,192,47,10,61
LGA29799,0,0,0,0,0,0,0,0,0,0,0,0,0,0,0,0,0,0,0,0,0,0,0,0,0,0,0,0,0,0,0,0,0,0,0,4,3,0,0,0,3,0,0,0,3,0,0,3,7,0,0,0,7,0,0,0,7,0,0,7,7,0,0,0,7,0,0,0,7,0,0,0,0,0,0,0,4,0,0,0,4,0,0,0,0,0,0,0,5,0,0,0,5,0,0,3,0,0,0,0,0,0,0,0,0,0,0,0,0,0,0,0,0,0,0,0,0,0,0,0,0,0,0,0,0,0,0,0,0,0,0,0,18,0,0,0,24,0,0,0,24,0,5,27,0,0,0,0,0,0,0,0,0,0,0,0,0,0,0,0,0,0,0,0,0,0,0,0,0,0,0,0,0,0,0,0,0,0,0,0,0,0,0,0,0,0,0,0,0,0,0,6,0,0,0,0,0,0,0,0
LGA30250,22,12,0,0,27,15,4,21,53,45,0,102,12,10,0,3,21,18,0,17,42,50,5,97,10,11,0,0,24,14,3,21,40,32,7,83,21,11,0,0,28,15,0,15,49,45,0,92,17,0,0,0,20,9,6,10,33,55,3,89,24,6,0,0,29,9,0,13,36,36,0,84,11,5,0,4,24,6,0,6,27,26,0,60,9,0,0,0,9,0,0,0,17,26,0,39,0,0,0,0,5,3,0,3,3,23,0,31,0,0,0,0,0,0,0,0,0,12,0,13,0,0,0,0,0,0,0,0,0,15,0,15,155,62,5,9,229,114,25,139,369,500,33,907,0,5,0,0,5,3,0,4,7,89,9,101,4,4,0,0,14,5,0,4,21,68,3,90,14,3,0,0,15,4,0,4,22,64,19,97,7,6,0,3,20,0,0,3,19,53,16,90,8,5,0,0,12,0,0,0
LGA30300,131,55,3,0,195,7,9,13,207,40,13,267,113,67,9,3,197,8,3,12,207,32,18,254,140,62,0,6,201,0,0,0,202,35,16,251,152,63,7,6,223,7,0,9,230,28,28,287,177,52,8,7,248,6,0,10,257,30,36,320,171,59,11,4,238,6,0,8,247,43,30,321,154,55,9,4,220,3,8,7,226,57,19,304,118,52,5,6,183,3,4,10,189,74,15,278,65,37,4,6,105,0,3,3,105,122,25,254,24,17,3,0,42,0,0,0,42,99,20,164,21,15,0,3,38,0,0,0,38,199,25,263,1398,634,68,57,2149,66,40,101,2250,890,299,3441,63,56,3,0,126,6,10,14,147,85,22,252,112,50,8,12,184,11,3,14,197,37,32,262,128,39,12,3,185,6,0,14,193,40,35,265,134,53,7,4,199,8,0,9,217,43,35,287,115,46,4,7,171,3,0,13
LGA30370,504,128,32,14,672,30,3,33,703,119,78,896,530,195,33,17,774,14,4,18,789,148,89,1028,537,178,20,17,751,21,6,24,777,119,91,991,525,182,20,15,744,27,4,29,774,83,85,945,531,184,27,14,758,20,7,25,784,80,68,935,563,183,39,22,808,16,6,23,829,120,98,1042,502,154,32,13,701,10,6,19,722,164,87,975,321,106,26,10,469,11,3,14,481,240,54,774,165,63,27,6,264,0,0,0,262,295,64,624,92,38,4,3,140,0,4,4,139,319,53,515,68,40,5,9,128,0,0,0,126,654,92,872,4942,1778,294,172,7184,210,93,296,7484,2695,965,11150,161,236,12,20,429,13,15,28,456,237,114,811,436,112,23,14,586,10,6,20,603,84,124,815,414,136,44,18,610,13,5,21,629,108,110,853,497,154,56,15,721,17,3,21,740,116,134,990,536,200,26,18,789,9,8,19
LGA30410,91,24,9,4,122,0,0,0,124,25,17,166,91,38,4,3,129,4,0,4,132,25,10,169,94,27,4,5,124,0,3,4,128,20,8,159,93,33,3,0,129,0,0,0,130,23,12,165,148,37,3,0,186,0,0,0,186,20,14,215,120,30,3,0,156,12,0,12,172,30,16,212,116,31,10,6,154,5,0,5,163,25,14,199,80,31,8,3,115,4,0,4,119,47,9,178,49,11,5,0,66,0,0,0,66,81,16,160,19,5,0,0,32,0,0,0,32,106,12,147,21,3,5,3,28,0,0,0,28,169,26,225,1060,315,50,29,1447,24,10,39,1487,627,167,2282,35,40,5,4,81,0,3,9,85,42,18,144,71,23,3,4,108,0,0,0,112,9,9,130,100,26,4,8,137,0,0,4,144,17,16,179,90,29,0,0,121,0,0,0,126,24,14,158,100,34,3,0,139,0,3,5
LGA30450,9,0,0,0,10,0,0,0,10,0,0,9,13,0,0,0,12,0,0,0,12,0,0,19,9,3,0,0,12,0,0,0,12,0,0,14,7,0,0,0,7,0,0,0,7,0,4,13,15,0,0,0,14,0,0,0,14,3,0,16,31,3,0,0,40,0,0,0,40,0,0,37,14,0,0,0,15,0,0,0,15,4,0,19,12,6,0,0,20,0,0,0,19,4,0,19,8,0,0,0,11,0,0,0,11,8,0,17,0,0,0,0,3,0,0,0,3,13,0,16,0,0,0,0,0,0,0,0,0,8,3,12,139,20,3,0,168,0,0,3,171,45,12,227,12,0,0,0,12,0,0,0,12,3,10,24,30,0,0,0,32,4,0,4,35,0,0,36,8,0,0,0,14,0,0,0,16,0,0,21,13,0,0,0,9,0,0,0,9,0,4,16,7,6,3,0,19,0,0,0
LGA30760,54,17,0,3,75,0,0,0,75,11,3,94,54,22,7,4,88,0,0,3,91,7,5,112,57,24,3,4,88,0,0,3,89,8,4,103,60,29,3,5,98,0,7,7,102,8,8,120,56,21,9,4,85,0,0,0,90,24,4,118,75,21,8,0,99,3,0,3,105,23,11,141,93,17,8,4,115,6,0,3,128,46,11,177,66,16,5,3,87,4,4,9,98,44,4,144,33,11,0,0,53,0,0,0,49,88,4,142,13,8,0,0,27,0,0,0,27,74,10,116,11,4,0,4,15,0,6,6,17,132,13,160,627,230,48,31,933,24,13,37,971,508,90,1569,30,19,4,0,53,0,0,0,58,18,5,83,59,23,0,5,81,0,3,3,82,15,3,103,50,17,0,0,74,0,0,0,76,7,7,91,67,19,0,3,94,0,0,0,94,14,6,110,56,28,3,0,84,0,0,4
LGA30900,25,3,0,0,29,3,0,3,29,3,8,41,17,6,0,4,24,0,0,0,29,6,6,40,10,4,0,0,15,3,0,3,20,5,4,28,12,0,0,0,17,3,0,3,14,7,9,28,13,4,0,0,17,4,0,4,17,4,5,26,19,0,0,0,22,0,0,0,22,4,0,29,16,0,4,0,20,0,0,0,20,3,12,31,19,8,0,0,25,0,0,0,25,4,7,33,7,0,0,0,11,0,0,0,11,0,0,16,0,0,0,0,0,0,0,0,0,8,0,7,5,0,0,0,5,0,0,0,5,4,3,9,174,30,5,8,213,15,0,15,228,60,56,348,14,0,0,0,14,0,0,0,16,7,0,20,18,4,0,0,23,0,0,0,21,3,3,32,19,0,3,0,24,0,0,0,24,3,0,33,20,0,0,5,28,0,0,0,32,8,8,39,17,7,0,0,22,0,0,0
LGA31000,50921,19315,2154,1232,73616,3321,2079,5400,79017,13668,6573,99263,52424,17132,3527,1091,74173,2651,1338,3980,78159,12320,5960,96442,45203,16542,2422,834,64998,2055,1118,3172,68173,11124,4587,83886,45463,16891,1361,818,64528,2160,1085,3249,67776,10095,4204,82078,43605,15355,1201,755,60915,2060,871,2927,63842,9618,4102,77570,38019,12774,1281,608,52684,1842,716,2558,55244,10241,3731,69208,29271,11401,1396,489,42557,1539,689,2229,44786,13495,3215,61500,16788,9296,1084,335,27507,1019,631,1652,29159,20439,2904,52495,5898,5851,514,154,12418,144,252,397,12822,29829,2536,45184,1504,2481,180,95,4258,35,84,119,4379,26703,2056,33134,519,1239,81,152,1993,30,32,63,2050,54031,6813,62897,363026,181324,17663,8440,570454,22087,19682,41774,612227,264238,55423,931881,3674,22887,6822,423,33804,929,5134,6067,39865,32102,2303,74274,29343,31664,8360,1256,70617,2775,3459,6234,76851,16111,4495,97456,52355,22120,5854,1447,81779,2730,1686,4409,86191,11997,5662,103851,54487,20511,6550,1300,82848,2201,1128,3333,86172,11843,4935,102956,54473,20933,5380,1022,81807,1880,1109,2989
LGA31750,11,0,4,0,15,0,0,0,15,0,0,25,15,4,0,4,22,0,0,0,22,0,0,27,23,0,0,0,24,0,0,0,24,0,3,32,14,3,0,0,15,0,0,0,15,3,0,21,10,4,0,0,16,0,0,0,16,0,4,17,20,0,0,0,20,0,0,0,20,7,0,33,35,7,4,0,40,0,0,0,40,0,7,45,15,0,0,0,14,3,0,3,17,0,3,23,4,0,0,4,5,0,0,0,5,5,3,18,0,0,0,0,3,0,0,0,3,10,4,14,3,0,0,0,5,0,0,0,5,9,0,12,172,29,8,12,220,3,0,8,225,42,28,291,15,3,3,0,16,0,0,0,16,3,0,20,22,4,0,0,30,0,0,0,30,0,0,25,13,3,0,0,20,0,0,0,20,5,0,20,17,8,0,0,27,0,0,0,27,5,4,34,22,0,0,0,19,0,0,0
LGA31820,1934,830,134,84,2986,282,102,383,3370,921,341,4626,1911,926,138,66,3041,232,104,340,3376,912,332,4625,1927,1012,96,48,3084,214,94,315,3393,878,274,4547,2401,1125,89,72,3678,220,82,305,3983,989,352,5317,2538,1197,104,79,3918,244,72,316,4236,1130,402,5763,2674,1250,125,53,4105,277,104,379,4481,1532,456,6471,2327,1199,147,71,3750,250,108,359,4107,2073,498,6678,1431,959,121,38,2548,189,78,269,2821,3357,482,6655,432,494,60,31,1021,16,18,36,1050,5281,504,6838,138,218,16,13,382,0,0,5,389,4792,481,5664,79,111,13,26,230,0,5,4,238,7761,1017,9015,20004,12053,1187,723,33973,2690,1314,4006,37975,32702,5809,76488,646,1916,101,78,2743,180,316,491,3240,2021,318,5585,1913,1170,131,74,3284,245,130,375,3663,772,308,4755,2341,999,186,102,3623,197,109,304,3925,817,415,5156,2197,1121,191,117,3620,136,78,218,3837,791,364,4993,2274,1121,157,93,3655,119,76,193
LGA31900,463,136,27,10,640,32,8,42,679,104,46,827,390,188,28,14,623,30,15,46,670,110,60,844,455,210,15,16,698,22,9,34,732,134,50,916,557,233,14,18,825,33,8,39,863,100,72,1030,625,236,19,21,902,43,13,53,959,123,70,1153,642,215,30,17,897,30,14,47,947,164,82,1197,590,233,33,12,875,20,11,32,907,251,79,1243,436,188,29,20,670,32,13,43,716,443,90,1252,156,113,10,14,288,0,0,4,295,726,118,1138,66,53,3,7,128,0,0,0,134,677,79,883,40,37,12,15,98,0,0,0,98,1294,225,1615,5068,2313,260,201,7839,333,147,482,8322,4626,1093,14043,188,323,20,9,532,14,24,35,574,284,104,958,437,152,15,27,631,15,4,25,659,95,110,867,505,163,36,7,715,8,6,16,733,105,130,973,415,169,28,16,631,12,8,25,657,88,97,843,413,198,24,12,653,12,10,27
LGA31950,13,4,0,0,15,4,0,4,17,0,8,24,5,3,0,0,15,7,0,7,15,4,7,24,5,6,0,3,13,0,0,0,15,3,8,22,15,3,0,0,19,0,0,0,19,0,5,24,12,0,0,0,12,0,0,0,16,4,3,24,7,0,0,0,7,0,4,4,10,14,0,25,16,0,0,0,21,0,0,0,21,0,9,23,11,0,4,0,13,0,0,0,15,7,11,35,8,0,0,0,8,0,0,0,8,7,4,19,4,0,0,0,5,0,0,0,5,5,0,9,0,0,0,0,0,0,0,0,0,4,0,4,115,15,5,11,149,13,4,17,159,57,57,274,17,0,0,0,21,0,0,0,21,4,11,29,23,3,0,0,29,0,0,0,29,7,9,43,23,0,4,5,24,0,0,0,26,3,7,44,13,6,0,3,18,0,0,0,18,3,5,26,10,9,0,0,19,0,0,0
LGA32080,4764,1868,287,148,7074,456,212,671,7747,1553,1082,10383,5113,2043,416,152,7726,334,181,514,8243,1621,1079,10944,5153,2386,300,126,7969,328,168,497,8460,1478,981,10921,5841,2452,243,164,8698,349,186,537,9235,1501,1028,11765,5976,2320,216,145,8657,383,152,536,9194,1483,1056,11730,5493,2090,244,128,7953,401,131,528,8483,1654,1017,11154,4511,1930,232,76,6755,309,113,426,7183,2127,907,10221,2663,1624,201,71,4555,264,129,397,4950,3037,810,8802,976,916,84,41,2021,44,59,106,2127,4686,715,7531,261,379,38,26,707,12,23,29,740,3859,489,5095,128,158,29,29,341,4,9,14,349,5930,1017,7301,45179,23276,2587,1362,72407,3750,2305,6055,78465,34438,11892,124797,907,3708,240,105,4961,207,626,830,5788,3674,842,10303,3195,2404,287,170,6062,390,231,619,6682,1442,1059,9182,4812,2255,394,151,7610,319,156,477,8090,1274,1324,10680,5047,2531,531,191,8299,265,160,423,8722,1384,1250,11358,5372,2650,457,134,8609,231,151,384
LGA32250,61,7,4,0,82,9,4,11,93,24,18,138,51,13,5,5,75,7,5,12,86,24,9,122,53,12,3,3,74,3,0,3,80,23,22,120,61,11,0,3,81,3,3,7,86,18,5,112,68,18,0,3,88,7,4,5,93,20,6,123,73,19,3,3,95,8,0,8,100,43,20,167,89,21,4,0,113,5,0,6,119,25,13,159,31,12,0,3,52,3,3,7,56,31,13,103,21,3,0,0,25,0,0,0,30,75,13,115,10,4,0,0,19,0,0,0,23,51,3,80,0,0,0,0,3,0,0,0,3,63,9,77,598,150,27,42,807,53,21,75,888,494,167,1543,34,8,0,0,40,8,3,6,54,41,15,107,75,9,7,4,104,8,0,7,106,38,31,173,75,15,8,6,96,10,0,9,104,28,18,149,66,19,0,9,96,9,0,9,99,30,18,143,41,19,7,8,71,0,0,3
LGA32260,661,319,35,31,1044,56,23,82,1128,265,179,1573,679,316,45,28,1075,58,21,76,1151,254,184,1589,636,321,31,18,1005,59,19,74,1076,238,129,1451,748,327,44,36,1159,68,19,83,1248,285,169,1697,888,403,37,33,1360,72,23,99,1455,281,170,1905,966,410,56,33,1460,92,31,119,1582,371,191,2145,882,475,57,20,1436,104,39,137,1570,547,214,2336,640,367,52,14,1078,47,29,81,1154,802,193,2148,248,187,20,7,464,9,6,16,482,1178,196,1857,91,81,5,3,184,0,5,5,185,1068,150,1405,62,58,8,14,140,3,0,4,144,1956,254,2357,7329,4014,435,304,12085,717,303,1022,13104,8075,2279,23464,193,437,27,33,690,41,38,81,773,577,162,1512,535,241,26,30,838,61,34,95,926,190,123,1235,731,275,45,43,1092,39,34,72,1161,207,204,1571,721,348,47,35,1147,44,14,61,1212,239,184,1630,679,365,45,34,1126,33,17,44
LGA32270,1089,277,76,27,1469,52,17,70,1535,303,276,2114,1211,408,107,33,1760,45,43,87,1848,344,326,2519,1023,409,76,33,1536,43,22,69,1607,213,286,2109,1086,342,52,44,1525,37,22,55,1581,195,256,2034,1114,292,38,28,1472,65,18,84,1549,180,278,2005,1019,306,48,18,1392,52,16,70,1456,219,277,1958,794,263,39,29,1134,40,15,56,1186,300,198,1684,477,175,41,8,700,33,14,45,746,347,162,1253,187,79,19,8,295,3,0,7,307,432,105,837,83,58,5,4,152,0,0,0,157,365,70,585,41,31,6,9,85,3,0,3,88,488,115,688,9230,3373,583,277,13463,533,246,770,14235,4091,2744,21076,287,616,34,22,959,36,50,85,1050,468,144,1656,901,287,43,36,1267,54,25,74,1343,190,239,1770,1116,302,99,43,1555,39,21,53,1609,222,271,2105,1062,349,85,48,1547,29,9,44,1587,229,281,2098,1150,457,78,47,1719,20,18,38
LGA32310,273,93,17,15,391,26,16,41,428,91,70,591,260,105,13,12,391,36,16,53,442,99,49,597,279,131,24,7,435,34,7,43,477,107,62,644,369,138,20,4,528,33,9,40,574,109,90,770,383,131,19,11,543,32,7,33,580,119,82,782,327,119,30,16,488,24,6,30,517,129,83,735,342,130,20,6,496,26,8,35,533,192,65,792,198,100,19,16,331,31,18,43,377,323,76,772,109,50,10,0,168,3,3,8,176,497,76,758,34,27,4,0,68,0,0,0,68,432,59,557,19,20,0,5,49,0,0,0,49,726,116,883,2914,1344,207,121,4580,325,121,444,5029,3332,968,9326,125,199,33,10,370,11,13,28,398,365,120,886,246,93,12,13,360,25,14,39,402,60,83,537,274,106,16,15,406,15,10,27,433,60,81,573,286,111,28,14,433,13,8,20,451,53,91,601,300,118,17,18,451,14,12,29
LGA32330,10,7,3,0,12,20,0,22,37,47,8,85,3,0,0,0,11,14,4,14,22,35,7,63,12,4,0,0,17,13,0,12,32,37,3,69,11,3,0,0,14,11,3,15,27,33,4,71,12,4,0,0,17,13,0,8,26,39,5,71,9,4,0,0,14,6,0,10,23,31,0,56,14,6,0,0,21,0,0,4,27,33,0,61,5,5,0,0,5,0,0,0,9,13,0,24,0,3,0,0,3,0,0,0,4,22,0,29,0,0,0,0,0,0,0,0,0,8,0,8,0,0,0,0,0,0,0,0,0,12,0,12,79,44,3,0,130,105,24,132,257,494,54,805,0,3,0,0,6,8,4,14,19,95,7,115,10,0,0,0,17,4,4,9,26,68,0,91,19,7,0,0,25,3,3,3,33,56,3,89,20,6,0,0,29,4,5,4,33,36,0,72,13,9,5,0,20,5,0,7
LGA32450,160,18,9,5,187,8,6,11,198,24,42,262,168,39,9,7,214,8,0,4,225,34,38,292,129,21,3,6,155,0,0,0,154,22,43,221,122,19,4,3,151,5,0,3,151,26,24,201,128,21,9,5,162,7,0,7,166,27,24,214,116,15,0,5,133,7,3,10,146,32,23,204,122,20,8,0,148,3,0,7,157,38,30,231,67,24,5,0,93,3,0,7,94,32,33,161,23,8,0,4,35,0,0,0,35,57,19,115,18,13,0,3,28,0,0,0,28,49,17,94,3,0,0,0,7,0,0,0,7,44,27,77,1198,225,51,39,1520,62,19,78,1599,456,367,2416,53,24,12,3,90,3,4,4,95,82,28,201,158,26,9,7,203,9,0,12,213,27,53,291,176,44,18,4,248,8,0,12,254,31,53,343,149,33,13,0,195,5,0,5,204,26,60,287,158,49,16,9,237,5,3,13
LGA32500,136,28,5,7,176,10,0,11,184,46,58,290,102,30,8,8,140,7,4,14,152,40,34,230,101,43,5,3,150,5,6,9,162,30,40,231,107,59,5,7,180,11,5,12,194,37,31,261,105,46,7,8,166,6,4,4,172,41,34,253,126,53,8,3,192,10,6,9,200,58,44,306,135,53,11,3,201,8,6,12,212,87,57,357,80,56,12,0,148,11,6,10,164,112,53,325,36,21,0,6,65,0,0,0,65,179,61,304,8,7,0,0,23,0,0,0,23,138,27,193,7,4,0,4,14,0,0,0,14,124,28,167,1092,468,68,55,1675,90,35,128,1805,1009,571,3386,26,37,8,7,76,6,0,8,88,78,35,202,83,24,3,11,123,10,10,12,136,33,45,212,106,34,4,3,155,11,0,10,166,48,60,275,112,54,21,6,192,7,9,8,208,56,78,342,108,45,5,5,158,5,4,7
LGA32600,6,0,0,0,11,0,0,0,11,3,4,17,14,0,0,0,15,0,0,0,14,0,11,23,12,4,0,0,10,0,0,0,10,0,3,19,11,0,0,0,6,3,0,3,11,3,9,23,7,3,0,0,15,0,0,0,15,0,11,25,12,3,0,4,15,0,0,0,15,3,0,23,10,4,0,0,10,0,0,0,11,3,7,28,4,4,0,0,9,0,0,0,9,3,7,18,6,0,0,0,6,0,0,0,6,3,0,11,0,0,0,0,0,0,0,0,0,11,0,13,0,3,0,0,4,0,0,0,4,3,3,10,80,30,0,6,112,5,3,9,124,49,62,229,0,0,0,0,6,0,0,0,8,0,4,12,3,0,0,0,4,0,0,0,4,3,0,11,18,0,0,0,17,0,0,0,17,3,9,31,10,0,0,0,10,0,0,0,15,4,4,20,14,3,0,0,16,0,0,5
LGA32750,15,9,0,0,18,0,0,0,18,4,3,25,15,8,0,0,16,0,0,0,16,0,3,18,14,3,0,0,21,0,0,0,21,0,0,19,8,5,0,0,14,0,0,0,14,0,0,16,13,0,0,0,12,0,0,4,16,0,3,22,12,5,0,0,18,0,0,0,20,0,0,21,15,0,0,0,15,0,0,0,15,0,3,22,8,0,0,0,9,0,0,0,9,0,5,11,8,0,0,0,10,0,0,0,10,4,6,19,0,0,0,0,0,0,0,0,0,0,0,0,0,0,0,0,0,0,0,0,0,0,0,0,127,34,5,0,163,3,0,4,172,30,41,240,13,0,0,3,15,0,0,0,15,0,0,14,13,0,0,0,14,0,0,0,13,0,5,24,19,4,0,0,23,3,0,3,26,0,7,29,9,3,0,0,13,0,0,0,16,0,0,14,11,0,0,0,9,0,0,0
LGA32770,24,11,0,4,38,8,4,13,49,62,9,119,20,13,0,0,36,3,3,12,44,49,3,101,21,19,0,0,42,9,4,12,53,32,3,93,18,23,4,0,41,6,4,6,51,36,0,80,11,14,0,4,29,0,0,0,31,21,0,51,14,6,0,0,23,0,0,5,26,20,3,51,11,12,3,0,23,0,0,0,27,25,0,53,0,0,0,0,6,0,0,0,6,11,0,23,0,0,0,0,5,0,0,0,6,11,0,15,0,0,0,0,0,0,0,0,0,9,0,11,0,0,0,0,0,0,0,0,0,6,4,12,131,126,9,11,282,44,25,69,344,474,38,861,3,0,0,0,7,6,0,8,11,116,0,132,12,13,0,3,22,0,6,6,32,92,0,129,18,15,0,0,33,6,3,5,41,85,11,135,16,15,3,6,41,4,0,7,42,54,9,111,9,7,0,0,13,4,0,4
LGA32810,368,123,17,12,517,10,3,15,531,81,116,722,380,152,18,12,557,22,4,32,592,85,115,790,333,166,16,16,536,12,7,21,560,81,97,735,380,183,21,17,607,22,9,28,630,90,116,842,392,184,18,15,617,24,9,32,642,105,98,845,390,233,32,15,666,22,11,32,702,145,113,962,368,208,25,9,607,23,10,33,643,206,139,980,244,166,16,4,439,26,20,42,478,315,116,914,117,88,8,3,214,0,0,5,218,434,94,747,30,54,9,4,98,0,6,4,95,336,79,508,22,33,8,5,67,0,0,0,67,472,155,689,3354,1819,196,137,5508,189,108,297,5803,2616,1363,9780,61,184,23,18,285,5,10,20,304,188,59,548,171,128,13,15,325,16,8,19,345,76,76,503,243,233,25,17,515,16,3,22,534,76,124,735,293,234,31,15,568,26,9,37,607,83,132,819,303,208,36,9,551,9,9,21
LGA33100,24,7,0,0,34,0,0,3,37,12,8,50,21,7,4,0,38,6,0,6,36,13,12,58,12,4,0,0,20,0,0,0,18,5,5,36,24,9,4,0,37,0,0,0,40,3,5,44,31,9,0,0,41,0,0,0,41,0,3,49,40,10,4,3,58,0,0,5,55,10,9,73,31,0,4,0,36,5,0,4,37,19,5,63,25,10,0,0,33,0,3,4,38,23,3,68,11,5,0,0,13,0,0,0,18,34,5,53,12,0,0,0,8,0,0,0,16,37,3,55,4,3,0,0,8,0,0,0,8,32,4,40,263,74,17,12,359,15,11,21,384,200,69,652,14,0,0,0,15,0,0,0,23,0,6,30,25,3,0,0,32,0,0,0,32,4,4,38,18,6,0,3,29,0,0,0,36,3,5,37,18,15,0,0,37,0,0,0,40,5,0,42,22,7,0,0,34,0,0,0
LGA33200,53,12,0,0,64,3,0,3,67,14,12,92,47,15,0,5,62,0,0,0,62,18,9,92,35,9,0,0,45,0,0,3,49,5,10,66,54,14,0,0,67,0,3,3,68,17,3,96,57,24,0,0,88,4,0,4,91,16,4,115,73,11,4,0,86,0,0,0,92,9,8,110,63,12,0,5,84,0,0,0,86,20,8,117,40,10,6,3,63,3,0,5,63,27,9,102,30,15,3,4,46,0,0,3,51,45,13,110,28,5,0,0,37,0,0,0,37,55,13,99,11,3,0,0,28,0,0,0,28,72,13,105,569,176,22,26,789,25,6,29,821,339,110,1266,22,13,0,0,40,0,0,0,38,21,9,63,46,6,0,4,58,5,0,5,65,6,21,89,60,17,5,0,78,5,0,5,81,4,16,105,54,19,11,0,80,0,0,0,85,10,13,105,52,6,0,0,63,4,0,4
LGA33220,1466,841,113,47,2466,274,109,390,2852,1013,335,4197,1667,893,125,52,2737,265,119,385,3124,1051,315,4487,1831,1066,113,50,3059,242,85,325,3389,1127,367,4884,2330,1219,118,74,3740,280,87,367,4105,1277,427,5817,2507,1322,126,75,4023,272,86,358,4387,1387,450,6226,2446,1310,159,77,3985,288,113,399,4384,1851,479,6715,2159,1364,177,58,3762,281,132,417,4180,2808,565,7552,1298,1015,143,53,2512,225,125,349,2857,4562,606,8031,401,478,51,25,956,14,27,38,997,7320,688,9000,101,199,19,21,335,0,8,8,343,6196,601,7136,65,95,12,25,190,5,3,7,199,9252,1124,10573,17996,12330,1277,666,32269,2969,1441,4417,36684,41140,6632,84459,582,1802,125,67,2576,243,404,654,3223,2200,328,5752,1465,1133,113,80,2792,308,137,446,3235,934,320,4498,1761,980,176,76,2982,228,99,322,3304,999,317,4619,1881,1056,170,76,3175,158,86,243,3420,1048,322,4791,2104,1182,166,77,3528,149,74,224
LGA33360,1985,594,143,52,2771,277,69,345,3117,719,320,4155,2052,750,141,43,2988,235,90,322,3304,753,337,4397,1973,760,103,51,2893,243,78,319,3209,658,317,4190,2360,843,106,72,3373,224,91,314,3693,620,342,4654,2383,802,101,55,3342,273,72,341,3685,659,345,4688,2131,771,118,45,3070,270,47,320,3393,751,380,4522,1663,638,126,26,2454,221,49,269,2724,1074,314,4104,822,453,83,13,1372,126,37,168,1537,1397,224,3158,269,213,24,4,510,8,10,21,530,1790,160,2483,70,97,9,7,188,0,5,10,197,1334,129,1668,33,36,4,5,78,4,0,4,79,1943,207,2229,17738,7775,1084,481,27078,2484,882,3365,30439,13617,3638,47694,505,1379,63,45,1991,145,288,433,2422,1349,227,4001,1400,668,93,61,2224,203,81,290,2509,434,215,3159,1772,680,157,78,2693,136,65,203,2893,589,291,3766,1915,785,189,60,2951,139,64,202,3150,618,294,4066,2051,854,134,68,3110,118,64,184
LGA33430,18068,8104,927,589,27679,1307,722,2032,29710,5103,3209,38021,18807,8135,1208,500,28651,986,624,1605,30255,5174,2972,38402,18237,8356,905,451,27952,917,582,1503,29450,5116,2599,37172,19885,8987,677,484,30030,1009,591,1598,31632,5128,2637,39403,20133,8425,624,458,29639,1020,527,1549,31186,5003,2725,38917,17828,7728,648,371,26571,1047,432,1476,28049,5470,2535,36053,14362,7152,720,347,22582,889,467,1353,23933,7470,2466,33875,8783,5963,542,248,15539,664,462,1120,16665,11266,2282,30213,3485,4034,287,133,7933,107,191,301,8231,19517,2246,29996,924,1649,106,66,2757,28,79,109,2862,18257,1803,22921,298,753,54,89,1194,20,38,53,1251,32241,4998,38486,156202,91867,7752,4728,260550,10909,8729,19634,280186,139151,35529,454866,2443,12280,2902,343,17967,717,2298,3016,20980,13605,1782,36369,12051,12240,3344,728,28362,1306,1211,2518,30879,5846,2605,39338,18406,10120,2935,862,32318,1132,737,1877,34191,5093,3384,42664,19579,10281,2968,746,33576,924,610,1528,35108,5492,3152,43757,20430,10538,2495,609,34067,753,553,1308
LGA33610,327,100,20,5,448,13,11,20,471,74,66,609,336,134,15,3,495,16,10,20,516,99,69,685,285,142,15,13,453,10,3,13,465,83,59,600,331,133,11,13,488,10,8,16,504,73,61,639,404,123,15,14,561,5,4,13,569,81,80,725,357,126,15,14,504,17,0,18,527,90,62,675,380,124,25,11,546,13,7,17,559,141,72,775,217,97,22,14,345,11,4,13,358,208,70,637,112,64,10,0,193,0,0,0,193,333,58,592,44,29,3,5,82,0,0,0,82,332,61,479,37,36,6,9,82,0,0,0,78,623,99,801,3199,1369,181,111,4859,120,66,187,5041,2456,863,8360,108,171,10,5,301,11,10,24,321,178,47,551,273,90,9,12,387,14,9,20,411,70,55,537,343,91,18,11,457,8,5,16,475,64,67,610,299,122,18,10,452,9,8,16,472,74,57,599,335,136,20,6,498,18,5,19
LGA33620,816,433,62,31,1332,127,54,177,1516,467,155,2131,876,461,75,21,1434,104,38,145,1578,557,192,2330,944,580,44,25,1591,104,57,156,1751,517,156,2428,1127,632,49,41,1853,105,58,158,2007,570,210,2785,1358,720,67,33,2177,101,59,164,2343,727,265,3337,1274,772,94,45,2182,122,64,182,2368,969,296,3638,1173,773,116,31,2085,114,50,164,2251,1331,290,3875,725,543,95,26,1386,82,62,141,1531,1994,327,3847,264,282,41,15,605,0,12,17,618,2957,316,3894,97,140,12,8,259,0,4,5,266,2546,300,3113,76,58,10,23,165,6,0,4,171,3312,666,4143,9753,6617,761,367,17503,1195,671,1871,19370,17656,3489,40503,333,1033,76,51,1490,82,133,215,1707,1159,212,3078,823,519,76,55,1474,102,53,159,1627,391,135,2151,971,528,111,49,1664,75,50,124,1794,436,194,2421,955,615,111,49,1732,65,34,93,1832,462,215,2501,1092,656,105,41,1887,39,35,69
LGA33800,227,62,10,11,313,13,7,18,332,59,28,414,195,101,17,9,318,17,0,14,334,60,37,428,211,109,10,7,334,13,10,24,354,63,34,453,296,134,12,11,451,20,11,25,482,83,35,595,329,143,13,19,503,14,3,16,514,84,45,654,408,207,16,7,638,26,9,31,672,140,61,876,384,166,15,7,572,15,13,28,604,215,77,887,249,115,22,7,397,22,23,40,442,344,61,844,138,85,17,6,247,0,0,0,249,544,65,856,52,35,11,7,100,0,0,0,98,485,72,655,46,40,6,17,102,0,0,0,102,1147,164,1412,2843,1446,153,118,4560,198,94,293,4853,3580,748,9178,75,179,19,10,278,12,17,26,307,188,47,546,222,95,14,13,340,12,4,20,359,55,62,469,244,60,16,11,327,12,3,12,348,72,52,469,252,97,20,8,376,13,9,16,395,49,38,482,244,106,14,13,371,12,8,24
LGA33830,31,7,0,0,39,15,12,25,62,19,9,92,6,8,0,0,23,17,4,25,47,13,0,62,19,6,0,0,30,14,3,23,48,17,4,69,21,7,0,3,33,13,0,15,49,17,5,65,20,12,0,0,33,11,3,15,47,10,5,63,16,5,0,0,16,8,0,12,30,17,0,44,8,3,0,0,20,11,0,11,29,14,3,43,8,3,0,0,9,8,0,9,16,16,0,27,5,0,0,0,5,0,0,0,8,7,0,19,0,0,0,0,0,0,0,0,0,14,3,11,0,0,0,0,0,0,0,0,0,26,3,25,175,73,6,4,253,121,46,164,418,227,65,707,0,0,0,4,3,3,0,5,11,59,0,69,21,3,0,3,29,6,0,3,36,35,6,79,18,7,0,0,28,5,0,4,35,34,4,75,24,18,0,0,43,5,6,6,50,30,4,88,20,8,0,0,26,4,0,4
LGA33960,7212,2396,421,216,10246,678,305,988,11238,2473,946,14659,7453,2684,498,174,10806,598,270,866,11673,2660,1020,15355,6554,2495,306,179,9545,477,190,663,10208,2172,781,13165,6814,2364,245,171,9601,445,191,639,10243,1997,820,13055,6696,2145,266,148,9246,427,156,575,9828,2003,847,12680,5881,2029,255,110,8277,373,136,504,8778,2209,716,11702,4448,1683,288,81,6503,273,104,377,6887,2871,644,10398,2429,1272,190,47,3935,166,87,249,4187,3867,605,8658,683,661,71,35,1455,13,32,38,1496,5161,513,7162,156,220,21,5,406,9,13,17,426,4328,419,5167,62,106,8,18,188,12,0,12,202,7394,810,8408,54832,24900,3023,1529,84281,5273,3044,8315,92598,45301,9915,147812,1283,4138,855,131,6403,489,1155,1638,8046,6204,831,15085,5576,3710,917,323,10530,837,469,1308,11836,2618,1063,15512,7683,3093,1009,298,12094,593,315,915,13006,2855,1125,16986,8808,3415,1077,328,13629,475,251,723,14349,2960,1121,18424,9045,3385,879,228,13543,408,224,634
LGA33980,907,222,74,16,1225,40,16,62,1288,208,359,1855,1058,271,83,22,1428,36,34,62,1491,289,374,2159,891,295,57,21,1269,30,24,51,1323,187,295,1800,919,238,51,28,1235,31,11,40,1279,150,245,1670,766,207,47,19,1036,24,14,36,1074,108,212,1394,755,169,43,16,988,35,9,43,1038,127,228,1393,567,131,31,17,755,26,13,38,787,171,192,1152,314,88,29,14,447,18,7,24,471,216,112,800,115,43,11,0,167,0,5,5,171,267,67,512,43,25,3,0,69,0,4,4,70,180,37,287,23,14,7,3,44,0,0,0,42,251,42,328,7170,2121,480,206,9971,328,186,517,10488,2640,2512,15638,227,356,23,11,617,10,26,35,649,255,160,1074,692,149,34,26,901,20,11,33,934,87,487,1506,917,185,70,37,1199,17,15,35,1229,166,652,2049,941,253,87,30,1308,21,10,33,1343,170,577,2094,991,279,65,41,1369,20,13,36
LGA34420,12,9,0,0,23,16,3,15,35,32,8,83,17,7,0,0,30,16,0,18,46,28,5,75,17,5,0,0,20,10,3,18,34,19,0,52,17,17,0,0,35,16,0,22,53,23,0,76,15,9,0,0,26,11,3,15,41,23,0,69,12,16,0,0,30,0,0,0,29,21,0,49,15,5,0,0,18,8,0,6,24,22,0,45,13,4,0,0,22,3,0,3,22,25,0,48,4,0,0,0,4,0,0,0,5,19,0,24,0,0,0,0,0,0,0,0,0,6,0,6,0,0,0,0,0,0,0,0,0,7,0,7,139,80,0,0,229,120,15,136,367,298,27,687,4,4,0,0,6,14,3,21,23,57,13,97,12,9,0,3,22,20,0,20,43,33,18,90,11,11,0,3,28,23,0,23,45,24,20,94,9,4,0,0,18,13,0,13,34,33,26,92,8,5,0,0,16,16,0,14
LGA34530,783,277,65,27,1152,81,29,109,1260,358,127,1745,842,372,82,23,1317,82,29,115,1428,385,158,1973,930,459,63,35,1487,74,24,104,1587,313,194,2100,1195,489,57,34,1780,80,31,112,1885,298,193,2383,1247,537,66,31,1877,78,29,105,1982,320,227,2535,1378,502,75,31,1982,98,28,127,2111,476,233,2820,1141,485,85,24,1738,83,42,122,1858,645,252,2750,700,379,73,16,1169,52,45,103,1271,1074,201,2550,213,183,19,8,422,6,10,14,434,1604,193,2233,58,79,7,8,151,0,3,7,153,1300,146,1597,29,50,4,11,104,4,0,0,105,2076,388,2561,9523,4942,668,298,15425,885,442,1330,16754,10101,2565,29418,356,909,45,34,1345,40,123,164,1516,754,151,2416,769,424,33,34,1261,63,34,92,1349,285,151,1785,900,337,129,40,1412,36,14,49,1462,374,190,2018,968,408,133,48,1557,39,16,58,1611,364,171,2142,1133,522,79,35,1767,29,28,52
LGA34570,8,16,0,4,26,0,0,8,30,25,8,63,9,4,0,9,20,0,0,3,29,17,5,47,14,4,0,4,19,0,0,0,24,11,9,47,11,8,0,0,23,4,0,4,21,7,5,38,13,8,0,0,19,4,0,6,25,21,5,50,9,3,0,0,11,0,0,0,14,10,5,26,14,0,0,0,11,0,0,0,14,7,0,30,0,4,0,0,10,0,0,0,15,11,0,24,0,4,0,0,7,0,0,0,7,5,4,15,3,0,0,0,3,0,0,0,3,8,0,9,3,0,0,0,0,0,0,0,0,3,0,10,96,65,4,22,192,33,9,37,229,195,74,492,4,0,5,0,8,13,0,15,27,34,8,67,14,3,0,0,13,10,0,13,27,16,6,47,16,8,0,5,28,11,0,11,40,13,4,60,7,5,0,0,16,9,0,9,29,11,0,43,10,7,0,0,12,8,0,8
LGA34580,957,449,75,30,1506,111,44,151,1653,546,180,2379,914,438,80,28,1461,82,54,128,1591,550,135,2275,937,434,50,26,1450,71,34,107,1548,435,157,2150,1125,479,40,41,1683,81,40,117,1801,448,201,2449,1235,513,61,36,1841,80,45,129,1973,520,211,2701,1265,474,65,34,1836,82,21,100,1939,585,210,2731,1007,449,60,39,1564,62,31,85,1651,666,183,2501,616,360,63,21,1057,46,18,69,1121,987,198,2305,204,228,26,14,470,6,4,10,482,1584,184,2246,83,103,8,7,201,3,3,6,210,1327,162,1699,58,39,5,14,112,0,3,6,123,1910,277,2306,9526,5258,612,371,15765,911,479,1389,17154,11398,2504,31064,262,828,135,21,1253,76,115,192,1438,1066,189,2699,844,521,145,40,1550,89,70,156,1701,560,192,2450,1139,515,120,42,1817,73,29,103,1919,481,176,2579,1162,536,138,43,1884,66,23,86,1974,424,174,2568,1199,516,141,44,1895,54,30,86
LGA34590,9782,3604,556,368,14308,1048,423,1471,15779,3859,1426,21066,10363,3818,648,356,15188,852,377,1231,16417,3899,1333,21650,10263,3807,486,307,14862,706,327,1032,15896,3524,1231,20657,10549,3842,365,299,15056,707,306,1011,16070,3342,1285,20697,10406,3727,330,254,14711,636,249,880,15593,3283,1288,20167,9426,3250,393,225,13282,537,230,766,14049,3560,1202,18814,7779,3130,374,165,11441,493,197,689,12132,4440,1052,17619,4675,2461,312,113,7565,314,188,499,8061,6327,954,15345,1497,1359,124,66,3049,33,67,101,3151,9950,906,14011,317,431,26,34,815,13,26,39,858,7890,697,9450,77,166,8,31,286,10,9,13,300,11439,1162,12904,85155,39749,4200,2847,131953,8122,4704,12832,144784,74941,15127,234848,2024,5883,1052,212,9176,672,1606,2276,11454,10141,1574,23169,7823,5493,1283,460,15057,1317,706,2017,17078,4037,1740,22856,10593,4609,1256,494,16956,965,472,1437,18391,4292,2005,24686,11360,4845,1334,437,17972,730,372,1108,19076,4232,1906,25216,11753,5043,1049,389,18225,588,312,901
LGA34710,126,29,14,4,169,3,3,7,177,21,22,221,128,30,14,10,181,3,3,5,181,24,18,229,128,37,13,4,172,0,0,0,175,20,15,211,120,30,9,6,162,7,0,7,174,15,20,212,154,29,7,9,193,8,0,8,201,26,20,247,173,29,7,5,214,10,0,7,228,27,23,276,157,49,10,3,216,4,0,3,222,33,24,282,116,42,7,3,165,4,0,3,172,57,21,249,53,17,10,7,85,3,0,3,88,86,26,200,9,9,0,0,28,0,0,0,26,80,14,114,14,7,0,5,29,0,0,0,28,206,26,264,1360,425,100,51,1940,51,22,73,2011,685,273,2962,32,66,5,5,111,4,0,8,115,44,27,183,116,43,0,10,177,0,3,0,179,11,29,221,155,26,8,3,191,0,0,0,193,20,27,237,126,35,11,0,177,3,0,8,178,23,30,230,142,40,8,5,201,3,0,8
LGA34770,3812,1091,263,106,5267,372,135,504,5778,1021,635,7436,3864,1480,298,108,5756,302,145,452,6202,1156,694,8046,3634,1452,186,113,5387,260,146,404,5794,955,643,7393,4019,1567,165,103,5851,320,134,452,6298,893,690,7886,4424,1627,180,117,6353,291,119,407,6763,998,730,8492,4178,1502,233,120,6029,344,106,444,6478,1190,782,8454,3473,1372,210,98,5158,285,90,370,5528,1724,668,7920,2025,1012,155,59,3253,191,93,283,3537,2430,525,6493,612,490,75,34,1209,22,39,61,1272,3483,413,5166,201,207,27,27,455,6,10,16,473,2966,339,3781,109,108,9,35,267,0,3,5,271,5302,592,6170,34347,15257,2015,1115,52732,3298,1661,4963,57691,25860,7650,91201,1214,2619,130,90,4056,183,333,513,4573,2313,529,7413,3516,1327,198,128,5163,186,120,310,5469,779,698,6950,4062,1233,313,157,5767,189,77,262,6028,837,826,7687,3845,1580,379,145,5944,128,96,221,6164,918,872,7954,4326,1802,267,135,6528,121,59,180
LGA34800,35,6,0,0,48,0,0,0,48,5,0,57,51,6,5,0,58,0,0,0,61,4,5,73,45,4,6,0,57,4,0,4,55,4,8,69,44,9,3,4,53,0,0,0,55,4,6,64,42,5,3,0,46,0,0,0,46,0,4,50,40,10,0,0,48,0,0,0,50,4,9,65,43,6,0,0,55,0,0,0,51,9,3,63,31,0,0,4,34,6,0,6,38,13,9,53,20,3,0,0,23,0,0,0,23,22,3,51,6,0,0,3,9,0,0,0,9,9,0,22,7,0,0,0,7,0,0,0,6,16,3,31,409,56,12,13,490,16,0,18,504,100,60,661,26,3,0,0,31,0,0,0,35,8,6,42,46,0,0,9,54,0,0,0,54,0,15,72,43,3,0,4,54,0,0,0,54,3,21,81,40,5,0,0,56,0,0,0,56,3,13,68,35,6,0,0,40,0,0,0
LGA34830,6,0,0,0,6,7,0,11,19,7,0,31,0,0,0,0,3,4,0,4,7,3,0,11,8,0,0,0,11,0,0,0,11,12,0,17,9,0,0,0,9,0,0,0,9,7,0,15,3,0,0,0,3,5,0,5,6,6,0,15,10,4,0,0,13,0,0,0,12,7,0,19,8,0,0,0,5,0,0,0,13,7,0,18,5,0,4,0,9,0,0,0,10,12,0,22,0,0,0,0,0,0,0,0,0,7,0,14,0,0,0,0,0,0,0,0,0,6,0,6,0,0,0,0,0,0,0,0,0,7,0,6,64,9,4,0,76,31,7,29,110,103,10,220,4,0,0,0,4,0,0,3,10,11,0,31,11,0,0,0,5,4,0,4,12,20,10,41,11,0,0,0,18,5,0,3,22,11,4,42,6,4,0,0,5,4,0,4,12,16,7,32,4,0,0,0,9,0,0,0
LGA34860,530,135,25,13,705,11,6,10,714,87,100,907,513,158,26,12,718,16,11,28,747,107,102,952,393,166,22,12,593,21,3,22,618,91,92,800,484,136,14,4,644,22,4,21,667,72,75,812,499,113,20,17,653,23,6,25,677,82,77,834,497,131,23,13,658,17,4,22,686,83,71,846,429,109,19,9,564,11,5,17,582,137,80,798,306,102,14,11,429,10,9,18,449,177,69,694,131,67,9,9,211,5,0,3,218,312,61,589,71,55,8,5,145,0,0,0,143,246,50,437,78,34,7,11,125,0,0,0,124,586,98,815,4496,1494,227,139,6352,181,67,250,6601,2317,989,9907,139,227,11,12,381,12,9,20,405,227,82,712,450,109,14,18,588,19,12,27,621,72,94,785,463,119,39,24,642,14,3,19,659,76,98,833,401,130,43,20,599,7,3,8,604,79,96,782,475,154,23,14,660,11,3,16
LGA34880,408,195,23,16,641,57,22,81,723,336,120,1179,411,195,42,16,664,31,16,51,716,340,103,1162,456,223,20,15,717,44,16,57,774,296,114,1181,602,273,34,10,920,47,26,71,992,331,126,1456,705,287,40,27,1059,44,17,60,1119,298,151,1564,685,302,45,18,1051,53,14,66,1118,253,168,1534,602,277,46,21,945,54,30,82,1024,399,176,1604,357,281,44,10,695,56,25,77,774,578,161,1512,152,130,10,12,305,3,6,7,312,882,144,1339,79,78,12,8,169,0,0,0,173,848,135,1156,44,43,11,7,97,5,0,5,98,1337,213,1648,4958,2770,351,202,8285,503,248,747,9034,6803,1843,17679,138,345,23,24,523,33,47,79,603,540,109,1256,375,177,17,29,592,39,18,58,650,323,136,1106,503,200,44,29,772,38,32,68,842,431,157,1430,492,247,53,15,809,32,14,45,846,406,164,1418,509,255,45,20,831,16,3,21
LGA35010,12163,4548,776,374,17861,1142,486,1630,19486,4114,1402,25001,13231,5186,1002,298,19721,854,484,1329,21051,4470,1487,27006,13820,5682,711,323,20532,761,434,1194,21729,4259,1351,27330,15877,6349,607,362,23200,820,437,1259,24459,4324,1506,30291,16071,6202,572,367,23209,858,379,1233,24438,4147,1495,30086,14356,5376,665,291,20695,794,307,1105,21801,4565,1377,27735,11059,4889,638,245,16831,686,303,989,17819,6435,1338,25589,6270,3962,532,167,10928,428,305,730,11662,10531,1303,23492,1989,2077,230,84,4377,68,95,158,4536,17217,1450,23203,409,761,52,45,1274,15,37,52,1322,14755,1150,17229,134,285,23,61,502,10,20,31,530,21743,3633,25904,118047,61419,6651,3367,189495,9506,6353,15855,205350,110908,19923,336175,2551,9757,2056,306,14669,846,2164,3008,17683,11175,1167,30026,9874,7603,1918,438,19827,1280,714,1992,21825,4024,1413,27256,12860,5685,1854,494,20890,921,449,1366,22252,4533,1604,28389,14168,6345,2055,455,23025,677,413,1088,24110,4509,1504,30122,15734,6837,1674,423,24671,603,369,975
LGA35250,27,5,0,4,38,13,0,8,49,20,18,87,32,7,0,3,39,23,3,22,64,23,10,95,33,5,3,0,48,3,0,3,50,31,8,95,20,4,0,0,23,7,0,7,30,16,4,52,18,13,0,5,35,13,0,13,42,24,3,72,20,8,0,0,26,7,0,7,34,24,6,62,12,5,0,0,25,0,0,0,23,19,0,44,12,6,0,0,15,0,0,0,16,15,7,35,6,0,0,0,9,0,0,0,9,16,0,28,0,0,0,0,0,0,0,0,0,19,3,24,0,0,0,0,5,0,0,0,5,10,3,15,212,75,12,19,314,86,11,94,407,303,91,794,4,6,0,0,9,0,0,4,12,89,3,105,12,3,6,0,13,0,0,3,13,67,8,86,22,9,0,0,32,0,0,0,32,41,12,84,12,3,3,0,22,0,0,0,24,32,13,64,17,9,0,0,27,0,0,0
LGA35300,1089,174,54,16,1332,52,11,64,1394,209,228,1826,916,191,68,14,1199,44,22,73,1268,217,213,1698,729,191,49,29,998,29,15,47,1045,148,133,1320,707,167,38,18,925,40,14,57,989,151,141,1272,735,139,20,19,917,44,11,51,972,119,163,1257,756,136,36,14,939,30,4,39,977,124,179,1278,493,120,39,19,669,35,3,42,705,176,130,1013,277,83,29,6,396,6,8,17,416,192,86,693,111,50,14,7,180,0,4,8,179,284,66,528,33,29,8,0,67,0,0,0,68,252,44,366,11,16,0,4,23,0,0,0,28,338,53,416,6778,1739,397,191,9109,417,166,585,9690,2782,1717,14189,213,340,25,23,603,30,46,77,679,402,115,1202,734,162,40,26,960,39,16,49,1008,199,165,1371,993,164,74,49,1277,38,16,56,1332,217,196,1740,898,201,71,31,1192,29,12,41,1239,203,162,1605,817,200,42,31,1086,21,14,41
LGA35600,167,48,16,7,231,4,6,14,243,31,25,302,109,50,6,3,170,3,5,13,182,29,18,234,126,39,7,5,173,13,0,12,187,23,15,229,158,44,6,3,211,12,0,16,224,32,15,269,133,45,0,3,191,11,3,11,200,41,25,264,193,50,0,6,249,13,0,13,261,49,19,333,166,59,4,4,228,8,0,7,239,58,23,317,114,39,9,3,175,5,4,6,180,82,20,287,43,20,8,3,69,0,3,3,72,115,21,210,16,15,3,0,30,0,0,0,30,110,15,158,12,3,0,0,18,0,0,0,18,244,55,317,1398,517,73,57,2046,81,27,113,2155,954,287,3405,27,42,8,7,86,7,12,13,102,65,21,188,99,36,6,4,152,0,0,0,150,26,28,203,147,48,10,7,218,0,0,0,217,24,37,281,124,40,10,5,182,3,0,3,186,31,37,253,113,34,6,3,161,0,0,3
LGA35670,13,0,0,0,17,7,0,7,25,45,0,71,10,10,0,0,20,6,5,11,35,31,0,68,10,5,0,0,16,9,0,9,25,29,0,59,12,7,0,0,19,6,0,12,29,30,0,62,14,10,0,0,18,3,0,4,27,42,0,66,13,3,0,0,21,3,0,3,19,42,4,64,6,0,0,0,5,4,0,4,9,32,0,41,3,0,0,0,6,0,0,0,6,22,3,31,0,0,0,0,5,0,0,0,5,17,0,20,0,0,0,0,3,0,0,0,4,6,0,10,0,0,0,0,0,0,0,0,0,10,0,9,99,40,4,6,151,58,13,66,219,433,14,670,3,0,0,4,5,5,0,3,16,57,21,91,7,7,0,6,11,5,3,6,24,28,15,70,11,0,0,0,11,0,0,0,12,23,22,53,10,3,0,0,8,3,0,3,15,29,26,65,11,4,0,0,21,0,0,0
LGA35740,817,443,42,15,1314,61,26,83,1400,280,103,1787,893,532,78,17,1527,56,30,84,1608,365,126,2099,1148,691,76,43,1962,68,38,108,2068,421,179,2664,1570,960,66,43,2648,83,56,136,2785,462,238,3482,1730,1071,80,45,2924,97,53,147,3074,514,243,3831,1767,1104,97,43,3001,105,52,161,3161,717,256,4132,1404,1066,104,38,2616,131,76,204,2820,1145,253,4220,908,937,92,28,1970,68,73,147,2114,1848,260,4225,338,505,51,6,898,15,35,49,946,3111,282,4340,95,234,8,8,341,7,8,10,354,2704,246,3309,27,90,8,9,138,4,8,13,146,4180,613,4939,11620,9250,766,375,22009,895,687,1577,23589,17088,3034,43708,220,1066,361,26,1670,46,120,166,1843,1065,130,3039,634,586,173,48,1437,75,41,114,1556,254,120,1939,698,481,133,38,1346,65,43,104,1447,259,145,1855,822,595,211,48,1678,46,43,81,1754,321,193,2270,1087,821,185,37,2136,54,17,73
LGA35760,218,94,7,8,326,16,12,21,350,83,63,497,257,102,16,3,379,18,0,18,400,78,74,552,242,91,7,14,350,12,0,16,369,72,63,503,284,106,14,9,414,16,13,29,440,82,60,590,345,141,13,16,514,19,3,22,536,119,88,743,335,139,11,8,497,17,0,22,522,119,85,722,299,126,17,17,452,15,10,22,476,192,73,744,239,129,19,9,398,21,6,25,428,273,88,787,132,74,14,10,224,0,0,6,230,483,115,831,90,48,4,4,143,0,0,0,143,404,68,613,53,39,4,4,104,0,0,0,104,772,185,1063,2754,1300,153,131,4336,177,67,235,4578,2986,1064,8622,69,142,8,17,231,15,4,27,257,207,63,523,196,90,13,5,304,21,5,20,327,70,60,458,219,90,20,12,340,18,4,18,363,62,54,480,201,87,10,15,312,9,6,17,326,85,74,484,225,101,5,8,346,17,5,19
LGA35780,73,33,5,3,120,35,8,46,154,80,8,252,63,18,3,0,85,16,7,23,107,45,5,153,64,22,5,0,89,9,4,14,104,46,12,164,61,13,0,5,84,17,0,21,106,32,6,141,53,15,10,0,79,12,0,14,96,32,11,137,57,15,5,0,74,10,3,14,87,40,10,140,39,19,5,0,67,3,5,6,74,31,7,114,28,9,3,0,46,0,0,0,46,33,3,82,10,0,0,0,12,0,3,3,15,43,3,56,0,0,0,0,0,0,0,0,0,27,0,26,0,0,0,0,0,0,0,0,0,17,0,24,544,200,35,22,803,166,40,204,1003,679,90,1769,10,23,3,8,45,4,10,18,60,146,17,227,62,33,4,9,107,18,8,29,136,78,27,245,62,23,5,6,96,13,10,24,117,61,24,201,82,32,4,0,119,11,9,21,142,58,23,222,49,27,4,4,84,9,5,11
LGA35790,19,21,7,0,44,12,15,30,77,93,8,178,30,21,0,0,49,12,9,26,76,90,3,167,27,28,0,4,51,8,10,14,64,60,3,127,27,21,5,0,47,13,15,25,78,59,5,140,43,29,7,0,79,9,7,14,95,74,12,177,34,22,0,0,60,13,7,19,72,67,6,148,34,14,0,0,48,5,9,12,60,57,0,113,19,11,0,0,34,3,0,3,40,49,0,82,5,0,0,0,6,0,0,0,10,44,0,52,0,4,0,0,4,0,0,0,4,18,0,21,0,0,0,0,0,0,0,0,0,9,0,8,260,201,16,3,485,97,112,204,693,930,44,1665,5,9,0,0,17,0,0,6,15,134,7,158,14,16,0,0,31,3,4,7,36,130,11,176,20,18,0,4,42,9,4,9,49,94,16,166,19,15,6,3,46,3,5,6,50,88,19,151,29,12,0,0,39,4,0,6
LGA35800,60,14,3,0,73,3,0,3,81,12,3,90,42,6,4,3,55,0,3,8,65,15,7,86,39,16,0,0,60,0,0,0,58,16,10,82,42,17,0,0,51,8,0,5,60,18,3,81,48,17,6,0,67,0,5,5,78,21,0,100,71,14,3,0,91,0,3,3,95,35,6,133,76,18,6,0,101,8,4,9,104,46,20,170,45,21,6,6,76,4,0,4,80,36,8,128,20,16,0,0,36,0,0,0,36,63,12,107,17,10,0,0,28,0,0,0,27,51,10,92,9,0,0,0,13,0,0,0,17,86,17,119,508,173,32,12,725,27,12,41,764,453,107,1328,8,12,0,0,20,6,5,9,25,43,6,70,28,11,0,3,41,4,0,7,51,17,10,72,37,17,0,3,56,6,6,6,59,25,7,95,57,12,3,4,79,3,0,3,83,7,9,99,37,3,0,0,48,3,0,3
LGA36070,16,12,0,0,24,0,3,6,24,22,5,53,4,7,0,0,14,6,0,7,21,21,0,43,11,9,0,0,19,3,0,7,25,35,0,61,23,8,0,0,29,3,0,9,38,26,0,57,11,17,0,0,25,0,6,6,35,23,0,54,10,12,0,0,29,0,6,6,33,16,0,48,9,5,0,0,15,0,4,4,16,23,0,36,7,0,0,0,7,0,0,0,7,15,0,23,5,3,0,0,8,0,0,0,8,22,0,25,0,0,0,0,0,0,0,0,0,13,0,12,0,0,0,0,0,0,0,0,0,9,0,16,117,92,0,0,212,21,31,52,257,279,14,547,0,5,0,0,4,13,0,12,14,26,9,50,9,0,0,3,12,15,0,15,28,5,10,39,8,0,0,0,15,9,5,14,26,8,12,47,5,0,0,0,9,6,0,5,17,7,14,36,9,9,0,0,19,16,0,18
LGA36150,43,7,0,4,51,0,0,0,51,5,3,63,40,7,0,0,52,4,0,4,52,3,0,57,20,3,0,0,26,0,0,0,30,3,0,34,26,14,0,3,40,0,0,0,44,4,0,49,40,9,0,0,46,0,0,0,51,8,7,63,41,15,3,0,64,0,0,6,64,14,5,82,42,7,3,0,54,0,0,3,56,7,5,71,19,0,0,0,26,0,0,0,29,9,9,45,11,3,0,4,21,0,0,0,21,22,0,40,6,0,0,0,4,0,0,0,4,21,7,33,5,0,0,0,11,0,0,0,11,25,0,34,339,83,22,14,456,11,3,12,468,134,42,643,10,4,0,0,10,0,0,0,10,12,0,24,26,6,0,0,33,0,0,0,33,0,0,31,32,11,3,4,49,0,0,0,49,4,3,52,23,10,3,0,42,0,0,0,42,6,4,52,32,7,0,0,40,0,0,0
LGA36250,4090,1354,226,105,5767,283,103,381,6157,944,295,7394,4485,1683,303,121,6593,228,105,333,6926,1093,350,8368,4491,1910,213,98,6717,168,119,288,7006,1100,356,8456,5596,2199,187,118,8099,223,132,346,8452,1183,367,10002,6049,2241,200,115,8609,194,104,300,8912,1174,386,10469,5957,2163,218,102,8438,259,111,365,8805,1488,427,10724,4846,2105,278,83,7308,267,105,373,7679,2292,460,10427,2868,1698,219,53,4836,168,125,296,5132,3900,414,9442,878,933,89,33,1930,24,41,68,2002,6356,436,8797,176,387,21,15,602,6,8,10,609,5572,370,6560,77,144,11,12,254,0,3,5,255,9318,1259,10836,43931,22884,2257,1090,70165,2640,1930,4565,74731,39016,5666,119401,940,3580,750,70,5335,182,617,796,6134,3711,258,10104,3208,2443,634,118,6405,312,174,489,6893,995,298,8185,3797,1581,534,97,6003,226,112,334,6346,903,295,7540,4333,1868,629,131,6956,150,100,251,7208,990,344,8540,5188,2260,543,123,8122,161,102,259
LGA36300,50,9,4,3,64,0,0,0,66,11,8,81,33,6,4,0,49,0,0,0,49,10,0,59,19,3,0,0,23,0,0,0,23,9,4,36,25,6,0,0,32,0,0,0,33,3,6,46,29,4,0,5,33,4,0,4,38,3,3,48,27,14,0,5,40,0,0,0,40,7,6,61,35,8,0,0,43,0,0,0,43,3,3,49,34,6,0,3,42,0,0,0,46,9,0,51,12,5,0,0,16,0,0,0,16,25,0,35,7,0,0,0,9,0,0,0,9,11,5,23,6,0,0,0,7,0,0,0,7,36,6,46,321,81,12,21,430,10,0,12,443,140,61,639,11,4,0,0,17,0,0,0,17,6,3,21,29,3,3,0,36,0,0,0,36,0,3,43,36,13,0,0,54,0,0,0,53,7,9,70,27,11,3,0,41,0,0,0,41,0,10,57,34,10,0,0,47,0,0,0
LGA36370,2736,911,197,75,3918,290,149,433,4357,850,423,5622,2634,1006,197,55,3894,242,91,336,4229,841,393,5466,2348,923,118,52,3442,220,85,303,3742,696,334,4771,2371,907,99,47,3422,193,85,275,3702,696,368,4774,2571,931,108,55,3662,208,68,270,3939,765,421,5127,2542,914,113,63,3634,196,51,244,3875,918,425,5224,2145,843,173,38,3199,169,67,236,3441,1208,423,5063,1214,629,104,21,1967,109,51,161,2126,1779,309,4217,385,350,38,15,790,8,11,18,806,2556,281,3647,95,134,16,8,254,0,0,8,262,2277,252,2788,53,81,12,17,158,0,7,5,165,4588,751,5499,21830,10534,1378,583,34315,2354,1121,3471,37791,20217,5146,63149,688,1815,123,69,2692,140,261,398,3088,1891,374,5360,2129,1316,155,93,3687,216,130,345,4031,724,455,5207,2715,1012,246,117,4087,181,88,277,4363,766,477,5602,2696,1046,243,106,4089,121,71,193,4284,766,496,5547,2767,1098,187,79,4134,131,70,202
LGA36510,699,277,46,21,1045,75,28,107,1151,286,151,1582,828,382,60,18,1291,61,40,98,1392,384,152,1921,981,497,62,30,1561,54,23,76,1634,414,123,2168,1270,608,52,50,1974,64,34,101,2075,448,216,2734,1420,645,58,47,2171,69,32,101,2274,467,222,2960,1391,641,76,39,2142,70,23,97,2239,547,228,3007,1138,621,89,33,1882,63,25,85,1971,768,245,2980,786,534,59,30,1408,44,27,68,1481,1111,216,2813,348,319,40,18,730,4,13,13,747,1833,238,2817,134,142,17,10,308,4,6,15,315,1631,172,2118,71,93,6,18,192,0,0,0,197,2682,291,3170,10033,5889,631,381,16927,698,380,1077,18007,11917,2567,32493,256,790,207,55,1305,56,92,148,1448,1009,159,2617,652,412,120,44,1221,62,37,98,1323,276,117,1714,824,347,103,37,1317,49,17,67,1379,336,136,1857,857,382,125,37,1402,52,24,72,1473,356,189,2010,1042,505,136,32,1715,39,23,66
LGA36580,465,188,37,23,710,48,25,76,782,250,92,1130,553,274,33,16,878,53,16,74,949,272,94,1309,546,258,29,20,855,46,25,66,924,262,110,1294,697,289,33,17,1042,47,24,69,1112,308,125,1542,741,293,28,25,1088,59,14,74,1160,362,127,1650,733,318,30,16,1107,54,16,71,1173,413,138,1721,645,339,40,19,1039,48,21,67,1107,599,168,1875,419,275,39,23,752,34,20,51,804,873,151,1834,170,139,21,10,333,5,7,14,345,1242,137,1726,60,72,11,16,168,0,0,0,165,1012,115,1288,39,26,5,14,83,0,0,3,81,1328,154,1569,5678,3001,344,248,9267,549,270,814,10080,7859,1625,19567,153,399,70,22,644,44,80,121,766,642,98,1507,406,206,58,29,702,46,32,83,786,188,72,1047,495,178,76,19,771,37,22,60,825,213,85,1126,591,257,66,22,936,31,14,46,983,254,84,1324,705,311,65,27,1110,38,13,47
LGA36630,600,288,37,17,942,61,34,95,1035,370,110,1512,582,305,46,13,951,50,27,82,1029,346,75,1452,630,358,22,15,1025,39,24,60,1088,357,105,1549,754,393,37,34,1212,55,28,84,1296,457,145,1900,869,395,42,25,1333,49,26,77,1408,477,136,2022,918,406,57,22,1408,70,21,96,1501,553,180,2230,767,415,51,25,1260,54,22,77,1332,781,164,2276,532,348,62,16,949,34,21,62,1007,1203,170,2382,235,230,25,16,502,9,0,11,509,1917,203,2629,93,76,12,16,198,0,0,0,198,1559,154,1921,84,63,6,20,167,0,4,8,174,2362,310,2843,6877,4058,446,270,11659,626,311,939,12593,11481,1980,26055,234,565,45,44,883,56,60,113,996,687,171,1851,632,297,41,34,998,71,37,115,1111,270,147,1534,679,325,63,24,1091,36,31,72,1162,277,141,1582,634,324,61,23,1041,29,25,50,1091,347,169,1609,650,324,40,25,1041,38,20,51
LGA36660,681,299,53,22,1058,70,32,107,1167,305,108,1580,653,341,63,22,1083,46,23,69,1154,353,88,1596,729,379,55,19,1190,46,25,72,1265,325,104,1693,903,469,39,28,1436,56,27,85,1523,338,105,1966,1034,514,40,24,1607,52,23,70,1680,382,138,2199,1075,515,53,37,1672,51,27,80,1752,491,121,2360,1013,474,77,31,1596,57,29,95,1693,746,153,2592,659,499,48,38,1243,39,16,53,1295,1142,160,2590,312,256,33,16,610,3,5,8,622,1856,170,2648,127,106,17,9,264,0,3,6,267,1646,181,2092,69,87,11,28,190,0,4,3,195,2836,311,3345,8225,4981,541,346,14092,613,329,941,15037,11619,1845,28503,272,755,52,42,1122,45,69,112,1231,680,138,2051,655,367,53,28,1101,66,37,101,1201,272,126,1603,752,374,68,27,1221,43,40,82,1305,274,142,1720,732,417,78,24,1249,25,24,52,1295,283,161,1741,758,433,66,23,1279,32,23,59
LGA36720,7007,3323,473,214,11018,534,294,825,11845,2059,949,14855,7527,3770,600,210,12109,417,292,706,12816,2535,984,16335,7879,4316,410,195,12803,417,278,696,13495,2532,1000,17024,9696,5257,392,249,15595,510,329,841,16434,2541,1077,20059,10384,5111,409,229,16125,551,282,831,16959,2669,1146,20775,9539,5028,496,192,15251,562,289,851,16108,3109,1132,20342,7691,4697,500,155,13050,556,291,847,13894,4912,1129,19928,4473,3806,386,148,8815,392,283,667,9486,8233,1024,18744,1449,2098,167,74,3786,51,110,157,3947,13798,1122,18861,396,819,57,38,1305,17,50,69,1379,12672,954,15005,133,338,41,56,575,10,16,28,606,22956,2478,26034,73280,49659,4494,2201,129638,5459,4521,9981,139622,86557,14812,240991,1765,7383,1904,203,11254,356,1163,1524,12779,6415,886,20081,5979,5477,1443,327,13230,443,429,875,14100,2204,997,17308,8092,4378,1328,325,14121,446,275,710,14829,2124,1125,18079,8913,4777,1482,377,15554,314,232,549,16094,2409,1221,19725,9708,5612,1291,326,16940,282,220,505
LGA36820,402,197,33,24,658,51,19,69,721,188,90,998,407,245,41,7,698,49,28,72,775,209,86,1077,455,249,34,19,755,32,13,46,803,199,93,1097,620,328,35,24,1009,54,24,79,1088,221,110,1414,702,387,30,11,1133,77,24,96,1229,265,142,1637,751,387,56,24,1223,57,18,73,1295,334,158,1785,703,394,70,16,1187,54,37,87,1278,555,177,2012,488,380,55,21,946,43,27,66,1016,810,151,1979,214,201,32,14,457,9,10,19,475,1336,150,1959,88,101,11,15,212,0,0,0,215,1173,161,1545,41,62,3,13,122,0,0,3,127,1980,267,2375,5456,3552,434,216,9653,538,266,802,10458,8070,1791,20316,181,502,39,36,762,23,45,70,830,528,173,1533,389,189,16,24,611,42,17,60,670,135,116,926,481,212,47,38,782,35,21,55,836,178,151,1156,513,225,54,37,828,17,13,34,865,188,136,1177,543,307,43,26,924,26,19,43
LGA36910,5036,1716,327,106,7186,379,177,557,7747,1586,644,9969,4732,1995,361,124,7211,302,152,452,7659,1561,600,9829,4442,1970,204,77,6701,253,143,396,7097,1472,554,9122,5048,2128,165,123,7459,241,140,377,7841,1440,630,9909,5583,2083,202,121,7985,263,125,391,8376,1413,662,10452,5201,1964,239,87,7488,232,91,324,7816,1590,607,10018,4598,1970,285,86,6949,195,102,300,7246,2350,662,10250,2863,1651,229,82,4820,130,85,217,5038,3580,624,9241,1084,990,122,56,2246,20,26,47,2295,5828,669,8796,362,479,47,33,919,3,11,18,937,5476,599,7007,197,226,24,49,488,3,10,11,501,10463,1787,12751,44680,22771,2566,1180,71191,3110,2040,5146,76337,42488,9361,128188,1293,3988,262,104,5642,256,633,886,6527,4362,519,11405,4478,2820,276,167,7732,375,271,650,8386,1485,627,10493,5532,2302,428,163,8427,309,172,480,8908,1505,709,11125,5320,2344,487,123,8268,213,139,352,8620,1524,582,10718,5345,2547,320,113,8323,196,115,311
LGA36950,117,39,6,12,168,7,8,10,182,44,109,327,139,32,6,10,187,4,6,12,192,39,57,292,108,24,9,11,149,10,0,10,164,48,36,248,121,38,0,14,174,4,0,6,180,32,25,234,89,35,4,7,130,3,3,9,134,25,36,194,94,26,13,0,135,6,0,14,144,20,37,203,95,33,7,0,146,7,5,8,156,35,24,212,54,12,0,0,73,4,4,6,79,48,16,144,22,7,0,0,37,0,0,0,41,42,9,85,4,5,0,0,13,0,0,0,13,33,4,46,3,0,0,3,9,0,0,0,9,46,3,64,930,311,63,83,1379,81,38,117,1497,666,464,2632,24,34,6,9,64,5,5,15,77,176,23,275,76,41,9,10,142,9,3,13,156,82,20,254,112,40,9,12,174,3,0,9,178,68,20,268,112,42,18,16,186,8,4,9,195,40,18,253,136,37,17,4,192,3,0,3
LGA36960,71,47,9,3,127,16,15,27,160,185,62,408,58,59,0,3,117,14,8,18,135,135,22,297,87,38,3,5,130,7,8,16,149,114,16,282,60,36,0,7,102,11,6,19,124,76,14,211,60,42,0,4,105,10,3,12,122,91,9,218,64,30,0,3,101,9,0,11,113,80,10,202,51,28,9,3,83,9,0,5,96,89,10,188,26,16,4,4,52,0,3,9,56,100,15,162,10,3,0,0,16,0,0,0,16,85,9,105,4,0,0,0,5,0,0,0,5,49,0,57,4,0,0,0,4,0,0,0,4,56,3,62,538,367,33,42,969,112,78,183,1154,1493,302,2952,8,13,6,4,29,11,8,18,44,213,14,273,30,34,0,6,73,22,4,25,100,182,9,288,65,55,5,4,132,8,6,14,147,175,18,337,80,52,8,3,140,11,0,10,148,134,19,304,64,40,10,5,120,11,0,13
LGA37010,7164,2226,463,152,10003,645,243,892,10894,2119,1124,14136,6845,2257,528,145,9772,536,208,744,10522,2049,1027,13594,6023,2279,350,152,8803,481,188,671,9470,1813,833,12114,6703,2361,266,144,9472,496,164,661,10135,1712,869,12720,6724,2213,267,119,9324,480,160,642,9965,1729,914,12613,6088,2111,297,85,8580,480,112,588,9165,1835,870,11866,5052,1926,305,121,7401,421,126,548,7952,2434,809,11197,2719,1539,221,71,4554,330,152,479,5036,3614,669,9314,877,793,100,48,1813,37,46,87,1906,5616,659,8175,184,314,29,18,547,3,13,18,560,4535,489,5587,76,139,7,25,254,10,5,20,270,7622,835,8727,55736,25878,3417,1412,86451,5361,3077,8441,94894,42791,11365,149048,1392,4743,300,119,6558,269,747,1017,7571,4407,879,12858,6153,3736,418,242,10555,436,321,759,11313,2075,1619,15003,7371,2634,585,229,10814,372,187,556,11367,1867,1397,14635,6761,2468,608,191,10021,289,164,448,10473,1728,1064,13266,6964,2506,434,151,10051,254,142,394
LGA37300,226,32,8,0,278,6,0,6,282,22,35,339,223,49,26,5,299,0,0,0,299,39,30,369,194,41,14,11,259,5,9,14,272,28,44,343,223,50,7,7,285,3,0,5,293,27,33,348,214,28,13,3,257,4,0,5,257,14,38,307,196,36,14,3,246,6,0,4,252,17,30,300,128,16,6,6,151,0,0,0,150,15,21,192,52,21,9,0,89,0,0,0,89,26,14,126,17,8,0,0,26,0,0,0,26,22,8,53,5,0,0,0,8,0,0,0,8,21,4,30,0,5,0,0,4,0,0,0,4,5,0,14,1641,358,110,36,2148,38,14,53,2204,364,299,2870,36,76,7,6,130,3,18,14,147,68,31,240,169,32,12,8,228,6,0,5,237,22,55,312,216,39,26,11,293,0,6,6,297,25,65,394,232,46,26,8,325,0,0,6,325,25,49,401,202,62,11,6,278,0,0,0
LGA37310,995,300,59,26,1383,83,21,105,1490,331,248,2067,1001,334,70,22,1432,63,16,81,1513,352,209,2071,914,400,56,14,1383,50,22,76,1464,306,210,1980,1143,385,46,28,1602,75,28,102,1711,311,250,2261,1108,395,37,25,1573,67,14,86,1661,348,268,2280,1070,353,42,30,1500,53,15,69,1570,418,244,2229,900,336,42,16,1291,44,12,53,1348,481,253,2086,615,298,53,25,988,30,15,46,1034,597,210,1841,326,173,35,24,562,5,4,13,572,951,227,1745,136,132,16,11,291,0,3,0,294,845,165,1302,112,82,7,17,213,0,4,4,218,1649,309,2176,9475,4100,535,312,14419,664,300,964,15389,7699,2970,26058,334,656,46,35,1063,64,62,122,1185,654,200,2045,889,317,56,34,1298,79,42,117,1411,260,243,1918,1101,355,73,28,1560,56,36,86,1645,360,313,2319,982,362,78,33,1454,32,31,61,1514,333,242,2087,966,432,76,24,1489,33,19,49
LGA37340,1372,363,74,46,1851,91,47,135,1983,269,475,2727,1182,425,81,43,1725,75,24,99,1822,272,388,2483,1052,413,70,33,1568,70,15,87,1658,218,282,2155,1149,474,54,33,1707,78,26,105,1814,238,297,2349,1148,406,44,28,1622,82,20,98,1727,236,283,2240,1124,437,62,34,1659,78,24,103,1763,344,266,2378,981,426,68,25,1488,109,36,144,1639,488,284,2404,643,362,49,13,1063,56,27,88,1150,803,235,2193,250,193,23,7,469,9,8,21,487,1207,216,1905,77,78,6,3,168,5,3,7,173,926,177,1274,52,40,5,7,103,3,4,0,109,1366,269,1749,10332,4410,603,336,15683,817,307,1116,16803,7139,3719,27663,368,679,34,30,1103,35,75,113,1219,521,176,1917,1014,427,66,52,1556,49,28,78,1635,160,295,2087,1322,506,101,49,1974,68,30,97,2076,264,421,2764,1263,548,108,51,1969,52,33,90,2057,253,384,2703,1217,531,86,49,1877,31,17,51
LGA37400,38,7,0,0,49,0,0,0,52,0,6,56,43,11,4,0,60,0,0,0,58,7,8,74,25,14,6,0,47,4,0,4,48,7,4,53,36,9,0,0,47,0,0,0,48,8,5,58,51,11,3,3,67,0,0,3,71,14,3,85,52,0,4,0,59,0,0,0,59,10,7,74,54,11,0,0,67,0,0,0,69,12,12,86,49,13,3,0,60,6,0,6,64,20,10,87,14,3,5,5,27,0,0,0,28,33,14,78,7,3,0,3,10,0,0,0,10,51,13,74,7,4,0,0,9,0,0,0,9,81,12,104,412,106,28,18,567,18,8,25,593,266,90,949,13,5,0,0,17,0,0,0,17,10,7,39,25,7,5,0,35,0,0,0,35,9,9,53,38,11,5,3,57,0,0,0,57,5,12,72,30,9,3,0,37,0,0,0,37,0,10,48,45,10,0,0,60,0,0,0
LGA37550,11,8,0,0,16,3,6,9,26,35,0,63,19,4,0,0,25,9,3,5,34,26,0,64,13,13,0,0,21,0,0,0,23,23,0,51,16,0,0,0,17,3,0,0,19,33,3,59,11,5,0,4,21,3,0,3,16,31,5,51,11,10,0,0,25,0,0,3,30,25,0,58,15,3,0,0,16,0,0,0,18,16,8,41,13,3,0,0,13,0,0,0,15,16,0,33,3,4,0,0,7,0,0,0,7,15,6,23,0,0,0,0,0,0,0,0,0,7,0,7,0,0,0,0,0,0,0,0,0,3,0,8,121,58,6,12,189,28,12,43,235,354,51,638,3,3,0,0,7,0,0,7,17,78,6,103,14,9,5,0,20,7,0,5,29,41,6,71,19,11,0,0,34,3,5,5,39,47,3,94,20,7,0,0,28,5,3,9,39,28,12,75,9,6,0,0,15,0,6,3
LGA37570,8,0,0,0,7,10,0,10,16,15,0,30,4,5,0,0,9,0,0,0,8,4,0,16,4,0,0,0,7,0,0,0,7,3,0,15,6,5,0,0,10,6,5,3,13,8,0,22,5,3,0,0,8,0,0,0,12,12,0,19,4,4,0,0,7,0,0,0,10,8,0,19,3,0,0,0,4,0,0,0,4,7,0,18,0,0,0,0,6,0,0,0,3,10,0,16,0,0,0,0,0,0,0,0,0,8,0,6,0,0,0,0,0,0,0,0,0,3,0,5,0,0,0,0,0,0,0,0,0,3,0,3,34,20,3,0,65,16,4,29,93,120,6,218,0,0,0,0,0,0,0,0,0,10,0,13,0,0,0,0,0,0,0,3,4,10,0,14,3,3,0,0,7,0,0,3,10,17,6,27,0,0,0,0,7,0,0,0,7,20,0,28,3,0,0,0,3,0,0,0
LGA37600,30,6,3,0,42,46,0,46,91,109,7,206,27,13,0,8,43,20,3,23,64,94,6,163,22,8,0,0,33,23,0,25,59,70,5,141,23,14,0,3,41,27,0,29,73,55,4,136,33,9,4,0,47,20,3,27,75,92,0,165,18,16,0,0,37,18,3,18,57,73,4,132,22,8,0,0,31,9,0,9,38,61,5,107,0,4,0,0,10,5,0,5,12,59,3,72,0,3,0,0,3,5,0,5,4,31,0,35,0,0,0,0,0,0,0,0,0,27,3,28,0,0,0,0,0,0,0,0,0,21,6,27,194,98,17,31,340,259,30,284,624,1011,50,1689,5,0,4,0,7,19,16,32,42,220,6,267,19,10,0,0,33,34,10,44,78,136,3,212,25,24,0,6,54,17,11,31,80,117,9,214,37,14,6,5,54,29,4,30,91,86,6,184,24,23,0,0,49,16,4,25
LGA39499,383,183,27,28,622,90,31,120,745,289,316,1348,233,112,20,19,386,98,19,114,503,219,226,941,145,52,14,22,234,77,15,96,331,210,198,737,144,60,15,14,239,73,22,91,329,175,237,741,146,61,11,13,239,70,19,90,324,233,194,750,158,79,26,11,277,69,14,84,356,333,225,913,132,84,26,0,243,57,20,84,328,549,207,1081,83,73,24,9,186,51,15,71,255,815,226,1297,25,32,6,6,65,3,6,15,82,1002,166,1253,4,7,0,0,11,0,5,5,11,549,101,662,5,0,0,3,11,0,0,0,7,332,80,417,1750,980,194,160,3083,754,234,985,4073,5144,2470,11690,23,72,23,8,128,37,41,76,204,229,124,566,161,118,35,15,325,69,30,96,426,236,267,934,328,182,39,16,570,89,33,126,692,316,403,1404,246,154,43,17,465,71,26,94,550,330,357,1242,171,123,40,11,349,62,23,82
LGA39799,0,5,0,0,3,0,0,0,3,0,0,6,0,3,0,0,4,0,0,0,4,0,0,4,5,0,0,0,5,0,0,0,5,0,0,9,3,0,0,0,7,0,0,0,7,0,0,6,9,0,0,0,9,0,0,0,9,0,0,9,0,0,3,0,5,0,0,0,3,6,0,12,8,4,4,0,12,0,0,0,14,5,0,16,3,0,0,0,9,0,0,0,9,3,0,11,0,0,0,0,0,0,0,0,0,13,5,17,0,0,0,0,0,0,0,0,0,12,0,12,0,0,0,0,0,0,0,0,0,16,5,16,37,20,12,0,67,6,0,5,65,58,20,144,0,0,0,0,0,0,0,0,0,0,0,0,0,0,0,0,4,0,0,0,4,0,14,16,3,0,4,0,3,0,0,0,5,3,21,25,0,0,0,0,0,0,0,0,5,0,18,24,6,0,0,0,6,0,0,0
LGA40070,1124,475,51,22,1673,97,125,226,1898,858,286,3044,1045,314,57,17,1421,90,30,119,1541,385,230,2157,649,214,28,4,890,69,22,92,980,234,124,1338,479,173,23,5,677,45,18,57,740,207,90,1034,461,142,19,14,639,45,12,58,693,186,124,1010,508,171,22,14,719,31,17,46,762,235,132,1124,440,151,18,6,610,33,13,42,648,234,110,994,297,162,22,0,482,31,10,38,526,367,100,996,176,182,11,3,374,4,3,10,387,555,127,1070,57,90,3,4,154,3,0,5,162,448,75,686,23,55,5,3,90,0,0,0,92,908,121,1118,5652,3126,350,146,9272,519,738,1260,10531,8283,2035,20852,27,387,41,9,471,11,127,135,607,678,121,1410,582,1243,121,41,1989,121,308,427,2418,1840,295,4551,1383,859,81,35,2362,141,120,260,2625,723,246,3594,1292,503,48,25,1859,66,44,113,1970,346,181,2492,942,331,44,17,1336,53,35,88
LGA40120,705,302,53,17,1076,36,16,53,1129,175,78,1382,807,368,96,19,1291,17,19,39,1330,235,75,1638,1016,543,87,26,1670,33,21,53,1723,239,93,2056,1398,790,56,27,2279,50,26,75,2351,279,115,2745,1765,816,78,26,2678,47,37,93,2772,276,134,3179,1651,788,98,30,2565,59,23,88,2651,342,126,3115,1515,768,132,19,2434,39,18,60,2497,519,150,3166,928,663,74,18,1681,40,37,76,1753,947,160,2857,375,454,48,14,891,10,5,14,907,1637,132,2671,111,202,17,7,337,8,5,10,350,1315,80,1744,49,81,8,6,145,0,0,0,144,2086,166,2406,11117,7316,815,262,19513,404,491,900,20414,9681,1512,31601,188,992,80,34,1296,25,141,168,1463,1180,94,2743,653,823,75,26,1576,48,71,120,1693,259,99,2051,776,401,54,22,1254,34,28,62,1319,144,80,1546,986,470,132,18,1615,14,19,33,1644,190,76,1912,1157,708,105,21,1985,20,20,40
LGA40150,212,77,13,8,306,16,3,17,320,71,26,419,216,111,14,6,349,16,3,20,375,71,32,479,231,117,10,11,364,16,10,23,387,74,33,496,316,143,18,6,480,15,7,26,502,107,47,657,377,167,23,14,580,22,10,31,614,117,52,783,358,157,19,12,545,17,9,27,572,159,43,773,293,115,28,6,445,12,3,19,466,176,49,683,159,100,21,7,281,7,4,12,294,213,41,546,74,54,9,4,136,0,0,0,137,320,38,493,21,19,4,0,49,0,0,0,49,248,21,319,9,16,0,0,28,0,0,0,28,306,40,377,2501,1364,161,79,4108,202,107,307,4411,2213,484,7102,93,166,12,5,277,17,26,43,321,269,46,637,232,140,14,9,395,22,12,38,425,56,32,521,300,125,33,15,466,20,10,24,493,86,36,610,308,157,27,11,502,5,7,13,520,84,40,642,332,134,15,4,493,10,10,16
LGA40220,394,240,40,10,681,43,15,56,737,187,68,991,396,270,29,18,721,22,15,37,754,176,68,1000,471,331,37,15,858,18,7,20,882,187,77,1146,643,385,45,12,1088,38,22,57,1143,257,106,1506,760,423,33,14,1231,35,15,54,1283,219,86,1588,719,484,54,29,1284,37,24,64,1345,313,109,1767,694,525,75,16,1309,46,29,79,1382,514,97,1993,435,465,52,10,964,25,32,53,1018,962,122,2099,154,274,23,5,459,4,3,10,468,1813,157,2432,55,115,12,0,188,5,3,6,190,1624,112,1931,42,60,6,15,118,0,3,6,117,2642,297,3056,5201,4231,471,177,10079,364,260,623,10699,9695,1437,21831,126,501,38,20,681,16,59,77,761,607,59,1428,399,328,40,19,786,25,28,56,839,155,52,1043,391,282,52,13,733,31,15,44,782,174,60,1014,511,331,56,12,915,28,23,44,958,193,62,1214,557,353,49,13,964,15,25,39
LGA40250,39,25,4,6,69,21,3,23,91,96,33,219,31,23,4,3,55,17,12,23,81,80,31,190,34,21,0,0,51,9,0,16,66,67,28,166,17,23,0,4,43,17,0,20,63,70,19,152,35,19,4,0,61,8,8,14,77,62,18,157,32,13,5,6,43,0,0,0,51,49,20,118,29,9,5,0,42,0,0,0,45,18,22,84,24,3,0,3,36,6,0,6,37,30,12,84,11,3,0,0,17,0,0,0,17,27,5,49,5,3,0,0,5,0,0,0,5,18,3,27,3,0,0,0,5,0,0,0,5,33,5,43,295,173,19,25,518,138,38,174,692,802,236,1727,9,5,0,0,15,23,13,37,55,154,7,213,24,16,4,5,48,34,7,42,96,120,11,225,50,27,4,7,93,31,13,42,137,100,17,254,36,17,0,10,62,30,0,31,99,104,19,219,16,17,4,3,48,12,7,23
LGA40310,557,201,41,11,801,31,10,44,843,122,50,1016,622,298,59,7,984,37,21,57,1036,148,51,1238,668,360,50,4,1075,19,13,30,1104,175,64,1343,851,404,42,12,1304,28,11,43,1346,164,86,1595,909,416,33,21,1373,43,22,61,1438,173,93,1703,880,384,51,17,1327,23,12,39,1365,201,87,1656,771,424,65,16,1270,23,21,40,1314,333,106,1750,513,366,53,16,947,19,20,39,982,604,92,1680,176,209,28,4,421,3,0,3,428,1027,79,1531,57,82,9,7,149,0,0,0,149,924,67,1140,39,52,4,10,102,0,0,0,102,1746,166,2009,6601,3936,475,149,11163,321,213,535,11701,6428,1051,19183,154,575,43,25,799,15,50,68,867,540,59,1468,487,342,32,20,885,30,30,64,948,122,51,1116,589,225,47,11,871,27,19,48,917,123,45,1084,627,304,75,17,1011,15,15,30,1048,163,44,1250,812,396,60,9,1282,17,12,31
LGA40430,44,16,0,3,67,0,0,0,67,13,4,85,33,22,5,0,57,5,4,3,61,21,7,83,36,20,4,0,65,0,0,0,65,24,5,96,56,43,0,0,108,3,0,3,114,23,3,141,71,42,0,0,116,7,0,6,117,25,13,152,73,35,5,0,121,3,6,14,126,46,15,186,82,45,7,0,134,4,0,5,143,50,14,210,41,37,9,0,89,6,0,6,91,126,15,239,18,20,4,0,46,0,0,0,50,207,16,270,0,7,0,5,17,0,0,0,17,186,16,214,0,5,3,0,18,0,0,0,18,284,43,341,505,347,44,14,916,34,23,58,966,1066,164,2197,10,28,0,0,41,0,4,4,47,38,5,89,37,16,0,0,56,4,6,5,63,12,7,77,27,21,0,0,46,0,0,0,52,11,7,67,50,24,8,0,83,4,0,3,88,14,11,115,37,22,7,0,69,0,0,0
LGA40520,234,93,14,11,355,17,8,29,382,100,20,502,224,122,19,11,371,27,14,37,411,105,29,547,236,122,7,8,373,22,8,30,408,92,38,536,288,137,14,7,451,27,4,34,479,93,29,607,331,156,11,7,498,12,8,26,520,138,53,714,339,148,25,5,516,16,6,26,547,140,47,727,325,146,25,6,493,10,17,30,525,216,62,807,212,160,15,11,407,14,0,20,428,294,58,781,75,81,6,7,172,0,0,5,175,522,48,741,18,37,0,0,59,0,0,0,58,400,42,497,10,21,0,5,35,0,0,0,38,916,92,1048,2572,1500,156,85,4311,208,111,318,4636,3433,586,8648,88,169,7,5,269,14,36,48,317,272,33,619,226,158,3,11,400,21,10,29,428,90,32,550,287,130,13,12,440,17,12,28,464,90,39,596,258,121,13,6,401,18,13,34,433,78,23,543,254,142,19,13,428,15,11,22
LGA40700,1020,461,44,25,1551,82,36,116,1668,312,78,2055,996,395,82,17,1497,59,33,101,1591,258,59,1909,1171,598,74,18,1855,55,62,118,1970,365,89,2422,1437,783,44,16,2275,82,50,132,2409,415,91,2920,1723,773,44,24,2571,71,40,112,2680,341,125,3146,1645,652,62,21,2379,49,32,83,2464,390,95,2950,1471,696,60,23,2250,52,27,75,2319,549,107,2978,880,624,62,17,1581,38,32,68,1649,945,128,2724,415,504,34,18,961,9,14,19,981,1699,133,2814,140,257,23,5,430,0,7,9,436,1687,101,2231,51,160,10,14,230,0,0,3,241,3983,325,4549,11527,7760,631,216,20125,584,685,1266,21392,13530,1492,36416,68,1047,72,8,1203,4,178,185,1386,1762,26,3175,641,1196,77,15,1933,53,85,142,2071,431,49,2550,1053,537,64,22,1678,57,42,93,1774,256,61,2091,1077,525,86,10,1694,56,39,91,1784,254,61,2104,1386,658,84,19,2145,54,35,86
LGA40910,1510,676,77,41,2302,123,75,196,2493,494,98,3090,1605,729,125,39,2511,116,50,161,2670,446,94,3211,1533,801,108,34,2469,97,61,161,2629,465,101,3192,1605,879,44,41,2568,82,49,136,2707,442,96,3243,1842,912,50,29,2830,100,48,152,2989,499,119,3601,1715,789,64,34,2605,90,43,135,2741,538,113,3396,1302,728,72,25,2132,58,41,102,2225,677,88,2993,740,568,72,15,1393,38,31,65,1461,1020,66,2551,252,346,36,19,656,3,9,13,669,1818,99,2583,58,145,9,12,218,0,7,4,229,2007,97,2336,36,64,10,7,123,0,0,0,122,5078,321,5530,13147,8701,736,365,22945,897,822,1716,24665,15841,1454,41964,124,1153,56,12,1340,30,201,231,1572,1253,72,2903,1058,1480,99,46,2688,93,132,219,2907,557,97,3559,1894,970,104,56,3029,100,71,174,3195,391,134,3723,1951,885,171,29,3038,103,66,164,3199,479,122,3806,1968,996,126,35,3132,95,45,142
LGA41010,104,38,8,7,154,6,0,5,157,25,33,205,78,37,11,11,137,6,0,3,142,34,27,200,76,47,16,0,138,6,0,4,141,33,31,205,106,39,11,8,162,7,0,7,165,14,34,211,115,53,3,10,175,5,0,5,179,23,28,233,100,30,7,0,140,0,0,3,139,24,27,193,106,37,17,3,164,3,3,7,167,45,31,247,79,46,12,0,139,0,4,7,145,70,30,247,34,36,3,0,74,0,3,3,74,103,24,199,12,10,0,6,29,0,0,0,30,109,15,153,3,7,0,0,11,0,0,0,11,140,48,195,937,460,85,48,1530,34,24,56,1584,752,369,2702,25,42,5,4,81,8,4,8,90,75,16,178,77,34,4,5,120,9,7,15,135,31,11,180,102,51,13,9,170,8,4,11,182,47,11,241,106,52,4,3,162,0,5,0,167,35,26,230,87,55,0,9,149,0,0,6
LGA41060,4137,1583,215,105,6033,314,158,473,6503,1007,351,7864,3836,1576,369,89,5864,276,133,407,6270,1136,392,7802,3359,1646,232,78,5309,212,106,323,5627,1018,314,6965,3640,1644,126,76,5488,226,96,321,5804,1054,338,7194,3956,1849,139,76,6025,231,97,324,6346,1274,353,7975,3826,1589,149,73,5631,194,93,294,5924,1408,360,7691,3054,1602,179,54,4892,184,110,288,5183,1924,324,7431,1725,1191,160,32,3104,110,88,199,3301,2875,296,6471,565,677,85,23,1344,10,20,29,1375,4402,297,6073,133,276,24,10,446,0,7,4,456,3842,259,4553,52,142,19,20,232,3,7,8,245,9584,760,10592,30770,18247,1920,782,51717,2225,1737,3961,55683,34098,4643,94420,359,2346,143,27,2879,81,404,487,3363,2457,176,5994,2619,3024,214,96,5949,235,241,478,6430,1154,307,7891,4884,2159,279,135,7452,236,152,385,7840,918,372,9134,4937,2162,430,100,7630,185,88,273,7904,1000,377,9283,4350,2175,318,77,6920,154,102,252
LGA41140,234,87,14,7,345,11,3,15,360,69,43,467,201,112,22,4,343,14,4,12,357,65,33,458,183,115,20,7,321,5,10,10,332,64,32,429,241,133,13,3,392,6,4,10,399,52,21,474,303,163,20,8,499,7,6,19,510,68,34,613,318,161,22,6,506,8,0,13,522,108,39,667,278,190,30,11,507,10,4,22,525,136,50,712,240,153,27,6,426,9,0,8,433,285,55,779,83,92,16,3,195,0,4,4,200,398,47,642,34,54,7,5,104,0,0,0,105,389,43,539,24,32,4,6,71,0,0,0,74,685,65,822,2345,1518,207,82,4151,93,61,147,4301,2599,499,7393,46,172,20,4,243,10,13,17,257,173,26,457,164,102,11,11,285,7,6,14,296,49,33,381,204,79,11,6,297,7,3,13,309,47,41,397,230,123,20,12,387,9,6,6,395,63,32,488,234,156,19,3,409,9,3,13
LGA41190,43,20,5,4,73,0,0,3,74,10,7,88,44,25,3,0,75,0,3,3,81,8,11,102,45,23,0,0,72,0,0,0,72,0,11,79,58,33,0,0,90,0,0,0,89,9,4,108,64,32,4,0,103,0,0,0,103,10,3,121,77,19,0,0,101,0,0,4,109,16,5,124,70,30,0,0,109,0,0,0,109,27,7,145,55,31,4,4,86,0,4,0,92,33,10,132,9,13,4,0,30,0,0,0,30,69,3,106,10,11,0,0,25,0,0,0,25,54,6,86,3,3,0,3,8,0,0,0,8,130,17,160,512,284,33,18,848,8,14,20,869,444,95,1414,13,23,0,0,38,0,0,0,40,36,4,75,32,13,4,0,47,0,0,0,52,5,5,62,35,20,8,3,65,0,0,0,62,11,8,87,48,33,3,0,81,0,0,0,82,11,6,96,47,23,0,3,69,0,0,0
LGA41330,48,19,3,4,74,0,3,6,77,25,28,129,52,13,5,5,77,4,0,4,80,28,14,115,40,19,0,0,56,4,0,3,65,15,13,88,41,16,4,0,63,4,0,4,64,13,11,93,43,20,4,9,66,3,4,3,72,26,19,120,44,23,5,8,75,8,0,12,85,32,27,149,37,15,5,5,63,8,3,11,74,26,19,120,44,13,0,0,56,8,0,12,71,51,13,133,16,10,0,3,25,0,0,3,29,72,11,117,8,9,5,0,21,0,0,0,24,95,29,146,0,3,0,0,17,0,0,0,16,95,28,138,402,174,36,31,641,53,14,67,712,521,249,1484,5,11,3,0,24,0,0,0,25,29,19,73,20,8,0,6,30,5,0,3,34,11,6,48,41,13,0,0,65,0,0,4,67,26,20,110,54,15,3,0,73,0,0,3,76,15,18,104,27,13,6,0,44,3,0,8
LGA41560,246,128,24,10,412,38,9,50,459,128,47,632,233,168,15,6,428,26,16,47,472,132,44,647,254,150,19,12,436,23,9,36,473,122,31,629,263,146,17,8,444,16,10,29,470,131,37,639,343,233,13,12,600,31,21,51,654,194,54,902,359,238,14,6,614,35,15,49,669,235,80,978,316,222,34,12,579,39,14,54,626,356,86,1067,189,213,34,6,448,16,13,30,479,613,86,1173,70,86,18,4,169,0,3,5,178,1018,104,1293,11,33,8,6,51,0,0,0,53,875,89,1017,18,28,9,11,62,3,0,8,71,1386,207,1662,2576,2035,242,109,4958,301,177,481,5439,5592,927,11952,74,227,22,11,339,19,25,46,381,236,38,659,220,139,14,7,382,31,8,39,423,98,34,556,287,123,26,10,444,26,15,38,486,112,29,629,213,171,35,11,432,19,8,27,459,131,43,637,259,202,21,5,487,27,11,37
LGA41750,17,5,0,0,33,3,0,3,27,9,4,49,24,16,0,0,42,0,0,0,42,8,8,62,28,13,4,0,46,3,0,3,44,11,0,54,26,15,5,0,41,3,0,3,46,4,0,57,34,19,0,0,58,0,0,0,54,9,0,66,53,18,3,0,76,0,0,3,79,9,0,97,53,21,0,0,82,3,3,4,89,19,6,115,34,22,3,0,59,5,0,6,64,33,9,99,10,7,0,0,19,0,0,0,19,39,0,58,4,8,0,0,9,0,0,0,9,33,0,46,3,0,0,0,4,0,0,0,4,58,0,66,300,164,23,9,495,24,6,25,524,275,43,844,7,9,0,0,18,4,0,3,18,23,4,47,10,11,0,0,22,0,0,0,24,5,4,33,15,8,0,3,34,0,0,0,34,5,7,41,29,19,0,0,50,0,0,0,51,14,3,63,23,16,0,0,41,0,0,3
LGA41830,39,15,0,3,57,0,0,0,59,11,8,84,26,10,3,0,39,3,0,6,43,13,0,60,38,21,6,0,59,0,0,6,66,18,3,79,33,23,0,0,56,0,0,3,58,9,11,79,52,27,5,0,87,5,4,14,92,15,3,113,51,25,8,0,82,9,6,8,94,35,15,137,54,36,3,3,96,3,0,3,98,26,18,139,48,20,6,0,68,4,3,4,69,65,11,151,27,7,5,0,38,0,0,0,38,101,7,149,8,4,0,0,19,0,0,0,19,77,8,103,0,4,0,0,6,0,0,0,6,114,30,150,417,218,34,19,687,30,12,45,734,545,111,1393,8,17,0,0,29,0,0,0,31,29,7,66,26,9,3,0,40,4,6,8,48,8,7,65,40,12,5,0,51,0,0,0,59,12,16,84,38,15,4,3,57,0,0,0,57,16,6,77,32,21,0,0,52,0,0,0
LGA41960,26,17,4,0,44,0,0,0,52,10,3,62,15,13,4,0,31,0,0,0,31,10,3,44,27,17,0,0,47,6,0,6,53,8,5,67,30,17,4,0,47,3,0,3,55,3,5,69,52,22,0,0,76,0,0,3,80,12,5,97,48,15,3,0,66,4,0,4,71,13,6,92,26,25,4,0,58,3,0,3,60,19,0,81,24,14,3,0,46,5,0,4,49,54,15,121,13,14,6,0,26,0,0,0,26,79,17,126,4,8,4,0,14,0,0,0,14,75,15,104,4,3,0,0,10,0,0,0,10,77,18,108,298,191,33,9,538,32,4,38,570,385,116,1070,6,13,3,0,28,0,0,4,33,13,5,50,23,4,0,0,24,0,0,0,31,6,0,40,20,11,0,0,38,0,0,0,36,5,3,46,28,23,9,0,64,0,0,4,59,5,4,74,22,9,0,0,28,0,0,0
LGA42030,623,258,49,13,948,60,25,83,1031,249,67,1350,674,301,68,16,1055,52,25,75,1131,245,69,1444,554,262,38,16,871,39,21,61,932,211,59,1204,622,286,32,15,957,46,20,70,1024,199,64,1290,744,366,40,17,1164,50,19,65,1227,233,75,1537,736,363,43,16,1155,42,15,59,1210,292,75,1583,673,362,30,12,1076,42,21,59,1131,404,93,1631,399,252,33,18,708,26,18,47,751,549,74,1374,116,103,12,3,235,0,0,3,235,931,73,1235,17,51,0,0,74,0,0,0,71,925,72,1071,11,22,5,4,37,0,0,0,35,2011,222,2260,5809,3495,386,161,9848,547,355,904,10750,7142,1065,18959,106,502,29,9,657,34,107,140,792,566,56,1414,585,445,43,12,1089,89,49,137,1221,221,55,1503,804,354,69,22,1247,59,27,88,1336,247,55,1639,703,332,72,21,1131,40,12,53,1185,243,59,1490,762,361,48,19,1189,29,13,43
LGA42110,81,25,10,3,118,7,3,13,132,29,16,182,61,32,4,5,104,5,0,5,111,27,7,146,73,50,8,4,137,8,4,12,148,37,8,196,110,68,5,9,191,6,3,11,201,38,17,256,121,65,10,7,199,8,0,9,204,50,25,282,120,73,8,6,207,9,4,12,215,72,23,312,135,90,3,9,234,6,6,16,253,119,20,395,103,76,4,3,189,7,5,11,199,133,20,356,31,33,0,4,66,0,0,0,68,223,26,311,8,23,0,0,36,0,0,0,36,192,21,244,14,17,0,9,39,0,0,0,39,290,42,368,956,617,72,57,1696,79,34,116,1815,1360,253,3423,27,55,0,3,85,0,10,11,97,113,12,219,54,32,3,4,99,3,6,3,101,20,15,141,82,25,5,4,114,4,7,14,123,23,10,164,62,60,7,4,132,3,3,6,142,32,7,186,73,33,3,5,115,3,6,4
LGA42250,144,55,13,4,219,5,7,8,225,89,15,332,151,109,15,0,272,10,3,12,287,136,14,440,203,115,13,5,335,4,13,10,348,111,23,481,267,149,18,5,441,11,5,19,460,125,20,606,364,149,16,3,538,19,4,19,555,121,30,714,322,152,19,3,497,14,5,19,517,136,34,689,265,140,27,5,433,14,6,21,449,175,25,645,199,112,13,5,332,4,3,7,336,226,36,603,85,77,13,5,181,0,0,0,180,323,38,541,32,32,4,3,69,0,0,0,69,261,19,347,21,34,0,8,63,0,0,0,63,324,48,430,2278,1360,170,61,3865,101,47,150,4020,2301,347,6667,102,189,12,14,319,3,12,19,337,149,28,513,177,83,8,8,278,11,3,20,295,68,33,394,158,49,17,8,225,4,0,8,228,90,18,338,180,98,14,5,293,9,0,11,307,107,24,442,198,131,11,6,349,5,6,10
LGA42600,1092,474,62,33,1657,63,36,100,1753,208,137,2097,1088,410,74,29,1605,59,19,77,1683,207,107,2002,1047,485,48,23,1608,47,28,71,1674,232,109,2017,1112,554,30,21,1725,56,21,80,1804,241,102,2146,1245,530,51,25,1848,57,12,73,1923,257,104,2280,1309,593,67,9,1985,50,22,79,2060,309,105,2476,1197,594,69,28,1893,57,18,80,1972,540,163,2672,726,512,52,19,1314,46,43,87,1396,1021,144,2560,228,383,31,0,644,12,14,19,663,1629,163,2454,59,160,8,7,239,0,4,6,242,1475,110,1831,22,79,7,17,119,0,0,0,119,3696,348,4171,9811,6248,596,268,16921,549,449,1005,17924,10916,1766,30606,113,875,70,9,1064,18,99,116,1179,752,24,1954,654,836,53,12,1551,46,46,92,1646,235,55,1933,1057,478,62,10,1609,42,37,79,1695,161,67,1916,1137,487,94,9,1734,33,13,51,1782,209,74,2060,1196,572,98,18,1887,35,28,65
LGA42750,78,49,11,3,138,0,0,3,139,24,20,177,93,83,10,9,193,5,0,5,204,36,31,268,96,69,10,0,171,5,0,5,179,33,16,224,111,77,7,4,200,0,7,7,203,32,21,253,133,103,9,6,251,11,10,14,260,35,23,327,140,111,13,5,266,14,3,17,276,61,19,360,144,117,14,7,286,14,3,21,308,96,42,441,104,92,13,3,210,12,4,22,233,134,44,413,56,75,17,0,147,0,0,0,145,229,38,416,26,25,5,0,52,0,0,0,52,194,29,277,3,28,3,0,35,0,0,0,35,313,52,404,1058,952,121,39,2170,82,38,118,2285,1278,366,3929,30,74,5,7,117,0,3,9,124,51,17,191,65,54,9,3,130,4,0,4,131,24,13,169,98,61,14,5,172,12,0,8,181,31,25,237,119,64,10,0,193,3,0,3,198,25,20,246,116,88,16,4,222,8,5,7
LGA43080,24,3,3,0,31,0,0,0,31,5,0,37,17,4,0,0,19,0,0,0,25,10,0,33,28,11,0,0,45,3,0,3,45,6,0,57,38,18,0,0,56,4,0,4,57,8,6,69,39,19,0,0,60,0,0,0,60,14,3,71,45,15,0,0,64,0,3,0,69,14,0,83,45,19,0,0,66,4,4,7,70,20,5,89,33,12,0,0,41,4,0,4,46,28,3,73,26,12,0,3,44,0,0,0,44,46,8,94,3,3,0,0,13,0,0,0,13,37,10,51,5,4,0,0,14,0,0,0,14,100,15,128,328,141,10,6,481,18,7,22,506,330,53,893,4,12,0,0,17,3,0,3,23,24,3,50,14,9,0,0,27,0,0,0,28,9,0,43,26,6,4,0,31,0,0,0,35,9,0,45,18,12,3,0,38,0,0,0,38,13,4,54,17,3,0,0,20,0,0,0
LGA43220,23,16,4,0,50,0,0,0,50,8,6,63,43,20,0,0,67,0,0,0,69,6,5,80,33,9,0,0,43,4,0,4,46,6,0,59,26,18,3,0,46,0,0,0,46,5,3,54,46,8,0,0,56,0,0,0,56,4,0,64,47,10,0,0,66,0,0,0,66,0,9,71,44,18,0,3,60,0,0,0,60,9,4,81,18,18,0,0,36,0,0,0,36,14,5,59,12,12,0,0,23,0,0,0,23,33,0,60,5,0,0,3,11,0,0,0,11,28,0,46,0,0,0,0,5,0,0,0,5,86,9,106,329,162,29,14,528,7,0,7,540,220,54,809,4,18,0,0,22,0,0,0,22,11,3,37,21,4,0,0,29,0,0,0,31,3,10,43,31,11,6,0,47,0,0,0,47,3,3,53,22,16,8,0,46,0,0,0,49,9,6,53,44,26,0,0,63,0,0,0
LGA43360,49,26,5,0,83,5,0,4,86,19,5,112,46,37,4,4,94,3,4,5,95,17,8,118,37,28,7,0,74,0,0,3,74,16,8,100,53,40,9,4,99,0,4,3,101,17,9,134,60,27,0,0,86,3,0,3,91,14,3,109,52,42,4,6,108,3,0,3,112,27,13,151,65,38,8,4,120,4,0,5,123,43,10,170,78,51,15,4,143,8,6,10,155,61,8,219,24,28,7,4,61,0,0,0,61,128,16,205,14,13,0,4,34,0,0,0,34,115,17,157,11,11,3,0,27,0,0,0,27,231,44,300,546,409,68,31,1050,25,20,48,1099,730,148,1981,14,38,0,5,59,3,0,3,61,33,7,99,49,25,4,0,76,0,0,0,81,16,8,100,38,29,4,0,72,0,0,5,76,13,8,94,50,32,4,0,87,0,0,3,92,13,4,110,58,37,3,0,106,0,0,3
LGA43650,350,128,32,5,517,28,8,36,553,93,34,683,415,189,37,6,642,21,13,34,675,125,26,822,422,231,24,18,692,21,10,26,725,117,31,867,596,273,31,9,915,20,6,31,946,109,32,1088,620,272,25,6,918,33,3,28,949,130,53,1126,607,286,27,15,931,31,3,43,970,165,55,1192,504,266,36,10,813,23,6,32,848,220,56,1122,299,174,22,4,501,11,12,32,533,297,52,889,103,95,7,4,210,0,0,0,213,445,37,703,39,56,0,4,96,0,3,3,97,380,41,522,25,20,3,8,54,0,0,0,53,566,41,662,4366,2539,290,114,7309,264,147,411,7721,3283,543,11541,123,440,30,9,607,19,53,69,679,442,26,1149,360,306,29,14,713,32,18,45,760,141,21,924,385,170,34,13,599,13,7,24,620,108,38,765,402,196,46,12,659,9,5,14,678,107,33,812,496,250,29,7,790,12,4,15
LGA43710,107,56,12,5,174,4,3,9,186,60,16,265,122,75,13,0,214,3,4,7,221,58,19,300,150,106,11,4,273,0,3,9,284,55,31,366,179,99,7,4,283,5,8,11,299,47,20,367,219,119,10,0,346,5,3,11,358,63,29,449,211,94,9,8,324,12,11,25,348,63,30,437,172,96,16,3,293,9,6,18,316,114,27,452,105,84,13,4,204,4,3,4,209,148,24,381,38,27,6,0,79,0,3,9,82,236,15,341,23,18,0,0,48,0,0,0,48,178,13,239,0,15,5,6,32,0,0,0,32,246,28,314,1447,937,112,49,2540,62,57,122,2663,1447,306,4418,55,112,14,5,188,4,3,10,193,113,18,321,81,44,0,5,134,4,4,9,140,25,7,167,106,54,10,12,179,5,3,8,192,44,7,237,123,67,17,4,215,3,4,9,220,64,23,299,170,92,9,4,272,4,5,10
LGA43790,254,108,15,9,397,21,9,28,422,83,17,520,234,120,27,6,387,12,4,14,402,71,15,490,235,149,19,6,410,19,6,21,435,99,28,551,341,179,14,9,537,8,6,18,553,109,45,701,380,195,12,7,594,14,9,21,618,120,57,794,390,182,27,9,613,17,3,17,628,153,62,850,356,173,24,13,557,17,9,29,588,168,42,797,268,162,31,7,465,16,10,26,488,348,57,893,83,106,14,9,213,0,4,3,218,576,47,842,26,48,7,4,93,0,0,0,91,527,52,673,29,29,0,10,72,0,0,0,76,953,113,1142,2919,1756,215,97,4991,156,91,246,5238,3634,589,9462,100,209,17,17,336,3,18,23,358,216,46,622,238,102,11,12,356,16,8,24,383,64,28,477,272,117,27,8,423,15,6,22,449,86,32,565,284,140,42,14,480,12,5,14,497,71,55,612,264,145,18,10,443,4,3,13
LGA44000,0,0,0,0,0,0,0,0,0,0,3,5,0,0,0,0,0,0,0,0,0,0,0,0,0,0,0,0,0,0,0,0,0,0,8,5,0,0,0,0,0,0,0,0,0,0,0,4,0,0,0,0,0,0,0,0,0,0,0,0,5,0,0,0,5,0,0,0,5,0,3,8,3,0,0,0,3,0,0,0,3,0,3,9,0,0,0,0,0,0,0,0,0,0,0,0,0,0,0,0,0,0,0,0,0,0,0,0,0,0,0,0,0,0,0,0,0,0,0,0,0,0,0,0,0,0,0,0,0,0,0,0,7,0,0,0,7,0,0,0,7,11,32,51,0,0,0,0,0,0,0,0,0,0,3,9,0,0,0,0,6,0,0,0,6,0,0,5,3,0,0,0,5,0,0,0,5,4,0,7,0,0,0,0,0,0,0,0,0,0,0,6,0,0,0,0,0,0,0,0
LGA44060,3124,1426,199,65,4814,223,137,359,5174,1016,272,6462,3163,1470,310,72,5018,163,103,266,5287,1024,305,6611,2880,1531,194,53,4661,182,112,290,4951,886,227,6062,2873,1403,134,57,4460,163,87,252,4715,796,201,5713,2842,1326,113,50,4324,148,62,212,4535,803,223,5556,2739,1303,138,43,4225,156,83,244,4464,988,210,5658,2460,1294,142,40,3934,147,71,218,4158,1451,249,5849,1494,1087,137,26,2741,97,76,172,2913,2331,224,5468,401,549,79,20,1050,4,20,27,1073,3377,186,4637,80,169,8,4,264,6,9,5,277,2844,193,3318,37,81,3,14,136,0,4,6,141,6814,526,7481,24141,15496,1660,570,41862,1684,1482,3165,45029,25969,3231,74233,301,1863,98,32,2290,70,383,451,2740,1968,129,4839,1862,2550,200,90,4707,230,211,447,5147,977,211,6340,3540,1829,244,93,5703,170,123,293,5994,739,235,6972,3782,1788,378,81,6027,143,80,224,6253,829,229,7311,3588,1986,252,56,5877,137,90,219
LGA44210,146,65,5,0,219,20,4,18,238,75,19,339,144,69,10,7,233,23,3,22,252,121,25,398,153,64,6,7,224,11,3,15,244,100,17,364,195,110,3,7,318,10,3,19,336,136,25,499,270,135,18,5,417,18,7,24,438,131,38,615,277,170,18,12,483,25,12,34,516,169,52,738,246,155,22,9,435,21,12,27,463,246,58,762,168,155,13,5,338,8,7,17,358,390,63,813,58,92,8,0,155,0,0,0,159,607,59,824,25,30,3,3,56,0,3,3,61,473,42,577,17,17,0,4,40,0,0,0,43,666,87,795,1850,1235,127,69,3283,157,72,226,3514,3438,554,7502,46,118,9,13,185,6,9,17,204,161,36,403,120,74,11,9,206,12,4,19,221,59,19,305,128,65,30,6,224,17,9,18,244,84,29,355,145,77,15,6,243,9,6,19,265,82,36,383,148,83,13,4,246,12,4,15
LGA44340,1467,771,101,35,2376,144,72,221,2592,580,134,3300,1721,887,201,34,2838,85,68,154,2988,541,125,3653,1858,1083,151,31,3130,74,48,123,3251,476,135,3858,2363,1255,112,38,3766,90,61,152,3914,456,124,4492,2515,1211,83,41,3858,82,36,124,3977,445,161,4581,2365,1089,110,34,3593,99,34,130,3731,480,151,4366,2093,1022,122,31,3269,75,38,107,3376,768,159,4303,1183,823,89,24,2111,46,41,87,2200,1430,134,3761,461,544,43,6,1053,19,12,28,1077,2457,141,3679,115,257,23,5,400,0,5,5,404,2407,146,2960,36,148,3,14,203,3,3,7,213,5329,493,6033,17219,12129,1199,377,30922,907,1057,1962,32887,18378,2121,53380,171,1675,145,17,1999,35,285,320,2317,1912,62,4299,997,1870,147,32,3044,87,169,254,3304,680,103,4086,1666,913,132,32,2748,97,73,163,2909,414,117,3442,1840,960,203,29,3029,71,46,114,3144,415,122,3682,2162,1237,186,37,3619,56,46,98
LGA44550,969,377,73,28,1445,45,18,67,1514,240,99,1850,980,480,94,21,1573,31,29,68,1639,264,89,1988,968,532,78,18,1599,49,20,67,1663,270,103,2034,1229,630,57,25,1939,42,27,69,2004,270,113,2393,1290,661,55,17,2029,55,27,84,2108,253,109,2477,1121,608,85,29,1837,47,23,62,1900,301,114,2318,944,547,68,20,1578,37,36,71,1649,451,125,2233,592,471,65,15,1140,18,25,44,1183,714,100,1993,211,268,38,3,515,0,10,20,536,1198,96,1826,61,113,7,6,178,0,0,0,183,1087,57,1325,38,52,8,4,99,0,0,0,102,1700,185,1989,9222,6199,711,249,16380,465,435,896,17281,8019,1357,26652,160,951,65,37,1213,23,137,157,1373,906,59,2339,876,804,83,31,1785,79,39,118,1903,289,92,2277,1261,565,130,26,1981,47,32,76,2058,256,98,2417,1280,616,142,19,2060,31,26,61,2116,268,112,2494,1338,729,103,25,2199,33,21,49
LGA44620,760,322,55,21,1159,67,25,87,1247,266,79,1589,729,397,45,16,1186,49,17,66,1255,263,74,1598,688,398,31,15,1122,51,14,70,1193,230,83,1500,775,379,30,16,1203,57,22,76,1277,222,76,1576,867,396,39,17,1316,47,22,68,1388,274,98,1755,868,382,27,28,1307,43,11,60,1363,285,85,1735,692,385,56,8,1138,34,20,54,1189,410,88,1687,511,302,51,15,882,25,10,37,917,582,83,1584,124,132,31,0,289,0,4,4,291,1094,109,1494,26,68,0,0,107,0,0,5,104,905,87,1096,19,32,8,6,67,0,4,4,68,1986,218,2272,6861,4124,445,184,11617,522,311,832,12450,7419,1206,21068,219,679,42,22,966,31,72,107,1070,520,75,1666,624,385,35,29,1080,61,39,101,1178,209,89,1483,834,396,64,36,1325,44,22,65,1395,231,93,1711,735,441,78,24,1277,36,27,61,1342,256,94,1687,735,444,50,17,1248,28,16,46
LGA44830,40,12,0,0,60,0,0,0,63,15,3,79,51,21,3,0,75,0,0,0,75,20,5,98,63,36,0,0,94,3,0,3,101,24,11,133,60,24,3,0,88,3,3,6,96,23,10,130,91,39,3,9,139,3,0,11,149,17,10,176,132,55,0,3,190,6,0,7,201,40,11,258,131,63,9,5,210,9,3,16,224,59,13,292,85,43,10,0,138,7,5,8,153,106,15,272,40,23,8,0,73,0,0,0,71,150,24,248,11,22,0,0,37,0,0,0,37,145,20,206,10,12,0,9,31,0,0,0,28,244,34,309,767,406,49,30,1252,47,27,75,1332,953,172,2457,15,44,6,0,65,0,4,4,67,49,17,138,33,21,0,0,53,3,4,3,56,14,9,75,45,22,8,0,72,6,0,3,80,12,7,96,56,20,6,0,83,7,0,8,89,20,6,110,54,32,4,0,90,0,0,0
LGA45040,613,244,44,18,926,66,30,92,1019,326,70,1416,536,239,37,21,834,58,17,69,913,302,65,1275,452,210,25,12,700,54,17,69,773,266,59,1104,536,261,33,13,842,45,18,62,908,244,64,1219,654,302,40,15,1015,50,14,64,1076,275,85,1433,583,300,37,14,933,46,26,71,1003,301,73,1379,530,283,30,3,859,51,9,61,918,352,84,1349,287,222,13,8,536,24,20,42,573,565,70,1213,106,127,9,8,249,0,0,4,250,917,91,1259,40,57,6,3,103,0,0,0,106,872,84,1059,16,37,5,7,72,0,0,0,73,1576,161,1809,5010,2970,327,164,8471,549,263,810,9289,6901,1056,17244,130,403,20,21,577,28,46,76,654,487,70,1212,419,331,33,18,799,67,38,101,897,245,72,1217,537,266,63,22,885,51,18,73,956,303,80,1339,516,283,36,26,863,40,15,53,916,310,79,1299,521,262,35,15,835,37,18,57
LGA45090,254,83,21,0,360,16,0,16,373,60,25,461,245,122,18,6,391,13,10,22,415,84,25,520,262,139,16,10,426,3,7,9,434,82,26,537,284,137,9,7,435,9,5,9,452,50,24,525,302,144,12,11,475,11,11,22,493,57,27,573,302,139,29,9,471,9,0,10,484,53,20,561,275,128,30,12,448,13,0,11,462,99,35,594,192,105,20,4,325,6,7,12,342,132,26,496,90,91,14,4,197,0,3,0,205,247,27,478,33,52,3,3,95,0,0,0,97,264,19,380,24,32,5,9,66,0,0,0,66,522,96,687,2567,1391,190,87,4236,106,69,169,4407,1891,381,6676,64,140,8,8,221,3,10,11,232,178,32,441,216,92,15,8,335,8,0,11,345,59,27,434,266,106,7,10,389,11,3,14,405,65,40,508,253,146,17,13,423,7,4,13,436,65,33,537,261,160,17,8,447,8,4,6
LGA45120,88,40,10,0,139,11,0,10,149,25,10,189,102,45,13,5,163,4,0,3,166,30,17,213,104,61,7,3,180,6,0,5,183,32,14,230,114,65,5,3,182,6,0,5,190,29,5,230,108,75,8,0,191,5,0,5,203,53,19,273,153,81,10,0,246,10,0,13,259,65,25,344,169,81,11,0,261,12,0,11,274,88,24,383,108,61,12,3,187,8,3,12,200,135,24,362,57,45,7,5,117,0,0,0,121,209,24,361,28,20,0,0,48,0,0,0,52,202,14,269,22,9,0,4,36,0,0,0,36,385,28,444,1175,696,91,30,1994,78,21,96,2095,1396,229,3729,29,65,5,4,104,0,4,6,109,86,14,204,99,43,5,6,156,5,0,5,158,23,15,194,94,36,9,3,140,11,0,11,152,34,7,193,91,56,8,0,156,6,0,6,160,25,10,202,116,64,5,3,184,8,0,5
LGA45290,1361,655,68,31,2121,106,70,170,2290,436,157,2885,1354,527,91,29,2002,95,36,130,2131,335,131,2592,1135,565,78,18,1796,85,36,128,1918,297,101,2323,1125,576,51,22,1774,76,23,103,1872,273,97,2245,1228,507,35,19,1788,66,35,99,1889,274,110,2272,1207,514,32,12,1770,49,28,79,1850,360,120,2332,998,485,42,10,1536,44,21,68,1604,485,100,2187,610,446,18,8,1092,37,14,46,1140,734,85,1960,249,287,24,4,563,0,12,11,575,1189,84,1850,60,139,7,3,202,0,3,4,206,1185,65,1454,28,68,10,6,104,5,3,5,110,3248,255,3613,9980,6254,516,212,16967,650,560,1217,18180,10666,1470,30309,61,722,58,9,853,16,119,137,990,969,54,2007,650,1113,68,25,1852,61,101,164,2017,395,70,2480,1484,771,76,31,2355,75,61,141,2496,279,125,2906,1492,714,117,22,2350,70,40,106,2458,297,101,2858,1437,666,82,22,2209,51,43,90
LGA45340,4564,2126,383,122,7191,441,190,629,7824,1516,471,9803,4993,2493,494,121,8099,391,152,542,8640,1744,497,10881,4694,2596,319,113,7719,357,194,550,8270,1715,522,10505,5287,2750,209,93,8339,303,157,463,8799,1642,481,10929,5529,2796,261,119,8704,328,150,481,9185,1719,531,11429,5272,2714,292,91,8372,318,136,450,8826,1860,464,11146,4519,2567,307,65,7453,311,118,426,7884,2647,521,11047,2749,2115,238,62,5169,183,116,304,5473,4499,502,10475,821,1043,91,39,1991,26,36,65,2054,7628,530,10209,158,358,32,23,571,4,10,9,577,6164,430,7175,58,113,12,14,199,10,0,14,209,10181,1118,11514,42565,28222,3029,1080,74902,3696,2525,6221,81127,47560,6893,135575,754,3832,224,68,4889,233,736,970,5860,3983,379,10218,3315,3459,343,121,7237,458,360,815,8057,1431,391,9881,4931,2546,474,129,8072,346,180,519,8595,1410,429,10434,5217,2736,594,127,8676,236,147,385,9062,1534,419,11013,5554,3236,431,104,9328,227,136,362
LGA45400,25,6,0,0,35,0,0,0,34,0,4,38,12,9,3,0,28,0,0,0,28,12,0,36,23,11,0,0,28,0,0,0,28,9,0,38,20,17,0,0,35,0,0,0,33,0,5,41,18,16,0,0,38,0,0,0,37,7,8,53,30,14,0,0,45,0,0,5,45,10,6,62,33,15,3,0,55,0,0,0,54,9,5,71,50,17,0,0,65,0,0,0,70,28,4,101,16,8,0,0,26,0,0,0,26,39,5,67,8,7,0,0,14,0,0,0,18,44,3,59,0,4,0,0,8,0,0,0,8,89,15,120,246,130,17,8,401,8,12,15,414,269,61,744,7,20,0,0,27,0,0,0,31,14,0,47,11,0,0,0,12,0,0,0,17,0,0,21,17,10,0,0,29,4,0,0,36,3,3,41,27,4,0,0,37,0,0,0,37,6,0,40,22,7,0,0,36,0,0,0
LGA45540,11,19,0,3,32,10,0,11,38,25,0,69,21,16,0,3,43,5,0,0,49,28,4,74,15,19,0,0,33,3,3,9,39,16,4,64,16,14,4,5,38,5,0,4,45,31,5,81,29,26,0,0,52,0,0,0,53,34,4,92,22,23,0,0,46,9,0,13,60,37,10,106,48,42,3,0,94,5,0,7,99,72,14,191,30,21,10,3,58,10,5,16,72,80,13,168,8,14,6,0,23,0,0,0,26,94,12,134,5,3,0,0,3,0,0,0,9,100,12,120,0,0,0,0,4,0,0,0,10,171,27,209,230,216,20,20,490,60,16,77,571,761,108,1439,0,18,3,0,27,5,0,5,30,33,12,71,10,17,0,0,29,8,8,9,33,13,3,60,8,6,0,4,23,0,7,4,27,20,19,65,15,9,5,0,29,6,5,10,38,14,12,57,24,15,3,0,40,3,4,5
LGA45680,2764,1232,209,91,4294,452,178,624,4923,1720,462,7104,2536,1181,197,78,3986,378,135,512,4503,1675,432,6603,2042,1062,128,71,3295,302,119,425,3720,1341,358,5422,2088,1016,115,66,3285,288,101,393,3673,1275,332,5282,2280,1004,89,72,3444,286,106,394,3835,1390,324,5548,2285,1093,97,67,3540,216,76,296,3838,1586,362,5789,1802,886,118,32,2831,192,59,249,3083,1786,334,5199,934,604,82,21,1638,81,48,128,1772,2048,240,4057,244,234,36,15,525,4,9,14,541,2666,253,3456,38,93,8,6,142,0,3,4,150,2205,192,2542,23,35,4,14,76,4,0,3,84,4274,571,4925,19354,11345,1258,695,32650,3142,1629,4770,37422,26787,4614,68817,443,1578,100,66,2189,221,406,633,2813,3017,322,6151,2223,1843,187,135,4389,440,272,713,5101,1461,409,6970,3323,1594,298,148,5356,379,182,563,5923,1664,511,8092,3068,1599,286,120,5074,279,157,435,5502,1691,478,7677,2951,1473,172,103,4697,260,157,417
LGA45890,4191,1968,228,144,6527,484,228,717,7240,1840,432,9515,4907,2210,388,135,7645,444,160,606,8246,1870,496,10619,4082,1924,200,103,6305,370,142,516,6823,1635,434,8893,3804,1767,143,85,5790,347,107,450,6243,1540,386,8170,3758,1643,132,86,5616,310,125,439,6048,1634,413,8101,3326,1530,147,72,5069,293,111,407,5474,1855,369,7701,2843,1358,166,67,4435,230,109,337,4776,2540,392,7704,1574,1066,107,45,2796,116,88,203,3001,3136,317,6457,441,548,53,21,1064,6,22,35,1100,4312,328,5735,98,185,15,16,308,0,6,8,317,3528,308,4150,30,67,14,20,128,3,4,8,132,7994,785,8916,31358,18160,1796,951,52263,3322,2054,5381,57647,37961,5276,100883,277,2082,114,38,2512,114,448,558,3078,3193,254,6526,2518,3211,212,138,6077,340,369,710,6785,1777,381,8939,5087,2883,304,191,8468,340,196,535,9006,1639,458,11105,5368,2643,477,141,8625,282,160,438,9067,1779,451,11294,5402,2623,358,125,8503,258,160,413
LGA46090,398,140,31,8,581,57,15,72,651,271,76,1000,323,143,30,8,500,47,11,56,557,255,87,900,260,147,24,9,437,34,11,47,486,215,56,758,346,146,14,10,522,47,20,64,593,188,54,832,406,171,22,14,612,39,10,56,664,186,76,925,420,177,23,13,637,31,11,41,683,224,92,998,381,179,25,16,597,37,11,44,644,255,106,1001,217,140,20,8,380,21,16,36,416,343,89,850,78,66,8,5,161,0,3,0,162,557,76,794,17,25,5,3,41,0,0,0,41,483,79,600,0,3,3,0,13,0,0,0,17,788,94,889,3231,1707,253,117,5309,426,140,565,5874,4326,997,11199,90,249,16,13,370,20,28,50,415,285,70,773,252,159,27,11,442,35,21,58,498,200,63,762,437,193,44,12,688,19,13,32,722,275,79,1071,402,180,42,12,633,23,13,33,663,284,72,1028,332,167,23,4,524,18,19,33
LGA46300,395,172,36,8,613,22,17,39,654,150,49,854,385,259,22,18,689,25,10,35,725,141,59,918,330,192,15,8,555,20,12,31,583,116,49,745,399,242,20,7,673,20,9,30,702,109,51,857,422,234,21,10,688,28,10,37,729,132,68,928,377,226,32,11,645,33,11,44,690,148,56,900,346,239,31,13,634,20,15,32,669,245,79,1002,196,179,28,6,413,20,8,25,434,358,70,867,53,88,16,3,168,4,3,9,173,569,53,793,13,43,0,0,60,0,0,0,60,525,61,645,23,13,0,5,41,0,0,0,41,1067,112,1222,3354,2398,257,123,6132,259,159,416,6552,3969,830,11343,95,320,21,20,451,11,33,48,496,283,61,841,330,199,22,16,566,22,21,41,609,131,58,798,393,206,49,19,667,23,9,36,702,110,55,863,360,268,72,14,709,18,5,31,736,143,62,940,380,286,39,16,727,14,10,25
LGA46450,364,191,38,16,605,55,17,73,680,184,53,914,346,164,52,19,576,49,17,69,644,190,43,877,335,218,15,8,574,45,26,69,642,173,51,863,419,246,24,11,696,57,23,72,773,208,58,1034,523,245,18,8,796,43,10,51,850,250,71,1166,499,292,19,10,820,38,26,65,887,299,85,1267,409,265,23,13,711,41,9,49,762,374,72,1204,248,167,34,8,455,28,16,41,496,555,63,1110,78,86,5,4,173,0,0,0,175,830,66,1073,25,26,0,4,60,0,0,0,61,815,67,943,11,5,3,5,23,0,0,0,24,1533,139,1695,3678,2440,260,135,6511,535,251,784,7291,6088,872,14255,101,369,10,16,501,23,34,65,560,401,50,1017,375,246,20,21,661,59,31,90,753,194,49,1002,443,179,46,9,676,43,14,60,734,175,61,967,366,244,35,14,657,27,9,41,693,179,65,939,358,223,24,16,617,33,11,47
LGA46510,811,338,33,10,1202,74,34,113,1311,226,90,1620,862,364,71,13,1315,53,14,69,1383,200,85,1669,712,358,36,11,1115,52,21,75,1190,161,61,1418,741,341,29,9,1123,38,14,54,1171,148,50,1368,808,302,28,13,1147,36,20,59,1212,166,65,1440,754,290,31,15,1087,40,17,55,1145,164,69,1375,703,321,42,12,1072,27,4,29,1101,250,60,1415,419,262,23,7,721,11,18,33,747,405,68,1224,122,128,7,6,263,0,0,6,267,599,50,915,20,38,5,3,61,0,0,0,60,501,37,595,8,18,4,0,29,0,0,0,29,1203,77,1316,6412,3713,351,127,10594,425,307,729,11322,4911,811,17050,49,497,23,7,572,8,78,81,654,456,31,1143,484,689,42,18,1233,29,43,73,1307,254,49,1614,966,491,41,36,1530,46,34,81,1606,176,80,1861,908,409,77,26,1414,29,17,46,1461,190,56,1704,975,459,66,12,1510,35,21,56
LGA46670,265,117,13,6,401,17,11,35,432,89,47,567,219,126,16,9,361,11,10,22,385,109,36,522,202,116,9,3,337,17,12,33,368,85,46,504,261,118,11,7,398,24,10,32,427,88,36,560,314,157,19,6,495,24,4,24,519,99,35,657,286,126,11,6,442,24,10,30,470,107,34,608,292,143,26,8,478,12,6,14,494,152,49,702,199,122,33,3,359,9,7,14,370,257,46,669,67,69,3,6,138,0,0,0,138,454,69,665,16,20,0,5,42,0,4,4,43,382,25,455,19,26,0,0,44,0,0,0,44,745,85,877,2402,1416,164,86,4068,203,103,303,4374,2909,571,7854,84,182,8,12,290,7,12,25,315,197,37,552,234,131,7,16,391,26,20,43,434,66,41,536,292,147,23,8,473,8,15,28,498,83,36,620,256,153,26,16,453,14,8,24,476,81,46,600,248,143,21,4,413,3,3,9
LGA46860,33,20,9,0,59,0,0,0,55,3,4,67,26,18,4,0,47,0,0,0,47,8,4,60,37,13,4,0,54,0,0,0,54,11,7,74,45,18,4,0,66,0,0,0,66,9,4,76,50,17,7,0,74,0,0,4,77,9,10,98,38,30,12,3,74,0,0,0,80,19,15,112,33,31,12,0,69,0,4,7,75,27,11,111,24,35,9,5,65,4,5,7,68,44,10,117,16,20,6,3,44,0,0,0,44,54,5,112,3,11,0,0,16,0,0,0,20,65,6,90,8,11,0,0,20,0,0,0,20,112,23,150,357,254,52,13,675,15,5,21,702,382,100,1184,8,18,8,0,34,0,0,0,34,26,5,62,24,20,3,0,53,0,0,0,53,0,3,58,36,24,6,3,67,0,0,0,66,8,8,82,25,19,7,0,54,0,0,0,50,10,0,58,33,24,0,0,64,0,0,0
LGA46970,237,58,21,7,320,9,6,10,334,35,44,410,267,72,26,8,369,5,10,13,382,39,46,466,204,64,14,6,291,10,3,14,302,36,31,363,193,42,14,3,244,8,4,10,257,10,27,296,177,38,9,4,235,7,0,7,239,12,22,281,164,24,12,6,199,0,0,0,206,19,29,249,138,24,5,0,174,3,3,7,178,25,15,220,53,9,4,0,71,0,0,0,73,23,13,102,14,3,0,0,16,0,0,0,16,12,7,32,0,0,0,0,0,0,0,0,0,3,0,3,6,0,0,0,7,0,0,0,7,3,0,12,1627,426,104,40,2198,50,32,85,2282,313,269,2861,28,48,3,9,90,0,0,4,92,64,32,195,149,21,7,5,182,0,4,6,190,16,35,242,234,48,21,9,311,5,0,7,312,33,57,406,254,67,20,8,349,11,0,11,357,41,51,454,272,56,25,8,356,10,0,7
LGA47140,4305,1857,254,164,6581,584,215,800,7383,2201,500,10082,4841,2284,310,152,7588,497,181,675,8262,2194,543,11002,4290,1942,237,106,6578,414,176,589,7165,1914,418,9497,4101,1840,171,105,6218,373,182,550,6771,1771,389,8934,4085,1890,163,107,6245,365,144,510,6747,1782,385,8918,3961,1749,182,72,5966,309,127,437,6405,2123,395,8921,3108,1544,179,65,4893,249,99,352,5245,2495,374,8113,1901,1153,138,43,3231,142,91,235,3461,3358,323,7146,492,546,61,28,1128,3,20,24,1154,5035,314,6511,81,166,9,11,265,0,7,5,270,4248,287,4807,33,66,4,16,113,6,8,8,123,7480,619,8225,34711,19621,1964,1107,57405,4002,2437,6438,63839,41650,5302,110795,550,2460,126,62,3200,195,679,876,4074,4377,365,8820,3185,3052,230,155,6625,533,433,967,7596,2133,380,10107,4696,2574,300,152,7723,406,221,624,8350,1909,487,10747,4594,2496,345,140,7572,320,164,484,8058,2059,466,10586,5067,2517,293,129,8012,282,177,461
LGA47290,57,12,0,4,83,0,0,0,82,11,10,103,56,26,5,3,92,3,0,0,95,17,12,126,48,34,0,0,84,4,0,6,94,18,7,117,61,24,4,0,95,0,0,0,97,11,12,119,72,27,3,0,104,3,0,3,104,18,12,133,82,27,3,0,113,0,0,8,118,19,13,154,76,38,0,0,115,4,0,3,125,30,10,157,54,33,4,0,95,3,0,3,97,32,16,138,25,16,8,0,56,0,0,0,56,84,12,154,12,13,0,0,27,0,0,0,27,66,5,99,7,3,6,4,20,0,0,0,20,158,34,204,610,308,42,28,981,27,12,37,1016,503,150,1678,26,32,0,0,56,4,0,0,58,44,13,116,51,8,0,0,56,3,0,3,62,5,9,73,62,17,0,0,86,7,3,6,88,12,6,105,72,34,0,0,102,0,0,0,102,14,9,123,60,26,3,0,90,0,0,0
LGA47490,49,22,5,0,70,0,0,0,78,11,8,94,48,15,16,0,75,0,0,0,75,19,5,97,54,35,3,4,87,0,0,0,91,12,3,109,74,35,0,0,109,0,0,4,114,18,5,134,71,44,0,0,115,0,0,0,118,11,7,141,59,42,3,3,116,3,6,4,122,20,8,150,69,43,6,6,125,5,3,12,134,23,13,173,45,49,3,3,99,5,5,10,116,70,16,200,22,12,0,0,37,0,0,0,39,86,7,139,5,6,3,0,20,0,0,0,20,68,7,95,4,7,0,3,19,0,0,0,19,114,30,162,539,363,49,31,988,28,17,42,1025,503,128,1663,10,27,3,0,44,0,0,0,44,32,5,82,21,22,0,0,45,0,0,0,45,9,4,64,42,28,8,0,86,5,3,5,93,11,10,115,42,27,7,0,76,0,0,0,76,23,13,111,55,33,3,3,92,0,0,0
LGA47630,212,52,9,0,274,9,0,4,284,29,29,340,184,96,16,9,303,5,4,10,315,49,31,392,205,93,19,9,321,3,0,3,332,35,22,386,227,109,9,6,351,10,3,14,361,40,20,424,283,108,15,9,410,3,0,4,412,46,40,500,262,104,17,0,388,4,4,8,392,45,55,485,214,101,9,3,335,8,5,8,346,56,27,432,185,98,20,3,303,5,0,3,313,95,35,439,84,55,18,5,163,0,3,3,164,183,46,391,22,26,6,10,69,0,0,0,69,175,16,261,15,18,0,7,43,0,0,0,43,413,109,562,2150,1044,161,72,3428,53,33,91,3521,1362,485,5366,81,110,3,13,205,6,9,7,214,120,30,363,236,69,6,7,325,8,0,4,330,27,36,394,256,76,12,5,350,7,0,4,357,43,58,463,211,83,23,0,324,0,0,8,325,43,34,396,196,106,15,10,327,0,0,8
LGA47700,2992,1187,193,54,4423,203,91,293,4715,707,181,5606,3212,1420,253,66,4953,183,98,283,5236,831,222,6284,3191,1539,178,51,4961,186,96,285,5242,843,215,6301,3438,1663,122,61,5286,157,77,231,5519,757,210,6485,3785,1684,130,68,5669,192,92,288,5952,782,214,6950,3643,1525,161,49,5382,166,75,238,5620,911,218,6750,3010,1500,161,37,4701,152,72,225,4924,1343,209,6478,1923,1188,130,37,3282,91,50,140,3423,2405,193,6019,587,627,66,17,1292,6,16,25,1319,4398,206,5925,104,239,22,6,378,0,7,4,383,3931,185,4499,34,81,11,14,136,6,0,5,143,6693,544,7376,28341,16779,1612,569,47298,1831,1451,3278,50579,27055,2924,80560,430,2375,167,32,3005,85,443,530,3538,2198,116,5846,2211,2144,160,71,4588,224,167,388,4978,785,126,5898,3141,1325,223,80,4772,163,87,255,5018,633,172,5831,3248,1492,343,75,5156,129,82,211,5367,745,155,6268,3640,1833,271,59,5804,111,71,182
LGA47800,111,42,6,3,164,9,3,7,175,65,28,260,106,47,4,5,156,10,5,17,170,64,15,246,131,65,3,0,208,10,3,14,220,50,23,295,133,66,3,4,208,3,0,4,212,47,16,279,142,71,0,7,227,11,3,15,236,58,12,310,195,115,6,3,321,11,6,19,337,80,22,445,175,109,4,6,302,3,7,10,308,112,12,428,121,75,11,0,204,9,0,9,216,161,21,393,67,38,9,3,124,0,0,0,124,251,25,399,32,24,0,0,59,0,0,0,59,262,32,353,13,13,3,7,34,0,0,0,34,391,47,469,1379,790,76,47,2293,70,43,118,2411,1714,284,4408,23,73,6,9,105,14,6,19,122,106,35,267,99,64,0,4,168,8,0,11,178,41,22,242,146,63,13,3,220,12,0,11,235,45,31,305,110,65,9,3,180,5,4,10,197,46,47,285,113,55,7,4,178,0,0,0
LGA47910,40,24,5,5,76,3,0,5,80,18,10,103,56,32,9,0,94,4,0,4,96,23,13,122,55,34,5,0,92,0,0,0,97,13,8,116,57,39,0,0,99,0,0,0,102,20,4,127,90,44,5,3,148,0,0,0,142,20,15,174,77,47,5,0,133,9,0,6,137,37,6,184,88,52,11,0,148,10,0,9,155,49,11,217,67,31,3,3,101,3,0,3,109,92,15,217,22,23,4,0,48,0,0,0,48,142,8,201,6,10,3,0,15,0,0,0,15,156,17,188,6,8,3,0,14,0,0,0,14,272,28,309,633,381,52,23,1084,30,11,38,1125,909,138,2173,16,48,7,4,72,0,4,4,75,32,0,111,35,24,0,0,58,0,0,0,60,12,0,73,63,27,8,0,98,0,0,0,98,13,0,108,58,35,9,3,102,0,0,0,101,18,9,128,57,46,6,3,112,0,0,5
LGA47980,1329,581,65,28,1999,83,63,143,2148,375,109,2631,1287,557,100,21,1967,71,38,108,2081,285,112,2477,1213,582,91,26,1905,54,39,97,2003,286,118,2407,1351,622,49,28,2042,55,32,93,2133,282,115,2529,1377,627,42,18,2066,48,30,78,2143,293,104,2545,1346,553,49,10,1960,36,30,64,2020,307,100,2428,1126,557,59,9,1750,45,23,72,1829,426,119,2371,777,499,38,18,1337,28,30,56,1390,855,110,2355,295,374,26,3,699,9,8,15,713,1304,112,2121,60,133,16,6,209,5,0,5,215,1169,76,1460,24,65,3,7,98,0,4,7,111,3288,246,3638,10820,6831,631,202,18490,531,614,1143,19635,10604,1497,31731,62,816,51,8,942,5,142,149,1085,983,24,2090,641,1121,79,24,1863,43,88,135,1996,349,46,2386,1290,677,68,16,2054,50,40,92,2141,232,63,2434,1252,611,96,23,1981,42,40,87,2069,221,62,2357,1382,615,95,19,2114,30,27,57
LGA48050,164,127,17,10,314,22,14,35,351,89,19,463,181,151,19,9,371,18,11,31,396,99,10,512,166,173,26,0,366,18,8,27,395,130,27,554,258,205,17,12,492,17,14,31,522,125,34,683,262,220,13,5,502,13,6,28,533,135,39,709,280,250,19,8,563,23,10,35,597,172,47,809,288,244,35,5,574,21,11,33,605,303,65,971,218,241,24,7,486,15,8,22,514,653,46,1209,71,155,16,3,237,3,8,14,248,1343,70,1668,20,74,5,4,103,0,0,0,104,1317,66,1490,14,31,4,5,56,0,0,0,62,2304,227,2590,2075,2268,219,85,4647,213,147,361,5005,7034,712,12755,42,282,21,10,362,8,37,45,405,232,23,653,143,198,17,8,363,20,12,28,392,69,17,478,176,132,24,6,337,19,12,22,362,80,15,458,201,174,23,6,408,10,11,19,430,92,24,541,229,202,17,10,456,16,4,19
LGA48130,136,61,4,10,212,24,4,25,240,79,22,337,157,76,10,3,247,6,3,9,258,74,10,342,138,86,14,3,240,9,4,15,255,66,18,342,173,92,10,6,281,16,3,19,303,82,25,408,194,108,14,0,322,11,13,22,340,79,25,447,201,104,10,12,333,13,5,20,351,117,25,492,184,104,6,3,290,11,3,14,306,134,32,473,156,103,20,0,278,5,3,8,283,210,29,528,58,48,4,5,115,0,0,0,116,288,36,441,19,32,5,0,66,0,0,0,66,250,27,344,4,21,0,3,33,0,0,0,32,484,70,589,1614,992,119,63,2784,122,66,192,2979,2137,350,5471,42,104,11,9,161,10,11,18,183,205,23,410,146,70,12,8,225,16,7,25,249,46,17,308,148,66,16,10,243,9,0,10,251,64,25,339,129,75,14,0,225,14,8,11,235,83,15,328,158,114,12,3,284,5,3,8
LGA48260,232,71,6,4,321,16,15,29,351,58,21,426,188,74,18,4,282,20,6,22,303,56,27,382,191,98,7,3,299,13,11,20,319,58,20,390,225,105,14,0,339,9,3,11,351,57,25,437,294,112,7,3,423,10,5,18,445,85,23,546,259,94,8,3,368,10,4,10,382,68,24,471,260,112,13,5,383,12,3,19,401,116,33,554,143,110,11,8,266,4,10,14,280,184,24,490,64,95,3,0,163,0,5,5,170,281,22,468,18,56,0,0,76,0,0,0,76,265,16,355,16,25,4,0,44,0,0,0,44,778,47,875,1994,1261,112,36,3401,107,102,207,3609,2482,336,6426,21,161,13,0,198,4,27,32,231,253,9,491,126,209,13,0,359,11,25,31,392,90,10,493,250,101,8,13,372,7,9,17,388,41,22,447,248,101,17,5,373,6,3,9,384,32,21,437,271,111,18,10,411,4,3,10
LGA48340,215,96,13,4,328,19,3,25,346,104,31,481,202,132,24,7,363,15,14,32,397,111,23,530,259,184,30,6,471,17,8,21,493,122,31,643,299,149,34,0,491,23,4,30,523,126,45,686,413,201,37,8,658,27,13,37,694,122,50,861,366,200,46,4,621,23,11,34,653,144,62,860,347,201,32,10,595,19,6,29,622,256,53,926,251,143,42,12,446,17,15,28,473,389,49,910,135,98,19,0,252,0,3,3,260,530,57,841,39,56,12,3,115,0,0,0,115,435,49,598,28,36,6,5,75,0,0,0,78,802,145,1020,2842,1782,318,94,5032,215,119,331,5362,3531,655,9553,116,204,11,12,344,8,21,27,373,296,60,733,204,100,20,4,328,19,9,30,359,82,30,475,225,120,17,8,365,12,4,18,382,71,35,490,231,134,22,8,397,12,4,18,417,95,39,540,239,167,22,9,439,9,4,18
LGA48410,2295,1240,106,86,3729,215,145,356,4083,812,255,5152,2484,1101,175,45,3807,170,60,230,4037,676,230,4937,1994,974,134,32,3137,134,63,195,3330,554,166,4048,1829,933,84,23,2879,90,50,139,3011,497,167,3668,1921,847,72,36,2877,121,62,187,3059,554,154,3769,1731,800,77,23,2631,94,44,142,2772,599,163,3534,1433,676,72,20,2209,97,37,133,2342,791,143,3276,802,570,65,20,1457,58,36,93,1549,1080,143,2776,244,312,29,13,607,3,11,15,619,1765,142,2524,63,138,11,15,221,0,0,0,222,1747,122,2091,30,95,7,15,145,0,0,0,148,4975,647,5771,16088,10293,963,412,27753,1218,1035,2260,30005,16812,2621,49447,161,1173,73,39,1447,30,174,206,1649,1217,54,2923,1399,2041,141,64,3653,125,163,287,3935,717,153,4808,2895,1736,140,70,4844,132,98,231,5077,557,219,5846,2716,1437,236,56,4444,98,73,176,4617,520,188,5327,2424,1253,180,53,3909,76,57,133
LGA48540,607,228,48,7,885,102,40,139,1027,267,98,1398,578,259,42,19,892,78,35,110,1001,255,112,1366,482,222,25,16,744,61,28,91,832,241,63,1134,638,299,44,19,1000,80,27,107,1107,268,79,1451,717,302,33,19,1067,81,24,102,1174,316,100,1587,678,289,47,16,1030,86,21,105,1142,382,111,1631,497,288,51,16,848,60,13,74,921,486,98,1504,259,158,24,11,452,45,17,68,515,600,72,1185,66,72,8,4,147,3,4,6,154,863,84,1103,15,26,0,0,49,0,0,0,48,806,86,943,11,10,0,0,25,0,0,3,27,1482,170,1684,4975,2793,371,157,8299,805,373,1178,9479,6907,1249,17631,114,370,26,14,522,22,56,78,593,557,64,1221,451,274,31,22,776,77,49,122,902,225,92,1221,636,263,48,16,960,54,33,87,1046,229,93,1369,581,282,53,18,932,45,27,73,1003,249,90,1343,588,264,38,22,913,39,23,61
LGA48640,21,16,0,4,42,0,0,0,42,13,4,52,43,13,3,0,59,4,0,4,65,10,4,72,46,21,0,0,65,0,0,0,69,6,0,77,44,19,0,0,67,0,0,0,67,5,3,80,50,20,0,0,68,0,0,0,72,0,8,77,44,25,0,0,72,0,0,0,72,7,11,89,48,18,6,4,73,3,0,5,75,15,12,101,43,14,6,0,65,0,0,0,61,17,10,87,27,13,0,0,37,0,0,0,37,36,7,83,11,4,0,0,13,0,0,0,13,29,3,43,0,9,0,0,8,0,0,0,8,66,18,93,403,200,34,13,649,7,3,12,660,226,81,968,7,17,0,0,32,0,0,0,31,23,5,59,28,7,0,0,30,0,0,0,28,3,4,40,27,16,4,6,43,0,0,0,49,4,4,56,34,19,0,0,53,0,0,3,56,0,4,67,32,14,0,0,54,0,0,0
LGA48750,52,40,9,6,101,0,7,8,109,34,12,156,87,62,3,0,157,12,6,14,168,37,13,218,72,49,8,6,128,9,0,9,140,45,11,196,89,87,10,3,185,6,0,8,196,46,16,266,128,78,6,0,218,12,0,10,230,63,18,305,132,109,9,0,258,9,4,13,268,81,18,369,157,125,13,0,296,14,7,18,310,135,35,483,110,112,17,0,237,11,7,13,255,277,40,567,31,65,10,0,106,0,4,4,107,400,37,545,16,17,8,0,38,0,3,3,48,335,31,410,14,16,5,0,30,0,0,0,31,461,41,536,954,896,101,27,1984,76,57,134,2111,2026,296,4438,21,101,3,5,130,9,10,12,147,91,12,243,56,64,6,0,125,10,3,13,138,32,7,181,68,48,8,0,118,4,0,4,130,21,11,157,88,61,13,0,162,6,0,8,165,41,15,214,98,76,6,5,181,4,0,7
LGA48830,176,63,17,3,264,13,6,17,284,67,16,370,176,100,20,8,306,17,8,23,331,89,7,426,192,107,9,11,313,6,3,13,332,81,32,438,193,131,11,6,338,19,0,19,356,83,20,452,256,172,11,11,450,8,10,23,473,118,28,615,323,188,27,8,539,12,20,34,575,177,35,787,338,205,23,9,579,19,20,37,616,311,51,980,220,210,41,12,484,20,6,27,513,523,54,1081,84,106,20,7,216,0,4,8,218,853,71,1140,33,52,10,0,97,0,0,0,97,780,61,938,28,29,4,11,78,0,0,0,78,1312,121,1515,2219,1547,203,95,4061,146,101,249,4313,4697,521,9528,51,97,10,10,166,8,8,16,182,184,30,400,151,98,8,7,259,20,4,19,278,64,34,375,176,99,18,11,296,16,12,25,324,57,26,411,181,101,20,3,308,0,0,4,312,75,37,430,208,127,24,7,365,8,5,8
LGA49399,142,28,7,6,182,7,0,4,186,35,46,273,129,34,3,0,172,8,3,14,183,45,53,283,119,23,4,3,148,5,0,5,154,33,42,231,138,35,3,5,185,4,4,11,195,37,49,279,147,47,9,3,202,4,0,7,215,38,60,310,158,43,9,8,207,10,0,10,216,55,48,331,134,52,6,6,200,5,0,9,202,48,62,318,101,37,6,3,134,7,4,14,150,70,48,269,33,18,4,0,56,0,0,3,56,99,22,181,14,6,0,0,23,0,0,0,23,74,24,117,9,3,0,4,12,0,0,0,12,86,25,121,1215,353,54,50,1674,74,15,93,1767,722,545,3032,38,13,3,3,63,4,3,4,68,67,20,153,83,19,9,3,122,3,0,5,130,47,37,213,112,20,8,11,147,3,5,11,154,27,55,237,87,26,0,7,121,3,0,10,128,35,41,197,93,24,4,0,128,0,0,5
LGA49499,88,42,8,6,140,32,11,42,185,71,52,300,61,31,7,9,98,26,4,31,130,77,54,254,41,18,0,0,61,28,8,34,98,60,59,219,26,27,9,6,64,18,3,23,87,58,58,205,41,19,6,4,73,23,5,27,99,54,85,240,34,22,4,0,59,14,3,21,76,94,59,232,37,23,3,0,58,18,9,28,88,78,39,202,20,10,0,3,39,13,0,13,53,108,45,203,8,10,5,0,19,0,0,0,18,133,26,184,0,0,0,0,4,5,0,5,0,69,17,88,0,0,0,0,0,0,0,0,0,67,10,82,402,246,48,35,733,242,68,305,1037,1039,573,2648,3,18,4,0,32,11,25,35,65,86,30,186,19,34,3,3,61,10,15,29,87,80,39,206,44,42,6,6,101,22,12,34,131,101,73,309,63,37,11,0,113,16,12,32,144,91,85,318,55,21,9,0,86,21,11,30
LGA49799,0,0,0,0,0,0,0,0,0,0,0,0,0,0,0,0,0,0,0,0,0,0,0,0,0,0,0,0,0,0,0,0,0,0,0,0,0,0,0,0,0,0,0,0,0,0,0,0,0,0,0,0,0,0,0,0,0,0,0,0,0,0,0,0,0,0,0,0,0,0,0,0,0,0,0,0,0,0,0,0,0,0,0,0,0,0,0,0,0,0,0,0,0,0,0,0,0,0,0,0,0,0,0,0,0,0,0,0,0,0,0,0,0,0,0,0,0,0,0,0,0,0,0,0,0,0,0,0,0,0,0,0,8,0,0,0,8,0,0,0,8,0,0,8,0,0,0,0,0,0,0,0,0,0,0,0,0,0,0,0,0,0,0,0,0,0,0,0,0,0,0,0,0,0,0,0,0,0,0,0,0,0,0,0,0,0,0,0,0,0,0,0,0,0,0,0,0,0,0,0
LGA50080,882,343,64,30,1315,52,20,71,1386,424,101,1913,781,451,73,25,1325,48,31,77,1402,421,127,1947,819,520,51,23,1415,54,29,77,1491,379,87,1957,1032,604,58,30,1715,54,23,75,1795,312,131,2231,1131,675,78,32,1912,36,24,58,1970,387,129,2484,1136,576,93,31,1832,44,20,65,1901,416,130,2443,1040,664,107,20,1829,43,32,80,1906,556,187,2652,615,584,98,20,1313,31,28,54,1369,935,161,2468,260,339,43,14,645,0,7,11,657,1548,169,2376,57,141,17,7,218,0,6,6,227,1420,126,1772,34,75,11,15,136,0,0,4,141,2887,366,3396,8880,6063,766,286,15987,525,338,866,16856,11035,1914,29801,358,881,37,31,1308,44,109,157,1463,837,109,2404,752,426,38,36,1250,54,31,80,1335,300,88,1726,869,414,94,23,1399,46,34,80,1478,395,106,1979,926,491,94,27,1533,31,27,60,1595,428,147,2172,910,612,68,26,1618,21,21,42
LGA50210,3191,1072,210,74,4545,345,124,469,5018,1100,386,6502,3527,1295,265,79,5171,317,119,429,5602,1219,404,7232,2924,1240,142,79,4385,248,123,371,4755,1004,365,6128,2538,1059,111,68,3775,218,93,317,4091,788,317,5200,2529,964,113,61,3663,199,79,281,3938,720,270,4925,2409,842,135,51,3442,180,54,238,3685,789,304,4768,1815,874,112,43,2846,155,51,210,3057,974,254,4283,1116,729,107,27,1983,129,44,174,2157,1443,251,3857,352,395,55,9,816,17,22,38,854,2279,246,3372,62,155,16,4,239,0,9,9,244,1777,183,2203,32,59,3,8,105,0,0,0,106,2884,494,3481,22957,11249,1433,649,36286,2368,1288,3657,39941,17968,3967,61870,514,1685,82,37,2317,153,400,556,2872,2245,283,5404,1995,1583,133,93,3799,240,148,387,4183,871,288,5350,2987,1181,275,128,4573,239,122,360,4932,1035,393,6357,3773,1609,309,115,5800,201,132,329,6134,1239,407,7785,4414,1854,271,97,6639,177,134,305
LGA50250,991,82,74,20,1172,20,3,20,1192,100,307,1606,1134,113,105,19,1372,9,6,23,1387,125,336,1850,982,138,83,20,1217,18,4,21,1243,87,298,1625,892,125,72,14,1104,13,5,19,1124,52,259,1436,826,77,62,15,972,10,4,12,988,44,245,1279,728,64,70,14,876,12,0,12,888,34,212,1135,567,45,39,11,661,7,0,9,675,51,143,870,275,38,21,10,344,3,0,6,348,41,94,485,73,13,6,0,94,0,0,0,94,25,29,154,12,0,0,0,14,0,0,0,14,23,5,48,5,3,0,0,6,0,0,0,6,25,4,39,6832,770,569,139,8302,128,39,168,8471,782,2058,11307,40,53,8,0,104,3,6,7,118,89,53,258,181,40,10,7,236,13,4,17,256,35,91,381,319,47,31,10,406,5,0,8,408,67,141,615,437,108,68,10,629,4,3,7,638,91,173,897,424,119,54,21,618,4,6,7
LGA50280,309,185,33,9,538,15,11,27,564,79,61,713,412,304,63,12,789,19,12,26,820,151,70,1039,486,320,56,17,881,29,12,42,924,169,89,1181,477,363,39,13,894,27,12,41,928,134,101,1158,475,293,44,11,823,26,15,40,869,108,85,1056,387,260,28,13,691,30,9,42,730,111,69,908,367,298,35,6,711,16,9,27,741,157,82,980,192,245,46,5,485,11,14,22,511,355,71,931,90,133,18,0,246,6,9,12,255,445,52,752,34,50,7,0,89,0,3,3,96,368,32,496,18,35,12,3,72,0,0,0,71,653,75,803,3498,2838,426,121,6891,206,133,340,7227,3041,886,11157,82,326,36,12,458,10,16,35,489,267,59,806,168,145,19,0,340,11,9,20,359,63,46,467,314,196,36,11,556,13,4,18,575,76,77,725,416,277,73,16,782,7,6,22,802,119,83,1007,534,395,71,14,1015,8,10,20
LGA50350,548,186,35,13,782,38,19,53,837,136,55,1027,591,247,55,18,917,51,18,67,989,175,64,1227,555,242,29,11,840,44,24,64,908,157,64,1124,579,249,20,9,860,40,19,57,918,138,56,1118,576,210,25,8,818,36,9,45,860,156,70,1085,510,212,23,3,754,37,19,50,803,148,53,1001,437,175,32,8,654,32,10,39,693,191,59,941,272,163,19,3,461,32,10,45,504,304,44,852,103,113,7,3,229,3,0,9,234,478,42,755,15,38,0,0,54,0,0,0,54,436,40,531,9,13,0,0,20,0,0,0,22,972,103,1096,4534,2328,272,113,7246,395,224,623,7867,3797,726,12389,58,280,14,11,359,10,48,60,417,287,30,736,296,313,14,4,633,35,19,49,689,123,55,867,534,215,23,11,778,29,19,48,829,115,86,1023,650,250,73,11,979,21,18,39,1015,135,57,1215,655,336,49,8,1046,30,12,43
LGA50420,3116,1132,128,103,4487,225,139,360,4845,679,387,5911,3367,1134,198,74,4768,217,89,306,5075,770,394,6243,2616,1047,150,49,3864,168,77,248,4107,698,314,5119,2362,1019,86,55,3524,183,82,263,3784,620,254,4656,2255,879,68,48,3252,177,70,244,3498,559,252,4315,2092,842,77,39,3050,155,45,201,3252,575,233,4064,1718,763,79,30,2590,126,52,181,2771,825,250,3853,1148,733,89,28,1992,101,52,158,2151,1278,212,3635,410,416,42,20,892,15,22,31,925,2056,214,3199,81,157,11,3,254,9,7,15,276,1906,179,2362,26,71,8,10,111,0,5,5,120,3918,726,4765,20810,10637,1046,564,33067,1649,1137,2784,35848,16001,3824,55672,195,1175,41,22,1434,51,247,300,1733,1306,118,3159,1383,1665,110,75,3231,119,119,241,3475,505,191,4175,2904,1202,127,106,4342,131,87,214,4563,507,282,5352,3460,1313,260,78,5117,122,68,187,5301,671,314,6286,3141,1311,227,61,4737,111,59,169
LGA50490,2085,763,112,66,3024,158,102,264,3286,592,510,4386,2103,658,128,57,2946,144,75,215,3164,568,448,4176,1487,565,85,29,2169,131,46,182,2347,507,300,3151,1282,455,50,25,1811,114,49,167,1977,408,260,2646,1194,358,39,27,1625,115,46,158,1787,343,232,2360,1038,372,61,34,1503,99,23,118,1622,343,198,2169,926,348,43,19,1332,99,26,130,1466,474,199,2143,530,313,43,15,894,65,35,107,995,654,189,1837,182,180,23,9,390,13,8,22,414,983,161,1551,45,82,6,0,138,0,4,3,142,893,129,1160,20,32,4,5,54,0,0,0,61,2197,376,2631,12089,5506,660,336,18599,1150,642,1792,20390,9373,3535,33295,141,621,25,9,798,39,106,148,951,784,101,1827,1092,968,62,62,2184,77,92,167,2352,463,234,3044,2161,888,109,83,3234,119,70,181,3414,424,327,4162,2267,854,157,81,3362,91,59,151,3512,562,284,4361,1941,720,133,48,2837,74,49,122
LGA50560,25,8,3,0,32,5,0,5,35,16,10,55,36,20,0,0,59,5,0,5,63,10,11,78,33,11,0,4,48,4,6,7,54,9,14,82,40,26,9,0,73,0,0,0,73,14,11,94,51,19,4,0,77,3,0,3,78,22,14,118,45,29,6,3,83,4,0,4,87,33,8,130,56,31,3,0,88,0,4,3,93,48,16,154,48,31,0,0,83,3,0,3,90,66,23,170,21,21,5,0,45,0,0,0,45,106,12,158,3,19,0,0,24,0,0,0,24,89,13,137,7,6,0,0,18,0,0,0,19,136,32,189,390,237,30,13,673,33,13,46,715,589,173,1472,18,5,5,0,22,0,5,4,34,31,8,75,13,8,6,0,22,4,0,3,23,10,12,47,21,7,0,0,31,3,0,3,32,5,10,49,29,15,4,0,52,0,0,4,55,15,11,73,33,19,3,0,52,0,6,9
LGA50630,37,8,3,3,55,3,4,5,58,18,4,82,74,16,10,0,102,3,4,10,108,23,15,148,68,28,13,0,107,3,4,8,110,24,12,151,61,21,8,0,90,3,3,5,99,27,10,137,65,23,4,3,100,4,0,3,105,25,14,143,78,27,5,0,120,3,3,7,127,23,18,165,46,17,6,7,75,5,3,8,83,33,3,120,39,22,7,3,72,3,0,3,75,41,7,119,15,14,0,0,27,0,0,3,33,48,11,86,5,0,0,0,9,0,0,0,9,51,3,63,0,10,0,3,8,0,0,0,8,57,20,86,550,215,69,25,856,35,20,51,907,413,123,1441,11,8,3,0,18,0,0,0,18,43,8,70,32,13,5,0,45,3,0,3,48,7,3,54,38,11,6,0,57,3,0,3,62,20,9,90,37,13,10,3,59,0,0,0,61,23,11,93,46,29,0,5,83,0,0,0
LGA50770,25,8,0,0,31,0,0,3,31,12,0,45,32,20,6,0,52,0,0,4,60,13,0,74,52,28,4,6,87,3,0,3,89,12,3,108,61,26,5,0,93,0,0,0,93,11,3,110,48,28,3,6,80,4,0,4,88,17,9,119,57,34,4,0,91,4,0,4,97,31,10,139,59,26,3,3,95,5,0,5,98,30,13,144,32,16,8,0,59,5,3,7,63,58,13,135,29,34,0,0,62,0,0,0,65,67,14,137,14,10,0,0,26,0,0,0,26,72,15,112,11,11,3,0,21,0,0,0,21,106,25,154,434,250,53,17,750,25,11,41,792,477,111,1380,11,17,0,0,32,0,5,5,36,28,4,72,27,14,8,3,55,7,0,7,58,8,9,75,30,4,3,0,43,0,0,6,44,8,6,54,23,24,5,0,44,0,0,0,49,16,9,69,46,26,0,5,79,0,7,7
LGA50840,62,21,5,3,85,4,8,11,97,34,8,133,68,35,6,0,109,4,5,12,121,29,17,171,72,75,8,5,157,8,3,12,171,36,19,223,120,84,9,6,218,5,9,14,234,32,15,285,136,74,10,8,229,13,3,13,243,45,32,321,156,92,16,0,268,4,3,6,277,64,33,371,141,99,17,6,261,9,7,19,277,82,35,394,104,103,6,5,223,12,3,14,240,166,28,436,42,56,13,0,108,0,4,3,114,296,30,439,21,29,4,0,50,0,0,0,53,229,17,296,11,10,0,7,31,0,0,0,31,310,49,386,1038,767,93,46,1940,69,52,128,2064,1469,306,3841,27,71,0,10,102,6,21,26,123,108,14,250,79,38,0,4,122,0,3,3,124,26,17,160,78,34,8,6,133,3,0,3,136,22,11,170,83,64,8,3,157,0,0,9,165,34,14,210,106,63,11,6,181,6,0,3
LGA50910,15,9,0,0,28,3,0,6,30,10,0,41,8,7,4,0,18,3,0,3,25,10,5,40,21,12,0,0,33,0,0,3,37,13,3,56,25,12,0,0,35,0,0,0,35,9,0,42,38,12,3,0,57,4,4,8,60,10,6,83,41,12,0,0,57,6,0,6,54,11,11,79,22,9,3,0,33,0,0,0,35,13,5,56,14,16,0,0,37,0,0,0,38,20,10,68,14,18,3,0,35,0,0,0,35,46,15,89,10,10,0,6,21,0,0,0,21,29,7,68,3,5,3,0,4,0,0,0,4,74,37,120,231,130,22,10,395,25,8,34,428,269,109,807,3,3,0,0,5,0,0,0,10,17,8,29,8,5,0,0,21,3,0,3,22,5,6,35,15,10,0,0,23,0,0,0,27,0,5,25,19,10,6,3,31,0,0,4,31,6,5,39,20,13,3,3,30,0,0,0
LGA50980,617,191,39,23,865,64,19,79,943,231,192,1369,741,226,63,13,1043,42,15,53,1098,235,165,1501,607,257,34,16,911,41,14,55,967,203,187,1352,606,233,34,6,880,34,14,46,926,183,130,1243,584,179,40,23,824,35,5,41,871,157,129,1157,512,156,39,17,714,34,10,37,756,185,125,1060,475,145,38,11,670,22,15,34,708,212,130,1044,284,125,23,14,451,11,8,15,464,238,98,800,90,56,8,6,153,5,3,8,164,242,74,474,19,29,0,0,52,0,0,0,51,196,43,298,12,10,0,0,23,0,0,0,23,203,61,284,4934,1930,344,177,7382,367,143,517,7892,2912,1532,12338,102,272,16,14,403,34,24,58,454,365,141,961,329,135,26,16,506,41,16,62,563,196,150,917,602,175,34,38,846,35,13,52,892,206,188,1290,743,222,85,25,1077,32,17,53,1125,224,256,1600,753,231,64,21,1069,21,15,30
LGA51080,27,4,3,0,34,0,0,0,39,9,8,64,39,6,11,0,53,0,0,0,54,13,11,83,27,14,0,5,41,4,0,3,49,13,9,70,28,15,0,3,47,0,0,0,49,12,0,65,38,11,0,0,46,0,0,5,50,12,6,64,47,18,3,5,72,3,0,3,76,9,3,97,29,21,4,0,56,6,0,6,61,17,9,86,26,13,3,0,39,4,0,7,44,19,15,87,12,6,0,0,22,0,0,0,20,32,7,61,9,0,0,0,6,0,0,0,6,22,7,39,5,3,0,0,0,0,0,0,0,56,11,73,302,126,31,11,466,30,8,36,499,262,108,867,5,3,0,0,9,0,0,5,14,33,11,55,14,12,3,0,28,0,0,0,31,9,4,44,22,10,0,0,41,0,0,5,42,11,10,53,31,12,6,3,44,5,0,0,47,12,3,62,30,18,0,0,47,0,0,0
LGA51120,32,4,0,0,33,0,0,0,33,10,3,42,30,12,0,0,44,0,0,0,44,0,5,49,17,11,0,0,24,0,0,0,31,13,0,42,33,13,0,0,49,0,0,0,49,7,0,64,36,5,0,4,48,0,0,0,44,8,4,58,30,7,0,0,42,0,0,0,40,5,8,55,34,13,7,0,52,0,0,0,52,13,10,75,29,10,4,0,44,5,0,6,47,37,0,79,16,8,0,0,24,0,0,0,24,50,13,90,10,6,0,0,10,0,0,0,10,31,4,43,6,9,0,0,10,0,0,0,10,67,7,86,272,122,14,8,407,18,3,21,431,254,62,744,9,3,0,0,12,0,0,3,13,15,9,40,20,8,0,0,27,4,0,4,28,7,8,45,21,7,0,0,30,0,3,3,29,3,5,42,28,5,0,0,33,0,0,0,35,7,4,45,29,16,0,0,43,0,0,0
LGA51190,997,363,57,26,1440,103,47,151,1589,382,169,2127,851,428,70,33,1383,112,50,161,1543,385,146,2075,836,454,58,32,1387,88,40,121,1507,387,143,2030,845,450,41,14,1358,94,36,130,1483,341,140,1968,978,497,68,26,1569,85,28,117,1686,327,146,2164,987,423,83,21,1518,80,25,103,1620,362,172,2149,922,513,79,15,1532,63,38,98,1622,528,163,2312,542,396,59,8,997,50,35,83,1084,784,137,2006,172,245,24,6,446,9,9,15,464,1279,145,1885,30,81,5,3,126,6,4,6,137,1121,129,1379,3,42,4,3,62,0,0,3,65,2347,270,2680,8078,4793,609,239,13729,865,467,1329,15061,9306,2018,26378,214,631,48,21,911,60,87,148,1054,613,90,1764,753,410,55,29,1243,63,45,115,1358,304,119,1785,949,357,68,34,1400,61,43,107,1509,391,171,2063,912,442,81,32,1470,47,41,82,1551,430,161,2145,866,460,73,30,1425,43,28,72
LGA51260,753,344,53,26,1177,49,27,76,1248,243,129,1618,890,530,97,23,1534,51,33,85,1621,373,160,2158,1004,641,81,16,1749,48,34,85,1834,312,136,2286,1201,761,74,33,2072,61,38,98,2168,316,181,2657,1225,711,73,31,2043,48,22,65,2110,301,186,2595,1072,621,82,25,1800,64,27,89,1894,316,155,2363,853,624,81,19,1583,70,29,96,1683,489,172,2346,500,584,101,14,1194,57,36,99,1294,920,169,2381,186,312,49,14,564,6,17,19,585,1700,170,2453,46,117,18,8,189,0,4,4,193,1447,152,1792,29,63,8,10,108,0,0,0,108,2460,408,2979,8635,6347,819,278,16077,587,386,974,17052,9936,2228,29216,311,986,83,35,1413,24,86,115,1533,637,99,2269,614,408,57,24,1103,37,23,56,1159,158,78,1394,769,399,88,24,1274,33,18,52,1329,199,156,1686,975,533,113,24,1635,37,26,61,1698,285,147,2126,1052,759,133,33,1975,20,23,46
LGA51310,808,269,32,12,1119,35,23,64,1182,126,115,1424,766,256,62,17,1097,44,14,53,1156,165,110,1423,801,388,50,14,1249,39,27,66,1316,204,84,1604,1017,497,36,17,1570,39,35,73,1644,267,99,2009,1192,496,34,16,1736,39,26,70,1810,274,98,2181,998,458,36,5,1494,39,21,60,1554,212,80,1848,884,408,40,6,1340,43,12,53,1392,268,72,1735,446,350,27,12,842,31,13,45,886,446,74,1404,145,221,15,6,393,9,11,12,403,642,50,1094,47,103,11,0,165,0,0,0,172,639,65,878,32,101,0,3,137,0,0,0,141,1951,183,2273,7558,4797,409,143,12898,362,363,725,13624,6304,1150,21082,58,801,33,8,897,8,142,146,1045,908,31,1984,399,730,45,17,1176,33,40,73,1252,195,32,1472,793,296,37,13,1140,22,15,42,1180,99,58,1342,862,311,72,17,1256,22,24,47,1307,119,73,1495,963,476,63,22,1527,25,17,47
LGA51330,3286,1764,175,100,5330,372,252,621,5945,1356,460,7763,3399,1417,196,86,5088,288,181,468,5558,1189,411,7160,2944,1291,146,73,4458,255,156,404,4867,1089,303,6255,2913,1294,92,56,4356,242,160,402,4759,917,246,5917,2919,1306,109,70,4408,251,93,344,4754,825,262,5844,2714,1150,113,62,4039,241,85,324,4364,827,211,5405,2233,1073,134,51,3484,175,95,274,3761,1072,207,5041,1386,942,115,19,2464,124,64,185,2651,1798,185,4635,479,565,54,10,1111,13,27,47,1154,2705,170,4029,103,216,20,12,347,3,8,11,362,2261,146,2769,22,92,12,7,131,3,3,11,142,4459,391,4987,24461,15591,1375,703,42132,2448,2335,4783,46914,23792,3634,74338,291,2030,63,33,2421,77,461,538,2956,2815,154,5932,2008,3184,146,159,5501,185,307,494,6000,1388,379,7768,3394,2116,181,183,5863,215,154,369,6228,933,465,7629,3504,1679,229,123,5540,172,112,286,5831,1001,424,7257,3613,1741,214,80,5645,140,89,226
LGA51400,424,158,34,4,618,29,18,45,663,152,58,867,457,223,33,16,720,20,26,44,767,177,62,1006,510,262,40,12,823,35,16,46,870,164,58,1096,712,335,33,10,1088,34,28,61,1148,155,75,1375,709,349,46,19,1112,40,13,46,1163,155,86,1402,660,277,45,11,991,22,19,40,1033,151,71,1254,468,226,40,11,736,36,9,52,786,206,57,1052,252,188,22,5,467,18,13,27,501,300,62,859,66,97,13,4,179,4,9,9,193,547,44,786,22,40,5,0,64,0,0,0,65,409,33,505,13,13,3,0,30,0,0,0,30,461,55,545,4802,2759,339,122,8021,320,265,580,8604,3606,756,12971,176,492,34,16,719,16,73,89,811,520,56,1385,432,210,27,11,690,30,19,53,743,109,51,903,436,152,31,7,629,25,9,29,661,126,46,835,469,253,59,11,789,16,11,21,806,151,46,1007,543,330,65,20,954,19,8,27
LGA51470,19,4,0,0,22,3,0,3,19,7,0,31,23,4,0,0,29,0,0,4,28,3,0,30,20,5,0,0,28,0,0,0,29,5,0,37,17,4,0,0,19,0,0,0,19,3,0,22,20,5,0,0,30,0,0,0,31,0,4,31,25,0,0,0,26,0,0,0,30,16,5,47,34,8,0,0,42,4,0,8,46,9,3,61,17,6,0,0,18,0,0,3,21,17,6,39,3,8,0,0,8,0,0,0,8,26,0,31,3,0,0,0,7,0,0,0,7,17,0,28,0,0,0,0,0,0,0,0,0,27,6,31,198,52,7,0,256,14,3,17,267,143,39,453,0,0,0,0,6,0,0,0,6,9,7,15,13,4,0,0,19,0,0,0,16,5,0,29,19,3,0,0,25,0,0,0,25,9,4,32,12,7,0,0,23,0,0,0,23,4,4,29,21,10,5,0,33,0,0,0
LGA51540,154,56,20,8,242,12,7,16,261,66,61,386,154,61,9,4,233,10,0,11,247,61,63,372,151,59,15,4,225,14,4,14,238,52,70,358,171,41,10,9,238,10,4,15,248,51,48,350,227,47,14,5,293,14,4,14,309,60,55,423,190,59,12,8,263,20,0,20,287,72,65,426,164,48,18,9,235,10,0,15,250,77,56,385,131,47,7,8,181,5,3,5,190,118,55,369,51,31,12,3,96,0,0,0,94,149,41,279,22,11,8,0,37,0,0,0,37,146,20,201,7,13,4,4,24,0,4,4,27,196,50,282,1586,550,149,59,2348,132,35,170,2515,1215,670,4402,37,45,3,7,98,9,4,14,105,95,58,257,109,41,15,7,162,11,0,16,179,52,78,307,155,51,11,14,226,8,0,4,228,45,78,361,146,59,16,0,224,3,8,8,234,60,64,356,139,63,12,6,222,3,4,9
LGA51610,17,4,4,0,23,0,0,0,26,4,8,35,35,15,3,0,59,0,0,0,59,8,11,74,42,20,0,0,70,0,0,4,69,10,23,99,44,21,0,0,65,8,0,5,76,11,11,97,68,32,7,0,106,7,0,7,107,8,14,135,55,25,10,4,86,4,0,7,87,18,18,124,45,15,14,0,74,0,0,0,71,17,12,108,29,16,5,0,52,0,0,3,56,26,12,93,10,8,3,0,25,0,0,0,25,54,9,88,12,9,0,0,19,0,0,0,19,32,9,60,7,0,0,0,14,0,0,0,14,47,4,67,405,193,43,10,654,22,4,29,680,284,128,1089,19,23,0,0,44,5,0,0,46,33,14,94,23,6,0,0,34,8,0,5,38,0,4,47,36,10,5,0,44,0,0,0,48,8,4,60,36,13,10,0,55,0,0,0,58,5,5,69,54,18,3,0,75,0,0,0
LGA51680,102,33,3,0,139,9,0,8,146,36,25,206,108,58,10,0,180,8,4,10,185,58,23,262,153,55,19,3,234,7,4,15,251,41,26,311,199,106,16,7,319,8,12,21,332,46,29,414,239,80,15,5,344,11,5,16,356,60,43,460,245,102,14,7,374,16,4,23,393,57,46,492,186,84,15,3,287,9,0,11,299,82,45,432,107,73,18,4,196,7,4,16,208,136,26,369,48,31,9,0,89,3,0,3,91,208,23,323,17,34,0,0,50,0,0,0,54,167,16,238,10,14,6,0,23,0,0,0,26,219,34,279,1555,790,140,42,2531,98,61,156,2685,1347,378,4410,59,98,9,6,174,6,10,17,192,188,38,415,120,55,5,9,190,15,7,19,214,24,14,255,110,43,6,8,170,10,0,11,176,37,19,236,129,63,10,4,211,4,3,4,215,38,23,279,156,76,20,4,255,4,0,4
LGA51710,48,12,9,3,72,0,0,0,75,58,18,157,54,16,6,0,83,0,0,0,82,60,24,160,55,13,8,4,81,0,0,0,83,55,12,151,62,11,3,0,80,0,0,6,84,37,9,125,73,17,3,3,92,0,0,0,96,26,16,145,73,29,6,5,101,0,0,0,106,24,33,161,60,12,4,0,81,0,3,3,86,22,24,138,57,21,4,0,81,0,0,0,84,28,22,130,56,17,0,0,65,0,0,0,72,14,18,105,12,0,0,0,12,0,0,0,12,20,4,38,3,0,0,0,3,0,0,0,3,29,7,33,584,167,57,15,816,15,6,21,837,468,224,1528,3,23,0,0,30,0,0,0,26,23,3,54,23,6,0,0,32,0,0,0,32,23,10,73,45,13,3,3,65,0,0,0,65,55,19,140,64,14,5,5,83,0,0,0,83,66,33,184,65,18,5,0,88,0,0,0
LGA51750,334,122,11,3,470,14,10,27,501,63,64,620,301,63,16,3,390,11,0,17,402,63,53,517,242,101,16,5,353,7,5,13,367,52,38,461,278,138,8,6,424,15,9,20,448,86,43,580,332,167,3,0,504,20,7,28,531,94,44,671,315,149,5,3,478,17,12,30,505,101,42,652,250,149,10,3,407,10,0,14,421,130,57,607,188,129,7,7,340,7,7,19,355,186,43,579,106,121,4,0,232,4,4,5,236,257,47,545,41,70,0,3,121,0,3,4,127,369,44,541,19,59,0,8,85,0,3,3,88,1005,122,1215,2566,1690,109,53,4421,120,140,260,4677,3095,686,8460,18,291,21,4,336,0,47,49,384,439,40,859,192,324,19,7,546,10,17,28,576,111,38,725,356,130,23,7,517,13,7,26,542,54,49,649,329,100,43,4,476,7,3,14,495,63,42,597,295,135,24,3,453,3,4,11
LGA51820,4202,1382,240,101,5927,356,141,490,6418,923,588,7929,4552,1685,327,99,6664,320,138,459,7120,1203,547,8874,4239,1802,242,103,6390,254,146,404,6791,1186,479,8461,4123,1728,162,76,6093,271,131,399,6489,975,452,7921,4023,1623,162,89,5891,283,102,393,6282,873,421,7582,3436,1435,161,70,5102,237,77,308,5415,875,394,6685,2677,1185,183,52,4098,184,69,253,4352,1200,343,5895,1512,996,123,34,2657,134,74,206,2862,1831,289,4987,486,526,63,26,1096,23,25,45,1144,2707,284,4132,93,204,25,12,335,0,14,14,347,2289,191,2825,34,72,12,12,133,7,8,12,146,4270,742,5160,32420,16537,1938,870,51765,2584,1671,4251,56016,22132,5428,83580,649,2544,84,48,3330,117,515,633,3961,2356,193,6500,2841,2611,177,100,5735,245,246,490,6224,916,332,7474,4594,1652,317,111,6669,204,111,319,6980,805,402,8193,5229,2007,497,125,7862,158,117,275,8134,1067,492,9704,5210,2308,413,110,8040,162,109,268
LGA51860,8,6,0,0,9,0,0,0,9,3,0,11,19,11,7,0,35,0,0,0,38,9,9,55,16,5,0,0,23,0,0,0,22,7,0,29,19,6,0,0,28,0,0,3,32,3,4,40,13,4,0,0,17,0,0,0,17,9,0,27,20,5,5,0,24,0,0,0,30,12,3,46,16,5,8,0,33,0,5,5,37,12,10,58,10,3,0,5,18,0,0,0,18,8,6,31,4,4,0,0,12,0,0,0,12,18,5,31,3,0,0,0,3,0,0,0,3,23,0,25,0,0,0,0,0,0,0,0,0,24,4,28,126,65,16,15,222,5,6,12,234,152,37,425,0,5,0,0,4,0,0,0,6,4,3,17,14,8,0,0,26,0,0,0,24,4,5,36,16,7,0,0,25,0,0,0,25,3,12,45,5,9,0,0,13,0,0,0,17,6,0,25,27,8,0,0,37,0,0,0
LGA51890,183,80,16,3,289,22,12,37,318,129,50,499,192,96,17,6,315,37,15,47,363,87,43,491,186,80,14,7,282,31,4,41,325,112,34,468,177,131,15,9,336,21,4,27,365,106,38,500,274,108,23,11,412,37,11,47,462,98,36,592,252,129,10,14,402,30,8,39,441,123,48,610,217,120,30,5,375,18,6,26,403,215,50,662,117,73,22,3,225,20,6,26,246,358,52,654,26,32,6,5,71,4,0,5,77,472,58,602,12,20,5,4,46,0,0,0,46,319,28,394,5,10,0,0,17,0,0,0,17,447,108,572,1910,1114,178,84,3282,312,93,404,3689,2810,623,7127,74,137,11,6,232,26,20,40,273,201,57,528,177,80,12,9,285,14,13,27,310,76,32,423,188,89,19,6,307,35,6,38,346,92,40,474,160,107,15,13,299,22,4,22,322,95,33,443,206,126,20,8,361,19,6,21
LGA51960,136,26,16,3,183,8,5,14,195,64,46,302,118,37,10,4,175,11,4,11,183,69,49,293,109,31,7,4,159,6,3,9,166,43,34,246,131,25,6,3,164,5,7,13,177,37,28,244,145,38,10,5,201,15,0,19,222,38,45,306,121,29,8,0,164,17,0,13,182,44,23,247,106,22,4,3,137,10,0,10,150,47,25,223,49,25,6,0,85,11,9,21,102,72,20,198,18,16,3,0,34,0,0,0,36,86,19,141,0,0,0,0,8,0,0,0,8,68,9,75,0,5,0,0,4,0,0,0,4,59,11,74,1052,300,87,32,1473,112,32,147,1621,807,351,2780,24,33,0,7,65,8,6,10,76,85,48,204,82,13,6,5,99,8,6,13,113,36,54,208,93,15,6,5,128,0,3,11,136,32,60,229,91,23,11,5,124,3,4,10,134,41,57,230,83,29,12,6,125,7,0,8
LGA52030,35,8,0,0,44,3,0,3,43,10,9,68,11,3,0,0,21,0,0,0,23,3,5,30,18,9,0,0,26,4,0,4,34,14,5,47,19,18,0,0,36,5,0,5,40,7,6,53,33,10,3,0,43,6,0,4,52,15,9,70,44,14,4,0,60,3,0,4,66,9,3,84,52,21,4,0,74,3,4,8,81,30,10,122,29,10,0,0,41,6,0,10,53,52,11,113,17,3,0,0,21,0,0,0,24,73,8,98,7,7,8,0,22,0,0,0,22,52,0,76,0,4,0,0,9,0,0,0,9,58,5,67,283,118,19,9,427,30,8,38,467,359,64,892,0,0,0,0,0,4,0,4,7,16,3,27,9,11,0,0,19,0,0,0,19,5,8,32,15,3,0,0,24,5,0,5,29,8,6,40,24,13,0,0,38,0,0,0,42,8,11,57,21,12,0,0,35,0,0,0
LGA52100,31,6,0,0,42,0,0,0,46,12,9,60,26,16,5,4,45,0,0,5,49,0,9,56,24,14,0,0,41,0,0,0,44,9,7,66,33,19,0,0,52,0,0,0,52,8,11,71,43,14,0,0,61,0,0,0,64,10,9,72,40,14,0,0,53,0,0,6,59,5,4,69,49,19,0,4,69,3,0,0,74,11,0,84,40,8,4,3,58,0,0,0,57,28,9,91,17,17,3,0,34,0,0,0,34,43,3,84,6,3,0,0,9,0,0,0,9,30,0,37,0,3,0,8,10,0,0,0,10,94,15,121,345,144,27,14,527,8,10,20,550,282,86,914,12,9,0,0,22,0,0,0,22,10,4,35,32,4,0,0,39,0,0,0,43,4,0,52,33,6,6,0,45,0,0,0,46,5,4,50,31,12,0,0,47,0,0,0,47,5,5,49,35,19,0,0,55,0,0,0
LGA52170,318,62,9,3,401,14,9,21,422,36,37,494,249,78,20,4,348,10,5,10,358,48,51,457,226,73,22,0,326,4,0,7,336,58,25,415,216,96,12,0,328,6,6,17,337,54,23,416,287,141,7,5,437,13,8,18,455,93,39,589,281,121,5,3,416,15,0,13,428,75,48,551,248,133,17,6,405,6,3,13,414,100,45,562,160,131,14,4,311,7,9,14,328,155,35,514,81,83,4,0,174,0,9,4,178,238,23,444,32,53,3,0,95,0,5,5,93,253,20,365,7,30,0,0,38,0,4,3,44,497,43,584,2224,1307,116,43,3688,93,89,187,3875,1936,439,6250,12,219,7,6,240,0,31,33,269,274,10,556,119,224,15,12,371,0,19,18,389,49,16,451,298,90,11,6,399,9,8,16,414,34,33,477,252,73,26,9,352,7,7,14,364,40,30,428,207,88,22,4,319,7,5,8
LGA52240,27,17,0,0,41,0,0,0,41,3,8,55,25,14,0,0,41,0,0,0,44,10,4,55,36,13,3,0,48,0,0,0,52,12,9,76,40,10,5,0,50,0,0,0,56,6,7,72,40,12,0,0,52,0,0,0,54,13,10,76,35,16,3,0,52,0,4,4,53,11,0,66,43,13,9,4,68,3,0,3,66,26,8,106,36,8,5,0,46,5,0,0,54,23,6,83,28,7,9,0,43,0,0,0,42,37,11,88,3,9,0,5,19,0,0,0,21,29,11,59,10,0,0,4,15,0,0,0,15,61,3,80,340,134,25,16,526,9,4,16,539,251,96,884,4,10,0,0,17,0,0,0,19,20,7,43,25,3,5,4,33,0,0,0,33,12,4,45,20,4,4,5,29,0,0,0,30,4,8,44,21,9,3,0,31,0,5,4,34,12,0,48,30,14,3,0,42,4,0,4
LGA52310,24,9,4,0,33,0,0,0,33,7,6,48,17,3,4,0,23,0,0,0,27,9,10,47,21,5,0,0,27,0,0,0,27,9,6,41,24,13,0,0,35,0,0,0,35,7,7,55,32,7,0,0,45,4,0,8,45,3,7,56,36,17,0,0,57,3,0,3,60,8,3,73,28,6,0,0,40,0,0,0,41,16,7,63,26,10,0,0,36,0,0,0,39,33,10,79,10,10,0,0,27,0,0,0,25,49,4,78,6,8,0,0,12,0,0,0,12,32,9,51,0,3,0,0,3,0,0,0,4,45,9,56,245,94,20,9,373,17,4,21,390,227,92,711,4,13,0,0,16,0,0,0,16,10,4,28,18,10,0,0,34,0,0,0,32,7,6,41,18,6,0,0,29,0,0,3,31,11,3,40,16,5,0,0,25,0,0,0,29,5,0,36,13,3,0,3,24,0,0,0
LGA52380,4,0,0,0,8,0,0,0,8,4,7,16,6,0,0,0,4,0,0,0,4,0,0,10,3,0,0,0,5,0,0,0,5,0,0,8,0,5,0,0,9,0,0,0,9,0,3,7,4,0,0,0,4,0,0,0,4,3,0,10,6,5,0,0,6,0,0,0,6,0,3,10,9,0,0,0,9,0,0,4,17,6,3,24,6,4,0,0,7,0,0,0,7,14,3,26,0,0,0,0,3,0,0,0,3,11,6,20,0,0,4,0,9,0,0,0,9,8,4,15,0,0,0,0,0,0,0,0,0,3,4,10,44,15,5,0,66,6,3,6,69,53,42,167,4,0,0,0,4,0,0,0,4,0,0,4,14,0,0,0,16,0,0,0,16,0,4,14,10,0,0,0,15,0,0,0,15,0,0,19,7,3,0,0,12,0,0,0,15,0,0,17,4,0,0,0,0,0,0,0
LGA52450,40,9,0,0,57,4,0,4,53,15,6,73,39,14,7,0,59,0,0,4,61,18,4,82,44,22,0,4,70,0,0,4,72,11,6,92,43,21,0,0,68,0,0,6,77,12,8,93,34,17,4,0,60,0,0,0,61,19,5,82,44,17,0,0,57,0,4,5,65,18,9,88,48,24,4,0,70,4,0,4,78,13,8,97,39,16,7,0,56,3,0,3,55,27,12,98,15,10,0,0,32,0,0,0,32,37,7,75,6,7,0,0,11,0,0,0,15,33,6,47,0,0,0,0,3,0,0,0,3,75,20,103,404,173,32,15,619,30,12,42,659,403,110,1176,15,29,3,0,46,0,7,13,57,77,9,144,33,4,0,0,43,5,0,5,45,9,4,56,49,9,11,5,61,5,0,3,63,9,4,78,37,10,0,0,57,4,0,3,61,8,8,78,35,16,0,0,58,0,0,0
LGA52520,74,12,0,0,79,0,0,0,81,14,11,107,54,20,0,0,77,0,0,0,81,16,9,109,69,8,0,0,76,0,3,3,81,18,10,110,54,23,5,0,80,3,0,3,79,6,7,100,40,14,0,0,54,3,0,3,62,11,3,69,56,24,0,3,79,0,0,0,79,16,11,108,46,15,3,0,65,0,0,0,67,33,11,111,39,21,0,0,65,4,3,4,65,13,8,89,28,10,3,0,37,0,0,0,39,13,0,52,9,3,0,0,16,0,0,0,15,26,12,56,5,11,0,4,22,0,0,0,22,57,14,93,513,170,21,15,723,20,10,22,750,274,117,1137,13,10,0,0,24,0,0,0,23,18,6,46,40,7,0,0,52,0,0,0,52,13,10,69,45,9,3,0,57,0,0,0,57,9,15,81,48,21,3,0,74,0,0,0,76,5,12,94,42,22,0,3,73,0,0,0
LGA52590,75,32,8,3,123,0,0,5,125,33,26,185,72,38,10,0,126,5,3,12,135,27,23,181,73,40,3,4,125,6,0,6,130,23,15,163,109,39,8,3,155,5,0,8,163,25,13,203,104,44,8,3,157,3,0,3,158,27,18,210,132,44,8,3,187,11,0,7,201,32,22,252,113,47,12,0,175,3,0,6,181,61,25,261,61,59,12,0,128,6,4,5,138,118,28,282,27,35,3,0,66,0,0,0,66,184,26,283,17,21,6,0,44,0,0,0,44,147,11,199,9,8,0,0,23,0,0,0,23,208,34,264,885,462,80,26,1453,46,17,65,1517,947,244,2717,19,34,0,0,63,4,3,3,64,38,12,117,43,20,3,3,76,4,0,6,79,10,17,108,98,38,8,5,145,0,0,4,148,17,27,181,78,36,15,0,130,0,0,0,133,24,29,184,88,41,5,3,143,3,0,6
LGA52660,457,166,34,18,675,41,22,64,740,131,49,922,404,200,37,10,648,27,28,53,709,162,50,914,408,240,38,10,700,17,20,37,733,114,62,909,423,232,18,5,683,23,13,31,717,107,48,870,478,234,31,9,760,30,3,36,795,108,55,957,457,215,24,6,701,32,13,47,747,135,49,934,372,189,43,14,617,28,13,38,652,176,69,895,203,137,32,10,378,12,10,24,403,297,56,761,65,79,11,0,154,3,3,10,163,483,49,692,11,32,0,0,43,0,4,0,48,388,40,476,6,21,0,6,40,0,0,0,40,815,120,973,3778,2226,310,112,6425,287,192,480,6908,3353,745,11002,120,314,20,8,457,23,54,73,536,283,23,842,340,170,25,14,544,18,16,38,588,69,33,688,431,169,39,11,653,21,11,28,682,139,53,869,484,221,53,9,774,23,10,36,807,123,42,972,470,272,35,12,780,16,8,27
LGA52730,55,44,10,4,114,11,0,11,123,33,13,168,79,50,14,8,138,9,4,10,151,44,21,209,101,88,16,6,209,5,3,10,218,50,31,295,119,94,16,5,232,4,8,17,251,59,31,341,164,115,23,4,310,11,6,17,328,53,38,419,154,140,13,9,322,7,5,9,331,69,53,451,134,142,20,0,302,17,7,21,319,127,48,501,102,117,21,0,242,0,6,3,246,193,34,480,53,86,9,0,150,0,0,5,153,338,50,543,18,41,3,3,68,0,0,0,71,283,35,384,10,20,0,0,32,0,0,0,32,438,61,529,1084,1086,160,36,2370,65,51,118,2489,1907,442,4838,26,119,13,5,162,0,12,14,178,181,35,395,50,28,6,3,89,3,0,3,95,17,14,126,52,28,11,3,95,5,6,3,101,15,11,129,90,81,12,0,181,5,0,8,193,35,33,267,122,101,11,3,233,0,6,10
LGA52800,225,42,7,9,284,41,18,61,343,283,86,712,225,63,9,16,308,37,15,57,362,237,68,671,170,55,12,4,242,41,12,49,288,208,53,554,174,39,14,11,230,37,14,49,281,174,49,496,169,43,10,12,225,27,7,33,262,166,50,484,157,37,7,13,216,18,5,21,241,170,62,474,167,29,17,9,224,14,3,16,245,136,47,428,138,38,11,9,196,3,0,4,206,124,31,360,57,17,3,4,85,0,0,0,85,108,29,225,10,9,0,0,11,4,0,4,16,72,18,108,0,5,0,0,9,0,0,0,9,116,16,140,1673,454,103,92,2323,284,99,387,2708,2390,649,5747,21,33,0,3,61,4,10,10,73,328,82,483,107,43,3,10,158,12,0,12,175,289,89,550,192,39,10,10,251,14,4,19,276,238,95,609,199,61,11,13,284,10,10,15,294,257,108,660,146,51,10,5,212,9,9,11
LGA52870,106,33,10,5,154,15,6,21,175,46,23,244,115,59,16,3,185,10,5,14,204,62,15,283,113,67,12,3,200,9,3,14,213,54,23,288,164,94,16,4,275,14,9,19,291,55,39,382,174,93,22,7,300,13,0,14,308,54,40,397,198,96,15,5,311,13,4,19,334,83,35,452,203,116,18,4,342,6,9,20,357,94,46,501,134,111,21,3,273,3,8,15,286,202,49,540,51,64,11,0,126,0,0,0,127,272,47,441,27,38,3,0,61,0,0,0,61,246,44,352,7,15,0,4,32,0,0,0,32,342,51,427,1427,882,148,54,2513,104,60,164,2676,1698,446,4816,51,100,0,6,161,7,8,14,169,130,19,319,88,37,5,3,137,13,16,25,160,36,13,216,88,42,7,8,145,0,4,3,145,52,17,220,118,61,18,5,207,4,4,6,211,53,16,283,152,86,25,12,274,0,3,3
LGA52940,15,5,0,0,14,0,0,0,14,3,0,21,15,17,0,0,35,0,0,0,36,5,3,47,23,7,0,0,25,0,0,0,25,11,7,42,21,12,0,0,32,0,0,0,38,0,10,47,31,5,0,0,38,3,0,3,35,10,4,52,21,8,0,0,35,0,0,0,35,7,0,39,20,7,0,0,25,0,0,0,25,8,5,34,23,13,0,0,33,3,0,5,36,24,0,67,14,6,0,0,23,0,0,0,23,34,4,62,0,4,0,0,5,0,0,0,5,26,0,28,3,5,0,0,4,0,0,0,4,38,5,46,199,95,8,7,305,8,0,10,318,179,36,531,3,0,0,0,6,0,0,0,10,15,0,23,12,5,0,3,21,0,0,0,24,9,7,36,9,0,0,0,14,0,0,0,17,8,5,25,17,3,0,0,22,0,0,0,22,6,0,27,17,16,0,0,36,0,0,0
LGA53010,20,3,0,0,31,0,0,0,32,6,7,43,24,16,0,0,43,6,0,6,44,8,0,57,20,6,3,0,29,0,0,0,29,7,5,39,25,10,0,0,38,4,0,0,38,7,7,53,24,11,0,0,32,0,0,0,30,4,3,40,34,5,0,0,43,0,0,0,43,10,4,49,34,7,0,6,47,0,0,0,46,9,13,70,20,6,0,0,26,0,0,3,29,20,7,56,16,4,0,0,20,0,0,0,20,17,5,45,3,0,0,0,4,0,0,0,5,14,0,17,0,0,0,0,9,0,0,0,9,38,5,49,232,77,10,10,328,10,5,19,342,137,65,547,3,0,0,0,6,0,0,0,4,9,5,21,9,3,0,0,16,0,0,0,16,3,3,21,14,0,4,0,23,0,0,0,23,3,7,33,17,6,0,0,34,0,0,0,34,4,3,42,18,15,5,0,39,0,3,3
LGA53080,28,7,3,0,32,5,0,5,38,17,18,70,19,4,0,0,29,5,0,5,30,5,7,45,14,10,0,0,25,0,0,0,24,3,6,36,15,0,0,0,16,3,0,3,17,3,12,39,37,9,0,4,45,5,3,9,54,9,18,80,20,14,3,3,35,0,0,0,41,16,19,73,35,6,5,0,46,0,0,0,47,15,10,70,26,6,0,0,33,4,0,4,37,18,16,70,10,0,0,0,10,0,0,0,10,31,10,49,4,0,0,0,7,0,0,0,7,36,7,51,0,0,0,0,4,0,0,0,4,33,5,37,224,58,16,10,308,22,5,31,337,197,122,659,8,4,0,0,15,0,0,0,12,8,5,23,15,0,0,3,20,0,0,0,25,10,6,36,18,4,0,0,28,4,0,4,28,4,12,46,15,4,0,0,23,0,0,0,25,7,14,48,12,3,0,0,12,0,0,0
LGA53150,199,63,14,3,275,9,3,12,293,38,32,360,188,67,17,4,273,5,6,9,288,42,21,354,231,87,15,0,335,11,7,22,357,58,29,439,266,129,5,9,408,10,5,15,431,71,28,524,333,153,7,3,497,8,12,23,516,75,33,627,312,151,10,7,478,19,5,28,503,68,41,611,266,150,15,5,435,6,4,16,456,71,29,553,180,109,14,0,310,14,9,19,323,142,31,497,50,81,0,0,135,3,0,4,143,225,17,382,13,42,3,3,55,0,4,4,57,180,20,267,6,16,0,4,22,0,0,0,22,417,109,557,2171,1371,136,41,3721,116,104,229,3945,1653,430,6031,30,215,3,3,250,4,46,44,296,231,8,534,114,197,8,0,317,9,12,20,336,34,9,378,167,81,13,5,266,3,9,14,280,26,11,320,209,77,27,6,325,12,5,10,333,41,28,404,213,99,20,0,333,5,7,5
LGA53220,775,77,60,20,936,24,15,41,973,110,320,1408,831,109,76,27,1040,22,13,35,1078,125,325,1529,674,88,33,14,809,22,11,31,836,97,235,1174,578,68,48,16,712,21,0,26,737,58,221,1018,507,43,33,19,609,19,3,20,626,56,197,877,439,44,39,9,538,8,4,14,549,69,184,803,331,31,27,8,397,7,3,11,410,59,129,603,154,25,27,7,209,7,3,9,216,54,73,349,46,13,0,4,67,0,0,0,68,44,22,135,13,7,4,0,23,0,0,0,30,28,7,62,4,0,0,0,3,0,0,0,3,16,3,29,4737,611,368,134,5850,186,74,256,6108,987,1880,8979,68,67,3,4,139,15,14,25,165,155,55,376,304,43,32,13,389,15,11,24,408,79,153,647,526,79,40,11,657,12,9,25,685,100,307,1091,585,111,60,12,773,10,4,13,790,95,348,1233,519,70,64,21,672,22,12,35
LGA53290,389,136,27,3,568,25,5,32,597,120,103,820,344,174,36,11,561,19,9,26,591,120,104,811,363,170,27,11,569,16,14,27,597,110,91,794,459,215,29,15,723,16,3,21,743,96,110,950,524,202,28,10,774,26,8,31,800,81,130,1013,510,221,46,9,782,27,9,42,827,131,133,1085,402,187,51,6,650,12,7,19,671,188,114,975,228,161,40,8,442,13,0,13,454,281,85,823,91,102,22,7,223,0,0,0,228,453,78,760,30,53,10,0,97,3,3,0,99,411,80,598,26,40,3,3,74,0,0,0,74,773,109,953,3843,2060,358,120,6379,210,94,300,6677,3293,1326,11300,161,213,24,22,413,15,23,34,450,291,84,825,345,121,22,15,504,9,9,19,524,59,83,664,370,123,42,12,552,3,8,17,571,106,64,744,343,203,45,12,602,6,0,7,617,114,77,805,397,210,25,14,649,11,10,12
LGA53360,97,29,14,0,143,5,0,5,151,15,16,184,109,52,17,0,175,0,8,9,186,20,29,233,93,57,20,0,165,9,0,5,178,31,24,225,115,56,5,4,172,8,0,11,187,19,23,229,121,44,9,3,172,7,0,10,175,17,17,209,102,33,10,0,146,5,0,6,155,18,17,193,79,38,12,0,131,4,0,4,136,31,14,179,40,22,8,7,78,0,0,0,78,58,10,144,13,19,0,0,32,0,0,0,33,110,15,155,0,6,0,0,16,0,0,0,16,71,0,86,0,5,0,0,7,0,0,0,7,57,5,74,850,430,96,26,1411,45,14,63,1472,486,210,2164,34,56,3,3,103,0,4,3,111,23,18,151,86,38,5,9,140,5,0,5,145,7,19,175,134,61,15,4,211,0,3,6,217,14,27,259,136,59,21,11,228,0,4,6,236,34,15,283,123,61,13,7,203,0,0,0
LGA53430,1008,464,48,32,1558,84,54,140,1700,263,213,2176,1231,447,96,18,1800,71,37,110,1905,276,220,2403,953,444,85,17,1503,40,36,82,1586,268,171,2025,904,451,47,22,1425,77,24,101,1532,281,184,1997,963,460,44,25,1493,84,27,115,1606,301,175,2083,1022,460,49,14,1552,79,25,107,1659,299,164,2126,819,427,51,10,1306,60,30,86,1393,485,161,2042,494,419,49,17,976,49,30,82,1051,660,137,1848,209,275,33,7,524,3,6,10,535,971,140,1648,42,114,19,4,174,0,0,0,175,871,111,1161,17,49,10,3,74,5,0,5,79,1963,364,2410,8152,5030,586,211,13973,668,440,1111,15085,7461,2246,24796,96,536,29,11,673,19,118,132,806,558,73,1440,439,795,54,18,1304,30,63,94,1402,239,121,1760,1105,499,77,30,1708,42,29,69,1777,199,183,2156,1227,498,138,25,1886,45,35,79,1965,231,179,2378,1173,586,138,21,1926,34,20,60
LGA53570,128,58,9,12,203,8,0,13,212,42,22,275,108,42,4,4,165,5,4,8,172,44,16,238,100,51,16,6,171,7,4,13,185,51,33,269,139,62,0,0,210,14,0,11,220,52,28,299,152,82,16,9,258,14,0,16,271,47,34,354,171,71,15,5,263,14,5,18,278,69,37,382,149,74,13,6,236,14,9,20,263,99,44,408,105,85,15,5,211,10,5,14,230,195,43,467,47,54,12,6,111,0,4,3,113,322,48,492,19,34,6,3,67,0,0,0,65,226,19,314,11,24,3,0,40,0,0,0,40,314,51,408,1258,723,113,62,2155,114,36,146,2303,1615,416,4332,36,53,8,4,99,3,5,5,104,138,6,247,84,51,10,5,152,6,0,15,163,27,27,217,142,69,9,8,225,3,0,4,224,27,24,285,133,64,15,6,221,0,0,3,219,54,21,297,119,59,19,9,209,3,5,5
LGA53640,41,10,0,0,60,0,0,0,61,28,9,94,46,13,0,0,58,3,0,3,64,17,0,82,27,22,0,3,51,0,0,4,49,12,0,64,39,24,0,0,65,0,0,0,65,10,10,85,48,13,0,3,61,0,0,0,60,14,16,93,39,12,3,3,62,3,0,3,59,10,11,84,40,14,3,6,56,0,0,0,60,19,10,93,45,23,3,3,71,0,0,0,74,21,15,112,24,8,4,0,32,0,0,0,32,22,9,62,9,4,3,0,17,0,0,0,17,18,5,42,3,5,0,3,10,0,0,0,10,37,8,49,409,154,25,14,600,17,4,21,620,242,108,968,9,3,0,0,14,0,3,5,21,25,6,48,31,8,0,0,39,0,0,0,39,11,8,54,32,14,3,3,54,0,0,0,56,9,5,70,45,25,0,0,75,0,0,4,80,19,4,102,36,15,0,0,55,0,0,3
LGA53710,18,7,0,0,29,0,0,0,34,9,0,37,38,17,7,0,54,0,0,0,60,10,3,71,21,16,0,0,37,0,0,0,39,12,4,55,24,13,0,0,43,0,0,5,44,5,10,62,37,15,0,0,59,4,0,6,65,9,7,85,28,15,3,0,41,0,3,0,51,14,6,61,35,13,0,0,54,0,0,0,52,14,9,78,27,16,3,0,47,0,0,0,45,23,4,78,10,16,0,0,27,0,0,0,23,41,6,73,9,3,0,0,12,0,0,0,12,30,0,43,3,8,0,0,14,0,0,0,14,78,11,103,266,155,15,11,442,19,9,24,472,275,78,826,5,7,0,0,16,5,0,3,15,13,10,34,26,7,0,0,32,0,0,0,32,3,8,43,19,7,0,0,31,5,0,5,33,9,5,41,12,4,0,0,20,0,0,0,20,3,4,25,36,16,0,0,49,0,0,0
LGA53780,3923,1650,231,146,5948,491,239,731,6679,1792,511,8984,4783,1806,293,139,7030,447,215,664,7690,2052,466,10206,4316,1751,209,129,6405,405,160,561,6965,1780,454,9200,4085,1668,151,120,6025,373,127,492,6520,1457,407,8384,3934,1542,148,107,5728,380,112,488,6222,1232,376,7825,3523,1355,144,91,5110,289,72,357,5467,1267,342,7078,2636,1240,147,62,4077,212,75,294,4367,1532,290,6194,1789,1089,132,33,3045,175,82,258,3299,2150,341,5793,608,546,73,11,1248,17,33,49,1293,3391,265,4951,93,188,13,12,312,4,12,9,322,2820,194,3331,38,74,11,12,129,0,4,6,133,4754,652,5540,32958,17131,1771,1076,52934,3546,2171,5717,58648,29791,4967,93411,626,2413,99,48,3184,181,594,777,3962,3497,343,7795,2702,2777,157,159,5796,359,319,679,6475,1568,415,8452,3640,1791,204,181,5819,274,149,424,6244,1633,467,8341,4116,1818,305,170,6412,249,162,405,6821,1905,549,9281,5096,2127,300,138,7662,254,158,417
LGA53800,1030,363,87,23,1503,121,41,161,1662,465,165,2293,1008,450,109,33,1597,112,28,147,1739,463,210,2416,1002,489,84,33,1604,96,41,139,1748,398,177,2320,1246,545,55,30,1872,99,40,142,2013,389,210,2616,1402,613,80,27,2120,105,40,146,2266,390,237,2894,1277,550,87,40,1957,119,36,157,2110,405,224,2743,1043,491,101,29,1660,93,30,120,1780,570,208,2558,659,411,69,19,1162,59,40,95,1255,746,183,2179,223,202,27,14,466,9,13,23,493,1259,143,1889,46,92,11,5,157,4,0,4,164,1068,135,1363,33,41,6,12,93,0,5,8,100,1992,344,2441,10183,5391,820,303,16697,1078,529,1610,18306,9667,2622,30598,367,897,37,22,1323,58,118,176,1502,773,227,2504,860,499,58,25,1441,81,39,121,1563,328,191,2076,1065,434,89,38,1631,47,33,82,1710,373,229,2309,1006,500,128,28,1662,55,28,79,1740,386,248,2377,1088,547,85,26,1747,43,30,78
LGA53920,72,17,4,3,100,15,8,26,126,125,73,329,65,13,6,3,89,14,0,15,105,88,92,282,56,23,0,0,72,14,6,19,94,75,53,228,46,12,3,9,71,10,0,13,82,65,68,216,38,18,0,4,59,9,3,8,73,41,51,167,54,14,0,7,77,4,5,10,91,58,28,175,55,9,7,0,67,5,0,5,74,63,30,162,42,10,0,0,50,0,0,0,50,54,24,127,10,4,0,0,15,0,3,4,17,41,23,79,8,0,0,0,11,0,0,0,13,33,6,49,0,0,0,0,0,0,0,0,0,33,10,45,500,143,30,38,701,104,55,160,863,951,583,2391,9,4,3,0,19,26,18,42,65,246,25,334,43,25,4,5,79,30,21,50,128,146,43,313,67,23,8,4,108,22,8,28,134,141,29,302,67,24,6,5,100,28,7,34,132,130,41,303,56,30,0,0,92,23,4,26
LGA53990,650,257,52,18,978,59,25,83,1065,245,100,1409,746,365,74,25,1217,63,31,90,1307,320,111,1738,757,402,63,19,1238,69,23,93,1329,257,122,1709,900,430,48,17,1400,53,33,87,1481,226,133,1840,963,435,57,16,1469,65,28,92,1560,218,140,1916,895,380,61,23,1367,58,19,79,1448,260,144,1847,714,359,81,20,1177,62,28,89,1264,380,139,1780,406,279,53,8,741,27,29,52,795,650,107,1551,118,157,18,7,305,10,11,12,320,1025,110,1458,38,71,0,8,118,0,0,0,121,734,105,955,6,42,3,5,65,0,0,0,65,1161,168,1395,6950,3939,573,220,11681,616,362,985,12659,6392,1603,20663,291,619,43,16,973,50,102,144,1120,677,80,1869,606,279,45,26,955,48,22,71,1025,169,79,1277,709,307,69,27,1113,34,19,54,1161,216,103,1478,879,355,84,28,1351,25,21,48,1395,272,85,1757,972,499,58,23,1555,32,24,45
LGA54060,37,27,0,0,67,7,0,7,70,28,3,109,71,42,5,3,116,4,5,6,122,35,17,175,66,45,6,0,122,4,6,10,133,30,12,166,93,59,13,9,161,9,5,13,173,22,16,217,96,56,9,5,162,8,0,10,172,28,11,217,121,67,6,5,200,11,0,10,208,43,23,272,94,42,8,0,153,9,5,13,166,75,13,262,90,60,4,4,162,11,3,18,180,127,25,334,20,33,11,6,73,0,0,0,76,218,20,314,12,16,4,0,30,0,0,0,30,200,27,255,7,10,0,0,19,0,0,0,19,298,28,347,760,524,65,50,1391,84,35,114,1510,1225,232,2957,23,62,5,3,94,3,7,9,102,61,11,181,52,25,9,4,86,5,0,6,99,15,13,122,41,21,3,0,67,5,0,5,66,27,11,108,37,28,11,0,72,0,0,3,80,20,21,115,80,38,3,3,131,0,0,0
LGA54130,37,7,0,0,49,4,0,4,49,7,4,66,50,19,0,0,71,0,0,4,73,9,22,101,29,18,0,0,52,0,0,0,52,5,7,58,33,15,0,0,52,0,0,0,50,0,6,63,51,18,0,0,70,0,0,0,70,6,9,82,52,20,0,0,74,0,0,0,74,3,11,96,58,22,3,0,77,0,0,0,81,24,8,108,34,8,0,0,42,3,0,3,46,18,14,83,16,11,0,0,24,0,0,0,24,30,3,63,4,5,0,0,6,0,0,0,6,20,9,39,4,4,0,0,8,0,0,0,8,36,13,55,403,150,23,3,569,6,3,6,584,186,111,876,7,3,0,0,14,0,0,0,11,17,7,39,33,13,4,0,44,0,0,0,46,5,7,51,38,11,0,0,53,0,0,0,57,7,0,64,40,10,0,0,46,0,0,3,51,18,11,71,51,20,4,4,75,0,0,0
LGA54170,4410,1590,302,107,6409,367,161,528,6938,994,398,8323,4581,1861,420,110,6973,272,158,431,7403,1174,367,8947,4712,2368,307,98,7479,267,181,451,7923,1344,397,9670,5770,2811,242,131,8941,304,192,491,9434,1243,427,11101,6645,2902,232,115,9896,327,154,482,10381,1154,408,11944,6253,2749,309,97,9409,330,141,471,9876,1287,408,11565,5411,2611,309,92,8428,315,124,436,8866,1795,434,11090,3176,2300,291,74,5848,208,127,335,6186,3237,376,9802,1011,1339,125,19,2497,40,49,89,2589,5664,344,8604,187,471,38,14,709,10,16,26,732,4260,240,5240,49,156,6,19,230,3,6,11,243,7253,558,8056,46484,28455,2935,1103,78975,3170,2644,5812,84785,35116,5028,124927,858,4353,164,45,5414,133,909,1038,6454,3630,194,10279,3329,3602,193,98,7215,248,276,521,7741,1009,266,9012,4104,1620,270,81,6077,206,109,316,6395,706,327,7430,4580,1989,578,104,7255,157,95,256,7508,995,356,8856,5597,2719,485,121,8926,168,101,266
LGA54200,1794,509,113,46,2460,152,63,209,2673,460,217,3349,1885,699,136,50,2765,119,57,178,2943,564,225,3733,1853,818,123,45,2836,109,67,170,3012,552,192,3762,2073,880,82,39,3071,119,59,184,3249,479,185,3920,2255,876,110,40,3280,133,50,183,3467,428,181,4079,2076,780,112,34,3005,122,44,166,3170,513,213,3894,1718,715,105,49,2588,109,42,150,2735,642,215,3586,1028,736,100,21,1882,89,45,132,2016,1093,220,3325,400,449,50,11,913,12,16,31,944,2112,198,3253,86,173,8,3,272,3,12,12,288,1878,144,2313,18,96,3,0,121,0,6,8,131,3294,433,3856,16979,8813,1025,432,27253,1268,807,2074,29323,14194,2755,46275,366,1298,61,26,1751,71,269,338,2092,1393,117,3608,1205,1102,80,69,2454,97,76,172,2625,408,127,3163,1528,601,114,43,2293,72,53,126,2422,363,173,2954,1786,751,185,49,2761,56,38,98,2858,457,184,3496,2055,946,160,47,3197,62,52,109
LGA54280,1384,308,80,35,1800,91,34,125,1926,398,274,2600,1391,379,92,39,1907,51,31,82,1990,452,277,2721,1194,359,67,27,1651,57,24,79,1733,328,213,2264,1283,336,47,48,1711,59,28,87,1798,239,225,2265,1207,338,58,37,1642,53,25,80,1715,224,221,2165,1186,277,53,32,1543,54,16,67,1607,237,193,2037,954,292,50,22,1312,51,18,71,1380,273,221,1878,527,179,29,13,753,18,16,37,785,340,164,1286,177,89,17,5,295,3,6,11,298,485,107,889,35,37,5,5,86,0,3,4,84,359,49,494,18,17,0,4,36,0,0,0,36,584,92,707,10632,3365,572,330,14900,623,306,923,15824,4958,2376,23162,371,477,26,8,888,42,64,102,994,496,137,1629,1073,257,52,46,1429,54,25,81,1506,254,224,1984,1385,293,78,43,1787,41,14,52,1847,294,296,2437,1245,403,95,39,1781,24,17,40,1819,328,231,2373,1315,385,75,25,1796,34,18,47
LGA54310,1102,212,80,24,1417,60,14,79,1495,279,299,2073,1253,311,123,23,1714,46,30,74,1786,393,338,2516,1102,258,69,28,1459,49,18,73,1526,253,260,2049,1065,275,56,23,1413,50,16,68,1486,214,236,1933,914,219,55,20,1200,48,10,67,1266,150,228,1643,749,155,51,17,969,42,8,57,1022,136,204,1363,554,107,45,12,710,28,6,39,751,123,134,1007,285,60,23,4,381,20,8,33,412,131,86,630,82,26,13,3,125,3,3,9,139,115,56,312,14,5,0,3,24,3,0,5,25,85,15,117,9,6,0,0,18,0,0,0,18,65,19,101,7904,2039,562,196,10697,487,190,681,11378,2673,2113,16168,179,371,24,16,597,26,46,75,672,366,167,1205,571,125,29,17,748,23,13,35,785,174,211,1161,914,198,89,36,1230,25,13,42,1275,207,329,1804,1101,327,141,33,1600,20,11,35,1636,278,396,2309,1247,387,103,27,1760,13,10,17
LGA54340,126,35,6,5,175,14,0,9,182,43,41,265,103,33,8,4,147,9,0,9,152,42,33,240,121,53,9,4,182,4,3,8,192,42,26,255,109,42,0,4,163,10,3,12,174,46,33,251,117,45,6,0,169,0,0,0,172,30,41,241,159,55,9,5,225,15,0,13,239,50,46,325,123,43,13,0,183,0,3,3,188,55,32,275,76,51,15,0,142,8,9,13,157,75,39,269,18,28,0,0,50,0,0,0,53,123,31,205,20,12,0,0,35,0,0,0,37,113,16,168,7,6,3,3,16,0,0,0,16,260,50,331,1148,494,81,35,1758,76,33,114,1867,996,448,3312,40,65,0,4,110,4,8,10,114,110,36,263,112,47,9,4,175,4,0,8,181,43,24,244,130,44,13,9,196,6,0,8,204,43,19,266,107,43,12,5,166,6,0,9,174,52,34,257,95,44,7,7,161,5,3,11
LGA54410,20,18,0,5,39,0,0,0,38,7,4,54,29,9,0,0,44,0,0,0,44,12,8,67,23,10,0,0,37,0,0,3,40,14,3,57,18,15,0,0,41,8,0,8,43,11,7,61,40,20,3,0,69,0,0,0,66,14,10,89,44,20,0,0,66,4,0,4,69,24,15,109,44,18,6,0,61,0,0,0,64,22,7,91,24,9,0,0,34,0,0,0,34,32,6,77,10,10,0,0,27,0,0,0,27,46,4,77,9,13,0,0,22,0,0,0,22,43,7,72,0,4,0,3,8,0,0,0,8,115,24,155,287,168,17,12,483,20,0,21,505,388,117,1012,10,16,0,0,34,3,0,3,34,25,10,74,18,6,0,0,24,0,0,0,26,10,4,42,18,7,0,0,28,4,0,4,28,13,3,45,30,10,0,0,35,0,0,0,35,7,7,52,29,20,0,0,50,0,0,0
LGA54480,11,4,0,0,16,0,0,0,16,0,0,21,19,3,0,0,22,0,0,0,25,5,7,41,34,10,0,0,42,0,0,0,42,0,11,58,20,14,0,0,35,0,0,0,35,7,3,42,31,3,0,0,34,0,0,0,34,12,0,44,30,3,0,3,41,0,0,0,41,3,3,43,21,7,0,0,28,0,0,0,28,0,3,36,18,6,3,0,25,0,0,0,25,5,3,35,4,4,0,0,11,0,0,0,11,17,12,40,7,0,0,0,8,0,0,0,8,7,0,17,5,0,0,0,4,0,0,0,4,10,4,19,207,78,7,5,295,0,3,3,303,73,56,428,6,0,0,0,6,0,0,0,6,12,0,20,15,0,0,0,18,0,0,0,18,6,3,22,16,0,0,0,16,4,0,4,24,3,3,27,17,5,3,0,29,0,0,0,22,0,0,31,18,9,0,0,25,0,0,0
LGA54550,46,17,0,0,70,0,0,0,72,17,8,89,53,28,4,5,95,0,0,0,100,22,22,144,52,19,6,0,87,0,3,3,89,14,9,111,52,24,0,0,79,0,0,0,82,12,11,100,71,38,0,0,109,4,0,0,110,15,20,146,90,35,0,0,131,0,0,0,135,17,13,165,73,26,4,0,105,0,4,4,111,16,10,137,53,29,14,4,93,0,6,4,97,38,11,145,27,21,0,0,51,0,0,0,57,44,14,114,21,8,0,0,28,0,0,0,28,56,7,90,10,6,9,8,28,0,0,0,28,121,37,183,609,278,52,20,961,9,17,24,990,406,173,1567,12,17,0,5,30,0,0,0,35,26,5,63,41,14,0,5,63,0,0,0,64,6,3,72,53,16,11,0,75,4,0,4,80,12,4,96,27,29,8,0,72,0,0,0,72,0,12,83,60,32,11,6,103,0,6,6
LGA54620,35,11,0,0,42,0,0,0,42,3,4,48,29,13,0,0,48,3,3,5,51,7,5,68,31,13,0,0,42,0,0,3,50,3,0,54,43,10,0,0,57,0,0,0,57,4,3,67,49,11,0,0,62,0,0,0,60,9,7,76,33,8,0,0,43,0,0,0,43,9,5,55,53,9,6,0,64,0,0,0,67,3,8,80,32,13,0,0,39,0,0,0,44,8,4,61,22,5,0,5,33,0,0,0,33,22,3,56,6,9,0,0,15,0,0,0,15,19,3,34,7,5,3,0,23,0,0,0,23,36,8,60,359,111,17,11,485,9,6,16,508,146,59,707,12,3,0,0,16,0,0,0,16,11,3,27,25,6,0,0,34,0,0,0,34,4,5,43,24,5,0,0,25,0,0,0,31,0,5,37,18,14,4,0,38,0,0,0,38,7,4,46,21,12,0,0,36,0,0,0
LGA54690,10,0,0,0,11,0,0,0,11,0,5,16,8,6,0,0,13,0,0,0,13,6,0,20,13,0,0,0,14,0,0,0,17,6,0,22,16,7,0,0,24,0,0,0,24,3,0,28,14,0,0,0,15,0,0,0,17,5,4,21,17,4,3,0,20,0,0,0,21,6,0,28,26,5,0,3,32,0,0,4,36,6,0,46,15,5,0,0,23,0,0,5,25,18,0,43,5,6,0,0,10,0,0,0,10,12,0,25,0,0,0,0,0,0,0,0,0,12,0,22,0,5,0,0,9,0,0,0,9,24,5,35,125,49,7,6,188,3,0,8,198,109,20,326,3,0,0,3,7,0,0,0,7,0,0,12,9,0,0,0,4,0,0,0,5,0,0,5,9,0,0,0,12,0,0,0,12,0,0,12,8,7,0,0,18,0,0,0,18,0,0,18,11,7,0,0,11,0,0,0
LGA54760,19,0,0,0,24,6,0,6,28,5,3,33,20,9,0,0,40,0,0,0,40,6,0,46,32,14,0,0,47,0,0,0,48,3,7,55,34,13,0,0,48,0,0,0,48,3,0,51,32,6,0,5,39,0,0,0,40,11,7,52,44,7,4,0,62,0,0,0,62,4,3,71,27,4,6,0,41,0,0,0,39,9,0,50,27,12,3,0,40,0,0,0,39,14,0,54,20,4,0,7,29,0,0,0,29,22,0,55,5,3,0,0,10,0,0,0,10,18,0,30,7,4,0,0,8,0,0,0,8,40,9,59,289,85,21,10,410,4,3,12,422,147,47,612,3,3,0,0,9,0,4,4,7,9,0,20,13,3,0,0,19,0,0,0,19,6,5,22,18,8,4,0,28,0,0,0,29,3,4,43,14,6,0,0,25,0,0,0,25,5,6,38,26,12,0,0,43,0,0,0
LGA54830,1658,542,101,43,2338,158,76,235,2583,725,242,3547,1887,627,136,57,2713,172,78,245,2965,795,271,4030,1476,560,64,39,2140,137,52,191,2332,625,213,3167,1257,495,59,38,1848,164,59,218,2069,513,211,2789,1212,455,58,33,1760,122,48,168,1926,435,192,2554,937,377,44,13,1372,99,31,134,1504,437,136,2083,696,298,53,22,1078,93,30,121,1194,475,123,1794,388,217,40,21,667,47,30,72,736,654,121,1514,112,89,10,6,221,7,4,18,233,898,125,1255,21,39,3,5,69,0,3,3,73,763,73,910,5,16,0,3,22,0,0,0,25,1221,176,1424,10801,4983,641,377,16806,1353,674,2025,18833,9173,2229,30236,247,806,36,28,1119,89,205,296,1412,1060,143,2620,1073,820,65,51,2011,167,88,254,2258,618,142,3020,1601,734,137,67,2539,131,74,202,2742,734,218,3698,1897,791,171,64,2915,114,74,185,3101,829,226,4154,2066,835,148,53,3103,97,65,166
LGA54900,45,13,0,0,56,4,0,4,61,15,4,75,36,20,4,0,65,0,0,0,67,12,14,86,41,16,6,0,61,0,0,0,61,9,9,77,63,18,0,0,80,0,0,0,80,7,9,99,58,18,0,0,76,0,0,0,80,0,12,88,68,20,3,0,87,0,0,0,87,7,7,97,62,13,12,0,88,0,0,0,88,5,13,104,36,19,4,7,68,0,0,0,64,13,9,84,23,9,8,0,38,0,0,0,38,27,9,75,9,3,0,3,16,0,0,0,16,16,6,40,13,4,0,0,16,0,0,0,16,48,7,66,487,163,44,15,707,3,0,8,715,181,91,991,13,6,0,0,22,4,3,4,30,23,4,57,32,15,3,0,49,0,0,0,49,6,9,57,38,10,0,0,48,0,0,0,47,3,0,61,43,25,3,4,72,0,0,0,72,11,5,86,41,30,0,0,82,0,0,0
LGA54970,74,5,4,0,88,5,3,10,99,18,37,151,75,8,6,3,93,8,0,11,104,11,34,146,45,0,6,0,51,0,0,0,57,9,15,82,45,3,3,0,51,4,3,7,62,12,16,88,56,5,0,0,69,4,0,4,69,16,19,104,60,14,4,0,79,0,0,0,81,9,17,107,45,12,0,7,66,0,0,0,62,13,23,101,23,5,3,0,29,0,0,0,32,11,10,51,14,0,0,0,14,0,0,0,14,16,6,32,0,0,0,0,0,0,0,0,0,8,0,11,0,0,0,0,0,0,0,0,0,15,9,23,490,63,36,14,595,40,14,53,646,166,196,1008,3,10,0,0,9,0,0,0,9,26,12,46,35,6,5,0,40,0,0,0,39,18,38,94,53,11,9,0,67,0,4,0,76,16,67,163,54,8,7,0,72,0,0,0,76,19,63,156,45,10,5,3,58,5,0,5
LGA55040,81,10,8,0,100,0,4,3,106,25,51,178,79,13,7,0,102,4,0,8,104,17,52,175,71,7,0,0,82,0,0,0,80,21,30,133,58,12,4,3,76,0,0,4,74,10,26,113,57,8,0,3,77,0,0,0,74,5,21,104,59,10,7,3,77,0,0,0,80,12,38,131,45,4,0,0,53,0,0,0,55,10,21,81,25,7,0,0,33,0,0,0,33,16,15,61,15,0,0,0,15,0,0,0,15,16,8,49,3,0,0,0,4,0,0,0,4,8,3,17,0,0,0,0,0,0,0,0,0,12,3,23,536,89,35,15,674,16,3,25,695,181,305,1179,12,4,0,0,17,0,0,3,16,18,10,52,56,10,0,0,69,3,0,3,69,19,71,157,77,7,4,4,93,0,0,0,99,5,77,181,70,11,7,3,92,0,0,0,92,12,69,170,57,17,3,0,80,0,0,0
LGA55110,1816,742,165,57,2776,260,88,346,3124,791,294,4212,1845,903,183,72,3000,227,96,320,3319,962,308,4594,1784,938,121,54,2897,208,110,318,3217,862,276,4353,2222,1029,134,67,3442,248,112,365,3805,818,312,4928,2505,1050,146,69,3765,232,92,324,4088,763,324,5178,2417,1033,193,63,3705,267,70,335,4036,883,350,5270,1948,985,178,49,3158,187,71,261,3414,1336,326,5077,1061,931,149,26,2182,147,79,225,2403,2427,318,5149,342,461,64,13,879,17,24,38,920,4252,323,5499,76,194,25,12,312,4,11,16,332,3971,317,4614,16,119,10,11,166,5,3,12,179,7244,784,8206,17979,10931,1518,604,31041,2469,1322,3782,34824,27019,4416,66257,486,1805,90,46,2432,136,366,500,2932,1818,219,4962,1556,1351,152,75,3128,242,120,364,3492,708,305,4506,1823,891,195,95,3005,184,85,266,3277,788,281,4339,1952,1097,236,86,3379,148,89,241,3614,898,321,4840,2244,1212,211,72,3740,141,63,207
LGA55180,198,78,21,5,299,18,0,20,318,66,42,430,171,105,26,4,299,6,0,11,312,69,33,421,207,93,14,3,321,16,6,18,339,74,32,443,262,139,17,12,429,15,0,20,443,82,44,571,309,139,31,5,491,16,9,24,510,92,52,652,332,180,42,3,563,18,9,29,588,104,54,750,315,159,40,15,526,17,5,24,554,138,61,754,202,143,34,3,387,13,9,23,407,232,44,684,95,88,11,0,203,0,3,3,200,333,48,584,35,43,11,5,96,0,0,0,96,338,46,479,21,38,3,9,72,0,0,0,72,569,130,772,2413,1426,255,86,4181,166,64,225,4411,2443,674,7519,108,167,3,11,289,9,14,24,311,186,42,544,181,64,13,13,277,12,4,14,292,57,35,385,190,100,19,9,314,7,0,10,330,65,35,426,207,115,23,6,357,15,4,22,373,66,37,477,206,114,18,11,348,4,4,7
LGA55250,44,8,7,0,63,5,0,5,66,20,35,118,63,6,7,0,75,0,0,0,75,12,27,114,35,9,7,0,59,0,0,6,60,12,21,93,38,6,0,0,44,0,0,0,50,16,21,81,26,8,4,6,40,5,0,5,43,12,10,62,43,0,3,6,53,5,0,5,60,12,16,85,32,5,7,5,49,5,0,5,50,18,12,85,21,6,0,0,26,6,0,6,31,13,8,56,12,0,0,0,15,0,0,0,14,9,10,38,5,3,0,0,10,0,0,0,10,17,8,32,0,0,0,0,0,0,0,0,0,13,3,17,344,63,32,20,464,27,5,29,488,190,202,878,0,0,0,4,3,0,3,3,6,32,11,60,31,3,4,3,41,3,4,7,50,27,31,105,65,8,7,0,82,0,0,0,83,21,48,151,54,6,5,3,68,6,0,6,69,18,34,118,31,5,0,0,34,0,0,0
LGA55320,3026,1172,115,72,4385,198,115,308,4695,707,315,5713,2921,1090,194,44,4254,167,93,259,4513,826,267,5604,2838,1371,180,57,4450,159,105,263,4707,871,250,5833,3313,1631,124,42,5109,148,105,254,5361,863,264,6495,3613,1657,106,48,5427,217,80,294,5719,863,289,6874,3540,1508,129,47,5230,203,81,285,5515,851,281,6648,3039,1557,173,42,4804,149,81,229,5031,1243,274,6550,1881,1374,140,35,3439,129,72,202,3632,2266,253,6148,690,886,93,26,1691,33,36,71,1767,3470,229,5464,170,350,22,4,555,8,13,16,575,3111,224,3908,62,198,11,4,271,4,10,11,288,7526,1076,8888,27259,17337,1530,542,46663,1744,1666,3408,50071,27065,4144,81284,375,2732,104,35,3248,61,491,551,3797,2581,157,6536,1853,2726,140,75,4796,119,226,346,5139,887,180,6205,2970,1154,164,74,4358,125,79,204,4560,533,238,5326,3039,1236,273,72,4624,95,72,169,4791,613,218,5628,3410,1706,256,54,5419,85,73,155
LGA55390,22,5,0,0,26,0,0,0,27,14,7,51,25,4,0,0,31,0,0,3,32,9,6,51,10,3,0,0,17,3,0,3,20,12,4,29,22,6,4,0,28,3,6,6,33,8,5,48,18,0,0,5,24,0,0,0,25,5,4,45,22,0,0,0,23,3,0,3,22,13,4,39,19,0,0,4,24,0,0,3,24,10,5,40,13,0,0,0,14,0,0,0,17,7,0,25,6,0,0,0,6,0,3,3,10,8,3,25,0,0,0,0,0,0,0,0,0,5,0,5,0,0,0,0,4,0,0,0,4,3,0,10,178,15,14,7,217,16,7,24,246,125,62,424,4,0,0,0,4,0,0,0,4,4,3,12,25,5,0,4,34,0,4,4,36,3,24,60,26,0,0,0,25,4,0,4,26,7,18,50,28,0,8,0,34,3,0,3,39,4,20,65,21,3,3,0,25,5,4,5
LGA55460,107,20,10,5,134,8,5,12,145,43,14,198,87,53,10,4,156,6,0,3,162,33,10,206,85,34,7,0,128,3,0,9,137,32,14,174,103,37,4,4,153,4,4,5,154,23,17,195,101,42,10,3,157,6,3,5,164,37,15,216,123,29,11,3,171,4,4,12,183,32,21,231,112,46,9,4,163,4,5,12,176,53,20,249,65,33,7,0,106,4,0,3,110,77,13,197,27,18,3,0,53,0,3,4,54,105,17,179,17,13,0,0,36,0,0,0,36,85,15,130,15,4,0,5,20,0,0,0,20,171,29,216,967,410,86,38,1498,57,27,85,1580,899,215,2696,28,57,0,3,88,0,0,0,91,65,29,183,78,32,4,0,118,6,5,16,131,22,12,164,89,37,11,4,141,9,0,5,149,20,34,200,77,32,14,4,128,6,0,4,135,25,22,177,87,40,7,3,132,0,0,0
LGA55530,21,6,0,0,29,0,0,0,29,0,0,36,14,11,0,0,27,0,0,0,25,4,4,31,9,10,0,0,17,4,0,4,17,4,3,23,16,4,3,4,30,4,0,4,30,0,0,33,14,3,0,0,25,0,0,0,21,4,5,29,18,9,0,0,24,0,0,0,27,4,0,32,15,4,5,0,21,0,0,3,22,9,9,46,14,11,0,0,27,0,0,0,27,17,6,42,3,3,0,0,3,0,0,0,3,14,0,20,5,0,0,0,6,0,0,0,6,10,0,20,0,0,0,0,0,0,0,0,0,17,7,24,151,59,6,6,230,9,3,12,240,94,31,367,0,0,0,0,4,0,0,0,0,4,0,3,13,6,0,0,15,0,0,0,15,0,3,16,3,3,0,0,5,0,0,0,5,0,0,11,15,3,3,0,18,0,0,0,23,5,5,25,12,10,0,0,27,0,0,0
LGA55600,49,22,0,3,77,0,0,0,83,19,12,109,67,12,5,0,94,4,0,8,96,29,14,138,68,27,6,3,101,6,0,5,106,23,9,138,92,39,0,0,138,8,0,8,145,14,21,183,78,28,8,5,117,6,0,6,118,23,19,159,121,27,4,4,154,0,0,0,156,26,18,198,92,25,9,0,129,0,0,3,126,25,13,167,54,34,5,0,91,9,0,9,101,45,15,154,40,20,0,0,61,0,0,0,61,55,8,120,5,20,0,0,33,0,0,0,33,69,15,114,11,14,0,0,22,0,0,0,22,127,12,168,751,318,48,27,1138,42,15,56,1195,542,177,1915,21,29,3,0,53,0,3,5,58,52,12,117,58,11,6,0,70,4,0,9,84,23,17,115,63,16,5,7,88,11,5,7,102,18,16,129,47,16,3,0,66,4,5,6,74,20,15,115,52,21,3,0,73,0,0,3
LGA55670,15,6,0,0,22,4,0,4,22,15,0,39,18,10,0,0,26,0,0,0,26,16,3,46,19,3,0,0,20,0,0,6,22,6,4,29,28,8,0,5,44,0,0,3,42,3,3,53,21,11,0,0,28,4,0,4,33,5,3,40,27,9,0,0,35,0,0,0,39,6,3,48,28,13,5,0,43,3,0,3,44,11,11,63,23,3,5,0,28,0,0,0,33,10,7,50,3,0,4,0,10,0,0,0,10,8,0,18,3,3,0,0,9,0,0,0,9,20,5,27,0,6,0,0,3,0,0,0,3,46,10,59,196,84,17,4,302,24,6,28,332,201,55,591,0,3,0,0,12,0,0,0,11,10,21,42,11,5,0,0,17,4,0,0,18,6,0,23,14,8,0,0,18,0,0,0,20,6,5,31,13,10,0,0,18,0,0,0,24,6,0,31,17,12,0,0,27,0,0,0
LGA55740,263,132,6,4,406,27,9,32,437,66,66,570,315,103,26,7,455,17,11,28,484,66,61,612,244,118,17,9,391,16,12,28,413,63,36,514,263,125,5,9,412,14,8,20,430,80,38,545,360,149,9,6,521,14,7,21,538,90,37,674,273,143,6,8,430,15,5,20,455,118,47,621,233,127,10,4,371,12,5,16,388,114,33,534,129,108,15,3,255,11,9,15,271,180,51,500,60,112,7,0,184,0,7,6,191,244,54,489,30,64,0,0,91,0,3,3,94,294,50,441,11,33,0,4,46,0,0,0,46,471,123,630,2303,1571,127,62,4062,140,120,262,4326,2290,632,7250,19,220,12,3,255,0,42,40,296,322,15,638,139,264,20,0,425,12,15,23,446,80,24,553,231,121,8,6,368,12,4,17,382,65,36,479,250,120,26,4,404,13,5,14,419,76,36,528,270,179,31,3,480,8,4,8
LGA55810,11,0,0,0,13,0,0,0,13,10,3,20,9,4,3,0,15,0,3,0,15,8,12,38,9,3,0,0,17,0,0,0,16,6,9,30,12,3,0,0,15,0,0,0,18,0,11,30,12,5,0,0,14,0,0,4,23,9,3,26,16,3,0,0,23,0,0,0,25,9,11,43,16,8,0,0,23,3,0,3,30,9,12,48,9,4,0,0,10,0,0,0,10,12,6,31,11,0,0,0,14,0,0,0,11,19,11,43,3,0,0,0,0,0,0,0,0,16,6,24,0,0,0,0,0,0,0,0,0,8,3,8,101,39,4,5,151,12,11,22,172,120,102,388,4,3,0,0,4,0,0,0,4,3,12,25,8,0,3,0,15,0,0,0,15,0,13,30,10,0,0,0,11,0,0,0,11,0,16,33,10,0,0,0,19,0,0,0,14,8,19,44,14,0,0,0,19,0,0,0
LGA55880,16,0,4,0,21,0,0,0,21,10,0,26,18,8,0,0,28,0,4,4,30,5,3,44,17,6,0,4,26,0,0,0,23,5,0,33,21,14,0,0,34,0,0,0,35,6,7,47,32,0,0,0,32,0,0,0,32,4,0,36,31,11,3,0,44,0,0,0,47,3,0,48,18,8,0,0,29,0,0,0,29,12,0,34,17,5,3,0,22,3,0,3,24,7,0,28,8,4,0,0,14,0,0,0,14,18,4,34,3,3,0,0,6,0,0,0,6,10,0,16,4,9,0,0,10,0,0,0,10,18,4,28,200,62,11,6,274,3,0,10,281,95,30,412,4,3,0,0,5,0,0,0,5,0,0,5,9,3,0,0,13,0,0,0,13,0,0,18,4,0,0,0,4,0,0,0,4,3,0,11,19,7,0,0,25,0,0,0,25,4,4,33,14,8,0,0,25,0,0,0
LGA55950,28,10,0,0,37,0,0,0,37,7,5,43,23,13,0,0,26,0,0,0,26,10,3,39,12,6,0,3,23,3,0,3,28,6,8,32,21,5,0,0,24,0,0,0,26,7,0,38,9,9,0,0,22,0,0,0,22,5,6,31,20,4,0,0,24,0,0,0,24,4,0,28,25,4,4,0,34,0,0,0,34,9,5,49,22,5,0,0,27,0,0,0,27,7,5,39,10,5,0,0,15,0,0,0,15,21,5,35,5,3,0,0,13,0,0,0,13,10,0,24,4,0,0,0,9,0,0,0,9,34,3,48,199,65,4,11,276,6,0,3,282,125,30,439,6,7,0,0,9,0,0,0,9,17,3,34,5,0,0,0,5,0,0,0,5,11,0,16,15,6,0,0,15,0,0,0,15,5,4,27,15,8,4,0,27,0,0,0,27,8,4,34,10,9,0,0,24,0,0,0
LGA56090,860,314,51,22,1249,71,42,108,1359,552,104,2016,845,355,82,19,1299,62,25,87,1385,667,102,2161,913,467,61,22,1469,57,29,84,1555,627,106,2285,1208,578,61,35,1883,70,30,99,1981,520,137,2635,1556,666,82,40,2337,98,24,121,2468,471,162,3097,1508,635,85,25,2258,93,35,128,2382,473,165,3027,1276,629,97,26,2036,75,40,114,2150,528,140,2820,793,573,65,19,1445,51,22,76,1527,832,116,2476,272,348,37,12,669,11,15,21,691,1528,138,2356,73,119,11,8,219,6,0,4,216,1339,109,1666,21,68,8,0,99,0,0,0,99,1993,242,2331,10315,6065,741,277,17393,786,491,1279,18671,11128,1727,31522,265,894,39,20,1224,39,135,175,1400,882,79,2359,792,575,43,32,1442,54,46,106,1543,367,65,1982,812,306,84,35,1235,49,26,81,1310,476,110,1895,983,392,130,34,1541,36,19,59,1594,637,108,2345,1057,495,99,25,1671,25,21,50
LGA56160,3,0,0,0,3,0,0,0,3,4,8,13,0,0,0,0,0,0,0,0,0,0,3,6,0,0,0,0,0,0,0,0,0,0,5,8,0,0,0,0,3,5,0,5,3,0,4,11,11,0,0,0,12,0,0,0,12,4,6,19,7,0,0,0,10,0,0,0,10,0,5,15,9,0,0,0,9,0,0,0,9,0,4,13,5,0,0,0,6,0,0,0,6,6,0,8,0,0,0,0,0,0,0,0,0,0,0,0,0,0,0,0,0,0,0,0,0,0,0,0,0,0,0,0,0,0,0,0,0,0,0,0,39,5,0,3,52,8,0,8,62,32,42,126,0,0,0,0,0,0,0,0,0,0,0,0,0,0,0,0,0,0,0,0,0,4,0,0,0,0,0,0,4,0,0,0,6,7,0,9,4,0,0,0,4,0,0,0,4,0,0,7,0,0,0,0,0,0,0,0
LGA56230,332,125,34,11,505,58,23,78,577,160,64,805,330,154,30,11,526,41,22,63,587,173,55,814,332,182,23,8,549,38,22,58,606,178,59,845,476,230,33,20,751,56,18,80,829,149,91,1074,533,208,43,12,799,38,20,59,854,179,93,1131,523,247,42,9,827,46,18,62,895,177,90,1159,399,234,40,19,685,35,17,52,743,295,99,1135,255,195,35,12,493,26,18,47,538,518,101,1161,91,142,15,0,249,9,4,12,258,869,107,1235,29,46,0,0,75,0,4,3,82,758,89,926,11,31,0,5,46,0,0,0,46,1238,158,1444,3688,2282,329,123,6418,467,219,680,7101,5326,1134,13555,124,368,34,18,538,33,49,85,625,361,80,1065,328,229,25,16,603,37,19,54,653,102,64,821,381,175,36,17,613,30,15,46,658,157,67,877,357,178,49,14,602,30,15,46,645,160,82,888,427,207,41,9,686,30,14,47
LGA56300,11,9,0,0,19,0,0,5,24,8,0,32,22,11,0,0,33,3,0,3,35,14,4,58,25,14,0,0,42,3,0,7,40,4,4,48,29,19,0,4,57,7,0,6,58,8,9,77,39,26,4,0,70,5,3,8,81,10,9,105,41,20,3,0,63,6,3,7,71,28,12,115,33,23,5,5,64,0,0,8,71,31,6,111,43,32,7,0,82,4,0,4,86,61,10,157,19,19,5,0,46,0,0,0,41,85,9,142,3,6,7,3,13,0,0,0,13,84,10,108,6,5,0,0,14,0,0,0,14,71,14,95,286,208,27,12,539,26,13,40,580,443,100,1126,15,12,0,0,20,0,0,0,24,36,8,65,3,3,0,0,8,0,0,3,15,0,0,16,14,5,5,0,23,0,0,0,26,3,3,39,24,11,0,0,34,0,0,0,36,10,6,51,31,20,0,0,64,4,0,4
LGA56370,30,12,0,0,43,0,0,0,43,10,8,56,34,10,4,3,47,0,0,0,47,7,3,61,11,5,0,0,20,4,0,4,23,6,0,23,23,8,0,0,36,0,0,0,34,5,5,44,30,15,0,0,44,0,0,0,47,0,4,55,36,11,0,0,42,0,0,0,42,3,3,46,40,13,0,3,59,5,0,5,56,7,3,77,22,12,4,0,43,0,0,0,43,14,9,63,13,4,0,0,12,0,0,0,17,17,9,41,11,0,0,0,17,0,0,0,17,34,10,57,9,4,0,0,12,0,0,0,12,61,12,85,287,97,19,10,409,6,5,13,423,191,58,672,7,5,0,0,7,0,0,0,7,4,4,16,17,0,0,0,20,0,0,0,23,4,3,32,17,9,0,0,27,0,0,0,27,3,4,33,37,15,3,0,55,0,0,0,55,5,10,71,25,12,0,0,39,0,0,0
LGA56460,108,33,14,3,157,10,0,11,172,61,40,274,114,51,18,0,190,11,0,15,204,64,21,284,111,68,8,0,180,9,5,12,199,39,25,260,130,68,19,0,213,6,6,17,223,43,27,292,161,74,14,9,249,9,0,8,259,42,30,335,150,71,6,4,238,5,0,8,243,44,34,321,166,65,18,4,255,4,6,9,258,82,43,383,113,54,8,0,187,3,0,6,189,113,43,338,50,34,9,0,93,0,0,0,90,172,31,298,13,31,5,4,50,0,0,0,51,147,23,221,4,16,3,3,24,0,0,0,24,329,63,421,1294,630,135,40,2095,82,32,116,2213,1410,465,4087,47,59,8,10,118,8,12,19,137,163,30,325,116,52,6,3,171,17,0,17,190,45,28,261,138,53,11,6,205,11,3,14,219,41,32,287,114,55,10,4,177,7,6,14,195,33,28,249,115,73,15,5,206,16,0,15
LGA56580,471,173,24,6,677,25,27,48,725,155,53,934,421,150,36,12,621,18,13,31,650,140,47,835,513,264,22,8,807,18,13,31,840,186,44,1071,652,338,29,14,1028,31,16,43,1078,203,69,1342,829,393,22,13,1259,35,25,62,1318,192,74,1583,811,316,23,8,1154,32,23,51,1204,222,63,1493,688,345,37,9,1079,23,11,36,1117,279,69,1465,439,323,24,5,788,18,11,25,817,401,68,1286,241,272,13,3,533,9,13,13,546,652,60,1263,64,136,8,8,213,0,3,3,211,649,34,895,18,105,0,3,129,0,0,5,128,1391,109,1634,5485,3890,290,106,9767,248,305,554,10322,5761,788,16872,34,600,30,4,667,8,92,99,767,850,32,1655,295,719,27,6,1048,25,39,68,1110,253,27,1389,554,209,28,0,798,15,14,28,828,120,42,991,450,192,54,11,707,16,6,24,732,111,30,876,544,288,37,11,879,16,12,27
LGA56620,20,3,0,4,26,4,4,5,31,67,31,129,25,19,3,0,45,15,8,19,67,64,48,168,20,13,0,3,37,10,0,10,47,38,33,109,12,11,0,0,28,4,0,9,38,43,33,115,11,12,4,0,26,0,7,6,30,28,28,88,15,9,3,6,26,4,0,3,28,36,20,86,18,0,3,0,30,0,0,0,30,25,16,72,16,8,0,0,20,0,0,0,25,24,12,53,10,0,0,0,6,0,0,0,6,17,18,44,3,0,0,0,4,0,0,0,4,5,13,20,0,0,0,0,0,0,0,0,0,9,10,19,148,93,22,14,282,66,35,101,389,489,332,1206,0,0,0,0,4,14,0,15,18,104,10,135,6,3,4,0,9,10,3,11,26,70,14,107,16,5,0,0,23,9,6,20,40,80,17,145,9,8,0,0,16,3,0,4,21,50,10,87,9,13,0,0,26,9,0,10
LGA56730,232,79,25,8,341,31,11,37,382,211,61,656,235,115,22,4,378,16,6,22,399,221,48,670,259,103,11,3,375,29,11,42,418,162,51,634,320,126,14,5,471,33,5,35,512,166,69,742,321,128,12,7,468,20,13,34,500,155,64,721,309,129,28,9,481,31,9,42,520,156,66,744,337,190,32,6,572,28,9,41,614,190,83,884,241,142,32,9,418,20,10,33,450,272,70,789,93,73,7,0,179,6,0,4,183,466,69,709,26,44,4,3,71,0,0,4,79,377,54,504,12,24,0,0,32,0,0,4,34,644,72,759,2682,1370,205,82,4338,285,116,407,4742,3487,793,9022,97,181,11,11,294,24,25,51,344,274,60,674,244,100,15,13,364,17,14,32,397,112,58,569,223,73,17,7,321,18,8,26,347,167,43,549,258,123,19,6,404,13,10,26,436,184,61,675,260,122,28,11,418,18,8,28
LGA56790,44,18,6,0,69,8,4,9,76,24,13,119,55,22,4,0,88,10,3,13,97,29,10,135,72,30,8,0,105,10,6,9,119,16,15,149,72,49,9,6,134,8,0,10,150,25,23,196,105,56,14,3,180,5,4,8,191,34,20,246,105,61,5,9,184,5,0,9,197,46,30,268,97,71,8,0,174,13,5,17,194,85,34,308,87,54,14,3,158,9,10,24,174,136,32,348,30,40,10,7,79,0,0,0,79,181,32,293,18,18,4,0,42,0,0,0,42,160,24,226,6,5,0,0,9,0,0,0,9,194,60,268,759,493,91,36,1373,77,34,109,1481,1012,317,2811,16,28,4,4,50,8,0,4,58,39,15,110,36,15,4,0,58,3,0,0,61,10,19,97,35,16,6,3,64,0,4,10,65,12,17,97,61,25,3,0,93,0,4,10,94,27,21,151,49,41,11,9,112,0,0,0
LGA56860,0,0,0,4,7,0,0,0,10,5,0,10,3,3,0,0,10,0,0,0,5,0,0,8,0,3,0,0,5,0,0,0,5,0,0,9,7,5,0,0,6,0,0,0,10,5,3,19,9,0,0,0,9,0,0,0,9,3,0,15,10,0,0,0,15,0,0,0,14,0,0,17,10,9,0,0,20,0,0,0,20,3,0,24,8,5,0,0,13,0,0,0,13,14,0,27,0,0,0,0,0,0,0,0,0,3,0,14,0,0,0,0,0,0,0,0,0,11,0,10,0,0,0,0,0,0,0,0,0,18,4,20,73,33,0,7,109,4,0,7,117,72,13,206,0,4,0,0,5,0,0,0,3,5,5,12,9,0,0,0,11,0,0,0,11,3,7,19,0,4,0,0,4,0,0,0,4,0,0,7,6,0,0,0,9,0,0,0,9,0,3,13,4,0,0,0,5,0,0,0
LGA56930,42,4,0,0,50,0,0,0,51,8,14,75,32,11,0,0,41,3,0,4,44,0,3,55,24,8,5,0,40,0,0,0,40,8,4,54,39,14,0,0,50,0,0,0,50,20,0,70,49,24,0,0,76,0,0,0,74,30,10,110,52,32,5,0,90,0,3,4,94,23,10,121,50,16,0,0,70,0,0,0,70,37,6,111,39,32,0,0,75,0,0,0,75,38,6,116,17,22,0,0,44,0,0,0,44,31,4,77,6,13,0,0,22,0,0,0,22,50,8,74,4,17,0,0,21,0,0,0,21,99,10,132,368,297,15,9,694,8,17,26,721,515,87,1327,0,57,11,0,64,0,24,24,87,131,4,219,18,56,0,0,78,0,5,5,81,13,0,104,36,13,0,0,53,0,0,0,52,12,0,60,17,14,0,0,35,0,0,0,36,12,0,50,35,5,0,0,41,0,0,0
LGA57000,36,0,3,0,48,0,3,3,48,3,7,56,38,6,0,0,43,0,0,0,43,5,10,59,25,7,0,0,30,0,0,0,30,4,4,46,24,6,0,0,30,0,0,0,30,0,3,43,40,15,0,0,50,0,0,0,50,7,4,58,29,12,0,0,44,0,0,0,41,3,6,55,35,6,5,0,46,0,0,4,48,6,7,57,23,10,0,0,34,0,0,0,34,4,4,45,13,7,0,4,19,0,0,0,19,7,4,30,3,0,0,0,4,0,0,0,4,4,0,17,4,0,0,0,5,0,0,0,5,11,0,21,296,70,15,7,384,8,4,10,397,76,60,529,3,0,0,0,8,0,0,0,8,6,13,24,21,3,0,0,22,0,0,0,22,3,10,34,15,3,3,0,19,0,0,0,19,0,7,32,20,5,0,4,26,0,0,0,26,4,17,41,16,9,0,0,34,0,0,0
LGA57080,2015,747,91,60,2911,133,137,269,3178,722,724,4622,2001,575,105,25,2702,115,62,183,2882,499,614,3996,1033,260,70,22,1382,92,45,134,1516,297,341,2144,649,140,21,13,820,73,24,99,922,162,209,1292,542,134,28,12,719,59,8,74,785,150,192,1125,520,126,20,13,683,50,13,62,739,168,175,1093,435,133,28,4,600,34,11,44,640,216,157,1019,341,137,18,9,498,33,13,50,552,350,156,1057,131,124,18,4,282,9,13,18,306,480,104,886,42,64,8,0,120,0,5,7,125,411,108,645,24,45,9,0,71,8,0,3,75,635,154,871,8422,3491,500,252,12671,704,768,1469,14144,5978,3481,23598,62,448,35,9,549,6,127,131,687,452,105,1241,785,1219,90,37,2127,71,146,209,2340,928,358,3628,2154,878,82,64,3186,112,55,166,3347,575,450,4374,2323,705,114,48,3185,89,57,153,3337,463,370,4168,1702,465,82,35,2285,74,32,108
LGA57140,13,3,3,0,21,3,0,6,29,21,9,52,18,14,0,0,35,0,0,3,37,6,6,47,13,9,4,0,21,3,0,3,29,14,8,48,20,14,0,0,38,8,0,8,41,4,3,53,33,16,0,0,47,4,0,9,54,20,10,80,33,14,6,0,51,0,0,6,51,21,3,81,39,16,0,5,65,0,0,0,66,23,13,106,26,15,4,0,53,3,0,3,57,39,11,109,13,8,3,0,20,0,0,0,20,52,10,87,9,10,0,0,16,0,0,0,16,58,9,78,3,9,0,0,9,0,0,0,9,89,10,113,243,136,23,10,420,31,9,43,462,384,112,953,8,13,0,0,21,3,0,3,23,13,0,38,15,6,0,0,32,0,0,0,30,5,6,45,16,5,0,0,22,3,0,4,30,10,4,42,20,13,3,0,33,0,7,4,36,15,0,49,28,12,0,0,41,4,0,0
LGA57210,86,39,8,0,130,10,0,13,135,55,18,212,71,46,11,6,131,4,3,8,135,51,12,198,99,63,3,7,172,12,0,12,184,68,28,277,128,75,10,3,211,15,8,29,238,59,27,330,183,79,10,3,274,8,4,16,291,76,32,397,165,89,20,0,274,14,4,18,292,77,42,405,122,93,20,7,244,12,0,14,254,117,33,408,114,82,19,4,220,4,11,15,232,138,34,411,62,53,13,0,128,0,0,0,129,230,39,400,16,27,3,0,51,0,0,0,51,188,27,263,9,22,3,5,46,0,0,0,46,308,46,400,1173,786,118,49,2121,114,46,161,2278,1541,377,4195,55,64,11,3,128,3,7,13,139,133,35,303,77,45,6,4,131,6,4,15,138,24,16,183,89,36,9,8,140,0,5,3,139,50,9,202,98,59,13,6,175,3,0,6,175,50,23,248,104,60,6,7,173,0,0,0
LGA57280,831,167,60,20,1084,41,12,52,1137,211,252,1600,846,201,79,22,1153,28,22,51,1205,229,248,1679,702,151,49,19,916,29,10,37,954,161,209,1322,575,145,38,19,771,34,8,44,820,110,167,1099,570,112,39,15,734,32,4,37,775,122,154,1045,510,89,41,16,652,33,7,33,692,128,177,1000,393,67,39,10,518,19,5,24,543,97,130,774,198,38,18,15,257,13,0,15,274,99,78,453,64,18,4,4,96,0,0,6,98,101,45,246,15,6,0,0,22,0,0,4,24,64,21,108,11,0,0,0,16,0,0,0,19,92,33,141,5226,1262,404,163,7047,289,103,393,7442,1840,1762,11045,139,217,17,13,379,23,22,49,430,269,122,820,362,92,30,25,511,47,11,52,568,122,152,844,707,137,65,33,944,19,10,32,974,154,250,1375,876,225,88,30,1221,18,7,30,1253,183,251,1689,867,245,83,26,1217,20,8,26
LGA57350,18,6,0,0,31,5,0,5,35,13,7,51,20,9,4,0,30,3,0,3,34,9,5,47,8,8,0,0,21,0,0,0,23,13,8,44,15,11,0,4,30,0,0,0,27,7,3,37,27,11,0,0,42,3,0,8,46,19,11,76,28,11,5,0,52,0,0,4,55,19,6,76,33,21,0,3,64,0,0,0,64,24,17,100,24,17,0,0,47,0,0,0,53,37,14,102,11,5,0,0,17,0,3,3,15,46,9,72,5,3,0,0,12,0,0,0,12,53,7,72,6,0,0,3,10,0,0,0,10,94,15,118,213,113,25,14,371,18,3,26,395,352,107,848,8,4,0,0,12,0,0,0,11,15,8,29,6,4,0,0,7,0,0,0,7,0,8,21,8,4,3,0,19,0,0,0,22,3,14,38,18,10,0,0,28,0,0,0,28,10,11,48,21,6,0,0,26,0,0,0
LGA57420,44,13,3,4,70,0,0,7,73,12,12,103,53,17,4,3,78,4,0,4,78,22,16,114,51,20,8,0,73,0,0,0,78,17,16,113,58,16,3,5,81,9,4,6,86,8,17,116,65,19,0,0,80,6,0,3,85,13,4,103,68,22,7,5,103,0,0,0,103,20,11,137,69,20,9,0,96,9,0,11,105,27,17,155,39,16,9,3,60,0,6,5,69,32,14,115,15,14,5,0,42,0,0,0,37,76,17,133,18,11,4,0,34,0,0,0,34,79,14,126,6,7,0,0,11,0,0,0,11,86,19,112,522,189,45,17,776,36,9,45,824,425,177,1427,17,10,0,0,27,0,0,0,29,25,3,58,36,7,3,0,57,0,0,3,58,7,13,84,73,24,9,7,112,4,0,0,110,25,7,145,74,33,7,4,114,0,0,0,115,22,21,156,69,24,8,6,98,0,0,3
LGA57490,4306,1363,296,118,6086,479,178,660,6737,1456,802,8999,4209,1647,348,103,6301,392,188,579,6880,1617,732,9226,3933,1648,273,78,5930,340,175,512,6448,1336,582,8366,4400,1751,238,83,6468,360,174,537,7003,1236,594,8831,4534,1696,258,92,6583,393,119,516,7092,1154,610,8861,4165,1497,275,81,6022,353,105,457,6479,1269,604,8351,2882,1236,246,62,4417,296,88,384,4803,1581,443,6824,1533,917,150,40,2638,170,89,259,2895,2306,392,5587,367,440,49,20,879,22,31,57,930,3657,349,4934,73,166,19,12,262,5,14,16,281,3343,293,3914,43,67,6,18,140,7,3,10,148,5620,800,6563,34568,16950,2431,889,54838,3845,2090,5940,60776,28950,7466,97197,977,3056,111,75,4223,275,768,1039,5264,3143,384,8784,3269,2213,239,135,5850,357,217,573,6424,1074,614,8106,4090,1674,432,143,6331,295,162,456,6788,1270,649,8710,4453,1892,504,179,7026,201,141,351,7376,1552,691,9615,4678,2041,359,125,7208,211,136,347
LGA57630,0,0,0,0,0,0,0,0,0,0,0,0,0,0,0,0,0,0,0,0,0,0,0,0,0,0,0,0,0,0,0,0,0,3,0,3,0,0,0,0,0,0,0,0,4,0,3,4,5,0,0,0,5,0,0,0,5,0,0,6,9,0,0,0,9,0,0,0,9,0,0,13,5,0,0,0,8,0,0,0,11,5,0,17,3,0,0,0,3,0,0,0,3,4,0,14,0,5,0,0,5,0,0,0,5,7,4,12,0,0,0,0,6,0,0,0,6,4,0,7,0,0,0,0,0,0,0,0,0,3,0,3,25,11,0,0,40,0,0,0,42,32,16,87,0,0,0,0,0,0,0,0,0,0,0,0,0,0,0,0,0,0,0,0,0,0,4,4,0,0,0,0,0,0,0,0,0,0,12,13,0,0,0,0,0,0,0,0,0,0,0,0,0,0,0,0,0,0,0,0
LGA57700,1171,369,70,29,1639,75,27,100,1745,329,115,2189,1119,410,68,27,1630,90,35,125,1751,380,145,2269,950,368,43,24,1387,71,34,99,1489,328,97,1910,877,402,43,24,1344,60,23,83,1425,272,121,1821,1018,390,40,18,1464,62,22,81,1548,256,107,1919,929,325,48,16,1316,61,17,76,1390,280,113,1781,675,300,41,6,1020,35,18,51,1073,311,81,1464,353,235,30,5,631,27,14,38,676,399,70,1143,118,127,18,0,260,7,4,12,273,666,45,988,32,52,4,0,91,0,0,0,92,500,32,623,17,22,0,0,40,0,0,0,43,732,63,833,8320,3871,497,181,12872,652,329,987,13856,5413,1169,20435,291,695,35,29,1048,57,109,168,1217,683,66,1969,792,475,50,28,1343,51,32,87,1428,224,91,1740,1120,429,106,25,1677,34,25,64,1738,343,104,2190,1328,576,153,43,2103,31,33,64,2166,408,131,2707,1371,570,105,34,2078,42,26,67
LGA57770,26,12,0,0,35,0,5,5,39,10,7,59,25,15,3,0,42,0,6,6,48,7,14,67,36,11,4,0,48,0,0,0,48,23,10,82,28,16,0,0,45,0,0,3,43,11,4,54,29,11,0,0,43,0,0,0,43,0,6,52,33,14,3,0,50,5,0,5,54,10,7,75,34,10,6,0,50,5,0,4,52,14,7,75,18,15,4,5,38,4,0,5,39,29,6,72,16,4,0,0,21,0,3,3,23,56,8,87,3,0,0,0,3,0,0,0,3,48,3,54,0,0,0,0,0,0,0,0,0,34,9,48,266,125,17,10,422,8,7,17,441,255,81,781,0,11,0,0,15,0,0,0,15,12,3,28,16,8,0,0,30,0,0,0,32,0,12,49,44,8,9,3,61,0,0,0,61,7,6,77,39,16,0,0,61,0,0,0,58,8,10,78,33,15,5,0,49,3,0,3
LGA57840,1977,669,63,54,2760,108,74,175,2937,466,285,3690,1872,552,109,35,2570,98,55,159,2727,451,253,3427,1444,553,76,15,2084,78,40,121,2207,429,213,2843,1320,549,47,20,1934,82,46,126,2066,328,176,2569,1446,542,52,22,2068,92,32,123,2188,350,173,2709,1296,537,56,14,1896,88,28,120,2018,372,164,2552,1241,507,53,15,1813,70,54,124,1935,533,158,2629,769,538,66,10,1381,49,26,75,1451,909,170,2529,323,388,28,12,758,17,21,43,799,1256,139,2194,81,160,17,7,266,0,10,10,273,1072,123,1466,19,75,5,5,104,3,0,3,112,2420,434,2968,12793,7009,669,291,20758,819,796,1613,22369,10896,2615,35892,124,894,55,18,1091,19,148,164,1252,1139,57,2449,1025,1469,79,36,2619,61,120,183,2803,518,147,3465,1956,711,87,38,2791,72,41,110,2898,299,173,3368,1811,635,143,39,2619,62,39,106,2719,322,191,3236,1684,688,131,37,2540,54,30,83
LGA57910,10394,3724,412,256,14787,658,380,1037,15828,2041,1435,19303,10704,3662,669,253,15285,663,339,996,16284,2430,1520,20222,7795,3301,466,166,11733,498,271,770,12505,2266,983,15750,7211,3289,310,154,10969,495,255,743,11712,1946,891,14557,6809,3130,235,135,10312,494,180,672,10987,1823,797,13609,6245,2723,224,108,9301,419,177,598,9900,1929,698,12530,5081,2562,290,106,8038,366,172,536,8572,2430,687,11686,3154,2295,227,64,5741,258,139,401,6140,3780,601,10524,1103,1412,109,35,2659,36,74,108,2764,6016,574,9350,298,637,52,29,1017,14,18,34,1050,5786,518,7355,119,354,27,34,533,6,15,16,549,13426,1789,15763,63545,34877,3393,1618,103422,4681,3453,8128,111557,51481,11770,174811,593,4155,173,67,4990,145,840,986,5979,4804,389,11170,4310,5416,297,235,10257,310,376,681,10942,1759,679,13378,9510,3998,483,293,14280,325,216,544,14826,1547,1059,17429,10862,4382,876,297,16420,321,238,562,16981,1996,1175,20150,10158,4491,726,233,15614,318,229,549
LGA57980,863,214,44,23,1136,40,18,58,1195,145,136,1473,745,179,40,4,967,30,17,48,1018,152,107,1281,628,219,34,10,887,31,16,48,930,158,94,1185,547,210,16,4,779,48,18,60,843,154,61,1063,530,224,27,13,791,36,11,47,834,146,48,1025,565,229,11,7,815,26,15,35,856,121,70,1047,456,233,13,8,709,23,5,29,738,177,75,992,298,212,19,3,538,10,7,22,555,320,74,955,121,202,10,9,342,7,5,13,358,508,87,949,37,90,9,0,137,0,4,0,139,497,64,692,16,49,0,0,64,0,0,0,68,1022,243,1330,5095,2644,246,97,8080,284,211,500,8578,3958,1141,13679,16,331,20,5,365,6,42,42,412,361,15,792,304,448,26,11,790,25,29,50,831,132,46,1013,802,239,34,14,1087,20,31,43,1131,101,70,1304,860,236,53,3,1152,15,15,28,1181,109,61,1360,677,271,39,3,990,21,10,31
LGA58050,5035,1808,349,156,7349,454,185,644,7993,1606,657,10252,5294,1902,350,126,7671,392,168,565,8234,1846,652,10736,4713,1826,246,128,6917,324,158,485,7401,1525,584,9514,4841,2017,198,120,7171,330,152,487,7652,1396,609,9659,4999,1872,216,130,7223,332,112,444,7669,1258,576,9503,4602,1612,206,97,6511,280,106,388,6903,1321,554,8772,3387,1412,215,69,5084,264,101,360,5444,1615,466,7529,1882,1182,164,52,3284,177,85,261,3541,2011,402,5954,620,583,57,28,1282,28,26,53,1331,3230,342,4908,134,271,17,8,434,4,10,13,443,2629,301,3373,52,96,13,12,165,3,4,7,173,4289,770,5231,39809,19429,2304,1155,62700,3607,2091,5697,68401,28300,6957,103659,904,3298,133,84,4423,213,695,910,5329,3894,376,9598,3675,2948,220,217,7059,419,257,674,7736,1402,471,9608,5361,2223,420,214,8224,325,156,479,8699,1558,615,10876,6221,2536,551,199,9509,232,144,378,9880,1850,709,12442,6369,2714,375,144,9603,245,167,419
LGA58190,14,0,0,0,14,0,0,0,14,0,3,23,8,4,3,0,15,0,0,0,19,6,3,25,12,11,0,0,20,0,0,0,20,8,6,37,5,4,0,0,10,0,0,0,14,3,0,19,18,9,0,0,22,0,0,0,22,3,6,35,14,12,0,0,25,0,0,0,25,4,4,31,9,3,0,0,21,0,0,0,20,7,6,33,5,0,5,0,11,0,0,0,8,7,0,22,3,3,0,0,3,0,0,0,3,6,9,22,0,0,0,0,0,0,0,0,0,16,0,20,0,4,0,0,5,0,0,0,5,19,0,22,108,48,7,0,170,4,4,8,182,87,41,312,3,0,0,0,5,0,0,0,9,9,0,20,5,0,0,0,8,4,0,4,15,0,4,12,9,0,3,0,19,3,0,3,24,0,0,29,12,6,0,0,14,0,0,0,14,0,3,13,3,7,0,0,4,0,0,0
LGA58260,10,4,4,0,20,0,0,0,20,5,3,31,25,9,4,0,34,0,3,3,38,7,6,45,19,6,0,0,27,0,0,0,24,3,8,34,22,11,0,0,28,0,0,0,31,4,3,36,21,5,0,0,27,0,0,0,32,8,0,37,16,6,0,0,30,0,0,0,29,0,0,34,23,9,0,0,27,0,0,0,27,9,0,43,19,6,0,0,27,0,0,0,25,16,0,40,14,0,0,0,20,0,0,3,20,17,4,42,3,0,0,0,3,0,0,0,3,26,8,39,0,0,0,0,0,0,0,0,0,29,5,34,188,57,10,7,264,5,7,13,280,136,33,448,0,5,0,0,7,0,0,0,7,11,0,19,8,4,0,0,13,0,0,0,17,0,3,25,15,0,0,0,17,0,0,0,21,0,11,28,14,3,0,0,20,0,0,0,23,3,7,34,33,9,3,0,38,0,0,0
LGA58330,46,22,4,0,78,16,0,18,98,24,11,127,69,30,10,4,112,11,0,9,124,34,15,174,87,41,7,3,130,8,0,12,141,34,23,199,94,43,7,4,141,15,0,17,158,39,15,214,172,59,16,9,251,9,3,20,270,55,38,362,185,78,19,0,280,17,11,26,304,76,33,411,165,90,21,4,289,8,13,18,305,105,42,458,97,68,17,0,180,12,8,18,201,167,44,402,46,66,7,3,127,5,0,5,126,303,48,481,13,23,0,0,39,0,0,0,39,205,26,268,8,13,0,4,24,0,0,0,24,236,32,296,1078,620,113,43,1844,112,49,164,2009,1407,373,3782,34,57,4,0,98,3,5,11,107,85,18,210,67,18,7,7,96,9,0,9,104,31,17,150,76,32,9,0,110,6,4,9,119,26,23,170,66,24,9,4,95,0,0,3,103,39,29,169,88,44,10,4,143,4,3,4
LGA58400,6,0,0,0,6,3,0,3,8,6,0,16,5,4,0,0,9,0,0,0,9,3,0,11,6,3,0,0,12,0,0,0,12,0,0,13,10,5,0,0,9,0,0,0,9,3,5,18,16,3,0,0,21,0,0,0,21,7,0,30,14,7,0,0,21,0,0,0,22,8,9,39,11,0,0,0,17,0,0,0,17,5,10,30,9,5,0,0,15,0,0,0,15,11,3,25,10,0,0,0,11,0,0,0,11,16,0,27,7,4,0,0,6,0,0,0,6,16,9,25,0,0,0,0,3,0,0,0,3,20,0,28,84,38,8,3,139,7,0,7,146,104,47,296,3,0,0,0,8,0,0,0,8,7,0,20,3,0,0,0,6,0,0,0,6,0,0,13,11,0,4,0,13,0,0,0,13,4,0,15,9,6,0,3,10,0,0,0,10,3,4,16,0,0,0,0,4,0,0,0
LGA58470,4,3,0,0,9,0,0,4,11,14,0,31,3,4,0,0,10,0,0,0,13,4,3,19,3,0,0,0,3,0,0,0,4,5,4,15,0,4,0,0,10,0,0,0,7,8,0,11,4,7,0,0,4,0,0,0,4,4,0,11,3,0,0,0,7,4,0,4,10,8,0,18,8,0,0,0,6,0,0,0,6,0,7,13,3,0,0,4,9,0,0,0,8,0,5,10,3,0,0,0,6,0,0,0,6,4,0,6,0,0,0,0,0,0,4,4,3,6,0,11,0,0,0,0,0,0,0,0,0,3,0,3,49,17,3,8,74,13,3,17,94,77,32,197,0,0,0,0,0,0,0,0,0,10,0,8,0,0,0,0,0,0,0,0,0,8,0,10,0,0,0,0,0,4,0,4,3,3,0,5,7,0,0,0,4,0,0,0,4,8,0,13,7,0,0,0,4,0,0,0
LGA58510,1988,815,76,72,2960,159,101,258,3214,533,411,4161,2135,691,140,44,3015,109,62,169,3182,489,361,4027,1464,532,89,36,2124,145,30,180,2306,371,257,2928,1170,462,41,14,1685,88,42,129,1817,289,184,2289,1024,397,31,17,1466,89,28,116,1582,273,193,2044,943,342,44,17,1338,68,24,94,1435,316,157,1904,735,305,36,11,1093,75,26,104,1194,382,163,1735,465,269,32,5,775,43,23,62,838,556,150,1548,176,181,20,8,384,9,9,22,397,771,113,1286,34,69,3,0,110,3,0,4,113,671,126,910,16,27,4,3,49,0,3,3,53,2008,485,2541,11084,5529,590,296,17494,936,718,1656,19147,8169,2942,30256,101,605,36,5,751,23,100,118,868,559,67,1495,930,1162,65,40,2207,70,106,173,2380,456,204,3045,2034,953,86,41,3118,91,51,140,3261,343,267,3869,2168,759,149,46,3120,66,57,119,3237,388,249,3872,1816,703,144,27,2696,55,44,98
LGA58540,23,5,0,0,25,0,0,4,29,10,5,47,35,10,0,0,40,0,0,0,42,5,5,53,24,16,4,0,38,0,0,0,42,13,6,60,27,9,0,0,42,0,0,0,42,15,7,59,50,18,0,0,67,0,0,0,68,3,5,81,50,10,4,0,65,0,0,0,69,14,5,93,47,6,3,4,59,0,0,0,67,21,9,85,15,17,0,0,28,0,0,0,28,14,3,48,11,12,0,0,24,0,0,0,24,26,4,56,7,4,3,0,16,0,0,0,16,22,12,50,10,3,0,0,7,0,0,0,7,29,11,51,304,120,19,5,451,10,8,15,472,206,75,749,3,9,0,0,13,0,0,0,16,13,7,38,14,4,0,0,18,0,0,0,18,0,0,19,19,4,0,0,28,0,0,0,27,6,4,34,22,5,0,0,29,0,0,0,29,6,0,42,18,7,0,0,30,0,0,0
LGA58570,2442,822,86,44,3396,109,68,176,3574,368,435,4378,2462,676,148,40,3328,94,57,161,3483,354,407,4248,1568,610,115,31,2322,91,22,110,2435,341,262,3042,1281,541,45,15,1883,77,26,103,1989,286,157,2432,1198,448,44,31,1718,74,31,103,1820,263,165,2245,1051,389,48,15,1499,63,22,88,1585,266,147,1994,826,357,45,7,1232,66,28,93,1327,356,137,1814,431,289,36,11,766,27,20,49,819,520,106,1441,177,189,17,5,389,5,10,11,404,677,90,1170,34,71,6,4,115,3,6,10,123,536,53,715,19,32,3,6,60,0,0,0,63,1554,139,1760,12305,5605,632,245,18785,708,511,1215,20002,6479,2442,28927,81,530,38,10,656,13,92,103,764,499,28,1286,820,991,66,48,1924,51,72,123,2047,347,157,2549,2391,862,85,51,3391,70,51,120,3517,286,309,4108,2528,780,181,44,3526,48,35,88,3617,284,294,4197,2104,738,149,34,3030,40,28,73
LGA58610,25,11,3,0,32,4,0,3,38,9,11,59,44,15,6,0,70,0,0,0,69,11,9,88,47,19,3,0,71,0,0,0,75,12,5,91,53,24,3,0,78,6,0,6,83,14,10,104,43,30,0,0,76,5,0,6,80,15,9,110,66,23,5,0,90,4,0,4,95,29,12,137,53,32,9,0,97,4,0,4,96,35,26,163,43,40,4,0,87,3,3,5,91,50,13,149,13,18,3,5,46,0,0,0,43,103,16,160,7,8,3,0,16,0,0,0,18,81,12,112,3,7,0,0,12,0,0,0,12,152,27,187,433,252,42,8,744,38,12,52,794,564,161,1517,11,21,3,0,37,0,6,3,41,32,17,87,19,12,4,0,39,7,3,7,46,9,10,66,46,15,5,0,71,0,0,0,74,13,10,98,27,20,3,0,58,0,0,0,52,8,12,74,44,25,0,0,71,0,0,0
LGA58680,5,3,0,0,4,0,0,0,9,3,0,10,14,4,4,0,18,0,0,0,24,3,3,27,11,8,0,0,17,0,0,0,23,4,3,28,13,10,0,0,26,0,0,0,26,3,5,33,27,4,0,0,36,0,0,0,37,4,3,45,25,3,5,0,33,0,0,0,30,4,3,44,20,4,0,0,22,0,0,0,21,7,5,39,8,7,5,0,15,0,0,0,17,12,0,31,11,4,0,0,12,0,0,0,12,16,5,27,0,0,0,0,3,0,0,0,3,13,3,18,3,5,0,0,9,0,0,0,9,21,4,32,139,57,14,5,209,7,0,14,219,92,35,354,4,9,0,0,12,0,0,0,9,10,7,27,9,5,0,0,11,0,0,0,17,8,5,24,12,0,5,0,16,0,0,0,16,4,4,21,9,5,0,0,12,0,0,0,15,4,0,22,12,4,0,0,18,0,0,0
LGA58760,7093,2510,502,206,10310,624,253,877,11192,2104,890,14183,7454,2995,570,215,11229,480,251,737,11964,2424,897,15282,6902,2959,412,165,10442,479,246,720,11159,2108,777,14048,7124,3178,329,172,10805,517,262,773,11580,1890,788,14261,7275,3028,293,171,10761,517,221,732,11493,1630,800,13920,5982,2415,280,158,8836,443,136,586,9422,1674,620,11712,4066,1943,233,111,6341,343,110,456,6794,2012,558,9362,2261,1389,199,51,3907,241,102,341,4249,2688,407,7344,716,789,102,23,1637,21,35,54,1689,4480,395,6560,122,292,17,12,446,10,18,28,478,3769,316,4565,49,121,16,7,199,3,8,11,205,6464,878,7545,54824,29190,3383,1689,89091,4981,3303,8287,97377,38957,8665,145003,1233,4925,173,122,6458,338,1183,1515,7976,5430,482,13890,4970,4476,313,230,9989,582,398,982,10973,1839,627,13443,6822,2827,547,263,10458,413,206,618,11074,1834,696,13606,7438,3397,848,272,11952,321,231,545,12497,2216,771,15485,8250,3900,579,242,12965,302,210,510
LGA58820,76,23,10,3,115,6,3,11,120,34,16,175,85,40,10,9,148,9,6,15,170,31,20,220,83,44,8,3,137,14,6,21,156,41,24,221,112,47,7,0,161,11,8,20,177,25,17,228,136,61,8,9,212,13,4,13,227,53,17,298,130,66,11,6,218,9,6,14,234,72,19,320,113,59,16,0,191,10,3,17,201,84,28,317,59,57,13,0,132,10,5,14,147,124,37,304,29,25,9,0,61,0,0,0,61,199,37,302,7,8,0,0,19,0,0,0,19,141,20,184,12,8,0,0,18,0,0,0,17,276,93,383,953,513,105,48,1627,102,52,153,1780,1223,368,3380,42,63,3,3,110,10,5,13,131,100,20,244,73,32,8,4,125,10,3,21,138,24,12,173,77,30,5,0,107,11,6,15,124,30,15,163,75,38,14,7,132,7,4,12,143,41,18,200,93,48,13,13,163,3,8,11
LGA58890,12,9,0,0,17,0,0,0,19,4,3,36,16,10,0,5,33,0,0,0,33,5,6,44,15,17,0,0,29,0,0,0,30,4,0,40,27,13,0,0,40,0,0,0,41,4,3,49,32,21,0,6,57,0,0,0,60,8,3,66,36,14,6,0,52,4,0,6,56,9,4,70,37,21,4,0,56,5,0,5,62,11,4,82,19,14,0,0,39,4,0,4,40,17,5,59,17,14,0,0,28,0,0,0,30,30,5,60,8,3,0,0,8,0,0,0,8,15,0,27,6,3,0,5,15,0,0,0,15,46,3,64,239,144,15,13,412,21,3,21,435,167,49,650,7,4,0,0,10,0,0,0,12,17,0,29,17,0,0,0,25,0,0,0,25,7,5,32,14,3,0,0,20,0,0,0,20,3,3,32,10,0,0,0,13,0,0,0,13,5,0,22,12,13,0,0,26,0,0,0
LGA59030,8,0,0,0,10,0,0,0,10,0,3,18,16,0,0,0,19,0,0,0,19,0,0,20,20,3,0,0,24,0,0,0,25,7,6,31,10,6,0,0,17,0,0,0,17,0,4,21,12,3,0,0,17,0,0,0,18,0,5,20,14,0,0,0,18,0,0,0,18,5,4,25,20,0,0,0,21,0,0,0,21,4,5,29,9,3,0,0,14,0,0,0,14,3,3,25,5,0,0,0,10,0,0,0,10,3,0,10,0,5,0,0,5,0,0,0,5,0,3,10,0,0,0,0,4,0,0,0,4,7,6,15,132,30,4,5,169,0,0,0,174,49,39,261,0,0,0,0,5,0,0,0,5,0,0,4,0,0,0,0,4,0,0,0,9,0,0,9,0,0,0,0,4,0,0,0,4,0,11,12,7,0,0,0,6,0,0,0,6,6,6,16,6,6,0,0,12,0,0,0
LGA59100,21,3,4,0,31,0,0,0,31,5,4,38,19,10,0,0,36,0,0,0,35,9,0,47,18,11,0,0,27,4,0,4,31,5,6,40,17,9,0,0,23,0,0,0,27,7,0,36,22,12,3,0,31,6,0,6,40,5,3,50,37,14,0,0,55,0,0,0,58,10,3,68,29,11,5,6,45,0,0,0,50,14,6,63,16,10,6,0,30,0,0,0,33,12,5,47,10,12,0,0,25,0,0,0,25,15,0,47,6,7,0,0,15,0,0,0,15,21,0,37,6,3,0,0,12,0,0,0,12,41,4,58,209,118,14,9,354,18,0,14,372,161,47,576,0,9,0,0,8,0,0,0,11,5,4,23,8,0,4,0,15,4,0,8,20,3,10,31,15,3,3,0,23,3,0,4,24,7,3,32,16,0,9,0,27,6,0,6,30,9,3,39,21,15,0,0,34,0,0,0
LGA59170,24,9,0,0,37,0,0,0,39,10,5,50,46,12,6,0,64,0,0,0,63,11,5,80,19,15,3,0,39,0,0,0,43,8,0,52,35,16,0,0,46,0,0,0,54,0,7,64,39,12,0,0,52,0,0,0,52,3,7,58,27,15,5,0,46,4,0,4,48,4,5,59,49,19,3,0,73,3,0,3,78,15,10,100,32,22,5,0,54,0,0,0,53,23,11,88,13,15,0,0,28,0,0,0,28,9,7,43,11,9,3,0,21,0,0,0,21,34,10,62,7,5,0,0,20,0,0,0,20,40,7,60,334,148,28,11,521,12,0,14,535,176,71,781,10,7,0,0,20,0,0,0,20,15,3,37,21,5,3,0,33,0,0,0,33,0,4,34,28,9,0,0,34,0,0,0,34,9,4,46,28,12,6,0,41,0,0,0,41,7,6,62,51,21,0,0,72,0,0,0
LGA59250,57,4,3,0,62,0,3,6,65,4,19,90,51,4,4,0,63,6,3,4,67,14,33,111,39,4,0,0,52,4,0,4,52,13,17,85,30,0,0,0,39,0,0,3,38,7,13,61,23,3,0,0,34,4,4,3,33,9,5,52,29,10,0,0,38,0,0,0,41,8,15,58,15,0,0,4,22,0,0,4,24,9,8,44,14,0,4,5,25,0,0,0,26,4,3,40,10,4,0,0,12,0,0,0,18,6,3,26,0,0,0,0,0,0,0,0,0,6,0,9,0,0,0,0,0,0,0,0,0,5,0,8,307,42,20,9,369,12,13,26,401,132,125,662,0,0,0,0,4,0,0,0,6,8,11,24,20,0,0,0,18,0,0,0,18,15,12,46,28,3,0,0,28,0,0,0,28,4,21,57,23,0,0,0,26,0,0,0,28,10,16,51,21,5,0,0,22,0,0,0
LGA59310,41,11,0,0,53,4,0,7,56,12,3,78,47,24,6,0,77,0,0,0,83,14,0,96,42,19,0,5,63,0,0,0,62,17,0,83,45,21,0,3,70,0,4,0,68,12,9,85,47,19,0,0,67,0,0,4,72,8,6,84,58,22,0,0,76,5,0,6,83,11,3,97,53,12,0,3,68,3,4,5,75,20,4,92,44,26,3,0,78,3,0,6,82,30,0,110,10,17,0,0,33,0,0,3,33,39,5,83,8,8,0,0,16,0,0,0,16,42,0,62,9,9,0,4,16,0,0,0,16,52,3,75,429,193,25,18,671,28,17,39,713,295,47,1053,20,8,0,0,29,0,0,0,27,11,3,39,36,7,0,0,41,0,0,3,43,7,6,58,38,17,0,0,63,0,0,0,63,12,4,72,33,11,0,0,46,0,0,6,51,15,3,73,46,24,0,0,76,0,0,0
LGA59320,13,0,0,0,21,0,0,0,16,0,0,16,9,0,7,0,12,0,0,0,15,11,0,22,15,6,3,0,25,0,0,0,25,6,3,30,11,5,0,0,18,0,0,0,18,3,0,26,18,5,0,0,20,0,0,0,21,10,6,31,28,3,0,0,30,0,0,0,30,7,4,44,20,7,0,0,29,0,0,0,30,6,4,37,10,6,0,0,20,0,0,5,22,12,0,33,5,4,0,0,5,0,0,0,5,12,0,19,0,3,0,0,5,0,0,0,5,12,0,15,0,4,0,0,4,0,0,0,4,12,0,18,131,49,23,6,201,4,7,11,218,83,23,324,4,3,0,0,6,0,0,0,6,14,0,15,11,0,0,0,12,0,0,0,12,0,0,17,9,4,0,4,13,0,0,0,13,0,0,19,12,3,0,0,21,0,0,0,21,0,4,26,8,4,0,0,14,0,0,4
LGA59330,11,4,0,0,19,3,0,4,24,12,3,39,9,0,0,0,12,0,0,0,12,3,5,18,9,5,0,0,10,3,0,3,14,5,3,22,11,3,0,0,19,4,0,4,19,0,0,22,18,9,0,0,23,0,0,0,27,6,5,33,21,5,0,0,27,0,0,0,28,10,6,40,16,4,0,0,23,3,0,3,26,12,4,43,12,8,0,0,22,6,0,5,20,14,9,45,4,7,0,0,9,0,0,0,9,26,4,43,0,8,0,0,8,0,0,0,12,27,6,41,3,4,0,0,7,0,0,0,7,52,7,73,114,61,3,3,194,15,7,22,213,168,54,437,4,0,0,0,4,4,0,4,8,4,0,14,12,0,0,0,13,0,0,0,14,0,3,15,13,5,0,0,18,0,0,0,18,3,4,22,14,3,6,0,20,0,0,0,20,5,0,29,7,3,0,0,8,5,0,5
LGA59340,305,52,13,10,379,25,12,41,418,115,82,614,300,61,26,5,400,25,5,29,429,110,81,621,249,55,21,6,334,17,0,17,352,91,62,501,226,89,20,8,343,19,9,21,364,90,65,524,273,62,9,5,360,8,0,9,369,92,60,523,259,60,11,12,339,15,5,25,361,72,82,518,241,55,14,3,315,8,3,11,329,100,51,480,161,47,10,3,215,0,3,7,218,80,51,347,50,20,8,3,80,6,4,9,84,98,31,216,24,8,5,0,41,0,0,0,41,75,24,135,13,9,0,0,13,0,0,0,13,71,26,109,2368,637,161,78,3235,176,59,235,3469,1313,725,5511,52,71,4,5,136,3,6,13,149,184,70,397,154,47,3,9,215,9,3,15,230,142,87,464,309,63,20,8,404,10,8,17,419,99,92,617,290,85,27,15,418,17,4,17,441,115,135,688,256,76,19,7,364,11,4,13
LGA59350,20,7,4,0,31,0,0,0,31,7,7,40,19,4,0,0,18,0,0,0,18,3,4,32,14,7,0,0,15,0,0,0,19,0,3,20,11,0,4,0,18,0,0,0,18,0,0,28,20,0,5,0,28,0,0,0,26,3,3,33,12,0,0,0,20,0,0,0,20,3,8,27,7,6,0,0,17,0,0,0,17,3,5,29,15,3,0,0,19,0,0,0,19,3,4,29,4,0,0,0,4,0,0,0,4,4,0,8,0,0,0,0,0,0,0,0,0,0,0,3,0,0,0,0,4,0,0,0,4,5,4,6,139,31,21,6,197,0,0,4,199,52,61,302,0,0,0,0,0,0,0,0,0,4,0,9,10,0,0,0,13,0,0,0,13,0,18,31,21,0,0,0,20,0,0,3,19,8,25,56,13,0,0,0,19,4,0,4,19,4,28,44,7,0,0,0,9,0,0,0
LGA59360,50,7,8,0,63,6,0,4,72,8,17,103,36,9,6,3,53,0,0,0,53,5,14,73,40,8,4,4,52,0,0,5,58,12,14,73,41,11,3,0,57,4,0,4,65,10,15,86,57,20,3,0,82,7,0,7,90,7,20,116,67,21,0,4,89,6,0,6,93,12,23,138,57,20,0,0,74,3,0,3,75,15,22,105,25,13,0,3,41,4,0,4,44,21,7,69,25,9,0,0,32,0,0,0,32,44,3,86,8,0,0,0,13,0,0,0,13,24,3,34,5,4,0,0,9,0,0,0,9,54,15,75,421,123,36,19,600,43,5,47,649,234,161,1048,8,4,0,0,6,0,0,0,10,3,0,18,23,3,0,3,31,5,0,5,32,9,11,46,43,4,5,4,61,0,0,6,57,5,23,96,46,12,5,6,60,0,0,0,59,5,25,92,46,6,7,0,62,0,0,0
LGA59370,49,10,0,0,65,3,0,3,70,24,15,105,67,40,4,0,116,3,5,6,122,24,9,160,70,43,3,0,119,10,6,10,129,27,14,176,63,41,8,0,112,4,0,4,116,27,11,154,109,48,3,4,161,4,5,11,174,40,21,232,118,57,3,0,184,10,4,16,199,64,30,285,107,60,21,5,187,4,6,12,201,78,32,313,76,66,12,4,161,3,3,5,164,128,39,334,42,41,7,0,96,0,0,0,96,208,53,360,16,12,3,0,29,0,0,0,29,176,32,237,9,11,0,0,14,0,0,0,14,289,50,358,804,511,72,14,1399,53,31,88,1488,1170,336,2989,13,46,4,3,73,3,3,8,77,47,11,129,42,19,0,3,63,4,0,6,74,10,11,88,63,21,6,0,95,4,0,4,105,11,20,128,59,19,4,3,84,9,0,12,92,12,9,120,77,48,7,0,133,4,3,6
LGA59499,228,80,20,8,333,58,12,68,405,116,182,701,185,49,22,12,268,40,4,47,314,118,173,608,117,39,18,10,181,32,5,37,215,98,136,450,103,29,17,3,150,35,11,45,190,98,166,454,99,32,19,3,156,40,3,40,199,79,173,454,98,35,11,3,150,34,8,43,194,151,161,509,112,47,7,0,165,31,12,41,204,184,109,503,62,30,11,4,101,25,9,33,136,256,83,473,20,12,5,0,36,0,0,0,36,319,84,440,0,4,0,0,4,0,0,0,6,143,32,185,0,0,0,0,0,0,0,0,3,92,20,114,1143,435,141,60,1772,352,91,446,2217,1846,1490,5558,16,33,0,3,53,13,13,24,72,89,98,261,90,73,17,4,185,31,18,48,235,93,230,562,176,64,18,7,260,45,13,60,314,120,310,744,152,64,28,9,246,27,9,39,282,142,342,773,100,52,36,3,193,29,12,42
LGA59799,35,0,0,0,36,0,0,0,37,0,5,49,57,0,0,0,63,0,0,0,63,0,15,83,43,0,5,0,49,0,0,0,50,0,10,62,46,4,3,0,51,0,0,0,51,5,7,63,40,4,0,0,43,0,0,0,43,0,14,57,33,0,4,0,36,0,0,0,36,0,7,45,22,0,3,0,20,0,0,0,20,0,3,26,12,0,0,0,12,0,0,0,12,4,0,15,0,0,0,0,0,0,0,0,0,0,0,4,0,0,0,0,0,0,0,0,0,0,0,0,0,0,0,0,0,0,0,0,0,4,0,3,301,16,13,7,332,3,0,3,337,22,75,431,0,0,0,0,5,0,0,0,5,0,3,6,20,0,0,0,17,0,0,0,17,0,15,31,32,0,4,0,36,0,0,0,36,0,24,54,30,0,0,0,32,0,0,0,32,0,22,54,45,4,0,4,52,0,0,0
LGA60210,57,43,9,3,112,6,4,13,120,39,8,171,84,49,11,4,144,6,3,12,160,40,13,212,71,77,10,4,159,18,0,18,183,55,14,252,95,77,12,3,187,12,5,20,202,80,22,301,124,93,14,6,231,17,13,24,256,81,27,363,139,118,13,5,274,26,8,30,302,143,39,479,121,150,14,3,290,32,9,38,331,228,35,590,95,101,21,0,211,18,19,35,248,362,60,669,17,53,0,3,77,0,0,0,78,530,52,663,12,19,0,0,36,0,0,0,36,395,36,472,8,7,0,0,14,0,0,0,15,513,81,606,887,902,104,35,1936,161,77,233,2167,2651,425,5246,20,56,6,3,90,5,4,8,98,94,26,221,69,55,7,3,133,5,5,16,145,52,18,214,64,70,11,5,145,7,3,14,151,44,18,216,87,78,12,8,183,15,12,21,208,47,15,270,106,87,22,11,224,11,3,14
LGA60410,450,196,36,15,694,61,20,77,776,228,76,1076,466,246,39,14,760,43,12,56,814,230,62,1101,462,258,23,15,758,32,13,47,808,191,70,1063,510,247,31,11,801,32,9,42,839,197,70,1101,496,212,23,10,739,21,6,33,773,233,73,1085,418,192,32,15,652,14,6,24,674,238,47,954,394,184,39,12,618,15,10,21,643,337,56,1038,214,148,19,9,383,15,6,22,407,505,68,981,47,78,11,0,132,0,4,4,135,593,72,794,12,23,3,0,37,0,0,0,37,437,40,516,3,10,5,0,18,0,0,0,17,575,76,665,3923,2308,284,113,6633,373,197,573,7212,4579,840,12622,104,292,17,13,422,48,73,123,552,514,81,1141,438,305,37,29,808,69,44,115,919,259,75,1247,609,291,72,34,999,53,32,82,1087,243,71,1398,609,332,51,20,1008,34,22,59,1070,252,77,1400,565,302,38,15,921,35,21,58
LGA60610,453,216,36,13,715,53,27,82,794,254,61,1110,432,232,43,14,715,46,20,67,777,203,52,1037,409,261,20,14,706,39,17,61,764,228,46,1045,514,245,27,8,795,49,20,74,867,210,65,1145,558,296,36,9,897,56,18,72,970,231,65,1264,575,290,38,11,919,39,21,56,975,295,80,1352,448,264,50,13,773,27,11,36,811,412,76,1294,275,220,28,7,527,20,18,34,562,497,78,1137,83,82,14,0,187,0,4,4,185,846,74,1103,24,37,3,9,71,0,0,0,67,688,70,827,3,21,0,0,28,0,0,5,34,1378,131,1541,4325,2867,336,130,7663,473,273,746,8408,6122,914,15442,123,426,13,13,586,33,44,80,663,512,68,1243,499,306,24,18,845,57,22,80,925,225,58,1208,624,298,60,19,1003,55,29,84,1087,239,70,1393,518,296,64,9,877,35,15,48,930,229,54,1216,522,298,28,11,856,23,15,38
LGA60810,432,183,37,6,651,37,25,61,721,156,55,926,429,238,41,12,723,26,14,40,760,191,58,1005,450,269,21,15,755,37,11,45,798,192,49,1045,542,347,52,14,952,44,17,64,1012,172,51,1246,641,358,46,16,1053,35,20,61,1112,205,68,1392,739,375,63,19,1192,37,12,57,1245,316,93,1662,629,423,67,20,1131,33,18,47,1179,489,102,1772,331,295,40,12,677,22,28,54,732,758,88,1569,101,136,10,8,260,7,3,8,270,1197,101,1564,28,45,7,9,88,0,0,4,96,1028,70,1187,21,36,0,8,60,0,0,0,64,1736,201,2003,4922,3322,438,159,8835,411,238,652,9490,7211,1039,17742,155,436,30,16,631,28,50,80,711,504,64,1279,443,297,34,32,801,46,35,74,876,156,59,1095,533,286,55,19,891,37,15,55,947,150,61,1155,508,303,65,8,883,22,14,37,921,171,54,1150,550,304,47,15,912,14,20,33
LGA61010,40,22,3,3,69,3,0,3,71,15,9,95,42,21,4,3,72,0,0,4,74,17,6,94,56,22,6,3,82,14,0,14,99,18,6,129,42,18,5,0,65,8,0,6,74,29,4,105,58,29,0,4,88,4,3,8,98,29,11,136,64,39,0,7,110,4,0,4,115,54,19,185,48,30,8,0,93,4,0,8,101,78,12,193,45,37,0,0,81,8,3,5,87,93,16,193,22,19,4,0,46,0,0,0,48,146,28,220,15,10,0,0,21,0,0,0,24,102,14,139,4,9,0,0,15,0,0,0,15,123,17,156,482,275,34,33,818,52,22,73,898,767,142,1802,7,21,4,4,33,0,6,5,42,55,14,115,45,22,0,6,73,8,6,8,82,20,13,117,59,24,0,4,88,3,0,4,93,19,9,125,52,18,3,3,83,5,3,9,92,17,9,123,56,26,6,3,85,0,0,0
LGA61210,191,71,16,5,284,11,8,22,303,68,28,396,219,103,22,10,356,10,10,16,372,63,26,460,174,114,18,7,306,6,3,9,320,64,21,399,223,125,12,9,371,11,10,11,388,54,33,468,259,112,20,5,396,7,10,16,408,83,38,527,260,129,25,3,417,8,8,13,433,94,58,578,268,119,23,12,421,16,4,15,432,137,63,630,139,109,21,3,277,9,7,18,294,203,42,541,56,51,14,0,117,0,0,3,127,305,29,456,17,28,0,0,47,0,6,6,53,263,33,349,13,22,3,4,43,0,6,6,47,409,52,507,2143,1199,192,69,3599,113,68,185,3782,2034,491,6304,65,129,12,4,205,8,11,19,221,219,34,474,185,73,21,9,279,21,10,27,310,56,34,398,264,106,16,12,399,20,11,28,425,73,46,550,205,109,17,9,343,7,11,11,353,76,46,473,217,115,13,5,353,14,3,14
LGA61410,1405,577,95,35,2117,117,38,150,2269,498,118,2885,1586,759,172,32,2553,79,36,116,2662,531,120,3321,1503,847,114,41,2502,77,39,116,2615,547,116,3280,1749,937,76,29,2785,63,29,95,2879,498,132,3512,1900,899,81,35,2912,56,33,91,3007,506,164,3676,1909,852,109,28,2903,65,24,84,2988,561,169,3720,1735,907,115,27,2786,44,39,82,2869,929,186,3988,886,728,89,15,1715,35,26,58,1772,1659,169,3597,254,414,48,12,727,5,14,14,736,2590,159,3487,51,150,13,5,221,5,0,5,225,2217,170,2614,16,83,10,16,130,0,0,5,129,4392,379,4904,14178,9017,1045,337,24578,768,567,1340,25916,16934,2119,44974,248,978,67,28,1312,81,255,334,1648,1385,127,3162,1131,1020,85,46,2282,149,122,271,2552,529,123,3207,1986,1057,143,54,3241,163,80,240,3482,538,161,4175,2041,1217,223,55,3534,110,66,181,3715,564,156,4437,2058,1149,150,40,3402,74,56,131
LGA61510,175,103,17,13,311,27,13,36,346,120,38,497,213,120,21,9,359,22,11,33,391,124,38,553,208,135,13,3,363,23,8,31,396,127,23,546,256,151,19,13,437,27,11,37,477,120,28,621,286,152,18,12,462,27,4,27,496,170,38,703,305,148,20,10,490,20,9,28,519,210,45,771,286,155,25,8,468,16,13,31,497,248,50,796,141,103,16,9,264,22,9,28,292,337,47,680,48,55,3,7,120,0,3,3,123,513,57,696,20,22,0,0,43,0,0,6,48,372,39,455,7,10,4,7,26,0,0,0,27,613,93,733,2172,1400,176,107,3862,242,108,354,4216,3380,545,8144,82,152,16,10,255,28,31,58,315,303,50,663,236,162,15,12,425,48,18,67,487,95,45,629,268,113,31,3,415,23,12,28,445,109,30,583,251,174,13,5,453,21,12,36,487,103,48,647,279,175,24,9,482,26,11,38
LGA61610,578,332,40,20,961,61,33,95,1055,273,76,1402,551,293,45,21,904,45,24,72,976,274,59,1305,550,307,44,9,907,46,24,68,979,278,54,1307,626,367,31,18,1035,49,16,63,1100,305,76,1485,719,391,49,20,1175,64,24,86,1264,322,91,1676,674,375,47,11,1105,47,20,69,1175,356,60,1594,554,356,52,15,982,37,19,59,1042,531,98,1671,339,282,48,16,688,26,18,39,727,774,119,1618,111,145,15,8,282,3,0,4,287,1213,147,1644,17,72,5,5,96,0,7,7,105,1089,97,1294,12,32,0,10,57,0,0,3,60,2036,231,2325,5286,3761,433,170,9649,564,338,905,10555,8425,1223,20208,155,525,20,15,720,41,80,119,836,560,54,1453,544,394,38,22,1001,69,46,109,1114,238,57,1410,766,441,65,29,1306,62,32,93,1404,253,85,1740,722,465,66,32,1287,42,24,64,1347,279,84,1714,631,355,49,15,1050,37,28,66
LGA61810,137,40,7,0,185,10,8,21,206,55,12,277,136,78,5,3,230,10,9,19,242,73,23,341,124,66,9,8,206,6,14,19,216,52,18,294,145,85,5,9,248,12,12,21,272,55,29,357,158,103,7,5,281,16,7,27,307,69,27,395,187,119,15,4,324,23,6,26,350,80,34,466,190,124,19,10,358,24,11,32,384,158,37,579,115,90,20,4,238,11,5,16,255,223,46,527,55,52,12,5,116,3,5,7,119,396,51,563,13,18,0,0,36,0,0,0,36,305,32,368,8,19,5,3,36,0,0,0,39,556,52,644,1457,913,129,67,2563,135,78,212,2775,2296,410,5479,52,78,9,12,142,12,12,23,161,158,20,344,146,61,5,5,217,13,3,15,238,52,18,301,184,67,14,6,270,11,6,11,281,62,18,360,156,79,11,3,248,11,0,11,254,54,30,340,152,85,15,0,259,8,5,12
LGA62010,11,5,0,0,22,0,0,0,24,8,7,32,14,8,0,0,24,7,0,7,31,5,0,41,27,11,0,4,39,5,0,5,39,3,3,45,17,9,7,0,32,0,0,3,39,5,3,40,17,7,0,0,34,6,0,6,33,9,0,40,40,22,0,3,66,0,0,3,66,7,3,78,33,20,0,0,54,6,0,6,62,18,0,75,32,25,7,0,62,3,0,11,71,37,5,122,14,13,3,0,31,0,0,0,31,55,6,88,9,5,0,0,23,0,0,0,23,54,0,79,0,5,0,0,12,0,0,0,12,47,9,76,227,168,18,17,426,30,6,33,464,257,49,774,4,12,0,0,22,0,0,0,22,3,0,24,11,0,0,0,12,0,0,0,12,0,0,16,17,3,0,0,23,0,0,0,20,5,6,31,16,9,0,0,24,0,0,0,23,0,0,24,18,13,0,0,33,0,0,0
LGA62210,98,27,11,6,141,20,8,31,172,81,26,283,101,60,6,3,180,23,8,32,207,77,25,313,118,76,5,8,203,13,5,20,223,81,32,335,131,81,5,3,220,19,12,30,251,77,25,348,189,89,6,3,291,17,11,25,320,101,37,463,177,112,13,7,306,21,9,38,343,136,40,526,171,102,12,6,289,13,4,18,307,196,31,537,116,69,8,6,197,12,6,24,214,281,39,539,31,24,3,0,60,0,5,5,61,412,39,513,7,22,0,0,30,0,0,0,34,325,43,396,9,11,5,4,31,0,0,0,31,450,64,545,1247,787,84,65,2187,212,96,312,2494,2549,471,5511,31,84,9,9,135,16,25,38,174,188,29,394,98,71,0,6,185,36,13,49,227,73,11,307,136,61,16,8,222,24,12,33,257,84,21,365,126,65,8,7,204,18,10,28,233,79,17,331,130,89,9,7,229,10,8,13
LGA62410,48,26,6,0,84,10,6,7,98,19,6,123,70,57,10,0,138,7,0,7,147,31,13,191,72,47,13,9,129,5,0,7,137,25,16,181,92,56,9,9,161,0,3,9,169,34,24,230,119,66,4,4,197,3,0,9,199,38,29,272,116,76,11,3,212,10,11,19,229,59,21,311,103,101,20,3,227,7,6,10,234,131,35,398,88,79,21,0,190,10,4,11,204,253,36,493,36,51,11,0,98,0,0,3,98,381,53,538,10,28,0,4,41,3,0,3,42,321,39,404,0,18,0,9,30,0,0,0,27,390,60,474,821,673,111,47,1650,64,31,98,1745,1767,351,3863,21,38,7,4,61,3,4,9,67,71,11,151,60,35,4,4,101,3,10,14,113,16,19,146,113,77,8,8,201,5,0,4,205,28,32,263,91,78,11,8,182,6,0,5,190,48,20,256,110,62,3,5,175,3,0,8
LGA62610,1306,640,107,47,2106,165,61,222,2327,562,162,3052,1388,686,93,41,2216,117,55,169,2386,565,183,3135,1194,696,71,23,1987,90,42,131,2118,523,162,2798,1265,668,54,42,2032,79,43,127,2158,527,182,2861,1374,657,58,34,2125,80,34,111,2233,577,183,2995,1385,640,76,35,2126,75,45,121,2248,687,208,3142,1166,677,78,28,1948,52,25,77,2024,936,203,3161,630,498,63,18,1210,30,37,66,1277,1234,179,2694,171,234,12,3,420,0,4,4,429,1772,156,2351,27,82,8,9,122,0,3,3,124,1663,177,1968,9,39,0,13,57,0,0,4,58,3339,483,3884,11118,7036,737,368,19259,982,644,1625,20883,14339,2607,37829,168,718,39,19,944,70,210,283,1226,1224,119,2563,960,996,67,46,2065,206,128,334,2398,538,115,3057,2089,1404,115,84,3689,205,128,331,4018,619,220,4853,2119,1372,158,89,3736,151,87,238,3976,652,199,4825,1679,940,125,42,2784,83,71,148
LGA62810,1718,1026,84,34,2869,138,151,287,3159,868,285,4308,1573,805,134,39,2555,89,79,170,2717,547,224,3492,1469,759,123,16,2367,65,42,105,2476,414,184,3076,1642,865,91,13,2600,65,33,95,2703,388,174,3267,1761,789,71,16,2644,60,30,87,2733,400,172,3303,1693,750,86,21,2553,50,30,81,2633,405,192,3233,1448,751,94,22,2315,48,49,90,2414,709,200,3317,834,659,64,17,1572,34,47,78,1653,1222,191,3072,320,425,40,13,790,3,12,20,811,1800,178,2786,76,181,12,6,270,0,3,3,280,1473,145,1897,38,104,5,9,160,4,4,3,169,3442,292,3893,13509,9516,963,267,24255,708,1033,1742,26006,14588,2619,43212,90,1022,66,11,1195,38,265,301,1493,1324,96,2910,886,1604,100,46,2640,137,284,417,3055,926,172,4156,2157,1776,107,90,4130,294,232,524,4653,743,293,5690,2197,1471,185,66,3912,181,126,305,4217,596,237,5053,1729,1172,144,32,3074,99,64,165
LGA63010,293,139,21,17,466,33,15,47,507,139,41,700,319,214,34,6,574,20,23,42,613,140,48,802,327,249,27,14,612,17,11,37,649,145,62,865,416,269,22,12,714,26,10,38,753,209,64,1025,501,295,21,10,825,27,14,39,869,241,57,1170,478,263,31,6,791,19,21,42,831,307,68,1208,412,340,31,11,792,27,21,50,841,462,85,1393,232,240,27,10,506,21,11,30,539,674,89,1295,86,136,11,6,238,7,5,7,248,945,94,1291,27,48,3,5,82,0,0,0,83,646,59,786,11,25,4,5,46,0,0,0,43,998,115,1156,3445,2534,268,140,6381,266,193,457,6838,5579,877,13294,109,182,15,12,318,33,49,74,397,487,55,935,286,189,17,17,513,48,15,63,570,158,42,777,344,199,35,26,601,21,11,34,641,141,54,844,405,267,39,9,726,27,23,47,773,151,77,998,467,329,57,16,870,18,15,30
LGA63210,99,59,9,4,169,5,0,8,177,57,18,250,118,57,6,8,189,7,0,7,201,64,26,284,107,83,13,3,201,9,0,14,207,73,12,296,142,103,14,6,264,4,3,10,273,66,23,356,181,120,15,15,323,18,7,24,346,91,35,479,189,125,17,10,343,10,7,24,358,135,44,540,168,114,14,6,302,17,10,28,333,187,41,557,84,86,11,4,185,9,6,17,198,251,32,475,38,49,9,0,94,0,0,0,100,365,33,490,12,13,0,0,31,0,0,0,31,251,34,313,8,13,0,0,25,6,0,0,28,351,44,419,1287,962,131,72,2447,110,65,176,2623,2119,363,5115,43,98,8,6,162,6,14,21,181,139,24,339,132,61,12,7,208,14,7,20,226,42,26,293,140,48,10,3,206,10,8,21,217,45,36,298,146,75,14,8,245,7,8,15,261,55,24,337,160,89,14,0,262,0,9,10
LGA63410,47,19,0,0,66,3,0,3,72,16,4,89,63,16,10,4,96,0,0,4,96,8,7,110,42,19,0,3,66,0,0,0,66,12,4,86,37,21,0,0,61,3,0,3,57,8,6,74,53,21,6,4,84,0,0,0,84,12,6,102,84,24,9,0,109,4,0,4,108,7,4,124,64,18,3,0,86,0,0,0,87,19,7,117,50,31,4,0,92,4,0,0,93,48,17,154,20,21,9,0,45,0,0,0,45,66,6,117,0,7,0,0,12,0,0,0,12,57,12,78,6,14,0,0,20,0,0,0,20,119,22,161,510,232,48,10,803,19,6,21,823,387,124,1339,10,12,3,0,26,0,0,0,24,20,6,51,33,7,0,0,48,0,0,0,50,4,3,52,43,13,10,0,72,0,3,5,71,6,8,92,51,29,4,5,89,0,0,0,84,17,15,111,47,30,5,5,87,0,0,0
LGA63610,875,382,68,17,1332,56,36,89,1429,256,74,1759,977,515,107,25,1621,40,23,56,1678,292,94,2062,992,594,72,6,1666,32,31,61,1730,282,70,2080,1198,691,60,20,1967,39,24,66,2030,259,93,2382,1267,706,43,22,2036,45,15,60,2097,327,101,2525,1202,642,68,18,1932,33,25,62,1992,300,87,2384,1026,645,89,24,1780,37,29,64,1850,629,136,2610,541,572,70,14,1197,32,30,57,1255,1085,132,2465,163,285,15,10,473,0,18,22,492,1639,132,2265,44,107,13,4,163,4,0,4,171,1412,105,1683,14,54,5,7,80,0,0,0,83,2408,196,2679,8978,6464,684,205,16335,424,439,867,17197,10198,1329,28724,174,822,47,9,1053,39,204,244,1292,1056,33,2386,642,723,44,29,1437,87,73,160,1598,309,70,1972,1059,707,86,32,1882,89,67,158,2041,285,98,2422,1135,762,117,37,2046,68,50,114,2166,312,63,2541,1287,837,110,30,2264,36,27,64
LGA63810,253,96,23,5,374,20,6,25,402,95,29,518,219,122,21,3,364,13,6,19,385,73,25,485,256,134,28,6,421,16,4,21,447,78,35,559,312,166,19,3,498,19,5,24,519,93,36,648,338,184,27,20,564,22,10,32,592,99,38,733,341,166,20,6,530,30,11,37,561,137,44,745,326,156,29,7,518,27,5,34,554,217,50,819,197,142,23,9,377,17,8,24,404,385,61,851,46,80,17,7,146,0,3,3,146,661,61,865,16,36,4,7,58,0,0,0,58,548,49,654,10,23,0,5,41,0,0,0,42,885,95,1025,2600,1571,235,81,4483,209,101,311,4792,3559,562,8910,93,217,19,16,333,15,27,40,369,229,19,622,281,129,15,5,434,23,11,26,464,62,22,547,282,155,36,9,490,20,5,28,513,75,21,605,325,157,22,5,507,14,11,21,531,99,39,664,300,166,19,13,496,9,10,14
LGA64010,1776,875,114,41,2807,181,100,282,3093,825,278,4196,1683,867,160,43,2749,128,63,191,2936,806,266,4009,1540,982,107,46,2666,114,60,175,2842,694,240,3774,1780,1001,86,34,2906,128,79,204,3104,676,263,4047,2012,1046,99,41,3194,120,61,180,3373,715,288,4381,1922,913,106,32,2976,118,43,158,3134,785,283,4204,1646,916,114,43,2720,95,53,147,2864,1006,290,4160,942,795,91,36,1859,83,57,137,2000,1559,263,3823,272,417,43,15,756,4,6,12,766,2588,300,3654,79,167,19,5,271,0,0,0,269,2340,265,2879,30,81,8,5,128,0,0,0,130,4573,510,5215,15383,10583,1123,447,27540,1415,1069,2484,30026,19866,3824,53710,308,1287,103,36,1745,94,242,333,2075,1694,184,3952,1573,1372,117,80,3139,254,197,456,3591,839,338,4770,2494,1540,171,83,4294,223,138,367,4654,892,309,5857,2179,1302,171,78,3728,153,92,240,3972,747,280,4997,1966,1144,115,42,3274,102,56,160
LGA64210,422,179,39,12,645,27,9,41,685,138,61,881,419,265,43,13,733,30,12,38,771,151,53,979,421,262,31,9,723,23,15,44,766,154,67,985,546,322,24,15,911,27,17,46,954,177,69,1200,688,340,38,15,1083,31,10,42,1124,176,66,1366,695,326,29,21,1073,38,18,60,1134,237,83,1449,566,315,60,18,957,18,6,27,983,389,82,1459,356,284,44,16,693,23,12,39,735,602,87,1413,113,148,18,17,293,0,4,4,296,940,82,1324,38,53,4,5,106,0,4,4,103,823,84,1009,27,31,0,6,64,0,0,0,63,1465,168,1696,4793,3123,369,175,8460,330,189,524,8983,5948,1022,15951,131,363,19,10,527,29,61,84,612,445,40,1095,427,296,27,18,772,46,19,66,837,157,39,1027,548,320,42,16,923,33,14,49,972,116,50,1143,561,278,52,12,898,21,8,29,926,152,46,1128,534,334,37,6,908,20,12,29
LGA64610,265,126,18,6,417,18,10,25,441,101,39,586,274,142,20,11,443,19,7,36,475,98,50,626,299,139,9,3,448,13,15,25,467,108,39,620,363,198,13,3,583,22,7,30,610,128,50,796,429,200,22,19,668,22,15,34,701,144,53,901,423,223,27,8,684,16,10,31,719,169,87,970,392,244,43,10,685,27,13,36,723,248,67,1043,259,182,28,6,476,20,8,32,503,373,76,951,94,110,12,3,218,0,3,0,217,676,84,975,34,42,0,0,76,0,0,5,80,559,61,701,20,35,10,7,62,0,0,4,64,877,105,1050,3203,1967,229,93,5500,215,142,361,5859,3942,814,10610,103,244,14,4,369,17,26,39,405,281,31,720,339,140,12,16,502,31,12,47,546,99,33,675,412,184,26,11,633,26,14,39,672,122,20,815,357,192,36,4,598,18,15,32,625,97,36,760,351,182,25,9,569,10,7,20
LGA64810,393,166,36,11,604,33,11,44,650,112,46,809,374,219,35,14,650,23,3,29,677,134,52,865,319,234,23,15,590,29,10,35,628,110,46,789,395,244,22,12,671,32,13,39,713,135,64,907,448,238,22,7,717,24,16,40,754,152,49,961,492,250,38,17,794,23,14,36,832,217,51,1097,459,240,30,0,736,18,10,33,761,296,71,1126,225,196,25,8,450,18,14,33,482,496,64,1042,87,84,14,8,196,0,3,0,195,709,61,966,14,33,7,4,54,0,0,0,57,522,59,631,10,14,0,0,24,0,0,0,24,846,98,970,3549,2375,283,114,6317,278,165,443,6763,4218,747,11733,92,282,16,9,403,23,39,63,463,347,53,862,341,232,29,22,626,46,23,69,685,93,39,818,515,217,56,16,801,27,17,38,841,117,61,1019,562,301,76,20,955,22,18,35,995,143,65,1204,510,304,49,18,879,20,9,31
LGA65010,132,46,14,0,199,3,4,6,206,55,14,275,145,68,12,8,224,7,10,13,238,50,18,317,140,62,6,3,217,7,9,8,225,60,25,305,160,82,6,3,247,12,0,13,261,64,25,350,213,104,15,10,353,14,9,14,369,88,38,489,194,112,12,13,325,7,3,9,335,110,32,477,180,97,23,5,312,14,3,15,325,149,41,507,118,78,10,4,215,8,4,12,232,217,29,474,42,44,3,5,96,4,0,4,95,261,31,394,23,17,0,3,44,0,0,0,44,236,21,296,13,8,3,4,26,0,0,0,26,284,47,356,1530,873,114,81,2599,88,61,151,2744,1807,361,4913,44,73,6,7,132,16,10,28,162,197,37,392,177,71,6,12,265,15,14,28,290,57,28,373,166,72,15,9,266,3,7,13,271,61,25,354,177,88,25,4,289,5,4,11,300,53,33,390,166,90,17,9,283,6,10,14
LGA65210,23,21,0,3,42,0,0,0,45,9,4,58,31,22,0,0,57,0,0,0,60,29,5,93,31,16,3,0,50,3,0,7,52,24,9,84,43,42,5,6,86,7,0,3,88,27,17,131,37,31,5,4,71,0,3,4,77,44,19,143,51,44,9,3,113,5,4,5,120,63,26,205,65,60,4,0,135,4,4,6,144,87,20,252,41,51,10,0,98,5,0,7,102,131,21,262,19,23,3,0,47,0,0,0,47,174,32,255,9,15,0,0,24,0,0,0,24,130,37,189,0,3,4,0,15,0,0,0,14,182,57,251,360,370,52,19,793,36,14,51,843,950,250,2049,11,23,0,0,39,0,8,4,43,59,15,110,24,16,0,0,46,6,0,10,51,9,10,66,32,20,0,0,54,4,0,0,61,24,7,90,28,26,4,0,53,8,0,3,63,15,8,80,41,30,5,4,79,4,0,7
LGA65410,262,105,17,13,386,16,13,35,421,118,37,576,276,173,35,7,490,24,18,44,532,134,35,701,269,166,18,5,460,21,9,34,495,130,40,659,316,191,11,4,528,29,4,36,562,173,45,777,424,220,19,13,679,28,16,44,720,187,55,962,453,245,15,12,719,29,12,42,768,223,59,1044,353,230,37,13,633,38,19,57,687,296,42,1026,205,205,32,17,447,16,15,32,483,503,67,1056,56,81,14,4,155,0,0,0,157,749,64,971,17,41,4,8,63,0,0,4,67,638,56,766,8,23,0,6,35,0,0,0,35,1115,125,1280,2999,2014,222,112,5341,282,160,438,5780,4760,696,11236,93,212,11,6,318,19,26,47,365,289,43,700,297,162,16,15,484,36,16,49,540,86,42,666,328,141,24,20,511,12,8,23,532,110,31,672,279,152,42,3,482,26,5,33,514,126,38,682,338,213,40,8,600,18,13,29
LGA65610,89,42,5,4,141,15,5,22,165,62,28,246,79,39,10,5,132,11,7,19,146,49,22,219,89,53,5,0,140,19,0,22,162,58,21,247,92,55,4,3,152,21,3,22,175,61,13,248,129,46,10,9,195,26,5,31,225,78,26,324,109,68,6,6,185,26,10,36,217,91,24,333,105,68,9,5,185,21,5,26,211,124,17,357,70,42,9,3,127,13,7,16,144,141,23,311,19,23,5,0,44,4,0,4,48,176,18,247,4,6,0,0,15,0,0,0,15,160,20,195,3,0,0,3,8,0,0,0,8,230,31,267,887,513,78,37,1518,199,47,242,1758,1361,267,3382,16,47,3,3,72,3,4,10,82,74,16,172,63,36,7,3,112,9,10,17,127,38,27,200,121,45,14,3,182,12,5,17,193,44,19,265,98,62,6,4,175,7,3,14,178,41,31,252,95,42,7,0,147,7,5,12
LGA65810,473,202,37,10,730,31,16,51,776,172,60,1013,504,248,56,14,821,19,14,33,853,169,66,1087,507,286,35,11,838,22,12,36,871,185,42,1101,664,389,37,23,1112,27,15,36,1152,168,68,1386,788,410,35,26,1265,35,25,56,1318,221,78,1617,725,423,46,18,1214,50,22,70,1291,251,90,1626,699,414,63,17,1194,36,25,60,1259,482,114,1849,385,355,64,8,808,30,20,52,863,725,115,1705,118,175,36,9,339,5,8,7,349,1163,106,1612,32,78,4,8,121,0,0,0,121,1043,86,1251,13,43,4,5,62,0,0,0,65,1664,157,1886,5432,3775,471,176,9853,364,306,669,10522,7101,1107,18732,163,519,39,11,734,33,91,123,861,583,46,1493,444,354,25,21,843,46,33,76,921,187,44,1158,627,297,58,21,1001,32,12,48,1050,171,62,1285,642,354,73,19,1086,31,10,43,1129,197,53,1384,679,408,57,16,1165,25,17,44
LGA69499,33,13,0,0,48,8,3,13,60,15,26,102,26,12,0,0,38,3,5,10,50,16,17,80,15,14,4,0,36,10,0,7,45,25,15,84,7,10,0,0,11,6,3,9,21,28,14,64,16,12,0,0,24,0,0,9,31,17,22,70,13,7,0,0,23,7,0,4,32,27,12,71,4,9,5,0,13,7,0,8,22,31,12,56,7,4,0,0,11,0,4,3,19,36,5,52,0,3,0,0,3,0,0,0,3,46,9,61,0,0,0,0,0,0,0,0,0,19,0,26,0,0,0,0,0,0,0,0,0,9,3,17,136,89,15,9,247,69,30,97,341,324,169,836,3,7,3,0,12,12,9,18,31,42,19,95,17,21,3,0,33,21,7,27,58,43,16,119,22,9,9,0,35,9,11,20,59,34,18,111,23,11,3,0,35,7,6,15,53,31,29,114,15,14,4,0,39,6,0,0
LGA69799,6,0,0,0,8,0,0,0,8,0,0,12,11,0,4,0,9,0,0,0,9,0,0,15,0,0,0,0,0,0,0,0,0,0,0,0,4,0,0,0,6,0,0,0,6,0,3,6,3,0,0,0,7,0,0,0,6,0,0,9,10,0,0,0,10,0,0,0,7,0,0,7,3,0,0,0,5,0,0,0,5,0,0,4,0,0,0,0,0,0,0,0,0,3,0,5,0,0,0,0,0,0,0,0,0,0,0,0,0,0,0,0,0,0,0,0,0,0,0,0,0,0,0,0,0,0,0,0,0,0,0,0,39,3,3,0,48,4,0,4,53,13,9,72,0,0,0,0,0,0,0,0,0,0,0,0,0,0,0,0,0,0,0,0,0,0,0,0,0,0,0,0,0,0,0,0,0,0,0,0,0,0,0,0,0,0,0,0,0,0,0,0,4,0,0,0,4,0,0,0
LGA70200,1135,237,72,31,1473,30,13,50,1523,253,315,2093,1133,282,72,38,1533,30,17,48,1575,303,295,2175,998,264,64,21,1349,25,10,37,1380,234,212,1831,1004,232,37,18,1283,27,7,39,1323,236,212,1773,1119,229,42,13,1408,32,8,38,1446,219,245,1908,1120,196,51,24,1395,25,5,36,1424,217,221,1869,995,184,51,19,1253,19,8,31,1284,227,210,1723,641,181,42,12,878,16,7,28,902,275,184,1360,219,106,27,11,356,4,0,8,360,382,121,859,53,53,7,3,107,0,0,0,107,321,78,514,19,21,0,0,43,0,0,0,43,530,81,657,9303,2537,527,242,12604,289,142,432,13035,4006,2520,19558,208,416,28,9,659,25,44,65,725,672,91,1490,593,209,26,26,855,46,19,67,924,280,77,1283,1254,299,96,37,1686,29,22,55,1741,308,200,2248,1496,397,113,48,2059,47,19,64,2118,332,172,2624,1241,367,83,25,1716,33,17,49
LGA70420,181,36,10,11,242,88,3,102,339,179,83,602,170,64,10,9,239,70,6,79,319,179,52,552,120,39,8,3,177,41,4,47,221,149,52,426,115,46,6,0,172,58,9,64,236,122,39,397,135,28,3,4,179,56,10,67,246,125,57,429,137,32,6,4,180,33,5,34,215,139,41,399,134,21,11,5,167,16,0,20,178,86,44,312,99,25,13,4,144,3,0,3,149,101,26,277,42,15,4,5,66,11,0,10,77,98,16,184,7,7,0,0,15,0,0,7,21,91,10,118,10,0,0,0,12,0,0,0,11,89,10,114,1360,390,83,58,1893,563,62,629,2523,1844,551,4912,56,27,5,3,97,31,5,36,131,301,50,490,154,32,11,11,209,27,3,30,237,184,45,469,197,39,12,8,252,32,6,40,290,234,71,605,173,40,14,6,228,44,9,54,285,212,52,550,137,55,11,0,207,27,3,30
LGA70540,0,0,0,0,0,0,0,0,3,5,0,7,0,0,0,0,0,6,0,6,3,9,0,14,5,0,0,0,3,6,0,6,12,6,0,17,0,0,0,0,0,0,0,0,0,6,0,7,0,0,0,0,0,0,0,0,0,12,0,12,0,0,0,0,3,4,0,3,5,8,0,9,0,0,0,0,0,0,0,0,0,12,0,12,0,0,0,0,0,0,0,0,0,3,0,4,0,0,0,0,0,0,0,0,0,4,0,4,0,0,0,0,0,0,0,0,0,0,0,0,0,0,0,0,0,0,0,0,0,0,0,0,10,4,0,0,16,13,0,17,33,100,0,133,0,0,0,0,0,0,0,0,0,10,0,15,0,5,0,0,3,0,0,0,3,7,3,11,0,5,0,0,5,0,0,0,5,9,0,16,0,0,0,0,0,0,0,0,7,9,0,12,0,0,0,0,0,0,0,0
LGA70620,59,16,8,5,87,57,8,65,157,103,29,285,54,32,9,0,100,75,8,79,181,120,25,323,42,30,15,4,87,57,5,60,147,90,25,262,60,29,5,4,94,65,10,78,170,66,31,265,62,21,4,0,85,32,4,33,117,72,34,226,63,16,7,4,85,36,4,36,130,64,10,198,50,14,0,0,65,17,0,17,85,56,14,156,38,12,4,5,58,3,3,10,68,56,10,133,22,4,0,0,23,0,0,3,25,30,6,61,4,0,0,0,9,0,0,0,7,35,0,49,0,0,0,0,0,0,0,0,4,59,4,62,502,215,55,22,795,486,55,540,1336,1028,236,2595,9,5,3,0,14,18,3,21,39,242,20,301,41,17,3,0,62,27,0,25,90,195,32,314,69,28,7,0,103,22,4,24,123,168,37,330,45,22,6,5,79,22,0,22,105,139,34,280,44,20,5,0,70,19,3,17
LGA70700,23,11,7,0,35,5,0,3,40,16,14,69,22,3,0,4,32,5,0,3,39,14,15,65,24,9,3,0,33,3,0,3,35,11,22,62,19,10,0,0,32,0,0,0,33,9,7,49,38,15,0,0,55,4,0,7,63,11,17,94,66,12,0,0,79,3,0,5,88,25,23,135,44,15,7,0,67,6,0,6,74,25,35,129,33,16,0,0,46,4,0,3,54,38,22,116,13,11,6,3,30,0,0,0,30,62,30,120,0,0,0,0,6,0,0,0,6,41,17,61,4,3,0,0,3,0,0,0,3,43,13,51,305,117,21,10,455,38,9,53,508,333,231,1076,0,7,0,0,12,0,0,0,13,25,14,51,17,8,0,0,23,0,0,0,27,6,9,43,20,9,0,0,24,0,0,0,26,9,16,60,22,10,3,0,38,0,0,0,37,5,24,70,13,8,5,4,29,0,0,0
LGA71000,4572,1165,229,155,6120,179,97,276,6401,780,1109,8296,4497,1092,302,118,6014,149,67,215,6229,810,941,7982,3769,927,199,77,4967,129,63,195,5164,722,678,6557,3358,798,164,76,4401,128,43,175,4568,610,565,5746,3315,751,131,75,4266,118,49,167,4429,547,573,5553,3047,592,149,83,3872,112,48,159,4028,550,520,5099,2521,601,147,55,3328,86,27,111,3436,683,489,4611,1603,498,107,42,2246,74,40,120,2362,1082,453,3901,665,327,53,21,1063,18,19,40,1099,1610,334,3049,150,133,19,10,315,0,7,10,329,1288,199,1816,54,56,12,9,136,0,0,0,134,1831,250,2206,30226,9256,1676,919,42077,1276,775,2052,44131,12973,7147,64249,343,1279,70,50,1741,96,221,316,2064,1677,306,4049,2091,1320,121,102,3638,163,118,284,3920,666,513,5101,4136,1600,253,158,6146,154,93,252,6398,701,730,7823,4465,1574,329,117,6475,149,83,232,6704,766,698,8167,3889,1298,273,76,5538,91,54,150
LGA71150,37,0,3,0,36,0,0,0,45,0,10,51,25,3,0,0,27,0,0,0,30,9,3,45,23,3,0,0,27,0,0,0,25,0,7,37,17,0,0,0,25,0,0,0,25,0,6,29,20,0,0,0,18,0,0,0,22,5,0,24,16,0,0,0,25,0,0,0,27,0,7,36,16,0,0,0,18,0,0,0,18,4,3,26,6,0,0,0,9,0,0,0,9,3,7,20,6,0,0,0,8,0,0,0,8,3,4,11,0,0,0,0,0,0,0,0,0,3,0,5,0,0,0,0,0,0,0,0,0,0,0,0,179,11,17,0,213,6,6,8,217,35,50,309,0,0,0,0,0,0,0,0,0,0,0,3,13,0,0,0,16,0,0,0,18,0,0,18,46,7,0,0,49,3,0,4,56,7,3,59,26,0,0,0,31,0,0,0,31,0,0,36,12,0,3,0,21,5,0,5
LGA71300,101,41,3,16,167,58,24,86,248,469,99,819,111,79,9,16,215,56,30,85,300,435,60,796,86,76,6,16,181,44,18,61,242,347,44,639,89,71,3,7,169,25,9,30,203,349,47,599,87,65,6,8,160,28,21,45,210,231,44,491,86,58,6,12,161,29,12,37,197,197,39,430,90,49,3,10,146,3,0,10,157,139,42,342,55,26,4,4,89,9,6,10,96,142,19,251,21,11,0,0,32,0,0,0,31,75,11,121,6,6,0,0,16,0,0,0,16,63,9,83,3,0,0,0,7,0,0,0,7,40,14,58,800,526,29,120,1479,367,151,520,1996,3795,645,6435,20,19,0,13,47,58,34,88,141,737,52,929,71,41,7,18,138,86,25,109,248,624,48,917,119,28,3,4,158,43,22,67,221,494,59,776,115,52,3,9,191,45,22,66,258,481,67,798,105,60,6,10,187,49,24,70
LGA72200,476,79,23,9,584,8,0,8,587,116,199,903,418,76,27,8,535,18,8,23,557,117,180,856,318,71,18,6,420,13,8,17,433,116,121,665,299,68,17,7,387,14,3,15,406,85,101,589,363,57,20,9,449,12,0,17,469,97,173,731,331,50,10,6,396,11,4,16,415,96,153,661,255,60,18,6,334,3,3,7,343,91,131,571,173,45,18,3,245,8,8,16,263,119,117,491,76,48,4,7,133,4,3,4,138,139,68,343,28,17,0,3,50,0,0,0,54,125,59,231,11,5,0,0,21,0,0,0,21,156,76,255,3103,739,197,76,4116,116,41,158,4279,1640,1608,7529,89,96,4,8,196,7,12,20,211,204,88,505,320,68,17,18,427,16,9,25,456,110,102,666,502,87,23,11,622,17,6,22,643,122,121,892,520,106,43,19,692,15,4,27,720,102,147,968,423,93,27,14,560,15,8,22
LGA72300,895,141,59,29,1119,29,9,42,1162,315,336,1805,889,188,62,23,1160,31,10,41,1204,341,367,1912,897,240,63,24,1218,28,5,36,1253,296,383,1923,1056,231,56,26,1370,34,9,43,1406,218,349,1975,1185,251,79,32,1546,46,11,55,1596,247,371,2220,1011,227,90,30,1352,45,14,57,1412,235,311,1957,753,230,78,26,1084,37,10,47,1132,281,262,1674,464,153,46,14,678,28,8,34,710,362,201,1276,173,116,20,4,316,9,4,10,330,449,142,918,49,34,3,6,95,4,0,8,98,364,79,539,18,18,0,0,37,0,0,0,37,311,63,412,8529,2293,643,283,11748,348,133,481,12229,4202,3201,19628,273,392,20,22,706,24,45,74,774,401,112,1286,714,205,32,32,981,27,5,40,1022,254,117,1387,681,147,47,19,901,20,14,29,932,297,120,1349,707,206,82,18,1020,24,8,29,1052,333,145,1528,790,229,76,30,1115,11,8,20
LGA72330,90,42,4,9,144,34,21,57,202,309,84,592,94,37,16,10,158,36,17,57,210,274,50,532,65,43,6,7,124,25,12,37,163,220,47,421,66,51,0,8,124,28,18,50,174,223,36,434,71,44,4,7,127,13,7,24,150,167,85,397,58,29,0,11,101,18,8,28,122,134,49,309,79,16,6,3,104,0,7,7,116,129,68,312,46,14,8,0,70,5,4,10,80,94,27,202,25,14,0,0,38,0,0,0,39,82,5,127,3,6,0,5,11,0,0,0,11,51,8,72,9,3,0,0,12,0,0,0,9,63,12,90,678,353,51,60,1146,233,120,350,1498,2373,922,4794,15,21,4,0,35,10,13,24,58,319,17,388,48,40,0,3,90,24,18,42,128,354,38,521,68,57,10,6,138,25,13,37,173,327,38,541,92,58,11,8,168,13,14,21,197,322,52,567,93,55,9,6,160,10,4,18
LGA72800,1912,367,132,43,2455,90,24,122,2568,431,315,3317,2005,430,145,64,2644,59,36,97,2737,433,273,3443,1732,379,91,41,2240,76,35,106,2352,334,233,2913,1649,332,62,34,2074,46,22,66,2137,241,212,2592,1460,227,66,38,1794,61,15,75,1863,216,188,2265,1116,206,52,24,1398,49,6,57,1451,199,141,1793,775,176,56,9,1016,32,11,38,1056,248,156,1467,453,124,25,11,608,13,4,21,632,323,115,1069,124,61,13,3,206,0,0,7,209,418,62,691,33,21,0,0,53,0,0,0,54,285,49,381,8,11,0,0,19,0,0,0,22,389,54,468,12949,3240,749,362,17296,630,297,921,18223,4630,2227,25074,268,750,47,20,1088,72,118,187,1274,814,178,2269,1237,534,76,42,1893,74,27,104,1992,280,246,2521,1855,481,141,49,2528,82,36,110,2642,325,334,3304,1941,588,189,58,2768,60,31,88,2862,373,356,3586,1909,506,137,47,2598,53,20,78
LGA73600,126,39,19,18,202,29,20,52,250,306,61,623,108,45,3,16,170,22,16,35,213,246,50,501,91,42,7,17,159,17,13,32,195,191,41,417,78,40,8,9,143,15,9,30,170,169,31,371,116,30,5,8,167,18,12,30,195,172,48,415,104,19,13,4,146,14,9,23,172,122,42,333,90,21,3,7,130,9,3,8,135,115,36,295,40,21,4,0,68,5,4,10,77,111,29,219,22,13,0,5,39,5,0,3,46,85,24,155,9,3,4,0,17,0,0,0,17,73,10,96,3,0,0,5,4,0,0,0,4,53,7,70,883,326,75,146,1431,178,122,300,1734,2363,529,4624,22,16,0,0,44,8,10,18,63,458,43,567,81,43,11,7,139,30,15,41,189,386,112,686,106,40,6,15,167,20,5,23,191,304,81,579,99,41,14,0,151,34,5,37,194,305,82,579,104,48,12,11,177,17,5,21
LGA74050,43,23,0,6,71,12,8,22,93,106,3,203,38,33,0,4,74,17,8,27,102,106,11,213,25,28,0,4,61,11,6,17,76,109,37,217,29,26,3,8,64,8,7,16,78,86,3,162,23,29,4,3,64,9,9,14,75,93,3,175,20,28,0,4,59,15,0,14,68,74,3,151,36,12,0,0,49,3,0,5,48,70,3,121,17,7,0,4,27,4,0,4,28,60,6,103,3,3,0,0,7,0,0,0,7,44,5,55,0,0,0,0,0,0,0,0,0,17,0,17,0,0,0,0,4,0,0,0,0,19,0,30,260,212,17,41,525,101,57,162,685,1056,101,1842,0,8,0,4,15,8,9,17,33,173,24,229,18,18,0,0,33,12,6,18,56,108,7,172,30,24,0,0,59,21,13,33,95,118,15,228,28,9,0,8,53,17,6,19,70,88,3,168,34,26,3,6,67,13,3,17
LGA74550,61,22,5,0,87,9,5,15,103,80,94,288,50,29,0,4,79,9,6,20,96,65,19,180,37,15,3,4,61,7,4,12,73,50,29,148,37,17,0,9,65,9,4,10,71,45,27,144,55,17,5,3,72,14,4,17,93,60,24,177,64,13,0,3,77,8,0,12,91,47,31,170,43,23,0,0,69,4,5,6,75,42,17,134,39,11,0,0,52,3,9,7,64,38,10,111,15,7,0,0,20,0,0,0,20,45,13,80,5,4,0,0,12,0,0,0,12,32,4,43,4,3,0,0,7,0,0,0,7,46,8,65,509,173,19,36,747,98,55,154,900,769,377,2046,46,16,0,5,61,23,8,26,87,151,47,277,85,27,0,3,118,16,6,25,138,100,31,274,100,28,4,0,137,25,7,37,167,82,29,283,59,23,3,9,97,21,4,25,115,73,14,210,53,15,4,3,69,16,0,16
LGA74560,3,0,0,0,3,0,0,0,4,5,0,12,16,7,3,0,20,3,0,3,23,5,0,26,12,0,0,0,21,0,0,0,22,0,0,17,23,12,4,0,37,0,0,0,37,6,0,39,32,7,0,0,42,0,0,0,43,3,7,52,21,11,4,0,31,0,0,3,34,0,0,37,28,7,0,0,42,0,0,0,44,8,0,54,10,3,0,0,14,4,0,5,20,20,3,41,4,6,0,0,6,0,0,0,7,40,4,47,0,3,0,0,0,0,0,0,0,10,0,16,0,0,0,0,0,0,0,0,0,9,0,12,153,59,17,3,225,17,5,23,251,119,24,394,0,3,0,0,8,0,0,0,8,7,0,16,6,0,0,0,3,0,0,0,3,0,0,9,0,4,0,0,3,0,0,0,3,0,0,6,0,0,0,0,0,0,0,0,0,6,7,9,12,0,3,0,21,0,0,0
LGA74660,129,25,10,17,178,51,7,57,233,288,75,600,125,44,13,16,191,43,10,51,237,198,73,516,112,37,4,10,171,35,10,45,214,170,73,459,143,31,8,11,190,26,3,36,228,161,145,525,124,27,6,12,173,21,5,30,206,158,77,441,107,21,7,7,148,16,3,24,163,117,81,370,84,20,7,3,112,12,5,13,127,87,27,247,56,11,8,3,70,3,0,3,75,73,34,188,17,7,0,0,21,0,0,3,25,44,12,85,0,0,0,0,5,0,0,0,5,28,6,40,0,4,0,3,7,0,0,0,7,33,10,47,996,272,72,113,1450,307,65,363,1820,1999,732,4554,24,17,5,11,59,37,13,57,115,400,25,537,80,40,13,10,142,65,29,94,233,324,25,581,127,55,17,18,212,50,34,87,293,309,51,645,144,33,22,7,212,47,25,68,276,282,45,601,118,40,23,10,184,29,12,43
LGA74680,44,11,0,0,60,50,0,55,116,136,20,266,54,17,0,7,77,42,3,45,119,145,116,380,34,19,3,4,58,39,4,41,102,92,55,246,34,12,0,4,44,23,0,26,73,63,15,146,32,12,0,0,52,17,0,17,69,50,10,129,27,6,0,0,36,23,0,23,61,69,14,143,26,4,0,0,26,12,0,9,38,46,7,87,16,7,0,0,26,0,0,0,26,59,6,87,4,3,0,0,9,0,0,0,9,23,3,34,0,0,0,0,0,0,0,0,0,14,0,13,0,0,0,0,0,0,0,0,0,9,3,18,319,100,14,20,453,326,9,337,793,1070,261,2125,8,4,0,0,11,12,3,14,25,289,19,325,26,10,3,3,44,9,4,21,65,189,12,269,49,18,3,0,74,20,0,24,99,181,11,297,50,14,3,3,73,16,0,19,93,174,12,274,38,11,7,0,56,10,0,15
LGA79399,373,50,16,13,444,3,4,7,456,45,119,617,321,71,24,10,422,3,7,8,430,59,84,574,327,67,37,6,436,11,3,11,448,38,69,560,308,68,17,14,404,5,9,16,419,48,70,534,290,57,20,5,371,8,3,13,380,48,61,488,289,55,24,5,370,10,0,10,380,54,87,521,217,45,19,6,287,4,0,8,295,64,62,415,126,34,12,4,181,7,3,14,187,81,61,332,48,29,4,5,85,5,0,0,86,107,37,233,12,0,0,0,11,0,0,0,16,73,12,104,3,0,0,0,7,0,0,0,7,35,10,53,2605,560,189,72,3429,67,34,104,3530,753,837,5124,61,77,8,5,157,7,9,13,171,132,58,358,190,30,15,10,239,4,4,7,245,31,87,367,300,55,23,13,385,3,0,6,392,45,130,567,269,73,28,10,385,7,0,7,389,58,129,578,323,98,24,9,455,6,0,6
LGA79499,66,14,13,4,96,4,0,10,105,41,107,254,46,13,9,5,68,6,3,8,81,48,82,208,35,9,4,3,44,9,0,7,56,53,70,179,37,7,7,0,52,5,4,13,64,71,79,215,46,9,7,0,60,5,3,15,72,70,84,227,39,13,0,4,53,7,0,6,59,86,89,233,31,10,0,0,49,8,5,9,60,106,53,211,27,9,4,0,38,4,0,4,48,131,51,225,9,0,0,0,13,0,0,0,13,141,34,191,0,0,0,0,3,0,0,0,3,70,18,89,0,0,0,0,0,0,0,0,0,27,11,34,401,96,54,14,574,59,25,77,649,886,744,2286,9,8,0,0,13,3,0,7,15,35,43,95,21,7,0,0,34,13,0,14,50,55,81,183,54,21,12,7,96,16,6,22,116,104,107,320,45,20,11,3,86,13,6,23,101,111,120,336,31,19,11,4,61,15,8,22
LGA79799,3,0,0,0,3,0,0,0,3,6,0,7,7,0,0,0,8,0,0,0,8,8,8,17,0,0,0,0,4,0,0,0,4,5,0,7,0,0,0,0,4,0,0,0,4,4,3,12,0,0,0,0,6,0,0,0,4,0,0,6,0,0,0,6,3,0,0,0,3,0,0,7,0,0,0,0,0,0,0,0,0,0,0,6,0,0,0,0,0,0,0,0,0,0,0,4,0,0,0,0,0,0,0,0,0,0,0,0,0,0,0,0,0,0,0,0,0,0,0,0,0,0,0,0,0,0,0,0,0,0,0,3,16,0,0,7,28,0,0,0,30,28,14,70,0,0,0,0,0,0,0,0,0,0,6,4,5,0,0,0,5,0,0,0,5,0,0,6,5,0,0,0,3,0,0,0,3,0,0,3,12,0,0,0,12,0,0,0,12,0,6,17,3,0,0,0,3,0,0,0
LGA89399,19036,4971,1029,369,25405,673,430,1101,26505,3929,1991,32426,19399,5698,1719,352,27173,609,336,947,28119,3493,1966,33581,17411,5853,1172,330,24760,526,267,792,25554,3067,1517,30129,17146,5284,697,249,23375,483,249,729,24102,2657,1404,28165,16791,4523,562,254,22126,383,182,561,22689,2506,1328,26527,14907,3853,708,202,19670,389,180,571,20237,2967,1180,24389,10989,3533,652,151,15327,333,227,559,15890,5294,1140,22318,5746,3128,479,104,9452,206,181,385,9835,8237,1032,19110,2039,2067,255,63,4420,47,112,166,4585,11751,931,17267,462,822,73,35,1399,25,43,64,1467,9891,804,12163,169,415,44,38,672,10,23,35,705,17436,2372,20506,136935,56998,8472,3014,205419,4863,5301,10168,215585,88427,18399,322413,2192,9811,707,129,12850,326,2065,2391,15233,9923,1128,26286,13190,11817,882,394,26280,736,970,1708,27985,4335,1851,34174,23413,7406,1176,521,32512,796,478,1272,33785,3570,1857,39217,22709,7370,1917,434,32429,596,301,891,33323,3379,1717,38419,22492,7416,1712,299,31921,516,294,808
LGA89499,27,5,0,0,36,6,0,10,46,8,4,63,14,3,4,5,21,6,0,7,26,14,5,47,21,6,3,0,26,4,0,4,30,14,19,61,16,0,0,0,14,3,0,5,18,18,12,48,7,3,0,0,4,0,0,0,10,11,8,26,11,9,0,5,17,6,0,6,23,9,12,48,13,3,0,0,16,0,0,0,18,8,12,37,6,7,0,0,11,0,0,0,12,11,12,38,0,0,0,0,0,0,0,0,0,17,4,19,0,0,0,0,0,0,0,0,0,3,0,10,0,0,0,0,0,0,0,0,0,6,0,10,126,59,11,6,201,33,10,39,247,153,110,506,8,13,6,0,22,4,7,8,34,25,0,58,17,20,0,0,36,4,7,14,50,26,9,82,19,9,3,0,33,3,4,8,39,16,8,63,13,9,8,0,26,0,0,0,26,8,15,45,13,3,0,0,17,0,0,0
LGA89799,0,0,0,0,0,0,0,0,0,0,0,0,0,0,0,0,0,0,0,0,0,0,0,0,0,0,0,0,0,0,0,0,0,0,0,0,0,0,0,0,0,0,0,0,0,0,0,0,0,0,0,0,0,0,0,0,0,0,0,0,0,0,0,0,0,0,0,0,0,0,0,0,0,0,0,0,0,0,0,0,0,0,0,0,0,0,0,0,0,0,0,0,0,0,0,0,0,0,0,0,0,0,0,0,0,0,0,0,0,0,0,0,0,0,0,0,0,0,0,0,0,0,0,0,0,0,0,0,0,0,0,0,0,0,0,0,0,0,0,0,0,0,0,0,0,0,0,0,0,0,0,0,0,0,0,0,0,0,0,0,0,0,0,0,0,0,0,0,0,0,0,0,0,0,0,0,0,0,0,0,0,0,0,0,0,0,0,0,0,0,0,0,0,0,0,0,0,0,0,0
LGA99399,46,14,5,0,66,3,0,6,63,9,10,88,39,25,4,0,75,0,0,0,75,11,7,95,77,36,7,0,117,0,0,0,117,11,4,133,79,22,4,3,114,0,6,5,122,21,14,154,87,33,3,0,125,3,0,4,125,19,15,163,95,35,3,6,139,0,0,0,139,17,19,169,92,32,8,0,134,0,3,4,141,28,13,180,59,30,5,0,95,0,0,3,101,43,22,163,36,33,0,5,67,0,0,0,67,65,17,150,19,21,0,0,36,0,0,0,36,70,7,112,9,18,0,5,32,0,0,0,32,122,25,178,686,337,51,35,1109,14,9,23,1129,466,171,1760,21,43,7,4,79,0,0,0,79,31,15,123,42,23,6,5,77,0,0,0,83,12,14,108,45,22,5,0,74,0,0,0,74,7,17,96,30,26,5,4,67,0,0,0,69,10,16,98,56,44,3,0,105,7,0,3
LGA99499,0,0,0,0,0,0,0,0,0,0,0,0,0,0,0,0,0,0,0,0,0,0,0,0,0,0,0,0,0,0,0,0,0,0,0,5,5,0,0,0,5,0,0,0,4,0,0,6,0,0,0,0,3,0,0,0,3,0,0,3,0,0,0,0,0,0,0,0,3,3,0,3,0,0,0,0,0,0,0,0,0,0,0,0,0,0,0,0,0,0,0,0,0,3,0,5,0,0,0,0,0,0,0,0,0,7,0,9,0,0,0,0,0,0,0,0,0,0,0,3,0,0,0,0,0,0,0,0,0,0,0,0,6,0,4,0,13,3,3,5,17,22,10,45,0,0,0,0,0,0,0,0,0,0,0,0,0,0,0,0,0,0,0,0,0,0,0,0,0,0,0,0,0,0,0,0,0,0,0,0,0,0,0,0,0,0,0,0,0,0,0,4,0,0,0,0,0,0,0,0
LGA99799,0,0,0,0,0,0,0,0,0,0,0,0,3,0,0,0,3,0,0,0,3,0,0,3,0,0,0,0,0,0,0,0,0,0,0,0,0,0,0,0,0,0,0,0,0,0,0,0,0,0,0,0,0,0,0,0,0,0,0,0,0,0,0,0,0,0,0,0,0,0,0,0,0,0,0,0,0,0,0,0,0,0,0,0,0,0,0,0,0,0,0,0,0,0,0,0,0,0,0,0,0,0,0,0,0,0,0,0,0,0,0,0,0,0,0,0,0,0,0,0,0,0,0,0,0,0,0,0,0,0,0,0,7,0,0,0,4,0,0,0,4,0,0,4,0,0,0,0,0,0,0,0,0,0,0,0,0,0,0,0,0,0,0,0,0,0,0,0,0,0,0,0,0,0,0,0,0,0,0,0,0,0,0,0,0,0,0,0,0,0,0,0,0,0,0,0,0,0,0,0
