LGA_CODE_2021,C11_P_FoodHos_PS_15_19,C11_P_FoodHos_PS_20_24,C11_P_FoodHos_PS_25_34,C11_P_FoodHos_PS_35_44,C11_P_FoodHos_PS_45_54,C11_P_FoodHos_PS_55_64,C11_P_FoodHos_PS_65_74,C11_P_FoodHos_PS_75_84,C11_P_FoodHos_PS_85over,C11_P_FoodHos_PS_Tot,C11_P_MixFld_pr_15_19,C11_P_MixFld_pr_20_24,C11_P_MixFld_pr_25_34,C11_P_MixFld_pr_35_44,C11_P_MixFld_pr_45_54,C11_P_MixFld_pr_55_64,C11_P_MixFld_pr_65_74,C11_P_MixFld_pr_75_84,C11_P_MixFld_pr_85over,C11_P_MixFld_pr_Tot,C11_P_FldStu_ID_15_19,C11_P_FldStu_ID_20_24,C11_P_FldStu_ID_25_34,C11_P_FldStu_ID_35_44,C11_P_FldStu_ID_45_54,C11_P_FldStu_ID_55_64,C11_P_FldStu_ID_65_74,C11_P_FldStu_ID_75_84,C11_P_FldStu_ID_85over,C11_P_FldStu_ID_Tot,C11_P_FldStu_NS_15_19,C11_P_FldStu_NS_20_24,C11_P_FldStu_NS_25_34,C11_P_FldStu_NS_35_44,C11_P_FldStu_NS_45_54,C11_P_FldStu_NS_55_64,C11_P_FldStu_NS_65_74,C11_P_FldStu_NS_75_84,C11_P_FldStu_NS_85over,C11_P_FldStu_NS_Tot,C11_P_Tot_15_19,C11_P_Tot_20_24,C11_P_Tot_25_34,C11_P_Tot_35_44,C11_P_Tot_45_54,C11_P_Tot_55_64,C11_P_Tot_65_74,C11_P_Tot_75_84,C11_P_Tot_85over,C11_P_Tot_Tot,C16_P_NatPhy_sci_15_19,C16_P_NatPhy_sci_20_24,C16_P_NatPhy_sci_25_34,C16_P_NatPhy_sci_35_44,C16_P_NatPhy_sci_45_54,C16_P_NatPhy_sci_55_64,C16_P_NatPhy_sci_65_74,C16_P_NatPhy_sci_75_84,C16_P_NatPhy_sci_85over,C16_P_NatPhy_sci_Tot,C16_P_InfTec_15_19,C16_P_InfTec_20_24,C16_P_InfTec_25_34,C16_P_InfTec_35_44,C16_P_InfTec_45_54,C16_P_InfTec_55_64,C16_P_InfTec_65_74,C16_P_InfTec_75_84,C16_P_InfTec_85over,C16_P_InfTec_Tot,C16_P_EngRT_15_19,C16_P_EngRT_20_24,C16_P_EngRT_25_34,C16_P_EngRT_35_44,C16_P_EngRT_45_54,C16_P_EngRT_55_64,C16_P_EngRT_65_74,C16_P_EngRT_75_84,C16_P_EngRT_85over,C16_P_EngRT_Tot,C16_P_ArchBuild_15_19,C16_P_ArchBuild_20_24,C16_P_ArchBuild_25_34,C16_P_ArchBuild_35_44,C16_P_ArchBuild_45_54,C16_P_ArchBuild_55_64,C16_P_ArchBuild_65_74,C16_P_ArchBuild_75_84,C16_P_ArchBuild_85over,C16_P_ArchBuild_Tot,C16_P_AgEnv_RS_15_19,C16_P_AgEnv_RS_20_24,C16_P_AgEnv_RS_25_34,C16_P_AgEnv_RS_35_44,C16_P_AgEnv_RS_45_54,C16_P_AgEnv_RS_55_64,C16_P_AgEnv_RS_65_74,C16_P_AgEnv_RS_75_84,C16_P_AgEnv_RS_85over,C16_P_AgEnv_RS_Tot,C16_P_Health_15_19,C16_P_Health_20_24,C16_P_Health_25_34,C16_P_Health_35_44,C16_P_Health_45_54,C16_P_Health_55_64,C16_P_Health_65_74,C16_P_Health_75_84,C16_P_Health_85over,C16_P_Health_Tot,C16_P_Educ_15_19,C16_P_Educ_20_24,C16_P_Educ_25_34,C16_P_Educ_35_44,C16_P_Educ_45_54,C16_P_Educ_55_64,C16_P_Educ_65_74,C16_P_Educ_75_84,C16_P_Educ_85over,C16_P_Educ_Tot,C16_P_MngtCom_15_19,C16_P_MngtCom_20_24,C16_P_MngtCom_25_34,C16_P_MngtCom_35_44,C16_P_MngtCom_45_54,C16_P_MngtCom_55_64,C16_P_MngtCom_65_74,C16_P_MngtCom_75_84,C16_P_MngtCom_85over,C16_P_MngtCom_Tot,C16_P_Soc_cult_15_19,C16_P_Soc_cult_20_24,C16_P_Soc_cult_25_34,C16_P_Soc_cult_35_44,C16_P_Soc_cult_45_54,C16_P_Soc_cult_55_64,C16_P_Soc_cult_65_74,C16_P_Soc_cult_75_84,C16_P_Soc_cult_85over,C16_P_Soc_cult_Tot,C16_P_Creative_art_15_19,C16_P_Creative_art_20_24,C16_P_Creative_art_25_34,C16_P_Creative_art_35_44,C16_P_Creative_art_45_54,C16_P_Creative_art_55_64,C16_P_Creative_art_65_74,C16_P_Creative_art_75_84,C16_P_Creative_art_85over,C16_P_Creative_art_Tot,C16_P_FoodHos_PS_15_19,C16_P_FoodHos_PS_20_24,C16_P_FoodHos_PS_25_34,C16_P_FoodHos_PS_35_44,C16_P_FoodHos_PS_45_54,C16_P_FoodHos_PS_55_64,C16_P_FoodHos_PS_65_74,C16_P_FoodHos_PS_75_84,C16_P_FoodHos_PS_85over,C16_P_FoodHos_PS_Tot,C16_P_MixFld_pr_15_19,C16_P_MixFld_pr_20_24,C16_P_MixFld_pr_25_34,C16_P_MixFld_pr_35_44,C16_P_MixFld_pr_45_54,C16_P_MixFld_pr_55_64,C16_P_MixFld_pr_65_74,C16_P_MixFld_pr_75_84,C16_P_MixFld_pr_85over,C16_P_MixFld_pr_Tot,C16_P_FldStu_ID_15_19,C16_P_FldStu_ID_20_24,C16_P_FldStu_ID_25_34,C16_P_FldStu_ID_35_44,C16_P_FldStu_ID_45_54,C16_P_FldStu_ID_55_64,C16_P_FldStu_ID_65_74,C16_P_FldStu_ID_75_84,C16_P_FldStu_ID_85over,C16_P_FldStu_ID_Tot,C16_P_FldStu_NS_15_19,C16_P_FldStu_NS_20_24,C16_P_FldStu_NS_25_34,C16_P_FldStu_NS_35_44,C16_P_FldStu_NS_45_54,C16_P_FldStu_NS_55_64,C16_P_FldStu_NS_65_74,C16_P_FldStu_NS_75_84,C16_P_FldStu_NS_85over,C16_P_FldStu_NS_Tot,C16_P_Tot_15_19,C16_P_Tot_20_24,C16_P_Tot_25_34,C16_P_Tot_35_44,C16_P_Tot_45_54,C16_P_Tot_55_64,C16_P_Tot_65_74,C16_P_Tot_75_84,C16_P_Tot_85over,C16_P_Tot_Tot
LGA10050,69,188,330,311,182,118,65,37,4,1303,0,3,3,5,6,0,0,0,0,15,4,14,38,31,37,40,15,5,5,190,319,231,391,445,447,452,481,537,347,3651,577,1729,4168,4070,4019,3173,1746,1112,492,21080,0,16,85,99,81,73,37,12,0,413,4,37,91,115,78,53,26,0,0,400,28,191,687,566,647,600,444,214,68,3438,24,152,346,255,238,260,145,89,30,1542,0,52,117,142,121,105,77,49,9,673,17,155,598,505,473,526,301,101,47,2727,7,84,412,373,387,484,259,103,23,2137,37,321,891,930,873,689,376,148,57,4318,31,196,528,573,509,413,204,46,6,2504,13,60,153,117,98,71,52,18,4,581,57,181,394,316,238,158,94,50,13,1507,9,17,13,10,4,9,11,15,4,88,0,16,49,50,49,34,21,14,0,237,282,328,547,498,506,561,506,513,253,3992,519,1810,4901,4556,4301,4028,2549,1379,518,24553
LGA10180,31,81,121,97,71,54,24,11,4,488,0,10,3,4,3,3,0,0,0,26,0,7,20,32,44,20,18,10,6,151,237,210,261,293,260,242,236,215,111,2070,423,1032,2037,2195,2541,2110,1224,626,266,12446,0,44,137,116,123,122,95,34,19,683,6,22,77,52,38,18,8,0,0,231,11,73,194,163,216,224,152,85,29,1148,19,38,110,102,127,109,78,41,5,613,35,82,199,182,183,120,87,39,9,938,19,97,327,226,263,271,169,83,37,1484,0,45,218,242,266,346,206,93,25,1438,26,151,339,370,441,349,216,83,25,2005,37,179,379,385,384,369,248,74,18,2076,7,37,97,69,74,58,34,21,7,409,32,77,134,94,101,62,28,12,3,538,8,12,4,0,0,0,9,5,0,37,0,12,14,26,34,32,18,7,0,136,248,306,303,240,362,307,277,230,115,2397,463,1174,2535,2275,2603,2380,1618,799,287,14133
LGA10250,27,99,226,255,180,118,76,29,6,1021,0,4,5,0,4,0,3,0,0,28,0,9,19,24,39,37,13,11,12,159,199,110,205,293,345,351,358,490,299,2656,333,717,2264,3362,3887,3649,2111,1363,624,18301,0,8,32,74,88,94,76,25,9,408,0,10,42,46,50,40,25,0,0,214,8,94,289,381,441,561,510,270,104,2661,7,59,211,249,297,273,202,105,33,1446,17,32,104,159,150,128,86,27,11,706,11,56,305,465,544,617,358,171,82,2617,7,38,247,361,439,659,422,181,59,2422,14,104,423,639,715,709,546,194,85,3437,19,102,294,451,523,525,280,89,19,2295,9,42,121,131,118,105,70,21,10,627,27,102,245,252,228,137,116,41,12,1150,0,3,6,6,3,3,0,9,3,41,3,8,27,38,56,41,35,20,10,224,243,114,296,377,488,571,512,494,426,3521,362,776,2642,3630,4152,4470,3235,1649,850,21767
LGA10300,3,5,12,13,9,7,0,0,0,50,0,0,0,0,0,0,0,0,0,0,0,0,0,0,3,0,0,0,0,7,16,16,19,23,44,34,29,25,12,212,23,47,126,139,161,114,58,33,16,719,0,0,3,0,0,0,0,0,0,6,0,0,0,0,0,0,0,0,0,3,0,13,12,8,18,18,13,4,0,85,0,0,6,6,3,3,0,0,0,27,5,5,16,11,11,20,8,0,3,75,0,3,16,13,11,20,7,3,4,78,0,7,12,13,16,11,0,4,0,65,0,5,18,20,11,11,0,0,0,67,0,8,9,9,11,10,5,4,0,46,0,0,0,0,0,0,0,0,0,7,0,3,12,8,10,4,3,0,0,51,0,0,0,0,0,5,0,0,0,5,0,3,0,0,0,0,0,0,0,9,30,17,32,30,33,59,32,25,9,285,42,57,151,136,128,163,77,39,16,803
LGA10470,36,124,223,209,99,82,44,22,0,839,3,0,0,3,3,0,3,0,0,19,0,10,25,27,38,17,9,14,3,148,325,337,538,512,433,389,361,339,152,3396,514,1426,3151,3385,3307,2710,1509,850,302,17161,0,15,51,64,67,63,55,16,0,320,5,20,102,70,53,48,18,4,0,322,17,150,533,508,561,591,383,154,51,2956,12,83,254,202,218,202,119,53,15,1171,9,35,93,132,121,96,84,47,7,620,19,144,355,317,371,410,228,95,45,1988,9,62,333,319,353,431,261,84,46,1899,31,221,619,685,658,506,302,101,36,3163,40,174,434,437,436,289,178,59,18,2069,13,72,120,122,95,56,61,13,6,560,41,130,245,214,168,105,68,30,11,1005,0,13,10,8,3,5,5,5,4,56,7,14,32,29,52,28,21,9,3,185,348,496,674,539,535,487,465,335,200,4086,557,1623,3847,3647,3691,3325,2261,1015,437,20395
LGA10500,59,408,1136,808,473,287,158,72,22,3424,11,21,20,15,23,21,11,9,7,139,0,52,199,219,190,92,44,27,4,828,815,839,2078,1813,1548,1518,1366,1201,682,11860,1207,4753,17873,14462,10480,7092,4157,2628,1171,63831,8,196,659,516,463,286,139,55,12,2332,16,306,1712,1259,522,162,60,7,0,4044,25,550,2347,1818,1795,1556,1108,613,210,10021,30,235,864,841,654,408,249,152,44,3467,4,47,168,169,100,101,42,31,3,661,19,386,1792,1146,930,680,366,176,70,5559,19,202,1036,874,769,650,396,171,64,4179,95,1824,8037,5204,3199,1772,880,303,125,21434,55,665,2374,1892,1346,975,383,131,37,7858,37,433,1183,744,430,191,118,43,11,3184,58,314,1274,897,620,350,222,79,29,3845,32,29,52,30,30,49,56,32,18,329,4,64,249,276,230,159,71,34,5,1092,583,907,2498,1738,1399,1241,1074,1150,1006,11591,1001,6155,24255,17394,12477,8584,5137,2972,1637,79606
LGA10550,26,77,196,205,197,115,68,27,8,916,5,4,0,0,0,0,3,4,0,15,0,4,18,32,42,48,23,11,0,175,216,88,174,238,308,408,373,390,234,2420,320,513,1451,2235,3096,3278,1996,1028,431,14358,0,8,20,45,66,83,99,20,6,362,0,6,32,26,28,50,20,9,0,173,11,83,226,254,453,585,461,266,77,2418,10,57,171,152,224,289,190,85,23,1205,4,19,78,144,149,166,94,23,4,687,6,38,163,218,372,464,283,118,44,1703,0,25,113,193,255,494,337,123,24,1567,21,84,212,351,439,518,378,106,41,2144,10,67,183,260,360,457,271,62,17,1692,0,9,58,71,89,138,78,33,4,493,20,83,200,177,182,160,112,37,8,981,0,0,0,0,0,0,8,16,3,34,6,8,10,40,42,51,42,12,6,214,256,122,236,281,478,586,544,444,270,3216,357,616,1696,2217,3138,4037,2929,1356,535,16882
LGA10600,15,26,58,67,58,42,21,14,4,299,0,0,6,0,0,0,0,0,0,4,0,0,9,19,18,22,0,3,0,77,75,31,51,68,103,95,107,116,60,695,128,181,513,1011,1412,1203,686,361,133,5619,0,6,3,31,32,41,32,11,0,153,0,7,12,15,13,19,4,3,0,72,0,27,75,117,154,205,179,87,18,861,4,4,39,59,87,118,66,28,9,424,6,16,39,47,60,69,28,11,8,277,0,10,59,120,171,186,117,31,14,713,0,11,57,91,131,216,140,48,16,713,5,29,90,138,168,180,110,62,16,799,0,19,69,127,196,228,99,25,11,774,0,4,31,66,55,71,34,20,5,294,9,24,67,61,61,52,26,12,9,319,0,0,0,0,0,0,4,3,0,8,0,4,5,9,26,17,8,9,0,86,98,35,79,103,158,163,176,152,57,1027,138,199,636,983,1310,1559,1037,500,146,6510
LGA10650,4,19,38,46,34,20,21,7,3,194,0,0,0,0,0,0,0,0,0,4,0,0,3,4,8,3,0,0,0,21,77,21,34,68,80,87,141,161,89,758,115,142,431,503,584,565,432,289,131,3181,0,0,5,4,3,11,4,0,0,38,0,0,8,0,3,5,3,0,0,29,0,39,73,94,86,114,97,53,13,573,0,10,24,19,27,46,35,24,3,198,0,12,64,48,35,53,27,8,3,250,0,8,65,44,58,96,78,36,7,394,0,9,45,56,41,55,39,21,7,273,4,12,71,72,75,74,60,25,4,407,7,15,50,57,53,67,40,10,3,308,0,0,0,6,4,10,0,5,3,38,9,23,54,51,36,33,21,7,5,231,3,0,0,0,0,4,3,3,4,20,0,0,3,10,0,10,3,4,0,34,75,52,88,109,112,149,176,126,76,968,97,191,561,576,551,715,599,328,134,3758
LGA10750,201,824,1802,1193,754,440,189,70,13,5488,25,28,35,38,46,28,16,4,4,221,15,106,461,476,378,189,87,28,8,1756,2187,1652,3244,3253,3013,2654,2075,1539,618,20244,3454,9756,30755,28712,22160,14834,6602,3170,976,120419,11,357,1073,1181,904,618,248,65,6,4454,80,599,3098,3606,1059,374,91,8,0,8919,104,921,3895,5109,5069,4078,2221,885,202,22474,114,597,1434,1404,1162,785,497,238,69,6299,26,133,369,398,344,270,93,32,9,1669,92,895,3433,2892,2143,1679,667,204,81,12080,45,529,2151,2138,1587,1310,801,237,83,8874,299,2344,10046,9640,6027,3966,1686,377,91,34469,192,1389,3985,3728,2900,1865,727,190,38,15011,83,602,1383,852,447,258,141,47,12,3827,244,699,2224,1528,960,581,296,89,19,6627,32,48,70,59,59,68,72,37,10,458,25,139,579,680,506,322,140,51,18,2463,1646,1599,3727,3461,2974,2450,2046,1308,609,19810,2983,10854,37445,36672,26132,18618,9729,3761,1244,147434
LGA10800,4,17,28,21,16,14,4,3,0,94,0,0,0,0,0,0,0,0,0,6,0,0,0,7,3,0,0,4,0,20,39,10,40,44,50,41,60,66,25,369,65,104,373,402,385,315,201,139,33,2022,0,0,9,5,6,3,0,0,0,26,0,0,6,0,0,3,0,0,0,12,14,42,79,74,57,61,39,29,9,398,3,0,24,17,17,14,9,4,3,91,7,13,29,39,47,34,33,12,7,223,5,3,35,21,40,48,25,13,5,192,0,7,44,45,35,42,25,5,3,217,10,18,43,87,53,44,20,7,0,289,0,12,36,40,29,25,15,4,0,162,0,0,8,8,5,7,0,0,0,26,5,15,14,19,18,23,6,0,0,109,0,0,0,0,0,0,6,4,0,8,0,0,5,4,4,5,0,0,0,19,54,35,74,83,98,124,89,98,77,728,93,152,404,451,400,442,271,176,104,2494
LGA10850,4,18,42,38,23,11,8,0,0,150,0,0,0,0,0,0,0,0,0,0,0,0,0,5,7,4,0,0,0,22,49,27,26,59,70,86,83,79,15,495,70,178,417,577,568,492,302,169,26,2798,0,0,0,8,15,5,7,0,0,40,0,0,0,7,7,0,7,0,0,20,6,25,98,95,112,94,56,27,10,519,4,11,28,35,25,34,18,6,0,162,6,17,37,34,55,37,32,15,0,223,4,8,62,79,76,80,48,19,9,379,0,8,28,64,44,79,42,10,6,289,3,20,84,115,102,91,44,21,4,485,3,22,52,52,62,67,27,4,0,287,0,3,13,13,13,4,10,4,0,59,5,24,43,47,27,17,14,7,0,172,3,0,0,0,0,4,7,0,0,15,5,0,3,6,3,8,8,0,0,42,52,41,61,86,106,96,101,73,33,634,80,176,505,636,655,613,417,184,57,3323
LGA10900,67,197,340,337,246,170,100,44,12,1512,9,6,8,5,10,10,0,0,5,41,5,22,59,112,109,105,52,27,8,500,435,264,402,652,802,769,593,550,347,4813,732,1907,5133,7930,8774,8185,4318,2064,782,39834,4,52,114,273,298,322,265,67,13,1421,9,58,137,227,187,164,61,5,3,857,17,159,573,808,1108,1120,928,442,139,5292,16,153,365,434,469,375,270,118,36,2231,23,66,204,246,243,184,90,37,6,1096,28,153,497,795,947,1064,625,281,101,4487,12,94,559,892,1030,1495,944,343,71,5437,68,313,830,1289,1392,1463,1033,327,128,6844,48,222,827,1152,1327,1277,899,265,48,6067,35,178,440,618,519,428,246,76,28,2573,94,202,369,335,299,181,140,47,18,1687,13,10,11,7,8,10,22,11,4,93,0,30,75,127,121,98,77,38,15,582,278,181,394,556,645,739,743,503,279,4309,638,1868,5395,7755,8602,8924,6334,2567,883,42969
LGA10950,4,0,15,15,3,4,0,3,0,45,0,0,0,0,0,0,0,0,0,0,0,0,0,0,0,0,0,0,0,5,25,13,18,47,44,41,57,35,9,294,34,70,163,214,186,127,105,62,16,971,0,0,4,0,3,0,0,0,0,10,0,0,6,0,0,0,0,0,0,5,0,16,35,30,41,24,15,6,0,173,0,3,14,0,8,4,5,0,0,38,0,5,8,16,25,16,0,10,0,76,0,9,18,15,15,16,15,10,4,93,3,11,29,20,24,17,5,0,0,104,0,9,11,21,30,10,7,0,0,85,0,5,22,13,11,12,3,3,0,72,0,0,3,3,0,0,6,0,0,9,0,4,12,15,10,7,3,0,0,46,0,0,0,0,0,0,0,0,0,9,0,0,0,0,3,0,0,0,0,9,31,28,44,49,52,41,35,39,20,333,35,85,208,178,219,145,102,64,23,1063
LGA11150,0,7,11,9,5,0,0,0,0,35,0,0,0,0,0,0,0,0,0,0,0,0,0,4,0,0,0,0,0,8,49,28,53,88,68,59,44,49,5,439,49,75,242,273,212,159,80,64,9,1163,0,0,3,0,0,0,0,0,0,7,0,0,0,7,3,0,0,0,0,9,0,10,24,16,16,18,10,0,0,95,0,5,7,9,9,6,0,3,0,35,0,5,11,15,10,11,0,0,0,51,0,9,26,15,24,12,10,5,0,98,0,4,40,19,12,13,11,4,0,94,3,19,24,26,23,12,5,4,0,110,0,9,40,20,32,14,6,0,0,118,0,0,4,0,4,4,3,0,0,14,0,3,12,9,5,4,0,0,0,33,0,5,0,0,0,3,0,0,0,3,0,0,6,7,0,0,0,0,0,11,33,42,70,60,93,77,48,40,14,472,41,97,254,194,237,163,95,55,16,1151
LGA11200,0,0,4,0,0,0,0,3,0,4,0,0,0,0,0,0,0,0,0,0,0,0,0,0,0,0,0,0,0,0,22,20,24,29,40,16,12,9,6,189,32,50,102,108,115,71,22,16,4,531,0,0,0,0,0,0,0,0,0,4,0,0,0,0,0,0,0,0,0,3,0,0,11,9,11,6,6,0,0,45,0,6,3,6,7,3,0,0,0,26,0,5,11,0,10,8,0,0,0,36,0,9,14,12,11,7,0,0,3,56,0,0,20,16,12,15,3,0,0,62,0,0,13,10,15,9,3,0,0,51,0,5,17,8,11,4,6,0,0,51,0,0,0,0,0,0,0,0,0,4,0,3,0,4,0,0,0,0,0,11,0,0,0,0,3,0,0,0,0,11,0,0,4,0,6,0,0,0,0,3,21,40,54,28,44,39,11,6,0,241,24,66,147,87,128,92,28,6,4,596
LGA11250,4,52,89,84,70,52,27,8,0,385,0,4,0,0,0,0,0,0,0,12,0,5,3,7,7,10,4,6,0,35,122,115,219,196,282,289,313,425,245,2209,195,498,1090,1162,1435,1186,700,615,283,7156,0,0,10,12,14,14,6,6,0,58,0,4,37,20,24,23,8,0,0,115,11,92,240,218,229,297,182,77,24,1379,4,20,58,45,58,81,54,32,12,357,0,3,20,18,28,31,7,3,0,108,10,62,174,127,174,195,68,32,5,843,0,21,118,109,107,102,54,8,4,526,10,59,185,175,216,169,93,35,10,957,11,33,139,138,154,134,57,8,6,679,0,12,23,16,12,15,18,4,3,101,12,36,93,67,63,53,39,12,6,384,6,0,0,0,0,7,7,4,5,25,0,5,15,10,16,23,0,4,0,73,101,99,238,202,257,248,313,266,235,1969,169,457,1361,1157,1350,1382,896,486,305,7575
LGA11300,12,173,345,124,84,51,26,7,6,825,8,22,6,3,9,4,3,0,0,45,0,23,64,39,38,22,9,5,3,216,188,308,519,297,341,269,263,316,293,2789,274,1816,5024,3068,2780,1832,961,725,452,16929,0,85,179,112,126,97,60,25,15,700,5,98,566,340,154,60,17,0,0,1245,3,179,511,326,374,320,172,117,58,2055,3,47,176,158,140,81,57,39,10,708,0,11,24,19,21,25,9,4,4,123,5,132,514,256,257,219,131,72,33,1623,0,58,216,166,200,195,133,73,33,1077,29,812,2225,1030,813,480,205,69,39,5704,4,211,621,408,382,309,142,50,13,2142,6,141,305,161,114,59,18,20,6,835,10,97,276,166,114,54,42,21,4,783,20,31,18,7,15,9,6,7,0,109,6,31,70,46,40,37,22,13,7,264,123,292,538,310,266,225,198,191,162,2315,221,2233,6236,3494,3009,2181,1218,694,389,19682
LGA11350,24,71,207,242,168,88,32,16,4,859,0,0,0,0,5,5,0,0,3,12,0,12,22,44,52,33,14,4,0,184,195,126,246,335,380,353,223,183,93,2135,288,588,1923,3203,3538,3104,1266,540,221,14668,0,16,69,97,78,96,64,10,9,438,4,3,24,49,46,36,16,0,0,181,4,38,171,248,305,376,287,105,49,1585,0,26,206,202,259,264,132,33,12,1145,5,26,73,130,128,106,49,25,3,546,7,39,269,360,428,505,230,78,33,1964,5,27,157,241,310,504,293,64,20,1618,14,77,344,438,426,415,246,68,20,2044,13,53,288,434,484,496,304,46,15,2140,5,52,280,362,322,233,89,20,5,1372,15,65,201,239,203,135,58,15,6,933,5,4,3,10,6,4,10,0,4,51,0,8,29,61,69,58,34,12,6,279,275,196,524,609,701,807,486,219,152,3970,358,627,2650,3465,3763,4053,2308,704,334,18262
LGA11400,7,30,52,60,46,31,14,4,0,253,0,0,3,0,0,0,0,0,0,6,0,0,0,22,9,14,0,5,3,53,64,28,51,85,100,130,116,126,72,783,139,253,740,1053,1199,934,598,263,103,5279,0,6,10,18,24,24,18,5,0,105,0,0,4,15,17,8,0,0,0,46,6,64,148,169,195,164,139,47,15,948,6,28,64,79,64,60,33,13,0,358,6,13,38,124,119,95,74,32,7,512,9,19,104,127,163,162,88,37,10,717,5,8,65,98,108,103,81,22,3,486,6,32,134,185,229,151,110,32,5,882,15,22,100,109,136,90,59,12,0,537,3,5,24,25,16,16,16,3,0,110,7,28,56,49,55,30,23,7,0,249,0,0,0,0,0,0,0,4,0,9,0,0,4,13,9,13,4,4,0,51,107,46,109,134,184,147,172,114,51,1062,170,277,867,1144,1315,1072,817,332,104,6089
LGA11450,46,173,285,328,175,121,46,16,3,1193,0,0,3,4,3,4,4,0,0,26,3,16,49,74,40,33,11,3,0,233,372,190,366,491,451,403,359,287,123,3050,631,1812,5128,5961,4409,3079,1415,704,255,23394,0,55,152,153,119,86,43,20,10,638,10,66,261,300,117,42,15,0,0,825,36,275,1271,1279,1239,1001,619,253,67,6038,35,235,676,671,413,248,149,60,13,2504,22,55,169,129,106,52,27,15,4,588,35,170,729,682,562,381,195,62,19,2832,14,133,906,890,572,492,234,75,13,3334,74,470,1782,1905,1458,895,425,114,29,7151,68,377,1174,1042,674,379,171,29,10,3929,27,160,325,206,99,72,28,8,9,930,56,199,547,412,303,163,96,27,3,1810,13,6,4,11,11,7,9,7,3,66,3,21,66,108,74,49,27,7,3,359,331,282,685,676,564,411,442,344,328,4060,719,2510,8760,8465,6301,4278,2490,1029,515,35064
LGA11500,126,399,817,567,379,304,108,39,7,2742,16,6,5,20,22,15,7,3,0,104,18,48,145,170,161,116,38,14,10,712,1300,884,1559,1607,1758,1633,1097,808,470,11107,2089,5142,12571,11214,11071,8777,3694,1574,640,56770,5,154,402,348,319,224,115,38,11,1611,34,206,897,895,341,189,46,8,0,2624,59,541,1788,1864,2167,2354,1380,511,109,10774,79,358,730,631,493,479,324,128,28,3246,13,69,211,199,153,114,50,11,4,828,69,473,1340,1141,958,847,417,106,36,5394,18,273,965,759,753,780,425,130,30,4128,152,1102,3727,3273,2482,2003,974,199,50,13961,118,790,2090,1818,1390,987,375,73,15,7659,45,275,592,281,207,150,95,29,6,1685,120,389,1030,701,479,328,193,55,12,3306,17,19,14,35,20,36,44,21,7,222,13,71,186,213,206,151,88,17,9,948,893,872,1674,1542,1390,1360,1203,716,463,10106,1629,5597,15662,13704,11369,9997,5727,2039,775,66495
LGA11520,28,207,470,396,257,153,68,38,8,1617,0,21,7,5,10,8,0,9,0,54,6,32,113,122,95,54,30,11,3,465,352,498,1196,948,778,590,557,550,294,5765,502,2775,11089,9864,7386,5122,2630,1496,623,41481,0,101,399,343,347,244,139,47,14,1636,6,125,994,824,363,146,34,5,3,2505,16,226,1220,1021,1006,906,617,294,140,5455,11,133,471,474,416,279,194,111,29,2115,0,26,90,94,63,50,30,9,4,364,8,188,1138,804,709,605,363,185,72,4068,5,116,587,601,570,682,448,163,49,3219,47,1027,4994,3569,2576,1594,891,257,116,15066,23,357,1431,1361,983,818,454,119,32,5593,17,272,788,604,344,193,64,40,15,2345,35,157,563,378,327,167,126,32,18,1797,11,23,22,9,19,24,19,13,9,138,5,41,138,171,139,97,47,23,10,658,268,445,1285,925,737,640,545,374,310,5529,445,3235,14116,11183,8601,6442,3977,1675,820,50493
LGA11570,171,825,2012,1412,859,492,238,114,34,6148,26,37,37,51,52,50,21,22,8,300,15,103,400,410,293,155,82,56,20,1529,2375,2127,4374,4237,4072,3358,2792,2817,1618,27764,3505,10787,31734,27818,22293,14404,8035,5663,2512,126762,12,386,1041,896,847,535,246,81,17,4061,46,470,2465,2246,1018,405,71,9,0,6722,88,878,3364,3681,4041,3455,2131,1308,486,19433,100,621,1751,1689,1404,836,564,368,108,7426,10,75,272,263,249,179,74,35,10,1171,66,897,2976,2027,1613,1226,551,298,102,9762,48,709,2295,1916,1714,1459,780,294,94,9307,244,2640,10776,8097,5579,3289,1490,498,231,32842,171,1478,4217,3803,2844,1951,783,216,72,15529,58,681,1509,1075,700,361,174,69,21,4642,169,567,2169,1782,1141,596,354,113,53,6938,45,57,113,72,89,93,68,57,28,623,27,141,424,506,418,271,139,71,31,2037,1623,1909,4340,3541,3375,2726,2222,1839,1279,22854,2708,11516,37711,31584,25034,17370,9648,5260,2531,143366
LGA11600,4,9,8,7,3,0,0,0,0,39,0,0,0,0,0,0,0,0,0,0,0,0,4,0,0,0,0,0,0,6,15,9,20,24,36,18,24,21,9,174,24,63,162,185,193,116,64,30,9,849,0,0,7,5,3,3,3,0,0,17,0,0,3,4,0,0,0,0,0,8,0,12,28,29,38,35,8,6,6,154,0,5,13,0,3,5,11,0,0,42,4,16,39,27,35,22,13,3,0,156,0,5,28,19,14,15,5,0,0,88,0,3,16,19,14,24,6,0,0,80,7,6,19,29,28,19,11,4,3,115,0,12,23,6,18,13,4,0,0,71,0,0,4,0,0,4,0,0,0,4,0,3,12,9,4,3,5,0,0,38,0,0,0,0,0,0,0,0,0,5,0,0,5,0,5,0,0,0,0,14,25,18,50,47,45,43,24,25,16,290,44,80,239,192,209,190,82,39,23,1091
LGA11650,262,822,1814,1850,1300,952,541,249,74,7865,12,12,22,25,23,27,13,17,7,157,21,53,154,264,231,200,124,72,42,1164,2128,1194,2113,2914,3263,3079,3706,4240,2663,25300,3599,8108,21350,26325,26543,21724,14808,9932,4349,136733,8,156,446,582,509,469,342,150,48,2710,58,186,678,802,657,369,160,33,4,2945,113,764,2867,3374,4483,4621,4000,2285,842,23343,107,653,2090,2264,2246,1829,1321,739,219,11474,45,252,632,677,611,448,224,111,35,3034,147,676,2742,2988,3299,3168,1715,777,271,15790,32,381,2083,2211,2135,2752,1785,763,211,12348,286,1470,4497,5867,5589,4747,3557,1349,500,27863,276,1219,3285,3548,3422,2682,1507,463,145,16554,118,503,1083,1056,752,609,373,182,53,4735,280,879,2072,1844,1578,1054,863,323,111,9003,35,27,29,26,42,45,76,110,32,413,18,81,191,304,353,282,195,90,57,1573,1609,1289,2383,2703,3141,3117,3499,3401,2617,23759,3127,8525,25081,28247,28815,26192,19631,10773,5142,155543
LGA11700,0,0,3,0,0,3,3,0,0,15,0,0,0,0,0,0,0,0,0,0,0,0,3,0,0,0,0,0,0,3,9,23,33,32,36,29,22,7,3,194,16,46,124,115,118,118,55,19,0,613,0,0,0,0,0,0,6,0,0,5,0,0,0,0,0,0,0,0,0,3,3,3,4,10,11,19,11,0,0,57,0,3,3,7,4,4,4,0,0,21,0,5,9,12,9,7,3,0,0,47,0,0,3,7,9,18,3,0,0,42,0,4,23,3,14,14,3,0,0,58,0,0,4,15,4,8,6,0,0,37,0,0,18,7,14,5,0,0,0,49,0,0,0,0,0,4,3,0,0,9,4,0,3,4,0,4,6,0,0,27,0,0,0,0,0,0,0,0,0,0,0,0,0,0,0,0,0,0,0,0,34,29,93,61,70,48,36,20,0,401,43,44,165,129,136,132,85,23,0,758
LGA11720,37,195,434,305,173,121,51,24,8,1352,3,0,0,6,5,0,0,0,0,15,5,7,31,44,32,26,13,3,0,165,403,266,588,644,648,679,517,506,202,4450,628,1510,3721,3808,3705,3333,1731,953,307,19690,0,6,64,70,44,76,38,9,0,307,3,20,71,55,61,36,17,0,0,263,21,334,925,947,1021,951,626,246,59,5136,12,76,234,223,212,232,168,57,17,1230,3,34,107,129,88,86,33,13,4,508,30,103,383,376,447,515,264,98,18,2232,3,43,268,238,223,264,155,60,17,1266,66,293,838,758,636,486,301,62,24,3467,37,166,407,381,345,306,153,28,8,1838,7,37,77,77,55,64,48,15,0,385,48,208,498,365,239,163,86,31,6,1653,5,8,8,6,8,9,11,7,5,70,0,12,24,32,43,30,19,14,0,185,376,409,918,746,733,715,735,479,263,5368,604,1749,4832,4408,4158,3931,2662,1121,421,23895
LGA11730,42,119,221,268,218,165,90,23,3,1148,5,9,0,0,0,4,0,6,0,20,3,9,18,25,50,38,23,10,3,179,323,196,351,493,539,538,613,626,268,3956,552,979,2363,3324,4146,4132,2572,1473,459,20002,0,8,31,54,54,65,54,23,4,298,9,22,53,40,45,47,20,5,0,240,19,166,398,445,636,791,744,337,112,3657,8,65,171,229,273,399,292,129,28,1600,9,41,97,155,163,119,82,34,8,691,12,84,266,327,419,621,354,156,54,2291,10,35,204,265,309,565,305,119,19,1835,47,160,433,559,661,753,504,179,81,3363,26,117,315,490,550,521,249,69,19,2362,3,31,83,101,70,110,72,13,5,494,50,123,256,258,210,183,151,51,16,1290,7,0,4,5,0,8,19,21,7,77,0,8,12,48,56,50,43,15,10,248,428,235,483,575,681,838,838,650,322,5055,625,1089,2813,3547,4146,5069,3721,1812,689,23510
LGA11750,5,14,28,18,16,8,4,0,0,84,0,0,0,0,0,0,0,0,0,6,0,0,0,4,4,0,0,0,0,6,39,28,75,60,56,61,56,43,7,419,58,154,403,359,332,210,114,68,14,1698,0,0,17,5,10,4,4,0,0,30,0,0,4,0,7,0,0,0,0,12,0,48,133,101,74,78,21,11,0,465,0,5,7,18,12,8,4,7,0,56,6,3,15,25,13,12,3,6,0,83,3,6,31,38,29,30,9,5,5,151,0,9,50,28,23,15,0,5,0,134,7,11,73,47,38,28,10,0,0,216,0,9,36,33,25,11,4,0,0,119,0,0,7,9,0,4,0,0,0,17,0,5,24,14,14,10,8,0,0,76,0,0,0,0,0,0,0,0,0,5,0,0,5,3,5,7,0,0,0,20,43,45,84,85,102,86,62,36,10,553,58,146,483,397,348,293,121,73,20,1936
LGA11800,56,213,465,378,304,236,119,46,14,1836,9,6,3,5,5,9,3,3,4,45,0,10,31,61,52,60,25,20,8,266,459,259,460,568,685,713,717,827,600,5289,788,1615,4280,5510,6319,5809,3268,1937,919,30444,0,28,92,113,112,129,106,32,11,618,11,56,122,110,76,83,44,8,0,517,44,209,603,626,879,971,874,428,149,4773,19,111,357,381,465,523,326,168,43,2391,13,63,210,241,239,174,80,39,11,1066,30,159,613,717,806,866,431,191,56,3859,7,86,437,511,566,811,568,206,44,3231,76,315,898,1148,1200,1146,694,251,68,5809,42,206,646,716,798,826,418,111,25,3785,15,58,182,182,160,144,96,32,12,880,79,185,457,383,360,283,181,59,32,2018,4,13,14,3,15,9,11,13,11,88,0,13,46,69,75,74,66,24,13,386,404,331,672,654,825,930,844,831,640,6125,737,1837,5353,5852,6565,6966,4735,2383,1121,35554
LGA12000,0,9,11,14,7,15,4,0,0,71,0,0,0,0,0,0,3,0,0,4,0,0,0,4,4,4,0,0,0,11,30,19,10,33,62,34,59,50,25,331,53,80,192,294,317,251,155,87,44,1477,0,0,3,8,6,4,9,0,0,23,0,0,3,0,0,0,5,0,0,13,0,26,42,42,56,56,23,14,0,262,0,15,12,16,12,7,9,3,0,76,4,11,12,31,34,30,22,10,0,152,0,14,32,24,32,25,26,14,0,160,0,6,22,33,42,32,26,8,0,172,3,11,33,37,56,36,22,7,0,205,0,11,31,30,29,35,15,7,0,163,0,4,8,7,5,4,0,0,0,29,0,11,23,16,13,12,6,0,0,89,0,0,0,0,0,0,0,0,0,3,0,3,4,7,11,0,5,5,0,29,35,17,43,63,71,74,92,74,44,506,54,130,259,320,365,320,248,134,49,1885
LGA12150,3,11,13,5,4,0,3,6,0,41,0,0,0,0,4,0,0,0,0,3,0,0,0,0,0,4,0,0,0,15,48,25,31,44,46,62,74,56,16,396,71,84,218,234,269,188,135,87,23,1310,0,0,0,0,0,0,0,0,0,11,0,0,0,0,0,0,0,0,0,0,0,11,28,21,30,24,18,10,4,139,0,0,21,12,15,6,3,3,0,62,4,16,30,19,30,29,8,3,0,128,0,6,30,17,32,21,10,0,4,115,0,8,28,25,27,23,8,0,4,118,0,12,35,31,47,23,15,3,0,174,4,11,25,18,24,16,6,0,0,110,0,5,3,0,0,5,0,0,0,10,0,9,16,16,9,12,4,0,0,61,0,0,0,0,0,3,0,0,0,0,0,0,0,10,6,0,0,0,0,16,59,25,81,85,109,101,116,61,29,651,72,103,292,238,321,259,198,88,34,1604
LGA12160,6,30,50,42,38,34,15,3,0,223,0,0,0,0,0,0,3,0,0,4,0,0,4,5,12,3,4,0,0,37,79,34,66,85,113,143,174,178,79,951,130,224,546,738,850,773,542,300,108,4207,0,0,3,14,6,5,13,0,0,46,0,4,6,7,6,13,8,0,0,41,4,37,95,117,152,148,123,52,22,750,4,15,30,37,43,30,19,21,6,214,4,21,40,47,73,55,37,30,6,306,8,30,67,75,94,112,71,35,6,499,8,10,46,85,65,109,70,28,7,427,5,26,103,126,137,135,85,40,12,676,8,26,79,65,88,52,38,15,0,383,0,0,14,13,13,12,12,3,4,75,12,25,51,37,45,39,26,8,3,256,0,5,3,0,0,6,3,5,5,20,0,0,11,10,8,14,9,4,4,57,66,49,87,117,122,161,181,168,65,1017,119,251,636,762,849,903,687,416,140,4752
LGA12350,8,25,41,48,38,25,18,8,4,220,0,0,0,0,0,0,0,0,0,5,0,3,4,7,5,8,0,0,3,31,102,53,108,136,139,168,213,172,57,1138,159,229,587,808,874,934,618,354,120,4681,0,3,4,15,9,10,11,9,0,54,3,7,6,10,12,0,5,3,0,47,6,45,110,122,155,166,142,59,18,815,0,11,36,48,59,73,57,22,9,317,3,23,44,66,63,65,50,34,9,348,10,26,56,63,90,100,79,27,19,474,0,14,61,59,87,136,76,28,9,468,9,45,103,131,153,122,85,31,4,683,10,32,73,85,106,88,54,11,3,468,0,7,14,16,13,11,13,0,5,86,8,32,50,54,46,39,31,7,0,263,0,0,0,0,3,0,3,3,0,11,0,3,8,9,8,8,4,6,0,54,107,80,122,128,169,191,175,163,61,1202,167,324,689,805,976,1015,779,395,142,5290
LGA12380,91,745,1432,706,434,251,99,48,14,3817,24,35,41,30,39,28,16,6,0,214,5,92,320,251,165,105,32,23,0,996,1475,1760,3344,2512,2323,1815,1455,1324,720,16737,2129,7852,23938,16320,12314,8124,4197,2550,1055,78470,13,301,930,696,528,359,166,47,10,3055,39,455,2525,2048,625,206,36,3,4,5940,36,584,2691,2427,2186,1963,1195,599,190,11871,66,399,1205,1012,740,443,303,133,42,4336,8,54,158,135,142,110,43,19,11,673,37,573,2383,1388,905,759,319,150,45,6564,23,389,1250,930,828,653,444,190,56,4761,170,2016,8383,5442,3003,1853,779,253,76,21971,89,920,2758,2053,1611,1095,400,117,35,9073,34,312,920,494,273,162,81,38,10,2316,97,353,1472,905,544,294,148,61,16,3892,24,63,101,53,62,66,45,30,9,450,17,78,422,327,191,138,73,34,12,1284,936,1311,3305,2205,1803,1586,1208,896,623,13873,1582,7813,28492,20119,13448,9675,5234,2568,1140,90065
LGA12390,39,139,284,223,154,104,59,26,10,1040,7,3,0,10,8,5,0,0,0,25,0,5,20,42,39,23,13,9,0,157,429,315,558,560,560,440,478,396,154,3883,663,1516,3756,3878,3821,2865,1655,863,279,19297,0,9,70,70,63,44,25,6,0,298,3,34,95,50,48,39,7,0,0,276,28,204,601,545,571,501,336,167,46,3009,15,117,301,224,219,227,128,62,16,1306,16,64,163,200,204,161,123,49,19,1001,25,160,513,448,425,462,252,114,34,2427,5,71,398,406,359,384,221,78,36,1965,27,211,883,799,797,600,281,97,21,3718,44,191,590,457,476,386,123,35,11,2305,0,43,83,63,44,66,30,11,3,332,42,144,325,248,197,113,96,28,6,1206,4,9,5,4,6,5,11,11,0,60,7,13,35,35,33,27,20,8,4,179,376,421,919,719,699,679,578,484,236,5106,597,1693,4984,4266,4142,3690,2229,1142,438,23180
LGA12700,6,20,33,42,28,21,11,4,0,157,0,0,0,0,0,0,0,0,0,3,0,0,3,11,14,7,5,3,0,41,53,31,49,74,93,87,93,59,28,556,86,180,452,647,801,722,398,164,51,3499,0,5,15,8,11,19,12,9,0,76,0,6,0,10,5,11,0,0,0,27,4,36,129,152,215,179,123,54,12,896,0,10,46,52,57,45,34,19,3,269,8,12,30,53,39,30,21,13,3,209,0,19,67,69,89,98,47,20,9,433,0,0,33,34,68,115,58,13,10,329,8,26,89,103,126,111,85,22,7,572,0,28,65,64,84,80,50,7,0,377,0,0,12,17,20,16,9,9,0,86,5,9,39,45,40,19,17,6,0,186,0,0,3,0,0,0,3,4,0,8,0,4,5,5,13,10,0,4,0,38,82,36,73,90,119,145,99,98,50,794,121,194,605,700,880,878,561,273,85,4297
LGA12730,10,18,38,38,30,30,14,0,0,178,0,0,0,0,0,0,0,0,0,4,5,0,4,9,3,8,9,0,0,32,74,38,57,96,101,121,112,109,61,771,120,189,504,633,709,595,350,224,99,3415,0,4,9,15,9,7,4,0,0,51,0,3,17,5,0,6,0,0,0,28,7,43,72,92,80,117,90,26,15,535,4,24,32,35,32,41,20,17,6,214,8,16,53,67,57,66,18,13,5,300,0,16,53,62,50,85,46,19,12,356,0,11,49,52,60,67,25,10,3,286,6,29,97,105,110,75,52,15,7,501,11,24,63,76,75,58,25,9,4,342,0,3,9,13,9,5,4,0,3,47,4,11,53,47,35,25,21,6,4,200,5,3,8,0,0,0,0,0,0,21,0,0,8,10,12,8,5,4,0,33,77,75,86,112,139,193,185,141,51,1068,119,264,605,696,667,760,484,268,108,3967
LGA12750,25,78,187,206,167,171,81,38,9,957,0,0,0,5,9,0,5,0,0,28,0,5,25,30,26,42,26,15,7,171,228,101,214,336,394,484,600,549,251,3153,339,506,1523,2403,3064,3739,2754,1506,535,16371,0,4,31,43,54,88,108,40,21,389,0,9,24,34,23,52,46,8,0,201,12,50,203,289,421,573,701,378,111,2734,9,56,178,180,299,383,277,148,33,1554,3,22,62,120,118,138,84,28,11,589,4,41,152,221,327,491,316,148,39,1742,4,18,113,184,252,540,394,127,25,1659,21,94,245,390,484,660,589,193,59,2729,18,76,212,273,413,489,394,110,30,2004,5,12,54,60,68,96,81,36,11,434,23,84,204,202,188,186,140,32,12,1077,0,0,5,0,5,0,12,10,4,44,0,5,15,26,34,48,42,24,15,217,214,146,269,361,450,612,738,616,336,3739,313,623,1766,2382,3130,4363,3925,1906,709,19111
LGA12850,99,463,830,722,510,312,115,45,3,3095,27,28,31,31,49,28,11,6,0,206,18,49,146,139,138,98,40,13,3,643,1451,1052,1928,2347,2300,1909,1580,1338,517,14430,2196,6276,13777,11881,10623,7672,3971,2251,716,59365,3,265,415,305,326,235,136,32,0,1719,34,298,978,759,404,142,29,3,0,2636,52,494,1533,1656,2191,2056,1234,573,143,9932,71,400,815,731,685,518,343,172,50,3784,10,31,90,86,94,81,44,15,3,448,56,519,1246,663,626,541,291,89,25,4065,22,409,1041,652,573,607,408,119,32,3859,165,1513,4285,3095,2224,1497,622,168,33,13597,98,907,1860,1409,1168,912,325,82,21,6778,24,345,655,368,191,145,72,31,8,1842,96,379,980,873,664,349,200,50,14,3619,20,44,51,54,58,73,70,35,10,418,24,88,168,157,171,130,97,39,3,873,927,931,1851,1683,1812,1641,1225,943,580,11607,1597,6613,15972,12489,11187,8920,5094,2365,932,65178
LGA12870,16,31,78,69,55,51,30,11,5,342,0,3,0,3,0,0,0,0,0,8,0,0,3,9,7,10,8,0,3,44,83,43,57,71,117,175,183,196,110,1039,128,243,650,772,853,890,652,411,170,4760,0,0,9,11,11,5,10,8,0,60,0,0,7,7,3,8,6,0,0,34,14,63,129,123,152,174,183,78,16,936,3,17,51,48,48,63,59,25,6,325,3,27,83,74,68,56,32,11,3,365,5,32,72,65,109,114,63,37,7,505,3,5,48,43,61,105,72,40,0,379,5,28,105,131,108,118,73,38,11,623,5,25,54,77,79,75,53,20,3,391,0,3,11,10,10,12,8,3,3,73,14,23,51,69,50,45,39,16,9,311,0,0,0,0,3,5,9,0,0,25,0,0,8,14,8,9,4,7,0,51,105,63,79,124,162,191,258,227,132,1337,163,282,715,798,880,987,874,501,198,5404
LGA12900,3,20,47,36,33,21,14,0,3,182,0,0,0,0,0,0,0,0,0,6,0,0,5,3,6,6,3,4,0,30,67,30,44,71,65,110,131,121,47,679,127,229,552,607,654,569,388,236,69,3438,0,0,6,11,8,6,9,0,0,43,0,3,13,6,8,7,3,0,0,38,13,47,102,111,95,97,65,41,6,565,0,25,40,44,31,37,21,10,4,212,4,18,45,54,59,53,41,18,6,306,8,12,69,57,63,79,46,34,5,374,0,20,78,79,69,82,50,16,3,391,3,21,115,104,128,109,51,14,5,544,9,27,70,66,65,53,29,8,3,320,4,4,18,9,9,6,4,3,0,51,3,12,49,37,38,31,17,3,0,188,0,0,0,0,0,0,5,0,0,3,0,0,0,4,11,3,12,4,0,34,86,54,101,103,143,151,172,137,47,1000,133,248,699,671,724,705,514,294,83,4074
LGA12930,60,420,846,602,406,260,131,78,28,2828,19,32,14,12,21,18,9,9,7,137,3,74,174,169,147,98,32,29,16,742,672,642,1293,1066,1220,1011,927,917,586,8334,1024,5082,16009,13827,12372,8249,4513,2921,1306,65300,15,215,513,438,553,351,198,91,24,2398,15,297,1493,1358,697,256,62,3,0,4191,26,474,1663,1538,2009,1811,1261,808,317,9905,19,226,673,673,588,423,272,171,58,3092,3,43,116,98,119,74,33,22,7,510,30,429,1707,1141,1093,934,461,261,77,6130,11,195,806,787,867,983,594,265,87,4597,93,1677,7044,4731,3782,2381,1286,399,206,21599,52,581,1871,1663,1387,1093,526,161,41,7374,33,386,862,599,314,228,119,70,23,2636,58,262,971,642,517,266,175,80,43,3017,29,48,30,19,31,40,36,30,16,274,8,50,200,192,188,143,70,31,15,896,452,584,1479,1034,1055,949,796,687,584,7621,842,5476,19430,14914,13201,9933,5884,3083,1492,74255
LGA12950,4,10,11,18,7,12,3,0,0,66,0,0,0,0,0,0,0,0,0,3,0,0,3,5,0,0,0,0,0,3,30,11,29,38,61,50,75,54,29,380,47,93,223,283,335,255,185,95,42,1561,0,0,0,0,4,0,0,0,0,8,0,0,0,0,0,0,0,0,0,3,6,15,39,34,41,39,35,18,12,237,3,3,11,11,19,13,6,10,0,79,0,14,22,20,43,29,22,10,3,166,0,9,42,29,29,40,19,4,0,175,0,7,38,37,35,35,11,7,0,176,0,15,29,37,31,31,18,6,0,166,5,8,39,42,36,28,12,0,0,163,0,0,3,4,5,0,9,0,0,25,4,0,21,12,13,10,7,3,0,67,0,3,0,0,0,0,0,3,0,9,0,0,6,5,5,0,0,0,0,17,35,24,43,42,59,71,66,67,29,445,51,104,289,269,321,301,206,136,53,1729
LGA13010,7,17,39,31,28,21,6,6,0,150,0,0,0,0,0,0,0,0,0,0,0,0,4,4,12,0,4,0,0,29,69,43,87,96,113,104,108,125,23,779,115,160,463,556,694,652,420,253,44,3358,0,0,3,18,5,11,9,4,0,53,0,0,5,4,14,6,0,0,0,38,6,26,62,46,84,94,81,35,13,444,6,9,27,19,29,45,25,14,4,182,0,14,38,35,42,40,41,14,3,234,3,19,38,64,71,103,73,29,6,408,0,6,33,55,63,59,43,21,0,277,7,30,76,91,120,105,69,15,12,527,14,29,44,70,64,83,52,23,0,372,0,0,15,14,13,16,6,8,0,85,6,24,55,34,26,22,26,6,0,192,4,0,0,0,3,3,0,8,0,18,3,6,4,7,11,9,6,0,0,39,63,41,147,162,138,160,199,134,84,1134,111,200,548,627,669,762,642,309,130,3994
LGA13310,18,67,152,137,88,66,32,12,3,578,7,3,0,0,0,0,0,3,0,14,0,0,13,23,27,34,7,9,3,119,185,150,375,387,359,352,345,320,137,2607,314,747,1871,2255,2296,2062,1269,710,256,11778,0,10,27,26,45,34,40,3,6,184,7,19,33,40,42,27,5,0,0,164,12,117,340,327,393,359,337,146,40,2063,19,76,152,140,145,153,92,51,16,847,5,37,92,85,96,58,57,34,9,475,5,53,211,194,249,354,181,84,32,1363,0,31,153,167,175,261,157,62,14,1023,34,116,412,389,391,327,227,71,28,2004,30,100,303,372,351,295,135,45,9,1641,3,17,52,45,58,47,37,5,4,270,28,83,210,149,107,74,57,17,10,737,5,0,4,4,8,4,3,10,4,43,0,7,16,25,36,32,18,8,3,145,212,206,480,477,440,364,436,351,250,3211,354,871,2486,2437,2545,2395,1786,886,422,14170
LGA13340,6,15,42,42,37,23,14,5,0,188,0,0,0,0,0,0,0,0,0,0,0,0,0,11,9,3,4,0,0,36,77,31,51,90,100,128,120,80,51,728,116,174,542,766,860,782,460,182,78,3961,0,3,8,20,13,12,6,3,0,57,0,4,12,8,0,12,4,0,0,45,5,40,102,117,135,170,107,30,11,714,4,17,47,45,53,56,29,11,0,263,3,21,69,94,116,77,71,19,6,477,4,18,63,76,104,124,70,23,6,493,0,6,47,71,79,84,55,23,6,366,3,19,93,120,152,135,60,17,4,606,6,26,65,86,108,83,54,9,0,443,0,4,10,8,9,10,11,0,4,62,12,18,47,44,52,31,25,4,0,228,0,0,0,0,0,0,0,0,0,7,0,0,0,6,13,10,5,0,0,32,65,47,77,87,105,136,131,99,75,831,107,216,639,787,945,953,620,243,107,4616
LGA13450,23,79,150,105,68,44,18,9,0,491,0,0,0,6,0,0,0,0,0,12,0,7,23,18,24,7,6,0,0,86,223,171,323,306,298,292,259,195,112,2174,338,748,1945,1864,1719,1175,619,349,151,8905,0,12,76,72,45,24,9,3,0,240,0,14,59,19,26,16,0,0,0,138,17,138,335,350,329,247,135,53,25,1626,7,53,149,108,110,101,62,24,6,619,4,26,82,86,78,56,32,17,4,385,8,62,187,142,167,152,61,35,12,835,5,29,191,156,148,134,75,23,10,762,30,135,379,348,320,225,98,20,16,1575,11,70,207,176,181,109,22,15,3,796,0,13,60,32,17,18,6,9,0,152,23,63,186,128,80,58,31,10,3,581,7,10,5,3,9,8,7,7,0,58,9,5,30,18,21,24,10,0,0,115,195,183,389,326,365,412,327,302,227,2729,313,797,2348,1968,1895,1579,883,510,304,10594
LGA13550,9,27,56,41,40,32,12,4,5,230,0,0,0,0,0,0,0,0,0,0,0,0,4,9,8,10,7,0,0,40,94,60,98,120,126,128,154,173,90,1044,147,292,815,789,871,729,435,295,125,4500,0,5,9,15,8,6,9,0,0,60,0,4,12,3,3,5,0,0,0,28,14,84,243,167,172,167,87,43,9,983,0,8,36,35,44,37,22,23,3,205,0,22,51,73,45,51,33,13,6,297,5,17,97,73,98,105,43,18,14,470,3,10,84,86,80,78,47,21,3,416,12,43,158,161,131,121,53,24,6,718,10,29,106,90,100,73,38,12,6,457,0,5,15,18,8,10,8,3,0,67,7,26,71,49,37,24,20,10,0,246,0,0,0,4,0,0,3,0,3,20,0,4,4,9,9,8,0,5,0,49,113,83,137,147,169,158,151,146,56,1156,164,346,1019,938,906,853,527,307,112,5162
LGA13660,8,18,14,16,17,9,15,5,0,95,0,0,0,0,0,0,0,0,0,0,0,0,0,6,0,5,4,4,0,15,15,10,23,43,29,46,71,62,21,323,48,90,268,335,310,259,229,114,43,1690,0,0,0,3,4,10,3,0,0,18,0,0,5,3,6,3,0,0,0,17,3,20,38,40,40,31,45,16,8,239,0,9,14,12,13,17,10,0,0,83,3,20,34,50,55,22,32,10,0,225,6,6,28,20,53,58,32,12,5,220,0,3,23,35,36,43,35,3,0,173,5,14,40,50,53,42,38,11,0,250,0,9,35,37,41,22,16,8,0,172,0,0,0,7,7,4,5,0,0,23,0,3,13,15,20,10,6,4,0,75,0,0,0,0,3,0,0,6,0,17,0,0,0,0,7,4,4,0,0,13,41,21,61,60,95,109,99,83,45,614,69,98,291,323,436,374,325,155,66,2140
LGA13800,63,223,357,378,216,152,66,24,6,1475,0,5,6,4,4,3,4,0,0,29,3,23,41,60,67,63,18,9,0,289,470,308,428,633,640,598,551,367,219,4224,845,2381,4878,5750,5699,4071,2157,920,388,27092,0,62,139,110,94,126,68,31,3,626,10,60,125,93,103,59,28,6,0,486,43,322,891,974,1246,990,654,271,80,5463,57,258,596,532,577,368,183,88,16,2685,18,83,210,220,191,126,51,27,11,945,32,177,428,405,539,438,244,92,33,2376,11,119,462,431,438,549,283,92,15,2401,57,322,960,1156,1189,837,440,156,35,5148,58,317,702,600,625,451,230,73,5,3070,17,139,245,183,133,92,55,19,3,893,54,219,419,361,298,182,113,42,8,1700,9,9,3,0,4,10,10,8,0,54,0,25,51,69,80,53,34,13,7,336,373,303,572,553,747,586,544,344,186,4211,737,2425,5798,5685,6262,4873,2938,1259,408,30385
LGA13850,0,4,9,12,13,9,0,3,0,51,0,0,0,0,0,0,0,0,0,0,0,0,3,0,3,0,0,0,0,5,30,19,23,27,40,22,43,48,20,273,47,63,141,171,242,137,104,69,25,996,0,0,3,0,0,3,0,0,0,8,0,0,0,0,0,0,0,0,0,5,0,22,28,24,27,36,21,7,6,160,0,5,10,11,15,4,9,3,0,51,0,7,19,20,32,16,15,4,0,107,0,5,18,9,18,27,19,5,5,102,0,7,10,12,27,14,9,4,0,85,3,14,25,23,22,20,8,0,0,113,4,9,17,22,22,15,5,0,0,88,0,0,0,0,0,0,0,0,0,7,4,5,11,12,13,10,0,6,0,61,0,0,0,0,0,0,0,0,0,4,0,0,0,3,0,0,0,0,0,9,21,18,51,40,72,49,61,56,20,384,32,86,197,175,245,201,141,88,21,1189
LGA13910,14,36,85,95,58,54,30,12,0,396,0,0,0,0,0,0,0,4,0,5,0,0,8,10,12,4,6,5,0,44,139,75,131,183,163,233,247,208,85,1453,207,386,995,1373,1272,1230,784,400,147,6785,0,0,4,20,20,18,17,5,0,90,0,3,14,20,10,11,10,3,0,74,9,67,163,194,207,213,193,69,18,1141,9,42,64,95,71,68,61,30,3,437,9,46,102,127,127,122,93,39,9,664,11,23,96,100,141,205,115,50,16,754,0,24,110,127,111,131,106,33,15,658,14,71,168,200,232,179,123,40,7,1026,3,42,106,161,154,108,72,14,3,662,0,9,21,10,11,11,17,4,4,92,13,58,89,89,69,51,56,14,3,434,0,0,0,3,0,4,13,3,0,26,0,0,13,11,25,12,9,3,0,62,173,78,151,166,236,252,294,205,105,1652,244,465,1092,1322,1421,1376,1160,515,183,7777
LGA14000,50,280,447,565,428,264,123,55,31,2244,17,13,5,12,23,15,13,5,0,91,6,53,143,208,219,128,77,24,24,878,569,358,667,752,920,717,674,801,906,6375,923,3964,11734,16554,16567,11723,6491,3515,1929,73400,5,188,468,749,878,728,471,192,69,3753,7,150,988,2010,1167,540,139,10,0,4998,36,310,1196,2064,2396,2022,1511,821,302,10649,17,217,565,661,802,539,315,204,57,3381,12,76,194,302,262,192,103,58,19,1208,30,374,1280,1488,1588,1335,826,457,177,7559,4,196,737,1127,1307,1383,975,514,155,6394,91,809,3322,4927,4662,3190,1909,771,309,19992,48,540,1459,2114,1955,1577,924,337,100,9056,52,430,767,734,635,370,183,100,32,3296,71,194,476,529,456,253,173,50,32,2232,9,9,11,12,13,18,24,12,3,110,10,50,133,268,229,157,101,51,26,1019,351,317,705,859,823,693,643,813,1074,6286,737,3851,12299,17837,17167,12995,8293,4390,2372,79936
LGA14100,4,11,25,54,43,24,8,7,5,187,0,0,0,0,0,3,0,0,0,4,0,8,12,15,17,11,16,15,5,110,67,41,55,80,81,84,91,123,149,777,83,304,869,1508,1478,1280,726,499,391,7138,0,14,30,48,51,54,44,32,11,281,0,7,34,51,64,19,8,4,0,190,0,15,62,91,145,124,125,70,42,683,0,14,33,65,77,58,36,22,7,306,0,0,3,7,14,24,9,5,0,58,0,20,86,155,187,197,157,87,41,928,0,7,70,59,85,121,117,53,50,573,0,58,276,501,499,310,219,59,59,1989,3,43,162,240,239,196,161,57,34,1134,3,37,78,88,79,58,35,13,4,399,0,17,33,48,47,21,23,6,7,200,0,0,0,0,0,3,0,0,0,4,0,5,14,17,27,17,14,14,9,127,50,53,97,110,110,103,104,119,240,983,59,282,982,1483,1638,1311,1046,537,510,7857
LGA14170,43,428,1129,884,462,231,97,41,21,3341,11,19,19,22,23,9,6,6,0,110,6,114,457,483,336,197,69,28,8,1696,696,1021,2761,2504,1896,1593,1288,1263,833,13845,981,6400,28155,25890,16898,11147,4783,2498,1200,97948,8,374,1153,1014,774,495,260,78,20,4177,14,238,1424,1348,708,298,64,5,0,4099,14,371,2137,1712,1637,1239,821,415,155,8505,13,198,1233,1149,966,585,313,165,42,4663,4,55,275,296,209,122,66,11,6,1053,18,437,2520,1818,1478,1137,606,203,72,8299,9,187,1369,1317,1350,1407,886,217,65,6808,82,1367,6926,6580,4322,2340,985,232,75,22891,34,1096,4722,4578,3372,2415,1278,307,69,17871,50,1205,4204,2871,1836,861,322,82,21,11455,52,297,1065,843,582,302,162,74,17,3406,17,42,28,28,30,32,39,33,9,259,12,133,508,502,375,225,100,46,14,1917,512,1104,3546,2736,2061,1597,1121,861,550,14090,857,7106,31107,26795,19706,13051,7033,2724,1112,109486
LGA14220,16,29,48,64,56,30,22,7,5,269,0,0,0,5,0,0,0,0,0,14,0,0,15,20,10,9,4,0,0,58,131,62,128,154,160,180,254,205,139,1416,202,332,942,1197,1201,1030,746,387,181,6229,0,0,13,18,11,11,7,6,0,64,6,10,15,20,18,17,15,0,0,90,3,74,168,171,181,193,161,71,15,1032,7,33,84,60,71,78,72,32,7,452,9,18,58,61,75,55,44,22,3,344,9,31,90,91,122,124,109,57,10,644,0,23,84,107,152,141,79,37,13,637,12,61,164,191,197,168,92,40,8,930,15,49,141,163,174,170,60,9,9,795,3,5,14,22,12,15,17,7,0,96,11,47,83,51,45,43,24,7,0,311,0,4,5,3,0,0,8,3,0,24,0,3,17,13,3,19,8,3,0,71,173,99,207,210,239,277,287,204,96,1799,255,461,1131,1187,1299,1304,985,508,160,7285
LGA14300,4,15,27,30,26,13,8,0,0,128,0,0,0,0,0,0,0,0,0,0,0,0,0,7,5,0,0,0,0,15,57,140,277,258,149,101,96,49,29,1157,82,245,542,569,488,391,217,88,41,2659,0,0,4,3,6,4,0,0,0,22,0,0,3,4,4,5,0,0,0,11,3,27,70,51,55,63,51,14,0,329,3,9,14,23,21,24,17,5,0,129,3,3,32,36,37,35,17,3,0,180,0,13,34,38,35,49,21,10,0,211,0,4,25,35,26,23,22,3,4,139,9,22,71,67,72,60,41,12,4,345,4,11,56,52,71,37,20,0,0,248,0,0,7,3,5,5,3,3,0,28,4,16,24,22,26,16,14,0,0,127,0,0,0,0,0,0,0,0,0,7,0,0,3,0,7,5,0,0,0,14,56,137,327,342,205,175,101,57,18,1420,77,252,667,680,567,506,312,113,30,3207
LGA14350,14,71,131,116,106,99,42,22,8,604,3,0,0,0,0,6,0,3,0,13,0,0,6,17,20,33,13,3,0,88,252,178,357,392,422,360,386,354,198,2895,345,596,1438,1868,2360,2298,1378,773,304,11362,0,4,13,24,19,47,32,10,0,149,3,5,26,30,29,33,18,4,0,153,16,79,192,209,319,456,431,193,54,1957,7,32,122,127,174,227,149,70,6,920,6,11,60,75,91,72,39,16,0,372,7,38,131,166,253,354,150,61,18,1180,0,21,124,133,189,272,164,63,16,974,20,104,272,278,306,347,236,68,22,1659,16,68,195,260,248,288,152,33,4,1264,0,10,31,25,32,63,33,13,3,199,21,62,128,143,115,114,64,25,7,680,5,3,0,0,0,4,5,9,5,38,0,6,13,12,25,25,23,8,3,117,275,231,514,436,497,554,514,427,268,3710,384,659,1817,1928,2301,2851,2012,995,419,13365
LGA14400,12,49,70,123,97,51,42,19,5,473,0,0,4,0,0,5,3,5,3,16,4,4,5,19,23,16,9,0,0,84,108,47,91,96,154,178,153,170,103,1099,195,557,1223,1762,2264,2169,1292,730,259,10459,0,13,41,46,50,80,65,29,0,330,0,9,25,26,38,24,9,0,0,130,9,62,205,245,352,416,346,180,55,1880,11,67,129,177,185,172,89,45,20,884,0,8,49,56,57,46,27,13,0,264,4,59,208,231,261,281,169,79,38,1329,0,26,183,221,261,523,332,114,26,1689,17,96,244,338,407,436,313,134,51,2029,15,70,184,241,236,266,181,55,7,1264,4,28,59,80,52,47,43,14,9,341,12,46,68,92,97,72,51,20,5,458,0,0,0,0,0,3,9,0,0,16,0,9,12,20,23,21,11,6,3,104,114,58,132,157,188,216,257,193,157,1465,185,555,1527,1938,2218,2595,1897,891,376,12187
LGA14500,36,105,199,276,235,119,86,44,26,1124,6,0,4,6,0,13,3,4,0,39,0,47,104,187,210,153,68,50,23,849,609,248,368,613,749,587,493,685,699,5040,791,2655,6655,12481,14895,10413,6627,4189,2012,60711,3,169,332,521,847,604,507,264,116,3361,3,89,488,1061,863,391,93,12,8,3016,10,144,655,1100,1491,1175,990,651,313,6533,11,93,273,356,544,359,230,145,59,2061,6,32,73,137,154,120,72,51,19,660,21,245,824,1289,1646,1368,988,673,310,7366,9,91,457,681,941,1041,932,477,178,4803,34,697,2700,4710,5340,3122,2181,1108,467,20365,24,428,1116,1916,2412,1719,1112,580,207,9517,42,352,560,689,676,366,204,129,63,3079,39,117,225,265,290,143,119,53,26,1274,4,7,3,0,11,20,7,9,9,74,0,42,135,201,221,145,106,52,28,927,444,244,477,575,736,527,523,557,848,4927,646,2743,8317,13519,16170,11109,8064,4760,2640,67956
LGA14550,6,17,33,38,40,23,12,3,6,172,0,0,0,0,0,0,0,0,0,3,0,0,6,3,8,4,0,0,0,22,68,26,51,80,112,125,89,87,34,683,97,149,443,571,847,848,370,175,60,3567,0,0,3,9,9,17,22,3,4,78,0,0,5,4,11,6,0,0,0,31,3,28,56,71,125,149,109,31,6,586,0,10,21,28,49,66,39,10,0,221,0,9,27,42,37,42,21,13,0,186,0,7,36,52,76,160,78,19,11,436,0,4,43,58,60,119,50,20,5,353,5,22,43,78,107,100,58,20,0,437,9,9,50,75,97,117,50,9,0,420,0,0,14,24,22,28,19,6,0,120,0,18,35,29,44,39,21,4,0,191,0,0,0,0,0,4,0,0,0,11,0,0,4,4,12,10,9,6,0,35,77,26,55,93,181,181,148,107,59,924,99,142,397,565,832,1047,631,244,77,4032
LGA14600,3,13,21,19,13,14,4,3,0,95,0,0,0,0,0,0,0,0,0,3,0,4,4,11,0,4,3,3,0,26,44,42,42,70,82,90,71,67,29,539,70,170,400,418,402,363,194,129,61,2201,0,3,4,3,5,0,4,0,0,20,0,0,5,0,0,3,0,0,0,9,0,34,77,55,44,54,34,9,3,308,4,9,13,16,12,18,7,8,0,89,3,11,33,40,37,48,23,16,0,207,0,9,36,20,38,48,21,18,12,199,0,21,66,46,33,31,22,9,7,229,3,20,50,53,50,52,13,10,3,263,3,14,42,36,24,30,4,0,0,158,0,0,7,3,0,0,0,0,0,15,6,8,30,23,16,6,4,0,0,102,0,3,0,0,0,0,0,0,0,6,0,0,3,3,0,0,0,0,0,8,66,50,105,111,103,115,118,85,33,785,80,180,466,409,370,405,259,162,62,2386
LGA14650,138,510,963,889,647,495,280,124,28,4066,9,14,11,6,11,15,9,9,3,85,6,35,89,144,153,126,75,36,19,681,1108,573,991,1424,1655,1662,1866,2082,1093,12453,1924,4990,13074,15947,16655,14580,9322,5662,2110,84277,0,91,330,395,337,361,283,105,23,1929,14,121,349,361,290,186,92,19,0,1438,70,773,2658,2942,3650,3672,3092,1593,535,18984,66,384,1248,1276,1266,1091,815,427,119,6684,30,110,256,393,301,209,139,48,11,1504,82,469,1928,2000,2078,2182,1186,515,188,10625,16,218,1244,1521,1430,2021,1314,582,147,8496,206,891,2971,3506,3335,2810,1964,752,222,16663,170,690,1762,2008,1845,1492,816,307,80,9176,49,278,555,460,339,253,198,80,21,2232,157,479,1124,953,856,520,414,136,57,4689,14,13,20,9,10,16,32,35,18,179,14,36,102,181,211,179,107,55,17,897,698,565,1120,1212,1515,1555,1857,1761,1410,11697,1587,5124,15679,17213,17451,16554,12309,6427,2852,95194
LGA14700,7,38,132,129,75,56,17,4,6,454,3,4,0,0,0,4,0,0,0,20,0,12,59,72,35,46,20,6,9,254,110,97,257,235,190,172,138,151,154,1505,159,907,4193,4378,3545,2739,1520,772,379,18595,0,56,197,238,155,140,132,60,23,992,7,35,373,452,186,99,23,3,0,1176,0,63,465,432,335,293,251,132,59,2032,0,35,205,154,141,113,66,38,13,766,0,8,52,55,43,27,15,9,4,213,3,93,511,490,415,356,228,134,60,2285,0,39,239,203,231,266,205,98,30,1310,9,268,1687,1654,1331,773,473,151,63,6414,8,147,662,676,623,494,346,143,33,3125,4,118,420,333,156,101,65,23,9,1236,9,50,166,117,117,50,36,3,10,557,5,0,4,0,4,3,0,5,3,36,0,16,62,60,58,42,34,13,9,288,75,96,431,347,218,205,160,113,122,1768,117,1021,5470,5232,4006,2973,2024,924,439,22199
LGA14750,13,30,67,63,33,14,9,0,0,222,0,0,0,0,0,0,0,0,0,3,0,4,9,7,4,6,5,0,0,37,102,57,116,122,134,107,120,106,43,916,150,265,685,792,793,561,337,194,55,3834,0,6,16,21,16,9,4,3,0,77,0,6,15,16,13,10,0,3,0,58,11,53,149,144,165,154,82,30,6,798,8,22,38,36,38,27,25,20,0,218,25,13,42,37,58,30,25,12,0,246,0,15,46,59,63,56,30,17,5,297,0,16,91,91,71,68,41,20,5,395,10,39,122,107,142,120,71,25,3,634,3,20,57,80,55,66,18,0,0,300,0,8,11,14,5,4,0,0,0,42,8,36,65,40,45,21,18,0,0,239,0,0,0,0,4,3,0,5,0,12,0,0,8,6,5,6,0,0,0,37,103,71,124,147,181,169,182,140,80,1202,180,295,782,797,859,762,496,277,99,4559
LGA14850,24,139,265,198,168,115,54,23,7,986,4,6,3,3,3,6,0,0,0,21,0,12,30,50,50,47,23,4,5,218,274,168,248,331,426,344,314,285,143,2531,467,1131,2829,3613,4326,3607,1668,832,262,18732,0,17,62,84,111,116,64,21,6,486,8,22,60,82,67,62,21,3,0,329,11,118,323,353,493,566,384,173,65,2483,12,62,166,209,233,252,177,65,17,1188,25,54,139,171,184,152,81,18,10,820,11,102,353,468,515,637,280,93,36,2504,12,52,274,364,344,544,301,103,39,2042,46,179,494,613,688,598,341,101,35,3090,24,144,383,507,590,580,255,69,13,2564,9,74,162,228,196,184,98,23,9,987,40,127,286,190,170,109,95,26,11,1057,7,5,9,12,10,9,9,5,3,68,3,14,25,47,49,50,21,18,6,227,325,276,455,446,546,663,454,355,249,3767,531,1236,3181,3769,4199,4532,2585,1071,496,21608
LGA14870,16,50,113,92,87,45,37,12,0,463,0,4,0,0,0,3,0,0,0,15,3,0,10,19,15,4,5,4,0,70,156,133,243,252,310,289,250,230,92,1950,240,559,1208,1514,1702,1489,902,477,154,8232,0,4,19,21,20,30,20,4,5,118,0,8,36,11,18,16,8,0,0,100,14,107,311,308,439,386,342,148,43,2099,4,27,69,66,89,85,60,25,12,440,3,17,45,42,45,44,24,7,4,230,11,49,109,117,133,206,109,46,12,794,0,16,61,114,123,164,95,36,11,623,13,89,208,198,226,215,156,47,14,1155,13,49,151,142,179,139,95,29,3,801,0,11,34,37,53,28,28,13,0,204,26,54,116,105,84,63,42,15,0,502,4,3,4,4,5,0,3,4,0,38,0,7,9,19,19,15,16,5,3,93,175,188,423,366,387,398,416,257,109,2720,266,623,1582,1547,1820,1791,1416,650,225,9924
LGA14900,102,420,968,861,518,274,117,25,14,3288,15,9,20,16,23,23,6,6,0,118,9,53,167,228,185,100,38,15,3,802,1620,1166,2488,2346,2436,1943,1529,968,353,14849,2362,5956,16890,16268,13193,7977,3819,1798,528,68796,14,216,514,512,422,287,110,26,3,2111,27,295,1141,1127,500,162,40,0,0,3292,71,616,2186,2782,3157,2248,1283,500,124,12968,84,400,1000,946,866,517,335,138,36,4329,6,62,135,165,158,125,50,19,4,708,67,543,1699,1561,1154,769,321,103,35,6251,27,388,1454,1274,1009,703,400,140,24,5412,160,1400,4888,4743,3358,1876,733,183,57,17396,119,965,2288,1953,1520,919,326,83,12,8188,43,417,687,447,227,142,76,26,9,2068,115,401,1122,990,731,342,174,61,13,3949,20,26,51,43,48,58,41,28,11,325,12,75,226,287,290,150,71,33,11,1157,1277,1282,2773,2537,2222,1877,1341,873,422,14607,2038,7092,20159,19361,15666,10171,5296,2222,758,82768
LGA14920,5,17,22,28,30,18,8,7,0,134,0,0,0,0,0,0,0,0,0,0,0,0,0,9,9,7,0,0,0,20,53,22,35,69,92,98,85,77,32,573,78,156,377,455,536,480,315,162,52,2616,0,0,7,3,3,8,8,4,0,31,0,0,4,0,5,4,4,0,0,14,4,28,83,62,91,102,66,25,6,467,3,9,26,20,18,32,16,11,3,138,0,12,40,50,52,33,32,17,0,229,3,12,50,53,46,76,47,19,4,311,0,14,48,47,42,41,29,11,0,239,9,8,63,93,101,59,40,12,11,395,0,13,40,51,47,40,23,8,0,233,0,3,9,8,0,8,7,7,0,35,3,14,46,25,22,31,6,6,0,155,0,0,0,0,5,0,3,3,0,11,0,0,3,8,11,4,0,0,0,30,78,44,81,89,123,159,146,103,32,851,99,162,501,511,561,593,421,227,63,3153
LGA14950,0,3,11,17,11,5,5,0,0,52,0,0,0,0,0,0,0,0,0,0,0,0,4,0,0,5,0,3,0,10,22,7,15,19,33,29,34,25,9,190,41,39,152,219,286,206,131,68,20,1160,0,0,5,0,3,3,6,0,0,11,0,3,0,0,0,0,0,0,0,6,5,10,23,24,33,43,31,18,4,197,0,3,7,6,15,11,3,4,0,61,3,4,15,37,43,22,13,11,3,154,0,4,20,22,25,29,21,20,0,140,0,4,13,22,25,24,21,3,4,102,0,9,31,42,44,43,14,0,3,177,0,7,23,16,14,40,13,9,0,120,0,0,0,4,6,0,0,0,0,15,0,5,4,13,14,19,7,0,0,55,0,0,0,0,0,0,0,0,0,0,0,0,0,0,3,4,0,0,0,16,41,13,22,23,50,49,43,50,31,312,54,64,160,212,271,288,167,107,39,1371
LGA15050,62,236,475,392,211,145,68,24,0,1612,5,0,0,0,4,0,0,0,0,17,3,16,42,51,43,38,18,10,10,226,456,275,505,606,603,567,534,517,208,4263,781,2033,5673,6114,5425,4080,2154,1151,401,27819,0,29,132,162,120,118,67,19,0,653,11,36,155,121,80,55,23,6,0,483,37,427,1625,1513,1433,1201,767,318,94,7409,18,137,412,340,327,264,210,96,32,1825,15,58,124,158,105,79,44,12,7,597,41,184,760,701,720,650,322,132,34,3541,8,90,504,547,478,575,284,112,40,2644,84,457,1491,1491,1296,886,425,126,35,6294,58,323,783,738,617,452,192,85,17,3257,23,81,178,158,98,73,56,21,6,696,74,264,599,447,299,168,133,54,6,2048,6,0,9,11,9,21,15,7,0,76,3,10,67,83,76,43,29,14,4,322,339,279,674,646,649,574,591,487,282,4527,726,2386,7524,7106,6289,5159,3144,1478,555,34371
LGA15240,66,182,371,424,348,301,203,89,16,1999,8,0,9,0,10,3,8,10,3,54,7,11,37,57,61,67,55,29,15,335,574,267,432,689,832,1077,1315,1444,795,7408,934,1500,3648,5493,6892,7396,5851,3448,1276,36446,0,16,40,71,88,129,139,47,17,548,12,38,70,73,94,102,75,16,0,476,24,213,525,752,1118,1508,1662,880,280,6962,40,93,303,397,572,656,570,334,83,3043,12,83,186,233,277,234,177,64,11,1278,27,155,512,646,908,1178,745,311,96,4582,12,71,357,431,491,981,756,267,75,3443,75,268,685,904,1108,1355,1281,466,142,6294,46,216,626,674,822,790,462,140,28,3806,17,42,104,127,139,141,156,67,21,815,66,198,417,468,415,351,295,115,36,2358,11,5,7,4,13,22,25,33,9,133,3,13,15,61,67,77,97,43,16,393,595,350,548,699,1067,1342,1657,1304,826,8373,943,1748,4397,5551,7182,8872,8084,4089,1636,42504
LGA15270,18,59,115,113,83,55,38,12,5,483,0,0,0,0,0,0,3,0,0,6,0,0,7,10,24,10,3,4,0,73,189,87,176,276,231,281,303,227,108,1875,266,525,1396,1874,1758,1578,1058,558,200,9207,0,4,31,29,29,27,23,6,0,151,4,8,12,14,22,14,9,0,0,79,27,134,420,402,433,350,260,126,24,2184,18,45,136,114,126,88,73,41,5,647,14,28,96,90,110,95,78,33,8,545,7,29,135,153,189,191,126,60,24,921,9,24,130,173,153,182,119,48,12,847,4,58,251,252,327,265,172,49,11,1391,7,45,173,178,151,154,82,21,8,821,3,7,45,41,38,35,36,8,0,216,30,77,152,131,105,58,49,8,3,607,4,0,0,8,0,9,3,5,0,29,0,5,23,24,26,24,10,3,4,120,212,127,290,336,414,427,457,266,82,2619,336,581,1905,1953,2125,1921,1487,679,185,11169
LGA15300,3,39,56,53,31,18,8,6,0,225,0,4,3,5,3,0,0,0,0,12,0,0,14,9,6,6,0,0,0,35,137,108,197,222,217,182,176,118,30,1393,200,412,1012,1051,973,670,384,193,42,4940,0,4,9,17,3,4,3,0,0,36,0,0,9,9,0,0,3,3,0,24,6,62,145,138,149,127,70,40,3,735,3,28,44,45,42,37,32,15,3,253,3,29,71,99,65,53,28,14,0,370,7,15,79,59,74,90,41,15,6,381,3,25,96,105,88,65,38,12,4,436,0,44,183,157,167,94,47,12,3,710,10,28,121,106,95,78,30,8,0,470,0,3,22,8,11,8,4,4,0,65,4,34,69,50,31,28,14,3,0,230,4,0,3,0,3,6,3,0,0,24,0,3,7,4,10,5,5,0,0,39,156,120,240,262,298,239,230,159,45,1747,201,381,1107,1056,1034,845,539,286,68,5516
LGA15350,10,31,107,90,55,37,16,9,7,364,0,0,5,5,0,3,0,0,6,18,3,15,51,63,54,48,30,17,13,277,124,132,362,357,292,277,218,170,144,2080,160,700,3044,3738,3386,2666,1742,861,481,16774,0,26,88,112,132,110,111,35,13,634,0,11,114,158,114,57,22,3,0,474,0,29,199,183,189,181,168,107,49,1110,0,15,107,111,107,104,66,38,17,565,0,3,37,35,29,22,23,11,5,171,6,41,214,233,276,294,269,156,91,1570,0,10,124,139,173,203,216,97,30,982,7,145,937,1288,1283,839,599,217,89,5406,9,90,501,642,733,572,445,172,58,3213,8,66,254,259,193,124,72,35,15,1041,4,30,95,103,78,31,27,11,9,389,0,5,3,5,5,0,3,0,0,19,0,17,35,65,76,43,39,19,17,317,96,116,314,321,282,257,216,158,163,1928,139,600,3017,3655,3677,2832,2277,1061,549,17813
LGA15520,7,31,61,63,50,41,27,5,0,284,0,0,0,0,0,0,0,0,0,0,0,0,4,4,6,6,3,0,5,30,77,33,56,94,114,157,200,177,46,959,114,222,568,735,802,721,579,315,88,4140,0,0,8,10,12,12,3,5,0,48,0,3,4,3,8,3,0,0,0,28,10,24,101,108,144,151,134,65,21,753,0,29,66,52,55,68,54,28,8,347,3,28,73,88,89,67,36,17,4,404,5,13,66,66,88,117,66,31,11,468,0,13,73,91,72,85,67,27,8,440,0,26,126,121,115,96,66,18,10,581,4,19,69,65,89,70,42,12,0,371,0,8,22,12,10,3,3,8,0,59,6,37,86,43,63,41,27,12,6,326,3,0,0,0,0,0,0,5,0,15,0,0,9,11,15,3,7,0,0,42,73,42,97,94,152,211,209,194,69,1134,104,236,800,769,912,929,727,406,139,5026
LGA15560,5,14,18,15,11,5,3,4,0,66,0,0,0,0,0,0,0,0,0,0,0,0,4,4,5,0,0,0,0,12,18,23,28,29,64,59,48,50,8,317,32,100,203,253,261,214,131,65,15,1281,0,0,0,10,3,6,5,0,0,19,0,0,0,4,3,0,0,0,0,5,4,16,54,37,46,27,28,8,4,224,3,8,15,11,14,12,8,4,0,68,0,14,29,43,28,25,11,8,0,162,4,4,21,23,29,25,12,7,0,130,0,3,26,25,25,21,11,4,0,127,0,7,45,59,37,19,16,3,0,192,0,7,25,14,26,20,10,3,0,100,0,0,3,0,4,5,0,0,0,19,0,9,16,13,10,5,7,0,3,67,0,0,0,0,0,0,0,0,0,3,0,0,0,0,3,3,0,0,0,10,46,24,55,62,71,71,61,43,7,429,63,91,297,294,289,244,162,91,22,1548
LGA15650,7,44,89,68,39,29,10,6,6,290,0,0,0,0,0,3,0,0,0,4,0,5,7,19,19,13,0,0,0,54,157,132,251,288,239,168,130,109,39,1506,235,578,1389,1356,1219,795,389,211,59,6221,0,3,24,15,23,12,5,0,4,80,0,3,17,17,8,4,4,0,0,47,9,127,412,348,429,231,133,37,7,1745,0,17,48,47,51,43,22,10,3,249,4,26,68,50,49,31,13,5,3,244,7,29,100,88,102,106,46,12,4,495,0,15,74,81,89,57,31,12,8,371,12,70,248,202,191,128,65,14,7,936,3,44,110,97,92,71,23,4,4,440,0,11,23,18,14,15,6,7,0,92,5,59,114,83,59,23,14,5,0,364,0,0,0,3,0,0,6,0,5,14,0,7,14,14,5,8,10,3,0,63,112,85,286,233,244,200,143,124,39,1478,158,495,1522,1300,1364,934,527,239,79,6619
LGA15700,7,37,81,89,85,81,37,20,7,452,0,0,0,0,0,0,0,0,0,14,0,0,8,10,14,13,18,6,0,74,130,62,89,147,194,230,279,271,132,1531,200,295,728,1112,1659,1644,1168,649,253,7720,0,6,5,10,15,27,30,6,0,105,4,9,9,21,26,31,12,0,0,110,11,54,134,151,222,318,308,140,54,1394,0,16,55,88,136,168,97,48,11,612,6,14,39,51,63,78,27,9,9,297,9,24,77,90,134,259,126,53,17,797,9,16,84,111,145,214,164,55,11,804,8,65,146,167,240,255,215,55,34,1177,8,45,114,169,212,251,121,34,6,962,0,5,25,24,38,50,24,17,4,193,13,47,98,99,75,80,61,22,10,496,0,3,0,4,0,6,7,8,4,35,0,0,4,11,24,22,24,10,0,108,163,87,137,149,281,301,347,313,196,1979,244,385,933,1155,1606,2066,1566,765,352,9068
LGA15750,5,24,53,54,41,21,7,4,0,220,0,0,3,0,0,0,0,0,0,6,0,4,10,9,11,8,5,0,0,47,100,48,109,151,164,151,156,138,62,1085,156,290,851,945,928,692,426,225,83,4587,0,0,21,16,14,20,11,5,0,89,0,4,12,9,8,4,0,0,0,37,11,53,149,189,182,149,97,39,5,872,5,13,44,30,41,38,23,13,0,202,5,20,87,83,89,51,38,17,3,400,4,24,91,73,94,105,54,21,8,480,3,10,87,78,81,76,38,13,0,383,9,31,143,148,140,119,50,15,6,657,5,30,81,106,66,63,26,3,0,378,0,3,12,7,10,10,6,0,0,53,7,26,61,57,42,27,15,4,0,237,0,0,0,0,5,3,4,0,0,14,0,0,6,8,11,3,7,0,0,43,157,96,184,195,263,247,191,163,87,1569,204,318,984,994,1049,921,546,297,116,5424
LGA15800,0,10,31,17,20,7,7,0,0,83,0,0,0,0,0,0,0,0,0,3,0,0,3,6,0,0,0,0,0,14,46,25,53,73,92,94,99,113,55,646,55,108,352,376,417,349,241,180,66,2144,0,0,5,11,9,3,0,0,0,31,0,0,3,3,5,6,0,0,0,16,3,26,47,59,46,56,45,16,5,312,5,7,21,22,23,20,18,11,3,124,3,10,23,44,33,28,20,3,0,165,0,17,38,43,47,39,32,10,7,227,0,10,31,27,39,39,23,14,8,186,4,20,51,61,51,49,24,0,0,260,3,13,37,36,29,41,14,7,0,180,0,0,5,3,7,4,7,0,0,27,0,12,28,24,14,15,9,4,4,110,0,0,0,0,4,0,0,0,0,8,0,0,0,3,3,5,7,5,3,24,61,30,63,99,85,132,134,100,61,761,85,139,363,436,388,431,334,169,94,2444
LGA15850,8,11,15,20,14,9,0,0,0,82,0,0,0,0,0,0,0,0,0,0,0,0,4,0,3,8,5,4,0,29,64,12,50,55,70,81,87,75,28,518,86,120,363,460,420,390,243,133,44,2256,0,0,3,7,8,3,0,4,0,22,0,3,3,4,7,5,0,0,0,21,0,38,58,58,72,61,63,21,0,372,3,8,26,18,18,30,11,15,0,128,4,20,39,54,67,38,28,12,0,259,0,17,50,33,35,50,36,18,11,247,0,5,41,62,55,43,26,10,4,239,0,18,41,57,67,56,33,9,0,289,4,21,54,49,35,31,14,3,0,209,0,6,6,10,0,4,0,0,0,28,3,24,32,14,15,10,11,0,0,123,0,0,0,0,0,0,0,0,0,0,0,0,6,0,4,0,9,5,0,28,48,42,73,75,107,130,94,78,34,671,65,189,429,447,481,455,329,173,60,2632
LGA15900,92,421,943,717,462,264,155,96,24,3173,3,23,10,10,4,3,5,8,5,72,11,62,126,137,153,97,43,28,10,668,718,845,1410,1294,1446,1230,1322,1518,1086,10865,1278,5876,16135,13941,12751,9786,5516,3638,1713,70652,7,217,646,467,359,340,211,71,23,2346,12,164,506,412,252,155,48,6,0,1559,56,693,2731,2270,2420,2172,1531,779,320,12967,37,342,1040,826,788,636,371,223,93,4355,10,101,315,310,224,125,73,24,3,1191,62,587,2720,2082,1895,1689,724,326,119,10195,20,262,1293,1279,1113,1466,845,315,104,6695,166,1104,3331,3002,2541,1899,1039,325,118,13531,135,819,2127,1928,1648,1432,721,238,53,9100,49,451,1020,643,413,306,147,54,14,3090,128,455,996,761,537,356,211,87,31,3574,16,44,16,10,19,19,13,33,19,193,10,79,178,195,184,128,67,27,16,884,477,704,1413,1119,1330,1329,1186,1249,1327,10139,1199,6025,18333,15301,13721,12052,7183,3749,2238,79803
LGA15950,18,104,400,267,145,93,49,12,7,1099,0,3,8,6,4,0,7,0,0,35,4,40,186,144,95,79,59,21,9,636,203,359,1517,1055,725,622,487,363,269,5606,282,2288,14587,9787,6088,5313,3325,1443,633,43742,0,87,526,436,302,251,183,88,22,1900,0,59,778,783,337,176,56,10,0,2192,7,101,1111,769,539,429,357,198,57,3568,0,57,483,340,173,183,146,60,16,1465,0,16,139,91,52,36,39,20,3,405,3,140,1176,686,495,555,480,265,88,3892,0,61,552,386,313,475,456,183,66,2494,17,535,4516,3548,2232,1623,1121,387,112,14086,8,312,2219,1675,1198,1089,861,299,78,7742,7,234,1244,800,388,266,149,58,26,3169,13,79,353,259,180,104,76,31,3,1104,3,7,9,3,4,3,3,4,0,31,3,48,145,161,108,100,71,25,15,673,129,338,1490,1041,684,633,482,263,168,5231,195,2066,14734,10984,7008,5924,4486,1896,666,47957
LGA15990,99,484,1316,1351,915,502,380,147,52,5255,11,6,7,23,14,13,10,8,7,103,12,69,238,410,301,222,114,60,35,1455,1009,801,2011,2144,1973,1703,1611,1709,1716,14678,1527,6166,23769,31019,25327,18043,11558,6419,3384,127214,0,206,688,1112,1073,817,568,217,65,4754,25,144,765,1421,1050,520,173,34,3,4139,31,458,2049,2850,3455,2817,2293,1408,551,15907,36,439,1820,2069,1925,1213,812,482,142,8935,12,101,426,648,494,288,134,90,27,2221,40,401,2037,2337,2360,1965,1250,784,313,11474,17,262,1525,1998,1974,2203,1453,698,210,10339,97,1335,6459,9320,8519,5222,3572,1463,624,36604,73,837,3085,4273,3700,2545,1676,540,185,16911,75,720,2063,2130,1475,810,455,188,86,7996,103,393,1174,1255,1192,623,440,189,66,5440,15,19,20,26,27,14,27,30,22,197,24,61,276,465,440,233,173,75,44,1789,821,749,2002,2278,2107,1737,1686,1509,1537,14431,1373,6123,24380,32184,29776,21012,14701,7705,3869,141118
LGA16100,7,13,14,34,19,7,5,0,0,101,0,0,0,0,0,0,0,0,0,5,0,0,0,9,6,6,0,0,0,15,40,82,44,43,49,72,66,37,14,440,76,197,265,368,377,414,245,98,23,2058,0,0,5,3,3,9,10,3,0,24,0,0,7,3,5,3,0,0,0,21,3,26,70,71,107,74,69,28,6,447,5,7,21,15,27,21,18,4,0,120,0,3,21,17,27,22,21,4,0,122,0,16,20,23,35,43,39,9,3,183,0,0,18,29,34,37,29,12,0,161,5,8,31,53,79,65,54,16,6,318,0,15,29,28,33,40,21,4,0,173,0,4,8,5,14,3,9,6,0,50,5,8,20,21,18,5,4,5,0,99,0,0,0,0,6,0,0,0,0,3,0,0,0,5,9,3,6,0,0,24,55,105,88,83,100,77,131,55,18,703,80,198,336,365,488,398,408,141,37,2460
LGA16150,35,140,264,205,101,74,28,22,3,877,0,3,0,0,5,0,0,0,0,12,0,8,20,32,18,25,16,6,3,125,307,187,361,450,378,363,357,302,132,2834,491,1276,3299,3264,2932,2449,1335,772,267,16088,0,26,92,121,77,64,41,11,3,434,12,24,70,72,46,32,18,3,0,272,14,149,567,460,429,379,295,151,50,2509,19,93,230,235,177,169,103,64,5,1091,6,41,107,120,119,114,90,38,9,652,26,154,628,483,421,432,249,123,44,2549,3,63,310,338,265,360,211,93,24,1668,34,188,636,670,667,470,292,111,46,3108,33,167,446,433,362,280,148,44,13,1934,5,32,124,106,77,56,34,15,6,454,40,120,304,240,161,80,58,22,10,1035,9,5,0,4,3,7,0,6,0,37,6,11,30,36,40,32,31,9,3,182,279,188,411,396,471,386,389,350,158,3041,493,1260,3956,3702,3316,2852,1958,1043,382,18961
LGA16200,9,44,67,69,39,25,10,3,0,264,0,0,0,0,0,0,0,0,0,0,3,0,11,12,13,5,4,0,0,51,133,79,135,150,170,167,183,174,79,1274,203,364,946,1067,1081,839,510,334,112,5457,0,0,10,11,16,10,6,0,0,51,3,3,16,11,11,11,0,0,0,56,6,95,210,196,209,190,99,37,17,1057,5,16,43,53,35,50,39,9,0,262,8,17,32,57,48,62,44,20,6,298,6,25,92,105,105,110,73,34,14,557,4,19,94,111,99,116,57,35,6,535,25,67,196,190,204,140,81,26,10,937,9,47,116,94,118,90,31,10,0,527,5,0,26,18,12,11,9,0,0,80,15,34,69,68,54,27,19,7,0,299,6,0,0,0,0,3,4,5,0,12,0,4,6,13,16,10,4,5,0,52,137,90,141,181,229,240,260,211,110,1586,217,433,1049,1094,1165,1070,721,398,171,6319
LGA16260,63,608,1252,787,451,274,144,64,23,3666,21,24,26,21,28,20,18,3,0,156,5,91,417,292,243,144,72,34,12,1306,1019,1374,3374,2313,1974,1478,1217,1224,821,14779,1445,7673,29640,22187,17461,12008,6792,3771,1530,102509,11,316,1330,1137,926,667,404,162,46,5005,23,427,4361,3499,1128,470,120,13,3,10057,20,678,4252,3574,2888,2515,1658,992,332,16901,34,245,991,1002,819,568,324,212,54,4258,11,65,238,249,190,154,67,40,22,1033,40,605,3334,2118,1566,1422,754,375,118,10314,13,269,1555,1341,1326,1311,852,384,138,7188,137,2031,11341,8203,4814,3284,1890,616,265,32577,76,821,3254,2874,2311,1766,836,297,83,12313,48,521,1394,1031,582,334,208,81,18,4200,61,333,1438,971,592,346,201,73,38,4053,13,30,56,43,50,56,41,18,8,325,16,101,492,396,275,198,110,43,11,1648,690,1254,4196,2964,1885,1485,1149,924,625,15186,1191,7697,38225,29378,19355,14576,8625,4235,1768,125052
LGA16350,175,605,1130,783,549,391,136,44,16,3816,15,20,19,14,12,17,4,0,0,105,8,56,163,188,147,109,47,21,8,738,1190,1144,1909,1818,1894,1709,1324,1006,480,12481,2117,6661,16431,14514,13200,10074,4474,2051,778,70306,3,141,371,344,270,238,113,33,7,1517,32,214,807,728,320,154,65,5,0,2313,78,813,2846,2769,2850,2605,1653,586,147,14336,122,535,1332,1093,932,658,429,169,36,5315,26,134,348,271,231,151,57,18,5,1236,82,467,1725,1380,1112,1077,444,181,39,6517,18,356,1532,1325,1017,1044,476,133,44,5947,212,1302,4319,4149,3105,2434,1065,262,67,16918,177,1023,2606,2118,1554,1159,422,97,24,9179,50,402,769,421,225,178,109,35,6,2207,154,621,1471,982,716,442,228,73,27,4718,13,30,22,24,26,34,46,22,5,224,22,57,182,230,211,144,61,34,13,944,993,1151,2608,2186,1939,1661,1407,923,479,13345,1972,7249,20949,18024,14501,11972,6586,2568,899,84715
LGA16380,63,178,451,421,379,252,163,55,16,1965,11,3,3,5,8,4,8,8,3,48,3,4,38,45,52,65,37,18,7,271,405,226,323,494,685,750,953,1150,687,5673,693,1447,3865,5703,6532,5847,4494,3047,1211,32837,0,10,54,109,114,115,127,58,12,601,15,33,83,113,109,91,65,14,0,530,28,204,547,735,971,1128,1236,759,247,5857,25,117,355,423,515,531,421,220,60,2670,13,43,138,184,176,177,105,46,13,900,21,146,601,692,908,947,603,272,101,4296,9,82,399,569,632,839,629,310,63,3534,67,273,802,1175,1347,1276,1074,447,133,6581,39,202,584,784,821,744,429,132,35,3775,14,41,120,165,141,155,102,49,25,814,71,181,452,466,375,312,285,75,33,2249,11,12,4,6,9,6,16,26,11,105,4,12,38,54,53,64,72,28,12,344,428,265,535,576,782,920,1247,1133,758,6639,750,1624,4707,6051,6943,7317,6411,3572,1513,38885
LGA16400,46,158,395,412,260,184,140,42,15,1646,0,9,0,7,6,7,3,5,3,36,0,7,36,84,53,40,37,17,5,279,401,243,407,616,703,685,822,775,420,5067,657,1594,3983,5280,5538,4940,3692,1842,686,28211,0,23,82,110,124,107,88,23,7,565,0,27,95,101,79,87,47,4,0,440,32,336,887,1021,1359,1269,1243,597,151,6900,26,101,289,368,439,385,338,175,38,2155,14,49,110,171,146,98,77,37,4,705,31,136,393,520,636,696,454,167,53,3078,6,45,333,353,416,565,429,149,34,2336,61,305,804,1090,999,1060,843,292,66,5510,58,196,525,588,567,498,334,92,15,2870,15,55,125,134,103,102,97,31,13,669,67,176,385,433,338,226,254,70,20,1973,14,8,5,11,11,19,18,13,13,106,3,17,33,86,95,57,47,27,10,383,407,330,610,612,787,870,1025,809,458,5901,724,1798,4667,5606,6084,6023,5292,2498,883,33589
LGA16490,38,141,318,267,184,100,36,11,5,1108,3,0,0,4,8,0,0,0,0,17,3,14,78,114,92,53,26,10,3,402,321,246,519,561,617,517,377,269,125,3548,520,1479,4808,5873,5439,3762,1717,664,238,24497,0,36,165,236,238,194,120,26,4,1031,22,71,325,298,244,143,28,4,0,1143,11,157,713,731,841,664,358,155,43,3673,17,159,386,305,372,319,170,69,19,1826,5,40,107,153,160,120,64,18,7,677,7,103,374,397,489,415,188,90,24,2084,0,62,326,357,395,344,225,68,16,1797,39,258,1061,1272,1427,798,362,85,28,5339,32,192,755,938,923,655,339,85,5,3919,9,80,249,239,165,126,62,14,8,958,38,142,385,298,214,128,59,14,6,1277,0,3,3,4,11,7,8,5,0,45,5,21,72,110,108,60,21,9,5,417,329,277,685,664,773,617,491,286,123,4248,529,1614,5627,6008,6354,4591,2501,931,288,28436
LGA16550,26,263,668,595,357,259,133,82,22,2407,44,50,13,8,10,16,7,3,3,145,5,74,217,244,172,99,60,23,15,912,801,1430,2613,1979,1612,1370,1192,1049,577,12624,1110,6366,20532,16279,11737,7962,4394,2673,1242,72297,24,406,1016,699,548,368,290,101,18,3468,10,231,794,818,467,214,70,9,0,2618,33,1033,2670,1458,1270,1144,875,505,213,9198,18,307,1319,825,652,414,252,145,47,3979,6,46,228,196,140,82,37,18,13,767,13,315,2169,1562,1249,989,524,290,110,7220,27,163,929,856,831,904,573,242,112,4640,83,1737,5364,4880,3356,1890,952,328,180,18773,36,735,2780,2524,1931,1231,710,208,80,10238,43,582,1734,1260,698,348,148,53,16,4883,36,189,682,589,443,257,220,84,43,2552,77,69,25,14,13,18,27,29,15,280,19,96,240,281,230,149,69,30,15,1134,625,1394,2805,2084,1614,1272,1132,875,668,12474,1049,7306,22761,18049,13444,9283,5890,2912,1532,82236
LGA16610,12,50,93,105,90,61,28,16,6,468,0,0,0,0,3,4,0,0,0,12,0,3,17,14,23,22,4,5,0,83,158,66,169,207,231,239,316,311,191,1881,257,441,1130,1350,1607,1488,880,578,249,7975,0,4,13,23,32,10,16,6,0,106,0,10,12,7,21,15,8,0,0,83,22,89,210,204,254,282,269,119,39,1481,7,22,73,93,102,124,88,49,8,562,10,23,53,54,67,66,25,6,5,308,8,25,87,143,176,237,119,56,21,876,3,21,88,126,128,163,99,44,16,706,27,104,212,255,244,224,120,57,13,1253,17,55,157,202,205,168,83,17,3,912,0,9,10,31,28,42,21,7,0,151,28,64,119,110,104,72,49,16,7,565,3,3,5,0,3,9,13,7,3,50,0,4,4,19,20,18,14,8,0,92,216,119,193,291,323,351,350,271,100,2203,336,549,1242,1569,1709,1785,1288,658,214,9349
LGA16700,38,222,550,466,309,179,111,47,16,1939,7,30,6,6,17,15,3,8,0,95,3,63,170,163,126,102,36,19,10,691,437,725,1008,785,799,732,643,776,680,6589,712,4513,14049,12322,9929,6843,3652,2464,1294,55778,4,234,755,617,560,436,285,106,27,3013,13,178,1566,1611,687,308,71,13,8,4453,17,290,1786,1626,1547,1358,865,546,225,8254,7,137,497,531,489,314,204,133,38,2343,9,38,146,140,150,94,46,15,9,641,13,319,1429,1076,879,833,453,240,97,5345,6,166,735,675,712,722,539,241,112,3902,72,1630,6184,4393,3079,2006,971,370,200,18899,41,563,1826,1682,1273,952,547,213,78,7173,23,367,972,668,423,237,107,51,17,2865,45,278,659,480,391,210,136,57,26,2275,22,31,18,10,12,32,27,14,10,169,8,83,190,190,166,123,76,32,23,876,320,534,1205,888,766,659,533,533,534,5975,607,4835,17951,14587,11132,8278,4854,2556,1390,66190
LGA16900,55,188,377,361,211,138,76,28,0,1437,5,5,7,7,7,5,4,0,0,28,3,10,43,63,54,27,13,7,0,232,459,216,397,511,584,568,632,575,173,4116,784,1844,4669,5402,5170,3771,2093,1172,317,25208,3,33,81,99,82,69,40,10,0,420,9,49,121,151,89,39,22,7,0,486,35,295,931,1091,1305,1239,827,375,103,6200,42,199,460,446,438,302,232,101,28,2251,4,40,107,114,76,54,35,11,4,440,31,162,539,554,547,535,209,77,12,2670,12,110,429,446,346,462,228,63,19,2121,79,402,1083,1199,1071,849,402,100,38,5222,77,316,809,756,709,479,188,56,15,3396,25,107,149,123,78,73,42,25,5,614,77,237,472,396,260,185,119,61,4,1814,3,3,3,3,4,5,17,18,3,68,8,16,49,65,45,50,30,6,6,276,325,274,535,567,632,612,703,585,409,4647,729,2245,5771,5985,5686,4952,3094,1491,660,30609
LGA16950,70,230,466,480,400,306,216,93,15,2273,5,3,9,3,11,10,11,5,3,66,7,24,48,73,102,88,43,26,7,415,698,474,800,969,1164,1070,1370,1453,684,8690,1061,2174,5216,6844,8337,7801,5941,3586,1240,42200,6,38,104,117,138,186,185,56,22,853,6,40,98,95,95,82,65,16,0,497,32,318,1018,1082,1374,1793,1778,973,297,8669,53,178,567,553,670,726,583,312,72,3707,19,70,210,235,255,224,145,63,15,1227,26,183,629,729,864,1064,643,283,67,4486,16,89,452,580,638,1052,787,279,61,3940,73,345,1026,1180,1266,1450,1258,433,116,7143,57,289,749,882,1045,1048,624,219,56,4978,7,83,183,204,210,212,172,64,18,1150,67,262,554,498,460,388,318,87,34,2674,11,14,9,3,16,13,19,33,16,144,11,15,64,88,95,114,80,40,22,537,626,548,1061,1025,1166,1390,1644,1364,846,9681,1008,2473,6731,7278,8296,9753,8298,4223,1636,49686
LGA17000,23,86,141,141,77,48,17,4,3,545,0,0,0,0,4,0,0,0,0,8,0,5,23,38,11,16,0,0,0,97,169,103,189,222,222,196,153,107,28,1395,288,804,1959,2091,1914,1256,568,257,66,9210,0,8,32,31,39,20,11,6,3,153,0,8,22,18,18,18,9,0,0,92,26,227,631,646,662,453,222,82,17,2967,11,26,77,78,75,68,35,18,3,386,10,29,51,83,57,38,17,0,4,282,4,37,137,163,164,163,66,31,14,781,4,31,103,152,137,145,66,29,8,668,29,144,370,375,404,220,107,27,11,1685,24,73,174,158,150,121,37,18,0,751,0,21,45,26,27,16,14,10,0,152,16,82,151,130,97,53,13,8,0,551,0,4,5,0,3,8,7,0,6,22,7,12,20,24,29,14,8,0,0,123,170,102,245,276,284,272,236,138,44,1762,296,789,2058,2158,2143,1602,855,376,115,10385
LGA17040,14,54,106,123,84,62,36,10,5,500,3,0,4,0,0,3,0,0,0,16,0,0,10,14,23,17,10,4,0,80,170,128,237,330,327,252,216,172,94,1923,246,522,1319,1890,2053,1620,917,473,177,9220,0,8,26,45,40,50,34,17,4,225,3,14,14,32,48,29,10,0,0,164,12,76,245,292,326,312,249,131,31,1669,7,37,120,136,134,157,75,37,8,713,9,24,77,112,132,101,64,21,5,550,3,27,114,137,157,220,119,60,18,845,0,15,86,133,161,162,124,36,11,726,12,67,235,317,321,272,167,52,11,1451,14,66,188,182,191,198,99,27,8,962,6,29,77,47,62,47,27,12,4,303,16,53,127,117,104,60,55,7,0,536,0,4,0,0,3,6,6,5,4,17,0,3,12,22,42,29,20,5,4,137,174,136,310,294,389,297,281,219,114,2211,253,549,1629,1853,2120,1931,1335,631,218,10518
LGA17080,12,22,72,55,42,32,23,10,7,266,0,0,0,0,0,0,0,0,0,4,0,4,12,10,8,10,5,0,0,46,97,62,162,174,149,178,187,140,59,1211,147,320,876,1072,1140,917,607,317,109,5519,0,4,8,18,13,12,17,7,0,78,0,0,10,3,7,8,4,0,0,36,9,61,206,207,234,220,163,69,18,1189,0,22,41,40,63,52,47,20,3,285,7,17,54,90,78,58,38,22,3,364,5,20,83,83,87,140,84,49,19,563,0,21,80,84,84,122,84,30,13,511,3,39,146,164,162,148,98,28,10,787,11,33,89,94,97,91,43,11,0,476,5,0,18,16,14,11,8,3,3,81,9,33,72,50,47,32,19,12,4,271,4,0,0,3,0,3,3,4,0,19,0,8,6,17,14,14,0,6,0,68,116,82,197,230,251,292,249,176,130,1714,158,337,1008,1099,1141,1207,864,428,203,6450
LGA17100,18,134,326,148,76,50,17,16,5,792,0,10,0,0,10,5,0,0,0,33,0,19,60,53,43,23,8,7,0,221,262,326,774,391,433,339,271,253,135,3186,350,1693,5763,3409,3234,2100,1128,688,265,18625,6,88,222,147,156,113,68,33,7,835,3,123,1016,545,185,64,9,0,0,1943,12,193,834,417,388,357,236,143,43,2621,0,55,150,133,124,80,49,30,7,639,0,7,31,27,30,9,5,3,3,117,4,157,653,365,412,319,210,112,53,2275,4,66,233,165,185,196,119,81,42,1091,25,495,2207,1216,805,540,220,63,42,5614,9,174,574,436,422,293,153,58,12,2130,12,98,249,149,93,69,37,11,4,712,16,84,344,188,99,49,25,20,8,827,3,7,16,5,10,11,7,6,3,64,0,21,83,66,57,34,15,7,3,288,158,364,889,414,331,299,183,142,79,2866,247,1928,7500,4274,3288,2430,1330,711,315,22024
LGA17150,139,540,1185,1103,725,536,308,150,29,4708,6,12,11,12,19,15,13,3,0,94,10,56,182,253,215,176,55,29,13,991,950,695,1508,1569,1635,1561,1362,1684,1034,11988,1715,7288,19963,22677,21052,16516,8896,5428,2123,105668,3,195,496,678,620,599,382,123,40,3138,12,179,729,924,568,357,109,13,0,2891,48,750,2519,3208,3979,3606,2778,1571,661,19118,67,572,1717,1809,1541,1060,631,376,123,7902,13,99,319,345,281,215,88,48,10,1416,50,550,1856,1964,1899,1674,846,428,172,9440,19,397,1867,1917,1893,2555,1261,464,132,10505,129,1341,4940,6327,5819,4747,2804,1023,437,27562,109,1005,2806,2810,2262,1657,900,291,86,11926,55,562,1241,976,566,372,227,119,46,4157,111,430,1139,1182,919,531,441,143,79,4982,12,4,23,15,20,27,34,18,12,167,7,65,197,266,253,198,119,46,23,1168,629,554,1499,1583,1503,1388,1202,1196,1117,10660,1267,6714,21331,23995,22128,18984,11809,5864,2932,115034
LGA17200,54,675,1817,988,520,256,112,21,10,4448,44,63,40,16,12,9,4,9,0,207,11,173,607,418,270,168,88,31,14,1783,1054,3562,7794,3821,2728,2130,1471,982,518,24063,1468,12479,47007,23837,13793,9682,4799,2204,794,116067,46,733,2093,965,604,383,236,111,20,5193,30,506,2817,1746,628,251,63,11,0,6047,34,1136,4159,1716,1134,880,656,317,81,10103,11,360,1942,976,627,423,274,112,27,4754,3,85,326,214,134,104,41,24,5,938,20,534,3328,1645,1110,925,618,248,84,8514,26,223,1324,778,712,880,623,186,57,4814,156,4821,16243,7860,3781,2075,1025,236,85,36289,74,1836,8022,4170,2673,2205,1306,403,81,20771,87,1455,5945,2693,1340,742,300,102,38,12696,72,715,2123,1034,657,331,161,44,8,5146,128,199,111,49,46,31,14,22,4,602,24,217,786,501,326,238,105,54,15,2263,1110,4007,9464,4471,3014,2346,1583,943,490,27427,1828,16827,58684,28818,16784,11821,6998,2806,988,145560
LGA17310,55,184,343,267,192,131,73,21,6,1276,0,0,4,0,4,3,0,0,0,28,5,10,35,52,43,30,12,3,4,191,436,252,462,569,594,571,662,636,307,4477,695,1609,3887,4442,4469,3914,2382,1322,483,23200,0,19,62,76,90,69,31,11,5,358,3,29,65,71,54,32,23,3,0,281,42,280,760,676,685,734,518,239,57,4004,18,117,281,278,295,248,195,93,22,1547,23,62,190,201,209,157,142,67,5,1057,32,159,601,556,615,654,297,151,66,3128,6,75,350,433,441,524,301,135,40,2296,38,232,825,895,806,740,513,152,47,4244,43,186,582,541,511,415,195,51,10,2529,7,31,119,87,95,51,56,26,3,478,50,137,381,286,216,166,98,40,12,1383,13,11,12,5,8,7,4,12,4,75,4,11,49,48,64,43,27,4,6,265,464,328,718,677,725,827,788,621,289,5441,738,1678,5001,4841,4808,4669,3187,1600,563,27080
LGA17350,0,20,21,19,22,19,9,0,3,120,3,0,0,0,0,0,0,0,0,5,0,0,4,3,5,5,0,0,0,24,24,15,20,35,56,32,69,76,25,353,56,114,278,379,436,347,221,143,50,2015,0,0,4,0,6,7,0,0,0,24,0,4,7,4,3,3,0,0,0,12,0,24,75,54,68,82,67,29,8,412,3,11,35,21,22,28,17,7,0,143,0,17,28,36,33,28,23,6,0,175,0,8,34,36,55,60,40,24,9,262,0,0,39,55,52,44,24,5,4,227,7,15,52,69,76,75,35,9,0,338,4,12,33,48,45,29,22,10,0,193,0,3,11,0,6,8,0,3,0,33,9,23,30,16,23,20,12,0,3,131,0,0,0,0,0,0,0,4,0,16,0,0,3,3,4,3,5,0,0,15,45,21,45,43,66,78,76,75,18,471,75,136,386,388,449,464,331,178,45,2452
LGA17400,4,11,29,32,25,21,11,0,0,142,0,0,0,0,0,0,0,0,0,0,0,0,4,4,5,5,9,0,6,25,46,19,48,59,107,109,94,84,39,609,76,108,290,442,538,579,368,158,58,2623,0,0,5,8,0,11,8,5,0,40,0,0,5,4,3,0,0,0,0,13,7,20,36,47,74,106,87,31,5,414,0,9,20,28,37,55,39,9,0,188,0,9,22,30,35,34,17,10,0,148,0,5,17,33,48,104,65,22,0,292,0,3,28,36,39,60,64,9,4,254,8,14,51,53,70,75,51,10,0,340,4,8,23,61,54,61,32,8,0,251,0,3,7,6,7,12,19,4,3,56,8,11,27,30,28,35,15,4,0,157,0,0,0,0,0,0,8,0,0,7,0,0,0,10,10,9,9,6,0,35,62,25,50,77,104,177,150,114,74,840,89,111,292,422,510,731,570,227,87,3042
LGA17420,88,307,533,708,489,309,150,47,7,2649,3,3,5,13,10,11,5,3,0,58,7,51,142,187,186,123,62,20,10,783,647,383,663,935,916,880,706,484,283,5908,1104,4585,11686,17131,15470,11970,5809,2029,670,70448,5,172,391,649,774,569,329,111,22,3015,19,181,891,1893,910,421,120,17,4,4452,30,344,1340,2392,2739,2360,1775,718,179,11869,48,309,715,915,886,595,361,198,36,4062,13,78,163,237,198,144,99,31,7,975,31,402,1250,1569,1637,1323,779,311,75,7380,6,227,918,1344,1339,1480,856,293,57,6528,99,1042,4009,6123,5222,3666,2242,549,141,23086,84,713,1629,1971,1693,1330,655,189,41,8314,48,450,780,699,428,213,140,50,15,2820,92,251,552,655,599,324,223,73,19,2790,3,5,19,14,3,21,17,10,3,104,8,62,176,260,234,163,88,48,9,1052,460,343,719,942,940,718,725,453,315,5612,936,4579,13551,19662,17608,13332,8414,3042,932,82062
LGA17550,93,190,510,504,449,310,169,104,22,2347,3,4,3,11,7,3,9,0,0,53,0,12,43,57,78,66,34,33,22,344,495,302,554,708,889,943,1073,1425,778,7165,837,1707,4990,6647,7394,6418,4346,3249,1318,36908,0,11,78,137,116,126,104,38,13,635,18,45,81,120,142,105,46,9,0,571,29,185,655,816,1047,1195,1185,749,237,6095,21,120,538,705,676,662,490,286,93,3589,9,50,162,219,216,195,94,37,15,996,34,168,687,898,963,1107,575,285,78,4799,6,65,454,652,729,950,642,244,70,3812,60,269,934,1278,1275,1264,855,356,152,6442,58,215,656,897,912,898,497,145,44,4312,16,89,246,321,256,195,139,66,26,1356,81,220,555,579,477,405,266,111,49,2744,5,7,5,7,9,24,31,44,21,152,6,18,56,90,79,79,71,44,22,463,510,345,693,839,1027,1268,1297,1257,937,8165,856,1814,5806,7557,7924,8472,6300,3663,1752,44137
LGA17620,8,25,75,70,40,37,14,3,0,278,0,0,4,0,0,0,0,0,0,4,3,0,13,13,10,5,3,0,4,52,95,41,111,136,118,165,184,167,74,1098,159,411,1051,1066,1009,851,514,311,111,5485,0,4,8,12,9,11,7,0,0,59,0,0,15,11,5,6,4,0,0,32,6,67,238,239,219,197,115,45,19,1146,5,29,70,54,49,52,47,15,6,331,9,36,103,86,98,60,35,17,3,448,0,34,126,110,115,134,76,40,13,643,0,9,102,98,84,103,60,22,10,492,10,49,145,177,176,131,72,25,6,791,6,28,85,87,98,67,36,9,3,409,0,5,20,13,22,16,12,0,3,89,13,29,75,68,53,41,30,4,3,313,5,0,7,0,0,7,6,0,0,21,0,5,12,17,14,12,4,3,0,68,119,78,182,211,208,222,171,156,107,1454,172,369,1179,1189,1143,1056,665,342,171,6296
LGA17640,0,6,26,31,18,21,6,3,0,114,0,0,0,0,0,0,0,0,0,0,0,0,0,12,6,13,4,4,0,41,39,21,34,55,70,57,89,97,17,476,63,136,341,576,634,612,417,195,44,3017,0,0,6,11,13,17,5,3,0,55,0,0,10,5,14,10,4,0,0,44,0,25,63,59,101,105,88,35,0,498,0,19,36,51,47,44,32,7,0,240,7,15,44,58,72,65,62,19,7,347,0,9,44,41,55,73,56,25,7,308,0,9,29,51,47,61,49,19,3,268,0,13,70,78,119,95,72,28,5,480,3,12,58,87,101,96,45,11,5,423,0,7,15,11,16,17,17,3,0,85,11,3,34,29,36,13,11,0,5,134,0,0,0,0,0,3,5,0,0,6,0,5,3,7,9,11,8,3,0,43,69,29,64,78,134,141,125,95,54,783,91,149,467,562,774,747,574,258,81,3707
LGA17650,4,3,21,35,29,20,3,0,0,113,0,0,0,0,3,0,0,0,0,8,0,0,0,7,3,7,0,0,0,21,34,20,30,52,47,74,56,37,20,367,67,114,344,507,575,580,276,95,35,2600,0,7,10,22,15,29,22,4,0,110,0,0,3,9,3,5,3,0,0,25,8,14,46,51,71,64,62,16,3,337,4,15,39,33,33,47,20,5,3,200,7,7,40,49,54,44,35,8,3,248,4,8,33,40,51,67,42,18,0,248,0,11,22,55,59,72,58,11,5,303,4,14,57,76,115,84,42,7,4,411,6,9,35,69,79,69,52,15,0,341,0,0,8,12,19,11,11,3,0,62,8,9,25,25,26,25,13,0,0,124,0,0,0,0,0,6,4,0,0,7,0,0,3,8,9,13,13,0,0,41,55,9,35,58,89,93,103,61,24,529,102,105,353,506,620,627,467,157,45,2986
LGA17750,61,216,345,288,220,125,63,22,6,1345,3,7,3,3,6,7,0,3,0,33,9,18,63,68,66,51,20,9,0,294,399,306,398,419,509,462,438,475,241,3650,780,2323,5177,4949,4709,3701,1811,1128,452,25035,0,53,162,151,110,100,56,15,4,654,26,46,141,108,62,46,19,0,0,447,34,324,796,726,761,651,430,196,52,3973,29,227,431,310,255,298,166,71,34,1824,13,118,259,230,233,197,122,44,17,1243,39,261,846,669,588,549,315,132,64,3469,0,112,479,540,477,555,281,142,35,2613,51,361,1114,1053,1038,811,400,129,46,5010,37,229,722,636,556,441,207,64,20,2914,14,92,224,133,91,80,41,20,5,709,63,230,451,311,224,170,84,34,8,1566,3,12,12,3,17,12,18,10,3,92,5,27,77,64,63,51,35,14,8,343,383,351,584,497,584,594,510,419,207,4134,711,2448,6298,5424,5063,4553,2683,1296,514,28984
LGA17850,0,14,8,8,9,4,6,3,0,50,0,0,0,0,0,0,0,0,0,0,0,0,0,0,3,3,3,5,0,14,24,9,15,19,28,32,40,29,11,199,45,72,153,195,220,247,153,61,16,1155,0,0,0,0,0,0,0,0,0,13,0,0,0,3,0,0,0,0,0,8,3,15,19,28,38,39,36,10,0,179,0,0,10,5,12,13,7,6,0,46,4,9,36,36,45,33,23,14,0,188,0,4,19,22,21,29,27,3,0,127,0,10,14,21,17,26,33,3,5,111,0,15,22,35,44,37,15,4,0,178,0,5,19,24,16,24,24,0,0,108,0,0,0,0,0,3,3,0,0,17,4,10,14,12,5,4,6,3,0,57,0,0,0,0,0,0,0,0,0,4,0,0,0,3,3,0,6,0,0,16,25,11,35,38,46,56,76,49,41,383,39,70,189,217,245,270,252,96,53,1433
LGA17900,0,11,17,16,13,19,11,9,0,103,0,0,0,0,0,0,0,0,0,0,0,3,5,0,0,8,6,0,0,14,59,40,75,115,129,149,120,84,21,794,74,131,370,428,423,466,283,141,33,2344,0,0,3,5,12,0,4,3,0,29,0,0,5,0,3,4,4,0,0,14,0,14,43,28,32,61,51,26,8,258,3,5,9,19,13,28,23,8,0,109,0,4,28,30,32,17,14,9,0,137,0,9,37,31,35,42,26,9,3,193,0,7,47,48,41,44,22,0,6,205,0,18,51,38,51,47,18,7,0,232,3,7,62,54,37,30,23,0,0,216,0,3,7,6,9,6,4,0,0,44,0,11,13,16,14,21,19,3,0,102,0,0,6,5,0,0,0,0,0,6,0,4,0,3,3,7,0,6,0,25,49,56,118,105,110,143,140,90,8,824,67,148,423,385,389,455,350,161,24,2400
LGA17950,0,3,11,9,9,0,6,0,0,25,0,0,0,0,0,0,0,0,0,0,0,0,0,0,0,4,0,4,0,11,18,7,30,29,25,31,38,26,4,204,32,63,153,153,205,130,96,50,3,894,0,0,0,0,0,3,0,0,0,7,0,0,0,0,0,0,0,0,0,0,0,6,28,30,30,33,14,4,5,147,0,0,8,6,3,9,11,0,0,31,0,14,23,27,23,20,9,3,0,122,0,11,24,16,16,22,16,7,0,110,0,0,30,18,20,19,11,0,0,96,0,9,26,30,34,20,4,4,0,128,0,5,14,18,12,9,9,3,0,71,0,0,0,0,3,0,0,0,0,3,5,5,9,5,8,3,4,0,0,42,0,0,0,0,0,0,0,0,0,5,0,0,0,3,3,0,5,0,0,13,23,16,40,38,50,40,49,43,18,306,32,54,208,192,198,188,131,69,28,1095
LGA18020,16,15,34,35,20,23,14,6,0,161,0,0,0,0,0,0,0,0,0,0,0,0,0,0,5,12,8,0,6,26,94,50,57,96,131,134,148,132,60,897,143,164,420,606,702,692,457,251,93,3526,0,0,11,4,7,13,12,0,0,48,0,0,4,8,6,8,7,3,0,31,10,26,58,65,104,101,101,51,10,537,5,3,9,30,33,33,31,15,3,169,0,23,43,62,70,56,50,25,5,338,3,11,72,60,88,101,54,30,18,435,0,10,56,66,67,98,47,15,3,363,0,21,58,84,103,84,51,15,0,420,8,10,48,47,61,45,27,14,0,259,0,3,4,5,3,8,4,0,0,34,6,16,25,41,26,25,21,3,0,166,0,0,0,3,0,0,0,0,0,6,0,0,4,8,9,17,7,4,0,46,89,65,86,121,180,214,229,153,66,1208,124,178,471,594,768,815,645,331,118,4051
LGA18050,14,130,443,335,195,114,81,29,20,1357,0,0,6,3,3,6,9,7,5,37,4,47,177,201,113,50,30,13,9,651,280,631,2228,1345,866,699,641,504,358,7548,365,2264,13250,9732,5851,4197,2396,1388,720,40169,0,69,376,296,177,135,102,43,18,1210,0,26,308,351,189,94,31,3,0,1000,4,87,729,516,440,376,403,218,91,2856,0,91,683,483,327,207,135,58,24,2014,0,15,109,101,70,36,10,3,10,362,3,92,898,693,542,471,301,157,82,3234,4,45,436,436,368,421,297,133,45,2186,21,430,3897,2984,1814,896,485,218,97,10840,10,282,2059,1671,1163,741,487,154,41,6612,17,272,1547,1027,576,287,140,53,30,3960,10,109,431,299,199,118,96,42,16,1321,3,8,23,3,7,4,11,9,7,70,0,41,166,198,125,67,45,20,10,662,227,441,2153,1311,877,615,534,464,397,7027,305,2006,13815,10380,6857,4481,3079,1579,859,43350
LGA18100,0,8,11,18,9,5,11,0,0,58,0,0,0,0,0,0,0,0,0,0,0,0,0,0,0,5,0,0,0,13,21,6,16,22,44,55,67,46,19,296,31,59,186,222,274,260,189,97,27,1341,0,0,3,0,0,10,0,0,0,12,0,0,5,0,0,4,5,5,0,14,0,14,30,36,41,42,44,14,4,224,0,6,6,14,13,10,20,9,0,65,4,0,19,26,25,34,31,14,3,166,6,6,12,26,25,33,31,6,5,149,0,3,18,38,26,38,22,3,6,147,0,4,31,45,50,32,24,8,0,203,4,5,13,21,19,26,10,3,0,106,0,0,0,10,0,3,8,0,0,27,0,0,12,15,14,11,10,0,4,65,0,0,0,0,0,0,0,0,0,3,0,0,0,3,0,0,0,0,0,12,25,11,24,33,56,70,81,60,35,398,41,58,187,254,270,316,286,126,54,1595
LGA18200,3,15,20,44,25,15,8,6,0,134,0,3,0,0,0,0,0,0,0,6,0,0,4,10,5,3,4,0,0,25,73,35,63,45,85,69,77,68,30,544,98,150,390,479,466,398,255,120,38,2396,0,0,13,7,3,3,10,0,0,35,0,0,5,0,6,0,4,0,0,22,3,33,80,70,77,91,51,24,4,433,4,12,34,29,27,31,17,15,0,177,0,9,33,40,43,25,16,5,0,172,6,20,37,43,53,57,39,18,0,260,0,10,30,46,48,49,29,9,3,231,5,31,69,84,74,59,26,5,0,347,6,26,40,48,57,34,24,0,0,239,0,0,10,3,3,11,8,4,0,38,5,21,29,36,30,19,12,3,0,156,0,0,0,5,4,0,4,0,0,9,0,0,4,8,6,7,3,0,0,22,79,45,113,98,124,140,138,71,42,858,98,199,495,516,561,522,382,166,59,2993
LGA18250,17,132,313,259,159,95,31,18,6,1026,9,3,4,7,8,6,8,5,0,47,0,39,114,155,105,67,20,11,6,520,305,338,685,597,517,450,349,339,256,3841,416,2205,9122,9533,7278,5162,2616,1596,761,38685,0,126,316,407,369,260,197,98,23,1798,5,80,772,1003,463,202,55,9,5,2588,7,130,847,881,728,624,430,255,140,4036,6,49,259,313,271,202,137,72,25,1331,0,12,67,80,61,39,27,19,12,317,7,123,854,769,664,554,402,230,127,3740,7,53,320,411,391,469,361,188,60,2257,24,665,3284,3872,2682,1577,858,303,175,13445,19,273,1127,1482,1348,920,558,203,94,6021,16,205,690,602,386,220,99,67,30,2323,22,84,307,252,200,112,70,23,11,1091,11,17,4,7,14,16,3,5,4,86,10,35,120,167,137,85,56,22,10,640,189,274,767,671,540,415,349,234,197,3632,329,2124,9739,10909,8252,5707,3613,1739,913,43317
LGA18350,41,131,220,258,201,111,93,19,10,1083,0,0,3,3,3,0,4,0,0,16,0,4,18,44,55,46,39,20,7,241,265,118,210,345,429,462,492,485,353,3171,413,928,2168,3741,4362,4147,3245,1719,614,21337,0,10,46,79,98,154,134,54,13,588,6,18,50,60,60,48,30,4,0,270,8,131,404,445,692,738,673,418,115,3628,13,82,240,281,322,258,227,114,22,1559,14,53,118,175,181,122,91,36,5,801,25,71,262,358,465,599,447,271,84,2581,4,32,187,339,430,556,540,211,54,2349,34,146,496,704,781,792,896,371,99,4320,22,134,360,487,537,543,570,215,48,2916,7,45,132,203,210,161,149,70,24,1001,34,123,267,272,224,155,129,46,25,1278,4,0,9,3,0,0,9,5,0,45,0,8,24,52,54,51,62,22,13,293,251,143,302,408,548,514,622,492,302,3587,423,996,2900,3863,4600,4690,4593,2346,789,25199
LGA18400,42,127,218,225,139,100,36,8,0,895,0,4,0,0,4,6,0,0,0,22,3,9,17,39,41,34,10,8,0,178,318,178,290,420,418,344,306,246,114,2639,575,1363,3098,4208,3845,2898,1350,604,193,18140,0,22,66,84,75,83,47,7,9,392,8,30,63,67,40,48,20,3,0,275,35,252,715,964,1041,893,547,261,43,4756,42,179,408,439,346,263,131,58,17,1874,12,46,145,146,108,83,29,11,0,588,34,108,277,370,394,322,156,67,10,1738,8,84,376,431,363,440,183,54,11,1952,51,217,703,861,832,651,286,75,19,3702,44,223,541,526,413,310,123,30,6,2221,14,75,134,110,63,73,25,9,0,514,39,114,312,242,176,102,65,18,5,1075,0,0,0,9,5,5,9,9,0,38,3,9,41,37,44,33,28,6,0,205,322,189,393,435,494,447,388,293,200,3156,616,1545,4162,4731,4402,3763,2051,909,316,22490
LGA18450,129,499,1138,904,649,391,220,86,32,4070,14,54,16,8,10,19,13,8,4,152,16,66,157,173,178,124,58,36,13,821,1101,1000,1509,1587,1819,1741,1786,2170,920,13615,1919,7051,17393,17732,16940,12876,7430,4818,1729,87889,11,309,728,606,456,418,300,98,22,2953,16,243,834,690,397,235,80,13,0,2511,69,1035,3053,3075,3548,3434,2467,1353,440,18469,92,484,1233,1235,1137,801,536,370,106,6001,21,109,317,367,268,191,74,36,8,1396,70,586,2145,1951,1794,1575,760,333,111,9320,31,329,1596,1662,1498,1960,1039,411,104,8627,173,1376,3601,3837,3469,2570,1486,481,176,17166,122,1060,2584,2464,2243,1712,843,252,62,11331,48,477,952,761,550,379,185,91,21,3454,154,572,1127,971,832,480,331,110,57,4639,26,51,28,15,28,32,48,38,20,292,20,84,172,230,223,163,102,49,17,1059,902,991,1723,1525,1708,1734,1750,1719,1006,13070,1764,7710,20094,19407,18159,15675,9987,5338,2153,100290
LGA18500,3,82,226,191,119,102,42,28,14,814,3,3,4,0,0,4,0,8,4,21,0,40,123,142,123,96,58,22,5,607,318,363,1184,938,753,653,568,439,359,5585,361,1714,8326,6755,5570,4738,3059,1641,877,33042,0,77,226,200,175,139,133,46,32,1027,0,16,152,219,134,52,15,6,0,593,0,60,341,292,257,242,267,161,86,1712,0,58,327,271,247,168,162,44,25,1299,0,19,45,42,43,25,18,25,3,231,0,71,558,464,483,581,576,345,142,3224,4,31,257,206,253,424,357,127,49,1716,11,385,2554,2175,1707,1100,792,298,137,9169,9,260,1599,1304,1208,1055,906,321,96,6752,13,185,1009,683,456,247,170,80,25,2855,12,48,210,176,165,83,87,29,12,828,4,4,0,0,3,4,3,9,0,35,0,34,130,141,127,92,93,34,23,664,210,295,1020,754,681,576,601,439,291,4869,268,1541,8419,6932,5936,4790,4188,1964,928,34969
LGA18710,10,26,58,72,44,35,13,0,0,257,0,0,0,0,0,0,0,0,0,5,0,0,15,24,24,15,9,4,0,90,103,46,99,152,154,107,117,139,101,1015,157,285,952,1703,1511,1234,683,323,139,6987,0,13,24,77,85,69,56,13,0,338,3,5,34,60,64,44,16,0,0,231,5,35,133,178,240,186,127,57,15,972,0,42,84,131,106,59,43,21,6,501,9,30,59,93,103,80,57,26,10,459,3,21,102,121,136,159,81,30,6,665,0,15,87,141,100,137,105,29,4,629,12,33,147,305,384,231,121,36,6,1271,15,54,164,260,283,207,138,40,7,1161,0,15,41,56,53,42,18,10,4,235,9,30,54,66,55,33,22,6,3,291,0,0,0,0,0,0,0,0,0,7,0,0,15,27,33,24,12,7,0,121,117,61,108,189,178,215,167,139,119,1293,174,350,1048,1711,1826,1482,967,420,182,8170
LGA19399,0,3,16,7,10,3,4,0,0,42,0,0,0,0,0,0,0,0,0,0,0,0,0,0,0,0,0,0,0,0,3,0,6,3,7,12,9,3,0,47,3,27,73,85,91,73,42,11,9,421,0,0,7,3,0,0,0,0,0,7,0,0,0,0,0,0,0,0,0,0,0,0,8,19,14,9,5,9,0,67,0,0,9,4,0,7,0,0,0,28,0,7,10,19,15,6,5,0,0,56,0,0,4,6,7,14,4,7,0,51,0,0,9,13,3,4,3,0,0,30,0,0,12,13,12,13,7,0,0,61,0,6,0,9,6,10,0,0,3,31,0,0,4,3,0,0,0,0,0,10,0,5,11,12,5,9,0,0,0,40,0,0,0,0,0,0,0,0,0,0,0,0,0,0,3,0,0,0,0,10,9,4,20,26,12,15,14,5,7,115,7,26,99,121,75,88,50,24,16,501
LGA19499,20,41,94,48,37,21,15,0,0,288,0,0,0,0,0,4,0,0,0,11,3,4,26,24,10,10,7,0,0,87,144,223,586,625,602,406,239,91,58,2983,217,694,1939,1417,1272,1019,564,140,73,7320,0,20,56,18,14,20,8,5,0,139,5,15,55,41,13,10,0,0,0,145,8,71,202,112,125,149,124,19,0,805,6,28,78,67,49,62,50,5,0,339,3,12,36,25,15,21,7,0,0,123,5,34,129,64,64,79,54,10,4,431,0,12,47,29,43,58,36,3,0,238,12,111,256,136,120,107,68,10,0,825,3,82,159,83,82,94,64,9,0,581,0,32,104,50,44,18,15,0,0,266,10,49,83,52,33,33,20,0,0,276,7,9,6,4,0,4,0,0,0,25,0,9,18,8,16,10,9,0,0,74,130,319,797,706,668,481,266,92,26,3476,176,805,2020,1397,1277,1143,722,153,39,7737
LGA19799,0,0,0,0,0,3,0,0,0,7,0,0,0,0,0,0,0,0,0,0,0,0,0,0,0,0,0,0,0,0,0,0,0,0,3,0,4,7,0,18,0,0,0,6,10,12,16,15,0,63,0,0,0,4,0,5,0,0,0,8,0,0,0,0,0,0,0,0,0,0,0,0,3,4,7,3,17,3,0,35,0,0,0,0,0,0,0,0,0,4,0,0,0,0,0,0,0,0,0,0,0,0,0,0,0,10,0,0,0,19,0,0,0,0,4,3,8,0,0,18,0,0,10,0,3,4,8,4,0,28,0,0,0,0,0,6,3,4,0,17,0,0,0,0,0,0,0,0,0,0,0,0,3,3,3,5,4,0,0,14,0,0,0,0,0,0,0,0,0,0,0,0,0,0,0,0,0,0,0,4,0,3,6,5,6,10,18,18,0,68,3,7,30,17,25,41,62,23,3,214
LGA20110,12,42,70,99,100,54,23,15,4,413,0,0,0,0,0,0,0,0,0,3,0,5,6,10,16,11,6,8,0,55,70,30,57,82,116,143,145,140,48,830,112,206,595,953,1126,1120,679,376,101,5267,0,6,26,23,24,31,31,3,0,143,4,3,3,16,16,21,8,0,0,68,14,35,92,144,191,218,180,80,26,985,3,32,55,77,77,95,48,23,6,413,4,17,44,53,71,68,30,11,3,303,5,22,75,102,157,163,95,38,11,660,0,10,48,99,92,158,133,44,16,607,4,18,93,155,152,160,97,36,13,735,6,21,78,102,99,133,85,21,5,547,0,8,25,47,28,27,16,12,3,170,0,24,71,98,78,63,32,9,9,382,0,0,0,0,0,0,5,3,4,11,0,5,0,6,13,16,7,3,0,57,67,40,92,126,201,220,193,148,84,1178,111,231,713,1061,1204,1368,968,435,178,6265
LGA20260,6,24,55,58,41,33,23,6,3,244,4,0,0,0,0,0,0,0,0,8,0,3,7,15,7,6,9,0,0,49,66,49,151,170,204,176,176,171,63,1230,107,227,690,848,946,872,543,313,108,4646,0,4,17,16,12,9,6,0,0,71,0,5,10,10,3,5,3,0,0,35,3,28,99,86,108,140,116,41,11,632,6,10,41,37,41,48,28,18,5,237,0,25,50,89,66,68,37,19,4,357,4,17,73,60,143,144,106,33,20,596,0,8,63,52,60,120,103,29,14,452,13,30,91,88,117,79,53,16,6,486,0,37,74,115,136,124,66,12,0,564,0,12,14,22,14,10,14,0,0,84,6,20,57,53,48,34,27,15,0,264,0,0,0,0,0,4,0,0,0,11,0,4,13,11,14,10,0,0,0,48,73,78,276,329,249,244,195,168,57,1674,109,269,879,977,1001,1042,763,356,116,5525
LGA20570,100,334,638,478,329,237,113,47,13,2300,6,17,9,5,3,3,0,5,0,53,6,29,124,115,83,73,31,14,10,488,643,518,658,736,861,924,983,1090,633,7049,1120,3393,8078,7755,7305,5909,3540,2232,934,40274,0,92,192,228,163,142,94,29,6,949,16,77,405,291,171,99,35,7,0,1107,41,328,1032,942,1115,994,809,406,123,5791,46,325,808,544,436,375,249,129,41,2950,14,83,222,206,206,124,91,56,10,1018,35,332,1267,1085,1114,1060,620,279,91,5891,15,204,871,895,824,973,784,310,83,4963,66,553,1618,1754,1513,991,482,181,56,7218,100,501,1189,1219,1065,901,496,127,19,5609,65,261,405,347,226,185,108,41,12,1648,82,357,771,518,392,278,156,74,24,2648,3,13,17,6,17,13,20,11,4,112,5,30,110,170,140,93,60,25,13,631,563,581,954,886,952,967,1044,891,495,7327,1054,3729,9861,9097,8333,7201,5045,2574,986,47870
LGA20660,72,283,628,550,359,222,132,62,23,2336,7,13,8,4,6,9,4,5,3,70,9,66,175,223,172,123,53,43,11,882,547,483,821,812,885,852,949,1099,819,7266,955,3987,12445,12686,10791,8755,4978,2964,1412,58974,6,225,588,683,539,513,304,104,30,2985,17,101,704,891,452,245,82,3,0,2498,35,299,1392,1582,1522,1365,1258,671,241,8367,29,250,839,701,647,461,325,192,66,3501,9,66,176,226,156,102,54,20,3,810,31,361,1657,1592,1261,1167,684,286,109,7145,8,140,939,1054,1077,1324,888,290,90,5806,58,654,2816,3182,2462,1662,984,347,137,12302,69,515,1627,1855,1560,1370,727,238,55,8011,25,370,863,747,472,266,139,74,17,2970,57,271,606,478,443,277,174,84,37,2432,0,12,14,15,15,15,30,14,9,137,6,69,205,250,225,153,85,39,15,1048,376,353,954,905,915,828,875,824,641,6663,735,3679,13377,14161,11747,9738,6604,3176,1460,64675
LGA20740,23,82,199,171,131,105,61,28,3,800,0,0,0,0,0,0,0,5,0,5,3,11,20,37,32,27,23,9,4,163,165,107,206,305,314,362,432,500,242,2646,238,606,1928,2307,2243,2431,1920,1165,399,13240,0,4,31,65,42,58,60,12,9,281,0,9,38,35,29,34,27,4,0,161,10,53,240,273,373,476,514,291,88,2314,9,62,232,233,243,318,194,94,36,1421,5,21,87,125,105,68,57,15,3,486,12,43,218,216,313,330,282,107,46,1560,9,27,182,227,224,368,364,133,24,1549,5,57,311,337,337,347,327,114,54,1892,17,69,232,290,300,378,279,71,20,1662,8,17,68,65,76,89,70,21,8,416,13,78,237,182,175,140,103,33,3,957,0,0,0,0,7,6,8,6,4,41,0,5,14,35,45,47,33,14,4,195,193,105,247,291,424,479,591,461,261,3058,271,553,2134,2371,2689,3133,2905,1378,565,15999
LGA20830,47,119,258,217,171,143,74,27,3,1064,0,0,0,0,0,4,7,0,0,15,0,8,20,49,48,49,23,11,3,209,292,145,229,321,392,415,428,417,235,2875,496,1182,3075,3351,3646,3212,1891,948,338,18132,0,22,70,78,65,77,49,17,3,382,8,23,66,72,59,51,27,0,0,299,30,183,601,589,784,712,602,259,61,3827,31,161,396,271,280,221,148,81,22,1614,11,58,213,236,211,138,75,22,16,981,13,120,419,381,431,486,321,112,37,2309,0,52,320,362,376,547,391,143,23,2212,16,169,625,633,560,447,322,86,35,2891,37,187,447,460,531,470,282,77,10,2501,15,37,115,116,86,72,54,12,8,503,35,146,292,232,199,143,133,49,11,1232,0,4,0,0,3,5,10,9,5,51,0,7,36,53,60,52,43,15,11,281,295,213,380,445,575,616,608,440,190,3765,497,1389,3980,3922,4219,4038,3063,1327,419,22851
LGA20910,34,129,256,336,290,184,141,64,29,1459,4,4,10,7,4,5,3,6,3,33,4,58,106,214,189,128,66,26,25,814,461,283,456,748,852,712,691,914,862,5971,639,2145,5777,11073,11258,8204,4917,2994,1796,48792,0,138,231,432,570,463,293,105,51,2288,4,58,231,534,522,283,77,9,0,1715,3,108,498,761,1197,1010,857,533,275,5240,16,162,437,454,569,426,260,110,55,2493,5,35,67,121,141,88,53,25,7,541,18,159,732,985,1337,1091,699,387,232,5624,8,65,382,607,1000,1248,886,381,120,4692,30,487,1752,3438,3765,2216,1376,516,267,13843,34,290,833,1429,1676,1354,846,313,102,6867,22,251,537,591,550,329,189,87,53,2607,32,134,288,298,347,211,173,72,42,1600,7,6,5,11,5,6,3,13,6,58,0,61,111,233,264,150,99,39,37,992,328,283,556,747,925,762,658,549,574,5383,499,2240,6651,10618,12853,9657,6468,3136,1812,53936
LGA21010,20,44,71,78,53,43,19,10,4,344,0,0,0,0,0,0,0,0,0,3,0,0,5,3,20,6,3,9,3,55,85,32,56,83,118,136,142,165,81,889,169,277,734,884,1144,1148,672,405,161,5590,0,0,12,21,13,28,18,7,0,99,0,7,7,11,11,11,5,0,0,50,8,48,147,150,204,210,197,95,36,1105,10,26,63,56,56,89,51,20,9,389,9,15,62,57,72,76,52,30,8,371,4,32,93,107,124,172,104,50,23,714,0,12,69,62,97,148,125,53,15,587,17,41,109,119,152,123,90,31,6,690,9,42,95,104,140,154,78,19,6,650,0,10,23,9,18,17,13,0,0,101,11,41,77,67,53,44,37,10,16,358,0,0,0,0,0,4,10,0,0,13,5,5,6,4,13,12,9,4,5,62,102,73,119,139,212,254,252,180,82,1404,167,356,880,909,1168,1353,1038,509,216,6596
LGA21110,61,307,645,488,378,227,132,80,30,2356,15,19,14,10,7,7,4,4,11,102,3,173,333,355,362,255,127,71,28,1709,781,732,1321,1023,1122,921,832,936,894,8568,1150,6213,17519,17869,18842,13883,7435,4376,2451,89743,4,470,843,801,1041,881,542,217,114,4922,20,277,1223,1166,978,485,132,19,0,4306,26,499,1734,1308,1805,1440,1118,636,306,8876,20,284,811,596,681,483,328,159,67,3427,0,70,235,141,197,139,65,39,20,906,15,528,2185,2203,2510,2126,1380,876,420,12252,15,153,957,898,1400,1772,1439,609,253,7505,73,1508,5261,5662,5898,3442,1875,691,415,24817,46,767,2401,2463,2774,2328,1596,587,244,13205,66,756,1545,878,715,474,273,140,65,4906,76,271,632,445,452,220,191,63,50,2397,22,35,18,12,14,19,14,19,3,159,10,149,275,339,398,286,162,75,31,1730,551,671,1444,1168,1247,1014,913,750,631,8384,940,6446,19570,18092,20102,15113,10020,4880,2631,97791
LGA21180,119,803,1691,823,556,365,107,49,11,4519,12,20,35,22,22,18,7,15,4,140,11,96,337,222,166,115,51,15,3,1007,1601,1560,3049,2521,2394,2240,1811,1319,603,17107,2225,7148,19144,14214,10959,8248,4110,2194,807,69047,7,341,648,496,345,212,78,22,3,2155,24,319,1440,1105,436,195,35,3,0,3573,72,704,2390,2260,2375,2286,1462,545,165,12252,73,408,983,715,578,392,270,130,30,3592,3,45,148,136,101,81,33,6,3,555,33,568,1630,1079,820,562,263,96,35,5090,23,308,987,842,818,699,434,118,26,4260,144,1546,5201,3729,2168,1433,595,125,47,14995,124,847,2351,1946,1560,1043,366,61,16,8320,35,362,800,471,258,128,53,16,10,2124,104,540,1781,1071,725,407,212,57,16,4918,37,35,58,33,45,57,74,45,14,389,12,101,369,272,214,160,100,36,11,1272,1056,1253,2637,2090,1945,1848,1724,1104,576,14232,1747,7382,21426,16250,12398,9496,5701,2369,939,77717
LGA21270,0,14,28,32,22,29,3,9,0,130,0,0,0,0,0,0,0,3,0,6,0,4,5,3,0,10,0,0,0,20,41,16,24,36,45,80,109,95,44,488,56,122,300,397,480,413,268,177,74,2276,0,0,0,6,8,10,0,0,0,25,0,0,4,0,4,5,0,0,0,21,0,26,45,42,74,55,54,28,12,323,0,3,26,17,21,29,19,5,0,134,3,21,40,48,67,57,23,7,4,264,0,12,41,45,66,76,32,31,11,306,0,6,40,32,50,69,34,17,7,261,0,5,46,50,50,50,14,8,7,230,0,5,26,38,38,38,22,7,0,168,0,0,13,5,6,3,5,0,3,39,10,3,21,32,27,24,11,5,4,144,0,0,0,4,0,0,0,0,0,9,0,0,6,0,0,7,4,0,0,20,31,18,58,45,96,140,117,109,86,701,51,103,357,366,505,565,341,222,142,2642
LGA21370,57,131,184,217,149,119,70,25,7,951,0,3,9,4,0,0,0,0,0,16,0,11,19,34,29,28,15,4,0,145,258,115,201,308,392,398,485,511,276,2940,431,886,2066,2678,2692,2169,1496,951,392,13761,0,3,29,59,44,32,11,8,5,196,10,9,30,32,13,16,6,0,0,120,28,149,397,415,524,493,387,185,58,2635,11,71,191,154,188,183,110,51,22,989,23,59,187,219,222,158,76,30,10,975,15,74,313,295,344,363,192,98,35,1725,11,39,216,205,226,270,206,98,22,1291,15,86,331,386,360,263,160,57,23,1684,20,88,258,294,334,322,157,33,12,1527,0,31,43,50,26,35,24,13,0,223,37,133,246,185,179,165,100,33,18,1094,3,0,3,0,0,5,17,9,9,43,3,3,16,35,22,29,18,8,0,140,289,160,302,389,469,518,576,535,292,3523,451,912,2576,2731,2958,2848,2031,1151,499,16150
LGA21450,80,287,504,473,283,171,79,25,4,1905,3,4,10,5,8,3,0,4,0,35,3,18,82,106,74,45,21,9,4,366,522,281,566,655,698,582,562,436,181,4485,929,2455,6585,6760,5693,3962,2278,974,320,29964,3,67,236,208,161,112,68,16,3,871,16,56,323,356,155,63,33,4,0,1008,49,357,1365,1433,1634,1186,742,335,91,7191,58,388,1004,700,539,376,211,113,16,3404,10,74,270,303,213,111,62,20,3,1075,30,266,904,780,723,551,315,108,34,3711,14,138,737,735,591,582,343,97,16,3246,53,478,1781,1774,1277,738,431,107,38,6678,87,481,1258,1175,895,620,285,54,21,4864,28,142,376,233,129,116,59,21,7,1110,91,301,861,555,410,226,149,42,13,2654,3,0,10,9,11,8,16,19,0,81,4,34,127,150,96,62,36,13,6,520,554,443,893,936,971,779,662,470,242,5952,1001,3225,10134,9350,7804,5535,3413,1409,489,42374
LGA21610,257,795,1715,1446,964,543,232,59,11,6028,22,25,30,21,23,23,9,9,0,165,17,71,330,371,314,177,63,35,9,1384,1800,1188,2236,2580,2464,2015,1652,1403,643,15987,3148,8009,23992,23910,18512,11555,5629,2938,981,98672,7,351,922,939,572,355,158,51,13,3367,48,356,1886,2202,728,290,69,6,0,5576,174,1070,3953,5033,5010,3765,2091,887,220,22193,191,880,2081,1496,1326,947,493,240,56,7705,38,139,462,418,303,157,80,34,7,1631,77,813,2908,2602,2019,1320,626,235,63,10665,43,453,1788,1888,1497,1242,635,271,58,7866,231,1666,7204,6991,4674,2720,1139,394,96,25115,290,1509,3747,3865,2962,1826,631,151,29,15010,105,472,1066,741,389,218,116,37,14,3153,208,833,2350,1728,1219,677,337,110,30,7478,37,30,56,27,34,45,36,31,10,308,14,106,437,525,411,242,108,56,16,1914,1433,1450,2957,2734,2612,2157,1729,1274,723,17069,2891,10108,31804,31190,23752,15949,8243,3782,1333,129050
LGA21670,16,37,62,52,47,42,22,13,0,292,0,0,0,0,0,0,0,0,0,7,4,3,10,7,10,5,6,0,0,50,97,27,71,112,147,158,228,210,88,1135,132,246,529,741,903,926,706,395,142,4719,0,3,10,15,12,12,8,3,0,56,0,0,10,13,15,11,4,0,0,50,3,45,99,139,207,209,207,90,32,1022,0,20,44,31,42,65,55,38,3,308,5,9,40,36,47,31,24,7,0,201,5,22,50,49,110,132,103,38,14,520,3,13,61,51,54,89,105,27,4,413,3,35,98,100,88,99,54,26,12,504,15,31,75,105,145,102,75,9,10,564,5,8,6,15,17,12,14,0,0,83,12,39,76,61,52,58,29,12,3,341,0,0,0,5,0,0,8,6,3,28,0,0,12,12,16,18,20,0,0,77,89,48,82,122,178,189,262,193,91,1252,128,275,662,759,982,1025,965,454,173,5424
LGA21750,27,72,130,110,80,76,16,10,4,521,0,0,0,0,0,0,5,0,0,8,0,3,13,18,23,11,12,0,0,91,136,63,132,160,212,235,233,260,133,1553,235,518,1256,1411,1581,1494,822,493,184,7997,0,10,18,31,21,29,27,5,0,147,0,3,24,15,13,16,8,0,0,82,10,75,228,211,248,270,186,80,23,1326,6,54,127,101,101,108,77,28,8,615,7,39,112,135,105,92,43,13,3,552,0,48,144,136,185,213,142,57,13,948,0,21,104,109,118,220,180,55,13,817,14,72,212,224,186,182,96,27,15,1032,18,64,154,171,262,249,118,25,12,1078,6,17,55,40,27,38,28,5,3,226,16,50,165,118,110,67,46,17,4,589,0,0,4,7,0,3,5,4,0,23,0,6,14,24,32,23,13,11,3,125,140,92,196,188,271,287,294,234,125,1828,226,562,1559,1513,1677,1793,1260,567,222,9382
LGA21830,21,33,76,94,59,35,27,8,0,353,0,0,0,0,0,0,0,0,0,0,0,3,15,23,12,14,7,3,0,75,115,39,74,104,164,179,221,206,91,1190,187,337,914,1186,1222,959,635,385,126,5944,0,3,15,34,14,18,11,0,0,94,0,5,8,5,12,5,4,0,0,42,9,78,146,152,227,168,121,43,20,965,3,38,73,46,62,67,38,27,7,351,8,44,108,167,157,99,49,21,6,656,3,32,108,107,136,177,87,38,15,706,0,14,85,87,116,161,103,45,11,619,0,30,93,137,121,101,63,21,10,582,9,45,77,111,140,123,66,17,4,582,4,6,19,9,20,19,16,4,0,97,11,49,89,87,55,47,30,10,11,389,0,0,0,0,0,0,3,0,0,6,0,4,3,18,14,15,7,6,0,72,129,77,131,156,245,237,262,219,94,1551,186,417,960,1113,1331,1227,851,459,174,6722
LGA21890,60,556,1209,665,399,193,89,43,21,3244,6,21,16,14,7,7,5,5,0,93,9,96,452,350,206,98,36,31,8,1289,666,1001,2085,1738,1411,1211,1275,1342,725,11457,1023,5629,20164,16496,10505,6033,2989,2244,1101,66188,6,326,1050,899,605,326,125,28,13,3384,7,217,1344,976,516,173,33,3,6,3272,38,459,1959,1549,1392,1019,647,417,165,7652,42,222,1032,852,593,338,176,131,38,3428,6,68,295,288,178,108,34,11,7,983,26,495,2179,1554,1120,688,252,124,45,6476,16,204,1242,1195,1155,945,410,157,45,5362,81,1152,4642,3595,2351,1106,385,120,64,13493,72,760,3105,2871,2093,1328,508,97,36,10862,37,597,2485,1735,870,329,100,31,21,6215,58,353,1146,750,522,239,145,62,28,3295,9,38,45,11,25,22,29,34,15,225,17,107,450,412,307,147,67,24,17,1542,604,906,2444,1814,1506,1136,1031,1075,841,11361,1015,5907,23411,18509,13234,7911,3941,2303,1324,77554
LGA22110,34,128,236,241,182,163,99,34,3,1128,0,0,3,3,0,0,0,0,0,13,0,9,29,38,40,42,33,7,7,208,286,128,240,319,385,524,630,544,234,3283,424,830,2214,2813,3272,3669,2687,1342,436,17695,0,5,42,54,40,59,65,16,12,284,0,16,43,38,32,34,18,0,3,190,28,138,351,384,587,673,820,362,95,3434,9,84,226,225,251,316,253,141,33,1536,12,43,146,175,181,155,110,38,9,862,14,75,302,300,408,539,385,173,58,2261,6,51,222,235,279,522,499,142,33,2003,16,114,336,391,397,426,399,140,52,2260,31,105,249,333,428,493,281,67,8,2007,6,38,63,79,74,77,82,25,8,449,16,114,271,255,218,211,170,47,13,1319,5,0,0,3,5,8,20,17,14,63,0,6,31,43,50,63,50,17,5,271,342,203,386,444,626,753,937,693,414,4802,492,994,2672,2955,3587,4329,4086,1886,744,21746
LGA22170,139,449,888,776,495,365,173,77,16,3375,9,7,9,3,20,6,0,9,0,68,14,45,139,160,150,117,44,25,13,694,881,619,1155,1358,1438,1229,1225,1208,668,9778,1492,4098,11464,11459,9995,7662,4548,2650,1112,54480,5,116,260,289,245,182,99,33,17,1237,14,103,353,512,272,160,56,11,0,1486,76,359,1624,1829,2070,1886,1272,637,204,9959,64,420,1328,983,822,611,381,207,58,4862,17,112,320,279,226,108,40,20,13,1124,22,361,1467,1279,1134,984,495,209,68,6021,18,242,1040,970,891,855,619,212,70,4908,92,644,2341,2561,2062,1472,815,296,118,10397,127,670,1705,1664,1520,1102,510,137,35,7467,34,220,599,489,279,196,130,48,21,2015,104,433,1011,824,603,414,304,81,33,3802,5,16,18,13,17,20,26,31,7,160,7,42,150,200,191,133,59,41,14,837,652,690,1447,1422,1469,1288,1205,1050,643,9864,1244,4432,13655,13316,11796,9404,6000,3013,1285,64149
LGA22250,5,17,46,52,41,38,27,8,0,232,0,0,0,0,0,0,0,0,0,0,0,0,8,12,4,9,5,0,0,36,75,28,56,92,118,143,158,171,95,945,121,166,538,637,682,671,462,285,132,3706,0,0,7,7,7,9,9,5,0,34,0,0,5,4,4,5,0,0,0,26,10,46,95,92,130,151,114,34,8,673,4,18,45,36,29,49,41,15,3,240,7,22,64,79,91,46,24,12,0,336,0,23,63,70,89,87,70,29,5,442,0,12,46,50,65,87,73,28,4,364,0,35,85,96,81,80,40,15,8,437,4,33,42,62,74,96,37,10,0,350,0,7,15,12,9,0,5,3,0,55,10,20,45,57,50,45,30,14,0,272,0,0,0,0,0,0,0,6,0,15,0,0,0,11,8,10,3,8,0,39,67,58,77,102,118,171,195,182,62,1036,108,261,595,675,761,821,638,344,103,4314
LGA22310,54,342,855,601,432,280,133,69,32,2792,9,12,10,4,10,4,7,13,10,70,0,105,278,372,245,170,65,40,13,1294,571,571,1311,1086,1017,950,887,1132,1006,8536,869,4613,16654,16260,13069,9512,4576,3293,1904,70755,4,279,730,752,691,502,277,103,42,3388,10,249,1520,1411,849,403,88,12,8,4546,14,376,1653,1418,1608,1421,1007,625,338,8452,24,193,841,624,554,437,249,129,57,3112,3,51,167,159,133,81,33,22,5,648,20,343,1750,1551,1430,1141,626,385,165,7408,12,142,914,1047,1323,1429,930,317,115,6233,73,1343,5212,4829,3749,2124,1126,380,250,19080,65,615,2236,2369,2021,1593,916,253,99,10167,49,502,1251,985,678,432,195,87,50,4231,52,239,858,604,539,275,204,89,44,2907,18,22,11,12,15,22,18,18,10,138,8,86,265,345,329,184,107,49,30,1408,390,558,1416,1139,1040,882,720,680,564,7385,741,4997,18822,17232,14959,10930,6499,3141,1773,79097
LGA22410,17,52,111,91,79,79,27,7,5,475,3,0,0,5,0,0,0,0,0,4,0,3,10,23,19,26,8,4,3,89,142,59,120,190,221,243,233,201,74,1487,251,388,1161,1439,1592,1365,709,392,134,7430,0,6,17,15,15,23,8,5,0,97,3,4,14,10,13,14,9,0,0,66,14,87,194,272,351,295,181,77,22,1488,6,43,85,71,94,103,77,34,10,518,6,32,73,96,116,88,60,10,4,489,3,34,135,121,212,237,123,52,27,946,4,22,72,127,130,134,119,40,11,661,4,41,142,206,194,160,81,28,6,860,11,50,120,171,175,191,78,13,3,814,0,19,22,17,20,18,19,4,6,125,14,54,118,100,93,63,46,17,3,512,4,0,3,3,0,4,3,0,0,20,0,0,12,15,11,22,16,6,0,80,146,110,163,218,285,327,332,235,107,1928,226,499,1174,1438,1706,1686,1151,510,205,8602
LGA22490,17,33,89,118,82,54,31,4,0,426,0,0,0,0,0,0,5,0,0,4,0,3,11,23,23,16,14,0,0,93,130,37,79,171,186,195,121,112,75,1105,209,370,1188,1886,1713,1455,668,237,85,7818,0,10,26,33,46,33,17,6,0,175,3,12,25,38,29,27,12,0,0,138,16,77,260,421,429,341,223,77,20,1858,11,69,181,203,137,103,46,16,3,766,0,19,82,105,99,83,60,15,0,470,3,48,179,206,222,229,95,38,7,1029,3,24,143,194,158,180,127,27,0,867,8,41,245,401,297,202,98,17,10,1318,16,70,171,263,298,183,98,17,5,1124,6,22,56,41,37,34,19,7,0,223,14,40,127,126,92,51,48,10,0,506,0,4,6,6,6,0,0,0,0,14,0,3,22,23,33,36,20,4,0,138,182,74,128,208,251,239,195,96,26,1405,270,507,1649,2271,2133,1744,1054,322,79,10030
LGA22620,89,380,668,498,345,225,139,42,15,2405,0,6,0,11,7,4,3,3,0,37,4,30,106,128,110,92,41,24,5,548,625,429,679,816,884,934,1048,1230,689,7335,1097,3217,7955,8110,8085,6821,3937,2407,1017,42653,6,62,176,222,159,148,103,33,17,923,13,103,315,251,163,119,47,12,0,1013,50,399,1242,1154,1360,1324,1003,466,146,7141,43,340,847,617,580,504,340,160,42,3467,13,88,274,332,314,238,119,44,14,1437,37,440,1347,1171,1196,1275,663,283,90,6499,16,221,875,914,856,999,777,293,98,5041,50,431,1565,1588,1291,967,530,167,75,6667,107,544,1216,1237,1149,1043,532,126,34,5998,21,147,340,261,161,181,103,47,11,1291,76,407,822,540,444,275,205,78,30,2874,3,16,10,17,14,18,33,14,0,120,5,31,80,156,124,115,68,39,12,621,725,554,1079,1011,1160,1238,1214,1097,728,8810,1164,3773,10191,9461,8955,8450,5744,2860,1298,51900
LGA22670,67,653,1374,675,347,235,115,45,10,3522,20,24,23,24,23,11,8,11,3,140,10,75,286,190,140,95,51,25,8,880,1012,992,2052,1714,1581,1500,1354,1325,643,12167,1498,5051,14956,9810,7407,6056,3693,2406,906,51785,11,283,614,460,280,177,99,37,14,1969,14,287,1459,987,354,124,46,5,5,3280,56,550,2143,1776,1610,1488,1075,588,149,9443,49,259,607,443,338,283,260,136,36,2406,4,31,134,116,85,69,41,17,9,514,34,405,1482,837,524,382,266,138,42,4105,10,142,618,595,479,457,343,159,61,2866,110,1313,4774,2808,1522,939,545,193,74,12269,84,649,1864,1462,1156,881,339,78,22,6537,31,211,549,277,137,98,52,25,11,1376,62,430,1571,792,500,275,174,53,19,3872,22,39,57,35,36,44,44,38,10,323,12,89,295,220,130,138,63,32,11,984,702,932,2109,1563,1368,1260,1188,967,540,10623,1202,5610,18266,12366,8525,6606,4533,2458,1000,60573
LGA22750,252,734,1372,1161,805,538,323,122,37,5338,12,12,23,12,21,12,7,6,5,108,7,61,225,300,237,181,100,45,28,1188,1275,918,1647,1869,2028,1887,2135,2420,1296,15478,2362,6756,17989,18559,17144,14151,8700,5529,2265,93464,18,326,614,744,503,454,280,101,26,3062,28,200,678,592,357,237,89,8,3,2192,100,832,2597,2622,3039,3014,2460,1236,449,16348,106,798,2195,1565,1217,1028,690,372,119,8095,42,133,411,526,406,282,200,103,36,2142,70,802,2896,2498,2403,2319,1261,586,214,13049,42,317,1726,1876,1715,2202,1676,672,178,10411,150,1054,3703,3880,3173,2486,1406,489,195,16537,218,1186,2705,2715,2628,2080,1168,293,76,13058,139,397,1040,817,538,389,233,90,35,3679,181,748,1722,1179,982,629,477,194,51,6158,15,27,27,21,22,38,41,45,17,255,22,64,257,357,306,240,136,61,37,1482,1181,1200,2391,2231,2339,2282,2411,2099,1413,17548,2323,8082,22967,21615,19631,17684,12520,6334,2859,114017
LGA22830,73,214,391,312,195,150,63,26,5,1428,5,3,8,3,4,0,0,6,0,22,6,18,61,52,58,28,17,4,4,245,495,346,603,683,731,611,653,658,397,5182,792,1752,4449,4515,4237,3309,1800,1182,534,22573,0,45,85,112,86,61,37,15,0,442,0,23,120,81,29,28,3,0,0,278,39,227,689,738,750,696,428,207,55,3829,35,152,310,235,282,218,144,69,21,1468,11,59,209,222,212,142,81,32,10,973,16,178,702,543,578,523,253,124,42,2962,12,108,410,380,409,473,308,108,40,2252,26,237,839,828,732,493,225,67,34,3475,56,261,593,649,577,449,217,50,10,2856,17,42,122,66,48,43,45,4,0,388,53,217,467,309,242,172,114,31,13,1614,8,10,9,7,11,10,12,15,7,85,0,8,67,74,63,34,22,16,0,288,466,360,875,814,905,865,865,593,321,6069,739,1918,5500,5052,4927,4197,2755,1330,558,26983
LGA22910,15,24,82,93,51,60,17,10,0,355,0,0,0,0,0,0,0,0,0,3,5,0,11,24,22,23,6,0,0,102,84,41,83,126,162,202,201,169,76,1146,132,237,772,1270,1396,1511,860,380,129,6685,0,6,9,36,35,40,34,8,3,172,0,3,13,21,21,24,3,0,0,90,12,34,94,127,201,223,212,97,22,1014,17,27,72,79,83,79,62,21,4,445,5,11,50,78,99,79,33,20,5,371,0,22,70,119,172,238,132,54,14,826,0,8,57,107,125,228,174,47,18,752,0,31,112,180,209,187,118,33,15,868,5,44,100,169,218,281,158,29,3,1003,6,15,36,104,95,81,70,17,4,432,5,36,92,93,88,67,48,6,5,444,0,0,0,0,5,7,4,4,0,18,0,4,13,30,36,30,32,11,0,151,118,71,125,165,246,308,278,202,123,1634,164,306,852,1289,1623,1861,1360,549,212,8223
LGA22980,0,9,24,30,23,18,8,6,0,121,0,0,0,0,0,0,0,0,0,3,0,0,0,3,8,4,0,3,0,23,30,14,21,34,53,59,65,70,39,391,44,103,293,337,429,315,189,138,58,1907,0,0,7,3,4,9,3,0,0,29,0,3,8,0,4,9,0,0,0,28,0,24,48,48,67,69,37,29,4,325,4,10,13,10,14,24,17,10,3,107,0,25,44,47,43,28,8,3,0,196,0,17,51,36,60,76,37,19,8,305,0,11,18,25,31,50,24,10,0,175,0,15,43,45,48,40,16,4,0,205,3,16,36,37,50,61,29,3,0,238,0,4,10,14,3,6,6,0,0,43,9,12,27,26,28,19,6,3,3,122,0,0,0,0,0,0,0,0,0,5,3,0,7,5,4,3,3,0,0,14,32,13,33,41,75,90,90,71,59,506,59,142,338,341,434,469,271,151,84,2303
LGA23110,51,273,606,438,262,134,72,38,14,1897,5,3,11,8,5,5,9,0,0,48,6,46,174,168,145,78,28,14,5,660,525,457,911,954,856,864,768,820,418,6563,788,2621,8937,9073,7237,4567,2399,1627,643,37885,5,100,314,389,284,209,103,25,12,1430,10,102,606,581,292,120,24,4,0,1732,29,251,1182,1275,1373,1188,683,367,137,6492,28,173,620,497,462,294,155,90,33,2353,0,22,110,134,106,52,23,8,0,465,18,174,893,801,677,462,240,73,32,3370,7,100,673,675,672,682,359,92,29,3291,42,482,2267,2638,1837,920,379,109,57,8737,36,356,1121,1291,1034,778,311,75,14,5018,18,212,622,508,315,178,64,21,8,1953,43,181,628,438,310,180,97,38,21,1940,5,11,11,7,20,13,33,21,3,122,3,38,136,184,145,93,47,12,8,672,309,375,968,895,830,755,647,634,382,5795,555,2585,10156,10326,8354,5926,3153,1580,739,43370
LGA23190,16,73,144,111,78,71,31,13,0,542,0,5,0,0,4,0,0,0,0,10,5,3,10,12,18,9,7,0,0,63,133,64,118,152,168,175,200,262,190,1457,228,612,1391,1475,1471,1234,651,470,241,7770,0,8,31,38,31,19,19,0,4,148,0,7,29,15,14,8,3,0,0,83,16,80,237,178,191,199,124,50,21,1088,9,62,109,75,104,88,62,22,5,539,17,41,95,121,117,99,63,17,11,581,6,60,230,189,218,251,133,59,25,1176,0,34,140,122,110,167,131,60,25,792,6,82,250,266,215,185,61,24,16,1110,10,88,185,208,163,184,67,16,0,931,3,10,34,46,26,16,9,6,0,150,11,67,159,130,86,55,41,18,7,573,3,3,3,5,3,0,6,4,0,24,0,0,16,11,14,13,11,5,0,74,125,71,167,154,172,205,202,181,131,1410,202,616,1691,1560,1461,1507,927,459,246,8675
LGA23270,166,569,1105,831,549,292,124,43,3,3685,8,19,33,28,18,7,6,6,0,123,15,71,238,208,181,115,43,16,0,878,1540,1073,1887,2007,1878,1542,1235,937,324,12406,2378,5824,14774,13247,11143,6935,3488,1756,446,59978,10,289,585,471,356,219,79,22,5,2031,23,225,1190,1073,382,151,31,4,0,3074,111,709,2532,2529,2772,2172,1242,504,118,12684,116,562,1476,858,746,434,246,105,38,4580,7,71,225,198,151,102,44,18,0,829,56,468,1635,1219,963,776,300,138,37,5592,27,349,1318,1220,1013,738,404,141,30,5239,154,1196,4353,3545,2458,1498,575,145,56,13976,189,1125,2711,2287,1834,1007,357,78,22,9603,41,332,684,429,213,115,63,29,8,1916,114,526,1640,1006,776,377,223,61,13,4738,23,24,44,28,36,30,29,18,4,248,17,94,362,287,238,161,65,31,6,1249,1129,1119,2447,2033,1952,1538,1282,797,270,12579,2008,7094,21192,17190,13884,9319,4948,2090,601,78334
LGA23350,20,23,82,90,81,64,30,13,4,393,0,0,0,0,0,0,0,0,0,7,0,0,11,15,18,26,10,3,0,82,104,54,106,149,202,168,193,175,106,1252,164,251,811,1388,1642,1497,804,358,160,7066,0,5,12,47,43,47,28,3,3,196,0,0,7,20,16,15,17,0,0,82,15,48,161,211,277,220,190,68,17,1224,9,35,64,71,97,107,57,33,6,472,0,18,49,87,95,63,43,14,0,378,4,25,95,166,218,258,152,64,19,1001,3,9,76,143,139,248,167,49,12,844,13,34,129,224,248,224,101,36,8,1001,11,35,107,164,190,185,140,17,4,855,10,7,31,38,35,37,26,3,0,192,18,23,72,105,93,78,46,20,0,459,0,6,0,0,0,6,0,0,0,20,0,0,8,24,14,22,21,3,0,97,108,52,154,202,239,247,199,162,94,1467,185,304,966,1507,1707,1765,1195,477,179,8283
LGA23430,86,426,882,815,576,359,189,108,28,3472,19,12,8,13,12,13,12,6,0,94,6,63,227,264,179,130,63,33,20,971,753,641,1157,1317,1330,1253,1261,1359,779,9858,1254,4447,14366,15916,12353,8856,5220,3449,1435,67295,0,179,529,713,538,322,164,75,37,2551,9,156,948,1132,612,252,79,7,0,3197,45,395,1684,2056,2342,1921,1394,829,275,10934,45,322,1015,966,837,571,319,220,71,4366,11,74,231,287,207,125,47,22,12,1009,18,379,1733,1539,1339,969,539,268,103,6876,4,188,1128,1308,1304,1236,706,278,74,6223,62,834,3677,4423,3252,2088,1074,419,173,15995,64,564,1623,2073,1672,1170,625,162,46,7997,46,332,874,820,440,259,133,65,13,2983,90,333,984,783,699,368,310,133,46,3754,7,15,25,12,21,16,34,34,12,171,3,67,246,313,255,176,87,46,23,1221,441,494,1264,1319,1251,1115,1163,1201,957,9202,842,4327,15963,17736,14762,10588,6683,3761,1828,76487
LGA23670,150,465,836,777,599,407,204,70,20,3528,3,23,6,5,14,7,7,3,0,70,6,60,190,221,212,144,44,22,17,908,746,505,804,1010,1100,1109,1089,1039,650,8049,1424,4957,13715,14193,13328,9960,5228,2736,1169,66704,3,203,556,574,507,361,198,77,25,2499,19,169,948,1197,636,314,104,12,0,3397,48,468,1874,2272,2755,2425,1623,894,254,12626,65,400,1162,894,860,703,413,247,41,4779,12,94,267,238,179,131,54,27,4,1011,32,524,1741,1340,1252,1062,577,246,68,6848,14,225,1081,1040,1073,1125,704,284,71,5619,73,918,3629,3787,3084,2373,1127,386,145,15522,121,694,1713,1720,1726,1346,581,157,51,8110,57,384,811,560,297,228,118,35,26,2512,128,461,972,779,685,443,306,110,32,3910,3,19,16,15,17,16,30,20,13,157,10,43,174,218,221,152,95,41,22,973,450,443,1052,1028,1054,1050,961,915,712,7670,1044,5044,16007,15672,14330,11740,6882,3466,1465,75643
LGA23810,80,295,449,360,262,133,85,34,9,1712,0,9,3,6,7,3,7,6,0,38,0,27,59,81,90,78,23,13,6,369,525,411,647,748,773,823,835,752,303,5807,868,2534,5536,5267,5756,4739,2747,1599,518,29556,4,72,120,86,82,82,56,13,6,524,20,46,153,115,56,43,17,5,0,458,48,369,1080,1024,1478,1386,1003,419,133,6925,28,207,501,399,375,398,225,129,42,2290,12,49,161,139,131,70,36,20,5,630,13,244,687,478,508,614,359,152,35,3084,17,103,388,390,446,541,319,111,34,2349,40,334,960,882,720,536,304,111,26,3919,59,328,759,704,775,685,276,64,15,3664,22,77,187,134,79,91,46,20,8,659,51,250,555,348,283,195,122,50,14,1869,3,10,10,9,8,9,18,16,3,75,4,18,52,69,82,70,46,11,9,352,504,512,890,788,969,1042,979,822,408,6923,815,2606,6496,5546,5994,5767,3800,1955,740,33720
LGA23940,3,14,21,16,23,15,9,7,0,104,0,0,0,0,0,0,0,0,0,0,0,0,4,3,6,9,3,0,0,25,50,24,37,77,87,111,135,114,42,674,61,103,323,466,598,572,370,204,67,2767,0,0,6,4,8,7,3,0,0,34,0,0,0,3,5,0,4,0,0,17,0,16,35,56,98,130,66,35,10,443,3,6,22,19,22,36,24,7,3,143,7,16,66,83,98,90,29,8,0,396,0,11,35,48,60,75,40,12,10,287,0,4,25,31,56,60,51,19,9,242,0,9,44,62,64,58,34,9,5,274,5,10,37,32,73,65,45,4,3,272,0,0,5,7,11,8,5,0,0,45,6,11,33,24,22,17,21,10,0,145,0,0,0,0,0,0,0,0,0,4,0,0,0,7,7,10,12,0,0,40,86,29,68,104,151,168,177,121,50,952,104,115,378,481,668,720,505,238,92,3307
LGA24130,42,101,172,216,193,104,52,22,4,911,0,0,3,0,0,0,4,0,0,9,0,16,38,73,66,37,23,12,0,268,252,104,168,306,363,403,337,281,155,2372,442,971,2454,4378,4386,3530,1933,756,287,19140,0,19,72,185,144,146,95,16,3,681,0,17,49,114,105,57,28,0,0,364,16,143,440,713,827,774,601,237,61,3813,14,120,337,332,326,215,128,57,11,1549,17,50,103,203,160,111,67,29,14,738,5,99,310,476,547,438,302,99,28,2306,5,46,256,476,473,574,410,107,32,2386,20,115,452,872,850,612,380,99,34,3444,24,149,367,528,579,513,305,72,9,2554,16,67,152,242,181,95,82,22,3,854,29,106,203,222,207,131,85,27,9,1022,0,8,5,4,0,5,4,7,0,39,0,16,55,106,98,71,39,14,3,403,318,169,297,478,584,531,524,309,178,3387,476,1117,3100,4950,5092,4277,3056,1101,385,23543
LGA24210,56,278,513,515,433,287,204,76,14,2371,5,20,8,3,10,7,3,8,0,64,0,71,130,201,186,131,63,27,11,814,501,346,531,651,764,783,982,941,647,6144,809,3493,9207,11227,11083,8567,6327,3151,1240,55094,6,251,353,461,586,488,299,163,24,2632,15,136,686,1022,722,351,110,18,0,3048,25,241,1003,1299,1713,1412,1336,907,296,8235,22,213,573,502,622,367,284,265,61,2912,3,47,106,100,92,86,54,32,14,536,19,342,1214,1146,1146,1030,708,376,107,6085,4,106,509,635,948,1012,856,418,95,4585,57,846,3168,3346,3090,2177,1381,575,195,14834,39,420,1052,1208,1338,1061,628,258,67,6061,37,264,558,436,344,229,131,77,30,2105,54,194,511,453,533,309,261,113,26,2450,6,9,20,9,21,23,40,34,4,168,0,54,127,166,227,147,82,58,21,887,334,293,685,643,786,735,779,921,701,5883,618,3411,10572,11430,12161,9423,6954,4208,1647,60414
LGA24250,9,18,62,54,49,36,13,7,0,254,0,0,0,0,0,0,0,0,0,0,0,0,7,16,14,14,6,0,0,54,48,14,45,49,81,86,105,73,34,541,97,142,507,594,742,757,459,216,78,3576,0,6,9,13,0,21,16,0,3,68,0,0,3,10,12,14,7,0,0,45,0,12,59,86,128,150,156,52,18,665,3,27,60,69,62,75,50,24,4,387,18,17,40,53,43,32,21,8,3,229,0,14,46,77,79,96,88,34,5,441,0,11,57,67,59,104,80,17,3,412,8,20,61,111,103,98,77,18,10,500,8,20,55,58,74,92,60,17,4,389,0,12,17,19,14,11,9,5,5,88,4,31,39,63,59,37,30,9,6,278,0,0,0,0,0,0,0,0,0,10,0,3,5,8,16,16,10,4,0,61,62,35,70,94,130,153,142,80,28,795,100,199,528,731,780,895,761,281,90,4367
LGA24330,43,301,745,431,205,106,26,16,3,1888,3,11,10,8,10,4,3,3,4,52,0,47,230,223,120,56,20,11,4,697,470,788,1614,1071,941,686,531,509,265,6876,661,3481,12205,9026,5210,2848,1222,862,402,35913,0,172,560,492,223,121,55,9,0,1643,5,208,1097,727,286,119,12,0,0,2446,15,364,1340,945,727,580,297,150,70,4496,10,100,561,460,238,170,63,40,18,1653,0,34,142,128,73,43,19,0,0,432,22,218,1472,768,480,285,115,39,23,3414,10,108,726,654,515,445,162,47,17,2670,37,902,3672,2605,1231,544,155,42,28,9212,36,392,1818,1552,997,586,190,31,12,5614,18,403,1305,838,426,153,42,6,3,3193,40,238,780,526,287,148,60,20,3,2096,10,21,19,14,0,24,15,3,9,118,3,73,272,242,157,80,36,13,8,870,309,624,1583,1151,848,641,458,408,290,6306,508,3846,15324,11098,6487,3940,1663,807,479,44161
LGA24410,89,308,673,575,387,234,130,62,22,2482,3,3,7,3,0,4,0,4,4,31,3,41,142,179,123,81,57,27,12,663,543,307,584,722,721,676,736,930,784,6009,931,3273,10381,10467,8856,6757,4054,2521,1225,48469,3,122,356,412,303,255,162,68,13,1693,11,82,621,705,362,187,66,8,4,2052,34,286,1336,1517,1579,1304,1028,582,183,7847,36,323,900,745,710,478,287,196,55,3736,9,83,218,255,164,98,54,27,6,913,14,336,1246,1115,1079,901,470,268,81,5503,8,146,1002,934,977,978,729,311,84,5163,57,517,2478,2777,2034,1482,862,346,149,10702,73,471,1466,1449,1306,962,549,152,42,6474,41,314,674,518,300,167,124,50,18,2206,69,251,720,578,475,251,186,62,32,2635,7,9,12,20,11,13,18,14,5,109,6,33,161,208,155,108,78,29,17,796,376,310,788,805,783,675,661,692,545,5641,752,3285,11987,12036,10240,7854,5266,2805,1235,55470
LGA24600,69,519,989,304,156,78,41,15,3,2173,60,89,19,10,8,7,3,0,0,196,27,166,367,202,128,106,38,19,8,1054,743,2310,3573,1570,1126,857,569,358,184,11279,1240,10553,25684,9272,5749,4708,2479,1020,363,61065,72,1261,1764,624,316,253,167,80,21,4561,31,646,3157,1200,344,152,40,4,4,5578,39,1612,3931,1117,570,442,312,144,53,8215,16,594,1384,423,253,182,116,40,12,3020,11,178,260,101,66,34,29,14,0,695,18,486,2879,1002,536,600,359,182,71,6130,22,222,981,500,383,556,398,149,62,3264,251,4395,9488,3122,1752,1041,550,150,64,20812,78,1549,4375,1747,1114,975,727,219,75,10864,118,1379,3024,921,436,260,121,43,6,6298,75,631,1503,481,227,88,58,12,6,3080,224,223,65,11,24,18,19,8,0,583,60,338,492,229,162,136,65,18,12,1514,1133,3129,5322,2248,1416,1100,834,409,388,15981,2140,16637,38626,13720,7587,5837,3797,1479,780,90604
LGA24650,105,356,972,650,311,172,58,21,6,2655,11,10,10,7,11,3,7,0,0,58,5,35,179,144,73,68,24,10,0,544,873,752,1570,1557,1225,1000,658,472,200,8295,1413,3626,12492,10880,6721,4563,1824,850,314,42671,3,148,360,403,225,106,47,10,0,1301,12,131,747,989,243,100,23,6,0,2249,84,415,1718,2290,1885,1471,871,257,60,9049,76,419,1090,861,511,281,154,65,15,3478,7,50,168,151,100,53,28,8,0,579,37,304,1157,1119,763,473,205,53,17,4131,27,183,1023,1031,645,437,210,56,14,3623,148,766,3124,3593,1796,1013,363,80,23,10904,114,617,1799,1809,1206,748,250,58,12,6607,29,199,479,334,130,64,31,13,0,1287,122,414,1161,875,493,229,131,35,11,3459,6,11,17,16,26,24,22,18,0,155,8,44,189,263,141,108,50,17,3,820,722,847,1995,1875,1451,1094,834,398,128,9348,1407,4541,15041,15612,9627,6199,3221,1060,282,56997
LGA24780,84,170,297,293,192,127,77,23,7,1268,3,6,7,3,3,0,0,0,0,27,9,10,42,40,41,36,16,7,5,206,415,244,458,549,573,597,580,594,272,4284,677,1428,3372,3807,3567,2732,1631,987,389,18575,0,13,69,76,73,67,17,9,0,314,9,25,61,46,23,19,6,4,0,196,24,214,580,484,526,525,402,169,44,2970,9,76,277,202,221,206,135,52,20,1201,11,56,193,266,246,171,62,22,10,1028,12,121,459,357,438,455,253,97,32,2222,0,86,339,390,407,360,240,80,15,1916,66,235,668,700,586,430,168,41,12,2910,43,215,500,483,504,402,154,29,8,2346,9,56,123,92,63,37,22,16,0,420,56,174,381,266,242,164,93,41,12,1430,11,9,15,3,10,9,12,12,6,87,3,18,35,45,41,40,18,7,11,209,448,358,731,588,732,803,792,635,353,5434,707,1650,4418,4001,4115,3674,2379,1226,520,22697
LGA24850,50,119,207,178,158,82,40,18,0,846,0,0,0,0,0,0,0,0,0,6,4,13,44,41,41,20,18,3,5,199,301,186,304,388,428,373,308,273,84,2652,512,1041,2524,2913,2722,2061,1083,551,156,13562,0,28,56,59,67,57,33,11,4,317,0,16,72,81,54,25,4,3,0,268,31,145,562,617,729,608,378,130,40,3229,29,123,342,235,215,153,103,51,5,1257,8,48,122,112,105,62,43,10,0,510,18,88,329,279,323,253,153,77,19,1544,4,46,243,249,261,247,143,58,15,1274,27,150,582,571,500,344,173,34,22,2411,55,210,429,425,382,317,147,42,10,2013,12,45,107,86,43,47,17,5,3,362,47,133,308,230,159,98,86,21,10,1084,0,6,3,11,8,4,4,3,0,40,4,12,74,54,48,45,23,6,0,263,385,228,515,535,604,568,482,313,143,3784,619,1285,3758,3538,3501,2833,1788,761,265,18351
LGA24900,38,86,201,152,102,80,51,21,7,733,4,0,4,4,0,0,4,0,0,16,0,0,12,17,24,20,11,6,0,96,201,79,205,259,324,329,481,436,189,2503,311,572,1585,1862,1981,1727,1327,786,284,10436,0,8,19,51,31,39,19,8,0,174,0,9,19,19,16,18,3,0,0,81,11,123,267,308,370,359,294,159,49,1938,5,75,119,108,118,140,107,71,14,760,7,36,186,162,189,141,52,33,10,817,7,77,208,184,213,232,189,79,24,1216,7,31,140,144,167,198,183,62,16,940,12,66,260,284,248,225,141,52,28,1319,17,89,180,181,256,227,99,26,3,1081,4,14,28,31,22,25,9,7,3,146,14,96,189,166,140,104,66,29,10,812,0,3,5,6,7,5,6,5,3,39,3,3,12,31,17,17,20,5,7,122,223,139,260,277,376,486,549,456,199,2977,315,766,1884,1949,2170,2224,1757,987,361,12422
LGA24970,73,566,1021,731,561,333,201,90,26,3604,10,39,11,9,11,12,15,6,3,124,13,140,269,301,242,171,83,57,28,1303,844,1055,1477,1109,1194,1122,1320,1505,1062,10691,1337,7905,19257,17520,15204,10782,7402,4644,1867,85910,19,556,1042,991,984,666,419,187,61,4931,31,416,2032,2275,1128,548,134,15,3,6588,61,760,2627,2283,2690,2069,1618,1126,400,13631,28,273,750,643,627,433,305,264,86,3411,3,73,200,179,169,114,78,31,15,858,18,574,2164,1572,1392,1128,748,454,111,8159,17,287,982,1024,1321,1260,948,548,140,6531,161,2360,6774,5457,4129,2494,1404,714,268,23756,77,821,2153,1992,1928,1388,785,314,86,9567,65,537,1069,675,467,301,172,95,37,3428,65,351,1046,711,644,342,238,119,32,3553,59,73,29,25,31,29,36,34,18,331,20,148,293,320,278,189,134,73,34,1496,644,908,1602,1289,1235,1035,1006,1208,1079,10006,1278,8135,22753,19444,17020,12012,8029,5181,2373,96232
LGA25060,35,304,684,527,390,239,116,55,20,2372,4,11,12,7,3,3,7,3,3,53,0,70,218,220,158,89,36,18,11,824,546,553,1190,1060,967,954,1031,1066,552,7927,794,3931,12683,11752,9443,6699,3519,2207,957,51996,0,294,629,551,478,313,161,32,18,2483,5,108,830,716,393,165,36,6,0,2262,22,362,1473,1388,1433,1116,897,529,193,7416,20,241,891,669,595,319,185,133,30,3075,9,49,151,160,131,86,30,17,7,630,14,341,1636,1141,1028,822,383,173,48,5586,4,151,963,839,1114,1236,593,202,57,5147,69,793,3519,3527,2643,1566,635,207,93,13038,42,548,1862,1570,1286,1009,434,118,38,6910,42,417,1137,670,314,162,97,28,19,2884,38,236,651,509,454,272,189,69,36,2439,11,19,8,23,21,23,23,25,4,150,13,93,266,237,201,131,77,30,14,1049,419,545,1487,1202,1037,913,916,840,513,7869,704,4193,15508,13197,11121,8124,4642,2405,1060,60956
LGA25150,26,62,145,123,96,59,28,4,3,546,0,0,0,0,0,0,0,0,0,3,3,10,22,37,34,17,3,4,0,133,229,95,175,255,297,297,257,211,91,1910,360,698,1956,2526,2480,1953,992,450,156,11576,4,12,51,83,62,39,42,3,0,304,3,23,57,91,54,36,10,0,0,274,23,115,367,460,592,511,338,103,26,2538,24,115,285,201,160,130,86,38,6,1053,8,25,119,120,102,62,41,12,3,498,4,57,219,241,291,227,150,48,17,1255,3,47,227,274,252,270,170,50,15,1310,13,97,421,495,466,310,166,39,11,2016,25,114,283,378,327,300,147,28,4,1610,10,47,88,89,75,53,27,7,0,401,27,83,183,132,124,67,56,12,4,686,0,0,0,0,7,3,3,9,0,30,0,9,28,48,51,31,13,8,3,196,190,112,246,312,403,352,368,203,122,2313,336,850,2587,2928,2977,2404,1629,553,220,14474
LGA25250,72,596,1323,672,392,198,97,61,21,3422,10,17,18,14,16,15,13,10,5,107,9,122,484,383,227,115,48,22,9,1420,790,1081,2323,1632,1453,1153,1344,1636,965,12374,1172,6369,23205,16734,10583,6200,3283,2827,1364,71737,10,470,1321,1014,596,330,113,26,11,3882,3,265,1633,1275,454,174,43,5,0,3846,34,553,2610,1944,1521,1129,674,515,277,9255,45,361,1464,944,609,349,192,134,44,4145,9,83,376,286,181,103,37,13,3,1090,27,475,2551,1667,990,654,269,106,53,6782,11,230,1607,1311,1202,1124,461,167,52,6163,61,1135,5544,3977,2218,1133,369,175,84,14682,63,941,4119,3146,2093,1272,558,123,36,12354,43,845,3160,1751,779,313,120,29,16,7052,53,383,1417,747,520,250,140,74,32,3616,11,32,41,29,15,29,23,36,12,226,9,181,535,533,250,147,72,20,24,1776,551,938,2691,1912,1365,1084,917,1048,725,11236,934,6891,29064,20538,12796,8092,3977,2459,1370,86117
LGA25340,127,412,814,936,672,483,348,124,36,3952,5,3,0,3,4,13,10,9,4,42,7,42,93,231,168,137,98,63,22,868,956,485,746,1297,1443,1460,1889,1999,1334,11600,1602,3391,8549,12859,12541,11250,9007,5463,2295,66965,5,68,184,316,282,281,295,129,47,1603,17,56,159,258,254,169,107,18,3,1047,75,443,1163,1633,2103,2048,2047,1298,435,11254,71,441,1261,1197,1219,1031,729,436,115,6498,35,130,357,501,418,257,133,50,24,1911,29,284,1142,1419,1763,1623,1166,666,201,8301,9,177,854,1223,1304,1717,1518,610,116,7526,58,450,1461,2431,2514,2055,1887,807,294,11962,107,506,1186,1547,1709,1565,1127,331,90,8171,50,216,457,546,463,366,304,148,44,2587,97,371,882,850,900,577,509,172,52,4402,9,15,11,10,24,13,26,48,15,174,6,29,104,208,204,153,146,69,30,950,711,511,944,1227,1528,1588,1927,1740,1023,11201,1291,3691,10173,13370,14673,13446,11927,6525,2484,77579
LGA25430,13,44,70,80,77,63,19,15,0,370,0,0,0,0,0,0,4,0,0,7,0,0,16,29,30,19,14,9,3,127,112,98,223,243,247,253,211,240,203,1834,169,355,910,1574,1847,1865,1171,579,287,8756,0,0,18,62,63,52,56,23,3,274,0,4,17,24,34,29,22,6,0,130,10,44,138,155,217,269,243,123,39,1240,4,30,65,76,115,117,64,43,3,519,0,10,34,91,84,76,36,18,3,361,3,20,89,155,249,294,163,73,20,1067,3,20,69,161,170,290,295,110,17,1124,5,47,97,142,176,198,137,38,17,859,9,39,117,252,291,316,231,72,14,1351,5,13,55,148,167,118,71,13,5,606,9,41,77,51,71,62,29,12,7,358,0,0,8,0,0,3,9,5,0,17,0,4,21,38,36,40,29,14,0,175,132,105,393,382,384,395,298,220,152,2469,186,391,1204,1731,2055,2256,1679,760,287,10541
LGA25490,16,48,103,105,71,37,18,4,0,407,0,0,0,0,0,0,0,0,0,0,0,6,10,15,18,12,4,6,0,63,100,49,85,114,189,186,148,160,84,1113,170,366,1019,1310,1354,1091,604,300,124,6338,0,11,20,36,32,23,15,3,0,151,0,0,8,11,11,5,4,0,0,37,10,50,132,184,190,165,103,43,17,895,4,26,130,99,67,80,40,19,7,475,23,69,117,182,153,121,56,20,0,751,5,24,111,161,180,221,122,27,17,872,4,21,86,129,133,159,119,30,6,688,4,33,153,187,158,136,78,26,0,772,4,41,111,139,179,165,87,22,0,748,4,7,34,35,32,36,16,0,0,171,11,60,107,103,87,48,18,12,6,448,0,0,0,0,3,0,5,9,0,18,0,0,14,19,24,24,7,6,3,90,137,76,134,193,228,242,230,147,89,1465,206,412,1163,1479,1494,1419,895,358,151,7581
LGA25620,8,20,71,85,59,48,32,4,0,325,0,0,0,0,0,0,0,0,0,0,0,0,14,28,22,13,5,4,0,86,92,41,76,161,187,180,191,126,69,1117,135,262,796,1187,1247,1197,818,331,123,6087,0,3,13,26,36,32,36,6,0,148,0,4,13,15,21,13,4,0,0,67,4,27,107,150,235,279,248,86,18,1151,9,29,76,103,99,89,73,36,8,527,6,20,55,96,89,61,32,17,3,379,0,21,72,106,116,153,107,39,15,628,0,19,85,92,86,156,127,42,4,608,3,24,96,148,149,146,143,38,17,760,7,41,84,127,133,166,75,26,3,664,0,11,30,24,28,29,28,3,0,150,13,28,81,76,70,66,39,12,4,388,0,0,0,0,0,4,3,5,0,9,0,5,10,24,18,16,12,3,4,92,94,71,103,173,205,272,276,123,57,1376,138,285,838,1152,1285,1477,1203,430,137,6952
LGA25710,52,173,213,312,217,143,61,18,8,1192,4,5,3,0,7,8,0,0,0,29,0,24,51,118,104,83,31,8,0,419,329,169,222,362,436,397,310,198,173,2585,582,1999,4002,6674,7220,5373,2262,726,307,29144,0,74,147,304,317,271,150,46,5,1324,3,33,115,266,199,128,39,5,0,796,36,154,502,794,1139,1068,719,246,57,4724,43,219,496,476,582,390,172,73,15,2471,5,56,123,164,132,99,27,16,3,639,9,203,517,708,858,664,293,112,26,3393,3,109,380,615,695,882,523,133,26,3361,20,283,752,1351,1449,1071,543,107,31,5611,48,256,568,823,859,751,380,99,16,3787,28,200,310,317,269,176,107,26,5,1440,42,143,239,256,290,140,94,28,3,1236,0,6,5,0,5,3,13,4,5,34,0,15,52,117,133,81,44,15,4,466,271,166,291,386,519,417,362,216,111,2740,515,1916,4505,6589,7453,6143,3474,1124,310,32029
LGA25810,4,31,61,62,45,48,23,6,3,271,0,0,0,0,0,0,0,3,0,6,0,0,5,10,8,13,3,3,0,40,75,34,60,105,127,143,161,152,53,914,117,273,618,764,876,900,518,296,94,4446,0,0,12,17,7,13,18,4,0,72,0,0,12,6,4,14,8,3,0,38,4,43,78,100,133,133,153,67,9,732,5,24,43,32,46,56,39,18,6,277,3,23,66,68,66,66,42,7,3,349,0,16,84,63,90,125,71,26,12,488,0,11,39,56,59,114,72,27,14,405,0,33,78,111,104,67,42,8,4,458,10,32,104,103,156,135,75,14,0,632,0,8,18,17,13,15,11,4,0,83,9,34,69,55,44,41,34,17,0,299,6,5,3,0,4,0,5,7,6,27,0,0,6,14,8,8,12,9,4,54,88,48,100,100,157,174,184,149,68,1060,122,274,714,744,902,967,763,351,127,4968
LGA25900,26,325,953,523,284,149,84,23,4,2366,4,8,7,8,0,8,4,8,0,41,0,72,359,322,171,130,54,29,14,1143,286,643,2272,1570,1077,950,777,628,423,8625,430,3899,21312,14107,8474,6248,3177,1502,651,59804,6,165,694,573,337,264,185,49,25,2306,0,90,975,851,387,194,49,6,4,2563,10,196,1648,1076,771,652,527,261,104,5231,0,165,1191,604,501,273,150,67,18,2965,5,37,212,156,104,64,26,12,5,620,11,243,1917,1174,839,725,420,198,65,5590,11,88,1014,661,608,753,536,162,42,3873,31,773,5551,4141,2575,1386,704,196,96,15449,47,433,2809,2148,1506,1294,807,225,54,9315,37,582,2205,1260,777,488,201,52,13,5632,18,271,938,502,381,172,126,21,21,2450,4,15,22,12,10,12,8,10,4,109,7,68,316,325,255,153,95,25,15,1266,301,746,3145,1978,1483,1176,867,485,244,10429,484,3876,22634,15458,10542,7609,4708,1764,714,67793
LGA25990,4,11,30,25,27,26,9,4,0,131,0,0,0,0,0,0,0,0,0,3,0,0,5,6,6,12,0,0,0,31,40,14,61,81,95,118,105,85,33,636,58,92,322,453,520,604,371,152,47,2619,0,0,8,12,6,11,5,0,0,46,0,0,4,7,9,8,0,0,0,27,5,21,46,75,86,111,79,27,9,449,0,12,24,27,16,41,35,12,0,168,4,12,44,50,64,48,35,4,4,262,0,11,40,46,62,79,51,12,9,313,0,6,16,32,39,67,75,9,6,248,0,9,39,66,56,55,40,7,9,277,9,18,46,44,73,90,36,8,3,317,0,6,15,9,17,14,11,0,0,73,5,8,34,25,22,21,19,8,0,143,0,0,0,0,0,0,3,0,0,8,0,0,0,6,5,4,12,4,0,31,43,31,106,143,189,206,204,102,58,1074,59,132,417,547,638,762,597,201,85,3434
LGA26080,7,4,14,19,14,14,8,3,0,73,0,0,0,0,0,0,0,0,0,0,0,0,6,3,8,3,4,0,0,31,9,7,14,20,18,35,43,37,16,211,22,38,136,217,277,367,337,210,78,1681,0,0,0,4,4,12,18,9,0,57,0,0,3,7,0,4,0,0,0,17,0,3,7,16,15,25,59,14,15,152,0,3,15,11,21,31,7,11,3,100,0,0,5,5,8,9,10,5,0,41,0,0,16,23,35,45,57,43,18,241,0,0,13,17,27,72,81,38,11,268,0,3,13,25,35,68,66,20,8,241,0,0,11,19,35,44,55,21,0,190,0,0,13,19,13,15,17,5,0,90,0,0,9,4,13,15,16,3,0,59,0,0,0,0,4,0,0,0,0,8,0,0,0,9,10,3,5,7,0,34,13,10,10,15,32,43,65,55,27,265,21,35,111,176,249,391,457,241,87,1765
LGA26170,29,74,144,139,113,87,45,19,3,637,0,0,0,0,0,5,0,3,0,13,6,4,18,34,39,24,15,9,0,147,179,67,146,185,240,279,311,285,152,1851,282,625,1649,2074,2175,2245,1389,668,272,11374,3,11,35,50,44,51,50,9,5,254,5,8,26,30,32,26,14,3,0,132,4,78,276,328,447,432,346,143,41,2100,12,65,176,145,164,155,108,55,16,889,17,56,141,199,186,117,56,25,8,814,3,41,189,205,249,331,213,86,21,1337,0,24,137,199,187,328,253,90,17,1233,14,58,237,269,300,285,200,60,15,1437,18,75,182,219,269,316,196,36,15,1328,0,13,48,55,56,68,37,14,4,298,11,72,173,136,140,88,76,20,10,739,0,0,6,5,4,3,15,9,3,46,0,3,20,45,33,38,34,7,0,177,205,119,238,275,393,460,499,305,140,2633,299,631,1876,2155,2494,2692,2102,868,300,13409
LGA26260,28,50,90,76,51,26,16,7,0,348,0,0,0,3,0,0,0,0,0,4,0,3,13,18,15,23,4,0,0,85,96,42,76,83,124,155,190,222,101,1090,203,405,1001,1190,1322,1194,642,453,171,6577,0,6,9,23,24,21,19,7,0,114,0,6,16,11,6,6,7,0,0,62,11,67,126,126,169,181,128,51,27,886,4,38,78,73,75,63,53,22,8,423,22,46,118,165,169,147,85,25,10,789,4,41,171,115,196,230,132,57,20,966,0,21,86,109,137,172,108,43,20,696,15,44,146,173,165,132,65,23,8,774,22,36,81,103,141,166,92,12,6,658,0,9,24,26,24,20,16,3,6,124,25,48,107,86,62,42,22,14,6,416,0,0,3,4,5,0,0,3,5,19,0,3,11,20,20,18,9,6,4,86,111,50,110,124,165,208,220,179,128,1294,216,419,1080,1158,1355,1409,956,451,245,7301
LGA26350,41,332,685,396,244,125,87,39,15,1958,4,9,10,4,8,8,3,7,4,46,3,98,318,231,210,144,77,33,15,1136,382,756,1729,1004,852,757,713,733,535,7457,566,4726,17625,11053,8601,7131,4377,2490,1180,57748,6,244,746,457,361,322,265,90,41,2529,5,204,1161,704,347,195,70,3,0,2694,14,282,1521,757,635,509,493,343,154,4714,8,201,985,483,356,275,200,97,38,2641,0,48,166,83,85,71,38,30,6,525,13,337,2061,1135,1045,1045,791,488,180,7094,0,114,873,469,635,790,648,292,101,3920,52,1441,5932,3813,2873,1691,1049,427,185,17466,24,629,2734,1749,1547,1303,996,423,105,9503,48,694,2111,860,461,348,193,98,44,4859,31,275,732,368,292,152,118,60,13,2043,14,22,19,6,10,14,16,5,5,107,4,138,319,242,231,158,106,52,31,1275,354,728,2283,1195,935,795,711,633,367,7996,587,5348,21646,12307,9810,7660,5701,3030,1273,67371
LGA26430,8,25,45,55,38,39,15,4,4,228,0,0,0,0,0,0,0,0,0,0,0,4,6,9,14,12,10,4,0,62,41,32,45,74,104,142,123,141,72,779,70,174,477,609,744,855,590,324,126,3979,0,8,12,18,10,32,11,8,0,95,0,0,0,8,9,3,6,0,0,36,3,27,97,90,106,154,157,57,24,716,0,17,52,38,42,64,57,19,4,295,5,14,62,79,71,68,42,27,0,375,0,16,69,69,93,116,71,37,8,481,0,17,38,63,50,122,108,39,11,440,5,12,73,88,110,144,85,27,17,558,4,21,58,72,103,108,81,16,5,483,0,7,18,19,13,14,12,5,0,92,12,22,44,53,50,45,26,7,4,262,0,0,0,0,5,0,3,0,0,14,0,4,9,10,17,11,13,6,0,74,83,36,79,91,135,191,181,153,87,1030,120,190,608,702,815,1080,856,410,170,4951
LGA26490,23,61,150,175,105,66,42,11,4,639,0,0,0,0,3,0,0,0,0,10,0,5,31,41,43,33,13,3,4,165,139,76,121,264,229,259,198,183,77,1538,239,637,1902,3041,2699,2323,1257,609,210,12916,0,27,81,100,101,79,75,24,12,493,0,4,23,66,55,29,20,5,0,205,0,51,209,342,388,393,313,141,42,1871,8,56,276,329,296,206,96,46,11,1330,0,21,91,122,122,89,53,32,0,540,5,60,354,425,371,371,213,78,35,1915,4,27,257,303,320,492,375,103,23,1901,8,51,350,624,540,407,276,93,31,2381,35,97,232,372,357,340,225,59,11,1716,12,35,179,189,129,92,55,23,6,711,10,43,159,167,147,70,74,11,4,684,0,0,0,0,0,0,5,9,3,21,3,10,25,63,59,27,14,9,0,212,142,92,189,276,298,287,269,186,87,1833,232,566,2429,3373,3185,2873,2063,810,267,15807
LGA26610,27,77,137,99,68,48,21,11,6,490,0,0,0,4,3,0,0,0,0,3,0,5,19,12,13,16,3,3,0,74,178,127,222,253,253,232,240,216,116,1836,293,634,1484,1396,1321,1136,610,394,162,7420,0,5,18,16,13,13,9,0,0,71,3,4,27,17,12,6,7,0,0,69,10,94,207,169,208,199,132,46,15,1078,5,46,99,47,67,87,36,18,4,406,8,47,127,130,120,81,44,10,9,575,4,32,159,137,140,168,98,44,9,787,0,30,155,128,124,133,107,36,20,723,13,79,239,237,158,114,53,15,8,907,7,82,125,129,153,128,46,8,0,677,0,14,27,26,15,11,3,3,7,104,14,64,128,91,76,65,32,9,0,484,0,4,9,4,4,7,0,3,3,35,0,4,14,13,9,18,14,8,5,86,237,167,362,326,422,409,366,255,141,2685,303,659,1685,1469,1507,1441,938,468,219,8690
LGA26670,8,5,32,37,26,30,16,5,0,161,0,0,0,0,0,0,0,0,0,0,0,0,5,8,8,4,9,0,0,37,35,10,17,26,41,67,61,65,33,356,66,85,268,477,554,505,312,162,62,2493,0,0,4,6,6,15,0,4,0,43,0,0,4,3,4,6,8,0,0,26,0,9,56,67,96,111,101,28,11,490,0,11,18,24,29,42,18,19,3,167,6,13,44,42,49,42,19,10,3,228,0,4,42,43,78,81,58,17,4,333,0,5,24,36,41,64,59,20,5,255,0,18,48,55,81,78,32,10,5,334,5,12,38,39,40,60,37,4,3,243,0,0,9,6,10,13,9,0,0,48,9,14,29,28,41,31,26,5,0,175,0,0,0,0,0,6,0,0,0,6,0,0,3,8,13,3,3,3,0,33,45,27,44,73,78,77,97,62,27,542,71,125,359,435,572,619,478,185,64,2920
LGA26700,44,90,183,145,116,75,41,12,7,703,0,3,0,0,3,0,0,0,0,13,0,6,18,41,23,22,9,0,5,125,124,70,156,191,236,255,293,358,215,1897,290,630,1784,2136,2270,1918,1129,722,321,11207,0,21,39,59,51,60,20,8,8,279,4,8,29,25,22,20,7,3,0,118,19,93,251,295,368,355,274,126,37,1822,12,75,161,166,155,168,115,40,13,900,8,27,93,158,133,98,50,22,8,594,10,83,313,299,330,383,195,89,37,1747,0,45,171,197,227,281,251,103,25,1309,13,83,271,379,327,260,142,60,18,1555,24,95,226,298,293,305,130,27,5,1412,6,28,57,65,40,50,20,8,0,273,24,87,194,164,141,101,68,26,3,803,3,4,5,7,9,3,0,5,0,35,0,6,18,27,33,27,8,3,6,138,215,111,182,275,319,353,406,332,310,2511,350,759,2004,2428,2452,2471,1689,856,479,13484
LGA26730,50,147,284,221,121,84,48,23,3,984,5,3,6,3,6,0,4,0,0,24,0,13,28,45,39,21,6,3,3,161,243,131,256,298,297,290,319,446,295,2571,436,1109,2657,2611,2454,1941,1046,788,395,13426,0,26,60,87,48,50,28,15,0,311,0,13,41,43,33,24,11,0,0,157,21,101,345,337,329,273,235,127,44,1805,12,111,275,202,176,155,86,39,15,1074,9,37,106,101,84,56,34,17,6,444,4,113,410,348,387,412,198,102,34,2003,7,52,258,276,300,309,225,88,37,1544,13,145,445,463,451,325,143,44,21,2050,26,160,352,351,336,284,148,43,11,1723,7,49,89,85,55,56,31,7,7,384,38,136,290,244,163,104,77,18,9,1083,0,7,3,0,9,5,3,10,0,47,0,9,25,50,41,26,14,7,8,179,221,177,290,292,397,391,426,379,224,2807,369,1137,2980,2894,2811,2473,1664,883,405,15620
LGA26810,38,140,241,203,161,123,65,25,0,1007,4,3,3,0,0,0,8,5,0,20,0,6,32,58,45,48,19,9,4,224,309,222,618,566,487,564,483,444,192,3895,490,1171,3177,3079,3358,3150,1660,922,328,17322,0,27,53,55,41,43,41,5,3,267,5,10,46,61,28,30,13,3,3,187,39,205,528,561,712,714,521,225,68,3567,12,81,282,207,210,242,155,69,17,1288,16,67,201,211,193,139,66,29,3,918,10,83,388,324,346,475,262,110,25,2016,0,53,268,285,305,391,272,89,25,1681,16,103,438,482,421,373,184,65,26,2103,31,129,372,350,404,383,184,31,10,1910,14,37,80,63,43,48,46,14,6,355,30,121,305,216,183,146,88,32,17,1136,0,0,4,4,0,7,19,8,5,44,0,9,35,39,50,39,28,10,6,225,335,305,695,707,646,702,612,469,199,4667,505,1233,3689,3557,3577,3741,2492,1159,415,20365
LGA26890,0,5,13,23,17,19,8,0,0,90,0,0,0,0,0,0,0,0,0,0,0,0,0,4,3,0,0,0,0,10,19,9,16,28,29,41,55,72,24,290,38,84,208,295,321,274,165,106,39,1533,0,0,8,4,8,0,0,0,0,17,0,0,0,0,9,4,0,0,0,13,4,11,22,23,30,35,20,5,0,166,0,9,12,11,10,9,8,8,0,66,6,22,52,41,51,42,27,11,0,253,3,3,34,16,40,51,25,11,4,185,0,9,32,24,33,31,26,16,9,175,3,6,44,32,34,29,21,0,0,176,0,5,21,24,37,25,16,4,0,130,0,0,9,5,3,7,4,0,0,27,4,5,13,16,18,11,3,0,0,79,0,0,0,0,0,0,0,0,0,0,0,0,0,3,6,3,0,0,0,17,22,5,17,25,44,40,59,45,34,288,43,85,258,233,313,298,213,100,50,1594
LGA26980,79,437,760,623,415,299,183,105,30,2940,18,47,14,11,9,9,9,4,3,127,5,83,273,299,222,162,72,62,17,1196,653,815,1087,1014,1085,903,1091,1569,1246,9464,1120,5923,16221,16952,14099,10169,6635,4743,2233,78088,13,323,636,802,787,483,375,156,64,3653,32,341,1668,1834,891,441,116,13,4,5332,30,443,1756,1828,2003,1675,1326,954,400,10416,23,234,678,695,715,481,295,262,79,3462,12,77,167,186,201,116,69,43,13,880,23,569,2101,1669,1645,1353,834,522,206,8929,5,179,964,1097,1382,1386,1069,609,184,6879,103,1789,5763,5159,3959,2297,1355,664,317,21417,50,696,1811,1999,1973,1605,928,376,125,9571,70,559,1119,837,526,336,191,94,51,3783,54,307,802,572,545,287,246,115,47,2970,29,50,31,15,22,22,22,22,15,227,13,105,256,318,257,183,121,59,34,1352,485,637,1195,955,960,865,864,986,788,7728,946,6314,18949,17978,15870,11531,7816,4886,2324,86614
LGA27070,133,571,1433,955,575,286,114,45,3,4117,10,17,25,16,15,3,3,3,0,91,6,62,317,242,142,73,19,19,5,883,1124,872,1634,1630,1617,1448,1112,1026,483,10954,1781,5615,17125,13533,9682,6467,3066,1711,611,59611,7,309,817,605,363,201,106,30,3,2445,21,265,1613,1424,398,143,31,4,0,3891,92,623,2932,2913,2470,2041,1183,487,121,12864,95,483,1661,1121,806,454,277,132,32,5067,14,70,278,245,156,98,48,9,4,912,37,555,2341,1761,1130,813,332,112,27,7105,21,294,1593,1223,932,708,366,121,36,5298,115,1266,5358,4262,2446,1429,586,127,36,15620,149,951,2810,2382,1758,1087,354,75,16,9580,70,360,864,563,226,143,72,23,10,2323,104,596,2119,1283,840,424,201,60,20,5645,29,32,41,44,41,33,38,21,8,290,4,84,438,377,238,144,86,37,10,1422,850,962,2336,1872,1579,1427,1295,858,293,11469,1601,6849,25203,20072,13372,9137,4984,2102,624,83939
LGA27170,44,160,318,219,124,106,48,10,0,1032,3,9,0,0,0,5,0,3,0,17,5,8,34,55,26,23,10,6,7,177,233,165,271,284,275,266,249,308,159,2210,459,1301,3095,3108,2655,2140,1022,601,236,14622,0,10,57,79,53,44,24,9,0,276,6,23,86,78,51,46,16,0,0,310,33,214,624,518,573,478,326,124,45,2937,17,111,251,180,163,136,105,47,11,1015,5,23,107,98,79,49,39,14,0,415,20,140,480,371,375,342,189,71,38,2033,3,51,279,270,280,289,205,56,17,1443,33,218,722,700,638,454,217,42,18,3038,57,216,524,451,396,315,133,31,0,2121,9,39,113,73,50,37,17,9,7,360,46,151,325,233,181,116,76,22,9,1140,0,3,11,8,0,11,8,5,6,58,3,6,47,51,44,29,26,16,5,225,265,245,416,398,374,421,327,261,122,2844,500,1463,4027,3500,3249,2771,1706,712,284,18211
LGA27260,122,580,1457,959,477,255,91,24,11,3957,0,3,14,9,20,11,3,0,0,65,13,60,387,287,170,110,40,10,0,1075,1119,970,2258,2093,1650,1356,914,623,260,11242,1799,5388,21280,17200,11046,6596,2846,1173,404,67728,5,272,982,921,438,280,130,28,6,3057,24,290,3170,3112,622,191,46,13,0,7466,113,659,3501,3688,3089,2150,1160,424,106,14888,106,456,1297,992,660,412,229,101,19,4274,19,61,334,287,216,100,40,14,4,1074,60,516,2310,1838,1257,841,341,109,30,7295,25,240,1363,1373,980,703,359,109,36,5178,132,1268,7933,6822,3220,1686,645,128,30,21873,162,913,3208,3064,1980,1105,371,69,12,10883,63,360,936,631,253,118,50,16,3,2436,141,526,2268,1370,725,343,190,43,16,5625,19,28,50,30,32,39,31,21,6,247,4,91,576,489,260,213,96,29,8,1767,964,1135,3199,2599,1873,1344,1091,626,302,13144,1830,6802,31130,27217,15608,9528,4783,1733,576,99214
LGA27350,37,191,618,324,191,76,32,13,0,1486,0,3,4,5,3,4,0,0,4,26,3,95,404,249,159,108,35,21,6,1086,305,589,1754,1189,818,671,475,417,170,6383,458,3512,17983,10079,6149,4660,2202,957,324,46331,3,246,799,451,357,231,197,49,8,2339,4,79,697,554,270,143,32,0,0,1784,6,206,1419,756,517,378,264,154,43,3748,8,159,1238,565,348,198,131,46,16,2707,0,46,265,123,99,66,29,13,0,652,8,339,2337,1036,652,580,344,115,40,5457,0,80,955,543,491,613,503,145,40,3370,27,693,4839,2502,1522,820,417,91,25,10938,30,610,3592,1998,1282,1092,765,192,41,9615,19,630,3043,1257,594,317,170,39,13,6074,25,205,690,379,236,127,50,15,7,1741,9,17,11,6,8,16,12,14,3,96,9,119,447,288,178,121,76,21,8,1266,311,734,2623,1344,1032,853,614,361,174,8040,474,4173,22949,11798,7580,5550,3613,1255,428,57821
LGA27450,177,541,879,818,601,407,204,73,5,3706,0,0,7,3,5,0,4,7,5,30,11,49,146,221,177,149,57,32,8,839,894,514,819,1181,1262,1196,1063,985,603,8515,1637,4727,11318,13629,13171,10911,5692,2543,955,64576,4,120,337,443,391,305,220,62,15,1901,14,89,342,435,309,226,73,11,0,1495,65,471,1812,2032,2567,2284,1658,674,188,11751,98,590,1613,1170,1215,885,553,237,60,6412,28,166,503,592,466,283,121,52,5,2217,39,413,1376,1314,1463,1281,711,268,85,6953,8,186,1097,1209,1136,1437,1044,275,76,6479,69,569,2067,2479,2191,1766,1032,304,92,10567,107,630,1551,1880,1784,1587,834,184,51,8614,55,329,673,694,488,347,223,55,15,2875,146,415,992,796,680,448,290,102,29,3898,7,11,12,7,15,23,24,27,4,132,6,39,137,253,234,176,117,32,7,997,675,537,1094,1197,1398,1287,1216,839,501,8746,1314,4572,13612,14512,14331,12334,8121,3121,1126,73037
LGA27630,3,16,23,23,22,22,11,8,0,135,0,0,0,0,0,0,0,0,0,0,0,3,0,4,7,0,3,0,0,17,66,19,27,85,99,104,84,152,96,747,98,124,296,453,601,485,280,233,122,2678,0,0,6,5,7,0,0,0,0,16,0,0,6,0,4,5,0,0,0,18,6,16,46,45,74,82,67,30,9,377,0,5,22,19,24,32,12,12,0,135,0,17,59,43,72,38,18,7,3,262,0,13,46,52,81,79,27,17,3,325,0,10,47,28,36,55,55,16,4,249,3,14,37,52,53,54,26,3,0,243,3,21,45,48,58,82,32,4,0,309,0,3,3,9,8,7,0,3,0,39,4,6,30,14,20,17,22,4,4,129,0,0,0,0,0,0,0,0,0,4,0,0,3,8,0,6,5,3,0,19,54,27,57,51,89,100,133,100,118,721,71,158,411,376,519,569,402,205,147,2855
LGA29399,0,13,27,3,5,0,0,0,0,48,0,0,0,0,0,0,0,0,0,0,0,0,5,0,0,0,3,0,0,9,10,16,30,10,13,13,0,0,0,92,15,68,154,76,65,51,23,6,0,464,0,3,4,5,0,0,3,0,0,12,0,0,0,4,0,0,0,0,0,13,0,3,13,10,10,8,5,0,0,54,0,4,0,6,9,3,3,0,0,32,0,0,0,5,0,0,0,0,0,15,0,0,9,3,6,8,6,0,0,23,0,3,6,7,4,8,6,0,0,31,0,9,19,19,16,3,4,0,0,72,4,6,14,3,0,5,0,4,0,32,0,3,6,0,0,0,0,0,0,15,0,6,15,6,0,0,0,0,0,26,0,0,0,0,0,0,0,0,0,0,0,0,3,0,3,0,0,0,0,12,12,30,63,42,24,20,12,4,3,208,14,67,156,118,68,60,42,16,3,548
LGA29499,11,43,64,38,32,14,4,0,0,202,3,0,0,0,0,0,4,0,0,7,0,9,17,3,7,9,4,0,0,51,125,227,427,404,293,132,82,36,17,1739,181,581,1466,998,678,436,199,70,27,4631,0,15,50,23,13,5,9,0,0,123,0,11,36,19,6,3,3,0,0,82,9,30,127,63,60,50,41,12,0,385,3,18,70,37,31,25,12,5,0,192,0,11,26,16,14,5,0,5,0,78,0,29,90,39,33,35,16,3,0,247,0,13,36,23,21,34,22,0,0,159,3,77,182,86,49,51,24,6,0,484,3,47,145,74,51,51,18,0,0,390,4,18,78,38,23,13,0,0,0,171,4,33,54,35,26,17,4,0,0,169,0,0,0,0,0,0,0,0,0,6,0,11,16,17,13,8,3,0,0,63,89,229,512,502,335,221,110,31,10,2044,118,537,1411,972,667,522,263,65,23,4574
LGA29799,0,0,0,0,0,0,0,0,0,0,0,0,0,0,0,0,0,0,0,0,0,0,0,0,0,0,0,0,0,0,0,0,0,0,0,0,0,0,0,5,0,0,7,3,6,5,3,0,0,26,0,0,0,0,0,0,0,0,0,0,0,0,0,0,0,0,0,0,0,0,0,0,0,0,5,3,0,0,0,11,0,0,0,0,0,0,0,0,0,3,0,0,0,0,0,0,0,0,0,0,0,0,0,0,0,0,0,0,0,0,0,0,0,0,0,0,0,0,0,0,0,0,0,4,0,0,0,0,0,4,0,0,0,0,0,0,0,0,0,0,0,0,0,0,0,0,0,0,0,0,0,0,0,0,0,0,0,0,0,0,0,0,0,0,0,0,0,0,0,0,0,0,0,0,0,0,0,0,0,0,0,0,0,0,0,4,0,0,0,5,0,0,0,4,9,10,0,0,0,22
LGA30250,0,0,0,6,3,0,0,0,0,3,0,0,0,0,0,0,0,0,0,0,0,0,3,0,0,0,0,0,0,3,25,17,37,27,17,7,9,0,4,139,28,42,64,58,31,24,15,0,4,265,0,0,0,0,0,0,0,0,0,0,0,0,0,0,0,0,0,0,0,3,0,3,9,0,9,3,0,0,0,23,4,3,8,12,12,4,0,0,0,34,0,0,0,0,5,0,0,0,0,12,0,0,0,3,4,6,0,0,0,18,0,4,0,0,6,3,0,0,0,23,0,5,0,7,0,5,0,0,0,19,0,4,3,8,11,9,0,0,0,43,0,0,0,0,0,0,0,0,0,0,0,0,0,3,0,0,0,0,0,4,0,0,0,0,0,0,0,0,0,0,0,0,0,0,0,0,0,0,0,0,9,14,15,8,13,6,4,0,0,73,14,33,47,50,65,35,10,0,0,257
LGA30300,4,10,22,21,6,11,0,0,0,71,0,0,0,0,0,0,0,0,0,0,0,0,4,10,0,0,0,0,0,19,28,23,52,61,72,65,34,17,7,361,49,120,335,346,290,234,88,37,14,1515,0,0,3,0,0,3,0,0,0,13,0,4,0,3,0,0,0,0,0,10,3,24,45,41,52,43,18,11,0,232,0,3,16,15,9,9,4,3,5,64,5,11,43,52,39,29,16,0,0,199,5,5,43,34,41,37,16,5,3,183,4,10,31,33,38,30,5,0,0,159,5,7,55,41,30,23,3,7,0,177,5,8,27,42,18,15,6,0,0,136,0,3,3,6,3,0,0,0,0,17,0,13,23,18,18,6,8,0,0,84,0,0,0,0,0,0,0,0,0,5,0,0,0,0,8,0,3,0,0,17,56,19,44,52,74,55,62,26,9,399,85,113,341,337,335,264,146,58,16,1695
LGA30370,15,27,64,83,49,22,7,4,0,274,0,0,0,0,0,0,3,0,0,4,0,0,13,12,12,10,4,0,0,52,72,72,148,125,155,106,141,120,47,990,161,445,1180,1013,924,607,330,172,59,4888,0,0,18,17,16,7,3,0,0,57,5,5,4,4,7,0,0,0,0,30,17,133,345,303,233,200,73,42,5,1343,11,16,43,38,40,47,22,8,0,226,6,30,90,71,56,41,11,10,3,320,3,15,92,79,88,93,37,15,3,418,0,23,118,112,89,79,34,15,5,481,14,60,194,164,111,72,22,3,0,642,10,27,71,78,64,57,16,3,0,324,6,0,9,13,6,4,0,0,0,47,19,35,88,69,68,31,15,7,0,328,0,0,0,0,0,0,0,0,0,11,3,0,8,7,12,11,5,3,0,45,94,73,195,216,203,181,149,107,26,1246,175,417,1281,1173,990,816,392,214,47,5505
LGA30410,5,9,12,7,9,5,3,0,0,60,0,0,0,0,0,0,0,0,0,0,0,5,4,7,3,0,0,0,0,21,10,13,37,27,38,37,41,32,7,241,40,98,214,211,204,156,101,53,14,1077,0,0,0,0,0,0,0,0,0,3,0,0,0,4,0,4,0,0,0,5,3,20,37,40,33,36,21,7,0,200,0,12,20,10,19,12,6,6,0,77,0,21,11,16,21,15,5,0,0,88,0,8,23,19,29,32,16,6,0,120,0,12,34,26,13,12,0,4,3,108,4,11,35,21,17,22,3,4,0,104,6,8,17,18,15,12,10,0,0,86,0,0,5,9,3,0,4,0,0,13,6,6,13,9,9,4,4,0,0,45,0,0,0,0,0,0,0,0,0,0,0,0,3,0,0,0,0,0,0,3,18,9,38,37,36,29,45,31,5,236,41,100,222,194,195,169,111,56,8,1097
LGA30450,0,3,0,0,0,0,0,0,0,7,0,0,0,0,0,0,0,0,0,0,0,0,0,0,0,0,0,0,0,0,0,0,3,4,7,5,0,3,0,25,0,13,22,14,23,22,6,5,0,105,0,0,0,0,0,0,0,0,0,0,0,0,0,0,0,0,0,0,0,0,0,0,0,4,5,0,8,0,0,11,0,0,0,0,5,0,3,0,0,7,0,0,3,5,7,0,0,0,0,17,0,0,0,0,0,0,0,0,0,5,0,0,3,0,0,0,0,0,0,7,0,3,0,0,5,0,0,0,0,6,0,0,0,0,3,0,0,0,0,8,0,0,0,0,0,0,0,0,0,0,0,0,0,0,0,0,0,0,0,9,0,0,0,0,0,0,0,0,0,0,0,0,0,0,0,0,0,0,0,0,0,4,5,5,0,7,0,0,4,18,0,15,11,15,22,18,7,3,4,98
LGA30760,0,9,10,8,7,8,0,3,0,34,0,0,0,0,0,0,0,0,0,0,0,0,0,0,0,0,0,0,0,6,9,0,16,24,13,30,22,21,3,152,20,60,139,138,134,115,65,36,3,711,0,0,0,0,0,0,0,0,0,3,0,0,0,0,0,0,0,0,0,3,4,10,25,15,6,15,16,3,0,98,3,0,10,4,3,6,4,0,0,30,3,3,11,19,17,11,4,0,0,68,0,3,13,7,20,20,3,3,0,75,0,3,17,13,6,16,3,3,0,63,0,6,20,29,15,9,3,0,0,88,3,4,6,16,8,13,7,0,0,58,0,0,4,0,4,0,4,0,0,9,3,0,9,12,5,6,0,0,0,29,0,0,0,0,0,0,0,0,0,0,0,0,0,3,0,0,0,0,0,5,12,6,17,18,28,30,27,19,4,149,24,40,132,133,115,130,77,38,5,688
LGA30900,0,0,0,0,0,0,0,0,0,0,0,0,0,0,0,0,0,0,0,0,0,0,0,0,0,0,0,0,0,0,12,5,6,13,11,5,4,0,0,47,14,16,27,23,22,19,7,3,0,137,0,0,0,0,0,0,0,0,0,0,0,0,0,0,0,0,0,0,0,0,0,0,11,3,4,7,0,0,0,19,0,3,4,0,0,0,0,0,0,8,0,9,9,0,0,4,0,0,0,21,0,0,0,0,0,3,0,0,0,11,0,0,3,0,0,3,0,0,0,10,0,0,14,3,0,0,0,0,0,22,0,4,0,0,0,0,0,0,0,7,0,0,0,0,0,0,0,0,0,0,0,0,0,0,0,0,0,0,0,0,0,0,0,0,0,0,0,0,0,0,0,0,0,0,0,0,0,0,0,0,0,3,22,8,12,16,4,0,0,75,8,20,61,21,16,34,7,3,0,166
LGA31000,766,3501,6720,4885,2947,1861,812,338,102,21930,133,221,126,87,86,74,66,39,24,859,82,450,1651,1647,1237,815,397,200,76,6551,5333,6974,12964,10181,8835,7372,5990,6612,5030,69282,10918,46358,135529,116679,90947,63844,32403,18402,8619,523710,107,2361,6449,5302,4110,2810,1707,588,170,23606,371,1981,7451,7367,3907,1640,431,55,3,23215,492,4634,17696,15560,14530,11588,7575,4064,1332,77475,280,2116,7773,6079,5073,3814,2399,1325,424,29288,95,530,1783,1917,1449,979,511,217,67,7550,353,4733,17610,13870,12077,8918,4871,2314,896,65654,151,1401,7435,8917,9305,8460,5342,2123,554,43679,1737,11509,37214,32524,24745,14673,6903,2185,815,132315,1349,6610,18975,16986,13063,9559,5210,1536,401,73694,770,4538,9394,5886,3656,2001,958,410,158,27767,1181,3153,7378,5047,3694,2025,1269,413,162,24318,250,325,229,137,129,152,184,176,88,1679,115,525,1698,1932,1549,1022,609,247,136,7843,4269,7321,15791,11446,9969,7698,6055,5138,4629,72318,11526,51742,156877,132978,107264,75347,44025,20789,9842,610381
LGA31750,0,0,7,0,0,5,0,0,0,14,0,0,0,0,0,0,0,0,0,0,0,0,0,0,0,0,0,0,0,0,0,0,8,5,5,11,3,0,0,34,5,10,48,21,32,24,3,0,0,145,0,0,0,0,0,0,0,0,0,0,0,0,0,0,0,0,0,0,0,0,0,3,3,10,9,8,0,0,0,36,0,0,3,4,0,0,0,0,0,8,0,5,3,3,0,0,0,0,0,18,0,0,0,0,0,3,0,0,0,5,0,0,0,0,0,0,0,0,0,4,4,0,11,5,9,3,0,0,0,26,0,0,0,8,0,0,0,0,0,10,0,0,0,0,0,0,0,0,0,0,0,0,0,0,0,0,0,0,0,4,0,0,0,0,0,0,0,0,0,0,0,0,0,0,0,6,0,0,0,6,5,0,3,5,9,11,5,0,0,40,7,12,31,35,24,36,5,0,0,159
LGA31820,135,234,433,444,338,258,136,44,13,2040,0,3,5,9,7,9,10,3,0,43,9,9,31,53,78,78,47,17,5,334,598,389,631,803,956,1023,1223,1110,528,7270,1212,1961,4856,5986,6650,6006,4318,2282,778,34037,5,22,86,114,102,104,86,35,8,565,34,56,120,137,90,70,35,6,0,540,94,339,870,960,1142,1461,1370,671,159,7071,33,99,386,378,467,591,469,218,38,2677,25,59,149,221,223,174,101,44,6,998,16,190,667,670,831,844,452,207,78,3955,10,69,382,668,722,678,461,212,44,3248,143,405,1003,1026,1002,893,526,174,46,5214,118,250,671,746,772,722,364,86,17,3740,9,47,100,85,81,85,69,36,3,513,138,260,485,428,370,322,247,70,16,2333,9,7,12,8,10,17,23,23,14,120,13,28,59,65,84,72,60,31,15,414,530,429,845,809,1120,1241,1363,1071,494,7903,1178,2263,5838,6319,7007,7269,5612,2873,944,39301
LGA31900,8,35,82,83,63,44,11,4,0,333,0,6,0,5,0,0,0,0,0,5,7,0,6,18,9,3,6,0,0,58,122,52,128,166,222,177,211,173,93,1341,222,435,984,1140,1146,937,613,316,126,5914,0,7,18,17,21,26,15,5,0,112,4,3,8,6,6,3,0,0,0,28,24,152,318,319,305,296,197,89,19,1709,3,21,53,61,64,81,69,27,4,394,0,12,44,56,48,37,14,9,4,223,4,36,90,83,91,101,63,28,5,503,3,20,85,108,110,119,52,22,8,524,20,73,157,157,142,99,42,15,4,704,11,44,87,81,103,90,51,9,0,470,0,8,14,16,15,15,10,5,0,81,16,39,75,67,81,49,33,4,4,370,0,5,0,0,3,3,6,3,0,29,0,3,5,13,18,4,5,5,0,61,105,80,132,167,207,214,256,176,100,1443,201,510,1097,1151,1219,1130,807,394,145,6655
LGA31950,0,0,0,5,6,0,0,0,0,10,0,0,0,0,0,0,0,0,0,0,0,0,0,0,0,0,0,0,0,0,7,5,26,22,12,8,3,0,0,89,3,21,56,52,45,30,12,0,0,222,0,0,0,0,0,0,0,0,0,0,0,0,0,0,0,0,0,0,0,0,0,4,0,5,0,0,0,0,0,18,0,0,3,0,0,6,0,0,0,7,0,4,6,4,0,0,0,0,0,8,0,0,0,0,0,0,0,0,0,3,0,0,0,3,0,0,0,0,0,9,0,0,3,3,5,3,0,0,0,16,0,0,0,0,0,4,0,0,0,7,0,0,0,0,0,0,0,0,0,0,0,0,7,0,0,0,0,0,0,9,0,0,0,0,0,0,0,0,0,0,0,0,0,0,0,0,0,0,0,0,3,10,16,10,8,20,7,0,0,75,9,19,37,30,23,35,11,0,0,164
LGA32080,188,516,1232,1172,688,365,156,49,10,4374,12,7,20,18,13,10,8,4,4,84,10,27,132,227,160,98,38,17,8,722,1260,1044,2217,2332,2151,1758,1181,831,450,13221,2201,4465,13557,15160,13273,9272,4452,1886,722,64982,0,90,353,429,335,234,123,42,16,1628,28,109,309,266,197,116,39,12,0,1073,120,625,2104,2322,2466,2266,1503,553,118,12088,36,216,928,920,953,868,502,227,35,4691,13,108,276,376,296,206,84,30,6,1410,73,477,1712,1719,1643,1345,606,213,68,7861,23,167,928,1348,1320,1171,626,168,51,5796,206,777,2717,2909,2617,1631,776,213,50,11877,126,462,1744,1969,1744,1248,558,112,34,7992,49,131,438,408,334,228,124,28,7,1747,203,558,1313,1231,915,507,273,74,11,5082,24,19,24,11,23,31,19,13,12,180,21,35,152,169,229,134,60,29,11,828,1148,1103,2534,2456,2500,2066,1496,887,393,14579,2079,4885,15524,16530,15576,12050,6781,2599,810,76831
LGA32250,0,0,8,8,4,3,3,0,0,34,0,0,0,0,0,0,0,0,0,0,0,4,0,0,0,3,0,0,0,9,16,37,50,57,64,51,32,19,6,330,27,70,136,141,149,119,71,23,6,737,0,0,0,0,0,0,0,0,0,5,0,0,5,0,0,0,0,0,0,4,0,4,29,26,24,27,31,9,0,153,0,0,12,7,6,8,4,0,0,40,3,8,7,5,3,3,0,0,0,34,6,0,11,17,11,9,0,0,0,64,0,3,16,14,11,8,3,0,0,61,0,6,18,11,22,14,4,0,0,64,0,10,13,8,10,6,4,0,0,46,0,0,0,0,0,0,0,0,0,4,3,5,9,8,4,3,0,3,0,35,0,0,0,0,0,0,0,0,0,4,0,0,0,0,4,3,3,0,0,10,18,22,36,36,38,38,25,12,0,235,29,62,151,130,134,125,86,33,0,748
LGA32260,35,89,146,130,114,65,34,19,7,627,5,3,0,0,0,0,0,0,0,13,0,10,24,17,30,13,8,10,4,111,227,138,286,334,383,340,309,246,88,2354,379,665,1579,1923,2280,1800,1110,543,148,10431,0,14,31,38,32,36,24,4,0,183,3,12,19,9,11,13,5,3,0,82,22,135,338,341,524,559,362,170,44,2506,3,34,110,121,158,250,119,59,11,864,7,19,130,93,102,79,26,13,0,468,7,37,119,136,174,225,121,50,13,884,0,38,139,164,189,232,127,54,7,953,29,111,298,283,261,233,116,31,9,1373,30,57,191,184,204,197,83,18,0,958,5,18,30,35,26,27,18,10,0,171,29,69,170,129,149,71,52,24,3,692,4,4,0,4,7,10,14,3,0,43,0,12,33,30,29,22,15,4,3,139,220,186,445,386,482,528,446,267,91,3050,363,742,2055,1954,2343,2476,1525,716,191,12359
LGA32270,28,64,203,174,87,49,14,5,0,618,0,0,0,4,0,5,6,0,0,13,0,3,22,35,26,16,0,0,0,100,300,248,480,489,455,342,220,111,40,2693,504,1071,3121,2699,2039,1268,479,174,50,11399,0,7,59,51,26,16,6,0,0,179,0,15,24,19,5,0,0,0,0,69,24,225,827,688,582,371,143,39,4,2909,0,32,141,129,99,102,38,11,3,554,15,48,147,156,100,53,15,5,0,552,5,49,193,142,156,122,39,11,4,721,4,69,273,224,185,122,39,12,3,926,23,103,438,352,242,154,43,8,0,1367,26,62,199,182,108,88,19,0,0,687,4,13,37,27,19,17,4,0,0,117,13,69,184,151,106,53,23,8,0,609,0,4,0,5,3,3,7,5,0,28,0,4,32,35,28,25,0,0,0,131,287,257,649,635,630,418,202,116,31,3220,404,968,3217,2798,2301,1540,582,212,46,12061
LGA32310,6,24,58,46,45,32,13,9,0,234,0,0,0,0,0,0,0,0,0,7,4,0,5,14,13,12,3,0,0,40,92,45,105,174,174,162,163,123,59,1098,158,259,673,824,746,627,420,218,69,4004,0,3,14,12,15,12,9,0,0,63,0,4,5,6,4,8,0,0,0,43,39,46,135,152,139,144,95,53,10,803,0,9,43,36,41,49,50,10,4,232,7,15,41,37,23,23,6,0,0,171,8,14,75,76,76,75,65,30,7,424,0,29,88,97,97,80,41,19,8,465,14,20,92,101,84,58,26,12,0,398,10,31,42,71,70,54,43,8,0,316,0,4,7,12,7,0,3,0,0,40,6,26,46,43,26,33,18,3,3,207,7,0,0,0,4,0,3,0,0,16,7,0,0,12,7,6,4,0,0,42,118,76,152,174,197,188,180,122,38,1237,224,284,743,833,780,741,543,256,65,4469
LGA32330,0,0,0,0,4,0,0,0,0,12,0,0,0,0,0,0,0,0,0,4,0,0,0,0,0,0,0,0,0,4,0,0,3,3,9,0,0,0,0,16,6,26,49,53,51,19,0,0,0,200,0,0,0,0,0,0,0,0,0,0,0,0,0,0,0,0,0,0,0,0,0,0,6,4,6,0,4,0,0,21,0,0,0,8,4,0,0,0,0,13,0,3,0,0,0,0,0,0,0,0,0,0,0,4,0,9,0,0,0,15,0,0,0,3,0,6,0,0,0,16,0,0,6,4,9,0,0,0,0,27,0,3,9,12,10,0,0,0,0,32,0,0,0,0,0,0,0,0,0,4,0,5,0,0,0,0,0,0,0,12,0,0,0,0,0,0,0,0,0,0,0,0,0,0,0,0,0,0,0,0,16,29,19,15,6,4,0,0,0,95,17,48,46,46,37,20,5,0,0,229
LGA32450,4,8,20,13,15,8,0,0,0,65,0,0,0,0,0,0,0,0,0,6,0,0,5,7,5,0,0,0,0,24,36,50,93,79,84,63,37,19,3,456,54,144,382,289,249,154,61,25,8,1361,0,3,7,10,3,7,5,0,0,35,0,0,0,0,0,0,0,0,0,6,0,29,93,73,60,42,13,8,0,318,0,6,23,21,14,5,6,0,0,69,5,9,12,12,11,0,5,0,0,51,0,4,22,23,9,14,7,0,0,73,0,14,25,10,14,15,4,0,0,85,3,11,41,25,30,8,0,0,0,122,3,3,19,12,6,16,4,0,0,72,0,0,5,5,3,0,0,0,0,15,0,3,22,15,11,11,3,0,0,64,0,0,0,0,0,0,0,0,0,0,0,0,9,0,5,3,0,0,0,13,29,33,90,71,61,71,42,19,8,427,44,109,376,274,229,194,86,26,10,1357
LGA32500,0,6,23,27,15,12,0,0,0,91,0,0,0,0,0,0,0,0,0,3,0,0,4,0,8,3,4,0,0,22,45,93,279,180,113,70,46,10,0,849,58,151,501,428,378,322,151,37,6,2016,0,0,5,7,7,6,0,0,0,30,0,0,3,4,0,4,0,0,0,14,4,21,44,42,64,76,53,23,4,335,0,3,17,31,23,18,35,5,0,131,5,9,23,22,20,15,6,3,0,109,0,8,21,25,22,54,26,4,0,169,0,7,36,35,17,35,16,4,0,153,5,12,41,38,39,39,15,0,0,193,9,11,38,27,23,23,12,6,0,151,0,6,14,9,4,8,6,3,0,50,6,13,23,27,20,19,3,0,0,103,0,0,4,0,0,0,0,0,0,4,0,0,4,4,5,4,3,0,0,24,45,78,115,92,101,132,111,35,11,725,79,165,385,368,357,436,285,85,17,2180
LGA32600,0,0,5,0,0,4,0,0,0,3,0,0,0,0,0,0,0,0,0,0,0,0,0,0,0,0,0,0,0,0,0,7,11,3,9,9,10,0,0,42,4,11,24,21,19,22,12,0,0,111,0,0,0,0,0,0,0,0,0,0,0,0,0,0,0,0,0,0,0,0,0,3,0,0,0,8,0,0,0,14,0,0,0,0,0,0,0,0,0,3,0,0,5,3,3,0,0,0,0,16,0,0,0,0,0,0,0,0,0,0,0,0,0,0,0,0,0,0,0,9,0,0,0,0,4,0,0,0,0,5,0,0,6,4,0,3,0,0,0,9,0,0,0,0,0,0,0,0,0,0,0,0,0,0,0,0,0,0,0,3,0,0,0,0,0,0,0,0,0,0,0,0,0,0,0,0,0,0,0,0,0,4,12,12,15,9,3,0,0,66,0,10,31,23,24,29,8,0,0,131
LGA32750,0,0,3,0,4,0,0,0,0,11,0,0,0,0,0,0,0,0,0,0,0,0,0,0,0,0,0,0,0,0,0,3,0,0,3,0,0,0,0,15,10,17,35,12,23,9,4,0,0,113,0,0,0,0,0,0,0,0,0,0,0,0,0,0,0,0,0,0,0,0,0,0,4,3,0,4,0,0,0,19,0,0,0,3,0,0,0,0,0,3,0,3,5,3,0,3,0,0,0,19,0,0,0,0,3,3,0,0,0,5,0,3,0,0,0,0,0,0,0,4,0,0,3,0,9,0,0,0,0,18,0,0,0,0,4,0,0,0,0,5,0,0,0,0,0,0,0,0,0,3,0,0,4,0,0,0,0,0,0,5,0,0,0,0,0,0,0,0,0,0,0,0,0,0,0,0,0,0,0,3,7,9,3,0,10,11,4,0,0,42,8,16,31,22,25,19,9,0,0,136
LGA32770,0,0,0,0,0,0,0,0,0,5,0,0,0,0,0,0,0,0,0,0,0,0,3,0,0,0,0,0,0,3,5,0,6,8,0,0,0,0,0,28,13,13,57,33,24,11,0,0,0,151,0,0,0,0,0,0,0,0,0,0,0,0,0,0,0,0,0,0,0,0,0,8,10,5,5,5,0,0,0,24,0,0,0,5,0,0,0,0,0,6,0,0,3,0,0,0,0,0,0,7,0,0,5,8,3,5,0,0,0,21,0,3,11,12,6,0,0,0,0,34,0,0,3,7,0,3,0,0,0,10,0,6,8,13,5,7,0,0,0,32,0,0,0,0,0,0,0,0,0,0,0,0,0,0,0,0,0,0,0,6,0,0,0,0,0,0,0,0,0,0,0,0,0,0,0,0,0,0,0,4,8,15,12,10,12,7,0,3,4,70,8,32,53,49,31,22,6,4,4,209
LGA32810,11,66,168,136,108,36,23,5,0,547,0,6,0,0,0,0,0,0,0,13,0,0,3,7,9,12,6,0,0,49,93,94,190,188,212,183,115,55,25,1158,146,317,968,1072,1080,877,475,161,43,5132,0,9,30,28,20,28,22,4,0,137,0,0,4,8,3,7,10,0,0,33,5,29,135,140,202,205,139,54,11,920,6,25,59,76,93,101,47,23,7,429,3,13,40,48,43,33,20,9,0,203,0,20,56,79,98,82,59,33,0,421,0,6,65,66,84,98,54,22,8,390,11,27,177,177,166,136,72,22,3,787,8,39,91,99,87,96,52,12,4,489,0,6,34,40,26,38,14,6,0,158,10,47,184,128,122,71,32,13,4,601,0,0,6,0,0,3,3,0,0,13,0,0,8,4,13,14,5,0,0,55,96,93,256,251,256,293,205,110,70,1628,141,313,1143,1137,1212,1204,719,313,98,6271
LGA33100,0,3,0,5,8,4,3,0,0,17,0,0,0,0,0,0,0,0,0,3,0,0,0,0,0,0,0,0,0,0,0,0,3,4,19,20,26,8,0,86,11,21,47,40,62,58,55,16,0,306,0,0,4,0,3,0,0,0,0,3,0,0,0,0,0,0,0,0,0,0,0,0,12,8,5,14,13,0,0,58,0,0,3,4,3,7,0,0,0,18,6,0,5,0,6,0,0,0,0,12,0,0,9,0,0,3,7,0,0,14,0,0,3,3,4,0,0,0,0,17,0,9,12,12,7,3,0,0,0,34,0,0,5,0,0,8,0,0,0,15,0,0,0,0,0,0,0,0,0,3,0,0,6,0,3,5,5,0,0,15,0,0,0,0,0,0,0,0,0,0,0,0,0,0,0,0,0,0,0,4,5,6,17,13,14,13,17,4,3,92,9,17,65,40,40,54,48,14,3,291
LGA33200,0,6,4,8,4,3,0,0,0,18,0,0,0,0,0,0,0,0,0,0,0,0,4,0,0,0,0,0,0,3,11,10,14,23,20,38,29,15,5,161,18,43,114,108,103,94,53,21,8,564,0,0,0,0,0,0,0,0,0,3,0,0,0,0,0,0,0,0,0,3,0,15,22,15,11,21,8,0,0,98,0,9,3,5,6,4,8,0,0,34,0,6,6,3,10,4,0,0,0,40,0,3,14,11,12,10,6,0,4,56,0,3,15,8,9,4,4,0,0,43,3,3,11,9,11,8,4,0,0,57,0,3,3,7,10,7,0,0,0,37,0,0,0,0,0,0,0,0,0,0,0,6,7,4,0,3,3,0,0,27,0,0,0,0,0,0,0,0,0,0,0,0,0,0,4,0,0,0,0,3,6,19,30,11,22,21,26,8,4,146,20,61,117,71,89,84,66,15,9,542
LGA33220,135,227,549,557,413,353,211,53,16,2521,7,0,5,6,5,11,12,0,4,52,8,11,46,68,75,87,67,29,4,388,562,372,745,1000,1032,1168,1444,1277,634,8232,1189,1930,4941,6691,7160,7060,5301,2663,944,37884,0,14,54,80,86,95,88,37,7,462,8,49,82,92,84,94,49,11,0,466,96,262,755,1038,1260,1669,1855,881,177,8000,30,104,336,394,492,651,634,279,62,2978,17,45,123,202,212,183,111,52,15,955,10,155,577,708,893,1004,669,297,72,4388,14,92,430,701,772,720,599,222,38,3581,138,367,945,1089,1176,1142,816,256,60,5978,96,295,718,908,1004,1039,526,110,22,4725,14,65,117,112,108,119,120,40,13,720,153,292,518,597,454,435,351,103,23,2924,7,7,4,8,6,25,34,50,8,147,12,22,67,81,91,83,66,55,11,481,586,515,974,1182,1251,1538,1785,1255,540,9627,1190,2273,5699,7193,7888,8798,7698,3641,1053,45434
LGA33360,106,156,310,302,199,90,43,10,9,1217,7,0,0,8,5,0,0,0,0,19,3,14,48,68,56,33,9,6,0,232,463,338,775,860,860,629,448,308,114,4793,833,1828,5063,5494,4850,3213,1520,617,164,23570,0,3,86,127,70,63,29,8,0,397,9,22,80,84,34,31,4,6,0,270,92,554,1697,1722,1765,1225,589,213,32,7883,14,112,377,414,368,345,198,59,19,1907,9,36,108,115,102,55,27,3,5,457,8,89,401,409,437,335,145,36,15,1888,10,105,439,508,462,315,151,47,15,2050,134,340,1017,946,809,504,140,28,3,3909,39,135,446,415,407,275,100,25,3,1846,7,26,85,72,52,41,21,10,0,304,60,188,366,339,261,100,54,16,6,1391,8,5,6,10,11,10,8,9,0,69,3,14,59,93,79,45,25,0,0,317,419,339,799,827,889,664,408,257,94,4698,821,1963,5966,6075,5740,4009,1890,719,190,27376
LGA33430,615,1967,4231,4073,2603,1807,960,343,72,16677,47,61,63,35,45,50,46,16,14,372,26,153,406,508,458,367,202,113,36,2268,3244,3406,6293,5977,5606,5236,4857,4550,2820,41984,6672,17857,47211,47193,40785,32091,19529,10647,4570,226551,97,562,1057,922,817,663,495,186,54,4862,161,440,1348,1526,902,525,191,32,0,5129,336,1674,5828,6320,6908,6131,5358,2726,791,36078,209,1133,4383,4422,4048,3228,2277,1102,288,21085,48,265,796,1021,784,509,334,123,31,3905,225,1925,6073,5667,5282,4418,2426,1057,339,27419,80,592,3247,4116,3800,3506,2290,807,249,18675,1235,3809,11775,12090,10000,7120,4637,1652,501,52806,873,2699,6455,6584,5616,4126,2298,641,116,29413,395,1327,2754,2095,1267,821,585,235,75,9556,924,1920,4670,4180,3488,2106,1574,498,145,19505,58,113,76,68,86,106,130,82,69,791,58,126,472,680,597,442,296,154,64,2889,3028,3451,7318,6485,6374,5692,5193,3888,2888,44313,7733,20031,56257,56172,49969,39404,28085,13182,5594,276436
LGA33610,11,40,45,43,19,22,6,0,0,190,0,0,0,0,0,0,0,0,0,0,0,0,0,4,6,4,3,0,4,27,86,64,107,142,145,112,156,100,51,961,145,283,735,849,681,469,351,158,57,3735,0,0,7,10,6,3,0,0,0,30,0,0,9,5,6,0,0,0,0,21,11,50,147,124,118,98,59,18,10,628,0,13,46,36,27,44,14,17,0,199,11,21,78,100,90,49,24,16,4,388,5,18,80,81,92,79,45,30,3,416,0,17,75,88,73,54,30,13,4,369,3,46,150,116,92,61,27,3,0,494,13,23,74,55,53,58,23,8,0,308,0,3,11,12,11,7,3,3,0,48,11,23,60,35,31,30,11,7,0,203,0,0,0,3,0,3,4,0,0,15,0,3,4,10,18,5,5,0,0,36,90,60,157,145,156,182,171,104,46,1111,149,279,905,807,763,665,420,213,67,4262
LGA33620,75,115,224,243,186,151,73,16,7,1096,0,0,4,7,0,6,4,0,0,25,0,4,11,41,27,33,13,8,0,138,323,165,305,405,499,536,634,540,297,3696,687,896,2378,3049,3466,3294,2210,1030,397,17400,0,0,26,42,62,68,47,16,0,253,9,18,40,43,24,33,18,0,0,180,71,175,465,570,704,810,733,288,60,3879,19,63,194,230,285,350,282,105,11,1531,17,38,115,182,169,145,91,30,6,790,14,67,179,266,431,468,300,115,21,1861,5,38,197,324,404,445,298,82,17,1814,78,194,469,499,540,518,297,85,12,2682,40,113,302,397,432,422,221,44,7,1975,21,41,56,66,63,66,57,7,4,389,78,140,300,262,243,163,122,39,9,1355,12,7,3,0,5,14,15,5,3,71,10,14,30,34,41,48,33,20,0,225,320,181,446,479,706,781,831,557,278,4579,681,1082,2825,3371,4113,4329,3346,1396,440,21575
LGA33800,16,30,46,60,44,26,10,0,0,233,0,4,0,0,0,0,0,0,0,3,0,0,3,9,9,4,0,0,0,22,85,32,75,102,116,118,159,169,51,902,139,254,555,731,882,736,461,313,74,4140,0,5,16,18,14,11,8,0,0,69,5,3,10,5,0,6,0,3,0,39,13,69,170,169,202,241,174,90,20,1148,5,18,41,23,36,84,49,25,3,282,0,7,21,19,30,12,14,3,0,113,0,19,46,56,74,88,32,19,3,335,0,10,42,70,88,96,45,21,5,376,29,24,85,74,83,74,39,13,3,417,8,27,37,60,82,81,33,3,0,326,0,6,5,5,9,6,10,3,0,43,5,30,47,38,62,33,18,6,6,258,0,0,0,0,0,0,0,0,0,9,0,0,0,3,10,6,7,3,0,38,78,50,77,102,153,180,181,150,69,1041,148,260,592,645,833,911,617,356,121,4484
LGA33830,5,0,0,0,0,0,0,0,0,5,0,0,0,0,0,0,0,0,0,0,0,0,0,0,0,0,0,0,0,0,9,9,10,8,7,5,0,0,0,59,18,39,75,74,42,33,10,0,0,295,0,0,0,0,0,0,0,0,0,0,0,0,0,0,0,0,0,0,0,0,0,4,9,26,10,3,0,0,0,52,0,5,3,8,5,6,3,0,0,26,0,0,8,9,4,6,0,0,0,26,0,3,3,3,5,0,0,0,0,23,0,3,15,5,0,9,0,0,0,33,0,10,13,6,10,0,0,0,0,40,0,8,9,8,5,0,5,0,0,33,0,0,0,3,0,0,0,0,0,12,0,0,0,3,0,0,0,0,0,11,0,0,0,0,0,0,0,0,0,0,0,0,0,0,5,0,0,0,0,4,30,23,14,10,8,6,6,0,0,99,32,56,83,80,50,30,17,3,0,357
LGA33960,211,582,1168,873,434,294,100,48,12,3723,19,19,23,19,16,4,12,3,4,104,7,41,151,181,163,111,59,9,6,734,1355,982,1918,1950,1666,1302,1118,927,430,11656,2531,5646,14923,13547,11233,7681,4029,2009,663,62260,12,78,379,375,249,143,86,14,6,1349,55,204,598,551,275,124,27,3,0,1841,171,863,3068,2762,2748,2256,1398,704,166,14139,78,365,1158,844,707,593,442,185,40,4422,19,125,294,290,230,149,65,13,3,1186,80,539,1627,1521,1346,1028,566,231,67,7004,44,245,1231,1281,1137,924,480,173,36,5538,446,1409,4097,3508,2671,1480,560,171,42,14391,310,992,2655,2380,1795,1305,511,104,25,10077,80,286,612,370,216,131,76,32,8,1816,326,754,1450,1043,612,367,194,55,19,4827,49,41,32,28,32,35,25,42,7,301,23,52,239,268,215,147,71,33,7,1057,1274,1266,2526,2128,2111,1663,1266,900,359,13485,2967,7208,19970,17343,14353,10341,5785,2657,795,81431
LGA33980,21,70,205,150,72,20,10,0,0,550,0,0,6,0,4,0,0,0,0,9,8,8,19,34,24,17,5,0,0,106,148,233,529,485,475,298,124,44,14,2346,268,921,2851,2354,1658,858,265,78,19,9270,0,10,49,45,24,10,0,0,0,143,3,0,25,17,15,0,0,0,0,65,19,216,839,682,454,286,67,7,8,2581,3,18,106,81,65,53,36,6,0,356,10,30,75,73,40,27,11,0,0,267,6,33,141,86,102,70,21,10,0,466,0,52,210,169,90,50,14,5,0,599,23,80,400,269,165,84,30,3,3,1058,9,39,147,114,72,38,8,4,0,431,4,5,31,27,8,8,7,0,0,83,11,38,172,154,77,42,17,0,0,512,4,0,0,5,3,3,0,0,0,19,5,4,15,29,14,4,4,0,0,75,166,253,792,604,511,344,141,49,12,2870,262,793,3004,2352,1640,1021,351,87,23,9524
LGA34420,3,0,0,0,0,0,0,0,0,4,0,0,0,0,0,0,0,0,0,0,0,0,0,0,0,0,0,0,0,0,10,0,9,12,7,7,5,0,5,54,11,18,36,56,48,29,8,0,5,207,0,0,0,0,0,0,0,0,0,3,0,0,0,0,0,0,0,0,0,0,0,4,9,0,4,0,0,0,0,22,0,3,0,6,9,6,0,0,0,23,0,0,4,0,3,3,0,0,0,14,0,0,0,0,4,0,0,0,0,4,0,4,4,0,4,0,0,0,0,21,0,0,3,7,4,9,0,0,0,20,0,0,3,3,6,3,0,0,0,24,0,0,0,0,0,0,0,0,0,0,0,0,5,0,0,0,0,0,0,10,0,0,0,0,0,0,0,0,0,0,0,0,0,0,0,0,0,0,0,0,10,4,31,7,15,6,5,0,0,78,18,24,67,35,42,35,9,0,0,222
LGA34530,34,55,162,189,130,92,41,9,3,714,0,0,0,0,0,0,0,0,0,7,4,5,22,35,35,33,17,4,0,157,263,213,430,436,505,412,345,301,149,3054,430,746,2024,2749,2992,2429,1299,653,221,13543,0,8,33,58,59,67,32,14,3,278,8,14,22,32,27,27,11,0,0,147,22,181,488,622,716,661,466,194,57,3409,12,67,214,200,233,264,152,57,17,1223,4,10,86,97,100,79,42,11,4,434,14,65,222,248,356,332,197,90,26,1547,3,24,192,303,351,338,178,56,19,1474,28,111,373,446,453,355,163,49,15,1986,57,101,222,266,259,262,116,40,4,1322,4,9,46,53,39,34,30,12,0,220,48,84,190,195,195,109,71,22,6,920,3,3,0,0,8,3,8,4,0,33,0,0,19,25,35,31,27,13,6,160,247,264,522,619,648,560,457,278,181,3776,453,952,2626,3174,3478,3120,1935,840,333,16916
LGA34570,0,0,0,6,0,0,0,0,0,8,0,0,0,0,0,0,0,0,0,0,0,0,0,0,0,0,0,0,0,4,4,6,4,6,7,3,0,0,0,34,10,18,37,36,27,13,0,0,0,155,0,0,0,0,0,0,0,0,0,0,0,0,0,0,0,0,0,0,0,0,0,0,5,8,6,4,0,0,0,16,0,0,0,8,0,0,0,0,0,12,0,0,0,0,3,0,0,0,0,8,0,0,0,0,0,4,0,0,0,3,0,0,9,0,3,3,0,0,0,20,0,0,8,0,5,4,0,0,0,18,0,0,0,5,4,0,0,0,0,15,0,0,0,0,0,0,0,0,0,0,0,0,4,0,0,0,0,0,0,6,0,0,0,0,0,0,0,0,0,0,0,0,0,0,0,0,0,0,0,0,22,21,30,25,14,10,10,4,0,137,16,27,59,45,41,21,13,4,0,232
LGA34580,63,84,208,167,111,76,41,9,0,753,9,13,3,0,3,0,4,0,0,29,6,17,42,42,41,26,13,10,4,202,288,215,359,405,450,374,381,276,123,2870,556,922,2217,2494,2490,1923,1182,520,186,12487,4,36,65,56,60,35,10,8,0,280,14,21,40,33,39,16,11,0,0,176,38,156,457,490,533,498,349,115,23,2655,9,74,160,136,179,158,139,40,7,905,31,86,141,149,126,92,47,13,0,685,15,85,231,236,263,266,140,68,14,1318,7,35,170,230,247,205,134,39,7,1084,83,207,485,453,430,298,141,36,9,2144,46,111,304,331,350,237,118,31,4,1530,3,32,80,31,38,28,20,8,0,251,62,110,224,214,142,99,72,15,0,935,12,9,15,3,4,7,15,8,0,69,4,9,40,45,44,42,28,5,3,218,361,295,562,534,603,521,521,302,141,3834,689,1271,2975,2934,3066,2507,1738,693,223,16094
LGA34590,338,871,1536,1408,833,584,290,86,17,5962,30,28,22,31,26,18,10,13,3,183,26,65,248,276,248,168,73,27,9,1146,2429,1671,2901,3164,2899,2602,1996,1422,699,19784,4624,8900,22949,22056,18994,14703,7253,3082,1072,103637,15,154,479,470,372,266,167,35,3,1960,129,306,923,929,483,214,77,7,0,3073,300,1151,3799,4047,4120,3813,2745,999,246,21233,168,627,2086,1793,1574,1342,866,322,70,8849,62,141,377,449,363,243,133,44,9,1819,132,650,2135,1980,1814,1543,812,272,92,9430,56,369,1632,2118,1743,1511,886,247,49,8596,673,2222,6022,5376,4209,2757,1373,346,101,23069,514,1477,3588,3471,2691,1930,797,171,35,14667,203,536,891,627,366,281,141,55,13,3121,546,978,1944,1514,1136,655,462,129,33,7402,48,41,43,51,42,46,59,51,7,388,31,85,325,364,350,245,133,37,10,1594,1952,1758,3506,3304,3252,2726,2159,1290,534,20480,4820,10510,27741,26496,22503,17575,10813,4015,1212,125685
LGA34710,4,14,34,28,16,6,4,0,0,109,0,0,0,0,0,0,0,0,0,0,0,4,5,0,0,0,0,0,0,19,24,15,41,44,40,28,24,41,21,278,58,137,393,330,280,186,70,61,25,1545,0,0,5,11,6,4,0,0,0,22,0,0,3,3,0,4,0,0,0,19,4,20,33,25,35,39,23,11,0,192,0,7,20,12,14,22,5,0,0,81,3,17,20,28,22,23,9,7,0,128,6,16,43,30,34,26,10,10,0,182,0,10,31,37,22,28,11,4,4,145,0,20,43,42,46,40,5,0,0,199,8,10,32,27,28,27,8,0,0,144,0,3,3,5,0,4,0,0,0,22,11,4,19,18,20,13,8,0,0,107,0,0,6,4,0,0,0,0,0,11,4,0,3,6,7,3,0,0,0,25,33,21,46,48,53,67,56,41,30,403,73,140,311,300,299,302,139,69,38,1665
LGA34770,117,362,704,618,413,249,89,28,16,2599,6,10,9,5,13,0,3,0,0,44,5,30,97,110,104,50,21,15,0,445,723,709,1507,1542,1623,1245,897,780,375,9402,1405,3825,10135,9996,9466,6055,2843,1491,539,45756,0,35,162,172,153,124,56,21,8,727,11,62,114,122,61,41,27,0,0,430,119,932,2924,2864,2755,2112,1120,413,101,13343,30,197,676,584,530,614,361,137,20,3149,17,45,171,177,199,121,39,21,0,792,21,304,959,790,881,793,325,121,40,4242,23,146,660,845,897,677,307,124,35,3710,118,531,1756,1589,1456,828,304,95,34,6721,140,288,802,801,748,589,195,43,7,3616,15,72,209,170,120,75,42,11,3,716,114,286,732,646,529,308,157,41,13,2843,20,5,7,12,14,8,24,17,6,119,10,25,67,120,143,85,35,24,0,508,712,648,1527,1603,1848,1499,1041,777,347,10006,1352,3581,10755,10479,10335,7897,4035,1852,621,50912
LGA34800,0,4,4,6,0,9,0,0,0,23,0,0,0,0,0,0,0,0,0,0,0,0,3,0,0,0,0,0,0,3,8,17,32,21,12,20,11,15,0,137,16,54,142,91,51,60,21,15,4,448,0,0,5,0,3,0,0,0,0,5,0,0,0,0,0,0,0,0,0,7,0,5,17,19,14,11,3,0,0,73,0,5,14,0,3,3,0,0,0,25,0,4,11,19,8,3,0,4,0,45,0,0,3,5,5,15,4,0,0,30,0,0,4,4,4,0,4,0,0,20,3,3,16,4,4,0,5,0,0,32,0,0,7,4,4,6,0,0,0,21,0,3,3,0,0,0,0,0,0,5,0,3,5,0,5,3,0,0,0,18,0,0,0,0,0,0,0,0,0,0,0,0,3,0,0,0,0,0,0,4,0,7,8,16,17,15,9,9,5,75,8,31,93,75,55,54,24,10,5,344
LGA34830,0,0,0,0,0,0,0,0,0,4,0,0,0,0,0,0,0,0,0,0,0,0,0,0,0,0,0,0,0,0,7,6,3,0,0,0,0,0,0,18,8,7,14,15,10,10,4,0,0,66,0,0,0,0,0,0,0,0,0,0,0,0,0,0,0,0,0,0,0,0,0,0,5,4,4,3,0,0,0,11,0,0,0,4,4,3,0,0,0,21,0,4,3,0,0,3,0,0,0,13,0,0,0,0,3,4,3,0,0,12,0,0,4,0,0,0,0,0,0,7,0,3,0,4,0,0,0,0,0,13,0,0,0,0,0,0,0,0,0,6,0,0,0,0,0,0,0,0,0,0,0,0,0,0,3,0,0,0,0,3,0,0,0,0,0,0,0,0,0,0,0,0,0,0,0,0,0,0,0,0,3,0,3,3,5,4,0,4,0,19,10,12,15,20,21,20,4,4,0,102
LGA34860,14,35,59,58,39,26,9,0,0,247,0,0,0,0,0,0,0,0,0,3,0,0,3,11,3,7,0,0,0,35,138,79,191,209,214,131,109,92,28,1197,227,420,1200,1049,879,597,264,154,46,4840,0,0,10,14,8,10,0,3,0,53,0,0,16,10,3,0,9,0,0,46,15,72,264,180,153,123,55,22,3,898,5,31,77,46,42,50,18,11,0,279,20,28,79,99,73,50,20,8,3,387,0,26,120,98,122,82,39,11,12,516,6,29,130,86,68,64,34,9,0,427,20,62,231,167,139,84,20,4,0,729,13,29,110,88,75,45,20,6,0,383,3,7,15,16,0,3,4,0,0,53,17,42,86,61,46,30,8,3,0,282,0,0,0,0,0,4,6,4,0,16,4,3,17,20,8,6,5,0,0,61,94,71,252,199,187,177,124,100,47,1244,188,415,1408,1080,936,736,365,178,70,5364
LGA34880,27,40,74,117,88,57,27,0,0,424,0,0,5,7,4,4,0,4,0,20,0,6,13,21,18,6,8,0,0,75,192,211,382,407,341,316,247,183,44,2328,312,491,1223,1726,1640,1378,872,346,87,8064,0,0,32,47,53,21,25,11,0,189,4,4,9,15,13,6,5,3,0,67,12,74,194,255,339,311,236,107,14,1531,4,26,75,108,101,122,99,39,11,587,5,13,67,87,82,74,31,8,7,378,3,24,99,136,176,185,106,26,10,761,0,9,102,137,153,144,91,36,8,676,24,66,189,224,217,157,102,22,4,1016,16,39,164,154,177,185,100,21,0,866,3,14,30,32,38,35,25,3,5,183,20,31,100,100,94,62,41,16,4,462,5,0,0,0,4,5,3,0,3,28,3,3,8,19,29,15,14,4,0,97,257,313,584,514,484,456,399,206,58,3264,353,626,1641,1838,1964,1775,1273,507,126,10119
LGA35010,481,1079,2231,2164,1282,916,453,148,39,8805,36,25,26,18,16,34,28,12,7,201,20,61,307,433,386,263,133,54,15,1671,2417,1693,3121,3664,3399,3082,2912,2773,1511,24581,5338,10611,28976,34635,29383,22663,13027,6430,2488,153563,44,218,627,848,738,524,346,112,28,3481,194,378,1004,1353,861,440,162,14,3,4417,343,1392,4904,5983,6505,5779,4556,2024,460,31947,159,919,2812,2738,2413,1912,1509,661,159,13286,65,207,599,886,672,433,252,93,24,3235,175,999,3173,3854,3918,3216,1898,707,183,18125,67,451,2244,3370,3057,2709,1872,602,154,14523,782,2414,7008,8418,7250,4807,2719,744,195,34344,750,2023,4857,5077,4366,3135,1620,380,81,22294,278,694,1263,1109,773,442,329,130,38,5063,682,1317,2824,2427,1789,1105,797,238,54,11236,56,61,66,37,47,49,84,65,26,498,51,94,373,534,495,366,217,99,35,2254,1980,1914,4017,4049,3936,3518,3646,2750,2110,27920,5631,13088,35768,40688,36825,28433,20009,8622,3556,192632
LGA35250,0,0,0,4,3,0,0,0,0,7,0,0,0,0,0,0,0,0,0,0,0,0,4,0,0,0,0,0,0,4,8,5,11,9,9,6,4,0,0,46,9,14,57,50,49,44,10,0,0,234,0,0,0,0,0,0,0,0,0,4,0,0,0,0,0,0,0,0,0,0,0,8,7,7,6,0,0,0,0,28,0,0,6,3,7,0,0,0,0,19,0,0,5,5,0,3,0,0,0,3,0,0,9,0,0,0,0,0,0,19,0,3,13,10,0,7,0,0,0,37,0,0,7,8,0,0,0,0,0,21,0,0,3,3,3,7,0,0,0,23,0,0,0,0,0,0,0,0,0,4,3,3,4,0,4,0,3,0,0,14,0,0,0,0,0,0,0,0,0,0,0,0,3,0,0,0,0,0,0,3,40,12,57,34,28,20,11,5,0,206,41,33,107,69,58,46,19,5,0,383
LGA35300,12,56,143,99,54,38,13,4,0,421,3,0,3,0,0,0,0,0,0,15,0,4,16,22,17,7,4,0,0,72,285,295,606,560,491,293,190,107,16,2844,402,980,2641,1991,1661,899,403,156,25,9152,0,9,56,25,11,11,0,0,0,115,11,15,27,17,4,0,0,0,0,78,25,192,676,521,440,291,103,27,4,2274,12,18,111,86,57,44,23,8,0,360,8,12,41,24,20,8,6,0,0,119,5,67,186,150,141,75,20,10,0,651,3,73,193,135,132,54,23,5,0,615,16,88,316,221,183,92,22,6,0,950,9,50,189,114,135,54,23,3,0,584,0,11,36,28,11,3,4,5,0,90,11,39,125,83,53,30,10,4,0,361,0,0,8,0,4,3,5,3,0,29,0,8,22,18,21,13,3,0,0,90,192,182,479,315,375,264,144,51,18,2017,287,774,2464,1731,1600,943,391,127,30,8343
LGA35600,7,10,19,26,13,5,0,0,0,74,0,0,0,0,0,0,0,0,0,0,0,0,3,0,7,5,0,0,0,23,42,15,43,58,62,69,59,60,20,435,82,115,336,336,288,235,115,67,22,1594,0,0,8,5,4,0,3,0,0,23,0,0,0,0,0,0,0,0,0,9,5,12,56,29,44,41,11,4,0,201,0,7,20,24,8,16,5,3,0,92,8,4,28,22,26,21,5,0,0,113,0,16,39,31,39,55,15,4,5,199,0,18,44,34,39,18,0,8,0,155,6,12,42,44,30,32,3,4,0,178,4,15,30,22,25,21,0,0,3,119,0,4,3,3,0,4,0,3,0,18,7,13,16,24,23,10,4,0,0,93,0,0,0,0,0,6,0,0,0,11,0,0,5,4,3,5,0,0,0,13,30,30,60,54,58,56,45,40,25,392,58,124,340,294,300,276,108,76,30,1606
LGA35670,0,0,0,0,0,0,0,0,0,4,0,0,0,0,0,0,0,0,0,0,0,4,0,0,0,0,0,0,0,3,6,6,6,0,0,0,0,0,0,20,11,14,18,27,22,16,0,0,0,99,0,0,0,0,0,0,0,0,0,0,0,0,0,0,0,0,0,0,0,0,0,0,8,6,10,0,3,0,0,35,0,3,3,7,5,0,0,0,0,24,0,0,0,3,0,0,0,0,0,9,0,0,0,0,4,3,0,0,0,9,0,0,0,3,5,0,0,0,0,10,0,3,5,4,7,0,0,0,0,16,4,0,4,0,0,0,0,0,0,14,0,0,0,0,0,0,0,0,0,0,0,0,0,0,0,0,0,0,0,3,0,0,0,0,0,0,0,0,0,0,0,0,0,0,0,0,0,0,0,0,9,10,6,7,3,4,4,0,0,41,9,26,36,33,41,20,9,0,0,166
LGA35740,61,126,308,442,338,212,105,39,14,1635,4,0,4,0,4,0,6,3,0,20,8,5,25,62,68,54,40,20,11,293,311,144,310,434,562,519,548,478,364,3680,628,884,2557,4324,5112,4586,3177,1499,650,23420,0,15,35,97,94,130,112,43,8,531,16,20,42,64,56,57,35,4,0,296,15,102,328,475,715,823,837,395,114,3808,16,70,284,377,466,476,333,163,31,2215,9,22,73,175,184,158,73,36,8,736,15,61,302,517,662,670,483,185,51,2950,10,27,175,388,557,626,490,167,46,2487,55,147,476,797,951,885,758,269,66,4404,69,125,284,504,659,575,426,144,24,2802,25,67,140,194,226,190,151,62,16,1073,54,138,339,409,414,252,175,43,21,1854,4,0,6,3,0,4,9,7,9,47,8,7,22,52,60,70,47,26,13,298,223,149,294,520,606,642,639,446,341,3865,522,942,2805,4578,5667,5550,4571,1979,749,27364
LGA35760,10,19,40,47,34,19,8,0,0,183,0,0,0,0,0,0,0,0,0,4,0,0,5,5,11,13,0,3,0,33,72,29,77,104,139,151,191,137,87,984,138,184,545,587,629,615,433,208,99,3442,0,0,8,11,10,8,7,0,0,42,0,0,6,6,0,0,0,0,0,17,25,36,87,86,114,115,81,42,5,600,5,10,34,30,38,40,36,14,5,205,17,19,55,49,58,39,17,7,4,260,0,16,44,71,63,89,48,27,4,363,0,10,51,58,73,66,51,12,4,322,14,41,95,83,71,42,25,11,0,377,4,18,61,50,68,82,24,5,0,310,0,3,15,0,0,4,10,3,0,39,12,26,49,53,44,25,20,7,0,234,0,0,3,0,4,0,0,0,0,12,0,0,9,9,7,7,10,6,0,45,76,68,166,155,215,209,229,182,67,1366,151,245,686,653,775,725,556,310,94,4195
LGA35780,0,0,0,4,3,0,0,0,0,13,0,0,0,0,0,0,0,0,0,7,0,3,3,6,0,3,0,0,0,15,34,22,31,28,29,13,6,0,0,161,53,70,172,171,143,76,13,9,0,703,0,0,0,0,0,0,0,0,0,7,0,0,0,0,0,0,0,0,0,4,0,4,21,23,19,11,6,0,0,90,5,12,25,14,6,15,0,0,0,82,0,3,4,11,9,6,0,0,0,28,3,5,8,14,21,21,6,0,0,70,6,11,27,14,17,10,3,0,0,86,6,14,34,29,34,22,0,0,0,133,5,23,47,29,27,12,3,0,0,151,0,6,4,4,4,0,0,0,0,12,3,5,8,12,4,5,0,0,0,35,0,0,0,0,0,0,0,0,0,0,0,0,0,4,3,0,0,0,0,8,38,25,38,44,29,22,6,0,0,199,69,109,223,188,167,120,29,7,4,919
LGA35790,6,6,8,5,0,0,0,0,0,25,0,4,0,0,0,0,0,0,0,4,0,0,3,3,0,0,0,0,0,8,22,18,18,19,24,13,0,5,0,116,39,42,95,103,100,39,15,9,0,433,0,0,0,0,4,0,0,0,0,4,0,0,0,0,0,0,0,0,0,0,0,0,12,10,14,10,0,0,0,48,3,4,14,10,10,4,0,0,0,47,0,5,0,3,0,3,0,0,0,17,0,3,12,9,21,13,0,0,0,62,0,0,16,7,21,17,4,0,0,64,3,10,6,10,12,3,0,0,0,48,5,14,7,18,16,8,0,0,0,63,0,0,0,0,5,0,0,0,0,5,5,0,4,10,0,0,0,0,0,25,0,0,0,0,0,0,0,0,0,4,0,0,0,3,0,3,0,0,0,3,18,18,28,19,21,4,0,0,0,119,31,55,105,97,128,62,16,4,0,499
LGA35800,4,10,15,10,7,3,0,0,0,41,0,0,0,0,0,0,0,0,0,0,0,0,0,0,0,0,0,0,0,6,9,6,18,23,25,18,18,10,3,140,25,50,107,114,126,94,52,23,7,596,0,0,0,0,0,0,0,0,0,3,0,0,0,0,0,0,0,0,0,6,0,3,21,12,11,21,10,4,0,86,0,0,8,5,5,11,4,3,0,33,0,7,12,6,14,9,5,3,0,61,0,0,4,7,9,18,5,5,0,53,0,5,11,4,9,16,5,0,0,50,0,4,13,15,13,11,5,0,0,62,0,4,14,11,22,6,0,0,0,58,0,0,4,0,0,0,0,3,0,10,0,0,5,7,5,5,5,0,0,36,0,0,0,0,0,0,0,0,0,0,0,0,4,0,0,0,0,0,0,4,8,9,9,22,18,36,30,14,8,151,15,41,107,99,106,128,70,30,9,604
LGA36070,0,3,0,4,0,0,0,0,0,11,0,0,0,0,0,0,0,0,0,0,0,0,0,0,0,0,0,0,0,3,6,0,10,4,3,3,0,0,0,28,10,11,33,43,32,24,0,0,0,162,0,0,0,0,0,0,0,0,0,4,0,0,0,0,0,0,0,0,0,0,0,0,0,8,8,3,0,0,0,19,0,0,0,6,5,0,3,0,0,15,0,0,0,5,4,0,0,0,0,15,0,0,3,4,9,0,0,0,0,15,0,0,8,0,0,0,0,0,0,16,0,0,3,3,9,3,0,0,0,23,0,3,9,7,7,3,0,0,0,24,0,0,0,0,0,0,0,0,0,0,0,0,3,4,0,0,0,0,0,4,0,0,0,0,0,0,0,0,0,0,0,0,0,0,0,0,0,0,0,3,14,0,11,8,5,6,4,0,0,48,17,15,37,39,43,17,9,0,0,177
LGA36150,0,0,0,6,0,3,0,0,0,18,0,0,0,0,0,0,0,0,0,0,0,0,0,0,0,0,0,0,0,5,0,3,8,8,11,11,15,12,0,63,5,27,61,59,66,35,28,17,0,297,0,0,0,0,0,0,0,0,0,4,0,0,0,0,0,0,0,0,0,0,0,4,12,3,8,6,3,0,0,39,0,0,8,4,0,0,0,0,0,22,0,3,5,3,10,6,4,0,0,31,0,4,8,4,5,5,6,4,0,33,0,0,8,4,15,5,3,0,0,29,0,0,14,9,10,3,0,0,0,33,0,0,10,5,5,0,0,0,0,20,0,0,0,0,0,0,0,0,0,0,0,4,3,5,3,3,0,0,0,16,0,0,0,0,0,0,0,0,0,0,0,0,0,0,0,0,0,0,0,0,0,0,10,3,7,16,9,0,0,53,3,24,74,37,66,42,28,8,3,289
LGA36250,176,446,816,825,585,394,188,70,24,3517,8,8,8,13,13,16,4,3,9,81,13,27,93,143,144,109,58,13,6,617,822,414,789,1066,1124,1155,1027,1050,594,8020,1863,3891,9579,12185,12597,9922,5458,2922,1154,59569,0,66,216,288,299,250,207,54,19,1401,47,124,275,362,347,194,69,8,0,1425,127,541,1784,2121,2694,2598,2012,928,287,13084,69,318,1111,981,966,906,626,301,79,5357,19,66,181,250,243,194,111,46,10,1120,54,365,1010,1186,1506,1273,747,344,110,6598,30,174,746,1115,1159,1191,775,287,61,5538,274,781,2232,2876,3000,2257,1164,383,139,13096,237,661,1385,1502,1469,1245,758,182,58,7490,124,279,437,395,300,200,133,82,39,1990,221,413,895,860,728,467,324,91,41,4041,21,14,15,9,12,23,23,39,12,173,10,40,98,169,161,142,88,32,16,760,445,372,856,990,1117,1166,1126,969,820,7865,1681,4221,11228,13108,14013,12105,8161,3746,1689,69936
LGA36300,4,0,0,8,5,0,0,0,0,16,0,0,0,0,0,0,0,0,0,0,0,0,0,0,0,0,0,0,0,0,4,5,4,17,11,12,8,7,0,75,9,28,54,64,55,46,12,7,4,274,0,0,0,0,0,0,0,0,0,5,0,0,0,0,0,0,0,0,0,0,0,8,7,6,7,8,3,0,0,51,0,6,3,0,0,4,0,0,0,10,0,4,12,3,3,0,4,0,0,29,0,0,3,7,6,5,4,0,0,21,0,0,8,7,3,10,0,0,0,25,5,0,6,9,3,4,0,0,0,33,0,0,11,4,6,7,0,0,0,31,0,0,3,0,0,0,0,0,0,0,0,5,7,6,8,0,4,0,0,20,0,0,0,0,0,0,0,0,0,0,0,0,0,0,0,0,0,0,0,4,3,8,13,11,12,11,12,8,0,77,15,33,80,46,55,39,23,9,3,316
LGA36370,89,219,467,356,204,148,46,25,4,1567,15,7,11,7,11,9,8,5,0,63,10,24,54,71,86,40,16,7,0,313,642,520,937,962,1059,840,902,931,525,7317,1178,2584,6252,5631,5549,3973,2291,1548,650,29648,5,39,119,108,92,61,45,15,0,481,27,44,150,140,81,44,21,4,0,509,95,478,1494,1110,1152,1051,577,317,71,6349,21,133,387,323,328,350,180,88,18,1831,36,53,145,158,123,89,35,13,0,654,26,239,810,606,677,570,262,112,36,3350,12,99,479,601,543,482,260,87,25,2577,137,416,1262,996,852,602,243,82,18,4600,124,330,735,647,599,492,185,51,11,3179,17,51,136,112,93,39,39,7,4,495,116,246,513,398,273,164,94,44,15,1853,23,10,10,13,12,15,14,15,5,116,20,22,63,91,83,58,29,14,0,378,553,482,971,906,1020,942,750,685,505,6810,1204,2642,7281,6215,5928,4957,2720,1535,703,33187
LGA36510,43,93,166,210,153,128,53,13,4,859,6,4,3,0,0,6,0,0,0,23,0,0,19,39,38,22,21,11,0,157,234,118,220,359,348,358,352,273,145,2407,429,724,1949,2948,3056,2717,1743,745,244,14563,0,11,25,68,74,68,59,16,4,325,6,14,33,53,46,31,17,0,0,202,20,110,367,503,607,581,477,185,41,2884,20,52,168,236,290,250,182,70,7,1275,17,34,96,142,141,100,51,28,3,607,10,56,188,285,357,362,246,107,20,1642,4,31,163,298,327,395,270,95,20,1607,77,123,357,542,572,423,251,101,21,2459,49,94,241,379,402,339,236,52,16,1805,17,34,85,88,102,73,52,33,5,486,48,110,216,214,214,136,107,18,6,1058,8,0,6,3,6,6,7,7,6,50,8,9,25,45,54,43,30,8,0,225,322,198,431,480,585,607,548,350,138,3666,599,876,2394,3330,3788,3407,2530,1082,287,18295
LGA36580,18,42,97,107,92,62,30,9,0,462,0,0,0,4,0,0,3,0,0,15,0,3,10,24,26,23,9,4,0,103,165,68,146,216,249,241,246,149,66,1552,280,409,1123,1450,1588,1477,921,332,99,7672,0,7,24,25,29,24,21,4,0,138,8,17,29,28,23,14,8,0,0,106,25,73,297,296,368,379,327,99,25,1890,12,20,98,100,123,145,99,40,9,647,15,38,75,87,81,53,28,14,4,393,10,35,121,147,148,202,126,40,3,826,0,18,88,156,156,167,97,27,5,719,45,94,223,272,277,216,129,35,4,1300,32,77,174,191,215,187,114,19,0,1010,5,13,27,24,27,29,23,6,0,159,41,56,125,132,93,97,54,18,0,614,5,0,4,5,6,7,0,0,4,28,3,3,10,24,24,27,15,8,0,113,222,121,225,313,369,423,344,192,55,2263,409,577,1519,1794,1941,1967,1376,519,111,10211
LGA36630,32,82,135,140,99,81,45,13,4,627,4,5,0,4,0,0,0,0,4,16,0,5,14,13,30,16,17,5,0,104,160,95,164,284,283,371,451,325,158,2286,357,691,1612,2025,2055,2048,1355,627,223,11000,0,3,22,25,34,30,24,8,0,149,3,20,37,25,22,29,14,3,0,147,22,117,278,387,380,450,413,167,29,2243,16,30,87,101,138,170,159,71,6,767,15,39,96,127,111,66,44,22,5,537,7,49,187,170,213,294,196,75,20,1205,9,34,183,201,239,285,173,49,19,1183,44,125,267,308,304,280,146,32,12,1511,29,77,221,316,292,268,144,29,0,1379,4,16,37,30,25,29,26,7,3,173,34,88,143,144,123,95,81,23,7,734,4,4,0,0,5,9,15,6,3,50,0,14,17,24,20,25,17,15,0,125,239,161,288,381,448,481,515,402,174,3090,428,781,1857,2237,2373,2511,1955,901,270,13311
LGA36660,37,92,179,158,129,100,42,5,0,753,0,3,5,0,3,3,0,0,0,17,3,10,17,31,33,21,7,12,0,129,210,89,203,243,303,377,397,373,222,2418,422,716,1685,2085,2333,2252,1457,757,336,12033,0,13,24,33,44,49,44,14,3,231,0,13,23,26,28,25,10,0,0,127,30,148,318,325,379,422,376,168,36,2204,19,51,130,122,124,182,156,55,6,854,25,43,84,129,136,105,73,32,13,632,3,57,167,191,299,319,237,110,24,1420,4,33,151,217,300,321,219,84,25,1349,41,145,352,435,389,325,191,67,16,1964,38,72,205,227,279,285,191,46,6,1348,3,13,38,40,38,49,36,10,9,241,53,97,192,177,155,123,89,21,0,909,9,3,0,0,0,13,15,13,12,70,4,4,21,34,31,32,31,10,3,175,251,139,272,304,367,430,513,379,216,2876,478,830,1983,2276,2581,2680,2182,1012,364,14386
LGA36720,302,754,1680,1954,1282,897,482,168,34,7555,35,19,15,15,18,22,23,22,7,167,19,57,152,302,246,211,144,78,19,1227,1451,888,1679,2319,2309,2142,2361,2436,1435,17018,3172,6362,17907,23869,23019,19230,12765,7049,2674,116045,4,146,409,565,503,456,424,156,45,2710,87,207,432,550,376,271,159,23,3,2108,183,844,2747,3431,4128,3895,3716,2007,598,21541,91,546,2192,2555,2362,2087,1349,704,194,12071,41,174,567,777,671,534,347,161,54,3331,122,776,2792,3213,3743,3206,1910,927,307,16998,48,238,1546,2555,2831,2890,2033,844,212,13195,516,1278,3882,4948,5003,3896,2713,999,297,23536,485,1072,2603,3067,3087,2767,1662,505,113,15377,158,495,1048,1043,761,573,403,165,59,4717,488,856,1932,2024,1721,1049,823,243,73,9206,50,33,26,33,24,42,66,72,25,374,28,55,227,336,334,267,194,112,37,1594,1314,1222,2346,2608,2882,2739,2814,2217,1647,19794,3619,7950,22755,27724,28437,24663,18605,9119,3669,146540
LGA36820,46,53,99,141,93,79,34,11,0,562,0,0,0,3,3,0,0,3,0,12,6,9,12,17,18,30,20,8,0,110,172,80,147,259,302,330,295,267,184,2040,351,445,1162,1757,1998,1959,1260,617,256,9794,0,0,19,46,59,55,49,14,0,231,3,8,9,6,20,21,8,0,0,74,29,81,225,276,369,432,389,177,41,2018,11,40,100,121,123,179,123,51,8,765,5,23,75,83,99,86,59,30,0,463,14,29,153,150,231,271,186,87,34,1156,0,20,108,187,227,289,199,65,16,1098,35,69,193,238,249,213,160,53,10,1214,19,54,113,176,217,235,127,30,3,976,3,9,21,29,37,40,28,11,3,185,27,58,124,123,110,88,61,19,0,603,0,0,0,4,0,6,10,8,3,42,0,3,4,17,33,27,14,7,6,120,193,124,212,273,391,432,432,302,132,2487,344,520,1355,1740,2157,2356,1848,851,257,11428
LGA36910,248,509,825,704,451,316,159,41,12,3281,14,19,28,16,7,12,6,3,5,108,13,32,101,157,155,120,65,29,11,691,1005,621,1199,1315,1267,1326,1298,1495,942,10476,2166,4715,11518,11978,11345,8857,5307,3113,1351,60347,3,72,274,320,257,220,121,43,10,1335,48,153,349,260,151,99,39,4,0,1096,118,928,2457,2105,2089,1834,1259,592,159,11542,75,367,879,736,675,677,438,206,45,4107,84,177,409,547,505,417,216,97,26,2472,41,428,1617,1406,1607,1568,907,419,121,8118,32,167,990,1303,1462,1405,892,372,82,6701,332,985,2580,2488,2204,1570,777,263,86,11285,245,660,1541,1492,1411,1158,634,179,41,7358,48,190,415,289,247,204,112,56,10,1579,339,560,1039,736,586,397,218,62,24,3955,23,26,36,16,27,19,32,33,15,223,17,26,133,159,177,135,77,25,11,767,1065,838,1520,1494,1614,1618,1676,1458,1086,12371,2483,5575,14238,13347,13009,11327,7402,3806,1722,72901
LGA36950,0,0,20,4,10,3,0,0,0,34,0,0,0,0,0,0,0,0,0,4,0,0,5,5,0,0,0,0,0,13,61,51,89,77,88,63,14,10,4,456,74,95,326,306,263,179,49,11,4,1299,0,0,3,10,6,0,5,0,0,22,0,4,0,0,0,0,0,0,0,4,11,11,33,25,38,24,14,0,0,160,5,7,30,26,17,21,7,4,0,112,3,0,3,10,4,0,0,0,0,24,4,4,36,42,42,36,5,0,0,168,3,3,32,26,28,24,3,0,0,127,3,11,57,54,35,23,0,0,0,193,3,12,35,41,20,15,5,0,0,136,0,0,5,3,8,3,0,0,0,19,0,9,22,7,5,5,0,0,0,52,0,0,0,0,0,0,4,0,0,9,0,0,5,3,0,4,0,0,0,18,74,87,208,102,85,59,28,7,3,648,117,157,472,360,287,222,68,10,0,1705
LGA36960,4,11,16,8,4,4,0,0,0,46,0,0,7,0,3,3,0,0,0,9,0,0,7,4,6,0,0,0,0,16,30,50,57,39,36,31,3,4,0,244,79,151,298,250,216,95,29,13,3,1125,0,0,0,0,3,0,0,0,0,5,0,0,0,0,0,0,0,0,0,8,7,18,44,31,23,13,6,0,0,137,8,27,40,42,31,16,3,0,0,168,4,3,7,12,4,0,0,0,0,33,7,4,18,22,28,24,8,3,0,112,0,12,33,36,28,27,5,0,0,149,11,24,55,53,46,18,3,0,0,215,4,27,30,32,31,15,0,0,0,144,0,10,7,9,3,0,0,0,0,28,8,8,20,12,4,6,0,0,0,61,0,0,0,0,0,0,0,0,0,0,0,0,8,4,5,3,0,0,0,27,130,84,152,67,45,54,30,7,3,560,177,219,417,314,264,177,58,13,3,1639
LGA37010,201,592,1108,1002,582,355,149,35,9,4026,13,12,13,10,8,8,11,0,0,77,19,40,195,228,186,101,58,20,15,861,1430,1416,2453,2349,2183,1648,1203,1062,600,14340,2606,6749,17074,16125,14071,9556,4680,2268,866,74001,3,228,716,568,420,290,208,48,13,2500,49,193,388,308,208,109,42,6,0,1297,191,1093,3345,2899,2886,2437,1573,629,186,15231,55,334,1138,1017,954,911,574,227,52,5269,24,134,318,364,262,176,77,28,10,1383,83,824,2459,2000,1816,1461,618,241,54,9558,29,250,1219,1389,1353,1170,627,233,45,6320,262,1110,3045,3014,2589,1705,618,178,65,12586,232,994,2316,2018,1786,1285,610,162,17,9418,55,176,477,369,269,183,102,52,9,1694,305,604,1268,997,770,443,280,85,13,4756,31,19,34,10,17,26,27,17,12,201,33,80,252,251,258,147,70,28,11,1125,1225,1749,2849,2292,2283,1877,1478,933,422,15105,2576,7793,19810,17498,15874,12219,6901,2858,920,86453
LGA37300,5,11,26,14,10,3,0,0,0,70,0,0,0,0,0,0,0,0,0,0,0,0,4,9,7,0,0,0,0,16,40,40,113,79,60,42,7,4,0,390,52,130,459,413,296,155,28,11,0,1536,0,0,9,11,11,0,4,0,0,33,0,0,3,0,0,0,0,0,0,4,3,52,160,142,126,54,12,6,0,558,0,10,37,43,21,27,3,0,0,145,0,0,20,15,5,7,0,0,0,49,0,12,43,39,37,18,0,0,0,147,0,10,60,60,37,9,6,0,0,175,0,10,61,67,45,20,0,0,0,205,0,8,45,30,21,12,0,0,0,118,0,3,9,5,3,0,0,0,0,17,0,5,28,17,21,0,0,0,0,82,0,0,0,0,0,0,0,0,0,5,0,0,3,12,0,0,0,0,0,19,42,35,70,84,80,47,12,0,0,368,60,139,540,527,403,194,44,5,0,1912
LGA37310,35,82,139,135,81,52,23,9,0,543,0,0,0,4,7,0,0,0,0,9,0,0,17,24,22,15,10,4,0,105,257,158,352,463,377,335,303,261,102,2614,460,874,2343,2420,1986,1489,802,448,162,10982,0,12,27,30,18,21,5,7,0,123,3,13,27,18,22,9,3,0,0,93,39,213,581,572,467,358,199,69,13,2505,5,52,196,130,109,84,57,27,7,678,35,54,221,211,180,100,33,18,0,857,10,52,215,201,215,164,108,41,12,1012,8,69,228,247,230,178,103,34,8,1092,32,147,429,462,319,199,65,12,10,1679,42,83,213,216,198,153,73,20,4,999,9,13,31,22,15,15,12,5,0,121,44,86,207,141,122,61,36,11,0,711,8,0,5,4,3,3,9,5,4,33,8,0,29,40,32,25,7,6,0,140,338,240,510,559,650,566,490,316,150,3823,575,1044,2913,2853,2581,1935,1203,573,201,13875
LGA37340,44,135,316,243,149,109,38,12,0,1056,0,3,6,0,0,0,0,3,0,12,5,3,22,28,37,22,8,4,0,131,262,369,760,638,605,472,281,214,93,3701,459,1243,3013,2766,2606,2004,1003,435,131,13661,0,15,45,44,38,29,27,8,0,204,4,19,25,34,19,14,4,0,0,129,40,164,638,595,620,595,387,145,31,3231,10,63,236,212,196,223,129,41,6,1115,8,22,115,93,76,38,30,5,0,393,9,52,193,180,187,241,105,33,8,1008,6,42,206,206,177,186,116,46,3,988,28,182,559,425,344,264,139,30,3,1972,33,129,266,266,214,192,96,16,7,1210,9,22,87,60,40,31,17,4,0,276,40,177,390,274,191,122,66,15,6,1279,5,4,5,8,11,3,9,7,4,54,0,7,23,29,45,23,16,13,4,151,311,420,978,663,651,609,479,238,111,4455,498,1326,3777,3082,2795,2562,1628,595,188,16456
LGA37400,0,0,8,3,6,4,4,0,0,26,0,0,0,0,0,0,0,0,0,0,0,0,0,0,0,0,0,0,0,6,8,5,10,14,10,13,20,22,6,101,18,34,83,85,78,66,58,28,4,450,0,0,0,0,0,4,0,0,0,10,0,0,0,0,0,0,0,0,0,4,0,6,11,8,15,14,14,7,0,75,0,0,7,0,4,6,6,7,0,24,5,9,8,3,7,9,7,0,0,38,0,0,5,0,11,14,9,3,0,44,0,3,10,9,0,4,3,0,0,31,0,6,14,8,9,0,4,0,0,41,0,3,10,6,8,5,3,0,0,35,0,0,0,0,3,0,0,0,0,8,0,8,3,4,9,0,3,0,0,30,0,0,0,0,0,0,0,0,0,0,0,0,0,0,0,0,0,0,0,0,5,0,16,13,9,17,28,15,6,119,14,37,90,64,79,72,69,27,6,459
LGA37550,0,0,0,0,0,0,0,0,0,4,0,0,0,0,0,0,0,0,0,3,0,0,0,0,0,0,0,0,0,0,19,10,11,8,10,7,3,0,0,71,25,22,32,33,32,16,9,0,0,162,0,0,0,0,0,0,0,0,0,0,0,0,0,0,0,0,0,0,0,0,0,0,0,0,3,0,0,0,0,5,0,0,4,5,0,5,0,0,0,14,0,0,0,0,0,0,0,0,0,3,0,0,6,3,8,3,0,0,0,24,0,3,0,7,3,5,0,0,0,19,0,0,9,0,5,5,0,0,0,15,0,3,4,0,4,6,0,0,0,18,0,0,0,0,0,0,0,0,0,5,0,0,0,0,0,0,0,0,0,3,0,0,0,0,0,0,0,0,0,0,0,0,0,0,0,5,0,0,0,3,21,35,12,23,14,15,4,0,0,130,24,45,42,43,38,42,11,0,0,246
LGA37570,3,0,0,0,0,0,0,0,0,4,0,0,0,0,0,0,0,0,0,0,0,0,0,0,0,0,0,0,0,0,0,0,0,0,0,0,0,0,0,5,7,11,9,21,9,7,0,0,0,68,0,0,0,0,0,0,0,0,0,0,0,0,0,0,0,0,0,0,0,0,0,0,0,0,0,0,0,0,0,6,0,0,0,0,0,0,0,0,0,5,0,0,3,0,0,0,0,0,0,11,0,0,4,0,4,0,0,0,0,6,0,0,0,0,0,0,0,0,0,7,0,5,3,3,3,5,0,0,0,10,0,0,0,10,0,0,0,0,0,9,0,0,0,0,0,0,0,0,0,4,0,0,0,0,0,0,0,0,0,4,0,0,0,0,0,0,0,0,0,0,0,0,0,0,0,0,0,0,0,0,0,7,3,5,7,6,0,0,0,24,3,11,19,24,20,7,3,0,0,87
LGA37600,5,7,6,3,3,0,0,0,0,22,0,0,0,0,0,0,0,0,0,0,5,3,0,0,0,0,0,0,0,9,22,11,19,16,8,3,0,0,0,82,42,50,85,119,73,37,0,0,0,405,0,0,0,0,0,0,0,0,0,0,0,0,0,0,0,0,0,0,0,0,5,4,15,3,12,6,0,0,0,54,0,4,7,9,18,3,0,0,0,37,0,0,10,4,3,4,0,0,0,20,0,5,9,5,18,5,0,0,0,37,0,9,19,9,16,4,3,0,0,53,5,7,21,17,19,3,0,0,0,66,0,7,13,14,17,4,4,0,0,65,0,0,0,0,0,0,0,0,0,0,0,9,6,6,0,0,0,0,0,29,0,0,0,0,0,0,0,0,0,3,0,0,4,0,0,0,0,0,0,11,56,25,48,37,26,32,10,6,0,230,70,71,149,106,126,67,18,4,0,606
LGA39499,13,56,63,47,49,57,31,3,3,326,3,0,4,0,0,0,0,0,0,8,0,3,11,15,11,15,9,3,0,71,135,203,372,346,321,347,192,71,12,2006,197,636,1447,1010,1018,1424,708,163,27,6637,0,22,44,17,12,14,16,0,4,128,3,6,18,14,20,17,6,0,0,87,5,46,183,116,147,223,219,48,0,992,4,25,90,57,53,87,87,15,0,417,5,17,40,30,30,24,15,0,0,154,14,37,129,53,76,137,84,10,0,544,0,13,42,28,38,85,63,11,0,287,15,99,216,115,117,167,102,20,0,853,10,84,175,72,85,119,60,6,0,614,5,48,96,21,17,15,21,4,0,222,12,44,74,52,43,61,50,7,0,340,0,4,3,3,0,5,0,0,0,13,3,7,7,10,7,18,10,6,0,71,78,238,574,469,451,463,304,93,16,2693,157,685,1708,1063,1080,1425,1046,211,24,7404
LGA39799,0,0,5,7,0,0,0,0,0,7,0,0,0,0,0,0,0,0,0,0,0,0,0,0,0,0,0,0,0,5,4,4,15,11,23,17,11,9,3,93,10,32,49,35,63,37,24,18,6,271,0,0,0,0,0,0,0,0,0,0,0,0,0,0,0,0,0,0,0,0,0,0,0,0,4,0,0,3,0,9,0,0,0,0,3,0,0,0,0,3,0,0,0,0,0,0,0,0,0,0,0,0,0,0,0,4,0,0,0,8,0,0,0,0,5,0,3,0,0,5,0,0,5,0,0,0,0,0,0,8,0,0,0,0,0,5,0,0,0,4,0,0,0,0,0,0,0,0,0,0,0,3,0,0,0,0,0,0,0,9,0,0,0,0,0,0,0,0,0,0,0,0,0,0,0,0,0,0,0,0,0,0,0,4,0,3,10,4,4,25,0,7,7,11,8,14,10,10,4,74
LGA40070,14,97,152,55,54,35,20,8,3,432,8,27,3,0,4,0,0,0,0,47,0,21,54,35,12,30,19,3,5,185,121,418,566,339,282,251,159,127,103,2376,239,1871,3853,1785,1474,1495,851,391,207,12170,9,101,256,122,64,53,48,21,12,670,5,53,207,108,46,31,14,0,0,470,13,160,393,149,172,113,89,38,29,1162,4,84,158,52,47,65,48,17,4,490,4,13,31,17,24,21,16,13,0,138,11,130,610,192,153,201,180,82,39,1600,10,21,128,70,85,166,158,54,21,705,37,601,997,430,308,240,160,53,15,2842,21,158,550,284,249,251,250,71,28,1868,13,110,243,138,76,60,41,15,6,707,29,103,158,61,72,34,28,4,0,486,15,34,8,5,0,3,0,9,0,76,10,29,35,39,21,29,22,4,4,184,161,479,670,316,322,248,239,114,88,2639,326,2089,4433,1988,1641,1512,1298,494,242,14026
LGA40120,44,85,131,168,148,114,42,9,4,753,0,0,3,0,0,0,0,0,0,15,0,7,24,58,58,55,25,8,6,244,199,97,197,258,285,246,220,182,114,1790,379,823,2290,4104,4616,4080,1909,684,244,19111,0,26,88,219,244,205,132,36,10,958,7,15,35,87,101,59,29,5,0,348,13,120,345,510,689,638,455,195,57,3012,17,70,158,193,240,213,110,58,29,1089,6,43,100,155,189,173,80,13,3,766,8,71,320,493,661,710,380,108,41,2792,3,31,178,329,342,575,444,122,19,2042,15,98,379,761,895,554,401,119,21,3240,35,129,293,517,582,568,409,84,16,2623,19,64,148,179,217,137,80,21,12,858,44,69,127,166,161,105,75,16,4,760,4,6,0,0,0,3,9,4,0,24,0,17,27,55,83,55,34,12,3,275,197,120,186,251,350,394,303,151,68,2024,366,870,2381,3922,4757,4383,2926,928,271,20811
LGA40150,4,16,30,34,38,22,11,3,0,154,0,0,0,0,0,0,0,0,0,6,0,0,9,6,4,3,3,0,0,28,56,39,48,69,97,88,60,33,7,501,93,182,431,632,655,462,224,60,12,2753,0,6,0,10,9,6,4,0,0,36,0,4,7,9,7,4,0,0,0,29,11,51,138,148,177,155,104,27,4,816,6,12,25,36,54,34,19,3,0,196,0,13,34,32,24,19,6,0,0,130,0,17,35,66,72,71,28,6,0,292,0,9,32,33,24,26,14,4,0,146,6,19,69,102,121,65,26,7,0,420,6,35,83,87,115,53,19,4,6,409,0,8,6,8,7,4,0,0,0,39,7,19,29,37,40,14,16,0,0,171,0,0,0,3,0,3,0,0,0,10,0,5,10,8,11,4,0,3,0,42,61,44,85,98,133,117,96,36,26,694,100,237,554,676,794,596,338,93,37,3425
LGA40220,21,64,132,133,94,96,56,13,3,608,0,0,0,7,6,0,3,3,0,15,0,8,18,28,22,31,15,8,3,134,124,50,92,141,180,229,270,262,88,1421,243,442,1199,1655,1891,2064,1632,784,201,10119,4,8,25,46,46,63,59,19,7,276,0,3,16,24,19,22,18,4,0,104,14,71,197,271,363,393,460,260,66,2103,6,34,90,106,115,144,110,68,14,685,6,27,78,125,116,94,65,18,0,537,10,35,137,204,283,379,274,93,21,1433,0,9,97,145,137,273,319,79,19,1077,8,63,189,294,316,345,321,99,34,1674,21,76,188,212,295,320,226,62,11,1410,6,16,39,45,42,53,49,14,3,265,28,49,154,136,131,103,96,26,6,726,0,0,4,7,5,7,5,4,4,37,0,6,9,22,24,19,42,19,5,150,175,90,169,226,262,324,377,301,220,2141,281,496,1392,1866,2152,2527,2419,1072,408,12612
LGA40250,0,0,0,0,0,0,0,0,0,0,0,0,0,0,0,0,0,0,0,0,0,0,0,0,0,0,0,0,0,3,25,16,50,23,23,11,7,5,0,165,27,42,145,86,91,64,17,5,0,480,0,0,3,0,0,0,0,0,0,3,0,0,0,0,0,0,0,0,0,0,0,4,4,3,11,4,0,0,0,27,0,3,3,3,4,3,6,0,0,12,0,0,3,3,3,0,0,0,0,13,0,4,3,4,9,13,0,0,0,32,0,13,33,17,17,21,4,0,0,96,0,0,6,12,7,5,4,0,0,33,0,5,24,4,18,12,5,0,0,68,0,0,5,7,0,0,0,0,0,9,0,3,3,0,0,0,0,0,0,11,0,0,0,0,0,0,0,0,0,0,0,0,0,0,0,0,0,0,0,0,51,63,95,71,59,36,19,12,7,409,52,90,184,125,122,97,30,12,7,724
LGA40310,25,61,143,145,92,56,28,12,0,569,3,0,3,3,0,0,0,0,0,19,5,0,16,33,22,8,9,5,0,100,109,47,107,140,160,184,145,191,99,1174,210,482,1484,1943,1824,1617,801,461,174,8982,0,9,89,120,86,63,42,7,5,419,4,11,27,34,20,13,8,0,0,106,18,89,298,336,396,376,270,92,40,1918,13,34,90,79,94,82,73,31,6,502,9,22,80,140,98,74,43,15,5,484,6,29,133,183,203,289,135,59,20,1057,3,17,136,178,165,240,169,47,14,976,14,61,280,421,370,283,148,47,21,1639,16,50,188,209,248,215,111,30,7,1083,11,27,53,38,33,26,18,14,0,215,26,58,155,145,126,67,54,16,5,649,0,0,3,9,3,3,3,6,6,29,0,6,15,30,27,26,21,8,9,135,169,67,135,202,262,282,205,163,110,1587,277,485,1672,2119,2132,2034,1294,540,245,10805
LGA40430,3,3,11,7,12,5,4,0,0,44,0,0,0,0,0,0,0,0,0,0,0,0,0,0,3,0,3,0,0,9,15,3,3,18,19,25,25,40,12,169,21,21,97,140,149,166,117,71,21,803,0,0,0,0,0,0,0,3,0,11,0,0,0,0,0,0,0,0,0,5,3,15,35,22,27,39,53,19,5,216,0,0,0,3,3,3,15,4,0,32,3,0,12,21,14,6,0,0,3,58,0,4,9,15,24,39,22,7,0,113,0,0,13,12,10,20,17,10,0,82,0,0,18,31,15,22,12,4,4,104,0,4,12,9,17,19,10,8,0,73,0,0,4,0,0,6,3,0,0,13,0,3,7,13,10,6,9,4,0,45,0,0,0,0,3,0,0,0,0,3,0,0,0,0,0,0,4,0,0,5,11,3,9,22,38,37,49,39,27,225,17,31,117,146,166,195,184,92,41,990
LGA40520,12,40,66,44,43,30,17,10,0,266,0,5,0,6,8,5,0,0,0,19,0,6,8,6,11,0,6,0,0,42,84,31,75,115,115,136,135,135,102,933,123,248,631,684,744,610,345,241,132,3758,0,3,20,9,19,19,8,0,0,86,7,3,11,6,10,4,0,0,0,43,14,38,111,114,118,144,103,54,16,703,5,12,20,26,28,36,41,13,8,180,3,5,41,44,36,18,12,3,5,166,6,22,59,62,96,116,62,19,3,434,0,16,52,44,59,70,46,17,7,305,8,27,116,134,106,81,40,12,0,531,16,32,87,98,91,71,35,9,0,441,4,8,4,10,0,7,4,0,0,42,12,34,74,59,41,37,18,9,4,287,5,0,0,0,5,8,0,0,0,26,0,0,4,11,5,8,10,4,0,41,82,39,75,99,139,165,132,104,66,904,155,246,670,718,754,779,517,243,111,4192
LGA40700,17,74,112,117,113,87,56,24,12,608,0,8,3,0,6,0,0,3,0,26,0,17,50,58,63,48,47,21,10,312,182,145,215,223,322,292,297,385,346,2420,275,1287,3088,4104,4894,4304,2700,1601,830,23085,3,68,150,234,250,236,186,84,38,1246,9,20,130,226,170,79,28,6,0,658,13,118,333,419,498,408,356,223,101,2458,3,64,148,162,183,159,115,63,27,918,4,20,52,66,61,45,33,24,14,308,0,130,517,756,903,806,601,327,138,4176,3,21,162,287,393,621,526,228,81,2324,15,185,823,1177,1198,846,609,244,112,5210,31,147,482,660,696,662,538,198,80,3492,20,87,219,219,184,137,83,40,25,1007,15,47,125,110,146,108,78,27,14,674,5,3,0,6,5,0,4,7,3,25,0,4,40,56,60,46,49,17,17,286,127,97,176,216,276,291,298,239,268,1989,241,1020,3348,4591,5017,4440,3501,1719,907,24784
LGA40910,29,130,277,316,219,110,63,26,4,1178,6,15,5,0,5,0,7,0,0,35,3,9,56,58,63,26,20,9,5,256,228,171,273,343,356,316,419,487,248,2842,392,1518,4317,4684,3836,2762,2025,1256,476,21277,0,59,196,251,159,129,71,30,15,910,3,40,252,261,165,71,22,5,0,811,9,170,566,630,728,516,421,350,100,3491,18,106,271,243,257,167,150,116,27,1349,8,27,55,80,62,33,33,13,6,307,12,163,626,509,470,404,236,120,53,2592,0,68,339,380,384,408,355,138,49,2123,28,264,1241,1253,998,571,320,156,43,4875,13,181,640,647,530,444,254,89,25,2829,14,105,224,178,118,82,54,24,10,812,31,107,283,242,269,154,90,37,12,1230,3,3,5,4,0,9,9,14,4,55,4,11,74,87,70,47,39,27,9,367,155,129,264,264,349,232,290,368,178,2228,311,1422,5027,5020,4556,3266,2344,1486,539,23967
LGA41010,0,3,17,24,10,8,4,0,0,69,0,0,0,0,0,0,0,0,0,0,0,0,0,4,6,0,0,0,0,14,33,22,30,25,43,33,21,23,7,252,56,86,216,244,211,196,88,41,16,1144,0,0,4,0,0,7,0,0,0,12,0,0,4,0,0,0,0,0,0,3,0,10,40,38,21,55,14,5,0,195,0,5,5,9,12,6,8,0,0,51,5,3,7,11,8,7,4,0,0,48,0,12,21,16,22,19,16,0,0,110,0,12,34,25,18,24,15,9,0,136,0,9,29,36,28,16,4,0,0,124,0,12,43,36,24,21,13,0,0,152,0,3,7,6,0,0,0,0,0,17,0,6,15,15,17,13,5,0,0,67,0,0,0,0,0,0,0,0,0,3,0,3,5,0,0,0,0,0,0,8,45,37,68,75,70,71,50,21,32,469,55,117,275,280,215,231,131,41,38,1393
LGA41060,75,332,613,611,400,303,145,70,23,2578,7,17,7,6,16,11,10,10,5,87,7,41,153,149,114,71,36,28,0,612,579,433,863,902,989,915,1006,1210,869,7771,930,3256,9719,9229,8145,6419,3709,2652,1345,45410,0,108,416,375,307,219,135,39,5,1599,25,89,452,409,228,123,38,4,0,1377,61,389,1489,1346,1680,1398,1157,660,254,8430,38,228,688,486,496,389,247,178,63,2815,10,57,169,135,128,68,42,20,6,634,28,377,1439,1107,907,923,430,162,79,5454,5,136,721,664,720,912,557,162,52,3917,75,688,2482,2399,1907,1235,694,266,95,9838,92,487,1565,1337,1148,961,435,113,35,6178,24,173,609,409,265,169,86,26,10,1773,82,291,747,571,590,337,230,102,27,2974,8,10,10,12,32,23,50,41,19,202,7,31,158,157,142,107,61,36,11,715,441,450,978,903,1012,876,812,771,503,6751,890,3508,11938,10311,9543,7752,4979,2586,1158,52664
LGA41140,7,15,43,44,39,19,14,6,0,194,0,0,0,4,0,0,0,0,0,4,0,0,5,3,3,3,0,5,0,24,40,13,39,52,63,77,58,80,56,484,75,197,525,695,671,684,372,189,73,3495,0,3,18,24,21,19,14,0,0,101,0,0,5,7,11,0,0,0,0,22,9,30,116,98,102,129,98,49,13,637,3,14,31,26,26,27,24,14,0,176,0,18,68,57,65,64,23,5,0,306,0,17,65,55,99,141,75,32,3,491,0,12,53,59,68,94,81,12,11,392,4,21,99,110,133,88,57,16,7,532,4,20,64,70,74,89,56,15,0,395,0,0,5,18,17,19,8,5,4,78,10,18,54,48,48,32,20,5,3,238,0,0,0,0,0,3,0,0,5,15,0,0,0,4,5,8,11,3,0,34,43,24,82,70,98,148,120,70,25,684,75,181,674,653,764,857,599,220,84,4097
LGA41190,0,3,6,10,9,3,0,0,0,31,0,0,0,0,0,0,0,0,0,0,0,0,0,0,0,0,0,0,0,0,3,0,0,8,9,13,8,18,12,74,12,47,102,140,106,96,51,32,14,598,0,0,3,0,4,0,0,0,0,10,0,0,0,0,0,0,0,0,0,5,0,8,32,24,12,37,15,0,0,130,0,3,7,6,0,3,0,0,0,26,4,6,19,8,18,4,4,0,0,65,0,0,14,10,19,20,10,5,4,76,0,4,17,15,13,5,9,3,4,62,0,0,16,12,18,10,5,6,0,64,0,4,10,13,10,13,6,0,0,60,0,0,4,0,0,6,0,0,0,9,0,0,7,6,12,5,6,0,0,41,0,0,0,0,0,0,0,0,0,0,0,0,0,0,3,0,0,0,0,3,12,5,17,19,21,19,23,12,16,142,21,37,144,121,125,123,71,26,23,691
LGA41330,0,3,14,9,10,5,0,0,0,42,0,0,0,0,0,0,0,0,0,0,0,0,0,0,0,0,0,0,0,7,14,12,31,37,31,40,58,17,0,245,13,45,95,114,143,144,123,32,3,719,0,0,0,5,6,4,4,0,0,14,0,0,3,0,0,0,0,0,0,6,0,4,14,17,12,24,29,17,5,120,0,0,7,7,10,10,4,4,0,44,0,0,0,0,6,4,0,0,0,24,0,3,10,10,7,13,17,0,0,63,0,0,22,6,3,13,5,0,0,53,0,4,30,18,19,9,10,0,0,90,0,8,18,18,15,12,12,0,0,84,0,0,0,0,3,7,0,0,0,15,0,3,12,8,5,3,0,6,0,41,0,0,0,0,0,0,0,0,0,4,0,0,0,0,4,0,0,0,0,5,15,22,53,28,61,48,52,30,3,316,18,50,176,118,159,156,138,60,6,876
LGA41560,23,36,75,67,58,34,26,8,0,332,0,0,0,0,0,4,0,0,0,6,0,0,0,4,3,7,7,0,0,33,51,40,55,66,112,118,180,192,56,871,115,244,616,668,851,764,677,371,98,4411,0,0,7,5,6,11,7,3,0,33,3,4,14,12,10,12,5,0,0,58,13,36,133,101,185,188,209,117,25,1014,5,15,43,28,68,70,61,26,7,324,10,11,34,32,27,28,17,3,0,167,4,24,81,64,109,192,91,28,8,609,5,18,77,81,66,90,88,21,10,452,6,46,114,125,127,108,77,20,6,640,16,36,87,102,143,134,77,12,4,617,4,3,13,5,16,9,15,3,0,64,9,34,96,75,67,46,43,10,0,382,0,0,0,0,4,6,4,10,0,21,0,6,16,7,16,12,8,7,3,57,80,54,120,97,175,213,283,223,137,1389,150,292,832,734,1013,1123,986,489,207,5835
LGA41750,0,5,8,9,4,0,3,0,0,26,0,0,0,0,0,0,0,0,0,0,0,0,0,0,0,0,0,0,0,5,3,4,4,4,4,6,5,7,8,45,3,29,63,56,72,66,18,14,7,335,0,0,3,0,0,0,0,0,0,6,0,0,0,0,0,0,0,0,0,0,0,6,8,9,11,11,9,3,4,57,0,4,3,0,5,4,0,3,0,16,0,4,11,8,13,6,4,0,0,43,0,0,9,4,11,22,10,0,0,49,0,4,5,10,9,15,3,0,0,42,0,5,5,3,8,10,6,0,0,37,0,0,4,8,10,12,5,0,0,39,0,0,0,0,0,6,0,0,0,4,0,0,3,0,3,6,0,0,0,24,0,0,0,0,0,0,0,0,0,0,0,0,0,0,0,0,0,0,0,0,0,3,18,6,7,16,10,9,4,80,3,21,75,55,82,95,42,21,14,408
LGA41830,6,5,9,6,10,8,0,0,0,40,0,0,0,0,0,0,0,0,0,0,0,0,3,0,0,0,0,0,0,11,13,6,11,12,22,28,29,22,6,148,17,40,102,125,118,142,75,31,11,670,0,0,0,0,3,0,0,0,0,3,0,0,0,0,6,0,0,0,0,6,0,10,22,14,29,27,26,4,0,137,0,0,4,0,8,8,7,0,0,28,0,5,9,4,3,6,0,4,0,28,0,8,8,23,22,32,6,3,0,96,0,3,14,15,10,11,13,0,0,76,0,0,10,11,14,14,5,3,0,58,0,6,11,10,19,7,5,0,0,61,0,0,6,0,0,0,0,0,0,8,0,0,10,9,5,13,4,0,0,41,0,0,0,0,0,0,0,0,0,0,0,0,0,0,0,4,0,0,0,4,15,6,18,18,24,37,24,18,10,162,23,34,93,108,147,154,102,42,12,720
LGA41960,3,3,5,14,4,0,3,0,0,27,0,0,0,0,0,0,0,0,0,0,0,0,0,3,0,0,0,0,0,3,8,0,4,15,14,33,18,17,4,117,11,26,68,82,75,103,45,23,4,442,0,3,0,0,0,0,0,0,0,5,0,0,0,0,0,0,0,0,0,3,0,9,22,20,27,26,13,4,0,111,0,0,0,0,0,4,3,3,0,12,0,3,5,9,7,4,3,0,0,28,0,4,3,8,17,16,6,0,0,61,0,0,4,0,10,9,11,0,0,38,0,0,0,11,6,4,6,4,0,38,0,0,12,14,5,11,0,0,0,39,0,0,0,0,0,0,3,0,0,4,0,6,6,10,3,0,4,0,0,29,0,0,0,0,0,0,0,0,0,0,0,0,0,0,0,0,0,0,0,3,3,8,10,15,16,23,30,5,15,131,8,30,71,85,89,105,85,18,19,510
LGA42030,24,79,137,95,76,50,21,12,0,489,0,0,5,3,0,0,0,0,0,14,0,0,17,19,27,16,6,3,5,90,151,89,135,165,185,153,186,248,101,1410,267,594,1457,1481,1566,1208,728,563,174,8036,0,25,37,38,33,26,19,3,4,186,5,10,46,35,25,25,7,0,0,161,11,97,295,255,321,315,253,144,64,1760,7,55,124,66,83,50,56,42,10,499,4,27,78,46,59,47,17,10,3,285,11,51,179,174,219,242,95,61,19,1054,4,36,141,142,134,158,121,42,15,791,20,105,340,312,332,240,121,38,17,1516,36,120,263,230,291,191,108,26,4,1266,3,30,49,31,28,23,18,6,4,196,22,85,133,97,104,77,43,19,4,586,0,4,5,3,0,4,6,3,3,31,5,5,20,27,27,12,16,10,0,113,111,91,180,173,219,228,225,205,130,1553,231,735,1899,1619,1883,1646,1100,610,268,9993
LGA42110,5,5,20,22,20,16,6,0,0,90,0,0,0,0,0,0,0,0,0,7,0,0,0,6,6,3,6,0,0,17,27,8,15,36,48,39,43,41,28,272,50,76,161,267,320,272,187,85,32,1460,0,5,3,3,7,6,3,0,0,26,0,0,4,6,3,4,0,0,0,11,3,16,33,37,43,72,42,18,5,273,0,4,12,7,5,17,8,6,0,55,0,16,34,41,25,24,15,4,0,166,0,3,11,22,41,53,26,16,5,173,0,0,7,21,18,36,37,9,0,133,0,6,25,35,47,29,23,7,0,174,6,9,22,35,34,35,21,4,0,161,0,0,7,0,5,9,5,0,0,23,0,6,15,14,16,23,11,6,0,92,0,0,0,3,0,0,0,0,0,0,0,0,0,5,8,0,3,0,0,22,27,14,39,43,59,65,56,50,11,358,40,76,202,278,313,372,250,114,21,1664
LGA42250,7,13,42,38,24,18,3,0,0,144,0,0,0,0,0,0,0,0,0,4,0,0,3,9,10,3,0,0,0,28,43,23,76,98,111,92,87,66,48,646,89,141,439,716,630,508,254,97,56,2930,0,0,8,9,9,13,3,0,0,37,0,0,0,6,7,3,0,5,0,26,13,30,96,146,186,111,75,17,4,678,0,17,40,43,29,36,26,7,0,201,3,12,38,56,61,30,24,4,0,232,0,14,32,43,47,59,44,8,0,259,0,3,32,57,58,60,37,15,0,264,9,20,65,98,113,81,38,10,0,427,6,19,40,65,70,45,25,0,0,275,0,5,3,12,3,11,3,0,0,49,9,20,35,32,36,19,11,7,0,155,0,0,0,0,0,0,0,0,0,11,0,0,4,9,7,7,3,0,0,30,51,55,177,194,204,137,110,55,25,1011,100,190,571,777,844,619,394,134,37,3673
LGA42600,18,94,174,161,119,115,64,39,19,806,0,5,5,0,5,6,0,0,0,25,0,15,37,44,50,35,16,7,0,196,139,170,287,256,327,296,260,470,442,2659,243,1118,3152,3038,3505,3146,1696,1333,837,18073,0,36,151,139,99,126,69,42,8,659,0,26,73,88,73,57,7,0,0,324,11,103,307,384,432,446,374,250,110,2409,20,68,209,172,174,158,120,58,28,1016,5,14,67,50,56,37,25,14,3,276,14,132,518,414,469,531,297,172,96,2635,3,51,232,240,296,492,394,109,52,1869,28,137,614,857,798,700,473,185,92,3890,25,138,434,472,449,473,296,106,33,2436,19,57,185,131,101,68,57,26,16,645,22,72,166,152,166,108,103,40,17,850,0,5,0,3,0,4,11,8,5,41,0,7,34,49,45,40,22,14,13,224,95,129,287,249,272,375,372,317,318,2412,246,963,3276,3401,3433,3613,2633,1333,785,19688
LGA42750,0,9,25,31,24,17,8,0,0,116,0,0,0,0,0,0,0,0,0,0,0,0,0,8,7,4,6,0,0,24,15,3,32,42,39,47,44,24,23,279,29,67,291,330,387,369,207,81,44,1797,0,0,10,15,6,15,13,0,0,69,0,0,0,5,6,0,0,0,0,12,0,3,30,40,66,79,50,26,5,306,0,10,24,18,16,32,27,7,5,137,3,3,44,32,33,30,11,3,0,163,0,8,27,29,41,58,29,12,0,205,0,5,23,27,23,52,49,10,3,209,4,6,37,56,48,40,15,9,5,220,0,10,24,25,39,45,20,14,7,185,0,0,3,9,11,8,8,4,0,44,6,6,23,24,37,17,10,6,0,131,0,0,0,0,0,0,0,0,0,0,0,0,0,3,5,3,0,4,0,16,31,25,55,45,73,101,80,60,29,500,47,79,316,331,413,485,335,142,54,2196
LGA43080,0,4,0,0,6,3,0,0,0,16,0,0,0,0,0,0,0,0,0,0,0,0,0,0,0,0,0,0,0,4,9,3,4,16,15,12,0,12,3,77,14,18,34,73,64,59,21,21,8,309,0,0,0,4,0,0,0,0,0,0,0,0,0,0,0,5,0,0,0,5,0,3,12,14,9,11,11,5,0,63,0,0,3,0,0,0,0,0,0,6,4,4,13,9,10,3,9,0,4,53,0,0,6,7,11,15,5,0,0,46,0,3,4,11,4,4,8,0,0,33,0,0,6,8,9,9,5,0,0,33,0,0,4,6,7,6,0,0,0,32,0,0,0,0,0,0,0,0,0,3,0,0,7,7,0,6,0,0,0,12,0,0,0,0,0,0,3,0,0,4,0,0,0,0,0,0,0,0,0,3,3,5,3,8,6,12,25,14,8,87,10,23,53,74,65,68,59,20,11,385
LGA43220,0,0,4,0,0,5,0,0,0,11,0,0,0,0,0,0,0,0,0,0,0,0,0,0,0,0,0,0,0,0,0,0,10,3,7,14,5,13,16,77,6,23,78,60,63,64,31,27,21,362,0,0,0,4,0,0,0,0,0,5,0,0,0,0,0,0,0,0,0,0,0,3,12,19,15,13,5,0,0,64,0,0,8,0,0,0,5,0,0,18,0,0,12,12,9,0,4,0,0,34,0,3,7,9,4,16,5,9,0,42,0,0,9,9,4,6,7,9,0,40,0,4,17,10,8,10,5,0,0,50,0,9,14,0,5,5,3,0,0,38,0,0,0,0,0,0,0,0,0,3,0,4,6,4,0,0,0,0,0,11,0,0,0,0,0,0,0,0,0,0,0,0,0,0,0,0,0,0,0,6,4,6,11,12,8,13,5,11,3,76,6,28,92,69,58,60,31,29,10,381
LGA43360,3,7,12,10,9,7,8,0,0,53,0,0,0,0,0,0,0,0,0,0,0,0,4,0,6,3,0,0,0,11,14,5,12,12,15,33,20,34,16,176,22,44,145,122,126,162,84,56,25,796,0,0,6,6,3,0,0,0,0,13,0,0,3,0,0,0,0,0,0,9,0,6,25,24,12,26,29,4,0,129,3,11,13,8,8,6,7,0,0,61,0,0,23,25,15,15,15,4,0,96,0,0,12,5,12,28,13,6,0,82,0,3,12,11,13,28,25,5,0,90,10,5,23,21,21,13,7,0,3,105,4,4,13,6,22,21,11,6,0,84,0,0,0,4,0,4,0,0,0,12,0,4,10,7,7,3,5,3,0,50,0,0,0,0,0,0,0,0,0,3,0,0,0,0,0,0,0,0,0,6,9,10,24,22,17,30,37,44,21,210,27,63,160,141,135,176,144,76,23,950
LGA43650,11,20,64,88,55,26,3,0,0,284,0,0,0,0,0,0,0,0,0,0,0,0,5,18,4,5,8,0,0,48,80,50,52,88,123,77,84,76,43,665,132,293,876,1245,1260,755,389,176,73,5196,0,8,27,32,25,21,25,4,0,148,0,7,22,23,19,10,0,0,0,83,15,70,201,264,296,251,134,49,15,1289,7,21,58,61,57,60,30,11,0,298,4,24,57,76,59,46,23,3,5,304,5,61,109,131,153,153,55,17,4,684,0,30,82,139,85,95,71,19,5,524,10,45,176,258,237,131,57,18,3,931,24,40,117,175,174,139,39,13,0,709,0,5,31,20,19,18,5,3,0,110,15,34,80,97,69,35,13,3,0,347,0,0,0,0,0,0,0,3,0,15,0,3,8,11,18,17,7,3,3,71,93,53,84,86,155,148,112,54,18,804,176,395,1037,1377,1368,1125,587,197,58,6319
LGA43710,8,7,24,27,16,12,9,0,0,88,0,0,0,5,0,0,0,0,0,7,0,0,3,4,4,0,0,0,0,12,30,18,37,66,67,37,43,42,6,348,50,95,327,406,379,299,179,80,15,1828,0,0,5,9,3,7,4,4,0,29,0,0,4,5,0,3,0,0,0,6,0,20,68,94,91,76,42,16,3,402,0,9,31,23,32,41,22,3,3,156,9,5,35,47,31,27,12,4,0,178,0,7,36,28,58,61,22,7,3,224,0,4,34,50,38,51,29,8,0,217,0,9,66,72,54,30,27,4,4,268,0,15,36,48,51,38,24,3,0,227,0,0,8,8,7,6,4,0,0,33,5,5,22,30,25,20,14,0,0,115,0,0,0,0,0,0,0,0,0,0,0,0,0,4,3,4,5,4,0,23,48,28,98,115,108,92,60,37,29,617,68,103,435,529,513,451,273,88,42,2502
LGA43790,19,29,52,62,35,32,18,0,3,241,0,0,4,4,3,0,0,0,3,12,0,0,0,5,7,6,0,0,0,27,66,24,37,88,115,113,127,109,72,749,131,235,602,754,735,647,366,198,114,3775,0,8,12,8,20,12,8,5,0,67,0,4,10,8,5,4,0,0,0,34,6,44,100,127,109,124,107,59,21,689,9,11,31,22,28,29,30,7,5,173,8,27,68,84,78,42,26,8,6,341,3,22,55,68,92,123,52,18,5,450,0,17,75,80,68,89,60,28,4,419,18,37,112,134,124,98,47,18,4,590,10,35,77,80,115,90,39,6,0,454,3,4,11,12,4,0,8,4,0,47,7,28,63,46,50,50,26,5,4,283,0,0,5,0,3,0,6,5,0,19,0,0,10,3,7,6,0,4,0,35,76,41,54,99,154,128,155,109,84,901,148,277,671,774,854,807,567,272,137,4504
LGA44000,0,0,0,0,0,0,0,0,0,0,0,0,0,0,0,0,0,0,0,0,0,0,0,0,0,0,0,0,0,0,0,0,0,3,0,4,0,0,0,16,0,8,0,3,9,7,0,0,0,25,0,0,0,0,0,0,0,0,0,0,0,0,0,0,0,0,0,0,0,0,0,0,0,0,0,0,0,0,0,0,0,0,0,0,0,0,0,0,0,0,0,0,0,0,0,0,0,0,0,0,0,0,0,0,0,0,0,0,0,0,0,0,0,0,0,0,0,0,0,7,0,0,0,0,0,0,0,0,0,0,0,0,0,0,0,0,0,0,0,0,0,0,0,0,0,0,0,0,0,0,0,0,0,0,0,0,0,0,0,4,0,0,0,0,0,0,0,0,0,0,0,0,0,0,0,0,0,0,0,0,3,10,4,7,3,3,0,0,0,34,3,5,8,12,6,11,0,0,0,46
LGA44060,62,258,508,450,300,201,112,54,17,1957,3,10,6,9,4,4,6,6,0,50,3,22,96,96,88,74,32,24,9,440,412,323,581,587,678,686,649,871,590,5369,747,2750,8379,7469,6910,5585,2968,2186,1053,38052,0,156,442,340,219,200,121,29,3,1514,12,66,397,406,204,132,31,11,0,1250,31,295,1149,1151,1182,1181,865,483,215,6541,30,179,576,388,379,328,211,140,45,2288,8,62,171,174,105,82,23,16,6,646,18,356,1436,1062,937,902,435,177,88,5418,4,122,694,642,539,667,534,162,68,3431,80,485,2080,2025,1444,1195,571,226,122,8229,67,455,1338,1200,1053,843,436,113,31,5536,27,159,423,321,190,110,67,35,16,1350,57,254,622,470,363,246,170,67,25,2271,6,11,15,11,9,19,19,27,8,137,7,23,107,143,94,81,56,24,5,542,259,359,724,569,599,692,556,569,458,4778,612,2987,10172,8891,7330,6675,4098,2080,1096,43938
LGA44210,5,20,34,48,30,24,11,9,3,183,0,0,0,0,0,0,0,0,3,5,0,0,3,4,9,11,4,0,0,35,60,37,112,122,145,136,128,102,44,886,84,141,396,540,640,716,445,214,63,3234,0,0,3,13,13,3,17,0,0,52,0,3,8,5,5,4,6,0,0,26,7,32,79,96,156,176,156,68,4,781,3,3,22,17,30,43,47,17,0,190,0,6,30,50,39,30,17,0,0,172,0,13,34,30,69,88,58,12,7,309,0,3,14,21,38,51,56,7,0,198,0,27,68,52,74,72,58,20,0,366,7,9,52,50,85,90,57,8,3,362,3,4,14,11,13,8,6,8,0,62,5,14,41,40,32,30,18,11,0,199,0,0,0,0,0,0,5,0,0,12,0,0,8,3,15,13,8,3,4,46,49,46,129,146,165,180,153,97,39,1016,88,163,496,550,735,796,652,253,60,3796
LGA44340,48,132,219,281,195,132,69,32,7,1120,4,4,5,3,5,4,0,9,0,32,0,25,68,96,70,63,40,23,8,398,256,205,315,294,397,351,357,462,328,2971,435,1876,5413,6664,6646,5561,3251,1911,879,32644,0,128,307,343,399,301,258,118,23,1874,6,45,178,280,189,105,37,0,0,846,16,183,589,745,813,695,587,415,187,4239,12,109,299,324,307,230,160,91,46,1585,7,29,135,140,130,95,63,23,9,626,9,248,967,1053,1082,996,570,272,132,5334,3,70,422,575,673,895,808,240,90,3779,49,235,1097,1575,1425,1086,642,249,115,6470,59,258,775,1006,981,825,569,184,74,4727,21,118,312,310,237,155,120,39,13,1327,24,107,217,226,231,149,116,44,20,1126,4,3,8,8,5,5,3,15,4,59,5,19,45,115,94,75,63,30,22,471,169,167,326,335,408,369,368,368,324,2831,380,1713,5691,7030,6976,5966,4375,2090,1067,35291
LGA44550,35,94,181,182,131,77,35,11,3,745,3,0,7,9,7,3,0,0,0,22,4,8,30,35,42,27,15,5,0,164,140,71,138,182,207,172,158,135,104,1305,285,740,2174,3032,2761,2149,1076,461,190,12867,0,22,85,108,100,79,47,14,0,465,9,10,75,72,53,32,10,0,0,274,18,100,407,410,512,421,364,122,41,2404,19,65,186,160,156,135,68,33,13,833,10,39,120,139,124,98,51,19,4,601,12,85,299,370,439,380,198,77,26,1884,8,30,207,260,262,309,246,65,22,1411,24,132,536,620,603,382,232,75,26,2623,53,152,344,433,408,380,215,54,12,2056,24,44,122,112,90,63,42,20,12,521,35,112,231,224,144,96,48,20,6,909,3,6,3,6,5,6,8,3,3,37,0,3,27,48,32,28,14,0,7,158,222,122,233,299,332,318,238,177,97,2028,437,924,2873,3260,3271,2732,1783,671,263,16215
LGA44620,36,98,198,137,77,52,38,13,3,639,0,0,0,0,0,3,0,0,0,15,0,0,17,14,12,22,6,3,4,80,137,82,116,184,176,211,251,287,139,1586,295,735,1912,1707,1586,1359,741,521,207,9069,0,0,19,23,23,23,10,3,0,100,3,8,27,29,15,14,9,0,0,114,21,124,331,325,349,291,233,118,34,1826,9,65,158,88,76,92,53,29,14,596,0,27,73,75,64,38,28,17,15,344,4,63,206,172,201,196,105,53,26,1029,5,39,193,187,189,147,92,29,13,885,43,161,361,371,340,245,103,42,17,1679,35,83,251,240,256,188,93,25,3,1166,0,23,46,42,30,20,10,10,3,177,49,100,196,153,97,70,55,16,3,740,0,0,0,0,4,5,7,6,4,33,0,5,12,14,17,5,18,0,0,84,123,92,192,219,243,233,280,254,126,1765,294,799,2067,1933,1910,1567,1094,596,259,10525
LGA44830,0,0,12,9,4,3,0,0,0,34,0,0,0,0,0,0,0,0,0,4,0,0,0,3,0,4,0,0,0,10,23,6,15,25,46,27,42,25,5,212,34,39,141,162,284,206,146,59,22,1094,0,0,0,0,0,3,0,0,0,11,0,0,0,4,0,0,0,0,0,3,5,9,30,32,53,56,47,22,7,259,0,6,14,3,13,18,7,7,0,59,4,6,8,17,14,18,3,0,0,68,0,6,21,13,38,49,21,6,6,159,0,3,13,17,16,40,17,5,0,115,0,9,13,21,36,35,9,3,0,125,3,0,9,19,29,24,14,3,0,104,0,0,0,0,0,4,3,0,0,15,0,4,4,7,3,9,4,0,0,37,0,0,0,0,0,0,0,0,0,0,0,0,0,0,9,0,0,0,0,17,22,8,13,28,31,46,60,33,16,256,39,47,126,161,251,306,196,74,29,1231
LGA45040,13,45,91,105,71,43,23,5,0,396,0,4,0,6,6,3,0,3,0,27,0,6,11,19,14,7,6,4,4,75,163,143,288,351,242,188,236,202,86,1896,246,535,1250,1413,1323,982,688,373,128,6930,0,0,24,23,10,0,7,0,0,77,0,14,32,19,12,14,4,0,0,94,22,93,233,188,276,251,194,102,20,1375,5,36,59,39,56,59,40,23,10,330,8,29,65,83,56,47,28,11,4,332,9,40,102,104,156,142,97,40,11,700,0,31,71,81,70,120,85,28,4,491,27,119,284,240,230,164,86,31,13,1197,38,105,236,196,210,165,75,14,4,1039,5,12,38,23,16,13,9,5,5,132,13,67,116,84,82,53,29,9,0,457,3,0,4,0,3,6,9,4,7,34,0,6,17,17,22,9,10,0,0,84,142,154,369,300,275,235,255,176,74,1975,287,714,1650,1393,1468,1267,938,445,151,8310
LGA45090,6,22,48,40,23,15,3,3,0,160,0,0,0,0,0,0,0,0,0,5,0,3,7,9,0,3,0,4,0,29,60,29,68,61,56,77,56,64,40,517,103,183,601,595,542,462,205,123,63,2876,0,3,11,8,9,12,0,3,0,47,3,7,8,5,0,4,0,0,0,21,0,36,118,91,101,88,59,17,4,526,6,9,40,24,23,20,8,3,0,135,3,22,69,124,99,59,30,19,3,430,0,9,52,42,59,66,53,19,7,307,0,13,47,58,44,47,50,10,0,268,6,39,97,119,90,53,34,8,3,450,3,19,67,46,49,56,28,3,3,273,0,3,9,10,10,3,4,5,5,39,13,24,30,47,38,13,8,3,4,181,0,0,6,5,3,6,0,0,0,16,0,0,3,3,9,5,3,0,0,28,36,27,74,64,69,75,69,62,57,534,86,220,634,642,605,503,348,154,86,3264
LGA45120,0,7,9,13,18,11,0,4,0,66,0,0,0,0,0,0,0,0,0,0,0,0,3,5,5,3,0,0,0,21,28,5,19,19,35,50,44,44,23,270,48,82,301,264,331,301,151,97,34,1622,0,0,7,4,0,3,6,0,0,17,0,3,0,0,0,0,0,0,0,4,0,25,64,58,57,61,52,23,9,348,0,8,17,8,10,25,15,3,3,98,12,22,22,36,25,23,6,3,0,152,0,11,36,31,59,55,34,15,6,250,0,7,23,41,23,51,29,3,5,189,7,10,28,49,32,44,16,9,6,196,4,12,34,26,30,29,23,5,0,153,0,0,7,3,5,3,5,0,0,24,3,11,11,13,16,14,4,0,0,67,0,0,0,0,0,0,0,4,0,8,0,0,4,4,4,5,0,0,0,14,35,13,31,31,50,62,63,35,36,351,56,127,280,321,315,376,250,100,58,1870
LGA45290,15,81,213,177,135,62,30,26,9,749,4,6,0,0,0,7,6,0,0,18,0,14,74,50,44,34,24,10,7,264,140,187,359,266,290,254,247,314,229,2285,227,1384,4604,3639,3225,2696,1394,899,511,18582,0,56,210,190,138,139,81,32,11,849,5,23,188,175,100,54,21,0,0,560,7,100,437,380,378,303,222,143,85,2056,3,64,179,168,189,137,74,59,24,898,4,19,62,47,45,48,26,14,5,258,7,142,657,543,482,479,279,142,56,2785,0,42,243,223,289,397,307,113,59,1666,17,248,1068,910,737,505,303,89,45,3925,22,160,623,518,473,471,355,93,28,2754,13,91,318,203,147,103,60,22,8,968,15,76,176,143,166,81,58,27,8,744,5,4,5,5,3,0,12,8,8,58,0,19,64,64,49,46,27,5,9,282,80,129,340,248,296,229,203,217,151,1901,185,1182,4571,3798,3477,2981,2030,984,493,19700
LGA45340,174,543,1165,953,552,486,249,59,19,4201,9,5,16,14,22,16,7,0,3,97,12,45,131,162,149,143,64,38,12,752,896,528,1033,1123,1292,1250,1185,1268,843,9424,1701,4547,12777,13332,12798,11056,5892,3117,1304,66533,0,109,360,390,308,268,183,68,11,1705,36,103,410,413,298,190,75,9,0,1531,130,558,1974,2191,2597,2388,2179,963,284,13264,83,400,1073,763,782,779,569,294,85,4818,36,135,375,387,348,219,94,35,13,1643,62,426,1533,1667,1812,1778,814,290,66,8446,19,184,840,990,873,1183,907,247,76,5319,162,717,2663,2955,2550,1875,1172,370,123,12577,182,768,2036,2231,2044,1681,895,230,49,10113,62,214,495,451,292,228,150,58,13,1966,184,540,1214,1030,725,496,410,119,34,4749,13,24,16,22,31,26,36,34,21,220,8,40,155,192,204,138,89,50,5,884,706,584,1296,1333,1352,1321,1374,1070,761,9804,1684,4786,14441,15011,14216,12567,8951,3842,1547,77037
LGA45400,0,0,0,8,0,0,4,0,0,15,0,0,0,0,0,0,0,3,0,3,0,0,0,0,0,0,0,0,0,4,3,4,4,3,3,6,7,8,4,49,3,18,38,57,59,78,38,25,9,325,0,0,0,0,0,0,0,0,0,4,0,0,0,0,0,0,0,0,0,0,0,0,15,9,13,10,8,4,0,66,0,0,0,0,0,0,4,3,0,10,0,0,8,8,3,0,0,3,0,28,0,4,9,9,13,14,5,0,0,57,0,5,4,5,4,11,5,0,5,44,0,0,4,4,0,11,3,0,0,33,0,8,5,4,8,10,4,0,0,36,0,0,0,0,4,0,0,0,0,4,0,0,3,3,0,4,5,0,0,15,0,0,0,0,0,0,0,0,0,0,0,0,0,0,0,0,0,0,0,8,7,0,7,9,16,12,12,15,10,83,7,16,58,50,64,80,50,32,16,373
LGA45540,0,0,6,8,4,3,4,0,0,26,0,0,0,0,0,0,0,0,0,0,0,0,0,0,0,3,0,0,0,6,7,7,7,15,27,29,38,20,6,169,19,20,55,65,114,122,86,45,19,541,0,0,0,0,0,3,0,0,0,6,0,0,6,0,0,0,0,0,0,6,0,0,7,7,12,39,23,18,0,106,0,0,0,0,0,0,0,0,0,14,3,0,8,3,4,5,5,0,0,31,0,6,3,9,15,12,5,0,0,56,0,0,5,7,0,15,12,0,0,45,0,6,3,3,15,18,3,0,4,53,0,3,13,11,9,19,9,0,0,60,0,0,0,0,0,3,0,0,0,9,0,4,6,5,8,3,5,0,0,30,0,0,0,0,0,0,0,0,0,0,0,0,0,0,0,0,0,0,0,3,14,5,8,11,21,44,27,17,13,170,21,24,71,64,87,167,90,49,20,589
LGA45680,95,303,521,310,219,101,68,21,8,1642,13,3,13,14,15,6,7,0,0,66,7,22,54,73,83,37,12,13,4,303,684,488,780,870,843,694,676,699,273,6007,1175,2666,5546,5008,4486,3099,1812,1318,413,25521,3,37,118,78,75,65,23,11,3,417,21,61,234,160,89,59,17,0,0,647,73,408,1177,986,1071,904,609,348,91,5669,71,204,374,215,217,207,137,111,30,1564,5,61,154,134,120,90,32,6,0,606,27,215,630,500,509,411,172,48,23,2532,5,104,345,285,258,259,137,53,14,1461,102,511,1556,1085,865,498,220,78,20,4939,123,544,1312,1018,910,551,207,44,12,4717,29,98,195,102,77,44,29,13,3,591,101,362,694,401,260,162,80,29,12,2095,4,22,25,17,30,17,19,15,5,154,6,31,91,69,60,47,33,15,3,361,577,559,1157,922,948,854,691,694,317,6717,1150,3222,8061,5977,5484,4164,2401,1459,531,32465
LGA45890,92,361,741,516,392,214,99,57,16,2484,8,18,25,16,15,18,10,7,5,116,15,49,210,155,105,58,27,22,10,659,724,702,1492,1324,1277,1150,1010,1214,738,9636,1148,3727,12497,9981,8029,6024,3158,2318,1093,47988,3,118,497,458,276,184,90,22,4,1654,19,126,742,547,226,132,18,9,0,1808,39,456,1897,1699,1639,1438,982,520,220,8889,41,185,591,390,375,323,226,155,60,2349,17,42,192,182,124,103,42,11,4,718,30,377,1740,1334,1009,862,368,146,66,5929,4,118,782,675,584,693,442,119,41,3458,94,703,3294,2642,1552,1032,486,149,62,9999,104,453,1761,1495,1316,981,458,114,32,6718,30,175,544,348,275,190,88,28,11,1683,108,320,908,623,423,283,162,50,27,2911,14,19,25,14,38,39,27,24,13,208,15,45,235,207,120,103,50,23,12,803,493,591,1509,1353,1179,1049,976,825,593,8569,1014,3726,14691,11962,9135,7408,4423,2187,1152,55694
LGA46090,3,22,49,39,24,28,10,4,0,175,0,0,0,5,0,0,0,0,0,4,0,0,12,18,16,11,11,0,0,60,153,156,333,335,260,239,181,159,72,1893,201,454,1046,1103,1090,841,462,257,93,5540,0,3,6,10,4,5,5,0,5,36,0,0,14,6,8,0,7,0,0,36,10,73,205,168,220,238,156,51,24,1150,5,22,40,30,51,64,51,20,5,286,0,5,28,22,21,12,5,0,0,101,0,27,95,88,122,106,49,14,7,510,0,37,95,79,62,66,51,6,0,397,12,55,150,141,94,99,51,6,3,608,13,44,129,117,145,96,43,5,0,598,0,4,25,7,10,0,4,0,0,50,7,24,64,45,31,30,15,7,0,217,0,0,0,4,0,9,3,3,0,20,0,0,9,10,11,5,3,3,0,51,107,192,406,303,297,264,209,129,52,1960,163,494,1263,1046,1076,996,645,251,96,6020
LGA46300,8,42,100,91,50,35,11,9,0,342,0,0,0,0,0,4,0,0,0,9,0,3,6,11,16,6,10,0,0,52,104,71,116,129,135,128,126,126,70,996,159,422,1090,1076,997,786,437,259,125,5348,0,5,23,23,16,5,12,0,0,78,0,0,5,9,13,3,8,0,0,39,9,64,193,192,206,181,139,66,20,1071,6,24,112,60,61,51,41,17,9,392,7,20,53,44,42,24,18,4,6,209,3,26,106,82,112,133,56,24,7,551,0,24,96,84,77,111,80,24,11,513,15,59,194,185,140,130,56,18,8,796,11,48,136,144,119,109,49,13,3,632,0,5,24,17,11,12,6,3,3,80,9,35,107,92,69,48,19,13,0,388,0,0,4,6,0,4,0,3,0,17,5,0,11,10,15,7,5,0,0,46,89,84,151,145,172,183,159,145,66,1193,149,395,1205,1093,1058,989,640,340,125,5998
LGA46450,14,44,86,65,43,55,16,13,4,338,0,0,9,3,3,0,0,0,0,16,0,0,7,11,11,9,3,6,0,45,116,61,116,150,159,171,197,221,87,1280,191,396,948,1021,1072,945,594,414,130,5709,0,4,10,6,18,9,7,0,0,57,0,3,12,14,11,7,10,0,0,59,14,114,210,218,250,254,204,96,31,1391,9,26,52,44,53,52,57,39,3,330,0,7,35,31,27,19,10,3,4,136,0,42,121,97,149,169,73,26,15,688,0,31,106,84,85,97,56,16,0,471,13,54,159,195,189,117,46,18,4,788,6,63,160,155,166,154,54,9,4,773,0,11,17,5,8,10,4,3,0,58,14,39,83,90,61,43,39,19,8,389,0,0,4,0,4,0,3,4,3,24,0,4,8,6,15,3,3,4,0,45,115,66,134,155,206,191,209,163,71,1304,177,467,1117,1088,1231,1120,762,403,145,6507
LGA46510,17,43,120,74,78,31,20,12,0,400,0,0,0,0,0,3,0,0,0,6,0,11,39,38,21,12,11,0,0,126,102,120,172,126,153,110,106,133,85,1111,171,785,2454,2202,1958,1349,529,332,163,9944,0,29,125,106,86,71,35,3,0,462,0,26,138,116,58,29,4,0,0,380,6,88,280,278,259,231,119,59,34,1350,6,42,115,85,94,93,40,18,6,508,0,6,44,37,30,25,6,0,0,146,3,95,395,260,256,260,113,40,18,1433,3,35,164,146,190,277,147,37,17,1015,15,120,573,553,474,336,101,22,16,2213,13,88,289,286,233,222,133,23,3,1297,0,59,164,94,61,48,24,10,3,462,11,48,111,79,84,42,25,10,9,411,0,3,0,0,6,0,5,3,3,16,0,3,47,46,26,29,10,8,5,178,42,95,199,142,156,150,105,72,59,1019,100,746,2637,2238,2020,1802,880,313,164,10901
LGA46670,12,23,44,47,32,27,14,3,0,209,0,0,3,0,0,0,0,0,0,5,0,4,11,5,14,4,0,0,0,32,76,42,120,99,115,107,106,114,62,837,106,225,609,604,597,499,286,176,84,3195,0,0,11,9,16,12,11,0,0,59,0,14,10,3,3,7,0,0,0,33,4,34,92,72,101,102,94,35,17,548,4,13,36,26,21,27,20,14,0,168,4,9,36,47,43,29,13,9,5,194,5,21,72,48,68,64,46,14,9,337,0,10,51,46,42,59,50,14,4,270,12,39,111,106,84,89,46,8,0,493,14,36,97,67,86,55,24,10,0,393,0,9,12,6,5,10,3,0,0,47,8,30,60,50,36,27,16,0,0,229,0,0,6,0,0,0,0,0,0,7,0,0,6,7,7,0,3,0,0,33,73,46,101,117,93,133,147,109,78,887,119,259,691,604,607,616,475,218,120,3701
LGA46860,0,6,13,16,3,8,0,0,0,50,0,0,0,0,0,0,0,0,0,0,0,0,0,4,0,0,0,3,0,11,4,5,12,15,18,23,17,11,4,109,17,34,97,128,90,112,80,28,11,596,0,0,7,0,3,0,0,0,0,15,0,0,0,4,0,0,0,0,0,4,0,4,9,12,23,24,16,4,0,98,0,8,17,10,11,6,5,0,0,53,0,0,7,12,13,7,6,8,3,63,4,0,8,6,12,20,13,13,4,77,0,0,3,10,9,11,20,5,0,61,0,5,13,15,10,7,4,3,0,70,0,3,0,7,4,9,6,5,3,41,0,0,0,0,3,3,0,0,0,17,0,4,17,10,7,12,10,0,0,61,0,0,0,0,0,0,0,0,0,0,0,0,0,0,3,0,0,0,0,4,8,13,11,12,24,20,25,14,8,128,9,41,96,103,128,138,106,41,19,695
LGA46970,3,21,46,22,11,9,0,0,0,103,0,0,0,0,0,0,0,0,0,0,0,0,8,4,5,3,0,0,0,27,18,62,145,122,118,37,4,0,0,510,30,269,796,616,417,149,6,0,0,2290,0,0,17,12,3,8,0,0,0,36,0,0,7,6,0,3,0,0,0,16,10,50,236,175,143,69,6,0,0,683,0,10,34,16,18,4,0,0,0,82,0,0,9,16,6,4,0,0,0,29,0,11,34,31,24,17,3,0,0,128,0,4,52,28,11,18,0,0,0,117,3,11,78,44,30,20,0,0,0,188,0,10,36,28,16,12,4,0,0,105,0,3,8,7,3,0,0,0,0,24,3,10,37,30,10,4,0,0,0,99,0,0,0,0,0,0,0,0,0,0,0,0,4,9,6,8,0,0,0,16,23,32,97,65,65,34,7,0,0,320,38,150,646,457,342,187,25,3,3,1849
LGA47140,146,399,856,632,391,273,98,34,11,2839,9,12,16,21,16,10,6,5,5,95,8,23,152,136,102,71,33,27,6,568,922,743,1324,1319,1282,1223,1145,1082,576,9612,1618,4174,11527,9450,7950,6162,3533,2026,774,47223,4,102,394,330,186,113,59,16,0,1209,24,125,641,489,201,115,35,12,0,1637,86,612,2069,2017,1931,1643,1328,668,160,10512,78,278,601,390,384,383,328,154,57,2648,13,68,224,152,125,87,42,14,0,724,49,410,1397,1080,883,741,306,147,39,5045,9,140,622,623,453,451,314,98,25,2728,131,732,2736,2302,1540,966,487,157,38,9088,143,693,1939,1612,1406,948,366,81,18,7198,48,148,379,254,101,85,52,26,0,1104,126,414,1046,685,468,319,186,61,19,3321,10,12,29,26,24,20,33,27,11,191,10,34,166,167,108,78,57,26,9,657,620,561,1380,1111,1108,1003,989,836,413,8026,1346,4342,13607,11237,8922,6944,4582,2309,798,54086
LGA47290,0,6,12,8,6,3,0,0,0,38,0,0,0,0,0,0,0,0,0,0,0,0,0,0,0,0,0,0,0,3,8,11,18,8,12,23,14,23,20,132,22,46,152,143,131,99,56,41,22,709,0,0,4,0,6,0,0,0,0,8,0,0,3,0,0,0,0,0,0,6,3,3,19,30,22,8,10,7,0,103,0,0,6,0,3,0,5,0,0,17,7,4,26,31,35,10,9,4,0,117,0,0,15,11,24,32,14,4,0,98,0,0,12,12,17,7,5,8,0,61,0,3,12,17,17,16,7,0,0,64,0,5,13,12,15,16,7,0,0,57,0,0,0,5,0,0,0,0,0,3,0,0,11,11,4,3,5,0,0,38,0,0,0,0,0,0,0,0,0,3,0,0,0,0,0,4,0,0,0,8,16,9,19,23,32,25,28,30,16,190,24,34,141,150,155,128,78,48,19,779
LGA47490,5,4,10,10,11,3,8,0,0,55,0,0,0,0,0,0,0,0,0,0,0,0,0,0,0,4,0,0,0,7,17,6,17,21,32,27,17,21,8,168,28,28,129,129,148,133,61,40,11,716,0,0,3,3,0,0,0,0,0,4,0,0,0,0,0,0,0,0,0,5,4,16,21,27,24,35,15,7,0,148,0,5,7,9,11,14,9,0,0,54,0,0,11,13,5,5,4,0,0,46,0,0,9,10,19,20,5,5,0,70,0,3,20,19,13,17,14,3,0,94,0,10,14,26,17,24,9,0,0,91,0,7,11,15,12,15,5,0,0,73,0,0,5,6,0,0,0,0,0,13,0,5,5,14,5,3,3,3,0,48,0,0,0,0,0,0,0,0,0,0,0,0,0,0,0,9,0,0,0,16,11,5,15,14,31,41,25,16,15,169,22,50,133,161,142,181,92,33,14,837
LGA47630,4,15,40,44,15,14,8,0,0,142,0,0,0,0,0,0,0,0,0,0,0,0,4,8,0,0,0,0,0,16,32,13,29,46,46,43,37,48,23,312,68,147,434,506,422,318,142,99,39,2173,0,0,13,3,8,0,0,0,0,24,0,3,9,7,8,0,0,0,0,25,6,53,96,89,79,86,36,22,5,480,6,13,20,15,17,18,3,0,0,95,4,24,47,66,68,31,28,3,4,270,0,8,38,40,69,61,23,20,4,268,0,4,38,37,30,46,32,12,3,199,10,8,75,86,82,42,17,0,4,329,6,9,32,33,41,36,17,0,0,175,0,0,9,4,4,5,5,0,0,24,10,18,31,37,14,15,4,4,0,133,0,0,3,0,3,0,0,0,3,14,0,3,0,3,6,4,0,0,4,25,48,42,79,63,107,79,88,64,63,625,86,181,494,489,537,432,256,122,89,2688
LGA47700,82,260,493,548,400,262,130,37,8,2231,3,0,4,7,8,10,0,4,0,41,0,23,103,110,100,77,29,21,5,474,466,261,499,636,657,605,716,691,399,4925,908,2852,7851,8553,7920,6687,3887,1902,656,41219,3,90,273,302,258,186,123,42,10,1279,30,96,360,399,219,148,62,0,0,1316,56,394,1305,1451,1692,1505,1360,729,175,8660,50,238,597,446,454,405,336,195,35,2748,17,68,169,175,147,84,56,17,5,733,28,285,967,952,1000,934,471,184,44,4863,12,147,741,768,637,731,591,190,50,3864,98,434,1774,2134,1759,1314,768,255,61,8594,89,394,1156,1197,1074,834,443,121,28,5328,41,184,343,279,171,109,82,35,9,1258,83,244,580,495,484,298,219,71,21,2497,9,3,7,13,15,15,18,25,11,117,6,12,112,126,90,60,42,27,8,479,271,243,544,608,617,576,605,562,354,4373,778,2832,8908,9340,8613,7189,5180,2447,815,46105
LGA47800,3,0,24,29,22,8,7,3,0,98,0,0,0,0,0,0,0,0,0,4,0,0,0,7,0,4,0,0,0,15,40,27,38,65,94,75,88,47,22,494,73,117,294,328,400,317,228,92,42,1891,0,0,0,5,4,4,7,0,0,17,0,0,4,3,0,0,0,0,0,9,9,23,61,51,44,74,37,24,0,315,0,9,10,16,18,17,11,6,0,86,11,19,52,59,48,27,17,4,4,237,0,0,24,17,42,59,30,11,4,191,0,4,16,20,25,29,27,9,0,131,5,13,46,47,48,28,28,6,0,210,6,8,30,38,53,37,24,0,0,204,0,0,4,8,3,5,0,0,0,27,3,8,22,24,25,10,4,0,0,108,0,0,5,0,0,0,0,3,0,10,0,0,0,3,0,5,8,0,0,21,33,26,49,54,54,48,85,49,15,400,77,115,322,337,359,339,276,112,27,1962
LGA47910,5,6,19,10,12,7,3,0,0,63,0,0,0,0,0,0,0,0,0,0,0,0,0,0,3,0,3,0,0,9,6,0,6,8,14,18,24,37,23,143,20,46,145,154,163,173,100,74,33,906,0,0,5,0,0,0,0,0,0,9,0,0,0,0,0,0,0,0,0,8,0,9,18,22,32,21,27,10,0,146,0,0,4,21,8,9,8,6,3,67,0,4,17,15,10,7,8,5,0,77,0,0,20,10,25,40,21,5,4,126,0,3,16,12,16,25,20,3,4,105,0,4,20,22,24,21,18,0,4,111,3,4,13,16,19,13,10,6,0,81,0,0,4,3,8,3,0,0,0,17,0,5,22,17,16,10,3,6,0,74,0,0,0,0,0,0,0,0,0,4,0,0,0,0,3,0,0,0,0,8,16,12,21,15,28,42,32,15,29,201,21,46,164,168,177,203,148,70,46,1038
LGA47980,14,86,161,164,116,70,25,19,11,672,4,3,4,7,4,0,5,3,3,29,3,17,38,62,58,46,17,4,5,254,143,169,273,288,303,282,228,322,506,2510,236,1325,4173,4138,3856,3340,1516,868,822,20270,4,65,246,209,206,180,135,45,24,1119,6,29,160,160,96,71,12,0,0,537,12,88,404,343,348,300,224,118,86,1913,3,66,192,158,146,126,113,42,16,862,0,18,89,74,66,36,27,13,8,333,10,155,702,593,598,601,369,162,121,3319,0,54,207,244,354,505,368,115,71,1918,26,223,894,1103,989,631,350,134,69,4415,20,166,620,638,548,607,368,127,43,3143,23,101,296,223,155,111,65,29,9,1017,14,71,180,135,146,84,66,14,13,721,5,10,0,4,5,0,3,5,0,34,5,9,59,49,61,42,20,14,15,265,98,113,270,277,245,284,231,189,266,1976,223,1164,4322,4222,3958,3579,2363,989,745,21555
LGA48050,15,30,61,66,52,61,38,24,5,340,0,0,0,0,0,0,0,0,0,8,0,0,9,9,9,13,13,13,6,64,70,38,79,95,114,181,252,301,155,1282,126,213,585,770,887,1284,1200,792,322,6170,0,0,11,12,10,18,35,17,3,104,3,0,13,18,7,9,7,0,0,64,3,19,81,94,134,162,333,217,72,1121,9,15,38,53,46,72,91,60,15,392,0,13,32,45,43,35,35,17,10,229,4,16,88,111,144,206,170,88,36,868,0,8,49,61,83,164,205,66,18,645,5,35,110,134,144,199,252,97,34,1015,10,25,106,124,132,179,164,55,10,805,0,13,24,28,22,26,18,9,5,152,7,27,61,76,60,54,77,28,7,394,0,6,6,3,0,3,9,7,0,32,0,0,8,5,15,17,19,5,4,78,69,38,52,81,112,154,227,218,175,1123,118,218,667,845,943,1307,1641,888,394,7011
LGA48130,7,19,32,29,18,14,3,0,0,123,0,0,0,0,0,0,0,0,0,3,0,0,0,4,4,4,0,0,4,23,49,14,45,69,63,64,53,73,38,465,70,120,381,411,391,387,210,121,65,2166,0,0,0,4,9,8,6,0,0,29,0,4,3,9,4,5,0,0,0,24,9,33,71,86,77,84,60,18,4,441,3,10,14,18,16,21,14,10,6,108,3,23,42,57,39,32,17,3,0,221,0,14,38,37,55,67,36,12,4,275,0,15,35,36,23,39,49,3,9,201,3,16,65,51,53,45,22,4,0,261,9,16,51,45,59,51,27,5,5,258,0,3,6,7,3,7,0,4,0,31,7,14,43,31,24,19,5,4,0,143,0,0,5,0,0,4,0,4,0,14,3,4,4,0,3,4,0,0,0,20,42,21,49,59,69,88,83,54,41,510,81,167,431,452,438,465,326,132,63,2554
LGA48260,3,11,22,34,15,14,14,7,6,122,0,0,0,0,0,3,0,0,0,10,0,0,0,5,8,11,8,3,5,42,25,37,32,53,60,65,48,89,62,473,42,225,517,704,705,724,450,313,133,3819,0,14,35,37,27,43,28,17,3,205,0,5,28,18,21,14,7,3,0,107,0,19,60,63,80,68,63,48,18,420,3,13,33,22,34,35,19,11,3,173,0,3,4,9,9,5,4,4,0,33,0,33,122,135,156,134,112,61,47,796,0,7,31,39,50,101,72,33,11,349,4,54,127,166,211,136,100,46,10,851,5,29,78,106,102,116,92,33,15,568,0,15,37,32,25,23,17,11,0,155,8,17,24,21,25,15,17,6,4,138,6,0,0,0,0,0,4,5,4,14,0,3,11,11,8,10,6,8,4,52,30,31,52,59,68,67,51,40,32,428,57,242,644,704,816,773,597,317,152,4300
LGA48340,13,28,66,69,43,28,9,0,0,254,0,0,6,0,0,0,0,0,0,9,0,0,3,8,6,4,0,0,0,25,55,27,44,74,92,123,121,120,61,721,126,226,656,785,756,643,385,207,83,3867,0,0,22,17,11,19,15,5,0,88,4,5,0,4,8,0,3,0,0,36,9,58,133,155,162,186,107,40,18,861,0,20,47,41,40,34,26,14,4,231,5,16,48,88,73,48,35,11,4,334,4,16,48,48,85,94,51,17,4,374,5,15,59,64,71,90,66,23,7,397,8,45,96,131,112,99,30,14,6,545,8,30,55,87,76,90,37,8,0,390,0,4,17,10,12,7,3,5,3,56,20,24,62,49,58,35,20,6,4,272,3,0,0,3,4,6,5,0,0,24,0,0,0,14,15,11,5,6,0,46,69,45,79,100,159,143,148,92,91,925,127,277,664,824,886,853,547,243,143,4572
LGA48410,51,236,439,316,200,116,81,27,10,1470,6,11,3,6,3,0,8,8,0,36,5,23,100,106,63,36,13,16,3,360,233,310,540,442,462,384,423,651,535,3977,462,2379,6926,5217,4110,2779,1768,1458,828,25925,8,82,317,257,164,114,54,22,16,1032,16,90,416,288,143,56,18,5,0,1036,20,215,873,693,739,571,405,320,155,3989,16,125,357,219,243,167,95,72,20,1318,3,31,124,99,93,45,28,3,4,433,9,271,1000,596,505,406,202,109,40,3144,3,83,430,384,358,394,278,126,64,2128,59,471,1940,1442,915,614,316,157,84,6011,63,275,971,806,598,468,224,74,30,3504,13,144,422,260,155,89,42,17,3,1146,43,159,470,306,255,134,100,41,11,1530,6,7,14,6,9,11,18,16,5,97,3,29,114,110,66,34,22,15,11,404,167,238,611,426,425,362,369,398,486,3483,432,2225,8059,5893,4673,3475,2167,1387,946,29250
LGA48540,17,54,126,96,65,37,23,7,0,423,0,0,4,0,5,5,0,0,0,12,0,4,17,16,11,5,0,0,0,60,159,116,206,244,319,270,341,249,79,1996,249,655,1527,1775,1701,1208,874,469,117,8583,0,0,20,15,18,15,12,3,0,80,0,8,28,23,21,12,0,3,0,93,23,154,393,432,561,453,292,200,41,2554,3,23,42,34,58,83,74,48,6,374,4,13,26,23,31,10,6,0,0,109,0,43,159,170,210,165,43,29,11,832,0,33,168,116,96,70,66,19,6,584,12,76,266,244,243,154,56,18,6,1076,12,60,198,200,220,119,55,11,0,876,6,11,15,10,18,18,0,0,0,74,18,55,138,96,65,36,41,13,4,471,0,7,12,7,7,10,6,0,0,44,0,4,18,15,16,0,7,5,4,74,149,131,258,212,287,252,262,235,105,1886,231,620,1738,1602,1840,1403,924,578,181,9121
LGA48640,0,0,11,10,0,5,0,0,0,21,0,0,0,0,0,0,0,0,0,0,0,0,3,0,0,0,0,0,0,3,4,0,3,6,3,4,5,15,6,60,14,29,104,82,61,59,31,23,17,409,0,0,0,3,0,0,0,0,0,3,0,0,0,0,0,0,0,0,0,4,0,6,12,16,15,15,3,0,0,70,0,0,6,4,7,0,0,0,0,14,4,5,8,18,8,3,0,0,0,47,0,0,11,9,10,8,3,0,0,41,0,4,6,10,6,13,7,6,0,49,0,0,10,12,11,5,0,0,0,36,0,7,10,8,3,8,0,0,0,34,0,0,0,0,0,0,0,0,0,7,0,0,13,5,3,0,0,0,0,27,0,0,0,0,0,0,0,0,0,0,0,0,0,6,0,0,0,0,0,3,10,0,9,12,21,23,14,10,8,103,17,19,71,98,86,71,38,17,9,436
LGA48750,3,4,24,20,24,28,12,3,0,116,0,0,0,0,0,0,0,0,0,5,0,0,4,0,6,4,0,0,0,17,17,11,26,31,34,57,54,54,23,299,38,57,167,273,367,454,338,147,36,1881,0,3,3,3,10,17,17,8,0,57,0,0,3,6,0,7,0,0,0,18,7,8,33,41,63,85,107,36,16,394,0,5,18,24,24,35,34,11,0,153,0,9,27,22,26,37,18,3,0,149,0,4,31,29,48,71,42,16,4,255,0,0,13,10,30,77,56,17,10,219,0,10,33,54,44,79,66,15,5,306,0,5,35,38,57,87,56,11,0,290,0,5,7,7,7,21,12,7,0,71,6,10,24,25,22,26,23,8,0,134,0,0,0,0,0,0,0,0,0,8,0,3,0,10,4,7,6,0,0,27,32,23,25,30,51,100,93,50,15,423,59,79,258,298,393,640,530,183,49,2496
LGA48830,8,23,47,43,31,30,25,8,0,216,0,0,0,0,0,0,0,0,0,4,0,0,3,3,8,6,3,0,0,34,51,27,34,43,76,125,169,162,75,756,88,199,461,507,705,822,649,352,110,3888,0,0,3,6,3,9,9,6,0,41,0,0,3,4,3,4,4,0,0,21,7,32,87,89,135,205,232,96,18,902,0,19,38,25,55,77,65,29,6,299,17,25,65,71,60,36,21,11,4,304,3,10,48,56,96,149,89,38,8,494,0,12,48,51,51,103,83,34,12,392,4,21,79,83,85,93,72,18,3,459,7,14,30,47,83,87,52,6,0,326,0,3,8,12,10,8,13,0,0,62,5,18,57,45,30,39,32,14,3,240,0,0,0,0,0,0,3,0,4,9,0,0,7,4,3,6,10,0,0,32,49,19,47,70,101,155,203,125,97,880,86,173,522,561,709,980,898,382,156,4473
LGA49399,0,12,29,13,14,7,0,0,0,86,0,0,4,0,0,0,0,0,0,4,0,0,4,8,9,3,0,0,0,21,59,49,105,122,126,88,46,21,0,624,77,144,431,377,430,312,111,34,3,1909,0,0,6,8,7,4,6,0,0,33,0,0,4,7,4,3,3,0,0,17,3,14,93,69,72,53,31,7,0,346,0,0,18,17,22,21,6,0,0,91,5,10,25,25,28,13,11,0,0,112,0,0,14,21,21,22,14,0,0,99,3,3,23,12,25,24,6,0,0,97,0,6,30,26,33,30,5,0,0,131,0,7,24,16,17,15,7,3,0,86,0,0,0,7,3,4,0,0,0,16,0,4,19,13,13,9,0,0,0,63,0,0,0,0,0,0,4,0,0,9,0,3,0,0,8,0,0,0,0,20,32,37,108,105,142,121,67,32,5,655,42,90,370,335,389,325,153,51,14,1768
LGA49499,4,9,28,11,11,5,0,0,0,70,0,0,0,0,0,0,0,0,0,0,0,0,3,0,5,3,0,0,0,12,23,38,94,88,109,78,54,61,55,603,39,136,399,277,280,243,123,68,68,1634,0,5,10,3,6,0,0,0,0,29,0,0,0,3,0,0,0,0,0,10,3,18,57,29,27,42,37,10,5,227,0,0,20,15,12,12,10,4,0,82,0,4,11,5,7,3,9,0,0,43,0,3,25,14,22,23,6,0,0,89,0,0,6,8,6,11,7,0,0,50,0,16,59,15,20,32,17,0,4,165,0,16,40,19,32,18,13,0,0,128,0,6,12,7,6,0,10,0,0,46,3,9,24,8,9,6,4,0,0,64,0,0,0,0,0,4,0,0,0,8,0,3,4,4,3,0,0,0,0,19,37,55,115,123,150,91,48,15,0,628,48,131,389,261,314,249,156,29,11,1599
LGA49799,0,0,0,0,0,0,0,0,0,0,0,0,0,0,0,0,0,0,0,0,0,0,0,0,0,0,0,0,0,0,0,0,0,0,0,0,0,0,0,0,0,0,0,3,0,0,0,0,0,7,0,0,0,0,0,0,0,0,0,0,0,0,0,0,0,0,0,0,0,0,0,0,0,0,0,0,0,0,0,0,0,0,0,0,0,0,0,0,0,0,0,0,0,0,0,0,0,0,0,0,0,0,0,0,0,0,0,0,0,0,0,0,0,0,0,0,0,0,0,0,0,0,0,0,0,0,0,0,0,0,0,0,0,0,0,0,0,0,0,0,0,0,0,0,0,0,0,0,0,0,0,0,0,0,0,0,0,0,0,4,0,0,0,0,0,0,0,0,0,0,0,0,0,0,0,0,0,0,0,0,0,0,0,0,0,0,0,0,0,0,0,0,0,0,0,0,0,0,0,5
LGA50080,38,78,164,177,136,78,50,21,8,731,0,0,9,6,0,3,4,4,0,28,8,5,19,32,29,18,13,11,0,137,214,182,303,365,305,278,278,334,156,2415,526,938,2130,2739,2807,2333,1360,817,303,13958,0,16,57,87,63,60,54,15,4,354,16,31,61,42,36,19,6,3,0,222,38,187,413,388,480,482,356,167,59,2580,28,82,227,170,162,168,137,70,22,1065,28,59,111,184,187,150,95,49,16,880,33,65,300,295,393,427,290,120,42,1956,9,34,168,292,325,407,228,96,25,1591,58,129,342,427,453,382,227,76,31,2124,54,126,268,358,352,383,191,42,16,1784,13,32,67,76,76,73,52,16,4,408,30,80,219,167,164,102,77,28,13,880,5,3,7,3,8,10,11,15,5,54,0,8,16,36,39,33,16,10,5,160,233,191,455,388,408,455,418,348,224,3120,546,1051,2708,2923,3130,3136,2167,1064,460,17176
LGA50210,64,212,404,292,207,160,84,18,3,1437,5,4,4,0,6,3,4,4,0,39,4,18,48,54,51,37,13,16,0,239,437,368,743,727,703,620,469,456,164,4681,916,2263,5743,4849,4591,3813,1981,1040,280,25469,0,68,309,237,153,116,61,14,3,966,34,70,390,296,103,68,18,0,0,974,60,486,1806,1589,1353,1052,720,289,60,7410,39,170,533,339,289,247,184,91,36,1921,9,46,176,157,98,76,46,19,6,623,37,196,980,683,541,491,256,100,20,3298,19,116,537,555,479,426,225,78,22,2458,106,440,1909,1556,951,624,338,129,21,6078,72,338,1080,775,633,501,241,64,12,3721,47,120,295,205,103,89,61,23,8,945,77,242,620,419,293,186,126,30,8,1998,6,13,14,15,13,5,15,12,0,94,7,24,99,93,77,53,26,16,5,412,352,365,937,860,734,642,583,430,255,5160,872,2697,9678,7785,5815,4587,2900,1291,452,36073
LGA50250,5,23,96,69,45,16,0,0,0,255,0,0,0,0,0,0,0,0,0,0,0,0,7,21,9,6,3,0,0,54,41,153,443,396,316,153,29,3,0,1537,67,493,1719,1541,1038,466,66,7,0,5390,0,5,48,44,12,6,0,0,0,115,0,0,20,27,11,0,0,0,0,66,8,137,1062,886,682,317,35,0,0,3121,0,14,200,150,109,63,10,5,0,548,0,3,39,29,18,12,0,0,0,107,0,7,93,90,66,53,3,0,0,311,0,10,93,68,55,33,16,0,0,281,4,32,204,200,116,73,8,0,0,643,0,13,111,72,38,19,5,0,0,261,0,4,20,17,10,8,6,0,0,68,0,23,112,110,65,27,5,0,0,335,0,0,3,0,0,4,0,0,0,7,0,0,17,22,39,14,0,0,0,88,39,112,679,602,496,261,40,8,0,2234,61,365,2691,2325,1714,898,114,16,0,8182
LGA50280,4,23,106,114,66,25,15,3,0,364,0,0,0,0,4,0,0,0,0,6,0,0,8,15,3,12,9,0,0,45,77,45,159,186,161,128,81,75,36,956,130,197,1024,1347,1126,903,451,225,76,5477,0,5,73,113,53,41,25,8,0,320,4,4,9,9,6,7,7,0,0,54,7,29,153,222,189,190,121,50,18,984,3,18,114,158,135,106,50,16,9,608,3,10,77,132,71,49,21,18,0,386,0,11,111,166,121,134,94,31,15,685,4,12,106,166,143,180,98,54,10,769,12,29,170,202,161,135,96,26,4,836,11,32,109,162,119,104,65,17,9,632,3,15,74,72,46,44,20,6,7,293,5,27,147,126,114,59,26,9,0,516,7,0,5,0,0,0,0,3,0,19,0,3,12,20,10,16,7,0,0,69,122,37,159,221,198,194,126,80,39,1174,189,234,1312,1775,1375,1264,758,312,112,7335
LGA50350,14,45,97,59,63,35,13,17,0,342,0,0,0,0,0,3,4,0,0,10,0,3,11,17,14,9,7,0,0,60,82,66,123,152,158,119,128,118,42,979,152,491,1415,1428,1251,946,488,284,92,6550,0,17,79,78,49,22,12,0,0,254,9,7,56,53,38,19,6,0,0,178,3,57,279,258,245,214,157,64,22,1300,10,26,114,96,68,47,42,28,5,438,3,11,33,53,20,16,4,0,0,134,10,32,177,135,127,94,50,13,9,652,4,12,98,138,133,117,67,21,11,602,10,62,318,293,242,158,80,33,14,1204,18,57,208,222,168,172,76,14,6,934,3,33,102,99,67,32,14,9,0,354,14,27,97,81,56,53,30,9,0,366,0,0,5,0,0,5,0,4,0,18,0,0,16,21,20,9,7,8,4,84,54,58,148,157,154,148,120,117,84,1037,133,402,1724,1671,1392,1089,668,327,151,7547
LGA50420,36,234,475,351,219,184,81,24,8,1613,3,5,6,13,4,8,4,0,0,54,0,26,118,85,66,41,17,14,0,369,338,383,897,648,651,634,540,551,336,4981,585,2531,8143,6366,4968,4006,2292,1259,570,30711,3,103,396,333,222,148,78,22,12,1311,10,67,364,330,172,62,26,0,0,1037,34,342,1421,1103,919,870,613,327,78,5701,17,129,548,341,265,229,172,107,26,1837,3,17,119,110,76,42,20,17,0,404,14,218,924,646,468,415,231,115,35,3066,11,76,434,530,491,464,257,114,33,2411,67,428,2048,1615,1108,733,407,138,54,6600,47,252,1063,921,594,557,258,60,12,3773,26,185,570,365,244,119,58,24,4,1597,37,183,585,400,264,188,136,41,10,1848,10,10,24,7,10,16,13,17,7,118,10,20,122,93,65,63,30,8,5,423,227,311,937,678,607,586,546,511,477,4888,518,2354,9547,7473,5520,4493,2838,1502,760,34998
LGA50490,22,153,335,170,118,79,32,19,10,937,5,3,3,3,8,0,3,5,0,34,7,13,44,34,29,18,3,3,10,159,231,340,686,581,478,393,368,365,166,3614,404,1577,4808,3375,2457,1784,1092,761,294,16564,3,61,225,172,88,58,29,5,0,636,10,49,268,190,75,37,14,0,0,631,22,263,1048,747,609,451,303,160,48,3656,12,73,329,143,123,109,66,65,13,933,0,18,79,70,40,33,17,5,0,260,17,153,571,311,215,183,112,40,15,1624,7,50,213,208,172,175,82,36,11,955,39,333,1324,880,522,335,178,69,25,3704,25,164,573,419,260,245,91,39,3,1821,10,91,234,118,67,34,26,10,3,588,31,123,448,246,125,100,42,13,7,1145,7,3,11,12,6,9,3,14,8,64,3,20,80,64,38,29,10,5,9,249,207,414,1087,649,489,471,391,349,197,4255,385,1816,6486,4241,2828,2264,1363,813,338,20527
LGA50560,0,0,3,11,8,7,3,0,0,35,0,0,7,0,0,0,0,0,0,7,0,0,0,0,0,0,0,0,0,6,11,4,11,18,12,13,28,20,6,117,12,18,58,87,98,146,104,37,10,581,0,0,3,0,3,7,4,0,0,19,0,0,0,0,0,0,0,0,0,0,0,0,19,17,16,30,25,18,0,132,0,0,3,3,9,0,8,11,0,34,0,3,11,8,13,13,6,4,0,58,0,0,6,12,9,22,15,7,0,66,0,0,3,9,16,17,4,5,0,55,0,4,13,18,17,14,8,3,0,89,0,0,11,12,12,16,10,3,0,55,0,0,0,0,4,4,3,0,0,13,0,0,5,11,0,8,4,0,0,28,0,0,0,0,0,0,0,0,3,4,0,0,0,6,3,0,0,0,0,6,7,5,20,26,40,43,39,40,13,229,9,23,94,112,138,174,135,84,19,785
LGA50630,0,5,7,11,6,6,4,0,0,42,0,0,0,0,0,0,0,0,0,3,0,0,0,0,0,0,0,0,0,4,19,30,111,97,76,45,14,12,3,413,36,71,297,294,218,142,45,21,3,1138,0,0,5,12,0,3,0,0,0,22,0,0,0,0,0,0,0,0,0,6,0,12,48,53,41,29,20,6,0,214,0,0,10,11,0,7,0,0,0,32,0,0,8,8,11,4,3,0,0,32,0,0,10,12,14,16,9,3,0,68,0,0,6,12,18,12,8,4,0,58,0,4,24,24,16,8,11,0,0,86,0,0,10,10,8,6,0,0,0,39,0,0,0,6,3,0,0,4,0,13,0,0,10,4,8,4,0,0,0,24,0,0,0,0,0,0,3,0,0,5,0,3,3,0,5,0,0,0,0,11,9,5,28,27,40,24,17,17,6,187,16,39,162,181,160,121,80,33,6,793
LGA50770,0,5,0,4,8,0,0,0,0,21,0,0,0,0,0,0,0,0,0,3,0,0,0,0,0,0,3,0,0,3,13,0,7,10,23,7,16,10,12,101,22,27,85,126,127,115,70,23,10,603,0,0,0,13,0,0,0,0,0,9,0,0,0,0,0,0,0,0,0,3,0,5,12,21,27,27,14,8,0,115,0,0,4,5,8,3,3,0,0,29,0,7,14,13,24,5,12,4,0,76,0,0,7,8,17,17,22,5,0,73,0,4,13,15,11,19,16,3,0,83,5,4,5,18,11,18,15,3,0,74,0,0,4,13,9,6,7,3,0,41,0,0,0,0,4,0,0,0,0,10,0,0,3,8,4,5,0,3,0,30,0,0,0,0,0,0,0,0,0,3,0,0,5,0,0,0,0,0,0,7,16,0,7,4,28,36,34,20,9,144,23,17,75,126,128,145,119,50,13,700
LGA50840,3,7,10,27,16,20,14,0,0,93,0,0,0,0,0,0,0,0,0,6,0,0,0,7,5,0,0,0,0,17,14,12,16,23,30,37,40,22,11,201,43,68,174,304,373,428,253,77,20,1746,0,0,0,10,5,19,4,0,0,44,4,0,0,4,3,5,3,0,0,15,4,17,41,64,90,103,100,26,0,446,7,3,22,10,14,26,22,10,0,123,0,4,11,20,27,17,12,4,5,103,0,0,9,27,42,55,37,14,8,212,0,8,15,44,49,57,53,4,0,226,4,8,21,37,40,57,51,10,3,238,3,12,14,47,50,51,38,8,0,216,3,5,10,18,12,18,8,4,0,75,10,12,15,28,20,18,12,3,0,114,0,0,0,0,0,3,0,0,0,7,0,0,0,0,9,8,7,0,0,25,29,18,34,44,85,72,71,63,15,437,67,87,209,359,441,513,426,149,36,2284
LGA50910,0,0,4,7,4,0,0,0,0,15,0,0,0,0,0,0,0,0,0,0,0,0,0,0,0,0,0,0,0,0,4,0,9,14,6,18,20,10,3,81,3,12,45,60,44,56,49,21,8,305,0,0,0,0,0,0,0,0,0,0,0,4,0,0,0,0,0,0,0,3,0,5,5,8,10,3,11,0,0,48,0,0,5,4,3,3,0,0,0,17,0,4,5,0,5,0,7,0,0,32,0,4,3,0,3,0,5,0,0,26,0,0,10,3,3,7,5,0,0,36,0,6,9,16,7,3,5,0,0,42,0,0,8,8,5,6,4,0,0,26,0,0,0,0,3,0,0,0,0,8,0,0,3,3,7,4,0,0,0,18,0,0,0,0,0,0,0,0,0,0,0,0,0,0,0,0,0,0,0,0,4,6,12,10,19,15,26,17,20,130,10,29,47,59,69,51,65,31,20,388
LGA50980,16,58,146,109,52,22,10,0,0,414,0,0,0,5,0,0,0,0,0,7,4,5,11,24,18,9,7,0,0,85,160,186,409,410,309,217,102,46,14,1850,244,550,1752,1721,1321,864,292,96,21,6854,0,3,58,48,20,13,6,0,0,152,0,9,13,22,12,9,0,0,0,65,10,45,277,223,218,152,79,17,0,1023,11,35,113,112,96,65,20,10,0,465,9,27,71,86,63,32,14,0,0,304,8,32,206,179,154,134,38,11,0,757,0,21,150,179,129,131,46,9,0,667,28,72,262,254,191,142,29,9,5,990,11,40,222,179,144,100,30,10,3,737,3,24,81,57,37,26,9,0,0,234,12,41,159,116,81,33,16,4,0,459,0,0,6,0,5,4,5,0,0,14,0,5,22,19,20,21,0,0,0,82,185,157,460,430,330,307,151,51,13,2092,290,509,2101,1920,1488,1162,437,120,30,8054
LGA51080,0,0,3,8,3,0,0,0,0,14,0,0,0,0,0,0,0,0,0,0,0,0,0,0,0,0,0,0,0,0,5,0,9,14,9,7,11,3,0,65,10,14,71,85,65,59,34,13,0,350,0,0,6,0,0,0,0,0,0,3,0,0,0,0,0,0,0,0,0,4,0,3,14,8,10,14,3,4,0,59,0,0,4,0,4,8,5,0,0,24,0,3,13,14,8,8,4,0,0,55,0,0,4,6,5,8,4,3,0,32,0,0,10,6,20,11,0,0,0,47,0,4,10,9,13,0,4,0,0,39,0,0,4,4,4,8,5,0,0,27,0,0,0,0,0,0,0,0,0,3,0,0,5,0,3,3,6,0,0,20,0,0,0,0,0,0,0,0,0,0,0,0,0,0,0,0,0,0,0,0,10,6,28,8,11,29,21,21,3,141,13,21,88,71,88,96,43,32,6,459
LGA51120,0,0,0,0,4,3,0,0,0,17,0,0,0,0,0,0,0,0,0,0,0,0,0,0,0,0,0,0,0,0,6,0,4,13,7,7,10,12,14,73,13,15,51,62,47,45,27,23,15,304,0,0,0,0,0,0,0,0,0,5,0,0,0,0,0,0,0,0,0,0,0,0,17,17,15,13,14,0,0,61,0,0,5,0,0,0,0,0,0,8,0,0,0,3,0,7,3,0,0,24,0,0,13,0,3,10,3,4,4,41,0,0,12,8,14,14,0,0,0,46,0,4,5,12,3,10,0,0,0,37,0,0,4,6,9,4,6,0,0,30,0,0,0,0,0,0,0,0,0,0,0,0,3,6,0,0,4,0,0,22,0,0,0,0,0,0,0,0,0,4,0,0,0,0,0,3,0,0,0,4,0,7,4,6,15,13,18,10,3,87,13,15,67,48,66,66,56,24,11,369
LGA51190,40,116,217,170,116,87,29,11,3,787,9,3,9,3,0,4,0,0,0,21,3,13,30,23,21,14,10,4,7,114,214,238,492,471,403,365,321,363,169,3036,485,1207,2860,2494,2543,2016,1078,704,259,13649,0,25,87,60,57,42,33,14,0,317,4,24,65,49,40,9,3,7,0,203,41,162,551,527,467,502,330,141,40,2764,11,84,220,167,166,160,123,48,10,999,5,29,62,84,55,44,28,10,6,318,13,72,304,242,269,329,159,88,26,1508,11,35,179,245,270,304,165,64,13,1288,47,170,449,430,409,362,164,59,21,2113,38,95,239,270,265,244,115,31,11,1314,8,44,76,62,43,40,32,14,3,319,29,96,214,192,129,100,58,15,11,845,9,4,6,0,0,4,7,0,3,47,0,10,34,41,43,22,9,0,0,160,186,197,476,450,457,385,354,266,155,2929,412,1048,2960,2823,2671,2545,1589,761,305,15108
LGA51260,33,87,230,277,157,119,39,22,8,967,3,5,0,0,4,0,3,0,0,16,0,6,24,23,29,20,11,0,0,107,191,112,221,288,288,266,231,281,130,2000,391,704,2125,2837,2567,2013,1329,776,238,12989,4,12,79,125,80,47,47,18,9,426,8,5,41,35,31,20,15,0,0,151,19,137,382,488,519,473,430,215,53,2720,18,88,251,280,264,248,157,71,16,1383,3,30,117,163,119,104,60,35,12,642,25,36,226,350,346,351,259,128,33,1758,11,33,194,382,348,369,234,79,11,1657,53,125,413,583,519,373,324,113,21,2523,32,71,246,327,293,267,167,56,11,1470,7,34,94,115,90,55,50,19,12,466,13,89,290,302,223,125,105,24,13,1180,4,3,7,4,0,0,5,5,3,38,0,6,19,38,34,20,21,8,0,145,204,139,329,411,435,442,407,343,244,2961,407,794,2686,3604,3304,2888,2279,1123,437,17519
LGA51310,7,42,64,65,55,42,17,17,8,311,6,0,0,0,0,0,0,0,5,14,0,9,29,26,32,19,14,13,13,142,75,83,184,175,156,163,125,179,138,1278,135,788,2165,3138,3189,2055,1161,773,413,13819,0,80,128,196,223,183,94,33,15,960,0,12,58,88,88,39,10,0,0,294,9,93,325,390,410,319,191,136,52,1915,0,39,131,118,134,95,56,41,22,648,0,14,35,39,32,28,16,12,0,174,0,89,362,541,574,433,229,162,81,2474,0,30,112,186,278,316,194,119,50,1277,3,153,531,821,879,504,264,128,75,3354,4,116,311,406,446,314,179,79,27,1879,13,67,149,126,100,60,45,13,9,579,8,21,76,60,66,51,24,29,14,346,4,6,7,0,0,0,7,0,3,30,0,15,24,33,43,31,19,19,5,178,65,75,242,203,203,164,144,164,125,1389,112,801,2481,3214,3489,2532,1470,922,487,15502
LGA51330,58,278,519,401,298,193,77,32,12,1869,10,27,8,10,14,12,12,3,4,96,8,48,85,77,89,64,31,8,8,416,490,742,1029,736,659,651,536,515,305,5660,988,4644,9849,7884,7406,5581,2900,1501,581,41336,8,234,576,475,428,251,151,36,8,2168,30,143,584,559,288,109,35,0,0,1747,58,692,1925,1744,1592,1246,857,379,88,8569,32,217,431,351,294,298,204,115,36,1982,14,48,131,124,116,84,49,17,9,598,37,407,1286,998,779,665,381,170,40,4767,22,144,454,601,719,670,449,175,33,3271,116,898,2880,2172,1755,1088,605,215,66,9787,74,366,1022,950,789,627,336,99,36,4290,50,219,421,236,149,91,51,22,12,1253,58,240,638,397,323,225,118,41,18,2052,22,26,22,13,12,13,18,15,4,141,8,42,144,127,123,73,54,27,8,596,325,522,1064,722,615,548,470,450,364,5075,842,4190,11585,9462,7974,5999,3770,1756,731,46304
LGA51400,8,32,64,95,49,41,9,3,0,299,0,0,0,0,0,0,0,0,0,0,0,0,4,15,14,4,6,0,0,48,106,42,113,197,149,121,73,52,9,862,222,368,1053,1613,1415,853,364,119,26,6028,6,7,29,45,57,22,15,6,0,183,6,11,31,32,8,8,0,3,0,104,33,100,256,398,412,252,154,36,5,1651,11,24,87,96,108,67,43,14,4,453,6,10,37,49,58,39,22,0,0,228,18,31,160,192,232,181,74,20,4,905,7,19,89,206,215,139,74,20,3,758,32,69,204,283,269,167,81,10,0,1125,46,44,131,170,168,104,59,12,4,735,10,12,27,25,30,21,9,0,0,125,15,37,87,81,72,40,25,5,0,355,0,3,0,0,3,0,4,6,0,22,0,5,11,18,32,12,7,0,0,88,111,67,150,176,203,141,114,61,14,1037,301,436,1291,1782,1863,1202,678,182,37,7774
LGA51470,0,3,4,3,0,3,0,0,0,9,0,0,0,0,0,0,0,0,0,0,0,0,0,0,3,0,0,0,0,3,3,3,10,3,13,14,15,0,0,58,6,18,45,23,40,46,25,6,0,209,0,0,0,0,0,0,0,0,0,0,0,0,0,0,0,0,0,0,0,0,0,4,11,3,14,3,5,0,0,52,0,0,0,0,0,4,6,0,0,15,0,0,0,3,3,3,0,0,0,14,0,0,3,0,0,4,3,0,0,17,0,0,8,7,5,0,0,0,0,22,0,5,3,4,6,6,5,0,0,30,0,0,3,0,0,0,0,0,0,8,0,0,0,0,0,0,0,0,0,0,0,0,0,3,0,3,0,0,0,10,0,0,0,0,0,0,0,0,0,0,0,0,0,0,0,0,0,0,0,0,0,9,3,3,16,12,5,9,0,56,3,15,41,38,45,47,24,12,0,223
LGA51540,0,12,29,47,25,12,7,5,0,137,3,0,0,0,0,0,0,0,0,6,0,0,4,4,0,9,0,0,0,15,47,42,112,136,127,143,102,57,15,779,74,141,438,485,444,383,222,96,21,2309,0,0,14,7,5,4,0,0,0,44,0,3,4,0,0,4,0,0,0,15,7,23,72,69,88,75,47,19,3,392,0,12,24,24,34,20,8,5,0,130,0,6,17,13,15,10,5,0,0,77,0,6,34,25,45,48,20,6,5,185,0,5,41,47,43,36,16,0,0,187,8,19,60,45,42,28,16,11,3,228,3,9,39,31,42,21,12,4,0,159,0,0,14,7,5,0,0,0,0,36,3,9,28,37,22,20,9,3,0,132,0,3,3,3,0,0,0,0,0,13,0,6,3,9,5,6,3,0,0,25,46,60,140,146,146,132,92,53,23,831,73,163,499,463,488,408,228,96,35,2445
LGA51610,0,0,0,5,0,3,3,0,0,21,0,0,0,0,0,0,0,0,0,0,0,0,0,0,0,0,0,0,0,0,12,5,4,9,10,27,8,11,0,78,15,21,61,85,86,104,48,12,0,441,0,0,0,0,0,0,0,0,0,8,0,5,0,0,4,0,0,0,0,8,7,4,17,23,18,25,11,4,0,116,0,0,5,9,7,5,4,0,0,34,0,3,8,9,7,3,5,0,0,34,0,0,4,9,19,11,7,3,0,54,0,4,8,16,19,13,5,0,0,53,7,8,14,27,20,12,8,4,0,87,0,3,0,6,7,4,9,4,0,41,0,0,0,0,6,0,0,0,0,4,0,0,4,4,5,5,5,0,0,22,0,0,0,0,0,0,0,0,0,0,0,0,5,5,4,0,0,0,0,8,7,6,13,32,37,28,18,9,0,149,17,26,83,143,156,104,69,22,3,623
LGA51680,3,3,14,29,20,15,6,0,0,96,0,0,0,0,0,0,0,0,0,0,0,0,6,0,4,0,4,0,0,15,36,19,19,56,64,35,37,16,0,283,64,60,185,384,433,298,205,49,9,1685,0,3,5,13,4,8,0,0,0,35,0,3,4,18,5,0,3,0,0,34,13,29,69,128,145,116,76,38,0,607,0,3,27,22,31,25,19,8,3,144,0,6,14,15,12,15,7,5,0,79,6,11,30,30,53,44,29,10,0,215,3,6,13,21,44,38,20,7,0,159,3,14,41,64,79,58,42,13,0,313,4,7,38,44,37,30,13,0,0,172,8,0,6,10,3,9,7,0,0,37,3,11,22,34,31,16,16,6,0,140,3,0,0,0,0,0,0,5,0,6,0,0,4,8,6,8,7,0,0,30,62,18,58,79,108,95,61,37,4,519,97,116,320,489,569,464,307,128,15,2497
LGA51710,0,6,5,10,6,0,0,0,0,18,0,0,0,0,0,6,0,0,0,4,0,0,5,0,0,0,0,0,0,7,44,149,450,143,54,45,7,0,0,893,58,178,535,263,175,119,21,3,0,1345,0,0,9,9,3,5,0,0,0,18,0,0,5,0,5,0,0,0,0,11,0,6,19,31,36,24,18,0,0,130,4,0,7,6,12,9,0,0,0,40,0,0,5,0,5,3,0,0,0,22,0,4,8,9,3,11,4,0,0,37,0,5,7,22,18,4,5,0,0,58,0,6,18,42,28,8,5,0,0,112,0,0,19,11,9,6,3,0,0,60,0,0,5,0,0,0,0,0,0,3,0,0,10,6,3,10,0,0,0,32,0,0,0,0,0,0,0,0,0,0,0,4,0,0,3,0,0,0,0,14,17,51,146,93,87,66,29,7,0,504,29,76,260,230,215,144,59,11,0,1029
LGA51750,5,14,23,14,17,15,10,8,0,108,0,0,0,0,0,0,0,0,0,0,5,7,3,15,8,8,11,6,5,65,99,64,85,70,87,65,70,75,83,703,130,355,861,874,1048,891,684,387,217,5433,0,38,71,47,55,51,40,23,22,369,0,5,23,22,26,8,0,0,0,88,4,31,98,107,111,89,66,43,14,560,0,14,58,32,46,33,30,9,0,229,0,0,4,8,20,8,6,12,9,67,0,29,143,121,198,174,166,120,64,1008,0,7,43,51,103,124,107,64,32,538,4,72,191,221,295,185,141,81,39,1222,8,43,146,153,156,157,129,54,31,878,0,32,56,29,29,26,21,15,8,215,0,11,23,14,15,12,8,6,0,106,0,0,0,0,0,0,0,0,0,3,0,6,5,18,18,19,5,5,0,83,50,50,114,105,102,111,103,99,60,791,73,340,988,929,1175,997,821,544,293,6162
LGA51820,98,299,621,589,352,211,110,31,7,2315,3,7,11,8,16,6,3,3,0,67,3,19,88,117,90,46,23,18,6,414,507,399,938,983,864,721,620,497,225,5756,1025,3095,10038,9541,7170,4704,2269,1155,367,39363,7,129,487,419,304,178,98,20,3,1650,26,94,437,478,159,76,15,3,0,1280,92,555,2322,2422,2041,1517,835,336,67,10180,35,225,669,607,500,372,227,116,17,2766,12,58,225,275,158,113,54,17,4,924,44,344,1461,1181,909,583,248,102,37,4898,39,169,732,910,778,582,255,92,29,3581,128,567,2420,2305,1626,1003,445,140,48,8683,102,387,1301,1227,940,638,236,61,22,4908,51,194,495,340,201,114,58,21,13,1485,91,289,818,670,532,279,150,59,17,2900,14,13,14,20,16,21,31,20,0,147,8,29,105,158,108,74,33,19,9,533,492,477,1349,1173,1056,848,678,610,403,7082,1118,3528,12825,12186,9334,6375,3368,1599,672,51011
LGA51860,0,0,5,0,3,0,0,0,0,6,0,0,0,0,0,0,0,0,0,0,0,0,0,0,5,0,0,0,0,5,4,0,11,11,11,9,4,6,4,58,8,3,43,41,48,26,3,6,4,180,0,0,0,3,0,0,0,0,0,8,0,0,0,0,0,0,0,0,0,0,3,3,5,9,7,9,3,0,0,35,0,0,0,4,7,9,0,0,0,20,0,0,0,3,0,0,0,0,0,3,0,0,5,0,5,0,0,0,0,9,0,0,6,4,4,3,0,0,0,26,0,0,13,10,8,0,3,0,0,32,0,0,0,7,0,0,0,0,0,9,0,0,0,0,0,0,0,0,0,3,0,0,4,0,0,0,0,0,0,8,0,0,0,0,0,0,0,0,0,0,0,0,0,0,0,0,0,0,0,4,4,3,6,5,8,13,6,6,0,57,13,12,48,46,35,41,14,11,0,215
LGA51890,7,22,39,45,31,9,10,7,0,172,0,0,0,3,0,0,0,0,0,4,0,0,0,14,10,4,3,0,0,31,62,47,122,120,149,140,79,98,54,873,133,289,673,709,731,573,285,156,66,3621,0,6,7,14,8,6,4,3,0,39,0,8,5,8,0,0,0,0,0,28,21,95,187,178,185,190,136,37,10,1027,4,16,40,18,22,31,20,14,0,166,4,4,5,8,15,11,6,0,0,63,0,10,25,42,41,88,47,16,0,271,0,14,45,56,67,47,30,3,0,265,14,40,87,84,65,41,23,6,4,361,10,19,62,44,65,46,16,5,0,261,0,3,10,3,0,3,7,0,0,37,10,15,44,46,38,20,11,6,0,196,0,4,0,0,8,0,4,4,3,24,0,6,0,8,8,10,6,0,0,32,89,49,118,91,119,132,131,103,44,886,147,291,647,593,648,630,432,193,66,3662
LGA51960,6,8,34,25,12,8,0,0,0,98,0,0,0,0,0,0,0,0,0,0,0,0,0,0,0,0,0,0,0,6,48,46,105,96,75,79,31,4,4,490,66,143,341,353,254,195,71,14,8,1444,0,0,15,8,8,9,0,0,0,40,0,0,6,4,5,0,0,0,0,10,3,31,99,82,78,62,32,9,0,391,0,0,14,5,13,8,6,4,0,53,0,0,6,9,5,3,4,0,0,21,0,4,16,19,21,9,4,0,0,81,0,3,11,14,20,11,4,6,0,69,3,14,36,28,19,17,0,3,0,119,6,8,26,16,15,13,0,0,0,89,0,0,9,3,0,0,0,0,0,9,5,11,32,24,12,7,6,0,0,91,0,0,0,0,0,0,0,0,0,4,0,0,3,5,0,3,0,0,0,11,39,34,101,81,92,60,37,17,0,459,55,104,368,296,277,200,102,40,4,1445
LGA52030,0,0,4,9,4,0,5,0,0,15,0,0,0,0,0,0,0,0,0,0,0,0,0,0,0,0,0,0,0,0,0,6,8,8,27,19,14,8,0,74,3,21,48,61,81,80,59,16,3,373,0,0,0,0,0,0,0,0,0,0,0,0,0,0,0,0,0,0,0,0,0,6,14,10,26,20,23,0,0,107,0,0,3,0,0,3,4,3,0,23,0,0,7,12,9,6,3,0,0,34,0,0,0,0,5,4,13,0,0,22,0,0,8,0,10,14,13,0,0,46,0,3,5,9,11,4,11,4,0,51,0,0,4,5,5,10,0,0,0,16,0,0,0,3,0,3,0,0,0,10,0,0,3,0,4,4,3,0,0,20,0,0,0,0,0,0,0,0,0,0,0,0,0,0,0,0,0,0,0,3,10,0,15,13,11,27,10,3,6,97,8,14,66,54,81,106,83,16,6,430
LGA52100,0,0,3,6,3,4,3,0,0,17,0,0,0,0,0,0,0,0,0,0,0,0,0,0,0,0,0,0,0,0,0,0,6,3,9,15,17,11,3,55,9,18,59,58,66,70,40,17,8,349,0,0,0,0,0,0,0,0,0,5,0,0,0,0,0,0,0,0,0,0,5,3,16,9,8,19,9,0,0,70,0,0,0,8,4,5,0,0,0,14,0,0,0,5,8,5,5,0,0,21,0,0,13,8,7,11,0,0,6,47,0,6,7,4,6,14,7,0,0,37,0,4,18,14,11,12,9,0,0,56,4,0,8,6,4,3,0,0,0,25,0,0,0,0,4,0,0,0,0,4,0,0,4,6,4,4,3,0,0,16,0,0,0,0,0,0,0,0,0,0,0,0,0,0,0,0,0,0,0,0,10,11,22,24,10,12,6,22,6,128,20,28,86,74,68,74,43,28,18,434
LGA52170,0,6,20,15,14,9,0,0,7,79,0,0,0,0,0,0,0,0,0,5,0,6,12,8,11,8,9,4,0,59,38,55,142,87,88,105,60,56,70,692,52,276,907,810,907,864,476,229,132,4644,0,28,48,54,48,52,30,7,5,286,0,4,9,12,8,21,3,0,0,49,3,27,80,74,70,93,63,35,13,457,0,19,50,40,43,41,22,8,6,223,0,5,15,16,3,21,8,10,0,79,0,22,161,120,167,161,84,52,31,800,0,6,37,31,74,113,99,36,13,414,3,38,173,203,266,157,104,37,15,998,3,27,107,93,159,141,102,26,15,666,0,21,51,35,33,27,18,7,0,197,0,10,25,15,14,11,5,5,7,89,0,0,0,0,0,0,0,0,0,3,0,0,15,15,17,14,7,5,0,68,33,34,94,53,91,81,60,30,24,492,43,230,845,762,1008,936,613,262,122,4818
LGA52240,0,4,0,3,0,5,5,0,0,14,0,0,0,0,0,0,0,0,0,0,0,0,0,0,0,0,0,0,0,0,7,10,16,15,20,8,9,7,4,87,9,31,64,74,73,54,29,13,8,350,0,0,0,0,6,0,0,0,0,3,0,0,0,0,0,0,0,0,0,0,0,0,6,12,5,15,12,4,0,55,0,0,0,0,0,7,0,6,0,13,5,3,19,17,15,18,4,0,0,88,0,0,7,5,8,7,0,6,0,36,0,6,3,10,8,8,6,0,0,39,0,6,8,11,13,8,4,0,0,51,0,0,4,8,9,4,0,0,0,32,0,0,0,0,0,0,3,0,0,9,3,0,5,4,0,6,8,0,0,22,0,0,0,0,0,0,0,0,0,0,0,0,0,0,5,0,0,0,0,10,5,4,16,20,14,21,19,11,5,114,13,19,73,77,81,91,61,35,6,455
LGA52310,0,0,0,5,0,0,0,0,0,8,0,0,0,0,0,0,0,0,0,0,0,0,0,0,0,0,0,0,0,3,7,0,4,10,11,4,8,8,0,54,11,6,38,60,71,52,36,18,0,293,0,0,0,0,4,0,0,0,0,9,0,0,0,0,0,0,0,0,0,0,0,3,13,13,12,17,8,0,0,65,0,0,4,0,3,0,3,3,0,18,0,0,7,8,4,5,4,0,0,36,0,0,8,3,5,0,6,0,0,32,0,0,3,3,6,6,0,0,0,26,0,3,6,5,6,8,10,0,0,39,0,0,0,9,5,9,4,0,0,28,0,0,0,4,0,0,0,0,0,7,0,0,0,0,0,0,0,0,0,8,3,0,0,0,0,0,0,0,0,4,0,0,4,0,0,0,0,0,5,8,13,4,21,15,14,20,24,8,6,122,16,13,61,59,74,66,65,17,5,383
LGA52380,0,0,0,0,0,0,0,0,0,3,0,0,0,0,0,0,0,0,0,0,0,0,0,0,0,0,0,0,0,0,3,4,10,9,14,13,8,4,0,58,3,7,12,11,23,37,17,4,0,112,0,0,0,0,0,0,0,0,0,4,0,0,0,0,0,0,0,0,0,0,0,0,3,5,0,6,0,5,0,13,0,0,0,0,0,0,0,0,0,0,0,0,0,0,0,3,0,0,0,5,0,0,0,0,0,0,4,0,0,6,0,0,0,0,0,0,0,0,0,5,0,0,0,3,3,0,5,0,0,10,0,0,0,0,0,0,0,0,0,0,0,0,0,0,0,0,0,0,0,0,0,0,0,0,0,0,0,0,0,3,0,0,0,0,0,0,0,0,0,0,0,0,0,0,0,0,0,0,0,0,0,5,4,4,3,8,8,0,0,40,0,3,20,10,12,24,17,3,0,95
LGA52450,0,0,3,0,7,5,0,0,0,10,0,0,0,0,0,0,0,0,0,0,0,0,0,0,0,0,0,0,0,6,15,4,7,13,12,11,5,13,11,89,25,34,85,73,67,74,45,27,10,438,0,0,0,0,0,0,0,0,0,5,0,0,3,3,0,0,0,0,0,8,3,10,31,28,17,11,18,3,0,130,0,0,0,0,3,8,0,0,0,11,17,0,9,5,5,9,5,3,0,49,0,0,17,4,4,10,0,3,0,38,0,0,9,7,9,7,3,5,0,45,0,13,14,9,14,10,3,0,0,62,0,0,6,11,4,8,6,0,0,39,0,0,0,0,0,0,0,0,0,6,0,0,3,3,0,3,0,0,0,22,0,0,0,0,0,0,0,0,0,0,0,0,0,0,0,0,0,0,0,4,11,7,14,17,14,32,13,16,8,132,36,36,106,96,80,95,52,30,8,541
LGA52520,0,0,0,4,7,0,0,0,0,5,0,0,0,0,0,0,0,0,0,0,0,0,0,0,0,0,0,0,0,0,3,5,12,7,17,11,8,7,3,70,8,44,90,57,73,47,31,19,3,370,0,0,0,0,0,0,0,0,0,0,0,0,4,0,0,0,0,0,0,6,0,10,36,42,10,18,7,0,0,125,0,0,6,0,0,4,3,0,0,14,5,0,16,12,9,5,3,0,0,56,0,0,10,5,9,6,4,0,0,37,0,4,7,9,7,4,6,3,0,40,0,9,19,15,6,4,0,3,0,60,0,3,9,10,7,8,0,0,0,38,0,0,3,0,0,0,0,0,0,4,0,0,0,3,4,5,0,0,0,15,0,0,0,0,0,0,0,0,0,4,0,0,0,0,0,0,0,0,0,4,3,12,25,27,19,16,11,10,8,136,15,35,145,133,69,72,43,21,9,542
LGA52590,0,10,16,19,10,8,8,3,0,65,0,0,0,0,0,0,0,0,0,0,0,0,3,0,3,0,0,0,0,11,26,16,42,49,44,69,44,39,7,352,40,70,227,257,236,249,165,74,14,1332,0,0,6,5,10,5,4,0,0,23,0,0,5,0,0,0,0,0,0,7,4,18,57,52,51,81,54,20,3,347,3,7,15,20,8,17,11,4,4,85,0,3,19,27,13,9,12,3,0,94,0,5,11,15,14,21,24,10,0,99,0,0,18,18,24,33,18,7,0,119,0,6,25,30,41,28,22,4,0,167,3,5,20,13,14,11,5,0,0,83,0,0,6,0,5,4,3,4,0,17,0,3,15,17,14,19,9,3,0,79,0,0,6,0,0,0,0,3,0,6,0,0,9,3,3,3,0,0,0,12,19,5,47,36,46,66,48,35,9,312,37,59,246,245,251,300,212,98,19,1459
LGA52660,13,49,76,70,52,24,15,3,0,304,0,3,0,0,0,0,0,0,0,5,0,0,6,14,4,3,4,6,0,41,79,57,99,125,126,84,98,125,96,889,180,425,1016,1064,956,619,345,233,120,4958,0,10,17,31,20,16,10,4,0,109,4,9,20,20,14,7,3,0,0,84,28,125,319,270,265,205,138,47,20,1418,12,28,107,50,58,53,36,20,0,370,6,3,26,31,40,24,6,11,0,152,11,27,93,131,100,119,46,27,8,553,5,19,82,107,134,108,40,25,4,521,23,69,212,195,169,97,62,24,5,853,22,45,97,114,106,68,30,12,0,492,14,8,26,25,17,11,10,8,0,116,15,36,115,87,66,35,25,6,3,394,0,0,0,0,0,0,0,5,0,12,0,7,6,10,14,14,5,4,0,54,67,45,122,126,126,149,143,159,116,1053,206,436,1250,1193,1117,906,553,340,164,6168
LGA52730,0,7,26,31,23,22,11,0,0,123,0,0,0,0,0,0,0,0,0,0,0,0,3,0,13,4,5,0,0,32,22,12,26,37,67,50,37,40,18,304,46,78,265,436,588,522,391,147,34,2502,0,4,8,28,24,24,31,8,0,129,0,0,4,3,8,10,9,0,0,31,0,8,35,60,80,92,109,33,13,429,7,20,31,28,30,33,26,16,3,190,11,3,18,30,36,38,20,12,3,170,0,5,26,55,69,78,61,17,6,315,0,0,16,45,62,94,81,31,0,345,7,13,29,48,70,63,69,20,10,327,9,0,32,58,64,73,56,19,7,310,0,4,13,24,28,29,23,4,0,125,0,5,27,31,39,23,10,3,0,148,0,0,0,0,0,4,0,0,0,3,0,4,7,3,6,7,5,3,0,35,42,12,41,79,103,107,99,73,21,572,83,71,275,495,643,676,597,244,62,3134
LGA52800,6,8,30,12,13,5,5,0,0,75,0,0,0,0,0,0,0,0,0,9,0,3,6,7,5,0,0,0,0,19,107,312,851,520,277,134,41,19,3,2272,145,455,1276,882,569,343,96,33,3,3805,0,0,10,13,0,7,3,0,0,38,0,4,10,3,5,0,0,0,0,20,11,28,76,53,70,52,21,8,0,314,0,4,32,37,22,28,13,0,0,132,4,23,40,29,15,10,3,0,0,122,0,11,55,59,47,58,15,3,0,256,0,15,80,69,57,57,14,0,0,298,15,23,85,51,49,37,10,0,0,266,0,5,68,56,38,26,15,0,0,218,0,6,8,8,4,5,3,0,0,41,3,5,40,22,19,8,4,0,0,100,0,0,0,4,4,3,0,0,0,14,0,4,9,3,4,0,0,0,0,34,143,149,314,215,196,128,78,23,11,1249,181,276,818,628,523,432,176,40,18,3091
LGA52870,12,5,15,23,18,12,12,0,0,98,0,0,0,0,4,0,0,0,0,7,0,0,5,5,0,7,3,0,0,19,22,9,34,48,59,73,46,35,20,346,62,93,245,414,491,489,274,90,30,2194,0,6,12,13,13,19,14,3,0,78,0,4,6,3,4,9,9,0,0,27,4,19,70,103,107,104,63,28,8,502,0,8,16,26,28,27,24,12,0,147,0,10,29,21,23,39,21,10,0,150,0,4,39,31,53,80,37,13,3,258,0,5,24,38,50,72,57,10,0,260,3,14,55,54,56,60,41,13,0,295,4,5,23,46,53,62,34,11,0,235,0,4,9,12,6,19,11,3,0,67,3,10,22,37,27,19,6,3,0,131,0,0,0,0,3,0,0,0,0,9,0,0,0,3,0,8,5,0,0,19,49,30,49,80,87,124,111,68,36,635,77,114,360,468,503,625,434,172,56,2805
LGA52940,0,0,0,0,3,0,0,0,0,10,0,0,0,0,0,0,0,0,0,0,0,0,0,0,0,0,0,0,0,0,0,5,3,0,6,0,6,8,3,31,0,12,43,35,30,49,23,13,4,207,0,0,0,0,0,0,0,0,0,4,0,0,0,3,0,0,0,0,0,3,0,3,9,12,3,5,3,3,0,41,0,0,0,0,5,0,3,0,0,11,0,0,3,4,9,3,4,0,0,25,0,0,5,7,0,5,3,6,0,27,0,0,7,4,3,4,0,4,0,17,0,0,7,0,7,7,4,0,0,24,0,0,13,0,0,3,0,0,0,17,0,0,0,0,0,0,0,0,0,0,0,0,0,0,3,0,0,0,0,10,0,0,0,0,0,0,0,0,0,0,0,0,0,0,0,0,0,0,0,0,0,9,3,8,6,5,9,5,6,49,3,10,45,48,30,41,38,10,6,239
LGA53010,0,0,0,8,0,0,0,0,0,9,0,0,0,0,0,0,0,0,0,0,0,0,0,0,0,0,0,0,0,0,0,0,5,5,4,3,10,0,0,25,3,9,53,42,42,29,17,5,0,198,0,0,0,0,0,0,0,0,0,0,0,0,0,0,0,0,0,0,0,6,0,5,9,3,4,4,3,0,0,35,0,0,0,0,0,0,4,0,0,8,0,3,9,9,7,0,6,0,0,32,0,3,4,7,3,5,0,0,0,17,0,0,8,3,9,3,0,0,0,27,0,0,13,9,0,0,4,0,0,32,0,0,6,5,3,5,0,0,0,21,0,0,3,0,0,0,0,0,0,6,0,0,0,5,0,0,0,0,0,11,0,0,0,0,0,0,0,0,0,0,0,0,0,0,0,0,0,0,0,0,3,3,14,8,4,17,8,12,0,72,4,20,58,45,39,55,28,18,0,269
LGA53080,0,5,7,5,4,0,4,0,0,25,0,0,0,0,0,0,0,0,0,0,0,0,4,0,0,0,0,0,0,11,5,18,39,30,37,29,20,8,0,186,11,44,110,99,80,62,51,11,0,460,0,0,0,0,0,0,0,0,0,4,0,0,0,0,0,0,0,0,0,0,0,3,11,0,14,16,8,0,0,60,0,0,0,3,0,3,7,0,0,17,0,0,0,0,3,3,0,0,0,10,0,0,0,0,6,9,0,0,0,11,0,6,4,0,7,3,6,0,0,23,3,4,7,3,0,5,4,0,0,21,0,0,8,0,0,5,0,0,0,13,0,0,0,0,0,0,0,0,0,9,0,0,8,0,6,5,3,0,0,20,0,0,0,0,3,0,0,0,0,4,0,0,0,0,0,0,0,0,0,3,6,10,26,20,32,27,17,7,0,147,3,17,65,34,78,73,50,14,0,338
LGA53150,0,9,21,33,22,17,10,3,0,109,0,0,0,0,0,0,0,0,0,4,0,0,0,8,12,11,0,3,0,36,34,35,47,65,73,59,50,66,55,495,52,201,517,821,953,696,326,180,83,3820,0,15,38,49,53,48,17,7,0,229,0,3,3,24,21,6,0,0,0,61,4,22,75,109,127,109,56,28,15,542,0,11,36,33,51,38,21,7,4,203,0,9,14,21,18,23,10,0,0,91,0,27,82,128,161,125,59,27,3,611,0,12,34,49,91,142,59,32,6,435,4,35,90,184,223,128,74,25,10,787,0,30,71,77,127,106,74,20,0,499,4,14,44,46,43,22,17,0,4,196,0,16,25,29,27,14,11,0,0,137,0,0,0,0,0,0,0,0,0,0,0,5,8,3,19,4,6,4,0,55,33,19,59,67,86,68,42,58,64,508,49,219,590,833,1053,848,452,216,106,4363
LGA53220,6,31,111,64,46,9,0,0,0,275,0,0,0,3,3,0,0,0,0,11,0,8,18,23,22,6,0,0,0,76,109,281,722,567,439,205,23,8,0,2353,143,740,2220,1682,1210,548,70,10,0,6630,0,7,56,34,13,7,0,0,0,126,0,0,10,5,7,0,0,0,0,32,10,118,730,477,346,147,23,0,0,1857,0,9,80,62,48,23,5,0,0,224,5,12,47,28,33,18,3,0,0,143,0,3,84,60,51,29,3,0,0,229,0,17,74,48,54,32,14,0,0,237,4,39,161,129,77,24,12,0,0,433,0,24,66,49,33,19,7,0,0,195,0,0,24,16,8,8,0,0,0,59,0,15,101,80,41,18,4,0,0,258,0,0,0,0,7,0,0,0,0,8,0,0,15,19,15,10,0,0,0,65,72,156,693,504,407,239,36,5,0,2115,93,410,2144,1505,1137,587,103,11,3,5985
LGA53290,9,38,62,68,54,29,7,4,4,288,0,0,0,0,0,7,0,0,0,9,6,4,4,9,9,10,9,0,0,49,125,63,136,155,179,137,163,149,68,1174,224,341,881,1103,1016,707,478,268,101,5110,0,6,16,25,16,15,9,0,0,86,0,0,10,7,8,7,4,0,0,40,15,69,191,206,217,171,100,37,9,1018,9,33,53,45,58,55,25,17,0,306,10,30,86,96,86,49,33,23,5,422,0,20,77,83,96,92,56,31,3,463,0,12,91,119,117,116,53,28,4,544,22,50,142,148,133,106,45,19,5,675,6,36,91,82,91,73,26,7,4,426,0,10,32,39,27,12,11,11,4,135,9,27,80,64,64,40,12,6,3,306,0,0,4,7,6,4,0,3,3,16,0,3,7,11,14,12,7,0,0,46,166,99,230,235,313,243,219,140,82,1727,249,404,1115,1159,1243,995,604,331,119,6219
LGA53360,0,8,24,19,17,6,12,0,0,83,0,0,0,0,0,0,0,0,0,0,0,0,3,6,6,0,0,0,0,9,7,20,40,48,41,28,18,7,3,213,18,64,257,291,211,159,90,23,8,1127,0,0,22,14,8,0,5,0,0,52,0,0,3,3,0,0,3,0,0,9,4,21,63,63,66,53,33,7,0,315,0,4,33,34,29,23,16,3,0,139,0,0,12,20,9,9,3,0,0,52,0,7,21,26,25,21,9,0,3,116,0,4,14,24,22,20,4,0,0,92,6,10,37,44,36,25,11,4,0,181,0,3,23,24,23,12,8,0,0,86,0,3,9,6,3,4,0,0,0,26,0,0,29,12,13,11,12,0,0,89,0,0,0,0,0,0,0,0,0,3,3,0,0,0,3,0,0,0,0,6,18,15,49,64,43,40,30,5,3,265,42,73,318,345,279,211,139,33,9,1433
LGA53430,13,61,129,116,98,70,29,9,4,525,0,5,0,0,0,0,0,3,0,11,0,3,27,39,34,30,8,8,5,152,140,121,349,284,310,322,288,360,206,2382,232,818,3053,2999,2829,2372,1237,720,300,14568,0,72,210,188,181,122,68,19,6,882,0,16,52,70,56,48,14,0,0,252,4,69,468,396,441,390,246,154,32,2205,4,47,218,175,172,129,92,53,18,902,0,18,90,109,79,61,36,9,3,396,11,77,504,400,388,313,181,74,15,1964,0,23,217,229,271,329,218,66,17,1364,19,99,476,478,481,365,231,70,28,2251,6,102,482,438,478,453,267,71,12,2315,17,83,301,228,179,129,71,16,0,1030,9,40,163,119,115,78,47,12,8,594,0,4,3,4,7,11,3,5,0,45,0,8,39,49,51,46,19,8,8,217,101,152,487,432,393,359,294,251,161,2630,193,813,3720,3299,3283,2829,1776,807,316,17041
LGA53570,3,11,19,33,17,23,8,4,0,116,0,0,0,0,0,0,0,0,0,0,0,0,0,0,3,0,5,0,0,11,38,19,32,81,45,91,54,40,5,422,56,83,221,367,304,420,270,97,20,1838,0,3,4,10,11,4,6,0,0,40,0,3,3,4,4,6,0,0,0,19,8,13,54,76,100,143,106,39,4,543,4,3,21,24,27,35,28,11,9,149,0,3,23,41,22,12,16,4,0,125,0,8,13,27,32,26,25,20,0,145,0,0,9,23,43,36,30,8,0,148,3,16,45,34,42,46,55,5,3,249,0,7,35,20,17,26,17,8,0,133,0,4,16,6,7,8,5,0,0,47,0,10,19,26,24,29,19,10,0,144,0,0,0,0,0,0,0,0,0,7,0,0,3,5,8,6,5,3,0,25,32,12,50,65,85,110,106,65,20,541,54,87,297,361,418,483,415,164,37,2316
LGA53640,0,0,4,4,0,0,0,0,0,8,0,0,0,0,0,0,0,0,0,0,0,0,0,0,0,0,0,0,0,6,5,12,6,10,17,9,3,0,3,70,12,30,66,85,79,72,23,5,5,381,0,0,0,5,3,0,0,0,0,9,0,0,0,0,3,0,0,0,0,0,0,0,19,13,8,9,3,0,0,59,0,0,3,3,6,0,0,0,0,22,0,6,18,18,11,13,10,5,0,84,0,0,10,6,0,3,5,0,0,31,0,0,8,7,6,14,0,0,0,44,0,4,16,13,13,15,0,0,0,66,0,3,11,5,12,4,0,0,0,37,0,0,0,0,0,0,0,0,0,0,0,0,0,4,6,6,0,0,0,13,0,0,0,0,0,0,0,0,0,0,0,0,0,0,4,0,0,0,0,3,5,6,16,9,34,23,18,9,5,126,15,38,94,85,105,95,49,13,10,494
LGA53710,0,0,3,0,4,6,0,0,0,17,0,0,0,0,0,0,0,0,0,0,0,0,0,0,0,0,0,0,0,0,0,0,8,11,9,11,8,15,0,57,10,11,64,60,60,59,24,15,4,306,0,0,0,0,0,0,0,0,0,4,0,0,0,0,0,0,0,0,0,0,0,8,8,14,9,11,5,4,0,66,0,0,4,3,3,0,4,0,0,16,0,0,10,0,6,10,0,3,0,40,0,0,3,6,9,12,4,0,0,33,0,3,10,3,4,11,8,0,0,34,7,3,21,6,9,16,0,0,0,66,0,0,5,3,5,5,0,0,0,21,0,0,0,0,0,0,0,0,0,0,0,0,3,5,3,0,4,0,0,15,0,0,0,0,0,0,0,0,0,0,0,0,0,0,0,0,0,0,0,0,11,7,8,16,14,26,10,5,8,110,18,17,75,70,71,82,52,17,12,406
LGA53780,116,376,726,578,330,255,123,35,0,2533,7,6,11,11,14,14,4,6,0,74,4,23,114,125,71,57,36,10,5,437,858,846,1649,1499,1192,1054,750,691,318,8860,1629,3955,10918,9356,7398,5578,3011,1465,453,43755,5,113,466,407,263,139,84,20,6,1504,51,147,695,541,229,73,23,11,0,1763,111,661,2341,2446,2025,1573,1011,446,102,10716,40,244,619,440,416,353,260,151,35,2555,12,46,162,158,133,85,41,18,0,653,40,365,1150,950,706,589,339,127,24,4289,24,157,614,713,659,511,263,102,14,3058,138,658,2820,2595,1608,989,507,217,50,9584,130,428,1350,1241,893,669,312,81,12,5132,69,170,403,260,146,67,58,33,3,1211,90,323,916,633,457,275,179,56,19,2937,13,22,15,18,23,28,25,13,5,166,4,36,145,156,117,78,38,24,6,605,522,712,1607,1381,1027,890,684,618,357,7802,1257,4076,13298,11943,8696,6327,3828,1923,641,51982
LGA53800,48,96,182,218,108,69,45,20,5,797,9,5,5,6,4,0,0,0,0,27,3,14,19,33,49,15,8,0,0,148,298,269,465,460,467,382,327,279,108,3051,622,1213,2716,3125,2826,2060,1057,570,174,14357,9,12,76,73,44,33,11,3,0,263,11,28,43,39,29,18,6,0,0,167,48,247,585,655,664,560,332,142,28,3267,23,109,229,177,216,196,111,42,14,1117,26,43,69,110,106,75,41,13,0,492,15,93,338,346,322,292,142,78,16,1641,10,57,248,326,398,259,130,35,10,1471,48,138,487,490,464,316,141,57,12,2156,41,98,258,289,273,226,98,13,0,1310,12,25,65,54,46,33,17,7,0,256,37,106,209,184,179,86,61,30,3,894,5,13,3,5,3,11,14,9,0,59,0,13,28,36,49,24,6,5,4,164,333,284,584,541,610,483,385,319,138,3682,612,1270,3230,3329,3407,2608,1508,758,222,16949
LGA53920,0,0,5,10,3,0,0,0,0,22,0,0,0,0,0,0,0,0,0,6,0,0,3,0,0,0,0,0,0,9,37,26,54,38,50,23,13,15,11,263,44,77,243,137,172,135,42,14,11,877,0,0,0,0,0,0,0,0,0,3,0,0,5,3,0,0,0,0,0,11,0,7,27,21,10,9,7,0,0,79,0,3,6,9,4,0,0,0,0,32,0,8,3,6,8,8,0,0,0,36,0,0,20,17,13,12,0,0,0,70,0,14,34,21,19,25,4,0,0,114,4,4,23,9,11,9,0,0,0,64,0,11,28,13,20,18,9,0,0,104,0,5,4,0,0,0,0,0,0,9,0,0,4,0,4,0,0,0,0,17,0,0,0,0,0,0,0,0,0,3,0,0,3,0,3,0,0,0,0,8,112,75,200,144,96,66,37,20,7,749,116,123,362,253,203,152,57,19,9,1296
LGA53990,20,61,128,144,91,40,28,13,0,527,0,0,4,0,0,0,3,0,0,10,4,0,12,29,25,18,8,0,0,88,167,98,242,275,266,239,173,132,38,1642,351,618,1672,2095,1954,1425,733,302,67,9215,0,10,41,51,54,35,14,8,0,212,9,21,38,26,22,12,0,5,0,135,46,162,495,566,556,422,273,78,18,2608,21,45,153,128,117,113,65,29,4,681,11,12,64,81,71,52,39,15,0,343,10,40,175,205,210,226,131,48,10,1061,13,20,164,244,260,237,120,38,8,1097,35,105,352,337,341,215,138,43,13,1564,37,46,184,228,180,174,69,15,3,927,8,15,45,49,33,16,18,11,8,198,12,65,152,161,112,73,48,6,3,631,3,0,10,4,4,0,7,6,0,26,0,5,29,30,24,30,12,4,0,128,237,101,275,322,339,299,300,181,57,2121,435,635,2163,2432,2318,1909,1220,489,123,11722
LGA54060,0,7,23,25,14,6,4,0,0,88,0,0,0,0,0,0,0,0,0,4,0,0,0,0,3,6,3,0,0,11,17,3,25,34,45,39,48,47,15,269,30,56,180,281,270,258,180,88,16,1347,4,0,4,5,5,4,3,0,0,20,0,0,0,3,0,4,0,0,0,11,4,13,46,53,76,71,58,33,7,364,0,12,15,14,21,35,21,5,0,124,3,4,5,20,9,12,5,5,5,78,0,0,21,22,22,28,31,3,0,132,0,0,12,20,31,35,15,3,0,124,4,7,22,33,32,27,27,11,4,169,0,6,16,14,13,12,14,7,0,89,0,0,0,0,5,5,4,5,0,27,0,3,22,20,20,10,8,0,0,90,0,0,0,0,0,0,3,4,0,9,0,0,0,0,4,8,4,0,0,17,25,3,29,43,51,57,72,35,13,327,41,61,190,267,285,304,271,119,25,1570
LGA54130,0,0,3,8,0,4,4,0,0,20,0,0,0,0,0,0,0,0,0,0,0,0,3,0,0,0,0,0,0,3,5,5,13,11,14,7,4,4,0,49,10,19,84,76,73,41,28,9,3,352,0,3,0,4,0,0,0,0,0,9,0,0,0,0,4,0,0,0,0,5,0,10,18,16,12,18,11,3,3,84,0,0,7,3,8,7,0,0,0,19,0,3,14,20,15,14,4,0,0,77,0,0,0,0,5,5,5,3,0,16,0,4,10,5,10,10,3,0,0,43,0,7,22,9,7,4,3,0,0,52,0,0,5,3,0,4,0,0,0,21,0,0,3,0,0,0,0,0,0,6,0,0,5,0,0,0,0,0,0,15,0,0,0,0,0,0,0,0,0,0,0,0,0,0,0,0,0,0,0,0,7,6,25,17,14,21,10,14,0,115,12,32,109,86,90,83,40,28,6,482
LGA54170,136,484,749,912,769,477,183,68,24,3798,13,12,7,11,13,12,11,4,5,88,9,32,100,132,158,124,45,24,11,634,790,594,953,1082,1255,1100,770,843,434,7822,1770,5388,11729,15792,16619,12355,5173,2397,855,72072,9,257,482,634,580,447,241,68,13,2737,32,130,380,560,479,232,68,8,0,1882,113,798,2149,2688,3117,3057,1935,653,176,14687,77,416,1228,1167,1203,922,533,223,41,5806,11,73,256,285,252,141,57,28,15,1120,57,533,1459,1709,1953,1526,757,268,88,8349,46,267,975,1579,1828,1771,868,258,83,7670,186,760,2399,3562,3617,2568,1520,428,137,15188,184,594,1418,1697,1564,1253,634,122,44,7506,110,338,562,511,333,230,166,54,23,2319,120,328,773,760,823,551,316,75,23,3774,23,18,12,13,22,20,18,22,8,162,6,46,116,153,213,129,90,44,13,803,548,451,947,1078,1089,1048,836,591,411,6997,1510,5013,13140,16404,17078,13904,8052,2839,1065,79002
LGA54200,49,142,288,303,177,141,85,17,0,1206,9,3,0,4,6,7,5,0,0,34,0,9,35,58,53,39,17,13,4,233,323,220,430,542,509,489,398,386,216,3524,675,1620,3924,4654,4478,4019,2429,1189,400,23382,5,55,166,204,157,121,137,39,8,894,12,32,162,186,104,54,17,0,0,576,57,366,1012,1148,1162,977,730,369,74,5901,28,130,294,259,232,241,193,94,16,1476,6,35,110,130,123,72,41,27,9,539,36,122,436,461,480,437,298,147,30,2450,13,85,308,470,489,479,353,155,32,2374,73,213,880,963,860,644,425,165,39,4255,45,174,441,512,521,397,273,97,15,2474,29,88,202,169,117,67,47,31,14,754,46,152,361,294,282,140,126,32,10,1451,12,3,16,8,5,3,13,4,5,75,4,17,48,65,77,54,29,15,8,310,260,216,526,489,481,509,443,398,202,3528,617,1688,4959,5353,5096,4196,3121,1581,458,27061
LGA54280,31,116,211,173,83,36,11,7,0,666,0,0,6,6,4,0,0,0,0,14,6,9,27,19,21,14,0,0,0,90,352,382,794,721,668,410,211,107,47,3700,524,1390,3608,3093,2447,1365,473,181,62,13136,0,32,125,112,52,30,7,4,0,365,7,14,39,42,17,11,3,0,0,130,49,305,1048,864,694,480,165,43,3,3660,9,44,142,77,100,84,41,14,4,516,8,18,51,43,41,23,11,0,0,189,4,57,257,238,202,144,56,12,4,972,0,54,254,255,195,123,34,17,5,935,30,102,424,405,300,169,38,17,4,1489,31,69,280,229,174,117,35,3,0,938,7,28,74,40,28,17,4,0,0,202,34,86,225,126,106,55,18,9,3,659,0,0,0,0,4,3,4,3,0,22,5,7,48,30,32,24,9,4,0,160,214,236,656,559,518,470,208,108,28,3005,398,1053,3632,3024,2454,1752,643,228,55,13232
LGA54310,18,58,164,119,67,33,0,0,0,466,0,5,6,0,3,0,0,0,0,18,4,8,37,41,29,13,0,0,0,130,287,416,1131,1148,860,450,104,19,4,4423,399,1077,3677,3373,2485,1209,194,32,3,12446,0,3,57,74,29,6,3,0,0,178,0,10,41,40,14,5,0,0,0,109,34,194,956,846,567,302,63,8,3,2966,5,34,181,154,87,68,22,5,0,551,0,3,42,56,42,10,4,0,0,164,3,31,193,179,130,81,16,0,0,635,0,51,195,211,136,76,17,0,0,681,8,94,487,398,235,108,15,0,0,1355,16,39,206,188,111,54,15,4,0,625,9,3,51,36,14,12,0,0,0,135,11,46,183,123,99,44,8,3,0,514,3,0,5,5,4,0,0,0,0,23,0,7,39,48,36,17,0,0,0,151,189,230,804,640,527,263,87,21,3,2762,264,760,3451,3005,2032,1047,252,44,7,10856
LGA54340,0,13,18,30,23,10,6,0,0,98,0,0,0,3,0,0,0,0,0,4,0,0,0,0,0,3,3,0,0,11,31,22,46,41,50,56,49,30,29,353,54,105,267,285,270,206,111,60,28,1391,0,0,4,3,0,0,0,0,0,15,0,0,10,6,3,0,0,0,0,15,0,16,53,33,51,45,19,7,3,226,0,3,15,6,12,11,0,0,0,49,8,17,19,31,24,17,9,0,0,123,4,11,33,18,18,22,20,7,0,130,0,8,28,26,34,19,14,4,0,143,6,13,34,31,26,18,9,4,0,150,3,6,28,25,26,13,0,0,0,111,0,0,0,0,0,4,7,0,0,17,0,12,18,10,13,13,11,0,0,80,0,0,0,5,3,0,0,0,0,12,0,0,0,0,6,3,0,0,0,14,30,28,77,74,102,98,73,60,37,578,58,120,312,285,309,260,157,99,43,1651
LGA54410,0,0,3,3,5,0,3,0,0,19,0,0,0,0,0,0,0,0,0,0,0,0,0,0,0,0,0,0,0,0,4,10,9,11,8,15,22,5,3,75,8,27,53,54,78,58,46,14,6,347,0,0,3,0,0,0,0,0,0,3,0,0,0,0,0,0,0,0,0,0,0,3,19,7,23,13,9,5,3,86,0,0,0,0,0,0,0,0,0,8,0,0,3,6,9,3,3,0,0,26,0,0,10,5,8,17,5,3,0,40,0,0,10,11,9,11,5,0,0,44,0,0,7,7,11,5,8,5,0,41,0,3,7,3,12,8,0,0,0,34,0,0,0,0,0,0,0,0,0,0,0,0,0,7,11,0,0,3,0,20,0,0,0,0,0,0,0,0,0,0,0,0,0,0,0,4,0,0,0,6,19,12,15,19,27,22,27,22,13,169,17,24,81,65,104,81,54,42,20,490
LGA54480,0,0,4,3,0,3,0,0,0,9,0,0,0,0,0,0,0,0,0,0,0,0,0,0,0,0,0,0,0,0,0,0,0,0,6,6,0,0,0,14,5,10,48,38,32,25,7,0,0,167,0,0,0,8,0,0,0,0,0,8,0,0,0,0,0,0,0,0,0,0,0,0,4,4,0,4,3,0,0,21,0,0,0,0,4,0,0,0,0,3,0,0,4,14,9,0,3,0,0,32,0,0,5,0,4,0,3,0,0,14,0,0,3,5,3,5,5,0,0,27,0,0,6,14,6,4,5,0,0,20,0,0,0,7,5,0,0,0,0,5,0,0,0,0,0,0,0,0,0,0,0,0,9,0,4,0,4,0,0,14,0,0,0,0,0,0,0,0,0,0,0,0,0,0,0,0,0,0,0,3,0,0,12,18,11,14,13,6,0,68,3,0,40,67,39,35,35,7,0,232
LGA54550,0,0,13,6,9,4,0,0,0,37,0,0,0,0,0,0,0,0,0,3,0,0,0,0,0,0,0,0,0,3,7,10,8,8,23,21,9,15,0,105,19,44,126,123,126,103,55,40,8,653,0,0,4,0,3,3,0,0,0,14,0,0,0,0,0,0,0,0,0,3,0,8,27,12,18,7,8,4,0,94,0,0,4,5,4,0,0,0,0,22,0,9,32,36,26,26,14,7,0,153,0,0,24,16,14,20,20,4,4,100,0,0,16,12,21,21,11,6,0,80,0,5,13,7,14,13,12,3,0,71,0,3,11,10,10,11,5,0,0,41,0,0,3,3,0,0,0,0,0,11,0,3,8,9,6,3,3,0,3,33,0,0,0,0,0,0,0,0,0,0,0,0,5,3,0,0,0,0,0,5,11,6,27,22,39,32,29,23,19,196,12,44,166,144,159,134,90,44,26,824
LGA54620,0,0,7,4,6,0,0,0,0,27,0,0,0,0,0,0,0,0,0,0,0,0,0,0,0,0,0,0,0,6,3,8,22,19,17,13,11,7,3,100,5,26,100,79,80,52,31,4,4,384,0,0,0,7,3,0,0,0,0,4,0,0,0,0,0,0,0,0,0,0,0,0,18,16,10,10,9,4,0,61,0,0,3,7,4,0,5,0,0,16,0,0,10,11,0,5,0,0,0,34,0,0,15,3,3,11,0,3,0,35,0,0,11,3,8,8,5,0,0,39,0,0,3,10,9,0,5,0,0,29,0,0,3,7,5,0,5,0,0,21,0,0,0,0,0,3,0,0,0,4,0,0,4,0,3,6,0,0,0,11,0,0,0,0,0,0,0,0,0,0,0,0,0,0,0,0,0,0,0,3,8,0,15,11,14,15,9,3,0,74,6,7,82,72,51,65,35,10,0,337
LGA54690,0,0,4,0,0,0,0,0,0,7,0,0,0,0,0,0,0,0,0,0,0,0,0,0,0,0,0,0,0,0,0,0,0,5,6,0,4,0,0,14,0,10,21,25,18,18,5,6,0,104,0,0,0,0,0,0,0,0,0,0,0,0,0,0,0,0,0,0,0,0,0,0,3,4,4,9,7,0,0,31,0,0,0,3,0,0,0,0,0,7,0,0,7,7,0,0,0,0,0,10,0,0,0,0,6,0,0,0,0,12,0,0,3,4,0,0,0,0,0,11,0,4,0,3,4,0,0,0,0,17,0,0,0,0,0,0,0,0,0,3,0,0,0,0,0,0,0,0,0,0,0,0,0,0,0,0,0,0,0,11,0,0,0,0,0,0,0,0,0,0,0,0,0,0,0,0,0,0,0,0,0,0,4,3,3,5,3,3,0,32,3,3,27,30,24,24,10,10,5,139
LGA54760,0,0,4,5,0,5,0,0,0,18,0,0,0,0,0,0,0,0,0,0,0,0,0,0,0,0,0,0,0,0,0,0,4,7,0,10,6,3,0,30,0,4,58,63,39,46,14,8,3,243,0,0,0,0,0,0,0,0,0,0,0,0,0,0,0,0,0,0,0,0,0,3,5,10,7,6,7,4,0,44,0,0,3,4,0,0,0,0,0,8,0,4,12,15,3,10,0,0,0,44,0,3,0,6,5,7,3,0,0,21,0,4,13,14,6,5,4,0,0,44,0,0,8,9,3,4,3,0,0,33,0,0,4,3,0,3,4,0,0,16,0,0,0,0,0,0,0,0,0,6,0,0,5,5,5,3,0,0,0,19,0,0,0,0,0,0,0,0,0,0,0,0,0,0,0,0,0,0,0,3,3,8,3,8,14,5,7,8,4,57,8,21,59,71,50,39,32,16,8,298
LGA54830,28,110,242,170,106,47,27,6,0,736,8,6,0,0,3,0,0,0,0,22,0,8,29,29,3,12,8,0,0,94,301,295,688,626,406,332,249,194,66,3167,520,1126,3193,2504,1820,1240,721,392,109,11619,0,40,138,105,63,31,15,5,0,391,11,59,223,145,47,27,3,0,0,513,33,244,866,794,580,390,228,125,28,3282,25,76,261,169,124,105,70,45,4,873,0,22,93,71,61,43,19,6,0,308,22,129,439,315,228,171,62,25,9,1408,7,53,298,224,193,109,50,11,0,951,45,233,929,704,391,222,108,38,12,2686,47,158,537,410,293,198,82,12,3,1726,21,51,159,91,41,30,21,3,3,414,43,140,401,256,142,81,43,15,4,1134,13,3,3,3,5,7,7,0,0,38,3,9,64,52,42,23,10,3,0,207,252,392,965,767,538,357,305,207,76,3853,521,1600,5373,4107,2728,1801,1025,499,142,17793
LGA54900,0,5,10,8,0,0,0,0,0,27,0,0,0,0,0,0,0,0,0,4,0,0,0,0,0,0,0,0,0,0,3,0,4,11,10,15,10,7,3,55,13,21,107,105,81,80,27,11,4,455,0,0,0,4,0,0,0,0,0,5,0,0,0,0,0,0,0,0,0,4,3,4,22,22,10,9,11,5,0,91,0,0,8,3,0,6,0,4,0,20,0,6,18,11,14,8,3,0,0,58,0,3,3,4,7,9,4,5,0,38,0,3,16,12,9,11,0,0,0,49,0,4,14,13,13,6,6,0,0,60,4,3,6,9,3,5,0,0,0,29,0,0,3,0,0,0,0,0,0,8,0,0,5,4,4,5,3,0,0,26,0,0,0,0,0,0,0,0,0,0,0,0,3,0,0,0,0,0,0,7,6,0,20,25,16,25,10,9,0,112,15,19,126,107,85,86,47,16,5,497
LGA54970,0,8,6,6,8,4,0,0,0,30,0,0,0,0,0,0,0,0,0,0,0,3,3,7,0,0,0,0,0,9,11,17,23,42,37,14,5,0,0,148,11,57,139,144,123,78,23,4,0,577,0,0,20,8,0,0,0,0,0,30,0,0,4,0,0,0,0,0,0,5,3,18,74,37,48,24,7,0,0,205,0,0,9,0,0,3,5,0,0,18,0,0,0,0,0,3,0,0,0,6,0,0,8,3,8,7,0,0,0,23,0,0,8,3,7,5,4,0,0,21,0,4,13,8,11,7,0,0,0,46,0,0,10,3,5,4,0,0,0,18,0,0,3,0,0,0,0,0,0,9,0,0,6,3,4,4,0,0,0,20,0,0,0,0,0,0,0,0,0,6,0,0,0,0,0,0,0,0,0,0,3,18,67,32,41,35,3,3,0,206,8,43,218,102,121,91,22,7,0,610
LGA55040,0,9,14,21,10,0,0,0,0,53,0,0,0,0,0,0,0,0,0,0,0,0,3,3,0,0,0,0,0,12,38,80,194,125,101,39,16,5,4,600,46,172,450,294,265,103,23,9,5,1363,0,0,10,4,0,0,0,0,0,19,0,0,0,0,0,0,0,0,0,3,0,8,63,31,28,17,5,0,4,156,0,0,7,3,6,5,4,0,0,33,0,0,8,4,0,0,4,0,0,19,0,3,11,11,10,5,5,0,0,38,0,3,13,0,11,4,4,0,0,28,0,0,10,13,10,12,0,0,0,41,0,5,17,5,5,3,0,0,0,35,0,0,4,3,0,0,0,0,0,4,0,0,12,11,12,5,0,0,0,37,0,0,0,0,0,0,0,0,0,0,0,0,0,3,0,0,0,0,0,4,8,22,106,66,63,38,14,0,0,320,11,47,261,161,145,85,30,4,3,741
LGA55110,75,253,417,390,310,250,171,63,13,1942,3,5,11,0,3,3,8,3,0,36,8,14,43,57,56,44,32,21,11,280,493,343,643,774,732,817,910,1005,481,6199,1025,1915,4332,5139,5248,4564,3789,2330,762,29100,4,42,131,134,124,97,78,23,17,645,38,79,118,123,76,53,30,5,4,520,91,367,1132,1257,1397,1278,1204,675,170,7575,46,171,470,391,485,355,351,241,58,2569,17,38,131,153,129,83,82,39,9,686,28,157,477,544,648,651,462,232,58,3257,32,119,421,593,642,658,369,211,48,3085,104,276,837,988,1013,791,711,352,71,5145,91,281,653,680,657,562,357,108,27,3414,31,96,143,109,92,84,73,64,10,707,91,243,575,473,401,302,244,77,27,2435,5,15,4,10,8,20,33,25,7,121,6,11,63,53,90,55,54,22,10,358,369,319,735,745,847,836,948,890,506,6184,960,2209,5888,6269,6595,5821,4993,2951,1011,36701
LGA55180,12,21,35,53,40,18,14,5,0,189,0,0,0,0,0,0,0,0,0,0,0,0,3,12,9,8,3,0,0,30,44,19,49,82,115,101,101,65,28,606,104,199,400,653,749,610,361,143,47,3269,0,3,10,17,27,27,5,0,0,90,0,0,7,4,7,9,3,0,0,37,6,38,75,86,137,149,96,41,5,634,5,20,43,16,38,38,32,10,0,205,8,11,51,63,58,42,25,6,0,265,0,6,43,49,55,85,58,27,3,316,0,8,54,77,88,96,45,23,6,388,11,28,74,75,76,74,35,10,0,395,13,28,33,46,71,56,33,9,4,284,7,7,6,9,15,4,8,3,0,71,7,18,44,48,37,22,14,4,4,198,0,0,5,0,0,0,3,3,0,12,0,0,10,5,10,3,6,4,0,32,81,42,92,105,141,145,135,118,52,922,140,222,539,602,759,750,494,259,71,3841
LGA55250,0,0,7,5,9,3,0,0,0,27,0,0,0,0,0,0,0,0,0,0,0,0,0,0,0,0,0,0,0,0,17,27,69,58,51,33,12,6,0,276,26,68,179,119,128,75,23,5,0,625,0,0,5,3,3,0,0,0,0,19,0,0,0,0,0,0,0,0,0,0,0,5,38,31,24,8,3,0,0,115,0,0,8,3,0,0,0,0,0,13,0,0,0,3,0,5,0,0,0,11,0,0,10,4,3,9,0,0,0,34,0,0,5,3,6,7,0,0,0,25,0,0,12,0,7,5,0,0,0,27,0,0,6,6,13,6,0,0,0,33,0,0,0,0,0,0,0,0,0,0,0,0,0,5,0,0,0,0,0,10,0,0,0,3,0,0,0,0,0,3,0,0,0,0,0,0,0,0,0,4,31,18,75,46,35,32,12,0,4,243,31,26,164,113,95,80,30,3,5,545
LGA55320,55,211,365,392,346,208,135,65,19,1799,9,11,0,8,14,10,6,0,5,66,9,33,75,103,108,81,46,27,9,491,448,377,599,705,721,695,602,827,601,5576,871,3643,8357,9713,10206,8185,4346,2885,1283,49500,10,269,441,532,515,447,292,80,27,2602,23,91,288,380,324,173,53,11,4,1346,42,500,1416,1524,1691,1578,1172,598,243,8769,18,170,466,428,409,382,249,169,71,2360,6,52,172,185,176,105,89,38,14,830,27,403,1309,1266,1241,1084,673,378,152,6531,18,146,571,741,1072,1251,715,323,102,4948,83,640,2003,2566,2475,1891,1196,487,207,11550,67,398,943,1117,1047,928,554,240,64,5353,45,281,434,353,253,181,123,49,26,1744,46,165,394,397,382,235,165,84,41,1903,12,8,15,6,13,15,23,16,10,116,8,38,80,119,111,85,53,37,13,551,298,326,735,649,704,647,598,747,747,5457,701,3485,9278,10268,10401,8994,5953,3259,1727,54059
LGA55390,0,0,0,0,0,0,0,0,0,3,0,0,0,0,0,0,0,0,0,0,0,0,0,0,0,0,0,0,0,0,3,0,5,5,11,5,4,0,0,33,4,3,18,11,24,17,3,0,0,88,0,3,3,5,0,0,0,0,0,13,0,0,0,0,0,0,0,0,0,0,0,8,17,10,13,9,5,0,0,61,0,0,0,0,0,0,0,0,0,11,0,0,0,0,0,4,0,0,0,7,0,0,0,3,0,3,0,0,0,13,0,0,4,0,4,0,0,0,0,10,0,0,0,0,5,3,0,0,0,15,0,0,0,5,0,0,0,0,0,6,0,0,0,0,0,0,0,0,0,0,0,0,0,3,0,0,0,0,0,8,0,0,0,0,0,0,0,0,0,0,0,0,0,0,0,0,0,0,0,0,3,8,22,11,15,14,8,0,0,80,9,24,54,42,51,36,14,0,0,229
LGA55460,0,5,12,9,12,7,0,0,0,58,0,0,0,0,0,0,0,0,0,0,0,0,0,0,0,0,0,3,0,10,19,17,21,33,44,22,20,20,11,201,40,107,232,227,218,150,70,41,17,1101,0,0,7,4,8,4,0,0,0,14,4,3,0,3,0,0,0,0,0,10,5,25,60,41,52,51,24,6,5,266,4,11,15,9,9,12,3,3,0,66,0,8,8,13,16,14,0,7,0,82,0,8,16,20,26,26,10,8,4,118,0,5,33,16,27,21,8,9,0,110,3,17,42,46,30,19,7,4,0,164,4,8,19,16,17,10,7,0,0,79,0,0,3,0,4,0,0,0,0,13,6,6,12,10,5,11,0,0,0,53,0,0,0,0,0,0,0,0,0,5,0,0,0,4,0,3,0,0,0,12,26,34,31,36,52,46,43,25,15,302,52,133,245,219,242,221,110,59,24,1295
LGA55530,0,0,5,0,0,0,0,0,0,3,0,0,0,0,0,0,0,0,0,0,0,0,0,0,0,0,0,0,0,0,0,6,0,4,6,5,11,9,0,36,4,12,20,33,27,32,17,9,0,152,0,0,0,6,0,0,0,0,0,4,0,0,0,0,0,0,0,0,0,0,0,0,11,3,5,7,7,0,0,41,0,0,0,0,0,0,0,0,0,0,0,4,16,7,4,0,0,0,0,26,0,0,3,0,3,5,0,0,0,15,0,0,0,3,0,0,0,0,0,10,0,3,4,5,0,3,0,0,0,18,0,0,3,0,0,0,4,0,0,10,0,0,5,0,0,0,0,0,0,5,0,0,0,0,0,4,0,0,0,5,0,0,0,0,0,0,0,0,0,0,0,0,0,0,0,0,0,0,0,0,5,0,7,3,3,14,3,4,0,46,3,12,49,34,25,37,14,7,0,181
LGA55600,3,3,5,13,9,7,3,0,0,45,0,0,0,0,0,0,0,0,0,0,0,0,0,3,0,0,0,0,0,4,20,6,14,27,31,25,19,13,13,164,35,66,168,175,152,151,59,31,13,843,0,0,4,3,0,0,0,0,0,15,0,0,3,0,0,6,0,0,0,9,0,26,36,27,36,25,14,8,0,168,0,0,3,0,13,8,4,3,0,37,0,0,16,36,25,13,3,0,0,96,0,4,12,12,15,18,11,5,0,69,0,0,13,23,18,21,9,0,0,85,0,11,25,10,24,4,8,0,0,92,0,0,13,12,11,18,6,0,0,64,0,0,3,0,0,4,6,0,0,6,0,6,10,16,6,7,5,0,0,48,0,0,0,5,0,0,0,0,0,3,0,0,3,6,0,6,0,0,0,13,16,16,31,35,40,37,26,14,5,225,25,67,159,190,181,156,95,36,11,929
LGA55670,0,0,4,6,4,0,0,0,0,16,0,0,0,0,0,0,0,0,0,0,0,0,0,0,0,0,0,0,0,0,7,3,3,13,17,10,4,3,0,70,24,17,46,69,70,43,20,20,0,303,0,0,0,0,0,0,0,0,0,0,3,0,3,0,0,0,0,0,0,8,0,0,6,7,6,8,0,0,0,39,0,0,0,0,0,0,0,0,0,13,0,0,7,4,4,4,0,3,0,25,0,0,10,7,0,7,5,0,0,26,0,7,8,6,9,12,4,0,0,43,0,3,6,4,0,3,4,0,0,24,0,0,0,9,6,0,0,0,0,13,0,0,0,0,0,0,0,0,0,3,0,0,0,0,0,0,0,0,0,10,0,0,0,0,0,0,0,0,4,3,0,0,0,0,0,0,0,0,0,0,5,3,7,8,14,21,3,5,0,78,19,20,51,50,43,61,24,16,5,286
LGA55740,0,12,34,23,21,15,3,3,0,125,0,0,0,0,0,0,0,0,0,4,0,0,14,8,18,10,0,8,0,69,48,45,117,100,81,88,75,66,54,673,75,287,947,920,956,762,476,238,118,4789,0,35,74,57,65,49,35,6,4,321,0,0,20,16,22,9,0,0,0,73,0,23,112,91,111,101,74,25,10,540,0,3,54,35,45,34,19,15,3,206,0,6,18,25,26,6,7,5,0,95,0,28,132,132,165,110,91,37,17,707,0,9,51,61,81,114,73,38,8,433,3,46,170,240,239,136,100,31,8,967,4,34,135,123,149,108,97,40,6,698,0,26,64,36,43,26,21,11,0,238,5,12,42,23,25,14,11,0,0,140,0,0,0,0,0,0,0,3,0,10,0,5,14,15,15,11,9,8,0,72,28,23,139,77,106,87,116,87,58,720,52,238,1023,926,1090,807,669,295,121,5215
LGA55810,0,0,0,0,3,0,0,0,0,11,0,0,0,0,0,0,0,0,0,0,0,0,0,0,0,0,0,0,0,0,4,10,12,29,24,13,18,0,5,107,4,16,46,72,58,33,25,0,5,265,0,0,0,0,3,0,0,0,0,4,0,0,0,0,0,0,0,0,0,0,0,0,3,4,7,9,6,0,0,24,0,0,0,0,4,0,0,0,0,8,0,0,0,0,0,0,0,0,0,3,0,0,0,0,3,0,0,0,0,10,0,6,3,0,3,4,5,0,0,21,0,0,0,5,0,0,0,0,0,13,0,0,0,0,3,4,0,0,0,10,0,0,0,0,0,0,0,0,0,3,0,0,0,3,3,0,0,0,0,6,0,0,0,0,0,0,0,0,0,0,0,0,0,0,0,0,0,0,0,3,14,0,18,21,16,22,22,0,0,128,14,10,36,40,46,43,39,9,0,237
LGA55880,0,6,0,0,0,0,0,0,0,0,0,0,0,0,0,0,0,0,0,0,0,0,0,5,0,0,0,0,0,5,0,0,0,0,8,0,0,0,0,18,0,13,37,43,30,20,11,0,0,154,0,0,0,0,0,0,0,0,0,0,0,0,0,0,0,0,0,0,0,0,0,5,8,5,9,4,0,0,0,28,0,0,0,0,0,0,0,0,0,4,0,0,7,3,6,3,0,0,0,25,0,0,5,8,4,0,5,0,0,20,0,0,6,6,4,0,0,0,0,19,0,0,4,3,5,0,0,0,0,16,0,0,0,0,3,0,0,0,0,8,0,0,0,0,0,0,0,0,0,4,0,0,0,4,0,0,0,0,0,5,0,0,0,0,0,0,0,0,0,0,0,0,0,0,0,0,0,0,0,0,0,0,9,16,3,4,8,0,0,35,6,7,41,40,38,20,15,8,0,172
LGA55950,0,0,5,3,0,0,0,0,0,7,0,0,0,0,0,0,0,0,0,0,0,0,0,0,0,0,0,0,0,0,4,0,4,5,4,3,3,6,0,28,7,16,29,26,39,18,9,12,0,151,0,0,3,0,0,0,0,0,0,0,0,0,0,0,0,0,0,0,0,0,0,4,9,11,3,11,0,0,0,43,0,0,4,0,0,0,0,0,0,8,0,3,6,5,0,4,0,0,0,18,0,0,0,0,0,3,0,4,0,9,0,0,6,3,6,0,0,0,0,30,0,0,10,3,3,3,0,0,0,23,0,0,5,3,0,6,0,0,0,15,0,0,0,0,0,0,0,0,0,4,0,0,8,0,0,0,0,0,0,16,0,0,0,0,0,0,0,0,0,0,0,0,0,0,0,0,0,0,0,0,5,0,3,5,9,10,6,4,0,38,5,9,56,46,31,37,16,8,6,202
LGA56090,30,92,127,193,142,90,40,24,5,751,5,0,0,0,0,0,0,0,0,7,0,10,22,34,42,32,24,8,0,168,295,373,712,725,539,453,308,233,103,3743,565,1184,2405,3664,3862,3208,1746,727,216,17568,6,36,67,153,160,125,72,24,9,642,19,24,53,72,76,42,16,7,0,305,41,203,504,620,762,747,624,213,41,3750,17,73,169,172,186,184,128,52,12,991,12,22,64,111,123,88,35,21,5,476,14,75,231,289,411,401,255,116,22,1819,5,42,165,314,417,425,268,96,21,1738,34,121,348,493,618,485,307,92,28,2523,27,96,255,323,408,350,228,55,10,1756,14,71,107,140,118,102,64,19,4,641,27,74,187,148,168,104,82,27,13,825,7,0,0,5,3,5,7,0,0,34,3,11,35,38,61,33,23,10,8,220,214,377,922,825,693,446,376,247,136,4222,432,1224,3109,3709,4194,3519,2490,965,302,19942
LGA56160,0,0,0,0,0,0,0,0,0,0,0,0,0,0,0,0,0,0,0,0,0,0,0,0,0,0,0,0,0,0,0,0,3,3,0,0,0,0,0,9,0,0,5,6,4,8,3,3,0,36,0,0,0,0,0,0,0,0,0,0,0,0,0,0,0,0,0,0,0,0,0,0,0,0,0,0,0,0,0,0,0,0,0,0,0,0,0,0,0,0,0,0,0,0,0,0,0,0,0,3,0,0,0,0,0,0,0,0,0,0,0,0,0,0,0,0,0,0,0,5,0,0,0,0,0,0,0,0,0,5,0,0,0,0,0,0,0,0,0,6,0,0,0,0,0,0,0,0,0,0,0,0,0,3,0,0,0,0,0,7,0,0,0,0,0,0,0,0,0,0,0,0,0,0,0,0,0,0,0,0,0,3,15,3,14,5,0,0,0,46,4,6,14,12,24,9,0,0,0,71
LGA56230,14,20,75,60,59,32,36,10,0,315,0,0,0,0,0,0,0,0,0,3,0,0,5,13,13,12,4,4,0,57,113,61,110,150,157,218,182,158,50,1201,199,321,739,952,1028,950,743,399,82,5413,0,3,16,16,19,9,8,3,0,84,3,8,16,17,16,8,0,3,0,76,18,89,263,267,275,272,253,119,40,1585,5,25,68,68,74,58,78,43,3,429,11,8,32,47,50,33,28,7,6,214,13,33,85,79,113,119,94,52,11,596,4,16,72,113,125,111,67,22,5,538,8,53,128,172,178,161,134,43,9,889,20,40,92,104,119,96,57,24,3,558,4,12,20,16,10,16,9,8,3,106,16,44,78,77,72,66,34,20,6,411,7,5,0,4,0,0,7,7,0,23,0,5,11,16,16,14,11,10,4,77,115,71,143,193,231,240,243,173,46,1451,208,426,1029,1196,1291,1214,1021,538,128,7046
LGA56300,0,0,0,8,3,10,0,0,0,20,0,0,0,0,0,0,0,0,0,0,0,0,0,0,0,0,0,0,0,3,10,4,9,7,20,18,14,7,0,85,15,11,53,83,105,161,80,28,3,547,0,0,0,6,4,0,0,0,0,12,0,0,0,0,0,6,0,0,0,5,0,5,3,18,25,22,26,14,3,108,0,0,3,7,7,7,12,3,0,38,0,0,0,3,5,6,0,3,0,26,0,0,3,12,17,24,14,3,0,76,0,0,3,8,8,20,17,0,0,51,0,4,9,10,8,14,14,0,0,68,0,0,7,7,18,20,8,3,0,63,0,0,0,4,0,4,3,0,0,15,0,0,4,4,8,6,4,3,0,33,0,0,0,0,0,0,0,0,0,0,0,0,0,0,0,0,4,0,0,6,4,6,7,11,26,24,28,9,4,125,5,25,43,77,125,155,145,43,8,626
LGA56370,0,0,0,3,0,0,0,0,0,5,0,0,0,0,0,0,0,0,0,0,0,0,0,0,0,0,0,0,0,0,9,3,0,7,5,15,5,9,17,75,10,14,45,39,37,34,22,21,20,237,0,0,4,0,0,0,0,0,0,3,0,0,0,0,0,0,0,0,0,0,0,9,14,10,4,7,0,0,0,42,0,0,0,0,0,0,0,0,0,3,0,0,10,8,0,5,0,0,0,23,0,0,9,6,7,7,0,6,0,21,0,0,7,0,6,10,0,5,4,35,0,0,7,3,7,3,5,0,0,22,0,0,4,3,0,8,3,0,0,20,0,0,0,0,0,0,0,0,0,0,0,0,5,3,0,0,0,0,0,5,0,0,0,0,0,0,0,0,0,3,0,0,0,0,0,0,0,0,0,0,5,5,7,4,10,14,18,10,4,76,5,14,61,36,29,54,34,18,8,260
LGA56460,3,9,23,17,8,11,3,0,0,82,0,0,0,0,0,0,4,0,0,3,0,3,3,0,0,0,0,0,0,9,26,27,37,55,45,52,45,59,21,367,82,155,294,368,356,278,167,101,37,1829,0,0,0,3,7,6,0,0,0,23,0,0,9,4,3,0,0,0,0,19,14,36,58,56,61,56,36,16,6,329,0,11,11,25,8,22,11,13,0,102,10,16,35,28,33,21,11,4,0,158,4,17,48,48,37,59,29,13,10,262,0,7,25,35,50,53,16,15,0,207,7,19,68,39,51,32,20,4,0,234,15,12,23,39,45,40,20,4,0,192,0,0,3,4,0,7,9,0,0,30,0,11,22,22,10,13,6,3,0,85,0,3,0,0,0,0,0,0,0,11,0,0,0,0,3,0,0,0,0,7,71,32,71,66,82,111,94,59,22,606,124,163,369,367,388,414,257,135,46,2264
LGA56580,7,15,31,49,44,37,18,6,0,208,5,0,0,0,0,0,0,0,3,11,0,6,12,23,31,33,12,5,5,133,90,73,96,119,144,123,105,88,122,962,138,689,1372,2100,2675,2175,1216,624,299,11299,0,133,128,116,195,161,122,49,15,915,4,7,33,53,56,30,11,3,0,193,5,100,186,241,299,240,152,92,29,1334,4,29,61,60,73,55,46,16,11,363,0,16,24,26,37,16,14,13,4,152,3,82,251,411,516,454,351,161,63,2294,0,17,64,113,193,283,234,89,28,1015,11,140,322,535,710,449,287,110,36,2592,16,109,207,321,381,344,249,104,41,1770,9,46,78,86,64,60,41,17,10,413,10,18,36,36,40,30,29,13,5,217,6,6,0,0,0,0,0,3,0,18,0,13,10,24,38,25,17,16,4,156,58,68,112,144,162,164,109,69,75,965,125,794,1511,2156,2751,2314,1666,751,310,12386
LGA56620,0,0,0,0,0,0,0,0,0,3,0,0,0,0,0,0,0,0,0,0,0,0,0,0,0,0,0,0,0,0,19,9,23,33,17,16,0,0,0,125,22,22,67,61,59,60,15,0,0,317,0,0,0,0,0,0,0,0,0,0,0,0,5,0,0,0,0,0,0,5,0,0,3,0,0,9,0,0,0,18,0,0,0,0,3,0,0,0,0,10,0,0,0,0,0,0,0,0,0,5,0,0,0,8,0,11,6,0,0,28,0,0,17,3,4,8,0,0,0,31,0,5,3,0,4,4,0,0,0,15,0,0,7,7,11,0,0,0,0,29,0,0,5,6,5,0,4,0,0,11,0,0,0,0,0,0,0,0,0,9,0,0,0,0,0,0,0,0,0,3,0,0,0,0,0,0,0,0,0,0,44,41,81,64,53,26,29,10,0,357,48,53,131,94,85,65,36,10,0,520
LGA56730,11,18,47,52,34,23,17,0,0,201,0,0,0,0,0,0,0,0,0,3,0,0,5,15,10,11,3,0,0,50,99,64,115,151,150,188,140,119,54,1087,156,270,618,740,734,752,417,208,76,3968,0,5,10,11,13,17,4,6,0,68,3,10,7,10,5,7,0,0,0,53,6,52,132,129,153,173,128,57,14,844,7,15,45,35,42,37,31,20,0,228,5,12,37,23,35,36,15,4,0,163,4,16,68,64,54,94,52,18,6,379,0,15,43,58,69,77,49,10,4,328,21,33,117,105,109,92,47,14,3,540,5,20,57,85,77,96,46,8,0,395,3,5,18,18,10,17,7,0,0,75,9,14,42,42,47,25,25,4,3,219,0,4,0,0,0,0,4,0,4,6,0,0,9,12,16,12,7,0,0,59,82,130,321,265,229,219,175,113,63,1603,151,328,913,860,850,906,590,266,98,4962
LGA56790,0,0,15,23,12,11,8,3,0,78,0,0,0,0,0,0,4,0,0,4,0,0,0,3,0,3,0,0,0,10,21,7,17,27,54,45,45,37,18,276,37,41,131,240,259,245,170,75,23,1221,0,0,0,0,0,3,0,0,0,12,0,3,4,0,0,0,0,0,0,6,0,13,24,33,54,89,63,21,0,305,0,9,10,11,13,24,14,7,0,95,0,3,12,9,19,10,8,0,0,65,4,4,12,12,23,33,26,3,0,121,0,3,14,29,29,26,20,11,4,139,0,9,15,22,40,32,24,9,0,146,0,5,14,6,16,14,11,4,0,72,0,0,0,3,8,5,3,0,0,19,5,9,12,22,20,14,7,3,0,88,0,0,0,0,0,0,0,0,0,3,0,0,0,0,5,4,0,0,0,16,17,16,35,44,67,78,72,52,24,401,24,73,152,201,289,341,252,102,35,1478
LGA56860,0,0,0,0,0,0,0,0,0,4,0,0,0,0,0,0,0,0,0,0,0,0,0,0,0,0,0,0,0,0,0,0,3,6,3,7,0,3,0,12,0,3,11,16,19,13,0,3,0,69,0,0,0,0,0,0,0,0,0,0,0,0,0,0,0,0,0,0,0,0,0,0,0,3,4,4,8,0,0,17,0,0,0,0,0,0,0,0,0,0,0,0,0,5,0,0,0,0,0,7,0,0,0,0,3,0,0,0,0,8,0,0,0,0,0,4,0,0,0,9,0,0,0,4,0,8,0,0,0,9,0,0,4,0,0,0,0,0,0,3,0,0,0,0,0,0,0,0,0,0,0,0,0,5,4,0,0,0,0,7,0,0,0,0,0,0,0,0,0,0,0,0,0,0,0,0,0,0,0,0,0,0,0,3,5,0,5,7,4,17,4,6,8,18,17,20,11,3,3,88
LGA56930,0,3,0,0,4,0,0,3,0,18,0,0,0,0,0,0,0,0,0,0,0,0,0,0,0,0,0,0,0,7,26,8,14,11,18,24,19,9,5,133,33,49,96,105,190,173,90,57,32,820,0,7,6,6,7,12,4,3,5,40,0,0,0,0,0,0,0,0,0,8,0,0,14,4,10,18,8,3,5,60,0,0,9,4,9,6,5,6,0,38,0,0,6,0,0,0,0,0,0,7,0,7,23,17,34,32,18,25,9,160,0,0,0,9,15,23,6,0,4,67,0,20,25,33,56,44,27,7,0,214,0,7,12,17,43,32,24,6,0,143,0,6,5,4,5,4,5,0,0,28,0,0,0,0,3,0,3,0,0,12,0,0,0,0,0,0,0,0,0,0,0,4,0,3,5,0,0,0,0,11,15,11,17,12,18,10,13,7,0,100,18,72,112,111,198,184,111,71,25,894
LGA57000,0,0,7,6,3,0,0,0,0,17,0,0,0,0,0,0,0,0,0,0,0,0,0,0,0,0,0,0,0,0,0,6,25,19,11,13,5,10,0,92,3,16,125,88,73,52,15,16,0,393,0,0,0,0,0,0,0,0,0,0,0,0,0,0,0,0,0,0,0,0,0,10,35,14,16,12,0,0,0,99,0,0,6,0,0,0,0,0,0,14,0,0,0,3,4,3,0,0,0,15,0,0,0,3,0,3,0,0,0,10,0,0,9,3,7,4,0,0,0,21,0,0,5,6,4,3,0,0,0,22,4,0,5,0,0,0,0,0,0,14,0,0,0,0,3,0,0,0,0,5,0,0,6,0,3,0,0,4,0,13,0,0,0,0,0,0,0,0,0,4,0,0,0,0,0,0,0,0,0,0,0,0,16,17,16,17,5,5,3,75,6,17,85,52,62,45,17,8,3,297
LGA57080,7,87,179,65,44,46,10,8,0,444,3,18,0,0,0,0,0,0,0,29,0,11,43,23,16,11,5,0,0,113,117,397,1123,412,323,312,174,85,35,2991,199,1618,5667,2063,1541,1425,717,272,100,13602,5,220,480,166,79,66,43,13,6,1092,3,40,274,155,47,27,10,3,0,553,3,270,1108,451,251,219,147,44,15,2510,3,47,241,98,65,54,35,17,5,564,3,17,89,31,17,12,13,11,0,187,8,134,668,209,123,139,119,47,21,1474,4,22,147,86,75,119,82,30,10,577,41,389,1571,669,383,271,178,54,10,3561,16,198,848,335,189,206,115,52,13,1970,14,95,262,89,32,29,28,7,6,561,6,99,310,112,56,35,20,7,0,651,16,26,17,3,5,9,6,0,0,72,3,28,67,39,27,16,16,7,0,193,112,493,1428,569,389,343,227,136,36,3730,238,2084,7515,2997,1743,1546,1026,431,112,17691
LGA57140,0,0,6,0,4,0,0,0,0,9,0,0,0,0,0,0,0,0,0,0,0,0,0,0,0,0,3,0,0,6,7,8,10,12,18,10,8,8,7,80,14,27,54,56,74,63,40,25,15,356,0,0,0,0,0,0,0,0,0,4,0,0,0,0,0,0,0,0,0,0,5,3,4,6,12,17,13,0,0,59,0,0,4,0,6,7,0,0,0,28,0,0,7,0,4,0,4,0,0,29,0,5,4,7,3,10,10,0,0,40,0,0,6,7,3,7,0,3,0,33,0,0,8,8,7,9,5,0,0,47,0,0,3,9,7,10,3,0,0,33,0,0,0,0,0,0,0,0,0,10,0,0,0,0,5,5,0,0,0,13,0,0,0,0,0,4,0,0,0,7,0,0,0,0,0,4,3,0,0,8,11,9,10,9,18,33,25,14,3,144,18,19,52,55,69,112,74,30,9,452
LGA57210,5,8,25,23,7,15,3,0,0,84,0,0,0,0,0,0,0,0,0,0,0,0,3,0,5,0,4,0,0,13,35,26,60,66,58,61,42,33,15,395,72,90,266,320,383,387,231,90,36,1876,0,0,5,6,8,4,10,5,0,45,0,4,5,4,0,6,0,0,0,17,8,15,37,46,53,73,53,24,3,315,5,7,16,19,17,21,18,9,0,109,3,9,28,37,38,32,16,15,3,187,5,8,27,26,44,55,32,14,4,210,0,0,8,23,48,51,30,8,0,185,3,12,28,54,61,57,39,8,4,260,5,12,23,36,52,46,29,9,0,222,3,7,8,7,11,12,9,3,0,55,4,10,12,30,26,8,13,0,0,101,4,0,0,0,0,0,0,0,0,10,0,0,0,4,3,5,0,0,0,14,36,26,63,85,109,91,100,50,25,584,77,114,257,385,466,476,343,146,48,2322
LGA57280,8,49,95,76,44,19,3,0,0,292,0,0,0,0,0,0,0,0,0,0,0,3,21,20,20,9,0,4,0,78,218,313,721,601,538,285,78,24,3,2767,293,822,2432,1863,1479,761,136,34,7,7821,0,3,30,22,16,13,0,0,0,84,0,7,17,28,5,0,0,0,0,62,14,117,686,530,380,201,37,0,6,1959,14,16,133,59,65,46,6,4,0,345,0,4,29,33,15,11,0,0,0,93,5,21,165,117,100,61,17,4,0,493,0,28,122,120,73,46,11,6,0,399,12,56,320,257,149,79,11,3,0,886,5,35,160,112,72,42,15,3,0,452,0,11,35,14,12,9,0,0,0,84,6,29,99,64,43,15,8,0,0,266,0,0,5,3,0,5,0,0,0,17,0,0,25,19,17,10,0,0,0,72,136,172,575,422,396,253,82,28,15,2082,197,494,2403,1803,1346,769,196,45,21,7287
LGA57350,0,0,0,4,3,8,4,0,0,19,0,0,0,0,0,0,0,0,0,0,0,0,0,0,0,0,0,0,0,0,3,4,6,0,10,14,9,7,3,58,9,18,40,56,76,67,41,28,7,336,0,0,0,0,0,0,0,0,0,9,0,0,0,0,0,0,0,0,0,0,3,0,10,8,13,13,10,7,0,61,0,0,3,0,8,9,0,3,0,17,0,0,5,0,6,9,4,0,0,27,0,0,3,4,9,12,7,4,0,39,0,0,6,3,8,10,3,6,0,41,0,0,9,5,7,8,7,3,0,40,0,0,4,0,4,7,3,0,0,24,0,0,0,4,3,0,0,0,0,10,0,0,0,4,5,3,0,0,0,14,0,0,0,0,0,0,0,0,0,0,0,0,0,0,0,0,0,0,0,0,5,7,13,11,19,31,20,18,6,136,11,6,53,41,81,97,61,37,13,410
LGA57420,0,9,9,11,4,3,3,0,0,38,0,0,0,0,0,0,0,0,0,3,0,0,0,5,0,0,0,0,0,5,9,8,28,22,23,27,29,12,7,155,15,50,189,202,172,124,89,29,7,874,0,0,4,6,6,0,0,0,0,21,0,0,0,0,0,0,0,0,0,0,3,6,31,31,30,40,12,9,0,159,0,0,12,3,3,9,6,0,0,32,3,0,5,6,10,13,15,0,0,59,0,0,12,10,15,10,19,4,0,70,0,0,9,8,14,11,10,3,0,62,0,5,15,19,17,14,5,4,0,84,0,0,11,6,5,9,6,0,0,43,0,0,0,3,0,3,0,0,0,12,0,0,10,0,8,3,4,0,0,28,0,0,0,0,0,0,0,0,0,4,0,0,5,0,5,0,0,0,0,14,10,3,33,41,27,42,37,14,3,219,15,26,145,142,128,151,125,39,8,786
LGA57490,141,371,716,698,434,245,129,44,12,2792,8,6,8,14,6,5,0,5,0,58,8,30,95,129,89,54,35,13,4,447,759,621,1025,1289,1112,863,807,855,380,7703,1682,3672,8470,9787,8321,5106,3160,1836,599,42632,14,85,258,273,212,136,55,23,3,1057,41,131,298,291,176,67,36,3,0,1037,164,783,2520,2527,2635,1855,1173,559,143,12370,80,303,827,685,700,411,314,203,46,3567,13,76,213,214,154,90,75,18,12,868,71,329,939,1039,1089,717,393,158,47,4784,29,177,774,988,940,597,281,131,27,3941,162,630,1949,1937,1648,959,509,192,50,8049,188,510,1368,1301,1050,682,317,73,11,5499,54,177,312,231,157,95,54,21,9,1118,135,460,1012,775,649,324,200,75,18,3640,16,17,18,7,16,19,28,22,5,147,13,48,120,124,131,92,42,19,5,589,725,904,1797,1477,1481,1066,933,882,445,9713,1714,4629,12404,11865,11030,7113,4412,2374,822,56363
LGA57630,0,0,0,0,0,0,0,0,0,0,0,0,0,0,0,0,0,0,0,0,0,0,0,0,0,0,0,0,0,0,0,0,0,0,4,4,0,0,0,15,0,6,4,3,16,9,3,0,0,41,0,0,0,0,0,0,0,0,0,3,0,0,0,0,0,0,0,0,0,0,0,0,0,0,3,0,4,0,0,11,0,0,0,0,3,0,0,0,0,5,0,0,0,0,0,0,0,0,0,4,0,0,0,0,0,0,0,0,0,0,0,0,0,0,0,0,0,0,0,3,0,0,0,0,0,4,4,0,0,3,0,0,0,0,0,0,0,0,0,0,0,0,0,0,0,0,0,0,0,0,0,0,0,0,0,0,0,0,0,4,0,0,0,0,0,0,0,0,0,0,0,0,0,0,0,0,0,0,0,0,0,0,0,3,5,5,0,0,0,17,0,0,0,6,11,16,9,4,0,49
LGA57700,22,68,91,118,75,46,27,10,0,453,0,3,6,0,5,5,0,0,0,10,0,3,8,23,21,10,0,0,0,68,103,79,163,258,201,189,103,88,49,1229,266,623,1280,1670,1465,1047,517,192,62,7120,4,13,73,72,53,25,13,3,0,264,4,22,92,39,19,6,3,0,0,188,36,218,655,527,565,377,226,74,21,2702,15,93,196,126,117,91,69,12,5,724,3,23,79,59,60,38,25,10,0,307,12,79,260,215,198,162,72,26,9,1024,7,47,179,185,154,125,69,14,0,778,36,139,507,417,334,187,92,26,6,1753,42,97,336,249,202,126,43,10,6,1104,15,35,67,51,29,25,14,3,0,227,23,92,267,157,136,76,39,14,6,807,4,0,3,4,3,0,0,3,0,27,0,3,34,38,33,13,5,0,0,124,136,142,382,371,366,227,141,85,34,1889,346,1003,3135,2513,2277,1481,804,280,78,11916
LGA57770,0,0,3,9,8,4,4,0,0,31,0,0,0,0,0,0,0,0,0,0,0,0,0,0,0,0,0,0,0,3,0,0,6,0,9,12,12,9,0,52,8,15,79,72,68,72,38,17,6,376,0,3,9,0,0,9,0,0,0,23,0,0,0,3,0,0,0,0,0,7,0,6,14,18,24,22,18,4,0,108,0,0,7,0,4,9,3,0,0,24,0,0,5,6,6,0,0,0,0,28,0,0,0,3,3,4,6,0,0,25,0,0,8,5,7,5,0,0,0,24,0,0,3,14,10,11,3,5,0,47,0,0,13,4,6,5,4,0,0,32,0,0,5,4,0,0,3,0,0,17,0,0,4,10,10,8,5,0,0,35,0,0,0,0,0,0,0,0,0,0,0,0,0,0,0,0,0,0,0,0,0,9,22,16,19,9,22,8,5,103,3,28,87,89,77,73,74,15,4,461
LGA57840,13,97,200,136,112,97,32,15,3,704,4,12,4,0,3,0,5,0,0,31,0,12,49,53,45,36,16,6,6,227,201,343,558,390,379,389,290,345,309,3211,359,2224,5693,4219,3942,3350,1630,906,569,22905,5,134,334,302,261,186,108,39,15,1382,6,47,188,188,116,69,22,0,0,632,20,263,932,695,556,562,338,160,55,3589,8,88,327,159,144,138,104,39,17,1022,4,31,76,75,59,39,38,19,3,349,7,201,802,506,492,457,249,126,50,2898,4,42,268,287,343,470,250,125,36,1821,52,419,1290,1119,1053,801,478,159,78,5446,19,209,683,486,470,422,244,80,22,2632,26,114,275,176,92,84,53,19,8,854,23,76,214,137,110,94,73,17,3,752,8,5,7,4,5,4,10,6,6,59,0,19,59,55,50,43,25,14,5,270,166,247,595,442,395,370,343,285,350,3186,348,1903,6049,4626,4134,3751,2350,1079,655,24892
LGA57910,117,663,1404,974,655,399,224,99,34,4565,12,32,21,30,16,19,7,12,7,149,3,76,241,221,191,118,82,41,13,989,1068,1446,3191,2251,1867,1773,1605,1737,1075,16005,1728,8102,25822,20367,16177,12329,7417,4616,1943,98500,6,386,1270,1077,804,512,299,113,33,4499,31,193,1125,950,500,247,74,10,0,3123,87,923,4237,3266,2658,2290,1553,1036,326,16373,52,453,2076,1201,911,793,478,368,88,6414,5,63,401,351,240,173,87,45,11,1380,46,711,3440,2343,1855,1538,948,475,153,11519,27,234,1632,1543,1763,1748,1076,477,127,8628,185,1331,6731,5566,4156,2530,1622,775,259,23156,93,820,3350,2755,1957,1643,889,319,79,11911,81,561,1556,934,539,325,198,101,20,4312,106,467,1750,1038,813,489,319,126,54,5157,19,27,48,44,34,40,48,47,21,322,18,83,362,288,215,165,92,63,16,1295,691,1008,3392,2243,1881,1623,1488,1425,1156,14904,1431,7253,31368,23610,18326,14110,9175,5379,2334,112990
LGA57980,7,22,48,47,34,23,9,9,5,195,0,0,3,0,0,0,3,0,0,9,0,6,24,20,18,18,11,0,0,101,55,64,234,153,146,164,127,116,90,1151,82,565,2269,1812,1664,1470,881,406,174,9327,0,66,161,117,145,97,64,24,8,690,3,11,62,69,42,29,14,3,0,233,0,73,276,268,178,142,121,66,19,1141,3,25,93,57,76,61,44,26,7,392,0,11,36,25,17,15,14,14,0,134,0,72,421,261,275,252,166,106,36,1592,4,12,75,81,123,172,158,65,18,705,6,94,460,492,388,277,187,85,31,2010,8,76,379,292,255,236,210,59,11,1533,5,58,126,99,79,54,33,7,7,465,3,23,65,46,40,20,20,7,4,232,4,0,4,0,5,4,3,0,0,14,0,6,22,26,27,22,10,7,0,119,43,66,265,191,141,166,163,135,98,1270,87,582,2449,2029,1794,1535,1214,611,239,10534
LGA58050,110,336,687,669,424,266,97,24,5,2623,9,7,5,10,7,10,4,0,0,53,5,23,83,131,113,74,22,15,8,463,847,626,1165,1431,1295,977,839,592,335,8111,1575,3536,9041,9799,8284,5488,2812,1299,474,42307,0,139,397,337,257,157,70,19,3,1376,39,128,507,398,210,89,21,3,0,1407,139,840,2556,2400,2416,1793,952,381,72,11542,55,289,770,575,525,387,296,120,18,3033,21,71,221,231,169,108,57,20,9,912,43,348,1192,1036,885,646,310,137,34,4632,29,180,856,923,904,692,301,115,23,4024,162,730,2777,2486,1844,1112,500,182,27,9825,130,519,1498,1448,1125,728,335,75,13,5876,61,245,495,331,215,137,77,25,8,1594,151,421,1171,830,597,366,162,51,11,3762,19,14,23,29,20,17,23,32,0,185,7,49,201,168,139,92,48,24,3,727,732,801,1730,1633,1528,1133,905,662,415,9545,1585,4777,14386,12800,10849,7471,4067,1837,652,58426
LGA58190,0,0,0,0,0,0,0,0,0,6,0,0,0,0,0,0,0,0,0,0,0,0,0,0,0,0,0,0,0,0,0,0,4,4,9,3,9,8,0,36,4,7,18,21,36,15,10,15,3,133,0,0,0,0,0,0,0,0,0,0,0,0,0,0,0,0,0,0,0,0,0,0,0,0,0,5,0,0,0,16,0,0,0,4,0,0,0,0,0,7,0,5,5,4,0,0,0,0,0,16,0,0,0,0,0,0,4,0,0,3,0,0,3,4,3,0,0,0,0,16,0,0,0,6,4,0,0,0,0,11,0,0,0,5,0,0,0,0,0,10,0,0,0,0,0,0,0,0,0,3,0,0,0,4,0,0,0,0,0,3,0,0,0,0,0,0,0,0,0,0,0,0,0,0,0,0,0,0,0,0,0,3,15,3,9,6,7,0,0,47,3,8,27,30,35,20,17,3,0,145
LGA58260,0,0,9,4,0,0,0,0,0,15,0,0,0,0,0,0,0,0,0,0,0,0,0,0,0,0,0,0,0,5,4,7,5,6,13,11,4,7,7,51,5,15,42,46,53,45,12,12,7,232,0,0,0,0,5,0,0,0,0,3,0,0,0,0,0,0,0,0,0,0,0,0,9,9,10,7,9,0,0,42,0,0,0,0,3,0,0,0,0,5,0,0,8,6,5,6,7,0,0,29,0,0,0,13,0,8,5,0,0,22,0,0,0,8,0,4,3,0,0,16,0,0,9,10,5,4,0,0,0,26,0,0,4,0,0,0,0,0,0,15,0,0,0,0,0,0,0,0,0,0,0,0,4,5,3,0,4,0,0,21,0,0,0,0,0,0,0,0,0,0,0,0,0,0,0,0,0,0,0,0,0,6,14,5,5,6,10,0,0,48,4,5,46,49,29,40,33,6,4,232
LGA58330,9,10,6,15,14,10,9,0,0,72,0,0,0,0,0,0,0,0,0,5,0,0,8,4,0,7,0,0,0,22,36,9,17,46,91,77,54,28,9,373,72,67,172,282,475,487,244,68,18,1872,0,0,5,8,12,7,13,0,0,46,0,0,3,0,10,4,4,0,0,22,3,20,39,72,100,128,107,35,6,510,6,3,12,6,20,20,23,10,0,103,0,0,12,12,9,19,10,7,0,68,5,4,15,15,46,55,34,11,0,181,0,4,23,20,33,54,27,10,0,169,9,15,20,31,56,62,52,13,3,251,4,8,10,23,44,57,36,8,0,179,0,4,10,6,5,10,13,4,0,56,3,8,5,10,29,13,17,0,0,87,0,0,0,0,0,0,0,0,0,5,0,0,0,3,8,6,9,3,0,32,35,20,32,51,94,99,90,36,3,463,56,87,178,266,462,533,435,137,15,2171
LGA58400,0,0,0,0,0,0,3,0,0,4,0,0,0,0,0,0,0,0,0,0,0,0,0,0,0,0,0,0,0,0,0,0,5,3,3,4,7,4,4,28,0,0,20,22,21,9,17,4,0,111,0,0,0,0,0,0,0,0,0,0,0,0,0,0,0,0,0,0,0,0,0,3,3,3,0,6,4,0,0,25,0,0,0,0,0,0,0,0,0,6,0,0,0,0,3,0,0,0,0,10,0,0,0,3,3,0,3,0,0,9,0,0,0,3,0,0,0,0,0,8,0,0,4,0,5,0,0,0,0,5,0,0,4,0,4,4,0,0,0,10,0,0,0,3,0,0,0,0,0,3,0,0,0,0,0,0,0,0,0,0,0,0,0,0,0,0,0,0,0,0,0,0,0,0,0,0,0,0,0,0,0,7,4,4,13,17,8,3,3,64,3,18,13,21,30,31,15,9,5,143
LGA58470,0,0,0,0,0,0,0,0,0,4,0,0,0,0,0,0,0,0,0,0,0,0,0,0,0,0,0,0,0,0,0,7,4,0,8,4,3,0,0,30,0,7,14,10,17,13,7,0,0,64,0,0,0,0,0,0,0,0,0,3,0,0,0,0,0,0,0,0,0,0,0,5,0,4,0,4,0,0,0,11,0,0,4,4,0,0,0,0,0,11,0,0,0,0,0,4,0,0,0,3,0,0,0,0,0,0,0,0,0,0,0,0,3,0,4,3,0,0,0,6,0,0,3,0,0,0,0,0,0,5,0,0,0,0,0,0,0,0,0,3,0,0,0,0,0,0,0,0,0,0,0,0,0,0,0,0,0,0,0,3,0,0,0,0,0,0,0,0,0,0,0,0,0,0,0,0,0,0,0,0,10,5,15,3,0,7,0,0,0,48,10,13,26,13,15,21,7,0,0,101
LGA58510,21,159,309,163,98,46,22,16,6,846,10,12,7,0,5,4,3,0,0,36,4,19,52,46,31,21,6,3,3,180,174,397,707,461,385,315,281,366,484,3568,336,1939,5758,3713,2479,1756,867,718,662,18247,0,108,360,269,140,81,26,14,5,995,6,64,275,211,92,46,9,0,0,702,15,227,999,662,411,359,237,105,45,3061,7,87,341,171,139,122,62,42,19,975,5,19,89,67,41,18,25,3,5,272,7,164,622,326,264,212,111,63,29,1790,3,34,272,241,228,204,110,56,19,1166,47,311,1361,944,560,379,170,67,35,3882,18,157,708,469,327,248,144,35,15,2119,17,98,321,179,74,54,20,9,6,772,16,107,362,201,107,61,41,17,4,915,5,9,5,6,5,4,6,4,3,41,7,23,78,42,35,23,15,0,7,227,127,294,890,503,444,358,295,340,483,3736,285,1697,6681,4291,2838,2158,1271,751,676,20653
LGA58540,0,4,5,9,3,4,0,0,0,20,0,0,0,0,0,0,0,0,0,0,0,0,0,0,0,0,0,0,0,0,0,0,18,8,7,9,9,6,5,56,4,15,73,68,70,41,22,13,5,312,0,0,0,5,0,0,0,0,0,10,0,0,0,0,0,0,0,0,0,3,0,3,11,9,14,3,4,0,4,37,0,0,0,0,3,10,0,0,0,13,0,0,9,10,11,5,0,0,4,46,0,0,0,6,9,7,4,0,0,26,0,0,3,10,8,6,4,0,0,41,0,0,9,18,11,4,4,0,0,44,0,0,0,3,4,5,0,3,0,20,0,0,0,3,7,0,0,0,0,10,0,0,7,4,8,8,0,0,0,17,0,0,0,0,0,0,0,0,0,0,0,0,0,0,6,0,0,0,0,0,9,6,7,19,12,12,15,14,0,85,7,13,52,81,87,53,37,20,4,363
LGA58570,12,120,254,179,110,49,15,8,3,747,5,0,7,5,0,6,0,8,0,25,0,23,60,56,42,16,5,3,0,204,130,290,811,478,347,312,198,239,157,2972,225,1684,6323,4276,2901,1852,747,462,226,18694,0,82,389,234,161,81,38,13,0,1002,0,28,201,199,97,44,15,0,0,579,11,129,905,570,371,294,149,68,31,2524,7,70,389,222,171,106,44,36,7,1039,0,15,87,64,40,21,13,3,0,239,4,136,777,479,317,253,94,38,9,2104,0,40,268,266,263,282,118,43,24,1310,21,218,1401,1024,713,393,163,49,18,3986,11,217,952,628,447,341,175,40,7,2819,13,179,590,288,176,96,35,11,3,1390,18,97,317,158,136,82,33,8,3,852,3,14,8,9,0,0,0,4,5,47,6,20,67,58,45,32,18,9,7,262,133,263,928,491,385,308,220,168,143,3052,231,1507,7287,4676,3325,2337,1110,484,251,21217
LGA58610,0,0,7,3,12,3,3,0,0,31,0,0,0,0,0,0,0,0,0,0,0,0,0,0,0,0,3,0,0,5,14,6,6,10,29,12,18,22,8,124,16,33,92,73,113,122,71,43,15,578,0,0,0,3,3,0,0,0,0,5,0,0,0,0,0,0,0,0,0,3,0,9,21,17,16,24,22,8,9,128,0,0,4,0,5,5,7,0,0,28,0,3,10,11,12,6,9,0,0,55,0,3,7,10,7,20,12,3,4,65,0,0,9,12,15,13,6,0,0,59,3,4,11,8,10,17,12,0,0,63,0,3,8,9,10,21,5,0,0,62,0,0,5,0,0,3,0,0,0,11,3,0,4,4,5,7,11,5,0,32,0,0,0,0,0,0,0,0,0,0,0,0,0,0,0,0,0,5,0,8,13,10,17,17,38,43,36,23,16,204,17,34,95,104,115,165,108,52,24,718
LGA58680,0,0,0,5,0,0,0,0,0,7,0,0,0,0,0,0,0,0,0,0,0,0,0,0,0,0,0,0,0,0,4,0,0,5,9,10,8,0,3,35,3,8,23,36,30,28,16,0,3,152,0,0,0,0,0,0,0,0,0,0,0,0,0,0,0,0,0,0,0,4,0,5,6,7,14,7,0,0,0,35,0,0,0,0,0,0,3,0,0,4,0,0,6,9,7,0,0,0,0,25,0,0,0,4,0,7,0,0,0,15,0,0,0,3,6,7,0,0,0,19,0,0,0,6,3,4,0,0,0,18,0,0,0,0,3,0,0,0,0,7,0,0,0,0,0,0,0,0,0,6,0,0,0,4,4,0,0,0,0,10,0,0,0,0,0,0,0,0,0,0,0,0,0,0,0,0,0,0,0,0,0,0,6,8,14,7,13,0,0,44,5,10,26,44,42,33,22,3,0,183
LGA58760,156,508,1129,1197,716,345,155,36,15,4254,9,5,23,8,8,11,11,0,6,83,14,36,130,135,109,69,39,15,8,550,1127,757,1608,1836,1470,1121,900,834,495,10148,2178,4940,14502,15396,11112,6608,3615,1876,748,60969,9,205,564,523,342,159,101,26,5,1936,50,169,687,740,359,130,35,5,0,2181,159,973,3172,3422,3245,2148,1324,563,122,15118,116,559,1671,1366,1295,661,448,212,35,6359,16,92,300,283,210,114,61,21,5,1108,95,583,1865,1827,1550,946,479,173,49,7564,53,301,1347,1475,1242,676,383,158,42,5678,251,964,3855,3892,2833,1407,770,286,75,14339,231,804,2314,2132,1514,953,385,101,22,8459,96,294,645,509,277,152,75,36,13,2103,178,569,1640,1315,1055,494,266,92,18,5625,19,19,24,40,28,21,28,25,9,208,9,57,209,205,200,107,56,31,8,879,1027,956,2216,1980,1897,1267,1033,900,565,11846,2314,6556,20514,19703,16049,9235,5431,2631,957,83400
LGA58820,0,9,14,19,13,8,4,0,0,80,0,0,0,0,0,0,0,0,0,0,0,0,0,5,3,0,0,0,0,13,16,17,22,23,38,24,46,29,16,226,49,90,197,235,254,205,152,62,22,1270,0,0,6,11,7,4,0,0,0,23,0,0,0,3,4,0,0,0,0,12,6,27,70,67,89,73,42,29,5,407,0,5,5,20,15,16,11,9,5,80,3,3,11,13,13,4,14,4,0,62,0,12,16,20,34,25,18,9,0,129,0,5,19,26,20,33,4,10,8,117,3,15,27,29,41,24,29,9,5,187,5,12,24,22,23,24,3,0,0,124,0,5,3,0,6,0,3,0,0,22,5,12,26,16,23,24,10,3,0,110,0,0,0,0,0,0,0,5,0,4,0,0,0,3,3,0,0,0,0,11,35,22,58,66,51,81,82,78,38,521,68,110,265,286,336,303,224,152,63,1808
LGA58890,0,0,3,0,0,0,0,0,0,10,0,0,0,0,0,0,0,0,0,0,0,0,0,0,0,0,0,0,0,0,0,0,0,14,7,6,10,5,0,41,9,9,43,65,74,29,20,18,4,273,0,0,0,4,0,0,0,0,0,6,0,0,0,0,0,0,0,0,0,3,0,0,7,7,15,5,0,0,0,43,0,0,4,0,0,6,0,0,0,5,0,6,12,8,13,0,7,0,0,47,0,0,3,0,7,5,5,0,0,23,0,0,0,3,7,6,10,0,0,33,4,0,6,7,3,10,4,0,0,32,0,0,6,7,7,5,4,0,0,18,0,0,0,0,0,4,0,0,0,7,0,0,0,0,0,0,0,0,0,11,0,0,0,0,0,0,0,0,0,0,0,0,0,0,0,0,0,0,0,3,3,0,12,7,10,20,9,6,0,61,7,8,51,54,68,58,30,7,7,302
LGA59030,0,0,0,0,0,0,0,0,0,3,0,0,0,0,0,0,0,0,0,0,0,0,0,0,0,0,0,0,0,0,0,0,0,0,5,4,5,3,0,18,3,9,29,21,20,11,9,3,0,104,0,0,0,7,0,0,0,0,0,8,0,0,0,0,0,0,0,0,0,0,0,8,5,11,3,7,0,0,0,40,0,0,0,0,0,0,0,0,0,0,0,0,3,4,4,0,0,0,0,7,0,0,0,0,0,0,0,0,0,0,0,0,0,6,6,0,0,0,0,12,0,0,3,4,8,0,0,0,0,18,0,0,0,0,0,0,0,0,0,4,0,0,0,0,0,0,0,0,0,0,0,0,0,0,3,3,0,0,0,5,0,0,0,0,0,0,0,0,0,0,0,0,0,0,0,0,0,0,0,0,6,0,6,9,6,8,6,3,0,47,6,11,20,40,27,23,5,4,0,142
LGA59100,0,3,0,0,0,0,0,0,0,6,0,0,0,0,0,0,0,0,0,0,0,0,0,0,0,0,0,0,0,0,4,3,6,5,15,5,7,5,0,51,5,10,43,46,61,36,16,12,0,231,0,0,0,0,0,0,0,0,0,7,0,0,0,0,0,0,0,0,0,0,0,0,12,4,4,12,3,3,0,41,0,0,0,0,0,0,0,0,0,5,0,3,13,0,11,0,0,0,0,37,0,0,7,3,10,6,4,0,0,27,0,0,0,0,8,5,0,0,0,17,0,0,9,10,12,3,3,0,0,35,0,0,3,0,0,5,0,0,0,15,0,0,0,0,4,0,0,0,0,9,0,0,3,0,0,3,0,0,0,8,0,0,0,0,0,0,0,0,0,0,0,0,0,0,0,0,0,0,0,0,0,0,7,12,13,15,15,7,3,69,6,6,62,34,62,48,34,13,3,262
LGA59170,0,0,9,3,4,0,0,0,0,18,0,0,0,0,0,0,0,0,0,0,0,0,0,4,0,0,0,0,0,6,6,0,0,10,9,9,9,3,8,46,9,14,66,84,51,42,28,11,8,309,0,0,0,0,0,0,0,0,0,3,0,0,0,0,0,0,0,0,0,4,0,6,14,4,7,5,7,0,0,50,0,0,4,0,0,0,0,0,0,8,0,8,24,13,6,4,0,0,0,63,0,0,12,10,4,12,5,5,0,46,0,0,4,17,7,10,8,0,0,49,0,3,9,12,7,8,0,0,0,35,0,0,9,6,4,11,0,0,0,24,0,0,0,0,0,0,0,0,0,3,0,0,10,0,0,3,0,0,0,18,0,0,0,0,0,0,0,0,0,0,0,0,0,0,0,3,0,0,0,3,0,3,17,9,12,23,16,6,0,87,7,23,91,79,57,80,39,18,0,399
LGA59250,0,5,11,0,8,3,0,0,0,25,0,0,0,0,0,0,0,0,0,0,0,0,6,5,0,0,0,0,0,13,3,16,41,40,34,11,3,0,0,149,3,68,198,141,130,46,15,0,0,598,0,0,9,0,0,0,0,0,0,13,0,0,0,0,0,0,0,0,0,0,0,9,40,32,27,12,3,0,0,125,0,0,9,3,0,4,0,0,0,24,0,0,0,0,0,0,0,0,0,3,0,0,0,0,7,4,0,0,0,14,0,0,3,6,0,0,0,0,0,16,0,0,9,6,0,0,0,0,0,15,0,0,3,10,3,0,0,0,0,21,0,0,0,0,3,0,0,0,0,3,0,0,0,5,3,0,0,0,0,17,0,0,0,0,0,0,0,0,0,0,0,0,0,4,0,3,0,0,0,6,4,7,55,35,19,14,3,0,0,142,8,29,143,94,70,45,12,0,0,397
LGA59310,0,8,5,6,9,0,0,0,0,20,0,0,0,0,0,0,0,0,0,0,0,0,0,0,0,0,0,0,0,3,11,5,17,10,7,12,3,9,0,78,13,38,121,88,94,72,27,19,4,481,0,0,5,0,3,0,0,0,0,6,0,4,0,0,0,0,0,0,0,8,0,11,29,26,19,18,15,0,3,123,0,0,3,6,4,4,0,0,0,18,0,3,14,13,8,9,7,0,0,55,0,4,9,5,5,12,7,0,0,39,0,0,14,9,15,19,4,0,0,62,0,8,12,16,15,11,0,0,0,64,0,0,9,8,11,8,4,0,0,36,0,0,5,0,0,0,0,0,0,8,0,0,4,7,3,4,0,0,0,21,0,0,0,0,0,0,0,0,0,0,0,0,0,0,0,0,0,0,0,3,7,0,15,13,16,13,13,11,4,84,5,30,119,95,88,94,54,17,13,515
LGA59320,0,0,4,0,0,0,0,0,0,3,0,0,0,0,0,0,0,0,0,0,0,0,0,0,0,0,0,0,0,0,0,0,0,4,4,0,0,4,0,15,4,0,28,30,35,21,19,4,0,135,0,0,0,0,0,0,0,0,0,5,0,0,0,0,0,0,0,0,0,0,0,3,0,5,5,6,7,0,0,23,0,0,0,0,0,4,0,0,0,3,0,0,7,9,8,0,4,0,0,27,0,0,3,7,3,3,5,0,0,21,0,0,3,3,4,3,0,0,0,11,0,0,3,8,6,0,0,0,0,17,0,6,4,0,3,3,0,0,0,14,0,0,0,0,0,0,0,0,0,0,0,0,0,0,0,0,0,0,0,4,0,0,0,0,0,0,0,0,0,0,0,0,0,0,0,0,0,0,0,0,0,3,0,5,8,4,3,0,0,30,0,7,27,31,41,30,19,8,0,163
LGA59330,0,0,0,0,3,0,0,0,0,5,0,0,0,0,0,0,0,0,0,0,0,0,0,0,0,0,0,0,0,0,0,4,0,0,7,8,15,4,8,52,4,13,27,27,27,21,30,13,5,174,0,0,0,0,0,0,0,0,0,0,0,0,0,0,0,0,0,0,0,0,0,0,3,4,7,9,6,0,0,34,0,0,0,0,0,0,5,0,0,6,0,5,0,6,0,0,0,0,0,12,0,0,9,0,0,3,0,5,0,16,0,0,9,0,4,3,0,0,0,17,0,0,0,6,4,0,4,0,0,20,0,0,0,3,0,3,0,0,0,12,0,0,0,0,0,0,0,0,0,0,0,0,3,0,0,0,0,0,0,8,0,0,0,0,0,0,0,0,0,0,0,0,0,0,0,0,0,0,0,6,0,0,8,3,12,13,9,13,8,76,3,10,33,27,38,39,27,19,11,208
LGA59340,8,14,61,27,26,8,9,0,0,151,0,0,3,0,0,0,0,0,0,5,0,3,9,9,14,5,3,0,0,39,86,98,189,186,153,94,46,15,4,875,113,304,901,797,671,391,137,24,0,3337,0,9,19,19,16,4,0,0,0,68,0,0,4,7,3,0,0,0,0,17,3,34,131,97,95,86,25,7,0,487,0,20,41,25,21,34,8,3,0,159,3,16,42,42,27,20,13,0,0,156,4,7,64,57,65,59,24,0,0,267,3,13,63,54,49,36,8,4,0,230,6,36,96,78,66,57,16,0,0,355,7,18,94,72,63,53,10,0,0,318,5,0,19,17,13,3,0,0,0,54,4,16,50,41,23,16,9,5,0,157,0,0,0,0,0,0,0,0,0,11,0,3,19,6,10,5,0,0,0,41,83,99,218,165,179,133,74,23,7,976,125,271,856,683,626,498,189,40,9,3285
LGA59350,0,0,4,0,5,0,0,0,0,11,0,0,0,0,0,0,0,0,0,0,0,0,0,0,0,0,0,0,0,0,3,13,19,14,12,6,3,0,0,71,3,36,68,44,28,18,6,0,0,205,0,0,6,0,0,0,0,0,0,14,0,0,0,0,0,0,0,0,0,0,0,11,14,10,7,0,0,0,0,46,0,0,0,0,0,0,0,0,0,0,0,0,0,3,0,0,0,0,0,3,0,0,0,0,0,0,0,0,0,9,0,0,0,4,4,4,0,0,0,12,0,0,4,0,0,0,0,0,0,15,0,0,0,0,0,3,0,0,0,6,0,0,0,4,0,0,0,0,0,3,0,0,3,6,0,0,0,0,0,12,0,0,0,0,0,0,0,0,0,0,0,0,0,0,0,0,0,0,0,4,3,3,17,4,16,17,0,4,0,69,6,18,52,32,38,30,9,5,0,191
LGA59360,0,0,5,8,9,0,0,0,0,28,0,0,0,0,0,0,0,0,0,0,0,0,0,0,0,4,0,0,0,4,6,23,35,50,33,25,12,13,0,193,10,71,157,158,117,80,27,23,0,650,0,0,3,0,0,0,0,0,0,7,0,0,3,0,0,0,0,0,0,3,0,7,29,22,21,15,12,3,4,112,0,0,3,4,5,0,0,0,0,18,0,0,3,6,9,5,3,0,0,24,0,0,6,5,7,4,4,0,0,30,0,0,6,7,14,4,5,0,0,37,0,3,12,9,10,5,0,0,0,44,0,5,5,4,4,5,0,0,0,20,0,0,0,0,0,0,0,0,0,3,0,0,3,0,9,0,0,0,0,14,0,0,0,0,0,0,0,0,0,0,0,0,0,0,0,0,0,0,0,4,7,9,44,32,42,34,13,11,8,193,9,26,116,97,130,76,40,23,16,521
LGA59370,0,0,12,19,10,8,7,0,0,61,0,0,0,0,0,0,5,0,0,6,0,0,0,0,4,5,6,0,0,9,20,9,24,29,63,45,38,28,12,270,33,42,157,216,277,337,198,87,20,1363,0,0,0,3,5,8,4,0,0,25,0,0,0,0,0,0,0,0,0,8,6,13,30,34,42,66,68,21,7,282,0,3,3,6,15,20,16,7,0,73,0,4,19,20,10,14,6,5,0,91,0,8,16,20,35,42,27,19,0,176,0,3,12,24,25,45,38,5,5,152,6,3,36,26,35,35,37,18,0,195,3,6,12,17,21,48,25,5,0,137,0,0,0,3,11,15,3,3,0,38,3,4,7,12,25,7,14,6,0,77,0,0,0,0,0,0,3,0,0,0,0,0,4,0,9,0,5,0,0,18,20,13,32,39,60,81,94,57,26,417,39,67,185,213,290,379,345,144,36,1702
LGA59499,0,20,61,25,38,24,7,0,0,183,0,0,5,0,0,0,0,0,0,5,0,4,10,6,10,7,7,0,0,40,61,107,320,290,254,203,81,37,10,1360,91,378,1159,811,716,763,321,56,12,4307,0,9,26,17,10,7,5,0,0,74,0,4,15,5,5,12,5,0,0,44,3,32,159,91,115,106,71,7,3,595,5,13,64,45,22,38,15,3,0,204,0,10,22,16,10,14,9,0,0,86,3,10,66,25,29,43,27,3,0,209,0,7,25,20,15,43,21,5,6,143,8,33,103,55,43,69,42,5,0,356,8,20,76,23,33,39,20,0,0,215,0,14,40,5,7,10,5,0,0,90,0,11,43,35,26,27,10,4,0,161,0,0,3,0,0,0,4,0,0,8,0,6,7,13,13,4,4,3,0,45,47,135,379,319,355,208,129,25,4,1606,64,307,1027,670,678,635,368,57,8,3823
LGA59799,0,0,8,8,8,0,0,0,0,23,0,0,0,0,0,0,0,0,0,0,0,0,4,5,4,0,0,0,0,8,0,3,27,17,5,5,5,0,0,67,0,25,107,75,55,23,8,0,0,300,0,0,0,0,0,0,0,0,0,6,0,0,0,0,0,0,0,0,0,0,0,3,45,51,41,17,0,0,0,159,0,0,15,0,3,0,0,0,0,20,0,0,4,5,0,0,0,0,0,4,0,0,0,5,0,0,0,0,0,7,0,0,0,0,0,0,0,0,0,0,0,3,3,0,8,3,0,0,0,13,0,0,3,0,0,0,0,0,0,5,0,0,4,0,0,0,0,0,0,6,0,0,8,8,10,6,0,0,0,25,0,0,0,0,0,0,0,0,0,0,0,0,0,3,0,0,0,0,0,3,0,3,30,17,21,6,0,0,0,81,0,14,106,98,83,31,4,3,0,341
LGA60210,9,10,33,34,31,34,8,4,0,163,0,0,0,0,0,0,0,0,0,0,0,0,4,5,6,5,4,7,0,30,38,21,29,42,65,106,97,91,38,537,64,78,246,368,496,594,365,173,66,2452,0,0,0,7,13,11,7,4,0,46,0,0,6,7,9,8,7,0,0,35,7,16,21,42,78,130,120,48,6,469,0,5,17,29,36,44,45,10,0,190,3,4,18,27,26,21,17,3,0,119,0,6,22,27,48,75,43,18,0,244,0,5,22,28,37,66,62,14,6,238,0,5,26,39,44,80,44,8,8,257,5,4,35,39,61,83,47,10,0,279,0,0,4,3,10,23,19,3,0,63,4,16,37,42,46,26,25,4,4,197,0,0,0,0,0,0,5,0,0,6,0,0,3,3,3,8,10,4,0,39,39,11,33,42,88,123,140,76,40,593,58,72,244,342,492,704,576,213,68,2771
LGA60410,13,50,128,93,46,33,14,3,5,381,0,0,0,0,0,0,0,0,0,4,0,3,9,15,10,3,0,6,0,49,146,93,164,171,195,235,152,72,20,1249,226,430,1059,1052,889,760,383,136,48,4984,0,8,9,18,10,8,5,0,0,47,4,10,33,29,6,11,0,5,0,101,10,55,182,202,182,179,118,48,11,985,12,37,109,83,82,62,40,12,3,437,5,11,14,38,16,20,5,0,3,120,0,32,77,53,75,86,43,7,4,373,0,15,57,42,40,59,16,8,0,247,22,79,248,218,148,133,55,17,3,915,8,88,193,173,148,105,33,3,0,767,3,4,18,8,14,7,0,3,0,64,11,63,139,109,52,33,31,9,0,439,0,3,3,5,0,0,4,0,0,23,4,5,16,16,5,13,9,4,4,82,166,102,178,213,187,212,179,102,39,1382,248,505,1275,1207,971,920,549,231,70,5975
LGA60610,34,70,108,98,63,40,25,9,0,453,0,0,0,0,0,3,0,0,0,8,0,13,8,10,15,10,7,3,0,69,105,84,103,171,167,178,237,251,161,1463,234,581,1278,1359,1415,1090,760,450,218,7386,0,0,26,35,30,15,16,3,0,125,4,18,36,22,33,11,6,3,0,128,18,92,274,268,264,250,158,108,34,1464,11,36,84,48,78,73,46,31,6,418,7,14,31,39,32,21,15,4,0,165,5,41,134,133,154,164,95,48,17,786,0,22,89,123,109,131,80,62,10,623,35,92,224,240,244,167,79,31,11,1127,16,78,185,160,210,162,60,22,0,901,6,16,31,24,25,21,15,7,3,154,29,72,118,89,79,51,33,18,3,483,3,4,4,4,4,0,0,0,6,26,4,3,16,9,19,14,12,8,3,82,118,83,142,151,223,209,233,159,59,1380,252,580,1401,1338,1493,1288,852,500,162,7865
LGA60810,21,53,118,106,82,51,26,16,6,474,0,0,0,0,0,4,3,0,0,8,0,0,11,18,20,17,11,9,0,80,145,63,119,191,216,206,278,273,111,1590,263,467,1186,1585,1890,1513,938,541,174,8560,0,4,14,20,20,24,27,6,0,127,4,18,36,31,23,21,6,3,0,139,9,99,209,272,297,324,248,109,28,1596,9,53,100,99,121,151,83,56,15,676,9,23,67,83,64,39,27,14,0,329,9,46,140,127,183,226,120,52,20,915,0,23,106,139,169,244,177,74,13,942,12,68,192,259,292,259,116,38,9,1253,21,83,157,190,252,236,82,26,0,1046,0,7,34,29,32,30,22,12,0,167,21,52,118,116,96,64,56,17,5,532,0,4,3,0,3,4,9,7,5,42,0,4,3,15,24,21,18,0,3,91,119,72,145,158,246,266,291,252,115,1657,217,555,1334,1527,1817,1917,1268,662,223,9512
LGA61010,0,6,15,12,4,19,5,0,0,49,0,0,0,0,0,0,0,0,0,0,0,0,0,0,0,3,0,0,0,11,20,9,23,30,34,45,33,22,7,224,25,49,115,140,137,188,110,40,8,811,0,0,4,5,9,0,6,0,0,25,0,0,0,0,0,0,0,0,0,3,0,4,8,19,17,33,33,9,0,122,0,5,6,5,8,13,11,5,0,48,0,10,27,21,23,14,9,3,0,104,3,0,4,4,17,23,9,5,0,67,0,0,3,4,3,9,11,5,0,38,0,3,26,21,7,21,13,3,0,88,0,0,10,11,17,16,10,3,0,68,0,0,3,9,0,3,7,0,5,20,0,9,8,8,8,12,8,0,0,53,0,0,0,0,0,0,4,0,0,4,0,0,0,0,5,3,4,0,0,9,11,6,16,15,36,41,45,24,8,202,24,36,124,128,149,186,160,51,12,855
LGA61210,12,29,51,34,34,21,9,3,0,197,0,0,0,0,0,0,0,0,0,4,3,0,5,6,6,5,0,0,0,18,80,24,64,73,89,61,75,65,17,546,137,169,490,484,526,370,198,102,31,2509,0,0,5,6,7,9,0,3,0,36,0,8,6,4,3,5,3,0,0,27,13,34,80,92,74,104,51,18,7,475,3,13,42,15,22,32,15,6,0,145,11,38,62,58,56,29,11,4,0,266,0,11,25,30,43,50,28,8,3,198,0,3,37,45,36,32,27,8,0,193,4,38,58,86,80,48,19,9,0,339,12,28,50,55,74,53,12,0,0,281,0,0,5,11,7,4,6,0,0,31,9,28,71,44,40,32,5,6,0,240,0,0,0,0,0,0,0,0,0,5,0,4,4,9,3,8,3,0,0,37,59,57,73,74,131,137,99,68,17,717,109,262,513,521,571,554,289,138,34,2985
LGA61410,45,134,291,307,193,136,76,20,10,1216,0,3,4,3,4,3,4,0,3,25,3,20,50,59,40,50,26,14,7,263,288,264,470,471,465,486,521,493,257,3725,513,1395,3850,4438,4541,3904,2398,1415,552,23015,0,35,125,176,154,118,89,34,24,751,16,41,158,140,78,58,19,9,0,529,9,146,462,518,695,728,594,338,123,3602,16,130,404,302,321,350,204,120,38,1877,6,27,95,111,135,104,40,17,12,531,17,131,443,431,498,516,349,151,67,2597,7,43,352,418,413,635,413,189,53,2513,44,231,854,1027,945,748,495,196,88,4644,28,185,599,658,632,574,309,83,30,3102,7,52,161,142,108,101,89,41,13,723,30,143,322,317,301,168,92,47,15,1433,4,6,10,3,5,16,13,6,13,66,0,12,33,74,56,51,29,26,9,300,249,229,515,496,520,509,515,470,237,3745,427,1403,4528,4814,4856,4666,3267,1725,726,26406
LGA61510,11,22,57,41,38,28,12,0,0,206,0,0,0,0,0,0,0,0,0,0,0,0,4,7,8,7,3,0,0,27,75,43,74,102,124,110,128,73,23,757,129,215,504,660,701,580,350,154,41,3334,0,0,8,4,9,9,11,0,0,49,0,4,14,10,9,15,3,0,0,49,4,22,86,127,134,120,105,41,11,655,9,30,63,28,55,51,36,16,0,278,0,11,22,38,35,23,11,7,0,137,0,5,39,35,77,98,52,29,9,348,0,5,23,42,52,45,42,14,3,217,11,33,116,86,95,86,33,15,3,474,0,34,87,100,98,85,38,10,5,459,0,3,14,10,17,9,8,4,0,69,15,27,53,54,44,33,16,3,0,239,3,0,3,7,0,3,5,0,0,18,0,0,8,13,7,7,0,0,0,42,71,50,94,83,117,139,145,112,20,834,118,213,610,641,740,728,507,250,53,3870
LGA61610,43,95,167,164,96,77,38,8,0,684,0,0,0,0,3,4,0,0,0,16,3,5,14,12,17,22,10,3,0,90,172,102,176,208,227,236,290,289,167,1864,314,694,1602,1707,1676,1503,1009,631,284,9425,0,6,28,23,20,21,23,9,5,130,3,23,56,37,27,16,12,0,0,183,12,82,253,288,315,302,232,125,46,1644,13,46,138,112,132,145,105,63,17,771,4,16,36,48,42,38,18,10,0,215,8,42,124,136,154,195,146,55,18,874,0,13,122,144,164,178,146,80,27,877,24,126,352,293,258,245,135,37,8,1479,24,118,218,225,301,210,97,20,9,1226,0,23,33,31,22,39,18,7,3,188,36,78,174,171,107,92,59,24,0,758,0,4,0,0,0,4,14,5,4,30,0,6,26,18,25,15,22,4,3,124,147,77,183,183,219,302,351,310,178,1952,277,652,1755,1721,1789,1794,1373,756,319,10443
LGA61810,10,17,31,38,30,18,20,4,0,166,0,0,0,0,0,0,0,0,0,0,0,0,3,3,13,8,4,0,0,29,39,20,29,50,56,80,90,77,22,457,78,147,339,384,469,451,291,160,35,2363,0,0,9,0,7,6,12,0,0,35,0,0,0,0,5,10,5,0,0,19,3,30,73,66,65,87,65,28,11,438,0,8,18,17,24,28,21,15,0,141,0,19,52,45,43,35,14,5,6,219,0,3,24,31,34,59,35,18,3,216,0,11,23,21,26,46,45,16,4,183,0,19,52,40,55,51,34,5,7,253,0,3,36,32,44,54,33,10,0,218,0,0,5,10,4,16,6,0,0,49,0,15,44,29,39,24,18,8,0,177,0,0,0,0,0,0,0,3,3,14,0,0,3,3,7,0,13,0,0,27,50,39,46,75,76,118,109,74,22,608,65,153,388,368,423,534,413,192,58,2600
LGA62010,0,3,4,3,3,3,3,0,0,18,0,0,0,0,0,0,0,0,0,0,0,0,0,0,0,0,5,3,0,13,0,0,6,11,10,15,3,0,0,50,0,9,33,51,82,101,61,14,3,350,0,0,0,0,0,4,5,0,0,7,0,0,0,0,0,0,0,0,0,0,0,0,13,10,13,18,14,8,0,75,0,0,6,3,3,16,4,0,0,34,0,0,3,9,10,12,6,0,0,40,0,0,6,5,4,20,7,9,0,54,0,0,6,7,9,11,14,0,0,46,0,0,4,5,9,13,13,4,0,48,0,4,0,3,3,17,6,0,0,37,0,0,0,3,5,3,0,0,0,12,0,0,0,3,3,7,3,0,0,22,0,0,0,0,0,0,0,0,0,0,0,0,0,0,0,5,0,0,0,5,3,0,12,11,18,16,18,13,3,81,3,15,53,65,71,126,92,33,8,469
LGA62210,4,22,41,29,21,24,9,0,0,151,0,0,0,0,0,0,0,0,0,3,0,0,5,3,8,3,4,0,0,18,48,17,30,46,72,74,93,79,38,492,90,103,313,344,470,432,283,160,58,2252,0,0,3,10,0,8,5,6,0,35,0,4,5,5,9,6,3,0,0,22,4,29,49,80,127,117,77,52,8,543,0,12,17,19,29,39,17,19,0,149,0,7,11,10,13,14,7,0,0,72,5,4,13,27,52,48,41,10,3,201,0,3,19,21,38,40,46,16,0,183,0,14,61,52,54,58,40,9,0,282,5,11,37,51,55,50,41,5,0,255,0,5,8,7,9,7,6,0,0,37,9,18,30,29,28,22,27,5,0,168,0,0,0,0,0,6,0,0,0,5,0,0,3,4,3,8,5,4,0,23,68,50,75,69,116,91,132,72,21,706,92,155,336,378,536,512,444,198,46,2693
LGA62410,5,8,32,37,37,23,9,0,3,152,0,0,0,0,0,0,0,0,0,0,0,0,4,8,6,6,0,5,0,27,4,11,27,25,22,73,87,46,34,335,19,47,186,229,283,428,346,113,57,1709,0,0,0,6,6,7,8,5,0,33,0,0,0,8,4,3,0,0,0,18,0,5,20,29,60,84,92,32,12,336,0,0,11,17,41,35,44,16,3,160,0,8,15,19,28,14,13,4,0,109,0,4,15,11,22,39,38,11,3,142,0,0,13,16,19,50,62,16,7,175,0,10,31,33,37,53,58,12,0,237,5,6,18,25,31,51,32,9,0,180,0,0,7,8,8,8,15,9,0,46,0,4,52,36,29,37,19,0,0,181,0,0,0,0,0,0,0,0,0,9,0,0,0,3,8,6,0,0,0,25,25,10,26,46,62,88,135,73,39,506,36,59,205,253,340,483,505,189,71,2152
LGA62610,48,192,324,247,180,101,67,23,3,1187,0,0,0,4,0,0,0,3,0,14,6,16,32,43,41,29,15,6,7,198,268,184,337,406,426,471,564,558,256,3475,500,1293,3454,3097,3088,2308,1572,1101,412,16832,0,16,103,92,74,50,26,9,3,372,0,49,192,114,69,37,15,0,0,480,25,135,420,453,519,500,363,226,66,2698,17,111,273,187,223,242,124,101,30,1308,5,18,71,79,70,61,12,7,0,320,8,64,269,251,282,260,157,94,19,1403,0,30,216,219,184,189,139,85,22,1086,37,247,793,676,566,423,189,82,27,3038,40,217,646,563,524,417,144,40,18,2611,8,25,123,124,76,61,36,18,0,478,41,156,399,265,207,139,72,30,14,1307,7,5,10,6,5,19,19,10,0,83,3,12,48,59,54,43,23,9,10,265,273,202,455,447,520,522,524,469,251,3671,455,1279,4014,3531,3372,2973,1845,1178,466,19103
LGA62810,42,172,299,224,164,113,53,22,3,1088,5,11,3,6,3,0,6,9,0,39,0,36,96,83,76,74,25,14,9,420,232,346,460,365,412,401,318,342,289,3162,405,2281,5460,5107,5115,4483,2233,1333,680,27093,5,168,501,427,380,282,172,65,23,2023,7,115,361,212,152,66,30,6,3,950,7,139,444,383,441,407,350,218,85,2467,3,55,211,206,208,183,114,61,37,1078,4,39,138,172,135,105,45,18,8,676,7,202,866,723,744,693,420,189,88,3933,6,37,310,384,461,741,485,187,91,2709,40,397,1176,900,854,675,393,174,98,4703,23,300,902,900,803,819,585,178,62,4577,17,153,428,315,266,189,139,43,18,1566,36,133,315,231,202,104,72,24,9,1133,11,21,13,4,6,4,13,8,5,84,5,33,94,97,92,92,47,10,3,478,158,301,577,431,457,479,392,248,190,3233,334,2096,6338,5389,5212,4829,3255,1444,722,29616
LGA63010,10,37,86,83,69,37,16,3,0,348,0,0,0,0,0,0,0,0,0,0,5,0,8,18,14,15,15,0,0,83,75,31,64,125,124,140,173,130,29,897,141,283,830,1268,1285,1197,692,274,67,6033,0,0,24,37,57,52,48,13,0,237,6,5,27,29,27,16,10,3,0,128,7,46,169,149,217,265,187,74,19,1142,3,38,77,88,87,93,54,20,4,458,0,25,71,104,87,63,24,5,3,393,0,16,72,100,147,187,92,29,4,658,4,4,34,93,114,146,128,43,11,583,10,44,154,179,198,179,127,21,6,930,9,50,120,177,213,209,131,26,5,930,0,9,42,63,67,74,49,14,0,317,15,31,92,100,72,66,38,16,4,427,0,0,0,0,3,0,6,5,0,13,0,3,17,19,21,23,12,6,0,107,129,61,125,185,179,238,234,154,42,1347,196,337,1027,1324,1491,1628,1141,431,97,7676
LGA63210,9,27,42,32,27,24,5,0,0,172,0,0,0,0,0,0,0,0,0,3,0,0,0,0,10,5,5,0,0,22,27,16,23,54,61,69,65,57,18,386,58,122,305,450,511,449,243,99,28,2264,0,0,7,3,12,9,8,5,4,40,0,4,0,5,5,13,5,0,0,29,10,18,72,62,116,103,77,27,6,496,3,4,23,10,37,50,28,9,0,173,6,9,22,34,31,20,7,3,0,131,0,10,32,41,61,67,46,10,6,265,0,0,12,41,33,42,39,9,0,182,11,17,65,62,83,64,38,6,0,336,0,13,40,47,71,52,22,5,0,246,0,4,16,15,14,10,9,4,0,76,6,16,35,40,25,20,9,0,0,150,0,0,6,0,3,5,7,0,0,19,0,0,0,0,10,12,4,0,0,28,51,24,54,64,109,91,97,47,20,553,86,115,380,422,605,554,399,122,44,2732
LGA63410,0,0,15,10,13,9,3,0,0,55,0,0,0,0,0,0,0,0,0,0,0,0,0,0,0,0,0,0,0,8,8,7,8,11,23,19,20,12,8,115,15,24,105,100,125,152,80,31,16,655,0,0,0,0,5,0,3,0,0,9,0,0,0,0,0,0,0,0,0,6,0,7,30,18,22,29,28,12,3,154,0,3,6,0,7,17,4,11,0,51,3,10,15,11,9,11,5,4,0,61,0,0,15,6,8,21,3,3,4,64,0,3,16,15,9,18,9,13,0,74,0,8,14,13,16,19,8,3,0,84,0,4,14,8,4,14,4,0,0,47,0,0,0,0,4,4,0,0,0,16,0,5,11,8,5,10,8,0,0,39,0,0,0,0,0,0,0,0,0,5,0,0,4,3,0,0,3,0,0,8,20,8,12,11,26,31,22,14,9,152,26,43,136,99,119,174,98,62,19,765
LGA63610,36,109,181,167,130,83,40,17,5,764,0,6,0,0,0,4,0,0,0,12,0,18,28,56,47,35,34,4,5,221,187,85,140,205,271,250,254,272,160,1821,326,854,2589,3289,3398,2920,1680,908,317,16282,0,20,160,251,214,186,125,43,11,997,4,48,114,124,82,50,35,0,0,465,8,91,304,422,416,474,376,183,55,2324,7,67,229,223,222,205,122,56,13,1141,9,16,72,117,137,94,40,24,3,510,3,64,286,375,436,443,276,150,48,2084,0,21,210,337,309,415,344,133,39,1803,33,115,589,610,620,486,309,98,43,2897,21,120,395,449,508,511,322,102,16,2443,0,34,128,154,134,118,85,28,13,704,16,82,183,190,152,114,62,18,4,818,0,3,3,5,0,0,17,4,0,42,0,11,39,57,51,46,33,10,5,266,147,89,225,222,270,327,296,224,92,1892,259,781,2954,3525,3553,3465,2437,1083,340,18401
LGA63810,12,35,59,40,27,24,17,3,0,222,0,0,0,0,0,0,0,0,0,3,0,0,6,0,5,13,0,0,0,32,47,24,45,74,85,103,102,115,40,632,91,243,609,678,762,729,426,233,85,3863,0,4,3,9,13,4,6,0,0,48,0,3,12,11,8,6,5,0,0,47,4,37,105,149,177,168,132,57,7,844,0,26,64,50,56,83,61,27,0,376,0,13,35,38,38,29,12,10,0,166,0,22,70,71,83,116,101,27,14,504,0,3,63,72,71,88,70,39,8,409,7,33,100,127,140,119,67,27,8,622,3,22,71,79,99,78,58,17,3,437,0,8,11,13,19,14,16,8,5,82,8,38,87,57,44,29,22,3,0,298,0,0,0,0,0,0,5,0,0,11,0,0,5,9,10,10,7,3,0,42,58,34,78,99,121,151,172,118,48,875,93,240,701,785,873,905,728,345,95,4757
LGA64010,71,272,437,383,220,173,83,26,7,1675,6,4,0,6,5,4,3,0,3,34,3,12,67,64,69,44,28,9,3,299,435,275,503,511,538,563,635,653,334,4447,746,2083,5130,4967,4834,3926,2374,1481,586,26136,0,25,116,144,94,104,65,17,10,585,9,70,179,140,92,49,20,7,0,553,41,268,648,635,719,694,550,279,95,3933,21,197,423,256,290,288,207,109,32,1823,12,50,145,157,144,80,62,36,4,695,16,223,688,581,614,624,346,154,61,3305,6,63,402,501,515,520,359,178,64,2602,62,340,873,886,794,579,347,123,61,4066,45,271,645,657,674,613,285,71,23,3294,6,93,207,224,160,121,96,27,17,948,77,219,429,353,282,183,135,48,15,1738,11,15,8,5,8,17,11,10,4,90,3,16,60,61,81,64,31,16,8,336,408,437,692,638,744,704,810,539,294,5261,712,2283,5517,5236,5209,4640,3323,1614,693,29227
LGA64210,18,57,113,117,81,56,26,9,3,479,0,0,0,0,0,0,0,0,0,6,0,0,17,14,14,17,12,3,0,73,123,38,80,133,151,201,191,208,97,1217,223,391,1062,1433,1522,1357,704,445,158,7298,0,8,19,40,32,32,27,9,3,164,0,7,24,20,35,12,5,0,0,110,9,73,187,203,258,294,219,81,28,1354,7,38,94,79,98,89,56,29,12,506,11,26,81,109,78,52,29,7,5,405,9,41,136,131,179,199,138,43,19,893,4,16,85,136,120,138,101,64,15,685,19,53,234,248,264,217,123,30,14,1199,14,68,119,164,191,183,84,22,8,849,3,23,24,30,38,48,33,20,3,210,15,44,114,109,96,58,48,11,4,495,0,0,0,0,0,8,6,11,3,30,0,3,8,12,17,26,11,13,3,92,139,61,143,175,204,212,251,193,68,1452,231,451,1273,1459,1613,1580,1122,522,185,8434
LGA64610,16,36,50,77,43,48,21,5,0,296,0,0,0,3,0,0,0,0,0,9,0,0,5,12,10,10,10,3,0,48,67,30,60,76,92,143,153,141,52,805,126,235,634,869,942,852,561,277,77,4562,0,3,9,12,13,14,25,8,0,82,0,3,12,9,4,9,3,0,0,45,10,57,106,135,171,182,132,63,9,863,6,20,62,52,73,67,46,17,0,346,12,17,59,65,75,53,25,16,0,323,6,12,63,72,105,114,85,48,13,515,0,3,38,64,80,93,60,28,9,376,6,40,119,142,130,125,89,29,4,686,9,29,78,79,112,116,69,23,3,523,3,3,16,16,20,23,19,12,0,109,3,42,84,58,68,43,33,0,4,334,0,0,6,7,0,4,5,0,0,22,7,0,7,5,13,16,13,11,0,69,83,75,114,137,188,201,217,136,52,1202,139,313,771,858,1071,1054,808,394,88,5495
LGA64810,11,36,100,98,56,38,26,0,5,365,0,0,0,0,0,3,0,0,0,5,0,9,17,18,23,15,10,0,0,81,89,45,101,107,133,145,139,120,50,930,168,347,922,1076,1151,890,518,257,81,5413,0,5,28,32,28,20,19,3,0,132,4,11,16,17,8,13,8,0,0,74,9,40,172,167,220,221,162,59,23,1070,7,58,156,72,95,90,63,25,9,567,4,7,33,45,44,40,15,0,0,187,0,30,76,78,93,125,88,20,7,510,0,10,54,72,73,101,57,31,5,408,22,57,197,196,193,192,90,25,8,976,13,47,153,131,178,141,81,11,0,762,0,5,34,25,37,24,24,3,0,161,5,42,113,96,72,57,32,3,4,428,0,3,0,0,5,0,3,4,0,19,0,4,7,14,23,20,16,5,0,81,84,68,128,135,152,188,153,121,40,1062,145,380,1170,1092,1221,1225,792,317,104,6440
LGA65010,4,11,28,22,28,15,10,0,0,119,0,0,0,0,0,0,0,0,0,0,0,0,5,4,4,11,4,0,0,25,42,20,38,65,83,105,70,40,12,475,64,114,316,390,429,405,230,80,16,2048,0,0,4,8,9,13,3,0,0,32,0,0,0,7,0,0,0,0,0,14,3,28,58,69,78,94,46,21,8,409,3,13,35,19,33,36,26,9,3,174,3,10,40,20,28,19,7,0,0,134,0,11,16,20,39,38,20,4,4,149,0,0,15,29,32,28,22,10,0,141,3,19,60,63,50,47,9,3,0,251,6,13,35,35,62,55,32,4,3,244,0,6,4,9,7,9,5,0,0,38,0,15,31,22,34,24,11,4,0,140,4,0,4,0,6,6,3,0,0,21,0,0,0,3,9,4,4,0,0,26,56,32,52,72,99,94,76,40,19,531,81,144,349,374,488,468,277,101,35,2317
LGA65210,0,10,15,20,15,11,3,0,3,83,0,0,0,0,0,0,0,0,0,0,0,0,0,0,5,6,0,0,0,13,9,10,6,20,31,42,35,29,15,195,14,35,105,142,217,263,174,81,22,1048,0,0,6,7,4,9,3,4,0,30,0,0,0,0,0,4,0,0,0,5,0,0,12,16,35,51,46,23,0,189,0,6,7,9,18,25,18,6,0,82,0,5,8,15,10,11,3,0,0,56,0,5,0,3,5,20,15,7,0,62,0,3,9,15,9,26,30,8,0,100,0,3,16,12,16,17,24,3,0,102,0,3,11,17,24,41,21,10,0,131,0,4,0,4,11,7,14,0,0,45,3,4,13,20,13,16,3,0,3,78,0,0,0,0,0,0,0,0,0,3,0,0,0,0,3,3,3,0,0,13,15,6,18,23,56,63,68,42,25,320,22,31,90,146,206,306,261,108,40,1209
LGA65410,24,44,59,62,44,27,15,11,0,281,0,0,0,0,0,0,0,0,0,0,0,0,11,8,6,13,3,3,0,56,91,27,57,111,141,148,149,153,57,942,180,277,705,948,1189,919,589,322,97,5225,0,0,12,16,14,22,25,9,0,92,0,4,8,9,6,10,3,3,0,47,10,65,167,173,235,236,142,85,16,1132,6,24,63,45,63,81,47,16,0,346,5,18,41,36,61,27,21,7,0,221,0,19,81,53,132,140,90,38,8,568,0,9,62,71,98,128,84,42,11,495,17,39,119,123,162,120,67,21,11,677,13,37,100,137,147,133,66,17,0,644,0,6,27,19,22,20,19,5,3,119,8,49,73,60,49,53,25,11,6,325,0,0,0,0,0,7,9,9,3,25,0,4,9,6,14,20,6,0,0,57,85,48,102,119,178,173,201,161,51,1120,151,325,852,881,1183,1161,796,425,104,5882
LGA65610,6,20,30,19,17,19,9,0,0,115,0,0,0,0,0,0,0,0,0,0,0,0,0,7,3,3,0,0,0,17,29,13,32,53,68,54,84,34,11,380,41,131,286,354,344,258,199,67,9,1683,0,0,6,3,0,3,0,5,0,29,0,0,7,6,6,0,0,0,0,16,0,18,64,79,107,92,54,30,0,449,0,3,6,10,24,19,14,9,0,87,6,3,11,8,9,4,4,0,0,46,0,4,17,11,24,37,19,5,0,123,0,7,23,13,22,23,7,0,0,95,0,13,31,26,36,32,12,6,0,162,5,5,23,20,37,15,7,4,0,117,0,0,3,10,4,4,4,0,0,28,4,15,22,35,19,16,16,3,0,125,0,0,0,0,0,0,0,4,0,5,0,0,3,0,3,3,0,4,0,19,27,19,52,46,62,68,64,36,11,382,43,91,268,269,352,330,205,99,16,1665
LGA65810,20,62,98,126,88,61,31,19,3,517,0,0,3,0,4,0,0,4,0,10,4,5,7,21,17,30,11,9,0,100,115,54,92,150,182,180,198,203,120,1303,205,484,1260,1873,2057,1816,1091,558,215,9555,0,8,24,46,66,53,43,14,0,256,5,14,44,33,23,26,4,4,0,146,8,72,226,286,372,401,334,150,43,1889,4,56,119,98,144,139,77,50,8,704,3,19,48,64,77,57,43,19,10,340,9,66,158,184,259,308,150,74,17,1221,4,17,141,177,223,262,185,84,19,1113,13,83,260,301,334,305,185,66,16,1574,20,62,138,235,245,214,147,44,10,1115,0,20,53,57,43,48,46,14,3,289,22,50,120,134,111,72,56,25,3,596,0,0,0,0,4,4,10,5,0,29,0,5,10,21,35,17,13,11,0,106,156,78,169,158,235,296,294,193,126,1704,250,566,1514,1796,2164,2211,1587,743,258,11081
LGA69499,0,4,6,3,4,5,0,0,0,22,0,0,0,0,0,0,0,0,0,0,0,0,8,7,5,0,0,0,0,11,13,17,41,33,21,24,15,9,0,167,19,39,148,102,88,92,47,10,0,541,0,0,3,0,0,0,3,0,0,15,0,0,0,0,0,0,0,0,0,0,0,3,16,8,7,10,8,0,0,60,0,0,0,11,3,7,3,0,0,22,0,0,3,0,4,0,0,0,0,16,0,4,10,9,11,12,0,0,0,44,0,0,4,4,4,8,6,0,0,18,0,6,12,16,5,8,3,0,0,46,0,6,9,7,12,12,6,0,0,45,0,0,7,5,4,4,3,0,0,24,0,3,10,4,6,3,0,0,0,27,0,0,0,0,0,0,0,0,0,5,0,0,0,0,0,0,0,0,0,3,10,20,45,34,38,20,14,8,0,190,17,49,132,94,84,81,55,12,0,517
LGA69799,0,3,3,3,0,0,0,0,0,13,0,0,0,0,0,0,0,0,0,0,0,0,0,0,0,0,0,0,0,5,0,0,7,3,3,4,3,0,0,11,0,8,20,16,15,15,7,0,0,78,0,0,0,0,0,0,0,0,0,0,0,0,0,0,0,0,0,0,0,0,0,0,3,8,4,4,0,0,0,18,0,0,3,0,0,0,0,0,0,0,0,0,0,0,0,0,0,0,0,0,0,0,0,0,0,0,0,0,0,5,0,0,0,0,0,0,0,0,0,0,0,0,0,0,0,0,0,0,0,0,0,0,0,0,0,0,0,0,0,0,0,0,0,0,0,0,0,0,0,0,0,0,3,0,0,0,0,0,0,4,0,0,0,0,0,0,0,0,0,0,0,0,0,0,0,0,0,0,0,0,0,0,0,0,0,0,0,0,0,4,0,7,18,7,4,4,4,0,0,46
LGA70200,46,100,163,126,107,49,8,5,3,605,0,0,4,3,0,0,0,0,0,16,0,8,39,56,39,16,7,0,0,159,263,254,585,523,457,326,170,92,50,2703,384,867,2904,2795,2543,1729,561,173,64,12035,0,5,58,60,49,31,28,3,0,238,9,8,59,51,34,33,8,0,0,201,10,101,316,302,357,295,114,31,12,1541,3,29,143,107,104,86,45,15,3,527,5,13,51,67,58,36,11,5,0,242,3,61,481,396,334,255,85,40,10,1671,3,10,180,206,228,235,108,34,3,1013,12,83,434,403,374,260,73,13,6,1664,8,57,436,391,384,279,70,19,0,1653,18,22,101,73,60,49,11,5,0,340,55,71,164,127,118,53,27,7,3,625,0,0,6,6,0,6,4,0,0,24,0,5,41,32,53,20,0,0,0,160,202,214,684,491,536,462,258,79,35,2969,344,683,3153,2715,2692,2110,844,261,77,12872
LGA70420,0,9,17,12,10,11,0,0,0,55,0,0,0,0,0,0,0,0,0,5,0,0,4,10,6,3,0,0,0,21,152,128,233,209,143,99,87,23,3,1075,171,218,502,432,371,296,147,24,3,2164,0,0,6,4,0,6,0,0,0,19,0,3,3,5,0,0,0,0,0,10,3,15,49,29,41,28,21,9,0,196,0,3,21,22,23,13,3,5,0,95,8,18,33,20,15,10,3,0,0,101,0,3,39,37,41,40,12,0,0,176,5,6,38,36,44,41,12,4,0,180,0,11,59,37,32,31,11,0,0,183,0,13,60,50,57,30,7,0,0,221,0,3,6,10,9,3,0,0,0,25,3,11,19,12,11,20,4,0,0,80,0,0,3,3,0,0,0,0,0,8,0,3,4,4,3,0,0,0,0,18,92,116,213,128,145,95,47,13,0,841,114,209,562,390,410,311,128,27,0,2157
LGA70540,0,0,0,0,0,0,0,0,0,0,0,0,0,0,0,0,0,0,0,0,0,0,0,0,0,0,0,0,0,0,0,0,10,8,4,0,0,0,0,20,0,0,8,14,3,4,0,0,0,36,0,0,0,0,0,0,0,0,0,0,0,0,0,0,0,0,0,0,0,0,0,0,0,0,0,0,0,0,0,3,0,0,0,0,0,0,0,0,0,4,0,0,0,6,4,0,0,0,0,8,0,0,0,0,0,0,0,0,0,0,0,0,0,0,0,0,0,0,0,3,0,0,0,0,0,0,0,0,0,0,0,0,0,0,0,0,0,0,0,3,0,0,0,0,0,0,0,0,0,0,0,0,0,0,0,0,0,0,0,0,0,0,0,0,0,0,0,0,0,0,0,0,0,0,0,0,0,0,0,0,0,3,0,0,0,0,0,0,0,13,3,4,4,12,4,7,0,0,0,29
LGA70620,0,4,10,5,0,0,0,0,0,18,0,0,0,0,0,0,0,0,0,6,0,0,3,4,0,0,0,0,0,4,81,63,123,106,53,40,15,5,4,488,86,104,280,231,170,114,27,17,3,1027,0,0,3,3,0,0,0,0,0,6,0,0,0,0,0,0,0,0,0,0,0,8,24,16,14,10,9,0,0,82,0,3,8,7,5,6,0,0,0,30,6,14,10,8,5,8,0,0,0,42,0,4,22,18,14,20,7,0,0,75,0,4,14,14,16,17,3,0,0,72,0,7,15,12,14,10,0,0,0,56,0,4,22,16,17,16,0,0,0,75,0,0,4,0,4,4,0,0,0,12,0,0,0,0,9,5,0,0,0,11,0,0,0,0,5,0,0,0,0,5,0,0,0,0,6,0,0,0,0,10,59,42,105,82,74,38,18,13,0,417,63,79,231,174,175,122,41,13,0,888
LGA70700,0,3,5,15,9,3,5,0,0,32,0,0,0,0,0,0,0,0,0,0,0,0,0,0,4,0,0,0,0,8,23,15,19,25,25,46,23,7,0,188,22,27,64,93,107,125,59,15,0,516,0,0,0,0,8,8,0,0,0,15,0,0,0,0,0,0,0,0,0,0,0,0,9,12,17,19,17,6,3,80,0,0,0,3,6,6,4,0,0,30,0,0,6,3,11,5,0,0,0,29,0,0,0,10,9,7,11,5,0,33,0,4,3,6,18,8,5,3,0,51,0,0,7,11,13,16,9,0,0,63,0,0,12,0,11,12,3,0,0,41,0,0,0,6,3,6,0,0,0,11,0,7,3,4,9,6,3,0,0,31,0,0,0,0,0,3,0,0,0,3,0,0,0,0,4,4,0,0,0,10,11,13,27,34,58,66,56,11,3,284,18,30,89,92,151,150,116,26,3,676
LGA71000,58,273,550,391,249,126,47,9,7,1710,3,9,10,10,9,0,3,3,0,55,6,33,121,136,98,83,23,4,4,511,846,886,2080,1680,1376,1061,574,330,89,8912,1149,3059,9935,8203,7119,5197,2058,694,150,37570,0,77,302,326,235,167,81,17,8,1214,15,95,365,302,144,88,26,4,0,1050,60,386,1872,1381,1246,919,500,168,33,6570,11,114,696,418,351,271,182,67,11,2120,6,34,182,222,128,107,38,15,3,732,6,249,1548,1028,724,572,232,72,23,4466,5,80,613,660,627,606,328,92,11,3020,62,471,2288,1710,1354,828,367,69,13,7159,50,255,1352,1105,923,736,301,80,12,4821,12,97,355,260,156,111,51,11,7,1054,49,212,679,404,306,133,76,23,6,1880,14,13,40,17,16,16,9,4,0,121,12,30,155,143,127,78,32,11,0,586,526,795,2286,1465,1306,1117,646,266,99,8505,820,2900,12737,9440,7645,5742,2879,892,220,43288
LGA71150,0,5,3,0,0,0,0,0,0,5,0,0,0,0,0,0,0,0,0,0,0,0,6,0,0,0,0,0,0,3,0,9,28,4,3,3,0,0,0,62,3,22,68,15,21,17,0,0,0,154,0,0,4,0,3,0,5,0,0,6,0,0,0,4,0,0,0,0,0,7,0,6,21,12,10,14,0,0,0,66,0,0,4,0,0,0,0,0,0,13,0,0,0,0,0,0,0,0,0,4,0,4,3,7,3,0,0,0,0,18,0,0,0,0,0,0,0,0,0,3,0,0,14,11,5,4,0,0,0,33,0,0,14,10,12,4,0,0,0,36,0,0,4,0,0,0,0,0,0,0,0,0,0,0,0,0,0,0,0,3,0,0,0,0,0,0,0,0,0,0,0,0,0,0,0,0,0,0,0,0,0,4,13,13,14,8,4,0,0,52,0,15,79,56,49,30,8,0,0,248
LGA71300,0,4,7,0,0,0,0,0,0,13,0,0,5,5,4,3,0,0,0,10,0,0,9,6,7,0,0,0,0,19,129,87,189,119,76,48,17,4,0,667,144,143,432,365,326,209,52,10,0,1683,0,0,0,6,0,0,0,0,0,9,0,0,0,0,5,0,0,0,0,7,0,0,27,11,18,18,8,0,0,87,0,0,26,8,11,4,0,0,0,56,0,5,19,14,11,4,0,0,0,54,0,3,14,15,23,20,5,0,0,97,0,0,42,39,49,59,11,3,0,194,3,14,23,34,29,18,3,0,0,122,0,19,39,57,36,44,3,5,0,198,0,3,10,7,6,11,0,0,0,34,3,0,7,10,4,0,0,0,0,26,0,5,6,0,7,0,0,0,0,18,3,0,11,11,13,9,0,0,0,39,272,200,335,234,154,110,40,16,6,1357,283,255,557,452,364,296,80,18,6,2307
LGA72200,8,23,53,52,36,13,3,0,0,193,0,0,0,0,0,3,0,0,0,6,0,0,13,18,12,5,0,0,0,43,98,98,194,201,171,148,85,31,11,1039,140,355,993,895,734,525,213,55,15,3916,0,4,21,16,13,8,4,0,0,62,0,0,19,14,9,5,0,0,0,48,4,79,209,125,121,89,42,16,6,694,0,8,48,44,33,24,16,5,0,180,3,18,40,42,32,17,4,4,0,169,0,22,116,68,88,54,29,10,0,391,0,7,78,81,63,54,28,4,0,313,6,17,154,105,122,70,18,8,0,502,10,28,145,102,84,60,23,5,0,455,4,8,23,10,12,9,4,3,0,65,0,17,68,42,38,18,4,0,0,189,5,0,0,0,0,0,9,0,0,14,0,7,25,19,10,5,3,3,0,67,166,155,432,280,373,277,155,69,20,1933,193,389,1385,938,991,701,336,125,21,5077
LGA72300,20,43,95,115,77,26,11,4,4,392,0,4,0,0,0,0,0,0,0,6,0,14,29,32,14,15,9,0,0,120,229,171,331,503,507,386,190,64,6,2396,374,653,1429,2199,2034,1365,562,149,25,8795,0,7,21,53,61,30,10,3,0,184,5,17,19,29,17,15,3,0,0,106,40,209,639,618,711,427,192,47,7,2887,14,50,223,227,174,147,58,21,4,917,8,20,74,70,98,49,26,0,0,358,6,40,119,139,158,135,62,14,0,680,0,16,89,145,169,154,76,10,0,662,48,89,248,323,339,177,71,5,3,1302,19,93,166,184,187,141,52,7,3,844,6,10,39,35,30,27,18,0,0,174,18,51,122,117,113,62,17,4,0,503,4,3,3,4,0,3,3,0,0,22,3,11,24,48,42,24,21,0,0,169,279,356,1119,1063,932,611,273,60,18,4709,452,974,2906,3068,3038,2005,872,179,41,13526
LGA72330,0,10,13,7,10,0,0,0,0,37,0,0,3,0,0,0,0,0,0,0,0,0,5,4,5,0,0,0,0,11,126,167,361,294,159,55,34,7,4,1199,135,214,526,457,307,164,58,18,4,1885,0,0,9,0,0,3,0,0,0,8,0,3,4,0,0,0,0,0,0,9,3,4,21,12,18,16,5,0,0,83,0,0,13,16,5,5,0,0,0,40,3,12,23,10,15,4,0,0,0,64,0,0,13,20,10,29,14,0,0,86,0,0,30,26,30,40,11,3,0,150,0,4,28,17,23,22,0,0,0,103,0,8,39,32,38,20,3,0,0,141,0,0,5,11,6,3,0,0,0,22,3,3,15,5,7,4,5,0,0,43,0,0,4,3,3,0,0,0,0,5,0,0,5,3,0,0,0,0,0,16,270,403,444,298,245,129,32,22,4,1851,279,447,642,459,395,273,84,26,0,2611
LGA72800,30,108,243,185,107,41,14,5,0,722,0,0,4,5,0,4,0,0,0,11,3,14,59,55,25,16,3,0,0,168,297,280,569,496,391,250,111,67,35,2503,474,1158,3317,3005,2011,1058,363,133,46,11554,0,9,58,65,44,31,11,3,0,226,9,38,125,134,45,21,8,0,0,383,40,270,1030,802,532,321,101,38,10,3129,7,56,316,187,137,83,37,11,5,837,11,19,87,95,51,26,14,0,0,306,6,84,363,258,191,133,56,23,0,1109,3,30,276,291,221,128,48,13,4,1015,45,237,868,788,495,246,61,23,0,2757,36,162,543,472,334,196,50,14,0,1799,14,22,93,71,29,16,6,0,0,260,50,105,315,208,119,52,14,3,0,875,3,5,12,4,6,5,0,0,0,36,0,14,85,64,50,9,6,0,0,235,260,301,703,568,430,324,173,75,23,2864,479,1354,4883,4005,2690,1582,576,204,58,15828
LGA73600,3,3,15,9,3,3,0,0,0,31,0,0,0,0,0,0,0,0,0,9,0,3,9,4,0,0,3,0,0,20,123,114,176,165,87,68,39,11,7,783,139,187,417,353,280,215,81,16,7,1699,0,0,0,6,0,0,0,0,0,13,0,0,0,0,0,0,0,0,0,9,0,12,50,32,24,23,13,6,0,161,0,3,25,7,14,10,8,0,0,73,3,8,28,20,17,13,0,0,0,89,4,0,20,18,19,16,8,0,0,75,0,0,40,28,38,34,13,3,0,157,0,8,28,22,25,18,8,0,0,109,0,5,36,29,32,18,0,4,0,130,0,3,3,11,8,0,0,0,0,26,3,3,14,8,8,7,0,0,0,40,0,0,0,0,0,5,0,0,0,7,0,0,7,0,12,3,0,0,0,24,191,117,254,186,158,118,55,13,0,1097,202,173,511,366,351,256,115,26,3,2001
LGA74050,0,0,8,0,7,0,0,0,0,21,0,0,0,0,0,0,0,0,0,3,0,0,0,6,0,0,0,0,0,7,26,16,29,35,25,11,0,3,0,135,34,50,155,133,145,76,14,4,0,607,0,0,0,0,0,0,0,0,0,4,0,0,0,0,0,0,0,0,0,0,0,0,6,3,7,4,6,0,0,26,0,0,3,0,6,7,0,0,0,16,0,0,5,4,3,0,0,0,0,7,0,3,7,9,8,11,0,0,0,40,0,6,16,8,9,14,5,0,0,61,0,0,15,12,9,8,0,0,0,43,0,5,14,6,11,6,0,0,0,44,0,0,0,3,0,6,0,0,0,16,0,0,3,0,5,0,0,0,0,11,0,0,0,0,0,0,0,0,0,0,0,0,3,3,4,0,0,0,0,11,34,31,56,73,30,19,5,4,0,254,40,41,126,134,84,72,20,5,4,526
LGA74550,0,7,15,3,8,3,0,0,0,38,0,0,0,0,0,0,0,0,0,6,0,0,11,0,0,0,0,0,0,9,33,39,51,49,46,24,12,12,0,278,51,100,229,158,150,124,41,19,0,879,0,0,0,4,0,0,0,0,0,7,0,0,0,0,0,0,0,0,0,0,4,17,13,11,20,20,10,0,0,95,0,0,8,4,0,0,11,3,0,30,10,22,20,15,19,4,3,0,0,96,0,3,8,3,17,12,4,4,0,60,0,0,11,3,14,19,6,0,0,55,0,7,16,10,15,19,5,0,0,68,4,14,22,15,11,12,0,0,0,83,0,0,0,0,4,0,0,0,0,12,0,9,6,3,3,5,0,0,0,26,0,0,0,0,0,0,0,0,0,3,0,0,0,0,3,6,0,0,0,9,59,99,159,82,84,47,26,12,0,568,78,176,265,163,197,148,66,21,0,1111
LGA74560,0,0,0,0,0,5,0,0,0,7,0,0,0,0,0,0,0,0,0,0,0,0,0,5,0,0,0,0,0,3,4,0,3,4,5,7,0,0,0,31,4,0,11,42,63,53,16,0,0,206,0,0,0,3,4,0,0,0,0,11,0,0,0,0,0,0,0,0,0,6,0,0,4,10,15,14,9,0,0,52,0,0,6,0,0,3,3,0,0,13,0,0,3,0,0,0,0,0,0,7,0,0,0,0,7,12,3,0,0,25,0,0,0,3,3,9,0,0,0,23,0,0,0,8,9,6,6,0,0,33,0,6,7,0,7,7,0,0,0,25,0,0,0,3,0,0,3,0,0,8,0,0,0,0,0,0,0,0,0,3,0,0,0,0,0,0,0,0,0,0,0,0,0,5,0,0,0,0,0,8,0,8,4,8,9,7,8,3,0,49,0,9,27,44,60,74,37,6,3,269
LGA74660,6,7,22,14,6,0,0,0,0,56,0,0,3,3,0,0,0,0,0,4,0,0,3,6,3,0,0,0,0,16,72,56,113,95,63,47,19,0,3,471,88,129,415,398,280,160,38,9,3,1533,0,0,4,8,3,3,0,0,0,20,0,0,4,0,0,0,0,0,0,3,0,14,47,48,42,25,7,0,0,188,0,0,16,23,14,12,3,0,0,68,6,10,33,38,15,3,0,0,0,102,0,3,17,30,29,15,4,0,0,110,0,8,43,34,34,23,3,0,0,146,0,9,34,28,26,22,0,0,0,126,7,7,38,32,43,27,4,0,0,157,0,3,15,8,4,3,0,0,0,31,0,4,15,11,10,3,0,0,0,46,0,0,0,0,0,0,0,0,0,3,0,7,4,11,0,3,0,0,0,27,113,129,204,284,203,71,29,6,0,1047,126,195,477,553,431,214,59,13,4,2075
LGA74680,0,0,3,0,8,0,0,0,0,15,0,0,0,0,0,0,0,0,0,0,0,4,5,0,7,0,0,0,0,15,25,9,17,10,8,11,3,0,0,87,33,44,109,78,97,59,8,3,0,429,0,0,3,0,0,0,0,0,0,3,0,0,0,0,0,0,0,0,0,3,0,8,10,7,7,6,0,0,0,34,0,12,4,14,5,4,0,0,0,31,0,3,10,0,4,6,0,0,0,24,0,0,8,6,6,7,0,0,0,31,0,5,19,8,16,6,0,0,0,67,0,5,9,8,8,6,4,0,0,39,0,0,12,11,10,8,4,0,0,57,0,0,4,3,3,0,0,0,0,8,0,0,4,0,0,3,0,0,0,5,0,0,0,3,0,0,0,0,0,3,0,0,0,4,0,0,0,0,0,6,54,31,191,95,56,15,6,5,0,451,53,63,285,167,106,73,17,6,0,765
LGA79399,8,38,74,68,28,17,0,0,0,222,0,0,0,0,0,0,0,0,0,4,0,0,10,14,9,4,0,0,0,47,81,170,396,337,254,122,37,7,0,1399,107,361,1154,1157,835,469,96,17,0,4200,0,3,18,12,10,10,0,0,0,49,0,3,14,3,3,3,0,0,0,27,10,22,145,161,152,94,40,8,0,630,0,8,40,44,24,31,20,5,0,166,5,15,22,33,26,15,3,0,0,117,7,7,67,78,70,47,12,0,0,297,0,3,55,63,65,44,16,0,0,252,5,40,135,113,76,59,22,0,0,450,5,19,87,68,46,36,10,0,0,270,0,3,21,12,7,4,5,0,0,54,9,42,85,43,34,20,3,0,0,234,0,0,0,0,3,0,0,0,0,3,0,3,12,17,13,3,3,0,0,49,75,103,236,183,180,141,55,12,5,987,115,276,925,837,704,508,188,25,3,3588
LGA79499,0,10,20,4,8,0,3,0,0,50,0,0,0,0,0,0,0,0,0,0,0,0,3,0,0,3,3,0,0,15,5,18,61,48,53,67,35,0,0,293,10,96,268,164,173,252,121,5,0,1089,0,6,3,4,3,0,3,0,0,26,0,0,0,0,0,6,0,0,0,9,0,4,28,22,40,44,35,5,0,181,0,4,15,10,9,13,9,0,0,68,4,3,6,7,9,8,4,0,0,36,0,3,26,16,15,28,7,0,0,97,0,0,22,3,9,24,12,0,0,66,0,11,22,25,26,25,15,0,0,126,0,13,23,20,17,13,10,0,0,96,0,9,12,3,4,0,4,0,0,32,0,3,16,13,0,14,5,0,0,53,10,5,0,0,0,0,0,0,0,21,0,0,0,0,0,3,4,0,0,13,3,73,196,160,192,114,70,10,0,825,19,142,376,290,323,281,179,25,0,1635
LGA79799,0,0,3,0,0,0,0,0,0,10,0,0,0,0,0,0,0,0,0,0,0,0,0,0,0,0,0,0,0,0,0,3,6,0,3,0,0,0,0,13,0,12,23,17,13,5,0,0,0,75,0,0,0,0,0,0,0,0,0,0,0,0,0,0,0,0,0,0,0,0,0,0,13,6,3,0,0,0,0,26,0,0,0,0,0,0,0,0,0,0,0,0,0,0,0,0,0,0,0,0,0,0,0,0,0,0,0,0,0,0,0,0,0,0,0,0,0,0,0,0,0,0,0,0,0,0,0,0,0,3,0,0,0,0,0,0,0,0,0,0,0,0,0,0,0,0,0,0,0,0,0,0,5,5,0,0,0,0,0,6,0,0,0,0,0,0,0,0,0,0,0,0,0,0,0,0,0,0,0,0,0,3,0,5,0,4,0,0,0,16,0,4,24,21,8,4,0,3,0,62
LGA89399,244,947,1849,1545,908,509,270,127,20,6429,22,53,26,21,12,15,10,8,3,171,23,201,684,749,677,470,230,122,45,3202,1920,2258,3460,2831,2469,2046,1714,1628,1108,19433,3163,14646,45265,40076,34897,26626,13429,6443,2621,187168,34,1000,2837,2552,2358,1897,1332,468,184,12666,135,840,3919,4079,2747,1601,470,49,5,13840,63,1017,4135,3952,3616,3070,2259,1140,420,19665,81,700,2318,1791,1459,1143,825,446,138,8908,18,230,819,868,705,515,289,138,36,3618,48,887,4423,3610,3020,2744,1499,791,272,17301,38,512,2788,2986,2532,2705,2141,944,234,14883,254,2912,10619,10209,8188,5521,3125,975,364,42157,292,2863,11023,9341,7505,6222,4192,1338,378,43149,116,866,2783,2153,1481,890,460,172,69,8981,221,838,2215,1675,1119,663,384,142,45,7313,45,64,34,28,25,37,46,40,21,344,30,153,759,886,746,506,346,179,76,3681,1345,2076,4692,3672,3162,2621,2161,1742,1321,22794,2738,14963,53359,47797,38664,30126,19528,8581,3556,219309
LGA89499,0,3,5,0,0,0,0,0,0,13,0,0,0,0,0,0,0,0,0,0,0,0,0,3,3,0,0,0,0,8,8,11,14,11,14,9,0,0,0,75,12,50,119,79,64,45,14,0,3,384,0,0,4,0,0,4,0,0,0,7,0,0,0,6,0,0,0,0,0,6,0,3,13,4,4,8,0,0,0,35,0,0,0,0,0,0,0,0,0,9,0,4,3,0,5,0,0,0,0,10,0,0,6,3,3,0,0,0,0,22,0,0,0,0,4,12,0,0,0,18,5,6,9,9,4,6,0,0,0,38,0,9,12,13,9,4,4,0,0,55,0,0,3,9,0,0,0,0,0,13,0,0,3,0,5,0,0,0,0,8,0,0,0,0,0,0,0,0,0,0,0,0,0,0,0,4,0,0,0,5,12,13,11,28,21,19,10,0,0,115,19,40,70,71,53,62,17,0,0,337
LGA89799,0,0,0,0,0,0,0,0,0,0,0,0,0,0,0,0,0,0,0,0,0,0,0,0,0,0,0,0,0,0,0,0,0,0,0,0,0,0,0,0,0,0,0,0,0,0,0,0,0,0,0,0,0,0,0,0,0,0,0,0,0,0,0,0,0,0,0,0,0,0,0,0,0,0,0,0,0,0,0,0,0,0,0,0,0,0,0,0,0,0,0,0,0,0,0,0,0,0,0,0,0,0,0,0,0,0,0,0,0,0,0,0,0,0,0,0,0,0,0,0,0,0,0,0,0,0,0,0,0,0,0,0,0,0,0,0,0,0,0,0,0,0,0,0,0,0,0,0,0,0,0,0,0,0,0,0,0,0,0,0,0,0,0,0,0,0,0,0,0,0,0,0,0,0,0,0,0,0,0,0,0,0,0,0,0,0,0,0,0,0,0,0,0,0,0,0,0,0,0,0
LGA99399,0,5,3,0,0,0,0,0,0,10,0,0,0,0,0,0,0,0,0,0,0,0,0,4,0,0,0,0,0,5,11,3,10,12,5,0,6,0,0,39,9,20,42,34,31,9,8,4,0,160,0,0,8,4,4,4,5,4,0,30,0,0,9,5,0,0,0,0,0,12,3,7,16,23,38,45,25,15,4,171,0,0,7,13,15,25,11,6,0,74,0,0,0,9,5,7,0,0,0,38,0,0,0,17,6,21,16,3,4,76,0,0,3,15,14,12,11,8,3,70,0,4,26,31,35,43,24,8,0,170,9,0,23,21,14,9,15,0,3,97,0,5,4,10,8,3,3,0,0,27,0,7,12,22,21,8,4,0,0,73,0,0,0,0,0,0,0,0,0,4,0,0,0,4,0,3,0,0,0,17,21,15,24,30,42,39,38,27,11,246,31,45,123,202,206,228,159,77,24,1096
LGA99499,0,0,0,0,0,0,0,0,0,0,0,0,0,0,0,0,0,0,0,0,0,0,0,0,0,0,0,0,0,0,0,0,0,0,0,0,0,0,0,0,0,7,6,5,8,3,0,0,0,20,0,0,0,0,0,0,0,0,0,0,0,0,0,0,0,0,0,0,0,0,0,0,0,0,0,0,0,0,0,3,0,0,0,0,0,0,0,0,0,4,0,0,0,0,0,0,0,0,0,0,0,0,0,0,3,0,0,0,0,5,0,0,0,0,0,0,0,0,0,0,0,0,0,0,0,0,0,0,0,5,0,0,0,0,0,0,0,0,0,5,0,0,0,0,0,0,0,0,0,0,0,0,0,0,0,0,0,0,0,0,0,0,0,0,0,0,0,0,0,0,0,0,0,0,0,0,0,0,0,0,0,3,0,0,0,0,0,0,0,10,0,6,0,4,7,3,4,0,0,29
LGA99799,0,0,0,0,0,0,0,0,0,0,0,0,0,0,0,0,0,0,0,0,0,0,0,0,0,0,0,0,0,0,0,0,0,0,0,0,0,0,0,0,0,0,0,0,0,0,0,0,0,0,0,0,0,0,0,0,0,0,0,0,0,0,0,0,0,0,0,0,0,0,0,0,0,0,0,0,0,0,0,0,0,0,0,0,0,0,0,0,0,0,0,0,0,0,0,0,0,0,0,0,0,0,0,0,0,0,0,0,0,0,0,0,0,0,0,0,0,0,0,0,0,0,0,0,0,0,0,0,0,0,0,0,0,0,0,0,0,0,0,0,0,0,0,0,0,0,0,0,0,0,0,0,0,0,0,0,0,0,0,0,0,0,0,0,0,0,0,0,0,0,0,0,0,0,0,0,0,0,0,0,0,0,0,0,0,0,0,0,0,0,0,0,3,0,0,0,0,0,0,7
