LGA_CODE_2021,C21_F_Tot_Em_Tot,C21_F_Tot_Unem_Look_FT,C21_F_Tot_Unem_Look_PT,C21_F_Tot_Unem_Tot,C21_F_Tot_Tot_labo_for,C21_F_Tot_Not_LF,C21_F_Tot_LF_NS,C21_F_Tot_Tot,C11_P_15_19_Em_FT,C11_P_15_19_Em_PT,C11_P_15_19_Em_AFW,C11_P_15_19_Em_Hrs_NS,C11_P_15_19_Em_Tot,C11_P_15_19_Unem_Look_FT,C11_P_15_19_Unem_Look_PT,C11_P_15_19_Unem_Tot,C11_P_15_19_Tot_LF,C11_P_15_19_Not_LF,C11_P_15_19_LF_NS,C11_P_15_19_Tot,C11_P_20_24_Em_FT,C11_P_20_24_Em_PT,C11_P_20_24_Em_AFW,C11_P_20_24_Em_Hrs_NS,C11_P_20_24_Em_Tot,C11_P_20_24_Unem_Look_FT,C11_P_20_24_Unem_Look_PT,C11_P_20_24_Unem_Tot,C11_P_20_24_Tot_LF,C11_P_20_24_Not_LF,C11_P_20_24_LF_NS,C11_P_20_24_Tot,C11_P_25_29_Em_FT,C11_P_25_29_Em_PT,C11_P_25_29_Em_AFW,C11_P_25_29_Em_Hrs_NS,C11_P_25_29_Em_Tot,C11_P_25_29_Unem_Look_FT,C11_P_25_29_Unem_Look_PT,C11_P_25_29_Unem_Tot,C11_P_25_29_Tot_LF,C11_P_25_29_Not_LF,C11_P_25_29_LF_NS,C11_P_25_29_Tot,C11_P_30_34_Em_FT,C11_P_30_34_Em_PT,C11_P_30_34_Em_AFW,C11_P_30_34_Em_Hrs_NS,C11_P_30_34_Em_Tot,C11_P_30_34_Unem_Look_FT,C11_P_30_34_Unem_Look_PT,C11_P_30_34_Unem_Tot,C11_P_30_34_Tot_LF,C11_P_30_34_Not_LF,C11_P_30_34_LF_NS,C11_P_30_34_Tot,C11_P_35_39_Em_FT,C11_P_35_39_Em_PT,C11_P_35_39_Em_AFW,C11_P_35_39_Em_Hrs_NS,C11_P_35_39_Em_Tot,C11_P_35_39_Unem_Look_FT,C11_P_35_39_Unem_Look_PT,C11_P_35_39_Unem_Tot,C11_P_35_39_Tot_LF,C11_P_35_39_Not_LF,C11_P_35_39_LF_NS,C11_P_35_39_Tot,C11_P_40_44_Em_FT,C11_P_40_44_Em_PT,C11_P_40_44_Em_AFW,C11_P_40_44_Em_Hrs_NS,C11_P_40_44_Em_Tot,C11_P_40_44_Unem_Look_FT,C11_P_40_44_Unem_Look_PT,C11_P_40_44_Unem_Tot,C11_P_40_44_Tot_LF,C11_P_40_44_Not_LF,C11_P_40_44_LF_NS,C11_P_40_44_Tot,C11_P_45_49_Em_FT,C11_P_45_49_Em_PT,C11_P_45_49_Em_AFW,C11_P_45_49_Em_Hrs_NS,C11_P_45_49_Em_Tot,C11_P_45_49_Unem_Look_FT,C11_P_45_49_Unem_Look_PT,C11_P_45_49_Unem_Tot,C11_P_45_49_Tot_LF,C11_P_45_49_Not_LF,C11_P_45_49_LF_NS,C11_P_45_49_Tot,C11_P_50_54_Em_FT,C11_P_50_54_Em_PT,C11_P_50_54_Em_AFW,C11_P_50_54_Em_Hrs_NS,C11_P_50_54_Em_Tot,C11_P_50_54_Unem_Look_FT,C11_P_50_54_Unem_Look_PT,C11_P_50_54_Unem_Tot,C11_P_50_54_Tot_LF,C11_P_50_54_Not_LF,C11_P_50_54_LF_NS,C11_P_50_54_Tot,C11_P_55_59_Em_FT,C11_P_55_59_Em_PT,C11_P_55_59_Em_AFW,C11_P_55_59_Em_Hrs_NS,C11_P_55_59_Em_Tot,C11_P_55_59_Unem_Look_FT,C11_P_55_59_Unem_Look_PT,C11_P_55_59_Unem_Tot,C11_P_55_59_Tot_LF,C11_P_55_59_Not_LF,C11_P_55_59_LF_NS,C11_P_55_59_Tot,C11_P_60_64_Em_FT,C11_P_60_64_Em_PT,C11_P_60_64_Em_AFW,C11_P_60_64_Em_Hrs_NS,C11_P_60_64_Em_Tot,C11_P_60_64_Unem_Look_FT,C11_P_60_64_Unem_Look_PT,C11_P_60_64_Unem_Tot,C11_P_60_64_Tot_LF,C11_P_60_64_Not_LF,C11_P_60_64_LF_NS,C11_P_60_64_Tot,C11_P_65_69_Em_FT,C11_P_65_69_Em_PT,C11_P_65_69_Em_AFW,C11_P_65_69_Em_Hrs_NS,C11_P_65_69_Em_Tot,C11_P_65_69_Unem_Look_FT,C11_P_65_69_Unem_Look_PT,C11_P_65_69_Unem_Tot,C11_P_65_69_Tot_LF,C11_P_65_69_Not_LF,C11_P_65_69_LF_NS,C11_P_65_69_Tot,C11_P_70_74_Em_FT,C11_P_70_74_Em_PT,C11_P_70_74_Em_AFW,C11_P_70_74_Em_Hrs_NS,C11_P_70_74_Em_Tot,C11_P_70_74_Unem_Look_FT,C11_P_70_74_Unem_Look_PT,C11_P_70_74_Unem_Tot,C11_P_70_74_Tot_LF,C11_P_70_74_Not_LF,C11_P_70_74_LF_NS,C11_P_70_74_Tot,C11_P_75over_Em_FT,C11_P_75over_Em_PT,C11_P_75over_Em_Aw_fr_w,C11_P_75over_Emp_H_wor_ns,C11_P_75over_Em_Tot,C11_P_75over_Unem_Lo_ft_wor,C11_P_75over_Unem_Lo_pt_wor,C11_P_75over_Unemp_Tot,C11_P_75over_Tot_lab_for,C11_P_75over_N_lab_forc,C11_P_75over_LF_NS,C11_P_75over_Tot,C11_P_Tot_Em_FT,C11_P_Tot_Em_PT,C11_P_Tot_Em_AFW,C11_P_Tot_Em_Hrs_NS,C11_P_Tot_Em_Tot,C11_P_Tot_Unem_Look_FT,C11_P_Tot_Unem_Look_PT,C11_P_Tot_Unem_Tot,C11_P_Tot_Tot_labo_for,C11_P_Tot_Not_LF,C11_P_Tot_LF_NS,C11_P_Tot_Tot,C16_P_15_19_Em_FT,C16_P_15_19_Em_PT,C16_P_15_19_Em_AFW,C16_P_15_19_Em_Hrs_NS,C16_P_15_19_Em_Tot,C16_P_15_19_Unem_Look_FT,C16_P_15_19_Unem_Look_PT,C16_P_15_19_Unem_Tot,C16_P_15_19_Tot_LF,C16_P_15_19_Not_LF,C16_P_15_19_LF_NS,C16_P_15_19_Tot,C16_P_20_24_Em_FT,C16_P_20_24_Em_PT,C16_P_20_24_Em_AFW,C16_P_20_24_Em_Hrs_NS,C16_P_20_24_Em_Tot,C16_P_20_24_Unem_Look_FT,C16_P_20_24_Unem_Look_PT,C16_P_20_24_Unem_Tot,C16_P_20_24_Tot_LF,C16_P_20_24_Not_LF,C16_P_20_24_LF_NS,C16_P_20_24_Tot
LGA10050,13142,236,353,585,13728,8818,1306,23850,482,1013,68,59,1619,124,175,300,1924,1483,138,3547,1453,798,106,71,2429,141,88,225,2661,617,173,3446,1656,523,115,45,2343,108,43,150,2491,457,129,3079,1419,585,97,45,2140,81,40,118,2262,496,143,2893,1430,702,107,46,2283,68,41,110,2391,490,110,2993,1616,707,80,48,2445,72,45,118,2568,429,161,3157,1721,662,59,36,2476,55,31,89,2566,430,126,3119,1774,698,93,45,2605,74,32,105,2716,477,128,3316,1280,653,95,33,2056,46,33,80,2136,702,126,2964,729,523,84,24,1357,32,32,65,1425,1197,105,2726,185,208,43,7,444,0,0,0,443,1467,111,2017,39,100,12,3,156,0,0,0,153,1438,110,1705,16,41,11,7,75,0,3,4,77,3140,320,3544,13797,7199,964,476,22434,806,571,1376,23809,12820,1882,38512,350,1070,54,49,1524,108,192,301,1826,1238,180,3249,1279,918,53,61,2316,194,117,312,2626,594,289,3507
LGA10180,6317,139,193,330,6645,4574,1297,12509,209,571,72,46,892,54,153,210,1101,1280,129,2507,649,589,71,25,1330,68,140,209,1545,945,158,2652,653,285,48,19,1006,64,26,93,1099,354,112,1561,582,277,38,17,912,53,34,83,995,286,86,1365,654,319,30,22,1014,50,27,75,1093,274,101,1464,810,364,21,23,1218,34,17,49,1267,263,113,1640,943,422,49,22,1440,37,15,52,1494,272,76,1844,1009,338,51,20,1418,30,31,59,1483,268,88,1839,828,348,53,23,1246,20,14,32,1284,326,74,1682,475,276,36,10,801,18,12,31,834,597,79,1507,156,150,21,9,335,4,0,4,335,802,63,1207,63,79,11,0,152,0,0,3,157,777,62,1000,39,42,4,3,96,0,0,0,98,1557,208,1862,7066,4067,509,234,11874,429,472,904,12777,8000,1352,22131,160,557,71,34,815,54,156,207,1027,1268,187,2477,543,627,76,44,1290,100,145,245,1529,964,258,2754
LGA10250,10440,122,217,341,10782,8474,1165,20424,204,804,54,32,1093,78,122,198,1289,1029,77,2393,561,451,37,33,1084,85,53,144,1225,298,73,1601,664,346,45,32,1090,76,34,108,1192,279,81,1550,732,406,66,27,1227,43,28,69,1301,356,72,1725,983,608,74,23,1692,61,39,105,1793,380,97,2269,1184,703,71,30,1989,69,45,114,2101,427,97,2627,1317,730,57,40,2141,66,41,98,2242,430,83,2753,1390,760,106,44,2308,66,40,104,2411,507,105,3029,1143,704,103,34,1976,54,37,93,2076,808,106,2995,630,532,68,25,1253,26,36,67,1323,1435,100,2850,180,265,30,9,492,4,3,14,499,1692,88,2283,54,78,9,0,147,0,0,0,145,1598,95,1838,27,57,10,11,112,0,0,0,113,3827,384,4328,9071,6446,729,337,16593,636,477,1113,17711,13069,1460,32238,166,823,45,36,1069,58,128,186,1250,997,135,2382,536,488,38,17,1082,75,50,124,1211,254,99,1569
LGA10300,435,7,7,18,449,290,148,888,23,24,0,5,48,0,8,6,56,72,8,143,46,26,0,5,76,0,5,3,80,19,12,114,53,15,5,3,68,4,0,4,73,22,3,98,60,20,0,4,88,0,4,9,89,20,7,121,72,27,3,3,108,0,0,0,108,22,15,152,76,23,4,9,107,0,7,9,117,20,7,147,83,31,6,4,125,6,0,6,125,26,17,167,104,31,3,3,140,0,0,3,149,30,20,194,80,36,6,6,127,0,5,5,125,40,9,177,51,15,4,8,77,0,0,4,78,61,13,154,20,11,4,0,34,0,0,0,34,55,6,101,11,3,0,4,18,0,0,0,18,68,7,97,3,0,0,0,9,0,0,0,9,136,25,162,676,272,36,47,1027,15,25,45,1075,596,147,1818,19,19,0,4,37,4,4,5,47,73,15,131,56,22,0,7,81,11,0,14,94,21,15,132
LGA10470,10143,156,233,391,10533,6278,926,17732,343,778,80,27,1226,71,157,223,1449,1448,129,3026,1109,770,86,37,2002,127,105,237,2242,785,173,3201,1167,359,67,32,1616,70,33,100,1718,496,97,2316,975,407,92,28,1499,46,30,80,1578,490,105,2175,1201,490,76,33,1802,46,29,72,1875,427,118,2418,1304,528,53,48,1930,47,28,74,2007,407,99,2509,1388,498,60,32,1982,34,32,68,2047,373,92,2513,1399,498,71,32,1998,31,17,44,2038,398,105,2542,1175,465,65,18,1719,28,15,43,1763,472,107,2344,604,377,41,27,1052,21,9,35,1088,928,114,2134,195,200,25,8,427,0,6,11,435,1183,111,1724,52,102,7,6,166,0,0,0,164,952,86,1210,35,54,8,10,108,0,0,0,108,2090,223,2425,10951,5519,726,327,17525,518,469,991,18523,10443,1560,30526,242,763,50,48,1099,71,169,239,1339,1414,226,2977,935,794,94,46,1877,140,125,259,2139,711,296,3149
LGA10500,40946,1056,1168,2218,43170,27176,4625,74966,471,1447,117,94,2127,141,296,436,2564,4320,396,7276,2861,2400,183,230,5676,315,336,655,6335,2127,646,9108,6051,2127,308,225,8714,382,189,573,9283,1803,863,11949,5990,1943,414,178,8530,270,158,429,8956,1813,718,11484,5686,1980,340,194,8198,250,134,379,8582,1598,717,10897,5266,1859,206,183,7510,220,115,339,7850,1482,564,9895,5016,1603,194,163,6976,195,99,299,7270,1344,515,9134,4325,1327,190,127,5972,199,92,293,6262,1461,479,8201,3193,1218,172,101,4680,150,83,233,4911,2009,440,7360,1957,1057,122,73,3211,102,59,164,3371,3145,405,6920,647,485,55,42,1227,8,23,31,1260,3881,380,5525,137,205,15,20,375,3,8,10,387,3956,332,4671,49,90,6,15,167,0,3,3,167,9062,968,10200,41649,17740,2312,1647,63349,2239,1601,3847,67199,38007,7426,112626,417,1837,117,78,2441,128,451,578,3017,4706,390,8117,3345,3542,165,226,7275,338,540,875,8156,2988,747,11885
LGA10550,7511,89,142,229,7741,6871,1070,15683,240,554,42,37,877,62,56,113,988,992,69,2054,452,255,30,15,754,69,20,89,842,188,59,1092,464,221,48,11,747,41,9,54,798,243,75,1116,483,270,47,19,824,36,22,54,877,280,49,1213,631,406,46,31,1112,39,17,57,1168,306,66,1539,861,547,47,36,1492,43,40,83,1571,296,86,1953,1041,578,68,30,1707,46,33,81,1788,360,68,2215,1168,777,100,27,2082,59,38,99,2182,538,106,2817,909,651,110,27,1695,42,52,92,1788,872,126,2786,511,518,71,15,1109,49,39,84,1195,1420,117,2729,156,209,33,13,406,5,8,13,418,1667,75,2161,56,77,12,3,153,0,0,0,158,1466,117,1737,28,45,4,10,86,0,0,0,87,2539,316,2937,6997,5112,665,269,13041,494,331,827,13874,11169,1326,26356,206,519,39,32,797,45,56,93,893,785,110,1796,459,291,29,36,816,72,28,101,917,191,84,1191
LGA10600,2730,43,90,132,2862,2456,422,5748,67,184,7,5,256,31,34,65,323,471,15,813,112,89,8,9,222,31,12,41,262,131,19,419,141,77,9,7,239,30,9,44,280,109,19,408,137,101,6,8,258,22,13,30,290,132,12,437,226,185,22,13,445,14,11,29,473,180,14,671,294,264,11,10,581,31,29,55,635,150,19,807,391,278,16,5,700,23,16,37,733,199,27,961,408,336,26,14,787,32,21,53,843,222,35,1099,338,282,34,10,665,18,16,32,695,325,32,1054,176,173,15,13,376,6,11,15,390,504,25,922,68,68,10,8,148,0,8,4,158,615,27,793,26,25,4,0,57,0,3,3,62,505,24,588,13,25,0,6,40,0,0,0,40,1003,66,1112,2410,2087,174,111,4777,245,177,416,5190,4545,335,10071,50,170,6,17,240,23,22,44,282,402,36,721,121,100,5,7,231,25,8,36,263,97,31,394
LGA10650,1664,12,29,48,1710,1575,434,3715,71,118,7,12,209,12,11,22,235,260,24,527,137,39,5,5,189,17,7,23,214,56,15,280,164,45,12,9,231,4,9,16,243,50,13,306,167,65,18,3,247,6,4,8,258,80,11,351,225,81,13,7,323,13,4,11,338,57,16,408,240,93,14,13,353,11,3,17,362,50,24,437,230,107,10,10,366,16,5,20,380,59,21,468,271,138,23,14,443,13,9,17,463,107,19,581,274,131,22,9,438,5,5,6,445,149,18,610,176,116,27,14,331,6,7,11,345,301,26,669,71,70,15,3,160,0,0,0,161,416,39,610,35,50,3,3,92,0,0,0,89,389,34,512,15,16,3,6,44,0,0,0,44,709,161,907,2069,1065,169,98,3411,101,61,158,3572,2683,411,6668,49,110,4,6,172,6,10,12,185,196,43,425,146,55,8,10,226,12,0,15,244,53,38,337
LGA10750,82378,2567,2543,5109,87494,58732,8766,154995,1977,4289,241,345,6857,784,1036,1815,8672,12143,983,21798,7980,4413,407,513,13314,1164,641,1798,15113,4471,985,20566,11623,3194,658,471,15951,878,362,1241,17195,4405,988,22588,12318,3713,832,463,17323,715,364,1077,18406,4638,936,23979,12311,3982,572,375,17242,676,344,1020,18264,4365,918,23545,11498,3598,406,366,15874,607,309,921,16794,3922,869,21583,11365,3130,373,344,15208,562,243,805,16013,3614,824,20458,9802,2700,374,323,13197,474,192,664,13861,3720,767,18345,7327,2220,368,214,10126,360,147,505,10631,4645,696,15975,4141,1729,257,156,6282,219,140,360,6643,6396,656,13700,1071,676,80,50,1877,26,36,64,1937,6961,587,9481,163,177,31,26,403,4,14,17,421,5682,483,6582,35,64,17,15,141,5,7,8,147,9762,1114,11024,91620,33885,4622,3659,133789,6478,3832,10304,144091,74726,10815,229639,1748,5248,272,270,7533,588,1549,2140,9669,12596,1020,23289,7975,6108,325,490,14896,1099,946,2046,16937,4812,1078,22827
LGA10800,1184,19,16,27,1215,818,196,2223,59,65,5,7,141,0,8,16,153,187,12,350,124,36,8,4,173,11,5,16,188,43,3,239,147,48,11,8,213,0,6,9,221,47,8,283,154,51,13,3,230,6,0,9,235,57,8,295,192,60,7,8,270,6,4,6,277,76,7,361,181,63,6,10,257,7,3,9,268,52,16,337,220,90,11,5,325,9,0,16,343,40,10,396,239,89,6,12,348,8,7,11,360,65,6,436,184,76,13,8,285,0,5,3,282,94,12,393,119,76,7,12,204,4,0,5,212,143,15,369,79,28,4,4,112,0,0,0,112,151,16,277,28,31,3,3,69,0,0,0,69,200,15,283,31,27,8,4,72,0,0,0,72,451,42,563,1765,739,104,91,2697,59,45,98,2793,1610,177,4579,44,68,0,12,126,11,4,16,144,163,35,333,128,53,9,8,197,12,5,12,207,34,29,267
LGA10850,1674,33,35,69,1743,1084,202,3030,64,70,11,11,160,15,21,33,184,228,23,436,185,47,11,14,247,17,5,26,272,55,23,350,157,50,14,4,218,12,4,12,233,47,8,298,155,64,16,0,241,9,5,11,251,63,9,322,189,106,14,7,316,12,4,17,334,70,22,417,278,105,8,6,399,8,5,15,409,68,21,506,293,110,20,11,416,12,4,13,430,72,22,525,242,87,8,5,349,9,5,17,363,91,13,467,225,91,20,6,345,5,8,8,356,108,25,491,116,70,4,3,204,8,4,11,210,196,16,418,57,50,3,4,118,0,0,0,116,224,20,361,25,23,7,6,60,0,0,0,60,222,25,307,16,21,0,0,41,0,0,0,41,422,47,512,2018,889,138,70,3114,103,53,155,3270,1877,272,5419,48,117,5,8,181,16,27,42,219,211,25,457,140,73,3,4,226,15,4,23,251,45,34,322
LGA10900,18023,239,355,592,18616,13814,1149,33588,509,1330,78,62,1983,139,234,370,2353,2424,211,4986,1392,1065,98,57,2614,204,87,291,2912,667,184,3757,1619,652,109,51,2438,87,42,127,2572,508,153,3231,1745,834,172,43,2796,75,60,136,2927,678,148,3762,2281,1184,176,53,3700,85,72,159,3857,776,224,4854,2768,1374,137,59,4342,95,62,162,4500,792,255,5541,2892,1349,133,76,4453,88,60,153,4600,695,301,5598,3192,1390,176,52,4810,88,44,132,4943,833,271,6048,2678,1297,175,51,4204,84,52,134,4341,1365,261,5970,1481,1161,120,33,2803,69,62,134,2931,2330,221,5485,404,557,59,19,1041,14,19,31,1074,2792,173,4039,75,187,11,6,282,4,13,15,294,2327,134,2760,16,99,11,17,150,3,11,7,159,4450,501,5108,21073,12477,1482,583,35607,1034,823,1852,37459,20649,3032,61142,427,1405,65,49,1945,87,278,360,2312,2309,151,4771,1295,1264,52,53,2663,131,105,233,2895,595,144,3633
LGA10950,549,13,11,26,567,324,92,980,36,26,0,8,66,10,5,12,79,78,10,168,68,14,3,5,95,8,7,12,113,40,13,159,78,16,3,4,101,4,0,7,106,32,4,141,71,17,6,6,87,3,0,3,89,44,7,141,84,42,3,6,131,6,4,12,147,35,10,197,113,36,14,6,162,4,0,10,172,29,21,220,111,23,0,5,148,4,0,8,155,26,15,191,96,32,5,0,135,0,0,6,142,22,17,182,68,16,3,0,96,0,0,0,97,30,9,133,64,29,5,4,96,3,0,4,105,43,22,167,33,19,4,3,60,0,0,0,58,102,15,173,26,9,3,3,40,0,0,0,40,90,12,145,15,10,3,8,30,0,0,0,30,151,24,205,861,292,53,43,1247,48,30,79,1321,718,178,2219,20,27,0,0,57,6,6,4,66,89,16,171,85,19,0,0,103,9,0,7,111,28,14,153
LGA11150,477,6,4,15,495,265,164,921,20,20,0,0,43,0,4,4,51,82,31,163,66,17,4,0,91,8,4,15,100,46,20,173,90,27,9,5,128,3,4,3,131,36,23,189,90,30,11,0,126,3,0,3,132,24,17,170,85,29,5,6,123,0,3,7,128,37,32,195,111,28,5,4,149,5,4,11,160,39,30,225,105,25,4,3,137,0,0,6,143,23,27,193,105,31,3,5,144,5,4,7,152,20,22,197,73,23,4,6,107,0,0,8,115,24,11,159,51,20,4,0,77,0,0,0,80,53,20,150,22,15,0,5,38,0,0,4,44,55,24,122,11,5,0,4,16,0,0,0,16,42,11,71,9,3,0,4,14,0,0,0,20,82,39,140,851,272,42,40,1201,41,25,64,1262,566,311,2142,11,10,0,0,26,4,0,11,32,72,17,121,57,19,6,0,76,9,3,9,90,38,30,163
LGA11200,222,7,7,10,237,226,91,551,17,7,0,3,26,8,6,11,35,84,3,131,45,20,3,7,65,13,0,15,79,48,8,135,36,12,0,4,58,7,0,7,62,33,10,105,32,6,4,0,44,6,0,9,52,27,7,88,29,16,0,0,49,3,3,7,55,38,7,94,42,19,0,5,66,10,6,17,84,28,8,124,56,20,4,3,91,8,4,11,95,39,12,146,60,16,5,0,81,3,4,6,90,36,7,137,42,17,0,4,59,0,0,0,64,36,4,102,27,12,0,0,39,3,0,3,37,37,4,79,19,3,0,0,25,0,0,0,23,26,3,57,9,6,0,0,11,0,0,0,11,20,8,33,7,0,0,0,13,0,0,0,13,64,9,88,411,159,22,28,626,59,29,84,708,512,95,1315,3,4,0,3,15,3,9,8,22,66,4,93,25,8,0,0,39,5,10,16,52,61,4,126
LGA11250,3570,68,81,153,3720,3161,639,7516,152,294,16,20,483,63,42,106,593,495,64,1146,430,143,21,30,629,92,21,110,740,221,69,1035,456,143,30,17,655,48,26,74,729,222,66,1019,367,159,28,15,560,47,16,61,623,191,54,873,434,185,40,25,688,47,17,61,749,194,59,999,477,222,33,19,758,51,8,60,820,242,58,1123,614,230,35,20,893,32,20,49,943,269,72,1285,645,273,53,15,982,26,15,37,1027,337,82,1445,461,193,51,16,723,24,12,35,756,475,70,1308,245,134,30,8,425,14,14,32,457,757,86,1294,70,58,7,7,142,0,0,0,145,763,67,978,13,26,0,6,41,0,0,0,43,679,93,812,3,5,0,6,18,0,0,0,18,1568,294,1872,4374,2078,354,205,7005,450,188,635,7642,6402,1134,15179,93,253,17,14,376,49,39,91,472,444,36,952,361,194,28,22,601,65,31,92,694,196,71,966
LGA11300,9215,257,333,582,9800,7177,1136,18109,83,364,23,21,488,17,95,104,590,1279,83,1961,703,970,61,67,1799,96,165,261,2054,989,222,3264,1632,830,62,70,2598,152,76,223,2819,591,241,3654,1253,455,59,33,1808,77,42,115,1931,406,149,2488,1061,420,58,28,1566,58,28,88,1653,374,104,2139,1042,409,36,40,1524,50,30,82,1605,336,86,2027,1134,413,38,30,1616,47,25,69,1686,386,96,2174,1001,370,49,29,1452,39,20,63,1516,390,128,2031,735,314,44,23,1116,24,17,40,1152,483,81,1721,445,235,19,20,726,18,19,34,756,658,85,1503,128,112,9,0,257,0,5,8,265,802,58,1122,33,52,3,5,95,0,5,5,102,853,70,1021,9,32,6,7,52,0,0,0,52,2145,355,2551,9260,4987,470,378,15097,575,520,1096,16192,9692,1768,27651,52,471,25,16,570,22,121,145,713,1355,85,2156,704,1209,39,83,2032,96,274,368,2403,1754,245,4405
LGA11350,8596,187,261,447,9049,5308,1556,15912,109,422,40,18,594,64,72,138,728,859,103,1691,335,364,25,32,756,71,45,115,865,245,116,1223,415,371,35,21,844,63,36,97,937,250,69,1255,501,425,40,23,996,65,44,110,1108,360,117,1574,696,637,64,41,1430,74,42,109,1546,473,119,2135,772,726,68,39,1608,69,62,132,1743,399,115,2258,842,770,57,39,1708,91,48,138,1847,454,126,2429,911,801,80,27,1822,84,67,148,1971,595,163,2725,729,702,88,36,1560,61,50,112,1670,793,127,2591,371,458,38,16,875,28,34,61,937,981,122,2036,90,160,21,9,275,0,3,8,281,939,75,1293,32,45,7,3,87,0,0,0,91,681,55,824,20,31,5,7,67,0,0,0,71,1534,169,1771,5828,5903,574,318,12615,659,511,1170,13785,8554,1478,23814,94,428,30,26,579,34,81,119,703,746,168,1608,321,357,23,29,728,54,36,85,815,212,166,1194
LGA11400,3107,28,48,78,3184,1963,401,5551,145,147,9,21,322,27,18,46,371,459,15,841,256,82,12,13,365,22,8,31,399,97,15,513,277,77,16,11,388,18,5,18,407,86,16,505,284,123,15,13,445,15,7,23,466,120,19,598,381,175,24,15,593,10,10,23,613,99,27,740,482,182,22,13,704,13,10,22,728,102,25,854,539,216,16,21,799,12,4,16,812,144,18,982,520,189,37,23,766,23,0,22,795,150,19,964,414,155,26,7,601,14,3,13,620,179,22,823,319,164,38,13,538,4,8,11,547,371,27,944,140,109,15,4,266,0,0,0,267,431,27,731,78,56,4,5,140,0,0,0,140,392,22,553,57,36,3,3,107,0,0,0,107,802,78,981,3897,1730,235,165,6030,160,74,233,6261,3435,322,10017,139,180,15,14,352,23,26,50,400,455,50,903,234,107,17,8,360,26,7,30,391,85,39,515
LGA11450,28734,528,571,1099,29832,14555,1692,46073,593,1111,92,60,1855,133,205,340,2200,1914,132,4240,1784,799,91,97,2767,143,60,199,2970,399,141,3508,2285,487,155,51,2974,81,24,105,3077,384,133,3596,2189,751,154,50,3148,61,33,91,3245,519,118,3880,2679,1053,134,69,3935,53,45,99,4036,595,130,4761,2561,935,93,60,3648,49,44,90,3741,500,147,4387,2392,772,84,71,3312,52,39,87,3407,427,127,3959,2118,617,94,53,2875,54,19,75,2951,439,123,3509,1526,535,101,50,2205,48,17,66,2276,607,97,2982,894,410,60,35,1398,25,22,45,1447,1076,109,2626,219,204,20,9,447,0,0,4,452,1228,83,1764,38,69,9,5,122,0,3,3,124,1113,92,1326,20,30,6,0,58,0,0,0,63,2181,190,2429,19297,7764,1092,607,28756,705,505,1210,29972,11378,1619,42971,743,1677,83,68,2568,109,340,448,3021,2156,179,5356,2348,1246,93,106,3791,158,118,277,4068,555,217,4844
LGA11500,34339,1182,1174,2352,36689,29694,4453,70834,1242,2231,141,182,3799,558,515,1073,4870,6085,620,11576,4561,2158,233,264,7222,672,276,943,8162,2230,595,10996,5630,1487,287,214,7619,448,169,620,8243,2045,538,10823,4792,1508,285,186,6775,324,156,483,7255,2113,480,9854,4800,1576,218,199,6791,304,151,459,7253,1977,479,9703,4715,1560,178,176,6632,284,137,422,7049,1893,450,9390,5413,1671,191,207,7475,256,111,371,7848,1744,520,10107,5444,1662,219,165,7494,223,92,314,7804,2039,481,10319,4307,1370,264,127,6076,186,91,278,6349,2667,407,9426,2386,1145,172,73,3781,119,78,197,3978,3741,421,8145,576,427,46,25,1068,9,15,23,1093,3710,293,5100,75,136,9,11,233,0,3,3,239,2791,253,3287,20,56,8,12,94,0,5,5,97,4265,857,5217,43967,16985,2257,1843,65056,3389,1791,5181,70234,37312,6390,113939,979,2329,128,112,3553,405,620,1022,4573,5532,546,10655,4351,2755,153,252,7510,671,401,1068,8580,2221,651,11451
LGA11520,23024,441,444,889,23909,13623,1819,39347,235,858,66,39,1199,24,153,177,1378,2113,173,3662,1646,1265,118,92,3117,156,206,360,3482,1289,392,5159,3949,820,141,89,5001,182,88,266,5269,729,557,6555,4109,886,259,79,5327,126,44,170,5495,785,453,6730,3672,1124,216,88,5106,93,55,147,5251,839,449,6537,3251,1108,142,88,4589,96,54,144,4736,650,305,5691,3048,1030,99,69,4239,97,45,147,4385,606,274,5267,2785,862,92,69,3810,96,33,131,3934,645,267,4844,1998,793,117,59,2970,68,40,103,3070,917,179,4167,1159,754,94,33,2036,42,38,80,2119,1598,199,3912,413,398,41,23,868,4,11,16,885,1879,160,2923,107,152,19,10,280,0,0,0,281,1958,149,2391,36,82,7,13,129,0,3,7,139,4492,550,5180,26405,10124,1417,733,38679,972,767,1745,40418,18498,4094,63021,185,1027,54,32,1290,39,183,228,1520,2305,185,4005,1696,1646,102,90,3531,164,267,435,3965,1935,381,6282
LGA11570,62529,1944,2280,4226,66764,71878,10844,149488,1295,3381,273,286,5237,486,908,1391,6622,13240,1162,21027,6682,5063,407,646,12798,1109,727,1828,14625,5646,1413,21681,10487,3631,588,580,15291,877,400,1271,16566,5393,1675,23630,10163,3604,643,426,14839,789,335,1123,15962,5537,1482,22982,10049,3832,545,440,14869,633,380,1014,15880,5311,1425,22611,9827,4022,399,487,14737,613,404,1017,15753,5016,1296,22066,9939,3926,365,468,14700,612,337,948,15649,4855,1268,21770,9037,3369,399,384,13191,574,283,856,14050,5312,1205,20568,6548,2546,324,283,9699,418,245,660,10365,6094,1083,17538,3680,2007,225,150,6061,248,158,401,6460,7917,955,15341,1145,901,104,67,2215,14,32,51,2263,8750,816,11835,232,335,29,19,618,4,7,15,627,8558,745,9933,73,135,19,28,258,0,18,17,277,18970,2536,21776,79166,36744,4323,4280,124515,6370,4221,10591,135105,100595,17058,252754,1113,4101,224,223,5654,393,1291,1687,7340,13473,1042,21859,6670,6833,334,632,14471,1028,1097,2129,16597,6459,1423,24482
LGA11600,612,12,9,23,635,295,121,1052,27,29,4,6,55,5,0,11,70,61,5,136,63,22,0,7,94,7,4,13,108,24,3,132,81,17,3,3,106,3,3,6,108,30,3,143,60,30,8,4,100,6,0,5,109,30,3,139,105,32,4,0,139,0,0,0,143,17,6,167,113,23,6,8,151,5,0,4,155,18,3,179,134,32,3,3,175,5,0,5,184,19,3,210,123,32,7,4,165,0,3,9,178,33,11,219,95,28,5,0,133,0,3,3,136,34,7,181,62,15,0,6,88,3,0,3,85,39,3,132,18,10,3,0,36,0,0,0,36,76,4,117,14,15,0,4,35,0,0,0,35,71,7,116,17,3,0,0,19,0,0,0,19,133,16,162,917,294,48,45,1306,38,24,54,1361,591,83,2029,37,33,0,0,76,7,0,8,81,69,11,158,66,32,3,7,108,3,3,3,115,28,4,156
LGA11650,74670,1406,1857,3268,77935,61981,8546,148463,2333,5791,408,329,8869,968,1132,2103,10970,9208,888,21072,6972,4287,442,407,12106,1143,423,1561,13665,2748,764,17178,7919,2767,569,279,11532,656,261,924,12457,2713,764,15931,7625,3329,686,248,11895,508,233,742,12631,3042,732,16411,9063,4390,604,274,14320,511,317,827,15155,3479,890,19515,10027,4870,505,327,15735,556,297,854,16586,3311,942,20839,10684,4802,536,351,16379,542,257,807,17180,3249,917,21349,10356,4560,606,298,15816,488,241,723,16545,3951,1013,21504,7756,3919,565,216,12461,387,192,576,13034,5563,837,19432,4142,3129,431,138,7835,247,195,445,8278,9791,892,18967,1155,1475,154,50,2836,16,58,78,2916,12538,916,16370,228,522,55,27,832,5,18,24,854,11699,882,13434,84,231,48,40,405,9,14,15,425,25631,3430,29482,78353,44067,5608,2983,131014,6041,3645,9685,140700,96916,13870,251484,1945,6159,317,197,8609,760,1310,2075,10685,8383,859,19930,6864,5135,391,329,12714,1021,538,1561,14280,2921,968,18169
LGA11700,248,4,11,15,263,289,156,707,11,13,0,3,29,7,0,7,39,81,4,125,44,10,0,3,60,9,0,10,70,40,8,117,59,13,5,0,76,9,0,9,82,44,4,133,58,8,3,5,69,8,3,7,78,30,6,113,52,19,0,0,70,3,0,7,79,36,5,121,64,22,0,4,84,6,3,11,96,36,11,135,69,16,4,0,90,14,0,9,104,32,11,143,70,20,0,0,94,3,5,5,102,31,9,138,71,22,3,0,99,4,0,8,110,48,3,154,39,15,4,5,59,4,0,3,65,66,6,135,21,9,3,3,36,0,0,0,36,82,8,122,6,3,0,0,13,0,0,0,13,52,10,70,7,3,0,0,6,0,0,0,6,57,9,76,561,180,25,22,791,68,16,91,879,616,89,1581,9,7,0,3,19,4,0,11,26,79,17,119,25,6,0,4,36,10,0,15,51,37,19,106
LGA11720,13227,315,400,712,13935,10163,1260,25356,519,856,50,61,1491,166,151,315,1810,1439,171,3413,1340,635,95,82,2153,155,69,214,2370,594,137,3099,1460,517,112,67,2158,115,46,160,2326,663,140,3127,1408,601,93,55,2160,89,58,151,2304,704,134,3139,1423,745,78,72,2323,97,51,152,2470,729,138,3339,1571,705,82,74,2426,78,44,119,2545,684,141,3364,1519,638,83,62,2302,79,37,115,2416,686,148,3251,1534,658,105,54,2358,62,28,93,2450,895,167,3510,1118,598,106,37,1855,33,20,55,1910,1230,163,3303,624,446,70,26,1160,29,29,54,1215,1865,190,3263,158,156,17,12,352,4,10,13,358,1881,118,2361,37,52,6,4,102,0,0,3,101,1397,112,1608,14,28,7,5,54,3,3,3,63,2839,292,3189,12733,6634,908,618,20889,911,537,1451,22336,15596,2053,39983,340,950,54,36,1380,198,189,382,1762,1510,181,3455,1196,780,88,45,2106,256,101,355,2459,761,228,3446
LGA11730,9822,269,288,556,10379,10890,1605,22870,338,842,63,43,1289,133,165,301,1593,1467,141,3200,702,437,55,36,1228,187,59,249,1476,537,104,2120,683,309,57,26,1075,102,48,150,1225,536,98,1853,771,469,54,29,1319,97,49,144,1462,531,84,2069,1013,659,71,31,1777,110,49,157,1934,624,119,2672,1207,700,73,48,2029,101,50,147,2178,667,136,2973,1397,771,91,32,2289,119,53,172,2459,784,136,3381,1515,885,97,50,2552,101,43,147,2697,1029,125,3846,1187,772,132,37,2133,87,46,131,2270,1467,138,3869,661,566,80,31,1338,58,53,114,1449,2308,125,3880,189,224,26,20,456,0,10,15,463,2689,126,3282,79,86,4,15,182,0,0,3,188,2221,132,2539,28,56,3,20,104,0,0,0,104,4286,353,4752,9762,6778,802,423,17765,1103,632,1739,19501,19130,1808,40444,240,743,56,43,1078,152,166,320,1396,1363,202,2959,667,476,52,39,1239,164,59,219,1462,436,146,2052
LGA11750,831,19,10,32,859,474,250,1578,70,56,3,13,144,12,4,14,159,111,19,294,158,42,15,11,220,7,3,8,230,33,28,287,181,47,9,5,236,9,9,14,252,71,35,357,169,37,10,3,219,3,0,3,221,51,21,293,190,59,11,3,261,9,0,13,271,42,25,339,135,36,18,7,195,5,3,12,206,32,21,265,192,58,12,4,271,4,7,14,284,43,23,356,193,46,8,4,258,7,5,12,268,48,17,330,135,40,10,5,184,4,4,7,190,73,14,282,81,27,11,4,125,5,3,7,130,79,20,230,26,10,7,3,47,0,0,0,47,107,19,173,25,9,0,0,35,0,0,0,35,105,12,153,8,4,0,0,11,0,0,4,17,191,28,235,1565,481,101,63,2206,69,30,106,2313,989,289,3598,32,40,0,6,80,11,10,19,102,114,24,239,119,32,12,4,172,9,3,15,180,38,33,259
LGA11800,17336,356,486,847,18181,13496,2176,33851,470,1416,126,80,2090,185,267,452,2539,1997,183,4724,1145,839,102,65,2158,254,111,367,2523,795,170,3491,1352,703,108,48,2212,157,67,219,2430,723,149,3291,1347,743,127,45,2253,164,68,228,2480,681,132,3295,1702,971,102,59,2840,139,81,224,3060,730,169,3955,1988,1161,124,49,3322,149,68,221,3545,717,176,4441,2141,1272,130,69,3602,144,84,229,3831,804,187,4825,2243,1257,153,49,3697,153,60,219,3915,1061,192,5164,1805,1068,142,58,3073,133,64,192,3270,1550,201,5011,968,841,92,28,1925,92,59,150,2071,2478,207,4758,213,291,43,8,554,6,15,24,583,2899,169,3658,48,74,17,4,146,0,11,7,154,2577,185,2926,23,63,15,11,110,0,4,4,113,4961,694,5768,15444,10686,1283,581,27994,1581,952,2533,30524,21968,2808,55306,337,1442,72,46,1897,193,236,434,2334,1765,236,4331,1230,1007,82,60,2380,228,111,348,2732,691,270,3694
LGA12000,959,12,20,31,990,700,108,1793,39,46,3,3,90,7,4,12,101,144,11,254,77,35,5,3,117,3,0,10,119,41,9,171,79,17,3,0,104,4,0,4,104,27,4,136,87,35,3,3,134,3,0,3,139,35,0,176,119,39,5,3,171,3,0,3,168,31,3,201,140,62,7,7,221,9,5,6,232,46,11,291,169,59,4,3,236,4,6,3,242,41,13,290,144,66,8,6,216,5,3,3,223,51,29,303,112,37,7,4,164,8,4,7,175,72,6,255,70,32,11,0,117,0,0,0,120,129,11,264,35,29,3,3,72,0,0,0,78,159,18,248,17,14,3,0,36,0,0,0,36,158,13,210,11,7,3,0,23,0,0,0,23,320,38,375,1100,482,72,45,1701,44,20,63,1760,1241,178,3182,25,60,0,3,90,4,8,16,105,136,21,262,95,43,6,6,148,3,5,8,157,31,11,200
LGA12150,678,20,19,40,718,566,217,1502,42,28,0,0,71,15,8,22,100,140,26,266,87,35,6,0,126,15,9,19,143,62,15,225,103,21,6,4,134,11,5,11,148,48,6,206,86,28,4,5,127,14,5,16,144,43,3,193,100,43,0,5,141,12,0,14,158,48,13,214,117,47,3,9,177,8,5,20,191,61,23,272,135,44,3,0,187,17,3,17,206,58,12,273,146,57,5,5,214,7,3,15,227,54,14,293,115,35,6,7,160,3,0,5,171,97,15,285,74,32,7,8,117,6,5,3,121,118,19,258,46,27,4,7,77,0,0,0,82,117,12,210,16,8,5,6,32,0,0,0,29,118,17,162,20,14,4,6,40,0,0,0,40,254,26,320,1079,418,56,60,1611,104,33,146,1752,1210,200,3171,20,30,0,8,55,15,6,26,73,94,33,199,60,33,5,5,102,15,12,33,135,63,17,217
LGA12160,2150,36,43,84,2235,2206,361,4799,102,167,5,11,288,15,23,32,321,320,32,679,204,62,17,14,293,22,6,25,320,92,19,439,214,80,8,6,302,22,0,26,326,98,21,448,194,116,16,8,336,8,3,17,351,76,20,450,285,127,14,17,437,16,3,17,455,109,27,588,343,138,16,13,511,8,0,13,519,104,19,638,378,176,13,16,589,18,10,32,616,117,28,767,405,143,14,11,574,17,9,22,596,170,30,795,336,127,21,10,499,13,3,18,520,225,31,775,182,130,16,12,348,13,9,23,369,439,45,853,87,60,4,4,159,0,0,3,162,487,41,690,52,32,5,3,94,0,0,0,94,522,36,655,16,15,3,8,47,0,0,0,47,892,111,1055,2796,1381,158,133,4471,151,83,237,4707,3657,464,8825,102,152,10,6,271,15,13,31,300,279,31,610,219,103,8,9,335,21,17,36,371,76,32,485
LGA12350,2460,64,79,138,2593,2339,404,5344,105,204,10,6,323,27,33,60,386,382,44,810,213,96,8,7,335,40,11,54,384,110,40,531,205,97,11,5,321,30,0,35,349,94,33,475,216,100,14,10,334,31,8,35,373,121,47,544,263,154,18,20,448,19,12,33,481,106,49,642,339,169,18,7,532,10,7,23,556,161,41,760,365,157,6,23,559,23,8,26,582,150,43,778,367,146,26,8,550,15,9,21,571,209,44,830,385,169,29,6,589,26,10,34,629,237,48,910,242,143,16,8,412,10,7,14,430,446,50,929,100,65,6,0,172,0,3,5,177,493,46,721,45,46,0,5,92,0,0,0,92,562,60,716,26,29,8,0,65,0,0,0,68,1024,110,1205,2874,1565,175,121,4733,226,114,342,5079,4094,663,9835,95,200,11,8,316,18,28,45,363,314,65,741,272,127,8,10,423,36,11,49,465,121,65,652
LGA12380,38643,1585,1568,3154,41798,42369,6943,91112,792,1874,131,212,3006,275,557,830,3837,8064,755,12656,4567,3334,289,460,8653,746,546,1295,9946,4291,1250,15491,7711,2950,394,398,11461,716,329,1046,12507,4141,1474,18126,7476,2374,412,325,10581,624,196,823,11405,4047,1086,16541,6267,2115,287,273,8948,456,225,684,9630,3385,870,13886,5460,2047,220,244,7977,407,217,624,8602,3163,833,12601,5519,1929,193,248,7887,368,192,559,8446,3114,761,12327,5010,1676,185,224,7094,293,153,447,7542,3127,755,11423,3629,1331,217,165,5341,222,113,335,5672,3480,604,9753,2177,1012,141,88,3416,139,106,247,3658,4428,467,8554,603,397,46,39,1083,19,17,33,1113,4654,456,6223,94,136,21,19,264,0,6,7,274,4326,384,4985,28,59,22,18,124,5,14,11,135,8460,1273,9869,49336,21233,2556,2710,75827,4272,2673,6947,82776,58689,10973,152434,642,2334,106,154,3235,263,740,1003,4237,7718,574,12534,4412,4656,228,414,9714,814,845,1659,11376,4750,1025,17159
LGA12390,12610,200,218,418,13031,7205,1908,22146,553,962,55,58,1630,142,125,265,1896,1380,180,3455,1325,479,61,33,1905,150,54,198,2108,583,143,2839,1463,437,90,36,2024,98,36,137,2164,564,114,2845,1283,493,118,30,1929,96,25,121,2044,494,120,2651,1471,560,72,30,2134,79,30,114,2245,506,132,2879,1722,610,70,41,2436,80,30,109,2550,436,155,3143,1773,611,66,45,2486,50,27,77,2568,432,148,3149,1796,588,81,43,2512,49,20,70,2586,568,151,3302,1352,505,94,34,1979,36,16,53,2034,685,128,2839,820,461,78,32,1387,32,31,64,1444,1083,104,2627,296,246,28,20,591,0,7,7,603,1357,118,2073,102,137,9,15,262,0,8,8,264,1420,113,1800,53,76,15,13,157,0,0,0,158,2816,257,3228,14003,6173,836,419,21431,818,401,1220,22647,12333,1862,36841,400,888,46,40,1384,102,141,239,1626,1315,186,3125,1318,560,58,55,1995,172,74,242,2232,664,235,3134
LGA12700,2093,35,36,72,2166,1558,184,3911,91,123,15,10,239,27,15,40,280,287,20,582,158,90,8,9,262,17,6,22,284,61,16,357,150,61,7,6,229,11,0,8,237,69,18,318,174,74,16,6,269,13,5,14,285,75,13,376,209,127,17,8,353,7,13,16,369,82,16,464,260,154,15,15,449,14,0,16,462,72,28,567,320,161,16,7,507,12,3,16,521,109,13,649,324,150,16,16,500,14,3,13,513,139,28,686,247,123,16,9,395,3,4,16,411,209,28,655,157,98,10,9,272,7,10,15,293,319,24,637,61,48,5,5,117,3,0,5,123,342,14,483,29,34,4,0,67,0,0,0,67,306,25,400,21,25,0,3,59,0,0,0,59,481,42,580,2203,1261,160,96,3721,113,63,177,3896,2556,301,6758,66,127,4,4,200,18,26,41,239,274,44,555,145,82,12,5,248,20,4,25,277,67,31,372
LGA12730,1878,26,37,64,1943,1318,334,3596,73,167,9,9,260,20,14,37,301,250,35,577,160,60,22,11,251,15,7,24,272,78,33,374,184,59,19,4,266,5,3,8,274,58,22,349,200,74,16,3,293,7,4,12,303,77,21,404,266,118,10,15,412,8,10,17,429,65,35,520,268,128,7,14,421,17,4,21,439,89,24,545,303,137,14,8,460,11,5,18,474,70,24,567,345,121,19,9,492,5,5,14,505,108,31,652,302,109,27,8,446,3,3,15,456,158,51,663,169,112,18,10,304,4,0,10,307,237,25,575,72,50,6,5,138,0,0,0,137,284,26,448,32,23,7,0,62,0,0,0,69,340,34,437,13,22,0,4,48,0,0,0,48,695,83,825,2389,1183,169,106,3855,106,58,160,4013,2490,441,6943,65,139,5,6,220,14,19,38,252,218,32,504,209,85,14,13,318,17,10,29,347,86,45,472
LGA12750,7566,105,158,265,7832,8832,1309,17964,226,561,56,33,882,80,71,156,1040,902,110,2053,395,255,29,24,712,86,21,106,817,241,66,1128,429,268,35,23,747,51,25,74,826,261,73,1158,428,336,46,21,837,44,21,63,902,285,86,1271,666,438,46,29,1174,77,41,117,1287,358,102,1749,771,525,52,41,1395,71,43,113,1512,387,109,2007,958,579,57,28,1626,76,35,111,1739,443,142,2321,988,731,80,36,1831,57,26,84,1915,604,117,2637,883,646,95,21,1650,49,37,91,1740,1054,146,2939,473,527,73,22,1100,33,33,72,1179,2018,167,3357,118,223,16,9,367,5,8,10,377,2374,145,2900,40,69,7,5,124,5,4,8,127,1964,150,2239,28,37,7,5,83,0,0,0,81,3638,378,4098,6408,5194,614,311,12528,644,369,1014,13546,14525,1793,29856,161,590,31,31,821,55,69,127,944,737,117,1795,410,337,28,27,814,90,45,136,942,229,107,1272
LGA12850,29654,1158,1396,2550,32203,49496,5848,87551,799,1957,150,180,3082,392,619,1012,4088,9697,568,14351,4615,2932,225,446,8222,782,465,1251,9470,3750,559,13784,6288,1610,262,382,8540,624,217,843,9380,3257,586,13233,5094,1537,312,282,7225,482,189,677,7901,3413,544,11857,4988,1928,220,283,7421,437,252,693,8113,3677,657,12447,5221,2050,178,297,7744,450,259,711,8461,3957,644,13061,5507,2107,189,340,8148,401,264,661,8811,3917,624,13348,5342,1951,244,280,7816,418,277,696,8515,4466,604,13579,3975,1389,170,218,5757,281,174,454,6210,4947,539,11693,2108,957,133,120,3310,185,120,300,3618,5510,513,9633,542,347,38,43,980,18,10,34,1015,5190,438,6642,108,99,12,13,227,3,3,6,241,4926,438,5608,33,66,9,19,128,3,7,12,139,9117,1051,10306,44626,18937,2138,2910,68610,4480,2859,7343,75949,65837,7757,149548,637,2224,104,139,3105,280,937,1219,4318,9305,548,14169,4514,3933,208,367,9027,795,681,1475,10497,4144,689,15334
LGA12870,2629,35,51,85,2712,2389,402,5505,125,176,20,23,338,30,19,44,386,309,32,722,226,82,15,15,331,16,4,19,351,82,23,465,218,86,17,8,328,14,3,14,344,88,18,453,272,123,6,7,417,15,8,16,429,90,11,542,339,140,20,13,513,14,9,29,531,84,19,639,384,153,20,15,572,19,8,26,596,106,19,728,452,154,16,11,636,21,7,33,664,98,37,796,454,169,16,13,652,13,6,17,671,126,33,828,351,189,34,13,583,13,6,15,604,238,39,871,252,164,27,13,451,12,10,21,472,445,40,962,87,84,16,5,189,0,3,3,196,602,40,832,36,30,0,0,63,0,4,4,74,637,26,735,15,21,6,9,42,0,4,6,52,1120,170,1336,3204,1574,219,133,5126,157,87,250,5379,4019,507,9899,104,190,12,9,315,24,20,41,350,270,53,675,222,129,18,10,378,22,10,38,417,66,41,518
LGA12900,1959,25,48,73,2034,1416,319,3767,90,133,20,5,254,21,20,37,290,310,10,613,233,63,17,3,316,32,8,34,350,91,17,457,242,67,6,10,333,22,5,28,360,79,8,445,200,87,15,6,312,15,3,18,329,86,20,440,250,104,20,16,387,10,5,17,404,74,25,501,287,124,10,20,435,19,0,16,457,90,18,563,322,114,14,10,465,15,6,23,485,118,10,615,329,99,16,0,448,12,4,21,465,110,21,591,271,118,17,9,413,6,4,12,419,166,23,613,165,86,10,3,272,10,4,9,284,300,33,615,67,62,8,8,135,0,0,0,138,368,38,542,42,19,3,4,67,0,0,0,67,317,35,421,19,29,7,3,58,0,0,0,58,656,105,819,2516,1109,157,107,3887,151,67,217,4104,2775,364,7237,71,140,21,10,236,25,13,37,267,310,57,631,224,84,13,15,332,26,4,32,366,76,42,481
LGA12930,34286,751,887,1641,35929,26257,3374,65558,499,1593,117,92,2298,113,394,511,2813,5019,262,8091,3018,2668,207,220,6109,318,403,718,6831,2556,404,9797,5726,1756,244,212,7936,413,163,574,8513,1652,436,10603,5382,1545,351,143,7423,230,115,337,7765,1535,438,9735,5013,1794,292,163,7258,225,123,344,7606,1545,338,9492,5097,1884,168,175,7327,203,136,332,7659,1456,319,9435,5399,2006,174,178,7764,208,126,331,8092,1383,365,9843,4943,1705,195,125,6968,202,108,306,7278,1509,369,9153,3458,1417,188,108,5171,156,93,243,5417,2035,294,7743,2003,1176,135,53,3359,100,79,182,3542,3143,276,6964,571,568,74,41,1251,3,22,26,1275,3808,254,5332,155,243,17,15,432,0,5,5,432,3700,239,4375,60,124,19,15,218,0,7,6,219,9279,802,10303,41317,18485,2186,1539,63523,2169,1770,3934,67455,38607,4805,110868,337,2187,123,77,2713,86,520,603,3317,5305,286,8913,2917,3631,154,188,6887,356,529,886,7778,2984,447,11206
LGA12950,881,19,25,42,927,647,204,1778,37,58,0,7,96,6,12,19,118,162,7,289,85,34,5,0,116,13,4,23,140,45,5,187,87,32,8,3,129,8,6,7,140,36,12,186,81,44,4,5,139,4,3,9,141,45,7,197,91,55,3,4,160,7,6,12,171,41,9,218,132,52,0,0,193,11,3,13,202,48,14,268,148,68,5,5,224,12,0,13,232,56,26,306,154,71,5,5,241,9,3,15,258,72,23,347,144,66,6,0,222,6,3,3,224,58,19,303,92,50,3,6,150,4,4,8,160,118,15,282,53,35,0,3,89,0,0,0,89,147,21,259,32,7,4,7,42,0,0,0,42,185,19,246,20,8,0,6,34,0,0,0,34,313,58,404,1161,564,55,51,1832,73,43,122,1953,1319,222,3499,19,49,0,6,79,4,9,17,93,125,15,231,86,44,4,0,137,9,4,11,147,52,16,218
LGA13010,1666,59,36,98,1763,1686,390,3839,75,126,11,9,220,17,30,48,261,244,23,527,138,70,5,6,226,28,13,35,258,90,14,367,164,69,8,7,251,18,4,19,273,102,12,384,148,91,8,6,254,13,6,21,275,102,16,392,197,106,15,10,322,4,9,9,334,91,25,446,202,115,11,12,341,12,10,16,358,100,24,486,255,131,15,10,410,13,5,25,433,110,36,585,287,138,16,3,445,13,8,21,466,181,33,676,238,116,14,5,371,14,4,19,392,201,24,620,177,94,16,6,298,11,12,26,318,344,35,699,83,47,6,9,149,6,3,5,154,402,27,579,38,38,0,0,81,0,0,0,81,377,23,483,23,22,8,6,57,0,0,0,57,709,72,840,2035,1163,129,89,3418,144,97,251,3662,3061,365,7090,59,124,4,10,193,15,25,39,230,211,34,476,141,67,13,12,232,36,10,49,282,73,33,388
LGA13310,6922,114,167,287,7204,5086,825,13120,308,494,31,27,867,74,70,145,1011,728,58,1804,686,297,39,22,1043,66,26,96,1136,316,51,1502,714,230,49,25,1014,64,20,83,1096,354,54,1507,683,282,49,25,1034,42,18,61,1093,327,59,1477,842,359,41,36,1272,47,37,75,1354,354,70,1772,944,365,40,26,1379,52,21,72,1448,325,70,1845,1014,439,47,34,1534,40,18,54,1588,347,83,2011,982,355,62,34,1429,33,12,49,1481,354,58,1899,796,353,52,19,1223,37,16,53,1275,516,80,1868,471,294,32,20,811,15,18,35,852,858,68,1773,157,135,13,4,306,3,0,5,306,1129,76,1517,51,65,8,6,123,0,3,3,127,931,84,1139,32,43,6,7,84,0,0,0,83,1777,271,2142,7666,3707,463,282,12117,472,263,740,12855,8314,1092,22261,227,519,31,25,796,51,82,130,928,714,100,1746,698,347,38,33,1110,88,37,120,1230,341,98,1666
LGA13340,2396,26,36,60,2452,1589,376,4416,88,159,11,18,267,10,22,35,303,376,35,711,166,73,15,6,261,16,4,25,286,58,21,366,207,83,14,10,318,13,10,21,340,67,21,432,173,90,23,5,291,12,7,20,307,79,15,395,261,120,10,16,407,12,13,22,423,73,27,527,322,155,18,10,503,13,5,13,515,85,29,625,418,172,13,12,615,15,0,18,628,66,32,728,410,168,24,5,600,12,0,14,619,112,18,753,342,145,19,3,515,6,5,11,525,161,39,730,238,131,15,9,395,8,9,20,417,292,44,748,131,69,11,11,222,0,0,3,222,330,41,597,45,24,3,4,82,0,0,0,82,300,33,409,46,27,4,4,82,0,0,0,77,579,57,713,2845,1420,184,109,4560,116,79,192,4750,2576,410,7736,85,171,12,14,281,9,20,28,311,332,33,679,173,99,8,6,277,18,13,34,310,52,31,401
LGA13450,6450,84,99,186,6634,3389,903,10917,295,448,47,41,824,56,49,108,937,632,97,1666,723,232,29,48,1027,102,20,131,1160,246,123,1529,803,258,51,31,1148,50,29,76,1220,231,120,1573,708,313,48,33,1102,26,27,55,1158,239,115,1507,741,326,34,27,1123,28,17,40,1172,259,117,1549,838,389,39,33,1298,31,17,43,1343,232,95,1673,923,367,24,28,1348,30,22,50,1398,208,77,1679,851,287,43,25,1210,13,9,27,1233,244,114,1590,657,260,52,25,995,13,12,17,1016,338,89,1443,373,199,48,15,631,9,8,16,646,467,80,1190,135,114,13,15,270,0,6,6,275,549,82,908,50,68,15,0,134,0,0,0,138,632,48,815,33,55,4,6,96,0,0,0,95,1442,212,1750,7138,3310,446,324,11218,361,216,578,11793,5711,1371,18880,271,467,34,28,799,32,59,88,889,616,126,1626,737,250,25,31,1045,64,39,95,1147,238,148,1535
LGA13550,2789,61,71,131,2918,1751,436,5096,138,226,8,20,388,31,33,63,452,333,44,828,305,111,14,13,445,33,13,45,496,131,33,662,317,103,25,6,455,28,4,37,487,130,36,657,312,115,23,5,453,19,6,30,481,117,40,634,311,143,14,13,487,22,13,31,516,111,31,661,348,189,15,12,563,24,9,30,597,116,33,750,410,159,11,14,604,26,7,30,631,129,39,794,446,180,22,6,657,17,9,27,678,146,37,866,388,135,16,10,551,8,6,16,568,161,52,777,214,112,25,10,360,11,3,15,378,293,38,702,72,60,3,7,142,0,0,5,146,429,39,619,33,27,0,3,71,0,0,0,71,419,46,535,29,28,3,8,62,0,0,0,62,773,198,1031,3326,1596,177,130,5225,222,108,333,5561,3281,671,9513,110,198,9,3,326,33,22,55,375,277,44,699,298,112,16,10,441,27,22,45,483,112,58,657
LGA13660,920,22,15,39,959,896,183,2041,46,36,0,7,94,12,6,21,111,158,0,274,87,24,0,5,119,9,3,17,138,40,0,176,108,28,11,0,150,8,3,11,155,59,8,227,104,37,0,3,148,8,6,12,160,45,0,206,128,56,4,0,194,6,3,7,196,58,5,265,175,71,10,9,258,4,4,13,273,66,6,349,176,60,3,5,244,6,0,6,254,81,14,345,181,58,13,10,255,3,5,4,263,80,5,355,140,44,5,8,199,9,0,9,208,86,12,305,117,55,11,5,184,3,3,7,189,198,10,395,68,29,3,7,110,0,0,0,110,238,15,363,29,16,4,3,54,0,0,0,54,222,18,291,20,6,0,4,30,0,0,0,30,410,32,473,1371,524,74,66,2027,77,32,109,2137,1750,132,4019,37,45,0,7,82,0,12,15,100,132,27,252,104,37,0,0,146,8,9,16,158,51,19,231
LGA13800,15986,219,279,498,16479,9811,1275,27572,809,1166,92,97,2160,131,205,332,2494,2044,188,4728,2307,881,112,92,3389,175,86,261,3651,570,205,4424,2109,599,139,50,2901,103,44,149,3045,535,169,3746,1925,649,134,60,2766,81,48,133,2899,577,124,3602,2118,913,111,82,3228,66,48,113,3342,596,175,4116,2583,1070,113,72,3837,76,47,126,3961,594,244,4795,2640,969,106,75,3796,83,62,142,3933,584,199,4714,2560,867,123,65,3610,66,29,90,3701,584,194,4477,1718,733,100,58,2614,59,25,78,2685,832,175,3698,1031,666,96,34,1823,38,40,71,1894,1364,182,3440,338,349,27,11,727,6,11,15,741,1608,148,2496,85,114,14,7,225,0,0,0,224,1417,150,1800,38,57,6,6,111,0,0,0,115,2572,267,2952,20258,9030,1172,717,31176,881,628,1513,32685,13866,2435,48985,775,1240,67,53,2132,126,222,349,2481,1859,240,4581,2111,1099,83,93,3387,151,83,237,3622,514,249,4387
LGA13850,608,6,10,18,621,445,137,1205,38,53,3,5,94,3,6,7,104,79,11,195,60,18,0,5,87,0,7,7,93,22,18,131,61,16,5,0,84,6,0,6,93,38,12,145,49,26,7,0,74,0,3,5,85,14,7,101,69,28,4,3,101,7,3,8,112,35,4,155,96,44,8,9,155,0,0,0,163,29,11,198,135,49,6,10,196,0,3,5,196,46,6,257,142,49,5,6,204,3,0,6,206,38,8,257,77,39,8,5,126,0,0,3,125,45,6,177,50,32,4,4,90,0,0,0,90,83,9,184,31,11,3,0,52,0,0,0,52,112,5,166,14,5,0,0,23,0,0,0,23,109,10,142,4,12,0,0,11,0,0,0,11,231,18,266,819,388,49,48,1308,27,25,53,1353,880,118,2361,26,40,4,0,78,4,3,9,85,74,13,175,83,26,0,0,110,0,6,5,114,22,22,150
LGA13910,3910,88,83,173,4075,3331,626,8033,160,265,14,11,459,36,42,82,537,582,54,1165,358,149,19,25,554,42,20,58,617,153,47,812,411,106,25,4,543,28,6,37,581,168,43,789,356,202,33,21,605,21,18,40,644,181,46,871,494,231,27,20,767,31,13,43,809,206,42,1059,531,279,24,17,857,36,18,54,909,187,54,1151,634,263,26,17,946,25,9,35,980,196,31,1203,586,261,28,27,900,35,11,44,944,228,56,1231,483,229,31,7,755,8,12,26,782,364,43,1189,335,230,35,15,620,24,12,33,656,631,66,1351,137,111,14,6,269,3,5,8,274,721,56,1055,65,46,10,5,122,0,4,4,130,696,48,868,46,30,5,11,100,0,0,0,102,1342,144,1585,4600,2399,295,204,7503,287,170,462,7962,5650,726,14348,154,259,14,22,446,31,34,67,512,560,71,1150,383,174,18,25,596,42,23,65,661,174,64,902
LGA14000,36477,616,847,1463,37943,23425,2218,63592,608,2660,195,99,3560,113,541,656,4214,5502,209,9920,3059,2802,191,150,6201,256,298,549,6753,1351,245,8352,3980,1090,200,100,5368,179,87,262,5633,807,241,6675,4382,1365,347,79,6174,155,98,249,6422,1156,248,7827,5134,2142,314,95,7682,169,123,289,7970,1455,208,9633,5806,2434,226,110,8569,183,136,315,8886,1369,256,10510,6421,2390,214,138,9163,196,115,307,9476,1182,276,10935,6141,2154,197,127,8626,189,89,277,8901,1196,273,10363,4435,1711,210,88,6440,132,66,198,6636,1677,209,8527,2535,1635,156,67,4393,94,59,154,4547,2862,215,7626,882,959,84,25,1951,19,27,48,1999,3593,156,5743,185,365,28,19,597,0,7,8,603,3638,166,4409,69,200,24,25,315,0,6,6,322,8463,877,9660,43644,21904,2378,1114,69041,1683,1640,3327,72369,34237,3583,110187,497,2820,176,68,3563,80,563,644,4208,5260,211,9677,2852,3141,148,108,6258,209,296,506,6765,1353,252,8370
LGA14100,2950,50,60,113,3057,2360,451,5870,24,160,25,7,218,11,28,39,263,841,30,1128,202,236,15,7,456,11,24,39,494,120,36,647,317,63,7,10,400,6,4,12,408,57,22,491,331,81,25,4,444,10,0,11,453,95,23,572,426,151,32,8,613,13,7,20,637,143,27,804,553,190,16,12,765,17,10,27,793,165,34,995,537,198,10,4,755,12,4,20,775,144,31,948,482,163,19,8,677,17,9,26,703,141,30,871,428,162,25,3,625,9,3,12,641,166,29,834,311,180,17,3,515,9,6,10,524,287,28,843,119,103,8,3,238,0,0,0,240,338,32,606,45,64,8,4,118,0,0,0,122,339,15,474,14,41,3,0,61,0,0,0,61,1327,90,1478,3799,1792,216,82,5887,119,100,220,6107,4162,427,10693,18,203,26,12,267,3,34,38,298,820,39,1158,183,283,19,9,490,17,18,33,525,121,44,686
LGA14170,51803,1096,1036,2125,53925,23063,3610,80601,372,1400,83,81,1934,117,351,467,2402,3661,376,6442,3861,3479,209,184,7736,375,407,783,8515,2115,852,11485,9297,2889,406,218,12815,400,247,646,13459,1683,1155,16301,10877,2607,692,163,14342,372,184,556,14903,1789,1131,17824,9943,3116,703,170,13937,357,167,526,14462,1882,1076,17421,8306,2743,373,159,11584,334,157,491,12075,1757,916,14752,7220,2232,266,165,9874,314,138,454,10327,1477,748,12549,5712,1748,238,128,7832,282,109,390,8225,1603,641,10472,4329,1586,228,101,6245,219,110,332,6575,2030,583,9188,2476,1400,168,52,4096,130,96,221,4320,3088,531,7935,743,669,74,31,1512,14,28,41,1552,3593,416,5560,138,212,20,15,387,6,12,18,403,3603,391,4402,61,116,17,18,204,0,5,5,209,7961,1188,9356,63333,24196,3477,1489,92502,2912,2022,4933,97436,36237,10012,143680,307,1723,91,61,2178,68,399,465,2645,3734,403,6784,3939,4322,197,188,8639,311,512,818,9457,2291,991,12739
LGA14220,3489,108,96,209,3693,3034,662,7390,119,288,19,12,435,61,41,105,541,564,49,1148,343,114,16,11,478,54,11,65,540,224,37,800,409,129,27,7,568,40,13,54,617,183,40,842,387,154,26,8,576,41,15,53,630,208,30,865,461,187,17,18,687,30,14,49,737,220,42,993,543,188,18,12,760,40,17,56,820,217,43,1076,538,238,20,23,812,35,16,48,862,202,40,1095,554,217,34,16,824,38,17,58,884,264,60,1200,414,171,33,12,630,17,10,33,656,349,45,1046,284,172,19,0,475,16,17,35,507,578,40,1123,104,100,17,7,230,0,0,0,228,702,59,982,51,39,12,9,108,4,0,4,107,668,57,841,35,28,3,10,76,0,0,0,77,1129,240,1442,4246,2022,256,140,6652,375,174,548,7200,5491,766,13458,123,266,21,16,427,50,31,84,508,535,81,1120,327,202,27,24,573,49,29,77,650,224,67,942
LGA14300,1157,19,24,42,1195,904,134,2236,65,62,0,0,129,8,6,15,151,198,9,352,114,47,3,12,170,8,7,19,191,168,12,369,123,40,9,9,178,15,0,17,192,181,17,388,95,38,12,6,150,5,0,9,161,183,6,348,146,55,12,4,211,10,0,15,225,188,9,416,171,62,7,10,247,6,0,3,257,153,4,415,178,47,11,5,247,8,0,16,257,125,11,402,185,89,11,9,298,0,3,6,306,103,18,426,153,57,14,4,228,0,7,8,229,145,16,392,120,46,9,9,176,5,4,7,183,174,19,375,42,25,5,0,75,0,0,0,75,198,21,295,11,10,3,0,22,0,0,0,22,158,27,205,8,6,3,0,20,0,0,0,20,282,48,354,1402,593,91,66,2157,74,42,112,2269,2247,226,4746,47,56,4,8,119,13,9,16,138,164,25,327,105,79,4,0,191,20,4,27,211,161,25,402
LGA14350,5422,141,199,343,5760,5972,1018,12745,132,434,40,24,632,76,57,132,773,957,81,1812,330,216,21,30,592,105,26,133,718,436,64,1224,321,232,34,23,611,61,23,79,687,421,47,1151,395,263,43,12,714,62,33,90,804,390,42,1235,526,306,40,29,894,56,19,76,969,410,59,1440,633,341,43,22,1042,58,36,93,1130,428,88,1650,717,422,49,30,1215,62,27,86,1303,553,108,1959,757,503,57,27,1344,73,27,96,1439,636,107,2180,622,409,71,13,1122,43,18,64,1186,908,111,2200,390,325,51,13,782,37,15,53,834,1284,101,2222,107,130,15,7,260,0,3,3,267,1375,108,1753,30,52,3,0,88,4,0,4,97,1199,79,1366,17,33,6,4,61,3,0,4,64,2184,209,2460,4987,3670,474,238,9361,633,277,912,10268,11189,1196,22661,112,413,29,33,594,67,56,121,721,814,119,1651,348,275,30,27,683,80,26,107,790,455,91,1338
LGA14400,5015,60,115,173,5185,4356,497,10036,162,428,37,20,650,39,56,100,748,608,32,1392,402,342,35,22,799,39,21,59,853,115,32,1004,416,154,34,19,622,20,10,30,655,113,34,794,391,179,37,6,617,16,5,24,636,112,27,773,516,307,44,16,886,25,14,38,920,162,24,1106,621,338,43,10,1007,20,16,31,1038,175,32,1244,765,376,36,20,1203,19,16,39,1243,134,41,1417,869,389,58,30,1346,19,9,28,1377,194,56,1627,686,326,78,13,1102,20,12,36,1135,396,64,1595,296,238,31,6,568,12,13,21,592,776,32,1406,79,144,21,5,242,3,10,10,250,910,41,1204,25,46,6,5,80,0,0,0,80,807,32,918,16,40,4,4,63,0,0,0,67,1788,136,1992,5254,3307,458,172,9187,231,182,418,9604,6288,581,16476,113,406,14,12,557,20,75,96,653,539,67,1253,408,354,21,16,798,36,27,58,861,138,48,1052
LGA14500,28625,493,646,1135,29764,21343,1410,52508,255,2063,155,58,2523,45,406,447,2974,5526,252,8755,1732,2466,180,103,4479,135,235,370,4856,1275,183,6314,2365,577,100,49,3098,142,40,182,3283,445,142,3860,2248,639,190,51,3126,81,31,108,3237,616,157,4007,3137,1174,185,66,4560,90,68,152,4711,1069,194,5978,4386,1835,157,79,6463,121,111,237,6700,1362,279,8341,5130,1924,134,83,7278,179,101,279,7553,1317,260,9133,4716,1779,164,82,6736,149,50,200,6939,1162,236,8339,3361,1421,148,66,4996,124,42,167,5168,1401,214,6784,2052,1470,148,36,3709,75,37,109,3817,2248,190,6255,857,975,95,19,1938,14,27,40,1982,2972,151,5101,247,522,55,25,839,4,6,18,857,2991,150,3997,116,362,34,28,545,4,4,10,552,8628,734,9916,30598,17214,1748,741,50305,1147,1184,2327,52632,31006,3144,86785,237,2362,126,41,2760,36,459,488,3251,5725,318,9292,1772,2715,145,96,4733,132,284,413,5147,1282,204,6635
LGA14550,1729,41,51,94,1815,1756,392,3967,64,125,5,6,200,14,11,26,223,367,23,619,116,45,9,6,179,33,8,42,219,102,17,336,132,51,9,4,198,23,6,32,228,101,12,346,135,68,11,6,215,20,11,31,247,122,19,390,169,89,3,5,273,18,8,30,298,138,10,446,236,123,14,8,380,11,16,28,406,135,31,575,285,140,7,13,455,29,11,42,496,154,36,685,305,185,24,9,520,32,23,56,572,234,41,848,258,180,20,13,468,19,10,28,493,313,41,856,146,136,11,10,307,21,16,34,346,390,34,764,56,43,6,0,110,4,3,9,111,348,35,500,32,36,0,0,67,0,0,3,70,291,9,373,20,20,0,4,50,0,0,0,50,612,62,727,1958,1257,124,84,3421,238,116,352,3772,3310,379,7465,41,106,7,10,159,16,17,38,192,258,43,502,112,62,0,3,184,27,7,37,226,86,16,325
LGA14600,1179,38,29,62,1245,885,293,2418,46,77,0,6,124,10,3,9,143,219,16,370,165,46,5,7,219,13,11,20,242,89,23,349,194,65,10,6,276,17,4,18,294,83,14,393,156,76,10,0,243,12,6,17,268,61,16,337,185,67,5,11,273,11,3,14,290,60,19,364,193,86,3,9,292,5,7,14,304,62,14,378,196,73,9,6,283,3,9,8,296,81,16,399,241,102,14,4,358,11,0,13,370,75,20,461,205,64,18,10,297,5,4,9,306,119,33,448,156,71,12,8,239,4,3,9,246,163,20,430,65,42,4,7,117,0,0,0,117,172,20,308,45,30,4,4,77,0,0,0,77,215,20,312,29,27,0,3,61,0,0,0,63,474,57,593,1857,816,105,89,2871,84,58,149,3013,1862,283,5160,36,38,9,7,84,21,11,27,116,183,35,334,138,49,6,5,207,25,6,35,240,74,32,350
LGA14650,48339,774,1227,1999,50336,36529,3825,90692,1731,3944,288,219,6178,496,645,1147,7325,5218,437,12981,4648,2766,308,224,7956,512,248,765,8718,1724,363,10806,5184,1778,362,149,7475,340,119,459,7931,1517,309,9764,4753,2190,408,157,7506,231,137,376,7879,1682,306,9867,5638,2842,383,164,9035,246,135,382,9419,1981,360,11763,6387,2995,344,201,9932,231,145,374,10305,1852,375,12526,6634,2897,338,180,10050,236,146,382,10435,2078,417,12928,6830,2697,421,170,10121,194,110,306,10426,2516,451,13392,5113,2483,415,127,8127,146,95,247,8378,3871,406,12657,2583,1929,266,81,4859,98,86,183,5044,6833,417,12291,673,849,81,27,1628,7,26,31,1663,8104,447,10214,145,282,26,21,475,0,10,6,484,7029,407,7920,47,153,17,17,242,0,5,5,248,14856,1605,16715,50372,27817,3667,1739,83593,2756,1903,4657,88254,59277,6306,153830,1205,3918,185,105,5421,503,983,1491,6911,4959,350,12214,3981,3237,294,168,7678,683,371,1055,8739,1762,397,10896
LGA14700,10751,202,179,382,11132,4860,658,16661,61,412,27,15,508,11,56,68,575,1118,36,1729,654,621,48,30,1359,46,57,107,1464,273,71,1810,1594,297,51,26,1962,48,14,63,2027,190,97,2311,1645,356,95,24,2122,41,25,64,2178,278,109,2567,1589,441,113,22,2160,42,24,66,2221,314,101,2638,1408,482,57,23,1969,43,23,61,2033,329,83,2444,1362,449,44,26,1887,45,25,73,1957,246,62,2264,1219,405,41,14,1692,38,13,52,1737,237,61,2037,924,389,37,20,1364,27,21,41,1407,330,63,1799,628,377,33,11,1053,20,16,35,1084,555,65,1710,237,234,10,11,494,16,0,15,507,716,50,1272,51,124,9,4,187,0,4,4,192,665,40,900,26,49,8,9,89,0,0,0,89,1806,167,2060,11394,4648,564,225,16834,364,273,643,17476,7051,1011,25539,50,437,22,15,516,8,103,108,624,1245,53,1925,681,732,44,32,1489,34,78,110,1596,324,95,2014
LGA14750,2393,46,56,100,2494,1721,395,4608,145,196,22,17,375,16,21,41,420,577,52,1050,272,70,10,9,370,24,15,38,410,106,42,557,277,81,9,8,383,14,10,18,401,96,48,546,229,121,14,5,366,13,5,17,384,108,42,532,341,142,24,14,516,16,4,22,535,112,40,686,378,131,10,12,529,14,9,20,551,107,41,694,437,127,19,12,598,13,5,15,611,116,34,759,403,157,19,19,598,8,0,9,608,126,42,779,311,93,28,9,438,10,3,19,457,138,19,617,168,80,16,8,273,9,0,8,278,250,44,580,60,51,11,3,128,0,0,3,135,328,30,492,24,17,5,0,43,0,3,3,49,335,34,414,11,19,4,0,40,0,0,0,40,610,81,731,3053,1285,199,122,4656,134,75,207,4864,3020,547,8428,112,144,17,22,291,23,26,48,339,548,71,957,284,91,10,12,395,23,12,39,438,94,46,582
LGA14850,10065,168,290,456,10521,7002,1389,18917,283,844,57,34,1215,111,178,285,1501,1390,126,3020,830,621,55,38,1546,162,124,279,1823,671,124,2617,794,466,63,35,1364,104,68,174,1537,502,72,2111,872,548,70,35,1527,81,65,148,1676,483,105,2254,1029,695,75,37,1832,77,62,143,1973,511,110,2595,1276,722,68,30,2091,81,56,140,2233,526,97,2858,1489,690,75,44,2293,91,52,146,2438,611,131,3188,1588,785,72,40,2486,87,44,134,2618,703,128,3442,1246,757,101,24,2128,72,58,129,2254,911,118,3285,644,567,59,15,1294,35,39,72,1364,1256,90,2709,209,208,14,18,445,4,3,10,449,1324,65,1839,63,81,9,12,157,0,0,0,159,1222,70,1444,56,55,15,3,124,0,0,5,129,2655,205,2978,10382,7031,721,358,18493,906,752,1657,20154,12758,1437,34351,210,834,36,33,1113,78,156,239,1349,1238,203,2789,704,653,48,36,1448,153,114,265,1711,491,244,2444
LGA14870,4000,79,100,189,4189,3881,586,8650,201,288,12,19,522,61,54,110,629,587,59,1282,458,191,23,22,695,64,24,83,778,267,56,1100,417,151,25,25,613,46,20,67,687,261,52,995,382,197,37,19,632,51,13,63,699,239,46,978,548,237,43,22,851,46,16,59,908,276,61,1249,572,267,32,28,894,32,21,49,943,249,56,1251,656,289,38,23,1002,33,16,51,1054,334,78,1464,729,297,52,23,1097,34,14,49,1148,347,64,1561,545,269,37,19,864,22,12,35,900,437,57,1397,306,213,39,17,565,24,16,41,610,774,74,1461,93,112,17,6,229,0,0,5,230,926,71,1226,30,32,4,0,67,0,0,0,67,769,55,888,16,15,0,6,36,0,3,3,37,1327,171,1538,4953,2557,341,212,8065,418,210,620,8680,6802,901,16386,140,276,26,15,451,48,31,77,525,579,92,1193,420,195,16,17,647,65,32,91,748,258,99,1102
LGA14900,42330,1346,1464,2813,45142,41208,5942,92294,1125,2306,181,183,3793,377,581,960,4755,8288,680,13723,4786,2331,215,375,7707,720,356,1078,8785,2929,772,12484,6678,1521,362,321,8881,497,160,662,9542,2769,896,13207,6272,1749,360,269,8650,369,166,535,9177,3124,883,13186,6656,2339,302,270,9566,341,179,520,10087,2874,753,13715,6611,2231,259,278,9374,291,159,452,9832,2750,724,13300,6711,2002,253,283,9256,343,146,487,9742,2703,697,13143,5495,1623,253,234,7602,277,150,425,8027,2839,742,11610,3707,1196,185,158,5252,174,98,274,5530,3160,610,9304,2051,886,106,102,3149,125,62,191,3336,3844,550,7728,579,343,49,36,1007,12,14,26,1030,4040,447,5520,96,118,17,9,238,5,3,11,248,3553,424,4227,22,43,11,7,86,0,0,6,91,5786,872,6743,50807,18696,2539,2524,74568,3536,2087,5621,80192,48664,9045,137898,1038,2824,145,159,4173,303,868,1169,5337,8722,823,14886,4886,3554,237,353,9025,700,520,1219,10245,3287,1019,14552
LGA14920,1431,45,47,91,1523,1243,377,3138,46,79,11,8,136,26,8,36,174,247,23,446,112,58,7,8,189,26,10,33,224,96,11,329,176,57,7,4,244,18,7,23,267,69,11,346,164,65,5,0,246,7,5,14,261,77,14,350,166,88,8,8,274,16,3,21,292,92,17,402,225,102,12,14,364,11,6,17,378,86,17,481,233,106,5,12,362,4,0,7,374,95,28,490,274,105,13,11,405,17,5,17,420,118,25,564,241,93,12,9,360,13,8,19,378,152,30,561,157,84,9,9,260,5,3,10,274,236,28,544,68,42,5,4,120,0,0,0,120,346,16,477,32,23,0,3,67,0,0,0,67,285,18,373,31,13,4,7,57,0,0,0,57,556,47,662,1926,933,108,104,3080,143,54,202,3281,2452,288,6023,36,70,3,10,117,18,4,28,144,248,32,424,120,62,3,8,190,28,9,32,228,76,35,333
LGA14950,663,12,13,26,684,537,104,1327,22,29,9,0,64,7,5,10,71,112,8,195,46,13,3,3,56,3,0,4,66,21,0,89,43,17,5,0,67,3,0,3,68,24,3,99,57,23,9,0,92,3,3,7,96,27,0,126,79,42,10,0,136,11,4,7,146,27,3,180,106,51,4,0,158,4,0,8,162,23,7,197,123,54,5,6,182,5,0,5,194,33,13,229,115,44,3,8,163,4,0,4,165,39,5,219,98,45,5,4,152,3,4,3,158,54,10,217,80,38,9,5,131,0,0,3,133,68,6,214,38,25,10,4,79,0,0,0,79,92,10,180,11,16,5,0,30,0,0,0,30,96,5,133,10,8,0,3,28,0,0,0,28,251,21,292,840,401,60,30,1327,41,15,62,1387,873,102,2362,29,21,5,0,49,3,5,11,57,107,20,190,52,23,3,0,80,7,4,11,89,23,11,115
LGA15050,21301,409,570,982,22283,13188,1450,36923,681,1484,93,51,2309,190,234,423,2734,1893,211,4838,2003,978,109,86,3180,181,65,248,3429,609,160,4195,2334,706,152,61,3251,117,65,185,3436,669,153,4259,2173,841,176,52,3246,103,62,154,3400,818,171,4388,2354,1064,134,59,3618,86,63,144,3767,815,182,4762,2506,1051,140,65,3767,93,62,148,3914,700,196,4815,2450,961,93,65,3567,83,43,124,3691,699,192,4579,2426,866,113,52,3459,52,25,79,3536,829,183,4550,1704,711,122,52,2583,45,21,70,2656,1244,142,4038,830,568,92,31,1517,26,21,42,1565,1962,140,3670,226,212,32,3,476,4,5,3,477,2097,122,2691,42,85,4,3,140,0,5,5,141,1757,121,2015,19,42,14,11,83,0,0,0,83,3370,392,3849,19744,9567,1265,610,31187,985,651,1638,32824,17448,2378,52651,496,1582,59,45,2186,211,347,566,2749,2013,178,4940,1924,1287,99,71,3378,304,162,465,3843,757,206,4808
LGA15240,17069,419,515,933,17993,21424,3145,42566,514,1319,118,81,2027,225,201,431,2461,2437,219,5119,1077,667,87,50,1885,291,91,384,2269,744,177,3184,1101,600,98,54,1862,180,51,228,2091,730,131,2955,1205,687,95,38,2026,143,80,218,2245,816,153,3208,1600,986,106,73,2766,160,103,259,3022,965,216,4204,1976,1197,89,77,3343,197,84,283,3628,981,205,4811,2329,1354,152,82,3915,195,83,274,4197,1164,216,5574,2495,1363,176,75,4105,153,87,242,4352,1563,263,6178,2005,1302,199,56,3564,146,93,239,3803,2313,305,6422,1133,1085,129,44,2390,102,82,183,2573,4267,308,7152,387,485,70,30,966,3,13,17,985,5396,323,6696,130,185,26,16,362,0,10,10,372,4798,302,5470,65,110,20,17,213,0,4,3,223,8813,1079,10112,16028,11345,1367,692,29428,1794,986,2779,32212,34996,3892,71091,357,1255,98,83,1793,219,212,435,2224,2289,264,4780,1072,818,102,70,2069,279,110,387,2455,758,236,3455
LGA15270,5417,105,119,216,5640,3882,772,10293,213,326,33,25,590,56,36,92,683,690,73,1454,498,169,28,24,716,59,21,78,794,194,67,1055,549,166,29,17,755,36,25,54,807,205,61,1075,499,201,29,28,758,29,12,44,803,238,63,1103,604,320,41,20,987,38,13,48,1039,249,100,1379,744,366,28,18,1158,44,12,52,1214,278,103,1595,784,352,34,12,1190,38,22,61,1251,257,82,1587,732,317,40,23,1113,33,9,47,1160,312,67,1535,517,278,35,21,850,30,16,45,894,421,89,1403,353,260,35,24,667,16,12,29,697,780,79,1557,154,143,16,6,322,0,0,0,322,957,61,1341,71,85,0,4,165,0,6,6,168,753,69,989,33,40,3,7,88,0,0,3,98,1435,189,1722,5767,3021,353,228,9363,382,179,563,9931,6772,1094,17793,162,300,25,24,511,45,38,79,588,615,124,1325,463,200,22,25,706,65,30,98,806,191,107,1102
LGA15300,2504,64,34,92,2594,1437,1077,5109,136,145,9,12,299,29,24,57,357,420,84,854,394,92,17,10,516,46,16,63,577,178,81,834,382,96,25,19,519,38,15,52,572,172,86,828,409,127,18,16,567,19,11,31,603,188,86,874,441,166,31,19,657,34,4,38,694,147,89,926,463,163,26,15,670,22,10,37,700,164,81,946,476,139,23,20,652,33,6,40,696,141,69,910,476,142,30,22,666,26,11,34,696,158,61,915,377,111,18,6,511,8,5,12,524,183,68,782,253,95,21,13,379,6,4,14,391,274,66,735,117,77,13,5,217,0,0,0,215,310,59,582,42,39,0,5,91,0,3,3,94,283,55,434,29,25,9,0,59,0,0,0,61,509,96,661,4003,1413,241,156,5813,262,110,375,6182,3127,972,10285,91,137,10,14,253,27,26,57,304,349,100,756,313,101,14,17,448,46,15,60,508,184,81,771
LGA15350,7081,137,145,286,7368,5192,449,13010,52,297,20,6,381,9,40,52,424,851,76,1352,478,459,32,18,988,17,40,61,1046,214,111,1365,1050,228,46,22,1342,15,13,32,1374,109,175,1655,1170,216,75,18,1473,23,13,34,1506,161,155,1832,1225,315,66,21,1624,34,24,61,1682,303,164,2150,1187,360,43,18,1611,27,22,50,1663,364,142,2168,1131,350,41,24,1544,53,35,87,1630,353,133,2119,1013,354,55,17,1440,39,13,49,1488,307,95,1900,787,311,40,8,1154,34,10,42,1195,334,112,1642,484,418,49,19,959,19,17,36,999,569,115,1680,270,283,30,5,588,0,8,8,601,761,91,1457,62,138,19,0,218,0,4,4,220,656,61,940,35,111,18,4,165,0,0,0,168,1806,211,2178,8946,3830,531,178,13489,273,233,512,13999,6783,1652,22434,38,360,22,6,424,8,69,79,499,995,83,1573,418,459,23,19,921,19,28,44,966,207,108,1280
LGA15520,2725,41,48,86,2806,2160,421,5384,107,163,15,14,302,16,13,31,332,292,33,659,233,75,6,12,324,15,7,18,342,62,29,434,248,52,9,0,321,12,4,17,335,72,25,428,229,97,28,5,358,9,4,11,366,75,20,458,290,144,17,10,455,12,8,20,474,64,31,569,370,144,21,10,549,16,5,28,570,79,31,681,404,130,27,6,567,13,6,20,581,91,34,711,426,180,34,21,669,15,8,20,688,103,35,828,346,158,25,12,537,15,17,33,572,216,46,833,193,145,21,15,374,6,6,15,394,428,40,861,94,86,15,3,200,0,3,3,206,568,40,810,34,42,7,8,87,0,0,0,87,527,55,666,35,28,14,7,81,0,0,0,81,919,105,1097,3010,1447,233,122,4817,133,77,213,5026,3501,507,9043,70,181,11,10,269,11,24,37,304,266,32,602,199,103,9,4,320,17,0,20,338,57,39,430
LGA15560,747,8,11,19,772,440,136,1345,38,38,0,11,84,7,5,10,91,123,9,229,107,35,7,8,153,7,4,9,159,37,16,208,75,30,11,6,120,3,0,3,118,36,16,165,98,32,5,3,133,7,3,9,147,35,9,188,114,42,0,5,155,5,3,7,167,35,8,207,140,36,8,3,194,0,0,0,192,36,14,244,148,54,14,13,227,4,3,4,229,35,16,286,177,49,17,6,242,0,4,3,252,35,21,303,125,42,10,5,178,0,0,3,184,40,12,238,91,46,6,6,146,3,0,6,145,84,14,242,36,25,3,0,69,0,0,0,69,97,13,177,17,12,3,4,40,0,0,0,40,137,16,190,15,11,4,0,32,0,0,0,32,209,32,269,1169,444,86,70,1771,40,23,63,1834,929,190,2956,36,33,4,0,71,12,4,15,90,135,31,254,67,34,8,8,119,6,6,9,133,23,19,179
LGA15650,3416,78,98,181,3593,2328,404,6324,188,310,36,14,546,42,27,66,617,418,82,1119,561,146,36,23,760,54,18,75,833,163,78,1070,604,147,25,20,806,25,14,43,846,219,60,1126,535,172,39,20,767,18,8,35,799,269,38,1109,537,216,26,21,796,28,14,45,843,193,73,1105,577,196,25,26,825,23,16,33,861,184,72,1121,641,203,25,20,895,22,5,29,919,171,66,1155,544,174,30,17,767,15,6,25,796,181,54,1022,430,140,26,21,612,13,3,15,634,228,49,907,228,126,14,8,379,4,4,13,392,339,43,774,77,66,8,9,160,0,0,0,160,399,30,583,16,25,0,3,47,0,0,0,49,298,30,376,13,16,4,5,34,0,0,0,34,585,99,719,4949,1944,289,213,7399,253,127,376,7776,3642,769,12191,119,233,27,8,382,60,46,106,487,434,54,986,385,175,27,20,598,65,34,96,699,207,65,973
LGA15700,3588,84,124,202,3799,4399,675,8873,99,244,26,8,374,46,52,96,472,591,48,1108,183,134,12,13,345,81,21,101,442,173,41,651,209,109,22,9,349,49,18,69,416,206,33,653,207,137,18,10,365,45,18,57,431,187,26,640,319,222,17,9,572,40,17,63,634,229,44,909,358,221,18,16,615,41,18,63,672,236,52,958,465,314,24,14,824,56,25,78,904,285,41,1228,494,395,46,21,956,68,20,85,1044,455,70,1568,416,338,38,9,803,38,19,58,860,591,61,1510,244,219,32,8,500,24,14,40,543,954,54,1544,88,94,6,4,191,0,5,5,193,1088,74,1358,40,34,0,0,78,0,5,3,83,943,61,1094,16,29,5,0,50,0,0,0,50,1888,171,2106,3126,2493,266,136,6025,486,232,725,6746,7819,759,15330,73,249,19,20,356,36,43,78,430,520,63,1019,229,179,25,18,447,67,28,96,540,161,57,762
LGA15750,2687,57,57,109,2796,1735,537,5067,130,177,13,25,350,34,23,56,411,358,48,822,331,73,12,16,430,44,14,52,489,144,30,663,351,92,31,9,480,26,9,36,516,116,38,670,374,143,22,14,552,19,11,29,581,136,38,760,395,174,14,8,596,24,11,34,630,129,36,799,445,146,17,25,637,23,7,34,675,114,56,849,492,181,19,21,720,21,12,26,749,126,43,914,489,162,37,17,708,22,6,31,739,161,43,940,409,112,22,14,558,11,3,16,572,222,37,830,250,133,14,9,409,8,6,15,423,309,50,782,110,78,17,12,216,0,0,0,220,404,36,652,54,41,3,9,111,0,0,0,111,367,38,510,39,18,0,0,64,0,0,0,66,717,81,863,3874,1549,238,184,5838,226,103,338,6171,3304,576,10054,107,204,7,13,332,31,23,55,386,308,82,777,276,107,16,17,410,46,19,64,467,109,69,648
LGA15800,1107,36,17,48,1158,945,216,2313,54,69,6,6,135,7,8,16,158,199,20,381,93,36,8,5,144,18,8,24,162,41,22,232,104,44,12,7,172,11,6,14,188,65,20,275,138,52,13,3,212,6,0,11,219,50,21,298,149,88,5,0,242,7,10,15,259,48,17,324,170,74,12,8,260,6,3,13,273,46,16,341,203,72,9,7,299,7,3,8,307,47,27,386,248,67,19,13,347,3,0,11,353,80,28,464,160,74,14,6,250,4,0,4,264,97,24,387,147,53,6,0,215,5,4,7,223,164,20,413,43,23,7,3,79,0,0,4,82,220,23,326,18,23,0,4,42,0,0,0,42,195,17,254,19,13,4,0,35,0,0,0,35,498,62,589,1558,691,122,73,2439,90,43,131,2573,1757,327,4664,41,47,5,3,100,9,10,19,120,172,32,323,121,59,4,5,188,18,9,27,217,54,21,298
LGA15850,1251,28,29,60,1310,873,337,2520,68,60,6,3,137,16,12,34,165,213,29,409,129,45,15,4,190,17,5,25,213,68,10,302,142,44,15,11,211,10,5,19,230,70,17,317,139,70,3,9,220,15,3,20,241,57,13,312,213,72,9,13,306,11,7,14,322,53,20,392,219,86,4,10,314,11,4,14,332,52,16,398,241,72,7,6,324,8,4,9,339,60,14,414,251,84,16,9,354,3,4,10,365,78,18,464,206,76,13,11,311,4,0,11,314,101,19,436,156,72,7,9,244,7,4,12,257,171,19,440,61,36,12,3,113,0,0,0,113,252,21,384,26,23,4,5,58,0,0,0,60,204,13,275,15,23,3,0,46,0,0,0,48,365,52,464,1860,757,109,93,2827,105,66,175,2997,1742,272,5013,39,66,0,8,110,19,15,37,143,194,30,370,134,47,5,8,190,19,10,34,224,67,35,326
LGA15900,43117,669,1086,1757,44873,24050,3703,72624,970,2989,205,130,4285,305,557,856,5144,3550,367,9057,4443,3637,382,182,8651,459,469,929,9580,2733,624,12937,6456,2033,379,137,9005,345,183,526,9528,1712,583,11823,5349,1914,435,115,7824,242,119,362,8180,1579,475,10234,4951,2333,366,112,7759,206,133,339,8099,1583,440,10129,4829,2247,288,131,7500,234,134,368,7865,1541,420,9824,5008,2100,249,116,7472,200,92,293,7768,1698,414,9875,4909,1939,314,110,7276,166,85,258,7528,1865,442,9837,3647,1632,271,74,5633,120,60,179,5809,2636,317,8768,1787,1247,143,41,3211,69,65,129,3345,4085,377,7808,462,555,65,30,1119,10,11,22,1143,4645,325,6110,94,206,14,15,333,4,0,5,339,4267,311,4918,45,119,20,15,198,4,6,6,201,10542,1166,11910,42963,22945,3132,1215,70257,2362,1920,4285,74542,42428,6261,123225,624,2892,166,103,3787,307,774,1083,4868,3736,294,8901,3878,4363,299,206,8744,605,676,1283,10034,3089,580,13698
LGA15950,21103,380,325,712,21809,8974,1408,32198,72,352,23,18,468,11,75,82,554,1002,139,1691,1657,943,67,45,2717,81,85,167,2878,436,332,3654,5669,883,191,60,6804,124,49,174,6979,440,707,8134,5828,791,305,64,6995,138,35,172,7158,579,682,8425,4174,813,218,50,5255,124,46,171,5427,620,564,6611,2930,673,120,35,3756,113,34,148,3906,445,397,4750,2262,501,77,24,2872,121,32,148,3020,436,320,3772,2073,550,69,36,2725,105,23,126,2853,459,312,3621,1693,616,70,17,2398,76,37,113,2508,610,253,3370,1136,832,82,17,2061,55,35,94,2152,1082,266,3509,487,564,46,15,1111,8,21,36,1144,1367,196,2705,151,242,18,5,416,7,9,7,431,1220,169,1816,52,133,16,10,210,3,5,9,216,2687,392,3295,28183,7900,1306,399,37790,952,490,1449,39236,11384,4730,55350,66,434,26,15,541,13,88,94,638,1096,115,1846,1432,1011,48,35,2525,58,81,142,2668,453,318,3439
LGA15990,66725,874,1158,2034,68759,37880,4323,110961,1013,3916,292,179,5405,160,536,694,6093,6588,413,13090,5171,3623,288,241,9320,307,253,563,9879,1617,577,12076,8506,2114,365,193,11180,242,137,384,11561,1154,725,13446,9625,2774,662,208,13264,208,119,327,13595,1737,799,16131,10669,4160,696,210,15735,236,201,434,16170,2422,823,19416,10470,4559,412,214,15656,246,230,474,16126,2306,735,19168,10245,4247,363,251,15110,308,164,471,15578,1853,679,18111,8780,3597,405,180,12963,270,131,400,13364,1785,597,15745,6609,3174,367,128,10280,178,120,307,10582,2500,591,13674,3831,3022,297,128,7287,124,137,264,7548,4652,504,12704,1412,1870,169,61,3505,23,51,74,3583,6663,441,10691,375,815,70,30,1288,9,19,25,1309,6405,415,8133,146,416,38,46,645,0,12,10,661,15864,1494,18017,76837,38298,4412,2079,121635,2320,2096,4415,126051,55548,8795,190391,949,4755,227,125,6048,109,748,852,6906,6983,526,14412,4899,4473,257,194,9818,236,317,555,10371,1552,634,12553
LGA16100,1097,19,20,40,1135,806,243,2190,68,61,4,0,135,10,10,18,154,142,12,312,133,37,3,4,182,13,6,16,191,106,6,311,85,31,0,15,130,6,0,9,138,56,9,207,128,26,8,4,173,5,4,11,182,55,11,245,150,52,0,0,209,13,7,18,220,53,7,281,198,93,5,4,300,5,4,9,313,43,14,368,178,65,10,8,261,4,8,13,273,51,13,334,177,65,6,3,251,5,3,9,264,60,10,332,176,72,7,3,251,8,0,9,258,99,10,367,123,69,18,7,214,3,3,6,225,168,24,414,69,53,3,6,139,0,0,0,139,184,27,345,21,16,4,0,41,0,0,0,49,140,12,190,7,12,9,3,26,0,0,0,26,262,23,317,1506,659,87,61,2313,76,46,123,2437,1412,174,4019,36,95,4,3,137,8,20,27,161,153,39,356,91,49,3,7,155,14,4,20,176,120,23,313
LGA16150,10237,134,211,339,10581,6256,1040,17878,382,701,45,42,1172,89,87,181,1351,1240,147,2742,1220,421,47,47,1734,95,57,154,1883,462,133,2479,1352,370,91,34,1844,74,24,101,1943,433,129,2510,1197,418,91,37,1746,45,16,62,1803,405,133,2336,1319,482,62,25,1888,57,23,79,1973,366,163,2495,1292,524,60,25,1906,36,28,64,1969,332,135,2443,1321,497,62,38,1915,34,28,58,1975,342,108,2427,1373,441,71,32,1921,19,12,31,1954,390,108,2447,1035,412,61,22,1529,20,14,41,1565,521,106,2195,607,338,65,6,1018,15,9,22,1043,921,116,2076,173,171,25,7,382,0,3,6,391,1075,96,1566,32,77,10,3,126,0,0,0,126,1043,87,1254,12,38,8,8,66,0,0,0,65,2399,202,2662,11326,4886,698,331,17249,496,303,802,18045,9929,1651,29631,298,696,42,39,1068,94,124,223,1296,1186,152,2631,983,500,57,34,1573,111,61,175,1744,423,148,2316
LGA16200,2966,54,64,117,3088,2294,415,5792,150,265,23,7,444,20,20,36,482,439,59,981,337,110,15,13,483,30,12,42,519,143,60,727,356,126,35,5,524,19,9,25,553,144,47,748,343,158,31,13,545,27,12,37,580,147,52,781,406,160,25,14,605,27,7,33,633,148,48,835,474,175,23,17,692,18,9,28,721,164,46,927,528,171,29,7,740,16,11,32,768,144,46,965,483,175,33,14,713,21,10,32,742,206,59,1004,355,154,26,11,554,18,6,29,583,276,47,904,234,126,24,11,384,10,4,9,397,364,54,815,103,64,13,3,185,0,0,0,191,446,55,688,40,36,15,7,91,0,0,0,91,483,59,635,30,35,3,9,75,0,0,0,75,1100,138,1320,3852,1751,285,147,6029,217,96,311,6346,4202,770,11318,105,229,18,19,373,46,45,92,467,455,82,1001,340,139,22,9,509,65,17,85,597,153,67,820
LGA16260,57695,1927,1761,3689,61379,38869,5019,105266,573,2259,186,109,3124,156,518,673,3795,6786,503,11076,4536,3589,271,281,8670,504,533,1032,9710,3644,837,14188,10145,2771,375,289,13583,602,264,860,14446,3261,1193,18903,9776,2422,547,224,12963,448,214,662,13621,3061,972,17653,8044,2485,357,161,11058,409,195,601,11657,2871,700,15227,7184,2442,250,163,10047,368,180,549,10598,2518,616,13731,7077,2363,236,190,9872,333,167,495,10371,2226,559,13157,6416,2105,235,149,8910,225,132,352,9264,2311,549,12127,4881,1795,229,102,7004,214,109,320,7322,2699,460,10482,2691,1511,212,64,4477,131,76,216,4690,3927,378,8993,882,860,91,43,1874,17,28,49,1926,4802,351,7080,200,307,26,22,552,3,10,12,564,4654,310,5527,61,156,26,17,256,0,8,8,263,9716,1170,11153,62464,25068,3048,1812,92389,3405,2432,5838,98229,52472,8599,159296,513,2517,149,70,3246,145,739,882,4130,6924,456,11505,4053,4348,215,217,8842,482,754,1235,10075,3940,846,14861
LGA16350,48898,1195,1108,2304,51202,31313,5200,87711,1910,3241,236,236,5622,483,522,1008,6627,5978,488,13090,6364,2618,311,297,9586,654,281,935,10516,2192,579,13291,7585,1841,463,258,10149,414,164,579,10730,2134,571,13436,6828,2215,455,197,9695,306,147,459,10151,2202,527,12878,6890,2460,354,224,9923,266,153,421,10347,2057,527,12928,6747,2320,298,218,9584,280,168,444,10027,1830,474,12329,6857,2137,264,209,9472,241,120,359,9835,1698,509,12036,6699,2136,329,197,9365,240,106,348,9709,2041,505,12262,5157,1712,316,150,7334,191,80,274,7607,2692,450,10749,3008,1355,215,99,4684,114,84,198,4876,4284,445,9605,737,526,68,30,1358,12,18,30,1393,4413,361,6166,137,164,20,14,333,0,6,7,345,3464,299,4111,43,55,17,10,124,0,0,0,126,5891,870,6884,58955,22782,3339,2147,87224,3204,1852,5056,92279,40881,6592,139759,1802,3683,173,152,5810,387,778,1163,6971,5446,610,13034,6306,3311,265,262,10145,665,366,1024,11173,2182,765,14119
LGA16380,18267,295,515,805,19073,17488,1882,38436,444,1286,89,61,1883,138,200,336,2222,2011,150,4376,1099,651,64,61,1873,201,67,273,2145,578,149,2875,1190,542,75,26,1835,135,57,189,2024,522,118,2661,1329,707,117,41,2196,94,49,140,2336,570,116,3023,1720,1001,106,69,2887,110,62,167,3059,726,117,3906,2122,1208,108,61,3497,128,63,190,3691,746,162,4587,2317,1168,115,60,3672,131,72,203,3871,785,183,4836,2313,1282,153,48,3796,131,71,200,3998,1060,204,5263,1650,1105,135,40,2932,110,58,169,3103,1606,190,4902,942,849,107,29,1924,74,62,140,2066,3102,219,5385,283,409,57,12,761,13,13,19,778,4167,222,5175,60,135,13,6,212,4,5,10,222,3669,217,4108,32,99,9,12,156,0,3,0,157,7607,899,8658,15502,10426,1154,540,27621,1262,778,2048,29672,27142,2935,59750,380,1346,109,43,1877,148,258,402,2285,1935,222,4438,1116,784,63,62,2026,177,96,270,2295,591,204,3091
LGA16400,15043,291,392,686,15724,14466,1719,31914,579,1274,100,59,2014,175,175,354,2369,1672,177,4212,1458,759,91,70,2376,206,57,259,2634,555,190,3379,1493,490,108,49,2138,118,38,157,2290,566,157,3016,1438,643,137,45,2265,97,64,161,2424,605,137,3171,1870,822,138,67,2902,108,71,183,3085,695,164,3938,2081,945,109,54,3196,104,59,158,3354,629,198,4181,2304,1026,116,54,3503,103,48,150,3653,700,205,4559,2040,907,149,64,3161,85,58,143,3301,841,227,4371,1565,846,111,54,2566,73,44,118,2683,1389,217,4298,837,722,82,29,1670,37,29,68,1732,2587,214,4536,195,310,43,14,560,10,10,16,578,3286,263,4125,53,119,6,8,186,0,0,0,187,2759,192,3141,13,57,9,4,83,0,0,0,83,4544,624,5248,15925,8925,1193,562,26610,1114,656,1769,28373,20838,2960,52176,373,1292,81,42,1785,194,240,432,2214,1665,232,4112,1293,922,98,69,2377,208,100,311,2687,578,259,3532
LGA16490,16800,239,267,500,17299,6957,1240,25495,546,1050,83,42,1724,65,108,174,1899,1365,159,3417,1807,621,85,51,2565,81,34,113,2672,373,169,3216,2123,485,157,62,2823,71,31,107,2931,340,201,3472,1991,584,192,44,2805,43,27,67,2869,340,173,3387,2366,715,167,50,3301,35,30,60,3358,379,177,3917,2777,856,124,75,3839,45,26,73,3912,392,212,4518,2762,680,140,56,3634,49,16,63,3696,380,209,4289,2426,615,138,51,3230,41,15,59,3283,439,187,3916,1703,544,126,27,2396,46,18,63,2458,687,183,3330,980,476,84,37,1573,20,14,31,1608,1065,151,2828,267,242,29,18,551,0,10,14,562,1171,112,1844,75,90,13,8,187,3,0,4,194,1048,92,1330,28,46,6,5,82,5,0,4,87,1754,251,2094,19850,7003,1332,520,28708,501,327,826,29536,9736,2280,41556,381,1170,56,53,1656,66,191,261,1920,1403,198,3524,1545,798,82,51,2479,100,57,166,2642,368,230,3235
LGA16550,35108,602,805,1405,36520,18974,3274,58759,340,1353,106,74,1870,67,393,460,2330,4109,476,6921,3055,2930,236,162,6386,278,720,1000,7384,4749,1069,13207,6973,1833,267,175,9242,273,192,469,9713,1937,1074,12726,6997,1546,422,111,9076,186,110,292,9363,1399,857,11625,5820,1896,397,115,8227,184,115,296,8521,1483,736,10740,4926,1797,216,94,7032,157,110,263,7292,1331,598,9227,4602,1637,173,106,6513,164,91,265,6780,1159,540,8473,3808,1373,181,108,5461,168,73,243,5700,1156,483,7342,2841,1163,180,85,4266,122,78,203,4471,1554,445,6469,1684,1066,113,64,2934,54,65,122,3053,2416,381,5846,612,607,72,31,1317,4,20,24,1344,2840,370,4553,147,255,22,12,436,3,6,6,444,2947,334,3724,54,154,20,28,258,0,0,0,263,7450,922,8633,41861,17609,2400,1150,63019,1671,1965,3635,66655,34542,8290,109485,265,1637,109,84,2096,64,520,581,2680,5006,463,8146,2730,3445,189,193,6564,262,838,1096,7661,6187,1130,14978
LGA16610,4464,95,112,208,4669,4192,923,9788,162,311,37,32,541,90,60,144,689,705,59,1452,386,187,24,16,607,82,27,108,724,270,41,1029,360,146,31,8,542,43,12,60,601,281,49,934,448,207,27,19,702,41,17,61,758,247,42,1056,492,258,27,32,799,48,16,66,865,298,63,1232,558,277,29,25,888,45,20,56,947,279,51,1278,667,306,48,32,1052,50,25,76,1123,318,57,1500,669,320,34,20,1044,31,20,56,1099,393,75,1566,581,309,29,21,934,26,10,43,972,554,68,1598,320,227,42,10,599,8,12,22,621,798,68,1485,98,89,9,3,204,0,5,3,206,982,71,1261,31,47,8,3,89,0,0,0,95,851,76,1020,28,37,9,7,85,0,0,4,84,1730,236,2048,4792,2723,355,232,8094,466,234,704,8802,7700,949,17449,180,387,17,21,600,54,54,104,708,686,117,1508,378,252,25,21,670,74,29,103,777,258,84,1117
LGA16700,32005,811,836,1651,33658,19793,2492,55936,331,1256,86,47,1721,65,298,365,2088,3271,213,5576,2154,2152,167,126,4599,205,499,704,5302,3082,551,8933,4871,1127,194,108,6309,269,155,429,6733,1387,442,8566,4918,1216,281,79,6492,188,110,297,6792,1167,348,8306,4554,1344,231,103,6230,179,102,278,6517,1209,304,8023,4017,1474,149,98,5740,146,96,237,5976,1013,247,7242,4082,1449,115,105,5754,158,78,240,5996,920,265,7184,3636,1292,132,91,5147,128,60,188,5338,1000,229,6566,2779,1061,129,55,4011,108,61,169,4178,1333,225,5742,1580,939,116,52,2684,62,53,117,2794,2098,207,5094,518,484,42,21,1064,6,15,23,1085,2427,158,3668,122,219,24,13,380,3,5,11,391,2666,180,3236,39,109,10,4,163,3,6,5,173,6888,725,7781,33596,14131,1674,908,50306,1521,1533,3055,53361,28471,4091,85921,216,1564,96,53,1927,56,439,500,2424,3489,229,6140,2267,2697,145,139,5250,201,542,743,5988,3176,429,9597
LGA16900,17031,279,402,685,17720,12772,1497,31983,579,1162,82,75,1905,226,294,520,2425,2218,159,4805,1560,888,106,109,2666,261,81,337,2996,613,143,3751,1841,626,165,53,2691,147,56,206,2890,590,138,3616,1707,800,163,55,2720,75,60,135,2858,651,113,3623,2083,1020,145,58,3311,106,76,183,3498,770,137,4405,2110,1041,122,57,3339,102,59,158,3502,750,132,4385,2350,1024,141,76,3591,113,39,154,3743,844,137,4730,2126,875,119,65,3190,101,30,134,3317,935,131,4382,1456,664,107,42,2266,57,22,82,2346,1301,131,3782,761,394,83,30,1263,42,28,71,1328,2040,118,3493,159,168,26,11,362,0,4,4,371,2319,122,2811,20,55,3,0,78,0,0,0,81,2072,160,2306,6,18,0,5,34,0,0,0,37,3577,346,3954,16772,8737,1257,648,27407,1237,749,1985,29397,18687,1967,50046,525,1335,62,36,1958,185,374,561,2521,2021,174,4714,1693,1208,91,79,3076,257,119,380,3455,633,187,4274
LGA16950,20825,388,556,945,21770,21770,2834,46375,592,1474,124,85,2278,281,239,518,2789,2706,316,5817,1613,914,99,95,2718,282,104,387,3105,817,290,4209,1630,654,153,64,2495,183,70,251,2749,844,215,3804,1589,842,142,61,2648,157,68,222,2868,932,224,4019,2065,1135,143,83,3429,150,68,220,3647,988,257,4895,2245,1359,149,83,3838,211,80,295,4129,1012,275,5414,2675,1455,163,73,4360,195,92,281,4642,1167,342,6146,2818,1591,183,72,4664,172,82,254,4915,1520,358,6798,2036,1383,219,69,3709,126,80,204,3909,2290,290,6492,1130,1128,127,45,2428,69,63,133,2560,4310,344,7216,313,461,47,28,851,4,21,28,876,5169,325,6369,95,170,18,5,289,0,7,9,298,4701,335,5336,38,68,19,22,145,0,0,0,147,8645,1106,9899,18835,12636,1594,785,33850,1822,975,2794,36648,35090,4670,76411,534,1564,94,96,2286,194,220,412,2700,2287,324,5311,1657,1138,100,90,2981,256,127,383,3369,881,376,4617
LGA17000,5439,87,130,216,5658,3266,519,9446,413,443,34,42,934,53,57,110,1042,680,72,1795,860,231,27,38,1161,59,14,70,1235,196,68,1495,886,189,56,29,1159,24,12,38,1205,227,69,1496,740,240,61,24,1066,19,15,37,1099,248,64,1415,837,327,48,29,1242,11,13,29,1274,262,63,1597,1006,360,45,43,1452,21,16,39,1484,225,74,1785,950,342,37,24,1351,18,12,28,1381,216,74,1674,882,301,56,18,1250,18,3,21,1274,262,64,1597,601,226,40,15,883,3,5,10,894,355,61,1311,340,154,40,11,537,6,0,10,548,548,52,1146,104,109,7,9,233,0,4,4,229,512,44,789,27,26,3,0,57,0,0,0,57,443,30,534,24,31,4,0,63,0,0,0,63,881,84,1030,7665,2994,445,293,11396,241,157,394,11789,5062,808,17666,297,467,29,28,817,63,93,157,974,619,87,1680,704,316,26,37,1085,72,35,105,1190,203,80,1470
LGA17040,5271,50,84,138,5412,2735,673,8818,202,355,17,25,608,21,49,67,673,540,102,1319,481,161,20,17,682,40,13,53,732,134,94,962,508,171,23,15,716,15,3,25,739,146,70,954,482,183,38,17,722,17,9,25,748,169,90,1001,634,260,34,16,946,14,8,23,970,183,102,1258,736,312,31,24,1108,26,7,35,1142,195,120,1456,844,322,31,16,1211,29,5,34,1245,187,113,1544,890,272,43,14,1217,19,12,30,1242,227,106,1582,595,250,58,14,921,16,18,30,952,292,78,1323,403,263,23,26,709,13,5,18,728,518,74,1327,169,137,19,16,336,5,0,4,347,628,56,1027,76,66,12,0,154,0,0,3,158,543,46,749,56,52,6,7,112,0,0,0,117,1150,120,1386,6079,2796,369,215,9452,211,136,343,9803,4909,1174,15881,174,342,14,24,557,17,24,44,601,489,81,1173,504,259,8,30,796,30,15,48,847,120,107,1073
LGA17080,3090,63,63,126,3212,2335,472,6024,133,233,15,11,386,25,25,52,443,405,35,885,322,88,10,4,424,53,12,59,485,123,28,635,298,147,23,5,467,26,7,34,503,143,33,681,336,145,21,13,521,27,9,38,560,157,32,747,433,196,20,7,657,17,13,33,688,162,34,884,479,194,22,12,709,27,6,26,736,154,29,919,568,192,27,17,797,20,9,31,829,146,37,1011,572,196,34,10,807,26,0,31,839,176,33,1054,438,178,45,8,673,18,15,34,704,242,40,981,292,152,28,8,488,16,13,29,516,415,40,969,105,88,13,0,205,0,3,4,207,551,39,808,34,50,4,0,87,0,0,0,87,539,47,670,32,26,5,3,72,0,0,0,73,1053,98,1225,4048,1871,261,117,6297,257,114,372,6670,4266,519,11458,108,174,13,5,299,23,20,47,341,388,46,777,265,129,13,12,420,32,8,47,466,136,58,664
LGA17100,10371,318,350,668,11038,6868,993,18896,89,389,17,24,518,15,101,115,635,1627,156,2416,883,956,63,61,1964,78,128,204,2170,781,268,3223,2055,657,68,82,2862,130,66,196,3053,594,416,4063,1540,459,87,43,2127,90,46,129,2255,510,231,2992,1112,348,62,17,1539,57,32,92,1629,421,153,2205,1104,422,35,40,1601,47,34,80,1681,399,160,2243,1185,487,33,51,1755,66,31,96,1847,420,184,2459,1144,402,37,42,1628,44,38,83,1714,406,130,2254,802,296,38,28,1170,53,28,82,1248,522,120,1882,462,222,41,22,750,20,17,35,780,607,102,1489,192,155,15,9,375,0,9,5,384,703,78,1163,57,68,0,5,129,0,0,4,135,735,71,946,28,52,4,7,93,0,0,0,95,1815,214,2119,10660,4912,497,421,16487,604,529,1129,17621,9538,2284,29444,89,482,32,22,622,27,146,166,787,1538,111,2441,972,1149,62,73,2250,92,210,301,2558,975,321,3852
LGA17150,58012,658,970,1635,59650,33904,3558,97105,1503,4360,270,195,6330,216,623,838,7167,5984,317,13462,6538,3695,362,275,10874,393,249,641,11519,1456,440,13412,8431,1776,446,219,10879,224,90,317,11200,1043,565,12805,7643,2387,660,155,10852,197,88,290,11134,1499,545,13177,8292,3558,525,198,12569,203,146,351,12917,1862,487,15269,8439,3711,362,203,12723,226,139,365,13085,1673,465,15225,8660,3534,352,193,12739,262,131,393,13132,1450,472,15058,8715,3330,381,194,12620,221,93,311,12933,1660,463,15059,6849,2858,382,141,10228,172,88,266,10490,2499,425,13414,3782,2527,322,112,6745,114,100,216,6958,4828,392,12179,1168,1355,124,39,2689,19,32,47,2732,6282,403,9417,250,490,33,32,809,5,14,23,825,5654,257,6736,90,254,37,39,419,5,12,12,430,13551,1292,15275,70371,33838,4268,1988,110468,2241,1814,4057,114523,49441,6523,170490,1319,4483,208,115,6127,172,705,880,7007,5744,376,13126,5788,4089,227,210,10316,310,279,590,10910,1361,446,12714
LGA17200,58567,1657,1752,3412,61972,24725,6504,93203,307,1109,78,51,1546,78,354,435,1980,2929,891,5800,5547,4661,355,231,10794,440,1030,1475,12268,5694,3186,21146,16620,4368,526,304,21822,625,487,1111,22930,3422,3940,30287,14829,3183,658,193,18855,466,261,728,19587,2288,3109,24984,10057,2149,461,124,12791,396,152,539,13334,1640,1948,16920,6985,1554,299,116,8956,314,131,445,9403,1493,1483,12380,5312,1256,209,99,6872,264,98,365,7243,1437,1209,9888,4278,1140,153,74,5645,220,110,330,5972,1534,1145,8649,3179,1065,140,40,4432,176,97,273,4702,1815,982,7499,1897,980,94,50,3034,123,84,200,3235,2474,833,6534,696,540,47,25,1315,14,18,31,1342,2589,609,4538,180,271,9,14,475,3,13,15,488,2237,526,3256,83,147,21,13,261,0,7,8,268,4245,1057,5571,69964,22430,3061,1337,96797,3122,2831,5943,102742,33795,20921,157457,295,1404,104,114,1909,46,565,614,2527,4869,974,8372,5643,6367,328,336,12671,427,1572,2001,14672,10253,3668,28592
LGA17310,14174,286,344,630,14806,9460,1848,26112,568,1031,102,53,1753,133,135,265,2020,1646,202,3865,1504,522,67,44,2141,167,73,240,2372,610,165,3151,1601,473,109,49,2229,137,44,179,2408,560,120,3085,1455,561,105,39,2161,112,35,154,2315,554,164,3025,1700,743,73,60,2574,94,42,143,2718,545,153,3416,1876,788,76,39,2784,81,49,132,2908,523,182,3619,1923,803,111,57,2893,82,36,118,3011,559,177,3751,2045,754,120,56,2978,84,34,114,3091,665,189,3940,1649,698,121,36,2507,65,38,103,2603,937,153,3699,989,587,83,36,1700,38,28,69,1763,1547,152,3468,311,374,33,15,738,5,7,9,754,1941,165,2857,99,144,11,11,265,0,3,3,267,1915,164,2347,70,92,14,9,185,0,0,0,188,3665,422,4278,15791,7564,1024,519,24892,995,535,1525,26426,15663,2412,44499,456,1058,67,54,1637,132,147,277,1916,1607,229,3755,1427,585,64,46,2125,170,69,236,2358,594,243,3198
LGA17350,1294,18,18,34,1329,1079,139,2544,64,81,6,0,152,8,10,17,165,182,10,362,121,45,8,0,178,11,4,12,190,50,11,248,105,37,9,5,157,10,0,9,167,33,9,209,99,48,4,7,159,5,3,15,174,48,3,224,139,85,6,0,236,9,0,14,250,56,13,309,177,78,7,6,274,8,4,13,286,58,12,350,206,98,13,6,320,5,7,9,328,64,15,412,222,92,12,3,326,8,5,12,336,70,24,434,164,71,7,4,249,6,3,11,263,122,3,385,109,62,11,7,186,5,3,8,196,204,5,404,38,37,7,3,85,0,0,0,84,251,9,350,16,9,3,0,29,0,0,0,30,231,13,278,9,12,0,5,21,0,0,0,21,545,58,622,1470,758,98,50,2370,74,42,118,2491,1929,186,4602,60,84,6,7,153,14,7,19,169,195,21,386,103,52,0,3,166,12,6,14,179,44,14,240
LGA17400,1197,37,34,72,1264,1442,289,2993,50,90,0,3,142,6,9,14,160,177,24,357,83,37,5,8,136,10,9,23,150,64,15,227,75,40,8,3,127,14,4,14,144,62,7,215,105,64,11,5,182,6,5,9,195,81,21,296,153,104,6,9,267,13,13,22,290,95,22,403,178,74,5,7,263,16,7,18,285,83,19,386,162,83,8,12,259,13,7,19,280,88,29,403,225,131,13,9,375,12,7,19,387,164,44,594,190,130,12,8,339,15,10,22,369,191,38,589,168,82,15,0,262,14,5,16,281,293,40,616,70,47,4,5,124,0,5,5,124,314,23,465,34,25,3,3,66,0,0,0,64,274,36,375,23,11,3,3,45,0,0,0,45,485,58,585,1507,911,97,72,2584,113,70,190,2775,2377,363,5510,24,69,12,13,119,15,9,21,139,169,28,334,72,35,5,4,121,16,0,18,141,54,20,212
LGA17420,46547,812,1054,1868,48412,27003,2117,77526,850,2912,222,127,4118,119,501,619,4741,5553,215,10501,3745,2842,231,178,7003,243,301,535,7537,1353,239,9131,4362,971,212,126,5668,166,83,248,5912,808,209,6934,4534,1396,357,108,6393,136,76,210,6606,1145,238,7992,6010,2242,308,131,8686,155,127,275,8963,1537,258,10756,6540,2461,212,142,9353,166,123,291,9640,1351,276,11269,6686,2185,196,147,9213,184,73,263,9477,1076,261,10811,6273,1934,214,138,8562,164,71,236,8798,1173,241,10213,4900,1846,236,110,7095,144,69,216,7310,1719,244,9270,3069,1686,178,81,5019,102,80,186,5202,3109,236,8543,1016,930,93,41,2086,23,30,45,2130,3841,173,6143,189,347,29,12,577,0,6,6,583,3102,149,3835,56,146,20,14,235,0,0,0,241,5088,290,5618,48235,21896,2519,1353,74000,1597,1543,3147,77146,30845,3024,111014,757,3438,181,85,4458,88,699,792,5246,5752,259,11257,3789,3373,163,111,7443,213,373,590,8029,1439,246,9711
LGA17550,20740,380,597,977,21719,18077,3036,42828,437,1567,91,91,2178,229,283,506,2684,2282,241,5209,1237,996,106,74,2414,269,116,386,2798,669,198,3664,1501,769,128,59,2455,209,85,292,2750,715,196,3658,1565,922,157,56,2701,163,91,252,2950,756,199,3909,2034,1260,138,79,3507,174,74,252,3758,921,213,4887,2278,1457,128,78,3942,168,105,274,4215,919,265,5405,2548,1518,135,107,4310,192,78,275,4586,998,259,5839,2593,1596,161,76,4424,165,96,266,4692,1347,287,6328,1869,1268,173,59,3366,153,82,237,3601,1896,277,5775,1039,1005,122,31,2201,104,68,172,2369,3172,262,5807,306,391,34,24,748,6,20,25,773,4021,257,5050,62,167,20,12,255,5,0,7,264,3819,262,4348,44,89,7,14,159,0,3,5,164,8717,1183,10070,17497,12992,1401,772,32665,1835,1105,2934,35602,30237,4108,69947,371,1630,75,86,2159,134,336,475,2639,2089,262,4989,1271,1266,70,82,2688,238,132,370,3062,606,263,3930
LGA17620,3229,50,50,95,3330,2155,366,5857,147,204,19,17,380,13,17,32,412,358,34,810,456,112,20,16,600,30,10,43,647,94,26,773,452,133,33,24,643,10,3,18,657,134,35,829,411,140,21,11,584,14,11,27,611,146,41,794,454,197,28,13,689,16,8,23,712,152,52,909,469,188,25,27,703,14,12,23,719,103,33,860,519,195,21,13,747,11,7,19,764,114,45,921,534,164,29,17,749,16,6,22,769,148,33,951,429,174,21,16,644,16,5,21,664,201,46,917,278,130,20,3,435,10,8,12,453,345,42,833,97,82,13,5,197,0,6,6,200,463,44,703,45,43,3,5,95,0,0,0,94,399,35,533,26,32,7,3,67,0,0,0,67,863,94,1016,4307,1791,259,170,6525,162,84,245,6774,3531,546,10849,101,217,14,20,345,22,25,45,386,359,58,804,286,134,11,14,438,37,8,50,490,98,62,650
LGA17640,1904,24,23,45,1948,1288,290,3528,83,82,8,9,184,3,18,25,208,239,14,458,122,48,5,4,183,9,4,11,195,40,10,243,113,41,3,0,162,5,5,10,172,42,9,217,134,70,11,3,224,0,4,4,231,45,16,292,225,90,8,9,329,4,5,15,340,64,15,419,245,128,11,10,389,6,3,11,392,64,17,476,317,126,11,4,459,10,6,10,472,80,19,569,290,107,11,12,427,5,3,11,436,104,23,559,272,92,16,6,383,3,0,3,391,131,16,532,202,112,8,10,331,0,8,11,344,236,12,597,106,65,8,10,186,0,0,0,187,290,27,501,62,34,5,3,102,0,0,0,102,251,23,376,51,36,9,10,108,0,0,0,108,482,59,647,2230,1042,122,86,3478,55,54,107,3579,2057,244,5883,68,106,11,5,188,5,10,19,201,191,41,437,127,58,4,3,193,15,10,23,216,50,30,295
LGA17650,1349,23,28,54,1404,985,181,2561,35,104,5,10,157,11,14,24,183,226,13,416,96,52,6,8,158,12,9,17,183,42,10,232,105,48,6,3,166,6,8,13,179,38,13,223,109,72,10,0,192,8,3,15,211,60,6,278,174,79,12,3,263,6,3,12,273,51,10,332,205,113,9,13,339,12,6,19,351,50,15,419,236,94,9,7,340,6,3,10,355,87,11,446,241,116,4,7,368,7,5,12,378,85,21,482,207,109,24,0,345,4,4,11,351,117,23,493,128,86,11,0,229,5,3,8,241,225,17,487,59,30,4,0,97,0,0,0,98,219,18,328,16,25,0,6,45,0,0,0,45,191,12,243,18,17,3,0,40,0,0,0,39,308,29,374,1631,936,113,57,2736,81,63,146,2881,1689,196,4763,34,89,6,7,133,18,16,35,164,175,25,363,94,68,4,6,164,9,14,25,184,46,10,237
LGA17750,16315,271,365,639,16953,9436,1583,27974,906,1228,92,73,2309,164,219,381,2688,1840,146,4672,2299,1053,128,79,3565,185,123,308,3874,1083,197,5149,2290,657,135,51,3130,144,56,199,3333,614,121,4069,1909,649,151,66,2775,85,41,125,2902,622,101,3625,1972,804,125,49,2947,77,42,122,3067,553,111,3733,2077,806,79,73,3039,75,39,115,3154,465,126,3744,2129,785,90,44,3051,65,24,84,3135,465,118,3719,2181,749,112,49,3098,54,22,75,3170,501,141,3819,1709,687,105,47,2547,45,19,67,2610,792,110,3517,958,535,84,28,1609,16,19,28,1638,1237,100,2976,289,275,31,17,613,6,5,10,623,1527,92,2242,86,121,14,11,227,3,0,4,233,1519,93,1842,61,73,12,7,157,0,0,0,159,3280,344,3785,18873,8425,1159,612,29069,905,614,1518,30584,14500,1794,46885,663,1293,52,59,2071,131,240,375,2441,1669,240,4348,2078,1159,107,89,3429,209,144,352,3779,897,281,4962
LGA17850,628,5,13,17,639,481,125,1247,28,32,4,3,66,10,3,12,76,99,5,176,62,25,6,3,99,3,4,6,102,31,3,144,70,20,3,0,96,3,0,3,99,24,6,123,70,27,3,0,97,0,5,3,100,21,3,131,87,43,8,0,128,4,3,10,139,35,4,173,113,38,0,3,156,3,0,3,162,23,3,188,124,47,0,3,177,0,4,4,182,30,0,210,102,43,4,7,145,4,5,7,151,42,12,201,106,54,13,5,172,0,6,5,176,45,0,226,94,39,7,3,142,0,3,3,147,83,7,237,58,38,4,3,102,0,0,0,102,116,12,226,19,20,4,0,46,0,0,0,46,104,9,162,14,14,0,4,34,0,0,0,34,214,14,268,938,429,49,34,1450,32,31,60,1510,863,92,2459,15,41,4,4,63,0,0,6,71,70,11,156,56,30,8,0,96,0,4,6,99,20,8,135
LGA17900,826,24,24,47,870,657,571,2101,38,33,0,10,84,19,6,23,106,184,33,324,128,40,0,12,173,13,9,26,203,94,30,321,142,51,5,10,209,9,5,16,222,76,27,332,142,53,13,6,214,9,4,13,226,95,30,349,145,64,11,0,229,12,4,21,246,105,30,383,166,77,6,11,256,10,9,16,275,96,35,410,179,35,9,10,232,18,8,28,262,130,44,444,194,64,9,9,284,17,9,28,307,141,44,492,177,65,8,10,256,13,5,13,270,173,46,490,125,50,9,11,193,15,0,16,204,224,39,466,67,30,3,5,102,0,0,3,103,248,34,390,30,18,3,0,50,0,0,0,49,222,33,304,14,13,6,6,32,0,0,0,32,282,56,370,1545,586,92,92,2315,133,66,199,2516,2080,486,5082,23,36,5,4,58,5,12,23,80,161,26,266,88,44,5,3,140,17,10,23,164,99,49,313
LGA17950,513,13,8,20,537,378,124,1037,38,19,0,0,61,0,0,5,67,76,12,149,63,18,0,4,85,4,0,5,94,25,9,131,76,14,9,4,106,6,3,9,109,19,7,138,66,34,0,3,106,8,6,9,115,29,13,153,73,33,0,3,114,5,5,7,118,20,3,148,104,22,0,3,131,9,4,12,144,32,6,177,118,29,4,4,159,5,4,13,174,31,4,210,138,28,7,8,177,6,5,8,185,33,14,228,89,18,5,4,119,4,0,4,125,46,16,181,73,30,5,4,107,4,0,5,116,70,5,193,33,22,3,3,58,0,0,0,64,92,11,164,21,16,3,5,46,0,0,0,46,69,4,126,19,7,0,0,28,0,0,0,28,149,13,194,906,303,52,51,1307,55,27,77,1381,688,109,2185,3,14,3,3,23,8,7,10,38,79,16,127,45,21,0,0,67,12,5,12,79,36,11,124
LGA18020,1636,59,56,112,1753,1565,554,3872,54,101,7,6,177,13,7,29,208,336,52,596,125,75,4,9,220,21,8,28,249,91,32,368,135,60,10,11,214,34,6,36,246,104,15,364,169,76,17,11,269,19,8,22,290,86,26,395,207,89,6,6,315,17,15,31,352,130,32,517,252,116,18,4,389,25,7,35,422,97,39,557,304,122,11,11,437,15,10,31,471,127,28,630,310,127,15,7,454,20,3,30,481,144,45,671,304,118,15,9,447,12,3,17,468,220,46,734,194,120,18,9,336,18,5,23,358,326,30,708,91,69,9,10,180,0,0,0,181,409,37,630,42,35,3,5,89,0,0,0,89,384,48,523,44,27,8,8,80,0,0,0,80,782,93,961,2239,1129,141,111,3615,202,79,277,3894,3235,527,7651,36,57,5,5,97,22,3,24,124,328,33,487,113,69,14,0,202,31,16,49,245,90,50,384
LGA18050,19012,365,367,730,19743,8377,1951,30069,117,417,32,19,580,18,105,121,701,1427,191,2318,1384,1047,61,65,2566,93,106,199,2767,580,564,3919,4398,999,141,100,5639,117,69,190,5829,508,1044,7381,4890,961,267,94,6210,137,64,199,6408,598,977,7979,3584,1077,207,71,4933,117,66,180,5112,672,695,6485,2733,966,111,63,3877,87,52,143,4017,541,482,5042,2071,776,65,49,2960,81,46,123,3088,444,351,3890,1745,669,67,45,2532,63,29,93,2622,452,353,3427,1273,594,67,34,1971,65,34,96,2069,501,267,2834,851,620,43,29,1552,33,30,68,1616,952,267,2830,341,358,29,15,742,8,14,14,758,1050,238,2051,91,167,19,9,283,4,8,11,295,1126,230,1649,45,116,13,20,194,0,4,5,198,3103,590,3890,23534,8762,1127,613,34034,827,616,1442,35475,11961,6254,53689,63,550,23,18,657,14,105,122,777,1501,170,2446,1201,1161,48,53,2462,68,137,209,2672,600,399,3672
LGA18100,700,20,13,29,730,646,114,1488,15,35,3,0,53,8,4,7,63,136,6,201,45,24,0,0,72,12,4,15,87,31,4,124,54,24,0,0,86,3,5,10,87,25,3,122,85,31,5,0,124,3,4,6,132,25,12,164,72,39,0,0,119,10,6,12,131,49,3,183,95,58,0,0,160,0,0,0,160,49,0,216,121,52,9,5,180,0,0,4,184,67,7,253,134,57,7,0,196,7,0,6,201,47,10,263,119,40,8,7,176,0,7,6,185,82,14,271,86,43,5,3,130,3,0,3,139,156,13,304,39,34,8,4,85,0,0,0,86,168,19,271,20,17,0,3,41,0,0,0,41,158,12,215,11,10,5,3,30,0,0,0,30,329,24,382,897,467,49,39,1449,44,26,71,1518,1321,135,2981,23,31,0,9,60,9,5,12,77,89,18,186,52,18,0,6,72,5,3,11,80,25,12,113
LGA18200,1486,33,26,58,1546,1014,344,2912,50,98,0,7,154,18,23,40,193,222,40,452,128,46,6,4,184,21,4,33,215,57,24,296,154,34,11,4,193,12,4,15,213,72,28,312,163,52,11,0,227,13,0,13,240,66,18,327,206,100,16,3,319,8,3,14,336,74,11,419,216,90,18,7,325,11,10,17,341,61,21,422,262,86,8,3,362,20,4,18,381,77,19,475,277,92,16,14,394,11,5,19,415,99,23,535,218,89,9,9,321,6,5,10,335,125,21,477,161,67,8,4,240,5,0,5,246,221,18,488,42,47,7,3,96,3,0,3,97,241,19,356,25,20,4,4,48,0,0,0,48,215,27,297,18,9,3,3,26,0,0,0,26,326,71,426,1916,812,107,63,2896,131,57,186,3082,1856,330,5271,38,104,6,11,163,14,9,28,184,176,35,391,118,62,8,11,197,16,7,25,219,61,40,325
LGA18250,18216,404,451,856,19074,11947,1191,32219,127,716,47,31,920,18,155,179,1099,2273,169,3534,1251,1255,66,75,2644,91,204,298,2940,1052,265,4252,3074,661,112,62,3909,141,70,213,4120,613,306,5034,3446,760,222,47,4477,97,62,152,4629,735,292,5654,3272,958,218,53,4503,101,53,154,4661,846,263,5766,3025,1033,114,61,4227,113,60,175,4408,862,200,5466,2709,954,105,79,3841,82,40,126,3961,747,200,4910,2351,792,71,47,3257,84,47,131,3395,676,165,4235,1771,737,94,43,2642,61,30,93,2735,797,155,3689,1070,800,60,31,1968,34,39,77,2041,1280,133,3451,351,374,32,14,776,8,19,26,807,1464,101,2360,106,184,16,6,310,3,5,8,318,1375,99,1794,34,123,10,14,179,0,6,4,184,3840,309,4330,22586,9339,1183,541,33659,846,789,1634,35294,16547,2657,54493,92,921,49,28,1085,18,203,220,1305,2548,132,3991,1140,1474,52,71,2735,87,187,268,3005,1231,233,4472
LGA18350,11664,132,215,346,12011,9835,1221,23064,361,690,54,60,1165,66,99,167,1334,1437,99,2863,887,440,42,43,1406,67,33,99,1512,319,77,1904,826,282,51,29,1186,40,11,49,1238,287,65,1587,795,377,72,24,1265,37,15,54,1316,327,75,1719,1189,559,57,30,1828,47,34,76,1910,445,105,2462,1455,759,63,51,2326,34,32,69,2399,431,107,2931,1657,750,79,41,2526,64,24,87,2616,443,122,3177,1612,714,104,35,2466,50,22,70,2537,501,106,3145,1231,700,83,53,2063,42,26,65,2128,724,115,2964,865,681,66,29,1647,32,38,69,1717,1559,151,3423,336,467,34,22,853,5,13,21,877,2067,129,3077,108,188,16,12,324,6,5,6,334,1904,126,2365,54,118,6,15,189,0,5,5,193,3583,382,4165,11365,6730,730,431,19262,472,369,844,20104,14025,1662,35786,313,948,52,24,1336,55,96,148,1486,1411,139,3036,878,493,26,37,1429,71,32,103,1537,256,99,1893
LGA18400,12621,157,215,371,12997,7250,1063,21308,566,755,53,44,1413,119,141,253,1664,1451,137,3252,1333,558,48,54,1999,89,38,126,2126,355,137,2612,1226,348,95,47,1715,64,20,78,1800,296,97,2185,1296,499,101,51,1944,30,29,60,2004,379,90,2471,1666,747,81,59,2555,56,28,84,2645,450,130,3225,1882,746,71,78,2769,39,33,76,2846,363,125,3334,1812,682,66,48,2609,54,21,73,2686,350,120,3154,1795,607,96,56,2550,48,24,70,2624,440,127,3193,1301,518,80,39,1944,41,18,62,2004,627,87,2712,752,386,52,28,1224,16,25,45,1270,1101,103,2473,193,165,14,4,383,0,7,7,387,1223,69,1684,51,62,11,8,123,0,0,0,123,978,53,1158,15,29,9,6,53,0,0,0,59,1627,148,1825,13887,6097,776,532,21290,557,376,933,22224,9636,1411,33274,569,931,44,51,1595,83,167,253,1852,1424,139,3412,1440,716,59,75,2294,84,45,127,2419,344,133,2899
LGA18450,47724,862,1326,2191,49914,36450,4247,90609,1246,3309,272,177,5005,448,804,1253,6257,6097,473,12826,4451,3663,389,255,8758,747,589,1335,10094,3656,692,14436,5976,2122,416,174,8694,487,242,729,9421,2446,590,12463,5552,2365,520,146,8576,365,204,567,9137,2140,461,11741,5996,2992,453,164,9611,326,175,498,10107,2267,500,12869,6192,2955,309,188,9642,300,185,482,10131,2134,488,12753,6588,2918,328,218,10041,308,146,455,10499,2247,510,13253,6339,2581,396,151,9463,265,117,379,9843,2632,498,12985,4496,2092,364,131,7088,164,102,266,7356,3600,426,11379,2304,1459,234,77,4084,102,87,191,4269,5819,486,10567,558,631,79,30,1291,6,22,22,1316,6889,424,8630,115,215,26,18,376,7,7,14,393,6565,416,7378,50,118,28,14,215,6,6,4,221,13795,1447,15465,49878,27427,3806,1736,82854,3525,2671,6197,89045,60293,7410,156744,1104,3583,204,138,5023,364,1050,1411,6438,6079,498,13009,4565,4595,277,233,9671,646,819,1458,11135,3629,763,15522
LGA18500,14096,285,228,514,14610,8578,1374,24566,79,356,35,14,483,15,91,107,595,1749,215,2553,1109,812,68,52,2036,72,89,158,2198,529,323,3043,3065,492,102,43,3703,76,29,107,3811,312,597,4721,3028,525,160,55,3763,80,34,114,3875,371,504,4749,2329,620,143,29,3121,66,26,97,3216,505,451,4182,1925,610,85,32,2646,56,32,85,2737,548,387,3673,1821,576,70,29,2490,73,30,105,2593,498,358,3450,1597,599,66,37,2297,59,28,88,2388,505,302,3193,1319,542,91,19,1986,42,22,64,2048,510,257,2815,1099,763,68,25,1947,28,30,57,2005,937,291,3233,530,539,54,19,1144,8,10,16,1157,1134,256,2545,184,292,22,10,502,3,5,10,518,1117,191,1829,113,266,23,24,420,0,10,10,425,3117,574,4119,18189,6984,984,391,26544,570,449,1014,27560,11832,4714,44105,63,400,24,17,504,7,97,103,605,1853,143,2603,1018,910,36,37,2001,36,84,124,2126,533,272,2929
LGA18710,4446,41,73,120,4560,2218,324,7101,152,295,16,21,488,23,32,55,541,404,41,988,347,131,20,16,513,21,7,24,538,84,38,656,349,93,26,10,477,9,0,7,486,75,36,598,422,185,44,14,656,6,5,16,671,89,38,802,634,242,45,19,934,10,0,11,952,122,49,1120,747,269,35,18,1063,13,5,24,1083,123,59,1268,702,208,29,15,962,7,7,10,969,85,46,1105,686,216,27,17,943,10,8,19,963,148,57,1169,495,203,42,12,749,9,0,9,752,208,37,998,310,207,45,9,565,8,3,13,580,382,34,985,134,91,13,7,245,3,0,3,251,429,32,711,38,58,3,4,108,0,0,0,111,344,28,486,21,32,9,0,61,0,0,0,59,631,119,810,5022,2230,357,152,7763,102,87,192,7959,3132,617,11702,102,330,14,24,482,7,46,61,537,430,55,1027,331,190,24,23,567,18,12,29,601,82,49,727
LGA19399,261,0,3,6,267,100,39,408,7,4,0,0,17,0,0,0,17,12,0,27,30,5,3,0,45,0,0,5,47,4,3,52,43,8,3,3,63,0,0,0,60,6,4,74,36,16,6,0,63,0,0,0,63,7,0,63,52,12,4,0,67,0,0,0,70,12,0,76,42,7,3,0,55,0,0,0,59,10,0,67,55,21,0,0,77,0,0,0,81,7,3,91,65,10,4,0,79,0,0,0,76,13,3,92,50,17,6,0,74,0,4,4,80,16,0,94,46,9,0,0,55,0,0,0,55,22,0,73,18,14,0,4,32,0,0,0,32,23,3,59,3,11,0,0,15,0,0,0,15,17,5,37,5,7,3,0,17,0,0,0,17,38,5,56,461,140,37,11,658,3,11,10,667,182,25,868,3,7,0,0,14,0,0,0,14,8,9,28,27,13,0,0,43,5,0,3,48,6,4,65
LGA19499,1128,135,124,252,1382,1722,1273,4381,82,73,10,9,177,77,59,131,312,324,119,760,333,188,19,22,562,106,36,143,704,400,210,1314,446,150,49,21,670,117,41,159,828,327,270,1420,365,115,21,16,519,96,36,138,652,310,269,1235,255,89,21,13,369,85,24,111,482,290,278,1053,221,82,25,9,339,87,20,109,448,310,297,1047,188,88,18,20,313,69,17,87,396,275,265,938,166,78,19,11,278,66,12,80,352,316,279,954,141,63,15,9,228,38,17,54,281,366,199,847,73,48,15,9,147,17,17,36,180,487,160,829,12,17,0,4,38,5,4,6,49,459,99,604,10,0,0,0,12,0,0,0,14,265,83,364,0,0,0,0,8,0,0,5,9,245,109,361,2287,1004,227,140,3653,771,295,1062,4716,4391,2632,11736,52,44,3,11,108,51,24,72,184,219,116,516,288,192,18,28,526,112,45,155,679,390,285,1359
LGA19799,0,0,0,0,0,0,0,0,0,0,0,0,0,0,0,0,0,0,0,0,3,0,0,0,3,0,0,0,3,0,0,3,3,0,0,0,3,0,0,0,3,0,0,3,0,0,0,0,0,0,0,0,0,0,0,0,0,0,0,0,3,0,0,0,3,0,0,3,3,0,4,0,8,0,0,0,8,0,0,8,4,0,0,0,7,0,0,0,7,0,3,10,0,0,0,0,0,0,0,0,0,0,0,0,4,0,0,0,6,0,0,0,6,7,0,6,3,0,0,0,8,0,0,0,8,14,0,17,0,0,0,0,0,0,0,0,0,5,0,9,0,0,0,0,0,0,0,0,0,19,0,22,0,0,0,0,0,0,0,0,0,21,7,31,18,3,13,0,28,0,0,0,28,65,9,107,0,0,0,0,9,3,0,0,6,8,0,13,3,0,4,0,8,0,0,0,8,6,3,9
LGA20110,3097,25,23,53,3145,2160,392,5699,75,229,23,14,340,13,21,38,376,267,21,669,182,99,11,8,302,19,10,29,332,64,28,416,187,70,17,9,282,17,5,15,298,60,13,373,205,117,18,4,342,11,4,17,360,102,9,471,292,192,22,6,509,9,12,25,534,123,20,676,380,208,14,9,610,15,8,24,638,115,23,778,455,251,19,10,740,23,4,27,760,118,26,908,510,246,33,14,809,19,19,40,845,153,30,1028,396,238,31,10,673,22,5,29,706,246,43,990,204,186,40,3,434,11,11,22,452,458,47,956,65,93,14,4,177,0,3,3,179,577,37,802,23,37,6,10,72,0,0,4,78,515,51,636,21,24,5,5,49,0,0,0,49,1004,95,1145,3005,1977,246,112,5345,161,101,262,5605,3801,447,9849,58,246,14,12,336,11,18,26,359,267,39,664,186,111,14,8,315,19,3,22,341,53,31,424
LGA20260,2419,39,41,80,2499,1934,311,4741,87,197,3,16,305,11,8,25,332,292,29,645,222,87,8,8,333,16,7,24,354,108,16,476,211,97,26,6,343,12,9,22,362,132,26,524,267,98,14,7,383,12,4,14,402,145,21,569,279,138,14,17,449,20,3,25,472,159,18,647,319,175,19,17,536,15,4,22,553,152,22,732,385,160,14,6,569,10,10,22,594,183,26,799,390,153,32,9,584,7,0,10,593,208,25,820,349,182,26,13,568,9,6,12,581,254,23,865,225,155,37,3,420,8,4,8,432,382,22,836,68,71,9,11,159,0,0,0,159,491,33,683,32,28,5,0,65,0,4,4,68,451,22,544,39,27,0,8,71,0,0,0,71,858,139,1068,2867,1575,212,123,4787,120,61,183,4969,3818,422,9207,90,184,9,5,300,17,24,40,333,237,31,603,181,140,12,6,337,26,11,38,370,128,34,535
LGA20570,26502,485,716,1198,27704,18371,2565,48643,659,1953,133,108,2847,192,376,570,3413,3242,291,6944,2665,1998,220,112,4995,308,238,549,5539,1467,350,7360,3167,1041,219,74,4501,197,92,294,4793,1008,272,6067,2693,1152,225,68,4136,135,87,218,4359,1021,202,5579,2803,1416,187,83,4483,122,87,211,4696,1090,218,6007,2976,1473,142,69,4658,113,71,184,4846,1026,221,6088,3182,1404,147,77,4809,143,62,202,5015,929,250,6192,3097,1307,183,66,4641,105,53,155,4802,1056,247,6108,2267,1182,199,51,3697,69,50,127,3821,1551,235,5607,1220,988,138,44,2393,53,32,89,2481,2532,230,5243,296,386,49,20,743,3,4,11,752,3044,218,4014,67,141,25,9,248,0,7,6,253,2744,236,3234,19,77,15,21,138,3,0,3,137,5885,870,6890,25107,14513,1869,802,42291,1455,1161,2617,44907,26600,3831,75337,468,2049,102,83,2702,192,411,602,3309,2962,333,6605,2253,2269,179,135,4831,395,333,726,5562,1507,474,7539
LGA20660,31568,474,809,1286,32852,19269,1737,53856,495,2008,95,107,2706,94,427,525,3230,3629,212,7065,2806,2529,196,163,5704,277,261,542,6239,1587,292,8123,4512,1234,241,138,6132,204,108,308,6443,979,320,7733,4423,1381,387,100,6283,139,81,218,6501,1164,303,7973,4383,1948,360,98,6790,142,84,228,7020,1368,306,8684,4420,2087,192,108,6810,132,102,237,7044,1239,233,8516,4351,1953,164,130,6600,134,80,210,6810,1054,236,8105,4373,1775,214,114,6477,102,63,165,6648,1109,255,8016,3404,1679,210,83,5376,102,45,146,5526,1576,206,7312,2043,1452,192,66,3753,55,54,111,3858,2962,238,7061,619,699,56,15,1390,4,8,18,1409,3745,233,5388,141,247,27,16,431,0,8,6,437,3390,247,4075,47,148,17,17,220,0,0,0,220,8150,800,9172,36015,19128,2364,1159,58671,1392,1327,2718,61387,31958,3885,97227,293,2010,81,51,2434,95,559,650,3082,3511,239,6830,2164,2648,138,89,5031,252,337,592,5623,1478,312,7408
LGA20740,8170,99,159,263,8426,8198,1325,17951,172,443,53,31,708,41,51,91,797,641,85,1521,556,245,33,21,848,47,17,64,920,199,73,1191,712,219,47,25,995,32,21,53,1054,215,73,1341,670,283,54,21,1025,28,20,45,1074,286,72,1431,795,401,57,27,1282,39,17,51,1336,349,89,1771,850,500,48,30,1427,35,23,64,1486,302,108,1893,826,474,63,27,1385,41,19,60,1447,296,105,1852,911,499,67,20,1492,37,19,59,1549,357,103,2014,718,517,76,23,1334,40,28,65,1397,653,88,2145,478,463,60,16,1022,18,21,39,1055,1240,103,2397,145,212,30,9,394,0,3,9,400,1713,127,2245,39,84,12,5,142,0,8,8,143,1359,122,1625,33,39,12,11,90,0,0,0,90,2607,457,3151,6898,4381,606,256,12146,354,247,603,12746,10211,1610,24565,105,491,48,25,669,41,51,95,756,750,78,1585,382,286,34,27,724,70,30,97,827,220,73,1125
LGA20830,13000,193,305,497,13500,9375,1359,24236,432,785,44,56,1318,92,119,210,1531,1451,97,3084,1157,473,58,56,1741,101,40,142,1887,348,82,2319,1155,415,91,43,1703,66,32,103,1810,378,66,2250,1035,461,85,30,1618,43,25,71,1692,425,67,2184,1114,591,72,50,1821,45,39,87,1908,453,92,2457,1421,757,70,53,2307,67,44,109,2414,424,93,2928,1477,745,86,57,2363,57,29,93,2447,412,91,2954,1641,714,105,35,2487,43,31,70,2553,492,127,3173,1225,684,95,35,2042,42,35,72,2115,696,112,2922,704,560,90,27,1390,28,23,52,1439,1312,117,2867,282,297,38,8,626,0,3,8,634,1534,114,2288,83,115,11,17,220,3,3,13,233,1425,93,1753,67,84,8,13,170,0,0,0,170,2561,381,3115,11789,6670,855,490,19803,594,435,1034,20834,11923,1529,34287,309,860,30,43,1244,74,177,251,1496,1366,147,3008,1062,618,49,40,1766,131,75,209,1976,374,160,2511
LGA20910,24912,306,653,955,25864,16697,1667,44233,210,1697,90,80,2080,46,283,334,2408,3212,182,5801,1481,1848,127,100,3550,125,141,265,3816,785,210,4804,2064,530,91,40,2730,90,39,130,2861,360,181,3398,2119,620,175,39,2949,69,33,100,3053,567,182,3804,2989,1272,234,64,4560,79,42,123,4686,995,259,5935,3973,1758,182,95,6002,108,65,165,6164,1167,315,7653,4047,1747,140,77,6019,109,69,183,6202,913,296,7416,3902,1566,168,73,5707,99,55,150,5861,914,269,7046,2839,1338,163,54,4393,88,42,129,4531,1258,213,6000,1684,1408,131,48,3267,53,42,99,3366,2090,225,5682,664,831,81,37,1609,9,27,36,1648,2622,202,4472,180,329,36,16,559,0,7,12,566,2477,166,3209,64,191,20,24,299,5,0,8,310,7514,771,8588,26222,15127,1638,749,43730,878,853,1735,45469,24882,3471,73820,134,1759,75,38,2005,28,403,428,2437,3526,220,6178,1249,2122,83,63,3520,126,207,340,3855,820,244,4920
LGA21010,3054,33,59,89,3141,2782,526,6459,120,285,26,11,448,37,34,68,512,419,29,968,241,119,22,6,397,27,7,36,431,107,18,557,282,94,22,12,412,12,6,26,435,136,21,587,251,112,19,12,394,25,4,31,418,125,10,555,303,142,15,3,466,22,17,39,500,151,28,678,358,195,21,13,588,12,4,20,608,158,24,788,480,231,20,19,750,21,15,31,780,156,35,971,573,242,45,14,877,16,14,26,906,175,34,1115,463,263,54,12,789,14,3,22,806,240,24,1068,274,206,47,12,541,9,6,21,557,487,30,1077,97,103,14,3,218,0,0,0,221,569,21,807,32,49,12,0,95,0,0,0,95,545,38,676,25,26,7,5,67,0,0,0,67,1224,135,1425,3494,2072,334,124,6026,191,117,308,6332,4493,442,11268,63,222,16,12,315,18,27,48,360,356,66,781,254,143,24,10,433,33,12,45,476,114,54,646
LGA21110,43216,630,1196,1832,45042,26788,2403,74237,277,2991,174,117,3553,52,614,668,4223,7094,329,11646,3452,4647,317,212,8623,278,533,811,9433,2935,533,12899,6743,1911,257,140,9058,277,170,453,9508,1240,648,11394,5477,1361,329,89,7250,184,77,258,7515,1105,415,9033,5056,1963,342,87,7455,160,95,253,7708,1597,356,9658,6209,2612,258,100,9184,189,129,311,9497,1741,370,11605,6720,2686,212,163,9786,196,111,308,10092,1558,384,12036,6285,2471,228,135,9115,187,94,283,9399,1477,378,11250,4886,2039,237,100,7268,135,71,209,7475,1899,303,9679,2862,2040,192,81,5172,78,61,147,5319,3012,299,8628,1043,1173,119,41,2377,13,31,45,2420,3680,260,6361,265,567,49,19,906,3,14,16,928,3634,242,4806,122,357,41,22,541,0,4,5,551,10800,1074,12415,49407,26819,2760,1311,80294,1765,2001,3768,84059,41762,5597,131413,165,3059,122,64,3413,42,777,818,4230,7289,391,11911,2977,5242,243,169,8629,265,741,1007,9634,3120,591,13347
LGA21180,37809,1452,1849,3303,41114,34702,5049,80858,685,2568,127,185,3570,295,590,883,4448,7542,718,12707,4677,3537,249,467,8934,721,469,1186,10119,3201,1024,14349,7165,2444,359,391,10355,673,271,947,11304,2840,1178,15314,6381,2051,408,275,9123,497,220,720,9844,2804,995,13648,5930,2208,331,280,8759,472,243,714,9472,2834,832,13133,5779,2396,236,275,8686,467,250,714,9398,2758,825,12983,5688,2223,221,288,8424,371,167,544,8962,2565,723,12251,5158,1983,275,262,7681,365,179,547,8228,3002,690,11922,3980,1610,222,177,5993,227,130,359,6352,3954,608,10917,2090,1140,164,129,3523,155,92,251,3772,5357,622,9749,501,411,67,37,1014,5,17,28,1038,5310,557,6911,81,108,14,15,224,7,8,13,230,4533,479,5247,27,55,7,9,96,0,4,5,105,7573,1123,8801,48151,22749,2690,2792,76382,4251,2643,6898,83279,54279,10372,147930,423,2603,98,115,3242,287,1003,1286,4530,7108,615,12254,3770,4708,213,332,9018,828,788,1615,10641,3595,915,15153
LGA21270,1190,24,15,34,1227,1085,233,2543,44,73,5,4,129,7,11,17,149,243,16,398,105,28,3,14,147,11,6,15,167,46,9,223,127,22,3,7,160,4,0,4,165,40,6,210,98,58,7,0,167,7,0,4,172,49,7,231,127,70,10,3,209,4,4,7,220,60,3,285,209,107,11,7,331,8,0,8,340,66,6,414,237,97,8,3,348,11,0,12,359,62,13,436,283,101,8,13,395,11,0,11,410,76,9,497,219,98,4,8,333,10,0,8,345,130,16,485,151,74,17,11,259,12,5,15,269,219,15,511,66,37,3,6,112,0,0,0,115,242,19,379,23,28,9,9,65,0,0,0,65,282,27,370,32,20,9,0,63,0,0,0,62,656,71,787,1723,815,108,80,2723,74,34,105,2830,2172,219,5223,16,94,4,4,118,4,11,9,133,200,8,346,99,28,5,3,135,7,3,11,151,33,15,195
LGA21370,8473,107,171,286,8754,6465,1163,16383,340,652,45,46,1078,77,73,147,1223,1186,91,2499,786,320,47,36,1180,93,45,137,1314,312,71,1702,813,301,47,22,1182,59,17,70,1252,302,78,1635,731,370,65,36,1195,46,12,55,1256,283,78,1612,974,507,51,39,1573,42,26,69,1640,348,85,2073,1227,587,63,52,1935,49,18,72,2004,352,105,2462,1437,583,70,39,2129,40,21,55,2183,342,99,2621,1363,532,104,44,2044,35,21,55,2100,416,84,2604,986,523,119,38,1662,33,14,47,1709,667,119,2497,577,441,98,25,1136,22,13,31,1171,1070,100,2338,187,246,31,14,481,3,5,9,491,1542,92,2123,88,100,11,7,202,0,0,0,206,1396,104,1705,54,44,19,9,131,0,0,0,131,2725,395,3251,9548,5202,780,412,15944,484,262,745,16684,10932,1496,29126,284,679,41,44,1051,64,88,156,1204,1015,117,2334,761,375,40,46,1224,65,39,108,1333,308,114,1754
LGA21450,27871,544,822,1363,29238,15168,2466,46867,728,1445,68,93,2338,151,248,397,2735,2418,205,5353,2432,1044,101,97,3677,182,83,262,3944,632,177,4750,2921,762,161,83,3932,106,60,168,4094,735,194,5021,2616,927,175,54,3769,106,44,152,3917,852,219,4988,2757,1200,145,72,4171,101,70,162,4345,928,198,5463,3135,1311,112,73,4638,83,70,151,4787,775,191,5758,2862,1209,114,80,4272,86,55,140,4416,655,237,5308,2557,975,149,62,3738,78,38,118,3858,654,182,4697,1808,817,116,42,2778,66,31,100,2882,893,165,3934,1028,712,91,49,1881,36,31,67,1955,1558,174,3681,304,308,40,19,678,4,7,10,684,1951,145,2779,90,120,15,10,235,0,0,4,237,1543,118,1900,50,79,10,12,148,0,3,0,152,2796,259,3206,23297,10912,1306,749,36254,1004,738,1745,37999,16387,2458,56849,610,1748,78,79,2516,170,429,603,3119,2809,304,6232,2503,1603,104,114,4323,248,160,406,4727,874,338,5942
LGA21610,79692,1940,3099,5042,84737,51283,6819,142834,1731,4517,229,296,6768,518,1125,1648,8410,10262,654,19330,7125,3976,359,410,11872,840,428,1266,13142,3025,693,16858,9800,2508,517,360,13191,584,208,793,13981,2938,710,17624,9726,3207,619,313,13853,468,242,708,14566,3443,650,18658,10186,3970,503,325,14985,434,275,712,15697,3586,758,20045,10465,4141,410,364,15380,433,253,689,16070,3149,731,19948,10275,3574,394,349,14587,389,213,597,15187,2668,628,18486,8849,3016,404,279,12554,303,150,448,13002,2802,559,16359,6024,2329,318,168,8837,245,113,358,9192,3456,501,13154,3224,1684,260,138,5305,138,65,200,5505,4806,489,10801,789,696,88,35,1605,21,14,43,1652,5412,426,7482,130,233,20,18,399,5,3,12,410,4684,372,5461,44,128,16,23,202,6,9,10,209,8430,931,9578,78367,33969,4133,3072,119538,4376,3108,7485,127019,58662,8104,193783,1268,5395,220,162,7054,473,1761,2234,9287,10812,853,20950,7151,5829,314,445,13737,1078,887,1961,15697,3928,1048,20674
LGA21670,2346,64,52,113,2466,2989,420,5867,80,213,19,25,339,30,38,66,401,360,21,785,206,97,18,11,334,28,5,33,362,121,16,500,171,84,17,7,273,16,13,24,298,122,16,437,177,101,16,12,305,10,7,19,328,125,24,471,243,161,16,16,436,22,18,42,471,153,23,647,291,188,19,13,511,15,15,32,550,173,33,745,357,177,18,11,566,19,10,26,595,202,35,831,362,202,30,11,601,26,5,32,632,256,38,928,309,161,26,18,512,17,8,20,532,386,35,954,183,141,31,9,363,13,4,15,385,609,41,1036,43,42,7,4,99,0,4,5,101,740,52,902,14,35,0,8,56,0,0,0,55,687,37,780,13,16,0,5,33,0,0,0,33,1245,134,1410,2458,1613,220,138,4427,203,113,318,4749,5173,504,10423,47,204,7,12,267,25,31,54,325,328,36,693,199,151,13,10,376,59,18,81,454,131,28,617
LGA21750,5101,50,73,126,5225,3594,596,9412,206,452,20,34,720,33,33,63,786,521,42,1349,496,210,25,33,762,46,11,61,822,168,32,1032,516,183,43,22,763,19,5,24,790,178,43,1006,468,204,34,16,722,15,10,25,748,199,31,983,565,299,21,22,909,24,15,36,944,200,49,1188,629,359,43,28,1051,18,7,26,1077,218,37,1336,693,362,53,22,1126,20,12,31,1159,217,51,1422,694,331,62,21,1116,15,21,32,1146,246,65,1458,602,374,66,21,1066,14,12,23,1088,357,48,1502,354,296,51,13,706,14,18,32,742,608,75,1422,141,152,34,16,338,0,0,0,338,713,51,1102,61,49,0,4,114,0,0,0,114,715,38,872,22,40,9,3,74,0,0,0,74,1549,202,1825,5445,3308,463,260,9478,222,135,358,9835,5883,773,16496,157,399,19,10,590,26,44,69,651,465,69,1193,474,266,25,25,782,33,15,52,835,167,82,1085
LGA21830,3520,46,62,107,3620,2608,471,6705,136,346,25,27,528,12,24,42,568,554,37,1157,328,128,19,23,492,15,12,29,522,130,15,660,303,125,26,11,473,11,8,18,493,128,21,641,396,174,27,16,619,22,3,25,642,143,21,806,438,239,18,14,711,5,12,19,724,131,33,887,582,258,25,21,891,16,5,18,914,129,35,1073,662,276,29,22,988,12,8,22,1008,160,46,1209,642,276,33,14,964,20,16,30,999,185,33,1222,501,226,29,16,775,8,4,13,791,260,30,1079,321,202,41,11,577,6,14,16,592,415,52,1061,147,140,15,17,318,3,0,4,320,570,40,927,65,52,7,7,130,0,0,0,130,586,51,766,37,41,17,10,108,0,0,0,108,1238,146,1484,4560,2478,322,212,7567,129,104,232,7802,4625,550,12982,114,296,19,31,458,16,20,37,495,469,55,1024,331,172,16,10,532,42,10,47,584,109,50,741
LGA21890,39721,809,1177,1986,41706,20735,3083,65528,319,1490,113,83,2008,137,374,511,2520,3651,307,6481,2804,3004,232,208,6254,403,552,952,7209,2818,717,10743,6347,2506,290,204,9349,433,244,682,10027,1944,929,12902,6582,2296,452,158,9486,282,145,429,9914,1782,708,12406,5680,2419,411,172,8683,245,148,392,9074,1950,625,11648,5337,2563,279,180,8361,242,121,366,8727,1833,518,11081,4524,1901,182,130,6731,198,124,322,7053,1515,447,9021,3793,1575,213,131,5714,149,70,220,5932,1572,429,7934,2563,1119,162,101,3942,115,61,175,4117,1984,389,6491,1244,828,100,52,2225,71,48,110,2337,2856,343,5539,356,279,39,20,698,5,8,16,715,3549,384,4648,78,128,16,13,235,0,10,9,238,3944,365,4547,35,65,11,18,127,3,0,7,132,9419,1241,10798,39659,20187,2500,1465,63806,2284,1898,4183,67995,38825,7406,114228,193,1828,79,89,2191,112,611,723,2917,3614,405,6935,2415,3891,182,217,6700,376,678,1057,7754,2822,765,11344
LGA22110,9533,139,209,353,9888,9617,1681,21189,327,648,55,38,1075,68,93,158,1232,1194,102,2525,708,353,60,33,1151,89,17,107,1259,346,86,1694,782,290,53,32,1162,61,34,101,1258,333,73,1667,683,449,69,32,1230,48,31,84,1314,402,89,1801,878,584,63,32,1552,58,44,98,1650,404,80,2142,1113,676,72,43,1899,62,26,87,1985,484,86,2550,1260,715,91,41,2110,52,41,94,2199,444,93,2742,1390,758,94,31,2271,61,31,88,2363,609,109,3081,1123,751,129,36,2031,55,35,91,2125,999,142,3267,708,657,97,35,1503,51,35,84,1581,1889,160,3633,234,331,41,23,618,0,6,6,625,2393,170,3189,80,143,25,19,266,0,6,3,270,2055,131,2457,69,73,11,21,173,0,0,0,176,3620,378,4171,9355,6427,854,407,17042,608,391,996,18043,15182,1704,34931,207,647,48,30,928,65,84,147,1081,1060,160,2292,680,403,55,27,1171,113,56,166,1336,313,169,1818
LGA22170,33566,582,935,1512,35082,20322,3212,58620,900,2416,110,163,3590,284,486,766,4354,3782,392,8527,3731,2014,198,213,6163,399,169,568,6727,1297,397,8417,4834,1280,261,135,6514,238,102,341,6861,1280,412,8545,4435,1482,309,139,6366,198,102,297,6660,1485,408,8553,4553,1888,262,117,6825,220,132,359,7183,1606,411,9201,4638,2174,225,165,7208,204,124,329,7536,1469,398,9403,4848,1943,218,128,7139,197,113,308,7444,1359,400,9199,4336,1729,294,133,6493,194,75,264,6758,1395,386,8541,3269,1510,248,75,5110,144,66,212,5325,1849,342,7517,1905,1360,180,68,3519,86,61,146,3664,2937,333,6937,531,588,74,38,1224,5,15,25,1248,3783,317,5346,99,183,19,9,318,7,10,16,332,3442,303,4075,26,70,11,11,120,3,8,11,133,6681,1081,7890,38126,18635,2418,1400,60582,2174,1460,3633,64214,32364,5570,102148,629,2528,92,98,3337,211,592,803,4144,3434,430,8006,3231,2392,151,156,5926,431,259,688,6620,1362,534,8511
LGA22250,2047,38,26,64,2106,2046,373,4526,93,161,11,9,270,22,13,31,301,331,30,665,170,56,11,6,241,13,3,15,257,75,13,349,210,71,16,9,306,9,4,11,311,73,13,403,202,93,4,12,310,5,10,14,323,94,21,437,232,111,14,8,369,14,0,10,382,104,19,506,320,153,21,12,507,20,3,19,526,75,28,629,353,150,13,10,534,14,7,25,560,103,37,697,365,164,27,15,571,9,6,13,586,121,31,740,339,155,25,12,530,5,3,15,548,196,38,783,194,163,20,8,388,7,4,12,397,335,40,769,103,83,10,4,199,0,0,0,199,466,40,699,45,39,0,0,87,0,0,0,90,477,44,616,28,23,4,7,69,0,0,0,69,1009,117,1188,2658,1425,178,122,4377,118,60,176,4554,3458,470,8485,61,151,9,8,238,9,27,33,275,319,23,621,213,95,5,5,320,20,4,21,345,63,39,449
LGA22310,39500,593,1007,1600,41096,20457,2444,64003,249,1820,110,79,2261,72,373,444,2703,4138,236,7076,2536,2954,200,179,5869,254,400,659,6526,2244,415,9183,5852,1898,229,159,8140,315,144,458,8598,1256,616,10467,5429,1623,363,102,7518,204,94,297,7815,1169,439,9423,5370,2154,340,101,7964,163,89,251,8214,1371,349,9937,5547,2512,238,130,8431,174,99,277,8707,1264,379,10345,5069,2141,197,123,7530,169,79,249,7779,991,318,9086,4634,1899,190,136,6851,137,77,210,7059,1061,311,8432,3546,1627,189,101,5467,113,67,189,5646,1513,285,7443,2085,1461,158,79,3790,75,66,141,3930,2504,270,6696,600,729,57,35,1415,5,28,34,1446,2838,237,4525,147,284,31,19,482,6,9,10,491,3090,249,3825,80,209,33,26,345,0,5,7,351,9467,1116,10940,41137,21313,2331,1274,66047,1686,1533,3218,69267,32900,5203,107369,146,2023,80,44,2286,58,525,588,2875,4632,266,7763,1996,3365,126,119,5602,263,590,853,6456,2949,466,9866
LGA22410,4202,66,117,179,4386,3640,563,8590,147,422,25,27,617,28,45,79,700,599,50,1343,328,167,17,15,531,59,8,66,595,146,36,779,413,153,36,20,620,28,10,43,666,170,44,875,417,198,40,12,670,33,18,51,719,186,41,953,541,282,39,21,887,21,22,47,931,212,63,1205,624,330,32,17,1011,36,16,46,1057,212,59,1325,762,369,50,28,1210,21,12,34,1248,242,45,1543,708,344,70,27,1148,17,12,28,1176,275,60,1510,593,320,75,20,999,20,17,36,1036,430,70,1534,341,252,55,12,663,9,13,20,680,633,67,1387,132,97,14,11,256,0,4,4,256,727,54,1043,50,47,14,14,124,0,0,0,123,689,55,869,34,28,5,6,66,0,0,0,66,1349,148,1565,5083,3007,482,234,8802,272,180,454,9256,5878,795,15929,111,378,17,33,532,44,47,88,621,501,75,1196,324,205,20,24,574,59,22,85,658,165,80,905
LGA22490,5821,76,114,191,6011,3117,463,9589,185,307,22,22,536,35,69,104,641,659,38,1343,356,184,22,19,583,40,10,55,636,114,26,778,423,144,36,14,614,16,6,25,641,116,25,777,467,219,51,12,753,22,10,28,783,194,27,1003,702,319,46,13,1076,10,10,23,1098,188,41,1334,801,379,47,20,1247,16,12,33,1280,252,63,1592,757,407,41,21,1230,23,7,36,1269,212,53,1530,738,307,50,24,1121,27,11,41,1157,242,52,1456,575,262,43,16,895,19,11,36,931,355,35,1322,294,261,29,15,604,14,7,20,628,596,60,1276,113,90,14,5,217,3,5,7,227,580,32,834,36,32,3,0,69,0,0,0,76,418,24,517,13,20,6,0,29,0,0,0,29,598,40,670,5461,2934,401,184,8980,233,173,412,9389,4520,521,14426,132,395,26,29,577,44,79,125,700,725,71,1491,398,257,23,22,705,42,22,67,770,143,53,974
LGA22620,28088,393,698,1090,29181,19538,2838,51561,862,2292,157,113,3427,210,319,535,3959,3007,265,7233,2760,1697,216,127,4803,296,155,447,5249,1467,290,7005,3183,1041,206,78,4515,179,82,261,4774,1054,234,6062,2785,1130,231,77,4224,138,88,222,4444,1075,227,5745,2905,1512,193,80,4688,129,76,200,4890,1096,248,6231,3174,1569,153,102,4988,114,69,186,5181,1051,236,6469,3502,1596,171,94,5374,103,69,172,5542,1023,237,6804,3408,1640,241,77,5365,101,54,159,5521,1134,240,6893,2578,1410,220,64,4276,108,82,190,4465,1788,239,6495,1343,1121,164,49,2674,62,49,107,2782,3005,255,6042,319,500,63,28,911,8,9,21,933,3364,259,4556,112,172,19,9,313,0,0,0,314,3190,243,3745,48,105,12,17,187,5,0,3,189,6420,1020,7631,26974,15790,2050,930,45745,1447,1055,2503,48248,28666,3999,80909,530,2227,127,90,2967,191,465,654,3623,3051,391,7066,2572,2237,198,127,5132,374,291,663,5793,1364,425,7583
LGA22670,29677,1008,1369,2377,32051,28761,3749,64563,426,1295,67,129,1911,209,446,657,2566,5623,489,8679,3116,2515,162,317,6114,489,395,882,6995,2691,638,10327,5526,2279,225,323,8361,530,246,773,9134,2629,708,12472,4861,1706,232,215,7016,453,182,639,7655,2478,628,10763,4151,1578,192,222,6140,355,180,530,6667,2300,540,9508,3935,1455,136,209,5736,311,167,478,6212,2111,503,8823,3847,1332,146,202,5524,278,133,414,5936,2020,465,8423,3552,1265,158,183,5160,264,109,375,5529,2286,409,8225,2757,1094,156,129,4137,191,93,284,4425,2898,385,7708,1620,931,124,74,2762,112,75,185,2944,3827,359,7128,478,382,53,28,937,15,15,34,967,4254,361,5586,62,115,11,12,196,5,3,10,203,3797,344,4344,22,47,8,18,89,4,3,8,97,8022,871,8988,34357,16001,1661,2057,54073,3210,2056,5263,59338,44941,6700,110977,265,1654,55,76,2058,179,711,890,2947,5652,419,9021,2750,3502,120,265,6647,689,623,1315,7960,3470,659,12087
LGA22750,64239,989,1701,2695,66931,43377,5636,115941,1305,4098,254,214,5869,410,669,1080,6947,6686,520,14151,5197,3784,331,239,9562,642,372,1012,10571,2494,523,13590,7017,2083,442,188,9727,400,181,582,10316,2098,502,12919,6150,2480,510,169,9304,348,168,513,9815,2290,414,12520,6645,3320,510,179,10660,310,185,494,11148,2525,487,14162,6873,3532,355,225,10988,283,183,463,11455,2324,537,14317,7213,3496,370,221,11302,299,138,440,11735,2223,527,14489,7089,3252,449,184,10976,277,121,395,11367,2344,554,14260,5256,2931,449,129,8759,224,121,343,9110,3689,475,13272,2754,2437,297,77,5566,138,116,253,5811,6398,481,12693,663,1036,112,37,1843,13,29,42,1888,7580,495,9960,142,333,34,26,534,3,9,15,543,7014,503,8060,68,173,24,34,305,0,3,10,316,15515,1699,17527,56380,32954,4137,1930,95405,3342,2285,5630,101029,63176,7715,171922,866,4601,265,187,5920,321,949,1273,7191,6601,653,14449,4890,5006,333,273,10496,685,593,1281,11784,2957,864,15606
LGA22830,14614,242,350,590,15199,10785,2076,28064,470,1227,65,86,1845,147,176,320,2162,1989,207,4366,1582,608,67,63,2315,179,65,242,2559,695,230,3487,1807,472,124,51,2460,146,52,196,2662,712,205,3577,1571,650,123,47,2389,115,40,154,2543,753,185,3481,1784,866,123,71,2837,89,47,131,2968,803,214,3984,2033,940,99,68,3132,102,44,143,3280,736,192,4209,2145,895,113,66,3219,92,37,130,3345,646,206,4195,2049,799,155,55,3056,56,20,79,3140,732,192,4067,1602,784,135,44,2568,56,35,97,2664,943,151,3759,958,684,104,30,1777,32,20,57,1834,1425,134,3397,283,313,40,18,653,0,5,10,658,1797,146,2607,106,125,17,13,261,0,0,0,263,1704,135,2101,50,52,13,17,123,0,0,0,123,3714,434,4271,16433,8410,1172,632,26647,1012,546,1558,28210,16644,2647,47499,374,1225,58,87,1745,118,284,400,2145,1895,283,4327,1387,706,89,73,2253,197,98,295,2550,756,270,3571
LGA22910,3451,57,74,129,3580,3118,605,7309,86,213,16,4,328,33,24,62,388,377,33,801,197,125,10,16,340,21,5,28,364,97,27,489,229,101,13,7,355,23,8,33,380,108,27,519,269,116,25,7,419,25,6,31,449,140,29,622,374,249,28,12,667,19,14,34,703,165,39,901,404,286,36,22,747,26,12,41,785,182,40,1005,469,303,21,18,819,31,15,41,857,191,52,1098,463,291,41,20,813,18,22,40,856,231,60,1147,419,348,40,17,814,11,15,32,846,401,58,1305,256,270,31,8,565,18,14,29,594,582,66,1242,104,96,8,6,216,0,3,6,217,659,67,948,35,28,5,7,75,0,3,3,75,532,44,657,25,15,3,9,46,0,0,0,46,1002,118,1169,3325,2448,279,145,6202,229,144,372,6570,4665,669,11907,62,147,10,14,233,16,26,45,279,331,61,673,201,136,18,25,373,31,10,39,409,80,55,549
LGA22980,1112,15,21,37,1146,1096,172,2417,43,75,4,9,128,4,6,8,137,214,10,360,115,35,0,3,157,6,3,14,169,39,5,213,105,43,9,5,157,10,0,7,173,54,13,234,113,48,4,0,170,3,0,3,178,47,0,227,139,76,8,12,235,0,0,9,243,51,5,306,172,74,3,11,259,10,0,10,262,59,10,330,220,93,12,0,328,3,3,8,333,53,16,392,255,87,17,5,365,0,0,5,370,83,15,465,165,87,12,11,270,7,6,9,281,118,16,419,110,55,13,9,187,3,0,5,193,189,16,397,46,38,8,4,95,0,0,0,95,250,13,364,18,22,0,3,40,0,0,0,40,238,17,293,14,20,4,3,43,0,0,0,43,659,60,766,1529,755,90,57,2436,55,30,81,2517,2057,194,4770,29,54,0,8,95,11,9,17,107,201,14,318,123,59,5,4,186,9,4,10,201,37,8,243
LGA23110,21913,525,598,1124,23033,13541,1785,38359,315,1167,57,67,1612,119,234,355,1966,2681,232,4883,1886,1413,117,151,3565,241,142,382,3942,1014,301,5258,3122,1001,165,118,4403,204,78,279,4688,933,343,5962,3387,979,259,94,4716,169,58,230,4944,968,310,6229,3400,1264,210,92,4963,147,67,213,5176,1126,343,6650,3529,1387,156,73,5149,156,76,226,5376,1055,310,6742,3456,1237,131,93,4918,157,62,218,5140,901,283,6322,3036,1083,153,70,4351,145,58,205,4554,1046,262,5856,2053,840,138,50,3089,105,48,145,3234,1372,256,4854,1077,639,93,28,1839,51,31,73,1913,2042,259,4215,271,266,48,16,599,6,5,11,611,2327,209,3155,55,93,11,11,167,0,0,0,171,2303,229,2697,18,37,14,12,81,7,0,3,84,5024,725,5834,25600,11418,1543,887,39446,1503,855,2355,41801,22797,4061,68661,191,1265,61,30,1545,94,306,403,1948,2525,184,4657,1548,1697,72,110,3431,249,218,475,3904,1001,268,5176
LGA23190,4797,53,85,138,4936,3195,472,8603,234,423,19,19,697,29,51,74,766,538,43,1345,595,176,33,35,842,42,17,56,895,159,38,1094,609,175,40,16,836,20,10,35,875,147,33,1058,484,241,45,12,784,24,10,31,820,179,34,1035,549,307,27,13,900,15,3,22,921,207,37,1170,617,336,29,14,995,22,12,33,1027,163,50,1238,749,311,25,12,1096,17,9,29,1129,167,42,1336,715,324,51,27,1112,16,5,23,1136,209,35,1387,535,271,60,10,877,16,5,24,904,306,57,1265,316,209,48,11,584,9,12,13,600,501,40,1143,96,122,24,0,248,0,0,0,249,601,45,893,51,65,11,3,130,0,0,0,130,621,47,795,31,30,15,3,70,0,0,0,70,1448,239,1757,5583,2988,423,181,9172,204,136,345,9517,5247,758,15515,139,413,14,22,587,23,58,83,664,456,54,1184,509,244,27,19,804,57,20,76,880,174,57,1109
LGA23270,46355,1677,2252,3929,50287,40010,5104,95401,962,2634,167,211,3983,394,598,996,4982,7517,626,13126,4736,2821,206,386,8146,681,273,957,9104,2822,687,12615,5952,1685,336,278,8250,444,151,590,8844,2618,693,12158,5621,1861,354,255,8091,378,175,557,8641,2888,641,12168,5231,2241,281,268,8023,324,164,492,8515,2822,593,11931,5863,2421,273,260,8812,307,184,495,9310,2857,634,12805,5980,2160,260,266,8673,297,139,439,9111,2673,624,12406,5067,1809,247,190,7319,222,94,314,7632,2495,501,10628,3493,1454,190,148,5289,139,71,206,5496,2875,441,8813,1834,1011,145,75,3069,79,43,126,3191,3966,399,7562,473,390,49,40,956,6,12,14,968,4094,349,5408,82,111,6,13,214,0,0,0,219,3430,307,3957,27,49,9,3,94,0,4,9,99,5105,693,5899,45341,20658,2522,2404,70930,3281,1904,5192,76113,46156,7204,129482,696,3103,119,139,4055,368,1098,1460,5510,7869,662,14050,4242,4008,244,343,8838,836,598,1434,10272,3448,817,14539
LGA23350,4200,42,64,105,4310,2579,413,7297,125,343,27,14,504,17,35,49,559,494,33,1087,204,114,14,11,345,32,9,36,387,87,21,497,225,94,23,12,352,18,6,28,380,89,16,484,296,132,31,16,471,9,6,25,495,143,20,659,415,255,34,13,715,16,12,20,742,156,28,919,536,316,37,9,896,25,11,33,931,138,39,1104,685,299,37,15,1030,16,4,20,1054,136,44,1226,693,265,57,16,1022,18,9,24,1052,172,40,1269,589,270,49,8,921,20,12,35,954,251,37,1241,328,259,43,12,639,13,6,17,654,500,55,1203,122,138,28,6,289,0,0,0,294,555,42,887,45,33,6,0,82,0,0,0,82,516,40,645,35,31,3,3,79,0,0,0,79,920,86,1082,4299,2537,389,130,7357,183,111,296,7657,4157,497,12306,96,288,14,14,412,14,36,54,457,429,46,937,250,147,20,13,431,24,21,47,478,83,32,595
LGA23430,40091,645,1012,1660,41753,23974,2480,68202,568,2459,138,110,3267,142,437,573,3846,4153,294,8285,3339,2556,215,211,6313,297,233,531,6847,1407,438,8688,5296,1482,253,162,7191,228,118,344,7538,1066,412,9013,5600,1660,420,150,7825,174,104,275,8104,1308,420,9834,5872,2252,380,137,8640,199,137,329,8970,1606,461,11039,6140,2603,244,148,9138,209,128,335,9473,1455,400,11330,5733,2220,195,140,8289,188,80,261,8551,1252,376,10174,5259,1974,258,134,7623,185,77,262,7885,1424,407,9713,3891,1649,215,92,5843,134,77,207,6055,2015,337,8407,2298,1470,227,67,4061,92,60,154,4218,3414,335,7969,633,739,82,34,1493,14,28,41,1534,4336,320,6185,144,280,22,18,459,0,12,12,471,4277,337,5092,49,157,18,26,244,4,5,7,250,10309,1037,11595,44804,21496,2664,1430,70393,1870,1483,3351,73745,38022,5558,117321,384,2639,111,72,3210,104,653,760,3972,3930,272,8178,2755,3135,141,138,6175,289,368,657,6830,1574,402,8810
LGA23670,39450,643,1129,1776,41227,24592,2296,68114,915,3206,165,187,4475,205,607,817,5287,5371,213,10874,4521,2980,224,248,7972,365,224,590,8564,1441,273,10278,5911,1332,264,168,7662,255,103,357,8020,1055,232,9304,5440,1608,364,134,7541,168,88,256,7802,1436,219,9457,5420,2293,283,142,8141,185,126,311,8453,1657,257,10366,5867,2683,244,190,8987,212,132,344,9333,1517,294,11142,6494,2554,211,174,9431,196,118,314,9740,1376,255,11375,6340,2396,277,151,9168,184,97,280,9453,1431,267,11147,4877,2045,272,111,7300,133,96,233,7538,2155,257,9950,2827,1754,219,73,4874,103,64,168,5043,3485,266,8795,685,702,73,39,1502,13,13,23,1525,4349,244,6113,140,225,15,10,391,0,5,5,397,3873,242,4509,20,110,7,11,148,0,9,5,160,7457,741,8356,49452,23877,2616,1644,77592,2026,1682,3705,81303,36608,3746,121652,584,3131,130,96,3951,140,773,917,4865,4771,273,9913,3719,3381,179,139,7414,425,345,768,8186,1695,313,10197
LGA23810,15948,419,498,914,16861,13575,2455,32889,583,1397,72,78,2129,252,282,535,2663,2330,232,5232,1910,1004,110,105,3131,325,127,457,3592,1009,275,4879,2068,760,168,70,3067,208,70,284,3350,880,255,4487,1685,800,172,62,2712,160,64,225,2938,933,204,4082,1827,931,134,79,2968,169,68,240,3201,859,241,4308,2104,1038,127,92,3355,145,70,217,3574,884,233,4692,2393,1045,146,72,3660,161,64,220,3877,992,228,5101,2293,1061,179,80,3616,139,38,175,3793,1124,211,5126,1820,949,166,49,2987,93,37,126,3120,1476,226,4818,974,654,119,36,1783,64,36,95,1876,2308,217,4404,240,273,39,15,567,4,11,15,584,2554,225,3359,45,109,14,9,181,0,3,6,187,2347,201,2722,26,52,8,9,91,0,0,3,99,4536,469,5096,17965,10087,1454,757,30259,1724,866,2589,32853,22226,3220,58295,332,1328,52,57,1768,202,259,459,2235,1881,302,4409,1624,1102,93,96,2920,378,145,529,3449,923,414,4786
LGA23940,1436,46,30,70,1511,1362,380,3251,36,76,3,0,117,13,3,21,138,243,22,401,94,24,3,8,128,10,4,14,140,51,5,195,104,39,8,3,152,11,3,9,164,58,8,228,114,57,9,6,186,13,3,17,202,69,18,287,146,80,9,0,239,10,0,12,250,77,21,348,206,93,13,4,315,8,8,22,333,104,26,466,210,119,15,5,345,17,4,24,370,91,19,481,305,125,21,10,466,14,4,20,489,145,24,657,281,112,17,7,409,17,10,23,435,184,28,640,165,108,18,5,293,17,5,18,316,336,33,682,85,51,11,0,147,0,0,0,147,353,27,528,38,24,9,5,73,0,0,0,73,317,36,422,36,26,0,7,72,0,0,0,72,675,81,827,1806,935,126,69,2939,131,48,181,3121,2700,348,6167,25,80,5,5,112,11,14,22,134,222,51,410,83,43,6,5,140,15,3,18,153,54,20,231
LGA24130,12311,119,270,387,12695,7270,1120,21092,334,902,52,37,1320,51,122,170,1491,1462,88,3042,894,495,55,46,1486,63,34,96,1583,284,63,1929,862,240,55,23,1191,34,14,49,1236,214,55,1502,965,373,91,31,1462,37,19,56,1522,333,55,1906,1391,724,121,47,2283,29,27,61,2345,479,84,2909,1757,947,123,54,2889,50,30,71,2962,423,110,3498,1803,872,107,49,2819,48,37,83,2903,380,117,3403,1740,786,99,47,2674,37,24,59,2730,419,127,3284,1295,661,108,30,2097,38,16,52,2147,668,109,2920,799,632,95,28,1556,25,24,49,1606,1203,124,2933,272,309,33,17,630,0,9,14,646,1402,113,2158,64,86,12,8,178,0,3,0,175,1092,69,1342,29,37,6,10,81,0,0,0,84,1889,175,2143,12213,7073,949,417,20657,406,372,778,21436,10240,1289,32963,192,837,32,39,1096,39,144,188,1287,1476,153,2921,837,662,40,37,1578,70,44,116,1696,294,132,2118
LGA24210,28291,513,977,1490,29782,22939,1819,54541,325,1999,104,85,2515,77,425,499,3010,4232,143,7383,2440,2409,165,143,5160,218,213,427,5585,1528,181,7296,3526,932,176,113,4747,195,66,254,5006,729,181,5914,3221,910,200,64,4397,139,68,199,4596,865,159,5623,3541,1356,185,96,5181,144,81,220,5398,1124,197,6718,4244,1921,177,105,6449,155,92,246,6698,1270,183,8152,4582,1944,128,137,6786,153,86,240,7024,1157,215,8400,4267,1764,156,107,6285,134,63,195,6482,1279,187,7953,3239,1546,188,91,5059,100,76,176,5233,1620,215,7065,1986,1438,159,72,3659,70,53,124,3783,3062,217,7061,847,888,115,45,1890,9,21,29,1917,4235,223,6376,212,485,43,29,765,0,9,7,768,4503,244,5520,73,183,27,18,309,0,0,0,308,8301,968,9578,32503,17768,1815,1107,53187,1385,1239,2630,55821,33893,3311,93034,182,2051,54,57,2342,56,621,678,3018,4317,204,7542,1877,2642,125,103,4747,220,359,586,5328,1680,219,7224
LGA24250,2285,12,25,35,2322,1621,338,4277,65,178,5,9,260,0,7,12,270,288,23,579,139,62,3,3,211,3,0,5,219,44,9,270,178,43,4,3,232,3,3,4,240,47,19,297,174,87,23,3,281,3,5,9,286,59,23,366,199,100,14,9,324,6,8,11,331,74,14,420,209,145,9,9,369,9,4,12,385,83,17,480,292,137,11,5,454,9,5,16,464,72,22,562,323,180,30,7,538,3,0,10,548,83,27,657,256,176,15,7,460,4,7,9,468,132,18,622,150,168,31,3,357,9,4,14,371,307,29,703,61,75,14,0,146,0,0,0,150,369,15,533,17,24,3,3,50,0,0,0,50,288,21,356,10,14,6,0,32,0,0,0,32,508,47,586,2081,1390,174,74,3716,54,46,101,3822,2344,262,6428,47,148,9,7,213,5,5,10,223,244,29,500,159,57,4,10,230,7,3,11,237,37,28,298
LGA24330,22830,596,707,1301,24131,10133,1904,36173,143,591,46,25,800,72,207,282,1081,2028,246,3362,1597,1716,112,132,3553,215,302,517,4070,1650,619,6339,3855,1498,181,142,5672,264,143,405,6077,1070,745,7893,4104,1188,241,111,5644,202,92,296,5940,1030,571,7541,3585,1315,255,80,5233,178,68,250,5487,1045,405,6935,2865,1078,146,77,4164,152,75,230,4391,860,381,5633,2415,851,80,67,3413,135,65,199,3617,743,348,4706,1975,711,88,61,2841,140,56,198,3036,854,321,4202,1279,520,64,38,1903,94,42,136,2039,1050,257,3347,634,302,46,25,1006,46,38,83,1094,1270,193,2562,150,115,19,12,287,4,9,11,297,1320,159,1784,32,38,8,6,82,0,3,3,88,1366,165,1614,16,33,5,10,61,0,0,0,64,3344,441,3847,22633,9971,1287,779,34672,1509,1099,2608,37275,17633,4857,59767,106,854,37,29,1025,47,335,380,1410,2008,218,3633,1543,2412,103,95,4153,286,521,804,4958,1782,514,7254
LGA24410,29078,411,756,1166,30241,17076,1820,49138,598,2186,126,97,3012,125,424,549,3562,3021,169,6753,2979,1954,153,133,5218,227,142,361,5585,915,149,6646,4204,1061,240,100,5605,149,70,222,5823,851,180,6856,3973,1275,292,93,5627,115,69,183,5812,1177,185,7172,3936,1743,262,97,6035,123,89,210,6246,1164,186,7594,4031,1924,188,101,6248,123,100,223,6469,1066,205,7738,4086,1787,177,102,6154,108,83,191,6349,864,197,7403,3858,1484,207,90,5639,109,43,153,5790,919,177,6891,2948,1341,208,77,4576,89,47,142,4717,1287,163,6157,1682,1252,171,50,3159,68,40,103,3258,2320,166,5744,523,635,59,19,1238,13,9,22,1263,3108,161,4528,91,196,23,12,319,3,5,4,321,2806,187,3317,31,95,18,18,155,4,6,6,166,6555,840,7556,32933,16918,2132,991,52977,1256,1120,2380,55363,26038,2952,84352,394,2288,92,44,2815,106,516,625,3438,3024,212,6673,2458,2291,122,115,4986,241,205,443,5428,974,227,6629
LGA24600,44113,1597,2163,3758,47873,17264,5121,70262,157,974,100,34,1262,38,581,620,1884,3835,573,6295,3662,3738,346,155,7893,458,1206,1658,9552,8046,2005,19613,9729,2331,310,154,12523,512,314,823,13351,2589,1934,17871,6866,1289,297,101,8557,266,126,397,8953,1335,1219,11509,3740,811,178,45,4763,132,58,193,4956,790,754,6505,2569,683,111,52,3413,116,40,157,3569,640,570,4779,2108,602,98,37,2850,98,42,136,2989,581,494,4068,1892,485,72,24,2477,104,38,142,2618,607,415,3634,1540,521,65,31,2165,63,33,93,2257,800,407,3465,949,581,65,22,1618,43,27,74,1696,1105,300,3101,384,331,34,11,763,4,19,21,781,1117,250,2150,138,155,23,7,325,0,3,5,328,941,193,1456,46,101,22,6,171,0,3,3,175,1978,391,2541,33780,12608,1712,672,48771,1837,2490,4327,53103,24364,9517,86984,145,1291,92,139,1667,51,1108,1157,2824,6814,963,10597,3388,5447,329,277,9443,589,2492,3078,12521,14402,2840,29755
LGA24650,37829,1197,1636,2828,40663,23933,3572,68167,681,1689,94,125,2588,251,400,645,3239,3717,326,7274,3119,1530,126,209,4980,394,155,545,5527,1384,375,7291,4715,1175,284,193,6362,281,103,383,6741,1499,392,8631,5149,1665,367,165,7340,257,131,385,7729,1961,438,10128,5201,1794,257,176,7424,222,131,355,7773,1844,394,10009,4378,1655,206,143,6375,208,106,318,6694,1454,364,8512,3746,1259,183,113,5302,136,74,210,5511,1124,304,6936,3139,1067,142,131,4476,116,56,171,4647,1205,282,6136,2398,914,143,71,3523,96,45,142,3667,1704,257,5627,1201,567,103,52,1932,54,43,103,2032,2302,218,4552,254,196,39,18,501,11,5,11,519,2026,184,2729,31,47,4,6,86,0,4,3,95,1515,123,1731,9,21,8,3,36,0,0,4,37,2393,257,2697,34020,13567,1953,1399,50935,2024,1255,3275,54212,24120,3932,82260,588,2365,96,90,3135,249,665,916,4048,4429,406,8890,2891,2230,130,186,5442,535,317,853,6293,1796,528,8619
LGA24780,12270,250,338,586,12857,9017,1889,23768,374,1030,68,56,1533,131,150,289,1816,1678,179,3677,1185,533,50,58,1826,186,68,255,2083,616,169,2868,1287,448,97,35,1877,124,50,175,2044,554,152,2748,1211,549,83,35,1886,103,37,142,2028,588,163,2775,1424,660,84,61,2220,85,53,140,2365,627,160,3157,1646,759,86,52,2548,111,40,147,2698,618,179,3497,1728,721,76,53,2578,78,35,116,2698,594,169,3464,1852,701,102,56,2701,62,38,96,2802,686,166,3659,1376,578,83,37,2079,57,28,84,2162,802,155,3119,790,480,86,45,1406,27,23,52,1455,1433,181,3066,224,212,26,35,499,0,0,3,504,1640,138,2287,73,100,12,16,193,0,0,0,195,1608,160,1957,45,60,8,14,127,0,0,5,130,3474,407,4013,13218,6836,870,548,21471,981,531,1510,22979,14921,2380,40282,306,1016,58,37,1418,109,218,327,1744,1537,244,3523,1208,678,58,46,1995,198,100,299,2296,567,288,3152
LGA24850,10904,216,332,548,11459,6931,1181,19566,340,603,41,48,1032,86,112,197,1226,1362,129,2711,941,383,52,52,1423,102,28,127,1553,350,127,2037,1057,267,87,39,1449,55,25,77,1529,320,120,1969,923,349,62,23,1355,50,28,76,1435,385,103,1925,1173,501,78,42,1795,53,27,80,1871,413,126,2411,1333,552,85,51,2023,50,35,81,2105,400,137,2637,1410,556,71,40,2072,45,26,69,2142,346,137,2626,1275,475,79,33,1866,35,19,59,1922,425,124,2462,928,447,60,28,1463,20,18,40,1506,544,104,2153,533,369,50,10,959,33,13,43,1010,876,108,1998,160,145,18,9,334,0,4,4,339,966,92,1397,33,78,6,9,126,0,0,0,123,799,59,986,25,25,9,6,65,0,0,0,65,1473,158,1690,10136,4751,692,391,15966,527,333,860,16828,8655,1531,27017,283,710,37,42,1066,78,122,204,1272,1419,187,2880,995,550,53,64,1657,101,43,143,1803,503,179,2488
LGA24900,6168,76,123,204,6375,5504,958,12834,233,502,40,33,803,51,51,102,903,810,79,1791,569,194,22,19,811,63,25,90,897,211,41,1152,599,219,50,28,894,42,16,61,960,261,60,1280,566,245,53,19,885,41,19,54,940,267,69,1277,730,367,48,22,1166,33,19,48,1219,279,94,1593,881,401,42,34,1363,33,14,48,1410,256,94,1760,986,410,61,20,1483,30,13,52,1530,290,82,1897,968,376,76,26,1449,34,20,50,1497,356,83,1937,795,377,68,14,1258,31,20,47,1307,526,69,1907,504,335,71,16,928,14,12,26,949,959,99,2014,170,163,18,13,365,6,6,6,364,1244,110,1725,60,61,13,10,143,0,0,0,143,1208,123,1478,47,49,10,14,116,0,0,0,116,2434,328,2879,7109,3697,574,275,11656,377,210,593,12247,9103,1333,22686,209,505,40,35,789,38,50,92,880,737,97,1709,596,279,44,45,957,62,34,96,1052,235,95,1381
LGA24970,43412,1001,1598,2604,46010,31764,3517,81293,363,2604,143,104,3214,106,635,735,3948,6614,358,10922,3621,4443,271,275,8611,447,886,1331,9942,5619,736,16299,6671,2409,293,242,9614,459,235,698,10314,2036,624,12971,5719,1742,349,143,7956,290,137,429,8389,1754,425,10566,5798,2252,324,151,8522,230,145,371,8890,1834,361,11091,6339,2589,214,146,9300,293,153,448,9748,1845,350,11939,6299,2244,201,165,8910,246,137,383,9295,1644,321,11256,5707,2097,221,149,8181,194,103,291,8470,1638,324,10429,4293,1832,242,108,6476,163,93,258,6728,2313,315,9362,2526,1631,232,99,4486,75,81,157,4640,4007,293,8937,825,1050,88,48,2008,16,24,34,2048,5513,279,7839,190,443,43,25,695,3,6,14,706,6012,359,7083,81,225,24,34,367,0,6,8,371,12474,1392,14245,48428,25571,2641,1691,78330,2523,2641,5164,83497,53301,6137,142937,205,2746,124,104,3183,90,1035,1117,4303,7663,432,12403,2712,4966,235,215,8138,407,1261,1662,9806,7282,771,17852
LGA25060,31788,560,790,1348,33140,17918,2119,53172,311,1750,96,62,2219,62,320,387,2610,3221,231,6056,2820,2360,173,164,5515,249,213,469,5977,1283,411,7672,4888,1303,225,123,6542,247,109,350,6898,887,497,8281,4555,1221,301,121,6195,188,90,281,6480,967,447,7886,4260,1635,297,112,6302,154,81,230,6533,1174,363,8066,4359,1825,196,109,6490,160,102,264,6751,1141,358,8253,4140,1593,165,105,6000,145,57,202,6204,960,328,7492,3853,1379,205,70,5513,133,57,187,5697,1000,285,6988,2789,1252,180,70,4294,88,57,145,4444,1450,266,6157,1516,997,114,42,2668,55,40,96,2761,2520,298,5572,439,440,45,35,958,4,6,15,972,3083,271,4323,84,178,17,7,292,0,0,5,300,3330,282,3913,32,79,20,19,151,4,0,4,154,7466,901,8520,34050,16014,2031,1051,53142,1493,1133,2633,55769,28483,4935,89191,208,1933,77,49,2268,79,437,515,2782,3292,273,6343,2326,2936,157,125,5537,251,356,608,6143,1401,438,7982
LGA25150,8801,156,196,348,9152,5402,787,15339,281,548,27,46,897,52,108,153,1050,1002,75,2125,663,362,31,32,1080,72,18,95,1175,225,46,1446,731,221,51,21,1024,26,17,47,1067,217,52,1334,760,277,64,31,1135,28,20,48,1179,266,50,1500,910,386,43,30,1365,45,16,55,1418,354,68,1847,1154,505,57,38,1750,43,24,63,1808,330,84,2221,1208,528,54,18,1809,45,23,64,1877,308,100,2284,1072,396,65,31,1564,37,15,50,1614,357,85,2059,856,440,53,27,1380,25,12,36,1418,460,87,1957,476,308,35,20,832,32,9,38,872,840,81,1795,139,153,19,4,319,6,0,6,320,948,72,1336,35,53,3,7,104,0,0,0,100,673,59,834,28,28,6,4,70,0,0,0,71,1247,147,1466,8298,4188,516,319,13328,401,258,658,13978,7213,1017,22214,226,625,19,26,899,53,107,161,1060,928,102,2082,719,437,29,48,1231,99,42,138,1376,250,90,1714
LGA25250,46010,907,1259,2163,48169,23374,3348,74900,430,1541,85,105,2163,142,380,522,2682,3923,361,6967,3662,3515,280,259,7721,443,452,898,8623,2575,818,12016,7642,2953,385,288,11274,438,260,692,11964,2128,979,15076,7658,2478,560,179,10882,361,162,522,11402,2043,853,14294,6184,2430,451,165,9230,287,173,455,9691,2095,603,12385,5451,2354,281,141,8225,235,130,364,8593,1759,547,10899,4685,1912,197,144,6936,192,88,282,7212,1630,486,9332,3913,1500,260,128,5791,159,77,235,6031,1679,410,8117,2612,1196,150,84,4042,126,54,183,4226,1963,372,6559,1344,866,117,72,2399,59,60,118,2512,2825,360,5696,371,328,49,32,772,8,6,12,787,3490,326,4595,92,141,12,15,261,4,9,12,272,4229,389,4887,50,79,15,18,160,0,5,6,164,10943,1453,12552,44085,21288,2847,1635,69856,2446,1857,4302,74157,41271,7956,123386,263,1749,59,56,2128,163,588,749,2878,3891,348,7113,3172,4635,178,207,8201,466,697,1164,9361,2775,742,12876
LGA25340,37014,438,770,1208,38225,31254,4442,73922,1244,2756,145,181,4330,206,373,579,4906,3835,374,9116,3230,1882,174,203,5490,280,120,400,5889,936,321,7144,3178,1024,191,108,4496,154,60,215,4715,926,261,5899,3045,1376,267,99,4789,151,77,228,5016,1198,234,6447,4094,2183,298,157,6733,143,114,258,6988,1609,388,8978,4824,2712,276,133,7944,172,138,305,8246,1539,464,10253,4990,2497,255,148,7893,151,105,257,8154,1300,450,9900,4794,2424,279,142,7636,152,98,248,7889,1397,423,9714,3713,2208,324,90,6336,148,96,248,6577,2349,343,9278,2326,2147,281,81,4841,89,96,190,5028,4706,462,10197,772,1169,135,39,2109,11,33,45,2161,6521,499,9175,182,442,42,24,691,3,10,18,702,6139,477,7324,63,210,33,32,338,4,0,3,345,12490,1798,14631,36456,23022,2700,1449,63626,1663,1330,2991,66622,44950,6488,118053,859,3000,147,116,4118,171,544,713,4835,3715,396,8950,3076,2257,128,148,5611,270,150,417,6027,985,396,7402
LGA25430,4287,59,98,156,4447,3664,686,8792,94,310,11,21,446,20,31,53,500,504,46,1046,323,135,13,13,483,32,15,45,532,146,29,710,237,100,16,9,354,27,10,28,385,164,27,577,270,162,22,5,459,15,14,25,487,255,18,758,394,236,35,11,670,17,15,27,699,261,29,990,484,347,29,19,882,19,23,41,923,250,43,1216,572,390,36,14,1011,24,17,39,1050,241,54,1341,655,384,41,17,1096,20,17,36,1126,279,50,1456,539,381,46,17,984,23,17,40,1026,414,59,1506,291,303,49,19,654,19,22,34,691,710,65,1462,83,128,10,10,227,0,4,4,234,846,56,1137,39,48,3,5,94,0,0,0,99,753,47,900,21,29,3,9,58,0,0,4,60,1255,304,1624,4005,2951,315,160,7422,205,171,384,7804,6080,843,14721,66,288,14,20,386,16,37,51,439,438,60,930,270,176,8,7,464,29,10,44,510,183,27,725
LGA25490,4059,39,57,97,4158,2523,464,7151,101,355,24,16,492,24,33,52,548,487,31,1064,343,142,22,15,518,30,9,41,562,104,17,685,358,114,29,14,518,21,7,22,537,100,25,660,373,187,30,16,604,10,11,19,627,143,24,792,496,240,26,26,793,18,3,19,810,129,35,974,558,273,26,20,883,20,16,33,919,142,30,1093,631,281,47,27,991,17,8,24,1015,132,56,1199,641,278,45,21,984,25,12,37,1014,150,39,1212,539,281,29,20,873,14,13,26,899,243,55,1198,370,184,25,19,593,11,6,13,614,446,47,1107,151,106,15,13,290,0,5,5,293,492,50,832,78,48,8,17,154,0,0,0,154,397,44,592,50,60,7,20,128,0,0,0,128,855,151,1133,4697,2556,336,243,7823,180,115,295,8119,3833,590,12541,114,253,15,24,402,18,19,36,440,474,66,980,312,153,29,22,513,16,6,24,538,119,62,715
LGA25620,3167,48,63,112,3274,2537,547,6360,74,194,9,12,287,20,20,38,327,352,45,724,221,125,8,8,356,27,9,35,397,70,25,493,262,92,25,19,396,21,3,28,424,65,20,511,280,111,24,8,425,14,8,23,448,123,33,611,352,221,14,12,598,16,8,27,623,157,43,824,428,243,31,17,714,14,15,30,746,167,50,956,473,235,36,18,757,16,7,18,775,141,48,968,477,241,36,26,781,19,14,31,814,180,69,1060,359,261,37,15,671,15,11,20,689,291,41,1019,243,229,24,7,509,12,9,22,530,521,63,1117,101,120,23,11,256,6,0,9,259,614,60,928,42,40,4,3,94,0,0,3,97,470,48,617,33,35,8,8,77,0,0,0,77,820,80,983,3351,2144,275,164,5934,176,107,281,6219,3964,629,10815,86,182,9,13,285,19,24,45,330,315,46,696,221,115,13,11,365,24,18,37,402,70,45,516
LGA25710,16400,181,413,598,17000,8338,740,26073,434,1616,89,60,2200,66,309,372,2573,2329,115,5013,1820,1421,105,86,3428,98,95,188,3619,474,91,4187,1576,401,84,60,2120,68,21,90,2212,332,60,2605,1437,523,136,34,2120,26,29,51,2173,384,79,2643,1973,1066,157,51,3244,42,41,82,3325,577,100,3998,2563,1387,120,67,4131,39,43,81,4214,627,121,4966,2887,1403,98,62,4449,62,37,99,4551,496,103,5152,2987,1321,164,66,4537,58,40,94,4635,519,125,5282,2285,1122,101,44,3553,46,24,69,3627,790,107,4517,1168,858,125,25,2174,29,16,43,2219,1328,109,3660,352,407,38,17,815,0,10,13,829,1438,81,2347,63,136,13,11,220,0,0,0,219,1105,70,1396,25,49,4,6,87,0,0,0,87,1713,204,2000,19574,11700,1229,582,33078,534,664,1197,34275,12122,1370,47765,294,1605,48,38,1988,56,348,402,2386,2070,148,4614,1422,1506,70,51,3043,124,123,249,3291,525,129,3951
LGA25810,2461,49,45,87,2548,2096,461,5101,89,247,4,27,363,21,20,41,408,306,30,746,269,122,8,9,409,38,8,45,457,87,23,569,237,80,19,5,340,17,7,21,362,105,22,488,206,110,17,6,345,13,7,23,362,146,22,531,297,159,16,12,479,14,10,23,497,132,25,662,355,184,25,17,582,14,9,24,604,139,30,778,405,191,24,14,636,21,5,29,664,139,39,845,422,209,23,12,666,10,0,12,679,149,39,865,372,199,30,7,608,13,12,20,627,269,42,941,252,163,20,9,443,10,9,18,463,426,40,923,89,76,15,0,177,0,0,0,174,537,35,744,33,37,3,0,69,0,0,0,75,416,46,538,28,19,0,3,53,0,0,0,53,1003,92,1146,3048,1797,214,124,5178,160,93,255,5432,3853,490,9772,71,194,14,8,293,19,20,41,332,292,35,662,220,124,14,8,357,26,4,32,390,83,34,514
LGA25900,30811,660,638,1303,32117,11318,3066,46502,126,528,35,29,713,36,123,161,873,1409,175,2452,2578,1718,137,98,4530,189,220,407,4939,1114,543,6587,8562,1736,284,125,10702,241,105,348,11058,876,1055,12987,8212,1372,398,113,10096,240,108,350,10452,904,946,12303,5865,1423,369,87,7737,207,79,283,8023,977,725,9727,4375,1341,232,75,6025,186,75,252,6279,879,589,7745,3354,1072,124,55,4604,131,56,189,4791,765,474,6036,2716,947,125,50,3836,125,55,179,4019,898,416,5329,2009,814,119,31,2979,113,61,168,3141,1097,357,4599,1227,897,99,25,2253,64,41,109,2357,1606,350,4314,490,446,45,19,1009,11,13,23,1028,1759,290,3087,95,169,18,11,290,5,3,9,302,1588,210,2099,37,94,8,12,154,3,0,3,159,3204,713,4076,39663,12563,2000,711,54932,1545,944,2490,57423,17072,6830,81328,104,675,28,23,828,23,198,219,1054,1620,221,2894,2206,1949,82,75,4307,190,252,443,4748,1132,671,6551
LGA25990,1425,20,32,54,1480,1346,270,3097,43,66,5,5,122,16,17,28,150,218,9,379,88,35,7,0,130,18,4,23,153,47,3,203,96,41,8,0,148,6,4,16,162,57,13,231,116,55,7,3,183,7,7,11,191,70,13,275,145,79,3,6,234,17,3,19,256,90,17,360,207,97,3,9,318,9,0,12,323,121,20,468,188,87,12,7,296,19,4,23,322,124,15,465,244,92,12,6,360,6,7,17,373,134,17,529,195,116,19,6,333,20,10,30,362,197,20,581,148,92,22,3,263,13,3,15,282,318,32,632,53,56,11,5,128,0,6,6,133,373,22,521,18,26,7,0,45,0,0,0,45,281,8,340,17,13,3,9,41,0,0,0,44,452,47,547,1568,854,112,64,2600,128,63,190,2791,2485,249,5528,33,83,5,3,121,11,10,18,136,174,18,333,104,58,6,6,171,33,7,33,206,36,15,258
LGA26080,650,9,15,23,670,791,105,1560,11,46,9,0,56,0,9,6,71,64,6,135,17,30,0,0,50,6,3,7,58,12,6,76,44,18,3,0,61,0,0,0,64,10,8,80,38,10,0,0,52,3,0,3,53,16,3,76,54,33,9,3,102,3,0,8,105,21,6,136,70,44,6,0,125,4,4,7,131,18,4,158,87,62,6,0,155,0,0,9,158,28,4,192,99,49,9,0,162,0,0,4,166,26,5,192,96,59,18,3,169,3,0,3,181,33,14,227,57,50,15,0,125,3,0,8,136,137,13,284,18,31,3,4,52,0,0,0,52,214,10,277,5,16,0,0,30,0,0,0,33,181,6,217,7,5,0,0,14,0,0,0,14,477,34,525,616,457,72,15,1155,32,20,54,1210,1229,131,2567,6,49,0,0,55,4,9,8,58,68,6,135,18,20,0,0,40,0,5,5,47,17,9,68
LGA26170,6587,71,135,200,6785,5378,849,13017,233,527,33,27,820,24,42,71,886,729,59,1677,580,253,37,27,891,51,10,65,961,180,48,1185,626,213,52,17,905,32,9,44,950,206,37,1191,541,260,49,31,880,29,12,44,918,210,57,1186,734,386,51,18,1191,18,18,37,1226,259,70,1557,828,489,57,25,1398,23,18,35,1440,252,57,1749,968,460,58,37,1528,22,10,32,1564,271,59,1886,939,531,76,38,1583,33,11,43,1627,332,85,2043,826,456,74,17,1379,39,20,55,1436,547,68,2053,557,429,76,25,1086,24,14,40,1127,993,79,2199,185,219,43,20,464,0,4,7,468,1159,77,1703,86,103,13,11,208,0,0,5,213,1008,65,1283,51,68,18,12,153,0,0,0,154,2018,186,2354,7161,4396,625,313,12495,296,176,477,12969,8163,937,22072,160,455,26,31,666,35,59,95,765,774,78,1616,455,290,28,22,796,55,25,83,872,190,84,1151
LGA26260,3719,43,57,98,3819,2847,429,7094,177,325,15,23,540,26,24,47,588,563,32,1183,374,173,21,11,572,33,21,50,620,96,23,743,399,129,26,10,560,25,8,38,597,127,27,755,365,175,36,19,598,9,13,24,625,120,18,760,422,216,34,11,689,14,10,26,711,126,19,854,497,299,25,22,842,28,3,32,871,153,27,1045,588,305,28,20,937,15,8,28,962,141,26,1132,591,295,40,19,938,22,12,28,963,200,32,1200,538,278,50,15,887,15,8,21,910,265,40,1216,364,223,45,15,641,7,7,16,653,467,37,1159,120,134,12,12,281,0,0,5,284,547,43,875,52,64,10,5,130,0,0,0,130,557,43,724,40,40,11,12,105,0,0,0,105,1422,135,1659,4525,2654,363,182,7721,192,117,308,8035,4783,500,13317,106,269,29,17,419,27,29,54,473,485,41,1002,301,176,22,14,507,33,27,62,572,131,39,740
LGA26350,30682,586,678,1264,31944,14566,2396,48902,141,985,56,42,1227,35,219,254,1474,2541,192,4208,2633,2483,197,106,5430,157,368,525,5947,1979,629,8559,7297,1572,248,119,9235,272,132,408,9642,959,875,11479,5799,1112,262,84,7262,165,80,246,7509,780,631,8915,3988,1176,247,63,5481,132,62,189,5675,873,423,6967,3642,1229,146,59,5076,126,56,179,5262,890,385,6532,3171,1062,103,66,4405,106,63,165,4571,794,302,5668,2829,1048,116,55,4057,100,46,150,4205,862,316,5385,2350,993,118,52,3509,74,32,108,3615,1088,299,5004,1552,1064,109,31,2749,48,42,89,2842,1663,275,4778,655,728,55,31,1466,7,16,23,1488,1960,243,3695,219,355,48,19,641,7,9,8,656,2241,244,3133,88,245,35,18,394,0,4,5,400,5465,777,6644,34367,14061,1744,756,50929,1225,1121,2344,53278,22090,5602,80968,113,1090,40,32,1275,34,290,327,1606,2811,272,4680,2536,2968,152,118,5781,178,525,707,6481,2426,650,9557
LGA26430,2390,34,42,72,2467,2087,439,4998,62,120,9,4,196,23,10,27,228,247,12,486,171,69,7,7,251,8,3,15,268,56,18,340,172,52,20,11,253,13,3,20,274,54,12,341,170,84,11,7,277,12,7,13,290,64,25,380,212,98,19,10,342,17,0,13,355,74,19,453,262,126,16,16,411,6,7,12,431,100,30,564,311,156,12,13,488,11,5,15,502,111,40,653,360,179,22,6,574,12,0,13,586,115,26,734,358,176,27,10,569,15,3,22,586,199,38,818,215,166,24,7,409,7,7,18,432,342,50,817,97,85,13,8,208,0,0,0,203,513,33,756,51,47,7,0,107,5,0,5,107,430,29,570,32,36,5,8,80,0,0,0,81,908,104,1096,2469,1392,197,97,4154,122,58,182,4337,3225,439,8008,47,142,4,7,204,9,11,18,222,229,43,488,153,85,10,4,249,14,5,20,270,58,25,353
LGA26490,9207,87,156,249,9455,5251,833,15530,122,472,41,30,653,20,74,92,747,756,67,1568,508,336,38,18,906,29,22,49,951,182,52,1189,597,220,53,12,879,21,20,39,921,150,54,1122,677,292,71,8,1050,25,13,42,1087,224,38,1358,936,501,87,19,1543,23,29,56,1595,296,80,1974,1048,562,77,22,1708,21,29,53,1763,237,97,2095,959,511,57,35,1560,28,22,46,1612,202,84,1896,934,520,95,26,1580,28,21,48,1622,218,73,1917,714,454,85,10,1252,14,17,35,1287,412,76,1773,367,412,69,17,862,14,27,35,906,774,77,1752,112,182,32,10,329,0,3,4,330,825,70,1233,31,73,7,7,109,0,0,0,109,714,48,875,27,27,8,0,54,0,0,0,57,1406,148,1612,7016,4551,705,210,12488,227,267,497,12987,6393,966,20344,108,519,41,21,687,24,92,115,800,771,71,1648,384,449,29,26,884,36,31,65,951,179,78,1202
LGA26610,4546,69,82,149,4694,3235,742,8673,227,324,30,24,603,31,35,66,670,653,84,1405,618,196,18,46,871,46,16,62,941,219,87,1250,574,182,25,35,819,40,15,53,873,232,109,1211,543,209,32,15,802,27,11,45,844,246,69,1154,533,228,33,26,828,30,20,50,880,230,78,1185,607,276,22,26,939,34,21,54,991,217,105,1315,728,273,35,34,1071,29,12,39,1109,210,84,1397,753,244,38,27,1063,19,13,31,1094,233,73,1397,583,255,46,12,896,11,8,22,917,317,68,1302,352,213,40,15,626,10,8,16,641,477,70,1185,112,112,25,13,263,4,8,9,270,632,54,957,38,54,5,6,106,0,4,4,112,641,52,809,33,28,7,0,69,0,0,0,69,1412,173,1653,5715,2596,358,286,8955,286,170,455,9409,5712,1099,16220,125,345,23,18,512,32,23,58,570,573,133,1276,517,224,18,30,795,44,20,63,859,197,143,1193
LGA26670,1345,15,22,39,1381,978,229,2592,46,77,8,9,137,6,12,15,153,219,0,372,91,37,6,4,130,8,0,11,142,31,5,176,81,35,7,5,124,7,5,9,132,49,4,182,82,51,0,3,140,10,0,7,149,46,4,205,147,74,3,5,230,6,9,12,241,61,6,306,200,106,9,6,320,6,4,11,334,59,8,393,259,114,8,9,391,8,3,12,403,49,3,455,258,128,16,3,412,6,7,13,421,64,9,499,195,98,29,13,332,9,0,15,345,117,11,473,142,100,16,6,265,4,6,16,278,199,17,495,90,49,7,3,156,3,0,3,161,240,16,408,20,25,7,0,55,0,0,0,55,215,19,291,30,17,8,3,61,0,0,0,61,467,53,585,1644,903,129,76,2750,74,43,114,2865,1814,149,4831,26,86,10,6,130,5,10,16,143,171,15,328,79,51,0,9,135,10,3,17,148,41,22,212
LGA26700,7018,65,116,180,7204,4866,776,12844,203,638,44,38,926,50,80,127,1052,716,40,1808,534,266,47,29,871,66,26,93,960,184,30,1178,615,207,47,24,895,58,18,75,974,206,49,1228,679,281,57,26,1039,27,26,52,1092,239,46,1380,701,445,55,34,1236,40,21,59,1293,250,35,1582,951,457,40,31,1481,26,18,51,1532,241,60,1837,1026,463,61,28,1576,30,17,46,1625,241,40,1910,1020,458,76,33,1584,28,23,48,1638,272,52,1955,835,439,74,25,1376,29,19,43,1418,437,53,1909,510,359,52,8,934,14,12,20,959,769,70,1792,174,172,16,12,375,0,5,5,381,994,68,1446,81,68,14,13,173,0,0,0,174,934,84,1198,42,45,4,15,104,0,0,0,104,2091,329,2521,7362,4311,595,309,12579,353,266,621,13196,7587,955,21737,171,552,40,25,785,28,61,91,876,649,116,1640,523,321,36,32,913,75,22,98,1006,211,87,1299
LGA26730,8683,92,170,259,8945,5612,884,15433,343,846,42,52,1283,64,148,213,1493,824,111,2431,957,528,44,35,1561,94,43,135,1694,389,93,2183,1050,320,66,20,1460,63,13,80,1533,271,101,1908,895,402,81,27,1400,34,23,59,1456,298,74,1829,893,511,80,27,1509,38,17,54,1562,300,98,1962,1035,544,60,36,1674,39,27,65,1738,309,95,2138,1189,558,53,31,1836,33,23,58,1894,233,90,2213,1108,484,71,34,1695,27,20,44,1741,289,77,2111,797,461,88,17,1369,35,16,46,1417,470,80,1964,447,400,52,15,914,10,10,24,937,804,82,1823,111,137,22,5,278,4,6,9,284,1026,80,1387,26,69,4,7,102,0,0,5,104,931,89,1121,6,32,0,9,47,0,0,0,47,2190,376,2619,8850,5286,668,319,15122,431,351,779,15905,8343,1441,25688,220,900,32,41,1197,58,126,185,1378,729,139,2250,886,609,55,45,1595,104,59,159,1755,313,148,2216
LGA26810,9415,180,228,405,9821,7702,1368,18895,358,760,49,36,1205,79,98,181,1383,1374,113,2867,952,392,64,43,1445,107,37,145,1592,414,76,2083,1041,354,95,40,1536,71,29,96,1635,616,101,2349,949,402,83,24,1453,65,29,96,1546,569,109,2230,1022,517,82,34,1651,49,40,86,1737,556,92,2389,1155,612,79,49,1892,48,29,73,1964,539,107,2614,1388,608,84,33,2113,49,19,71,2186,524,115,2813,1470,694,115,44,2318,55,31,86,2402,562,120,3086,1270,653,124,25,2075,50,23,76,2150,857,137,3143,750,498,99,21,1360,37,29,63,1429,1440,145,3021,218,214,31,18,471,3,5,7,482,1526,123,2130,83,95,18,6,198,0,0,0,198,1392,123,1711,64,59,12,13,150,0,0,0,150,2675,313,3141,10719,5859,931,377,17890,609,367,976,18863,13036,1680,33579,235,698,29,43,1002,59,119,179,1184,1172,161,2516,889,462,37,35,1431,112,42,159,1586,391,169,2139
LGA26890,853,6,14,22,877,621,154,1653,35,39,3,0,82,5,9,12,91,130,0,226,76,25,4,3,114,11,0,11,125,25,5,147,82,38,12,0,135,0,0,4,139,33,6,178,71,26,6,0,111,3,0,3,111,40,3,154,90,59,9,0,158,4,0,4,162,48,10,224,151,68,9,6,236,3,3,7,241,33,8,282,190,67,13,8,279,3,0,4,278,39,7,329,175,70,17,6,262,7,3,7,271,54,9,342,164,64,9,5,238,0,4,4,238,77,8,329,110,58,11,4,184,0,0,5,192,114,3,310,54,50,9,7,114,0,0,0,114,132,10,256,36,27,0,0,61,0,0,0,62,158,17,241,13,29,8,4,52,0,0,0,55,345,43,443,1252,625,104,54,2038,36,21,59,2097,1218,141,3455,25,37,7,0,75,12,4,14,88,122,4,214,77,33,8,8,120,9,3,9,127,17,6,151
LGA26980,40743,781,1414,2192,42937,28238,3029,74202,341,2665,147,101,3254,93,571,661,3915,5006,254,9179,2898,3659,237,177,6972,269,599,864,7834,3597,538,11971,5468,1896,241,167,7760,321,217,533,8295,1573,452,10321,5137,1658,397,108,7303,205,108,311,7613,1416,354,9386,5401,2286,373,124,8187,173,126,294,8484,1778,312,10572,5832,2739,263,159,8994,204,127,328,9322,1643,318,11282,5635,2401,192,129,8356,197,90,290,8647,1319,309,10278,5253,2057,251,118,7681,181,86,267,7948,1457,293,9699,3764,1790,236,91,5893,135,74,206,6097,2069,272,8438,2244,1760,185,46,4236,85,69,158,4394,3244,236,7872,743,962,78,28,1816,19,31,46,1868,4459,262,6579,145,390,31,7,574,5,10,14,589,4911,315,5811,49,203,18,14,293,0,8,4,297,11928,1591,13813,42918,24485,2642,1272,71324,1871,2114,3986,75305,44391,5503,125200,279,2895,128,66,3373,87,899,985,4356,5683,312,10348,2501,4325,178,151,7160,329,882,1213,8374,4233,509,13116
LGA27070,50172,1270,1855,3126,53300,34448,4278,92021,798,2389,133,174,3494,285,533,815,4316,5512,421,10249,4559,2639,224,291,7706,507,279,781,8493,2172,509,11175,7203,1890,375,307,9770,375,135,511,10281,1976,551,12803,6401,2039,426,228,9096,306,146,449,9551,2297,513,12362,5954,2376,305,247,8875,256,166,425,9298,2305,445,12050,5795,2424,223,211,8657,250,140,393,9050,2082,478,11606,5411,2061,224,214,7913,208,116,322,8237,1845,415,10502,4630,1818,214,173,6830,163,72,236,7065,2045,427,9537,3391,1383,208,113,5097,121,65,179,5275,2739,394,8405,1752,940,144,86,2922,68,52,124,3044,4085,321,7450,445,345,48,19,854,3,12,10,865,4187,281,5339,66,92,10,8,182,0,3,3,188,3734,271,4182,28,49,4,10,90,0,4,3,93,5940,964,7007,46436,20429,2561,2069,71491,2545,1720,4263,75754,40924,5980,122664,615,3002,125,122,3865,279,891,1169,5033,6128,444,11609,4032,4018,226,243,8519,659,600,1261,9781,3081,668,13525
LGA27170,10159,188,218,411,10572,6427,845,17840,462,750,51,28,1298,93,134,230,1530,1145,97,2764,1317,553,72,54,1994,115,62,179,2168,373,100,2648,1241,378,107,27,1751,64,41,103,1858,380,89,2326,1126,440,85,47,1696,56,23,81,1777,406,83,2265,1166,506,75,39,1784,53,42,89,1877,396,87,2359,1303,538,50,32,1924,49,34,81,2006,382,87,2477,1299,527,67,34,1924,46,36,81,2010,315,81,2401,1183,470,81,20,1755,37,21,52,1807,364,60,2229,986,452,66,25,1525,31,24,57,1577,487,69,2138,467,304,50,13,841,23,12,34,869,947,55,1872,110,139,16,11,277,0,3,5,284,1044,49,1374,22,52,8,0,89,0,0,0,92,869,61,1020,14,20,0,0,39,0,0,0,40,1716,180,1940,10702,5137,721,331,16887,579,431,1002,17894,8822,1091,27804,392,797,35,27,1258,79,175,253,1515,1014,153,2679,1254,585,59,44,1945,134,65,201,2148,359,197,2694
LGA27260,61093,2430,2714,5142,66235,36275,6095,108604,924,2533,131,130,3718,342,547,887,4611,5601,497,10706,4466,2513,234,230,7442,536,277,819,8263,2186,572,11023,7581,2020,398,233,10228,558,210,769,10998,2481,698,14183,8375,2293,468,225,11359,441,204,646,12004,2886,725,15621,7603,2413,405,218,10637,355,188,535,11178,2516,658,14353,6886,2367,284,217,9750,304,139,445,10196,1939,596,12729,6126,1954,251,167,8499,293,109,401,8901,1546,494,10943,4922,1585,244,135,6891,181,85,269,7155,1605,386,9150,3364,1167,213,116,4861,161,80,243,5104,2034,357,7492,1634,930,155,64,2789,75,60,132,2921,2821,352,6096,429,331,37,22,819,8,12,17,837,2885,252,3972,66,85,9,14,173,4,4,15,181,2324,224,2726,26,39,5,17,93,4,0,4,97,3679,490,4261,52402,20236,2834,1793,77255,3268,1913,5182,82436,34510,6309,123256,601,3130,98,129,3956,331,1029,1362,5318,6845,577,12737,3964,3890,204,268,8320,821,675,1497,9823,2826,730,13374
LGA27350,28687,477,567,1042,29727,9600,2003,41333,92,578,40,26,736,34,140,177,914,1346,194,2446,2073,1943,162,86,4261,159,247,408,4667,1183,486,6337,7073,1834,248,94,9251,272,128,406,9655,856,824,11331,6313,1367,361,67,8109,160,87,252,8357,886,694,9940,4040,1179,271,60,5546,160,67,229,5776,848,528,7152,2886,1010,157,47,4107,117,69,183,4286,807,438,5530,2329,782,123,51,3284,113,57,176,3459,691,323,4476,1999,746,93,38,2873,86,43,127,2999,716,301,4012,1473,664,85,38,2262,69,44,107,2366,933,255,3556,932,641,65,17,1655,41,25,66,1721,1254,236,3220,308,330,36,6,685,4,13,17,703,1392,188,2281,57,128,12,0,195,0,4,5,204,1277,165,1649,20,55,14,3,81,0,4,4,88,2894,419,3399,29590,11248,1662,535,43040,1213,941,2154,45194,15089,5048,65332,76,718,21,24,842,37,189,224,1067,1414,233,2717,2114,2320,114,90,4641,197,328,522,5161,1212,670,7048
LGA27450,38658,493,930,1425,40083,22479,2386,64947,1267,3051,190,180,4683,203,555,758,5434,4738,294,10467,4404,2379,227,226,7240,330,156,489,7733,1183,316,9226,4615,1256,263,132,6266,187,80,265,6530,1104,296,7928,4185,1729,318,115,6354,129,99,228,6583,1452,283,8319,4864,2418,321,153,7752,142,106,247,8003,1672,348,10028,5479,2761,280,195,8715,151,115,267,8981,1574,365,10923,5843,2746,316,157,9065,147,91,235,9299,1316,350,10964,5652,2646,371,172,8849,122,81,203,9051,1442,367,10864,4413,2265,312,111,7103,123,64,189,7288,2168,312,9773,2646,2043,284,89,5056,82,62,143,5196,3640,355,9194,748,913,108,38,1811,3,21,30,1840,4377,277,6495,146,297,30,8,475,5,7,10,482,3586,252,4327,62,123,18,16,219,0,5,5,222,6166,789,7176,44321,24633,3028,1602,73581,1632,1429,3064,76645,34419,4613,115675,889,3053,132,117,4193,178,655,829,5027,4377,354,9764,3706,2714,165,141,6737,349,244,596,7334,1184,396,8914
LGA27630,1243,7,18,29,1276,1245,253,2765,46,95,8,0,145,15,11,22,172,261,26,456,122,42,8,8,176,12,5,16,189,55,8,255,120,30,10,5,157,3,0,3,162,72,11,246,91,61,12,0,165,6,0,6,167,58,8,236,133,66,11,7,220,7,0,9,228,81,22,330,188,95,12,9,301,12,0,14,310,90,33,438,250,124,12,5,390,3,0,8,397,85,31,511,314,116,20,8,450,9,7,13,462,114,32,606,217,97,14,4,331,6,7,9,341,145,30,518,147,86,15,4,247,6,4,14,264,215,39,512,63,50,10,0,122,0,0,0,123,310,20,454,37,27,0,5,68,0,0,0,68,264,24,360,21,23,11,3,67,0,0,0,67,780,90,931,1749,911,131,59,2848,74,37,110,2958,2521,362,5848,23,70,7,0,101,7,6,15,119,224,24,366,107,68,10,6,187,15,9,22,205,50,19,283
LGA29399,234,0,4,4,238,54,121,418,20,10,3,0,30,0,0,0,30,9,12,45,70,23,0,0,94,0,0,0,92,11,15,110,75,26,0,3,110,0,0,0,107,0,18,128,48,8,0,0,58,0,0,0,58,4,12,74,37,4,0,0,44,0,0,0,44,0,4,51,29,3,0,0,33,0,0,0,33,4,7,49,19,7,0,0,31,0,5,5,31,0,3,43,20,11,0,0,36,0,0,0,36,8,3,42,19,7,0,0,24,0,0,0,24,16,6,42,15,0,4,0,25,0,0,0,25,9,7,39,7,0,0,0,10,0,0,0,10,8,0,23,0,5,0,0,8,0,0,0,8,11,0,14,0,3,0,0,3,0,0,0,3,8,4,15,377,111,10,6,508,3,5,7,517,82,80,672,13,8,0,0,20,0,4,4,26,9,12,38,57,12,0,3,74,0,0,0,79,5,28,103
LGA29499,771,105,79,191,961,1228,1186,3373,42,50,0,5,100,34,39,69,168,215,110,495,247,140,18,12,420,83,43,126,547,290,204,1037,335,146,23,14,505,98,27,127,633,276,220,1129,271,93,22,13,399,75,20,94,491,212,170,869,177,85,15,9,287,57,16,78,363,216,181,757,143,55,18,11,222,53,12,64,283,184,193,661,106,42,9,5,169,40,6,50,215,184,132,527,97,45,9,4,160,37,13,42,200,159,115,475,66,39,0,0,111,29,5,31,143,198,67,406,33,30,7,7,73,18,6,16,89,205,44,347,14,5,5,3,29,0,0,0,26,183,35,247,8,4,0,0,8,0,0,0,8,111,30,156,0,0,0,0,0,0,0,0,0,126,40,170,1533,745,127,79,2481,510,190,698,3179,2556,1535,7267,30,29,0,3,69,22,32,48,117,164,74,357,133,134,6,10,292,51,61,110,397,282,216,899
LGA29799,0,0,0,0,0,0,3,6,0,0,0,0,0,0,0,0,0,0,0,0,0,0,0,0,0,0,0,0,0,0,0,0,3,0,0,0,3,0,0,0,3,0,0,3,4,0,0,0,4,0,0,0,4,0,0,4,5,0,0,0,5,0,0,0,5,0,0,4,0,0,0,0,0,0,0,0,0,0,0,0,3,0,0,0,10,0,0,0,10,0,0,7,4,0,0,0,5,0,0,0,5,0,0,5,4,0,0,0,4,0,0,0,4,0,0,7,4,0,0,0,4,0,0,0,4,0,0,4,3,0,0,0,3,0,0,0,3,0,0,5,0,0,0,0,0,0,0,0,0,0,0,0,0,0,0,0,0,0,0,0,0,0,0,0,31,0,0,0,30,0,0,0,30,0,0,38,0,0,0,0,0,0,0,0,0,0,0,0,0,0,0,0,0,0,0,0,0,0,0,0
LGA30250,72,12,4,21,85,316,37,440,0,0,0,5,9,3,8,11,19,80,11,106,12,10,0,0,28,3,7,11,44,86,8,133,14,5,0,0,21,3,6,9,32,51,4,82,20,7,0,3,32,0,3,12,39,67,9,114,22,8,5,3,33,8,0,7,34,69,7,117,30,0,0,6,34,4,9,10,49,47,7,97,12,7,0,4,23,6,0,7,28,26,8,60,13,0,0,5,20,0,0,0,25,33,3,61,13,4,0,0,17,0,0,0,17,30,4,45,9,3,0,0,10,0,0,0,8,12,0,18,5,0,0,0,10,0,0,0,10,25,3,36,0,0,0,0,0,0,0,0,0,4,0,6,3,0,0,0,3,0,0,0,3,8,0,15,154,49,3,21,231,30,33,68,303,540,55,904,9,0,0,0,14,10,5,13,24,63,0,87,18,3,0,3,21,17,6,23,43,63,8,117
LGA30300,985,22,13,42,1026,519,168,1714,65,50,6,3,121,12,10,16,140,94,12,242,117,29,3,3,158,12,7,20,175,55,19,248,142,43,8,4,200,14,0,11,205,56,14,283,160,52,9,12,230,4,3,8,240,58,25,323,154,62,3,13,232,9,0,9,234,46,16,298,209,57,5,15,283,9,0,11,289,43,20,357,177,69,5,21,269,5,0,11,281,42,17,342,192,52,11,8,267,3,0,0,271,39,26,334,142,44,8,7,206,6,0,4,213,45,20,276,132,38,12,0,186,0,3,3,190,69,26,281,57,17,5,0,75,0,0,0,78,85,16,180,19,10,3,0,36,0,0,5,40,95,8,139,24,12,0,0,36,0,0,0,36,165,11,215,1601,545,77,77,2298,73,25,98,2396,892,220,3511,47,65,5,7,117,9,5,16,136,100,32,266,104,40,10,3,153,12,4,17,166,28,17,207
LGA30370,3189,54,37,86,3279,1554,720,5556,244,211,16,17,480,22,15,42,523,269,34,820,485,107,21,12,616,21,10,25,647,106,50,804,571,161,42,17,798,18,9,22,819,152,54,1026,543,182,36,19,775,13,14,24,803,172,45,1022,573,186,31,19,812,11,10,18,832,146,37,1012,592,177,15,31,814,7,4,10,823,113,52,988,637,197,37,21,893,14,5,18,911,97,47,1049,583,174,39,23,823,5,3,11,841,131,41,1004,461,133,36,19,645,4,5,10,659,176,30,864,294,89,19,10,412,6,0,9,422,229,27,677,148,56,11,10,221,0,0,0,228,291,30,547,75,35,5,7,127,0,0,0,130,311,54,489,50,29,11,13,107,0,0,0,107,551,95,748,5249,1753,321,210,7528,130,76,201,7729,2733,592,11051,182,215,9,9,416,27,22,51,467,247,59,774,419,114,23,15,569,32,15,42,614,108,60,781
LGA30410,689,8,14,22,712,320,121,1156,47,45,6,8,101,3,3,9,112,62,5,176,107,18,4,5,138,0,0,0,138,30,12,176,108,36,7,3,157,4,0,4,157,30,23,208,100,22,8,6,138,9,0,4,144,24,7,175,108,38,7,3,151,10,0,9,159,22,12,194,149,50,4,3,209,6,0,4,212,23,17,247,164,34,5,8,208,0,0,0,210,32,17,255,133,39,0,7,174,4,0,5,177,27,15,218,115,24,11,0,150,7,0,7,155,35,15,203,74,14,5,4,95,0,0,0,99,56,9,168,38,15,4,4,61,0,0,0,61,97,10,165,29,9,7,0,44,0,0,0,44,88,12,139,14,4,0,0,21,0,0,0,21,156,19,192,1187,339,63,48,1642,30,10,38,1682,673,165,2518,41,24,0,0,67,0,0,0,64,48,11,122,97,26,0,4,128,0,6,11,134,9,10,153
LGA30450,84,0,0,0,87,21,16,123,6,0,0,0,7,0,0,0,8,5,0,13,20,7,5,0,25,0,0,0,25,0,0,24,13,0,0,0,15,0,0,0,15,0,0,19,11,7,4,0,18,0,0,0,22,0,0,21,15,0,0,0,19,0,0,0,19,0,5,21,21,0,0,5,25,0,0,0,22,0,0,22,25,5,0,5,36,0,0,0,36,4,0,44,15,5,0,0,21,0,0,0,21,4,5,28,16,4,0,3,22,0,0,0,22,4,0,32,13,5,0,0,18,0,0,0,18,7,0,23,7,0,0,0,8,0,0,0,8,11,0,21,0,0,0,0,0,0,0,0,0,8,0,6,0,0,0,0,0,0,0,0,0,7,0,15,156,37,14,19,219,0,3,5,223,57,10,291,11,0,0,0,11,0,0,0,11,0,0,13,14,0,0,0,14,0,0,0,11,3,4,20
LGA30760,470,5,9,9,480,259,64,803,28,30,3,0,65,3,3,4,68,31,4,106,58,24,10,0,87,0,0,4,95,18,0,111,81,21,0,0,104,3,0,3,109,26,12,142,61,18,8,3,91,0,0,0,97,21,10,123,72,38,4,0,112,3,0,6,116,9,5,137,67,22,0,5,101,0,0,0,101,29,7,141,83,28,3,4,121,3,0,3,127,18,4,150,91,31,6,0,129,0,0,0,133,29,0,161,90,21,7,3,121,3,0,6,124,33,11,168,74,20,0,3,102,0,0,0,103,55,9,163,28,13,3,0,41,0,0,0,41,80,7,135,14,7,0,0,16,0,0,0,16,54,0,72,10,5,0,0,7,0,0,0,7,128,11,154,757,292,46,24,1114,22,12,31,1141,532,89,1766,12,22,0,0,37,0,0,0,40,35,3,80,37,13,3,0,51,3,0,3,51,8,3,65
LGA30900,108,0,0,3,111,40,19,171,20,0,0,0,23,0,0,0,23,13,6,43,27,0,0,0,35,0,0,0,31,9,0,42,28,3,0,0,29,0,0,0,36,7,4,41,9,9,0,0,18,4,0,4,19,8,4,24,11,0,0,0,11,7,0,7,16,9,0,30,16,6,0,0,23,0,0,0,22,5,7,36,15,6,0,0,23,0,0,0,26,4,0,33,18,3,0,5,24,0,0,0,23,4,7,36,25,3,0,5,32,0,0,0,27,4,0,33,10,0,0,0,12,0,0,0,12,0,0,15,0,0,0,0,3,0,0,0,3,8,0,14,0,0,0,0,0,0,0,0,0,6,0,7,0,0,0,0,0,0,0,0,0,4,0,9,188,28,5,10,234,9,0,13,251,96,27,369,13,6,0,0,17,0,0,0,17,7,0,20,26,4,0,0,28,0,0,0,28,6,3,35
LGA31000,326148,6742,9096,15832,341984,162433,21295,525710,5746,21180,1101,872,28898,1706,4179,5889,34789,30409,2592,67790,32884,25547,2126,1423,61979,3133,3173,6312,68287,18284,5081,91655,52543,15606,2548,1218,71917,2677,1336,4011,75928,12105,5488,93526,46917,13572,3189,925,64603,1858,967,2822,67432,10996,4204,82637,44368,15410,2681,992,63449,1574,866,2437,65885,11604,3664,81157,43159,15780,1814,937,61693,1509,782,2289,63982,9960,3278,77220,40515,13519,1504,926,56461,1402,622,2028,58488,8860,2945,70294,36442,11821,1637,746,50651,1185,536,1718,52368,9398,2714,64482,27222,10189,1572,554,39527,940,440,1384,40914,12939,2379,56230,16364,8645,1336,424,26767,574,359,931,27697,20024,2207,49929,4702,4548,534,177,9956,93,149,240,10199,23990,1712,35896,1059,1738,175,88,3060,23,54,75,3138,22088,1671,26888,359,852,94,110,1420,13,21,32,1455,50409,6505,58372,352271,158405,20318,9397,540387,16685,13490,30174,570565,241072,44442,856079,3913,22476,919,642,27950,1530,6132,7664,35618,31482,2851,69948,29498,30579,1543,1241,62854,3697,4654,8352,71209,21195,5884,98283
LGA31750,87,0,0,0,87,21,7,116,11,0,0,0,16,0,0,0,16,7,0,25,22,6,0,0,29,0,0,0,29,4,0,31,29,3,0,0,27,0,0,0,27,6,3,36,29,3,0,0,33,0,0,0,30,5,0,38,25,0,0,0,26,0,0,0,26,0,0,28,15,0,0,0,15,0,0,0,15,0,0,18,19,3,0,0,20,0,0,0,20,3,3,31,28,4,0,0,30,0,0,0,30,4,3,34,17,0,3,0,22,0,0,0,22,0,3,26,8,0,0,0,8,0,0,0,8,6,0,13,8,0,0,0,6,0,0,0,6,6,0,13,0,0,0,0,0,0,0,0,0,11,4,10,4,0,0,0,4,0,0,0,4,6,0,10,204,26,7,0,240,0,0,0,238,55,27,319,8,0,0,0,11,0,0,3,10,3,0,21,12,3,0,4,17,0,0,0,17,0,0,23
LGA31820,19330,547,645,1197,20527,19364,2707,42594,772,1653,103,100,2627,311,272,588,3210,2415,289,5916,1769,762,81,93,2698,381,102,485,3185,836,274,4296,1862,716,131,85,2791,243,117,361,3155,891,239,4290,1758,856,111,69,2808,191,95,283,3090,942,210,4241,2176,1085,110,73,3448,184,102,290,3734,1038,272,5038,2588,1249,148,73,4066,210,92,303,4367,1092,295,5757,2853,1239,147,93,4327,199,93,292,4621,1316,324,6260,2759,1227,165,94,4248,188,84,268,4514,1502,291,6316,2165,1023,171,61,3422,168,66,233,3655,2261,289,6201,1318,811,135,56,2325,105,78,183,2505,3692,291,6485,383,356,42,32,817,14,11,21,843,4551,326,5721,109,141,18,21,287,3,3,4,295,3943,292,4521,52,64,13,27,150,0,0,0,156,6306,884,7344,20567,11192,1389,871,34015,2208,1109,3315,37332,30781,4275,72383,527,1738,65,64,2395,347,374,717,3115,2182,326,5621,1679,1005,87,68,2846,416,161,577,3418,902,340,4661
LGA31900,3591,52,76,130,3719,2585,605,6907,232,299,19,13,566,30,31,60,627,400,57,1080,486,134,13,11,650,32,3,44,690,96,34,822,436,134,22,13,604,29,15,41,647,171,39,849,476,170,23,16,688,13,16,26,712,171,47,932,555,216,22,17,804,13,14,30,839,177,59,1074,617,263,15,24,924,17,14,25,950,129,64,1142,637,229,27,24,909,21,7,28,935,187,75,1194,670,226,32,18,943,22,11,30,977,190,71,1241,597,214,29,18,860,11,11,28,881,278,49,1203,401,157,26,22,606,8,9,18,626,486,39,1151,140,104,9,13,274,0,4,0,270,611,58,938,57,47,6,4,119,0,0,0,114,571,61,746,26,27,6,7,62,0,0,3,67,1177,133,1374,5335,2227,245,206,8012,203,132,339,8350,4638,774,13761,186,295,25,17,518,41,30,72,590,391,55,1029,462,167,15,23,668,45,18,70,739,110,69,910
LGA31950,74,0,0,3,72,33,29,144,13,5,0,6,17,0,0,0,17,4,4,20,33,9,0,0,37,0,0,0,40,0,9,45,19,3,3,3,28,0,0,0,26,0,8,39,16,10,0,0,29,0,0,0,29,4,16,54,24,0,0,0,29,0,0,0,29,4,6,40,19,0,0,4,27,0,0,0,33,3,7,44,25,0,0,3,33,0,0,0,33,9,4,43,21,5,0,0,31,0,0,0,31,10,6,48,18,5,0,4,27,0,0,0,27,11,9,41,21,4,3,0,24,0,0,0,24,11,4,29,7,4,0,0,6,0,0,0,6,6,8,14,0,0,0,0,0,0,0,0,0,4,6,4,0,0,0,0,0,0,0,0,0,0,0,6,213,40,12,19,290,0,0,6,294,56,81,433,7,0,0,0,7,0,0,0,7,9,5,16,15,0,0,0,16,0,0,0,18,4,6,26
LGA32080,40248,952,1203,2158,42409,20784,5859,69054,1320,2815,160,188,4488,438,412,851,5338,3735,727,9796,3512,1585,207,192,5493,504,200,712,6206,1474,832,8510,4899,1550,322,176,6943,394,161,565,7506,1439,894,9840,4917,1817,404,132,7275,332,159,488,7767,1710,840,10317,5550,2308,333,154,8352,341,161,497,8848,1760,846,11456,5837,2342,319,187,8682,322,160,484,9162,1497,843,11508,5727,2175,300,157,8357,317,141,454,8818,1442,751,11011,5302,1880,314,125,7624,249,99,352,7969,1521,761,10249,3942,1633,283,101,5962,216,72,287,6248,1916,657,8821,2341,1301,213,70,3924,158,82,241,4165,2862,548,7579,720,620,83,38,1457,24,12,40,1494,3410,395,5297,174,220,15,15,424,0,3,7,426,2731,288,3452,70,112,21,15,223,3,0,5,227,4669,773,5666,44311,20354,2975,1558,69198,3309,1668,4974,74179,30180,9141,113504,882,2990,129,91,4092,358,644,1003,5090,3950,763,9803,3416,2124,171,145,5865,514,292,802,6662,1548,940,9149
LGA32250,406,16,11,26,432,252,83,768,44,10,0,0,52,7,3,10,59,28,18,108,58,9,0,3,76,3,0,3,82,23,32,133,67,10,6,3,82,9,0,9,93,32,22,150,72,15,5,4,91,5,0,5,97,19,21,136,50,14,11,8,75,4,0,4,79,18,19,120,68,15,3,4,96,0,0,3,99,26,25,146,89,19,4,3,112,3,0,5,122,32,23,176,74,21,0,4,105,3,3,8,108,37,26,174,51,10,3,3,67,0,0,0,66,29,19,113,40,12,3,0,53,4,4,8,61,59,21,136,23,8,0,0,27,0,0,0,28,62,9,104,4,0,3,0,8,0,0,0,8,44,11,62,0,4,0,3,5,0,0,0,5,40,11,59,634,135,47,36,849,41,6,48,905,450,262,1611,27,8,0,0,42,3,3,8,45,49,12,99,45,16,0,9,69,10,0,12,76,40,16,137
LGA32260,5746,168,152,314,6068,4591,1126,11786,321,485,28,52,880,70,46,119,1005,658,99,1752,596,233,31,50,906,74,31,103,1011,246,90,1348,624,273,36,47,978,53,36,86,1064,235,110,1413,586,290,41,32,953,40,24,66,1021,278,66,1368,751,335,31,42,1159,42,27,69,1230,292,86,1611,930,415,43,42,1429,60,25,86,1516,253,88,1862,1071,446,52,48,1617,62,29,88,1698,325,112,2132,1141,470,80,41,1727,54,16,64,1795,397,111,2301,877,389,75,31,1370,37,26,61,1432,529,95,2058,542,238,40,24,851,29,15,44,895,813,113,1824,172,129,23,11,333,5,3,4,340,1050,91,1481,78,68,8,5,164,0,0,4,166,902,89,1158,45,33,9,8,101,0,0,0,100,1652,200,1950,7740,3799,495,433,12471,526,280,802,13273,7627,1354,22255,203,446,19,33,706,66,64,121,831,616,113,1561,616,303,20,28,961,91,32,128,1091,213,127,1435
LGA32270,6397,115,103,218,6620,2425,1028,10070,512,501,26,44,1089,53,45,95,1185,545,162,1898,1180,214,57,44,1489,42,13,55,1548,206,196,1947,1486,312,92,42,1927,31,6,42,1972,343,201,2515,1295,303,84,33,1720,21,10,32,1749,359,196,2302,1267,406,66,48,1795,17,13,28,1829,281,183,2293,1281,403,57,46,1782,16,5,22,1810,202,191,2207,1302,314,62,33,1706,22,10,31,1738,194,182,2120,1152,273,61,41,1521,23,10,35,1554,215,161,1932,847,200,65,26,1139,16,3,18,1160,274,125,1559,448,133,34,15,634,7,6,14,642,347,115,1110,182,70,13,13,273,3,0,3,277,364,78,716,72,30,10,6,121,4,3,0,119,301,72,493,39,12,12,5,68,0,0,0,68,381,106,559,11068,3182,627,401,15271,252,139,384,15659,4017,1976,21651,244,437,28,18,728,72,55,133,860,531,176,1570,851,292,53,17,1212,73,27,100,1313,184,221,1716
LGA32310,2370,57,67,119,2491,1702,599,4790,163,208,17,11,400,33,32,61,460,384,40,892,314,78,12,15,419,32,10,47,459,89,30,578,309,98,23,20,441,29,12,39,483,131,40,655,295,109,23,17,438,25,14,35,480,134,43,654,380,146,24,25,573,19,5,29,603,124,49,770,450,145,26,20,642,13,8,24,664,124,82,860,386,118,27,12,546,10,4,10,556,107,60,724,410,136,29,16,597,19,13,30,624,153,65,839,346,108,27,8,494,10,0,12,502,218,59,782,218,92,26,15,354,7,0,8,364,351,53,765,92,53,5,3,150,0,0,0,154,416,50,620,27,31,3,4,58,0,0,0,58,351,54,467,17,5,3,0,22,0,0,0,22,691,75,796,3402,1325,247,163,5140,199,97,295,5429,3271,689,9395,90,204,26,21,336,40,24,66,404,433,59,893,238,96,18,10,359,43,11,51,416,75,70,553
LGA32330,97,11,4,17,119,289,12,417,3,4,0,0,12,16,3,22,33,109,0,138,10,6,0,0,17,11,4,23,33,52,0,91,5,6,0,0,16,10,0,10,31,40,3,67,15,8,0,0,25,16,0,19,40,48,0,91,19,15,0,0,31,10,0,8,44,34,0,82,18,11,0,0,30,10,7,13,45,28,3,71,15,7,0,0,22,0,0,4,25,39,0,65,17,5,0,0,28,0,3,0,31,30,0,65,11,7,0,0,16,4,0,3,17,24,0,48,9,0,0,0,13,0,0,0,13,16,0,26,6,0,0,0,3,0,0,0,3,13,0,12,0,0,0,0,0,0,0,0,0,8,0,8,0,0,0,0,0,0,0,0,0,14,0,14,123,68,5,3,199,84,29,105,313,451,19,775,0,3,0,0,9,13,7,17,27,102,3,133,6,6,0,0,7,19,0,26,33,67,22,122
LGA32450,733,20,4,26,762,295,187,1239,51,29,3,7,94,9,3,15,106,54,27,183,165,20,10,11,200,4,0,11,213,37,39,288,189,26,3,14,231,8,3,10,241,36,49,327,143,16,6,4,167,8,5,8,181,25,24,233,138,31,10,10,186,0,0,4,190,34,27,251,130,34,9,9,183,10,3,19,194,19,31,244,130,21,3,3,161,4,8,12,173,22,28,223,133,31,15,5,183,7,0,9,186,26,37,250,103,18,0,10,137,0,0,0,131,24,33,189,62,13,9,4,84,0,4,4,86,53,17,154,29,3,0,4,40,0,0,0,42,49,12,104,3,0,0,0,5,0,0,0,5,25,12,45,4,4,0,0,5,0,0,0,5,50,9,74,1268,241,77,88,1678,50,31,82,1760,459,349,2564,35,22,4,5,65,12,5,10,76,47,22,152,112,14,3,3,138,12,6,15,150,21,34,199
LGA32500,861,25,19,42,910,494,304,1706,34,20,0,3,65,4,3,10,70,86,25,177,75,16,3,8,101,8,3,9,118,111,24,251,127,23,6,6,160,8,5,12,176,151,32,356,99,25,3,4,139,15,0,16,152,129,24,307,98,46,9,5,156,11,5,13,174,136,19,325,112,53,4,8,183,9,0,7,193,84,19,297,141,43,11,3,193,10,3,12,206,70,27,306,138,54,6,4,201,15,3,16,216,89,30,341,115,48,16,3,186,14,0,14,200,94,27,315,76,46,6,4,125,4,0,5,133,135,23,289,23,15,0,3,46,4,0,4,53,142,13,207,15,6,0,0,20,0,0,0,20,77,23,118,3,4,0,0,8,0,0,0,6,85,8,105,1061,403,63,57,1584,91,29,111,1702,1389,302,3392,28,40,3,6,73,14,0,9,88,65,39,189,116,31,0,0,149,18,0,23,167,39,70,280
LGA32600,55,4,0,4,55,23,15,90,5,0,0,0,3,0,0,0,8,4,3,13,5,0,0,3,11,0,0,0,16,5,6,22,13,3,0,0,13,0,0,0,13,3,7,26,11,0,0,3,14,0,0,0,14,9,0,23,11,11,0,5,23,0,0,0,23,0,0,24,11,0,0,3,13,0,0,0,19,4,0,15,9,6,0,5,15,0,0,0,13,4,0,18,12,3,0,0,10,0,0,0,14,0,7,21,14,0,0,0,21,4,0,4,25,4,0,26,3,0,0,0,4,0,0,0,4,5,3,12,0,3,0,0,6,0,0,0,6,9,0,18,0,0,0,0,0,0,0,0,0,9,4,4,0,0,0,0,0,0,0,0,0,3,5,6,98,22,4,13,142,7,3,10,150,44,35,228,0,0,0,0,0,0,0,0,0,0,0,5,10,0,0,0,15,3,0,6,14,0,4,23
LGA32750,77,9,0,9,80,8,17,109,17,0,0,0,17,0,0,0,17,0,0,15,16,0,0,0,20,0,0,0,20,7,3,26,22,5,0,0,22,0,0,0,22,0,0,30,21,0,0,0,21,0,0,0,21,4,0,23,10,0,0,0,10,5,0,5,15,0,0,19,9,0,0,0,10,0,0,0,11,0,0,12,20,4,0,0,23,0,0,0,23,3,0,25,11,3,0,0,12,0,0,0,12,0,0,20,17,6,0,0,22,0,0,0,21,0,0,29,11,3,0,0,11,0,0,0,11,4,0,14,0,0,0,0,0,0,0,0,0,3,0,10,0,0,0,0,0,0,0,0,0,11,0,10,0,0,0,0,0,0,0,0,0,3,0,9,157,24,9,3,181,6,0,8,189,35,11,235,8,5,4,0,16,0,0,0,16,6,7,29,12,6,0,0,17,0,0,0,18,9,9,33
LGA32770,112,16,8,24,144,322,22,487,3,4,0,3,13,7,5,15,28,64,0,96,13,11,4,0,25,5,0,6,35,70,0,105,31,9,0,0,47,20,3,20,62,51,0,112,27,16,4,0,51,3,0,7,56,43,3,104,21,13,0,0,37,5,3,12,43,39,3,85,15,13,0,0,32,0,0,5,34,31,0,66,15,11,0,4,31,5,0,4,33,27,0,56,15,10,4,0,28,0,0,0,30,30,0,61,9,7,0,0,16,0,0,0,20,19,0,39,4,3,0,0,9,0,0,0,5,18,0,31,0,0,0,0,4,0,0,0,4,11,0,12,0,0,0,0,0,0,0,0,0,4,0,9,0,0,0,0,0,0,0,0,0,18,0,15,161,97,19,10,280,56,15,71,354,423,21,796,0,9,0,0,9,3,4,7,15,99,4,120,12,21,0,0,30,8,6,16,41,73,6,127
LGA32810,2896,39,60,103,2995,1570,586,5153,89,148,8,17,264,20,13,33,293,189,62,544,264,115,12,8,406,17,13,26,428,62,77,569,345,107,28,10,487,30,8,40,523,81,76,679,335,137,23,6,505,9,14,27,529,101,78,709,381,180,25,16,599,19,12,33,626,122,76,825,429,187,29,17,658,16,5,26,684,101,77,859,450,198,26,13,693,20,4,25,722,124,87,929,381,165,33,11,587,25,13,34,619,149,73,838,289,174,17,14,493,16,8,21,511,188,69,771,202,126,14,15,355,11,10,21,375,295,66,735,63,77,0,9,159,0,5,8,162,333,46,543,19,33,6,4,65,0,0,0,66,251,42,363,16,16,3,0,36,0,0,0,36,364,48,451,3277,1663,231,133,5301,186,104,285,5591,2356,871,8817,79,147,6,12,241,8,15,21,269,209,50,529,239,87,9,9,342,21,15,31,375,56,80,515
LGA33100,160,0,3,3,165,79,37,284,13,0,0,4,17,0,0,4,20,3,3,28,42,6,0,0,50,3,0,3,53,3,0,59,27,10,3,0,40,0,0,0,45,10,0,52,18,13,0,0,30,0,0,0,32,10,5,46,41,7,0,0,47,0,0,0,48,10,0,59,38,12,0,4,55,3,0,3,62,8,0,68,53,6,0,0,60,0,0,0,60,12,5,72,27,10,0,0,34,5,0,5,36,18,6,58,29,9,3,3,40,0,0,0,49,18,11,75,21,5,4,0,36,0,0,0,36,29,0,71,8,6,0,0,19,0,0,0,19,33,5,63,13,4,0,0,11,0,0,0,11,36,11,57,0,5,0,0,6,0,0,0,6,21,11,28,329,85,16,19,460,18,0,16,472,200,52,729,15,3,0,0,18,0,0,0,26,7,0,34,17,9,0,0,24,0,0,0,24,4,0,28
LGA33200,352,3,4,9,357,174,86,621,23,16,0,0,40,3,0,3,44,26,7,75,60,16,7,0,79,4,6,4,87,13,8,103,67,12,0,0,84,0,0,0,85,9,3,99,46,9,3,0,64,0,0,0,64,16,9,90,65,19,5,3,98,0,0,0,98,14,6,114,61,20,0,0,88,9,0,10,94,27,12,133,65,23,3,4,99,0,0,0,101,21,3,123,83,14,5,0,106,0,0,0,105,17,9,137,67,14,4,0,87,0,0,0,87,25,10,124,38,26,5,9,73,6,0,6,75,38,17,132,31,12,0,0,44,0,0,0,46,50,20,116,21,12,0,0,28,0,0,0,28,33,3,68,3,6,0,0,8,0,0,0,8,72,16,98,646,196,29,23,902,21,5,28,931,372,115,1414,22,11,0,0,40,0,0,0,42,29,3,72,49,16,6,5,72,3,0,3,73,6,18,100
LGA33220,19286,720,772,1492,20779,24624,3119,48517,584,1580,79,105,2352,384,325,712,3067,2555,217,5834,1381,761,86,81,2314,395,114,513,2821,976,200,4004,1482,641,127,47,2297,256,102,362,2661,1071,173,3903,1620,803,153,52,2633,237,105,341,2974,1216,217,4408,2182,1132,135,88,3543,236,108,343,3885,1300,258,5449,2487,1255,148,91,3986,255,106,366,4346,1280,261,5889,2633,1317,175,99,4227,241,93,327,4560,1458,270,6282,2626,1298,182,75,4178,234,98,329,4509,1868,296,6666,1984,1177,189,68,3410,181,78,259,3670,2749,280,6702,1142,914,144,48,2250,129,62,186,2438,4875,357,7660,309,346,43,29,718,8,15,24,743,5642,312,6697,66,111,19,11,210,3,4,9,214,4780,365,5361,32,51,19,21,119,0,0,3,119,6967,1139,8229,18540,11382,1504,812,32234,2561,1211,3770,36007,36726,4351,77083,428,1586,60,49,2129,362,406,772,2899,2332,338,5566,1304,943,64,68,2377,456,137,599,2976,968,333,4278
LGA33360,13205,490,550,1042,14252,8760,1585,24597,932,1123,98,111,2263,157,116,273,2533,1171,257,3961,1980,451,86,90,2604,131,42,174,2772,431,271,3471,2152,458,123,84,2820,90,44,135,2948,670,337,3958,2006,596,148,66,2812,77,48,121,2938,642,302,3884,2391,746,126,73,3333,53,47,102,3439,692,282,4413,2449,770,101,90,3411,99,52,152,3565,560,352,4475,2519,737,128,81,3466,85,33,116,3582,552,310,4441,2334,688,138,61,3221,80,37,121,3341,666,304,4314,1582,562,113,49,2301,53,18,73,2376,917,220,3511,986,343,82,36,1446,32,22,58,1495,1264,210,2966,252,157,28,13,447,3,0,4,450,1426,142,2023,46,58,3,7,119,5,0,8,126,1093,120,1344,13,25,4,0,43,0,0,0,43,1648,213,1906,19638,6710,1180,757,28285,869,462,1327,29616,11727,3319,44660,433,1138,52,49,1674,218,221,441,2114,1416,273,3803,1571,683,62,45,2360,391,104,497,2854,491,286,3636
LGA33430,152335,3358,4698,8057,160391,90964,16917,268279,3103,10180,512,507,14308,1461,1963,3427,17734,12477,1810,32022,12243,8968,774,601,22586,1964,1091,3061,25647,6054,2749,34452,17128,6649,963,523,25262,1261,596,1857,27111,4908,2759,34780,16572,6736,1047,443,24798,988,512,1505,26304,5070,2273,33652,17437,7771,913,505,26628,1070,556,1630,28256,5414,2256,35928,17952,8073,781,487,27294,1171,554,1727,29025,4962,2104,36092,17473,7460,780,445,26161,1135,429,1560,27719,4518,1988,34224,15819,6839,831,376,23863,1004,391,1398,25264,5151,1921,32334,11909,6016,744,314,18985,791,381,1173,20156,7244,1624,29027,7737,5307,569,255,13871,624,382,1002,14873,12235,1791,28896,2423,2753,208,110,5491,67,133,200,5687,15556,1507,22758,506,1027,83,51,1659,25,28,52,1714,13901,1352,16968,180,423,66,70,735,14,18,33,769,26289,4586,31647,140486,78207,8270,4680,231645,11570,7042,18614,250260,123795,28722,402772,2811,11512,425,388,15128,1163,2700,3869,18995,13016,2131,34143,12586,11077,619,616,24895,1750,1325,3072,27968,6387,2912,37265
LGA33610,2242,42,45,86,2333,1368,358,4061,140,138,9,8,302,7,16,25,327,208,45,577,281,89,12,10,390,19,4,25,420,73,41,536,294,104,20,9,433,7,10,19,452,90,45,581,306,128,17,8,465,12,0,12,472,103,33,616,356,154,17,15,542,16,5,22,566,101,55,719,439,162,20,16,631,12,9,25,654,77,58,791,403,149,20,11,576,12,4,12,591,76,42,702,437,125,24,16,602,3,0,4,604,106,46,758,302,118,15,12,450,7,9,10,461,138,33,631,215,108,14,10,352,4,0,8,352,213,30,595,102,56,9,4,172,0,0,0,179,278,55,506,40,36,3,0,80,0,0,0,80,296,51,421,27,29,11,7,72,0,0,0,72,496,83,648,3342,1392,198,127,5064,102,62,155,5215,2246,616,8087,92,158,15,7,265,15,13,29,299,246,58,600,276,98,10,7,396,24,5,31,421,79,47,543
LGA33620,9980,251,334,589,10568,10544,1461,22567,384,775,47,55,1254,165,109,272,1525,1217,156,2899,765,358,55,26,1205,134,34,170,1372,381,105,1860,782,367,58,39,1244,109,37,148,1391,486,107,1984,828,498,65,41,1428,88,46,127,1561,547,99,2207,1077,540,66,40,1725,71,41,118,1842,566,121,2526,1300,680,73,46,2103,119,49,168,2269,629,153,3052,1371,749,98,53,2263,85,34,119,2383,692,169,3239,1370,719,110,52,2244,97,37,131,2374,876,155,3403,1047,611,98,42,1801,70,46,118,1916,1213,161,3286,708,485,82,28,1308,49,26,76,1382,1966,163,3520,215,238,25,13,497,3,0,7,502,2404,189,3096,67,75,7,12,161,0,3,3,166,1747,156,2069,42,61,10,5,114,0,4,3,118,2536,567,3214,9970,6147,793,441,17350,984,464,1447,18802,15250,2313,36369,282,765,47,44,1136,151,168,319,1453,1195,172,2817,745,456,49,33,1285,179,55,229,1516,511,145,2166
LGA33800,2167,43,41,79,2244,1942,383,4569,130,204,12,16,362,23,18,46,405,316,33,753,275,53,7,12,358,11,10,17,373,61,29,464,239,78,22,11,347,9,3,9,355,85,17,465,217,99,15,13,345,10,5,13,357,103,23,485,278,120,23,17,443,9,7,17,460,110,31,597,379,144,12,16,555,19,11,32,586,111,30,729,467,207,15,24,715,14,4,19,733,117,33,880,475,165,30,13,694,16,3,20,711,143,32,879,387,159,23,11,587,3,3,8,593,228,24,850,283,136,17,14,455,6,0,12,461,355,31,853,98,66,6,11,188,0,0,0,185,476,35,699,56,32,8,8,105,0,0,0,106,505,30,647,38,26,0,8,75,0,0,0,75,1058,93,1222,3330,1518,198,171,5214,118,73,192,5406,3656,455,9525,83,186,12,8,286,20,14,39,325,287,34,650,219,65,9,5,299,31,16,42,342,72,41,453
LGA33830,111,21,0,27,133,182,20,337,7,9,0,0,18,18,3,18,40,41,3,82,18,17,0,3,43,30,4,33,72,30,6,113,16,11,0,0,32,21,3,27,57,33,3,92,22,8,0,0,28,13,0,13,38,20,10,69,23,6,0,0,29,15,5,16,45,13,4,61,33,9,0,4,45,0,0,5,49,18,4,70,11,7,0,3,21,8,0,9,31,21,0,56,15,14,0,0,26,9,0,3,30,16,0,46,10,6,0,0,17,4,0,4,18,14,5,36,3,7,0,0,14,0,0,0,14,13,0,27,0,0,0,0,0,0,0,0,0,8,0,12,0,4,0,0,4,0,0,0,4,5,0,8,0,0,0,0,0,0,0,0,0,15,0,17,164,97,9,14,280,111,16,132,411,244,44,695,7,0,0,0,12,16,5,16,32,41,24,98,23,7,0,3,30,8,7,19,47,23,20,84
LGA33960,50716,1671,1861,3533,54246,30679,5091,90021,1624,3234,195,207,5255,677,635,1313,6572,5306,644,12517,5528,2312,280,266,8384,811,267,1076,9464,2104,628,12197,6616,1842,431,212,9104,521,218,734,9843,2470,630,12945,6107,1882,395,193,8579,411,159,567,9141,2318,551,12011,6244,2097,347,198,8884,430,161,585,9467,2082,618,12169,6277,2085,273,208,8847,325,138,457,9302,1960,560,11822,6087,1853,294,187,8420,273,106,377,8809,1840,514,11160,5167,1694,278,137,7270,203,73,276,7549,1969,453,9971,3603,1367,272,99,5343,171,74,245,5587,2569,370,8527,2064,1074,170,75,3381,86,44,131,3505,3617,344,7469,467,419,54,20,959,14,12,20,983,4107,301,5388,96,142,5,9,256,3,7,6,260,3551,271,4091,36,66,12,15,127,0,9,9,136,6018,661,6810,49911,20067,3006,1834,74815,3913,1895,5805,80616,39914,6543,127072,1163,3632,175,131,5106,755,1110,1869,6978,5696,787,13458,5275,3196,283,206,8957,1053,454,1509,10465,2473,996,13935
LGA33980,4634,66,77,140,4775,1438,1258,7471,364,365,21,38,793,26,27,45,841,292,85,1223,926,155,51,31,1163,19,8,32,1196,149,203,1550,1165,224,93,32,1508,24,17,40,1543,294,270,2109,1098,281,92,34,1505,13,16,21,1529,304,199,2028,1156,333,78,42,1611,12,6,17,1631,244,202,2074,1101,246,68,41,1455,12,10,21,1475,161,200,1837,1047,242,54,34,1381,17,5,19,1396,110,189,1704,902,157,42,24,1130,11,0,15,1143,169,200,1515,598,129,35,31,797,8,5,11,808,159,149,1119,347,77,33,16,469,7,0,7,478,213,105,795,109,42,10,3,171,4,5,3,168,195,42,410,30,16,0,0,48,0,0,0,51,141,22,214,27,16,0,5,40,0,0,0,40,238,32,308,8868,2281,589,326,12066,151,96,242,12308,2664,1902,16878,180,269,18,15,480,36,36,72,555,359,114,1019,637,146,24,20,831,53,14,71,901,127,245,1270
LGA34420,87,68,4,73,154,187,86,424,4,4,0,0,5,0,4,6,11,74,0,91,10,3,0,3,15,0,4,3,20,60,0,84,26,5,0,4,36,5,0,5,45,33,0,74,20,3,0,0,28,4,0,6,34,25,0,62,22,21,0,0,41,3,4,8,49,37,4,93,31,17,0,0,53,4,3,8,56,36,0,93,25,11,0,0,41,0,0,0,42,20,3,63,14,5,0,3,25,5,0,4,28,22,0,57,11,12,0,0,21,6,0,6,26,28,3,56,9,4,0,0,16,0,0,0,16,16,0,38,3,0,0,0,5,0,0,0,5,8,0,17,0,0,0,0,0,0,0,0,0,8,5,9,0,0,0,0,0,0,0,0,0,0,5,9,185,94,4,12,296,27,14,42,339,381,23,742,3,5,0,0,9,11,0,11,22,45,3,71,13,4,0,0,24,25,0,32,49,29,0,77
LGA34530,8727,151,201,354,9079,5640,1085,15809,400,723,43,45,1208,84,83,166,1373,927,118,2415,717,244,31,42,1037,63,17,80,1119,295,99,1512,817,208,47,34,1102,38,22,67,1168,313,102,1585,733,316,52,38,1142,28,11,46,1187,337,113,1639,1011,447,59,26,1543,41,24,65,1608,343,96,2045,1194,487,73,34,1793,36,26,63,1855,311,159,2323,1355,501,75,47,1974,55,16,76,2044,378,176,2596,1339,455,89,45,1926,42,18,67,1987,414,158,2561,1069,405,74,29,1568,40,16,55,1627,646,131,2397,536,330,62,17,945,17,13,32,973,1080,142,2198,159,126,13,11,309,3,4,10,318,1252,102,1666,49,65,7,4,123,0,0,0,123,1015,81,1217,17,31,6,7,55,0,0,0,55,1597,265,1921,9383,4347,632,368,14731,448,265,709,15441,8889,1743,26076,242,761,38,22,1056,97,135,231,1289,926,128,2346,758,373,40,26,1194,140,40,181,1377,329,130,1831
LGA34570,72,33,7,40,104,95,35,235,6,5,0,0,13,3,0,7,22,26,0,44,19,3,0,6,24,5,0,3,32,25,7,61,20,0,0,0,23,5,3,7,28,14,0,47,16,0,0,0,20,3,0,3,21,8,0,33,12,9,0,0,18,5,0,4,27,8,0,28,15,0,0,0,15,0,0,0,20,16,3,35,11,0,0,0,17,0,0,0,17,10,0,27,13,4,0,0,12,0,0,0,12,8,0,24,4,0,0,0,4,0,0,0,5,7,0,15,7,0,0,0,7,0,0,0,7,8,0,19,0,0,0,0,0,0,0,0,0,9,0,12,0,0,0,0,0,0,0,0,0,8,0,8,0,0,0,0,0,0,0,0,0,0,0,0,130,19,5,8,163,20,11,28,187,155,14,351,11,8,0,0,17,6,0,6,26,24,14,58,5,10,0,0,16,0,0,0,21,31,17,59
LGA34580,8698,206,254,460,9160,6798,1092,17050,384,729,57,41,1208,99,124,223,1428,1045,173,2641,751,473,41,34,1294,110,53,161,1460,502,171,2134,865,369,68,46,1346,78,46,119,1469,420,134,2021,739,379,66,26,1221,71,25,90,1313,410,138,1859,921,432,59,46,1456,63,34,94,1549,447,150,2147,1160,500,56,38,1753,74,19,93,1849,428,149,2425,1272,453,49,45,1822,57,25,83,1905,508,146,2560,1157,440,65,43,1699,46,19,65,1767,490,173,2420,869,349,69,33,1314,34,13,42,1357,663,124,2144,582,322,39,22,963,20,11,32,992,1054,88,2133,200,158,13,9,377,0,0,0,382,1257,119,1761,68,60,9,7,145,0,3,4,151,943,97,1194,25,23,0,6,57,0,0,0,57,1557,183,1793,8988,4685,598,386,14655,651,362,1017,15669,9711,1846,27227,289,715,31,34,1064,142,127,270,1341,1190,200,2726,853,573,52,43,1517,147,63,212,1726,658,207,2594
LGA34590,71880,2515,2906,5421,77307,50506,9030,136835,2848,5388,292,364,8894,1216,1018,2232,11128,9372,1169,21663,8426,3835,416,494,13168,1303,435,1738,14906,3505,1146,19552,9897,3036,618,363,13919,823,285,1105,15021,3572,1038,19633,9636,3358,629,323,13938,598,295,891,14830,3416,977,19230,9995,3913,498,359,14765,608,296,908,15674,3464,1009,20151,10333,3736,424,390,14882,587,228,815,15697,3071,1029,19801,10042,3383,478,342,14248,485,219,704,14948,2903,910,18763,9226,3201,459,298,13188,431,142,569,13763,3209,789,17760,7045,2745,413,232,10431,318,131,448,10877,4198,723,15797,4384,2225,311,156,7077,196,119,318,7392,6641,735,14773,1088,896,108,49,2139,25,35,64,2203,7221,572,9998,157,264,23,15,463,4,7,7,470,5687,463,6622,58,96,17,21,187,3,0,4,197,8223,1261,9682,83135,36082,4674,3409,127307,6609,3198,9804,137111,64493,11825,213421,2126,5411,231,222,7987,1127,1612,2737,10718,9505,1223,21448,7890,4739,353,415,13396,1653,705,2354,15752,3914,1365,21029
LGA34710,981,6,11,18,993,350,182,1526,71,59,0,8,136,5,8,15,152,67,14,232,150,33,5,5,192,6,0,9,196,44,13,254,192,44,12,5,253,0,5,5,257,49,10,315,164,58,12,0,239,0,0,5,237,32,13,287,167,53,3,6,230,4,0,3,227,24,13,270,183,53,5,4,242,7,5,11,256,23,18,300,182,37,4,7,227,6,4,7,235,22,23,286,190,47,3,3,249,7,5,9,257,33,7,289,165,34,8,7,204,0,0,0,204,32,5,242,95,32,11,0,140,0,0,0,145,52,9,204,32,27,0,0,58,0,0,0,58,60,8,126,11,3,0,0,18,0,0,0,19,75,8,99,9,16,0,4,24,0,0,0,24,199,32,257,1608,494,69,46,2221,32,25,58,2274,706,175,3159,55,81,6,11,148,4,4,12,158,70,25,249,125,36,4,3,172,3,6,7,179,27,15,223
LGA34770,28208,492,639,1123,29335,15158,4058,48547,2014,2145,154,152,4464,294,244,537,4998,2404,340,7744,4272,947,206,164,5586,237,68,309,5892,836,545,7277,4725,1024,283,140,6171,153,74,231,6398,1094,637,8128,4025,1241,250,133,5649,112,64,176,5826,1193,576,7599,4285,1483,249,135,6148,113,83,197,6346,1078,590,8008,4944,1520,212,149,6820,128,68,191,7015,962,607,8589,5067,1521,235,159,6984,104,59,164,7148,958,618,8721,4631,1379,257,156,6425,80,52,134,6556,1166,573,8301,3310,1103,229,109,4750,65,39,103,4857,1462,458,6779,1797,767,162,81,2809,50,18,72,2876,2339,349,5569,534,408,67,32,1034,8,13,15,1057,2743,239,4044,124,149,16,16,305,0,3,5,309,2429,210,2946,71,74,21,31,195,0,3,7,199,4405,523,5122,39801,13745,2330,1460,57345,1347,792,2139,59485,23081,6274,88838,946,2114,93,86,3235,367,467,832,4072,2788,405,7264,3047,1231,124,114,4515,544,179,724,5235,945,522,6701
LGA34800,217,0,0,0,221,49,48,318,36,3,0,5,41,5,0,3,43,8,8,53,71,6,6,0,83,3,0,3,87,9,12,103,79,3,0,3,92,0,0,0,91,0,14,113,57,10,4,0,78,0,0,0,77,11,16,101,53,8,4,0,68,0,0,0,68,3,11,82,50,4,0,0,59,0,0,0,59,6,3,71,53,0,4,0,60,0,0,0,60,4,3,73,39,3,3,0,50,0,0,0,50,5,3,56,48,6,4,0,59,0,0,0,59,3,9,69,30,13,0,0,45,0,0,0,51,8,5,67,23,0,0,0,26,0,0,0,26,16,0,37,11,3,0,0,13,0,0,0,13,12,3,23,3,0,0,0,4,0,0,0,4,17,7,35,552,77,29,17,676,7,0,8,688,99,100,886,14,0,0,0,13,0,0,0,11,5,0,22,35,7,0,6,45,0,0,0,45,0,3,48
LGA34830,45,10,0,16,63,68,21,150,4,4,0,0,3,0,0,0,3,16,0,25,0,6,0,0,6,0,0,0,6,12,0,21,4,4,0,0,8,0,0,0,8,7,0,19,10,3,0,0,15,0,0,0,15,4,0,22,3,4,0,0,10,0,0,0,10,5,0,12,4,4,0,0,13,0,0,0,11,7,0,24,0,5,0,0,5,0,0,0,5,12,0,20,9,0,0,0,10,0,0,0,10,19,0,28,3,3,0,0,12,0,0,0,12,7,0,16,3,0,0,0,3,0,0,0,3,3,0,4,0,0,0,0,3,0,0,0,3,3,0,8,0,0,0,0,0,0,0,0,0,4,0,4,0,0,0,0,0,0,0,0,0,11,0,11,47,37,5,0,84,10,0,8,91,107,5,204,0,4,0,0,3,3,0,3,5,15,0,22,9,0,0,0,9,3,0,9,17,8,4,28
LGA34860,3143,39,39,77,3219,1309,574,5102,201,179,12,25,416,25,20,42,457,249,89,791,466,84,21,28,600,15,4,19,620,90,63,774,559,126,38,18,740,19,5,22,763,118,69,953,481,146,31,16,673,12,3,17,690,103,82,876,515,171,18,16,729,6,4,13,740,89,88,912,540,165,13,21,738,14,7,15,751,86,83,922,530,145,25,21,729,14,4,21,742,81,83,905,533,117,21,20,695,6,6,9,699,134,70,906,418,108,26,10,561,3,4,3,573,134,61,761,283,92,21,22,424,4,7,7,436,212,42,688,161,62,8,7,238,0,0,0,238,241,36,519,72,28,3,7,107,0,0,0,107,281,41,425,39,21,8,6,80,0,0,0,80,529,68,679,4806,1453,253,215,6730,117,54,169,6898,2336,873,10104,152,163,18,22,354,26,17,44,399,243,45,694,414,115,15,10,555,16,11,25,579,88,61,731
LGA34880,4443,105,144,249,4697,3311,927,8930,150,314,22,17,506,61,60,117,621,595,66,1287,317,134,23,15,492,51,30,76,567,324,73,963,383,113,25,11,530,40,18,57,593,314,74,978,394,151,30,21,599,36,22,57,658,267,64,992,557,276,30,21,879,42,13,57,937,321,83,1339,708,283,43,19,1052,33,22,62,1112,255,109,1476,718,304,46,26,1090,41,12,54,1148,244,92,1483,679,291,37,16,1024,44,19,60,1090,274,94,1459,564,259,49,22,891,32,17,48,938,406,91,1436,340,235,42,7,627,16,12,29,657,595,87,1336,153,117,13,10,300,3,3,8,310,762,95,1165,57,45,9,0,107,0,0,0,107,683,66,860,31,27,4,6,68,0,0,0,70,1021,129,1224,5039,2554,364,211,8165,409,224,632,8803,6066,1126,15996,116,317,15,19,475,36,47,86,561,546,118,1229,341,168,20,24,550,71,29,99,654,357,118,1125
LGA35010,108471,2636,3333,5968,114439,74354,9018,197805,3415,8621,453,500,12991,1327,1537,2861,15850,10012,1154,27015,9840,4963,549,512,15866,1341,457,1799,17666,3428,1114,22209,11551,3523,759,343,16182,871,331,1200,17386,3654,1056,22096,11980,4327,885,364,17552,658,362,1022,18574,4014,1059,23648,13924,5674,809,363,20768,682,399,1087,21849,4425,1163,27441,15158,6081,702,413,22353,635,284,921,23274,3928,1124,28327,14664,5389,705,405,21162,597,261,863,22016,3596,1075,26690,12929,4638,725,338,18624,442,184,626,19250,4082,967,24302,9696,4067,681,227,14674,392,172,560,15237,6158,831,22231,5668,3490,541,185,9888,258,166,424,10309,10827,884,22018,1478,1535,205,86,3301,28,51,76,3382,12721,806,16904,236,469,49,33,787,8,15,23,804,10418,661,11880,94,177,28,47,344,4,6,5,356,17630,2331,20315,110633,52953,7087,3816,174488,7247,4211,11465,185948,94902,14234,295084,2636,9240,334,325,12538,1253,2344,3597,16135,10345,1120,27600,10041,6865,509,418,17837,1807,734,2540,20375,4002,1326,25701
LGA35250,101,3,0,3,113,253,42,406,3,5,0,0,6,6,6,10,20,60,3,77,14,4,3,0,18,7,0,3,26,30,6,59,14,6,0,0,23,3,4,3,29,56,8,89,30,9,0,4,43,4,5,8,46,31,0,82,26,9,0,0,32,0,0,0,33,33,3,67,23,12,5,0,35,0,7,7,43,25,5,72,19,5,0,0,34,6,0,6,40,36,4,76,28,8,0,0,37,0,0,0,37,25,0,61,19,4,0,0,25,0,0,5,28,17,3,52,9,5,5,0,13,0,0,0,17,19,4,40,8,0,0,0,4,0,0,0,4,19,0,28,0,0,0,0,0,0,0,0,0,10,0,12,0,0,0,0,0,0,0,0,0,15,0,12,183,78,7,15,282,23,22,54,331,370,37,739,9,6,0,0,21,16,0,16,41,50,14,102,19,15,0,0,31,9,4,8,41,35,9,81
LGA35300,4405,98,86,182,4584,1722,679,6984,298,298,26,31,646,57,25,86,736,438,222,1398,989,119,38,34,1180,68,11,78,1264,191,267,1725,1268,197,66,25,1559,47,18,66,1617,263,283,2162,968,180,54,30,1234,33,6,43,1278,224,250,1751,904,199,39,35,1174,32,12,47,1217,228,247,1688,865,182,32,33,1106,29,8,32,1142,148,225,1516,908,138,52,19,1128,24,8,35,1163,141,232,1537,743,125,49,18,936,24,8,26,960,159,177,1293,479,118,44,20,666,15,8,26,688,181,124,991,333,73,26,6,437,8,6,14,453,206,95,748,127,54,10,8,195,3,3,4,198,249,88,533,33,13,3,0,49,0,0,3,51,215,57,323,11,9,0,3,23,0,0,0,24,337,87,449,7924,1704,441,260,10331,356,109,467,10796,2971,2352,16124,199,283,20,18,512,44,49,92,602,392,120,1118,730,166,27,22,947,82,14,93,1044,191,163,1403
LGA35600,955,11,12,26,984,497,214,1693,73,76,6,3,157,9,7,13,170,111,21,301,135,29,17,7,185,18,4,22,203,36,16,256,168,39,8,0,221,8,8,10,231,40,22,289,157,50,9,4,221,14,0,14,230,43,15,285,181,64,5,3,257,5,4,9,266,34,20,317,168,46,4,7,227,10,3,13,239,42,22,295,194,54,13,8,269,9,0,9,276,38,22,331,184,62,11,4,260,3,0,5,264,45,16,326,158,37,6,6,213,8,6,11,221,32,25,284,102,45,4,8,154,5,5,3,157,69,19,248,38,21,0,0,64,0,0,0,66,118,18,200,23,4,4,0,29,0,0,0,29,125,19,170,10,4,0,0,13,0,0,0,13,241,42,295,1585,534,90,64,2271,71,35,109,2382,952,265,3595,40,67,4,0,110,7,7,12,125,89,11,226,131,50,0,7,193,11,3,12,202,43,27,272
LGA35670,65,12,6,13,80,146,94,322,7,3,0,0,11,6,0,4,17,68,0,88,12,3,0,0,24,0,0,4,27,37,0,68,13,4,0,0,19,13,0,15,36,32,0,69,14,8,0,0,17,4,0,8,23,22,0,51,18,6,4,0,25,5,3,5,30,30,0,64,18,6,0,0,25,5,0,5,30,27,0,55,15,6,0,0,20,4,0,4,26,24,0,51,16,3,0,0,18,5,0,5,23,22,0,45,10,0,0,0,5,4,0,4,10,16,0,29,4,0,0,0,9,0,0,0,9,14,0,20,0,4,0,0,5,0,0,0,5,6,0,13,0,0,0,0,0,0,0,0,0,12,0,12,0,0,0,0,0,0,0,0,0,14,0,14,136,41,0,0,184,41,6,47,232,337,0,566,0,0,0,0,0,0,0,4,4,73,0,85,12,3,0,0,20,15,0,12,35,63,10,98
LGA35740,12138,198,290,488,12631,10793,1496,24920,282,966,50,50,1350,117,149,266,1616,1147,152,2914,725,501,46,39,1313,128,40,163,1479,251,102,1837,752,399,51,28,1233,87,33,119,1353,303,105,1764,859,538,76,32,1504,95,41,131,1638,378,116,2136,1254,785,101,42,2183,76,56,124,2314,531,151,2992,1455,1007,94,43,2594,92,49,148,2741,554,173,3463,1769,1116,104,52,3038,126,77,204,3246,546,201,3992,1586,1044,115,39,2777,150,54,195,2976,752,196,3921,1270,944,104,24,2348,100,49,149,2496,1147,166,3808,730,709,86,26,1543,69,41,110,1658,2082,164,3902,220,337,38,24,617,13,14,20,639,2451,164,3253,49,96,14,6,159,0,8,7,168,2069,147,2382,24,60,4,3,92,0,4,5,99,3464,394,3962,10981,8505,884,403,20772,1050,607,1659,22426,15664,2235,40325,268,1047,37,38,1385,98,182,278,1661,1057,122,2838,658,562,32,37,1290,105,57,161,1447,270,121,1840
LGA35760,2041,46,29,78,2120,1618,464,4203,109,111,5,18,245,14,12,27,267,213,38,511,173,66,9,11,260,23,5,30,289,84,25,397,241,96,16,10,360,26,3,31,391,76,31,499,223,94,16,9,337,5,8,17,355,93,25,471,247,109,11,18,386,15,9,23,410,107,30,553,360,138,8,12,513,21,0,23,538,102,34,677,382,113,19,11,529,23,6,26,550,113,36,702,352,130,15,9,510,20,3,25,543,148,48,735,341,124,19,14,488,11,0,18,501,205,41,745,242,125,13,9,393,10,10,17,408,352,55,808,145,66,12,10,230,0,0,0,232,421,48,696,55,39,10,5,105,0,0,0,106,370,77,554,39,27,6,19,82,0,4,4,90,558,175,815,2912,1234,154,145,4451,162,65,224,4672,2830,663,8160,80,130,10,22,242,18,10,28,269,231,40,540,186,78,15,10,286,19,11,31,310,74,59,442
LGA35780,432,32,26,63,497,352,102,954,17,21,0,5,48,8,12,15,67,148,12,222,57,19,5,5,92,7,7,16,105,90,12,209,66,17,3,4,92,7,3,10,101,42,16,160,61,24,4,0,86,5,6,7,97,51,11,151,65,29,5,0,100,9,0,9,106,32,16,152,65,24,3,0,89,0,3,6,101,13,9,121,68,15,0,0,85,5,0,4,93,29,5,120,56,15,3,0,76,5,0,5,83,21,9,103,44,9,6,0,58,0,0,0,58,31,8,102,16,7,0,4,30,0,0,0,27,29,6,58,3,0,0,0,5,0,0,0,9,34,4,41,0,0,0,0,4,0,0,0,4,7,0,11,4,0,0,0,4,0,0,0,4,33,0,38,539,173,20,28,762,41,32,70,829,554,103,1490,26,33,0,0,59,20,6,25,83,152,18,246,59,28,0,4,91,38,7,40,136,109,7,242
LGA35790,200,9,10,22,217,467,57,747,15,18,0,3,40,31,13,40,83,175,12,263,34,20,0,6,54,26,9,41,95,85,7,189,42,20,3,4,75,21,7,26,105,71,8,181,35,21,5,0,61,20,3,25,92,54,3,147,33,29,0,3,70,20,3,27,97,60,0,158,51,36,3,0,88,9,8,18,102,65,0,178,54,24,0,0,75,20,4,21,95,49,5,144,48,21,0,0,68,5,0,10,80,39,0,124,29,11,0,0,45,4,4,3,46,45,0,96,8,12,3,0,29,0,0,0,29,36,0,69,0,0,0,0,3,0,0,0,3,20,0,28,0,0,0,0,0,0,0,0,0,9,0,12,0,0,0,0,0,0,0,0,0,20,0,23,355,227,10,21,615,165,59,221,828,737,35,1606,9,20,0,0,27,6,16,24,48,173,3,216,12,18,6,0,37,19,19,39,75,149,9,234
LGA35800,315,11,6,19,333,284,54,666,20,10,0,0,33,3,0,3,40,45,8,91,53,12,6,3,73,8,3,8,79,15,5,98,46,21,4,0,77,3,0,3,74,25,9,114,46,23,0,4,74,0,6,9,84,20,3,109,51,18,0,9,76,11,0,11,90,16,9,116,55,13,0,6,74,3,4,5,81,21,6,109,65,21,4,3,90,0,0,3,98,27,6,131,98,12,8,3,122,6,0,3,130,22,8,155,58,7,4,6,75,0,0,0,75,30,7,111,48,19,0,7,73,0,0,0,73,50,8,132,38,6,3,0,43,0,0,0,43,51,5,101,10,6,4,0,15,0,0,0,15,47,7,75,3,0,0,0,5,0,0,0,5,95,3,100,580,179,38,41,838,36,18,49,891,467,87,1437,10,6,0,0,23,0,0,0,20,37,3,66,33,11,0,0,50,3,0,0,54,24,10,84
LGA36070,71,52,13,61,134,69,35,239,4,5,0,6,12,8,0,9,22,24,0,42,9,6,0,3,20,3,3,8,26,14,0,42,16,5,0,3,25,10,0,10,29,18,0,45,18,9,0,4,28,14,0,15,41,17,0,64,19,17,5,3,38,8,0,6,47,13,0,64,18,23,0,3,43,6,0,6,43,18,0,66,13,13,0,0,31,0,0,0,31,10,0,47,11,0,0,0,16,0,0,0,16,19,0,36,14,0,0,0,19,0,0,0,19,17,0,34,11,5,0,7,15,0,0,0,15,15,0,27,0,0,0,0,5,0,0,0,6,13,0,19,0,0,0,0,0,0,0,0,0,9,0,15,0,0,0,0,0,0,0,0,0,8,0,10,127,83,8,22,238,43,9,54,291,202,4,499,9,6,0,0,16,0,8,4,24,29,0,56,13,7,0,0,20,5,6,8,31,23,0,52
LGA36150,192,0,0,0,193,71,16,277,15,0,0,0,11,0,0,6,21,21,0,37,45,6,3,0,52,4,0,5,58,6,3,67,37,7,4,0,51,4,0,4,52,15,4,73,21,4,3,0,30,0,0,3,32,10,0,39,28,8,6,0,37,3,0,3,42,10,0,51,52,11,0,4,70,0,0,3,74,9,4,82,54,16,3,0,79,0,0,0,79,8,5,88,58,14,6,8,83,0,0,0,83,8,6,90,40,7,3,0,50,0,0,0,50,8,3,63,28,5,4,0,30,0,0,0,33,19,0,50,17,6,0,0,23,0,0,0,23,21,5,46,12,3,0,0,15,0,0,0,15,12,8,31,4,5,0,0,8,0,0,0,8,33,10,52,402,98,31,16,545,15,3,18,557,176,39,776,15,0,0,3,17,0,0,0,17,9,6,32,28,9,4,0,42,0,0,6,44,6,0,45
LGA36250,37969,668,915,1582,39546,25500,2763,67810,1358,3461,160,208,5183,393,594,984,6170,3696,305,10176,3936,1967,204,168,6278,409,181,587,6869,1043,237,8149,4165,1221,257,118,5757,219,76,293,6056,1000,242,7296,3861,1443,293,105,5706,160,96,260,5964,1142,262,7366,4845,1956,252,119,7171,219,122,340,7509,1259,289,9056,5549,2312,221,155,8245,202,118,320,8566,1220,349,10131,6060,2177,256,148,8637,194,82,276,8912,1191,346,10449,5681,2062,333,128,8208,194,88,277,8487,1409,323,10220,4278,1829,284,84,6472,157,98,251,6726,2203,293,9220,2515,1524,217,55,4308,96,99,194,4501,3896,327,8724,652,705,76,27,1459,18,19,40,1502,4731,240,6472,126,213,16,17,375,10,3,12,383,4008,233,4629,27,90,18,12,149,3,5,10,162,7992,811,8969,43058,20964,2584,1351,67956,2269,1578,3849,71805,34793,4257,110857,980,3612,114,100,4803,344,776,1116,5919,3560,253,9730,3435,2471,176,140,6214,473,201,671,6887,1029,278,8194
LGA36300,192,4,0,3,196,51,43,287,24,4,0,0,30,0,0,3,32,10,9,46,32,9,5,4,37,0,0,4,46,4,5,54,39,12,0,0,54,0,0,0,52,5,4,59,16,6,6,0,27,0,0,0,32,3,7,31,27,10,0,5,42,0,0,0,39,8,10,56,37,9,0,0,53,0,0,0,53,3,3,63,33,16,0,0,46,0,0,0,45,0,4,55,44,12,0,0,56,0,0,0,55,5,5,67,36,7,3,10,52,0,0,0,51,9,4,59,24,3,0,6,31,0,0,0,31,12,0,45,8,3,0,0,13,0,0,0,13,18,3,38,9,4,0,0,6,0,0,0,6,7,0,17,5,0,0,0,5,0,0,0,5,43,3,52,331,88,19,24,458,11,0,15,469,123,53,652,15,8,0,0,27,0,0,0,27,9,5,39,38,10,0,0,45,5,0,6,52,4,4,60
LGA36370,18260,454,546,996,19254,11664,2371,33290,1084,1636,94,117,2937,210,227,436,3371,1958,356,5685,2720,931,126,126,3905,251,83,336,4242,828,389,5467,2939,741,195,106,3984,171,62,230,4211,849,376,5437,2445,830,170,70,3517,150,66,216,3734,839,340,4913,2381,893,152,95,3531,119,49,164,3692,744,336,4766,2654,912,119,91,3771,121,60,175,3952,717,342,5010,2752,956,134,86,3927,89,48,137,4062,718,364,5146,2685,873,161,77,3796,87,38,125,3918,842,374,5138,2078,698,150,66,2985,49,29,72,3064,1116,259,4441,1116,563,89,39,1813,36,21,59,1868,1717,303,3891,323,256,40,19,638,0,3,3,642,2148,240,3029,71,88,15,15,193,0,3,0,194,2057,261,2517,43,43,14,22,119,0,3,3,118,3925,928,4973,23287,9436,1450,928,35107,1266,698,1966,37078,18470,4878,60423,508,1753,88,62,2409,323,309,628,3040,2167,343,5548,2223,1154,116,74,3567,394,153,548,4117,867,420,5408
LGA36510,9125,190,211,397,9519,7275,1254,18047,314,682,34,38,1066,90,87,181,1246,1024,96,2363,676,314,29,28,1051,90,22,111,1165,261,75,1500,686,229,55,28,993,68,19,90,1075,305,62,1446,786,339,76,28,1226,42,24,68,1298,398,66,1754,1115,537,66,34,1748,63,45,105,1851,432,103,2389,1313,592,73,52,2028,57,36,92,2121,446,100,2670,1401,640,78,37,2157,49,34,83,2241,437,110,2789,1327,601,62,35,2028,61,21,81,2112,472,93,2681,1021,503,76,33,1637,49,23,71,1708,707,99,2517,758,471,52,30,1312,22,27,48,1365,1154,108,2623,273,261,30,15,582,11,4,20,600,1493,96,2187,87,88,12,12,201,0,7,7,208,1253,76,1541,46,70,10,17,140,0,5,4,142,2147,182,2470,9794,5324,662,380,16161,609,358,960,17127,10535,1276,28939,284,709,33,31,1062,73,95,166,1230,1052,166,2447,684,413,35,26,1162,102,36,142,1306,302,154,1767
LGA36580,4845,129,146,271,5117,4380,674,10169,175,376,12,21,589,65,47,109,698,624,69,1391,370,176,21,21,585,61,15,76,657,176,49,880,414,158,37,16,626,42,15,54,683,232,55,966,500,206,35,20,760,35,16,56,808,255,43,1110,619,276,44,29,968,44,24,71,1037,303,70,1406,692,297,26,29,1047,37,16,50,1096,291,78,1462,721,317,37,31,1106,41,20,60,1166,319,75,1556,722,287,48,23,1084,42,23,62,1148,425,82,1650,560,275,42,19,900,32,17,42,939,573,61,1575,392,237,27,14,665,15,6,28,688,871,86,1648,136,127,5,7,277,0,4,4,278,967,72,1315,42,39,6,7,92,0,0,0,96,799,56,949,16,28,4,8,55,0,0,0,55,969,129,1151,5355,2809,351,229,8749,412,198,612,9361,6794,908,17060,171,323,17,32,539,74,79,156,688,662,121,1470,430,217,15,12,671,86,24,108,781,270,98,1150
LGA36630,5939,164,159,317,6254,6342,1248,13850,263,576,31,22,892,78,69,152,1044,769,66,1870,622,254,31,26,936,91,26,118,1051,296,71,1415,598,247,54,21,918,43,20,65,983,323,41,1349,647,287,38,29,995,48,15,68,1064,358,70,1492,754,376,50,40,1224,58,25,83,1305,400,91,1799,880,407,40,26,1350,59,29,89,1436,419,94,1946,922,410,54,37,1419,42,21,62,1479,468,97,2041,903,401,55,18,1380,55,12,66,1437,556,93,2092,740,398,69,23,1232,46,9,58,1283,808,112,2206,524,318,50,22,913,31,29,61,971,1322,118,2406,207,146,18,17,383,5,8,8,393,1483,118,1989,84,78,8,9,171,0,0,0,179,1157,130,1458,47,49,5,12,107,0,0,0,107,1941,274,2324,7178,3949,499,293,11918,555,265,824,12735,10297,1358,24399,225,486,39,29,777,87,64,155,933,771,114,1815,597,290,21,21,927,114,39,150,1080,328,111,1524
LGA36660,7332,149,173,322,7655,6590,1192,15434,366,723,35,57,1172,80,59,136,1316,839,79,2225,760,272,38,21,1098,89,25,114,1208,257,63,1537,640,298,38,26,1003,54,22,75,1076,316,54,1453,685,347,53,23,1113,38,18,60,1166,364,75,1604,849,447,52,33,1381,55,32,82,1472,411,70,1948,1022,480,48,41,1585,46,20,66,1649,306,85,2041,1109,489,47,40,1687,49,25,72,1758,413,94,2264,1125,524,75,39,1763,42,26,76,1834,501,84,2417,910,501,74,30,1512,26,21,49,1567,761,76,2400,674,412,66,29,1184,19,20,38,1226,1208,108,2547,248,204,18,17,496,0,4,4,493,1462,118,2074,78,94,11,17,195,0,5,3,204,1283,93,1568,54,67,9,10,145,0,0,0,145,2370,306,2821,8525,4853,571,388,14335,507,263,773,15110,10486,1305,26901,283,674,30,33,1024,75,65,145,1166,882,108,2156,682,360,36,32,1111,107,46,152,1261,321,101,1686
LGA36720,81060,1304,2218,3516,84577,56554,7832,148966,1747,5791,297,265,8104,746,1015,1761,9862,6091,623,16578,5067,3537,342,245,9194,811,404,1213,10408,1940,609,12955,6400,2512,418,203,9536,531,207,738,10271,2054,608,12929,6312,3069,469,202,10052,428,238,671,10720,2341,587,13643,7812,4287,515,274,12890,464,302,763,13653,2624,717,16992,8854,4777,489,286,14404,487,291,779,15179,2560,860,18599,9217,4752,451,266,14691,544,265,804,15500,2494,798,18793,8478,4351,506,189,13521,498,216,717,14241,3029,680,17953,6257,3981,526,137,10906,413,212,626,11527,4624,694,16844,3631,3149,396,113,7291,209,201,410,7698,8631,654,16981,1051,1359,130,46,2582,31,62,94,2677,10983,682,14345,230,494,47,19,792,9,21,28,817,9709,583,11116,91,210,23,32,357,3,12,15,371,18533,1869,20773,65147,42279,4601,2277,114305,5176,3436,8613,122919,75615,9972,208507,1526,6514,261,210,8516,615,1454,2071,10587,6331,778,17701,5571,4584,297,229,10684,824,564,1390,12073,2219,1026,15312
LGA36820,5296,101,124,225,5526,4533,1108,11167,192,426,35,30,679,69,39,106,789,599,70,1455,380,157,22,21,579,56,16,70,649,206,52,908,431,170,30,19,649,47,17,64,712,220,53,990,392,195,34,12,636,40,15,58,694,207,62,967,545,288,48,30,907,45,16,54,967,290,74,1331,684,388,44,27,1143,39,19,56,1201,242,95,1537,779,389,44,26,1239,40,20,63,1301,311,90,1703,796,395,52,25,1272,46,22,67,1343,355,104,1802,694,383,54,27,1161,39,15,50,1214,525,97,1832,455,298,47,25,820,24,21,39,860,874,102,1835,175,152,18,10,356,3,7,12,368,1056,101,1527,50,58,4,14,126,0,6,5,132,950,85,1166,24,30,3,3,58,0,0,0,58,1500,318,1879,5603,3334,432,271,9640,445,208,650,10287,7344,1298,18928,170,442,11,21,648,43,43,90,732,583,100,1418,405,172,22,11,611,71,27,97,715,203,112,1024
LGA36910,39293,819,1152,1971,41263,27568,3902,72733,1689,3243,203,170,5302,385,463,854,6150,4467,472,11092,4391,1879,246,145,6655,373,200,566,7224,1633,438,9299,4653,1596,333,131,6716,250,128,382,7092,1639,479,9201,4141,1637,299,117,6191,201,95,290,6484,1701,363,8544,4683,2004,252,160,7094,185,128,312,7411,1654,414,9480,5196,2219,228,171,7811,168,120,281,8100,1499,443,10043,5385,2000,241,131,7751,138,69,203,7956,1430,399,9788,5499,1946,268,152,7873,142,62,202,8075,1658,410,10145,4183,1691,288,116,6273,116,55,166,6437,2208,369,9014,2661,1391,217,99,4362,71,50,125,4487,3760,389,8642,876,777,109,46,1806,3,20,29,1841,4963,340,7142,256,302,22,19,604,6,10,10,612,4583,340,5538,162,161,23,35,384,0,0,0,383,8914,1457,10755,43770,20848,2718,1491,68828,2025,1396,3427,72256,40113,6320,118686,1241,3313,161,111,4829,443,659,1097,5925,4099,650,10666,4283,2297,201,121,6893,644,316,956,7852,1642,686,10175
LGA36950,793,16,9,23,817,371,103,1294,25,35,3,6,72,10,0,10,76,156,33,266,74,23,5,14,113,14,0,17,131,54,30,212,113,38,13,7,175,12,4,20,192,36,34,265,90,37,13,10,147,3,3,6,156,41,24,219,125,44,7,9,196,4,0,9,197,31,33,264,102,14,13,4,128,3,3,7,133,27,23,189,89,28,6,19,141,0,0,0,147,21,23,188,115,33,6,8,164,3,0,5,166,37,27,239,85,21,4,0,116,0,0,0,117,37,19,173,36,15,3,9,62,0,0,0,60,31,14,111,10,6,0,0,19,0,0,0,19,28,8,47,8,0,0,0,14,0,0,0,14,24,4,46,0,0,0,0,0,0,0,0,0,56,5,63,883,300,77,79,1340,57,17,71,1413,581,285,2282,25,20,3,9,56,14,15,26,74,173,37,288,65,37,0,18,118,14,4,21,139,88,62,291
LGA36960,513,38,11,48,558,779,89,1430,25,68,5,11,109,16,5,19,124,175,16,320,69,114,12,13,203,24,19,38,243,116,27,386,60,109,6,4,182,13,0,14,198,96,24,317,91,75,6,8,182,8,7,10,196,91,16,297,90,61,5,8,166,0,3,8,174,53,13,238,87,63,6,6,156,7,5,12,170,44,10,222,98,58,10,10,168,10,0,10,177,24,6,211,82,51,3,5,147,3,0,8,151,46,15,213,52,58,0,6,119,0,0,5,117,42,10,173,28,32,3,3,65,0,0,0,65,50,7,125,8,13,0,0,18,0,0,0,18,52,0,66,0,0,0,0,0,0,0,0,0,60,0,65,0,0,0,0,4,0,0,0,4,67,0,75,690,695,50,84,1514,84,47,123,1642,922,142,2703,11,14,0,4,27,8,14,24,45,216,89,350,43,52,0,0,103,19,14,34,136,213,57,412
LGA37010,46996,970,1262,2233,49229,24383,5135,78748,2130,4178,298,229,6839,484,632,1122,7960,4892,758,13610,6629,2992,435,254,10306,541,281,824,11128,2388,1034,14545,7538,1910,573,211,10230,360,177,541,10767,1906,930,13599,6381,2001,563,166,9105,252,153,405,9516,1820,841,12181,6796,2192,421,183,9589,288,136,419,10009,1856,823,12687,6988,2352,342,180,9866,276,90,371,10230,1513,813,12555,6830,2141,366,184,9518,234,93,329,9842,1418,775,12029,6478,1883,341,161,8861,198,97,297,9157,1564,718,11437,4584,1540,345,97,6562,161,69,231,6794,2200,585,9575,2597,1262,235,84,4179,72,55,126,4306,3517,487,8314,656,609,85,37,1391,10,15,27,1416,4023,366,5806,154,197,22,12,382,6,6,11,391,3485,345,4224,49,91,20,27,186,5,3,7,192,6081,790,7061,57811,23347,4040,1826,87016,2888,1808,4699,91714,36668,9253,137634,1219,4099,236,139,5694,559,1122,1689,7380,5035,845,13260,6062,3633,336,198,10225,883,533,1415,11638,2674,1425,15740
LGA37300,1046,7,13,27,1071,212,175,1460,51,47,5,3,113,4,5,11,125,58,27,209,115,24,0,5,146,4,3,8,150,24,34,213,187,31,18,5,233,5,0,8,240,30,50,320,169,50,15,7,240,7,0,8,251,24,37,313,208,33,10,0,255,0,5,4,261,39,30,323,170,29,21,0,227,4,0,5,227,14,35,282,166,29,10,6,212,3,0,6,215,10,23,245,150,19,8,0,184,0,0,0,187,7,27,217,113,15,3,0,135,5,0,5,142,14,17,166,47,23,9,0,81,0,0,0,84,13,16,109,11,3,3,0,20,0,0,0,20,12,4,35,0,0,0,0,0,0,0,0,0,8,0,15,0,0,0,0,0,0,0,0,0,3,5,12,1400,294,101,43,1840,35,15,48,1890,258,306,2454,39,49,6,3,96,3,0,3,103,104,14,225,124,22,7,3,157,9,0,15,167,24,25,223
LGA37310,7048,167,171,337,7382,4554,1237,13173,449,545,24,38,1058,68,44,112,1166,710,153,2032,938,211,41,36,1235,48,26,75,1311,295,117,1720,1019,259,63,36,1379,40,23,58,1439,305,142,1890,886,311,67,22,1289,31,11,48,1336,350,158,1845,1110,396,53,46,1607,40,20,60,1667,345,168,2176,1190,446,39,43,1716,25,14,44,1756,324,182,2262,1178,389,43,29,1633,32,8,43,1678,321,146,2140,1093,323,49,41,1512,26,7,36,1541,342,137,2026,876,304,45,39,1268,20,4,24,1293,468,103,1868,622,275,45,25,969,15,12,31,1001,681,109,1790,277,150,26,12,462,0,3,5,472,842,75,1388,117,82,12,13,230,0,0,0,230,814,107,1146,85,72,15,13,188,0,0,0,188,1499,241,1921,9839,3773,528,394,14536,363,175,536,15075,7292,1838,24208,295,579,33,31,933,78,86,168,1105,826,178,2108,864,326,38,26,1254,114,49,164,1417,285,194,1899
LGA37340,8646,181,175,363,9009,4408,1574,14994,439,474,30,48,993,80,41,116,1110,429,182,1725,1094,278,50,42,1467,70,19,90,1559,214,330,2105,1282,317,68,62,1726,66,35,98,1828,263,374,2462,1086,355,52,48,1543,46,26,69,1608,272,292,2177,1112,436,66,46,1657,47,18,69,1727,291,281,2299,1217,413,37,40,1706,47,28,75,1778,238,232,2244,1247,403,57,42,1740,53,23,80,1822,257,241,2319,1269,428,61,28,1791,58,19,74,1860,332,253,2444,970,365,55,26,1419,34,25,63,1482,502,202,2186,584,270,44,17,917,23,17,32,952,799,136,1892,164,144,18,11,336,4,4,5,338,903,100,1334,58,48,4,4,117,5,0,5,124,724,90,938,26,18,4,8,57,0,0,0,57,1213,143,1420,10541,3954,540,430,15466,525,250,770,16236,6436,2867,25538,271,473,32,30,803,61,43,109,911,565,191,1666,1046,332,31,38,1443,98,31,129,1570,205,361,2140
LGA37400,280,0,0,0,284,114,80,474,27,9,0,0,33,4,4,4,36,17,0,64,41,4,0,5,52,0,0,0,56,7,0,62,62,13,0,0,81,0,0,4,85,7,0,90,34,10,3,0,52,0,3,3,51,10,0,64,40,10,3,0,58,7,0,7,59,7,8,74,59,14,3,4,80,0,0,0,80,13,0,94,52,16,5,7,76,5,0,3,84,17,0,99,73,8,4,3,83,0,0,0,89,10,0,101,64,13,5,0,78,0,0,0,78,15,8,102,32,12,0,3,45,0,0,4,52,32,7,86,20,3,4,0,25,0,0,0,25,58,7,91,7,3,0,0,9,0,0,0,9,49,3,61,6,0,0,3,12,0,0,0,12,74,8,94,514,119,27,33,692,15,8,23,720,314,49,1074,8,10,3,0,25,3,3,7,29,14,3,44,37,8,0,0,44,0,0,0,50,4,0,58
LGA37550,106,24,10,28,137,230,17,379,3,5,0,0,10,15,0,16,25,74,6,107,18,12,0,0,28,9,0,8,42,36,5,81,21,4,0,0,26,15,0,13,40,29,3,77,16,6,0,0,21,8,0,10,32,22,0,55,12,4,0,4,22,4,0,4,26,20,3,55,10,4,0,0,24,0,0,0,22,28,0,51,12,9,0,0,25,3,0,7,29,17,4,58,17,5,0,0,20,0,0,4,26,19,3,44,14,4,0,0,16,4,0,4,23,18,0,35,8,8,0,0,13,0,0,0,13,5,0,23,0,0,0,0,0,0,0,0,0,10,0,15,4,0,0,0,4,0,0,0,4,3,0,7,0,0,0,0,0,0,0,0,0,10,0,11,131,61,11,4,207,65,13,74,279,294,37,607,3,7,0,5,14,6,0,6,17,64,7,81,5,7,0,4,18,3,8,10,31,57,23,111
LGA37570,23,3,0,5,27,73,10,104,0,5,0,0,6,3,5,5,14,19,0,37,0,9,0,0,9,4,0,5,10,13,0,29,8,9,0,0,15,0,0,0,11,6,0,21,5,0,0,0,6,0,0,0,6,7,0,16,9,8,0,0,15,3,0,5,22,8,0,26,14,9,0,0,18,0,3,0,21,3,0,26,0,12,0,0,12,0,0,0,10,8,0,17,5,4,0,0,10,0,0,0,14,3,0,20,3,0,0,0,8,0,0,0,8,4,0,14,5,0,0,0,5,0,0,0,5,10,0,10,0,0,0,0,0,0,0,0,0,3,0,5,0,0,0,0,0,0,0,0,0,3,0,3,0,0,0,0,0,0,0,0,0,4,0,4,52,45,0,0,97,16,11,20,119,90,8,212,0,0,0,0,6,0,0,0,0,14,0,15,0,3,0,0,11,6,0,6,15,13,0,32
LGA37600,209,78,36,109,325,558,35,916,8,3,0,0,15,71,3,76,85,156,7,257,14,13,0,3,33,101,0,102,133,108,3,242,17,4,0,0,21,71,8,79,103,71,0,170,14,5,0,0,25,49,8,54,79,59,0,142,33,9,0,0,47,38,3,42,84,49,0,134,30,19,0,0,55,50,4,56,111,50,4,167,26,20,3,0,45,34,9,41,87,62,0,150,24,14,3,4,38,12,6,22,60,54,0,114,15,4,0,0,24,18,0,22,41,42,0,87,5,0,0,0,4,4,0,7,15,32,0,45,0,0,0,0,0,0,0,0,0,29,0,29,0,0,0,0,0,0,0,0,0,18,0,20,0,0,0,0,0,0,0,0,0,24,0,24,190,95,16,11,306,443,51,498,807,753,13,1574,3,3,0,0,10,43,3,44,56,194,7,256,24,10,3,5,44,49,4,52,94,119,11,223
LGA39499,1512,218,163,384,1892,2883,1349,6127,56,65,4,6,132,70,33,98,227,181,114,523,315,147,32,12,503,103,39,146,649,277,189,1118,410,155,31,26,620,115,30,145,762,281,181,1223,253,99,39,4,395,78,8,91,485,237,152,872,222,71,25,11,328,65,17,76,408,238,146,788,184,76,30,5,289,67,10,78,369,244,161,772,221,86,20,9,331,66,17,82,412,245,157,817,201,81,34,10,324,70,22,92,420,363,115,898,221,80,30,5,334,61,26,88,420,630,151,1199,129,83,20,3,234,44,24,71,302,997,145,1445,26,35,10,0,65,6,8,13,80,817,89,993,13,7,0,0,17,0,0,0,21,415,55,495,0,0,0,0,6,0,0,0,8,277,59,346,2248,982,264,99,3592,741,227,970,4563,5208,1716,11485,40,49,5,5,100,54,25,82,180,158,69,408,257,184,19,18,477,111,31,141,621,288,232,1130
LGA39799,0,0,0,0,3,0,24,28,4,5,0,0,8,0,3,3,8,10,0,21,23,6,0,3,41,0,0,0,37,5,4,50,17,3,5,0,29,0,0,0,27,3,7,37,13,0,0,0,16,0,0,0,19,4,3,24,11,6,3,0,24,0,0,0,24,6,10,31,8,0,3,0,20,5,0,5,21,0,4,29,12,4,0,0,15,0,0,0,18,3,13,32,25,0,6,0,37,0,0,0,35,0,11,48,11,4,0,0,19,0,0,0,19,8,4,37,11,4,0,0,21,0,0,0,21,13,6,40,6,0,0,0,7,0,0,0,7,19,6,29,0,3,0,0,3,0,0,0,3,19,8,22,0,0,0,0,3,0,0,0,3,38,12,48,159,47,24,17,237,8,3,7,246,125,80,450,0,3,0,0,5,0,0,0,5,0,0,12,3,0,0,0,3,0,0,0,3,5,0,6
LGA40070,6055,230,365,588,6642,4123,791,11556,45,200,25,5,271,10,118,129,399,829,92,1312,518,826,80,27,1440,72,288,363,1801,2038,311,4147,1221,528,63,28,1838,70,66,133,1976,596,265,2836,886,256,54,21,1211,60,21,80,1287,302,153,1741,623,171,28,3,827,35,15,55,880,241,122,1249,467,124,28,12,626,26,9,34,662,210,118,992,465,134,40,3,643,29,17,45,692,206,111,1011,482,144,27,6,658,23,5,28,688,198,107,987,426,157,26,5,614,19,10,27,638,229,86,952,346,186,26,4,565,5,8,11,576,395,104,1079,126,118,11,5,254,6,3,3,257,384,60,702,40,63,8,4,106,0,5,5,113,344,44,500,8,22,8,4,34,0,0,0,34,841,121,996,5637,2922,411,121,9092,355,561,913,10006,6803,1693,18500,25,232,23,22,296,11,158,169,471,995,113,1584,368,774,60,44,1246,71,320,391,1636,2659,401,4696
LGA40120,10301,109,233,343,10637,5672,645,16959,260,888,50,20,1218,51,132,181,1403,1381,61,2842,693,686,54,30,1471,63,56,123,1588,339,45,1970,749,282,48,6,1084,31,8,38,1120,216,37,1373,818,389,96,21,1318,22,17,33,1348,279,34,1663,1200,688,94,19,2005,36,27,64,2065,379,52,2499,1637,853,98,33,2620,40,35,74,2688,333,73,3089,1782,850,94,28,2758,40,26,65,2827,288,87,3201,1838,801,135,34,2802,47,15,62,2868,369,78,3314,1456,754,120,26,2362,39,24,59,2424,522,66,3011,895,695,84,29,1701,21,14,39,1737,1077,83,2896,278,334,46,7,663,3,8,8,675,1208,63,1947,64,101,10,6,189,0,3,6,193,975,59,1223,32,52,7,7,99,0,0,0,101,1753,141,1998,11701,7369,941,275,20291,382,366,753,21039,9115,883,31034,174,772,27,29,999,32,195,227,1230,1358,100,2684,627,773,44,15,1457,51,73,121,1582,280,96,1954
LGA40150,2257,36,45,84,2338,1293,228,3860,83,147,0,10,244,24,27,51,294,333,21,646,193,78,15,8,299,19,9,24,326,69,24,415,198,77,10,11,295,12,6,15,312,79,19,410,200,84,20,12,316,8,3,9,319,76,17,417,267,122,22,9,415,15,12,28,444,106,16,565,385,174,14,3,585,9,9,22,607,121,26,757,406,142,25,13,584,18,3,23,608,131,42,778,350,141,24,10,523,16,6,22,548,117,28,684,241,94,23,11,361,7,3,10,375,171,26,578,156,75,18,5,255,0,4,9,264,226,19,507,36,34,4,0,74,0,3,3,74,263,19,359,9,16,4,0,27,0,0,0,27,187,16,231,5,9,5,0,21,0,0,0,21,257,16,295,2523,1200,185,89,3993,127,83,214,4203,2140,296,6649,40,147,7,5,202,30,38,68,274,279,28,584,201,134,5,6,346,41,14,50,398,70,34,506
LGA40220,5652,87,144,237,5889,6220,614,12722,149,417,29,31,622,70,53,120,742,624,34,1403,392,243,24,25,687,64,20,85,772,152,32,952,388,183,36,19,626,33,14,44,670,150,21,845,441,249,51,20,765,19,12,33,801,201,23,1027,561,348,44,24,971,31,14,43,1020,239,42,1296,732,395,39,22,1194,26,23,50,1241,217,31,1488,707,450,52,19,1232,33,31,62,1290,231,50,1572,802,423,53,20,1288,36,24,60,1350,312,54,1724,623,421,55,8,1107,23,22,51,1156,483,49,1690,381,436,62,17,887,17,13,33,922,1123,74,2121,136,204,18,3,370,3,7,11,376,1400,70,1849,46,63,9,6,123,0,0,0,120,1264,64,1454,18,29,6,4,58,0,0,0,60,2098,140,2296,5380,3860,461,219,9924,371,235,606,10528,8490,687,19706,108,365,20,17,504,33,60,92,599,631,80,1306,340,301,41,18,693,60,26,87,778,170,62,1016
LGA40250,320,54,23,79,398,491,82,967,13,19,0,0,25,11,4,13,39,180,6,233,25,40,5,9,83,26,7,27,108,138,12,263,67,37,7,6,118,13,0,15,132,130,17,281,40,33,0,9,78,11,4,13,94,76,8,186,31,37,0,0,64,7,0,7,75,81,13,170,28,29,0,6,65,9,0,9,77,60,14,150,45,13,4,7,71,4,0,4,81,61,9,145,49,11,0,0,58,4,0,4,67,23,5,94,33,18,9,0,65,0,0,0,63,19,7,95,19,13,3,0,37,0,0,0,37,34,0,73,7,4,0,0,14,0,0,0,14,31,6,48,4,6,0,0,9,0,0,0,9,21,0,28,4,11,0,0,15,4,0,4,18,33,4,50,367,269,34,43,714,89,12,95,813,888,106,1802,4,3,0,0,9,22,4,24,34,131,23,182,36,24,0,3,61,37,10,47,113,118,24,249
LGA40310,5926,80,123,202,6131,4022,424,10572,193,445,22,20,685,37,60,93,775,598,21,1394,528,229,28,11,794,43,14,54,852,108,32,991,626,199,36,14,875,29,17,44,916,143,20,1082,604,266,42,13,934,16,12,24,959,186,40,1186,722,360,50,15,1159,26,9,33,1195,193,33,1426,875,442,40,22,1380,17,15,36,1415,214,51,1677,927,410,33,16,1389,22,12,35,1424,157,34,1620,884,422,48,14,1369,20,15,32,1404,194,44,1635,744,393,44,11,1199,20,10,25,1223,314,51,1576,452,277,49,6,788,4,11,13,800,621,64,1480,115,123,19,6,263,0,6,6,267,810,34,1111,37,44,3,8,89,0,0,3,97,695,38,824,22,30,9,6,64,0,0,3,67,1569,123,1757,6732,3654,433,164,10981,233,173,412,11391,5803,568,17762,143,450,19,15,633,35,56,85,718,685,73,1476,431,300,35,13,775,61,27,87,857,126,51,1033
LGA40430,436,3,17,19,456,566,92,1111,16,20,0,0,34,3,0,3,36,66,5,112,25,16,0,3,46,0,0,3,43,10,3,61,45,13,0,0,59,0,0,4,61,19,0,85,37,13,0,0,53,0,0,3,61,17,0,78,55,36,0,0,100,3,5,5,101,24,6,127,74,40,3,3,117,0,3,3,121,21,11,153,78,51,5,5,135,4,0,5,145,29,11,181,86,45,0,0,137,0,6,9,146,37,11,192,66,35,6,0,110,3,0,4,112,68,11,193,48,33,5,4,86,0,0,4,93,148,7,248,23,10,0,0,33,0,0,0,31,168,3,204,4,9,0,0,10,0,0,0,10,113,3,127,0,3,0,0,6,0,0,0,6,277,23,310,555,322,32,13,929,30,17,48,972,1005,92,2071,12,23,0,0,37,6,10,11,52,57,5,114,36,14,5,0,51,5,0,3,50,13,0,63
LGA40520,2198,52,69,120,2318,1876,257,4450,75,162,6,5,250,28,31,59,308,326,33,660,221,84,9,8,316,51,7,56,380,109,26,512,244,100,16,9,370,33,12,46,418,126,17,562,211,111,18,8,350,18,9,27,377,132,23,529,256,131,29,15,431,10,17,23,457,114,33,604,321,165,16,10,505,30,11,37,539,135,32,705,342,168,16,14,538,13,6,22,563,134,36,728,370,169,23,12,568,21,12,33,602,152,45,797,280,148,25,9,463,16,12,24,488,216,40,735,173,141,17,16,342,8,8,12,350,355,43,749,39,52,9,5,110,0,0,0,110,370,35,507,15,18,7,0,44,0,0,0,44,367,37,440,8,19,5,0,33,0,0,0,33,773,131,928,2545,1464,198,108,4310,226,114,341,4650,3305,520,8479,63,157,3,9,232,24,20,43,279,323,42,642,224,111,4,6,342,27,11,40,383,86,26,500
LGA40700,11029,178,313,486,11510,8302,418,20234,86,872,47,35,1041,19,144,167,1203,1722,57,2986,691,1113,65,51,1926,68,122,191,2116,732,95,2946,1103,393,61,28,1587,59,31,92,1676,285,92,2051,910,347,94,9,1354,48,27,69,1421,234,73,1736,1068,588,70,17,1751,51,18,75,1824,347,62,2233,1475,710,59,44,2284,52,28,82,2366,381,83,2834,1644,744,79,28,2493,48,29,78,2574,366,104,3043,1764,727,87,27,2608,55,18,79,2680,409,101,3192,1477,638,85,18,2222,34,22,55,2282,551,96,2927,952,659,85,20,1713,26,18,43,1753,1107,95,2964,355,442,30,16,841,4,9,7,851,1425,94,2375,95,191,22,4,311,0,5,5,314,1361,93,1765,28,114,19,11,167,0,0,0,170,3799,457,4426,11647,7535,812,307,20301,474,471,941,21243,12734,1520,35494,56,840,39,10,951,14,220,235,1188,1875,73,3141,513,1015,49,14,1596,67,128,192,1789,707,77,2574
LGA40910,13406,277,403,676,14086,9103,746,23937,208,950,42,67,1269,50,151,201,1470,1558,68,3089,1061,1010,58,75,2197,111,134,239,2440,752,100,3287,1493,535,91,43,2162,93,47,143,2306,443,84,2833,1476,568,123,42,2208,77,47,124,2331,479,83,2897,1569,753,86,47,2454,57,32,90,2546,532,114,3190,1764,903,91,51,2803,73,53,125,2930,573,83,3590,1861,765,68,49,2736,74,41,118,2854,512,93,3460,1626,695,78,39,2444,61,28,82,2533,488,83,3101,1114,603,91,41,1849,33,19,56,1901,619,74,2596,685,536,69,30,1311,19,19,37,1350,1211,78,2637,198,288,29,6,520,0,6,4,533,1788,84,2399,60,112,17,3,189,0,0,4,196,2048,89,2336,14,36,10,8,70,0,0,0,70,4253,382,4700,13131,7755,845,493,22227,654,575,1227,23452,15246,1415,40118,105,907,22,19,1054,51,240,294,1340,1607,78,3027,846,1143,45,63,2089,133,173,305,2392,748,77,3214
LGA41010,757,25,10,32,791,475,97,1367,50,34,7,6,92,4,4,16,110,102,17,225,93,33,5,3,139,5,6,12,147,45,11,206,94,48,6,0,149,3,0,12,160,43,10,210,96,44,6,3,153,9,0,9,157,35,11,198,133,47,5,5,199,4,4,8,202,34,8,243,160,54,4,4,215,3,0,3,220,27,10,254,122,48,3,3,170,8,0,8,182,38,13,227,126,54,10,4,197,9,4,6,207,34,6,238,116,49,18,4,182,3,4,9,187,61,3,254,72,36,12,0,125,5,0,8,129,76,8,213,26,21,0,0,52,0,0,0,55,111,11,172,0,18,0,0,18,0,0,0,18,79,9,105,0,0,0,4,3,0,0,0,3,143,16,165,1084,481,86,40,1696,60,21,75,1776,816,124,2713,27,46,4,4,75,4,0,4,79,97,27,207,95,34,5,6,142,3,3,7,154,28,28,205
LGA41060,30181,573,814,1387,31574,19956,1871,53395,497,1916,100,90,2601,170,302,470,3071,2979,199,6249,2539,2028,167,144,4880,298,236,537,5410,1279,277,6968,3722,1258,212,107,5299,232,106,333,5634,1020,305,6954,3402,1287,270,92,5049,188,91,285,5335,1093,278,6703,3452,1442,265,95,5250,205,81,288,5540,1190,251,6973,3719,1884,210,96,5905,172,93,266,6174,1255,266,7695,3787,1638,176,84,5695,163,71,232,5928,1228,254,7401,3612,1526,220,88,5446,149,62,205,5653,1517,273,7443,2693,1268,207,55,4212,108,50,159,4373,1819,218,6414,1432,1104,143,46,2726,47,45,97,2826,3123,250,6200,396,477,58,31,959,4,8,9,968,3539,263,4767,64,175,22,6,276,5,0,3,286,3657,267,4203,33,94,16,15,156,0,4,4,155,8968,1238,10367,29350,16098,2074,938,48456,1754,1135,2894,51347,32664,4327,88337,299,1965,84,43,2400,147,507,648,3048,2984,239,6277,2202,2498,140,106,4944,326,319,644,5591,1587,358,7535
LGA41140,2123,24,42,67,2193,1474,236,3900,65,148,7,4,222,11,16,29,257,239,7,505,220,79,16,8,320,9,4,17,338,59,14,404,223,61,18,11,319,9,3,7,330,79,9,418,170,103,25,9,302,6,0,4,305,86,11,402,244,131,16,11,400,3,8,11,412,57,9,478,346,159,11,8,523,12,10,21,541,83,18,645,317,134,27,12,482,13,5,21,504,93,21,618,314,182,24,4,525,7,3,15,537,85,22,643,314,147,27,9,501,6,8,11,514,159,25,694,174,152,8,0,335,4,0,3,344,254,22,618,81,87,13,6,183,0,0,0,180,352,14,551,26,35,3,0,61,0,0,0,61,280,13,361,21,31,3,0,55,0,0,0,55,579,71,708,2513,1444,190,71,4226,81,65,146,4371,2405,267,7039,48,131,3,4,190,5,14,23,208,222,24,453,153,87,9,9,257,9,0,13,266,50,20,335
LGA41190,374,6,0,6,379,241,53,670,15,23,0,5,40,0,0,4,43,31,0,74,56,15,0,3,82,0,0,0,79,10,0,89,46,15,4,0,57,0,0,0,61,9,0,73,43,25,4,0,73,0,0,0,74,10,0,87,57,30,0,3,94,0,0,0,94,21,0,113,81,25,0,0,110,0,0,0,105,17,0,119,81,34,0,0,114,0,0,0,113,18,0,130,85,35,12,3,125,3,0,3,130,21,3,153,63,27,0,3,102,0,0,0,102,25,0,127,36,21,6,0,66,0,0,0,66,63,0,131,20,20,0,3,44,0,0,0,44,48,3,93,3,8,0,0,18,0,0,0,18,55,0,64,8,4,3,0,14,0,0,0,14,136,14,165,585,284,38,21,925,14,0,11,935,437,30,1405,4,24,0,0,34,0,4,4,35,56,12,105,34,15,4,0,45,0,0,3,49,13,4,61
LGA41330,257,10,5,17,274,194,116,584,16,15,0,0,28,0,0,0,38,28,6,69,36,8,8,0,50,9,0,8,58,19,12,84,30,20,0,4,53,8,0,8,59,14,7,90,45,17,3,0,60,5,0,5,66,18,7,89,43,28,0,0,65,8,0,7,76,19,7,109,39,17,0,4,57,6,0,7,66,19,12,101,59,20,6,0,87,11,0,10,100,37,15,153,58,20,6,0,86,3,0,3,93,29,5,122,46,12,6,3,62,0,3,6,67,34,17,122,34,27,3,0,66,0,4,4,72,60,13,141,26,17,5,3,44,0,0,0,44,89,21,153,0,14,0,0,14,0,0,0,14,76,15,105,0,0,0,0,5,0,0,0,5,62,14,70,427,207,40,18,695,51,11,62,756,502,162,1415,5,4,0,0,11,4,0,4,13,34,11,57,29,8,0,0,37,7,0,7,47,19,19,82
LGA41560,2670,95,84,178,2849,3275,441,6563,95,229,12,20,360,22,24,49,410,287,10,704,252,111,17,14,392,38,7,48,443,115,19,581,212,104,27,6,354,25,9,34,386,135,15,534,237,114,23,6,377,18,12,35,409,133,23,572,240,153,19,8,417,14,8,28,440,106,13,559,340,227,24,10,601,18,10,30,634,166,33,829,371,238,28,12,639,16,13,25,663,195,29,888,357,181,26,13,582,33,13,51,627,254,29,906,309,188,41,10,553,15,12,24,580,349,27,955,146,188,35,8,370,20,14,36,409,634,40,1080,33,64,8,0,110,0,0,0,110,850,39,990,17,40,6,0,65,0,0,0,65,710,36,807,7,9,3,0,25,0,0,0,23,1208,106,1341,2615,1843,272,100,4831,227,128,355,5189,5150,410,10750,60,253,12,10,335,24,39,64,404,309,30,738,218,137,14,6,375,46,13,57,436,96,43,572
LGA41750,217,7,0,9,222,134,27,381,3,4,0,0,18,0,0,0,18,28,0,44,27,4,8,3,37,4,4,3,38,15,4,62,31,10,4,0,44,0,0,0,44,4,0,51,31,7,0,0,42,4,0,5,47,9,0,56,32,10,5,0,46,5,0,3,47,15,0,62,29,25,4,0,55,4,0,0,62,4,0,70,55,28,3,0,84,0,0,0,82,12,0,97,56,14,3,0,67,3,0,3,80,17,4,93,39,20,4,4,66,4,4,7,75,24,5,101,23,8,5,0,33,0,0,0,32,28,0,60,12,9,0,0,20,0,0,0,20,29,4,56,11,3,0,0,15,0,0,0,15,18,6,38,4,0,0,0,4,0,0,0,4,50,6,59,343,151,27,11,529,25,11,33,564,259,23,845,3,3,0,0,12,0,0,0,12,17,0,32,12,8,0,0,24,4,0,3,32,9,3,40
LGA41830,350,5,8,12,363,287,71,716,16,24,0,0,44,3,4,6,48,43,4,103,36,13,0,3,55,5,0,3,54,11,5,72,32,7,3,0,42,3,0,3,40,9,6,53,41,20,0,3,73,4,4,3,75,13,0,91,42,19,3,0,67,0,0,0,67,17,7,88,59,31,9,4,102,4,0,4,100,8,5,115,64,23,10,7,97,0,0,5,102,17,10,127,51,29,10,0,86,4,0,3,95,22,0,116,70,21,0,0,100,3,4,6,102,31,9,142,47,23,0,0,70,0,0,3,73,67,11,147,18,12,0,0,32,0,0,0,31,69,10,111,0,0,0,0,3,0,0,0,3,61,5,72,5,0,0,6,11,0,0,0,11,124,14,147,482,218,43,19,763,25,12,42,799,503,80,1388,14,19,0,0,35,0,0,0,33,46,3,82,35,10,0,0,47,3,0,8,50,15,0,72
LGA41960,255,3,0,4,265,221,51,536,6,24,0,0,34,3,0,5,40,22,5,69,25,13,6,0,44,3,0,3,44,13,0,64,27,5,0,0,40,0,0,4,42,3,0,50,26,12,5,0,40,0,0,0,40,9,5,54,17,27,10,0,51,0,0,4,52,5,8,60,56,24,0,0,78,0,0,0,81,11,8,89,40,18,11,0,63,5,0,3,67,13,6,88,34,15,3,0,49,3,0,3,53,13,6,73,39,23,4,0,67,0,0,0,72,27,13,108,27,14,3,0,45,0,0,0,48,59,11,119,13,13,0,0,24,0,0,0,24,72,4,95,3,0,0,0,9,0,0,0,9,31,3,40,4,0,0,0,3,0,0,0,3,69,11,80,317,184,42,0,544,24,6,26,574,344,77,991,4,14,0,0,21,5,0,4,25,17,4,44,24,14,6,0,43,0,0,4,46,6,5,57
LGA42030,5608,137,157,298,5902,4398,480,10788,188,428,20,22,660,52,77,125,787,627,57,1472,564,323,32,26,951,79,19,102,1048,193,56,1295,691,197,45,20,956,42,20,56,1012,202,50,1261,507,215,33,20,785,27,12,49,826,196,30,1057,551,265,40,10,867,44,25,67,932,193,49,1172,682,346,46,24,1102,32,19,45,1154,192,54,1396,784,346,34,10,1174,33,21,51,1228,216,59,1498,783,320,45,21,1171,28,3,31,1204,258,55,1518,582,266,41,11,895,23,9,33,927,334,41,1300,267,191,35,12,512,11,4,9,521,559,35,1108,46,87,10,0,139,0,3,3,145,783,41,965,16,26,0,5,42,0,0,0,43,786,57,894,8,24,0,4,33,0,0,0,33,1637,182,1850,5668,3041,392,185,9284,370,207,580,9862,6169,765,16799,115,446,18,17,592,65,120,186,775,642,58,1473,530,411,30,19,989,125,62,189,1179,256,70,1504
LGA42110,768,17,21,36,814,755,129,1692,46,47,4,3,99,6,9,18,117,150,13,272,74,28,4,0,111,6,0,8,115,35,6,154,71,13,0,3,91,8,0,5,96,27,0,122,68,50,6,0,122,3,0,10,128,37,4,173,102,65,0,9,174,4,0,5,175,37,10,226,119,60,4,0,191,8,3,10,197,54,10,266,135,74,9,3,231,11,3,17,241,70,10,317,160,88,12,6,263,5,0,8,269,84,15,370,148,66,5,0,231,0,0,0,228,96,10,336,92,35,6,7,140,3,3,10,146,132,11,291,29,26,3,0,62,0,0,0,65,188,10,258,19,11,4,0,39,0,0,0,39,166,12,211,17,12,0,5,28,0,0,0,30,319,36,387,1085,590,62,34,1767,54,34,90,1858,1387,142,3387,15,34,3,3,57,7,10,18,75,128,11,213,68,41,0,3,114,7,9,15,126,21,9,161
LGA42250,1929,27,28,54,1983,909,264,3155,79,165,3,15,264,15,23,41,306,227,17,545,153,58,10,9,227,21,0,18,250,34,11,293,137,56,14,7,215,15,4,19,231,69,12,312,160,106,19,4,287,7,4,14,298,71,10,376,222,148,22,0,399,9,6,10,414,98,11,520,356,180,22,3,564,20,0,21,585,88,13,683,360,173,17,11,558,16,4,20,576,103,19,697,298,147,29,8,480,12,4,17,494,105,15,616,260,120,26,8,421,15,6,19,435,155,16,611,193,114,32,3,340,4,7,13,349,205,20,576,50,44,17,3,114,0,0,0,116,228,15,361,23,22,4,3,54,0,0,0,54,197,14,257,16,18,5,0,36,0,0,0,36,244,74,354,2306,1349,222,82,3954,129,57,183,4140,1820,239,6199,74,167,12,8,260,5,9,17,281,208,20,505,145,70,3,5,228,14,0,19,243,72,18,337
LGA42600,9359,124,197,317,9683,6966,584,17226,175,722,36,37,970,35,124,160,1131,789,64,1986,819,788,64,52,1716,67,68,134,1851,347,128,2325,1268,386,83,23,1755,50,38,83,1843,246,126,2213,1036,345,72,21,1472,49,25,73,1548,270,90,1908,973,456,69,14,1519,50,25,74,1592,302,89,1986,1139,505,77,20,1740,42,20,63,1800,286,84,2174,1350,606,73,20,2053,50,17,75,2122,266,90,2478,1457,569,93,32,2153,33,17,55,2204,360,134,2697,1195,553,82,18,1845,40,27,60,1910,548,109,2568,667,510,75,20,1269,23,16,39,1312,1058,90,2462,166,242,20,6,436,4,8,12,449,1255,60,1765,32,91,8,4,135,0,0,0,133,1123,84,1335,22,56,7,4,91,0,3,0,93,3927,334,4357,10291,5828,760,272,17151,451,376,829,17982,10771,1492,30244,94,649,33,10,786,27,143,167,952,804,63,1816,598,823,52,34,1511,80,90,172,1678,296,100,2076
LGA42750,1110,17,16,38,1143,687,171,2001,25,65,0,3,92,0,7,9,100,86,5,189,66,43,4,5,120,7,0,7,124,21,3,150,104,52,11,0,174,7,0,3,180,18,19,219,96,67,7,0,171,4,4,6,175,28,4,213,105,82,5,0,197,4,3,7,207,39,12,256,127,96,11,9,237,3,3,8,244,42,11,301,134,109,16,6,266,15,5,20,286,56,11,352,159,132,17,10,310,11,3,19,321,54,19,401,145,93,30,0,265,9,3,14,284,94,13,392,100,98,23,0,224,7,9,13,231,152,22,402,34,49,9,3,89,0,0,0,90,165,19,271,10,22,6,0,40,0,0,0,40,120,14,173,3,7,0,0,11,0,0,0,11,267,25,305,1108,912,139,37,2195,64,36,103,2298,1152,180,3624,17,80,3,5,103,4,3,12,112,83,14,218,68,40,4,4,115,8,0,11,122,13,18,158
LGA43080,183,5,0,7,194,163,31,389,13,13,0,3,28,0,4,4,28,33,0,63,23,4,5,0,25,0,0,0,23,7,0,30,16,0,0,0,17,0,0,0,17,10,0,22,16,11,0,0,33,5,0,5,34,7,0,41,26,20,0,0,50,0,0,0,57,9,5,72,40,15,0,0,56,0,0,0,56,9,4,69,43,21,0,6,68,0,0,0,72,15,0,87,48,17,0,0,60,0,0,4,64,15,4,84,39,14,5,0,62,0,0,0,62,20,3,82,36,14,0,3,57,0,0,0,54,34,10,99,6,6,3,0,17,0,0,0,17,30,0,52,3,0,0,0,5,0,0,0,5,29,3,36,6,6,0,0,12,0,0,0,12,79,8,98,316,142,19,16,494,7,8,16,510,286,42,841,10,15,0,0,24,0,3,5,21,39,0,61,22,6,0,0,20,4,0,3,28,6,4,37
LGA43220,229,0,4,4,236,129,29,396,11,19,6,0,36,0,0,0,36,20,0,55,29,7,0,0,40,0,0,0,40,4,0,40,33,16,6,0,51,0,0,0,51,5,8,64,35,9,4,0,51,0,0,0,51,9,0,63,28,15,0,0,46,0,0,0,46,8,0,54,46,15,4,0,61,0,0,0,58,3,3,67,47,14,4,0,63,0,0,0,63,6,0,69,52,15,0,5,75,0,0,0,75,11,0,86,41,14,0,0,59,0,0,0,59,14,6,77,33,14,3,0,51,0,5,5,57,16,3,74,7,18,0,0,31,0,0,0,29,23,5,55,9,4,0,0,11,0,0,0,11,41,0,53,4,0,0,0,3,0,0,0,3,80,35,117,386,160,25,11,582,3,5,3,587,234,57,878,10,17,0,3,26,0,0,0,29,6,0,35,22,13,5,0,33,3,0,3,36,4,7,43
LGA43360,501,0,5,12,506,426,56,989,20,46,5,4,76,0,0,6,78,57,0,134,45,28,0,3,74,3,3,3,82,21,0,105,59,26,5,0,92,0,0,0,99,16,5,122,46,27,6,4,82,0,0,0,82,20,5,107,55,34,3,0,88,0,0,0,90,30,5,128,66,34,4,0,101,4,0,5,102,28,3,135,55,42,11,0,110,5,0,5,115,28,5,144,67,44,5,6,125,3,0,3,125,35,3,163,90,42,11,3,141,3,0,3,144,41,11,198,46,34,11,0,90,0,0,0,95,92,6,196,23,21,5,0,56,0,0,0,56,106,3,166,6,9,6,0,24,0,0,0,24,88,10,116,10,9,4,0,23,0,0,0,24,171,30,230,591,379,78,34,1070,24,9,30,1108,736,87,1920,9,37,0,3,51,0,0,0,57,44,5,99,47,21,5,0,75,4,3,11,82,9,6,106
LGA43650,3929,63,66,128,4060,2029,266,6355,104,284,19,15,427,29,47,78,503,487,27,1010,286,195,18,13,509,43,18,57,564,124,31,715,346,130,33,8,512,17,12,31,548,104,25,669,350,170,40,9,563,10,7,24,581,127,16,723,535,245,35,13,824,18,13,27,856,131,23,1000,577,265,19,12,882,14,11,27,904,133,34,1066,635,290,36,17,975,17,12,28,1004,153,35,1192,633,242,38,14,931,11,8,20,956,149,35,1144,409,186,36,13,643,5,11,17,655,222,19,898,197,142,17,3,364,8,3,10,374,307,23,700,64,88,11,0,174,0,0,0,174,373,15,561,29,30,5,0,64,0,0,0,64,298,18,380,19,20,0,0,45,0,0,0,45,514,54,613,4193,2286,304,122,6901,175,138,307,7214,3110,350,10675,93,311,19,9,432,34,55,90,526,503,38,1064,294,241,16,17,574,40,20,56,633,134,38,802
LGA43710,1300,19,22,34,1337,748,144,2226,44,100,9,3,157,10,16,19,178,138,5,322,85,37,7,0,128,5,0,6,137,29,6,176,113,41,10,0,166,5,0,6,171,46,4,222,123,67,9,0,192,6,0,6,199,51,6,259,139,85,13,4,239,4,0,9,240,65,5,322,196,116,9,6,330,4,8,10,337,62,9,407,199,88,13,5,308,7,5,14,318,61,12,393,187,92,14,3,298,7,6,14,313,81,12,410,141,82,7,3,246,5,0,3,250,91,4,346,73,65,11,6,161,6,4,6,167,145,7,316,41,37,7,0,79,0,0,0,79,163,8,251,13,13,0,0,29,3,0,3,31,145,6,180,7,0,0,5,13,0,0,0,13,219,14,244,1364,819,107,45,2336,60,40,95,2435,1300,101,3831,34,94,3,4,134,8,9,12,152,143,26,321,86,41,0,0,135,3,0,9,139,31,13,186
LGA43790,2453,33,40,74,2530,1953,312,4797,107,207,14,5,335,17,34,51,387,338,34,752,236,89,14,11,346,28,17,42,391,82,15,491,243,105,24,9,374,20,3,17,393,100,10,504,228,141,15,11,392,14,6,25,414,95,13,525,314,188,17,8,530,20,3,21,553,108,23,687,376,191,21,7,595,22,15,34,627,129,24,782,424,194,21,11,639,11,8,25,664,133,27,835,415,174,28,10,629,13,0,10,645,127,24,795,360,158,37,7,563,9,10,24,585,222,26,831,230,171,25,9,434,7,9,21,452,335,31,810,72,87,9,5,169,3,0,3,173,473,31,680,26,32,4,4,67,0,0,0,64,401,14,476,12,15,5,8,43,0,0,0,43,854,68,968,3049,1750,228,96,5125,166,111,277,5404,3388,345,9138,85,192,12,8,297,15,20,30,325,343,34,702,238,107,16,9,360,20,13,30,392,82,29,501
LGA44000,20,0,0,0,20,20,0,40,0,0,0,0,0,0,0,0,0,6,0,6,0,0,0,0,3,0,0,0,3,5,0,9,0,0,0,0,0,0,0,0,0,4,0,4,0,0,0,0,0,0,0,0,0,4,0,4,0,0,0,4,4,0,0,0,4,0,0,4,0,0,0,0,8,0,0,0,8,0,0,8,0,0,0,0,0,0,0,0,0,0,0,4,0,0,0,0,0,0,0,0,0,7,4,8,5,0,0,0,5,0,0,0,5,0,3,11,0,0,0,0,0,0,0,0,0,3,0,7,0,0,0,0,0,0,0,0,0,0,0,0,0,0,0,0,0,0,0,0,0,0,0,0,0,0,0,0,0,0,0,0,0,0,0,0,8,7,0,3,23,0,0,0,23,34,6,62,0,0,0,0,0,0,0,0,0,0,3,9,0,0,0,0,0,0,0,0,0,0,10,5
LGA44060,24087,427,683,1110,25197,15235,1213,41649,465,1703,97,68,2332,146,259,409,2737,2307,164,5215,2081,1810,159,97,4153,243,165,410,4563,1111,216,5887,3210,1105,205,59,4576,169,87,255,4834,815,197,5851,2946,1128,295,55,4430,131,81,210,4638,869,173,5680,2848,1274,196,52,4372,121,77,205,4568,928,165,5668,2778,1333,139,61,4314,117,70,186,4502,837,171,5512,2939,1416,149,50,4553,121,60,186,4741,848,185,5776,2933,1286,201,63,4478,103,73,170,4647,1023,151,5828,2417,1136,196,55,3806,87,57,146,3949,1430,186,5568,1243,881,125,30,2274,43,34,80,2356,2174,157,4682,274,374,46,14,700,0,12,15,711,2638,121,3471,58,125,13,0,199,4,5,6,204,2553,149,2899,16,54,19,11,95,0,0,3,96,6760,645,7503,24196,13617,1831,627,40270,1294,986,2277,42552,24290,2688,69529,250,1646,61,45,1999,129,439,563,2569,2315,144,5027,1791,2208,148,74,4218,271,284,546,4774,1334,270,6375
LGA44210,1586,46,57,102,1688,1740,315,3741,58,92,10,3,169,17,16,29,198,225,29,444,124,52,6,8,193,22,3,24,216,62,9,286,123,59,3,0,189,14,0,15,203,74,23,301,121,62,11,4,201,10,4,17,218,80,21,323,174,102,12,0,288,12,3,15,299,108,29,445,249,137,12,7,399,20,8,27,431,113,29,566,295,137,14,6,443,18,6,23,472,130,42,645,265,149,29,4,446,14,13,25,468,185,27,681,246,156,28,5,436,11,6,18,450,244,38,737,179,116,16,9,325,6,7,15,337,413,42,793,52,46,10,3,113,0,6,6,113,450,24,591,28,19,3,0,45,0,0,0,45,390,35,473,6,10,0,0,20,0,0,0,20,530,65,613,1921,1131,152,56,3260,136,71,211,3470,3002,415,6897,46,97,6,0,158,15,7,20,174,234,21,425,123,82,9,4,216,13,4,19,242,90,24,349
LGA44340,17060,209,433,640,17703,10619,713,29040,236,1386,91,44,1764,59,285,342,2104,2068,79,4251,1180,1534,105,62,2884,127,177,308,3190,910,141,4243,1763,740,110,34,2651,85,52,142,2792,533,129,3448,1678,740,199,27,2642,63,36,105,2746,548,101,3395,2019,1106,173,47,3340,58,60,116,3452,529,95,4084,2311,1259,123,40,3726,60,40,95,3829,539,84,4451,2439,1165,100,52,3752,63,41,103,3857,428,100,4380,2582,1046,136,52,3816,53,28,84,3901,511,121,4528,2032,902,138,34,3106,45,27,71,3174,767,89,4041,1261,856,142,27,2285,37,32,61,2347,1600,98,4045,344,462,44,6,860,3,10,18,879,2154,87,3115,73,165,16,0,253,0,0,0,257,1983,89,2325,28,87,7,13,135,0,0,0,143,5176,303,5616,17933,11448,1386,446,31214,648,797,1445,32657,17750,1511,51917,147,1367,60,44,1624,58,406,462,2085,2096,100,4275,892,1675,99,41,2702,134,240,379,3076,912,126,4114
LGA44550,9884,132,232,366,10251,5552,620,16421,213,683,48,24,965,52,124,176,1146,880,50,2073,695,501,61,23,1273,82,38,117,1393,212,36,1646,898,314,58,10,1286,31,22,54,1336,207,40,1582,839,341,86,17,1281,21,19,39,1322,284,50,1656,1086,578,91,24,1778,21,36,59,1833,304,55,2196,1206,665,61,27,1961,42,25,67,2027,283,65,2377,1219,589,73,22,1904,32,23,55,1959,242,57,2263,1126,552,75,21,1776,38,13,53,1827,257,54,2137,869,469,85,24,1436,23,18,40,1480,410,46,1935,525,376,52,10,951,15,15,30,985,748,42,1770,148,179,18,0,351,0,4,7,362,900,39,1303,29,67,7,0,110,0,0,0,112,657,33,809,9,37,4,4,57,0,0,0,53,1360,96,1515,8863,5356,707,209,15137,373,337,712,15849,6745,663,23250,155,795,33,30,1004,56,143,195,1200,1021,89,2310,666,674,54,34,1432,83,68,154,1588,251,70,1909
LGA44620,6161,116,136,256,6414,4507,641,11560,201,547,47,20,820,82,110,194,1012,637,38,1685,714,298,43,22,1068,115,26,145,1218,277,42,1536,825,293,74,27,1225,81,23,108,1329,331,45,1707,716,326,65,25,1134,54,25,81,1211,290,22,1526,700,383,47,16,1144,31,25,55,1201,303,38,1543,828,391,52,17,1286,63,16,87,1368,261,57,1689,891,396,30,17,1335,43,18,59,1393,254,41,1689,874,399,52,13,1337,34,14,50,1392,298,49,1735,676,325,44,13,1060,26,21,45,1101,386,34,1527,380,256,28,9,677,16,13,31,713,658,59,1425,111,127,14,9,257,0,0,4,261,804,41,1105,21,50,0,3,86,0,0,5,90,786,45,920,12,26,0,6,42,0,0,0,39,1667,207,1911,6951,3828,499,190,11467,552,306,856,12330,6950,716,20000,179,562,30,15,789,66,123,191,977,626,74,1675,634,367,39,20,1059,86,44,129,1185,260,66,1512
LGA44830,574,14,18,28,609,499,113,1220,20,39,0,0,64,10,9,9,75,88,13,173,48,9,3,0,54,0,0,4,63,16,0,78,45,15,4,0,64,4,0,6,64,21,0,85,55,14,5,7,86,0,3,3,90,30,9,129,51,31,3,0,86,3,3,10,92,21,3,119,68,50,4,3,122,3,0,0,126,23,9,168,128,49,11,6,188,6,0,6,196,39,12,244,134,55,12,4,205,5,0,5,212,44,15,268,120,49,8,5,183,0,0,0,183,73,8,258,64,38,0,5,108,3,0,3,113,108,9,224,23,30,3,0,60,6,0,6,57,143,8,206,13,9,0,0,22,0,0,0,22,131,11,166,9,5,0,0,18,0,0,0,18,219,30,269,785,392,58,26,1268,40,18,52,1319,952,120,2394,17,34,7,0,51,5,4,3,58,98,9,164,41,18,3,0,69,8,0,10,81,12,8,97
LGA45040,4270,126,129,255,4522,3914,512,8951,177,359,31,15,588,60,56,115,698,628,73,1403,499,210,33,28,771,69,19,91,858,272,66,1198,482,182,40,26,726,62,12,74,802,309,60,1169,433,177,30,16,662,36,20,54,717,288,40,1043,469,252,34,23,771,47,16,63,835,291,79,1204,654,291,43,24,1008,59,18,76,1088,288,81,1462,663,295,37,20,1015,29,20,51,1063,271,66,1403,615,270,49,12,941,33,19,49,990,279,49,1319,407,236,28,14,681,24,11,42,730,390,46,1166,277,210,32,9,522,6,4,14,538,602,51,1190,81,109,12,3,210,5,0,0,210,781,51,1040,27,42,3,4,80,0,0,0,76,700,50,827,11,18,3,4,36,0,0,0,36,1358,150,1548,4793,2649,375,204,8018,428,198,628,8649,6456,857,15959,108,377,13,14,511,60,71,124,633,604,65,1302,536,320,35,19,909,104,43,145,1050,307,75,1432
LGA45090,1959,25,19,46,2003,1174,239,3412,85,140,18,8,255,10,11,17,272,189,25,488,187,80,30,4,299,14,8,22,324,49,21,392,238,82,51,7,373,12,0,8,386,69,32,487,255,103,31,7,402,16,6,23,425,94,19,538,218,135,37,6,404,13,3,17,417,60,18,492,301,154,46,7,508,10,6,11,524,53,18,591,337,134,31,4,504,9,0,7,508,47,14,571,328,148,35,10,520,5,0,11,525,66,22,617,265,123,34,8,429,8,3,14,440,83,18,541,180,90,23,4,300,5,3,10,316,157,29,497,83,55,6,0,146,0,0,0,144,213,14,369,19,41,9,3,70,0,0,0,77,206,13,294,19,16,0,4,38,0,3,3,38,536,35,610,2516,1304,349,68,4241,95,57,147,4392,1829,275,6496,81,138,4,7,237,4,16,18,255,194,12,458,217,77,12,3,313,16,10,23,337,55,24,410
LGA45120,978,15,8,22,1000,753,101,1855,44,68,8,3,121,11,3,11,132,114,4,255,87,25,0,3,115,7,0,7,124,35,0,160,114,44,6,6,173,0,0,8,178,27,8,215,113,58,12,0,182,3,0,5,187,34,0,222,104,66,5,0,181,0,3,9,186,36,4,223,122,64,3,3,197,7,0,11,204,44,10,259,172,82,7,4,266,6,0,6,273,62,4,338,194,75,13,6,284,7,3,8,294,63,12,365,152,69,14,0,237,3,0,5,239,83,7,333,111,70,3,0,189,9,0,11,198,152,11,367,60,27,3,5,94,0,0,0,94,186,8,289,13,9,0,3,35,0,0,0,35,174,3,214,3,16,5,9,24,0,0,0,24,379,20,422,1300,670,82,43,2092,60,20,75,2167,1392,105,3669,22,62,0,4,89,5,0,7,94,115,17,228,104,43,6,3,151,12,4,13,167,29,14,208
LGA45290,9584,182,266,450,10036,6145,588,16760,84,550,41,24,705,32,104,135,842,1091,58,1988,753,929,79,26,1782,62,139,202,1984,789,137,2910,1669,641,80,20,2406,96,54,150,2554,397,162,3118,1357,521,97,22,1992,70,28,91,2084,338,116,2540,1250,530,90,15,1895,58,27,81,1973,346,91,2412,1216,571,67,27,1881,46,21,65,1942,321,78,2345,1206,557,57,31,1846,52,22,69,1920,314,89,2316,1185,455,71,29,1737,41,15,53,1792,336,103,2224,975,401,59,5,1443,33,20,51,1492,438,75,2009,556,388,52,18,1013,16,14,31,1045,773,84,1899,158,180,31,4,371,3,6,7,378,975,64,1417,30,95,6,0,140,0,3,3,139,1090,63,1287,12,31,7,3,55,0,0,0,57,3251,244,3554,10454,5850,733,224,17261,491,448,942,18200,10467,1364,30031,61,536,22,10,622,12,146,159,783,1106,42,1936,578,948,42,29,1603,78,138,213,1815,740,113,2668
LGA45340,40661,790,1198,1986,42652,28786,2938,74378,1098,3590,193,175,5052,394,577,966,6015,4572,350,10937,4065,2701,293,197,7251,628,221,849,8098,1479,315,9889,5220,1929,410,150,7707,401,154,558,8269,1582,307,10161,4669,2197,455,120,7436,276,151,438,7877,1775,341,9991,5052,2500,358,128,8045,280,127,412,8455,1798,324,10575,5566,2851,316,146,8879,262,137,401,9284,1737,327,11345,5837,2731,293,160,9021,252,109,362,9380,1603,375,11361,5559,2601,355,124,8649,237,81,322,8970,1912,353,11236,4375,2377,321,105,7184,183,95,279,7461,2787,294,10542,2604,1912,266,67,4838,101,80,185,5023,5023,330,10380,541,754,81,23,1403,7,12,22,1426,5573,282,7283,83,182,18,7,290,4,3,6,298,4522,266,5087,26,93,10,11,145,0,0,0,146,8623,928,9691,44691,26422,3371,1417,75907,3027,1764,4789,80695,42973,4800,128464,657,3222,137,101,4110,357,925,1285,5397,4632,390,10414,3274,3332,244,136,6984,667,339,1003,7993,1611,436,10040
LGA45400,188,6,4,7,195,152,31,381,5,25,8,0,33,0,0,3,38,20,0,60,14,8,0,0,24,0,0,0,24,6,0,24,20,4,0,0,28,0,0,0,23,6,0,31,14,9,3,0,25,0,0,0,25,4,0,30,13,13,0,3,32,0,0,0,33,7,0,41,26,13,0,0,40,0,0,0,39,14,0,53,34,16,4,0,51,0,0,0,53,12,0,67,36,15,5,0,59,0,0,0,54,4,0,60,61,19,0,0,83,0,0,0,82,15,6,102,25,6,0,0,35,0,0,0,34,27,5,66,13,12,0,0,29,0,0,0,29,31,0,59,7,0,0,0,13,0,0,0,13,24,0,33,10,6,0,0,13,0,0,0,13,92,8,110,282,142,22,6,449,5,0,11,462,267,22,752,0,6,0,0,13,0,3,3,13,15,4,33,9,6,0,0,21,0,0,5,19,9,0,31
LGA45540,230,7,12,21,253,367,93,711,3,20,3,0,21,0,3,0,22,55,0,81,10,13,0,3,23,4,0,6,31,20,7,53,18,14,0,3,34,0,3,3,38,30,3,63,11,16,0,0,24,5,0,5,31,26,6,62,15,21,0,0,37,6,0,4,41,28,0,67,32,24,0,0,58,3,0,3,61,34,8,107,25,28,0,0,56,8,3,8,62,32,11,111,61,39,0,3,104,9,0,5,108,48,7,169,42,24,4,0,67,5,0,5,74,57,7,141,20,27,0,0,51,3,0,3,58,91,0,147,11,7,0,3,22,0,5,5,22,107,3,131,6,0,0,0,8,0,0,0,8,99,6,113,6,4,0,5,9,0,0,0,9,149,15,179,260,230,8,14,511,32,16,51,567,776,84,1425,7,12,0,5,28,4,0,7,32,52,5,90,11,13,0,0,30,4,4,6,37,22,3,57
LGA45680,18570,857,999,1851,20423,16213,2310,38945,583,1321,79,95,2081,350,339,691,2770,2978,305,6050,2317,1169,119,131,3734,465,147,612,4344,1495,304,6143,2614,946,196,78,3837,313,123,440,4273,1462,270,6008,2051,897,152,77,3175,243,96,337,3515,1286,223,5023,2071,948,152,85,3253,192,81,272,3521,1283,247,5052,2358,1042,136,80,3605,184,85,265,3875,1227,278,5377,2429,1032,130,89,3681,184,63,251,3938,1376,233,5545,2120,883,167,46,3215,108,43,153,3369,1380,225,4972,1425,645,103,41,2213,79,37,115,2333,1459,190,3984,737,447,60,35,1276,42,32,73,1349,1914,183,3446,151,174,20,12,362,4,3,8,368,2130,148,2639,31,60,4,7,103,0,0,0,109,2096,140,2340,15,23,0,13,48,0,0,5,49,3826,433,4313,18880,9592,1331,785,30589,2174,1046,3217,33808,23919,3168,60898,332,1306,49,54,1739,290,510,797,2541,3118,322,5982,1986,1609,126,119,3842,644,283,930,4771,1707,435,6915
LGA45890,30151,817,1038,1854,32007,21402,2174,55581,469,1592,93,108,2261,204,278,485,2742,3607,317,6668,2527,1979,174,142,4823,372,280,654,5472,2007,412,7893,4532,1767,257,157,6707,325,168,493,7202,1752,468,9421,4118,1550,319,101,6083,292,145,444,6531,1637,422,8590,3780,1701,233,119,5839,255,93,348,6188,1677,347,8213,3826,1598,197,107,5724,234,95,329,6058,1666,363,8082,3518,1514,162,95,5284,196,89,285,5567,1650,327,7546,3426,1425,199,86,5137,170,61,230,5368,1923,342,7633,2495,1136,173,68,3877,124,51,177,4048,2179,306,6535,1391,904,135,45,2478,63,37,109,2588,3047,323,5953,322,350,48,15,737,6,7,9,746,3364,246,4361,49,105,8,6,167,0,3,6,170,3139,267,3583,17,58,3,19,93,3,0,0,94,7817,1020,8943,30463,15675,2006,1061,49206,2251,1318,3569,52775,35469,5172,93418,277,1629,72,52,2023,204,528,731,2752,3781,263,6797,2041,2274,128,108,4558,517,416,932,5489,2282,352,8123
LGA46090,2769,66,82,152,2917,2104,400,5418,101,252,15,11,377,39,27,67,443,403,88,933,393,109,17,17,535,42,9,53,591,226,75,895,362,121,43,11,539,31,7,38,576,235,76,888,339,134,24,6,502,30,8,38,546,199,75,819,383,172,19,15,592,26,9,39,627,192,82,899,450,181,23,16,670,17,13,32,703,189,100,997,473,183,31,8,696,23,3,27,721,196,83,1003,496,192,32,15,733,22,0,24,756,219,64,1038,383,139,27,13,558,9,4,10,570,233,76,872,186,159,20,6,376,12,5,15,386,400,62,848,60,58,9,0,124,0,0,3,127,459,61,650,6,20,4,4,30,0,0,0,30,414,56,497,5,8,0,0,12,0,0,0,9,649,148,813,3632,1714,270,120,5741,259,96,357,6091,4004,1049,11143,59,217,10,13,302,41,27,68,374,327,47,747,320,157,32,7,520,61,20,79,590,242,70,901
LGA46300,3242,49,63,113,3352,2376,363,6086,116,279,19,16,431,37,40,75,503,422,46,975,401,163,25,20,617,41,22,63,682,150,46,880,441,187,49,13,694,27,15,40,731,156,25,916,361,180,29,10,581,17,11,31,610,148,36,793,423,247,30,13,709,24,6,36,744,131,28,907,437,232,27,19,719,19,10,26,746,154,46,946,442,227,42,11,729,29,14,41,769,131,34,935,447,261,49,9,762,19,13,29,790,181,35,1002,346,183,43,16,582,11,8,18,597,236,23,861,182,158,23,9,381,10,10,18,396,363,29,793,43,74,15,3,130,0,0,0,135,492,26,648,14,36,8,0,62,0,0,0,62,389,26,475,0,15,3,0,24,0,0,0,24,976,103,1097,3673,2240,360,143,6418,234,141,372,6789,3927,503,11217,91,308,19,13,430,21,41,61,491,298,52,845,305,195,13,14,525,51,14,67,598,114,62,772
LGA46450,3402,100,106,206,3601,3272,397,7275,106,359,20,19,506,57,44,98,602,567,40,1214,362,150,16,25,556,75,13,90,637,203,31,875,381,144,36,12,574,38,13,48,619,208,41,871,309,186,36,15,549,49,17,63,614,197,25,838,441,235,22,14,703,48,21,61,771,229,33,1034,508,280,20,19,824,32,14,46,866,254,40,1162,545,261,30,17,853,36,13,55,906,270,42,1220,496,252,32,19,795,28,11,40,838,281,46,1157,391,205,28,11,642,14,7,20,661,423,43,1122,226,155,28,17,422,10,8,16,437,630,36,1102,56,77,7,6,138,0,0,0,139,772,43,952,12,22,0,6,43,0,0,0,43,691,51,785,7,11,0,4,28,0,0,0,28,1394,125,1544,3831,2340,268,182,6621,375,159,534,7152,6113,596,13866,73,323,7,8,420,78,73,149,567,524,59,1148,347,216,21,13,593,101,34,138,736,178,43,953
LGA46510,5973,85,132,220,6191,2827,294,9317,69,412,25,6,515,24,52,80,593,539,45,1174,490,566,51,18,1119,41,56,104,1224,431,69,1723,876,374,43,26,1314,45,20,68,1384,256,73,1712,807,275,67,18,1160,34,14,49,1211,168,56,1432,748,365,48,22,1179,39,14,49,1232,189,46,1467,827,325,43,23,1226,28,17,39,1259,195,36,1496,801,333,46,17,1196,26,11,42,1240,174,52,1462,828,291,44,19,1181,13,8,23,1201,187,48,1437,654,237,32,4,926,17,9,30,952,232,40,1222,284,182,32,7,500,10,11,23,526,384,37,943,59,92,7,0,163,0,6,6,164,439,25,625,16,18,0,0,33,0,0,0,33,430,32,504,11,15,0,0,24,0,0,0,24,1245,111,1385,6470,3484,438,157,10545,279,224,493,11041,4870,665,16580,41,369,16,5,428,14,71,87,518,518,35,1074,401,587,26,20,1028,65,89,150,1184,371,73,1625
LGA46670,2103,43,43,90,2193,1600,264,4063,72,202,3,10,285,22,13,37,321,289,36,647,192,112,15,19,336,29,12,40,377,87,34,491,219,116,11,11,359,11,6,16,377,106,47,537,206,110,18,6,334,18,3,25,351,84,50,486,224,154,26,11,409,19,6,26,434,87,31,554,330,152,18,19,521,24,4,27,547,99,42,685,307,129,28,9,474,15,13,24,494,103,33,637,342,153,28,8,525,18,3,23,551,115,34,697,279,110,14,11,414,14,3,20,433,159,22,617,148,116,18,8,292,3,7,10,294,282,34,618,40,49,8,0,92,4,0,4,98,315,28,437,20,20,5,0,43,0,0,0,42,304,37,387,7,14,3,0,24,0,0,0,24,553,125,697,2390,1419,186,104,4104,169,76,242,4349,2586,543,7481,52,158,9,6,223,29,24,50,274,247,29,555,213,112,15,19,357,44,10,50,404,77,35,515
LGA46860,354,3,5,9,361,264,43,672,14,27,6,0,39,0,0,0,46,24,3,72,28,23,9,4,58,0,6,0,56,5,6,63,37,9,9,3,59,0,0,0,59,11,12,76,26,15,5,0,46,0,0,3,47,15,3,66,39,22,10,0,72,6,0,0,75,9,4,86,56,24,3,3,82,6,0,6,82,11,5,109,46,24,4,0,71,0,0,0,74,20,6,97,44,21,9,0,68,0,0,0,72,19,3,93,33,32,4,0,80,0,0,3,78,20,6,112,27,25,4,4,63,0,5,5,65,47,9,123,16,16,0,0,31,0,0,0,31,48,3,87,10,18,0,0,25,0,0,0,25,53,7,83,0,3,0,0,5,0,0,0,7,78,6,96,376,259,60,13,710,9,8,23,730,365,73,1167,9,17,0,0,33,0,0,0,29,16,3,49,34,12,0,0,50,4,0,4,55,9,0,68
LGA46970,921,17,9,28,949,209,130,1280,61,52,8,4,125,0,5,3,129,74,10,216,294,38,17,8,361,10,5,13,372,28,54,458,392,47,23,10,474,3,0,6,476,61,81,618,295,67,27,4,382,0,7,9,389,57,45,491,298,48,16,5,366,4,4,5,369,49,49,471,280,61,17,6,367,0,0,0,367,21,53,446,220,33,19,3,273,0,0,0,280,27,61,361,211,17,14,3,243,5,0,5,249,15,38,306,114,11,8,0,135,5,0,3,132,9,25,167,36,6,0,0,44,0,0,0,43,13,13,64,5,0,0,0,8,0,0,0,8,4,0,10,0,0,0,0,4,0,0,0,4,0,0,4,0,0,0,0,0,0,0,0,0,3,0,4,2211,371,139,44,2769,31,19,49,2822,361,435,3623,29,43,6,0,72,7,6,10,78,61,9,153,142,41,6,6,199,10,0,6,212,29,27,264
LGA47140,29305,952,1356,2314,31619,24958,2542,59113,916,2170,112,145,3346,402,450,850,4199,4472,405,9074,3751,2028,215,186,6171,553,236,786,6962,1967,480,9415,4972,1663,362,175,7170,417,197,612,7785,1943,460,10184,4528,1637,344,150,6656,313,145,456,7113,1798,437,9350,4196,1767,241,149,6356,296,165,460,6815,1763,401,8970,4382,1741,208,150,6479,256,119,373,6860,1745,421,9027,4437,1795,201,148,6583,257,95,348,6931,1736,377,9038,3929,1495,246,124,5787,189,71,260,6046,1847,342,8229,2869,1314,212,74,4475,121,69,187,4666,2425,310,7398,1699,1014,131,58,2900,79,38,116,3016,3670,312,6995,349,370,52,23,795,3,8,14,809,4069,249,5128,50,90,8,10,156,4,0,4,159,3483,249,3893,19,40,9,10,72,3,0,3,74,6078,616,6766,36091,17123,2333,1405,56952,2893,1588,4480,61429,36982,5059,103470,463,2049,93,79,2684,319,727,1042,3723,4592,357,8670,3056,2535,167,166,5922,738,460,1201,7119,2449,397,9968
LGA47290,423,8,4,13,432,290,65,782,8,21,9,0,38,6,0,3,42,58,0,108,48,20,3,0,74,3,0,0,77,14,4,95,69,18,3,0,95,0,0,0,91,20,6,122,52,33,0,6,86,0,0,0,87,31,5,117,70,27,3,0,99,0,0,0,99,16,0,117,77,37,3,0,116,0,5,6,122,17,0,138,84,41,0,8,133,0,0,3,135,17,0,157,85,38,4,4,132,0,0,0,130,12,3,151,70,25,3,0,109,0,0,4,110,17,8,131,67,19,8,3,91,0,0,0,91,74,4,167,26,18,5,0,47,0,3,3,46,57,0,110,7,16,3,0,23,0,0,0,23,67,5,91,6,0,7,0,14,0,0,0,14,159,22,198,675,311,46,19,1049,19,9,23,1072,559,68,1699,16,29,5,0,53,0,4,4,54,37,4,88,39,15,0,0,55,0,0,6,57,7,8,77
LGA47490,444,0,13,10,458,306,65,828,17,28,4,4,51,3,0,5,62,55,8,125,41,17,3,0,58,5,0,7,64,11,6,76,47,14,4,0,62,0,0,0,63,11,5,81,59,28,9,3,96,9,0,9,102,12,9,122,57,30,3,0,94,5,4,5,97,16,9,120,80,35,4,0,122,4,0,8,121,21,6,153,63,40,6,6,113,6,0,10,120,24,9,150,81,42,8,0,124,9,0,12,137,22,10,171,68,51,12,0,130,5,4,6,143,36,16,196,45,26,9,0,75,0,3,5,80,50,6,139,15,13,3,0,33,0,0,0,33,67,7,110,13,3,0,3,19,0,0,0,22,53,3,75,6,7,0,0,9,0,0,0,9,127,20,158,589,325,62,21,995,46,11,56,1051,513,108,1673,10,27,0,0,40,0,0,0,40,30,10,81,36,29,5,4,66,6,0,6,74,12,5,89
LGA47630,1604,14,22,36,1639,827,210,2676,82,118,15,10,221,3,10,14,234,195,7,439,173,45,13,6,237,17,6,20,259,31,8,292,183,57,26,7,275,13,0,9,282,50,0,339,189,81,36,7,314,11,0,6,323,64,0,393,189,108,23,4,332,6,0,10,342,67,9,415,284,120,23,13,436,4,4,6,445,53,7,502,272,95,34,12,412,10,0,10,417,48,8,477,245,73,38,4,364,9,3,9,376,50,10,435,221,103,30,7,359,0,3,8,364,58,11,433,165,64,30,0,261,0,0,5,268,119,7,393,46,45,11,3,106,0,0,0,106,166,15,279,17,30,0,3,52,0,0,0,52,166,14,234,9,15,0,0,30,0,0,0,30,451,30,504,2070,964,283,77,3397,65,29,93,3489,1526,125,5144,83,127,10,9,223,0,16,13,241,160,17,415,169,53,10,9,243,5,3,6,254,45,32,328
LGA47700,24556,399,678,1078,25640,16139,1152,42933,725,2241,101,84,3149,218,401,620,3765,2636,164,6569,2613,1710,151,109,4578,258,134,396,4969,833,148,5956,3377,1072,206,72,4721,158,72,232,4952,727,169,5844,2941,1219,277,77,4510,117,64,178,4689,856,147,5693,3272,1601,198,83,5146,126,75,203,5344,920,156,6427,3819,1773,165,86,5841,123,80,196,6038,869,172,7082,3985,1706,172,78,5943,112,50,164,6111,839,163,7104,3791,1478,215,55,5541,107,56,160,5700,903,188,6786,3122,1338,216,59,4741,92,43,130,4870,1444,137,6455,1787,1142,170,44,3146,58,41,99,3242,2885,144,6271,405,468,65,20,958,5,8,14,970,3613,148,4730,69,129,10,0,207,0,3,9,216,2982,160,3358,19,37,4,8,64,0,0,0,70,5395,537,6002,29921,15907,1944,778,48548,1363,1026,2394,50941,24900,2432,78273,361,2157,91,46,2658,160,584,741,3395,2568,158,6121,2043,1965,107,68,4189,320,195,520,4707,883,176,5762
LGA47800,1060,22,27,49,1109,889,207,2203,51,81,9,12,149,16,11,27,179,135,20,329,120,35,0,8,159,14,5,17,171,39,23,241,114,34,10,0,160,12,0,13,176,57,8,238,123,64,7,13,213,4,0,12,215,63,15,293,136,65,7,9,208,9,4,6,222,61,25,315,151,79,9,3,250,9,8,15,261,49,13,325,202,95,15,3,318,14,4,16,338,72,32,442,216,100,15,9,339,3,6,8,346,68,25,439,154,74,12,0,244,9,0,14,257,101,20,387,128,64,9,3,205,0,4,3,208,186,26,419,67,55,5,4,129,0,0,0,129,236,31,391,21,20,0,0,47,0,0,0,47,197,23,261,11,12,0,6,28,0,0,0,27,323,46,394,1495,778,97,69,2446,90,39,132,2579,1579,315,4471,43,75,4,0,114,0,10,11,126,150,16,295,100,52,5,3,162,6,9,17,178,37,12,231
LGA47910,575,3,9,12,589,533,74,1195,26,46,3,0,72,9,3,11,82,44,0,130,37,16,3,3,61,0,0,0,63,15,5,81,49,30,4,3,83,3,0,3,93,18,0,110,68,27,3,0,99,0,0,0,102,18,0,120,51,32,9,5,92,4,4,10,99,14,0,118,92,43,3,4,143,5,0,5,148,16,3,166,86,45,0,3,136,0,0,9,141,19,6,167,105,51,9,0,163,0,0,6,163,38,4,206,94,42,10,0,151,4,0,3,159,47,3,205,49,38,10,4,107,0,0,0,107,94,9,207,22,14,0,5,36,0,0,0,36,130,9,169,12,10,3,0,23,0,0,0,23,122,0,155,3,3,0,0,6,0,0,0,6,262,27,293,704,401,61,31,1184,31,13,47,1232,838,56,2125,18,32,0,5,48,4,0,8,55,57,4,117,48,21,5,0,73,3,0,5,74,13,5,93
LGA47980,10075,140,285,431,10504,6505,449,17453,97,660,39,24,818,27,110,140,957,1035,55,2045,765,1028,75,38,1901,70,120,190,2093,600,123,2816,1505,537,62,28,2138,88,56,142,2276,340,104,2721,1350,442,90,28,1910,48,41,82,1997,312,96,2402,1296,581,92,26,1997,50,37,90,2086,325,119,2524,1371,674,73,25,2136,47,25,68,2209,327,88,2622,1461,594,57,28,2139,39,22,67,2201,262,79,2551,1436,550,68,26,2084,35,19,52,2135,305,87,2532,1284,521,72,28,1897,32,22,52,1949,463,72,2491,682,474,59,6,1227,19,18,34,1259,849,80,2185,181,224,20,9,436,0,8,6,449,942,87,1471,43,102,11,8,161,4,0,6,162,910,63,1130,15,43,3,0,58,0,0,0,58,3155,206,3415,11482,6433,720,267,18902,457,465,922,19824,9824,1260,30907,45,699,28,7,775,28,185,213,991,1130,80,2200,592,992,63,23,1669,60,132,195,1866,608,98,2572
LGA48050,2719,51,85,136,2854,4454,289,7594,53,220,22,9,304,22,35,54,362,221,41,620,151,146,20,16,329,30,9,40,365,55,29,453,171,91,21,11,291,20,11,30,320,86,21,432,188,109,19,5,321,15,5,22,344,116,34,499,225,165,34,9,430,16,8,28,457,111,40,604,265,175,15,7,469,20,16,29,497,107,26,628,292,227,26,12,567,25,11,31,595,116,44,762,327,226,28,9,591,19,3,21,608,166,47,826,326,226,33,9,593,20,17,43,634,343,60,1037,187,242,36,3,475,19,6,26,502,766,70,1340,52,123,5,3,188,3,0,3,193,1091,64,1346,10,48,4,3,59,0,0,4,60,958,71,1097,5,26,0,6,35,0,0,0,35,2049,276,2364,2244,2028,275,100,4646,207,124,333,4980,6191,831,12005,34,220,16,4,277,21,34,58,332,276,22,633,117,176,8,5,312,33,14,51,363,74,29,461
LGA48130,1327,29,32,61,1387,1186,158,2731,45,106,4,3,157,20,10,31,183,210,25,418,133,57,7,0,198,16,6,23,218,60,10,288,166,49,17,3,241,5,5,8,247,65,20,327,154,75,9,3,245,5,0,5,254,76,6,337,171,88,9,5,273,0,9,13,291,71,27,384,196,98,13,10,318,8,3,9,332,91,22,437,221,109,9,3,339,8,5,12,352,95,17,468,216,95,13,6,330,13,0,8,345,101,18,465,224,114,13,8,356,4,7,14,366,149,14,532,113,77,4,4,209,0,5,5,211,227,11,448,44,50,11,0,104,0,0,0,105,238,17,354,10,16,5,0,30,0,0,0,30,214,11,257,4,16,3,0,22,0,0,5,28,511,32,573,1698,953,113,63,2822,85,49,132,2955,2098,239,5288,34,73,5,10,126,6,19,29,149,221,21,400,148,79,11,9,233,18,4,24,259,43,17,320
LGA48260,1958,29,54,81,2036,1478,124,3637,14,114,7,5,145,4,25,29,168,277,10,460,118,169,14,3,309,10,18,24,335,129,27,493,186,85,8,4,282,12,10,23,297,46,14,364,155,64,13,4,237,7,5,13,246,40,9,296,182,81,11,0,281,8,4,17,291,66,20,381,254,124,15,0,397,5,5,6,398,76,28,507,235,100,17,3,350,14,7,19,369,58,24,450,293,98,10,10,399,7,8,10,409,75,19,504,220,115,20,5,362,5,3,11,375,108,20,506,162,100,9,3,277,7,4,9,282,197,27,507,46,81,4,0,132,0,0,0,133,216,13,363,26,32,4,0,56,0,0,3,60,270,14,343,4,18,5,3,27,0,0,0,27,703,70,800,1904,1172,135,38,3248,77,75,153,3402,2259,309,5972,9,115,0,5,126,5,30,33,165,328,23,511,99,193,11,3,301,10,19,30,334,157,29,523
LGA48340,2465,35,66,91,2559,2037,349,4939,95,230,9,11,349,19,23,48,390,319,19,733,232,69,11,17,334,40,11,51,384,84,10,482,241,92,20,11,359,20,4,32,387,100,10,498,260,154,32,5,457,27,12,39,496,124,19,637,295,161,20,0,479,31,8,40,518,120,24,660,439,235,30,15,720,22,18,38,763,132,26,923,411,210,31,10,666,25,8,35,700,142,26,865,416,192,46,12,672,15,19,29,700,165,24,897,363,154,51,7,578,15,3,16,596,246,24,872,237,139,40,7,427,10,4,10,434,350,24,813,77,72,14,9,174,0,0,0,174,389,20,581,28,37,6,3,76,0,0,0,76,385,25,487,26,18,7,4,53,0,0,0,57,741,103,900,3123,1764,322,128,5338,232,111,345,5683,3299,359,9336,78,165,9,22,270,22,25,46,314,317,27,654,208,120,14,8,359,29,9,37,396,91,39,524
LGA48410,16126,302,423,724,16848,9391,827,27066,242,887,51,37,1216,58,156,214,1433,1431,89,2951,1472,1456,100,82,3110,160,204,366,3480,1134,207,4819,2462,982,147,65,3660,157,95,253,3908,693,224,4824,2302,827,179,41,3346,114,58,175,3514,593,186,4300,1962,893,154,37,3042,78,58,138,3176,601,146,3921,1950,880,97,48,2970,103,38,137,3111,576,130,3815,1841,892,89,34,2864,77,33,106,2964,507,137,3611,1720,683,100,37,2545,70,34,103,2654,581,130,3362,1244,564,86,24,1918,53,27,80,1994,694,101,2794,684,477,46,18,1228,25,14,34,1267,1213,100,2575,204,248,21,3,474,0,4,3,485,1626,92,2210,40,96,4,9,147,0,3,4,154,1808,112,2070,20,58,7,9,94,0,3,3,100,4914,631,5642,16141,8947,1085,448,26620,882,729,1614,28231,16371,2284,46886,151,997,52,15,1224,56,258,310,1531,1529,100,3161,1105,1602,77,63,2844,184,274,464,3311,1232,186,4728
LGA48540,4143,142,165,306,4446,3709,575,8727,198,394,25,26,636,69,77,150,786,699,80,1572,577,235,41,30,886,119,22,143,1028,280,86,1393,641,210,67,25,943,73,21,90,1034,269,86,1387,539,221,40,34,830,53,25,76,908,260,55,1216,700,289,57,32,1074,66,30,93,1169,281,77,1528,769,345,51,22,1177,55,18,69,1247,300,71,1616,808,313,50,19,1188,55,19,70,1260,313,102,1672,683,298,61,22,1071,41,20,54,1128,341,81,1543,489,182,50,9,735,18,13,24,755,418,67,1240,268,141,29,13,448,19,7,19,470,655,82,1211,61,55,15,4,133,3,0,5,138,813,84,1027,9,20,0,0,29,0,0,0,29,775,92,895,5,3,0,6,10,0,0,0,15,1182,160,1358,5749,2704,477,229,9158,571,242,807,9972,6579,1114,17657,46,323,18,13,399,76,104,172,576,692,76,1341,387,324,35,13,754,142,60,194,957,251,102,1310
LGA48640,267,4,5,3,272,129,48,454,17,13,0,0,35,0,0,0,31,28,0,62,33,6,6,0,45,0,0,0,47,8,4,60,41,22,9,0,63,0,0,0,68,8,0,76,43,23,5,3,80,0,0,0,77,6,0,86,48,24,4,0,70,3,0,3,77,4,3,81,47,19,0,0,72,0,0,0,73,6,0,82,52,13,4,0,72,0,0,0,72,4,0,79,50,17,5,3,74,0,0,0,72,11,0,87,48,20,6,3,78,0,0,0,78,6,0,87,44,16,4,0,60,0,0,0,60,25,0,83,14,8,0,0,24,0,0,0,24,31,0,53,4,3,0,0,10,0,0,0,10,23,3,35,0,0,0,0,3,0,0,0,3,83,15,99,449,184,34,17,687,8,3,9,697,246,23,968,8,12,0,3,27,0,0,6,24,14,4,49,29,18,4,0,47,0,0,0,49,4,0,51
LGA48750,1121,15,36,55,1176,1227,145,2546,33,66,8,5,106,10,4,12,117,88,0,217,53,31,0,0,84,10,4,19,97,27,6,139,49,38,4,0,91,5,0,3,100,25,7,132,54,40,3,0,97,7,5,12,101,32,5,142,84,56,9,3,147,4,3,6,157,44,3,206,109,86,4,9,206,8,4,13,222,51,10,277,123,87,5,6,232,7,3,7,239,47,16,299,160,116,13,3,291,10,8,17,301,74,6,384,146,99,15,5,267,10,4,17,284,132,10,430,63,81,9,5,163,3,8,8,170,245,12,433,28,53,3,0,90,0,4,6,90,291,15,401,5,22,3,0,32,0,0,0,28,223,5,256,7,10,0,0,16,0,0,0,16,381,36,434,909,777,88,46,1824,78,35,116,1938,1674,135,3746,24,71,3,7,108,4,5,13,118,95,13,219,40,64,8,7,113,8,4,14,130,19,13,164
LGA48830,1923,30,42,79,2006,2475,393,4870,72,127,7,3,216,16,9,25,236,265,11,520,175,76,11,11,264,15,0,22,286,68,16,363,181,68,11,5,268,16,3,21,283,77,11,365,175,91,16,4,283,10,0,11,291,93,12,398,201,111,11,3,327,15,6,18,345,76,9,427,261,164,13,11,450,10,12,21,473,103,16,593,326,186,22,9,540,11,13,18,558,130,16,706,392,204,25,4,631,15,5,18,645,188,19,855,302,193,43,5,541,16,4,22,567,346,32,940,179,152,13,13,363,18,9,23,388,654,27,1075,75,83,15,3,178,0,0,0,178,760,25,965,33,34,13,9,89,0,0,0,89,624,32,746,21,19,6,4,50,0,0,0,50,1232,89,1369,2391,1513,207,91,4197,131,61,197,4400,4623,307,9323,41,96,3,8,152,15,17,27,181,264,15,461,140,80,14,4,236,14,5,24,260,45,10,320
LGA49399,559,17,8,28,584,330,136,1053,53,36,5,7,92,0,0,0,92,74,43,207,172,25,3,6,199,8,3,14,214,29,48,286,212,31,14,8,262,12,3,11,279,43,52,371,174,37,13,5,222,9,4,14,237,38,43,314,152,35,17,6,207,10,4,16,217,38,42,299,198,38,16,6,252,9,6,9,262,52,57,371,197,51,21,13,282,6,0,6,285,46,49,384,237,53,21,5,313,3,8,9,328,43,57,423,214,42,18,0,273,0,6,5,280,62,37,383,96,27,3,4,129,4,6,5,135,82,37,254,30,10,0,3,47,0,0,0,47,107,24,177,11,8,0,0,22,0,0,0,22,51,19,96,3,3,0,0,3,0,0,0,3,67,23,95,1738,390,126,56,2306,62,34,94,2403,729,533,3657,26,19,0,0,45,3,0,3,48,82,22,150,73,19,0,4,102,3,4,13,116,23,34,168
LGA49499,311,56,60,113,423,613,273,1306,13,21,0,0,37,22,11,27,66,60,14,145,59,51,6,6,119,33,13,42,155,98,29,283,106,41,14,0,160,32,8,35,196,73,35,308,92,30,11,3,130,26,9,33,161,82,41,286,61,36,7,4,113,24,5,25,140,75,32,253,63,21,11,0,94,10,3,15,110,77,37,225,44,18,13,4,76,21,10,27,102,64,41,213,49,16,3,3,72,21,4,22,93,103,49,246,41,28,6,0,70,11,3,18,83,104,35,224,10,14,5,0,30,3,4,7,34,139,29,206,3,0,0,0,11,0,0,0,11,109,12,135,0,0,0,0,0,0,0,0,0,80,16,92,0,0,5,0,3,0,0,0,3,126,27,160,540,277,74,25,910,196,55,254,1161,1193,409,2766,6,17,0,0,22,14,13,32,55,90,31,170,39,42,6,0,88,41,8,55,144,74,47,262
LGA49799,0,0,0,0,0,0,0,0,0,0,0,0,0,0,0,0,0,0,0,0,0,0,0,0,0,0,0,0,0,0,0,0,3,0,0,0,3,0,0,0,3,0,0,3,0,0,0,0,0,0,0,0,0,0,0,0,0,0,0,0,0,0,0,0,0,0,0,0,0,0,0,0,0,0,0,0,0,0,0,0,0,0,0,0,0,0,0,0,0,0,0,0,0,0,0,0,0,0,0,0,0,0,0,0,0,0,0,0,0,0,0,0,0,0,0,0,0,0,0,0,0,0,0,0,0,0,0,0,0,0,0,0,0,0,0,0,0,0,0,0,0,0,0,0,0,0,0,0,0,0,0,0,0,0,0,0,0,0,0,0,0,0,0,0,4,0,0,0,4,0,0,0,4,0,0,4,0,0,0,0,0,0,0,0,0,0,0,0,0,0,0,0,0,0,0,0,0,0,0,0
LGA50080,8676,109,192,296,8977,6585,844,16411,413,650,55,33,1155,82,72,149,1308,941,85,2338,764,297,76,30,1166,96,30,125,1297,374,78,1747,736,308,61,31,1136,41,23,57,1199,380,57,1633,713,405,78,30,1220,46,23,64,1291,420,64,1772,881,515,75,28,1496,44,22,68,1562,420,70,2056,1090,609,105,33,1841,49,25,77,1919,345,101,2369,1119,571,102,26,1830,31,25,57,1879,363,75,2317,1164,621,98,38,1919,48,21,70,1987,376,74,2436,925,523,103,22,1582,30,19,47,1626,552,65,2247,530,424,71,14,1036,16,21,37,1077,981,90,2146,132,204,35,10,380,3,8,6,387,1204,70,1655,49,84,16,5,164,0,0,0,165,1179,57,1404,26,58,3,7,91,4,0,4,100,2454,248,2799,8546,5276,893,307,15029,491,284,776,15804,9992,1131,26921,306,728,35,28,1088,83,86,172,1264,1020,122,2406,795,381,36,22,1231,89,31,118,1345,328,89,1766
LGA50210,20859,677,853,1535,22395,12647,1779,36821,842,1134,67,91,2133,185,158,342,2472,1712,268,4452,2175,889,133,120,3315,236,83,319,3637,738,252,4625,2649,700,146,78,3576,154,53,208,3779,821,270,4873,2215,729,169,79,3192,113,60,173,3361,827,255,4444,1947,774,142,73,2940,90,61,150,3089,771,267,4132,2153,837,120,59,3171,105,38,145,3318,651,229,4193,2233,815,149,57,3250,78,32,113,3358,604,257,4223,2053,795,138,58,3042,76,34,105,3147,699,224,4064,1580,705,154,57,2497,51,24,75,2574,858,187,3623,1046,654,106,43,1846,34,22,59,1903,1408,183,3490,252,266,44,17,577,7,8,9,593,1595,125,2312,58,93,5,5,155,4,0,6,164,1438,125,1730,18,36,6,0,62,0,0,0,62,2357,362,2776,19226,8425,1366,728,29746,1125,579,1706,31452,14468,3005,48926,422,1312,46,54,1833,186,379,560,2396,2077,223,4697,2028,1256,108,90,3477,371,188,564,4039,921,274,5237
LGA50250,1444,18,24,44,1489,392,391,2270,89,39,3,10,147,7,9,14,158,95,30,283,454,44,28,4,532,6,0,12,545,69,137,750,746,97,66,20,925,8,4,17,939,108,239,1287,659,119,74,20,868,13,0,10,880,89,176,1139,680,95,75,17,864,6,3,6,874,78,169,1118,641,112,62,16,839,8,3,12,848,57,179,1089,560,58,34,14,661,12,3,15,677,33,155,868,470,55,47,5,578,5,3,7,588,42,121,752,334,36,23,6,397,4,0,4,400,33,81,512,148,14,10,0,179,0,0,3,180,36,38,261,33,7,0,0,43,0,0,0,43,51,7,96,4,0,3,3,10,0,0,0,10,14,4,33,0,0,0,0,3,0,0,0,3,19,0,24,4816,677,436,112,6045,71,31,106,6143,723,1350,8221,42,28,3,0,74,12,11,24,99,116,26,241,315,45,21,12,394,18,0,18,414,45,99,558
LGA50280,4049,40,70,109,4157,2116,472,6747,110,173,25,12,322,10,16,34,361,246,40,647,165,120,20,7,311,13,8,18,332,59,33,423,320,166,21,8,509,12,9,22,534,85,70,688,335,196,57,7,590,26,9,33,621,135,63,826,391,267,43,13,713,14,10,22,738,159,79,969,446,256,50,15,764,18,9,30,795,106,77,984,366,245,42,17,675,9,6,22,693,107,73,864,415,248,47,8,717,14,15,24,745,97,57,898,274,215,44,7,542,9,8,19,563,196,50,811,164,175,44,6,382,5,3,14,389,278,54,722,54,53,7,0,117,0,4,0,117,321,21,464,15,27,6,3,53,0,0,0,53,286,18,358,7,32,0,6,50,0,3,3,48,536,63,648,3070,2173,394,102,5742,149,99,248,5990,2605,702,9296,65,249,18,13,342,7,15,23,371,269,64,711,180,115,23,8,333,18,9,20,350,55,27,436
LGA50350,4014,80,116,191,4207,2270,334,6810,126,215,15,13,373,24,45,65,438,357,47,846,450,234,15,20,712,45,21,64,781,147,51,974,559,148,22,17,747,27,10,39,782,142,47,968,565,181,46,8,803,12,9,20,826,161,49,1037,602,213,44,20,877,22,12,29,909,162,51,1132,551,221,39,21,830,11,5,22,853,160,38,1043,545,225,36,14,822,19,12,30,856,146,46,1048,536,187,41,7,773,16,13,22,793,151,55,996,437,170,35,13,661,10,15,24,684,196,37,918,254,183,19,7,470,12,8,22,486,317,35,834,61,73,9,0,139,0,0,0,139,379,22,546,10,24,0,0,32,0,0,0,32,398,34,470,4,13,4,4,19,0,0,0,20,923,92,1036,4703,2079,331,144,7255,199,148,347,7598,3654,594,11845,67,230,5,7,308,41,69,110,418,378,31,824,270,241,20,16,547,55,29,80,636,133,46,811
LGA50420,17633,379,550,930,18563,9790,1250,29606,411,923,44,56,1435,80,129,209,1642,1520,156,3315,1979,1196,115,89,3380,158,115,274,3652,679,264,4592,3202,938,151,82,4368,152,80,233,4608,699,391,5693,2839,898,225,63,4019,107,74,178,4200,703,331,5240,2595,941,151,71,3763,93,34,127,3896,711,235,4837,2400,958,119,70,3551,90,52,139,3686,584,237,4511,2313,899,108,72,3389,82,36,116,3507,514,200,4218,2113,757,132,51,3051,62,37,96,3151,562,218,3926,1784,741,118,41,2680,79,27,104,2785,840,172,3796,1071,695,113,30,1909,46,25,66,1978,1348,175,3501,328,329,33,12,702,11,9,15,717,1720,149,2584,71,113,3,3,187,0,8,8,191,1804,134,2130,15,57,3,7,75,0,4,4,81,3839,427,4340,21111,9446,1320,643,32516,952,612,1569,34083,15522,3086,52694,180,960,33,31,1209,77,292,367,1574,1487,140,3210,1442,1482,59,82,3065,196,196,396,3460,621,264,4339
LGA50490,10113,281,316,602,10710,5664,1163,17537,246,480,38,38,803,57,74,128,934,814,141,1890,1241,605,80,54,1982,108,90,195,2173,465,260,2900,1926,507,93,53,2580,89,46,133,2709,501,264,3474,1723,473,99,35,2328,71,33,101,2425,518,262,3206,1422,486,89,45,2051,54,31,85,2131,445,229,2805,1310,405,76,38,1829,51,15,66,1901,327,184,2409,1212,363,68,27,1677,41,14,56,1728,319,157,2209,1093,348,73,26,1541,48,18,62,1608,377,152,2140,801,312,74,25,1205,41,14,52,1257,453,125,1840,542,280,51,26,899,27,12,37,933,632,107,1676,151,138,12,4,307,3,5,11,321,854,94,1264,33,52,5,3,92,5,0,0,96,969,100,1164,6,19,7,3,36,0,0,6,36,2108,275,2421,11712,4466,756,371,17315,591,352,949,18266,8773,2352,29389,142,474,17,14,647,54,104,159,805,804,161,1773,1059,892,60,45,2054,143,122,268,2324,600,378,3303
LGA50560,311,6,14,24,333,309,84,727,6,10,0,0,18,0,0,0,19,32,7,56,14,3,0,0,20,5,0,5,30,15,0,44,23,7,5,3,33,0,0,0,35,8,3,49,19,16,0,0,35,0,0,0,36,8,0,47,27,18,0,0,48,0,0,0,48,15,10,71,51,17,0,0,68,4,0,8,74,25,6,99,40,22,12,0,76,0,0,0,75,32,3,108,53,29,5,0,87,0,0,0,83,27,0,111,61,30,3,0,96,4,0,4,106,37,3,146,34,26,9,0,71,3,0,5,71,86,3,162,11,17,6,0,36,0,0,0,36,95,4,140,7,7,3,0,19,0,0,0,19,93,6,116,3,3,0,0,11,0,0,0,11,106,15,133,350,208,37,10,612,23,9,34,641,577,72,1296,7,5,0,0,15,4,0,4,14,29,4,47,17,6,0,0,26,5,0,9,33,10,6,49
LGA50630,333,6,4,16,347,246,62,652,28,15,0,0,51,0,0,0,51,30,18,96,60,5,0,0,70,0,0,0,69,3,27,103,104,12,5,0,127,4,0,6,133,15,66,211,84,16,8,0,112,0,0,3,117,20,45,179,91,39,6,4,138,0,0,0,142,24,45,208,122,21,9,0,150,4,3,3,158,25,45,228,112,25,13,6,148,3,0,3,158,6,34,197,98,21,9,0,127,3,0,3,128,18,33,175,78,24,10,0,109,0,0,0,111,21,23,155,45,16,3,0,67,0,0,0,67,30,16,105,15,5,4,0,28,0,0,0,29,43,5,76,0,5,0,0,9,0,0,0,9,31,4,39,9,3,0,0,6,0,0,0,6,47,8,67,841,204,78,24,1147,22,7,30,1174,306,367,1846,12,12,0,0,24,3,0,3,23,39,4,72,36,15,0,4,57,0,0,0,56,8,4,73
LGA50770,372,14,9,17,390,271,79,744,6,15,0,0,25,4,0,4,30,23,0,58,22,6,3,0,32,4,0,4,30,5,0,44,20,10,9,5,45,0,0,0,41,14,4,61,37,20,3,0,64,3,0,6,72,17,4,85,43,33,3,3,86,0,0,4,89,18,10,114,52,20,4,0,77,3,0,3,79,25,0,107,52,28,8,4,90,0,0,0,92,21,7,119,61,20,13,3,90,4,0,0,100,24,5,124,49,21,9,0,74,0,0,0,79,35,0,110,37,27,3,3,71,0,5,4,80,45,0,123,18,19,3,4,42,0,0,0,50,65,0,111,10,7,0,3,22,0,0,0,22,49,0,71,0,5,0,0,10,0,0,0,10,104,3,118,412,231,56,25,731,21,11,34,761,450,35,1253,4,9,3,0,17,3,0,4,20,40,0,60,19,3,0,0,27,0,0,5,29,10,0,40
LGA50840,1105,16,21,33,1137,941,159,2237,36,67,3,6,110,14,9,19,128,87,4,216,53,18,6,0,72,4,0,10,82,20,5,110,67,16,4,0,93,7,4,8,101,36,7,142,79,58,7,5,145,3,0,6,155,39,8,200,108,65,11,8,188,9,0,5,197,43,11,244,114,84,3,0,208,8,3,14,220,55,4,274,164,73,11,3,250,8,0,9,260,59,0,320,157,103,13,0,276,0,4,3,280,59,5,349,144,106,19,0,271,5,3,9,280,93,15,380,84,94,17,5,201,0,3,4,200,176,13,395,34,33,9,0,74,0,0,0,76,234,13,326,14,17,6,0,40,0,0,0,40,169,5,213,5,7,0,0,17,0,0,0,17,221,9,250,1070,741,112,29,1951,50,33,81,2041,1290,102,3424,51,63,0,5,119,5,7,10,131,113,18,261,57,28,3,0,87,0,4,7,86,27,6,127
LGA50910,179,6,3,8,191,159,30,383,3,4,0,3,8,0,0,0,7,18,0,29,15,4,0,0,20,0,0,0,21,11,0,34,15,3,0,0,19,0,0,0,19,15,0,34,18,8,3,0,28,3,0,5,30,10,4,45,29,13,0,0,39,0,3,3,39,3,9,49,29,16,4,5,55,7,0,8,61,15,8,78,30,13,0,4,44,0,0,0,48,13,3,64,26,7,0,0,39,0,0,3,44,9,6,56,34,9,3,0,42,0,0,0,42,18,8,71,26,12,4,0,44,0,0,0,49,25,3,69,15,12,0,0,30,0,0,0,32,27,8,69,5,9,0,0,11,0,0,0,11,36,6,52,7,0,0,0,13,0,0,0,13,73,9,97,251,111,21,14,403,12,9,18,420,273,52,749,8,9,0,0,15,9,0,9,21,15,3,37,15,12,0,0,20,3,3,3,31,3,5,41
LGA50980,4149,92,93,179,4326,1492,942,6766,147,136,8,18,308,32,17,53,360,388,88,834,435,121,28,24,609,55,18,78,682,234,135,1053,699,150,55,27,930,41,13,50,977,191,175,1354,597,172,51,24,852,20,10,25,883,236,130,1251,578,204,47,21,852,33,9,42,897,230,130,1261,634,207,44,25,911,22,10,28,940,201,137,1277,589,158,29,15,785,14,7,24,810,165,118,1097,559,151,33,26,759,15,6,14,778,179,83,1040,419,135,29,13,599,7,8,17,612,195,88,895,206,66,18,9,300,0,0,6,306,198,63,568,50,48,4,0,105,0,0,0,105,186,42,336,13,18,4,0,25,0,0,0,32,133,25,186,12,7,0,0,16,0,0,0,16,177,43,234,4927,1582,347,200,7056,250,102,348,7401,2714,1261,11372,84,180,8,20,289,33,32,58,342,425,95,866,302,151,17,28,493,61,24,78,573,209,101,881
LGA51080,202,6,8,10,214,134,54,403,10,0,0,0,19,0,0,0,19,33,0,53,21,5,0,0,22,0,0,0,22,15,0,37,31,5,4,0,45,5,0,3,46,10,4,58,26,6,4,0,38,0,0,0,40,26,3,70,27,14,0,6,51,0,0,0,53,23,0,78,32,14,5,0,56,3,0,3,56,11,6,80,55,15,0,0,76,0,0,3,79,17,5,99,44,11,5,0,64,4,3,5,70,18,9,94,40,11,4,0,53,3,0,3,55,20,0,71,21,15,3,3,42,0,0,0,41,23,0,59,9,3,0,0,12,0,0,0,12,19,0,32,6,4,0,0,10,0,0,0,10,26,0,42,3,5,0,0,8,0,0,0,8,45,0,52,332,118,23,17,490,16,3,24,513,281,37,830,7,6,0,0,13,0,0,5,15,32,3,47,20,4,0,0,28,7,0,7,28,10,4,50
LGA51120,179,0,7,8,190,136,61,388,9,3,0,0,15,5,0,3,22,11,0,39,14,3,0,0,16,3,0,7,26,9,0,31,27,10,0,0,39,0,0,0,39,8,0,44,18,11,0,0,29,5,0,5,29,12,3,45,34,15,6,0,53,0,0,0,56,8,0,67,33,11,0,0,54,0,0,0,53,3,0,53,35,9,0,5,45,0,0,0,43,5,0,55,38,15,9,0,53,0,0,0,58,15,0,70,40,15,0,3,57,0,0,5,61,16,0,76,21,18,4,3,46,0,0,0,46,38,4,84,11,4,4,3,18,0,0,0,22,19,0,45,3,0,0,0,7,0,0,0,7,27,6,41,4,0,0,0,5,0,0,0,5,69,9,82,292,112,22,15,438,16,9,25,465,244,30,743,3,6,0,0,12,0,3,3,17,12,4,30,11,3,0,0,16,0,0,0,18,7,5,28
LGA51190,7166,171,237,405,7569,5748,844,14159,419,523,45,49,1036,87,73,159,1200,726,138,2064,1029,386,82,31,1521,107,43,149,1676,360,149,2180,1108,339,58,25,1531,79,32,104,1639,432,138,2209,996,387,67,30,1474,59,31,90,1562,428,122,2112,880,403,48,28,1361,59,29,93,1454,394,130,1982,1015,506,77,24,1616,46,30,79,1697,324,142,2164,1084,424,79,37,1622,44,24,66,1690,312,146,2144,1150,481,88,24,1747,37,13,56,1799,350,123,2276,860,429,87,25,1399,20,11,34,1431,482,108,2022,510,357,65,19,951,17,11,27,984,807,101,1894,134,144,21,7,307,4,3,3,314,986,76,1383,15,54,3,4,77,0,5,4,87,916,72,1080,3,33,4,0,42,0,4,4,48,2004,290,2336,9199,4464,732,305,14701,569,303,873,15572,8529,1747,25845,173,529,20,24,744,58,100,166,906,735,120,1762,753,368,28,25,1174,132,58,191,1369,338,134,1841
LGA51260,9417,93,198,291,9703,6525,918,17146,338,575,61,35,1007,68,58,125,1135,706,72,1907,617,280,31,21,953,64,19,83,1033,191,91,1318,674,304,63,19,1063,57,20,81,1145,267,77,1485,779,431,86,40,1333,35,27,68,1395,307,89,1794,907,536,114,30,1594,50,31,80,1672,380,103,2156,1033,649,89,25,1796,34,48,75,1871,297,104,2268,1040,581,83,34,1738,32,18,47,1792,255,85,2125,977,531,80,27,1609,28,5,35,1648,299,90,2035,708,532,89,20,1350,33,16,46,1401,465,80,1947,392,367,82,7,854,22,16,37,887,868,93,1846,99,173,33,9,314,0,6,11,327,1123,59,1505,25,67,6,3,106,0,0,3,106,982,70,1159,10,33,5,9,64,0,0,0,64,2024,158,2242,7603,5060,838,274,13785,418,269,691,14473,8154,1156,23782,253,673,57,32,1010,69,94,161,1166,846,107,2122,623,371,37,29,1058,69,29,97,1152,205,103,1460
LGA51310,7311,107,182,292,7599,4068,401,12062,88,567,41,13,714,14,76,87,798,879,36,1723,565,553,51,14,1184,26,35,62,1241,223,67,1540,817,208,41,13,1077,29,11,45,1122,117,88,1338,712,212,48,12,982,14,4,26,1007,180,52,1236,805,328,68,11,1206,12,15,21,1231,276,66,1577,1029,521,69,15,1636,25,21,44,1673,302,71,2047,1123,499,51,11,1678,15,7,23,1698,227,55,1980,1081,420,45,20,1565,16,13,31,1595,195,68,1857,772,337,45,17,1169,12,16,30,1207,227,75,1498,422,281,46,8,763,10,8,13,778,395,48,1219,147,153,21,4,323,0,0,6,326,526,36,891,49,94,8,0,152,0,3,7,154,617,31,810,26,75,7,13,116,0,0,0,117,1805,127,2052,7621,4240,545,153,12561,180,214,393,12954,5980,822,19760,25,574,20,22,640,14,114,130,775,869,45,1690,392,668,34,19,1114,39,52,94,1206,252,68,1525
LGA51330,22361,554,888,1445,23805,14082,1547,39434,655,1823,90,96,2659,108,347,457,3121,3065,247,6433,2841,2450,207,142,5642,269,381,649,6294,2265,570,9129,3777,1314,186,97,5388,194,131,321,5707,1151,455,7316,2973,966,201,65,4211,117,57,176,4385,1040,338,5771,2595,1048,172,78,3887,106,68,172,4062,1013,233,5304,2994,1326,153,100,4572,110,89,195,4770,842,264,5875,3226,1263,134,84,4706,118,63,185,4891,746,223,5856,3073,1141,158,66,4433,95,53,148,4582,786,189,5559,2436,1078,167,67,3742,79,32,108,3851,1047,182,5079,1425,941,127,41,2535,39,32,72,2606,1711,180,4500,411,423,47,22,902,7,9,12,912,2086,121,3126,56,160,10,11,242,0,4,3,245,1964,137,2347,25,65,0,17,110,0,0,0,116,4045,343,4505,26494,13999,1657,883,43030,1242,1272,2511,45544,21760,3486,70789,298,1662,61,37,2066,127,612,738,2803,3220,196,6223,1772,2817,146,108,4840,356,584,942,5788,2079,433,8297
LGA51400,4454,78,120,197,4653,2337,325,7313,197,265,25,17,509,24,40,71,576,485,59,1119,355,102,19,19,498,29,11,41,536,101,36,678,337,121,40,17,512,15,9,23,536,145,43,724,397,190,34,17,637,16,9,29,674,175,44,890,571,270,39,14,893,15,4,25,918,192,56,1166,650,291,42,22,1007,15,24,43,1047,163,71,1282,676,250,44,17,987,17,9,24,1008,129,50,1183,523,209,41,9,780,13,3,19,796,117,53,961,361,157,35,4,569,8,7,13,578,190,44,808,170,127,20,6,322,11,3,9,332,319,32,693,51,47,19,0,121,0,0,0,121,354,18,489,7,19,4,0,36,0,0,0,36,248,19,293,0,11,9,0,23,0,0,0,23,270,39,329,4289,2061,372,150,6877,164,128,292,7166,2882,564,10610,154,416,14,22,613,44,102,144,757,616,50,1425,367,172,20,13,574,42,15,59,631,112,50,795
LGA51470,106,7,3,8,117,69,31,218,9,6,0,0,13,0,0,0,15,9,0,23,12,7,0,3,20,0,0,0,20,3,0,28,18,4,0,0,21,0,0,0,21,7,0,29,10,4,3,3,20,0,0,0,19,7,3,35,23,3,0,0,22,0,0,0,22,3,0,22,15,10,0,0,28,0,0,0,28,3,4,27,21,3,0,0,29,0,0,0,31,6,0,35,44,0,5,0,45,0,0,0,45,11,3,57,23,10,0,4,30,0,0,0,30,15,5,46,17,5,3,4,20,0,0,0,20,20,0,48,3,3,0,0,4,0,0,0,4,29,8,40,0,0,0,0,0,0,0,0,0,10,0,16,0,0,0,0,6,0,0,0,6,17,5,25,184,61,12,7,264,0,0,3,270,136,31,437,7,0,0,0,3,0,0,0,3,5,0,18,18,4,0,0,22,0,0,0,22,3,10,26
LGA51540,1129,25,16,40,1171,558,330,2060,58,44,6,7,114,10,4,19,133,125,33,286,130,24,6,4,165,13,4,21,184,49,38,266,156,40,16,7,221,9,9,12,236,56,40,337,173,59,20,5,255,9,0,8,268,75,42,388,187,76,20,4,291,15,3,19,314,73,46,431,222,69,7,6,313,11,6,14,329,63,50,445,202,60,10,8,282,8,7,12,298,62,50,413,241,54,19,3,326,10,5,11,333,45,45,426,192,55,12,9,265,5,0,5,268,73,59,403,121,45,8,6,181,4,4,7,186,128,53,371,35,25,3,0,73,0,0,0,73,179,30,276,15,19,0,0,34,0,0,0,34,137,28,202,6,13,0,0,14,0,0,0,16,173,36,232,1743,578,140,71,2534,95,38,134,2667,1254,561,4479,49,46,3,3,98,11,6,18,116,118,28,260,126,28,12,5,174,24,4,24,200,58,45,300
LGA51610,352,4,3,11,361,160,73,595,14,8,0,0,21,0,0,0,25,35,9,62,18,8,6,0,28,0,0,0,32,3,5,38,18,8,0,0,25,0,0,0,28,9,0,42,32,13,0,0,50,0,0,0,49,20,3,73,34,8,0,0,48,0,0,0,48,17,0,70,49,26,5,0,82,6,0,6,85,12,3,103,45,22,5,0,69,4,0,5,75,15,3,93,31,28,0,0,62,0,0,0,62,12,9,80,39,29,10,5,76,0,0,0,76,20,5,107,35,15,10,0,56,0,0,3,63,40,9,105,20,11,0,0,36,0,0,0,31,24,8,67,5,6,0,0,15,0,0,0,15,35,0,43,0,5,0,0,5,0,0,0,5,27,8,38,354,172,33,6,573,14,7,18,591,272,51,910,17,25,0,0,39,0,0,0,42,31,0,73,25,6,0,0,29,0,0,0,30,3,0,40
LGA51680,1347,19,31,52,1399,807,172,2376,61,71,5,10,151,12,7,20,170,169,17,352,71,24,3,5,106,3,0,4,108,14,18,149,57,28,0,0,87,0,4,4,91,24,9,121,97,37,7,0,134,4,0,9,142,31,6,185,154,61,11,3,235,3,0,3,236,52,19,309,183,89,8,7,290,3,3,5,294,38,14,351,237,81,16,4,338,3,0,3,339,45,33,419,187,81,12,0,281,9,0,9,287,65,22,374,150,62,12,8,232,0,6,6,238,79,10,331,92,56,11,3,160,8,5,5,166,116,12,291,35,27,5,3,67,0,0,0,67,164,10,243,11,14,0,0,29,0,0,0,31,135,9,178,4,0,0,0,11,0,0,0,11,126,9,151,1339,637,92,31,2105,52,20,75,2184,1075,195,3452,47,78,0,11,134,11,7,22,158,220,28,413,96,52,11,7,156,12,8,24,181,20,16,220
LGA51710,345,6,3,5,347,107,88,546,31,11,0,0,39,0,0,0,39,72,0,113,46,4,5,0,63,0,0,0,63,141,9,205,42,8,3,4,57,3,0,3,60,281,8,350,52,9,9,3,70,0,0,0,70,155,0,230,51,12,4,0,66,0,0,0,66,76,11,151,73,21,6,0,102,4,0,4,99,52,10,162,78,17,6,3,113,0,0,0,113,32,3,149,79,14,4,0,95,0,0,0,95,20,5,122,80,13,4,0,102,0,0,0,102,27,9,133,68,9,0,6,87,0,0,0,87,18,4,105,9,4,0,0,11,0,0,0,13,27,0,35,6,0,0,0,9,0,0,0,9,15,0,24,0,0,0,0,0,0,0,0,0,9,0,16,623,122,36,25,809,5,0,7,811,923,65,1809,4,3,0,0,11,0,0,0,14,44,13,70,28,17,8,4,48,0,0,0,48,46,9,108
LGA51750,2674,41,84,124,2799,2028,244,5074,32,191,19,4,239,0,28,30,272,392,81,752,206,262,14,9,500,17,26,36,534,155,60,754,314,106,22,8,445,6,6,9,457,79,43,587,240,66,18,0,325,8,0,8,336,62,35,429,206,98,10,3,319,12,0,12,332,91,27,447,253,143,5,5,411,6,3,14,423,98,34,559,285,144,13,6,448,10,0,14,462,94,35,588,329,145,18,7,498,3,0,12,510,105,45,650,268,147,13,7,434,8,3,9,446,114,25,587,195,126,17,5,334,4,4,12,343,178,24,548,71,110,6,0,192,3,0,3,189,306,22,521,28,58,4,0,85,0,0,0,85,297,25,411,6,38,0,4,49,0,0,0,54,817,116,987,2439,1633,161,58,4292,79,78,157,4445,2800,570,7822,10,161,6,8,182,7,36,42,224,544,35,815,150,272,8,3,436,5,34,37,467,144,50,663
LGA51820,30605,543,970,1514,32122,14695,1917,48736,965,1680,111,120,2880,192,249,442,3321,2232,250,5797,2944,1398,175,130,4645,239,124,364,5007,975,283,6265,3999,998,299,105,5406,143,76,223,5623,854,349,6830,3883,1308,301,95,5598,144,68,215,5809,1139,317,7271,3839,1574,281,122,5810,108,70,174,5985,1137,337,7456,3732,1652,226,95,5713,116,68,180,5890,937,290,7116,3447,1387,237,103,5172,106,57,164,5338,749,263,6350,3021,1153,209,73,4453,90,41,128,4585,865,245,5697,2216,929,165,60,3364,61,34,92,3460,1139,208,4812,1262,780,129,47,2216,42,16,67,2286,1734,163,4187,346,388,27,20,787,9,9,20,803,2074,134,3018,56,110,14,3,183,3,0,6,191,1891,142,2225,16,34,11,8,67,0,0,4,68,3437,411,3919,29730,13395,2182,979,46294,1245,827,2074,48368,19171,3395,70932,547,1932,102,63,2647,185,518,704,3351,2753,295,6405,2485,1966,145,120,4723,331,229,561,5287,1042,397,6722
LGA51860,112,0,4,4,113,80,39,236,4,6,0,3,6,4,0,0,7,11,0,23,4,0,0,0,3,0,0,0,6,11,0,13,16,8,0,0,24,3,0,6,32,8,4,40,11,11,0,0,20,0,0,0,27,3,3,31,8,18,0,0,29,0,0,0,30,4,0,36,19,6,0,0,27,0,0,0,27,9,0,36,19,15,5,0,39,5,0,5,43,12,4,55,17,20,0,0,35,0,0,4,34,13,0,53,21,6,0,0,21,0,0,0,22,18,0,44,0,0,0,0,4,0,0,0,9,18,5,34,0,0,0,0,0,0,0,0,0,17,0,20,0,0,0,0,0,0,0,0,0,19,0,19,0,0,0,0,0,0,0,0,0,20,0,20,122,81,11,10,220,15,3,16,236,165,18,421,3,5,0,0,6,0,0,3,9,15,5,29,3,4,0,0,15,0,0,0,15,7,3,22
LGA51890,1608,73,59,134,1740,1576,289,3611,162,153,5,16,340,28,13,40,380,248,17,645,238,74,24,8,342,23,6,31,372,90,38,496,297,77,18,3,405,9,4,18,420,82,55,559,240,71,23,15,338,21,7,22,361,118,35,518,236,137,21,10,406,6,4,10,422,118,42,579,347,138,30,20,539,20,0,21,568,107,35,703,365,124,23,3,515,12,4,14,528,110,42,675,337,140,40,12,529,9,0,12,536,125,36,702,277,92,39,5,418,9,6,12,425,226,36,689,128,68,18,5,214,7,0,7,224,314,35,568,35,38,5,4,85,0,0,0,89,305,12,404,7,8,0,0,17,0,0,0,25,225,15,260,5,5,0,0,11,0,0,0,11,476,63,549,2674,1125,256,105,4161,151,52,202,4366,2530,461,7362,63,137,7,8,214,33,24,58,271,253,41,559,195,86,14,7,305,55,13,66,365,111,39,511
LGA51960,566,24,12,36,601,390,280,1262,65,40,0,13,120,16,0,20,140,112,33,279,148,19,12,4,184,8,3,14,199,58,42,294,146,22,16,3,187,6,3,11,199,73,44,315,177,21,11,7,213,15,6,21,234,59,47,334,161,36,11,10,221,12,5,17,235,47,35,318,190,31,3,4,235,11,0,9,242,39,40,323,148,51,0,7,204,7,0,14,219,29,33,277,125,25,4,7,155,5,0,5,163,45,27,231,106,42,5,0,147,5,4,12,155,54,31,242,72,19,6,3,102,5,4,3,105,46,11,168,18,10,0,0,33,0,0,0,32,57,18,110,4,0,0,0,3,0,0,0,7,39,5,48,0,0,0,0,5,0,0,0,5,38,8,51,1361,314,76,54,1804,100,30,129,1935,699,367,2996,32,20,4,0,57,3,4,11,71,138,26,228,83,14,3,0,101,17,3,25,129,49,24,199
LGA52030,189,8,0,10,198,164,57,419,7,0,0,0,11,6,0,4,15,17,0,29,27,7,0,0,31,0,3,6,37,9,4,50,33,6,0,0,38,0,0,0,42,13,0,51,19,3,0,0,28,0,0,0,30,13,4,43,30,18,0,0,50,3,0,3,54,13,3,74,44,15,3,0,58,3,0,3,57,17,0,72,41,12,0,0,51,0,0,0,52,10,4,69,55,10,3,7,71,0,0,0,72,21,16,108,29,14,4,3,57,0,5,5,58,30,0,86,33,9,0,3,44,3,0,3,51,52,3,104,19,4,0,0,23,0,0,0,23,50,9,84,5,4,0,0,14,0,0,0,14,40,5,54,7,3,4,5,11,0,0,0,11,50,10,67,346,109,21,9,487,18,5,24,508,320,55,876,6,7,0,0,10,0,0,0,11,19,0,32,11,9,0,0,21,3,0,0,22,5,0,26
LGA52100,233,0,3,3,238,145,28,409,9,6,0,0,13,4,0,4,14,10,0,25,23,3,0,0,29,0,0,0,33,5,0,37,34,4,4,0,50,0,0,3,53,4,0,56,37,7,3,0,52,0,0,0,48,9,0,64,26,14,0,0,39,4,5,6,49,11,0,62,44,14,0,0,57,3,0,4,61,3,0,62,45,17,0,0,63,0,0,0,61,5,0,68,55,19,0,5,76,3,0,5,83,8,8,98,45,24,6,0,72,0,0,0,75,10,3,84,28,23,3,0,58,0,0,0,61,27,0,91,10,11,6,3,25,0,0,0,23,41,7,71,3,9,0,0,14,0,0,0,14,39,3,56,0,5,3,3,15,0,0,0,15,87,8,107,358,154,32,20,562,21,6,27,590,253,33,876,9,7,0,0,15,8,5,7,21,18,7,48,28,3,0,0,34,0,0,3,39,12,6,57
LGA52170,1954,22,38,61,2015,1267,153,3437,32,123,16,8,167,7,14,15,187,213,20,430,166,170,22,9,366,11,15,22,389,99,47,534,337,83,21,4,449,10,6,22,467,40,71,577,254,53,18,4,328,5,0,9,339,69,62,467,183,64,19,3,264,6,0,3,270,75,35,379,248,122,12,5,388,5,0,8,398,101,44,552,266,141,13,6,421,6,3,8,436,69,26,531,285,118,12,4,420,10,7,16,435,61,42,541,241,124,21,3,392,5,3,11,403,102,50,557,165,107,23,6,301,0,0,6,303,197,43,538,50,98,6,0,153,0,3,3,156,221,22,391,11,35,9,3,54,0,0,0,59,168,28,254,7,18,5,0,27,0,0,0,27,406,109,538,2245,1254,185,51,3734,66,65,127,3864,1820,602,6279,6,134,0,0,143,0,33,34,178,263,23,459,112,163,4,10,284,13,10,27,314,68,35,409
LGA52240,227,0,5,7,239,134,45,421,8,3,4,0,14,0,0,0,10,24,3,41,24,7,0,0,33,0,0,0,33,3,6,48,26,10,0,0,29,0,0,0,33,7,3,42,40,6,10,0,52,5,0,5,54,13,0,71,37,10,8,0,55,0,0,0,58,9,0,75,37,17,0,0,60,0,0,0,56,14,9,80,26,22,9,0,53,0,3,4,61,8,7,75,47,11,3,0,63,4,0,4,65,16,6,87,36,11,6,0,46,8,0,8,54,17,7,78,31,16,0,0,48,3,0,6,52,23,4,78,17,10,0,0,30,0,0,0,32,30,0,61,0,4,0,0,7,0,0,0,5,39,3,49,9,4,0,0,11,0,0,0,11,41,7,61,337,121,34,7,503,18,9,27,524,254,62,844,9,3,0,0,20,0,0,0,20,12,0,35,17,3,0,0,28,0,0,0,25,8,4,33
LGA52310,197,3,0,3,203,120,34,358,11,15,0,0,21,0,0,0,22,21,0,46,13,0,0,0,15,0,0,4,15,7,0,18,15,3,0,3,21,0,0,0,20,14,0,34,14,9,3,0,28,0,0,0,28,4,0,32,27,8,3,0,49,0,0,0,46,7,0,54,33,17,3,0,56,4,0,4,58,10,4,68,34,20,0,0,58,5,0,4,59,11,3,76,31,10,0,0,46,0,0,0,51,11,0,62,43,6,5,0,52,0,0,0,55,22,0,81,26,13,0,0,47,0,0,0,44,27,0,75,10,16,0,0,34,0,0,0,34,16,0,54,0,3,0,0,8,0,0,0,8,38,6,50,4,0,0,3,9,0,0,0,9,28,6,41,268,123,22,14,429,12,7,12,445,219,24,689,8,4,0,0,12,0,0,0,10,13,7,33,8,3,0,0,19,0,0,0,19,4,4,25
LGA52380,25,4,0,4,29,28,9,70,0,0,0,0,0,0,0,4,0,5,0,9,3,0,0,0,9,0,0,0,4,6,3,9,3,0,0,0,3,0,0,0,9,3,4,9,0,0,0,6,8,0,0,0,6,0,0,10,6,0,0,0,6,0,0,0,6,0,5,15,5,0,0,0,3,0,0,0,3,0,8,10,6,0,0,0,5,0,0,0,9,5,6,18,11,6,0,0,16,0,0,0,16,8,9,32,17,3,0,0,14,0,0,0,13,14,4,33,7,6,3,0,15,4,0,4,15,12,10,35,0,0,0,0,0,0,0,0,0,12,0,18,0,0,0,0,0,0,0,0,0,13,5,13,0,0,0,0,0,0,0,0,0,9,0,7,54,22,3,5,84,8,4,9,94,81,48,221,0,0,0,0,0,0,0,0,0,0,3,3,0,0,0,0,0,0,0,0,4,0,0,7
LGA52450,239,7,5,11,256,197,41,489,16,10,3,0,28,6,5,8,38,103,6,138,39,11,0,0,51,0,0,0,51,5,4,58,42,12,0,0,56,0,0,0,57,15,0,73,36,14,4,0,50,0,0,0,52,16,6,77,28,26,0,0,58,0,0,0,61,7,0,67,42,15,0,0,57,0,0,4,62,15,4,80,51,16,0,5,69,0,3,4,71,9,5,82,59,13,3,0,78,4,0,5,80,16,3,95,44,12,8,0,65,0,0,0,68,25,0,94,29,18,0,0,50,0,0,0,50,28,3,88,10,8,0,0,14,0,0,0,14,28,3,50,0,12,0,0,13,0,0,0,13,38,3,54,3,4,0,5,10,0,0,0,10,78,6,97,407,171,25,8,610,14,7,24,632,380,43,1060,14,11,7,11,29,9,3,7,42,125,13,175,36,5,4,0,46,5,0,9,49,9,3,61
LGA52520,281,3,0,3,281,136,77,500,21,9,0,0,26,0,0,0,28,25,0,54,67,12,5,6,79,3,0,3,82,13,4,98,52,11,4,4,77,0,0,0,76,16,3,95,43,14,5,0,60,0,0,0,57,18,0,80,38,15,3,0,54,0,0,0,57,6,6,71,40,10,5,0,64,0,0,0,64,3,0,73,63,26,9,4,97,0,0,0,97,13,3,117,52,17,5,3,80,0,0,0,83,15,13,107,54,17,0,0,70,0,0,0,70,6,0,82,28,10,5,0,47,0,0,0,47,17,3,68,17,12,6,0,32,0,0,0,30,23,6,55,13,10,0,0,28,0,0,0,28,18,3,43,11,6,0,0,14,0,0,0,14,59,3,82,498,162,36,25,724,7,4,12,732,243,41,1018,11,5,0,0,12,0,0,0,18,31,9,51,44,13,0,3,57,0,0,4,60,8,12,81
LGA52590,730,10,11,28,749,499,121,1373,26,18,0,4,54,0,5,3,55,27,21,108,62,13,0,5,81,0,0,0,81,13,14,111,96,29,10,4,138,9,0,8,146,18,16,182,74,40,12,3,128,3,5,9,134,31,19,185,98,53,12,5,171,6,0,9,179,25,21,224,97,47,8,3,151,4,3,10,161,19,23,206,118,60,8,3,185,4,3,13,199,30,16,246,124,42,8,0,171,0,3,8,179,34,23,230,105,50,6,0,160,0,5,3,162,66,22,252,66,36,3,0,117,4,3,6,118,123,30,270,27,18,10,0,52,0,0,0,55,129,23,202,12,4,0,0,21,0,0,0,21,105,14,141,9,11,0,0,16,0,0,0,16,162,29,212,921,421,78,26,1446,37,28,66,1511,787,272,2574,22,21,0,3,53,3,7,8,57,54,8,118,59,26,5,4,91,3,0,5,100,13,7,115
LGA52660,3314,49,101,153,3466,2164,328,5961,185,246,17,16,469,37,27,71,541,271,35,846,417,124,29,15,589,28,9,35,619,94,42,759,415,136,36,12,595,18,6,25,618,139,28,787,452,150,29,16,640,14,12,28,670,138,42,849,420,178,30,12,642,15,14,26,666,131,40,828,510,218,31,10,774,14,15,27,799,113,36,951,467,195,36,13,716,14,0,18,729,100,39,866,433,189,46,18,680,12,3,18,696,108,47,846,316,133,38,18,502,10,3,10,519,154,25,696,182,125,18,4,334,10,4,11,345,254,21,615,44,42,11,6,103,3,0,3,104,312,31,446,17,18,3,0,40,0,0,0,40,300,36,372,4,10,3,10,26,0,0,0,26,506,152,686,3868,1768,329,138,6102,172,90,264,6373,2614,571,9548,124,310,8,11,458,28,50,80,537,337,48,918,369,165,26,13,569,51,9,61,633,103,46,779
LGA52730,1284,16,29,39,1323,1133,237,2695,28,73,9,3,114,9,3,15,131,146,12,285,62,38,5,5,103,11,7,14,116,27,11,155,59,41,3,0,107,0,0,8,110,36,10,158,86,57,14,6,166,4,8,9,167,42,10,228,96,75,15,5,189,4,9,9,202,50,8,257,138,124,23,7,282,9,6,14,295,67,18,380,159,151,19,7,334,13,5,15,349,59,17,428,159,121,23,5,304,7,0,10,311,91,27,433,138,107,23,7,274,5,5,11,280,93,15,390,85,107,11,4,215,5,7,6,219,201,19,445,34,56,0,3,94,0,0,0,94,272,9,376,14,15,3,3,39,0,0,0,42,205,10,258,5,4,10,0,21,0,0,0,21,347,34,397,1064,969,161,45,2240,66,45,112,2357,1640,204,4191,40,105,7,5,151,7,12,13,163,208,15,395,42,44,3,4,87,5,0,5,99,11,8,113
LGA52800,1008,30,29,58,1061,1201,459,2723,66,46,8,14,128,10,11,18,151,275,64,482,175,106,14,22,316,21,7,25,342,407,77,832,229,87,13,16,348,17,8,21,365,497,93,958,222,81,20,12,332,8,8,13,352,432,77,853,195,99,16,4,318,15,0,17,332,324,84,739,173,71,13,7,259,11,8,17,277,245,69,590,181,54,12,12,254,5,4,13,267,205,56,530,200,45,16,3,264,9,0,7,267,146,56,467,135,34,14,4,192,3,0,5,196,146,47,387,81,30,8,11,126,3,0,3,135,107,29,271,29,12,3,3,45,0,0,0,44,81,20,147,3,4,0,0,13,0,0,0,13,59,9,83,3,4,0,0,5,0,0,0,8,129,17,151,1711,670,128,106,2614,95,39,135,2754,3041,697,6495,42,29,0,0,68,31,8,43,112,324,70,509,141,40,9,19,204,41,12,49,257,268,60,594
LGA52870,1308,22,24,48,1354,1115,144,2609,49,72,3,7,133,3,3,14,143,130,10,287,91,36,4,0,138,7,7,18,146,36,0,184,96,23,7,3,136,3,3,8,147,52,16,212,91,53,5,3,156,5,6,8,158,49,9,214,132,95,9,0,241,7,0,10,249,65,14,327,188,96,19,10,324,0,3,8,330,54,21,397,193,83,18,3,295,3,6,12,304,75,21,395,236,110,23,10,373,9,0,13,393,77,12,479,189,108,11,5,312,9,0,11,328,128,25,480,90,92,12,6,207,0,0,5,208,208,25,440,47,45,6,0,101,0,0,5,102,227,13,346,16,17,0,4,32,0,0,0,32,178,10,220,14,11,0,0,22,0,0,0,24,242,31,296,1428,845,123,67,2468,66,36,100,2563,1511,202,4280,43,68,4,4,125,11,8,16,138,158,16,311,79,35,8,3,123,14,3,20,139,42,27,200
LGA52940,139,3,0,5,147,104,22,265,0,0,0,0,3,0,0,0,3,5,0,13,11,3,0,0,15,0,0,0,15,0,4,17,18,7,0,0,34,0,0,0,34,5,0,40,22,9,0,0,30,0,5,0,34,10,0,42,16,15,0,0,32,0,0,0,38,4,0,40,28,4,0,0,36,0,0,0,38,10,0,46,20,3,3,0,33,0,0,0,35,6,0,44,20,3,0,0,29,0,0,0,29,6,0,35,27,10,0,0,43,0,0,0,43,19,0,65,22,13,0,3,32,4,0,4,34,16,0,54,15,4,0,0,20,0,0,0,20,14,0,36,0,6,0,0,6,0,0,0,9,23,0,32,3,9,0,0,8,0,0,0,8,43,3,58,209,88,12,11,321,5,5,12,334,164,18,517,5,3,0,0,12,3,0,0,16,8,0,23,9,6,4,0,15,0,0,0,20,5,0,22
LGA53010,137,0,3,4,144,68,42,252,5,3,0,0,8,0,0,0,10,8,0,19,6,4,0,0,15,0,0,0,11,0,0,17,27,11,0,0,38,0,0,0,38,3,0,42,21,5,0,0,32,0,0,0,35,3,0,48,27,13,0,0,39,0,0,0,46,9,0,47,16,9,5,0,33,3,0,3,31,0,0,32,28,13,0,0,35,0,4,0,38,8,0,41,29,12,5,0,45,0,0,3,49,12,0,57,32,11,0,0,42,0,0,0,42,5,4,49,18,9,0,0,25,0,0,0,26,5,0,31,7,0,0,0,8,0,0,0,8,18,0,30,0,9,0,0,6,0,0,0,9,23,0,36,0,0,0,0,5,0,0,0,5,24,0,31,227,89,15,6,335,10,3,13,351,121,12,484,6,0,0,0,6,0,0,7,8,5,0,15,12,6,0,0,21,0,0,0,22,0,3,20
LGA53080,128,8,0,8,134,90,51,278,8,6,0,0,14,0,0,0,20,11,4,34,35,3,0,0,43,4,0,4,50,28,16,91,47,7,9,4,64,4,0,3,74,15,16,106,44,8,9,0,53,0,0,6,59,9,23,87,34,3,0,3,47,5,0,5,51,7,17,75,52,15,3,6,66,0,0,4,69,13,15,97,38,12,6,0,55,4,0,4,62,11,15,85,48,13,6,0,67,0,0,0,66,14,7,89,37,7,4,0,48,0,0,0,54,14,7,72,15,4,4,0,25,0,0,0,30,19,13,59,14,8,0,0,18,0,0,0,25,39,4,61,0,4,0,0,5,0,0,0,5,26,10,40,0,0,0,0,0,0,0,0,0,23,4,33,378,89,34,18,515,21,3,29,547,231,142,927,4,7,0,5,14,0,4,4,13,4,0,24,11,0,0,0,13,5,0,5,18,3,5,32
LGA53150,2060,24,54,73,2131,1123,136,3394,27,149,5,10,181,0,19,21,201,200,12,416,143,132,10,0,284,7,18,27,310,59,28,400,180,47,16,5,247,6,4,11,254,46,20,323,188,51,22,4,263,7,3,12,273,43,18,335,227,93,27,5,347,0,7,14,355,73,25,453,267,141,20,11,439,9,8,14,455,80,23,557,328,142,19,8,497,15,3,15,512,65,31,610,319,152,14,7,497,3,3,8,499,49,25,576,262,108,20,3,396,4,0,9,403,97,23,526,141,110,16,4,273,4,3,7,276,149,12,440,33,59,11,5,93,0,0,0,97,159,14,275,10,22,0,4,30,0,3,3,34,189,8,230,5,9,0,0,11,0,0,0,7,455,41,502,2116,1209,187,58,3566,57,69,130,3692,1646,291,5632,8,148,10,5,172,13,42,51,219,194,16,432,115,181,16,5,312,7,14,21,336,59,16,412
LGA53220,1590,51,39,91,1682,557,508,2746,118,40,8,11,174,14,8,24,199,174,91,466,616,85,40,20,763,27,9,30,798,110,263,1168,1000,90,70,22,1176,11,10,14,1193,133,385,1701,785,96,62,29,972,13,0,12,982,95,295,1366,721,93,52,16,889,10,3,11,900,97,266,1262,726,80,48,9,864,11,10,11,877,74,264,1215,583,61,40,18,700,5,4,11,707,56,186,951,531,46,48,11,636,11,0,13,647,42,213,898,327,33,38,10,408,4,0,8,416,53,122,590,156,24,11,7,200,3,0,9,203,43,58,300,42,4,3,4,55,0,0,0,55,40,14,110,15,5,0,0,17,0,0,0,17,25,4,49,3,0,0,0,3,0,0,0,3,30,4,39,5613,664,410,155,6843,103,41,142,6990,965,2162,10122,47,49,3,0,105,13,8,22,124,171,34,325,333,47,17,6,406,35,7,46,451,88,137,675
LGA53290,3022,26,47,76,3103,1925,526,5553,198,254,27,15,485,32,29,57,548,406,63,1017,312,118,22,19,468,30,6,37,506,113,48,663,332,121,27,11,486,23,8,31,516,123,58,700,333,160,34,10,533,24,6,33,559,145,43,753,427,251,29,21,722,12,12,24,745,132,57,931,500,223,46,13,788,15,10,24,810,110,62,979,546,228,55,8,838,18,10,30,873,114,57,1041,500,202,39,15,758,20,11,27,781,122,62,971,315,182,53,11,566,10,3,12,579,176,43,791,216,138,40,6,399,8,3,10,409,292,45,746,81,98,18,11,209,3,4,0,210,363,44,615,29,28,3,8,70,0,0,0,69,371,52,490,20,25,0,5,44,0,0,0,43,648,93,782,3810,2017,393,141,6360,196,97,292,6657,3104,730,10490,132,242,20,16,401,22,33,55,459,441,109,1010,347,141,16,10,509,28,6,37,544,88,87,719
LGA53360,836,5,8,16,849,259,104,1217,21,26,0,0,53,4,0,9,55,27,6,89,50,23,0,3,75,4,0,4,85,14,10,107,91,26,10,0,126,3,3,7,136,27,14,182,106,42,12,0,166,5,0,3,169,28,15,210,96,51,17,6,166,4,0,4,170,18,22,214,120,42,11,8,178,5,0,4,185,15,19,213,97,40,7,0,142,6,0,3,148,9,21,173,91,45,7,0,139,0,0,0,143,27,9,179,69,28,9,4,107,4,0,4,108,30,5,149,46,21,6,3,75,0,0,0,70,81,16,164,17,10,0,0,25,0,0,0,25,73,5,99,3,0,0,0,7,0,0,0,7,56,6,72,5,0,6,0,10,0,0,0,10,55,4,67,809,348,82,26,1267,31,13,47,1314,451,154,1919,19,40,4,7,73,0,0,6,76,38,16,131,56,35,9,8,103,7,0,8,107,7,13,123
LGA53430,8363,132,228,360,8721,4649,801,14176,133,349,21,20,524,33,72,104,629,509,86,1216,569,544,60,26,1200,60,44,99,1295,270,98,1659,1077,330,68,27,1492,47,32,73,1572,274,162,2004,1051,321,98,17,1484,53,26,77,1562,270,120,1948,911,415,79,24,1431,44,22,63,1493,288,104,1885,984,478,53,18,1538,46,24,69,1602,299,106,2012,949,460,54,22,1490,43,17,65,1547,290,110,1946,931,440,50,28,1449,31,13,52,1501,356,112,1966,805,413,69,21,1312,42,24,67,1376,447,95,1924,466,361,54,15,895,13,15,28,923,677,110,1708,134,191,12,5,348,3,4,6,355,768,81,1204,30,66,10,0,107,0,0,0,107,843,74,1018,4,35,3,3,46,0,0,3,53,1881,209,2146,8047,4410,629,225,13316,402,300,699,14014,7159,1464,22632,62,459,18,10,546,32,106,141,690,572,70,1331,431,551,32,24,1042,66,58,122,1167,239,138,1545
LGA53570,1137,15,17,32,1166,929,165,2264,38,44,3,4,89,6,3,12,100,107,19,216,79,26,7,7,115,5,0,9,121,28,17,164,70,36,4,0,120,3,3,8,125,46,16,182,89,33,10,4,128,6,6,10,143,50,11,207,121,57,10,6,197,6,0,11,201,49,29,279,162,81,13,15,273,8,4,6,279,61,31,369,151,62,17,8,244,10,0,10,251,50,22,321,137,58,15,4,215,10,0,11,230,72,20,319,127,75,24,0,228,6,5,9,243,107,36,384,100,67,18,6,197,4,7,9,204,204,27,436,43,49,9,0,93,0,0,0,94,241,20,357,23,17,3,0,42,0,0,0,43,200,10,257,8,9,0,3,18,0,0,0,18,220,34,276,1140,612,141,64,1955,62,21,92,2045,1424,299,3770,33,47,3,4,90,8,9,16,106,120,19,243,86,42,6,3,132,11,3,11,149,36,16,194
LGA53640,252,6,3,9,261,141,37,439,19,4,0,4,24,0,0,0,27,15,0,39,33,3,3,3,44,6,0,4,47,15,10,72,44,8,0,0,49,0,0,0,54,15,0,75,36,19,6,0,52,0,0,0,55,25,0,88,44,11,4,0,65,0,0,0,67,17,4,83,39,19,0,3,66,0,0,0,62,8,4,78,48,16,0,0,62,5,3,9,68,8,11,88,54,21,0,3,78,5,0,3,82,16,5,105,59,14,4,0,77,4,0,4,82,21,0,105,33,13,0,7,45,0,3,8,51,22,3,76,13,10,4,6,29,0,0,0,29,13,5,52,4,4,0,0,4,0,0,0,4,19,0,25,5,0,0,0,9,0,0,0,9,39,4,54,431,144,25,26,624,26,12,32,651,245,43,942,8,4,0,0,12,0,0,0,15,17,11,36,42,12,0,0,48,0,0,0,55,10,9,63
LGA53710,200,3,3,9,206,132,44,386,8,8,0,0,19,0,0,0,19,23,6,43,5,10,0,0,15,0,0,0,19,8,0,29,29,11,3,0,41,0,0,0,43,10,0,51,17,11,0,0,26,0,0,0,26,12,5,43,29,12,0,0,44,0,0,0,52,10,5,68,33,22,0,0,57,0,0,0,59,8,4,68,33,17,3,3,53,0,0,0,56,10,0,66,36,16,0,0,54,0,0,3,55,15,3,71,32,11,0,0,45,0,0,3,48,23,0,71,22,17,0,0,49,0,0,0,49,25,0,71,14,4,0,0,18,0,0,0,18,34,3,51,8,6,0,0,15,0,0,0,15,36,4,48,4,0,0,0,4,0,0,0,4,53,6,66,270,146,17,11,444,12,4,16,458,259,29,754,0,7,0,0,9,0,0,0,14,27,8,43,12,6,0,0,22,0,0,0,21,6,3,33
LGA53780,26460,852,1218,2067,28530,19108,2414,50054,1179,1928,139,109,3351,288,322,612,3958,3319,444,7722,3316,1626,194,187,5323,348,168,513,5839,1616,478,7934,4519,1245,271,135,6173,258,102,363,6535,1521,537,8589,4091,1348,303,133,5873,166,103,271,6137,1528,518,8187,3973,1468,225,144,5809,179,109,287,6093,1459,493,8042,3952,1499,205,148,5801,151,102,251,6052,1232,405,7687,3783,1351,217,110,5462,136,67,197,5658,982,413,7049,3352,1239,228,78,4900,114,51,166,5071,1071,318,6455,2793,1091,223,91,4199,107,49,156,4352,1361,334,6053,1722,991,143,56,2912,49,41,100,3008,2100,288,5390,444,442,57,20,965,4,19,19,992,2525,197,3706,82,122,12,12,230,4,6,12,242,2428,180,2853,16,47,0,16,76,5,0,6,80,3665,566,4315,33227,14404,2216,1224,51071,1801,1144,2940,54017,24807,5165,83991,561,2031,87,74,2746,273,678,945,3697,3738,280,7709,2663,2192,133,141,5130,495,358,858,5985,1822,400,8216
LGA53800,8820,174,252,428,9245,5481,1389,16116,635,645,76,48,1397,106,86,184,1589,1079,138,2797,1144,294,65,34,1544,108,36,141,1688,441,144,2278,1063,310,101,31,1499,77,24,103,1606,448,144,2194,961,406,83,35,1488,69,32,101,1588,471,118,2180,1194,539,109,44,1882,70,27,99,1987,443,124,2551,1388,642,98,44,2163,66,28,95,2260,379,129,2769,1445,540,121,36,2147,68,29,94,2244,345,149,2735,1316,518,100,39,1973,53,23,74,2042,400,112,2555,1039,439,86,30,1594,34,18,51,1645,527,118,2290,562,331,66,20,981,21,16,45,1025,824,109,1958,160,161,24,7,352,0,4,6,363,928,83,1379,57,89,11,3,159,0,4,4,161,924,87,1175,19,34,10,7,71,0,0,0,71,1694,232,2000,10969,4955,947,383,17250,686,322,1008,18257,8909,1686,28860,307,773,29,19,1125,100,143,245,1373,1099,208,2679,914,377,63,23,1374,164,65,225,1603,422,180,2200
LGA53920,393,54,43,97,487,712,172,1372,10,17,4,6,31,22,11,33,66,212,14,301,64,30,3,6,113,10,11,26,136,158,16,305,100,41,3,7,147,11,6,24,175,134,21,323,87,33,5,7,127,17,0,19,149,134,15,296,64,31,3,4,107,3,0,3,110,98,13,222,50,35,9,0,91,7,6,13,103,88,10,198,52,20,0,4,75,6,3,7,90,62,18,169,81,12,5,5,106,9,0,7,116,75,14,203,78,18,0,0,98,6,0,7,102,61,6,178,47,6,3,0,62,0,0,3,64,56,5,123,11,7,3,0,26,0,0,0,29,48,4,79,0,0,0,0,0,0,0,0,0,36,0,36,0,0,0,3,5,0,0,0,5,49,5,57,656,255,49,44,995,98,50,149,1145,1215,131,2492,12,5,0,0,19,11,3,18,36,156,68,253,50,13,0,12,73,21,8,37,110,115,57,284
LGA53990,6372,120,186,306,6678,4296,509,11485,298,467,34,25,820,66,55,117,933,680,72,1684,591,193,32,18,835,60,18,74,904,196,63,1166,637,226,50,27,931,51,14,62,1005,243,96,1338,635,263,68,30,996,18,13,32,1029,298,101,1429,767,357,56,19,1201,24,25,45,1244,289,97,1630,903,434,61,36,1431,38,15,56,1481,224,93,1796,948,371,45,36,1392,33,12,49,1442,209,86,1736,910,362,66,22,1362,20,9,36,1395,229,93,1718,652,290,58,17,1017,23,11,26,1047,332,75,1458,330,225,47,12,616,14,9,23,636,620,84,1333,75,103,8,12,202,7,3,9,208,662,56,925,24,57,11,3,96,0,0,0,91,597,47,739,16,25,0,8,48,0,0,0,48,792,97,941,6782,3371,535,254,10937,356,180,535,11474,5362,1054,17894,212,510,35,15,776,67,102,170,939,770,154,1869,542,245,31,29,846,91,36,128,967,146,82,1193
LGA54060,709,13,14,32,737,667,149,1564,40,38,9,0,89,4,7,8,96,79,6,188,56,22,6,4,95,6,0,6,99,22,3,125,58,10,14,0,80,6,0,3,88,32,3,123,67,39,11,0,116,3,0,0,127,30,11,166,101,59,8,3,171,0,5,5,182,38,12,227,105,62,9,6,183,4,0,4,185,34,16,235,147,66,12,0,229,7,0,10,237,29,12,279,99,65,7,6,179,0,0,10,192,54,12,253,108,51,12,0,175,4,5,11,188,71,7,270,53,53,12,0,118,10,6,11,124,134,15,271,15,23,3,0,49,0,0,0,51,176,11,239,4,13,0,0,21,0,0,0,21,148,6,178,5,0,0,0,5,0,0,0,5,224,24,260,871,518,102,29,1511,48,33,83,1595,1079,146,2808,17,39,3,0,65,11,7,15,81,99,12,193,36,27,0,5,69,9,5,11,80,20,9,104
LGA54130,262,4,6,4,265,119,41,422,6,3,0,0,13,0,0,0,14,13,6,34,24,9,6,0,37,0,0,0,35,4,0,43,43,11,0,0,55,4,0,4,56,17,8,80,32,12,3,3,50,0,0,0,50,9,0,58,31,18,0,3,55,0,0,0,55,5,0,63,48,15,4,0,69,0,0,0,70,8,7,89,66,14,4,4,84,0,0,5,86,11,7,108,55,18,0,0,75,0,0,0,69,11,3,88,54,11,4,0,65,0,0,0,65,12,6,86,30,13,4,3,49,0,0,0,54,18,4,73,8,4,0,0,15,0,0,0,15,29,0,42,0,0,0,0,5,0,0,0,5,18,4,23,3,0,0,0,3,0,0,0,3,27,6,33,406,138,19,11,579,8,5,10,589,188,39,811,3,4,0,0,8,0,0,0,8,18,0,27,28,4,0,0,33,0,0,0,34,9,6,45
LGA54170,40747,540,1170,1714,42461,22012,1866,66334,1688,4434,241,187,6544,286,580,863,7408,4502,334,12242,4860,3114,350,173,8498,347,236,582,9075,1333,435,10849,4804,1297,303,112,6521,212,103,313,6832,1006,395,8226,4202,1654,378,93,6328,147,92,240,6570,1282,324,8172,5096,2436,378,114,8025,104,97,198,8223,1555,336,10108,6244,3084,341,137,9806,146,125,274,10078,1403,394,11882,6989,3023,366,133,10515,163,89,251,10770,1255,376,12394,6931,2749,477,134,10283,148,85,234,10518,1268,380,12168,5436,2449,418,98,8400,129,51,183,8587,1939,325,10850,3178,2177,341,63,5761,88,57,146,5913,3359,296,9569,750,879,123,34,1790,15,23,41,1828,3742,179,5750,111,272,16,4,408,3,9,13,418,3128,190,3734,32,88,9,15,145,0,5,5,148,6191,660,7002,50339,27655,3738,1290,83024,1783,1554,3342,86366,31953,4626,122948,762,3811,157,83,4808,255,961,1213,6025,4378,326,10729,3508,3490,198,138,7339,464,377,846,8190,1323,353,9864
LGA54200,13769,253,396,652,14420,8751,998,24174,753,1174,64,55,2053,102,137,241,2295,1545,170,4004,1712,720,99,81,2610,99,50,149,2758,452,170,3381,1741,442,133,57,2374,77,23,96,2470,428,175,3067,1666,610,114,55,2444,64,38,97,2541,491,147,3181,1815,747,102,41,2711,49,42,86,2798,564,165,3527,2087,874,119,54,3130,66,43,107,3237,477,220,3939,2192,783,121,56,3151,54,24,83,3231,407,151,3793,2093,750,124,61,3021,42,21,64,3086,447,168,3702,1647,733,142,40,2562,43,13,57,2620,670,151,3441,1213,693,115,30,2049,28,10,39,2088,1253,147,3496,303,360,33,8,712,3,9,13,722,1656,109,2482,67,138,14,4,222,0,4,4,230,1573,94,1892,27,64,12,5,104,0,0,0,106,2696,282,3086,17316,8087,1195,544,27142,627,417,1035,28174,12662,2140,42979,369,1176,32,39,1620,115,250,367,1983,1759,169,3905,1418,902,59,48,2435,188,96,282,2722,421,175,3314
LGA54280,6858,119,112,229,7091,2606,1035,10734,531,459,44,50,1082,82,57,137,1220,619,244,2081,1338,278,60,57,1735,83,36,117,1850,364,300,2520,1666,292,58,58,2074,67,25,86,2159,454,362,2978,1317,284,91,44,1730,56,27,82,1813,383,307,2505,1394,368,89,46,1905,44,20,58,1960,387,311,2653,1333,378,48,44,1803,37,20,61,1855,248,254,2357,1330,307,67,43,1744,47,15,57,1800,239,277,2320,1230,255,67,42,1601,32,12,39,1639,203,233,2076,785,213,65,25,1082,16,11,28,1107,228,166,1506,461,142,38,15,657,15,5,17,673,344,131,1146,119,75,10,3,203,5,4,9,209,327,76,614,26,38,3,0,75,0,0,0,75,310,50,436,7,12,0,0,19,0,0,0,24,490,105,611,11535,3109,641,424,15709,471,227,697,16405,4597,2808,23811,295,507,13,26,841,75,70,139,986,686,139,1806,986,257,58,34,1332,108,41,149,1478,357,206,2042
LGA54310,4841,88,74,170,5009,1348,1103,7466,309,204,29,23,564,25,17,48,610,371,210,1191,919,89,45,28,1074,32,8,39,1113,174,381,1664,1462,157,98,34,1755,37,6,45,1804,235,539,2582,1180,217,101,20,1522,28,16,42,1565,286,459,2305,1239,247,89,28,1599,27,18,43,1643,276,508,2432,1150,242,76,32,1496,22,4,26,1520,182,469,2175,1107,162,74,23,1360,22,0,23,1382,119,417,1920,1002,132,54,27,1218,18,4,17,1239,103,341,1689,625,83,49,14,769,13,4,13,782,99,251,1134,325,50,25,9,410,6,0,6,419,103,157,673,86,19,4,3,114,0,0,0,114,69,57,243,15,13,6,3,37,0,0,0,37,45,31,107,0,3,0,0,6,0,0,0,7,54,20,83,9422,1618,647,240,11928,222,85,309,12241,2119,3841,18197,144,251,14,15,422,45,41,86,508,502,79,1097,632,146,35,15,833,79,24,100,936,221,163,1322
LGA54340,810,19,24,41,853,588,155,1596,45,56,0,5,104,11,3,15,119,130,9,255,96,33,20,12,158,9,3,13,171,47,10,234,103,28,18,4,147,9,4,15,162,52,15,226,93,44,31,3,171,8,8,13,187,56,13,258,95,37,42,5,183,12,3,16,201,65,13,279,103,56,39,3,207,13,5,12,218,47,12,279,143,56,31,5,238,3,0,9,243,69,4,317,112,55,20,11,199,8,0,8,205,44,14,260,120,32,23,4,179,3,3,7,190,64,11,266,62,24,15,6,110,0,0,0,110,84,23,213,33,14,9,3,60,4,0,0,64,97,9,173,6,10,3,0,21,0,0,0,21,129,6,153,0,4,0,0,4,0,0,3,3,208,33,250,1023,455,254,62,1790,73,33,112,1902,1075,183,3159,45,48,3,3,97,13,9,22,120,91,20,234,125,40,8,5,176,4,7,5,186,38,23,243
LGA54410,224,0,3,3,226,207,56,490,4,7,0,6,13,0,3,0,14,36,8,60,24,6,0,0,30,5,0,4,28,11,9,44,30,8,5,0,39,3,0,3,40,13,4,61,19,12,3,0,30,5,0,4,31,17,0,50,26,11,0,0,35,3,0,3,40,12,5,49,32,14,3,0,56,0,0,0,52,21,5,75,39,23,3,3,68,0,0,0,68,20,3,88,37,24,9,0,67,0,0,0,67,12,4,84,37,18,0,0,52,0,0,0,52,15,5,71,27,17,0,0,46,0,0,0,46,35,3,82,10,9,3,0,23,0,0,0,24,50,4,75,3,5,0,0,11,0,0,0,11,39,8,60,6,4,0,0,5,0,0,0,7,110,0,119,285,144,26,11,461,12,12,21,482,391,44,921,3,14,0,0,17,0,0,0,17,35,4,58,15,7,0,0,25,0,0,0,25,12,7,45
LGA54480,104,4,0,4,109,32,17,160,3,0,0,0,10,0,0,0,10,13,0,17,15,0,0,0,17,0,0,0,14,0,0,14,22,5,0,0,25,0,0,0,25,9,0,34,30,11,0,0,43,0,0,0,43,8,0,50,22,8,0,0,33,0,0,0,33,7,0,44,27,8,0,0,37,0,0,0,37,6,0,42,25,4,0,0,34,0,0,0,34,0,4,38,31,0,0,0,37,0,0,0,37,4,0,41,24,8,0,0,33,0,0,0,33,3,5,36,16,5,0,0,23,0,0,0,25,15,0,37,5,0,0,0,11,0,0,0,11,3,0,18,3,0,0,0,6,0,0,0,6,9,0,10,3,0,0,0,4,0,0,0,4,3,0,10,225,58,7,5,294,0,0,0,302,83,11,388,4,5,0,0,7,0,0,0,7,11,0,17,9,4,0,0,15,0,0,0,16,3,0,15
LGA54550,434,3,4,8,439,234,63,745,10,13,0,7,32,3,0,3,35,47,5,87,39,13,0,3,63,3,0,8,65,26,4,96,63,16,6,0,86,0,0,0,85,20,4,106,49,21,5,4,80,0,0,0,80,20,3,110,44,37,7,0,89,0,0,0,91,11,0,100,80,28,3,7,115,3,0,7,120,24,0,154,103,31,6,0,144,5,0,4,146,18,4,168,72,31,10,4,115,3,0,3,117,21,8,143,68,28,6,0,107,0,5,4,111,31,5,138,49,19,0,0,67,0,5,5,69,46,4,118,15,16,7,0,36,0,0,0,36,46,5,94,6,10,0,0,17,0,0,0,17,61,3,83,7,5,4,0,16,0,0,0,16,131,13,159,608,273,51,33,961,22,13,35,1000,500,55,1560,15,11,0,0,25,3,0,3,31,21,5,60,38,12,3,0,53,0,3,0,55,18,5,76
LGA54620,193,0,3,6,202,81,38,324,8,7,3,0,18,0,0,3,21,16,0,39,30,0,4,0,35,0,0,0,39,9,8,52,47,17,3,4,72,3,0,3,77,8,17,99,43,11,0,0,61,0,0,0,61,11,3,80,57,12,0,0,74,0,0,0,71,11,12,93,42,14,0,0,55,7,0,4,63,6,5,70,53,10,4,0,64,0,0,0,69,10,3,79,55,15,4,0,73,0,0,0,70,7,6,86,29,16,0,0,47,0,0,0,45,18,4,62,31,15,3,0,53,0,0,0,53,16,4,74,14,10,0,0,22,0,0,0,22,21,0,42,5,3,8,0,16,0,0,0,16,23,4,40,3,3,0,0,11,0,0,0,11,25,0,37,421,120,30,14,585,19,3,22,608,169,68,849,4,0,0,0,6,0,0,0,6,18,3,28,9,3,0,0,20,0,0,0,15,0,0,21
LGA54690,83,3,3,4,83,47,4,136,0,4,0,0,0,0,0,0,0,3,0,7,14,0,0,0,14,0,0,0,16,3,0,19,8,6,0,0,19,0,0,0,19,6,0,29,18,7,0,0,22,0,0,0,25,7,0,35,12,0,0,0,17,0,0,0,17,3,0,18,13,0,0,0,15,0,3,3,18,4,0,26,12,5,0,0,21,0,0,3,22,3,0,23,21,3,0,0,30,0,0,0,28,7,0,37,17,3,0,0,25,0,0,0,25,12,0,37,11,3,0,0,16,0,0,0,16,15,0,27,3,3,0,0,4,0,0,0,4,14,0,27,0,3,0,0,8,0,0,0,8,15,0,21,0,3,0,0,7,0,0,0,7,27,0,27,140,51,7,6,199,3,8,6,211,114,9,335,0,6,0,0,3,0,0,0,3,3,0,10,5,3,0,0,13,0,0,0,13,0,0,9
LGA54760,177,0,0,4,181,75,34,287,5,6,0,0,9,0,0,0,9,6,0,17,11,0,0,0,10,0,0,0,10,0,0,8,27,10,0,0,34,0,0,0,37,12,0,46,31,10,3,0,47,0,0,0,46,11,0,57,27,24,0,0,49,0,0,0,55,6,0,66,47,9,0,4,61,3,0,5,67,4,3,70,45,7,0,0,57,0,0,0,52,5,0,62,34,10,0,0,47,0,0,0,45,5,0,55,35,9,0,0,52,0,3,3,57,10,0,64,29,9,6,0,42,0,0,0,42,21,4,66,13,9,0,0,23,0,0,0,23,9,0,28,6,5,4,0,16,0,0,0,12,13,0,28,0,4,0,0,9,0,0,0,9,36,5,48,306,123,17,9,452,9,10,12,467,145,12,620,7,7,0,0,10,0,0,0,12,9,4,20,16,3,0,0,19,0,0,0,19,10,7,33
LGA54830,10044,329,445,776,10821,5719,820,17364,332,430,26,39,824,116,86,197,1023,779,173,1977,957,329,45,45,1374,116,42,158,1531,437,173,2141,1318,392,105,34,1853,94,35,129,1977,537,182,2703,1138,383,103,38,1658,55,35,97,1754,527,187,2468,995,386,58,35,1486,55,28,77,1565,479,159,2204,1053,375,61,33,1523,59,29,87,1610,414,181,2208,909,318,66,36,1330,47,22,65,1392,332,128,1856,781,265,61,20,1128,32,9,42,1173,334,103,1603,548,228,54,16,850,17,11,24,879,418,97,1399,312,146,24,11,493,12,14,25,520,629,84,1228,97,58,13,4,177,0,4,5,183,668,68,923,3,26,3,0,36,0,0,0,32,634,62,729,3,3,0,0,11,0,0,0,11,943,144,1098,8450,3349,614,321,12730,610,312,916,13650,7134,1745,22529,195,615,24,33,866,130,159,284,1150,995,152,2300,951,638,57,66,1715,229,113,335,2049,643,182,2876
LGA54900,317,0,7,7,317,114,32,468,20,0,0,0,22,0,3,3,21,11,3,42,33,7,0,3,44,0,0,0,44,8,5,57,54,5,4,0,69,6,0,6,73,14,0,83,52,17,0,0,65,0,0,0,65,14,0,86,59,22,5,0,86,0,0,0,86,13,4,103,62,21,0,10,90,0,0,0,97,9,5,112,69,20,5,0,99,0,0,0,99,7,0,103,92,22,4,0,115,0,3,3,116,11,6,129,64,21,7,0,93,0,0,0,93,13,7,108,33,15,9,0,51,0,0,0,51,26,3,82,20,10,0,0,37,0,0,0,37,11,4,46,11,7,0,0,24,0,0,0,24,14,4,42,7,6,4,0,10,0,0,0,10,46,4,64,573,177,42,14,807,8,0,14,823,194,47,1065,11,3,0,0,22,0,0,0,22,19,6,40,25,7,0,0,33,0,0,0,42,5,0,39
LGA54970,147,4,0,6,153,110,95,358,4,5,0,0,7,3,0,7,17,22,8,47,75,22,5,0,104,0,0,0,104,15,11,130,79,9,5,0,98,0,0,0,98,14,8,115,58,9,7,0,75,0,0,6,80,14,15,109,70,13,10,5,92,0,0,0,99,15,16,127,69,19,9,0,96,0,0,0,96,6,19,119,56,18,0,0,75,10,0,11,85,7,14,107,44,11,5,3,69,0,0,0,69,19,16,105,60,0,6,3,67,0,0,0,67,8,12,80,36,0,0,0,39,0,0,0,40,10,11,57,7,4,5,0,18,0,0,0,18,11,0,28,4,0,0,0,4,0,0,0,4,13,4,24,0,0,0,0,0,0,0,0,0,11,0,12,566,115,56,10,751,18,6,23,775,171,130,1071,3,4,0,0,8,3,0,7,15,18,0,31,39,0,0,0,42,0,0,3,46,17,18,76
LGA55040,241,6,3,11,249,110,117,479,21,4,0,5,34,3,0,3,32,33,22,89,138,13,8,3,161,0,0,5,170,33,60,259,190,16,13,4,224,3,5,3,226,63,69,363,134,17,15,4,164,4,0,8,172,43,63,283,114,11,7,0,138,0,0,0,138,29,48,212,122,17,4,6,153,0,0,0,153,21,60,236,120,13,5,4,142,0,0,0,150,9,49,205,110,14,9,4,133,0,0,0,133,6,45,188,74,12,0,5,96,0,0,0,98,11,20,129,31,12,0,4,50,0,0,3,53,11,16,78,14,0,0,0,16,0,0,0,16,9,6,35,6,0,0,0,8,0,0,0,8,11,3,17,0,0,0,0,0,0,0,0,0,13,7,20,1081,138,68,33,1320,21,9,27,1346,303,459,2101,10,0,0,0,16,0,0,0,15,14,11,36,32,4,0,0,44,0,0,0,41,16,25,78
LGA55110,17674,575,715,1286,18956,17997,2144,39106,698,1386,90,67,2237,241,196,444,2678,1727,251,4658,1612,807,125,79,2628,251,60,309,2941,649,261,3846,1723,550,141,71,2480,171,59,230,2710,790,244,3744,1454,655,124,55,2277,120,63,187,2469,810,237,3515,1818,803,149,70,2831,120,60,174,3006,822,264,4097,2038,997,125,51,3209,117,82,201,3411,744,297,4452,2238,966,183,58,3445,129,43,177,3618,733,240,4589,2095,895,188,56,3232,92,51,148,3374,847,264,4489,1556,829,197,50,2629,90,40,126,2755,1318,256,4341,925,734,121,29,1803,56,43,107,1909,2611,238,4763,236,361,44,19,658,7,15,19,682,3313,234,4229,54,157,17,8,234,3,0,5,235,3202,241,3680,3,43,10,5,56,0,0,3,59,5404,892,6356,16441,9161,1518,613,27730,1408,717,2125,29855,22992,3915,56756,421,1438,61,49,1970,283,418,699,2669,1948,233,4848,1525,1107,88,60,2784,386,149,535,3317,759,260,4334
LGA55180,2049,41,34,79,2128,1383,303,3809,98,160,20,8,284,20,15,31,319,218,19,555,184,82,16,8,293,22,3,22,315,64,17,396,198,65,13,8,287,7,6,14,301,64,19,379,177,115,17,6,309,8,9,16,326,89,14,427,247,141,15,13,423,10,12,18,439,104,20,563,297,154,23,11,487,20,7,27,511,107,26,643,351,199,31,18,598,12,10,23,618,92,42,747,355,159,32,6,552,11,4,17,570,120,31,723,260,165,40,6,471,18,5,19,490,165,35,687,177,131,30,7,350,3,3,8,357,234,20,609,62,77,11,0,154,0,0,0,153,308,25,487,11,29,3,0,49,0,0,0,53,287,22,363,12,23,3,4,40,0,0,0,40,516,57,612,2425,1506,255,102,4288,127,72,195,4489,2366,337,7195,88,138,4,3,241,19,3,24,268,271,48,583,169,74,13,6,261,29,12,39,304,79,34,407
LGA55250,165,7,7,12,179,117,100,404,3,4,0,0,11,0,0,5,20,30,12,59,56,10,3,3,74,0,0,0,75,20,29,117,81,9,3,5,94,3,6,9,107,14,35,154,57,11,3,0,66,4,0,4,74,23,27,126,50,3,0,0,53,0,0,0,53,16,26,98,55,9,3,3,65,0,0,0,66,11,28,102,59,10,8,4,81,6,0,6,83,11,27,123,54,15,8,0,73,0,0,0,77,16,17,102,47,7,0,0,58,0,0,0,59,24,17,90,30,4,0,0,35,0,0,0,40,17,9,68,11,4,0,0,18,0,0,0,18,21,4,47,5,0,0,0,4,0,0,0,6,11,8,21,4,3,0,0,8,0,0,0,8,16,4,21,498,95,30,24,648,18,12,25,670,225,226,1125,4,0,0,0,4,3,0,3,9,23,25,55,22,3,0,3,29,0,0,0,28,9,11,53
LGA55320,25535,371,808,1179,26710,16858,1535,45104,600,2317,154,107,3170,72,341,416,3582,3304,215,7098,2612,2245,219,116,5192,158,251,406,5597,1404,280,7279,3302,905,171,63,4446,140,79,221,4667,697,262,5621,2703,910,226,57,3899,82,48,124,4029,748,215,4989,2935,1335,182,70,4519,98,78,174,4693,963,246,5896,3432,1590,171,78,5266,102,98,200,5466,910,263,6632,3786,1654,204,78,5725,92,65,158,5879,865,215,6963,3931,1609,232,80,5856,85,62,142,6001,929,217,7150,3201,1447,232,58,4940,76,41,117,5059,1357,244,6658,1896,1291,154,44,3391,45,39,79,3471,2145,200,5819,527,710,90,20,1349,8,14,28,1376,2616,167,4161,106,260,30,16,403,0,7,7,411,2621,173,3211,41,142,19,13,219,0,0,0,217,7132,683,8026,29080,16415,2084,797,48375,965,1110,2073,50443,25687,3365,79501,260,2141,76,40,2517,90,548,639,3155,3155,189,6495,1901,2409,151,81,4544,253,327,578,5117,1326,225,6666
LGA55390,52,0,0,3,52,36,22,113,0,0,0,0,0,0,0,0,5,26,0,25,7,4,0,4,11,0,0,0,16,15,0,29,6,4,0,0,17,0,0,0,17,15,0,32,9,3,0,0,20,0,0,0,20,8,0,26,3,6,0,0,14,0,0,0,14,4,0,22,5,4,0,0,10,0,0,0,11,9,3,31,9,4,0,0,16,0,0,0,16,16,3,36,8,4,3,0,14,0,0,0,14,11,0,30,4,5,3,0,19,0,0,0,20,10,0,30,11,7,0,0,10,0,0,0,10,14,0,24,0,3,0,0,3,0,0,0,0,11,0,15,0,0,0,0,0,0,0,0,0,5,0,5,0,0,0,0,0,0,0,0,0,8,0,8,61,46,10,3,122,4,0,9,132,163,18,305,9,0,0,0,9,0,0,4,6,12,3,26,20,0,3,0,22,3,0,3,20,10,5,35
LGA55460,653,20,11,20,676,403,142,1213,51,44,3,3,99,7,5,8,110,85,8,205,113,23,4,0,141,6,5,13,149,101,14,267,112,28,8,5,158,8,4,15,172,32,8,209,90,28,5,6,132,9,0,8,134,39,10,178,109,45,3,6,167,0,3,5,169,39,12,217,116,42,9,7,175,8,6,13,180,44,15,240,131,41,0,0,180,4,0,4,183,22,13,216,130,49,10,0,185,0,6,3,189,37,14,240,108,36,4,0,143,5,0,5,148,50,0,195,67,28,11,7,112,0,0,4,115,59,4,184,32,18,4,0,57,0,0,0,57,75,0,132,6,9,0,4,22,0,0,0,22,69,6,99,6,3,0,0,10,0,0,0,10,161,16,183,1072,399,64,35,1567,47,24,71,1640,813,125,2577,33,52,0,4,86,7,5,6,93,96,16,202,95,33,11,4,139,9,0,15,154,123,23,301
LGA55530,75,3,0,6,81,42,25,142,7,0,0,0,8,0,0,0,7,7,0,15,12,0,0,0,12,0,0,3,14,4,5,27,20,7,0,0,28,0,0,0,29,8,0,33,3,5,0,0,9,3,0,6,13,3,0,17,26,3,0,0,33,4,0,5,39,4,0,41,16,0,4,0,23,0,0,0,28,7,0,27,19,5,5,0,27,6,0,6,30,0,0,28,21,5,0,0,31,0,0,0,31,3,0,33,24,4,0,0,33,0,0,0,33,15,4,49,13,3,0,0,16,0,0,0,16,12,0,27,5,4,3,0,12,0,0,0,12,11,4,22,0,5,0,0,0,0,0,0,3,12,0,16,0,0,0,0,0,0,0,0,0,20,3,22,168,42,13,3,228,16,3,19,253,97,14,363,8,7,0,0,10,0,0,0,10,14,0,20,9,5,0,0,10,0,0,0,10,4,0,21
LGA55600,497,8,17,19,524,291,106,917,18,40,0,0,65,3,3,9,73,87,11,173,69,22,0,4,89,5,0,5,96,24,11,123,75,22,5,5,102,3,4,6,110,30,4,144,75,26,11,0,110,5,0,5,118,30,6,145,93,51,0,4,140,4,0,4,141,32,14,185,73,50,0,0,132,0,3,5,131,22,3,157,119,40,5,0,162,4,0,4,165,23,10,199,102,28,4,0,131,8,0,10,144,15,6,162,98,20,4,6,122,3,0,3,127,45,6,176,63,22,4,6,101,0,0,0,102,37,4,143,23,15,3,4,49,0,0,0,49,54,4,109,11,17,0,0,28,0,0,0,28,39,3,74,7,8,0,0,14,0,0,0,14,108,11,136,821,357,45,35,1249,27,7,42,1292,543,95,1929,21,24,0,0,43,5,4,3,46,67,7,125,53,23,3,0,82,12,3,13,95,34,9,138
LGA55670,115,0,0,0,118,90,52,260,11,13,0,0,27,0,4,4,30,64,3,105,17,0,0,3,25,0,0,0,25,5,3,31,23,15,0,0,36,6,0,6,38,12,0,43,8,6,0,0,20,0,0,0,17,6,4,33,33,16,0,0,46,0,0,0,46,10,0,55,42,12,5,0,57,0,5,0,58,9,3,72,33,11,0,3,53,0,0,0,56,5,5,65,44,10,3,0,55,0,0,0,59,5,3,66,27,10,0,0,34,3,0,3,37,6,0,45,14,8,3,0,25,0,0,0,25,9,0,35,9,4,5,0,17,0,0,0,17,19,4,37,0,4,0,0,3,0,0,0,3,15,0,21,3,0,4,0,3,0,0,0,3,53,4,60,257,105,30,14,400,16,4,16,415,214,40,665,0,13,0,0,11,5,0,5,17,56,0,75,13,6,0,0,22,4,0,10,30,3,0,33
LGA55740,2202,38,66,107,2310,1487,208,4006,30,170,11,9,218,8,26,29,247,405,21,675,189,204,14,8,417,11,25,37,456,117,39,610,350,114,9,8,473,14,4,23,495,69,42,608,276,108,18,4,402,11,6,13,422,67,45,528,236,105,17,0,367,15,6,21,389,99,38,522,279,129,17,8,437,10,9,8,451,113,35,593,295,135,20,11,460,10,11,17,476,115,35,628,275,129,9,8,421,9,4,11,433,111,21,569,230,131,14,6,382,5,3,6,394,107,26,529,150,129,15,8,294,6,4,6,301,177,33,517,66,84,9,0,160,4,0,3,159,252,25,435,23,41,0,0,65,0,0,0,63,213,13,288,7,14,0,0,20,0,0,0,20,519,78,613,2409,1486,164,68,4123,98,90,187,4310,2360,453,7120,10,142,12,3,166,4,31,34,202,418,23,637,107,216,7,4,338,19,22,41,377,87,20,488
LGA55810,76,0,0,3,79,50,104,233,0,3,0,0,0,0,0,0,9,26,0,30,24,0,0,0,22,0,0,0,25,14,5,49,23,5,0,4,39,5,0,5,34,13,3,58,19,4,0,0,23,4,0,4,22,12,0,37,25,3,0,0,37,0,0,0,37,7,7,52,26,8,4,0,40,5,0,5,37,10,6,60,23,6,0,0,34,4,0,4,41,13,10,59,17,4,5,0,26,6,0,5,33,9,6,48,7,0,0,0,12,0,0,0,12,14,3,30,12,3,0,0,17,0,0,0,17,20,0,34,3,0,0,0,3,0,0,0,8,25,0,30,0,0,0,0,7,0,0,0,7,18,0,19,0,0,0,0,0,0,0,0,0,10,3,15,190,44,15,10,254,18,0,20,272,190,54,520,4,3,0,0,7,0,0,0,5,12,9,24,3,0,0,0,4,0,0,0,5,5,0,18
LGA55880,108,0,0,0,114,44,14,175,0,0,0,0,4,0,0,0,4,3,0,9,12,4,0,0,19,0,0,0,19,0,0,19,26,4,0,0,34,0,0,0,34,9,0,35,14,3,0,0,17,0,0,0,23,4,0,21,20,8,0,0,35,0,0,0,35,9,0,39,31,6,0,0,38,0,0,0,38,7,0,38,30,9,0,0,38,0,0,0,38,0,5,47,20,8,3,0,31,0,0,0,31,10,6,39,19,0,0,0,27,0,0,0,27,8,0,36,13,6,0,0,22,0,0,0,25,14,0,35,8,8,0,0,17,0,0,0,17,3,0,19,3,3,0,0,5,0,0,0,5,12,0,15,0,0,0,0,0,0,0,0,0,19,0,17,199,62,7,0,272,0,4,5,276,85,9,373,0,0,0,0,6,0,0,0,4,5,0,13,10,4,0,0,14,0,0,0,8,0,0,14
LGA55950,108,3,0,3,108,84,26,215,10,6,0,0,9,0,0,0,13,17,0,25,18,0,0,0,17,0,0,0,20,0,0,26,15,3,0,0,18,0,0,0,19,0,0,24,15,4,0,0,21,0,0,0,26,4,0,22,16,9,0,0,25,0,0,0,27,4,0,31,11,9,0,0,21,0,0,0,21,5,0,30,20,9,0,0,33,0,0,0,33,3,0,35,33,5,0,0,39,0,0,0,39,5,0,44,20,9,7,0,31,0,0,0,31,3,0,41,18,7,3,0,26,0,0,0,26,9,0,30,9,4,0,0,18,0,0,0,18,10,0,25,7,5,0,0,6,0,0,0,6,13,0,28,6,0,0,4,3,0,0,0,3,29,5,39,192,62,17,12,281,0,0,9,284,109,3,400,7,0,0,0,4,0,0,0,5,4,0,12,8,7,0,0,12,0,0,0,15,4,0,18
LGA56090,8914,153,231,388,9300,5713,686,15701,467,875,35,50,1431,85,97,180,1609,1037,138,2786,923,458,46,38,1463,93,45,135,1592,485,97,2177,744,212,52,25,1034,38,9,47,1073,463,74,1614,701,282,72,21,1076,30,24,58,1131,589,63,1775,1048,478,87,35,1643,32,20,52,1694,569,123,2389,1370,705,76,41,2192,44,23,64,2261,511,161,2934,1610,682,101,26,2431,31,20,50,2478,428,151,3055,1537,646,104,38,2323,29,21,47,2380,401,125,2912,1217,548,98,37,1906,23,11,38,1941,517,125,2574,783,547,81,23,1438,20,20,45,1484,920,114,2512,245,265,27,12,546,0,4,3,551,1147,76,1773,36,89,9,3,135,0,0,0,139,976,67,1187,12,30,6,3,57,0,0,0,57,1630,194,1876,10690,5820,795,359,17667,421,297,715,18388,9668,1507,29563,229,788,33,27,1072,64,180,243,1315,1090,103,2509,753,526,60,29,1360,128,50,185,1542,500,103,2142
LGA56160,16,0,0,0,20,13,4,36,3,0,0,0,3,0,0,0,3,0,0,3,0,0,0,0,7,0,0,0,7,4,0,8,0,0,0,0,4,0,0,0,4,0,0,3,5,0,0,4,6,0,0,0,6,0,0,7,0,0,0,0,3,0,5,5,3,0,0,6,4,0,0,0,5,0,0,0,5,7,3,13,0,0,0,0,0,0,0,0,0,4,0,4,7,0,0,0,5,0,0,0,5,0,0,8,3,0,0,0,0,0,0,0,0,0,0,9,3,0,0,0,5,0,0,0,3,6,0,9,0,0,0,0,3,0,0,0,3,5,0,3,0,0,0,0,0,0,0,0,0,0,0,0,0,0,0,0,0,0,0,0,0,0,0,3,35,6,4,4,45,0,5,5,49,29,10,87,4,0,0,4,3,0,0,0,3,4,0,11,0,0,0,0,3,0,0,0,8,9,3,14
LGA56230,3494,103,138,240,3736,3235,534,7497,171,223,11,17,424,37,35,68,489,326,63,885,291,126,22,18,462,29,6,38,498,95,52,643,269,107,15,11,412,33,14,44,451,141,45,631,282,127,29,17,447,28,4,31,482,170,39,691,359,171,45,22,590,30,13,47,634,145,55,840,427,203,37,16,683,19,11,37,714,136,55,908,494,212,38,15,754,18,10,25,785,150,70,1003,430,225,50,28,734,22,9,25,762,201,51,1008,375,165,42,21,605,10,6,16,617,266,71,954,235,179,34,12,464,11,8,20,487,545,62,1093,80,89,16,4,186,0,3,3,190,664,49,898,18,28,5,3,53,0,0,0,53,672,36,759,12,16,4,0,31,0,0,0,36,901,100,1030,3434,1867,359,177,5842,236,120,356,6196,4413,747,11353,78,286,11,7,390,46,45,91,477,459,71,1006,292,199,22,14,521,64,15,78,605,162,57,825
LGA56300,293,4,3,9,307,264,77,644,13,8,0,0,30,0,0,0,35,28,0,63,10,0,0,0,18,0,0,0,18,5,0,30,22,11,3,0,33,0,0,4,31,12,3,45,23,10,5,0,36,3,0,3,41,5,3,54,39,11,8,0,58,0,0,4,58,13,0,70,34,29,4,0,68,0,0,0,70,13,4,81,37,28,6,3,72,4,0,4,80,20,6,104,45,27,5,0,71,0,0,3,71,13,5,96,34,41,9,3,88,7,5,5,101,37,4,143,33,32,7,0,72,0,0,3,77,61,6,144,10,9,3,0,27,0,0,0,27,86,0,113,6,4,0,0,6,0,0,0,6,39,4,53,0,6,0,0,4,0,0,0,4,59,6,64,303,221,53,18,590,20,10,27,613,399,47,1065,0,9,0,3,17,0,0,0,17,19,3,43,11,10,0,0,25,0,0,3,24,14,5,42
LGA56370,161,0,4,4,162,95,41,298,13,0,0,0,8,0,0,0,8,12,0,25,26,3,0,0,34,3,0,3,39,4,3,48,24,11,0,0,36,0,0,0,36,4,0,42,19,5,0,0,27,0,0,0,26,6,0,30,26,15,0,0,37,0,0,0,37,5,0,47,28,16,5,0,47,6,0,6,49,7,0,60,26,13,0,0,41,0,0,0,38,10,0,55,52,19,0,0,73,0,0,0,68,8,8,83,27,14,0,4,45,0,0,0,46,5,0,58,21,10,3,0,35,0,0,0,35,13,0,45,10,3,6,0,20,0,0,0,20,23,4,48,6,5,0,0,14,0,0,0,14,16,0,31,11,3,0,0,10,0,0,0,10,63,12,96,294,109,14,5,419,13,0,12,435,196,35,661,3,4,0,0,11,0,0,4,10,17,0,22,22,3,0,0,30,0,0,0,30,7,0,35
LGA56460,1023,30,27,52,1082,713,215,2013,59,59,6,4,132,12,5,25,157,287,12,458,126,33,13,10,180,16,7,18,201,58,15,270,116,23,10,5,161,7,11,12,176,59,19,250,99,53,7,3,164,7,0,3,167,76,11,254,133,72,14,7,225,11,7,22,250,62,18,326,174,84,8,6,276,10,4,16,287,50,19,352,156,68,18,3,243,7,5,13,257,40,6,306,203,83,18,4,303,3,0,7,310,56,15,384,144,61,8,3,222,6,0,6,229,62,11,298,98,60,6,3,170,6,3,6,179,110,3,298,45,40,3,0,89,0,4,4,96,120,14,216,6,16,4,0,27,0,0,0,27,125,9,159,5,10,0,0,15,0,0,0,16,314,31,367,1374,661,117,51,2211,86,57,140,2347,1413,185,3941,33,39,9,7,89,16,6,23,107,242,47,393,130,37,10,3,181,12,5,15,191,41,27,266
LGA56580,5114,66,130,193,5313,3621,306,9234,56,498,36,14,597,11,74,79,681,901,40,1624,370,633,70,23,1097,21,71,93,1192,416,59,1661,502,154,26,10,681,18,24,41,725,165,42,933,356,138,30,10,534,12,6,13,548,160,35,745,460,200,41,14,710,8,13,16,729,216,49,994,664,358,28,27,1072,15,10,34,1103,234,54,1393,806,357,38,15,1218,25,8,33,1250,241,52,1542,856,384,34,10,1281,11,11,27,1307,246,58,1617,682,337,46,7,1071,10,6,15,1084,275,48,1415,468,298,45,6,817,10,11,21,836,422,45,1306,172,205,10,6,403,0,6,6,403,538,44,984,48,95,6,0,158,3,4,3,163,488,36,686,11,61,9,0,75,0,0,0,75,1298,139,1511,5445,3712,403,157,9715,144,235,382,10096,5610,698,16407,21,473,22,9,518,8,83,90,612,882,35,1527,312,595,38,13,960,39,70,115,1074,396,64,1530
LGA56620,122,23,9,35,155,344,57,561,10,18,6,0,31,0,3,5,34,66,15,112,11,28,0,0,45,0,3,3,47,57,8,119,15,32,0,4,57,7,4,8,64,63,14,142,23,28,8,5,60,9,0,10,64,49,5,122,11,19,6,4,39,3,0,4,42,52,6,105,17,14,4,0,41,4,0,4,44,27,10,83,17,12,9,0,41,0,0,0,38,41,5,83,23,17,7,0,42,0,0,0,41,20,7,76,30,10,3,0,40,0,0,0,40,25,11,73,19,4,3,0,29,0,0,0,27,24,8,52,3,4,0,0,11,0,0,0,9,19,0,29,0,0,0,0,3,0,0,0,3,12,0,17,0,0,0,0,0,0,0,0,0,16,12,21,188,182,43,20,436,22,14,41,471,474,94,1033,3,0,0,0,8,16,4,14,28,72,43,140,9,7,3,7,26,17,12,26,54,57,39,151
LGA56730,2252,61,73,129,2383,1803,426,4609,141,149,8,12,304,49,29,76,380,250,65,692,226,85,16,11,340,25,10,40,376,90,55,528,207,81,36,13,331,27,12,32,368,119,45,532,233,100,19,8,359,19,9,29,386,124,44,562,301,138,17,10,458,24,9,24,486,121,60,670,325,128,15,12,484,14,4,20,500,107,48,660,349,137,18,8,522,24,0,26,548,109,49,698,374,173,23,17,597,14,5,16,616,125,62,803,344,130,40,5,516,16,3,21,540,180,63,786,199,119,28,5,347,8,8,13,362,317,57,738,65,66,12,3,137,5,0,0,144,362,36,537,11,21,3,0,41,0,0,0,43,290,43,374,5,15,0,0,30,0,0,0,27,583,80,700,2765,1344,238,113,4463,220,99,317,4778,2774,713,8269,77,135,9,3,218,25,31,53,278,301,46,619,220,86,13,16,328,43,15,55,386,151,49,587
LGA56790,598,7,10,18,612,520,160,1301,24,21,5,5,54,0,3,5,61,83,3,149,30,12,0,4,54,9,0,9,59,18,6,83,33,17,4,0,56,3,4,6,63,29,3,95,68,34,10,3,104,10,5,10,116,37,9,161,82,50,19,6,152,6,3,12,165,41,3,213,101,50,10,0,160,4,0,3,165,38,5,214,116,68,10,3,197,11,4,9,205,36,20,260,108,54,12,3,180,7,0,6,185,49,16,257,93,67,15,7,178,5,0,5,182,77,15,272,66,45,13,6,127,0,6,7,132,128,9,271,34,16,3,3,62,0,0,0,62,154,8,223,5,9,3,0,20,0,0,0,20,124,16,162,5,0,0,5,10,0,0,0,10,192,28,231,770,451,93,38,1349,53,16,72,1420,1022,149,2592,21,31,0,5,52,0,4,3,63,58,9,125,50,33,0,3,94,5,0,5,100,23,13,134
LGA56860,44,3,3,0,48,25,23,102,3,3,0,0,9,0,0,0,4,7,0,14,5,4,0,0,8,0,0,0,8,0,0,9,5,0,0,0,3,0,0,0,7,0,0,4,6,0,0,0,10,0,0,0,10,0,0,9,0,9,0,0,10,0,0,0,10,4,6,15,6,4,0,0,13,0,0,0,13,3,0,14,3,4,0,0,14,0,0,0,13,10,3,22,12,5,0,0,17,0,0,0,17,5,0,25,7,4,0,0,17,0,0,0,18,5,0,27,0,0,0,0,0,0,0,0,3,5,0,14,5,0,0,0,5,0,0,0,5,6,0,7,0,0,0,0,0,0,0,0,0,3,0,3,0,4,0,0,0,0,0,0,0,16,0,19,62,32,3,0,104,3,0,7,106,62,6,177,4,3,0,0,5,0,0,0,4,3,0,10,11,10,0,0,18,0,0,0,19,0,0,20
LGA56930,330,0,29,34,365,359,26,748,3,27,0,0,33,0,4,4,34,129,16,181,23,36,9,0,70,4,0,4,76,32,10,117,30,14,4,0,51,0,0,0,48,9,10,69,20,9,0,0,31,0,0,0,31,11,0,36,20,8,3,0,38,0,0,0,37,12,0,51,30,22,0,0,53,0,0,0,53,19,7,76,46,20,0,0,72,0,0,0,74,24,7,106,55,21,5,0,87,6,0,6,87,35,9,128,46,32,4,0,79,0,0,3,79,30,18,127,29,17,0,0,47,0,0,0,47,33,9,92,13,15,4,0,31,0,0,0,31,31,5,75,3,7,0,0,11,0,0,0,11,37,8,54,5,9,0,0,16,0,0,0,16,102,11,126,327,244,29,3,606,8,8,17,622,498,108,1235,0,47,0,4,53,0,8,8,53,149,4,208,22,52,0,0,70,0,3,8,81,28,9,114
LGA57000,114,0,0,0,116,36,51,197,12,4,0,4,12,0,0,0,20,6,0,27,27,9,0,5,45,0,0,0,44,8,3,50,79,5,4,3,88,0,0,0,91,7,16,113,63,9,3,0,70,0,0,0,70,6,5,90,44,7,0,5,54,0,0,0,58,7,13,69,60,20,0,0,72,0,0,0,72,12,7,93,51,14,0,0,61,0,0,0,64,7,3,73,60,5,3,0,74,0,0,0,70,5,9,84,49,4,3,0,52,0,0,0,52,10,9,74,22,3,0,6,30,0,0,0,30,12,4,42,16,4,0,0,21,0,0,0,21,6,3,28,0,4,0,0,3,0,0,0,3,9,0,13,5,5,0,0,3,0,0,0,3,11,6,24,484,78,15,20,597,3,6,12,608,97,71,781,6,0,0,0,12,4,0,4,9,7,0,16,18,3,0,0,18,0,0,0,18,5,0,22
LGA57080,7655,224,259,486,8146,3319,1041,12503,45,165,22,5,240,12,81,87,330,526,108,965,772,597,73,23,1464,69,131,196,1655,904,369,2927,2012,482,81,32,2612,85,43,129,2742,516,621,3876,1412,280,64,12,1774,67,30,94,1868,284,428,2582,783,146,30,15,974,32,17,44,1016,182,204,1406,595,126,25,11,752,23,3,27,782,130,183,1093,519,109,24,12,657,17,11,25,688,130,150,964,560,90,35,7,694,22,11,34,727,141,146,1011,498,117,40,8,660,12,5,19,674,215,150,1050,300,141,26,6,473,10,9,19,490,312,124,929,115,92,8,5,225,3,5,6,230,340,77,648,25,55,6,0,82,0,0,0,82,307,48,440,11,31,0,4,45,0,0,0,47,515,81,647,7643,2436,435,137,10652,342,338,684,11335,4504,2703,18534,33,248,32,29,339,7,168,169,513,605,96,1213,654,764,59,64,1549,83,271,360,1903,1282,455,3644
LGA57140,180,4,4,15,189,205,31,432,3,4,0,0,15,0,0,0,13,26,5,43,17,7,0,0,32,8,0,11,37,10,5,55,34,4,3,0,45,3,0,3,49,18,0,63,11,13,0,0,20,3,0,3,24,15,3,40,22,19,0,0,44,5,0,5,50,10,3,61,34,12,0,0,49,9,0,10,55,15,0,67,40,9,3,0,56,6,0,6,59,12,3,79,38,13,4,0,60,0,0,0,56,23,7,89,43,20,0,4,62,4,0,0,63,26,0,91,18,15,6,0,35,0,0,0,36,47,3,87,12,6,0,0,21,0,0,0,19,52,5,76,7,8,3,0,17,0,0,0,17,42,4,63,0,3,0,0,7,0,0,0,7,74,12,94,274,137,25,10,451,36,8,36,491,370,51,907,0,9,0,0,9,4,0,7,22,24,11,52,17,6,0,0,22,5,0,3,28,3,7,40
LGA57210,1060,24,21,48,1107,856,230,2199,55,68,7,4,131,12,5,13,147,139,21,304,82,25,10,3,121,14,8,14,137,66,4,213,76,34,10,7,119,4,3,9,121,63,10,194,92,59,3,8,171,4,9,9,179,60,12,254,119,55,18,5,188,15,4,21,210,52,9,275,157,84,13,4,256,6,0,10,264,70,18,349,185,75,15,6,275,7,0,12,285,70,14,369,160,95,19,6,285,14,0,15,299,88,19,407,155,80,14,0,250,10,4,18,267,97,30,391,103,83,20,7,212,6,0,7,218,127,16,360,38,48,9,3,94,0,0,0,97,170,15,280,22,17,3,0,43,0,0,0,43,159,9,214,15,10,5,3,23,0,0,0,23,263,24,307,1254,736,137,49,2171,88,38,132,2302,1420,203,3929,48,71,3,3,124,12,3,17,142,131,22,292,70,42,0,5,123,13,4,13,138,50,20,210
LGA57280,3425,68,61,135,3564,1128,832,5520,214,100,14,9,337,29,6,41,381,266,178,821,676,98,35,22,831,40,11,44,875,126,288,1291,949,120,79,27,1177,27,9,37,1214,180,353,1749,764,148,64,19,994,30,11,40,1035,144,314,1488,765,145,46,17,974,25,11,34,1005,148,298,1458,653,111,35,9,809,18,9,28,833,105,253,1194,635,94,44,14,787,18,5,28,817,93,250,1161,609,73,55,19,752,15,0,16,772,78,230,1079,417,60,36,13,530,6,3,9,536,74,145,755,216,38,12,7,272,5,0,5,274,99,80,452,46,11,4,0,70,0,0,0,70,74,33,173,16,8,0,0,19,0,0,0,22,64,26,105,7,0,0,0,8,0,0,0,9,80,17,103,5958,1002,428,160,7548,212,69,284,7838,1532,2465,11838,90,152,9,4,256,18,21,37,295,299,93,680,410,107,35,20,570,40,11,50,619,123,154,900
LGA57350,129,3,0,3,136,179,106,419,0,3,0,0,0,6,5,9,8,12,0,24,17,0,0,0,19,0,0,0,19,7,0,24,13,5,0,0,27,0,3,4,27,14,0,39,5,12,4,0,26,0,0,0,28,20,5,44,21,12,0,0,36,4,0,4,41,13,0,56,25,26,6,0,56,0,3,9,59,12,0,74,36,20,7,5,64,0,0,5,69,7,0,80,45,25,4,0,71,0,0,0,76,22,0,98,42,19,7,0,67,0,0,0,67,37,0,106,23,3,3,0,35,0,0,0,35,28,3,66,5,3,4,0,10,0,0,0,10,48,0,67,9,5,4,0,14,0,0,0,14,43,0,61,0,3,0,0,3,0,0,0,3,93,8,101,251,146,37,7,432,18,11,32,462,349,23,838,3,3,0,3,14,5,0,5,15,16,0,32,7,6,0,0,21,0,0,0,21,4,7,27
LGA57420,417,6,3,12,425,294,66,784,12,11,0,0,25,0,0,7,31,14,0,42,58,8,7,0,73,6,0,9,75,9,7,94,80,21,6,0,111,3,0,3,111,24,10,147,90,25,11,3,125,3,0,3,131,36,7,176,99,28,4,0,133,5,0,5,134,24,14,173,88,19,7,0,120,0,0,0,123,18,6,151,93,16,10,0,118,0,0,6,122,19,9,147,112,25,16,0,153,0,0,0,153,24,6,180,69,20,5,0,100,0,0,0,104,25,14,136,27,22,9,0,61,0,0,0,61,56,10,120,17,17,5,0,43,0,0,0,44,56,13,115,0,3,3,0,15,0,0,0,15,50,9,68,5,0,0,0,9,0,0,0,9,65,14,86,754,225,88,14,1082,22,4,27,1108,420,118,1646,3,5,0,0,12,5,0,5,19,21,5,40,24,11,3,0,45,3,0,3,50,10,3,60
LGA57490,30071,823,1279,2102,32178,19356,2777,54306,1330,2225,158,157,3873,416,371,783,4658,2781,404,7843,3535,1302,205,139,5179,337,116,456,5630,1022,455,7112,3568,970,300,111,4954,200,128,326,5276,1246,378,6902,3308,1121,233,85,4749,168,104,270,5015,1319,391,6725,3716,1462,271,130,5581,156,110,264,5852,1310,428,7588,4210,1632,288,111,6236,159,126,280,6521,1169,472,8163,4170,1522,306,116,6115,155,61,220,6335,980,400,7713,3400,1158,261,80,4900,116,50,166,5066,1024,334,6427,2230,966,176,57,3433,82,55,136,3571,1359,246,5177,1208,762,128,35,2135,53,23,81,2212,2295,245,4755,305,343,52,8,716,13,12,24,744,2870,195,3810,52,106,13,9,175,0,3,0,180,2624,199,2999,9,38,7,10,58,0,0,3,62,4603,539,5203,31043,13598,2396,1059,48100,1867,1157,3022,51115,24616,4692,80421,753,2498,102,60,3405,413,688,1105,4507,3219,486,8213,3372,2013,187,137,5710,611,245,859,6570,1159,778,8510
LGA57630,16,0,0,0,15,12,9,37,0,0,0,0,0,0,0,0,0,0,0,3,3,0,0,0,3,0,0,0,3,0,0,3,0,0,0,0,0,0,0,0,8,0,0,8,3,0,0,0,3,0,0,0,3,0,0,5,0,0,0,0,0,0,0,0,0,0,0,0,3,0,0,0,8,0,0,0,8,0,0,9,6,0,0,0,6,0,0,0,6,0,0,10,6,4,0,0,11,0,0,0,10,4,0,15,3,0,0,0,4,0,0,0,4,5,0,11,9,0,0,0,6,0,0,0,6,8,0,14,0,0,0,0,0,0,0,0,0,9,0,9,0,0,0,0,0,0,0,0,0,7,0,11,0,0,0,0,0,0,0,0,0,0,0,0,34,6,0,0,45,0,0,0,46,27,18,92,0,0,0,0,0,0,0,0,0,0,0,0,0,0,0,0,0,0,0,0,0,0,0,0
LGA57700,7679,141,219,358,8036,3672,501,12207,292,367,27,28,714,40,46,88,798,449,41,1291,585,210,28,24,848,44,20,59,913,157,54,1127,544,143,43,15,750,19,13,29,778,195,42,1016,497,188,43,23,753,16,12,29,783,236,24,1041,607,275,51,33,971,19,11,32,1003,256,48,1308,755,360,34,31,1182,19,15,31,1213,239,75,1521,778,305,49,12,1143,20,14,34,1170,193,66,1434,629,254,39,18,944,11,8,20,966,179,37,1184,480,207,48,11,746,12,0,14,758,233,47,1038,286,190,42,10,525,12,4,14,544,419,39,998,76,75,13,0,166,0,0,3,166,445,22,631,12,37,0,4,48,0,0,0,53,362,19,434,10,16,0,0,26,0,0,0,27,470,43,539,5556,2629,409,214,8812,216,145,364,9173,3828,566,13569,233,479,24,18,756,59,107,171,919,703,77,1699,846,386,56,12,1298,113,39,152,1449,249,95,1789
LGA57770,226,0,3,7,227,134,67,431,4,4,0,0,11,0,0,0,11,3,0,11,13,6,6,0,29,0,0,0,29,4,0,30,32,4,0,0,37,0,0,0,45,8,0,48,22,18,5,5,47,3,0,4,49,16,4,64,33,16,3,3,49,0,0,3,55,8,0,62,37,10,0,0,48,0,0,0,48,10,0,57,37,16,0,0,55,0,0,0,55,4,0,56,40,8,0,0,49,0,0,0,51,14,6,64,40,9,3,0,58,0,0,0,58,16,5,73,27,16,4,0,45,0,0,0,45,35,0,86,7,9,3,0,14,0,0,0,19,34,3,59,0,0,0,0,4,0,0,0,4,27,0,31,0,3,0,0,3,0,0,0,3,45,12,58,285,124,27,10,448,12,6,14,458,216,36,712,0,3,0,0,7,0,0,0,7,5,0,19,18,9,0,3,28,0,0,0,28,0,5,38
LGA57840,11302,194,313,503,11807,6435,1005,19244,192,785,38,21,1039,36,139,176,1215,1364,122,2701,1394,1194,112,52,2753,94,183,279,3025,944,284,4261,2279,591,103,38,3010,83,49,140,3150,381,281,3805,1724,428,134,34,2323,43,43,85,2406,416,218,3039,1395,454,88,20,1959,32,40,74,2031,459,165,2658,1368,524,76,34,1999,47,24,74,2075,409,160,2639,1407,529,75,36,2045,32,21,56,2101,335,144,2578,1467,534,92,26,2115,45,23,68,2183,380,139,2699,1338,509,82,14,1948,18,18,42,1992,527,164,2677,785,489,65,19,1361,21,16,38,1393,823,128,2343,245,275,24,3,549,4,0,7,554,910,103,1566,44,102,13,3,160,0,4,5,169,849,83,1097,13,41,16,0,74,0,0,0,74,2427,323,2832,13663,6454,912,298,21328,462,570,1034,22366,10214,2321,34898,94,702,28,24,851,36,188,231,1077,1452,116,2653,905,1242,63,55,2268,95,223,317,2587,865,219,3669
LGA57910,58127,1048,1672,2723,60849,32556,4484,97883,1007,3199,202,159,4560,205,490,694,5258,5131,585,10971,6094,3899,426,270,10688,408,373,778,11470,2347,1124,14945,10492,2966,558,227,14243,419,224,644,14888,2087,1486,18459,8560,2547,620,202,11931,324,160,493,12419,2137,1131,15686,7488,2864,530,207,11092,301,158,458,11550,2237,878,14662,6980,3106,377,163,10625,272,142,420,11042,1994,772,13808,6675,2831,330,158,9988,220,129,348,10338,1715,672,12719,6176,2502,332,131,9143,201,107,314,9456,1808,595,11861,5026,2265,362,132,7787,156,81,236,8030,2402,596,11020,2928,2075,306,76,5388,94,77,169,5564,3881,515,9947,955,1091,122,44,2207,7,24,35,2244,5063,498,7801,200,474,36,23,727,3,4,16,744,5461,406,6611,57,243,21,18,337,0,10,7,349,12187,1637,14176,62641,30058,4224,1808,98726,2627,1991,4617,103343,48450,10881,162670,496,3139,140,98,3867,197,812,1010,4876,5414,466,10756,4136,4646,226,174,9185,570,626,1201,10380,2195,815,13392
LGA57980,4660,90,108,200,4859,2463,359,7681,44,234,15,4,295,4,28,29,329,309,38,675,394,355,36,8,795,22,24,43,843,201,60,1107,848,188,40,13,1101,34,4,40,1138,145,125,1402,738,159,48,0,947,16,11,27,974,155,91,1218,581,182,38,9,814,11,10,18,832,187,71,1095,529,223,30,9,782,13,15,25,809,131,63,1007,532,242,33,3,814,14,10,26,837,119,52,1006,562,170,34,9,775,11,6,20,795,143,61,996,449,221,41,3,709,17,4,18,728,184,76,991,320,198,29,4,556,4,3,8,566,342,49,952,106,129,17,4,254,3,0,4,255,398,42,695,23,56,7,0,92,0,0,0,93,412,39,536,3,30,6,0,37,0,0,0,37,811,119,960,5138,2381,374,77,7970,146,116,262,8231,3544,871,12649,12,230,9,3,256,4,54,54,315,372,31,715,280,352,16,14,661,27,44,75,732,188,58,981
LGA58050,36400,925,1200,2131,38525,19682,2754,60964,1317,2151,153,154,3777,314,270,580,4352,3281,408,8042,3499,1415,172,194,5276,311,143,455,5732,1155,428,7314,4105,1067,273,122,5565,175,91,264,5831,1217,425,7470,3695,1350,249,107,5405,149,107,254,5656,1358,395,7406,4045,1655,243,138,6082,166,107,277,6352,1377,450,8180,4471,1833,266,140,6718,148,102,245,6968,1180,459,8608,4494,1557,282,126,6455,145,81,227,6678,1052,398,8128,3696,1302,269,115,5378,103,51,154,5534,1121,394,7050,2765,1070,179,63,4083,68,28,99,4175,1307,298,5781,1561,837,143,50,2588,53,38,98,2686,1940,294,4914,460,426,43,27,952,5,8,15,973,2268,237,3473,78,139,24,9,249,6,0,5,257,2052,208,2518,39,56,3,13,107,0,3,3,114,3396,474,3980,34234,14864,2285,1254,52634,1631,1039,2677,55308,22699,4859,82864,734,2446,87,77,3343,366,671,1038,4385,4112,419,8915,3520,2410,191,157,6271,644,313,959,7235,1459,610,9308
LGA58190,64,0,0,6,68,49,26,140,0,6,0,0,3,0,0,0,3,4,0,11,4,3,0,0,13,0,0,0,15,3,0,15,9,4,0,0,8,0,0,0,13,5,0,18,9,6,0,0,12,0,0,0,12,6,0,25,4,8,0,0,5,0,0,0,12,7,0,15,17,6,4,0,25,0,0,0,25,8,0,30,20,8,5,0,31,0,0,0,33,4,3,40,16,5,4,0,26,0,0,0,30,5,8,37,11,3,0,0,16,0,0,0,16,12,0,31,6,0,0,0,6,0,0,0,6,14,4,18,4,0,0,0,3,0,0,0,3,13,0,16,0,0,0,0,4,0,0,0,4,8,0,17,0,10,0,0,4,0,0,0,4,18,0,28,101,54,9,0,171,10,0,8,176,93,20,297,6,0,0,0,6,0,0,0,6,5,0,14,8,7,0,0,18,0,0,0,19,0,3,25
LGA58260,106,0,3,6,109,68,34,216,0,0,0,0,6,0,0,0,12,8,4,16,10,0,0,0,13,0,0,0,13,0,7,20,20,10,5,0,32,0,0,0,37,9,0,40,21,0,0,0,25,0,0,0,22,5,3,36,20,10,0,0,32,3,0,4,37,3,6,41,19,3,0,3,31,0,0,0,32,10,0,38,21,13,0,0,30,0,0,4,33,5,5,45,30,5,3,0,40,0,0,0,36,7,3,45,20,12,0,0,30,0,0,0,30,13,0,51,15,11,3,0,28,0,0,0,28,17,4,46,3,5,0,0,8,0,3,3,13,25,3,37,0,0,0,0,0,0,0,0,0,6,0,7,4,0,0,0,5,0,0,0,5,36,5,45,191,71,13,8,276,13,10,21,296,137,31,470,7,0,0,0,7,0,0,0,7,8,0,15,7,0,0,0,10,0,0,5,15,4,3,24
LGA58330,895,22,20,43,940,791,196,1931,41,66,0,0,113,8,3,14,132,121,22,271,51,29,8,4,88,5,5,7,96,44,12,150,59,19,5,0,80,9,0,9,87,39,5,140,64,21,5,3,96,5,6,11,104,33,6,149,83,52,4,0,140,7,3,8,150,49,13,211,147,74,14,13,244,10,6,15,258,58,17,338,173,88,8,10,278,8,3,14,288,64,27,387,187,90,23,7,308,7,3,11,317,76,44,442,134,69,17,0,221,4,8,15,235,108,20,360,128,91,9,5,231,4,7,7,237,204,31,475,27,30,0,0,68,0,0,0,66,191,13,271,5,22,0,0,23,0,0,0,23,167,15,215,0,9,0,0,10,0,0,0,10,176,21,208,1099,658,100,48,1897,78,39,112,2010,1328,262,3602,24,57,3,3,84,14,6,13,103,106,21,223,68,33,4,4,103,13,0,14,120,24,21,166
LGA58400,50,0,0,0,50,59,19,127,3,0,0,0,3,5,0,0,7,12,0,14,5,0,0,0,9,0,0,0,9,5,0,9,6,3,0,0,11,0,0,3,8,0,0,13,14,5,0,0,12,0,0,0,12,7,0,23,8,0,0,0,8,0,0,0,10,6,0,13,12,5,0,3,21,0,0,0,21,4,0,27,14,8,0,0,19,6,0,6,20,9,0,27,9,6,0,5,21,4,0,4,22,6,3,31,7,9,3,0,18,0,0,0,18,3,0,18,11,3,5,0,17,0,0,0,17,12,0,24,8,4,0,0,13,0,0,0,13,14,0,25,3,4,0,4,10,0,0,0,10,12,3,25,0,0,0,0,0,0,0,0,0,21,0,18,94,37,17,9,157,8,4,8,166,102,15,278,3,0,0,0,3,0,0,0,3,4,0,14,6,3,0,0,8,0,0,0,10,0,7,17
LGA58470,28,0,0,0,29,21,0,55,0,0,0,0,5,3,0,3,5,8,3,18,4,4,0,0,12,0,0,0,11,5,7,18,0,3,3,0,10,0,0,0,6,3,0,17,6,4,0,0,13,0,0,0,13,5,0,15,0,4,0,0,9,0,0,0,9,9,0,12,12,3,0,0,11,0,0,0,11,3,0,20,6,4,0,0,7,0,0,0,7,0,0,11,10,6,0,0,9,0,0,0,9,0,0,19,13,0,0,0,16,0,0,0,15,3,4,17,5,0,0,0,5,0,0,0,7,0,4,7,5,0,0,0,5,0,0,0,5,6,3,8,0,0,0,0,0,0,0,0,0,3,0,7,0,0,0,0,0,0,0,0,0,0,0,0,55,24,4,3,94,4,3,8,100,59,29,180,0,0,0,0,0,0,0,0,0,17,6,29,4,0,0,0,12,3,0,3,7,13,5,24
LGA58510,9766,194,292,492,10262,4547,1125,15928,190,432,37,14,675,34,113,144,814,707,119,1641,1089,856,67,39,2055,89,144,236,2292,845,336,3474,2099,677,93,49,2920,90,53,145,3064,563,333,3960,1817,536,122,31,2509,69,51,128,2634,448,229,3307,1384,504,96,34,2014,58,31,88,2102,407,195,2703,1155,410,58,16,1636,36,17,52,1691,334,136,2161,1051,328,57,27,1458,35,18,50,1511,271,141,1917,948,299,49,8,1307,34,15,49,1357,282,146,1783,762,269,51,14,1090,23,7,32,1127,377,120,1619,439,250,42,14,746,19,12,32,775,481,85,1346,115,128,19,6,261,3,5,7,267,549,78,895,27,44,0,3,75,0,0,0,75,603,84,762,0,24,0,0,27,0,3,5,33,2082,475,2593,11067,4757,691,260,16774,501,467,966,17740,7947,2487,28169,91,445,15,22,566,24,151,180,748,773,101,1615,846,989,63,39,1937,119,211,330,2267,757,248,3271
LGA58540,184,0,0,0,189,93,39,314,7,5,0,0,12,0,0,0,12,11,0,28,23,4,0,4,32,0,0,0,28,6,0,40,32,7,0,0,43,0,3,7,46,11,3,54,25,12,0,0,35,0,0,0,41,8,4,58,37,17,0,0,48,0,0,0,48,8,0,58,47,12,0,0,63,4,0,4,61,7,0,78,54,13,3,0,70,0,0,0,70,10,3,83,41,14,9,0,67,0,0,0,67,16,0,80,21,3,0,4,30,0,0,0,30,10,5,42,22,19,3,0,44,0,0,0,47,20,0,66,6,5,3,0,16,0,0,0,16,21,8,43,5,0,0,0,6,0,0,0,6,21,0,32,8,4,0,0,10,0,0,0,10,21,3,40,331,118,19,11,477,7,3,13,488,169,39,696,8,4,0,0,15,0,0,0,17,22,0,41,13,3,0,0,18,0,0,0,23,4,0,26
LGA58570,10789,174,249,419,11210,3760,774,15743,106,372,24,19,515,21,47,65,585,544,77,1204,1166,847,69,27,2104,66,68,140,2240,378,267,2883,2497,677,109,40,3317,93,50,139,3461,351,410,4221,2033,507,122,27,2691,55,32,84,2776,361,320,3458,1520,522,101,23,2166,49,21,69,2237,375,204,2817,1330,527,73,25,1949,54,18,73,2019,303,194,2517,1148,400,75,18,1632,40,22,64,1695,240,146,2081,1035,335,62,18,1449,30,10,45,1493,253,125,1870,685,307,56,13,1059,23,13,36,1095,328,124,1540,388,246,33,12,677,12,11,27,703,452,102,1265,119,112,11,4,246,0,4,8,250,483,60,793,27,49,8,5,87,0,5,3,94,560,53,707,9,33,6,3,49,0,0,0,49,1507,268,1829,12064,4919,742,219,17955,446,302,748,18702,6137,2353,27191,56,345,12,10,425,21,126,142,568,539,104,1210,749,842,28,32,1650,76,92,168,1816,428,234,2478
LGA58610,362,4,10,19,374,290,85,743,18,21,0,0,36,3,0,3,38,39,0,85,29,10,0,0,44,6,0,5,52,16,6,69,44,15,3,4,67,0,4,3,69,22,0,90,52,20,3,0,69,3,0,3,72,26,0,100,42,30,5,0,75,4,0,6,76,22,0,100,46,29,4,3,81,3,0,3,79,14,4,99,61,21,4,0,85,4,3,6,89,22,5,113,55,39,0,0,98,4,0,4,107,26,8,140,64,30,7,0,105,4,0,4,112,40,4,151,41,26,3,3,76,4,0,3,86,71,3,159,16,14,3,3,37,0,0,0,38,74,3,112,9,5,0,0,17,0,0,0,17,73,5,95,0,6,0,0,5,0,0,0,5,133,13,152,476,264,38,15,797,29,8,39,839,565,60,1463,14,22,0,0,33,7,5,8,42,29,15,84,26,11,0,0,41,3,0,10,48,18,7,69
LGA58680,90,0,0,0,92,79,38,209,6,0,0,0,6,0,0,0,9,8,0,15,3,3,0,0,6,3,0,3,7,0,0,11,16,0,0,0,17,0,0,0,17,0,0,17,6,6,0,0,16,0,0,0,16,3,0,16,12,4,7,0,24,0,0,3,27,8,5,40,23,11,0,0,35,0,0,0,35,12,0,43,24,4,0,0,35,0,0,0,35,0,0,38,22,6,0,0,31,0,0,0,33,3,0,35,16,6,0,0,22,0,0,0,22,8,4,33,14,6,3,0,20,0,0,0,20,12,0,26,4,0,0,0,7,0,0,0,7,17,0,26,3,0,0,0,9,0,0,0,9,9,4,21,0,3,0,0,5,0,0,0,5,19,0,21,166,60,12,0,237,10,0,6,243,94,14,350,5,0,0,0,9,0,0,0,9,0,0,12,5,3,0,0,6,0,0,0,13,3,0,14
LGA58760,50519,1214,1945,3161,53677,26749,3437,83860,1664,3085,199,190,5127,409,474,884,6017,4750,591,11359,4688,2204,275,255,7416,374,202,577,7994,1534,530,10056,6284,1784,427,200,8695,279,105,381,9085,1778,614,11473,5743,2013,494,153,8400,200,127,327,8731,1986,558,11275,6065,2638,432,180,9318,200,172,378,9690,2062,685,12437,6535,2686,361,208,9790,198,161,362,10155,1731,604,12493,5864,2249,357,190,8662,216,92,311,8976,1342,526,10843,4543,1639,316,121,6618,173,65,239,6856,1289,412,8554,3083,1328,205,88,4715,89,59,147,4855,1680,300,6837,1797,1176,168,67,3209,47,55,103,3313,2600,294,6205,463,514,72,30,1080,14,20,29,1113,3045,203,4360,64,154,9,5,233,0,6,3,243,3059,220,3522,11,71,6,7,100,0,7,7,105,4763,683,5554,46817,21544,3327,1688,73377,2207,1544,3755,77131,31612,6218,114964,1053,3948,160,136,5292,541,1202,1740,7035,5805,597,13434,4725,3628,277,258,8884,769,469,1237,10121,1921,752,12795
LGA58820,790,30,33,64,847,768,139,1756,52,52,5,4,114,19,6,20,138,93,7,236,91,27,5,8,124,14,0,17,139,29,12,179,84,20,5,3,115,5,5,12,126,41,11,176,75,27,8,0,111,5,4,9,115,48,12,174,75,51,10,5,143,3,0,7,147,42,5,192,122,57,11,6,193,0,3,8,199,50,11,261,132,64,15,4,215,6,4,6,220,50,16,289,102,50,13,0,171,0,0,3,179,74,10,259,116,47,8,4,186,5,0,8,192,70,3,266,64,33,7,0,110,4,3,11,117,122,11,246,12,13,8,0,29,0,0,0,29,127,16,164,5,6,0,0,16,0,0,0,16,152,12,175,3,0,0,0,3,0,0,0,3,211,14,229,944,444,100,28,1523,60,29,94,1613,1108,128,2851,42,49,3,3,98,6,11,15,111,118,23,249,71,36,6,8,117,15,3,18,134,30,14,180
LGA58890,158,0,7,3,161,94,37,300,8,7,0,0,13,3,0,0,20,11,0,29,8,3,0,0,10,0,0,0,12,9,0,22,13,8,0,0,27,0,0,4,23,5,0,30,24,10,0,3,35,0,0,0,35,13,0,48,22,15,3,0,39,4,0,4,44,11,5,49,40,20,3,0,72,0,0,4,73,3,6,80,48,11,3,3,70,0,0,0,70,3,4,80,39,9,5,3,59,0,0,0,62,9,0,74,34,17,3,0,53,0,0,0,53,14,3,72,26,10,3,0,42,0,0,0,42,17,0,57,15,9,0,0,25,0,0,0,25,14,3,44,7,6,6,0,17,0,0,0,17,18,0,42,9,3,0,0,16,0,0,0,16,43,0,57,315,116,23,18,469,4,3,9,479,175,22,683,12,0,0,0,11,5,0,0,19,10,0,28,12,6,0,0,17,0,0,0,14,3,0,18
LGA59030,52,0,0,0,50,35,14,102,3,0,0,0,5,0,0,0,7,3,0,11,4,3,0,0,6,0,0,0,6,0,0,6,18,0,0,0,15,0,0,0,15,0,0,20,15,3,3,0,22,0,0,0,22,3,0,23,10,7,5,0,16,4,0,4,19,3,0,21,13,0,0,0,17,0,0,0,17,5,0,21,18,4,0,0,27,0,0,0,27,4,0,25,16,5,0,0,22,0,0,0,22,3,0,28,6,3,0,0,14,0,0,0,12,4,4,22,8,0,0,0,13,0,0,0,13,3,0,18,0,0,0,0,7,0,0,0,7,3,0,11,0,0,0,0,4,0,0,0,4,8,4,16,0,0,0,0,3,0,0,0,3,10,0,12,116,31,11,9,165,4,0,7,171,50,11,225,0,0,0,0,0,0,0,0,0,0,6,4,10,0,0,0,13,0,0,0,13,5,0,22
LGA59100,136,3,0,4,143,74,43,263,9,5,0,0,6,0,0,0,6,18,0,28,12,0,0,0,13,0,3,4,17,6,0,27,20,7,0,0,22,0,0,0,22,13,4,43,16,6,0,0,23,0,0,0,25,5,0,34,21,8,3,0,25,3,0,3,28,11,0,41,27,13,0,0,42,0,0,0,45,10,0,56,48,14,3,0,65,0,0,0,67,9,0,77,26,14,3,0,43,0,0,0,51,11,5,61,24,8,3,0,37,0,0,0,32,13,0,45,17,14,0,0,30,0,0,0,30,14,7,48,19,7,0,3,21,0,0,0,21,13,3,42,5,4,0,0,8,0,0,0,8,21,0,35,5,3,0,0,5,0,0,0,5,35,4,44,231,108,14,6,357,7,5,11,371,176,33,581,3,3,0,0,6,0,0,0,10,11,0,23,12,3,0,0,10,4,0,0,14,5,0,20
LGA59170,240,0,0,0,240,104,44,389,12,5,0,0,18,0,0,0,20,12,0,35,20,12,0,0,33,0,0,5,33,6,0,40,42,17,5,4,60,0,0,0,60,7,0,64,23,12,0,0,39,0,0,0,38,4,0,42,37,17,4,0,55,0,0,0,55,6,0,68,30,19,7,0,57,0,0,0,60,4,3,67,30,13,3,3,53,0,0,0,53,7,3,63,53,15,7,3,78,0,0,0,79,3,0,88,38,10,3,5,54,0,0,0,53,18,3,73,25,14,6,0,42,0,0,0,42,8,0,52,15,10,0,0,30,0,0,0,30,25,3,54,8,11,6,0,17,0,0,0,17,9,0,27,4,7,0,0,9,0,0,0,9,39,3,51,331,162,33,9,542,10,4,9,548,154,23,726,6,0,0,0,6,0,0,0,6,14,0,25,26,6,0,0,31,0,0,0,31,3,4,39
LGA59250,57,0,0,0,53,54,31,140,4,3,0,0,9,3,0,3,11,16,3,37,62,13,8,0,81,5,0,5,81,30,17,128,115,9,12,6,141,8,0,8,148,14,35,199,72,7,8,3,90,3,0,0,97,12,9,110,59,7,12,4,83,5,0,5,86,6,21,110,70,6,5,0,88,0,0,0,88,12,14,115,75,3,6,0,78,5,0,5,85,11,15,106,65,3,7,0,80,0,0,0,80,11,10,108,34,6,4,6,41,3,0,3,43,11,10,63,17,0,0,0,21,0,0,3,19,11,6,26,9,0,0,3,15,0,0,0,17,3,0,23,0,0,0,0,3,0,0,0,3,3,0,10,0,0,0,0,0,0,0,0,0,5,0,5,580,69,55,14,717,31,4,37,753,152,136,1039,4,0,0,0,3,0,0,3,10,20,4,35,27,4,0,0,26,0,0,0,26,12,8,48
LGA59310,273,4,4,11,287,163,36,486,14,3,0,0,22,3,0,6,24,19,7,53,25,4,0,0,32,3,0,3,41,11,5,52,52,24,4,0,79,0,3,4,83,9,8,102,47,16,0,0,60,0,0,3,64,28,4,103,40,21,0,0,63,3,0,6,67,12,9,85,53,14,8,0,77,5,0,7,80,19,0,105,63,36,6,0,95,0,0,0,95,7,0,108,58,15,10,3,83,0,0,0,85,18,3,104,73,23,8,0,102,0,0,3,100,22,3,129,29,13,4,0,45,0,4,4,51,24,0,80,6,14,3,0,20,0,0,0,20,32,0,54,9,0,0,0,13,0,0,0,9,18,3,33,7,3,0,0,16,0,0,0,16,60,3,83,472,185,43,9,708,23,19,41,743,291,51,1091,9,3,0,6,17,3,0,4,21,17,0,39,30,6,6,3,41,5,0,3,43,11,3,64
LGA59320,90,0,6,5,95,59,17,167,0,0,0,0,5,0,0,0,5,4,0,9,4,3,0,0,9,0,0,0,9,7,0,11,7,0,3,0,12,3,0,3,13,7,0,20,19,9,0,0,25,0,0,0,25,6,0,27,13,4,0,0,18,0,0,0,20,4,0,19,14,9,0,0,26,0,0,0,31,3,4,30,23,10,0,0,37,0,0,0,35,7,0,40,25,3,0,0,33,0,0,0,33,0,0,40,11,6,0,0,20,0,0,0,21,9,0,31,4,3,0,0,12,0,0,0,12,8,0,17,4,3,0,0,7,0,0,0,7,11,0,18,0,0,0,0,5,0,0,0,5,6,0,16,0,0,0,0,0,0,0,0,0,14,0,18,129,59,10,5,203,4,4,7,210,87,6,306,5,0,0,0,3,0,0,0,3,4,0,6,5,3,0,0,13,3,0,0,17,5,0,22
LGA59330,96,3,0,4,94,71,28,194,6,3,0,0,9,0,0,0,9,6,0,15,12,5,0,0,18,0,0,3,23,5,3,34,8,0,0,0,9,0,0,0,9,0,0,12,4,3,0,0,15,0,0,0,15,10,0,23,13,4,0,0,18,0,0,0,17,6,0,25,23,13,0,0,32,0,0,0,32,6,0,39,26,0,0,5,29,0,0,0,29,5,0,33,19,0,0,0,18,0,0,0,22,14,0,32,15,3,4,0,21,0,0,0,21,11,0,32,12,4,0,0,19,0,0,0,19,15,5,41,3,7,0,0,9,0,0,0,9,23,3,43,0,4,0,0,8,0,0,0,8,33,3,44,0,3,0,0,8,0,0,0,8,41,4,58,147,58,7,5,218,5,0,3,220,166,32,421,0,0,0,0,0,0,0,0,4,8,0,9,7,5,0,0,8,0,0,0,8,6,0,18
LGA59340,1580,25,25,54,1636,783,501,2921,76,50,4,6,137,26,4,32,166,204,60,429,250,60,12,14,330,20,3,22,351,132,83,565,382,95,33,18,525,17,9,22,550,129,92,774,324,99,31,17,466,10,3,12,478,114,71,664,325,99,23,10,467,20,4,21,486,94,68,650,299,71,24,20,419,15,6,23,440,105,67,611,304,69,26,13,409,9,4,9,418,69,70,563,310,57,25,8,404,13,4,17,424,73,53,541,229,41,21,8,301,5,3,11,310,73,34,421,128,30,12,13,182,4,5,10,195,93,25,312,47,18,8,0,74,0,6,6,79,100,19,201,7,7,0,0,22,0,0,0,23,54,7,82,0,3,0,0,7,0,0,0,7,53,13,80,2689,707,215,129,3740,140,53,189,3929,1293,669,5889,67,56,7,7,140,21,9,29,168,202,38,405,201,52,13,13,284,23,8,34,317,121,77,513
LGA59350,35,0,0,0,38,16,28,86,0,0,0,0,0,0,0,0,0,4,3,8,36,6,0,0,35,0,3,6,41,11,7,60,39,3,3,0,46,0,0,0,46,0,13,58,23,4,0,0,23,0,0,0,23,6,6,37,26,4,3,0,33,0,0,0,33,5,5,42,19,5,0,0,25,0,0,0,21,4,9,36,16,0,0,0,15,0,0,0,15,4,6,22,19,11,0,0,23,0,0,0,23,0,7,28,16,0,0,0,20,0,0,0,20,3,7,22,3,0,0,0,6,0,0,0,6,0,3,15,0,4,0,0,3,0,0,0,3,4,0,6,0,0,0,0,3,0,0,0,3,6,0,12,0,0,0,0,0,0,0,0,5,4,0,3,190,36,10,6,239,8,3,5,250,38,65,348,0,0,0,0,0,0,0,0,0,17,5,20,17,0,0,0,18,0,0,0,18,5,3,23
LGA59360,218,4,6,14,225,107,48,388,14,5,0,0,18,0,0,5,23,11,6,38,70,12,6,0,90,4,0,4,88,17,24,125,98,9,0,0,106,0,0,0,109,13,20,147,55,13,3,0,64,0,0,0,69,18,12,93,65,22,6,4,101,3,0,5,103,20,22,145,85,28,9,4,122,0,0,5,123,3,21,154,90,20,0,0,108,0,0,0,112,17,17,138,77,23,0,5,104,0,0,0,104,19,12,128,51,18,3,3,75,4,0,4,79,18,6,101,55,17,3,0,78,0,0,5,80,16,5,111,17,3,0,0,20,0,0,0,20,28,0,52,9,4,3,0,17,0,0,0,17,18,3,36,6,6,3,0,10,0,0,0,10,39,8,59,681,167,44,22,912,22,6,28,942,236,160,1334,10,0,0,0,7,0,0,8,13,14,4,31,15,11,4,0,28,3,0,0,28,11,10,46
LGA59370,682,14,21,35,720,641,112,1476,36,49,3,0,85,4,6,11,95,80,16,187,47,21,0,0,68,9,0,7,73,27,11,105,59,18,10,3,85,0,4,7,93,26,9,126,61,29,6,0,102,4,0,4,105,30,7,144,60,39,4,3,109,12,5,13,120,37,11,161,119,44,9,4,176,5,0,4,181,36,11,227,119,58,13,0,189,7,4,9,199,37,18,250,130,61,12,4,200,0,4,5,204,61,27,298,108,71,13,0,191,5,0,10,200,80,14,295,85,58,8,4,153,6,0,3,163,139,15,317,27,21,8,4,58,0,0,0,61,157,6,222,7,12,5,0,16,0,0,0,19,150,7,180,11,14,4,0,24,0,0,0,24,198,30,250,866,484,81,28,1464,53,23,73,1535,1057,181,2776,23,49,3,0,77,0,6,6,78,67,15,157,46,25,3,6,76,7,3,9,86,19,17,122
LGA59499,715,94,66,160,875,967,1193,3030,28,27,0,0,57,25,10,35,95,75,61,232,218,65,20,4,311,39,18,56,364,144,107,614,339,91,33,9,480,49,14,60,545,140,142,826,252,64,25,11,348,36,15,56,404,173,151,721,196,44,28,5,264,30,13,37,300,136,143,584,188,40,21,10,256,46,14,62,318,129,120,562,184,44,26,7,261,50,3,53,312,110,120,543,166,48,22,7,242,35,5,39,284,165,106,553,132,52,17,0,202,32,8,37,243,341,112,694,83,31,16,4,134,11,15,27,158,424,62,648,22,10,5,0,36,0,4,4,40,350,46,431,0,0,0,0,7,0,0,0,7,153,21,179,0,0,0,0,5,0,0,0,3,73,34,113,1807,509,212,63,2595,351,111,469,3058,2414,1218,6691,10,18,0,3,27,16,10,26,60,54,39,153,116,61,3,12,199,42,13,59,256,130,115,503
LGA59799,29,0,0,0,29,9,19,61,3,0,0,0,3,0,0,0,3,0,0,7,23,0,5,0,30,0,0,0,30,6,3,38,62,0,3,0,67,0,0,0,65,0,14,79,48,0,3,5,61,0,0,0,61,0,11,72,46,4,0,0,48,4,0,4,55,0,12,61,31,0,4,0,37,0,0,0,37,0,3,42,28,0,6,0,29,0,0,0,30,0,6,33,31,0,0,0,33,0,0,0,33,0,3,37,14,0,0,0,15,0,0,0,15,3,5,21,12,0,0,0,11,0,0,0,11,0,0,10,0,0,0,0,0,0,0,0,0,0,0,6,0,0,0,0,0,0,0,0,0,0,0,3,0,0,0,0,0,0,0,0,0,3,0,3,293,12,18,5,328,5,0,5,333,18,65,415,0,0,0,0,0,0,0,0,0,0,0,0,11,0,0,0,14,0,0,0,14,4,6,23
LGA60210,1173,46,43,89,1263,1442,200,2900,25,60,10,7,100,6,9,15,118,173,15,308,66,31,5,0,103,18,5,17,123,43,13,175,65,36,15,0,117,17,6,17,140,47,3,190,69,60,9,0,139,12,0,18,158,79,13,246,98,78,18,3,197,14,7,15,211,67,15,291,137,95,24,7,252,24,7,31,284,93,12,387,168,100,18,11,297,26,8,38,332,110,19,464,154,147,25,5,328,23,4,29,355,146,17,519,109,109,19,8,245,29,8,34,278,277,34,592,57,72,16,4,145,10,6,16,161,440,30,632,22,50,4,0,81,0,4,4,85,423,27,533,6,12,0,0,22,0,0,0,22,295,14,328,0,0,0,0,9,0,0,0,5,436,57,508,984,848,157,44,2035,169,57,232,2262,2634,270,5168,15,64,0,4,91,15,3,14,108,146,33,285,55,51,5,0,102,12,5,17,123,40,11,172
LGA60410,4065,133,147,281,4339,2927,400,7666,111,220,21,17,372,45,41,84,455,573,70,1093,337,157,25,16,538,71,25,91,627,236,56,921,423,155,32,25,626,56,22,77,705,253,62,1024,435,215,31,11,693,31,21,53,749,253,43,1048,485,263,28,13,782,35,10,51,833,219,56,1103,515,215,22,12,763,30,15,47,815,223,52,1080,480,183,30,11,703,26,7,34,737,210,59,1005,417,186,31,14,654,13,3,17,671,254,58,983,324,176,21,12,523,25,3,25,553,350,72,978,138,108,18,9,270,4,5,8,281,475,51,815,39,44,5,0,92,0,0,0,88,428,40,561,7,14,0,0,25,0,0,0,25,327,35,384,0,3,0,0,8,0,0,0,8,439,45,486,3708,1929,268,149,6049,335,158,495,6544,4235,706,11487,103,276,18,12,402,43,71,122,523,561,71,1159,366,244,20,15,640,101,25,122,767,252,65,1087
LGA60610,4342,110,130,244,4583,3519,417,8526,201,378,30,20,625,66,70,133,761,626,57,1441,509,231,34,21,797,91,30,118,909,269,63,1237,543,191,41,10,787,52,14,64,853,249,45,1145,451,198,53,12,714,54,16,72,787,257,32,1075,538,263,14,16,831,62,23,88,919,252,41,1212,606,278,23,16,925,51,27,79,1003,252,47,1302,638,296,38,15,991,37,18,59,1045,256,47,1348,601,259,42,15,923,38,19,56,978,281,51,1302,457,233,40,9,742,26,16,41,783,361,33,1179,246,168,25,10,441,20,15,39,482,622,61,1164,49,71,5,8,140,3,3,3,141,719,61,921,11,25,8,5,42,0,0,0,42,660,57,763,14,15,8,3,29,0,0,0,29,1098,259,1392,4855,2617,362,155,7984,497,248,751,8731,5888,846,15475,132,443,19,13,610,52,87,138,743,590,50,1380,424,269,25,15,739,86,34,122,859,292,66,1215
LGA60810,4960,88,138,222,5188,4362,495,10046,218,380,19,17,631,51,55,112,738,626,68,1433,426,176,23,17,640,71,20,85,727,161,46,927,427,160,42,13,643,34,16,49,692,192,37,916,420,201,43,9,680,24,12,36,719,237,44,1004,539,331,52,23,937,30,25,49,986,193,43,1223,649,384,39,20,1089,45,17,66,1157,218,71,1451,812,404,57,20,1286,43,14,53,1337,259,59,1658,817,376,53,12,1259,42,22,65,1321,354,49,1724,519,303,48,13,891,28,16,46,934,552,48,1535,296,224,37,16,578,16,21,35,612,821,60,1499,67,93,10,4,183,0,3,3,185,994,68,1250,17,36,4,0,60,0,0,0,60,839,68,971,9,24,0,0,40,0,0,0,42,1468,223,1732,5217,3095,438,169,8921,383,222,601,9524,6917,897,17332,141,379,30,17,571,52,56,107,673,574,51,1301,440,235,28,12,717,79,29,110,825,184,52,1063
LGA61010,401,16,12,25,431,437,83,950,16,8,0,0,27,3,3,8,31,54,4,89,37,8,6,3,55,10,3,8,60,32,6,95,44,10,6,0,53,0,5,11,60,22,0,88,65,16,0,5,86,6,3,14,98,36,9,148,47,27,0,3,74,3,3,3,79,28,3,121,64,19,3,0,92,6,4,10,102,38,13,146,62,34,0,3,99,3,0,5,106,42,11,155,69,34,5,3,111,4,6,3,119,57,9,184,58,31,6,5,102,10,0,11,107,69,10,196,41,24,10,0,73,6,3,8,83,127,4,216,20,17,5,0,40,0,0,0,41,105,9,166,4,10,0,0,14,0,0,0,14,83,8,107,5,5,0,0,14,0,0,0,15,101,17,123,524,237,47,26,833,49,26,75,912,808,118,1839,10,18,0,3,27,7,0,8,37,51,5,91,34,11,0,4,53,3,0,6,54,13,5,73
LGA61210,1619,37,46,84,1705,1237,269,3205,113,112,10,11,241,25,16,37,277,269,28,580,190,72,15,6,284,11,0,13,297,73,17,389,224,101,18,18,350,7,6,16,361,91,11,465,171,111,16,8,302,13,3,15,323,79,24,428,242,111,12,12,380,10,3,12,394,58,14,469,284,130,16,13,442,16,8,25,468,84,22,574,293,129,22,6,454,16,4,18,478,73,22,575,291,132,26,6,455,13,3,13,469,96,27,598,211,111,22,7,348,10,5,13,364,144,16,523,120,102,18,3,247,6,10,16,260,215,24,496,44,38,6,5,93,0,0,0,93,254,16,367,11,12,0,4,27,0,0,0,31,206,15,254,4,12,3,0,27,0,0,0,27,387,50,456,2195,1163,187,101,3653,127,55,180,3834,2034,298,6166,85,114,6,8,216,22,9,25,248,221,28,491,230,97,12,6,345,18,9,31,373,74,43,490
LGA61410,14502,305,437,747,15249,10160,1019,26432,346,938,61,33,1374,115,167,284,1657,1505,84,3245,1069,714,73,46,1900,158,56,221,2115,581,122,2822,1435,529,114,38,2111,91,31,121,2234,501,107,2836,1382,626,130,41,2177,70,36,107,2290,574,113,2978,1547,903,121,38,2604,76,28,98,2700,583,116,3401,1680,956,96,52,2780,64,32,99,2873,512,116,3510,1894,909,97,49,2946,62,22,84,3038,475,100,3606,2091,867,99,54,3116,60,26,81,3194,579,112,3884,1408,795,122,33,2360,54,29,85,2440,955,119,3522,826,682,86,24,1623,22,19,45,1670,1691,134,3491,194,307,34,11,539,0,4,8,545,1952,103,2601,35,115,17,3,169,0,0,0,170,1842,111,2121,10,54,4,3,75,0,0,0,75,3705,319,4100,13922,8392,1042,421,23781,770,461,1229,25010,15448,1663,42123,207,1006,55,28,1295,89,211,298,1595,1445,120,3164,975,851,75,34,1937,142,71,215,2158,565,116,2835
LGA61510,2207,74,83,156,2364,1850,294,4509,82,128,9,15,230,35,18,51,282,353,28,666,182,93,9,17,296,36,12,43,343,123,22,492,195,103,14,12,315,26,6,38,350,142,24,518,185,120,14,6,324,22,7,32,361,110,11,479,252,131,21,12,416,30,8,37,454,139,14,607,290,162,30,11,494,26,19,44,544,155,22,719,324,151,21,17,512,24,10,31,546,168,25,737,362,168,28,10,565,23,10,32,593,182,25,803,206,119,24,6,355,20,14,31,384,264,25,675,107,112,15,0,239,6,4,12,255,384,26,658,30,36,9,0,79,0,0,0,85,356,16,457,6,14,6,4,25,0,0,0,29,340,19,384,0,6,5,0,11,0,0,0,11,497,49,558,2218,1345,196,118,3875,246,115,363,4235,3211,298,7747,53,129,10,11,197,25,23,48,248,343,19,612,173,126,15,6,318,36,9,41,358,89,37,487
LGA61610,5534,149,190,337,5873,4963,547,11386,201,441,34,20,698,73,81,152,845,714,66,1632,596,254,34,20,915,98,24,121,1034,260,53,1349,627,244,39,19,933,52,22,69,997,265,48,1316,562,288,48,19,921,51,28,80,1002,297,69,1368,616,382,51,23,1069,50,28,77,1146,309,57,1512,721,389,48,22,1179,67,33,96,1275,295,66,1631,712,380,40,28,1164,45,25,71,1238,302,70,1606,746,358,69,21,1193,50,15,63,1253,363,62,1681,539,326,51,19,933,37,22,63,997,514,55,1567,317,275,43,12,647,20,13,28,678,854,59,1591,62,117,13,8,196,0,7,7,200,1074,77,1357,21,36,4,0,55,0,0,0,61,953,59,1073,8,20,3,0,27,0,0,0,29,1925,184,2140,5727,3510,478,220,9931,544,284,826,10759,8130,932,19821,132,468,23,17,632,65,105,172,801,701,62,1568,426,341,39,14,820,124,42,167,986,277,56,1318
LGA61810,1362,30,32,68,1427,1232,244,2907,69,76,11,5,160,19,12,32,186,208,16,411,141,44,9,3,195,22,7,30,222,52,8,286,135,52,8,0,200,12,5,19,219,82,11,312,138,60,9,3,209,15,8,26,235,56,10,302,145,90,9,4,250,12,0,15,267,86,16,367,164,100,14,12,293,21,5,31,320,79,13,408,219,110,16,3,352,28,13,38,390,72,20,478,232,132,7,12,386,37,9,45,439,118,20,572,177,106,10,5,302,17,3,20,322,157,26,504,101,83,21,5,206,12,3,22,223,282,19,530,28,42,4,6,73,0,4,4,77,299,26,400,10,25,0,0,39,0,0,0,37,289,17,339,7,10,3,3,25,0,0,0,25,511,38,573,1563,917,127,71,2683,197,78,274,2949,2297,243,5486,39,58,6,9,104,7,7,19,123,199,22,340,141,68,11,10,221,10,4,12,233,61,31,321
LGA62010,207,6,4,4,209,150,24,384,4,4,0,0,12,0,0,0,10,3,0,13,8,0,0,0,15,3,0,3,14,6,0,18,10,4,0,0,19,0,0,0,19,4,0,19,21,12,0,0,34,3,0,3,34,0,0,37,21,9,0,0,29,0,0,0,31,0,4,40,8,12,3,0,28,0,0,0,27,6,0,40,41,18,0,0,54,0,0,0,56,12,5,70,27,24,5,0,52,3,0,0,54,13,0,68,43,23,5,0,72,3,0,5,79,21,4,106,24,17,6,0,49,0,0,0,48,29,3,84,16,10,0,0,26,0,0,0,26,41,6,66,0,6,0,0,7,0,0,0,7,35,0,46,0,8,0,0,4,0,0,0,4,41,3,49,234,145,14,6,398,15,8,25,420,213,37,662,5,6,0,0,8,0,0,0,16,11,3,27,8,16,0,3,28,0,0,0,26,0,0,28
LGA62210,1174,57,57,115,1286,1489,166,2943,63,68,6,9,145,33,17,49,195,233,14,435,103,42,6,3,156,26,10,31,185,91,9,291,112,66,12,0,195,25,0,31,223,95,5,327,141,55,10,5,212,15,9,18,230,94,4,335,136,72,4,0,222,21,10,27,248,96,8,353,170,101,9,9,290,15,3,24,312,109,16,440,195,107,20,8,327,19,11,25,355,116,17,482,220,104,20,13,350,7,0,12,364,134,13,513,172,91,16,10,290,9,0,14,304,189,21,512,81,54,10,3,153,5,8,13,163,297,16,476,17,26,0,0,49,0,0,0,51,314,22,386,8,12,0,3,22,0,0,0,22,230,15,266,10,8,0,0,15,0,0,0,15,367,46,431,1432,813,119,67,2430,184,65,247,2678,2358,205,5244,27,61,0,5,86,34,13,44,129,215,28,373,82,55,8,8,154,41,10,50,207,102,34,337
LGA62410,927,20,21,40,970,1062,163,2194,23,30,5,4,61,0,0,7,67,75,9,150,42,27,9,0,81,10,0,11,90,23,0,120,70,29,3,0,112,9,6,12,118,32,9,157,52,41,5,10,104,7,5,10,112,33,5,151,83,55,12,8,148,10,5,13,158,36,3,200,98,67,13,0,182,5,3,12,192,39,10,235,117,60,7,3,191,8,6,17,199,52,8,259,140,89,10,4,246,12,3,13,260,74,10,347,97,77,21,4,199,9,5,14,209,151,18,375,66,100,17,8,190,7,15,22,212,271,13,498,32,48,9,5,88,6,0,6,88,320,25,429,12,16,0,0,26,0,0,0,26,227,18,278,5,8,0,0,13,0,0,0,13,331,35,378,829,656,110,33,1628,90,41,128,1758,1662,167,3591,26,37,5,0,65,4,3,6,70,61,8,143,35,34,3,6,76,0,4,7,86,22,11,115
LGA62610,11353,387,446,834,12186,8323,1014,21517,332,779,48,37,1207,142,126,266,1469,1380,112,2965,1195,636,73,53,1951,204,68,270,2222,608,107,2936,1447,574,106,49,2173,130,36,170,2345,543,88,2971,1237,614,100,22,1977,84,35,123,2101,537,116,2758,1222,648,96,37,2012,67,46,116,2129,553,92,2772,1373,683,71,53,2176,76,37,111,2285,584,111,2976,1501,697,79,45,2322,72,32,100,2420,601,103,3133,1416,680,93,38,2219,72,24,98,2310,638,121,3071,982,556,82,32,1650,33,34,73,1724,873,99,2694,490,415,66,15,987,23,17,43,1031,1312,101,2440,113,161,20,4,301,0,3,3,306,1666,117,2090,17,59,10,6,94,0,0,4,92,1546,121,1758,3,29,0,7,44,0,0,0,47,3261,348,3652,11325,6548,846,399,19116,909,460,1374,20486,14095,1632,36213,207,810,45,30,1093,89,209,291,1388,1359,176,2925,990,717,70,35,1816,204,87,288,2108,597,155,2857
LGA62810,14591,393,595,983,15578,8088,1040,24702,186,849,51,26,1112,45,168,213,1321,1592,128,3040,1223,1604,125,43,2994,165,225,390,3385,1459,271,5114,1789,809,110,38,2744,130,87,218,2970,693,203,3868,1467,647,150,21,2284,79,28,104,2390,426,150,2963,1526,837,115,18,2497,48,32,83,2584,432,127,3135,1664,842,86,26,2621,64,27,95,2712,397,137,3248,1730,809,100,32,2684,47,29,73,2758,362,144,3258,1849,790,103,41,2784,70,31,98,2880,472,148,3498,1508,712,106,29,2360,46,37,84,2439,720,143,3308,861,592,65,19,1542,27,34,57,1596,1207,125,2931,206,284,31,9,523,4,11,15,538,1358,107,2007,77,119,19,3,214,0,0,0,214,1204,87,1504,28,71,12,8,110,0,0,0,113,3204,359,3677,14106,8969,1078,317,24472,726,708,1434,25900,13517,2131,41548,103,858,49,22,1027,45,273,319,1348,1551,104,3008,838,1538,107,47,2529,116,276,394,2922,1374,266,4564
LGA63010,3696,66,100,162,3866,3233,499,7599,125,175,14,7,322,24,30,53,374,497,23,893,239,132,19,19,410,45,14,61,472,113,17,603,279,134,21,11,447,29,8,33,485,149,17,641,294,210,27,11,549,26,8,34,583,168,31,782,386,291,34,15,720,43,11,50,771,224,38,1032,470,311,35,11,818,27,15,46,867,223,31,1125,463,289,26,10,789,24,22,44,837,238,34,1106,468,291,45,9,813,32,17,45,860,312,31,1198,341,253,35,13,635,20,19,31,666,443,33,1143,205,203,31,6,440,14,14,31,471,672,48,1190,54,90,18,7,164,0,3,3,168,656,46,865,9,27,0,0,40,0,0,0,38,538,28,605,7,11,7,5,30,0,0,0,30,787,72,886,3344,2416,306,117,6185,289,151,441,6624,5010,442,12074,84,197,11,13,299,28,43,73,366,526,42,936,258,132,12,22,421,38,16,54,474,142,46,670
LGA63210,1299,25,40,65,1370,1155,204,2731,50,85,3,3,148,17,13,30,179,230,8,421,115,42,16,5,177,18,8,24,201,48,9,258,115,35,5,4,162,6,4,11,172,53,6,233,117,61,7,8,186,13,3,17,205,58,4,271,135,90,9,3,233,15,9,27,259,90,18,366,209,126,11,5,351,16,6,22,370,104,10,489,225,125,23,10,379,13,6,23,398,108,7,516,195,103,20,6,324,17,8,25,350,144,18,507,149,84,16,4,258,15,0,14,278,169,14,457,62,85,11,0,169,4,4,8,179,277,14,468,19,33,6,3,62,0,0,0,59,277,12,347,8,11,3,4,22,0,0,0,22,214,12,248,7,0,0,3,15,0,0,0,15,279,30,325,1413,875,141,57,2485,136,58,200,2685,2051,170,4900,54,86,11,12,165,10,12,23,189,183,20,391,96,52,7,4,158,15,12,27,187,54,12,253
LGA63410,374,0,4,4,382,196,59,640,14,10,0,4,34,0,3,3,35,43,7,83,31,15,5,3,51,0,0,0,56,11,8,64,67,20,4,0,87,0,0,0,90,9,3,105,46,23,0,0,70,0,0,0,69,12,0,85,43,24,0,3,66,0,0,3,66,10,3,83,63,21,5,0,85,5,0,5,92,9,7,108,81,29,5,9,116,0,0,0,117,4,9,134,60,16,8,3,87,6,0,6,85,11,4,103,62,28,6,6,103,9,0,9,110,28,6,141,46,36,8,0,92,3,0,3,101,30,0,126,9,12,0,0,22,0,0,0,22,53,5,84,10,9,0,0,18,0,0,0,18,67,4,89,4,0,0,0,6,0,0,0,9,97,16,116,546,241,43,19,850,20,4,27,876,390,56,1323,9,9,0,0,20,3,0,3,21,17,16,56,33,18,5,0,54,4,0,7,63,5,8,72
LGA63610,9805,179,322,500,10308,6281,574,17165,223,680,49,22,973,51,110,161,1137,1062,51,2251,733,502,50,23,1311,76,37,114,1422,290,47,1758,926,343,72,15,1357,57,28,87,1443,241,54,1745,848,442,105,16,1410,32,22,54,1466,272,44,1782,1020,603,107,23,1748,38,20,62,1810,313,59,2177,1156,717,80,14,1973,52,23,74,2039,305,43,2391,1225,646,80,15,1968,29,21,54,2021,293,61,2371,1287,662,106,27,2078,38,15,55,2133,355,87,2569,964,629,89,10,1699,29,25,56,1756,633,64,2453,485,474,53,13,1025,14,24,42,1067,1084,79,2231,134,204,16,5,360,0,9,8,364,1239,60,1660,26,74,3,0,106,0,0,0,105,1074,63,1246,8,19,8,8,43,0,0,5,43,1972,216,2235,9041,6002,802,193,16043,428,346,770,16808,9134,930,26870,125,703,43,20,895,31,161,191,1081,1004,65,2152,565,570,43,15,1195,77,52,129,1323,292,62,1676
LGA63810,2696,43,56,101,2787,2372,262,5426,87,150,13,7,258,23,29,53,312,252,10,572,204,73,12,7,291,26,3,35,326,72,15,412,229,91,23,6,345,21,3,28,373,75,12,456,249,112,21,5,388,15,8,26,412,75,17,507,270,148,23,5,450,13,8,25,477,111,21,604,296,177,24,12,504,16,4,22,524,92,21,640,335,164,21,17,535,22,7,26,564,110,13,688,357,159,35,14,563,22,9,29,590,149,17,756,273,170,36,7,489,9,11,17,506,225,33,764,169,133,32,6,335,8,5,15,350,418,29,797,43,58,6,3,106,0,0,0,106,461,19,587,6,21,0,0,29,0,0,0,29,406,29,458,10,11,3,0,22,0,0,0,22,680,56,759,2528,1461,242,88,4317,179,85,271,4586,3136,292,8017,67,178,9,3,256,14,26,42,302,219,17,536,211,108,14,6,337,30,10,42,376,64,20,458
LGA64010,15954,421,547,970,16921,11654,1444,30020,486,1206,97,77,1864,197,248,448,2315,2195,182,4692,1688,1192,139,70,3089,269,160,431,3519,1218,186,4916,1975,810,135,55,2982,182,91,274,3251,866,176,4292,1724,828,160,59,2770,138,58,198,2964,751,141,3854,1762,978,125,49,2909,133,62,193,3105,782,164,4050,1994,1088,97,52,3233,124,71,190,3428,747,174,4349,2102,960,113,40,3216,107,25,134,3349,711,147,4207,2021,969,139,30,3163,109,45,153,3310,744,174,4224,1521,879,121,30,2549,66,38,104,2658,1099,130,3879,879,697,92,29,1701,45,31,79,1774,1795,149,3718,238,295,42,4,579,3,8,10,593,2175,157,2923,53,109,8,3,171,0,0,0,172,1960,156,2291,23,40,11,5,72,0,0,0,71,4414,439,4928,16464,10051,1289,498,28304,1367,845,2209,30515,19444,2371,52326,312,1179,70,39,1599,150,310,456,2058,2006,246,4312,1388,1356,110,64,2905,306,233,538,3444,1278,339,5065
LGA64210,4676,100,128,223,4898,3621,405,8925,196,361,28,11,603,35,60,97,695,623,37,1357,410,195,19,21,645,31,11,45,683,122,19,828,432,179,31,17,655,26,5,30,696,144,25,861,422,197,55,15,695,22,10,30,724,138,21,888,525,294,38,18,879,31,16,43,924,212,30,1169,674,383,45,13,1118,36,13,47,1166,179,34,1378,741,340,40,12,1136,28,8,32,1169,215,43,1425,648,323,55,25,1053,27,20,40,1093,283,48,1420,545,329,51,13,940,27,22,43,986,410,46,1434,318,221,27,10,576,19,19,34,615,673,55,1346,90,100,9,3,200,0,0,0,205,796,38,1034,31,37,0,0,72,0,0,0,77,629,41,751,14,21,3,4,37,0,6,6,40,1258,118,1421,5050,2986,407,170,8611,272,182,458,9063,5697,548,15312,119,363,10,15,505,48,54,106,611,553,66,1228,389,251,25,18,683,56,22,76,757,151,53,958
LGA64610,3034,58,75,133,3164,2371,304,5839,120,202,17,3,338,28,34,60,400,407,13,825,222,101,25,8,351,25,17,36,388,105,19,512,247,111,16,12,380,17,5,28,407,98,21,521,250,130,24,11,414,14,6,20,434,128,22,592,377,197,25,5,606,20,13,35,634,147,21,804,415,226,15,9,662,19,16,30,695,143,29,862,452,217,26,15,706,17,9,26,735,139,22,897,462,225,26,20,724,16,11,31,753,178,25,951,363,165,22,11,558,19,5,24,583,256,37,881,203,168,26,3,394,17,4,21,421,472,39,931,51,74,16,6,149,0,7,5,157,526,21,707,28,29,3,0,56,0,0,0,56,474,32,562,17,18,0,6,39,0,0,0,39,718,87,844,3189,1852,242,108,5389,197,114,314,5706,3803,377,9882,86,175,11,5,277,18,43,62,336,350,39,729,275,154,16,5,449,34,13,43,499,109,61,668
LGA64810,3839,84,116,203,4044,2602,400,7040,125,211,18,15,370,35,36,70,441,341,38,827,324,142,17,8,492,42,18,58,546,109,32,683,338,145,29,11,525,30,13,42,562,123,44,730,344,166,29,12,557,25,15,34,594,129,24,755,375,214,30,6,629,23,8,32,666,154,31,851,440,226,37,12,711,16,19,31,746,152,32,929,503,252,26,11,790,28,18,44,836,159,28,1025,528,209,43,14,798,30,13,32,834,183,28,1044,339,185,30,6,563,19,7,28,585,316,40,950,199,131,26,8,366,15,12,26,389,445,36,873,54,49,4,4,115,0,3,5,119,476,32,623,10,18,3,0,33,0,0,0,34,394,39,463,0,4,3,0,13,0,0,0,13,737,75,822,3567,1955,297,127,5946,263,154,422,6369,3727,496,10586,62,247,24,8,336,36,45,80,420,391,40,848,273,204,13,4,493,52,18,67,568,105,48,722
LGA65010,1410,30,37,69,1481,1018,202,2694,46,59,3,5,122,18,9,27,141,197,19,359,116,40,9,9,173,16,6,19,191,55,15,259,130,43,9,4,187,6,0,8,196,81,7,286,126,73,3,6,212,4,0,10,216,70,11,298,150,88,12,5,256,13,0,12,263,77,20,363,205,108,11,6,333,9,8,13,346,91,19,450,211,105,23,4,338,15,0,17,352,104,16,473,221,108,23,5,364,14,8,21,376,117,20,516,158,90,19,3,276,14,6,16,289,173,33,492,83,77,13,5,176,10,3,11,192,212,31,434,41,39,3,0,88,0,4,4,87,253,23,364,18,14,0,0,36,0,0,0,34,164,17,215,4,4,0,0,10,0,0,0,10,239,22,272,1505,844,128,65,2549,110,51,158,2705,1831,258,4795,49,94,7,8,151,16,17,29,178,197,24,399,130,55,8,8,199,6,9,14,213,44,18,277
LGA65210,448,10,10,26,473,551,95,1110,9,20,0,0,28,0,0,3,29,48,3,78,17,12,4,0,32,5,0,10,33,18,3,59,35,19,3,0,60,3,0,3,65,17,5,82,35,19,8,0,57,3,3,5,70,25,0,89,45,28,6,3,84,9,0,9,86,33,3,123,37,40,3,3,84,4,0,4,88,37,5,132,61,47,7,0,118,8,4,9,120,58,7,193,78,53,13,0,145,0,3,7,151,55,10,213,50,54,8,0,120,11,0,15,131,96,14,246,29,40,11,0,81,5,9,11,87,130,6,234,18,17,4,0,36,0,0,0,39,145,14,200,11,0,0,0,15,0,0,0,15,116,14,132,0,4,0,5,3,0,0,0,3,163,19,193,427,353,60,17,862,51,22,74,935,927,116,1975,5,21,0,0,28,0,0,0,27,35,8,74,9,18,0,6,34,3,3,5,48,21,0,62
LGA65410,2850,68,74,143,2990,2791,362,6143,153,227,17,13,415,44,37,87,501,452,26,973,283,104,23,9,421,47,9,58,481,120,22,622,293,108,21,12,435,14,12,27,462,131,9,606,271,122,25,7,428,20,23,42,474,153,15,637,300,182,18,8,508,32,14,46,560,161,25,744,426,256,18,7,716,20,15,34,751,176,33,958,488,258,36,16,799,23,7,36,831,194,42,1069,494,227,44,18,777,29,12,37,813,216,34,1070,356,214,43,3,607,18,9,26,637,335,38,1011,148,152,22,14,333,13,13,28,362,542,40,951,52,71,4,0,134,0,0,0,132,631,26,793,21,35,0,0,56,0,4,4,61,537,29,626,8,4,4,0,19,0,0,0,21,969,87,1077,3296,1949,300,117,5657,265,163,425,6084,4615,442,11142,99,191,12,9,311,23,39,72,380,377,31,790,257,154,18,7,438,37,10,48,486,101,31,617
LGA65610,748,48,32,81,828,729,166,1722,44,42,7,6,104,25,5,24,132,117,16,259,146,38,17,0,197,18,3,21,222,54,10,282,151,45,3,5,208,4,6,6,218,69,10,290,118,43,8,4,171,14,6,13,191,70,14,276,134,65,12,9,212,17,4,19,233,70,18,326,172,54,9,9,242,10,0,15,259,73,16,351,142,66,25,4,232,20,3,25,262,63,15,331,167,70,17,9,258,9,0,14,277,71,21,362,118,59,11,3,191,7,5,13,205,93,16,319,72,35,5,0,116,4,3,6,122,133,15,270,27,11,0,0,45,0,0,0,49,179,17,242,5,12,5,0,17,0,0,0,17,156,26,201,0,3,0,0,7,0,0,0,7,176,23,198,1303,548,115,51,2014,133,35,168,2182,1321,216,3715,9,33,0,6,53,14,8,19,72,95,15,183,84,42,8,0,135,20,0,22,156,33,16,204
LGA65810,5725,115,152,272,5994,4310,496,10798,195,405,30,22,646,57,65,120,771,694,34,1495,429,271,33,17,756,42,29,72,822,181,30,1034,480,171,34,9,690,32,16,50,740,164,25,930,442,224,49,15,728,20,20,41,771,193,26,985,615,349,45,15,1032,31,13,44,1071,203,43,1315,766,400,48,19,1231,29,8,38,1275,224,40,1533,849,426,37,24,1335,43,19,56,1392,213,51,1654,861,429,65,19,1369,33,14,46,1414,290,53,1756,617,384,45,7,1061,32,25,57,1119,420,49,1587,349,297,60,13,713,19,19,37,757,731,51,1536,92,133,16,7,248,8,0,7,260,938,49,1241,20,44,6,0,74,0,0,0,74,831,42,948,3,27,3,5,40,0,0,0,33,1336,195,1566,5710,3566,473,171,9919,337,236,573,10487,6409,686,17585,108,430,29,22,583,45,107,156,738,685,76,1500,411,324,21,11,768,63,37,102,870,177,59,1105
LGA69499,133,35,29,60,194,244,122,561,0,9,0,0,12,16,6,21,33,51,12,96,11,15,4,0,32,14,3,22,52,37,17,105,35,11,6,0,52,13,0,14,62,40,16,123,15,13,5,0,28,8,0,10,40,20,21,83,20,8,0,0,31,12,5,11,42,21,16,77,24,6,4,0,36,6,0,12,48,26,16,86,25,10,0,0,41,8,0,5,48,31,14,84,19,10,4,0,31,3,4,5,34,20,6,65,9,3,0,0,17,9,0,7,23,42,5,69,6,8,3,0,13,4,0,4,17,61,10,87,0,0,0,0,6,0,0,0,6,35,9,44,0,0,0,0,3,0,0,0,3,22,0,27,0,0,0,0,0,0,0,0,0,18,4,23,173,90,23,8,299,92,20,115,416,428,137,972,0,7,0,4,14,6,8,12,23,31,4,62,12,9,0,0,25,19,5,20,40,29,20,91
LGA69799,0,0,0,0,0,0,0,0,0,0,0,0,3,0,0,0,3,0,0,0,3,0,0,4,4,0,0,0,7,0,0,10,15,0,0,0,18,0,0,0,18,3,0,15,3,0,0,0,5,0,0,0,3,0,0,11,5,0,0,0,7,0,0,0,7,0,0,8,6,0,0,0,7,0,0,0,8,0,3,20,9,0,0,0,7,0,0,0,11,0,0,13,10,0,0,0,10,0,0,0,8,5,0,12,3,0,0,0,3,0,0,0,4,0,0,11,6,0,0,0,6,0,0,0,6,3,0,11,0,0,0,0,4,0,0,0,4,0,3,7,0,0,0,0,0,0,0,0,0,4,0,0,0,0,0,0,0,0,0,0,0,0,0,0,62,5,4,5,76,10,0,10,80,18,14,109,0,0,0,0,0,0,0,0,0,0,0,0,3,4,0,0,3,0,0,0,3,0,0,7
LGA70200,6925,123,107,229,7153,2803,761,10716,305,406,42,27,779,37,40,82,859,669,157,1689,892,199,48,37,1177,52,15,64,1239,263,198,1697,1144,257,75,39,1514,29,21,48,1566,285,229,2089,1132,265,87,26,1512,38,9,45,1558,300,239,2094,1056,285,70,29,1441,32,12,45,1483,253,213,1956,1160,271,61,25,1520,22,5,27,1543,231,216,1995,1230,237,71,22,1564,14,6,22,1586,202,207,1995,1112,249,74,35,1472,28,8,34,1507,203,175,1879,941,196,66,18,1219,10,5,18,1237,242,144,1621,484,131,52,13,680,14,7,17,696,293,92,1085,134,57,11,13,216,0,3,7,220,312,65,601,38,41,7,0,85,4,0,0,93,269,51,409,8,12,0,0,24,0,0,0,24,370,110,498,9642,2596,669,290,13195,281,132,417,13614,3898,2104,19614,206,376,26,22,627,26,36,62,693,588,143,1423,675,178,30,20,907,49,12,66,968,221,189,1379
LGA70420,921,98,24,120,1039,1101,223,2358,64,33,8,16,118,24,8,34,153,344,106,602,125,62,10,15,214,32,15,40,256,249,93,602,150,49,12,14,231,28,9,41,264,230,118,616,125,52,13,16,210,20,4,20,236,189,59,478,143,50,10,11,207,25,7,31,245,163,76,485,124,41,11,11,196,22,6,28,223,134,73,435,146,43,12,6,206,14,6,15,219,109,57,384,158,34,8,3,205,7,0,8,214,102,46,367,146,29,4,8,187,0,0,9,192,90,34,315,109,32,4,3,149,3,0,3,148,100,46,294,33,4,0,0,42,0,0,5,46,83,39,166,15,5,3,0,21,0,0,0,22,80,31,133,0,0,0,0,0,0,0,0,0,80,22,101,1333,443,98,114,1983,174,59,234,2218,1960,782,4963,50,38,0,11,97,76,9,84,186,248,51,486,146,41,3,10,206,112,10,122,329,225,73,623
LGA70540,12,0,0,0,9,43,4,59,0,0,0,0,0,0,0,0,3,10,0,14,4,0,0,0,5,0,0,0,5,8,0,14,5,0,0,0,9,0,0,0,9,12,0,16,5,0,0,0,6,0,0,0,6,11,0,19,0,0,0,0,4,0,0,0,3,8,0,10,0,4,0,0,7,0,0,0,9,8,0,19,4,0,0,0,3,0,0,0,3,9,0,13,0,4,0,0,8,0,0,0,8,6,0,7,0,0,0,0,6,0,0,0,6,0,0,6,0,0,0,4,4,0,0,0,4,0,0,0,0,0,0,0,0,0,0,0,0,3,0,4,0,0,0,0,0,0,0,0,0,0,0,0,0,0,0,0,0,0,0,0,0,0,0,0,19,21,0,11,50,0,3,6,52,70,6,129,0,0,0,0,0,0,0,0,3,13,0,17,0,0,0,0,0,0,0,0,7,14,0,15
LGA70620,367,68,8,80,440,787,103,1331,11,17,0,8,34,13,11,20,58,190,53,299,34,31,0,3,73,23,13,35,103,169,41,316,91,49,9,3,151,10,14,28,182,134,42,358,68,49,4,8,132,23,6,29,164,129,38,328,68,40,4,3,117,14,0,20,138,92,43,267,74,23,3,3,106,11,3,19,124,74,35,232,64,25,11,3,99,4,4,7,107,57,18,182,62,23,4,0,93,4,5,9,95,70,21,187,64,14,8,4,89,3,0,3,90,51,16,155,41,8,3,0,56,0,0,3,56,56,12,122,9,0,4,0,13,0,0,0,13,48,9,66,4,0,0,0,3,0,0,0,3,23,10,35,7,4,0,0,9,0,0,0,9,63,13,79,594,287,57,43,979,113,55,166,1142,1158,343,2648,12,4,0,0,21,59,6,66,86,143,31,259,48,24,6,5,78,78,11,89,165,126,18,310
LGA70700,218,17,4,18,232,164,122,522,8,3,0,3,12,0,4,3,20,29,20,67,18,10,0,0,27,4,5,6,36,8,16,54,19,9,0,5,30,0,0,0,30,5,11,49,22,0,0,0,28,3,0,3,30,7,14,52,22,11,0,0,38,0,0,0,44,12,8,58,34,9,5,0,49,0,4,3,51,16,12,80,55,5,4,0,70,0,7,3,74,10,15,100,42,8,3,0,56,5,0,3,61,20,8,89,33,17,10,0,58,0,0,0,59,29,18,112,18,14,3,0,35,8,6,7,45,49,18,113,10,7,0,4,20,0,0,0,20,34,18,70,9,0,0,0,9,0,0,0,9,19,3,29,0,0,0,0,0,0,0,0,0,18,4,27,296,102,29,14,443,23,19,39,481,264,164,908,0,3,0,0,8,5,0,5,16,28,7,51,21,11,0,0,31,8,0,12,40,13,8,63
LGA71000,21727,433,449,884,22618,7856,2587,33054,640,1097,54,79,1877,114,144,255,2136,1922,514,4575,2701,893,174,113,3873,156,89,249,4126,794,657,5572,3956,876,298,112,5245,136,55,190,5435,870,869,7170,3520,839,276,102,4738,105,45,148,4884,791,638,6318,3136,827,225,105,4291,103,53,151,4448,738,631,5821,3181,842,187,85,4298,81,28,115,4407,614,615,5637,3169,688,162,82,4105,82,35,116,4218,579,509,5303,3027,623,186,67,3906,64,20,86,3987,599,521,5106,2435,566,160,62,3227,59,8,67,3293,746,424,4472,1503,512,132,34,2175,34,21,55,2228,1151,379,3760,445,243,53,22,765,9,8,14,781,1219,223,2222,103,101,13,9,226,3,9,7,237,1058,165,1458,30,32,3,6,60,0,0,0,65,1308,228,1610,27841,8139,1933,871,38782,944,514,1458,40246,12400,6380,59024,408,1170,57,65,1702,93,202,300,1997,1830,350,4177,2258,1147,118,124,3654,184,107,290,3943,627,686,5265
LGA71150,83,5,0,4,84,23,5,111,0,0,0,0,0,0,0,0,0,0,5,10,17,0,6,0,26,0,0,0,26,0,9,35,20,3,9,0,27,0,0,0,27,0,13,46,21,0,3,0,25,0,0,0,25,0,14,40,10,0,0,0,13,0,0,0,13,0,4,16,6,0,0,0,6,0,0,0,6,0,0,9,6,0,0,0,7,0,0,0,7,0,0,11,5,0,0,0,8,0,0,0,8,0,3,9,6,4,0,0,11,0,0,0,11,0,6,13,0,0,0,0,0,0,0,0,4,0,0,9,0,0,0,0,0,0,0,0,0,0,0,0,0,0,0,0,0,0,0,0,0,0,0,0,0,0,0,0,0,0,0,0,0,0,0,0,104,13,16,0,132,5,0,5,132,13,56,197,0,0,4,0,0,0,0,0,3,0,0,3,8,0,0,0,12,0,0,0,12,4,5,23
LGA71300,758,172,79,256,1011,2207,211,3432,28,24,4,14,69,62,12,72,144,646,53,840,71,75,9,25,174,78,6,84,264,512,49,820,145,123,18,23,304,69,11,74,381,461,53,888,149,105,9,26,286,69,6,80,372,346,33,754,136,116,9,18,282,59,6,61,347,332,34,705,122,99,9,12,236,48,6,58,292,246,32,571,111,83,15,14,230,30,0,29,260,200,19,481,121,75,9,10,213,17,6,22,237,160,25,423,86,49,3,11,147,5,0,13,157,147,23,318,50,17,0,4,66,4,0,4,74,112,14,194,18,10,3,0,38,0,0,0,42,69,4,115,5,3,0,4,13,0,0,0,13,46,3,64,0,10,0,0,12,3,0,3,14,49,5,61,1045,790,82,158,2077,449,55,509,2585,3322,332,6235,9,10,0,11,40,41,10,54,93,770,125,991,57,40,0,14,108,67,23,94,202,532,90,819
LGA72200,2159,47,35,84,2248,867,559,3664,103,131,17,14,261,27,22,48,301,228,54,582,319,86,33,19,463,35,10,48,508,102,67,678,405,74,31,18,525,28,11,34,561,130,73,762,342,94,29,12,474,31,4,32,506,131,80,716,333,92,22,10,461,24,9,32,494,113,75,682,392,63,25,12,493,20,5,27,520,131,75,730,349,64,31,14,451,22,0,21,472,100,63,635,334,68,26,7,435,14,0,17,454,101,65,614,266,45,21,8,344,6,3,8,350,104,59,511,177,63,22,3,261,0,0,0,266,104,40,409,62,29,3,4,92,0,0,0,94,118,35,243,19,11,6,0,37,0,0,0,34,110,20,159,3,5,0,0,10,0,0,0,10,126,25,153,3099,819,265,116,4301,214,58,271,4570,1581,726,6877,61,108,12,11,188,9,7,17,205,257,112,577,292,58,18,10,371,17,3,15,394,127,126,643
LGA72300,4994,95,72,164,5162,1853,766,7779,362,287,20,28,699,40,40,83,779,455,176,1405,815,139,94,41,1094,39,6,46,1137,115,146,1404,565,113,63,15,753,16,5,25,778,98,136,1009,569,164,53,16,795,22,6,29,830,151,143,1123,794,206,72,38,1108,19,6,22,1132,142,188,1463,980,265,68,30,1340,31,3,27,1368,157,239,1767,968,215,72,32,1290,30,13,37,1322,142,222,1689,849,215,68,26,1153,18,9,25,1176,157,203,1530,604,160,42,19,827,15,8,20,846,231,189,1270,363,140,40,4,559,15,5,15,571,335,135,1048,107,71,16,4,192,0,4,4,195,349,86,633,19,24,0,0,43,0,0,0,43,230,49,322,9,7,4,0,17,0,0,0,16,236,45,300,6998,2014,607,240,9859,247,96,347,10209,2807,1958,14968,274,299,17,30,622,33,42,76,692,518,163,1374,865,172,73,37,1152,31,11,46,1194,273,177,1642
LGA72330,606,62,32,90,697,1194,183,2072,20,18,3,4,54,25,9,34,88,305,67,468,65,53,10,22,147,29,23,51,198,335,75,607,97,74,7,17,199,23,17,40,245,299,76,614,84,50,10,16,160,19,13,31,193,252,54,493,101,62,11,9,184,21,7,32,214,219,52,482,92,57,3,10,163,16,3,25,185,194,44,422,76,47,3,6,135,17,0,17,152,112,47,312,92,39,4,8,145,5,4,11,153,119,38,312,73,22,7,3,103,4,5,6,105,107,26,238,43,17,0,0,65,0,4,4,67,82,12,165,21,9,0,0,29,0,0,0,29,53,17,96,0,4,0,0,5,0,0,0,5,37,10,60,5,8,0,0,8,0,0,0,8,51,9,71,768,456,64,106,1395,174,83,256,1649,2168,533,4345,12,14,0,0,26,32,5,34,67,307,193,563,71,30,6,3,105,38,14,55,158,314,267,738
LGA72800,9548,221,198,419,9963,3010,1221,14190,434,443,31,34,941,68,67,135,1079,718,201,2002,1343,258,131,33,1758,74,14,85,1847,269,235,2341,1545,287,166,52,2055,58,17,77,2130,303,243,2682,1394,320,133,37,1880,36,15,55,1932,292,203,2434,1471,332,125,36,1964,30,22,53,2019,250,188,2461,1327,282,76,54,1734,29,11,45,1776,208,197,2177,1090,205,79,30,1403,25,12,36,1441,153,173,1765,895,178,65,25,1166,15,8,19,1186,168,121,1472,579,130,34,14,759,18,0,24,781,214,95,1092,273,118,18,9,412,6,6,7,420,282,77,780,69,48,4,5,120,0,0,6,125,269,35,431,22,17,0,0,33,0,0,0,33,220,31,285,0,8,0,0,6,0,0,0,10,291,48,350,10442,2615,852,340,14245,370,175,543,14794,3641,1846,20278,283,548,22,25,879,77,102,172,1053,812,184,2043,1405,367,84,59,1914,127,38,169,2080,299,244,2622
LGA73600,689,72,29,98,784,1458,223,2466,29,39,0,12,82,41,9,53,133,311,68,509,110,81,12,22,220,65,17,76,300,271,70,634,143,78,12,15,251,56,9,70,318,183,48,554,129,71,4,16,215,38,12,54,264,130,56,448,95,58,10,5,165,34,12,39,203,105,49,357,116,68,3,13,203,34,7,34,242,108,57,403,95,56,7,3,162,19,0,22,186,92,30,313,93,36,10,7,148,17,5,23,172,76,35,283,86,22,9,8,116,7,0,7,126,89,24,245,58,15,3,0,86,4,3,8,86,79,21,191,20,9,3,3,30,0,0,0,32,68,11,116,3,3,5,4,11,0,0,0,11,41,5,63,0,4,0,0,6,3,0,3,10,55,15,78,980,529,80,113,1697,316,74,390,2091,1613,498,4196,21,13,0,10,49,16,11,22,71,432,101,609,81,29,5,29,138,30,15,50,189,289,51,530
LGA74050,236,42,42,84,325,530,72,930,8,11,0,6,21,6,0,6,31,206,6,241,39,21,4,8,66,8,4,14,76,113,6,201,61,30,5,6,103,8,3,11,114,109,5,232,53,29,3,8,97,0,0,10,104,104,6,214,51,34,8,0,94,9,0,12,105,87,0,196,49,34,0,0,83,7,3,11,92,84,9,186,48,41,4,10,104,3,4,4,107,53,5,166,54,20,0,0,76,3,0,8,85,55,4,139,41,8,0,0,49,0,0,5,56,52,4,113,17,12,0,0,31,0,3,3,28,38,10,78,8,0,0,3,6,0,0,0,6,22,0,31,6,0,0,0,8,0,0,0,8,21,0,25,0,0,0,0,0,0,0,0,0,14,0,20,426,240,34,40,739,44,29,76,813,963,62,1837,0,3,0,3,9,5,8,12,21,153,11,189,14,23,0,3,42,16,12,29,68,121,9,196
LGA74550,390,69,17,80,476,473,125,1072,49,28,5,0,77,8,3,7,89,120,18,232,79,48,11,8,152,6,5,11,165,80,14,265,90,50,12,16,171,0,6,8,174,65,18,260,60,26,10,11,98,0,4,9,107,49,26,184,65,37,3,3,113,0,7,6,125,53,19,188,63,37,0,3,105,3,0,8,107,38,17,164,56,27,4,9,96,3,4,6,98,32,16,149,72,22,8,5,103,0,0,4,107,24,16,152,59,13,0,0,67,0,0,4,70,41,15,124,42,21,6,8,74,0,0,3,70,56,13,132,18,12,0,0,24,0,0,0,24,44,0,66,11,4,0,0,16,0,0,0,16,32,5,54,0,7,0,0,4,0,0,0,4,39,14,52,652,313,66,60,1092,35,28,65,1156,693,183,2029,33,5,0,4,49,10,13,22,67,118,34,217,66,15,0,8,90,22,9,34,122,110,62,292
LGA74560,94,0,0,6,99,63,11,180,0,3,0,0,5,0,0,0,5,8,0,15,0,0,0,0,0,0,0,0,0,0,0,3,4,0,0,0,10,0,0,0,10,6,0,10,6,0,6,0,13,0,0,0,13,0,0,17,22,3,7,0,29,0,0,0,29,0,4,35,16,8,4,0,26,0,0,0,28,0,0,28,15,16,3,0,34,0,0,0,34,5,8,43,29,8,3,0,37,0,0,0,37,5,3,46,21,9,0,0,29,0,0,3,29,4,0,42,6,7,0,0,11,0,0,0,18,27,0,43,0,0,0,0,0,0,0,0,0,14,0,17,0,0,0,0,0,0,0,0,0,12,0,12,0,0,0,0,0,0,0,0,0,7,0,12,129,49,24,6,201,3,4,11,211,92,23,321,6,3,0,0,4,0,0,4,13,3,0,15,3,0,0,0,6,0,0,0,8,4,4,13
LGA74660,688,115,79,196,880,1298,167,2348,40,34,8,9,91,39,17,57,148,391,30,567,120,55,11,4,200,54,14,73,270,294,33,601,196,71,15,6,293,38,11,52,346,196,42,583,168,86,24,9,289,29,14,48,334,144,42,519,162,108,16,11,297,21,18,44,338,143,31,515,185,89,18,5,300,17,10,25,329,126,36,488,151,56,17,6,223,15,7,17,248,81,21,351,131,46,18,6,199,3,8,8,211,66,16,298,90,24,12,0,126,9,6,11,137,60,16,216,49,17,8,3,71,0,0,0,76,53,12,136,15,7,3,0,27,0,0,4,33,37,14,73,3,6,0,0,4,0,0,0,4,30,4,39,6,5,0,4,12,0,0,0,16,25,3,40,1314,597,146,75,2140,234,104,342,2476,1656,291,4419,19,20,5,10,52,52,0,52,104,340,46,493,81,26,3,20,128,46,12,56,181,294,72,547
LGA74680,243,39,16,54,301,752,57,1107,8,13,0,5,20,19,4,21,41,262,13,322,36,28,0,0,63,36,4,39,108,177,7,289,63,21,5,0,85,26,9,38,125,175,8,306,51,30,6,4,91,23,3,26,116,111,0,235,41,25,0,0,70,13,0,14,84,76,0,162,54,14,0,0,72,12,0,8,80,57,3,140,56,11,0,0,68,8,0,8,76,41,0,126,53,13,0,5,69,3,0,3,73,57,0,131,34,3,0,0,40,4,0,8,44,36,0,86,22,3,0,0,24,0,0,0,24,31,3,56,9,0,0,0,8,0,0,0,8,27,0,32,0,0,0,0,0,0,0,0,0,16,0,23,3,3,0,0,6,0,0,0,6,20,0,22,421,157,20,13,610,150,26,178,788,1087,50,1916,8,0,0,0,11,47,0,47,56,209,16,279,30,8,3,0,40,80,0,85,127,162,11,299
LGA79399,1596,21,18,36,1632,385,494,2520,77,78,9,8,167,4,5,11,174,143,33,358,281,33,9,9,328,5,3,10,339,144,62,548,383,42,27,3,457,8,6,12,469,187,72,732,353,79,30,5,470,3,4,9,482,193,57,728,403,102,40,13,557,7,4,12,566,193,68,827,389,81,25,7,509,5,0,3,513,144,61,722,378,49,21,9,458,3,0,8,468,127,67,662,338,42,20,10,413,3,3,7,421,78,53,557,244,44,21,8,309,7,0,7,322,92,45,458,119,28,15,4,164,4,0,3,165,91,21,274,33,9,5,4,48,0,0,0,53,62,18,133,9,6,5,0,9,0,0,0,9,23,7,45,0,0,0,0,4,0,0,0,4,20,3,18,3006,589,222,81,3896,54,31,91,3987,1493,569,6055,59,52,3,5,121,3,5,10,130,82,63,274,236,32,7,4,289,4,3,11,295,30,97,425
LGA79499,259,34,22,58,320,605,558,1486,7,0,3,0,12,0,3,3,15,13,8,32,66,19,6,3,90,5,3,7,93,27,18,143,75,21,12,4,114,13,5,17,133,49,39,224,48,4,10,6,73,9,0,12,81,49,16,144,33,6,10,0,52,6,0,8,59,46,20,128,17,6,7,0,40,5,0,9,47,43,14,108,27,12,11,0,49,7,0,6,57,38,24,118,29,13,11,3,52,3,0,6,60,73,24,156,41,14,12,0,61,7,10,13,78,117,36,225,22,8,0,0,37,6,4,12,41,138,29,217,3,0,0,3,4,0,0,4,11,133,10,160,0,3,0,0,3,0,0,0,3,55,8,67,0,0,0,0,0,0,0,0,0,23,0,22,379,102,80,20,587,60,33,92,679,803,248,1727,19,0,0,0,17,0,0,0,19,10,4,31,55,10,0,3,75,7,3,10,82,37,66,188
LGA79799,3,0,0,0,3,4,0,11,0,0,0,0,0,0,0,0,4,0,0,4,10,0,0,0,13,0,0,0,13,4,3,16,13,0,0,0,14,0,0,0,18,0,0,16,14,0,0,0,20,0,0,0,20,0,0,17,8,0,0,0,8,0,0,0,8,3,0,9,3,0,0,3,6,0,0,0,6,0,0,12,4,0,0,0,5,0,0,0,5,0,0,9,6,0,0,0,4,0,0,0,4,0,0,4,0,0,0,0,0,0,0,0,0,0,0,3,7,0,0,0,5,0,0,0,5,0,0,6,0,0,0,0,4,0,0,0,4,0,0,3,0,0,0,0,0,0,0,0,0,0,0,0,0,0,0,0,0,0,0,0,0,0,0,0,65,5,3,10,80,0,0,0,86,11,13,105,0,0,0,0,0,0,0,0,0,0,0,0,0,0,0,0,0,0,0,0,0,4,0,4
LGA89399,122843,1787,2715,4502,127343,55007,7382,189730,2840,7765,540,349,11485,406,1271,1677,13166,9803,972,23937,12970,7811,878,433,22080,631,914,1541,23621,5262,1786,30662,19260,4096,1171,356,24884,514,297,811,25698,3251,1501,30448,16391,4401,1570,298,22654,397,224,618,23277,3190,1175,27644,15664,5064,1247,278,22245,346,233,585,22829,3059,1010,26902,15825,4882,958,284,21952,342,148,488,22443,2519,954,25917,15810,4122,810,302,21043,325,143,465,21506,2232,835,24571,14921,3570,921,239,19640,276,123,398,20038,2562,757,23352,10399,3446,861,159,14868,179,124,300,15174,4518,679,20371,5837,3199,603,122,9766,126,118,243,10007,7768,573,18350,1537,1700,235,47,3518,24,66,89,3613,8522,526,12659,317,620,75,19,1030,9,18,23,1061,7459,471,8985,111,278,30,27,441,3,11,15,457,14564,1467,16488,131870,50948,9893,2911,195620,3573,3686,7263,202878,74707,12718,290305,2015,7980,412,333,10732,378,1957,2336,13069,10445,961,24472,10831,8875,666,534,20910,800,1117,1919,22828,6766,1765,31354
LGA89499,111,10,3,21,129,88,35,249,4,10,0,0,13,4,11,17,34,23,6,59,19,17,0,0,42,9,4,12,51,22,10,83,34,11,3,0,48,8,0,8,55,24,9,82,35,10,4,0,52,0,0,0,49,13,4,71,28,9,0,0,33,3,4,3,42,17,0,57,21,0,0,0,23,3,0,0,26,20,11,53,9,3,0,0,11,6,0,6,13,7,11,30,17,7,0,0,24,7,0,6,30,11,3,51,10,8,0,0,15,3,0,3,20,17,8,35,4,4,0,0,10,0,0,0,6,12,5,24,0,0,0,0,0,0,0,0,0,11,0,8,0,0,0,0,0,0,0,0,0,8,0,8,0,0,0,0,0,0,0,0,0,6,4,5,174,81,17,5,274,38,18,55,327,186,61,569,0,3,0,0,10,3,3,7,15,12,6,33,18,23,0,0,44,3,3,5,48,17,13,78
LGA89799,0,0,0,0,0,0,0,0,0,0,0,0,0,0,0,0,0,0,0,0,0,0,0,0,0,0,0,0,0,0,0,0,0,0,0,0,0,0,0,0,0,0,0,0,0,0,0,0,0,0,0,0,0,0,0,0,0,0,0,0,0,0,0,0,0,0,0,0,0,0,0,0,0,0,0,0,0,0,0,0,0,0,0,0,0,0,0,0,0,0,0,0,0,0,0,0,0,0,0,0,0,0,0,0,0,0,0,0,0,0,0,0,0,0,0,0,0,0,0,0,0,0,0,0,0,0,0,0,0,0,0,0,0,0,0,0,0,0,0,0,0,0,0,0,0,0,0,0,0,0,0,0,0,0,0,0,0,0,0,0,0,0,0,0,0,0,0,0,0,0,0,0,0,0,0,0,0,0,0,0,0,0,0,0,0,0,0,0,0,0,0,0,0,0,0,0,0,0,0,0
LGA99399,649,12,11,16,669,296,136,1102,7,0,0,0,6,0,0,0,9,17,0,26,25,3,0,0,27,3,0,3,26,13,0,37,16,3,0,0,24,4,0,4,23,5,0,28,9,4,0,0,17,4,3,6,24,10,0,35,14,3,0,0,20,3,0,9,22,10,4,37,6,0,0,0,7,0,0,0,11,9,3,27,10,3,0,0,14,0,0,0,14,0,0,18,7,0,0,0,7,0,0,0,12,16,0,23,3,0,0,0,3,0,0,0,3,6,0,14,0,0,0,0,0,0,0,0,0,7,3,10,0,0,0,0,3,0,0,0,3,7,4,12,4,0,0,0,4,0,0,0,4,8,0,5,0,0,0,0,0,0,0,0,0,4,0,4,101,26,0,0,132,16,4,21,150,109,17,276,14,32,0,6,57,3,0,7,62,45,4,112,34,7,3,0,48,0,0,0,47,5,8,68
LGA99499,6,0,0,0,4,0,0,4,0,0,0,0,0,0,0,0,0,0,0,0,8,0,0,0,7,0,0,0,7,0,0,7,3,0,0,0,9,0,0,0,9,0,0,9,0,0,0,0,0,0,0,0,0,0,0,0,0,0,0,0,0,0,0,0,0,0,0,0,0,0,0,0,0,0,0,0,0,0,0,0,0,0,0,0,0,0,0,0,0,0,0,5,4,0,0,0,4,0,0,0,4,0,0,4,0,0,0,0,0,0,0,0,0,0,0,3,0,0,0,0,0,0,0,0,0,0,0,0,0,0,0,0,0,0,0,0,0,0,0,0,0,0,0,0,0,0,0,0,0,0,0,0,0,0,0,0,0,0,0,0,0,0,0,0,22,0,0,4,22,0,0,0,22,0,0,24,0,0,0,0,0,0,0,0,0,4,0,5,0,0,0,0,0,0,0,6,3,0,3,8
LGA99799,0,0,0,0,0,0,0,0,0,0,0,0,0,0,0,0,0,0,0,0,0,0,0,0,0,0,0,0,0,0,0,0,0,0,0,0,0,0,0,0,0,0,0,0,0,0,0,0,0,0,0,0,0,0,0,0,0,0,0,0,0,0,0,0,0,0,0,0,0,0,0,0,0,0,0,0,0,0,0,0,0,0,0,0,0,0,0,0,0,0,0,0,0,0,0,0,0,0,0,0,0,0,0,0,0,0,0,0,0,0,0,0,0,0,0,0,0,0,0,0,0,0,0,0,0,0,0,0,0,0,0,0,0,0,0,0,0,0,0,0,0,0,0,0,0,0,0,0,0,0,0,0,0,0,0,0,0,0,0,0,0,0,0,0,0,0,0,0,0,0,0,0,0,0,0,0,0,0,0,0,0,0,0,0,0,0,0,0,0,0,0,0,0,0,0,0,0,0,0,0
