LGA_CODE_2021,C16_M_LE_NS_15_19,C16_M_LE_NS_20_24,C16_M_LE_NS_25_34,C16_M_LE_NS_35_44,C16_M_LE_NS_45_54,C16_M_LE_NS_55_64,C16_M_LE_NS_65_74,C16_M_LE_NS_75_84,C16_M_LE_NS_85over,C16_M_LE_NS_Tot,C16_M_Tot_15_19_yrs,C16_M_Tot_20_24_yrs,C16_M_Tot_25_34_yrs,C16_M_Tot_35_44_yrs,C16_M_Tot_45_54_yrs,C16_M_Tot_55_64_yrs,C16_M_Tot_65_74_yrs,C16_M_Tot_75_84_yrs,C16_M_Tot_85over,C16_M_Tot_Tot,C21_M_Post_Deg_15_19_yrs,C21_M_Post_Deg_20_24_yrs,C21_M_Post_Deg_25_34_yrs,C21_M_Post_Deg_35_44_yrs,C21_M_Post_Deg_45_54_yrs,C21_M_Post_Deg_55_64_yrs,C21_M_Post_Deg_65_74_yrs,C21_M_Post_Deg_75_84_yrs,C21_M_Post_Deg_85over,C21_M_Post_Deg_Tot,C21_M_GrDip_GrCe_15_19,C21_M_GrDip_GrCe_20_24,C21_M_GrDip_GrCe_25_34,C21_M_GrDip_GrCe_35_44,C21_M_GrDip_GrCe_45_54,C21_M_GrDip_GrCe_55_64,C21_M_GrDip_GrCe_65_74,C21_M_GrDip_GrCe_75_84,C21_M_GrDip_GrCe_85over,C21_M_GrDip_GrCe_Tot,C21_M_BD_15_19,C21_M_BD_20_24,C21_M_BD_25_34,C21_M_BD_35_44,C21_M_BD_45_54,C21_M_BD_55_64,C21_M_BD_65_74,C21_M_BD_75_84,C21_M_BD_85over,C21_M_BD_Tot,C21_M_AdD_DL_15_19,C21_M_AdD_DL_20_24,C21_M_AdD_DL_25_34,C21_M_AdD_DL_35_44,C21_M_AdD_DL_45_54,C21_M_AdD_DL_55_64,C21_M_AdD_DL_65_74,C21_M_AdD_DL_75_84,C21_M_AdD_DL_85over,C21_M_AdD_DL_Tot,C21_M_CL_C_III_IV_15_19,C21_M_CL_C_III_IV_20_24,C21_M_CL_C_III_IV_25_34,C21_M_CL_C_III_IV_35_44,C21_M_CL_C_III_IV_45_54,C21_M_CL_C_III_IV_55_64,C21_M_CL_C_III_IV_65_74,C21_M_CL_C_III_IV_75_84,C21_M_CL_C_III_IV_85over,C21_M_CL_C_III_IV_Tot,C21_M_CL_C_I_II_15_19,C21_M_CL_C_I_II_20_24,C21_M_CL_C_I_II_25_34,C21_M_CL_C_I_II_35_44,C21_M_CL_C_I_II_45_54,C21_M_CL_C_I_II_55_64,C21_M_CL_C_I_II_65_74,C21_M_CL_C_I_II_75_84,C21_M_CL_C_I_II_85over,C21_M_CL_C_I_II_Tot,C21_M_CL_CL_nfd_15_19,C21_M_CL_CL_nfd_20_24,C21_M_CL_CL_nfd_25_34,C21_M_CL_CL_nfd_35_44,C21_M_CL_CL_nfd_45_54,C21_M_CL_CL_nfd_55_64,C21_M_CL_CL_nfd_65_74,C21_M_CL_CL_nfd_75_84,C21_M_CL_CL_nfd_85over,C21_M_CL_CL_nfd_Tot,C21_M_CL_Tot_15_19,C21_M_CL_Tot_20_24,C21_M_CL_Tot_25_34,C21_M_CL_Tot_35_44,C21_M_CL_Tot_45_54,C21_M_CL_Tot_55_64,C21_M_CL_Tot_65_74,C21_M_CL_Tot_75_84,C21_M_CL_Tot_85over,C21_M_CL_Tot_Tot,C21_M_LE_ID_15_19,C21_M_LE_ID_20_24,C21_M_LE_ID_25_34,C21_M_LE_ID_35_44,C21_M_LE_ID_45_54,C21_M_LE_ID_55_64,C21_M_LE_ID_65_74,C21_M_LE_ID_75_84,C21_M_LE_ID_85over,C21_M_LE_ID_Tot,C21_M_LE_NS_15_19,C21_M_LE_NS_20_24,C21_M_LE_NS_25_34,C21_M_LE_NS_35_44,C21_M_LE_NS_45_54,C21_M_LE_NS_55_64,C21_M_LE_NS_65_74,C21_M_LE_NS_75_84,C21_M_LE_NS_85over,C21_M_LE_NS_Tot,C21_M_Tot_15_19_yrs,C21_M_Tot_20_24_yrs,C21_M_Tot_25_34_yrs,C21_M_Tot_35_44_yrs,C21_M_Tot_45_54_yrs,C21_M_Tot_55_64_yrs,C21_M_Tot_65_74_yrs,C21_M_Tot_75_84_yrs,C21_M_Tot_85over,C21_M_Tot_Tot,C11_F_Post_Deg_15_19_yrs,C11_F_Post_Deg_20_24_yrs,C11_F_Post_Deg_25_34_yrs,C11_F_Post_Deg_35_44_yrs,C11_F_Post_Deg_45_54_yrs,C11_F_Post_Deg_55_64_yrs,C11_F_Post_Deg_65_74_yrs,C11_F_Post_Deg_75_84_yrs,C11_F_Post_Deg_85over,C11_F_Post_Deg_Tot,C11_F_GrDip_GrCe_15_19,C11_F_GrDip_GrCe_20_24,C11_F_GrDip_GrCe_25_34,C11_F_GrDip_GrCe_35_44,C11_F_GrDip_GrCe_45_54,C11_F_GrDip_GrCe_55_64,C11_F_GrDip_GrCe_65_74,C11_F_GrDip_GrCe_75_84,C11_F_GrDip_GrCe_85over,C11_F_GrDip_GrCe_Tot,C11_F_BD_15_19,C11_F_BD_20_24,C11_F_BD_25_34,C11_F_BD_35_44,C11_F_BD_45_54,C11_F_BD_55_64,C11_F_BD_65_74,C11_F_BD_75_84,C11_F_BD_85over,C11_F_BD_Tot,C11_F_AdD_DL_15_19,C11_F_AdD_DL_20_24,C11_F_AdD_DL_25_34,C11_F_AdD_DL_35_44,C11_F_AdD_DL_45_54,C11_F_AdD_DL_55_64,C11_F_AdD_DL_65_74,C11_F_AdD_DL_75_84,C11_F_AdD_DL_85over,C11_F_AdD_DL_Tot,C11_F_CL_C_III_IV_15_19,C11_F_CL_C_III_IV_20_24,C11_F_CL_C_III_IV_25_34,C11_F_CL_C_III_IV_35_44,C11_F_CL_C_III_IV_45_54,C11_F_CL_C_III_IV_55_64,C11_F_CL_C_III_IV_65_74,C11_F_CL_C_III_IV_75_84,C11_F_CL_C_III_IV_85over,C11_F_CL_C_III_IV_Tot,C11_F_CL_C_I_II_15_19,C11_F_CL_C_I_II_20_24,C11_F_CL_C_I_II_25_34,C11_F_CL_C_I_II_35_44,C11_F_CL_C_I_II_45_54,C11_F_CL_C_I_II_55_64,C11_F_CL_C_I_II_65_74,C11_F_CL_C_I_II_75_84,C11_F_CL_C_I_II_85over,C11_F_CL_C_I_II_Tot,C11_F_CL_CL_nfd_15_19,C11_F_CL_CL_nfd_20_24,C11_F_CL_CL_nfd_25_34,C11_F_CL_CL_nfd_35_44,C11_F_CL_CL_nfd_45_54,C11_F_CL_CL_nfd_55_64,C11_F_CL_CL_nfd_65_74,C11_F_CL_CL_nfd_75_84,C11_F_CL_CL_nfd_85over,C11_F_CL_CL_nfd_Tot
LGA10050,145,173,281,251,275,286,260,216,98,1975,247,827,2339,2156,2104,2010,1367,698,247,11999,0,15,194,160,125,118,87,37,3,745,0,0,47,68,73,85,58,22,3,355,0,99,500,547,422,283,288,84,18,2253,0,44,320,296,323,295,260,98,31,1675,58,443,1231,1027,972,1009,716,360,108,5925,13,33,50,46,29,26,19,8,0,221,3,13,28,45,52,60,58,31,8,308,71,488,1312,1120,1054,1090,794,396,116,6452,3,3,17,19,15,3,19,15,0,101,129,114,265,255,244,228,199,169,88,1690,201,766,2658,2474,2269,2106,1710,826,260,13276,0,6,108,87,97,50,14,5,0,361,0,10,78,117,121,96,27,0,0,452,0,192,736,580,476,305,128,49,12,2479,13,115,336,344,398,280,131,47,11,1682,93,332,559,512,419,277,68,42,9,2307,41,93,100,79,78,70,12,5,4,474,10,25,64,85,88,72,31,16,10,402
LGA10180,130,147,146,118,168,155,151,93,48,1164,228,535,1199,1042,1231,1161,816,386,126,6720,0,3,146,226,174,186,158,88,25,1006,0,4,23,42,40,53,51,7,0,219,0,78,345,253,243,214,196,78,22,1433,0,27,95,124,127,132,97,49,9,666,42,173,438,372,335,417,304,161,42,2296,21,35,28,29,12,13,4,7,0,148,6,8,15,16,32,37,28,13,3,156,71,219,488,414,379,468,336,177,48,2595,3,6,9,10,12,7,14,6,3,71,173,200,211,137,135,159,112,137,48,1323,249,535,1322,1205,1120,1230,953,551,160,7321,0,3,86,126,173,132,55,12,0,581,0,9,43,76,91,79,26,7,3,336,0,135,401,349,342,264,136,53,30,1701,4,68,108,183,228,164,111,48,10,931,60,150,234,204,185,114,36,13,5,1005,36,39,38,32,37,33,10,7,0,232,14,30,24,45,53,60,32,15,6,283
LGA10250,125,69,146,192,251,304,257,229,164,1730,177,355,1248,1693,1959,2152,1785,898,384,10646,0,3,66,145,126,136,151,53,16,686,0,0,17,49,64,68,95,22,3,310,0,55,321,525,513,420,466,176,66,2545,3,36,148,251,330,281,308,164,45,1569,45,217,671,784,780,986,798,414,127,4821,16,19,28,14,27,26,25,8,4,162,0,3,21,44,51,59,92,39,5,321,66,244,716,842,853,1073,914,461,142,5303,0,3,8,8,21,18,23,17,8,112,98,72,172,191,173,203,239,189,118,1455,168,414,1446,2006,2079,2202,2191,1086,392,11980,0,5,24,90,99,99,33,3,0,354,0,3,42,78,84,91,30,13,4,336,0,62,412,602,495,416,185,74,26,2269,6,53,157,348,422,358,228,91,33,1703,40,143,324,372,479,264,75,44,16,1758,12,32,62,51,70,55,14,7,5,308,6,19,37,60,95,103,49,29,16,408
LGA10300,15,9,18,17,21,29,21,16,4,146,21,31,55,66,68,80,45,21,9,398,0,0,0,0,3,0,0,0,0,8,0,0,0,0,0,0,0,0,0,5,0,0,8,6,8,6,5,0,0,35,0,5,6,3,11,7,0,0,0,33,0,13,35,29,29,37,27,9,0,176,0,0,0,0,0,0,0,0,0,4,0,0,5,0,4,0,3,0,0,8,0,13,40,29,26,41,27,9,0,184,0,4,0,0,0,0,0,0,0,4,7,13,19,17,23,23,24,10,5,143,9,32,77,65,73,78,63,16,9,415,0,0,0,4,0,0,0,0,0,7,0,0,5,0,3,4,0,0,0,13,0,4,12,25,7,3,0,6,0,53,0,4,12,5,11,11,3,3,0,46,6,7,22,18,21,11,0,0,0,88,0,0,4,0,3,0,0,0,0,11,0,0,0,5,8,0,0,0,0,13
LGA10470,177,329,522,375,325,258,268,142,65,2456,254,848,2081,1834,1874,1700,1248,515,168,10517,0,5,94,123,115,128,115,57,8,653,0,3,27,45,53,55,47,11,0,253,0,81,368,352,305,267,193,92,18,1676,0,32,154,184,244,233,185,70,18,1119,42,325,956,845,841,813,572,289,69,4762,9,43,48,35,24,17,14,3,4,198,3,9,38,35,40,67,70,30,11,299,55,376,1038,912,907,903,662,324,82,5263,3,5,5,12,15,14,10,12,5,84,107,207,478,423,299,235,184,135,60,2131,165,704,2166,2052,1937,1829,1408,700,198,11172,0,5,42,85,90,77,23,7,3,325,0,8,38,58,96,74,29,5,0,308,0,128,501,475,354,291,110,44,14,1921,9,63,162,251,300,228,129,70,26,1246,62,232,477,375,314,160,46,27,8,1701,31,61,68,75,66,38,9,0,0,350,7,33,52,97,103,86,38,16,5,441
LGA10500,319,479,1234,902,743,676,596,555,371,5875,505,2874,11951,8673,6310,4520,2856,1641,712,40038,0,103,2660,2046,936,590,319,96,17,6763,0,21,232,262,184,135,91,25,4,958,4,1444,6028,3675,1848,1343,743,308,70,15461,29,737,1820,1604,1304,870,492,185,45,7096,104,703,2333,1928,1869,1654,1091,705,240,10627,25,59,107,91,79,65,33,17,0,467,14,65,153,206,217,220,145,76,19,1110,142,824,2593,2227,2162,1940,1267,793,250,12206,4,48,186,136,86,73,63,25,13,630,250,561,1586,1037,678,612,542,487,339,6103,431,3740,15105,10996,7215,5560,3517,1908,749,49212,3,74,1338,728,334,165,45,11,0,2692,0,19,175,206,172,86,28,6,0,704,8,811,3569,2253,1277,701,240,106,26,8981,54,499,1448,1547,1025,622,283,136,47,5658,116,372,1030,865,669,376,207,106,33,3766,40,75,171,202,144,72,34,6,4,741,25,69,162,300,299,196,87,35,28,1190
LGA10550,124,69,112,137,242,303,284,239,94,1603,165,314,805,1029,1493,2031,1611,763,239,8447,0,0,41,67,69,98,145,47,13,472,0,0,13,25,45,64,96,15,0,261,0,16,168,188,232,325,372,144,28,1470,0,9,69,115,179,248,289,110,23,1056,34,194,568,585,675,908,829,358,85,4234,6,16,28,21,23,22,18,8,0,140,0,8,26,25,26,75,62,33,9,255,37,217,613,636,724,1006,914,396,96,4633,0,0,3,8,12,18,23,13,8,81,106,55,131,125,179,235,274,177,113,1403,140,299,1038,1166,1434,1990,2112,905,283,9369,0,0,15,40,60,62,22,3,0,207,0,0,37,54,97,111,39,10,0,341,0,15,187,305,367,333,185,51,13,1464,5,35,97,197,299,317,161,72,25,1201,33,110,252,306,379,216,75,23,9,1395,18,25,46,61,63,50,17,6,5,294,3,14,35,55,92,82,47,15,3,347
LGA10600,63,21,32,49,88,92,100,64,26,533,79,98,302,445,585,749,568,274,69,3163,0,0,8,21,31,43,49,30,4,192,0,0,6,13,20,28,38,9,0,106,0,6,84,100,118,122,137,47,10,632,0,6,27,53,71,91,91,38,9,388,12,62,178,204,232,353,281,115,37,1468,9,9,8,3,0,0,3,5,0,32,0,0,3,6,18,11,30,5,5,78,10,70,189,216,248,366,320,124,38,1581,0,0,7,0,4,9,5,4,0,29,39,13,50,72,81,88,92,63,24,526,52,97,373,465,588,749,732,313,86,3452,0,0,9,29,45,33,18,4,0,131,0,0,14,27,46,60,3,6,0,151,0,15,82,183,189,145,64,18,3,707,3,15,43,99,145,103,71,29,6,515,17,38,72,136,169,88,32,10,4,562,0,3,8,18,29,10,3,4,0,90,0,7,15,23,44,31,14,9,0,132
LGA10650,39,25,52,49,48,87,108,71,28,507,55,108,269,275,248,361,329,174,52,1864,0,0,6,4,12,0,9,4,0,31,0,0,3,8,3,7,8,0,0,34,0,3,41,40,33,31,30,12,0,186,0,0,31,26,41,40,32,21,3,196,11,33,129,135,159,184,195,87,22,955,4,7,3,5,6,4,8,0,0,32,0,0,4,4,7,13,13,4,5,51,16,40,134,146,172,201,210,91,23,1036,0,0,0,0,0,4,7,4,0,16,30,22,40,41,40,74,102,77,59,485,42,67,260,270,302,361,400,201,87,1981,0,0,6,10,9,5,0,0,0,24,0,0,0,11,11,13,0,0,4,42,0,17,77,47,57,49,33,8,3,285,0,10,32,48,46,46,44,12,3,231,8,34,78,82,87,54,17,9,3,380,5,5,10,12,10,14,4,0,0,60,0,4,8,14,13,10,4,0,0,53
LGA10750,874,904,2025,1873,1611,1338,1025,609,236,10483,1484,5170,17558,18548,13546,10074,5576,2187,593,74738,0,129,2518,5941,2186,1140,616,173,27,12738,0,23,289,647,427,232,151,46,0,1821,12,1692,6749,8701,4367,2810,1698,499,87,26611,65,939,2936,3508,2520,1711,901,304,50,12926,365,1834,4897,4707,4622,3869,2417,1103,274,24081,79,146,231,223,180,157,85,26,5,1132,35,130,277,453,475,409,302,139,25,2228,477,2108,5407,5384,5271,4430,2801,1261,297,27442,16,54,216,319,224,163,142,59,6,1209,815,1257,2852,2562,1775,1275,1025,694,283,12534,1380,6206,20976,27062,16777,11754,7341,3035,757,95283,3,124,1523,1029,579,287,68,23,0,3636,5,37,380,368,271,139,31,10,3,1235,7,1320,5673,4298,2876,1681,416,129,36,16440,98,951,2668,2623,1753,1028,357,136,40,9655,357,1323,2970,2462,1775,871,235,105,26,10137,160,260,577,528,361,195,44,12,3,2145,55,172,442,642,523,380,126,34,13,2393
LGA10800,23,15,43,44,48,77,59,40,26,380,44,77,206,218,197,228,153,91,40,1255,0,0,5,9,6,4,0,0,0,17,0,0,0,3,5,6,3,0,0,16,0,5,28,27,28,13,10,10,5,113,0,0,7,18,24,23,20,6,0,97,7,44,129,105,92,111,66,38,8,609,0,0,3,4,3,3,5,0,0,19,0,6,0,4,0,3,10,4,0,21,7,49,133,107,93,124,80,40,8,649,0,0,0,0,0,0,4,0,0,6,12,9,35,39,39,63,45,24,9,278,18,65,206,202,193,221,159,76,22,1171,0,0,0,5,0,4,0,0,0,11,0,0,7,7,3,0,0,4,0,15,0,3,55,60,35,21,15,4,0,194,0,0,24,33,29,31,18,11,0,149,8,34,55,57,47,36,10,6,0,259,3,4,17,16,8,6,5,0,0,55,0,0,8,12,22,7,4,0,0,53
LGA10850,28,21,30,30,59,66,51,40,15,338,40,89,241,281,335,325,218,95,27,1641,0,0,4,7,14,12,15,7,3,62,0,0,4,10,8,3,10,3,0,35,0,0,45,38,51,39,38,14,0,238,0,7,14,27,40,39,32,13,8,167,6,71,160,160,161,162,111,39,6,871,5,0,0,7,6,6,7,6,0,35,0,0,4,3,7,15,15,7,0,52,14,71,161,173,179,180,134,50,9,964,0,0,0,5,5,4,4,0,0,10,23,3,26,20,51,49,43,39,6,266,36,83,253,274,348,319,276,122,26,1745,0,0,0,7,4,3,7,0,0,33,0,0,8,7,4,12,3,0,0,32,0,8,72,79,59,41,24,8,0,289,0,7,39,52,62,47,27,13,6,250,3,44,79,81,80,38,18,4,0,351,4,15,15,19,15,7,3,0,0,73,0,3,7,12,12,13,7,3,0,57
LGA10900,140,92,193,278,325,387,385,247,101,2145,293,932,2551,3649,4089,4302,3231,1325,384,20744,0,8,244,453,558,523,522,197,39,2539,0,3,61,107,159,216,231,58,8,849,0,178,735,1002,1078,1014,934,330,78,5352,11,82,301,518,678,684,553,227,56,3119,82,425,1121,1260,1363,1322,1054,516,139,7285,15,32,52,52,37,46,31,22,4,280,9,17,36,55,105,140,154,98,23,628,109,476,1216,1364,1501,1500,1234,638,166,8197,3,5,11,21,25,29,42,44,13,204,92,62,143,206,218,212,236,204,105,1474,218,816,2710,3684,4222,4186,3753,1698,459,21733,0,21,181,354,448,429,124,30,8,1588,0,9,92,243,306,308,87,17,3,1065,0,214,1019,1517,1295,1064,502,163,48,5826,15,174,409,774,890,817,475,212,46,3805,95,334,647,608,693,419,163,74,33,3059,32,37,97,97,110,87,41,8,4,510,17,37,54,130,223,231,118,56,15,890
LGA10950,14,9,25,23,33,17,17,18,6,167,18,42,109,84,129,79,57,33,10,560,0,0,7,3,6,0,3,0,0,14,0,0,3,0,3,0,0,0,0,6,0,3,17,12,16,3,6,0,0,51,0,0,7,9,9,10,0,0,0,38,6,14,62,33,40,54,22,15,3,251,0,3,0,0,0,0,0,0,0,6,0,0,0,3,3,0,0,8,0,11,8,23,59,38,46,59,25,21,3,272,0,0,0,0,0,4,0,0,0,9,8,13,7,13,17,26,18,18,6,124,15,42,100,73,91,105,51,35,8,510,0,0,0,3,0,0,0,0,0,7,0,0,0,3,5,0,0,0,0,11,0,9,34,32,11,5,10,0,0,96,0,3,13,12,22,9,3,0,0,62,0,4,26,27,24,15,5,0,0,99,6,0,0,6,0,3,0,0,0,17,0,0,0,5,9,3,4,3,0,23
LGA11150,13,14,37,28,41,53,21,19,7,244,14,41,116,89,110,99,44,25,6,547,0,0,5,3,4,0,0,0,0,18,0,0,0,0,0,0,0,0,0,4,0,0,20,6,9,9,0,0,0,56,0,0,12,17,6,9,0,3,0,51,4,13,32,30,31,28,19,5,0,154,0,0,0,4,4,0,0,0,0,12,0,0,0,6,3,5,0,0,0,10,4,11,29,30,40,31,21,7,0,177,0,0,0,0,0,0,0,0,0,0,24,9,25,25,43,28,23,11,0,197,26,29,95,91,94,78,52,23,0,503,0,0,8,0,3,0,0,0,0,14,0,0,0,0,9,0,0,0,0,14,0,8,53,33,23,19,6,3,0,138,0,3,19,24,18,6,0,0,0,66,0,11,22,27,13,10,3,0,0,93,0,4,8,5,0,0,3,0,0,24,0,0,0,6,0,3,3,0,0,22
LGA11200,5,26,35,6,20,24,6,3,0,128,13,38,76,36,67,41,15,6,0,301,0,0,0,4,3,0,0,0,0,8,0,0,0,0,0,0,0,0,0,7,0,6,7,9,0,3,3,0,0,20,0,0,6,4,4,0,0,0,0,16,0,3,15,8,10,15,10,5,0,74,0,0,0,0,0,0,0,0,0,5,0,0,3,0,0,0,0,0,0,5,0,3,20,14,13,16,10,5,0,78,0,0,0,0,0,0,0,0,0,0,3,13,22,9,12,23,16,10,0,104,3,18,57,35,30,44,27,11,0,230,0,0,4,0,3,0,0,0,0,7,0,0,0,0,0,0,0,0,0,3,0,5,18,13,13,13,0,0,0,60,0,3,9,7,5,6,0,3,0,38,4,9,9,15,14,6,0,0,0,51,0,0,4,12,0,5,0,0,0,19,0,0,0,0,0,0,0,0,0,10
LGA11250,56,47,131,107,145,124,150,101,74,944,89,220,671,577,687,724,511,233,115,3828,0,3,27,22,23,11,11,0,0,99,0,0,7,9,13,16,7,0,0,60,0,16,76,69,52,49,49,15,0,326,0,10,45,61,81,94,34,14,0,338,20,109,381,293,306,366,314,131,33,1951,6,17,21,8,10,8,13,0,0,71,3,5,11,11,19,17,8,3,5,84,27,128,403,314,332,392,335,131,29,2106,0,0,3,0,0,4,9,0,0,33,64,55,114,128,122,95,107,71,48,807,94,211,678,608,622,668,551,240,85,3764,0,0,16,19,24,10,5,0,0,74,0,3,10,24,31,22,7,0,0,98,0,37,131,117,112,76,32,12,0,516,4,17,59,82,101,57,19,14,4,356,16,100,160,185,203,104,24,13,0,800,7,29,34,24,29,15,0,0,0,141,5,9,15,19,39,27,11,5,3,128
LGA11300,70,154,246,151,144,107,102,88,64,1137,111,1035,2996,1704,1465,1077,638,355,163,9535,0,52,839,460,268,207,112,35,11,1977,0,4,69,48,33,33,37,7,3,236,0,540,1446,718,489,461,271,115,33,4073,9,494,400,239,257,194,90,48,14,1756,18,124,305,253,266,262,170,96,48,1541,11,11,11,13,11,13,3,4,4,82,5,26,39,23,39,27,32,11,4,208,26,161,359,295,315,297,213,109,56,1835,0,21,41,30,21,29,21,7,7,178,28,212,417,198,130,125,97,110,88,1402,60,1491,3573,1988,1517,1346,840,434,214,11456,0,61,527,196,176,80,24,7,0,1074,0,8,63,67,51,40,11,5,0,247,0,414,1015,621,434,286,97,53,20,2946,12,180,351,314,285,163,81,61,26,1473,17,90,174,135,141,70,33,20,11,676,4,10,31,21,27,13,9,0,0,122,0,12,23,58,65,35,14,7,5,211
LGA11350,132,94,262,289,355,404,269,105,65,1971,172,287,1202,1551,1719,2000,1259,362,142,8693,0,0,82,144,153,160,160,54,9,762,0,0,21,63,44,60,70,14,0,272,0,39,493,561,559,419,452,118,20,2653,3,34,227,266,221,233,178,78,12,1259,13,106,510,521,569,606,466,154,39,2982,8,4,19,13,12,15,12,4,0,92,0,9,27,35,46,55,55,21,3,251,28,120,547,575,628,674,537,179,43,3329,0,5,22,19,14,16,30,7,6,124,89,79,310,318,277,259,260,101,36,1733,118,290,1707,1939,1899,1823,1680,544,123,10123,0,4,45,104,109,114,32,9,3,412,0,0,30,96,102,88,25,5,3,344,0,66,382,644,522,427,135,30,12,2219,5,47,188,371,450,325,119,39,15,1567,23,101,223,272,304,142,44,12,3,1116,18,15,40,37,49,36,9,0,0,193,4,11,33,66,52,55,17,12,6,251
LGA11400,51,21,61,72,103,72,90,64,25,564,79,143,411,553,649,563,447,179,46,3074,0,0,10,20,37,33,36,11,0,148,0,0,5,7,16,16,8,4,0,51,0,12,54,102,133,80,77,26,5,494,0,7,23,58,72,94,67,24,3,347,19,107,242,259,284,311,182,86,9,1509,4,5,7,10,10,15,8,3,0,54,0,3,10,13,13,7,18,5,0,75,26,109,257,284,312,336,211,92,11,1638,0,0,0,0,3,5,4,5,0,20,39,34,39,76,70,99,100,73,26,565,66,165,391,552,649,652,502,234,48,3264,0,0,11,27,21,23,10,0,0,87,0,0,14,17,33,20,7,0,0,94,0,16,130,163,133,96,49,18,7,615,0,13,53,107,94,104,53,17,3,444,20,59,137,143,142,67,30,6,3,608,6,17,21,31,22,15,4,0,0,116,4,4,16,24,29,28,12,3,0,124
LGA11450,158,131,316,327,287,211,231,146,101,1909,314,1127,4128,4190,3313,2342,1452,599,210,17675,0,14,433,741,407,210,112,43,7,1971,0,6,85,130,116,69,56,16,9,478,0,304,1518,1571,906,430,293,101,21,5146,18,190,918,1145,869,500,265,89,15,4012,142,837,3045,2704,2266,1536,980,420,87,12018,20,39,75,59,46,34,17,3,0,305,22,56,140,154,150,127,110,42,4,795,186,934,3257,2917,2462,1696,1109,461,92,13117,7,14,37,65,45,34,21,12,8,237,123,140,425,445,283,206,207,151,69,2051,329,1600,6670,7015,5088,3145,2067,883,218,27019,0,21,127,124,88,68,17,0,0,444,0,16,78,95,79,57,14,9,0,344,0,198,888,785,395,218,79,28,5,2594,23,182,544,653,441,279,94,37,18,2268,83,324,620,589,415,215,54,23,6,2336,26,58,109,113,73,42,11,0,0,413,14,43,105,149,147,96,36,6,6,593
LGA11500,459,453,787,744,712,671,606,353,137,4922,789,2588,7231,6762,5737,5398,3313,1223,329,33364,0,18,741,1611,807,444,242,63,13,3940,3,5,75,214,152,104,75,22,6,653,3,584,2158,2510,1224,906,584,190,33,8182,11,262,1127,1423,959,831,486,147,22,5271,203,992,2625,2510,2271,2384,1817,759,124,13671,31,77,123,123,83,79,60,17,0,579,13,45,120,189,197,205,187,78,12,1049,246,1110,2867,2825,2555,2660,2059,851,136,15302,6,29,84,104,73,61,49,27,8,444,412,410,927,979,757,614,520,407,132,5163,677,2416,7984,9658,6520,5623,4017,1711,350,38955,0,56,402,311,249,136,25,0,3,1191,0,25,135,123,128,93,30,0,0,536,5,575,1807,1345,951,639,186,48,8,5560,52,457,1147,1013,1011,681,195,70,19,4647,236,871,1568,1261,1106,598,162,47,21,5864,98,173,305,206,217,134,31,3,0,1169,40,100,247,301,322,263,77,23,4,1372
LGA11520,154,219,636,441,364,297,279,174,110,2687,248,1479,6790,5319,4080,3174,2127,904,364,24472,0,34,1289,1336,789,617,395,136,20,4608,3,7,146,165,147,117,120,38,9,749,0,617,2705,2304,1517,1100,785,305,67,9400,17,275,576,763,705,521,353,156,23,3382,40,268,809,743,855,896,612,384,108,4715,12,21,36,32,29,35,22,19,0,209,9,31,61,92,117,139,111,49,15,621,63,317,904,872,1006,1072,740,447,126,5550,0,21,42,52,50,41,45,24,8,281,78,222,476,337,243,215,230,177,123,2094,158,1486,6142,5826,4456,3687,2664,1283,381,26079,0,55,884,705,423,279,71,14,8,2439,0,13,188,240,186,128,39,8,0,813,8,631,2721,2016,1151,650,232,79,31,7514,23,264,728,915,740,487,223,117,31,3526,39,187,428,452,352,216,84,51,19,1837,4,32,77,75,79,35,23,6,4,340,3,30,85,167,173,155,71,31,20,738
LGA11570,826,960,2255,1798,1707,1433,1198,882,510,11562,1318,5385,18464,15815,12911,9511,5688,3048,1258,73395,0,115,3128,2792,1535,1021,495,137,28,9252,9,24,344,343,293,246,150,59,9,1470,11,2095,7334,5396,3323,2503,1339,473,142,22614,52,926,2474,3010,2289,1747,885,324,97,11795,278,1418,3660,3714,4011,3579,2213,1411,492,20781,76,115,173,178,191,157,83,18,11,995,34,157,310,394,416,434,295,133,44,2219,383,1689,4143,4282,4624,4166,2588,1563,553,23992,22,67,261,247,187,162,123,52,25,1152,826,1205,2919,2521,1854,1621,1286,990,625,13836,1298,6120,20613,18583,14104,11466,6855,3595,1474,84113,0,152,1653,994,602,248,61,14,0,3739,5,52,323,307,255,187,53,19,3,1203,21,1730,5711,3851,2283,1198,395,154,44,15378,130,1217,2895,2908,2004,1071,385,211,65,10878,307,1074,2230,1888,1535,768,299,199,71,8360,102,167,463,445,381,169,43,12,4,1790,42,154,401,662,629,398,142,86,41,2555
LGA11600,15,14,23,26,26,28,16,13,12,169,22,43,119,89,116,91,45,24,11,556,0,0,4,5,0,0,0,0,0,8,0,0,0,0,0,0,0,0,0,6,0,5,36,20,14,3,3,0,0,85,0,3,15,13,10,8,5,0,0,63,3,19,63,37,44,45,22,8,6,239,0,0,5,0,7,5,0,0,0,13,0,0,9,5,3,0,5,0,0,23,3,21,75,47,50,52,25,8,6,277,0,0,7,0,0,0,0,0,0,7,9,9,49,21,36,31,27,14,0,197,12,45,176,101,115,93,64,15,5,635,0,0,0,0,0,0,0,0,0,4,0,0,3,0,5,0,0,0,0,14,0,7,28,26,17,8,3,0,0,93,0,5,13,17,21,12,0,0,0,69,6,12,30,21,27,10,3,0,0,105,0,5,0,5,8,0,0,0,0,22,0,5,0,8,5,4,0,0,0,20
LGA11650,826,642,1270,1339,1619,1654,1762,1542,947,11593,1421,3846,11811,13500,14299,13382,10771,6041,2426,77496,0,21,687,1056,904,910,753,320,57,4720,0,14,150,257,298,335,395,121,22,1600,7,578,2838,3156,2660,1977,1977,901,212,14300,30,337,1301,2121,2439,2048,1517,759,186,10744,432,2142,6215,6350,6756,6966,5283,3210,831,38179,136,183,254,216,189,172,152,93,9,1402,27,97,218,332,469,524,583,323,77,2649,595,2421,6690,6890,7409,7666,6015,3629,912,42232,20,30,76,133,129,147,158,142,33,868,585,524,1239,1293,1380,1314,1436,1328,891,9973,1237,3932,12985,14909,15222,14397,12248,7192,2322,84440,0,21,328,550,499,416,152,51,0,2029,0,15,265,389,507,398,152,55,3,1787,9,674,3217,3182,2508,1784,822,396,85,12673,65,675,1828,2875,2525,1977,1134,523,118,11701,459,1738,3558,3357,3158,1656,655,338,127,15040,229,295,481,537,479,358,101,46,16,2550,79,205,415,697,796,743,422,153,62,3582
LGA11700,15,13,51,30,40,31,28,15,0,223,19,21,77,75,75,76,57,17,0,405,0,0,4,4,3,4,0,0,0,10,0,0,0,0,5,0,0,0,0,3,0,3,0,4,4,3,4,3,0,28,0,3,3,4,8,8,0,0,0,28,0,3,16,17,18,17,19,9,0,101,0,4,7,0,0,0,0,0,0,11,0,0,0,0,0,0,0,0,0,4,3,10,22,18,19,20,20,9,0,113,0,0,0,0,0,0,0,0,0,0,13,19,23,12,21,37,35,9,0,161,13,29,50,41,52,71,64,23,0,353,0,0,0,3,0,0,0,0,0,8,0,0,5,0,0,0,0,0,0,6,0,5,21,18,7,9,4,0,0,60,0,0,3,6,13,0,3,0,0,32,4,6,16,13,11,10,4,0,0,63,5,8,3,0,0,3,0,0,0,23,3,0,0,0,6,5,0,0,0,11
LGA11720,198,276,586,501,407,374,375,213,80,3021,276,883,2377,2322,2232,2169,1581,623,174,12643,0,3,54,56,40,75,67,27,0,322,0,0,12,17,23,34,31,8,0,128,0,51,262,235,207,191,222,68,13,1249,0,27,215,274,279,254,183,57,9,1295,70,488,1787,1533,1478,1328,986,396,59,8135,23,56,85,54,19,32,20,0,0,293,10,22,36,54,52,60,79,27,3,349,106,569,1908,1644,1555,1423,1079,427,69,8774,6,4,11,17,18,16,17,10,3,101,129,255,721,625,495,370,341,201,74,3222,239,904,3183,2873,2612,2362,1950,787,170,15086,0,0,26,26,36,28,8,0,0,130,0,0,27,37,52,41,10,5,0,167,0,67,361,281,238,250,94,30,10,1330,11,96,235,271,297,240,103,28,4,1277,70,359,696,631,487,249,57,28,14,2586,43,74,120,82,80,42,10,5,0,451,12,15,81,107,96,84,51,15,8,468
LGA11730,222,149,293,324,378,445,465,324,126,2723,304,545,1367,1696,2036,2565,2136,1038,321,12010,0,0,27,65,68,92,100,42,4,392,0,0,13,25,31,70,69,16,0,230,0,22,193,248,255,268,310,106,25,1432,0,13,92,188,242,299,281,134,22,1273,51,298,862,825,991,1297,1196,529,140,6186,23,35,43,49,32,42,45,8,6,282,9,10,41,54,57,86,104,44,18,421,76,342,945,925,1081,1429,1341,575,155,6881,3,3,12,9,14,20,27,20,4,113,146,226,599,514,441,442,422,276,112,3182,229,611,1881,1984,2135,2615,2550,1165,336,13503,0,0,17,39,36,50,29,3,0,181,0,0,19,58,68,79,26,0,0,256,0,56,277,332,367,357,127,65,18,1598,3,43,154,251,338,332,192,64,12,1405,65,222,463,539,615,376,100,39,5,2416,35,61,79,89,102,69,19,5,0,470,13,39,57,95,135,142,75,22,10,580
LGA11750,26,22,49,52,49,52,36,20,4,301,32,83,238,225,184,183,74,33,13,1066,0,0,8,3,0,0,0,0,0,17,0,0,0,0,3,3,0,0,0,7,0,4,35,17,15,15,3,0,0,90,0,0,8,13,8,15,5,0,0,50,3,25,108,92,83,86,58,13,6,472,3,0,0,4,0,0,0,0,0,5,0,0,0,0,0,0,4,0,0,16,9,23,117,96,84,86,56,15,6,495,0,0,0,0,0,0,3,0,0,8,29,18,54,49,37,49,48,23,3,295,31,51,218,178,150,174,122,33,12,967,0,0,3,5,3,0,0,0,0,14,0,0,0,7,8,0,0,0,0,15,0,23,55,32,18,6,9,0,0,137,0,4,22,21,23,10,4,5,0,87,3,26,61,38,42,16,3,0,0,198,3,5,6,5,9,0,4,0,0,38,0,5,3,3,3,7,0,0,0,22
LGA11800,185,169,365,338,389,530,460,386,221,3044,334,874,2456,2687,3098,3547,2649,1316,502,17460,0,6,126,180,204,144,186,54,15,918,0,0,45,60,78,94,123,37,4,440,0,84,586,669,663,506,562,191,46,3304,4,45,258,385,497,474,401,187,44,2291,78,434,1312,1360,1415,1617,1370,676,172,8436,36,41,79,52,40,49,36,14,8,348,8,18,56,74,78,113,132,79,20,576,123,500,1448,1481,1532,1775,1538,761,203,9362,9,6,23,23,15,26,26,38,9,175,175,153,393,365,370,338,349,312,198,2655,314,792,2881,3164,3360,3358,3191,1585,519,19145,0,6,53,104,105,103,44,13,0,422,0,3,51,103,106,117,32,5,0,434,0,156,707,772,698,548,219,79,14,3202,18,105,362,588,647,540,263,88,25,2634,89,345,682,733,836,451,129,56,23,3354,48,82,109,109,146,86,27,11,5,623,23,46,90,121,175,189,71,23,15,759
LGA12000,16,7,23,35,34,39,46,31,14,246,29,61,116,154,176,169,133,71,15,926,0,0,6,6,8,10,5,0,0,33,0,0,0,4,4,7,5,0,0,17,0,3,19,18,16,10,16,4,0,89,0,0,6,24,25,12,22,3,0,91,8,31,99,79,68,97,63,23,3,480,0,5,4,4,0,0,4,0,0,18,0,0,0,5,10,0,7,7,0,19,12,37,104,87,74,100,70,33,3,520,0,0,0,0,0,0,3,0,0,10,13,0,15,17,15,27,42,24,17,170,21,45,151,158,149,162,164,60,26,932,0,0,0,7,7,0,0,0,0,20,0,0,6,3,7,8,3,0,0,22,0,10,40,46,35,23,6,3,3,164,0,7,11,21,28,26,11,8,0,113,6,16,27,41,26,19,4,4,0,142,3,0,7,7,8,3,3,0,0,31,0,8,5,9,9,8,3,0,0,31
LGA12150,25,13,43,37,60,50,68,25,11,327,32,40,141,105,150,117,102,41,14,750,0,0,0,3,0,0,0,0,0,12,0,0,0,4,0,0,0,0,0,0,0,5,22,13,8,3,6,4,0,69,0,3,11,11,12,12,8,0,0,56,5,11,55,48,37,53,28,17,0,255,0,0,0,6,0,3,0,0,0,6,0,0,3,0,10,4,0,0,0,22,4,12,57,53,47,61,32,13,0,286,0,0,0,0,0,4,0,0,0,8,31,12,26,37,27,38,31,31,3,237,34,31,126,124,101,118,81,48,9,667,0,0,0,7,4,0,0,0,0,14,0,0,0,6,6,0,0,0,0,22,0,12,42,22,24,15,7,0,0,119,0,8,9,30,29,21,3,3,0,102,4,13,35,25,34,10,7,3,0,127,0,4,4,11,11,3,0,0,0,31,0,0,5,9,8,3,5,0,0,24
LGA12160,37,23,37,68,84,102,114,80,31,563,53,117,281,367,440,458,371,227,70,2378,0,0,9,11,3,15,12,8,0,66,0,0,0,0,7,11,13,0,0,37,0,7,33,54,35,37,53,23,8,260,0,6,24,35,54,59,63,33,5,271,19,70,186,162,206,212,210,89,23,1171,0,6,11,3,8,13,6,4,0,57,3,5,11,12,11,19,18,7,3,85,15,81,198,175,229,239,237,99,23,1312,0,0,0,0,4,3,3,7,0,17,38,25,55,65,70,85,85,66,29,506,54,121,323,347,405,450,467,237,67,2476,0,0,3,8,10,3,0,0,0,37,0,0,11,11,10,16,6,0,0,50,0,6,71,102,73,71,33,5,3,370,0,11,30,59,79,64,41,8,0,292,17,56,118,94,118,75,17,5,4,499,11,14,13,22,30,16,9,0,0,98,3,10,14,24,20,19,19,6,0,111
LGA12350,51,42,60,60,83,84,96,93,30,607,79,149,331,373,483,506,422,223,70,2637,0,0,11,9,12,8,19,5,0,69,0,0,0,0,8,8,5,9,0,34,0,12,47,51,54,45,57,25,3,302,0,3,34,33,47,53,53,20,8,257,17,90,204,195,227,284,254,102,21,1384,10,3,14,13,8,13,6,0,0,69,0,4,4,7,13,16,15,15,4,72,23,98,218,215,249,318,271,113,23,1525,0,0,6,5,3,3,0,6,0,33,45,51,70,65,89,93,109,61,21,609,75,172,386,384,468,524,520,240,60,2819,0,0,4,12,10,11,0,0,0,29,0,0,6,11,12,18,6,0,0,61,0,18,63,91,68,70,38,21,3,372,0,4,45,72,81,89,51,18,4,361,24,44,114,111,106,78,20,5,3,512,3,10,18,27,16,16,9,0,0,99,0,3,10,29,33,24,13,7,3,116
LGA12380,500,712,1787,1222,929,849,648,431,213,7285,799,3911,14303,10624,6943,5382,3119,1474,507,47070,0,165,3119,2729,1012,668,292,75,18,8078,0,22,217,297,173,113,88,20,9,940,5,1526,5577,4318,1920,1436,795,305,78,15953,33,1184,1994,1876,1223,887,467,197,53,7914,149,845,2238,2043,1965,1743,1198,621,180,10986,38,69,130,107,98,64,43,12,5,553,15,82,187,250,230,217,155,72,23,1238,199,995,2554,2392,2294,2031,1401,711,207,12783,5,50,228,232,115,81,70,35,12,839,511,1066,2649,1970,1299,980,730,512,274,9988,763,5003,16336,13813,8042,6192,3831,1852,643,56494,3,124,1626,649,302,157,32,9,6,2910,3,21,234,173,128,82,21,0,0,669,21,1126,4355,2326,1318,672,264,92,20,10197,77,796,1956,1564,1078,611,231,110,36,6454,163,732,1440,1057,827,448,135,58,26,4881,63,139,304,238,199,87,15,10,0,1067,16,106,255,327,311,198,68,29,12,1320
LGA12390,189,262,558,414,364,351,321,205,104,2769,286,843,2407,2063,2006,1816,1212,562,204,11399,0,3,267,194,89,71,47,15,4,693,0,0,33,51,46,39,32,3,0,216,0,73,553,427,302,216,179,59,13,1819,0,19,207,248,243,250,129,61,23,1191,52,348,1223,990,907,943,617,286,83,5455,13,28,56,30,29,21,6,9,5,192,6,17,47,42,45,44,64,38,9,301,70,389,1319,1061,984,1010,685,334,96,5951,0,6,23,15,18,14,12,11,4,103,192,248,724,558,434,355,291,220,92,3107,264,747,3123,2554,2117,1956,1378,706,234,13077,0,4,60,61,68,48,11,9,0,254,0,6,41,77,84,70,19,6,0,292,0,145,701,513,383,265,108,39,13,2164,0,77,218,297,330,247,134,46,13,1361,73,318,580,562,499,238,76,13,6,2364,33,77,131,87,80,47,15,0,0,470,7,35,54,107,113,84,43,14,10,466
LGA12700,30,23,37,45,63,77,57,45,26,404,45,91,286,337,456,452,326,166,42,2203,0,0,4,13,10,33,29,3,0,105,0,0,4,0,6,8,17,0,0,34,0,3,36,49,63,74,68,26,0,319,0,4,23,49,60,56,50,19,11,263,11,69,209,231,250,257,163,80,15,1292,0,4,4,4,4,3,4,7,0,30,0,0,7,7,8,14,13,5,0,59,15,78,222,244,263,275,184,94,15,1383,0,0,0,0,0,4,6,3,0,9,28,8,27,34,32,43,42,38,0,250,45,92,315,394,438,496,389,179,28,2363,0,0,0,6,9,18,12,0,0,53,0,0,9,8,13,21,5,0,0,52,0,12,58,73,83,78,29,12,0,346,0,12,38,77,74,66,29,6,0,311,12,47,85,85,117,45,12,4,0,404,4,5,11,10,13,5,3,0,0,57,0,4,10,22,26,23,10,0,0,94
LGA12730,46,36,49,50,76,103,98,63,28,539,56,140,284,313,316,405,256,134,56,1958,0,0,14,13,9,13,4,4,0,53,0,0,3,4,4,3,6,0,0,24,0,9,50,39,36,28,29,7,3,210,0,0,22,29,48,38,41,16,4,202,4,62,144,133,137,179,130,55,20,872,6,11,4,4,3,3,0,0,0,27,0,3,13,7,9,11,7,4,5,43,7,78,160,138,149,190,142,62,19,946,0,0,0,0,0,0,5,0,0,8,34,23,58,49,61,64,73,45,11,424,40,107,307,294,306,342,296,134,42,1867,0,0,5,9,12,5,0,0,0,30,0,3,10,14,17,4,4,0,0,57,0,12,83,82,52,46,21,12,4,320,0,11,35,51,65,49,29,12,4,251,8,36,89,108,117,56,11,5,0,435,13,8,16,10,13,0,0,0,0,59,4,0,6,16,24,13,7,0,0,77
LGA12750,112,71,152,186,245,311,385,311,124,1895,165,302,879,1135,1566,2152,2205,1102,333,9838,0,5,34,56,67,124,159,82,16,543,0,0,9,22,34,59,102,32,3,267,0,18,141,173,215,314,458,199,53,1566,0,6,75,153,184,275,349,142,35,1227,30,173,602,605,778,1042,1054,459,115,4869,11,17,33,29,20,31,23,13,0,177,5,3,21,32,37,75,98,56,9,334,39,201,657,662,830,1150,1185,529,129,5385,3,0,7,3,14,21,37,12,0,93,113,93,146,160,269,337,372,241,114,1844,158,316,1076,1239,1609,2284,2655,1243,353,10929,0,0,9,59,46,78,34,8,0,234,0,0,24,35,74,108,44,6,3,299,0,31,173,259,304,350,177,89,27,1402,0,15,120,219,292,348,229,83,27,1338,23,122,286,339,417,299,109,44,23,1666,21,29,52,56,62,46,14,7,4,288,6,19,17,53,70,116,78,27,9,390
LGA12850,464,473,896,799,942,889,697,506,243,5908,784,3171,7437,5941,5904,4912,3104,1478,459,33187,0,40,564,360,231,192,144,35,10,1585,0,9,83,73,72,68,50,17,3,371,14,929,2907,1505,1188,878,686,258,40,8406,17,381,1155,1152,1104,840,453,179,39,5321,157,767,1932,1749,1945,2023,1405,690,180,10849,46,89,124,100,100,93,47,12,3,619,19,56,145,179,213,219,174,53,19,1074,226,913,2207,2031,2255,2335,1619,755,201,12540,9,25,98,73,89,89,71,41,8,516,488,510,1103,1026,1043,1068,815,561,357,6962,761,2813,8112,6210,5985,5474,3845,1840,664,35703,0,81,330,148,92,92,19,6,0,773,0,33,90,84,64,44,5,4,3,323,14,1007,2394,1263,806,582,149,35,21,6267,104,760,1434,1250,920,506,166,58,13,5211,151,707,1372,1126,992,508,161,62,21,5098,69,118,296,282,227,106,19,10,0,1133,20,113,252,366,337,161,64,17,3,1330
LGA12870,56,30,47,63,94,92,147,107,61,699,85,147,346,393,450,519,522,271,103,2834,0,0,13,9,9,11,16,4,0,57,0,0,0,3,7,17,12,4,0,41,0,16,45,53,32,48,44,22,5,267,4,8,30,37,53,63,51,33,3,276,12,77,242,230,283,295,297,137,35,1618,4,4,9,3,3,5,7,3,0,36,3,7,7,6,11,11,19,4,3,72,23,90,250,239,305,313,321,150,32,1729,0,3,0,6,0,0,4,0,0,14,24,35,61,39,75,94,136,82,43,594,48,142,395,385,484,552,585,300,93,2985,0,0,8,12,12,10,0,0,0,43,0,0,11,16,13,11,3,0,0,59,0,15,89,93,72,62,26,9,3,377,0,9,60,67,56,60,49,20,3,325,12,49,121,119,93,90,29,8,3,526,4,9,18,15,24,23,4,0,0,100,0,9,8,23,18,12,18,3,0,92
LGA12900,41,40,46,49,82,86,98,71,16,536,69,145,307,328,343,355,277,150,32,2008,0,0,13,10,15,4,7,0,0,46,0,0,3,3,3,7,7,0,0,22,0,14,61,55,37,37,18,7,0,227,0,0,14,34,26,46,36,12,0,175,11,80,195,162,167,160,130,65,19,983,3,0,7,5,10,4,3,5,0,40,0,4,10,13,7,15,12,5,0,60,15,85,211,180,190,176,138,74,19,1085,0,0,5,0,0,5,4,3,0,20,19,36,45,56,54,66,70,68,27,433,35,134,352,330,316,336,288,163,47,2013,0,0,8,11,6,10,0,0,0,37,0,0,8,11,12,14,5,0,0,48,0,20,104,75,60,43,20,13,0,342,0,14,34,61,60,45,30,23,3,268,13,66,100,103,94,52,15,3,0,447,6,4,15,12,25,17,4,0,0,81,3,5,7,19,16,17,14,5,0,88
LGA12930,253,323,722,504,525,464,418,355,200,3766,424,2685,9404,7112,6547,5115,3322,1763,704,37079,0,81,1943,1651,1075,769,404,145,33,6096,0,12,166,204,164,171,138,40,5,902,4,1236,4000,2959,2051,1861,1101,443,149,13803,22,720,1073,1248,1082,975,556,239,78,5985,95,551,1378,1299,1577,1580,1108,707,282,8572,16,39,69,62,64,68,45,21,6,395,20,50,116,131,184,229,174,95,42,1042,132,640,1562,1491,1828,1876,1327,826,326,10005,4,41,106,88,75,86,76,37,18,530,156,383,871,603,486,459,391,386,274,4014,320,3117,9711,8238,6764,6194,4000,2113,881,41344,0,128,1593,873,475,244,51,25,5,3388,0,25,198,232,213,176,52,13,3,906,8,1112,3706,2521,1793,948,340,149,43,10618,42,516,1153,1590,1348,842,393,186,44,6113,96,414,782,785,704,415,180,116,59,3557,25,70,119,141,161,98,26,12,3,669,12,58,106,262,337,221,120,80,46,1230
LGA12950,15,11,23,28,38,43,39,40,11,250,28,53,125,131,152,146,107,72,25,829,0,0,4,0,0,0,7,0,0,10,0,0,0,0,6,0,0,0,0,10,0,3,18,11,18,14,11,0,0,71,0,0,7,10,18,11,7,0,0,56,9,20,79,64,78,83,55,28,9,422,3,0,4,0,6,0,0,0,0,16,0,3,3,0,0,6,9,3,0,26,15,27,83,64,84,90,69,29,9,471,0,0,0,0,0,6,3,0,0,13,14,12,38,28,32,41,40,30,12,247,26,41,148,114,157,159,140,66,19,871,0,0,0,5,4,0,0,0,0,14,0,0,7,3,5,5,3,0,0,20,0,9,42,39,34,21,11,0,0,164,0,0,7,24,27,24,19,5,0,113,5,17,27,47,46,25,4,10,6,176,3,0,9,10,0,3,0,5,0,31,0,4,5,6,11,8,5,0,0,38
LGA13010,37,25,108,108,85,93,103,65,30,649,63,92,297,307,325,394,336,158,47,2014,0,0,8,9,6,3,11,0,0,45,0,0,4,0,10,3,14,3,3,35,0,5,32,33,46,43,49,20,0,220,0,3,15,26,45,39,41,17,3,178,12,40,122,128,129,194,162,81,15,885,3,11,12,10,0,12,5,5,0,52,0,0,3,8,8,15,13,9,0,58,17,52,140,146,141,221,175,96,15,990,0,0,0,0,3,9,4,5,0,16,49,34,94,76,85,99,98,57,26,613,62,92,286,283,333,410,391,201,51,2102,0,0,5,5,8,12,10,0,0,34,0,0,3,16,9,10,3,0,0,46,0,15,63,59,70,71,22,15,3,316,3,9,32,44,72,62,32,13,5,263,16,29,82,82,108,64,18,4,0,403,0,10,13,11,10,6,9,0,0,62,0,4,4,20,14,18,9,3,0,76
LGA13310,101,148,337,316,272,206,238,156,68,1841,168,491,1276,1282,1331,1220,1007,476,155,7407,0,0,57,67,49,69,67,36,4,337,0,0,18,32,33,33,29,9,0,152,0,54,201,170,161,142,141,62,16,955,0,31,160,171,162,182,143,52,11,906,44,236,708,603,642,638,477,239,55,3639,11,19,20,26,14,8,13,3,0,117,3,8,20,35,42,51,42,23,8,226,62,262,745,660,694,698,526,264,62,3986,5,3,8,3,12,16,15,6,9,75,105,111,311,249,247,214,175,124,69,1600,171,461,1501,1351,1361,1351,1093,560,170,8014,0,0,22,35,48,47,11,3,0,164,0,3,15,24,48,46,15,3,0,164,0,40,196,221,199,151,87,31,15,944,4,43,144,202,198,204,106,35,14,946,45,164,313,314,237,159,56,14,0,1299,17,27,52,63,46,24,12,0,0,238,5,27,31,65,88,62,20,3,4,315
LGA13340,36,30,33,40,53,85,83,60,25,441,55,121,293,354,437,487,350,140,44,2276,0,0,9,21,17,18,14,0,0,78,0,0,3,8,5,10,5,3,0,33,0,10,40,73,54,58,43,10,0,299,0,4,30,48,51,58,46,15,0,263,16,68,201,212,217,248,184,66,12,1229,7,7,6,13,9,7,5,0,0,46,0,0,0,6,7,8,17,3,0,54,16,74,207,237,238,268,211,72,12,1334,3,0,0,6,0,3,3,0,0,17,42,27,35,57,74,91,102,61,15,505,56,126,320,438,441,508,422,171,32,2509,0,0,6,12,6,10,0,0,0,45,0,0,5,11,22,13,0,0,0,58,0,12,85,84,85,71,29,4,3,372,0,3,41,70,85,79,41,17,4,349,8,34,91,116,124,66,16,6,0,456,6,4,18,26,19,14,0,0,0,93,4,4,4,15,16,24,11,3,0,83
LGA13450,106,101,219,164,192,221,162,144,77,1377,160,396,1159,1000,975,841,468,265,111,5377,0,3,84,60,34,30,12,3,0,234,0,0,10,6,16,18,15,4,0,68,0,39,292,200,163,110,58,22,5,887,4,21,150,150,108,82,42,21,7,582,49,209,548,510,466,464,246,107,20,2608,8,13,15,14,11,9,4,0,0,73,0,10,26,23,34,23,18,3,0,137,51,228,593,544,507,490,270,113,21,2819,0,9,16,15,3,3,13,3,0,61,83,67,221,168,177,155,133,105,70,1189,142,369,1362,1146,1004,888,535,270,110,5836,0,4,24,32,19,7,4,0,0,95,0,0,19,33,26,19,0,0,0,105,0,58,293,228,137,89,30,15,10,855,9,57,143,150,130,87,36,11,3,621,47,131,255,209,189,79,19,8,0,942,17,26,55,46,36,17,0,3,0,215,10,15,21,54,51,40,15,0,5,209
LGA13550,53,45,73,79,101,87,84,58,22,601,79,178,494,473,455,433,274,156,42,2581,0,0,24,8,18,15,7,5,3,76,0,0,3,11,6,0,3,0,0,29,0,16,75,92,42,43,36,11,3,313,0,4,20,44,48,45,37,11,6,208,14,85,321,266,212,229,164,73,11,1377,4,8,16,6,11,7,3,0,0,62,4,4,5,5,11,20,15,13,0,74,22,100,343,280,238,252,182,81,14,1508,0,0,3,3,5,9,7,0,0,23,38,43,98,81,64,81,97,53,30,593,60,165,571,518,415,436,362,161,66,2757,0,0,11,10,8,3,4,0,0,33,0,3,11,15,7,13,4,0,0,58,0,20,104,102,77,51,29,10,8,399,0,17,59,67,81,59,20,15,10,324,14,47,128,128,121,76,27,4,3,557,6,19,21,24,19,22,8,0,0,121,0,10,17,22,23,25,3,0,0,105
LGA13660,26,10,31,33,45,66,63,43,13,329,37,57,138,146,193,181,168,87,29,1028,0,0,3,0,3,9,10,5,0,24,0,0,0,0,0,0,0,0,0,9,0,5,17,25,23,15,8,3,0,102,0,3,5,14,20,19,12,5,0,81,5,21,71,75,80,87,58,45,7,442,0,4,5,0,4,6,0,4,0,25,0,3,0,0,10,5,8,3,0,36,4,31,69,77,91,103,64,47,9,504,0,0,0,5,0,0,0,0,0,10,11,14,25,34,31,49,41,41,12,252,13,52,124,162,173,193,145,101,24,976,0,0,3,0,10,6,4,4,0,21,0,0,5,10,9,4,3,0,0,23,0,10,36,43,31,25,12,0,0,160,0,5,16,43,37,27,17,6,0,152,9,21,59,50,56,27,9,4,0,236,3,4,11,10,3,5,8,0,0,42,0,0,3,10,5,8,3,0,0,40
LGA13800,181,146,287,276,365,305,287,169,66,2081,355,1173,2787,2810,3201,2624,1664,725,188,15531,0,4,204,137,130,141,104,41,9,770,0,0,26,35,59,57,61,20,0,259,0,144,459,382,375,334,260,100,18,2069,19,85,309,370,443,416,255,107,16,2021,123,685,1827,1551,1746,1563,914,419,103,8928,23,19,35,29,33,32,24,8,4,203,9,17,55,52,78,100,89,30,11,438,148,723,1917,1634,1854,1692,1029,459,111,9574,7,13,17,18,13,24,26,23,0,134,120,125,277,259,266,253,211,179,85,1779,288,1102,3213,2839,3133,2913,1948,920,246,16603,0,18,77,111,127,93,35,5,0,472,0,4,61,76,103,96,23,8,3,383,0,193,673,652,550,357,135,37,15,2625,23,189,423,623,549,378,158,50,19,2421,116,466,755,649,558,270,96,30,14,2946,54,75,125,103,93,52,9,4,0,522,21,56,105,161,155,103,51,22,4,680
LGA13850,9,10,22,17,39,34,31,34,8,199,8,48,92,77,124,101,76,53,7,596,0,0,0,0,3,0,5,0,0,5,0,0,0,0,0,0,0,0,0,3,0,6,16,10,17,9,9,3,0,62,0,0,11,4,14,20,8,3,0,58,0,22,57,36,43,60,32,16,7,276,0,4,4,0,0,0,0,0,0,8,0,0,0,0,0,3,0,3,0,9,0,28,62,35,46,63,35,22,7,294,0,0,0,0,0,0,0,0,0,0,8,14,25,22,22,41,30,16,10,190,7,45,115,73,99,135,75,47,18,622,0,0,0,0,0,0,0,0,0,3,0,0,0,6,3,4,0,0,0,14,0,6,23,24,19,14,6,3,0,88,0,3,6,19,20,12,8,5,0,67,4,9,20,21,36,13,0,4,0,106,4,4,7,3,4,9,0,0,0,27,0,0,3,0,8,0,0,0,0,22
LGA13910,78,34,78,89,116,153,165,112,39,860,110,219,507,644,661,696,643,280,75,3833,0,0,20,37,24,22,20,10,0,138,0,0,6,0,11,9,10,4,0,36,0,17,106,87,86,68,70,17,8,459,0,4,36,74,86,78,70,41,6,398,19,146,332,293,340,380,274,134,20,1944,0,8,20,18,4,13,8,0,0,81,0,9,14,14,20,26,26,11,0,125,25,162,363,320,368,422,307,146,22,2140,0,0,3,6,0,5,9,0,4,34,48,25,100,82,124,163,137,114,35,821,75,208,638,605,703,767,630,338,73,4031,0,0,7,17,13,10,0,0,0,57,0,0,9,22,23,26,3,4,0,85,0,27,137,166,130,102,53,19,6,641,0,21,81,127,96,125,55,29,10,552,15,82,180,181,178,110,27,0,4,782,12,15,27,31,31,20,3,0,0,140,4,10,15,29,38,29,13,3,0,141
LGA14000,180,160,364,434,407,371,343,379,342,2986,358,1820,5827,8464,8451,6634,4374,2339,1007,39274,0,30,899,2771,2179,1436,985,402,99,8804,0,10,126,318,377,324,243,83,18,1497,8,851,2620,3698,3252,2476,1648,811,241,15601,15,272,602,1015,1229,1043,737,398,157,5469,98,530,1125,1123,1488,1574,1011,742,267,7967,33,45,48,45,49,48,44,43,11,377,16,44,65,101,185,221,212,142,34,1018,145,617,1232,1272,1726,1848,1270,937,307,9351,4,20,48,80,104,88,69,51,30,497,128,144,270,396,367,307,322,357,318,2596,296,1935,5804,9543,9224,7517,5270,3039,1175,43815,0,45,903,1221,972,509,164,44,12,3871,0,16,264,424,468,368,161,31,8,1739,3,911,2941,3592,2913,1657,678,293,81,13073,32,374,865,1583,1734,1294,717,323,139,7054,88,397,624,814,804,474,213,96,64,3559,34,53,87,135,151,121,54,23,3,659,21,44,106,288,355,326,204,97,41,1480
LGA14100,28,28,54,51,64,61,50,68,77,470,31,141,459,685,786,634,533,271,183,3716,0,6,51,137,198,163,127,64,22,770,0,0,13,16,48,24,18,10,0,124,0,94,217,276,320,280,233,121,37,1578,3,17,47,61,96,74,57,44,11,407,4,24,51,57,101,94,74,48,28,485,3,0,0,7,8,6,5,0,0,26,0,5,3,3,13,19,28,10,3,81,5,31,52,68,113,115,103,63,32,597,0,0,0,13,13,6,10,4,5,48,22,16,38,40,57,30,33,63,70,377,36,165,426,617,841,686,575,366,181,3896,0,3,68,124,114,105,35,14,5,458,0,0,13,36,48,45,18,3,0,168,4,76,277,368,282,178,101,56,28,1366,0,22,45,139,155,143,80,52,54,695,8,11,30,48,60,33,20,16,7,232,0,0,6,10,13,3,4,10,3,52,0,3,8,12,21,26,13,11,18,111
LGA14170,286,530,1737,1390,1118,830,621,451,209,7171,433,3132,14668,12735,9515,6304,3586,1449,488,52310,0,59,2275,2853,2088,1380,814,273,45,9782,0,16,450,499,510,330,210,44,6,2070,6,1359,7253,5301,3718,2293,1407,449,90,21873,15,453,1387,1578,1420,940,508,168,46,6517,84,434,1755,1557,1544,1332,772,428,141,8047,24,46,80,89,95,70,39,17,0,461,11,34,117,166,234,213,168,71,28,1050,133,513,1951,1809,1875,1619,976,510,171,9557,8,30,102,106,94,66,57,26,8,500,139,337,1033,842,656,635,511,421,241,4816,295,2769,14457,12987,10361,7257,4479,1895,610,55112,0,127,2149,2279,1570,1020,260,43,8,7449,0,43,663,825,643,452,100,5,4,2735,10,1636,7520,5508,2771,1538,473,147,36,19650,30,565,1854,2052,1437,856,363,116,37,7315,81,471,1132,948,624,411,137,80,16,3893,27,79,191,190,121,60,21,9,6,694,15,62,206,279,255,197,74,35,16,1146
LGA14220,95,49,104,95,122,145,166,120,25,935,141,226,549,545,610,630,547,281,62,3597,0,0,8,10,12,9,15,9,0,60,0,0,4,4,14,11,8,0,0,44,0,9,73,75,74,50,67,25,3,383,0,3,35,64,90,64,60,24,4,348,16,134,325,302,283,339,247,132,26,1804,3,12,20,10,8,12,4,4,0,81,0,3,7,7,21,21,24,8,0,87,21,147,355,318,308,371,279,140,30,1970,0,0,0,4,6,5,7,8,0,30,80,50,111,125,140,120,149,108,36,922,101,211,596,597,646,628,588,318,71,3756,0,0,10,8,11,15,0,0,0,43,0,0,13,33,16,30,4,4,0,104,0,20,139,142,98,90,43,18,5,563,0,18,51,103,109,81,54,18,4,434,23,56,165,198,196,99,37,10,5,785,9,18,22,30,26,18,7,3,0,134,5,8,14,26,42,30,19,8,4,154
LGA14300,27,126,294,306,164,128,60,30,11,1151,42,180,462,468,329,299,171,63,18,2032,0,0,4,0,3,4,3,0,0,20,0,0,6,0,4,4,3,0,0,19,0,3,23,31,30,19,13,10,0,126,0,8,16,22,23,22,18,13,3,124,5,43,108,116,123,109,91,27,8,632,0,5,5,0,9,3,6,0,0,36,0,0,5,7,5,6,5,0,0,36,10,52,122,126,129,124,99,29,8,701,0,0,4,0,0,0,0,0,0,3,22,105,277,252,179,102,65,43,5,1048,33,164,448,438,366,280,210,92,19,2051,0,0,3,5,3,7,0,0,0,28,0,0,3,4,9,5,0,0,0,19,0,3,38,44,35,26,11,0,0,165,0,7,21,25,28,30,11,5,0,124,7,31,67,54,68,32,8,0,0,273,3,8,11,10,13,3,0,0,0,40,0,5,7,11,12,13,3,0,0,50
LGA14350,146,150,356,258,284,303,273,214,101,2076,206,356,945,932,1152,1469,1165,582,183,6986,0,0,14,25,25,30,35,7,0,136,0,0,4,12,15,24,32,9,0,100,0,15,98,106,120,129,151,46,16,684,0,9,37,75,117,151,163,47,11,609,37,157,462,470,546,786,742,326,67,3609,7,17,29,17,30,23,10,4,0,139,4,6,16,28,31,36,42,18,4,191,49,185,512,518,609,853,796,344,77,3940,5,3,6,0,3,14,17,10,4,62,125,186,439,370,240,257,210,149,70,2053,180,391,1119,1108,1128,1458,1416,615,176,7584,0,0,10,14,29,33,3,5,0,88,0,0,10,42,39,29,8,0,0,133,0,39,120,168,188,179,70,32,8,799,4,25,106,144,208,199,88,32,7,816,23,105,277,290,344,194,63,20,7,1317,33,32,54,49,46,37,10,6,0,268,10,11,29,53,67,79,40,13,4,298
LGA14400,57,37,65,77,102,121,104,77,58,693,82,295,734,925,1106,1330,1009,485,164,6124,0,0,50,103,95,129,137,67,11,596,0,0,20,36,24,47,80,23,4,233,0,67,242,288,275,297,361,136,32,1691,0,16,91,133,189,216,192,80,16,930,21,155,325,379,402,504,394,253,72,2506,8,11,10,14,11,9,14,3,5,79,3,5,16,6,17,47,55,35,10,187,35,167,359,400,433,558,466,288,82,2781,0,0,5,9,3,11,11,17,0,58,24,23,58,50,70,82,122,94,50,579,56,276,817,1020,1096,1335,1370,703,192,6864,0,0,46,55,81,87,28,9,0,303,5,8,28,49,83,95,21,6,0,289,0,72,234,293,312,255,107,46,14,1330,5,40,106,197,236,248,153,47,21,1051,23,98,133,186,216,116,52,28,8,854,13,16,11,30,44,18,15,3,0,148,0,10,21,29,54,62,45,31,6,258
LGA14500,240,111,226,271,364,293,256,276,270,2313,325,1239,3801,6163,7723,5616,4057,2484,1136,32543,0,35,799,2320,2461,1804,1074,635,180,9300,0,11,97,247,389,305,212,86,23,1376,0,859,2027,2992,3479,2727,1859,1105,425,15473,19,151,314,531,760,711,540,405,220,3650,36,193,372,425,507,569,388,321,159,2968,16,23,29,16,33,25,20,18,14,201,12,22,40,61,124,142,129,116,34,685,66,240,437,512,663,738,542,458,210,3857,4,16,26,59,83,52,85,69,29,422,117,91,159,229,248,236,198,217,181,1664,202,1403,3856,6894,8074,6569,4500,2979,1268,35738,0,40,576,1130,1166,660,262,77,23,3940,0,8,164,352,461,314,132,62,11,1511,6,837,2004,3339,3285,1817,875,452,161,12762,20,198,383,1062,1401,1171,837,514,178,5780,51,134,186,294,340,228,118,81,53,1491,24,23,24,62,78,65,56,28,14,366,9,31,22,139,192,214,207,118,60,1003
LGA14550,40,17,32,53,107,106,87,61,17,502,45,79,173,267,399,536,353,141,23,2011,0,0,6,8,6,19,24,11,0,71,0,0,0,5,8,16,15,3,0,45,0,6,23,42,47,64,75,23,0,278,0,3,13,34,34,77,58,9,0,232,11,45,116,141,153,239,183,50,11,951,0,3,9,11,9,6,10,0,0,50,0,0,4,9,13,22,17,6,3,66,12,54,127,156,174,267,207,57,9,1068,0,0,0,0,0,8,8,0,5,19,34,12,48,53,57,117,78,56,32,484,44,70,221,297,325,568,463,164,44,2198,0,0,6,13,7,13,3,0,0,38,0,0,5,9,16,29,3,0,0,66,0,10,66,68,91,89,28,8,4,361,5,6,43,61,75,85,33,10,5,323,10,26,61,75,130,56,13,5,0,385,10,12,9,14,12,7,3,0,0,72,0,4,15,18,26,24,7,0,0,86
LGA14600,34,27,46,54,53,67,64,51,12,413,41,90,200,194,167,214,139,87,21,1152,0,0,24,0,7,4,0,0,0,35,0,0,3,3,0,6,0,0,0,13,0,9,24,33,21,9,7,3,0,107,0,0,4,16,22,20,14,6,0,84,12,20,101,98,76,84,51,22,9,484,0,7,3,6,3,5,3,0,0,23,0,3,12,3,8,12,10,0,0,49,13,34,114,108,90,100,61,21,9,555,0,0,3,4,0,4,0,0,0,8,21,14,46,49,53,62,59,32,12,350,30,52,217,218,196,201,146,65,26,1156,0,0,3,4,4,0,3,0,0,21,0,0,8,8,10,8,4,0,0,38,0,23,89,55,24,22,12,6,8,238,0,8,29,41,43,34,22,6,0,185,8,29,44,57,52,26,8,3,0,225,8,7,13,10,10,4,0,0,0,57,4,0,9,10,9,9,3,0,0,49
LGA14650,373,282,577,633,788,825,978,775,489,5716,716,2386,7423,8413,9048,8816,7147,3685,1347,48992,0,14,389,710,628,531,554,257,70,3154,0,3,98,212,221,224,240,87,6,1097,0,385,1817,2108,1689,1307,1250,575,125,9257,14,168,826,1315,1492,1366,1020,509,130,6846,274,1520,4306,4290,4482,4650,3888,2166,660,26234,82,135,199,125,100,81,82,43,8,854,27,52,117,161,215,274,388,226,58,1514,380,1709,4616,4579,4800,5005,4355,2432,718,28596,11,21,43,54,57,71,79,49,21,397,276,289,638,680,646,700,743,662,410,5034,676,2577,8429,9651,9538,9194,8255,4570,1495,54387,0,12,256,373,361,323,114,20,8,1468,0,7,159,260,324,305,105,32,3,1202,4,502,2278,2130,1601,1327,589,206,64,8700,33,381,1030,1473,1641,1314,707,329,86,6990,259,1050,1946,1945,1810,1043,348,185,55,8643,108,191,294,296,303,194,73,21,6,1480,48,103,195,396,489,466,282,133,38,2147
LGA14700,50,49,223,178,126,95,89,61,42,912,65,447,2626,2512,1934,1442,1027,463,181,10701,0,13,553,813,608,429,301,148,29,2894,0,3,78,109,113,89,47,26,0,477,0,284,1415,1336,909,629,442,242,43,5302,0,65,207,318,250,189,125,63,20,1249,3,68,308,245,188,164,119,86,30,1206,3,9,12,16,14,9,0,4,0,71,3,6,19,40,39,40,31,27,5,205,13,91,342,293,238,211,155,116,33,1484,0,4,22,27,26,16,22,8,3,134,26,31,161,158,88,75,80,55,39,714,43,490,2777,3061,2235,1642,1173,656,170,12248,0,17,357,404,303,206,71,25,5,1392,0,9,101,129,107,101,33,10,4,492,0,299,1144,1072,722,467,242,100,29,4078,4,65,256,324,311,306,178,89,36,1567,11,57,137,132,106,80,39,21,0,587,0,10,20,19,28,20,10,10,8,121,0,4,29,38,54,92,39,18,16,290
LGA14750,44,35,70,76,103,86,88,77,21,600,78,152,398,396,443,412,279,146,27,2320,0,0,13,7,14,10,13,4,0,62,0,0,10,3,13,7,0,0,0,35,0,10,64,49,67,35,32,8,0,268,0,4,34,28,42,40,16,13,0,183,13,90,230,219,213,224,134,59,14,1191,3,5,12,6,11,6,0,0,0,44,0,0,7,11,13,8,10,0,0,58,21,96,249,237,231,241,138,63,14,1285,0,5,0,4,0,7,0,6,0,18,27,38,78,64,80,60,62,42,12,472,53,149,447,404,446,402,265,136,31,2325,0,0,6,9,10,3,5,0,0,33,0,0,12,16,14,8,6,0,0,51,0,25,94,96,65,35,21,14,0,351,0,5,43,52,58,31,8,11,0,220,11,48,129,119,80,43,14,0,0,449,16,11,10,16,14,14,6,0,0,78,0,3,7,20,24,21,6,0,0,93
LGA14850,173,154,210,215,256,370,262,164,87,1893,247,579,1443,1685,1993,2251,1433,565,219,10407,0,10,84,134,141,121,145,53,6,684,0,0,20,42,54,78,83,12,0,284,0,37,325,393,440,419,326,87,28,2059,5,38,119,207,267,286,219,73,24,1231,55,249,711,758,769,924,661,264,66,4457,6,33,62,24,37,24,18,4,5,211,9,14,24,39,44,63,60,22,7,280,66,303,794,820,844,1017,737,287,76,4950,3,4,13,11,15,16,16,12,0,86,122,110,208,235,286,267,242,148,65,1681,202,497,1565,1830,2040,2197,1770,675,195,10979,0,4,36,69,104,86,41,5,0,343,0,3,48,80,140,122,32,4,0,434,3,95,483,632,547,455,136,39,9,2395,7,50,192,334,417,357,138,59,14,1578,56,249,460,435,509,250,62,25,3,2050,36,76,93,73,82,42,15,0,0,426,9,28,61,95,107,93,38,17,3,440
LGA14870,82,115,291,244,231,221,242,135,42,1589,120,347,876,820,1001,968,838,369,109,5445,0,0,23,24,24,42,28,20,0,164,0,0,4,11,13,14,31,4,0,78,0,12,81,73,84,100,125,40,5,522,0,8,58,77,126,121,84,36,10,520,27,164,420,375,469,543,412,211,33,2642,10,23,23,17,10,19,9,4,0,109,6,9,11,13,5,29,27,19,3,124,44,196,446,400,486,585,446,228,35,2879,3,6,5,6,8,11,8,7,3,47,60,82,224,185,141,152,168,118,29,1159,113,306,833,773,880,1029,887,459,81,5368,0,0,6,13,25,21,11,0,0,72,0,0,15,17,26,34,16,3,0,113,0,35,120,129,112,94,37,17,7,549,0,14,55,98,127,116,58,27,0,506,35,122,210,202,180,100,23,9,3,879,11,25,39,45,36,23,6,0,0,180,3,14,15,41,39,39,18,9,0,185
LGA14900,672,690,1352,1278,1181,966,685,414,144,7378,1035,3305,9337,9450,8356,5603,3103,1287,349,41823,0,61,1029,1339,791,471,224,62,13,3994,3,8,131,208,153,113,65,11,0,695,12,1043,3384,2894,1843,1287,717,211,30,11427,30,448,1445,1966,1592,1184,491,184,35,7378,265,1169,3095,3127,3161,2580,1488,712,151,15740,52,87,167,126,87,79,36,13,0,644,32,77,179,284,275,246,147,61,12,1314,347,1332,3437,3539,3517,2899,1670,784,165,17696,14,37,86,144,123,119,66,15,6,618,534,630,1368,1404,1015,1009,687,549,305,7498,941,3561,10872,11497,9036,7084,3925,1822,557,49300,0,82,526,397,244,114,20,4,0,1390,0,21,183,138,119,67,11,0,0,551,11,803,2706,2007,1271,617,146,53,7,7622,75,657,1665,1740,1078,540,176,61,10,5997,204,727,1679,1486,1099,472,142,44,10,5865,82,136,362,342,242,117,22,8,0,1309,39,100,286,426,347,184,58,18,0,1453
LGA14920,38,23,46,48,60,81,75,50,11,436,48,83,234,252,255,314,215,121,26,1552,0,0,8,7,10,0,10,0,0,36,0,0,0,0,5,0,3,0,0,7,0,12,28,29,23,19,30,3,0,135,0,6,16,18,27,25,21,12,0,121,8,38,125,128,128,156,116,57,4,759,4,4,3,5,7,3,4,0,0,38,0,0,0,12,13,13,10,5,0,56,12,47,130,140,148,171,134,61,6,850,0,0,0,6,0,4,0,3,0,14,40,17,44,59,63,69,78,51,15,439,51,74,225,254,271,293,280,134,24,1604,0,0,5,0,0,0,0,4,0,8,0,0,9,11,10,5,0,0,0,35,0,6,58,44,52,36,21,3,0,221,0,4,21,38,55,25,36,7,0,178,5,35,73,77,80,53,13,8,3,348,3,9,18,10,5,8,3,3,0,59,3,5,5,20,9,11,9,7,0,62
LGA14950,18,0,9,13,22,16,21,25,11,149,32,36,70,96,135,141,91,60,19,682,0,0,0,0,4,0,6,0,0,14,0,0,0,0,0,3,0,3,0,6,0,0,5,16,5,7,7,3,5,53,0,0,12,20,10,27,12,4,0,79,7,17,47,48,73,87,62,23,4,372,0,0,6,3,0,6,0,0,0,22,0,0,0,9,6,0,12,0,0,30,10,25,53,59,81,101,72,29,5,426,0,0,0,0,0,0,0,0,0,0,10,6,6,16,24,19,34,20,4,142,20,30,82,112,125,160,131,56,14,729,0,0,0,0,0,9,0,0,0,9,0,0,8,5,3,7,0,0,0,23,0,7,23,35,20,22,12,3,0,129,0,5,9,16,27,18,10,0,0,89,7,10,35,30,42,13,13,0,0,143,0,0,0,5,9,0,0,0,0,20,0,0,0,8,8,9,0,0,0,24
LGA15050,178,128,322,339,332,324,309,224,96,2254,323,1045,3545,3524,3200,2759,1833,837,247,17314,0,7,146,247,186,156,113,31,4,888,0,0,53,73,76,68,69,10,4,349,0,136,705,688,538,338,306,117,32,2857,3,79,414,650,625,462,305,122,17,2676,129,725,2495,2131,1790,1696,1170,569,114,10811,30,60,106,71,49,18,24,10,0,381,10,31,66,65,78,97,101,48,13,507,174,814,2661,2264,1911,1815,1289,631,132,11700,4,5,20,23,23,26,25,16,4,154,132,127,365,335,265,248,215,184,86,1946,318,1176,4367,4276,3625,3101,2320,1106,278,20572,0,3,81,101,100,73,20,5,0,388,0,9,57,112,128,72,16,6,4,392,0,185,819,696,472,344,131,40,8,2697,20,127,478,602,497,325,146,51,22,2279,115,456,927,842,605,274,58,30,0,3315,54,90,157,151,117,69,20,4,6,652,16,32,86,140,156,139,50,13,15,654
LGA15240,292,187,292,347,556,747,899,644,323,4289,455,810,1993,2585,3506,4558,4590,2395,806,21692,0,6,80,126,123,139,239,110,13,833,0,0,14,35,63,97,140,32,3,393,0,47,323,381,432,518,717,315,73,2799,3,39,171,278,435,565,718,298,77,2582,99,480,1271,1365,1877,2483,2540,1345,314,11785,28,60,72,67,42,59,80,35,3,444,11,20,45,57,90,156,195,131,33,741,137,562,1388,1498,2007,2700,2818,1512,349,12974,8,10,10,17,28,31,55,40,12,212,247,189,343,377,470,665,822,709,318,4144,392,842,2335,2701,3548,4713,5513,3019,855,23931,0,0,31,56,83,92,40,5,0,323,0,0,31,91,119,137,55,18,0,449,0,105,421,552,545,613,318,117,21,2690,6,95,309,517,662,670,446,179,37,2927,109,348,695,858,1000,587,234,98,32,3966,59,84,145,165,162,131,49,12,0,796,17,40,80,147,241,230,166,51,17,996
LGA15270,113,61,157,154,235,230,252,121,31,1355,164,303,979,961,1128,995,814,372,83,5801,0,0,23,45,35,29,34,10,0,174,0,0,10,18,14,9,21,0,0,67,0,24,146,136,137,109,130,57,15,748,0,11,54,111,139,139,73,44,5,575,35,203,648,601,618,614,409,189,47,3366,10,14,30,12,19,16,9,5,0,121,0,8,14,12,23,38,47,21,3,165,50,220,691,634,666,667,462,217,47,3651,0,0,9,12,3,17,14,5,0,60,74,38,122,160,154,163,162,115,38,1028,127,301,1053,1114,1139,1133,886,447,105,6303,0,4,17,22,17,26,6,0,0,96,0,0,19,32,43,33,4,0,4,137,0,40,200,205,149,132,80,31,9,851,3,30,88,160,159,132,80,36,6,694,24,96,217,246,221,109,47,14,3,981,10,13,25,39,41,25,12,0,0,177,0,12,25,61,52,38,19,6,0,219
LGA15300,85,60,116,128,149,142,116,81,15,893,111,190,503,511,499,439,277,152,28,2719,0,0,17,6,11,6,7,0,0,54,0,0,7,9,4,4,3,0,0,26,0,24,102,64,57,41,24,4,4,317,0,14,48,46,54,46,27,10,4,242,18,78,210,175,154,179,110,45,12,984,9,4,8,0,10,11,0,0,0,41,0,3,3,0,10,10,3,0,0,34,29,83,220,181,179,195,110,50,15,1061,0,0,0,0,3,3,0,4,0,13,72,106,185,192,192,197,154,86,16,1197,96,224,578,505,500,486,333,155,33,2914,0,0,12,16,11,8,5,0,0,48,0,0,13,23,6,8,9,0,0,55,0,37,168,127,83,53,19,6,0,489,0,14,61,101,106,51,24,4,3,372,22,71,126,104,107,42,16,7,0,492,9,23,35,11,14,7,3,0,0,101,0,10,12,22,24,15,5,0,0,100
LGA15350,53,65,151,147,136,125,117,81,63,937,73,277,1340,1632,1646,1388,1060,520,239,8181,0,3,200,369,491,398,257,178,28,1917,0,0,34,64,74,60,51,18,6,307,0,169,652,700,721,673,506,288,96,3812,5,17,105,146,164,133,107,101,38,810,10,33,114,121,116,114,79,75,35,698,0,0,3,0,7,8,5,5,4,34,0,3,14,21,24,20,27,18,10,137,14,38,131,138,141,147,111,101,42,868,0,0,3,11,22,11,11,23,3,90,29,29,67,77,75,83,66,73,47,542,44,266,1189,1511,1690,1518,1113,777,265,8358,0,10,228,360,299,203,94,28,8,1225,0,7,62,96,113,78,49,20,6,421,0,217,847,948,734,471,219,116,50,3601,5,56,182,294,319,299,221,99,56,1530,5,30,80,87,62,54,36,20,10,391,4,5,15,13,23,15,5,3,0,82,0,5,16,42,47,61,41,24,29,259
LGA15520,32,29,42,46,67,120,119,99,30,589,49,113,356,387,451,495,431,217,65,2556,0,0,15,9,16,14,10,0,0,67,0,0,0,6,8,10,11,4,0,41,0,12,74,85,60,53,34,20,4,339,0,11,43,51,60,66,70,26,9,329,10,63,228,226,262,267,274,114,17,1461,0,4,3,4,7,6,0,6,0,36,6,0,5,9,20,17,16,10,0,72,18,70,236,233,287,284,298,124,20,1567,0,0,0,4,3,0,0,0,0,15,44,24,67,58,71,98,100,108,42,600,59,108,429,448,508,525,521,281,70,2945,0,0,11,3,5,5,3,0,0,27,0,0,19,22,13,11,7,0,0,71,0,16,107,97,93,52,35,7,0,416,0,11,37,60,80,63,35,14,0,306,8,46,87,93,97,72,32,15,8,450,5,5,15,11,11,14,0,0,0,65,0,7,9,22,17,12,10,6,0,68
LGA15560,22,17,26,37,38,38,30,19,4,230,34,51,152,141,149,128,91,44,11,792,0,0,3,3,8,0,0,0,0,15,0,0,0,0,4,0,0,0,0,4,0,3,36,8,10,13,6,3,0,79,0,0,10,11,15,16,11,3,0,67,5,31,65,60,55,63,43,17,3,347,0,0,0,3,0,0,6,0,0,11,0,0,0,0,3,3,3,0,0,19,0,31,68,63,64,72,51,17,3,374,0,0,0,0,0,0,0,0,0,3,6,7,29,21,26,37,32,18,9,179,9,40,154,111,125,133,104,41,14,726,0,0,0,0,0,0,0,0,0,10,0,0,0,3,0,4,0,0,0,12,0,12,31,36,23,15,6,0,0,124,0,0,13,25,25,17,6,0,0,86,4,19,25,21,28,22,9,0,0,126,5,4,6,5,8,4,0,0,0,27,0,6,9,8,4,6,0,0,0,30
LGA15650,56,49,199,161,145,114,78,52,16,866,70,230,825,731,770,527,318,132,32,3630,0,0,17,20,23,17,6,3,0,81,0,0,3,18,6,8,7,0,0,41,0,16,56,55,43,35,32,20,0,259,0,8,54,63,75,74,44,13,0,340,17,143,491,418,396,357,187,80,12,2097,11,3,15,19,18,9,3,0,0,75,0,4,11,16,15,23,7,5,0,89,31,153,517,451,430,386,195,88,13,2264,0,0,0,4,10,3,0,0,0,23,62,55,182,161,131,104,78,48,13,837,89,232,833,769,725,622,362,168,35,3841,0,0,12,13,8,8,0,0,0,43,0,0,18,13,19,11,4,0,0,65,0,34,164,108,74,36,17,5,0,444,3,36,87,92,75,50,23,7,0,372,29,113,186,161,138,65,11,10,3,721,12,16,30,18,19,15,5,0,0,118,3,13,14,27,42,27,7,5,4,139
LGA15700,67,48,60,75,140,165,180,149,88,980,106,184,407,539,767,1070,876,421,172,4541,0,0,12,22,26,32,40,17,5,147,0,0,8,11,10,20,22,11,0,80,0,7,72,75,103,125,157,61,13,621,0,4,32,56,80,124,115,42,10,471,21,92,286,262,357,559,480,247,52,2357,6,17,27,10,10,9,20,5,3,106,0,0,12,9,10,21,26,21,4,117,28,110,317,287,377,592,532,276,60,2578,0,0,4,3,6,7,11,0,0,42,65,37,101,84,110,183,177,108,44,900,97,167,538,537,713,1083,1051,522,127,4834,0,0,4,15,24,25,10,3,0,82,0,0,3,20,38,31,9,3,0,100,0,13,79,123,142,154,80,24,3,617,3,10,55,84,165,152,106,34,11,625,27,57,148,201,281,156,54,29,18,966,10,18,35,34,40,17,13,0,0,177,4,14,34,36,59,38,26,12,4,217
LGA15750,83,46,78,96,128,149,101,74,26,784,102,160,452,484,537,473,303,149,37,2692,0,0,19,21,23,14,12,8,3,87,0,0,4,3,3,7,0,0,0,31,0,18,89,64,44,41,27,7,5,280,0,7,37,42,53,48,26,12,5,223,12,83,236,232,209,210,139,66,7,1205,0,5,17,8,7,9,4,0,0,47,4,0,4,10,7,21,17,6,0,71,21,87,254,252,231,239,154,74,11,1319,0,0,0,0,3,4,0,0,0,15,43,51,85,94,125,144,109,57,19,719,66,163,486,478,482,487,324,148,40,2676,0,4,8,16,6,6,0,0,0,41,0,3,14,21,15,18,0,0,0,76,0,31,113,111,78,62,23,9,3,432,0,11,48,87,90,53,35,13,0,333,7,49,131,139,124,63,17,7,0,537,5,14,39,15,18,7,3,0,0,105,3,3,15,16,28,27,5,3,0,106
LGA15800,26,14,36,49,53,72,74,50,24,399,42,69,174,212,188,223,187,86,39,1216,0,0,13,6,7,6,3,0,0,35,0,0,0,3,8,3,5,0,0,17,0,8,25,28,17,14,15,3,0,112,0,0,10,13,27,24,21,5,0,102,0,30,81,101,86,91,77,27,15,523,0,9,8,3,6,6,6,0,0,33,0,0,4,6,0,7,5,3,0,27,6,41,87,107,98,103,87,34,15,573,0,0,0,0,0,0,3,3,0,8,27,16,33,41,39,45,53,32,13,292,26,57,173,193,190,199,182,85,29,1134,0,0,4,0,0,5,0,0,0,10,0,0,8,6,12,8,3,0,0,32,0,7,50,49,29,32,17,8,6,192,0,9,20,28,38,16,25,4,0,138,0,18,55,62,57,22,13,5,0,229,0,4,23,9,18,0,0,0,0,61,0,0,13,8,9,8,0,0,0,42
LGA15850,19,24,30,46,53,68,59,41,17,348,30,99,191,213,231,221,184,89,20,1281,0,0,7,0,7,5,3,0,0,18,0,0,4,0,0,5,0,0,0,11,0,9,28,36,24,13,21,7,0,137,0,0,9,24,19,29,12,6,0,102,9,44,131,99,95,117,77,48,9,624,0,8,4,0,0,10,3,4,0,29,3,0,6,8,6,3,4,0,0,31,9,48,141,110,105,127,80,49,6,676,0,0,0,0,0,0,3,0,0,11,29,20,42,53,50,55,61,43,29,380,37,80,222,210,211,233,184,116,33,1334,0,0,9,4,4,4,0,0,0,18,0,5,6,11,4,4,0,0,0,32,0,15,58,79,35,37,17,8,0,247,0,5,30,38,45,36,15,11,0,182,9,23,63,66,62,39,8,4,0,266,4,3,10,14,6,7,3,0,0,41,0,0,7,9,11,18,4,0,0,58
LGA15900,254,363,783,579,753,719,628,539,384,4995,536,2786,9026,7426,7029,6312,4016,2033,913,40075,0,32,1034,1250,850,660,452,182,49,4505,0,7,194,258,249,223,204,44,8,1197,0,827,3649,2580,1872,1289,1023,356,91,11693,9,251,956,1073,1153,938,588,252,65,5283,166,1118,3316,2605,2570,2726,1900,965,326,15701,59,150,142,95,94,80,48,20,6,692,18,52,107,122,151,198,220,115,34,1017,249,1316,3560,2829,2813,3000,2168,1102,366,17409,14,37,72,51,64,50,47,38,9,383,282,516,809,632,635,566,533,441,321,4732,550,2983,10284,8678,7637,6723,5008,2417,912,45205,0,33,539,591,462,317,111,23,6,2082,0,21,233,315,295,256,83,20,6,1224,3,952,3462,2332,1569,1021,419,187,47,9988,25,466,1095,1235,1151,878,376,187,44,5462,185,882,1642,1257,1160,577,184,119,40,6040,99,176,230,182,168,116,34,6,9,1028,23,89,166,253,299,275,140,72,19,1342
LGA15950,76,163,724,513,352,328,242,130,63,2590,102,889,6740,5245,3284,2752,2172,927,274,22390,0,16,1157,1516,950,741,606,296,50,5327,0,7,195,235,147,132,123,48,13,893,0,567,3316,2334,1424,1149,919,507,114,10330,11,90,434,535,460,352,276,166,41,2358,10,107,523,376,286,266,183,128,46,1923,3,9,23,28,24,16,10,9,0,119,0,10,45,46,64,84,57,39,15,369,16,129,589,452,371,372,254,169,60,2404,0,8,40,55,42,28,23,33,12,239,27,68,341,293,207,195,168,160,66,1533,51,889,6070,5425,3596,2969,2362,1382,352,23084,0,46,1209,967,561,415,177,54,8,3428,0,23,328,295,208,173,72,22,5,1123,4,698,4079,2130,1101,855,426,176,62,9539,8,153,825,743,581,563,387,143,40,3443,19,132,345,231,165,126,70,21,20,1131,7,11,38,50,33,34,18,15,3,207,6,20,72,98,79,128,82,32,13,531
LGA15990,418,365,991,1117,1099,944,870,747,491,7031,671,2932,11398,15456,14787,10740,7743,4122,1634,69482,0,26,1263,2396,2550,1844,1074,526,102,9780,0,15,211,417,545,441,329,127,18,2110,3,1155,4800,5455,5760,4059,2619,1284,377,25514,27,346,1321,1900,2471,1785,1261,779,220,10105,145,1099,3094,3143,3504,3295,2132,1544,539,18495,46,61,63,104,103,99,91,41,12,621,19,61,137,253,370,483,412,274,100,2103,210,1215,3294,3502,3980,3875,2631,1859,651,21223,4,28,111,129,164,136,101,114,42,822,257,271,729,850,814,720,652,617,408,5322,504,3052,11730,14643,16281,12864,8671,5300,1827,74866,0,67,1131,1651,1075,617,260,64,19,4879,0,21,405,785,645,482,176,48,14,2582,0,1146,5571,6253,3859,2149,1001,402,122,20509,49,670,2229,3372,2948,2158,1308,555,187,13484,157,645,1424,1564,1326,801,439,218,102,6683,44,100,203,308,282,191,87,28,14,1268,20,95,240,525,622,563,371,155,79,2670
LGA16100,29,94,61,46,58,36,70,21,11,425,43,148,196,200,264,204,229,80,20,1368,0,0,12,4,7,9,14,9,0,60,0,0,0,6,6,7,5,3,0,17,0,5,18,26,28,34,33,16,0,158,0,4,7,21,27,25,19,8,0,114,3,36,100,115,133,147,110,30,8,688,3,3,4,0,6,5,0,4,0,27,0,0,0,4,5,12,4,10,0,35,11,38,108,119,144,156,118,39,12,742,0,0,0,0,0,0,5,0,0,8,29,42,64,74,55,49,70,43,12,441,40,88,212,249,262,295,256,115,25,1541,0,0,8,9,11,13,6,0,0,39,0,0,0,5,6,5,3,0,0,17,0,10,35,38,29,45,18,3,0,166,0,7,17,22,31,32,24,7,4,142,10,29,35,51,36,31,14,4,0,213,3,3,10,13,4,3,0,0,0,34,0,4,7,12,11,20,3,4,0,60
LGA16150,156,85,205,219,237,199,189,176,62,1524,240,553,1814,1759,1599,1444,1010,536,159,9108,0,6,142,189,133,122,99,34,16,737,0,3,21,55,49,39,40,16,5,228,0,72,489,460,329,212,253,81,17,1916,0,30,177,217,266,214,171,82,19,1166,51,307,967,777,704,636,424,229,72,4177,5,18,42,35,35,18,21,8,0,175,4,4,39,33,37,44,39,35,3,233,56,333,1042,838,770,694,482,276,83,4585,0,4,11,9,17,23,10,13,4,98,77,98,194,182,175,166,180,117,74,1260,136,553,2069,1955,1750,1463,1231,619,206,9988,0,4,62,83,61,49,7,6,0,276,0,3,36,60,63,63,21,7,0,247,4,157,557,420,341,250,97,50,11,1882,13,85,260,311,283,247,124,43,12,1378,53,228,499,399,320,172,54,25,11,1761,36,58,75,57,49,46,9,0,0,338,3,27,46,80,74,72,45,7,9,366
LGA16200,69,51,69,77,110,124,148,95,39,789,96,224,500,520,589,551,395,180,64,3111,0,0,28,17,17,11,10,0,0,85,0,0,7,6,10,17,3,0,0,44,0,19,90,71,61,45,35,7,0,329,0,9,26,46,64,55,46,20,5,273,17,80,302,249,267,309,176,84,11,1491,9,9,19,8,12,13,7,6,0,64,0,6,9,10,8,11,19,17,0,84,24,97,330,262,289,331,193,108,11,1638,0,0,4,9,0,0,4,8,0,23,56,34,85,84,78,102,80,42,39,601,81,159,571,497,524,565,373,177,57,3001,0,0,17,18,13,3,0,0,0,55,0,0,6,10,16,4,5,0,0,44,0,18,152,129,74,69,25,19,4,490,4,21,63,78,86,78,32,20,3,391,22,60,174,164,143,78,18,5,6,670,10,16,25,27,22,12,4,4,0,115,0,10,11,20,38,28,17,4,0,130
LGA16260,386,753,2340,1737,1052,782,608,414,233,8299,604,3872,18587,15364,9824,7656,4742,2440,853,63949,0,208,5230,5549,2210,1581,831,264,52,15926,0,25,388,566,321,290,219,60,12,1894,10,1875,8784,7759,3710,2647,1801,762,200,27543,29,789,2044,2278,1682,1251,779,357,130,9345,135,789,2082,2132,2065,1888,1254,834,311,11489,40,73,124,110,93,81,57,25,6,603,19,61,170,220,234,223,232,147,45,1352,191,922,2373,2457,2398,2188,1543,1011,354,13446,9,65,242,234,161,125,98,64,32,1030,242,702,2202,1836,937,762,589,352,227,7859,482,4590,21264,20686,11416,8842,5865,2871,1010,77029,0,186,2761,1611,938,451,128,32,4,6106,4,46,395,418,356,277,84,24,4,1601,6,1588,6498,4075,2646,1462,570,222,47,17118,46,692,1825,1950,1673,1205,608,228,79,8303,99,582,1171,1027,838,497,233,110,48,4586,38,79,196,190,203,117,61,22,12,930,20,68,195,330,365,338,210,79,38,1633
LGA16350,501,596,1355,1134,981,887,707,429,164,6759,919,3421,9966,8931,7555,6472,3899,1468,406,43032,0,41,707,1224,564,382,227,71,11,3221,0,6,135,194,164,129,103,27,0,762,0,572,2217,2169,1289,912,688,207,42,8107,25,311,1239,1525,1295,951,572,162,26,6105,293,1879,4906,4293,3796,3326,2171,925,170,21759,54,112,172,174,97,84,60,17,0,776,17,66,179,258,247,269,200,89,17,1343,370,2058,5256,4718,4143,3683,2425,1032,191,23876,11,23,75,106,75,68,57,27,5,444,459,557,1406,1332,1014,790,640,465,219,6888,865,3566,11043,11271,8536,6912,4712,1990,510,49408,0,84,406,290,225,140,33,4,0,1190,0,25,207,164,179,127,38,7,0,749,3,658,2248,1589,1150,721,186,77,16,6654,59,531,1464,1428,1082,825,280,85,29,5783,282,1205,2371,1699,1418,688,170,51,20,7900,132,208,387,300,269,149,30,3,3,1484,36,148,298,388,400,302,73,34,16,1689
LGA16380,227,129,283,313,395,499,649,527,272,3301,358,763,2183,2849,3296,3625,3557,1989,726,19348,0,4,129,201,226,186,212,98,24,1076,0,0,33,64,95,102,134,37,3,476,0,83,508,617,591,535,626,305,74,3346,3,52,213,444,535,493,580,277,91,2691,115,512,1338,1357,1653,1928,1843,1089,323,10169,29,48,60,47,59,36,48,30,8,361,18,26,41,86,90,110,200,114,27,707,159,584,1437,1490,1806,2072,2090,1236,360,11232,5,6,9,27,19,39,48,41,13,206,155,137,268,272,307,359,454,391,225,2564,324,866,2597,3122,3582,3788,4143,2379,785,21590,0,0,62,97,104,85,31,6,0,380,0,0,49,109,120,122,42,10,0,443,0,96,528,766,606,492,288,137,30,2956,17,79,333,604,716,550,422,189,32,2932,82,344,701,843,938,521,206,92,31,3759,44,73,110,111,157,90,42,15,0,648,15,46,87,121,211,196,138,53,13,884
LGA16400,217,185,328,308,404,443,546,401,174,2993,338,888,2279,2758,3187,3179,3028,1526,409,17590,0,4,68,123,168,159,156,75,7,759,0,0,24,38,56,88,96,31,0,326,0,56,325,401,384,406,497,230,33,2341,7,57,212,390,480,576,489,238,28,2486,106,446,1327,1495,1697,1872,1656,922,181,9700,32,33,61,48,40,44,49,12,3,323,5,23,44,64,75,83,132,77,22,524,144,502,1436,1603,1819,2002,1839,1014,204,10550,0,4,11,21,18,26,39,23,9,147,131,109,246,240,315,349,416,379,141,2322,286,725,2310,2817,3234,3607,3528,1997,433,18934,0,5,49,87,80,86,34,7,0,344,0,0,33,90,94,72,29,0,0,318,3,125,483,544,418,381,201,68,14,2221,9,94,337,484,512,458,258,96,24,2286,87,332,720,779,675,380,151,71,22,3223,27,62,115,115,123,63,34,3,0,556,16,32,67,132,132,148,123,41,11,711
LGA16490,167,134,321,355,408,316,255,142,39,2125,256,759,2761,2929,3303,2441,1421,519,122,14507,0,14,441,574,544,420,228,97,6,2313,0,0,64,107,160,143,92,16,6,585,0,160,851,825,642,497,356,124,22,3487,5,57,373,520,622,465,230,84,10,2373,52,418,1291,1076,1100,1014,563,242,82,5820,24,39,59,43,28,21,7,4,0,228,4,12,33,57,65,68,63,21,12,338,77,469,1386,1170,1195,1103,639,265,90,6385,0,5,24,28,26,22,25,4,3,140,87,89,332,270,255,285,206,103,34,1664,166,785,3476,3491,3450,2932,1781,693,168,16944,0,4,186,269,227,150,45,3,0,881,0,7,135,180,171,107,38,5,0,650,0,156,916,854,629,383,180,38,8,3164,10,143,399,584,478,316,124,32,12,2106,60,232,522,497,402,221,55,14,8,2018,35,38,70,79,59,29,15,0,4,334,7,27,72,128,110,89,41,9,7,496
LGA16550,383,858,1645,1246,943,715,617,432,223,7065,567,3586,11103,8807,6637,4689,3049,1538,618,40584,0,73,1817,1926,1476,991,581,271,57,7179,0,11,168,264,227,145,110,52,9,989,6,936,4457,3087,2386,1498,956,387,103,13812,22,244,804,940,842,653,389,163,62,4133,82,400,1706,1348,1188,1198,758,528,187,7391,27,28,49,52,55,39,32,6,0,285,12,39,100,106,161,161,107,56,19,764,117,466,1852,1501,1403,1401,896,591,203,8438,10,38,116,85,65,61,56,36,16,479,176,387,1062,883,707,524,453,386,292,4879,331,2164,10293,8686,7092,5274,3437,1891,745,39915,0,151,1715,1364,815,433,134,31,10,4660,0,28,394,397,278,218,53,23,7,1398,11,1593,5037,3226,1862,975,376,169,80,13330,31,383,1253,1442,1038,758,346,193,83,5520,46,354,763,585,474,316,158,101,47,2839,19,63,98,111,107,56,23,10,3,481,6,55,138,206,245,178,95,48,23,987
LGA16610,119,59,113,132,180,161,213,129,52,1166,174,249,597,708,840,935,737,377,113,4725,0,0,14,15,26,24,24,8,0,121,0,0,4,7,13,7,22,0,0,61,0,12,68,82,92,85,96,26,7,465,0,11,34,63,67,79,88,40,11,401,27,155,404,364,389,505,407,185,43,2476,7,17,25,21,12,16,9,6,0,113,0,9,11,16,17,23,37,16,6,135,38,178,441,397,424,539,452,210,49,2724,0,0,10,3,5,8,10,4,0,37,95,76,129,163,185,184,180,135,68,1218,130,278,700,729,817,936,883,422,131,5031,0,0,4,15,15,18,10,3,0,58,0,0,14,19,29,15,5,0,0,82,0,23,141,153,116,107,39,17,0,595,0,20,66,114,132,115,51,24,6,536,20,100,212,230,270,143,34,15,4,1025,15,25,47,36,31,19,3,0,0,190,8,7,28,29,45,38,12,8,0,187
LGA16700,175,229,536,472,391,359,279,240,172,2855,285,2187,8485,7148,5482,4189,2608,1349,614,32348,0,97,2439,2543,1279,894,527,201,43,8024,0,21,181,227,207,171,105,30,13,949,3,1085,4555,3754,2115,1622,1073,421,153,14786,19,305,885,1034,873,715,466,172,71,4547,54,349,1089,975,986,1053,751,468,191,5907,13,28,68,44,32,42,28,12,9,273,5,30,81,117,132,147,127,65,30,733,73,407,1233,1132,1149,1246,899,550,226,6914,13,19,100,93,64,57,58,41,12,460,96,210,658,553,363,353,275,236,180,2922,197,2148,10041,9333,6056,5067,3409,1647,697,38597,0,106,1497,1015,584,288,98,21,8,3613,3,24,249,257,244,192,72,19,6,1062,12,1104,3396,2649,1624,863,375,169,56,10238,36,505,868,1116,919,673,359,190,66,4725,65,236,524,502,493,288,131,84,35,2354,19,48,84,88,109,68,19,13,6,458,11,29,93,198,234,214,109,75,24,992
LGA16900,165,136,261,267,309,314,362,286,148,2253,327,1046,2693,2972,2918,2674,1846,900,306,15683,0,9,120,186,145,123,101,29,0,696,0,0,39,68,46,56,35,9,3,261,0,137,599,466,403,260,267,66,11,2216,11,69,361,522,548,416,280,87,19,2319,111,709,1812,1675,1657,1674,1233,547,162,9583,30,43,65,39,41,33,24,16,0,292,10,22,66,69,75,85,109,46,8,489,156,773,1949,1786,1768,1795,1367,606,167,10366,3,4,12,27,21,25,24,22,4,140,125,133,252,291,231,245,254,253,223,1994,295,1125,3331,3345,3160,2919,2321,1074,431,18005,0,4,61,67,70,37,10,6,0,259,0,3,59,58,64,53,12,0,0,261,0,132,554,551,364,237,62,24,3,1929,22,163,409,520,471,293,110,22,9,2022,112,432,869,801,661,291,111,32,4,3319,49,61,125,108,105,56,21,6,0,537,17,51,107,193,212,119,44,14,8,766
LGA16950,333,325,658,617,630,713,877,624,339,5114,505,1232,3401,3645,4155,5030,4766,2459,822,26019,0,11,147,203,217,283,320,132,21,1338,0,0,48,65,77,127,164,55,4,540,0,109,613,601,574,750,780,313,73,3809,6,44,293,524,602,736,660,302,70,3228,132,698,2051,1988,2021,2576,2517,1403,370,13759,32,54,85,71,43,71,75,15,4,450,7,36,55,82,101,160,220,122,32,821,175,786,2202,2136,2163,2805,2813,1543,401,15021,3,9,26,22,28,37,71,46,11,255,267,268,734,656,631,599,643,499,213,4521,453,1227,4053,4213,4290,5331,5453,2899,794,28716,0,4,56,131,133,156,65,13,3,568,0,19,86,103,181,201,60,13,0,670,0,123,579,736,760,652,327,129,31,3339,12,117,355,635,754,747,437,167,38,3266,103,438,920,944,968,578,242,138,29,4355,63,93,137,202,167,113,51,15,5,839,21,63,108,148,253,240,160,52,15,1063
LGA17000,91,56,121,140,159,142,118,75,19,916,156,424,1069,1106,1172,883,499,220,48,5571,0,4,40,38,37,26,25,10,4,180,0,0,8,13,17,14,12,3,0,65,0,40,168,119,100,125,79,25,0,661,4,25,78,119,161,139,72,21,5,630,46,228,733,705,668,598,298,133,32,3443,22,18,30,14,12,12,11,0,4,126,0,3,15,14,19,28,24,6,5,114,76,250,777,739,697,638,332,141,30,3679,0,4,0,13,8,3,11,5,0,46,108,121,145,109,134,130,93,57,7,905,182,440,1224,1151,1148,1080,622,256,55,6151,0,0,17,31,19,11,3,0,0,91,0,0,21,29,19,19,5,0,0,90,0,58,247,204,131,94,33,15,4,792,8,44,132,161,152,106,42,11,5,654,34,165,311,280,211,104,18,9,0,1130,22,32,51,64,54,20,8,0,0,249,6,11,26,48,64,36,17,6,0,211
LGA17040,100,83,194,187,207,174,162,103,43,1251,148,298,859,970,1096,1039,750,352,100,5607,0,3,57,48,70,68,54,25,4,320,0,0,7,15,27,33,29,7,0,114,0,44,229,166,182,163,149,56,9,997,0,12,84,104,146,139,99,29,14,630,22,143,446,480,511,527,331,158,52,2672,9,8,22,12,9,13,10,3,0,90,0,5,17,13,14,37,36,8,4,146,30,160,482,509,536,577,376,174,54,2901,0,0,9,4,5,11,8,0,0,42,54,58,217,172,167,167,117,87,30,1064,88,274,1085,1011,1131,1159,833,387,107,6079,0,0,25,35,38,43,16,3,0,156,0,0,16,27,53,37,10,3,0,162,0,30,153,243,237,153,52,20,10,895,3,30,102,154,162,126,74,23,5,676,11,96,176,211,190,124,47,9,3,871,13,28,27,41,30,25,6,0,0,170,9,3,27,40,49,44,21,8,5,213
LGA17080,54,39,132,143,155,150,129,99,52,956,83,178,525,570,615,607,475,242,88,3375,0,0,22,17,13,14,15,0,6,83,0,0,7,11,8,5,14,4,0,44,0,11,80,81,81,56,65,20,0,404,0,5,28,39,66,77,53,24,6,294,16,99,269,278,283,373,233,118,28,1685,0,6,11,5,13,13,8,4,0,55,0,0,8,14,16,22,10,14,6,85,18,107,283,297,314,402,250,132,27,1823,0,0,4,0,0,0,3,3,0,9,45,37,104,135,120,112,94,91,30,769,58,163,517,579,596,674,498,279,67,3433,0,4,5,10,6,9,3,7,0,39,0,0,4,14,14,11,9,0,0,62,0,16,104,124,83,76,42,17,0,464,0,7,49,76,103,89,41,16,3,389,20,65,170,154,138,70,26,11,6,664,11,22,31,16,28,14,7,0,0,122,8,5,16,27,22,19,3,3,0,103
LGA17100,86,216,487,225,159,155,95,69,45,1535,120,999,3938,2171,1602,1294,741,374,168,11401,0,66,1290,749,370,254,184,74,20,2998,0,7,74,83,55,37,27,18,0,306,0,488,2206,1188,592,581,328,157,63,5605,10,433,518,373,229,205,103,46,21,1940,17,172,382,256,242,233,139,92,48,1568,0,12,23,16,11,10,4,5,0,78,4,22,44,43,35,49,29,10,5,243,32,202,445,309,287,286,175,108,51,1887,0,37,60,42,19,22,16,11,11,225,64,228,503,249,127,122,88,63,30,1475,104,1451,5091,3001,1680,1503,922,484,187,14432,0,40,520,241,147,91,36,13,3,1088,0,12,65,65,45,31,13,9,0,244,3,370,1230,682,560,303,103,59,15,3326,13,134,303,280,317,190,93,35,15,1385,15,74,174,142,118,76,25,19,11,669,3,19,22,28,45,14,3,0,0,146,5,3,36,44,62,26,22,8,5,219
LGA17150,314,282,714,784,760,733,631,545,345,5109,576,3275,10168,11685,11419,10061,6704,3397,1373,58655,0,25,781,1507,1291,1035,700,264,64,5661,0,16,207,292,339,318,295,88,19,1571,5,967,3625,3465,2880,2221,1772,624,177,15744,24,315,1191,2014,2231,1720,1118,510,172,9296,233,1550,3879,3865,4531,4219,2958,1876,681,23795,40,70,91,95,101,104,83,52,12,647,22,62,160,245,329,433,458,237,55,2000,300,1687,4129,4206,4963,4762,3501,2161,747,26454,10,27,67,96,96,113,99,83,27,609,204,231,614,655,657,568,510,507,358,4304,538,3272,10613,12237,12450,10734,7996,4230,1559,63630,0,57,685,801,582,415,113,14,6,2683,0,36,343,451,492,398,96,29,3,1854,7,1295,4041,3648,2503,1537,491,215,48,13779,92,785,2028,2702,2375,1656,772,310,90,10808,220,886,1756,1698,1474,890,415,249,85,7673,69,128,263,313,297,233,80,25,10,1425,32,131,305,567,728,618,321,139,58,2892
LGA17200,595,2107,5084,2626,1857,1342,890,490,170,15161,871,7483,29624,15896,9579,6359,3769,1458,428,75469,0,265,6032,4562,2313,1545,968,345,61,16087,0,56,798,630,462,323,186,58,6,2519,6,3072,14134,7676,3701,2458,1423,541,132,33137,50,850,3172,2227,1405,940,512,221,69,9437,56,566,2538,1590,1142,947,562,278,71,7746,7,71,143,124,68,59,36,5,5,511,11,59,250,217,221,199,154,61,13,1188,75,690,2930,1926,1426,1202,751,342,93,9439,12,94,270,188,112,92,77,54,20,914,212,1010,3032,1798,1136,882,666,386,142,9272,362,6041,30368,19005,10556,7451,4568,1942,521,80810,0,319,3745,1859,953,722,253,47,11,7913,0,46,709,492,332,295,84,17,5,1977,21,2852,10917,3830,1735,1134,478,179,45,21183,59,916,2326,1511,857,680,345,126,31,6850,81,563,1132,624,372,247,100,36,13,3171,27,87,176,104,75,67,16,8,0,552,14,62,198,182,165,128,61,20,9,840
LGA17310,251,162,393,357,360,405,416,301,102,2743,367,804,2399,2286,2285,2279,1689,854,219,13190,0,7,135,118,103,94,65,31,6,551,0,0,35,47,57,43,49,22,0,256,0,75,448,406,366,241,257,88,18,1895,5,28,193,275,331,279,206,86,23,1432,75,400,1238,1168,1127,1112,881,455,115,6577,29,45,69,37,33,17,24,8,0,267,9,19,44,52,64,62,77,39,4,369,116,463,1354,1253,1224,1198,980,507,121,7212,6,4,24,18,11,18,18,10,0,118,196,151,371,326,319,312,290,243,116,2322,320,728,2556,2446,2415,2176,1858,987,293,13780,0,7,68,86,58,42,11,3,0,272,0,6,66,77,93,83,18,7,0,352,0,135,566,545,411,347,156,65,22,2247,6,88,283,394,460,325,200,83,21,1862,75,340,682,623,571,344,99,24,11,2772,37,89,115,124,94,69,23,3,4,558,18,33,69,99,140,122,55,16,7,560
LGA17350,19,13,21,22,39,43,43,37,10,252,37,74,196,182,209,242,181,89,19,1223,0,0,3,0,0,5,6,0,0,18,0,0,5,3,3,4,10,5,0,19,0,3,25,38,35,16,16,8,0,143,0,5,6,18,20,25,15,0,4,94,10,44,120,106,104,126,115,42,11,677,3,5,3,7,0,6,0,0,0,32,0,0,0,0,6,5,10,4,0,36,16,52,134,118,109,138,123,49,11,743,0,0,0,0,3,0,0,0,0,11,10,14,15,15,21,36,41,36,19,209,28,71,181,182,190,226,207,102,39,1234,0,0,4,3,4,0,0,0,0,13,0,0,6,10,7,10,0,0,0,33,0,8,41,59,37,29,10,10,3,209,0,5,18,34,41,19,10,4,0,136,3,23,45,49,52,38,15,5,3,230,6,8,6,11,18,3,0,0,0,55,0,5,3,9,17,12,6,0,4,50
LGA17400,29,12,22,38,55,106,84,50,22,424,44,50,128,197,246,369,303,135,30,1504,0,0,0,3,0,9,21,9,0,55,0,0,0,6,4,5,9,8,0,25,0,3,29,25,20,31,48,13,5,177,0,0,9,21,30,37,55,15,5,173,11,23,78,74,120,149,157,60,12,690,3,4,4,5,3,5,4,0,0,33,0,0,3,0,5,13,13,10,0,49,13,33,91,84,135,174,173,64,12,776,0,0,0,0,3,0,3,7,0,15,19,18,20,44,57,77,87,39,14,371,30,54,150,179,252,340,399,146,31,1583,0,0,0,4,7,6,4,0,0,18,0,0,7,13,13,16,6,0,0,50,0,10,36,56,44,50,23,6,6,230,0,3,19,35,43,49,30,7,0,202,9,16,46,55,75,59,5,5,0,282,3,7,6,12,8,11,6,0,0,51,0,3,10,21,13,12,11,0,0,62
LGA17420,216,170,354,422,481,402,404,237,125,2816,429,2213,6308,9349,8927,7005,4775,1809,459,41281,0,36,1115,3525,2239,1501,847,246,51,9563,0,10,153,407,366,299,209,70,15,1530,0,1089,3317,4774,3723,2482,1848,702,135,18064,40,308,793,1478,1738,1277,910,411,86,7034,171,866,1628,1833,2330,1992,1431,983,231,11472,23,45,61,57,56,60,48,36,5,394,20,72,92,186,230,261,263,137,32,1294,210,990,1780,2085,2615,2309,1743,1155,271,13158,0,20,61,130,112,95,83,74,10,584,172,182,375,556,454,330,352,272,223,2909,428,2624,7590,12955,11251,8296,5985,2919,794,52842,0,55,697,922,668,355,106,16,0,2829,0,24,210,347,315,282,60,12,0,1250,3,1049,2899,3368,2409,1561,450,104,41,11879,59,468,1057,1893,1670,1268,558,151,34,7158,137,441,743,1047,835,537,223,80,24,4069,42,63,117,206,177,142,40,9,4,800,17,59,134,331,377,369,167,57,14,1520
LGA17550,238,179,359,422,518,666,696,596,374,4059,390,862,2692,3558,3828,4202,3561,2069,849,22012,0,6,125,233,228,216,223,83,15,1137,0,0,33,84,102,101,130,32,10,493,0,105,623,868,776,642,650,229,60,3957,19,74,298,559,571,628,514,238,69,2969,119,464,1430,1687,1832,2071,1747,1013,291,10660,28,42,54,57,52,45,51,10,5,338,18,11,43,96,105,112,144,98,36,658,164,521,1523,1839,1988,2230,1941,1116,330,11653,5,8,17,25,29,35,53,38,20,223,222,192,403,487,523,531,552,497,353,3756,413,897,3022,4092,4215,4379,4062,2234,859,24186,0,8,82,124,135,112,35,14,0,507,0,9,63,126,151,149,31,13,0,544,0,146,782,928,725,559,306,97,31,3591,26,144,438,688,766,590,326,165,31,3168,95,300,747,869,902,543,183,121,41,3800,60,76,142,99,128,89,35,15,4,635,18,37,113,152,211,175,95,43,10,850
LGA17620,45,40,92,113,111,117,94,67,45,724,74,177,558,599,569,559,379,171,81,3168,0,0,6,10,13,19,11,5,0,77,0,0,6,9,5,4,3,0,0,35,0,21,91,63,52,50,53,16,10,353,0,7,28,59,67,67,52,17,3,299,28,110,327,327,311,312,206,81,23,1713,4,6,17,0,12,10,3,6,0,59,0,0,12,7,20,16,14,12,6,83,29,116,353,336,348,335,227,100,25,1856,0,0,5,4,5,3,3,0,0,28,38,30,73,68,80,92,103,76,42,593,59,165,563,547,570,582,449,216,80,3238,0,0,10,9,24,15,3,0,0,61,0,0,9,13,16,10,3,0,0,55,0,41,145,137,86,69,36,17,3,529,6,15,75,97,86,60,42,16,3,390,16,88,183,144,142,69,11,8,0,664,12,16,23,27,27,19,5,3,0,134,4,13,35,27,26,20,3,0,0,125
LGA17640,37,14,34,40,79,81,71,44,16,413,51,70,201,275,393,391,323,137,33,1878,0,0,3,16,19,26,19,13,3,99,0,0,0,0,10,4,6,4,0,34,0,4,28,61,55,67,49,23,6,290,4,3,25,36,59,60,51,10,0,249,12,41,136,151,185,237,144,70,10,978,3,0,3,6,9,12,3,3,0,37,0,0,3,3,12,13,18,5,0,59,15,44,144,161,199,254,164,78,9,1071,0,0,0,0,0,5,4,0,0,11,15,10,27,34,58,82,76,57,24,381,30,63,223,306,401,497,367,194,45,2139,0,0,5,11,9,18,4,4,0,50,0,0,6,15,6,18,9,0,0,55,0,11,54,61,70,50,39,7,0,297,0,11,26,64,56,59,39,8,3,266,3,33,61,66,64,49,14,3,0,297,3,5,7,21,19,7,5,0,0,63,0,0,8,17,21,18,11,5,0,84
LGA17650,25,8,15,33,43,52,54,29,7,266,49,51,157,236,277,313,263,76,16,1440,0,0,10,22,13,16,26,16,4,98,0,0,6,8,10,10,8,5,0,38,0,3,25,51,39,35,46,10,3,218,0,0,10,25,40,37,39,17,5,167,12,35,98,92,128,134,98,39,0,640,5,6,8,9,6,3,4,0,0,41,0,0,4,3,7,13,9,3,0,39,13,45,114,100,140,151,112,51,0,723,0,0,0,0,0,0,4,0,0,4,18,11,17,16,39,37,30,28,11,207,30,62,174,224,285,284,262,124,22,1461,0,0,7,24,17,20,8,0,0,80,0,0,5,7,18,16,3,0,0,54,0,6,60,62,58,58,30,6,0,286,0,3,29,62,65,51,20,12,3,243,18,21,52,71,77,38,9,3,0,285,5,3,10,7,13,3,0,0,0,37,0,4,10,15,21,13,0,0,0,75
LGA17750,205,182,315,261,315,322,295,190,69,2146,371,1175,2995,2649,2502,2320,1461,635,208,14322,0,10,182,223,185,173,115,42,13,948,0,0,50,81,95,69,55,20,5,372,0,118,719,648,494,352,258,86,21,2699,9,70,274,324,375,306,214,94,37,1703,110,637,1629,1279,1081,1095,812,337,99,7075,32,49,86,44,36,31,26,7,0,307,4,20,43,50,57,70,75,38,7,366,141,708,1759,1374,1169,1191,911,385,103,7743,5,4,18,21,18,14,15,8,3,105,206,234,333,265,271,237,225,188,108,2073,360,1144,3346,2940,2599,2344,1793,830,289,15646,0,3,115,148,116,82,28,0,0,499,0,8,82,103,113,79,25,8,0,409,0,281,1019,764,476,357,148,62,17,3123,19,104,322,400,424,325,142,76,30,1845,114,478,761,628,544,277,60,32,12,2906,57,97,133,103,93,50,15,4,3,560,11,54,84,97,142,121,62,24,9,600
LGA17850,15,5,24,15,21,23,54,23,21,200,17,31,101,96,123,131,146,48,21,715,0,0,0,0,8,3,6,0,0,20,0,0,0,0,0,0,0,4,0,4,0,0,12,20,14,20,18,11,0,92,0,0,4,10,15,21,15,9,0,77,3,12,36,39,55,68,58,24,4,310,0,0,5,3,4,3,0,0,0,23,0,0,0,0,3,0,5,3,0,10,3,12,48,48,63,73,64,27,4,341,0,0,0,0,0,6,0,0,0,3,11,7,19,13,19,28,42,21,7,169,18,27,85,97,119,147,151,68,11,715,0,0,0,3,3,4,0,0,0,8,0,0,0,8,7,3,0,0,0,17,0,3,23,32,26,22,8,5,0,120,0,4,13,16,19,24,9,0,0,86,8,16,28,21,16,18,9,0,0,117,3,4,6,9,10,0,0,0,0,28,5,0,5,6,6,15,0,0,0,35
LGA17900,27,26,55,56,54,98,86,49,5,465,33,72,192,181,170,262,213,98,16,1238,0,0,4,4,0,0,0,0,0,9,0,0,0,0,0,4,3,0,0,11,0,8,23,22,14,21,7,3,0,92,0,3,24,23,29,28,14,7,4,121,0,15,57,40,54,82,79,35,12,375,6,3,5,3,10,8,5,0,0,25,0,0,0,0,7,14,5,3,0,36,6,17,61,41,67,99,87,38,12,436,0,0,0,0,0,0,5,0,0,5,39,37,89,74,70,109,100,52,11,588,51,68,204,164,186,257,209,98,27,1263,0,0,3,0,0,4,0,0,0,21,0,0,6,6,3,6,5,0,0,24,0,18,64,58,39,32,9,5,0,225,0,3,26,40,26,27,20,0,3,143,3,21,56,43,50,39,13,0,0,229,5,4,5,3,4,7,0,0,0,34,0,0,9,10,9,4,3,0,0,36
LGA17950,5,6,20,19,21,30,24,15,9,153,13,28,99,86,88,99,71,32,13,531,0,0,5,4,0,0,0,0,0,15,0,0,0,3,3,0,0,0,0,9,0,0,14,11,12,5,5,3,0,55,0,5,11,16,3,11,3,0,0,48,3,15,37,26,33,50,27,7,0,201,0,3,0,3,0,0,0,0,0,14,0,0,0,3,4,3,0,4,0,15,3,20,39,35,39,58,26,13,0,230,0,0,4,0,0,0,0,0,0,5,6,3,13,14,21,27,29,17,6,144,13,31,80,82,80,104,68,36,10,509,0,0,0,0,0,0,0,0,0,7,0,0,9,0,7,3,0,0,0,14,0,12,33,28,22,9,10,0,0,110,0,3,13,21,21,12,9,4,0,77,4,8,14,13,19,8,3,0,0,70,6,3,4,3,8,0,0,0,0,28,0,0,3,4,5,6,0,0,0,22
LGA18020,36,38,47,59,78,114,121,82,25,610,62,101,211,285,344,408,361,183,57,2016,0,0,5,15,7,12,9,0,0,54,0,0,0,0,3,5,4,0,0,19,0,8,45,27,29,35,37,17,3,191,0,5,16,21,34,51,35,18,5,172,10,36,118,111,167,165,152,71,18,850,7,6,9,5,0,10,4,0,0,42,0,0,6,5,3,4,18,6,0,45,25,41,131,125,179,174,172,80,18,934,0,0,0,0,3,0,3,4,0,17,47,33,65,52,88,105,123,98,34,645,69,86,260,239,337,374,373,218,63,2021,0,0,10,4,12,12,6,3,0,41,0,0,6,13,16,15,0,0,0,45,0,16,80,75,59,50,29,7,0,322,0,5,27,50,79,59,38,14,5,276,15,33,77,82,83,75,12,10,0,388,14,14,12,18,17,14,7,3,0,97,0,4,12,14,19,27,4,0,0,83
LGA18050,127,208,1061,701,473,302,281,192,153,3490,162,851,6300,5191,3429,2187,1507,749,370,20746,0,12,945,1132,787,470,307,124,28,3818,0,6,121,126,146,101,51,19,5,587,4,342,3365,2248,1635,949,618,242,62,9465,12,95,566,523,411,285,180,65,28,2174,19,123,777,491,418,356,276,211,79,2760,0,8,26,17,12,21,12,6,0,112,0,22,72,66,54,62,57,32,5,378,20,145,877,577,489,441,346,253,87,3246,0,9,88,53,32,32,28,21,12,279,84,109,691,474,265,203,173,165,123,2292,112,717,6658,5145,3779,2491,1700,897,354,21859,0,28,774,681,382,240,77,29,9,2223,0,8,201,220,166,123,40,9,3,760,0,500,3496,2087,1015,594,250,106,34,8080,19,194,814,740,498,395,233,98,40,3033,17,144,353,246,189,132,75,51,41,1244,3,24,55,29,33,12,8,7,0,182,0,27,91,102,78,82,43,23,17,464
LGA18100,14,11,8,19,29,47,47,32,17,219,18,29,79,114,121,166,151,69,27,775,0,0,3,0,0,4,3,0,0,10,0,0,0,0,0,0,0,0,0,9,0,0,16,23,22,13,13,4,0,94,0,0,8,10,28,20,16,4,0,85,0,16,49,74,49,73,70,34,9,375,3,3,0,0,0,6,3,0,0,15,0,0,3,7,4,6,15,4,0,38,3,17,54,77,59,80,89,39,12,433,0,0,0,0,0,0,0,0,0,3,9,3,12,18,18,29,34,29,9,164,17,26,86,130,130,153,150,83,24,798,0,0,0,3,3,0,3,0,0,9,0,0,4,7,5,5,3,3,0,27,0,4,36,24,27,20,10,0,5,130,0,6,16,25,23,26,4,5,0,111,0,15,29,34,32,17,12,0,0,131,0,0,9,6,9,8,0,0,0,31,0,0,3,7,10,4,3,3,0,34
LGA18200,52,22,66,53,66,85,76,36,15,463,63,88,246,248,288,283,209,95,23,1551,0,0,11,3,3,6,0,0,0,29,0,0,0,4,8,3,8,0,0,23,0,3,35,30,41,24,18,3,7,163,0,0,22,36,43,38,20,13,4,179,9,37,143,132,143,138,103,42,9,753,0,5,5,4,7,4,5,0,0,30,0,7,0,8,6,6,6,5,0,36,10,45,147,147,152,145,117,46,9,820,0,0,6,0,0,0,0,0,0,6,51,21,75,75,74,79,69,35,9,495,59,75,284,297,319,307,234,111,22,1712,0,0,0,0,7,5,3,0,0,13,0,0,6,9,11,7,0,0,0,37,0,13,66,62,43,41,14,5,0,241,0,7,31,34,44,31,15,7,0,177,9,30,54,62,59,31,7,3,0,251,9,3,7,13,5,6,0,0,0,40,0,4,6,13,10,9,3,0,0,46
LGA18250,98,132,346,323,251,207,185,113,81,1747,152,937,4473,5160,3990,2781,1859,868,409,20621,0,24,742,1625,1166,729,514,209,53,5051,0,4,83,205,239,132,106,39,9,818,0,545,2087,2416,1887,1368,860,427,146,9745,14,123,343,457,489,398,289,123,59,2298,17,123,298,373,383,345,248,165,76,2024,4,14,22,22,14,8,20,9,0,116,0,9,29,69,79,79,94,35,17,421,25,142,355,467,477,435,360,212,93,2557,6,7,35,33,56,31,39,23,16,264,61,83,261,283,208,149,138,102,81,1372,111,936,3914,5486,4517,3247,2303,1142,459,22105,0,66,921,883,573,326,94,29,0,2891,0,11,211,238,219,164,57,21,8,925,6,623,2529,2353,1459,792,339,164,67,8330,9,163,522,729,681,592,291,168,68,3228,23,109,213,234,212,171,47,30,25,1069,6,17,26,42,52,29,14,7,3,203,3,12,40,66,114,112,60,44,39,486
LGA18350,135,69,167,198,279,254,330,239,116,1788,196,476,1411,1790,2234,2288,2350,1285,358,12376,0,0,149,197,253,235,330,187,54,1409,0,0,14,46,70,95,102,45,5,380,0,57,364,509,508,554,623,371,84,3069,7,44,177,271,349,317,356,246,64,1826,55,305,860,804,952,1032,744,521,122,5396,16,14,30,34,24,30,20,13,4,183,8,6,23,33,78,65,110,84,12,418,78,327,911,874,1052,1127,874,615,143,5999,3,3,12,13,19,21,35,26,12,153,75,77,118,166,217,211,251,227,159,1495,167,513,1742,2073,2468,2559,2573,1712,515,14329,0,4,48,114,134,143,80,24,4,550,0,6,39,82,113,131,45,15,0,428,0,68,316,585,505,508,324,119,23,2443,3,60,168,376,513,469,356,148,31,2124,49,224,320,387,387,242,105,39,13,1769,25,24,49,63,73,53,33,3,0,321,3,25,34,96,114,132,101,43,4,558
LGA18400,159,87,181,214,244,242,217,163,79,1585,276,747,2010,2382,2354,2040,1239,547,147,11744,0,4,65,105,90,106,74,21,3,472,0,3,17,23,39,36,43,12,0,174,4,78,306,302,287,186,182,56,13,1424,3,62,204,286,363,305,195,56,12,1491,119,578,1483,1458,1600,1121,808,351,66,7593,16,13,37,23,25,14,24,4,0,156,7,15,26,57,60,83,87,29,3,372,138,602,1548,1544,1683,1221,920,383,74,8116,0,0,8,15,17,19,9,12,5,89,120,90,186,217,199,168,167,155,70,1367,266,846,2346,2499,2674,2039,1594,693,177,13134,0,12,75,82,79,64,19,7,0,336,0,3,33,66,76,59,15,0,0,251,0,118,430,489,340,245,67,29,5,1722,15,112,290,407,357,251,91,40,5,1559,89,237,441,467,407,199,51,13,4,1909,31,46,63,70,65,58,15,0,0,346,14,33,55,118,129,85,28,6,4,469
LGA18450,434,522,896,797,899,904,926,840,376,6593,830,3772,9907,9592,9267,8291,5698,3072,1062,51504,0,99,1441,1279,983,880,647,239,35,5609,0,17,208,281,256,249,246,68,15,1339,3,1018,3345,2415,2054,1522,1115,434,100,12004,28,364,1054,1468,1604,1258,809,320,87,6980,273,1576,4110,3717,3815,3936,2780,1577,481,22271,75,105,144,134,89,102,71,41,8,757,14,68,125,175,196,288,304,158,32,1366,360,1741,4372,4025,4095,4326,3160,1780,525,24393,10,24,45,82,73,79,94,54,22,476,344,459,849,700,725,660,618,658,338,5348,744,3717,11313,10256,9791,8980,6683,3545,1127,56154,0,69,757,757,631,481,128,19,6,2852,0,55,345,329,376,311,72,13,3,1504,10,1025,2931,2435,1705,1067,483,180,53,9878,49,580,1259,1670,1521,1123,515,218,53,6981,234,1025,2024,1747,1630,782,254,144,55,7895,101,187,346,299,259,155,63,22,4,1451,34,117,226,432,488,369,210,91,23,1986
LGA18500,116,140,462,338,328,269,315,210,112,2295,149,671,3674,3186,2834,2260,2038,956,418,16182,0,12,519,812,751,621,515,298,74,3597,0,6,90,124,115,86,69,42,4,541,0,403,1978,1381,1240,1105,891,469,161,7633,9,40,200,262,288,252,208,141,53,1445,11,50,224,185,205,197,186,134,50,1246,6,4,14,9,12,12,13,4,0,67,4,10,31,33,41,44,53,32,11,259,18,69,270,225,259,252,251,169,62,1578,0,0,35,24,20,25,39,37,13,191,92,93,224,207,167,142,142,156,138,1365,117,622,3315,3046,2851,2487,2103,1297,500,16339,0,30,579,588,477,337,174,45,11,2244,0,8,160,147,153,150,63,22,4,698,3,555,2447,1572,1118,823,415,186,73,7205,3,91,451,484,481,441,297,155,52,2451,12,87,177,155,110,115,54,40,26,773,0,11,23,24,22,25,15,0,4,121,0,10,42,37,60,70,61,27,17,321
LGA18710,56,31,52,96,87,117,83,60,40,620,81,163,487,817,898,774,521,223,76,4041,0,0,36,68,134,106,73,34,7,459,0,0,11,24,55,44,32,12,0,175,0,29,113,162,229,177,138,59,8,923,0,11,58,144,146,126,87,29,6,613,23,100,289,299,338,310,188,102,19,1665,3,8,10,11,4,7,11,0,0,50,0,3,12,15,17,17,20,9,3,94,32,111,306,325,358,332,213,102,18,1803,0,4,0,0,6,0,6,5,0,30,34,28,50,49,80,66,81,54,27,470,66,185,582,769,1014,860,624,299,68,4469,0,0,28,73,63,64,20,0,4,248,0,0,18,56,44,63,20,0,0,201,0,33,182,293,214,168,59,12,4,957,5,25,92,139,124,100,64,20,3,563,10,58,105,165,113,64,19,5,4,536,5,4,20,24,14,18,0,0,0,86,0,3,16,36,31,34,17,6,0,150
LGA19399,5,9,11,17,8,8,5,6,4,60,4,14,49,60,43,49,22,17,5,265,0,0,0,0,0,3,0,0,0,5,0,0,0,0,0,0,0,0,0,5,0,0,8,12,9,8,5,0,0,38,0,0,3,3,7,0,9,4,0,25,0,0,21,26,20,23,20,5,0,125,0,0,0,0,0,0,0,0,0,3,0,0,0,0,0,7,0,0,0,9,0,0,24,26,24,33,21,10,0,135,0,0,0,0,0,0,0,0,0,0,5,0,3,9,5,4,16,7,5,51,3,4,37,49,38,49,44,15,4,252,0,0,0,0,0,0,0,0,0,4,0,0,0,3,0,0,0,0,0,9,0,4,12,10,9,6,0,0,5,43,0,0,12,3,10,6,3,0,0,40,0,5,11,15,10,3,4,0,0,49,0,3,0,5,4,0,0,0,0,11,0,0,0,0,4,3,0,0,0,8
LGA19499,81,173,509,511,476,326,173,50,8,2316,108,439,1170,912,812,697,454,92,19,4704,0,6,38,38,23,22,21,6,0,146,0,0,4,8,6,5,8,0,0,33,0,23,151,73,72,52,47,12,0,425,0,12,61,52,43,56,40,12,0,274,10,41,176,143,132,186,130,32,6,858,3,9,21,8,3,6,4,0,0,55,0,5,13,14,9,13,18,4,0,74,13,56,203,167,145,204,153,35,6,985,0,0,0,4,10,3,8,0,0,30,95,140,431,500,464,326,151,46,5,2149,109,235,894,838,763,667,419,99,17,4042,0,9,87,36,20,29,0,0,0,183,0,4,22,3,23,10,0,0,0,66,0,100,315,115,61,68,25,6,0,681,0,40,83,72,52,66,18,3,5,349,15,57,103,55,70,45,14,4,0,362,14,19,21,16,10,11,0,0,0,95,7,13,20,25,25,21,6,0,0,125
LGA19799,0,3,0,4,0,5,8,5,0,28,0,7,10,13,9,9,32,10,5,95,0,0,0,0,0,0,0,0,0,0,0,0,0,0,0,0,0,0,0,0,0,0,0,0,0,0,0,0,0,0,0,0,0,0,0,0,0,0,0,0,0,0,0,0,0,0,0,0,0,0,0,0,0,0,0,0,0,0,0,0,0,0,0,0,0,0,0,0,0,0,0,0,0,0,0,0,0,0,0,0,0,0,0,0,0,0,0,0,0,0,0,0,0,0,0,0,0,0,0,0,0,0,0,0,0,0,0,0,0,0,0,0,0,0,0,0,0,0,0,0,0,0,0,0,0,0,0,0,0,0,0,0,0,0,0,0,0,0,0,0,0,0,0,0,0,5,4,0,0,3,0,0,0,0,0,3,0,0,0,9,0,0,0,0,0,0,0,0,0,0,0,0,0,0,0,0,0,0,0,0
LGA20110,22,19,45,59,107,110,121,72,37,594,46,132,335,481,609,710,535,237,82,3160,0,0,19,26,40,43,33,14,4,185,0,0,5,21,20,31,33,11,0,123,0,14,91,131,147,103,101,34,7,623,0,15,46,75,94,83,96,38,6,449,13,70,232,249,266,336,232,99,25,1523,6,12,9,9,9,6,9,4,0,55,0,4,5,4,13,15,22,16,3,83,21,86,245,263,290,358,261,111,32,1661,0,0,0,0,3,0,9,4,3,18,43,27,58,54,58,111,100,65,31,544,65,140,474,572,648,721,623,275,76,3599,0,0,12,21,19,15,4,4,0,79,0,0,22,26,34,47,22,4,0,152,0,8,96,144,144,108,52,21,3,572,3,11,41,86,107,97,70,26,5,450,13,41,90,131,130,95,33,20,4,554,0,7,15,15,21,17,9,0,0,84,0,5,11,17,22,21,13,0,0,96
LGA20260,34,60,230,255,200,183,143,92,19,1214,56,151,527,552,561,584,417,206,47,3098,0,0,39,15,10,7,7,3,0,84,0,0,4,6,5,4,16,0,0,42,0,7,79,61,52,60,54,16,0,322,0,0,33,55,56,82,57,30,11,325,17,60,204,168,203,245,188,75,19,1168,0,4,17,6,4,4,5,0,0,47,0,0,4,10,11,7,6,9,0,48,20,65,220,185,216,258,198,82,22,1264,0,0,0,0,4,0,4,7,0,14,18,31,99,80,93,99,86,67,21,585,38,106,477,396,440,512,423,200,52,2643,0,0,8,15,11,10,4,0,0,51,0,0,14,26,16,22,11,0,0,91,0,25,87,91,89,72,43,11,3,425,0,9,45,64,86,88,46,19,8,371,14,47,100,125,100,86,26,8,4,515,9,8,3,16,14,11,6,0,0,63,0,7,18,14,11,9,8,0,0,79
LGA20570,267,295,487,448,483,474,538,400,195,3579,513,1758,4700,4274,4024,3574,2743,1323,426,23331,0,37,479,496,409,305,244,117,23,2106,0,4,115,190,209,207,205,58,8,1001,0,309,1405,1353,1022,681,611,240,42,5666,0,136,573,661,728,547,543,215,48,3453,150,792,2397,1877,1738,1675,1166,642,177,10607,56,66,123,71,56,44,29,11,4,456,12,15,69,75,75,98,88,51,14,492,219,874,2586,2019,1865,1819,1277,704,194,11559,0,8,30,28,31,28,29,25,10,187,191,238,468,372,415,395,441,354,198,3074,416,1609,5657,5119,4688,3981,3349,1705,520,27043,0,18,195,227,246,158,53,14,6,912,0,25,240,309,280,193,69,20,0,1137,0,418,1505,1208,845,651,285,95,16,5027,10,213,630,690,716,547,293,134,32,3270,140,616,1026,850,763,457,145,53,18,4069,70,114,169,120,100,63,25,5,0,669,22,78,126,135,105,86,40,27,6,622
LGA20660,177,192,456,482,482,423,444,328,219,3204,367,1794,6375,6849,5803,4934,3671,1760,681,32230,0,49,1034,1470,972,692,523,254,38,5028,0,12,206,317,346,274,230,85,10,1485,0,636,2482,2806,2034,1442,1043,375,124,10948,7,218,727,922,977,741,662,369,84,4713,117,504,1560,1462,1610,1468,1079,745,239,8775,28,48,69,45,42,40,20,9,0,302,13,20,59,87,126,116,117,68,28,641,163,579,1689,1598,1769,1624,1212,825,267,9722,0,17,39,54,46,39,38,29,12,282,123,181,397,390,343,308,296,267,156,2455,288,1693,6580,7558,6495,5116,4008,2188,687,34624,4,48,629,688,489,354,120,31,6,2364,0,38,508,551,514,371,102,20,5,2113,0,811,3078,2507,1711,1142,439,190,57,9949,15,350,905,1070,1005,841,371,160,69,4788,103,445,713,777,710,420,160,102,38,3474,46,59,88,83,78,83,25,0,0,472,16,54,107,197,231,188,76,55,24,948
LGA20740,104,57,123,116,233,258,295,236,107,1532,151,264,1008,1087,1373,1628,1566,767,268,8105,0,8,54,70,63,109,127,48,0,478,0,3,23,45,57,64,104,25,4,313,0,29,238,297,240,299,349,114,18,1583,0,26,126,216,204,254,351,142,32,1364,35,181,637,708,780,975,893,434,120,4763,12,17,27,21,20,19,13,3,3,140,3,3,19,20,35,56,80,27,4,256,53,203,680,750,836,1055,984,462,126,5160,0,3,4,4,10,7,20,10,3,67,92,55,136,172,204,265,320,244,107,1600,145,321,1260,1557,1615,2058,2253,1052,301,10564,0,4,25,45,26,44,19,7,0,165,0,8,43,72,71,61,33,7,0,288,0,46,276,259,222,242,162,46,12,1263,0,43,147,209,209,244,144,82,20,1099,26,116,255,267,246,194,80,32,3,1221,16,25,54,44,34,23,11,0,0,206,0,18,28,47,52,51,39,18,3,252
LGA20830,154,107,186,215,282,297,326,207,86,1865,256,657,1891,1821,2094,2037,1675,750,205,11384,0,0,88,114,105,111,100,44,8,569,0,0,30,61,63,82,101,23,0,364,0,87,416,389,329,302,295,128,18,1957,0,46,262,330,266,297,321,131,30,1686,72,402,1422,1195,1204,1165,858,422,110,6860,12,31,38,31,20,16,24,8,0,178,7,10,44,44,45,57,77,35,9,330,96,442,1507,1263,1269,1236,954,468,124,7366,4,11,16,25,12,18,17,15,3,117,106,95,215,245,250,257,275,209,87,1738,209,673,2534,2435,2289,2306,2054,1025,266,13795,0,0,53,52,73,56,24,9,0,267,0,8,66,104,119,106,26,4,0,430,0,109,457,439,398,333,141,34,5,1915,5,95,316,352,351,326,174,65,17,1699,56,241,473,434,417,264,84,31,11,2005,35,41,80,69,54,58,7,4,5,352,11,19,66,61,79,55,41,12,9,350
LGA20910,167,142,285,361,465,400,346,283,187,2629,235,1113,3041,4830,6178,4814,3388,1617,756,25974,0,28,437,945,1248,1025,599,298,67,4645,0,15,97,201,340,297,232,75,21,1290,0,553,1468,2081,2793,2160,1453,675,194,11378,6,145,335,547,776,701,640,407,158,3715,55,217,588,561,828,881,544,390,155,4218,20,19,21,32,20,20,18,10,0,153,0,22,26,66,106,108,109,78,13,535,75,253,639,657,947,1014,670,484,166,4905,0,5,26,38,59,54,65,32,25,306,92,75,199,277,330,238,262,260,178,1909,179,1062,3191,4755,6497,5494,3914,2232,821,28144,0,22,297,754,629,391,126,41,14,2271,0,13,167,485,517,356,132,38,9,1706,3,520,1598,2702,2149,1275,610,255,106,9219,7,191,441,973,1113,934,559,272,92,4579,39,148,242,359,463,238,164,73,47,1773,15,24,34,52,72,60,30,10,13,297,7,22,49,126,174,161,92,52,37,717
LGA21010,52,37,61,67,92,120,138,90,37,696,82,165,417,415,555,673,590,282,99,3292,0,0,28,23,13,21,28,6,3,132,0,0,6,6,18,20,28,13,0,94,0,7,78,52,63,68,79,35,4,392,0,10,42,63,74,103,105,51,9,461,17,88,241,242,269,333,277,132,36,1633,6,14,9,5,3,7,10,0,0,57,0,6,9,11,15,26,24,12,0,92,27,102,259,255,289,360,303,148,42,1782,0,0,7,6,4,8,3,7,0,29,48,41,75,66,84,125,126,89,36,683,79,165,496,470,539,697,681,359,94,3569,0,0,15,11,22,22,4,0,0,81,0,0,13,21,51,32,14,8,0,131,0,23,96,107,121,110,46,25,8,526,5,12,61,80,107,108,67,38,7,491,34,62,135,123,167,119,28,14,0,684,15,14,18,27,25,23,3,5,0,126,0,4,13,20,22,24,11,0,5,95
LGA21110,277,343,698,553,665,525,446,364,211,4092,466,3088,9395,8284,9575,7449,5021,2408,1056,46744,0,121,1913,2294,2399,1996,1315,679,163,10879,0,17,276,418,602,562,395,123,28,2418,4,1582,4472,3914,4276,3521,2312,1085,379,21550,23,403,759,704,924,868,823,525,191,5223,60,393,948,662,767,842,545,401,173,4790,23,49,57,35,30,44,23,13,4,273,16,30,71,76,127,135,115,66,26,663,97,469,1075,778,927,1020,679,481,202,5727,9,18,68,77,67,66,73,59,25,462,154,194,485,405,422,372,336,313,185,2871,289,2805,9053,8589,9615,8401,5935,3269,1179,49134,0,138,1308,1584,1326,886,317,98,34,5692,0,54,541,849,950,719,249,68,24,3436,4,1823,4801,4654,4144,2525,1161,567,240,19922,27,442,956,1325,1641,1424,811,482,243,7344,87,305,487,460,514,338,162,132,61,2543,34,42,66,65,77,82,42,18,8,432,20,62,76,160,242,199,133,91,65,1040
LGA21180,550,657,1429,1029,995,961,893,572,224,7307,915,3785,10746,8037,6425,5285,3383,1413,444,40448,0,136,1591,889,393,259,144,43,7,3461,0,15,193,175,146,113,79,23,4,753,7,1073,3605,2449,1520,973,596,185,30,10440,21,518,1572,1469,980,824,477,153,28,6040,180,863,2345,2219,2236,2231,1639,764,191,12680,36,100,140,138,115,71,40,10,0,654,14,72,171,177,221,227,135,48,13,1075,234,1037,2652,2536,2572,2536,1810,823,206,14407,10,28,124,88,49,64,53,24,3,451,389,581,1560,1191,910,806,692,568,217,6910,656,3383,11299,8788,6574,5573,3855,1819,496,42455,0,39,731,317,167,78,23,4,0,1359,0,33,276,255,134,98,17,4,0,821,9,1026,3418,2036,1045,606,152,56,10,8353,49,734,1649,1355,862,516,152,54,16,5383,169,677,1436,1187,929,511,137,71,18,5142,72,124,254,204,172,83,11,10,0,932,17,120,248,300,261,139,36,13,4,1147
LGA21270,17,9,26,27,51,78,71,54,40,367,28,58,176,169,252,294,193,106,64,1330,0,0,11,10,0,0,3,0,0,25,0,0,0,7,0,9,5,0,0,16,0,11,37,27,32,15,20,0,4,148,0,5,14,20,29,21,29,5,3,123,17,36,94,84,133,164,109,42,10,685,0,0,3,0,4,0,5,0,0,16,0,0,0,0,5,13,10,3,0,30,17,36,101,88,148,174,120,40,10,734,0,0,0,0,0,0,3,4,0,4,34,14,27,30,48,60,64,44,31,351,52,66,187,169,260,283,249,97,45,1401,0,0,5,9,0,0,0,0,0,18,0,3,13,13,18,10,7,0,0,59,0,13,53,50,57,32,20,17,0,239,0,0,15,22,39,40,24,10,3,156,0,18,39,60,55,51,8,4,0,240,0,6,15,14,12,0,0,0,0,43,0,0,3,9,11,8,8,3,0,44
LGA21370,143,79,137,194,247,289,306,272,123,1786,219,461,1218,1317,1493,1496,1126,603,221,8152,0,0,42,32,39,31,21,6,0,177,0,0,18,26,26,39,31,13,0,152,0,31,201,199,176,131,130,38,9,924,4,30,89,161,171,190,173,78,12,891,50,285,794,674,835,892,612,276,74,4490,15,16,19,25,20,19,12,6,0,130,6,6,15,23,30,31,38,16,5,167,68,305,837,722,887,941,664,290,80,4790,0,6,0,7,4,16,8,12,7,58,107,63,164,154,224,236,292,247,106,1588,173,430,1343,1307,1523,1578,1316,688,214,8583,0,0,26,33,33,20,10,3,0,125,0,0,43,70,56,39,18,0,0,236,0,82,348,327,246,186,88,33,7,1317,3,58,152,238,268,198,121,47,17,1095,44,176,343,358,370,225,87,30,7,1624,18,31,42,63,41,19,14,6,0,229,7,23,35,61,54,37,18,13,8,255
LGA21450,296,215,416,446,508,421,346,238,104,2987,512,1483,4696,4573,4064,2991,1941,822,224,21311,0,11,497,616,304,169,123,39,3,1762,0,10,66,135,111,96,68,30,5,517,0,260,1247,1338,783,447,361,118,20,4573,9,196,976,1175,703,494,345,160,34,4095,135,850,3119,2629,2321,1802,1032,521,114,12531,56,58,93,82,37,28,23,6,0,369,10,29,94,110,107,95,80,33,7,565,204,938,3304,2821,2466,1925,1136,555,122,13467,0,12,58,66,39,19,19,21,0,235,245,217,580,526,449,350,321,255,120,3067,453,1638,6732,6682,4849,3505,2368,1184,305,27717,0,3,127,95,81,57,23,3,0,394,0,6,139,161,124,84,30,7,0,549,0,228,922,760,547,362,141,36,11,3009,20,235,710,718,533,322,177,44,16,2770,127,517,955,817,668,326,127,23,9,3574,50,69,151,144,103,52,12,0,5,597,24,56,143,147,118,66,42,8,16,619
LGA21610,730,734,1473,1418,1326,1150,903,624,286,8653,1518,4917,14926,15543,12550,8865,4819,2176,635,65958,0,95,1770,3147,1326,635,319,105,11,7408,3,21,252,444,356,271,156,47,7,1559,11,1239,4964,5751,3071,1706,940,311,67,18059,46,900,3270,4189,2698,1766,969,346,97,14280,407,2177,6426,5814,5572,4768,2661,1192,308,29317,143,221,290,225,157,123,48,20,3,1228,38,98,313,408,369,306,189,83,25,1831,585,2496,7025,6439,6098,5195,2904,1291,337,32383,12,61,143,219,148,114,89,48,8,845,604,770,1935,1736,1279,1039,808,583,211,8964,1257,5587,19365,21935,14981,10729,6183,2732,730,83500,0,33,836,563,303,128,37,13,0,1906,0,38,413,422,272,160,55,10,4,1368,11,927,3950,2960,1625,848,260,106,27,10713,79,875,2567,2644,1804,939,357,121,31,9410,381,1281,2734,2447,1839,940,273,105,17,10028,174,188,439,362,295,156,28,12,0,1663,70,167,356,542,449,239,96,32,6,1966
LGA21670,48,27,41,61,97,105,133,94,34,638,63,139,320,371,513,547,536,263,76,2827,0,0,7,7,5,9,18,6,0,54,0,0,0,6,9,8,21,0,0,44,0,14,53,36,33,44,50,41,3,271,0,9,23,26,55,54,49,31,3,253,13,59,201,190,291,312,317,152,29,1560,3,4,16,8,5,10,8,3,0,67,0,0,9,5,12,8,19,7,4,66,19,64,222,202,307,335,335,162,29,1689,0,0,0,0,4,0,7,8,0,13,43,22,49,54,115,99,128,99,32,637,62,109,365,330,526,549,598,346,77,2957,0,0,4,3,12,10,7,0,0,29,0,0,13,12,14,24,12,0,0,79,4,19,52,60,74,68,47,14,8,342,0,10,40,54,72,92,31,10,9,323,14,49,104,114,143,80,26,9,6,542,7,17,22,22,25,10,9,0,0,109,0,8,11,25,15,15,8,0,3,86
LGA21750,65,55,126,94,141,164,160,112,48,958,105,290,778,763,823,918,666,288,100,4737,0,0,28,30,41,40,32,16,0,189,0,0,7,22,18,25,29,6,0,99,0,14,141,110,96,104,163,47,12,693,0,19,77,92,119,146,117,44,12,622,25,161,465,465,417,458,322,124,28,2456,4,5,24,17,14,9,14,0,0,90,0,3,15,14,13,27,25,10,0,119,32,170,507,494,444,492,352,137,30,2661,0,0,9,6,3,9,11,8,0,47,44,38,109,102,117,136,140,92,53,834,75,235,878,858,838,943,845,354,107,5145,0,0,10,24,22,28,9,4,0,91,0,5,13,31,42,40,14,5,0,148,0,25,176,162,153,152,68,27,0,762,0,32,101,138,152,145,64,36,9,684,31,118,216,217,205,147,34,10,0,976,9,13,35,14,20,13,5,0,0,115,6,10,22,21,31,23,13,3,0,125
LGA21830,67,45,73,77,138,135,147,108,44,824,101,223,467,537,712,598,449,227,73,3386,0,0,15,11,18,21,15,9,0,88,0,0,4,12,19,16,21,5,0,74,0,19,93,86,80,62,66,18,3,426,0,4,39,56,78,89,80,19,8,381,15,119,300,268,366,376,210,82,14,1760,10,9,13,16,3,11,8,5,0,62,5,6,8,11,12,14,17,8,3,85,26,128,324,289,382,400,225,94,20,1896,0,0,3,0,7,4,5,0,0,25,59,33,83,70,99,111,123,87,43,710,90,187,566,536,680,703,541,235,76,3599,0,0,6,17,9,14,4,0,0,51,0,4,24,21,27,24,9,0,0,103,0,31,128,153,124,96,57,18,4,609,0,19,73,110,131,92,53,27,5,508,23,53,152,170,145,90,28,7,4,682,6,16,26,20,17,9,0,0,4,96,6,9,22,27,21,9,10,5,0,113
LGA21890,307,454,1212,932,742,573,493,515,295,5527,523,2731,11171,8743,6287,4043,2104,1233,554,37390,0,120,2078,1850,1141,650,304,79,14,6238,0,20,329,446,451,303,190,28,3,1777,4,890,4753,3858,2405,1292,609,187,43,14025,14,394,1282,1206,1017,671,344,122,36,5087,94,524,1841,1531,1516,1171,725,404,149,7956,31,52,107,71,64,41,14,0,0,386,6,29,107,124,157,132,63,32,9,668,126,606,2048,1732,1740,1351,804,443,162,9012,0,20,78,83,59,37,36,17,6,345,139,321,817,657,552,434,395,349,254,3908,285,2369,11387,9832,7362,4746,2682,1212,519,40388,0,107,1326,1098,640,310,56,18,0,3560,0,38,693,824,573,270,41,15,0,2446,4,1137,4758,3312,1440,659,160,55,29,11557,21,521,1448,1297,842,384,129,70,29,4729,110,472,927,769,649,310,101,62,26,3435,47,76,115,119,92,43,7,4,0,508,13,59,166,212,177,85,32,25,8,779
LGA22110,185,113,199,225,312,383,558,308,153,2432,253,485,1267,1384,1749,2197,2368,1049,320,11063,0,4,50,52,58,73,95,53,6,384,0,0,16,33,44,61,104,30,0,287,0,18,206,206,215,268,329,138,20,1399,0,30,128,178,230,327,400,206,42,1538,52,221,775,779,866,1156,1140,596,131,5710,14,14,24,32,21,34,40,4,3,179,5,10,31,35,32,74,89,47,13,327,71,244,829,849,923,1259,1262,648,141,6224,0,0,11,6,9,8,27,13,0,81,124,85,187,216,278,373,424,327,130,2144,197,378,1434,1542,1751,2368,2636,1412,341,12054,0,4,28,42,43,69,16,7,0,212,0,5,53,76,93,113,41,3,3,381,0,56,291,333,333,359,182,75,14,1646,10,51,179,281,339,386,188,79,29,1537,53,182,386,407,395,330,98,38,14,1902,22,28,73,54,70,39,11,6,0,296,4,22,55,55,62,76,41,14,3,344
LGA22170,332,335,712,726,776,703,594,457,241,4874,627,2007,6437,6481,5930,5003,3284,1646,603,32016,0,22,310,431,335,258,169,51,16,1581,0,6,98,181,165,151,132,34,7,782,0,288,1412,1439,1098,686,524,228,45,5713,10,196,872,1258,1035,791,576,240,54,5028,154,853,3287,2971,2841,2414,1570,837,221,15153,56,66,105,90,60,48,31,10,6,470,8,30,97,149,148,153,121,60,16,778,212,952,3494,3208,3052,2607,1728,902,240,16399,4,13,44,46,43,54,40,33,18,307,233,215,648,623,688,572,446,382,217,4029,462,1686,6882,7190,6417,5116,3620,1871,597,33836,0,7,215,227,133,114,43,10,0,748,0,20,249,262,224,177,57,13,0,998,6,406,1752,1349,893,615,300,108,26,5455,33,412,1150,1222,1011,703,340,127,49,5037,176,759,1482,1294,1135,689,254,88,31,5922,85,117,249,189,158,96,26,8,4,929,39,96,198,261,228,178,86,33,13,1137
LGA22250,32,27,50,54,67,87,108,91,38,554,52,140,291,334,392,425,338,174,52,2201,0,3,8,3,0,7,4,0,0,33,0,0,6,6,4,12,3,4,0,29,0,9,40,51,35,34,23,7,0,201,0,8,19,34,47,33,49,17,3,212,10,74,171,184,205,251,202,79,14,1193,0,4,4,4,6,4,0,5,0,31,0,0,3,3,9,8,14,0,0,42,10,77,183,193,218,263,212,83,15,1261,0,0,0,4,0,3,5,0,0,20,14,32,32,64,59,79,105,65,36,495,31,127,286,358,359,442,411,181,57,2251,0,0,9,9,3,10,0,0,0,24,0,0,16,17,18,17,9,0,0,77,0,16,72,63,54,64,36,11,4,322,0,12,44,60,51,53,39,10,5,270,11,25,70,90,101,69,28,7,3,410,10,4,17,21,18,11,0,0,0,83,4,5,10,16,12,12,3,0,0,58
LGA22310,205,292,716,586,529,454,401,302,193,3671,364,2345,8944,8244,7207,5479,3273,1500,785,38139,0,138,2135,2064,1531,938,606,208,52,7670,0,11,229,409,437,361,262,48,16,1783,0,1078,4066,4050,3213,2266,1483,535,159,16854,17,316,910,1042,1040,811,681,280,96,5197,63,391,1264,1011,1172,1129,817,452,201,6502,27,48,48,55,37,31,13,15,0,267,9,26,88,102,143,141,112,55,16,691,95,463,1399,1164,1359,1301,940,518,221,7461,0,20,78,94,73,58,64,42,22,453,115,233,639,485,415,336,357,276,196,3044,228,2269,9451,9303,8073,6066,4401,1910,761,42466,6,138,1416,1079,664,427,116,45,14,3902,0,40,417,717,672,408,110,21,12,2397,5,1136,4184,3782,2407,1467,534,252,82,13852,18,399,1089,1471,1268,969,455,245,103,6018,73,272,569,598,574,400,175,134,71,2857,27,51,55,72,66,60,16,15,3,366,3,50,83,193,209,146,104,54,20,865
LGA22410,82,63,83,108,158,185,173,110,49,1017,123,272,556,676,883,880,643,275,88,4395,0,0,16,17,18,15,23,5,0,96,0,0,5,12,12,21,20,3,0,74,0,11,90,75,86,85,98,29,0,476,0,11,47,76,60,103,116,30,3,452,23,131,361,352,482,500,342,132,28,2357,9,20,16,12,7,5,11,0,0,70,0,3,8,16,23,26,27,7,5,124,35,148,388,382,509,534,381,147,33,2552,4,0,0,3,5,11,3,3,0,34,53,39,82,98,123,137,161,116,47,866,96,207,617,672,822,910,802,337,92,4550,0,0,13,18,17,9,4,3,0,69,0,0,17,43,27,35,9,0,0,128,0,31,158,140,152,122,44,20,7,679,5,20,83,129,131,115,55,19,4,560,28,81,197,195,221,127,27,7,3,891,15,17,35,17,22,23,6,0,0,136,9,11,22,25,32,27,11,6,0,142
LGA22490,88,42,65,109,140,116,116,62,15,753,134,264,767,1148,1106,942,639,202,38,5224,0,0,23,44,38,50,34,7,0,201,0,0,15,29,39,29,42,8,0,155,0,29,154,166,148,126,109,28,0,757,0,30,92,173,169,170,127,33,3,802,37,172,574,713,766,527,371,136,23,3320,9,10,15,16,8,10,12,5,0,83,0,5,17,28,29,26,17,14,0,132,48,188,605,755,799,560,405,150,23,3534,0,0,7,9,9,6,9,4,0,47,60,48,80,92,139,112,133,75,18,755,105,290,975,1269,1344,1056,849,312,51,6263,0,0,13,26,32,32,7,0,0,109,0,0,32,56,50,36,12,0,0,187,0,30,176,233,164,144,46,16,0,811,0,20,123,184,158,117,51,10,7,673,24,77,186,238,199,119,31,6,0,885,4,19,33,28,24,19,0,0,0,124,0,5,23,34,38,27,14,0,0,154
LGA22620,353,274,539,495,601,663,678,488,263,4353,559,1801,4819,4433,4480,4335,3180,1525,539,25667,0,30,293,336,274,245,246,96,13,1536,0,12,114,183,207,194,177,35,5,923,0,247,1242,1131,881,626,584,216,54,4983,6,125,522,660,665,707,633,304,56,3671,129,730,2597,2252,2213,2149,1521,795,221,12615,42,77,104,77,58,42,42,7,0,460,10,31,66,90,98,112,128,53,24,596,183,840,2767,2420,2365,2302,1686,855,248,13665,0,5,31,21,29,26,36,22,13,191,212,222,520,482,533,556,527,448,249,3744,406,1478,5487,5223,4958,4655,3889,1982,636,28710,0,9,109,180,182,138,43,7,0,678,0,22,256,279,287,250,66,7,0,1175,3,383,1450,1161,913,649,296,120,20,4998,8,177,522,685,700,595,298,129,49,3169,124,662,1175,1024,1017,570,191,63,19,4853,71,116,194,132,147,90,25,7,7,783,16,67,118,162,162,120,51,15,5,721
LGA22670,378,516,1144,853,774,678,642,499,207,5689,666,2942,9300,6432,4617,3628,2652,1425,432,32096,0,105,1542,1070,470,240,140,40,9,3614,0,18,149,154,115,91,70,30,4,629,3,799,3385,2223,1147,719,459,199,56,8988,17,510,1582,1349,849,614,374,159,47,5502,128,705,1741,1563,1506,1305,1068,675,174,8868,33,84,143,114,64,57,28,6,0,532,3,43,178,163,147,138,95,51,5,835,163,834,2062,1840,1718,1498,1198,735,181,10234,0,32,123,125,60,45,48,22,16,470,252,438,1368,943,673,649,531,406,184,5448,448,2735,10207,7703,5031,3857,2826,1586,492,34883,0,58,715,291,119,71,26,7,0,1280,0,15,175,101,86,88,21,5,3,494,10,683,2471,1177,617,447,127,70,25,5625,22,546,1499,920,632,441,164,88,20,4334,114,464,987,798,687,451,151,76,33,3763,48,81,163,143,104,85,23,7,0,647,23,66,171,190,163,122,61,22,3,813
LGA22750,609,657,1361,1282,1281,1183,1235,955,516,9076,1139,3947,11084,10390,9707,9096,6845,3422,1302,56927,0,174,1812,1229,904,726,568,250,30,5688,0,16,337,406,371,416,388,111,16,2071,0,1023,3942,3464,2442,1815,1549,549,147,14939,36,536,1636,1800,1789,1484,1480,678,147,9586,293,1635,5380,4608,4293,4221,3293,1659,515,25907,102,115,204,180,112,88,70,23,0,894,24,52,147,188,220,223,251,152,30,1284,411,1810,5730,4981,4620,4540,3610,1828,551,28078,6,41,72,98,64,65,76,78,32,523,427,597,1229,937,969,940,981,864,431,7377,876,4200,14761,12917,11167,9981,8654,4357,1355,68269,0,33,402,501,415,284,117,12,4,1775,0,37,438,573,508,398,139,35,5,2132,4,957,3477,2733,1944,1471,655,244,69,11559,32,531,1457,1880,1666,1408,734,358,104,8159,359,1134,2253,2036,1897,1112,377,175,55,9393,143,203,317,224,210,154,54,22,9,1324,58,145,283,334,365,276,169,62,34,1735
LGA22830,239,187,499,449,494,451,447,302,114,3182,371,932,2647,2412,2474,2176,1532,710,227,13488,0,11,188,182,117,84,62,20,4,669,0,0,56,67,78,74,56,17,4,348,0,101,549,450,320,271,220,61,18,1988,5,63,342,357,321,308,240,112,21,1774,78,475,1293,1086,1182,1072,759,356,85,6376,31,38,59,44,41,29,16,6,0,257,4,25,40,53,64,49,45,22,0,296,112,533,1394,1178,1286,1148,815,378,83,6932,4,7,20,18,11,20,12,5,5,104,227,194,448,378,414,393,339,329,149,2869,346,908,2991,2643,2550,2300,1741,925,287,14679,0,0,71,78,74,60,13,0,0,294,0,16,116,111,126,77,14,3,0,457,0,182,719,552,403,325,82,40,17,2320,13,122,380,443,358,295,137,61,16,1822,82,328,573,557,515,302,73,34,10,2472,46,73,104,76,65,40,20,0,0,417,11,23,75,86,80,66,15,11,4,368
LGA22910,66,37,54,70,125,162,146,103,42,803,95,139,401,595,785,907,732,311,85,4052,0,0,35,53,84,96,84,30,5,395,0,0,10,16,36,53,60,7,0,185,0,13,78,143,191,179,174,55,14,862,0,6,53,102,121,151,147,54,4,642,19,59,225,243,300,334,279,136,30,1616,3,3,12,8,13,9,5,0,0,63,0,0,7,13,23,25,28,7,0,95,20,69,247,262,325,370,313,142,33,1779,0,0,5,0,5,4,18,0,0,32,30,23,55,71,103,125,139,109,49,699,45,114,481,657,862,972,939,400,102,4586,0,0,12,50,64,56,14,0,0,186,0,3,28,51,54,82,20,3,0,243,0,20,130,191,193,198,72,20,3,831,0,18,73,130,135,143,83,22,13,618,13,32,102,144,129,84,24,10,4,549,3,13,17,14,18,10,3,0,0,85,0,11,16,14,17,20,16,3,4,95
LGA22980,17,4,15,24,34,48,50,36,14,247,26,76,159,168,196,243,141,86,26,1119,0,5,8,9,3,5,4,3,0,30,0,0,0,0,3,5,0,3,0,14,0,3,30,17,14,20,17,11,0,118,0,4,16,19,25,23,16,0,0,112,6,29,125,98,85,140,68,23,11,594,6,3,10,6,0,4,4,4,0,34,0,4,0,3,5,10,9,4,0,39,15,35,136,113,97,152,77,28,19,665,0,0,0,0,0,0,0,7,0,4,18,6,14,22,26,37,55,37,26,237,24,54,201,183,171,249,170,85,39,1183,0,0,3,4,0,0,0,0,0,15,0,0,7,14,5,8,0,0,0,41,0,10,50,46,47,26,18,8,0,203,0,8,23,36,37,28,10,9,0,146,0,16,43,58,66,28,10,0,0,225,6,3,6,13,11,4,0,0,0,39,0,5,5,8,6,12,7,0,0,34
LGA23110,158,191,455,475,422,412,336,302,153,2909,285,1311,4869,4997,4185,3253,1769,900,354,21927,0,32,637,853,546,374,193,67,7,2708,0,10,120,225,166,180,109,20,0,823,0,352,1650,2014,1345,829,410,144,27,6772,6,177,579,768,720,494,292,133,28,3203,51,338,1249,1209,1256,1267,854,385,150,6761,20,24,56,33,41,30,16,3,0,230,6,24,48,90,113,93,68,10,6,460,82,382,1354,1337,1408,1391,944,402,157,7450,0,4,39,41,22,18,32,16,3,177,113,162,481,438,348,278,246,193,97,2362,205,1120,4864,5669,4554,3563,2217,970,324,23494,0,15,477,433,304,129,34,5,0,1394,0,14,208,347,297,140,39,5,0,1053,0,410,1900,1619,888,472,140,53,9,5507,12,259,692,815,641,354,133,71,22,2997,75,243,585,570,470,248,76,53,14,2335,35,42,91,80,72,42,8,5,0,381,13,42,87,127,126,61,31,14,3,514
LGA23190,58,29,101,80,107,97,104,83,47,713,107,287,808,698,756,737,470,231,95,4183,0,9,49,44,40,25,17,4,3,183,0,0,12,17,22,24,13,12,0,93,0,27,149,112,111,83,59,24,4,574,0,18,75,105,126,122,96,34,11,590,35,153,506,406,366,426,228,97,24,2233,8,13,20,13,7,10,4,4,0,74,0,6,7,18,16,26,22,8,0,100,39,171,532,426,387,459,257,107,23,2403,0,0,5,4,3,0,13,3,0,30,44,44,95,77,63,93,92,81,48,649,89,272,917,794,743,802,546,269,87,4519,0,0,27,31,18,11,3,0,0,96,0,4,44,47,41,36,11,5,0,183,0,64,224,192,143,141,52,31,10,854,0,36,124,153,143,130,63,32,11,693,26,134,194,184,178,119,36,9,0,889,21,21,26,29,17,19,6,4,0,144,0,8,17,33,24,23,7,3,0,119
LGA23270,567,598,1267,1017,986,817,663,395,125,6430,1035,3523,10229,8456,7266,5230,2905,1204,318,40179,0,86,1452,1813,644,352,200,42,10,4605,0,34,191,265,189,151,109,26,4,972,6,881,3664,3262,1537,1023,570,147,33,11117,20,611,2357,2390,1391,1054,602,165,35,8621,260,1409,4195,3426,2990,2741,1519,699,157,17407,81,143,215,162,116,81,44,8,0,845,38,73,250,274,216,198,121,49,15,1232,383,1623,4657,3865,3329,3020,1684,754,172,19485,12,42,103,156,94,76,50,28,13,571,519,636,1666,1434,950,829,521,377,132,7062,936,3911,14090,13195,8133,6501,3731,1537,386,52435,0,24,416,277,155,63,15,7,0,965,0,33,247,245,159,125,31,3,0,843,10,744,2334,1533,934,460,156,59,10,6244,32,541,1498,1334,1040,525,169,55,7,5201,213,841,1504,1343,1067,512,133,52,3,5690,109,157,306,251,170,71,20,7,0,1094,40,116,239,308,246,155,52,13,4,1174
LGA23350,50,34,108,118,140,143,134,95,33,860,79,163,470,711,847,892,648,262,74,4151,0,0,15,28,48,49,59,20,0,224,0,0,3,19,36,25,38,16,0,142,0,8,73,145,153,143,157,49,10,738,0,5,38,83,108,145,138,50,4,574,22,87,336,342,413,420,284,123,11,2040,6,7,11,12,6,10,15,0,0,65,0,3,3,19,19,24,26,15,0,110,32,97,349,373,433,448,325,140,12,2215,0,0,0,7,9,4,3,0,4,27,51,38,55,75,86,120,83,87,16,598,79,142,538,724,878,943,806,363,59,4523,0,0,18,40,44,64,9,5,0,179,0,0,19,42,71,52,10,5,0,193,0,8,144,217,194,175,68,30,11,843,0,15,61,125,159,136,65,23,8,587,14,53,126,175,167,105,41,9,0,690,16,3,18,17,35,23,9,0,0,113,0,0,7,27,35,35,5,0,4,118
LGA23430,221,281,637,670,628,600,585,554,350,4522,433,2193,7604,8555,7361,5532,3603,2052,828,38155,0,65,1106,1324,886,548,341,142,22,4436,0,11,159,314,333,250,201,58,4,1337,0,678,2912,3239,2379,1451,878,349,102,11980,18,306,1004,1297,1471,1004,743,328,123,6290,118,612,2066,2123,2429,2186,1461,878,290,12162,28,51,78,66,58,55,38,16,3,391,16,23,72,143,205,194,155,60,31,890,156,692,2214,2330,2688,2435,1654,948,326,13450,3,16,60,78,69,53,59,41,19,390,137,220,587,494,462,446,439,399,226,3415,323,1989,8032,9069,8286,6181,4323,2257,826,41291,0,30,735,624,350,214,75,16,3,2047,0,27,360,561,380,237,70,21,3,1665,5,734,3193,2850,1595,891,385,164,40,9861,27,446,1325,1714,1285,895,434,178,51,6346,125,477,949,1068,955,643,260,143,61,4673,48,67,150,143,146,109,31,18,3,709,16,61,162,285,238,197,103,58,34,1164
LGA23670,232,240,505,530,546,562,505,407,230,3761,517,2404,7634,7611,7377,6314,3914,2008,635,38412,0,54,896,1448,815,677,338,108,25,4356,0,19,135,256,232,238,180,59,12,1128,0,730,2710,2849,1967,1422,982,365,92,11112,15,308,956,1343,1251,1054,813,359,95,6189,153,825,2414,2273,2673,2591,1817,1020,280,14056,72,72,102,86,51,69,40,17,4,503,10,38,87,150,145,166,141,77,22,831,231,935,2601,2509,2870,2821,1994,1112,307,15391,6,16,43,65,52,58,51,41,21,348,149,190,510,465,425,369,372,370,211,3057,394,2250,7849,8939,7616,6634,4732,2413,756,41577,0,21,525,454,330,183,34,13,0,1566,0,29,318,376,309,192,72,11,4,1303,7,844,2827,2276,1560,938,329,113,33,8918,47,530,1338,1560,1426,936,391,158,56,6438,207,662,1260,1205,1193,792,277,98,37,5740,73,79,191,157,176,107,39,9,3,836,39,101,180,294,289,236,116,48,22,1319
LGA23810,260,248,424,412,525,582,528,366,167,3512,409,1211,3105,2773,3232,3215,2261,1098,370,17678,0,9,121,125,87,98,76,34,6,569,0,5,33,42,67,63,80,21,0,299,0,119,503,415,344,292,246,115,17,2054,3,54,264,332,339,403,334,163,30,1920,103,564,1872,1567,1622,1841,1340,607,156,9669,33,32,80,64,32,22,17,13,4,301,3,12,40,46,47,62,87,28,10,329,136,603,1988,1674,1706,1922,1441,648,170,10298,0,0,14,16,24,26,25,19,5,123,214,197,449,401,430,460,445,336,181,3112,358,991,3373,3005,2985,3273,2643,1336,416,18372,0,4,70,88,69,74,20,3,0,329,0,15,110,144,122,107,30,3,0,533,0,265,728,510,508,361,148,50,13,2592,16,173,381,434,452,336,167,52,13,2029,105,489,921,706,696,363,99,46,11,3436,62,102,143,98,84,50,15,0,0,558,15,66,106,129,110,83,36,15,5,565
LGA23940,37,12,38,50,70,99,104,64,26,498,48,54,175,243,342,409,285,131,36,1722,0,0,6,0,3,7,4,3,0,26,0,0,0,0,7,3,11,0,0,21,0,7,28,43,39,34,20,9,0,165,0,0,15,24,33,35,43,7,3,173,7,27,114,132,167,212,138,48,16,872,0,5,8,4,3,6,0,0,0,24,0,0,3,3,0,13,10,5,0,43,7,30,121,145,176,236,153,55,16,941,0,0,0,0,0,0,0,5,0,4,22,21,27,41,64,101,94,74,35,471,29,65,192,253,312,416,332,149,52,1802,0,0,5,8,6,9,0,0,0,29,0,0,3,9,20,5,5,0,0,45,0,9,38,65,48,49,22,17,0,256,0,8,29,33,40,45,22,7,5,194,5,18,46,49,83,56,17,0,0,272,0,0,6,11,8,7,0,0,0,34,4,0,14,15,28,8,3,0,0,73
LGA24130,164,100,133,219,290,282,280,162,56,1690,245,579,1451,2325,2569,2253,1687,642,162,11905,0,8,90,221,262,217,167,72,3,1040,0,3,34,111,132,138,100,15,0,523,0,79,357,663,680,518,369,187,33,2879,0,59,191,326,431,359,377,157,16,1915,47,252,814,1028,1105,961,661,322,57,5244,24,14,18,19,20,18,17,8,0,135,6,8,28,40,53,68,52,18,4,279,75,280,858,1085,1180,1047,734,343,56,5662,0,0,12,10,18,12,14,16,9,85,112,61,136,162,235,245,201,172,80,1404,196,484,1678,2573,2935,2537,1960,958,205,13518,0,0,55,142,144,88,35,3,4,479,0,5,85,187,176,140,37,5,0,650,0,107,523,736,525,408,177,44,8,2522,4,92,218,448,465,343,166,55,15,1810,54,148,282,375,358,209,71,24,8,1531,19,36,45,59,49,30,11,0,0,255,10,16,45,68,75,83,35,11,4,336
LGA24210,170,156,330,326,391,346,394,452,252,2810,297,1701,5092,5333,5951,4839,3726,2429,796,30163,0,75,1151,1545,1017,819,590,261,43,5511,0,10,109,228,257,281,210,100,12,1216,0,845,2327,2767,2336,1862,1271,650,204,12265,17,278,617,780,885,807,681,500,151,4719,84,438,828,798,1260,1203,759,827,298,6506,17,30,25,33,41,36,21,21,6,246,9,30,44,64,124,115,111,79,31,609,115,506,899,899,1433,1355,895,925,330,7356,5,17,48,58,63,65,62,50,13,378,113,142,300,357,362,277,295,320,229,2383,243,1866,5459,6634,6346,5474,3998,2808,993,33828,0,54,539,638,454,286,106,26,3,2104,0,34,209,362,359,289,119,29,7,1401,3,904,2528,2532,1875,1212,586,192,56,9892,27,308,705,1110,1121,958,577,222,75,5096,76,243,376,549,665,401,248,104,25,2688,35,30,48,77,107,53,34,14,0,395,10,32,67,178,267,199,138,58,19,969
LGA24250,30,20,38,46,62,69,76,33,12,391,59,97,257,346,403,487,431,154,53,2283,0,0,10,16,14,29,21,12,3,113,0,0,8,13,12,12,18,0,0,61,0,4,55,73,65,77,90,19,4,396,0,3,28,58,54,76,69,29,4,317,13,48,181,212,231,279,237,95,23,1316,4,0,4,0,4,3,3,5,0,29,4,0,6,8,7,9,22,11,3,70,19,57,190,224,239,296,262,106,25,1418,0,0,0,0,0,0,5,4,0,18,12,17,37,67,52,77,82,38,17,406,34,83,329,449,435,571,561,215,57,2735,0,3,4,4,12,18,7,0,0,46,0,0,4,13,23,28,5,0,0,81,0,9,80,83,75,86,36,14,5,388,0,15,54,76,69,68,39,16,3,341,18,25,66,69,83,60,25,9,0,363,3,5,9,11,14,10,4,0,0,57,0,3,8,16,4,12,3,0,4,54
LGA24330,173,337,796,622,442,331,255,184,126,3269,263,2001,7646,5582,3202,2085,946,422,212,22361,0,124,1702,1135,569,266,136,24,3,3958,0,8,240,275,201,151,61,6,0,943,4,523,3212,2640,1424,610,282,90,20,8806,8,227,864,832,599,335,182,47,12,3097,43,283,1082,859,711,643,358,158,52,4194,15,50,83,52,32,21,18,4,0,271,7,12,80,85,97,70,56,12,3,419,64,351,1236,996,835,736,426,179,57,4884,0,15,80,47,20,25,16,4,0,209,90,216,786,486,342,311,219,143,96,2697,170,1458,8125,6414,3992,2437,1324,495,188,24602,0,55,725,527,235,86,10,5,0,1638,0,20,347,389,234,80,16,0,0,1083,3,587,2708,1749,672,300,74,25,8,6125,13,343,789,668,410,199,42,30,11,2493,50,265,521,419,267,171,47,29,11,1774,32,42,67,71,47,27,4,0,0,287,6,33,86,112,86,52,8,3,4,388
LGA24410,201,161,367,396,418,366,314,281,171,2679,373,1544,5614,5839,5137,4087,2784,1510,540,27428,0,27,679,1023,612,377,293,101,24,3137,0,6,160,249,233,231,162,60,9,1114,0,408,1936,2215,1398,938,661,273,77,7907,11,221,672,985,913,699,577,324,109,4516,119,596,1769,1718,1843,1754,1023,688,223,9739,34,42,66,57,47,41,18,15,5,323,5,36,55,95,122,131,118,82,24,668,158,676,1892,1867,2019,1925,1164,780,243,10720,5,9,32,61,29,39,36,32,10,258,94,118,341,338,328,274,261,244,190,2194,272,1467,5716,6744,5535,4481,3164,1810,660,29844,0,15,366,339,219,149,37,7,0,1137,0,14,329,385,293,221,90,20,4,1357,0,527,2202,1777,1080,732,362,122,29,6838,20,348,926,1158,946,730,360,158,28,4669,135,484,888,846,805,533,185,89,36,4004,47,59,127,102,114,64,24,3,4,546,14,68,140,194,220,177,98,39,11,961
LGA24600,561,1535,2778,1266,745,575,460,205,137,8263,913,7261,19032,7229,3809,2940,2006,770,307,44276,0,539,6457,2724,1108,821,497,284,48,12486,3,67,578,413,229,202,139,34,4,1664,11,3555,10245,4371,1687,1151,803,392,77,22290,58,1010,2019,1162,547,407,340,110,39,5686,77,558,1449,767,497,440,248,101,31,4175,31,80,109,46,26,31,6,9,0,344,7,59,140,93,73,65,45,17,5,508,109,701,1702,911,599,533,308,129,33,5031,13,85,219,98,49,29,33,20,8,556,242,931,2274,1163,559,444,311,210,100,6232,443,6886,23506,10835,4780,3586,2427,1166,315,53945,4,288,2339,817,519,422,140,47,11,4585,0,80,646,329,206,181,57,15,6,1524,28,3021,6478,1579,889,660,306,110,33,13112,71,782,992,491,368,321,174,90,25,3318,100,292,527,247,177,111,40,15,10,1520,23,39,56,30,23,24,4,3,0,209,20,52,101,63,49,48,25,7,3,373
LGA24650,371,454,1061,992,733,588,452,208,44,4909,700,2197,7085,7650,4987,3439,1946,653,131,28783,0,52,745,1423,543,228,113,33,0,3131,0,15,113,244,181,93,59,13,0,725,5,570,2310,2944,1542,656,368,104,20,8510,15,365,1672,1811,1122,627,322,103,20,6047,238,1064,3238,3104,2655,1812,1132,449,81,13776,63,95,148,101,96,63,15,0,0,575,25,56,162,253,191,144,102,27,6,963,320,1220,3552,3461,2934,2010,1248,479,89,15321,0,17,64,115,63,53,31,15,4,358,351,460,1140,1052,737,514,382,234,88,4963,701,2691,9598,11056,7126,4179,2521,975,219,39059,0,23,343,270,90,40,7,0,0,772,0,22,213,210,102,47,14,0,0,607,3,402,2118,1484,615,314,86,8,0,5033,22,315,1203,1036,567,286,91,28,9,3553,175,527,1473,1064,693,345,72,27,10,4385,58,101,226,147,98,75,11,3,0,723,27,76,257,234,170,108,17,8,4,902
LGA24780,215,186,392,308,402,439,436,300,133,2808,331,770,2114,1932,2035,1936,1310,635,213,11274,0,10,102,106,60,57,44,15,3,397,0,0,34,34,61,41,54,8,4,233,0,49,401,321,275,213,134,52,10,1454,3,58,224,260,280,268,198,72,11,1370,66,379,1205,1015,975,903,605,259,60,5475,18,49,76,40,32,23,3,3,0,247,8,20,36,39,53,37,34,19,9,254,92,448,1320,1098,1059,965,652,281,67,5981,0,6,17,17,15,14,15,11,4,105,172,160,378,352,366,392,356,277,109,2549,269,722,2469,2186,2129,1948,1448,708,205,12086,0,0,36,39,51,13,10,0,0,150,0,3,63,96,91,53,17,0,0,324,0,137,511,473,357,222,88,34,7,1841,12,72,257,363,338,263,118,38,15,1472,75,278,552,500,475,246,74,27,5,2237,32,77,106,82,62,29,13,0,0,401,11,30,64,90,57,51,16,11,0,339
LGA24850,207,119,280,236,298,328,242,143,66,1916,311,615,1813,1720,1876,1576,1005,413,128,9460,0,5,94,152,99,59,49,19,6,477,0,0,22,46,52,52,28,11,0,207,0,89,336,340,207,192,138,66,10,1374,4,57,307,359,296,257,168,70,16,1529,98,375,1239,1116,1077,919,592,231,47,5695,25,40,47,25,22,20,11,0,5,188,3,10,47,52,44,23,40,17,4,241,129,423,1333,1192,1146,962,644,251,56,6131,0,0,17,17,9,12,10,3,6,82,151,132,238,246,227,258,200,141,40,1638,286,703,2342,2361,2033,1795,1231,557,124,11440,0,0,27,49,41,27,6,0,0,156,0,8,55,75,62,48,10,0,0,260,0,66,340,323,213,163,70,29,6,1196,3,87,225,286,237,152,77,25,8,1104,60,184,374,338,318,171,41,15,5,1508,33,31,81,47,49,20,5,0,0,273,12,18,51,65,50,37,15,6,4,256
LGA24900,123,76,124,145,183,265,273,228,102,1537,159,397,885,949,1091,1171,945,555,187,6338,0,0,31,20,19,22,13,5,0,118,0,0,9,6,16,22,29,3,0,84,0,13,150,124,115,97,101,26,10,629,0,25,73,99,143,153,148,76,10,730,35,199,572,566,602,645,497,267,60,3451,12,13,25,22,16,19,17,4,0,113,4,4,19,21,23,35,40,28,4,171,56,216,615,614,640,695,556,297,62,3740,0,0,8,10,5,9,7,9,0,50,90,52,145,135,177,201,225,182,87,1298,150,310,1027,1004,1117,1192,1079,603,171,6654,0,0,12,28,30,14,9,4,0,96,0,3,40,35,43,48,23,0,0,186,0,52,188,198,170,142,77,33,7,861,3,45,135,149,177,143,78,33,11,760,43,111,285,264,270,192,54,17,6,1243,16,30,56,38,34,31,7,6,0,210,0,18,28,44,39,35,10,3,4,184
LGA24970,348,509,810,679,614,540,522,563,382,4968,677,4058,11400,9412,8412,6226,4328,2864,1119,48491,0,343,3581,3050,1882,1319,773,348,60,11356,4,25,279,375,381,338,276,80,18,1779,0,1954,5359,4261,3242,2305,1463,697,239,19530,38,734,1320,1321,1189,1020,796,596,170,7189,122,631,1408,1108,1551,1446,1029,881,371,8551,43,62,69,45,53,37,24,17,4,352,5,55,81,117,168,168,140,97,35,874,175,747,1567,1269,1776,1649,1191,989,414,9774,11,57,101,112,74,78,76,49,36,580,196,584,1198,699,544,448,395,472,385,4926,419,4448,13405,11084,9088,7160,4970,3235,1322,55133,0,137,1650,1198,817,351,181,39,11,4379,0,51,378,590,505,335,152,37,8,2061,8,1807,4508,3746,2557,1501,698,292,72,15190,55,766,1290,1644,1495,1097,701,307,76,7437,106,423,648,800,827,495,257,172,49,3782,31,64,87,132,100,82,32,22,3,563,23,50,95,213,269,198,153,82,20,1098
LGA25060,204,260,740,561,544,448,482,380,201,3819,340,1972,7315,6313,5593,4184,2589,1322,506,30137,0,70,1291,1210,787,548,367,101,17,4382,0,12,211,309,310,290,181,50,9,1372,0,831,2973,2792,2095,1322,831,221,56,11124,13,294,817,897,905,713,472,231,53,4399,65,434,1469,1306,1500,1289,889,600,210,7759,8,35,76,46,45,40,20,6,0,288,9,33,71,96,130,122,83,56,16,612,79,506,1613,1445,1677,1449,989,663,225,8650,0,5,51,43,43,32,30,27,3,233,116,186,540,434,425,360,301,253,153,2761,215,1903,7496,7137,6241,4713,3166,1542,516,32929,0,37,757,556,403,244,49,7,0,2059,0,31,377,471,406,295,73,21,0,1668,3,881,3145,2426,1545,808,223,74,27,9124,6,340,865,1036,848,586,249,107,36,4075,59,320,654,599,525,292,112,51,39,2649,36,46,97,86,87,54,14,6,5,426,5,52,105,180,185,125,54,31,18,762
LGA25150,82,67,114,150,204,200,204,95,50,1168,168,435,1212,1350,1523,1328,938,307,94,7356,0,0,83,109,90,74,61,14,0,441,0,0,17,49,32,38,56,6,0,198,0,59,293,317,252,176,123,52,11,1294,0,42,192,261,245,200,189,66,14,1219,33,271,927,920,814,700,496,195,49,4407,18,14,26,23,11,19,11,0,0,120,3,9,17,37,34,37,29,13,3,194,58,295,977,970,859,755,534,213,51,4715,0,3,10,21,8,13,10,4,0,61,75,48,152,160,174,160,145,107,24,1039,133,454,1719,1893,1661,1414,1127,465,104,8975,0,0,35,59,51,37,15,3,0,204,0,8,50,68,65,57,15,4,5,260,3,71,306,328,240,161,70,17,8,1197,3,64,198,256,236,159,93,24,6,1034,32,138,265,280,263,129,36,11,8,1161,24,22,54,51,37,27,6,0,0,227,3,13,30,44,54,39,14,6,0,203
LGA25250,293,456,1375,975,682,537,462,468,267,5510,490,3220,14244,10083,6418,4049,2135,1312,670,42632,0,139,3010,2486,1215,648,334,94,20,7943,0,24,444,564,427,304,141,27,4,1937,0,1339,6329,4509,2337,1209,658,162,31,16584,9,515,1597,1578,1101,683,352,111,43,5988,109,719,2349,1743,1692,1393,754,431,234,9433,26,58,104,70,56,28,16,3,0,357,10,41,136,187,152,147,73,31,15,793,145,818,2585,1998,1895,1569,844,467,252,10578,5,37,100,123,51,53,38,20,12,436,172,372,1109,774,559,443,376,330,248,4391,320,3248,15175,12037,7594,4920,2750,1223,607,47861,0,92,1521,1089,639,320,76,13,6,3753,0,45,757,752,559,247,45,10,0,2416,3,1388,5510,3219,1469,693,198,59,12,12556,15,549,1594,1298,830,462,165,94,26,5024,95,515,1036,783,643,316,110,91,31,3625,34,91,140,132,83,41,16,12,3,547,17,63,153,210,186,87,39,20,9,781
LGA25340,382,268,486,605,762,828,979,876,412,5591,683,1904,4811,6253,7303,6840,6367,3710,1252,39121,0,12,224,367,483,529,577,299,56,2543,0,4,74,167,271,297,332,109,19,1270,0,246,1154,1483,1682,1461,1534,876,220,8658,13,229,608,962,1224,1173,1293,781,203,6476,195,863,2777,2858,3219,3267,2625,1544,475,17829,61,71,68,62,64,71,66,28,6,491,12,33,82,127,157,199,211,139,39,992,263,976,2922,3044,3441,3530,2899,1715,524,19314,4,15,27,38,41,55,68,73,29,359,305,211,467,570,757,745,870,816,467,5205,583,1690,5476,6634,7892,7788,7569,4678,1517,43825,0,8,151,292,265,257,118,29,3,1123,0,12,194,355,360,335,148,36,5,1442,0,327,1367,1905,1445,1215,751,298,55,7372,33,285,811,1451,1270,1157,834,368,90,6299,169,595,1228,1329,1246,868,410,158,58,6060,86,76,175,220,184,133,62,17,5,961,30,75,130,259,290,248,198,78,38,1337
LGA25430,68,89,317,259,249,219,177,96,59,1535,88,221,684,856,1003,1141,896,408,134,5439,0,0,34,94,109,108,130,57,10,540,0,0,8,40,44,80,69,19,0,263,0,10,115,223,246,194,269,121,16,1197,0,9,51,98,150,146,159,93,11,731,15,73,247,236,306,396,343,146,28,1788,7,9,17,16,11,6,8,4,0,68,0,0,10,7,19,36,25,17,3,110,21,89,275,257,331,438,371,168,33,1981,0,0,4,0,6,8,10,0,0,32,50,33,82,89,112,111,147,114,84,811,66,149,570,803,996,1084,1146,575,157,5554,0,0,16,59,74,72,30,3,0,254,0,0,25,88,95,87,35,6,0,341,0,25,138,252,255,222,139,35,9,1081,0,22,58,113,165,189,111,32,5,703,21,48,101,146,185,113,38,16,5,679,9,9,23,19,22,26,3,0,0,111,0,6,20,18,33,35,16,3,0,126
LGA25490,66,48,78,101,115,134,131,84,39,791,107,210,567,727,706,708,463,190,69,3750,0,0,13,27,28,29,38,10,3,143,0,0,5,7,21,26,18,6,0,81,0,10,113,142,122,101,102,36,6,630,0,0,54,76,118,88,112,45,4,499,23,112,358,342,373,355,216,75,10,1861,4,19,7,12,15,4,6,0,0,68,0,3,3,7,14,16,18,14,8,80,34,134,368,362,399,379,239,83,12,2016,0,0,0,4,3,4,6,0,0,21,53,28,74,76,93,108,134,83,28,672,86,172,640,697,768,726,641,262,62,4064,0,4,14,33,24,28,7,0,0,109,0,0,31,42,40,25,9,0,0,147,0,28,156,210,149,135,56,24,0,766,3,29,90,135,140,124,70,17,6,611,18,73,162,155,160,74,29,9,0,680,11,16,17,20,20,3,6,0,0,95,4,4,23,19,30,15,7,3,3,105
LGA25620,45,35,47,88,98,152,164,62,33,725,65,142,403,540,682,796,710,240,71,3655,0,0,17,5,29,31,42,12,3,144,0,0,9,17,25,21,32,4,5,106,0,12,46,72,96,91,114,37,11,484,0,8,58,64,79,128,114,62,5,510,17,100,289,328,383,433,327,146,29,2052,5,0,8,10,3,8,4,0,0,42,0,0,7,10,16,21,22,4,0,89,18,110,303,350,399,463,349,155,32,2181,0,0,0,0,4,4,6,9,0,26,45,43,47,74,123,159,147,80,26,749,69,169,479,588,759,894,797,360,85,4201,0,0,12,16,22,19,7,3,0,76,0,0,7,32,27,30,16,0,0,117,0,34,123,162,125,124,69,24,3,659,0,20,75,117,114,110,65,19,4,521,9,43,118,127,144,93,33,10,3,589,12,8,25,15,13,11,8,0,0,94,0,7,8,33,24,25,15,4,0,121
LGA25710,137,101,156,194,269,224,208,109,38,1432,273,935,2223,3090,3809,3315,1989,663,151,16455,0,14,184,388,449,354,265,107,18,1782,0,7,26,103,190,184,146,41,11,707,0,250,688,955,1041,794,573,170,30,4503,8,116,265,416,612,537,432,166,19,2567,94,405,940,964,1273,1349,740,329,77,6163,32,31,18,22,28,18,13,3,0,165,4,12,28,51,76,89,80,32,6,382,128,449,988,1031,1378,1455,838,363,81,6706,0,6,12,23,29,27,28,18,5,146,66,56,82,142,168,160,180,111,45,1019,213,898,2247,3068,3865,3509,2447,985,205,17430,0,8,133,272,260,194,61,8,7,936,0,16,151,302,297,228,48,8,0,1054,0,329,927,1273,1063,692,221,45,10,4560,15,220,389,695,760,524,198,51,16,2867,70,227,278,424,481,278,73,32,10,1866,28,26,31,53,44,43,12,0,3,242,11,26,44,96,142,90,38,6,9,473
LGA25810,44,21,52,41,85,96,95,74,30,545,68,135,350,334,428,494,441,190,55,2492,0,0,19,21,8,11,25,4,3,93,0,0,3,4,5,7,14,4,0,44,0,11,67,62,55,41,48,19,0,308,0,9,39,48,56,59,67,20,3,300,14,69,223,187,202,262,210,107,13,1278,4,4,8,12,8,15,10,5,0,62,0,0,8,7,6,14,11,5,4,59,18,71,245,205,213,289,227,111,20,1394,0,0,3,0,3,4,6,0,0,27,44,22,90,56,78,108,120,94,46,659,59,117,465,397,412,527,510,261,74,2819,0,0,5,9,9,9,4,0,0,35,0,0,11,20,24,23,4,5,0,80,0,24,92,79,75,74,33,11,0,387,0,17,46,75,82,77,42,15,9,366,6,45,95,100,124,96,19,9,0,507,7,15,15,15,21,24,0,0,0,98,6,3,12,19,22,13,5,0,0,79
LGA25900,138,348,1514,992,810,661,495,268,115,5336,221,1686,10578,7521,5190,3832,2454,927,325,32730,0,83,1614,1609,1049,777,472,233,26,5862,0,20,259,284,312,239,156,41,3,1325,0,581,4166,3077,2152,1512,968,345,75,12879,8,226,935,920,732,613,415,191,39,4079,26,228,1358,912,725,665,369,197,55,4545,10,21,56,50,38,25,17,8,0,225,6,23,74,99,103,101,68,42,13,525,44,272,1493,1060,869,789,459,248,65,5296,3,25,82,65,44,40,25,14,6,300,86,198,902,700,635,499,372,282,128,3807,138,1404,9449,7726,5800,4471,2868,1348,346,33546,0,64,1353,1060,629,447,126,22,0,3703,0,28,560,574,393,298,82,20,4,1954,5,1014,5725,3055,1433,920,376,144,42,12717,14,331,1323,1026,680,526,251,101,19,4267,35,288,765,416,316,193,83,42,19,2168,15,50,109,69,23,28,10,3,0,309,6,49,144,144,103,79,45,7,4,576
LGA25990,19,17,81,106,148,148,143,63,21,742,24,66,204,306,381,428,359,121,37,1924,0,0,8,6,8,15,13,5,0,51,0,0,3,4,10,14,10,4,0,42,0,4,21,38,30,38,40,8,0,181,0,3,16,34,44,32,41,14,4,197,12,55,119,105,172,177,171,50,12,871,4,3,4,3,8,5,3,0,0,23,0,0,3,8,6,7,16,3,0,34,10,59,127,112,182,187,183,55,11,932,0,0,0,0,0,0,0,5,0,7,33,19,31,53,61,63,88,55,19,414,45,89,201,243,336,348,379,142,39,1822,0,0,4,4,12,4,3,0,0,26,0,0,8,12,11,16,4,0,0,54,0,6,44,50,48,49,20,5,0,231,3,9,16,48,40,48,34,6,0,205,3,20,47,50,59,52,15,3,0,258,0,3,14,8,3,10,3,3,0,50,0,0,9,13,11,11,7,0,0,56
LGA26080,9,4,10,5,15,30,32,26,14,141,9,18,47,76,106,195,224,116,38,834,0,0,10,6,10,26,48,30,4,140,0,0,0,11,0,12,19,3,0,42,0,4,30,27,42,57,97,50,15,325,0,4,3,8,14,29,51,35,4,150,0,5,22,26,28,46,61,22,13,223,0,0,0,0,0,0,5,0,0,6,0,0,0,0,0,0,10,10,0,25,0,5,19,26,32,44,72,34,17,255,0,0,0,0,0,0,0,0,3,6,8,0,9,11,10,24,27,34,11,133,8,18,70,92,113,202,320,181,55,1052,0,0,4,13,15,15,10,0,0,61,0,0,4,7,16,22,11,8,0,66,0,0,34,49,49,47,57,26,9,275,0,7,11,21,38,45,38,20,11,192,6,8,5,17,25,17,9,3,0,90,3,0,0,3,0,3,0,0,0,9,0,0,0,7,9,5,6,3,6,25
LGA26170,108,52,127,126,213,216,266,159,49,1322,168,306,863,1045,1337,1330,1118,476,138,6784,0,0,21,32,69,70,74,25,5,295,0,5,11,22,36,46,51,9,4,174,0,15,131,183,175,209,244,76,11,1047,0,19,67,125,171,179,198,88,12,859,32,162,525,583,715,731,567,248,46,3611,13,11,31,20,14,13,7,9,0,116,3,3,8,25,15,42,42,17,8,170,49,183,562,628,742,786,618,272,56,3891,0,0,0,4,7,0,9,11,0,36,78,40,102,138,156,196,215,159,56,1140,128,263,897,1133,1351,1494,1401,636,146,7443,0,0,16,25,42,43,25,3,0,163,0,4,33,57,66,65,27,3,3,264,0,42,226,261,227,247,113,43,9,1170,3,41,144,185,205,218,128,29,11,964,31,137,282,262,292,193,70,32,8,1294,24,21,44,38,37,33,6,3,0,198,3,26,37,39,39,38,19,8,4,212
LGA26260,48,32,54,66,86,120,111,99,40,651,104,233,505,552,658,711,528,222,94,3604,0,0,28,25,32,30,32,4,3,155,0,0,6,21,15,28,22,11,0,101,0,21,93,103,80,76,63,28,8,486,0,17,59,78,99,79,107,35,4,485,36,143,332,251,313,389,259,100,33,1861,13,6,7,23,10,5,3,0,0,73,0,5,13,8,10,17,18,9,0,73,44,149,356,281,335,414,279,109,32,2003,4,0,0,0,0,3,11,4,0,21,35,21,52,55,83,83,113,88,46,582,83,210,596,560,643,707,629,289,103,3828,0,0,16,28,19,20,0,0,0,83,0,5,28,44,43,26,8,0,0,142,0,50,187,181,136,153,52,16,8,785,3,16,85,101,112,119,60,37,13,540,27,76,126,143,164,80,26,13,0,674,8,13,27,23,16,10,0,0,0,103,5,9,16,23,22,20,17,0,4,120
LGA26350,176,332,1153,620,483,418,374,301,138,3998,269,2258,10245,6015,4756,3639,2859,1466,556,32069,0,115,2017,1567,1055,836,570,351,68,6581,0,18,315,283,295,228,143,58,12,1349,4,1047,5088,2959,2216,1720,1319,676,191,15221,11,246,812,698,569,468,410,278,90,3585,36,222,950,558,443,416,268,201,78,3175,22,23,53,37,23,15,9,7,0,192,0,21,62,82,86,91,58,44,7,461,58,269,1071,679,548,520,338,248,88,3826,3,16,85,40,47,40,31,39,15,318,120,184,710,472,351,294,253,267,149,2786,187,1890,10099,6702,5077,4120,3066,1908,609,33665,0,92,1340,826,595,455,158,57,14,3540,0,36,514,453,379,299,124,33,10,1856,6,1387,4786,2547,1759,1307,625,286,93,12796,31,369,1030,870,760,760,467,247,86,4622,40,284,503,285,233,162,94,48,17,1670,21,37,57,37,29,33,13,9,4,235,12,39,92,90,102,105,77,36,16,570
LGA26430,48,12,42,45,69,110,99,86,38,548,65,81,288,317,397,539,465,232,75,2460,0,0,15,14,23,16,28,6,0,105,0,0,4,8,4,19,21,10,0,59,0,6,46,64,50,68,103,42,11,390,0,7,24,55,64,67,87,40,10,353,16,66,162,195,191,262,236,85,23,1235,4,4,12,3,0,5,4,0,0,32,0,5,6,6,10,9,20,8,0,58,13,72,176,208,204,277,259,99,22,1331,0,0,0,0,6,10,3,6,0,23,30,31,40,48,73,113,131,75,36,582,46,119,300,400,422,571,633,276,86,2840,0,0,7,14,10,18,5,0,0,56,0,0,18,17,26,22,12,0,0,88,0,10,69,73,62,83,45,11,4,361,0,23,44,65,82,75,64,16,10,378,3,33,73,80,103,84,26,10,0,417,6,10,15,16,12,0,6,0,0,72,0,3,7,16,10,18,10,6,0,67
LGA26490,82,53,102,139,139,182,151,89,38,964,121,300,1107,1643,1598,1499,1137,452,127,7978,0,7,113,211,201,170,145,66,6,935,0,0,34,82,80,96,84,31,0,403,0,86,494,742,568,450,443,183,18,2983,0,40,153,281,308,263,334,120,24,1513,33,173,517,697,690,670,440,178,71,3469,14,12,8,13,8,12,10,4,0,74,0,3,22,24,25,39,50,28,3,201,43,188,548,732,731,717,495,209,74,3745,0,4,5,16,6,17,22,12,3,82,66,36,103,156,149,148,205,101,67,1030,119,367,1451,2224,2038,1852,1728,726,200,10695,0,3,51,106,76,71,19,0,0,331,0,3,49,125,113,97,35,7,6,432,0,107,447,595,384,299,119,48,14,2006,5,61,160,296,284,242,140,48,16,1257,30,95,192,242,208,121,44,16,7,954,3,10,25,18,25,17,7,0,0,109,8,7,29,29,45,49,25,18,5,207
LGA26610,110,98,198,172,228,216,192,129,58,1400,142,352,843,708,780,764,492,234,86,4401,0,4,18,17,13,5,11,4,0,76,0,0,11,15,15,20,9,5,0,73,0,14,126,126,73,52,51,17,3,465,0,25,110,119,93,77,52,20,3,505,23,123,451,344,297,391,233,80,14,1968,9,10,19,11,6,5,4,0,0,67,0,6,12,26,19,21,15,6,0,106,32,142,485,385,321,418,253,86,22,2144,0,0,10,0,6,5,0,0,3,27,76,63,186,161,145,166,146,102,45,1079,105,246,947,824,665,752,529,229,75,4369,0,0,14,13,9,10,4,4,0,46,0,7,16,33,34,26,5,6,0,128,3,61,222,160,111,97,32,21,3,709,0,30,113,109,115,105,50,28,7,558,24,115,218,180,160,103,30,9,0,850,21,17,35,33,18,9,3,0,0,134,3,16,23,24,25,21,8,0,4,113
LGA26670,31,17,18,39,40,48,52,37,13,294,48,68,159,214,293,342,260,110,32,1521,0,0,3,12,8,12,16,0,0,52,0,0,3,5,3,10,6,0,0,44,0,0,19,35,27,31,30,4,0,161,0,0,12,21,31,59,40,16,0,184,9,27,103,119,157,183,117,55,11,781,0,0,0,3,3,3,5,0,0,21,0,0,4,3,5,16,14,0,5,47,14,34,109,122,167,200,129,61,14,849,0,0,0,0,0,0,0,0,0,5,22,10,27,37,42,60,67,38,24,320,35,45,182,234,277,382,296,130,44,1617,0,0,3,4,12,6,4,0,0,27,0,0,8,7,13,14,0,0,0,51,0,11,35,53,54,43,22,10,4,233,0,10,17,52,58,35,39,12,0,231,5,15,59,83,71,39,14,3,0,292,9,6,11,10,13,15,6,0,0,63,3,4,4,3,16,13,4,0,0,54
LGA26700,104,52,93,148,145,181,206,169,106,1212,166,368,921,1139,1208,1252,897,450,189,6589,0,0,64,50,43,53,42,10,0,254,0,0,7,39,45,47,53,14,0,211,0,31,207,225,184,153,189,54,15,1055,0,22,122,143,186,158,185,57,17,881,58,177,545,558,623,652,444,218,52,3331,11,13,13,19,16,15,10,4,0,104,0,10,17,20,28,20,35,20,7,161,71,199,578,591,670,688,489,244,58,3593,0,0,5,11,10,10,7,8,0,50,60,43,108,117,115,142,188,140,79,1003,136,296,1088,1178,1255,1246,1154,534,174,7053,0,0,22,38,46,28,9,0,0,145,0,0,39,66,86,63,20,3,0,276,0,50,301,285,267,187,91,23,6,1218,0,50,142,213,246,182,121,48,5,1017,54,161,299,266,298,162,54,22,0,1329,36,16,39,38,32,21,8,3,0,201,4,13,24,52,43,28,12,0,6,177
LGA26730,110,100,146,146,207,209,215,148,79,1366,181,538,1385,1365,1330,1217,867,418,164,7472,0,5,98,77,81,97,64,32,0,456,0,0,27,46,53,60,58,6,0,258,0,55,351,293,266,209,191,51,10,1426,3,26,162,188,187,190,181,76,12,1024,49,227,741,722,650,541,359,182,58,3523,20,22,33,14,10,11,13,4,0,127,4,9,15,16,24,38,33,16,0,150,67,253,791,755,685,593,403,202,61,3804,0,3,13,5,4,4,9,8,6,56,87,65,144,185,140,135,140,128,81,1088,152,408,1578,1554,1408,1279,1046,507,169,8104,0,4,31,40,68,39,4,0,0,192,0,9,61,84,74,56,18,3,0,311,0,110,489,353,268,239,69,37,9,1572,3,71,207,222,274,181,100,40,17,1110,48,216,372,357,282,161,51,18,4,1515,32,38,60,39,31,17,7,0,0,233,9,23,47,56,40,31,16,4,6,232
LGA26810,176,203,496,476,373,405,355,246,82,2805,263,692,1914,1909,1878,1998,1403,658,185,10892,0,5,63,71,70,53,52,15,7,335,0,0,28,42,39,47,57,12,5,228,0,87,313,269,213,185,172,56,9,1296,5,19,151,193,229,265,218,104,16,1187,53,289,951,905,920,1111,888,344,65,5534,20,32,36,37,20,25,12,8,0,188,0,9,30,37,38,47,56,17,4,222,72,330,1019,971,976,1185,950,370,70,5946,0,0,14,15,10,14,18,9,0,78,109,113,263,278,253,290,361,184,86,1940,188,554,1844,1840,1790,2035,1823,744,190,11008,0,3,41,47,46,35,11,0,0,185,0,5,54,67,99,74,18,3,0,325,3,101,411,334,328,300,99,32,19,1622,0,72,202,243,269,279,129,57,16,1269,37,240,453,392,390,228,81,26,8,1868,33,32,76,42,57,36,7,0,3,289,9,20,44,49,66,51,31,15,0,280
LGA26890,13,6,9,13,18,28,30,22,13,149,26,46,118,107,129,159,104,56,16,742,0,0,0,6,3,5,3,0,0,14,0,0,0,5,0,7,3,0,0,16,0,9,17,15,11,11,11,3,0,75,0,0,11,13,17,20,25,5,0,103,9,25,71,74,67,72,52,24,3,401,0,3,5,4,5,0,0,6,0,21,0,0,0,0,6,4,5,3,0,15,12,23,77,76,75,80,58,25,3,436,0,0,0,0,0,0,3,3,0,5,10,9,14,17,31,36,46,23,8,197,19,43,132,134,142,154,149,62,16,844,0,0,7,6,4,0,0,0,0,12,0,0,5,8,8,6,0,0,0,25,0,11,37,39,41,33,13,8,0,181,0,0,20,36,29,23,18,5,8,146,0,13,29,45,45,37,9,0,0,184,7,3,9,6,4,3,0,0,0,35,3,0,4,9,0,6,3,0,0,31
LGA26980,250,341,578,467,495,437,436,459,299,3763,483,3111,9185,8506,7743,5750,4030,2548,1069,42434,0,154,2399,2504,1601,1083,615,303,61,8724,0,21,259,404,479,415,296,101,29,2000,0,1293,4023,4044,3187,2107,1561,665,232,17114,23,617,1093,1098,1214,1001,796,519,173,6524,122,640,1217,969,1522,1405,856,770,303,7795,29,74,82,65,43,39,20,14,3,367,15,34,81,104,137,149,125,91,43,788,166,743,1379,1138,1696,1598,998,871,355,8948,5,29,59,74,65,65,63,48,21,435,140,384,792,511,462,356,387,358,331,3738,343,3247,10002,9783,8705,6626,4709,2867,1198,47482,0,93,1302,1054,669,389,140,49,9,3712,0,34,426,761,603,485,160,53,5,2538,17,1316,4059,3779,2387,1414,684,357,68,14082,58,632,1078,1511,1487,1128,707,361,115,7087,115,379,643,766,753,502,231,164,51,3602,48,66,68,91,117,78,40,12,5,527,22,38,102,210,248,228,123,79,39,1103
LGA27070,419,493,1123,959,770,685,654,407,130,5628,811,3229,11902,9949,6905,4925,2938,1243,329,42231,0,156,1841,2188,771,384,197,57,7,5601,0,23,234,360,223,147,101,24,3,1112,3,863,3604,3828,1740,989,617,186,30,11865,19,579,2038,2489,1509,927,519,186,30,8312,276,1295,3981,3702,3236,2428,1609,741,154,17434,77,95,166,140,98,70,37,11,4,684,18,74,184,263,258,176,128,34,11,1151,375,1465,4338,4105,3600,2679,1772,781,167,19273,8,39,128,154,65,64,45,21,0,531,353,524,1186,1010,795,625,533,445,213,5682,760,3654,13370,14140,8703,5816,3779,1704,453,52376,0,40,676,335,154,65,17,3,0,1293,0,51,291,270,148,80,21,4,0,857,4,783,3038,1752,812,478,130,35,6,7041,30,602,1781,1466,870,426,162,39,11,5393,192,751,1619,1281,1038,487,135,59,6,5565,69,113,268,177,133,68,10,0,0,840,34,117,256,340,256,140,28,6,3,1189
LGA27170,134,126,206,191,186,224,159,115,55,1415,248,727,1860,1683,1600,1428,932,378,141,8992,0,5,65,100,81,64,55,9,0,374,0,0,21,62,64,61,42,20,0,278,0,39,347,308,249,175,164,59,12,1364,3,45,223,299,277,269,240,68,9,1442,87,389,1134,968,828,722,523,224,65,4930,17,37,46,27,25,12,10,0,0,177,9,9,33,28,40,30,43,22,0,223,114,439,1209,1027,889,762,575,248,67,5324,5,7,5,7,10,11,14,6,0,68,86,97,192,164,138,139,174,133,54,1175,204,634,2064,1963,1717,1492,1264,549,147,10027,0,9,35,56,41,32,8,0,0,172,0,8,66,91,57,49,15,0,0,285,0,73,464,384,237,184,65,21,6,1432,7,85,246,301,265,191,88,23,11,1216,54,288,530,457,348,217,63,21,6,1970,35,70,101,67,52,36,5,0,0,376,8,24,56,67,73,57,16,3,4,309
LGA27260,535,653,1766,1442,1020,713,558,303,123,7110,975,3338,14660,14185,8397,5256,2845,1034,264,50953,0,202,3500,6108,1651,551,284,77,8,12381,0,35,281,685,357,199,113,32,3,1709,5,1139,5170,8000,2832,1256,754,214,23,19399,35,774,2989,3379,1725,1054,607,208,25,10803,259,1614,3951,3608,3223,2462,1407,566,111,17203,75,130,197,152,111,80,36,7,0,790,17,93,242,333,253,187,130,35,4,1293,350,1827,4393,4093,3596,2730,1575,604,119,19288,13,59,201,284,124,68,67,25,4,853,565,822,2199,1976,1020,714,532,292,126,8243,971,4858,18736,24534,11301,6580,3935,1444,314,72665,0,40,1362,589,218,88,28,11,0,2330,3,29,403,340,202,99,27,4,0,1115,0,711,3939,2399,1059,526,132,26,8,8805,40,471,1786,1633,974,519,165,52,18,5657,202,746,1871,1490,1019,426,120,38,19,5926,84,117,286,208,136,64,23,0,0,908,31,112,270,342,232,126,47,6,4,1165
LGA27350,168,347,1268,693,538,431,308,168,85,4002,235,1781,10847,5859,3844,2660,1770,627,210,27835,0,67,2194,1491,884,646,498,210,32,6024,0,17,462,341,285,245,154,32,0,1540,0,975,5866,3023,1545,1133,720,266,67,13601,5,194,850,685,469,319,242,108,23,2897,29,236,1096,670,458,429,188,117,42,3268,12,28,76,38,30,17,7,7,0,209,3,13,67,60,61,53,34,25,4,324,45,275,1240,770,555,495,234,145,47,3800,0,6,75,48,28,21,13,15,0,206,68,199,748,499,360,340,220,132,60,2635,120,1736,11437,6862,4116,3209,2080,906,222,30702,0,62,1160,861,598,453,158,26,8,3321,0,50,621,502,343,301,77,8,0,1901,6,1094,5220,2115,958,715,314,93,29,10534,8,225,945,590,386,345,139,57,23,2713,44,227,553,314,182,110,39,32,12,1513,18,34,67,45,26,24,10,3,0,221,5,24,98,81,64,40,25,6,0,335
LGA27450,340,274,548,599,704,667,678,404,189,4402,654,2271,6576,7007,7320,6459,4565,1805,534,37196,0,14,349,572,494,373,319,147,20,2288,0,7,105,195,227,249,230,84,10,1104,0,312,1580,1665,1373,1041,893,365,68,7290,14,227,794,1132,1138,971,816,380,71,5544,203,1123,3795,3449,3502,3226,2077,1011,223,18616,67,73,87,92,72,52,43,16,0,499,21,24,90,136,144,182,171,84,14,864,289,1224,3974,3677,3725,3453,2295,1107,245,19985,4,11,40,36,38,42,56,40,11,280,220,217,458,481,568,528,440,377,171,3460,528,2012,7295,7746,7569,6654,5044,2500,593,39946,0,15,192,343,264,254,73,16,0,1163,0,29,265,419,370,332,104,6,6,1532,0,540,1817,1858,1427,1108,427,111,27,7316,38,509,1201,1501,1372,1092,455,161,37,6367,233,870,1456,1449,1347,806,262,92,14,6521,81,125,241,164,188,131,38,8,0,977,40,83,181,284,338,255,107,43,4,1350
LGA27630,33,17,39,32,43,63,59,45,41,365,38,80,206,169,260,273,203,108,58,1406,0,0,3,8,6,5,0,0,0,22,0,0,5,4,6,3,4,4,0,25,0,3,25,21,18,25,22,3,0,123,0,7,14,20,40,50,22,13,0,169,7,39,107,93,116,167,98,44,16,685,3,4,8,12,5,0,0,0,0,29,0,0,3,9,9,13,3,0,0,28,7,44,120,104,118,186,102,42,16,739,0,0,0,0,0,0,0,0,0,8,26,15,21,20,29,42,66,58,39,320,32,61,191,188,212,310,230,121,58,1407,0,0,3,3,6,3,0,0,0,15,0,0,0,12,18,11,6,0,0,45,0,10,41,50,44,47,12,6,0,211,0,11,23,41,56,48,31,3,8,222,3,20,54,61,92,50,24,6,0,309,5,4,9,11,10,3,0,0,0,48,0,7,7,10,12,11,0,0,0,44
LGA29399,5,16,26,21,14,11,5,5,0,110,7,42,71,60,39,39,28,11,0,292,0,0,0,0,9,0,0,0,0,8,0,0,0,7,0,3,0,0,0,10,0,5,26,17,8,4,5,0,0,64,0,5,4,7,7,0,0,0,0,22,0,24,38,11,6,11,4,0,0,94,0,0,0,0,0,0,3,0,0,3,0,0,5,0,0,0,0,0,0,4,3,24,38,12,6,11,8,3,0,105,0,0,0,0,0,0,0,0,0,3,10,25,45,12,13,3,9,7,0,124,11,56,114,56,45,23,16,4,5,335,0,0,3,3,0,6,0,0,0,14,0,0,0,0,4,0,0,0,0,10,0,5,24,8,9,8,3,0,0,58,0,4,16,4,0,4,0,0,0,28,0,9,10,6,3,4,0,0,0,33,0,0,3,0,0,0,0,0,0,8,0,0,0,0,0,0,0,0,0,3
LGA29499,46,125,317,349,252,152,74,19,6,1333,56,240,770,620,441,316,166,41,6,2657,0,0,49,30,15,11,7,0,0,114,0,0,9,8,8,0,3,0,0,35,0,20,113,76,60,37,26,0,0,337,0,5,45,30,26,29,22,7,0,161,9,48,131,131,111,95,62,19,0,614,3,19,9,9,4,3,0,0,0,54,0,4,5,8,14,4,8,0,0,50,13,70,148,150,141,99,72,17,0,715,0,4,4,3,0,4,0,0,0,17,93,126,390,530,471,293,135,31,11,2074,109,225,753,829,723,477,267,55,9,3447,0,9,78,24,13,8,3,0,0,137,0,0,24,23,0,4,4,0,0,60,0,73,262,93,42,37,7,0,4,520,4,32,76,45,25,30,5,0,0,224,11,45,80,34,46,32,6,0,0,255,9,9,13,10,7,4,0,0,0,58,3,5,4,18,6,8,6,0,0,58
LGA29799,0,0,0,0,0,4,0,0,0,5,0,0,0,4,9,10,0,0,0,20,0,0,0,0,0,0,0,0,0,0,0,0,0,0,0,0,0,0,0,0,0,0,0,0,0,0,0,0,0,3,0,0,0,0,0,0,0,0,0,4,0,0,0,0,0,0,0,0,0,4,0,0,0,0,0,0,0,0,0,0,0,0,0,0,0,0,0,0,0,0,0,0,0,0,0,0,0,0,0,4,0,0,0,0,0,0,0,0,0,0,0,0,0,11,3,7,0,0,0,25,0,0,6,16,3,9,4,0,0,35,0,0,0,0,0,0,0,0,0,0,0,0,0,0,0,0,0,0,0,0,0,0,0,0,0,0,0,0,0,0,0,0,0,0,0,0,0,0,0,0,0,0,0,0,0,0,0,0,0,0,0,0,0,0,0,0,0,0,0,0,0,0,0,0,0,0,0,0,0,0
LGA30250,7,10,4,8,6,4,4,0,0,36,10,23,29,28,39,20,4,0,0,143,0,0,0,0,0,0,0,0,0,0,0,0,0,0,0,0,0,0,0,0,0,0,0,0,0,0,0,0,0,9,0,0,3,3,4,0,0,0,0,16,0,5,3,4,7,0,0,0,0,28,0,0,0,0,0,0,0,0,0,0,0,0,0,0,0,0,0,0,0,0,0,5,6,9,7,3,0,0,0,29,0,0,0,0,0,0,0,0,0,0,7,8,17,12,7,5,4,0,0,56,5,13,27,24,22,10,0,0,0,108,0,0,0,0,0,0,0,0,0,0,0,0,0,0,3,0,0,0,0,7,0,10,4,3,0,5,0,0,0,24,0,0,0,4,3,0,0,0,0,15,0,0,8,0,3,0,0,0,0,13,0,4,0,0,0,0,0,0,0,9,0,0,0,0,0,0,0,0,0,0
LGA30300,22,8,23,31,43,37,43,22,0,230,36,51,150,166,172,140,87,40,8,836,0,0,9,0,0,6,0,0,0,13,0,0,0,0,0,5,0,0,0,8,0,4,34,15,24,11,13,0,0,96,0,0,10,19,28,11,12,0,0,75,10,37,91,64,67,61,38,7,0,374,6,3,0,0,4,3,0,0,0,12,0,0,4,4,10,4,3,0,0,28,13,43,94,65,74,70,43,11,0,418,0,0,0,0,0,0,0,0,0,0,6,15,38,23,33,39,16,19,12,210,22,65,183,126,162,138,81,25,19,830,0,0,0,8,0,4,0,0,0,16,0,0,3,9,10,3,0,0,0,29,0,18,73,49,23,27,10,5,0,191,0,8,23,30,38,17,6,0,0,128,10,17,38,34,25,18,0,0,0,138,0,8,4,4,0,3,0,0,0,23,0,0,8,7,5,3,0,0,0,27
LGA30370,35,45,121,126,109,118,84,52,11,695,82,236,670,631,535,466,224,119,21,2970,0,0,10,20,19,6,7,0,0,67,0,0,3,4,4,3,0,0,0,17,0,19,69,70,45,28,27,5,0,268,0,6,29,42,60,55,16,5,0,213,30,112,363,351,274,246,130,42,17,1564,20,22,12,8,18,9,8,0,0,90,0,4,9,20,18,16,11,8,0,82,53,133,382,376,303,272,147,51,16,1735,0,0,5,3,4,0,0,0,0,16,73,68,149,161,150,153,119,89,14,978,122,232,649,682,587,519,318,152,31,3292,0,0,13,15,10,3,0,0,0,48,0,3,22,19,14,6,0,0,0,67,0,55,180,114,88,41,21,0,3,497,0,18,62,65,79,53,22,10,0,309,19,73,158,124,104,50,17,3,6,546,21,21,22,11,20,9,0,0,0,94,4,12,15,22,18,10,0,0,0,83
LGA30410,4,9,19,18,18,19,25,20,0,129,15,55,93,88,100,99,59,39,0,552,0,0,6,0,0,4,5,0,0,12,0,0,3,0,7,0,0,0,0,8,0,3,22,15,13,11,3,0,0,60,0,0,4,5,14,14,5,4,0,45,0,20,69,54,39,43,36,20,4,284,0,3,4,0,0,3,0,0,0,12,0,0,0,3,4,7,5,0,0,20,0,26,74,58,49,50,45,20,0,317,0,0,0,0,0,0,0,0,0,7,12,0,17,16,33,30,26,24,3,158,16,28,117,98,109,108,80,40,10,609,0,0,0,3,0,4,5,0,0,9,0,0,0,9,6,0,4,0,0,13,0,17,40,19,9,14,9,5,3,118,0,6,14,14,24,7,3,0,0,73,8,18,24,35,27,10,0,0,0,125,5,7,4,0,3,0,0,0,0,31,0,4,0,4,4,4,0,0,0,15
LGA30450,0,0,0,0,4,4,0,0,0,14,0,8,7,8,16,6,7,0,0,49,0,0,0,0,0,0,0,0,0,0,0,0,0,0,0,0,0,0,0,0,0,0,0,0,3,0,0,0,0,7,0,0,0,5,0,0,0,0,0,6,0,15,3,6,4,6,0,0,0,36,0,0,4,0,0,0,0,0,0,3,0,0,0,0,0,0,0,0,0,4,0,15,8,6,4,6,0,0,0,38,0,0,0,0,0,0,0,0,0,0,3,0,0,3,4,0,7,0,0,18,5,15,10,10,15,11,6,3,0,68,0,0,0,0,0,0,0,0,0,0,0,0,0,0,0,0,0,0,0,0,0,4,8,0,0,6,0,0,0,19,0,0,0,0,5,3,0,0,0,11,0,5,8,3,4,0,0,0,0,17,0,0,0,0,0,0,0,0,0,0,0,0,0,0,0,0,0,0,0,0
LGA30760,5,7,13,8,11,17,13,10,0,80,11,23,65,57,47,62,41,17,4,327,0,0,0,0,0,0,0,0,0,5,0,0,0,0,0,0,0,0,0,4,0,0,9,4,3,5,6,0,0,25,0,0,7,11,13,13,7,3,0,50,0,22,38,23,23,23,19,13,4,161,0,0,3,0,3,0,0,0,0,10,0,0,0,3,0,3,3,0,0,8,3,23,41,25,29,24,22,11,4,177,0,0,0,0,0,0,0,0,0,5,3,3,7,8,8,19,15,17,7,91,8,28,67,49,52,55,51,27,11,360,0,0,0,4,0,3,0,0,0,4,0,0,0,0,0,3,0,0,0,8,0,10,28,18,14,13,3,0,0,87,0,6,10,13,16,10,4,4,0,57,5,15,27,19,16,6,3,4,0,88,3,0,3,3,3,3,0,0,0,18,0,0,0,6,0,0,3,0,0,22
LGA30900,0,3,8,11,5,9,4,0,0,37,3,8,27,18,8,18,3,5,0,86,0,0,0,0,0,0,0,0,0,0,0,0,0,0,0,0,0,0,0,0,0,0,0,0,0,0,0,0,0,3,0,0,0,4,0,0,6,0,0,9,5,5,14,3,8,8,3,4,0,38,0,0,0,0,0,0,0,0,0,0,0,0,0,0,0,0,0,0,0,0,8,4,14,3,8,8,3,4,0,45,0,0,0,0,0,0,0,0,0,0,4,0,9,4,10,6,0,0,0,30,3,4,17,12,11,12,16,4,0,88,0,0,0,0,0,0,0,0,0,0,0,0,0,0,0,0,0,0,0,0,0,3,9,0,0,3,0,0,0,14,0,0,0,0,5,0,0,0,0,10,0,0,0,0,0,0,0,0,0,10,0,0,3,0,0,0,0,0,0,3,0,3,0,0,0,0,0,0,0,3
LGA31000,2250,3892,8463,6377,5536,4276,3343,2540,1520,38192,5575,24511,76385,65609,54512,39422,24538,11700,4178,306431,0,602,10595,14593,10595,7149,4354,1754,345,49996,9,200,2533,3030,3119,2226,1262,405,68,12852,26,9350,33062,28278,20848,12520,8123,3336,820,116367,791,3454,8803,9483,9042,6847,4260,1969,493,45149,2361,6767,17812,15004,13650,11946,7816,4404,1476,81225,1063,1004,947,646,444,322,204,90,22,4735,225,418,887,1158,1136,945,870,525,144,6298,3644,8183,19645,16805,15222,13211,8887,5017,1642,92263,76,211,657,676,536,440,381,245,99,3327,1389,2854,6764,5152,4171,3269,2653,2151,1268,29679,5951,24856,82063,78014,63536,45665,29922,14879,4742,349626,5,580,7792,6645,4947,2749,829,205,41,23790,6,345,3063,3792,2990,1953,584,131,36,12901,59,10158,32673,23431,14044,8298,3300,1306,396,93658,505,3754,8717,9663,8030,5592,2759,1231,398,40654,1441,4310,8104,6458,5639,3413,1021,458,184,31023,800,910,1148,870,693,527,154,51,19,5166,188,588,1267,1541,1526,1183,506,238,110,7134
LGA31750,0,0,0,3,6,6,3,0,0,31,0,3,18,25,14,24,3,0,0,94,0,0,0,0,0,0,0,0,0,0,0,0,0,0,0,0,0,0,0,0,0,0,4,0,0,0,0,0,0,9,0,0,0,4,0,0,0,0,0,11,0,4,10,9,4,10,6,0,0,45,0,0,0,0,0,0,0,0,0,0,0,0,0,0,0,0,0,0,0,4,3,4,10,9,7,10,0,0,0,50,0,0,0,0,0,0,0,0,0,0,0,0,4,5,7,8,0,5,0,23,5,8,14,14,11,15,3,5,0,84,0,0,0,0,0,0,0,0,0,0,0,0,0,0,0,0,0,0,0,0,0,0,4,3,0,0,0,0,0,10,0,0,3,0,0,0,0,0,0,10,0,4,11,0,3,0,0,0,0,15,0,0,0,0,0,0,0,0,0,5,0,0,0,0,0,0,0,0,0,5
LGA31820,276,233,434,424,632,685,794,567,221,4267,599,1100,2773,3011,3516,3879,3416,1698,476,20466,0,4,84,118,136,123,128,45,11,659,0,3,40,55,69,89,68,23,5,341,5,96,468,515,493,426,347,147,23,2517,5,40,203,279,409,514,452,204,31,2137,169,580,1650,1618,1808,2220,2143,1089,223,11501,116,140,143,68,60,40,34,15,4,626,23,38,55,80,88,106,124,77,15,604,306,756,1846,1778,1963,2369,2299,1177,241,12730,4,3,23,13,30,32,37,41,8,195,237,195,510,448,591,661,616,483,181,3930,553,1105,3181,3205,3686,4209,3939,2110,514,22517,0,4,56,86,98,71,31,3,0,355,0,6,54,122,113,94,34,4,0,423,3,173,715,722,655,495,213,89,17,3090,3,69,334,529,591,490,258,81,16,2388,164,352,781,888,831,508,197,57,4,3792,141,133,195,130,129,68,31,7,0,837,35,48,96,145,163,133,54,15,4,687
LGA31900,53,47,78,90,115,125,150,94,39,796,92,264,596,618,680,656,502,240,63,3717,0,0,12,8,11,16,4,0,3,50,0,0,6,4,6,6,4,0,4,22,0,19,74,76,60,59,47,8,3,339,0,8,33,40,55,70,61,20,4,293,29,134,376,336,375,387,288,140,26,2091,13,16,11,9,3,4,8,0,0,63,0,0,10,4,24,18,16,3,5,82,43,149,395,349,402,413,313,152,28,2233,0,7,3,3,8,11,5,5,0,37,66,65,147,122,115,117,106,75,25,841,113,251,673,597,652,687,534,256,61,3816,0,0,9,7,4,0,4,0,0,31,0,0,4,16,17,11,0,0,0,53,0,38,132,130,66,63,35,8,0,479,3,26,68,97,78,55,30,8,4,365,34,68,149,137,138,110,23,6,4,669,12,22,16,22,20,8,3,0,0,96,5,6,21,33,29,18,0,0,0,117
LGA31950,5,5,10,9,5,14,5,0,0,43,6,14,16,15,10,15,6,0,0,85,0,0,0,0,0,0,0,0,0,0,0,0,0,0,0,0,0,0,0,0,0,0,0,0,0,0,4,0,0,10,0,0,0,0,0,7,0,0,0,7,0,9,17,8,10,6,6,0,0,44,0,0,0,0,0,0,0,0,0,0,0,0,0,0,0,0,0,0,0,0,0,3,12,8,10,6,6,0,0,50,0,0,0,0,0,0,0,0,0,0,6,8,7,6,5,14,8,5,0,54,7,12,22,14,18,26,19,5,0,121,0,0,0,0,0,0,0,0,0,3,0,0,0,0,0,0,0,0,0,0,0,0,5,0,4,0,0,0,0,13,0,0,0,0,0,3,0,0,0,11,0,0,5,5,4,0,0,0,0,17,0,0,0,0,0,0,0,0,0,7,0,0,0,0,0,0,0,0,0,0
LGA32080,597,575,1286,1215,1394,1129,876,474,145,7694,991,2291,7339,7796,7910,6551,4097,1565,381,38916,0,25,313,440,450,436,265,83,14,2020,0,9,148,193,215,189,117,37,0,910,0,266,1509,1592,1340,1023,690,269,62,6752,21,123,778,1090,1363,1124,696,240,50,5489,309,1019,3271,3328,3461,3164,2176,889,206,17822,200,193,167,144,110,73,35,18,4,940,38,51,148,149,161,167,158,74,20,959,544,1265,3582,3617,3732,3402,2374,978,224,19719,6,10,47,51,60,68,67,43,5,366,521,625,1493,1270,1272,1049,885,513,207,7833,1098,2316,7876,8252,8436,7289,5097,2169,559,43084,0,18,259,359,315,199,50,14,4,1213,0,12,179,286,273,158,42,0,0,959,11,442,2248,2016,1469,861,279,94,26,7438,41,269,1123,1543,1246,725,298,79,26,5345,293,770,1737,1532,1164,616,180,48,10,6358,152,181,275,215,155,88,26,3,4,1094,65,96,218,273,248,167,55,14,6,1147
LGA32250,12,13,21,22,19,27,16,8,0,140,15,30,79,71,68,78,62,19,0,425,0,0,3,0,0,0,0,0,0,3,0,0,3,0,0,0,0,0,0,3,0,0,13,11,6,3,0,0,0,35,0,0,5,7,8,5,3,0,0,30,5,19,44,27,39,41,32,8,3,210,0,0,5,0,0,0,0,0,0,12,0,0,5,3,4,3,0,0,0,10,5,19,50,28,48,48,29,8,3,237,0,0,0,0,0,0,0,0,0,0,11,14,22,14,16,17,12,12,0,130,20,42,92,59,83,74,48,23,4,441,0,0,0,0,0,0,0,0,0,3,0,0,3,0,0,0,0,0,0,5,0,9,10,11,9,5,0,0,0,48,0,4,4,11,7,5,4,0,0,33,3,6,16,12,13,0,5,0,0,55,3,0,3,0,0,0,0,0,0,12,0,0,4,6,0,4,0,0,0,10
LGA32260,110,92,250,198,268,308,268,171,43,1712,166,377,1036,955,1284,1451,941,460,98,6772,0,0,20,27,28,34,29,8,0,144,0,0,9,14,15,24,20,8,0,83,0,27,120,103,104,117,113,39,5,632,0,24,100,82,111,159,110,38,7,642,47,166,456,464,596,764,576,231,55,3349,27,23,22,11,17,25,6,5,3,132,0,3,17,25,22,32,37,8,11,160,72,190,490,499,638,814,628,247,65,3646,0,3,9,11,14,9,21,10,6,73,124,80,272,229,220,304,253,147,62,1697,202,329,1019,967,1128,1459,1169,499,146,6911,0,0,15,17,30,25,3,0,4,94,0,6,13,28,32,19,7,0,0,106,0,43,197,193,180,134,61,20,8,830,3,28,101,165,179,134,79,23,5,722,51,114,235,252,251,156,36,13,4,1114,24,33,46,32,35,15,3,3,0,189,4,13,27,36,50,36,10,5,0,180
LGA32270,151,136,375,384,380,254,133,64,11,1895,201,477,1679,1611,1378,917,384,118,24,6783,0,5,28,30,35,23,7,0,0,121,0,4,16,20,18,14,5,0,0,80,0,46,162,144,99,70,30,3,0,550,4,9,78,120,125,115,46,21,0,518,55,202,817,841,688,463,229,67,5,3356,40,40,39,15,18,13,6,0,0,173,6,12,14,30,41,33,18,3,0,164,97,251,879,877,756,509,249,69,5,3691,0,5,13,12,8,8,0,3,0,41,101,180,382,366,285,290,149,76,26,1850,204,495,1553,1564,1325,1025,489,169,33,6855,0,0,33,29,30,9,4,0,0,103,0,3,34,31,28,11,0,0,0,111,0,105,496,285,143,67,13,8,0,1108,8,45,187,207,163,90,25,4,0,729,69,145,364,247,163,87,13,0,0,1090,35,43,72,34,18,17,0,0,0,220,4,16,40,48,26,12,5,0,0,158
LGA32310,56,43,81,94,93,101,98,63,14,632,115,150,367,397,365,408,317,136,25,2280,0,0,14,8,13,18,8,5,0,67,0,0,9,8,4,3,9,0,0,37,0,10,41,39,39,32,17,7,0,183,0,0,11,28,33,27,23,9,3,144,21,58,217,193,192,203,179,58,11,1137,21,17,11,7,17,0,0,0,0,69,0,6,8,11,4,5,13,3,0,48,46,73,235,210,208,203,190,67,11,1253,0,3,0,0,0,3,5,3,0,16,78,42,98,111,148,123,119,85,20,833,126,133,402,405,454,420,366,181,41,2530,0,0,0,12,10,8,3,0,0,37,0,0,9,19,11,9,3,0,0,53,0,48,119,94,75,48,29,10,0,423,3,8,28,69,48,53,28,10,0,241,22,46,112,92,83,57,10,8,0,435,13,3,12,9,19,11,0,0,0,67,6,4,9,16,18,6,8,0,0,55
LGA32330,4,12,8,3,4,4,0,0,0,36,8,24,21,17,16,11,5,0,0,106,0,0,0,0,0,0,0,0,0,0,0,0,0,0,0,0,0,0,0,0,0,0,0,0,0,0,0,0,0,6,0,0,0,0,0,7,0,0,0,10,5,0,15,9,18,15,0,0,0,57,0,0,3,4,0,0,0,0,0,5,6,0,3,0,0,3,0,0,0,16,6,3,18,10,15,16,0,0,0,76,0,0,0,0,0,0,0,0,0,0,0,0,0,5,4,6,0,0,0,24,14,4,21,13,24,25,8,0,0,111,0,0,0,0,0,0,0,0,0,0,0,0,0,0,3,0,0,0,0,4,0,0,0,0,0,0,0,0,0,0,0,0,3,9,7,6,0,0,0,21,6,10,9,10,11,0,0,0,0,39,0,3,3,4,7,0,0,0,0,19,0,0,4,4,4,5,0,0,0,16
LGA32450,18,11,53,54,35,40,24,11,5,250,21,54,216,173,146,120,51,18,5,801,0,0,7,7,0,0,3,0,0,23,0,0,0,0,6,0,0,0,0,10,0,11,40,25,10,13,5,0,0,95,0,5,13,9,13,23,0,0,0,71,4,43,130,112,80,73,31,3,0,470,0,8,5,0,4,3,0,0,0,16,0,0,3,6,0,0,3,3,0,15,5,49,137,118,87,76,32,0,0,502,0,0,0,0,0,0,0,0,0,0,24,33,73,68,61,45,27,16,0,346,33,90,275,225,164,158,69,17,4,1044,0,0,4,0,5,0,0,0,0,13,0,0,4,3,0,0,0,0,0,9,0,16,48,28,13,12,3,0,0,124,0,7,22,18,17,4,4,0,0,67,6,15,33,21,13,12,0,0,0,98,3,3,4,8,0,0,0,0,0,15,0,3,6,5,0,5,0,0,0,10
LGA32500,25,49,61,63,60,69,86,23,4,447,39,89,185,204,210,218,203,59,7,1217,0,0,10,5,7,10,3,0,0,28,0,0,3,3,0,0,5,0,0,16,0,4,26,27,15,20,22,5,0,111,0,3,14,6,22,29,17,7,0,98,10,16,85,86,99,100,89,38,0,516,4,8,8,9,6,0,0,4,0,34,0,3,9,4,4,8,4,5,0,35,15,25,101,94,106,106,96,39,0,584,0,0,0,0,0,0,0,0,0,6,21,21,87,59,78,89,73,28,0,453,32,53,233,197,225,256,207,79,6,1290,0,0,8,3,5,7,0,0,0,28,0,0,0,5,5,5,0,0,0,17,0,6,45,26,25,21,10,0,0,130,0,10,14,32,25,22,3,6,0,114,0,9,33,35,22,23,0,0,0,129,0,3,7,6,7,3,0,0,0,26,0,0,0,7,5,0,0,0,0,24
LGA32600,0,3,4,11,9,8,0,0,0,41,0,12,15,16,16,20,3,0,0,74,0,0,0,0,0,0,0,0,0,0,0,0,0,0,0,0,0,0,0,0,0,0,0,0,0,3,0,0,0,4,0,0,0,3,0,0,6,0,0,8,0,0,13,6,6,3,4,0,0,28,0,0,0,0,0,0,0,0,0,0,0,0,0,0,0,0,0,0,0,0,0,0,14,6,8,3,4,0,0,31,0,0,0,0,0,0,0,0,0,0,5,0,10,5,3,0,5,0,0,30,5,0,26,12,11,11,9,0,0,67,0,0,0,0,5,0,0,0,0,6,0,0,0,0,0,0,0,0,0,0,0,0,0,0,0,0,0,0,0,4,0,0,6,4,0,0,0,0,0,6,0,0,5,0,0,5,0,0,0,8,0,0,0,0,0,0,0,0,0,3,0,0,0,0,0,0,0,0,0,4
LGA32750,0,4,0,0,3,4,0,0,0,14,5,9,13,14,13,14,3,0,0,65,0,0,5,0,0,0,0,0,0,4,0,0,0,0,0,0,0,0,0,0,0,0,0,0,0,0,0,0,0,4,0,0,0,0,0,0,0,0,0,8,3,0,8,3,4,4,0,0,0,26,0,0,0,0,0,0,0,0,0,0,0,0,0,0,0,0,0,0,0,0,3,6,8,3,4,4,0,0,0,24,0,0,0,0,0,0,0,0,0,0,0,5,4,3,4,9,3,0,0,29,5,12,20,14,9,11,4,0,0,73,0,0,0,0,0,0,0,0,0,3,0,0,0,0,0,0,0,0,0,0,0,0,8,0,0,3,0,0,0,12,0,0,5,0,0,3,0,0,0,9,0,4,5,4,0,0,0,0,0,12,0,0,0,0,0,0,0,0,0,3,0,0,0,0,0,0,0,0,0,6
LGA32770,3,9,5,3,3,3,0,0,0,30,5,17,26,29,15,9,3,0,0,104,0,0,0,0,0,0,0,0,0,4,0,0,0,0,6,0,0,0,0,6,0,0,8,5,3,0,0,0,0,18,0,0,0,4,0,4,0,0,0,6,3,7,17,15,14,3,3,0,0,62,0,0,0,0,0,0,0,0,0,5,0,0,0,0,0,0,0,0,0,0,3,7,17,15,15,4,3,0,0,63,0,0,0,0,0,0,0,0,0,0,5,11,10,8,3,6,3,0,0,45,7,19,41,29,23,19,8,6,0,137,0,0,0,0,0,0,0,0,0,4,0,0,5,0,0,0,0,0,0,5,0,4,13,3,3,3,0,0,0,23,0,0,0,0,0,0,0,0,0,6,0,0,3,4,3,0,0,0,0,8,0,0,5,3,0,0,0,0,0,10,0,0,0,0,0,0,0,0,0,7
LGA32810,38,42,109,124,131,170,105,66,29,816,56,142,543,564,647,675,417,198,48,3293,0,0,19,20,24,30,30,9,6,128,0,0,4,8,8,8,15,0,0,47,0,15,124,78,87,82,91,29,8,501,0,4,62,53,76,78,58,31,0,365,16,66,228,262,312,329,202,84,18,1515,13,9,9,7,11,7,9,0,0,64,4,0,6,12,17,18,27,7,0,97,27,77,248,284,344,355,236,94,18,1675,0,3,7,0,3,12,0,3,0,34,38,47,133,93,140,127,147,65,22,820,66,140,594,537,681,695,565,236,53,3568,0,3,8,18,13,12,7,0,0,62,0,0,9,17,16,15,3,3,0,66,0,26,114,143,90,69,48,14,3,507,0,24,76,90,111,68,19,11,0,401,15,39,130,115,92,61,12,0,0,472,7,15,16,13,13,9,4,0,3,82,3,3,16,19,19,19,7,0,0,94
LGA33100,5,4,11,9,6,9,18,6,0,58,9,10,30,17,26,32,34,7,0,169,0,0,0,0,0,0,0,0,0,6,0,0,0,0,0,0,0,0,0,0,0,0,3,6,4,0,5,0,0,17,0,0,0,0,4,3,0,0,0,15,0,7,16,9,12,9,14,11,0,76,0,0,0,0,0,0,0,0,0,0,0,0,0,0,0,0,0,0,0,3,0,7,21,9,12,10,14,11,0,79,0,0,0,0,0,0,0,0,0,0,0,0,6,8,10,13,12,9,0,49,0,10,29,21,32,29,29,18,0,169,0,0,0,0,0,0,0,0,0,0,0,0,0,0,0,0,0,0,0,4,0,0,16,0,4,0,3,0,0,28,0,3,0,3,0,7,0,0,0,16,0,3,10,6,6,3,0,0,0,27,0,0,0,0,0,0,0,0,0,3,0,0,0,4,3,0,0,0,0,5
LGA33200,4,7,14,3,10,16,17,8,0,76,10,35,60,38,43,51,30,7,0,284,0,0,6,0,0,0,0,0,0,9,0,0,0,0,0,0,0,0,0,0,0,0,9,4,0,0,5,0,0,18,0,0,6,3,4,0,4,0,0,21,4,5,34,26,22,25,9,3,0,133,4,4,0,0,0,0,0,0,0,9,0,0,0,0,0,5,0,0,0,7,6,10,34,27,23,27,14,3,0,146,0,0,0,0,0,0,0,0,0,0,5,12,17,12,9,15,14,10,4,94,10,22,71,45,45,48,40,16,9,298,0,0,3,0,0,0,0,0,0,7,0,0,0,3,0,0,3,0,0,10,0,0,19,16,6,5,3,0,0,53,0,0,7,8,10,3,3,0,0,28,5,11,9,12,9,0,3,0,0,51,0,4,4,0,0,0,0,0,0,13,0,0,3,0,0,0,0,0,0,7
LGA33220,311,311,600,713,695,863,1031,702,247,5468,600,1131,2772,3492,3812,4642,4626,2246,554,23879,0,0,107,132,135,150,133,58,8,708,0,0,32,43,88,89,121,39,5,415,0,80,333,460,472,483,462,183,31,2499,15,41,211,391,524,743,728,279,49,2989,212,579,1602,1712,2107,2631,3040,1386,245,13520,136,117,116,77,74,64,58,17,0,663,18,31,47,78,111,143,184,99,29,735,364,726,1767,1868,2283,2839,3280,1508,280,14915,6,4,19,21,30,39,52,51,12,232,260,208,393,452,564,658,826,693,260,4317,649,1060,2862,3371,4094,4994,5602,2809,655,26087,0,3,53,101,81,72,36,10,0,351,0,7,52,137,122,117,35,4,4,476,0,144,629,742,630,503,279,95,14,3036,14,85,355,622,686,576,305,96,19,2758,158,391,874,982,1003,721,254,76,17,4476,133,149,176,177,132,95,36,0,0,898,30,46,113,169,204,129,85,19,8,804
LGA33360,203,161,413,434,534,431,230,140,43,2596,395,1032,3051,3364,3392,2560,1220,455,100,15568,0,0,69,96,105,79,32,13,0,394,0,4,25,45,58,60,34,10,0,237,0,73,320,381,316,247,176,45,10,1564,0,18,124,259,400,364,190,49,10,1422,104,443,1694,1832,1820,1618,937,336,69,8850,111,73,85,59,35,35,15,5,0,417,7,16,47,51,68,60,44,19,7,322,227,537,1825,1940,1919,1714,995,363,71,9587,0,4,19,18,47,35,23,10,4,151,148,147,354,425,493,460,312,155,51,2540,370,789,2741,3174,3329,2953,1759,635,148,15903,0,3,54,80,41,30,9,0,0,215,0,7,53,89,89,25,14,0,0,275,0,161,677,611,339,201,84,9,0,2076,7,56,271,373,358,193,79,25,4,1368,104,348,676,569,476,218,56,13,3,2467,80,61,111,88,54,38,5,3,0,443,19,29,66,93,86,46,27,0,0,373
LGA33430,1543,1703,3670,3321,3345,3043,2890,2019,1079,22616,3617,9186,26547,27108,25079,20321,16000,7696,2575,138136,0,160,2539,2797,2137,1697,1178,505,74,11100,5,61,590,670,768,565,456,155,31,3294,23,2205,8049,7350,5763,3827,3212,1369,306,32098,637,1471,3824,4688,4832,3820,2643,1200,257,23375,1540,3855,11192,11576,11615,10264,7610,4194,971,62813,572,453,457,301,260,207,179,74,11,2511,169,223,489,740,744,686,662,375,96,4183,2277,4532,12139,12624,12616,11154,8447,4640,1077,69506,41,81,214,252,264,226,269,194,73,1620,1065,1486,3814,3256,3064,2518,2402,1986,1079,20659,4042,10003,31178,31633,29439,23801,18610,10053,2892,161648,0,150,1428,1213,933,653,187,44,12,4608,5,103,624,812,677,502,157,26,9,2908,22,2468,7801,6253,4197,2639,1202,368,112,25060,269,1659,4562,5299,4388,3022,1394,558,142,21292,1065,2530,5138,4792,4206,2661,965,378,92,21824,446,417,741,599,491,339,117,32,10,3198,143,395,798,1022,978,764,368,124,42,4635
LGA33610,36,24,83,78,90,100,88,55,22,584,65,130,416,381,403,344,225,106,30,2110,0,0,10,12,13,6,5,0,0,51,0,0,6,5,3,5,7,0,0,26,0,12,69,62,43,33,14,7,0,237,0,5,31,54,61,41,25,11,0,227,14,79,193,174,156,150,101,55,10,933,4,3,8,10,9,6,6,0,0,40,0,0,7,8,13,11,11,5,0,62,17,81,207,190,183,166,123,55,11,1034,0,0,4,5,3,3,4,3,0,16,30,31,72,60,63,96,64,56,21,497,46,132,395,387,368,354,236,134,32,2085,0,0,10,6,8,0,0,0,0,21,0,0,4,11,13,5,3,5,0,46,0,34,157,131,70,42,24,7,0,457,0,14,53,80,60,50,17,5,4,276,17,53,101,89,86,41,7,0,0,388,9,9,14,14,5,6,6,0,0,67,0,3,8,11,11,12,10,0,0,60
LGA33620,157,99,231,233,390,431,505,306,110,2476,340,524,1339,1595,2018,2303,2014,837,199,11171,0,0,30,25,62,51,64,25,3,263,0,0,11,22,34,50,42,14,0,167,0,24,135,208,212,225,230,78,13,1122,3,20,107,164,250,313,275,122,20,1282,108,298,942,976,1140,1318,1197,478,102,6547,73,58,54,45,62,29,32,11,0,366,4,26,29,35,59,80,84,44,3,367,188,379,1032,1061,1260,1431,1310,528,107,7282,7,3,5,7,7,17,26,16,8,97,154,87,278,287,340,378,370,266,78,2244,348,525,1592,1772,2159,2466,2322,1045,224,12461,0,0,12,23,39,38,12,0,0,133,0,0,29,51,52,64,19,3,0,223,0,49,264,310,337,267,122,32,14,1395,9,53,176,312,336,275,138,29,11,1335,95,195,464,457,463,292,103,27,4,2106,83,61,77,66,76,37,9,0,0,410,18,30,64,82,91,69,28,3,0,379
LGA33800,45,25,36,51,88,102,109,75,39,569,70,150,312,341,450,541,398,224,62,2554,0,0,7,12,10,10,4,0,0,42,0,0,0,6,0,4,5,0,0,20,0,3,42,40,38,39,30,10,0,204,3,6,15,15,33,45,41,16,3,184,24,73,237,199,265,337,257,118,26,1528,13,7,6,3,6,3,0,4,0,52,4,3,4,9,12,11,4,5,0,44,38,75,248,208,288,347,268,126,27,1621,0,0,0,0,3,8,5,5,0,24,28,44,64,46,72,98,86,69,42,547,68,133,376,332,434,553,442,230,75,2642,0,0,8,9,14,6,5,0,0,39,0,0,4,5,13,7,0,0,0,32,0,10,71,79,72,71,15,7,0,320,0,9,26,57,60,40,24,15,0,224,11,49,75,94,133,71,17,0,0,457,9,4,19,7,9,4,3,0,0,63,3,8,7,17,23,8,4,0,0,73
LGA33830,17,20,7,6,10,8,3,0,0,62,16,35,41,56,25,17,7,4,0,201,0,0,0,0,0,0,0,0,0,0,0,0,0,0,0,0,0,0,0,0,0,0,0,0,0,4,0,0,0,8,0,0,0,0,3,0,0,0,0,6,0,5,26,20,25,9,9,5,0,96,0,0,3,0,0,0,0,0,0,9,0,0,0,0,6,5,0,0,0,5,3,8,29,24,28,12,9,5,0,107,0,0,0,0,0,0,0,0,0,0,5,5,12,13,9,4,0,0,0,49,8,13,39,36,41,16,11,5,0,170,0,0,0,0,0,0,0,0,0,0,0,0,5,0,0,4,0,0,0,11,0,0,6,3,4,0,0,0,0,10,0,0,0,7,3,5,7,0,0,17,7,5,13,9,8,0,0,0,0,44,0,6,10,5,9,0,0,0,0,31,0,0,0,0,0,0,0,0,0,7
LGA33960,633,660,1306,1152,1107,904,691,442,146,7047,1415,3365,9360,8624,7429,5678,3442,1577,413,41298,0,16,426,884,534,320,174,57,4,2414,0,7,157,250,218,161,98,23,4,926,5,402,1818,2073,1341,791,470,183,25,7107,90,307,1263,1706,1457,1126,578,184,37,6753,630,1823,5656,4838,3906,3192,2129,949,222,23350,337,316,322,229,122,65,31,9,0,1431,62,115,218,278,243,181,137,79,12,1326,1027,2260,6194,5340,4271,3442,2295,1034,235,26110,13,23,60,91,68,42,52,36,10,393,511,661,1383,1165,969,737,559,380,163,6526,1650,3680,11298,11514,8854,6618,4228,1908,483,50226,0,13,243,241,190,120,32,6,0,836,0,18,189,239,186,110,30,3,0,768,8,548,2100,1409,882,566,214,75,14,5812,57,357,1260,1320,1035,614,239,76,16,4973,338,1043,2187,1707,1325,695,152,48,22,7512,247,282,422,241,203,88,21,3,0,1507,44,136,285,310,265,177,58,21,0,1296
LGA33980,85,148,519,408,334,263,88,24,3,1866,128,410,1671,1436,1023,717,233,42,11,5671,0,0,33,36,16,8,4,0,0,95,0,0,15,8,12,11,3,0,0,51,0,37,166,120,79,37,17,0,0,452,0,3,56,98,99,71,33,4,0,366,34,140,690,686,536,377,124,30,0,2614,21,13,13,19,10,8,0,0,0,89,3,5,15,24,23,14,5,0,0,91,58,158,714,728,567,403,132,35,0,2791,0,0,0,5,3,4,0,0,0,22,116,332,893,617,536,389,124,45,10,3048,176,534,1868,1604,1314,913,318,82,14,6826,0,0,35,24,9,6,4,0,0,70,0,0,28,30,17,8,0,0,0,85,0,116,410,217,87,36,7,5,0,875,6,29,128,157,102,41,13,0,0,472,39,143,355,204,110,46,8,0,0,902,20,36,50,28,8,0,0,0,0,141,9,16,39,37,18,18,3,0,0,140
LGA34420,3,0,19,6,7,6,0,0,0,37,8,13,33,16,18,22,3,0,0,113,0,0,0,0,4,0,0,0,0,4,0,0,0,0,0,0,0,0,0,0,0,0,3,0,0,0,0,0,0,8,0,0,0,0,0,0,0,0,0,8,4,3,8,15,17,4,0,0,0,50,0,0,3,6,7,4,0,0,0,17,0,0,3,0,3,0,0,0,0,8,3,9,14,14,22,10,0,0,0,75,0,0,0,0,0,0,0,0,0,0,6,7,35,3,19,10,3,0,0,93,11,15,52,23,48,22,11,0,0,180,0,0,0,0,0,0,0,0,0,0,0,0,0,0,0,4,0,0,0,4,0,3,4,0,6,3,0,0,0,16,0,0,0,9,6,0,0,0,0,10,5,0,6,7,3,0,0,0,0,21,0,0,5,0,9,0,0,0,0,12,0,0,0,4,0,0,0,0,0,0
LGA34530,126,187,387,442,405,346,280,153,70,2407,212,546,1407,1724,1905,1788,1191,495,163,9437,0,6,21,42,63,85,66,27,3,308,0,0,21,28,44,43,45,10,4,197,0,46,164,212,200,206,173,64,15,1089,0,23,85,158,210,258,168,58,16,975,91,232,845,922,908,949,748,264,57,5020,52,31,26,22,19,19,11,10,0,185,11,9,26,31,38,53,46,27,3,249,147,273,901,973,961,1021,804,300,68,5449,5,0,8,9,11,24,14,8,0,74,113,77,239,315,358,376,217,131,54,1876,265,416,1435,1737,1850,2008,1488,593,160,9965,0,4,19,50,59,53,17,0,0,202,0,5,18,59,56,46,14,6,0,196,0,49,301,385,326,207,110,29,5,1414,3,33,121,213,254,176,81,22,6,905,44,113,260,305,283,156,60,7,0,1236,37,33,47,39,37,30,0,0,0,234,4,11,22,49,50,31,19,4,0,201
LGA34570,10,11,9,11,8,6,5,4,0,65,9,12,23,27,20,15,6,4,0,123,0,0,0,4,0,0,0,0,0,6,0,0,0,0,0,0,0,0,0,0,0,0,0,0,0,0,0,0,0,0,0,0,3,0,0,0,0,0,0,5,0,3,3,5,10,4,0,0,0,27,0,0,5,5,0,0,0,0,0,4,0,0,0,0,0,0,0,0,0,0,0,4,4,9,11,9,0,0,0,35,0,0,0,0,0,0,0,0,0,0,3,6,0,9,6,5,6,0,0,33,7,7,11,22,18,6,5,0,0,82,0,0,0,0,0,0,0,0,0,0,0,0,0,0,0,0,0,0,0,0,0,3,4,0,0,0,0,0,0,11,0,0,4,0,0,0,0,0,0,6,0,4,0,12,3,4,0,0,0,17,0,0,0,4,0,0,0,0,0,4,0,0,0,0,0,0,0,0,0,0
LGA34580,177,173,358,308,327,283,293,160,46,2126,302,605,1453,1456,1548,1383,1024,403,90,8267,0,8,50,76,62,46,43,16,0,295,0,4,13,24,33,24,12,10,4,118,0,66,247,166,181,137,105,43,3,953,3,20,138,176,232,194,145,47,4,960,89,263,833,827,835,847,590,230,41,4554,68,55,57,26,14,21,3,3,0,246,10,13,35,40,49,43,34,22,3,248,164,329,933,892,896,909,632,247,46,5050,0,7,18,16,12,16,7,13,0,87,125,106,212,211,247,220,191,134,49,1492,297,541,1606,1554,1663,1548,1144,495,111,8960,0,0,37,37,38,28,14,0,0,154,0,0,23,37,38,30,12,0,0,139,0,92,334,237,201,135,86,20,5,1108,4,68,159,237,230,157,69,14,10,957,73,161,353,346,303,161,41,11,0,1451,66,32,41,63,34,12,5,0,0,258,12,18,41,66,49,48,13,4,0,248
LGA34590,978,879,1735,1696,1623,1414,1231,705,235,10485,2348,4960,13085,13025,11530,9489,6500,2409,631,63988,0,25,681,965,628,412,300,99,18,3136,0,20,197,255,233,207,129,39,8,1088,9,696,2553,2615,1754,1141,881,307,55,10011,159,553,1713,2121,1881,1442,934,378,58,9235,984,2711,7619,7017,6199,5350,3846,1677,330,35730,431,410,431,268,169,97,54,25,7,1889,97,159,320,401,380,316,255,127,26,2082,1515,3279,8368,7690,6746,5768,4151,1824,362,39698,12,29,103,144,119,74,95,71,15,673,969,1029,2239,1994,1718,1269,973,722,302,11210,2657,5634,15856,15788,13079,10311,7459,3440,816,75044,0,22,407,360,290,194,46,14,0,1323,0,46,244,323,249,205,47,10,5,1125,12,892,3324,2441,1565,1042,341,95,33,9752,112,684,2112,2121,1810,1203,406,100,20,8568,618,1568,3154,2714,2232,1292,321,115,23,12050,336,397,631,461,315,179,46,12,3,2369,104,211,491,555,481,324,103,36,9,2321
LGA34710,16,13,21,22,34,36,32,24,13,212,32,57,136,140,134,158,84,36,18,794,0,0,4,4,3,3,7,0,0,23,0,0,5,0,3,0,0,0,0,11,0,12,23,10,17,8,10,0,0,79,0,0,15,17,20,31,12,9,0,101,4,25,86,71,54,70,40,8,0,364,10,7,9,0,0,0,0,0,0,18,0,0,3,3,4,7,0,0,0,20,13,31,92,75,55,81,43,8,0,403,0,0,3,0,0,0,0,0,0,3,16,13,32,37,27,53,31,23,16,253,27,57,165,147,133,182,102,39,17,872,0,0,4,3,4,0,0,0,0,13,0,0,11,5,3,7,0,0,0,25,0,19,101,42,42,16,7,5,0,229,0,13,23,43,38,19,3,0,0,138,9,27,49,44,27,14,7,4,0,167,10,4,10,4,6,4,0,0,0,40,0,7,8,3,3,0,0,0,0,30
LGA34770,347,359,894,1023,1178,987,617,409,152,5969,618,1852,5629,5711,5865,4791,2539,1090,300,28385,0,6,146,208,169,141,69,22,6,773,0,7,47,78,115,82,39,13,0,384,0,177,683,679,565,403,259,64,29,2872,0,38,264,491,636,571,319,109,20,2451,174,924,3338,3459,3160,2838,1789,646,117,16458,145,118,113,78,52,37,21,6,0,562,17,45,56,98,123,101,97,42,9,578,340,1085,3506,3633,3331,2984,1909,696,122,17600,11,6,32,35,38,33,26,22,3,203,319,375,1002,1135,1176,1085,603,395,188,6279,660,1697,5692,6260,6028,5298,3230,1329,366,30565,0,7,111,122,128,76,14,0,4,467,0,12,98,143,165,82,15,5,0,523,4,342,1411,1085,785,427,126,57,13,4241,11,149,605,787,792,389,179,54,16,2976,202,683,1229,1037,898,441,104,27,13,4624,116,145,259,153,108,45,23,3,0,852,29,84,186,202,169,74,29,7,3,788
LGA34800,0,0,7,7,15,8,3,0,0,46,3,14,57,41,36,31,16,3,0,200,0,0,0,0,0,0,0,0,0,0,0,0,0,0,0,0,0,0,0,0,0,0,4,0,0,0,0,0,0,7,0,0,3,5,3,0,0,0,0,13,10,8,30,26,6,15,7,3,0,100,0,0,0,0,0,0,0,0,0,4,0,0,0,0,0,0,0,0,0,3,10,8,31,27,11,14,7,3,0,110,0,0,0,0,0,0,0,0,0,4,0,10,21,27,17,19,6,3,0,98,10,17,64,57,27,35,12,8,0,233,0,0,0,0,0,0,0,0,0,0,0,0,3,0,0,0,0,0,0,3,0,3,13,9,9,3,0,0,0,37,0,0,3,8,5,3,0,0,0,18,3,6,13,0,0,8,0,0,0,35,0,0,0,5,0,0,0,0,0,7,0,4,3,3,0,0,0,0,0,9
LGA34830,3,0,0,0,0,5,0,3,0,10,5,8,12,7,11,12,0,4,0,60,0,0,0,0,0,0,0,0,0,0,0,0,0,0,0,0,0,0,0,0,0,0,0,0,0,0,0,0,0,0,0,0,0,0,0,0,0,0,0,4,0,3,8,4,3,5,5,0,0,37,3,0,7,7,0,0,0,0,0,17,0,0,0,0,0,0,0,0,0,0,5,7,12,13,5,5,5,0,0,52,0,0,0,0,0,0,0,0,0,0,0,9,9,7,6,5,3,0,0,41,3,14,26,17,14,12,7,0,0,103,0,0,0,0,0,0,0,0,0,0,0,0,0,0,0,0,0,0,0,0,0,0,0,0,0,0,0,0,0,3,0,0,0,0,5,0,0,0,0,5,0,0,0,5,0,0,0,0,0,6,0,0,0,0,0,0,0,0,0,0,0,0,0,0,0,0,0,0,0,0
LGA34860,50,30,148,105,106,103,88,49,24,686,89,190,707,519,477,395,212,90,28,2698,0,0,15,18,14,5,0,3,0,55,0,0,10,8,9,9,0,0,0,35,0,19,74,75,42,36,26,3,0,268,0,7,34,71,50,55,24,13,0,257,37,129,307,227,229,189,109,31,8,1268,11,14,19,9,11,10,8,0,0,73,0,0,11,15,19,22,14,0,0,93,52,148,335,253,259,227,139,28,8,1432,0,5,0,7,4,7,9,4,0,30,63,58,111,87,114,111,80,55,20,700,115,233,576,520,490,442,268,101,25,2770,0,0,18,10,4,7,0,0,0,44,0,4,16,13,18,9,0,0,0,56,0,52,227,131,83,49,18,3,8,562,0,13,85,97,95,69,17,4,7,390,33,78,144,114,83,51,7,0,0,524,14,10,24,18,9,3,0,0,0,80,7,3,13,25,24,15,5,0,0,89
LGA34880,151,253,456,368,296,284,234,128,35,2200,183,421,943,1000,1049,988,752,320,75,5728,0,3,15,26,17,38,23,21,3,147,0,0,7,13,10,17,14,14,0,67,0,17,119,119,126,97,92,34,6,603,0,11,75,78,120,130,101,35,11,560,32,100,353,404,464,478,371,168,29,2400,10,11,21,11,16,7,12,4,0,96,0,6,16,17,20,22,22,19,4,121,47,120,390,433,494,502,407,190,35,2614,0,4,6,10,9,12,8,5,0,59,94,81,191,176,189,232,162,118,37,1290,150,241,795,855,973,1032,801,414,88,5344,0,0,12,38,33,16,9,3,0,107,0,4,11,19,29,16,6,3,0,90,0,25,152,187,171,134,48,16,6,726,4,21,71,138,141,110,59,13,7,556,34,61,135,215,147,96,36,12,0,739,28,10,34,29,11,15,3,0,0,127,8,5,14,33,29,15,18,0,0,127
LGA35010,1023,1068,2214,2196,2149,1936,2043,1361,777,14772,2729,6190,16878,19828,18816,15250,11707,5046,1612,98054,0,21,587,1417,1276,986,763,269,42,5369,5,22,268,491,590,525,415,141,15,2465,4,933,3434,4361,3762,2401,1902,827,146,17773,97,574,2183,3237,3602,3036,2215,908,162,16016,1229,3578,9860,9688,9487,8039,6333,3299,693,52210,588,539,473,309,225,162,129,52,5,2471,136,194,384,567,539,481,525,256,39,3122,1950,4306,10717,10562,10247,8681,6987,3602,744,57807,19,43,106,152,171,149,191,112,40,988,790,874,1898,1888,1888,1524,1530,1233,596,12230,2868,6783,19188,22110,21544,17310,14005,7097,1745,112642,0,23,488,675,577,408,97,26,3,2294,0,37,421,788,590,425,141,34,8,2437,8,1036,4479,4571,2903,1911,832,286,76,16109,163,871,2662,3566,2907,2002,983,292,73,13527,848,1997,4178,3904,3390,1962,561,198,57,17086,473,456,703,502,380,261,77,21,3,2878,115,262,555,824,707,537,216,73,26,3320
LGA35250,21,0,28,16,13,12,10,4,0,98,23,11,53,33,31,26,13,4,0,195,0,0,0,0,0,0,0,0,0,0,0,0,0,0,0,5,0,0,0,5,0,0,4,0,0,0,0,0,0,12,0,0,0,0,0,4,0,0,0,9,0,5,9,10,11,0,4,0,0,38,0,0,0,0,0,0,0,0,0,3,0,0,0,0,0,0,0,0,0,0,0,5,9,10,10,7,4,0,0,42,0,0,0,0,0,0,0,0,0,0,0,3,15,13,12,0,5,0,0,59,0,10,27,27,24,18,11,4,0,122,0,0,0,0,0,0,0,0,0,3,0,4,0,4,4,0,0,0,0,13,0,0,5,6,5,7,0,0,0,18,0,0,0,0,4,5,0,0,0,9,0,0,4,0,0,0,0,0,0,6,0,0,3,0,0,0,0,0,0,5,0,4,0,0,0,0,0,0,0,14
LGA35300,92,106,271,157,199,155,87,25,5,1108,142,387,1306,955,895,606,255,79,13,4628,0,0,56,51,22,24,0,0,0,158,0,0,23,18,15,10,0,0,0,60,0,54,184,111,47,43,13,3,0,459,0,11,55,78,63,59,25,8,0,308,22,156,579,506,460,413,131,53,10,2329,30,19,19,10,8,0,0,0,0,89,0,3,16,6,20,7,4,0,0,64,59,182,616,519,483,422,138,53,10,2476,0,3,4,3,5,9,3,0,0,31,80,106,213,181,158,151,71,36,6,1007,136,361,1144,966,785,716,257,111,12,4495,0,0,42,31,24,14,0,0,0,117,0,3,39,27,23,8,0,0,0,105,0,115,384,187,118,53,14,0,0,873,0,29,142,123,103,42,13,4,3,457,26,141,254,172,114,44,7,3,0,754,21,24,42,17,16,10,4,0,0,133,3,7,19,25,26,13,4,0,0,101
LGA35600,16,20,30,28,34,29,24,23,5,203,35,61,153,142,129,132,60,37,5,751,0,0,0,0,4,9,0,0,0,12,0,0,5,3,0,0,0,0,0,5,0,4,22,4,9,12,13,0,0,66,0,0,5,14,17,28,12,0,0,80,0,25,78,57,52,56,44,14,0,328,5,0,3,0,4,0,0,0,0,17,0,0,6,0,5,5,7,0,0,23,9,26,80,58,55,67,54,14,0,368,0,0,0,0,0,3,0,0,0,7,14,8,39,25,28,54,36,20,4,236,22,38,161,112,118,168,113,32,11,775,0,3,3,0,0,0,0,0,0,11,0,0,3,9,0,0,3,0,0,27,0,16,79,44,33,26,5,0,0,200,0,0,23,28,31,17,7,0,0,111,6,18,36,48,25,19,5,0,0,156,0,0,11,0,3,0,0,0,0,23,5,5,3,6,10,4,0,0,0,27
LGA35670,0,6,4,3,0,5,0,0,0,20,4,11,19,21,17,8,9,0,0,96,0,0,0,0,0,0,0,0,0,0,0,0,0,0,0,0,0,0,0,0,0,0,0,0,0,0,0,0,0,0,0,0,0,0,0,4,0,0,0,5,0,3,7,7,7,10,4,0,0,35,0,0,0,3,4,0,0,0,0,13,0,0,0,0,0,0,0,0,0,0,0,8,8,12,5,10,4,0,0,45,0,0,0,0,0,0,0,0,0,0,9,12,20,22,12,14,8,0,0,89,12,14,30,31,19,30,10,0,0,147,0,0,0,0,0,0,0,0,0,0,0,0,0,0,0,0,0,0,0,0,0,0,0,3,0,0,0,0,0,3,0,0,0,0,3,4,0,0,0,4,0,3,4,10,4,0,0,0,0,15,0,0,0,0,0,0,0,0,0,5,0,0,0,0,0,0,0,0,0,0
LGA35740,105,84,165,288,319,366,415,252,122,2103,247,446,1300,2181,2685,2845,2610,1169,349,13824,0,6,55,132,212,204,273,132,14,1029,0,0,23,30,84,99,102,37,6,375,0,63,312,556,685,600,655,308,54,3235,4,50,159,312,460,473,485,247,46,2244,117,262,679,909,1157,1314,1076,521,129,6167,43,36,34,26,31,16,21,17,4,226,14,19,28,32,71,69,123,47,12,420,172,320,744,967,1257,1403,1217,583,149,6809,4,4,9,20,30,33,43,41,12,190,112,71,203,232,320,307,291,260,143,1938,288,505,1507,2253,3035,3129,3074,1617,419,15819,0,0,54,96,117,115,41,8,0,445,0,4,37,105,137,106,63,8,0,458,0,71,433,666,602,407,245,94,29,2542,15,77,237,514,665,524,319,106,14,2466,96,170,334,450,484,350,128,33,13,2055,52,39,54,49,71,57,19,8,3,346,17,30,40,90,97,111,73,19,8,480
LGA35760,45,37,101,78,132,119,115,106,36,758,87,116,340,296,398,371,296,185,46,2136,0,0,8,8,6,3,7,0,0,31,0,0,0,8,5,0,7,3,0,17,0,15,41,30,40,21,20,12,4,182,0,7,24,23,42,51,21,16,0,181,23,56,135,147,137,185,155,63,9,901,12,15,11,8,7,4,0,0,0,61,5,6,0,0,12,14,14,5,0,52,33,71,145,151,157,202,173,68,12,1017,0,0,3,0,5,4,4,0,0,16,43,33,71,82,92,97,112,82,18,628,75,118,301,291,340,386,346,178,33,2075,0,0,11,7,0,6,3,0,0,30,0,0,7,17,14,5,3,0,0,48,0,22,84,70,44,50,24,8,0,307,0,11,41,51,61,61,26,7,0,257,8,32,87,82,86,75,22,0,0,391,18,12,22,13,8,4,5,0,0,78,7,7,4,14,16,14,0,0,0,72
LGA35780,16,12,21,20,19,8,3,5,0,104,28,39,104,84,83,60,13,11,4,429,0,0,0,4,5,0,4,0,0,9,0,0,0,6,3,5,0,0,0,8,0,0,0,5,5,4,9,0,0,24,0,0,3,6,6,10,0,0,0,25,5,27,52,45,39,41,12,0,0,222,6,12,16,7,12,0,0,0,0,54,4,4,0,0,4,0,0,0,0,15,11,41,70,55,47,43,15,0,0,285,0,0,0,0,0,0,0,0,0,0,30,27,33,36,24,26,13,8,0,188,41,67,110,108,91,80,36,10,0,543,0,0,3,0,0,0,0,0,0,8,0,4,0,0,0,3,0,0,0,6,0,7,22,8,8,8,0,0,0,55,0,0,4,21,13,7,0,0,0,56,12,8,24,24,17,8,0,0,0,97,4,5,14,9,8,0,0,0,0,39,0,0,3,4,0,0,0,0,0,10
LGA35790,14,9,16,6,14,3,0,0,0,71,19,27,51,50,69,24,9,0,0,245,0,0,0,0,0,0,0,0,0,4,0,0,0,0,0,0,0,0,0,0,0,0,0,0,3,5,0,0,0,13,0,0,0,0,3,6,0,0,0,11,3,7,20,18,12,15,10,0,0,75,3,0,0,0,0,0,0,0,0,9,0,0,0,0,0,0,0,0,0,4,7,6,20,18,17,11,9,0,0,85,0,0,0,0,0,0,0,0,0,0,10,7,20,7,14,9,7,0,0,68,13,15,47,25,32,36,17,0,0,186,0,0,0,0,0,0,0,0,0,7,0,0,0,8,0,0,0,0,0,8,0,3,12,3,3,4,5,0,0,38,0,0,0,3,3,4,0,0,0,16,4,8,14,11,13,5,0,0,0,44,9,7,4,13,10,0,0,0,0,38,0,0,4,3,0,0,0,0,0,4
LGA35800,7,0,3,15,4,17,18,7,6,81,10,10,43,51,44,71,42,23,6,298,0,0,0,0,0,4,0,0,0,5,0,0,0,0,0,0,0,0,0,0,0,0,10,4,4,3,3,0,0,27,0,0,6,3,7,7,4,0,0,29,3,9,33,18,26,29,20,4,4,146,0,0,3,0,0,0,0,0,0,9,0,0,0,0,0,3,4,0,0,6,3,9,34,22,33,28,20,4,4,162,0,0,0,0,0,0,0,0,0,0,4,4,0,15,12,16,8,10,3,72,8,12,53,44,55,56,30,23,8,299,0,0,0,0,0,0,0,0,0,6,0,0,0,0,3,0,0,0,0,7,0,9,15,13,14,0,3,0,0,59,0,0,7,5,18,10,6,3,0,49,4,11,18,16,14,13,3,0,0,83,0,3,3,3,4,0,0,0,0,17,0,0,0,4,5,3,0,0,0,12
LGA36070,6,0,4,4,5,0,3,0,0,24,6,6,15,25,28,12,10,0,0,99,0,0,0,0,0,0,0,0,0,3,0,0,0,0,0,0,0,0,0,0,0,0,0,0,0,0,0,0,0,5,0,0,0,0,5,0,0,0,0,3,0,4,10,12,17,0,7,0,0,44,0,4,0,0,5,0,0,0,0,11,0,0,0,4,0,0,0,0,0,3,3,3,10,17,23,7,7,0,0,63,0,0,0,0,0,0,0,0,0,0,3,7,13,10,8,3,0,0,0,46,7,14,20,26,28,15,6,0,0,120,0,0,0,0,0,0,0,0,0,0,0,0,0,0,0,0,0,0,0,0,0,0,9,0,0,0,0,0,0,6,0,0,0,3,5,0,0,0,0,7,0,0,3,4,4,5,0,0,0,16,0,5,5,5,3,0,0,0,0,20,0,0,0,3,0,0,0,0,0,4
LGA36150,0,0,5,0,7,4,12,0,0,29,3,14,31,18,32,17,20,4,0,140,0,0,0,0,0,0,0,0,0,0,0,0,0,0,0,0,0,0,0,0,0,0,4,0,4,0,0,0,0,16,0,0,0,0,0,4,5,0,0,12,0,13,16,16,7,13,7,3,0,72,0,0,0,0,0,0,0,0,0,4,0,0,0,0,0,4,0,0,0,0,0,11,18,14,14,11,7,3,0,77,0,0,0,0,0,0,0,0,0,0,0,0,4,0,7,10,9,0,3,27,0,17,29,21,23,25,16,7,3,137,0,0,0,0,0,0,0,0,0,0,0,0,0,0,0,0,0,0,0,0,0,6,6,6,6,3,0,0,0,39,0,3,6,10,11,3,4,0,0,31,3,8,3,5,7,4,0,0,0,33,0,0,0,0,0,0,0,0,0,3,0,0,0,4,0,0,0,0,0,4
LGA36250,231,199,432,523,607,652,608,479,303,4037,824,2036,5371,6368,7102,6574,4744,2196,792,36020,0,9,153,391,513,473,370,150,44,2096,3,7,89,150,218,193,163,51,8,879,7,367,1097,1322,1383,1088,914,398,85,6664,87,217,581,1103,1345,1256,911,377,71,5953,489,1155,3081,3303,3251,3428,2732,1392,333,19168,229,136,122,103,74,54,42,18,3,778,38,57,115,146,188,194,198,121,27,1081,754,1345,3320,3553,3513,3676,2975,1537,360,21031,11,16,28,49,66,61,84,54,17,370,184,201,399,455,533,540,575,433,266,3593,1041,2157,5671,7022,7569,7283,5984,3006,854,40584,0,15,152,278,285,174,56,13,0,973,0,17,124,239,268,187,60,26,0,915,5,481,1501,1667,1345,908,360,128,42,6448,70,364,988,1468,1378,914,442,172,53,5847,259,711,1288,1330,1333,808,252,115,27,6126,188,142,198,173,148,101,39,7,4,998,39,105,200,243,300,226,114,32,18,1274
LGA36300,4,5,8,3,8,4,4,6,0,39,7,17,40,24,23,23,13,3,0,154,0,0,0,0,0,0,0,0,0,0,0,0,0,0,0,0,0,0,0,0,0,0,0,6,3,0,0,0,0,11,0,0,0,4,3,3,0,0,0,8,5,8,21,9,21,10,7,0,0,78,0,0,0,0,0,0,0,0,0,4,0,0,0,0,0,3,0,0,0,0,5,8,25,10,21,10,5,0,0,85,0,0,0,0,0,0,0,0,0,6,3,3,16,7,6,12,8,10,0,72,9,15,34,26,29,31,20,12,0,170,0,0,0,0,0,0,0,0,0,4,0,0,0,0,3,0,0,0,0,3,0,0,9,11,7,0,0,0,0,31,0,0,0,7,3,8,0,0,0,25,0,3,3,0,9,4,0,0,0,23,0,0,6,0,0,0,0,0,0,8,0,0,6,3,0,0,0,0,0,14
LGA36370,256,241,564,512,609,552,399,328,179,3647,544,1248,3675,3146,3196,2827,1619,844,285,17390,0,8,147,197,167,132,61,27,8,756,0,4,55,62,84,71,38,7,0,314,0,157,523,578,414,303,202,70,22,2262,3,48,222,323,349,331,249,56,12,1594,145,583,1937,1721,1401,1443,946,425,116,8721,134,118,103,67,52,20,16,3,0,517,27,35,64,78,72,58,59,26,4,421,311,739,2099,1863,1525,1523,1026,456,119,9657,0,8,11,27,26,27,17,14,8,124,239,260,626,657,597,500,384,278,171,3708,555,1220,3680,3701,3155,2882,1974,909,335,18412,0,7,94,118,98,63,16,9,0,399,0,12,77,107,115,58,17,4,0,395,4,268,992,710,590,366,143,52,11,3144,0,94,396,458,461,273,119,33,12,1854,156,467,844,587,535,291,64,22,16,2980,122,123,174,92,71,39,16,0,0,633,25,53,77,98,80,47,31,11,0,425
LGA36510,171,110,263,267,320,330,320,193,66,2026,292,413,1151,1610,1890,1792,1417,612,152,9313,0,0,22,76,83,103,99,50,10,443,0,0,16,31,43,50,44,5,5,187,0,45,196,221,283,244,252,101,17,1358,53,38,103,213,297,283,220,92,22,1320,109,245,648,867,967,1008,752,314,46,4951,32,39,30,23,18,27,14,6,0,183,10,8,29,36,49,62,60,24,9,288,152,295,696,925,1031,1100,823,342,53,5420,0,0,9,7,8,20,31,21,8,103,142,68,186,227,260,226,238,188,90,1619,347,447,1231,1696,2005,2026,1706,799,198,10461,0,3,15,67,74,55,20,0,0,236,0,5,25,52,58,46,14,4,0,201,3,67,288,373,315,291,162,50,11,1549,16,41,185,295,319,262,149,50,9,1327,63,137,318,389,352,230,83,16,5,1599,31,25,60,54,38,27,11,0,0,254,7,10,31,71,73,53,34,6,0,288
LGA36580,122,52,107,179,213,240,213,121,28,1264,215,240,731,860,1002,1064,833,313,59,5322,0,0,12,9,25,39,26,6,0,113,0,0,10,7,6,20,18,4,0,70,0,24,78,115,95,82,100,40,6,533,6,15,55,101,127,155,121,52,0,627,69,155,433,520,555,544,471,177,22,2942,37,31,27,19,11,14,5,10,0,149,9,4,20,34,25,31,48,17,0,180,110,186,486,566,589,583,520,200,26,3273,3,0,10,11,6,6,15,8,0,64,83,58,118,154,160,177,163,109,28,1053,205,288,761,968,1014,1063,959,412,62,5730,0,0,7,21,19,15,12,0,0,73,0,0,15,23,19,27,10,0,0,102,0,32,138,141,128,114,60,10,0,634,3,18,103,128,146,112,56,18,0,580,38,93,190,198,223,141,32,12,3,932,20,24,40,37,28,26,0,0,0,171,4,7,31,41,49,28,17,5,5,188
LGA36630,137,97,165,223,253,254,317,238,71,1758,200,394,866,1072,1165,1250,1157,554,120,6776,0,0,16,33,24,30,30,19,0,148,0,3,15,14,23,20,26,5,0,100,0,30,112,106,111,117,99,39,7,612,0,13,64,89,154,166,151,57,6,700,48,180,529,501,585,643,652,289,56,3479,32,36,56,17,25,22,22,3,0,206,8,9,19,20,37,31,38,14,4,179,90,230,607,536,644,693,705,302,60,3872,0,3,5,13,7,9,26,16,5,82,136,86,191,162,218,287,295,206,47,1637,222,371,1006,955,1181,1321,1327,644,128,7142,0,0,12,28,19,24,4,0,0,80,0,7,22,33,36,25,19,0,0,140,0,72,234,237,162,158,94,31,4,993,4,43,113,217,233,176,87,21,10,905,65,149,275,262,297,202,65,9,11,1333,36,51,66,52,40,19,3,0,0,265,10,15,43,68,38,61,17,3,0,258
LGA36660,140,80,170,150,203,237,292,194,84,1552,255,440,962,1052,1224,1360,1226,545,160,7221,0,0,20,24,41,58,65,28,7,233,0,0,14,17,38,38,30,10,0,143,0,38,139,161,172,175,183,87,12,960,3,4,68,109,161,201,189,69,12,824,85,254,603,575,578,673,652,278,62,3749,24,38,58,35,18,17,19,0,0,214,4,9,26,23,37,35,32,21,9,189,117,307,683,636,629,724,699,295,63,4160,4,0,9,4,15,14,15,24,4,89,106,88,186,145,222,262,283,229,84,1602,226,441,1123,1099,1272,1462,1459,733,186,8006,0,0,27,35,38,20,19,5,0,140,0,0,20,41,49,42,16,3,0,170,0,55,230,264,242,225,112,42,11,1191,0,31,133,188,220,209,114,43,18,964,52,158,289,310,343,216,53,8,3,1435,47,52,41,54,39,25,9,3,0,259,11,15,34,57,49,46,31,10,8,262
LGA36720,676,626,1255,1442,1513,1459,1562,1112,622,10276,1656,3688,10757,13365,13878,12633,10410,5277,1749,73413,0,34,695,1030,1106,991,913,436,77,5281,4,6,217,364,482,523,446,151,23,2219,4,634,3111,3620,3191,2471,2257,1019,222,16528,88,355,1383,2098,2633,2420,2096,958,272,12302,822,2153,6129,6792,7014,6617,5117,2672,749,38059,393,244,217,131,111,130,107,44,7,1386,109,104,227,314,370,398,447,258,76,2304,1324,2505,6574,7237,7488,7144,5664,2977,837,41750,14,29,68,108,130,139,143,129,49,812,537,584,1411,1549,1618,1331,1341,1150,647,10177,1969,4149,13473,16000,16651,15024,12865,6814,2120,89059,0,19,272,552,521,396,150,27,4,1937,0,30,247,546,543,463,166,40,8,2050,7,627,3030,3493,2634,1960,1028,363,98,13235,77,517,1736,2643,2527,1967,1142,447,111,11159,484,1243,2516,2679,2605,1627,584,223,72,12041,283,263,325,325,293,211,73,24,3,1807,85,128,330,484,507,453,271,98,28,2380
LGA36820,107,71,116,129,200,242,239,161,63,1327,176,261,640,832,1047,1237,1070,488,121,5877,0,0,8,18,42,44,68,31,7,219,0,0,7,14,23,25,26,8,0,108,0,12,72,141,154,131,170,57,4,737,0,12,46,86,131,159,158,68,7,678,46,121,428,416,500,655,576,253,56,3047,24,29,21,16,8,15,5,0,0,124,3,0,12,17,29,20,47,14,4,145,79,156,461,441,534,694,624,272,63,3315,3,0,4,5,7,8,14,9,8,59,127,64,151,127,249,241,245,155,70,1428,212,242,756,833,1143,1300,1301,599,156,6538,0,0,8,36,44,33,12,0,0,138,0,0,8,36,41,33,13,0,0,133,0,45,180,230,199,191,96,39,11,993,6,22,80,172,199,174,99,30,3,788,62,82,186,202,227,151,56,8,0,976,23,24,34,27,35,20,5,3,0,179,8,5,37,44,36,28,19,0,0,177
LGA36910,546,468,814,780,865,891,869,697,340,6266,1130,2758,6976,6562,6408,5825,4007,2005,676,36348,0,32,548,571,500,436,335,154,22,2592,0,10,151,181,199,220,151,48,10,965,0,378,1529,1518,1201,931,825,304,75,6766,36,167,649,867,1084,997,671,317,67,4851,438,1445,3632,3104,2826,2617,1925,962,228,17186,210,217,221,110,78,56,32,15,0,948,39,62,103,135,186,136,162,80,27,936,687,1722,3966,3360,3091,2811,2119,1063,255,19074,7,15,44,34,48,42,50,43,7,290,366,374,824,691,759,742,679,542,293,5264,1101,2701,7701,7213,6883,6182,4825,2472,731,39809,0,7,234,372,324,210,66,10,3,1244,0,13,161,275,272,217,90,25,3,1055,7,540,2019,1845,1344,944,502,172,55,7423,35,270,877,1098,1178,826,422,187,30,4923,388,932,1521,1293,1244,692,223,56,20,6369,220,225,249,180,152,114,38,11,0,1194,37,105,164,244,218,168,96,36,4,1082
LGA36950,41,38,104,47,45,34,16,6,0,331,56,82,222,157,151,115,34,7,3,833,0,0,8,10,5,0,4,0,0,23,0,0,0,5,0,0,5,0,0,10,0,3,26,25,18,14,0,0,0,88,0,9,10,17,21,15,3,0,0,74,9,15,76,71,62,52,10,0,0,306,9,6,7,7,0,3,4,0,0,38,0,0,5,8,3,7,4,0,0,24,15,26,95,84,65,60,17,0,0,365,0,0,0,0,0,0,0,0,0,0,24,26,31,30,34,29,20,8,0,189,41,56,173,166,142,120,41,10,0,759,0,0,4,9,9,5,0,0,0,34,0,0,8,6,9,0,0,0,0,26,0,4,53,44,23,15,0,0,0,134,0,4,18,31,16,10,4,0,0,82,6,6,37,17,14,13,0,0,0,89,3,9,12,0,7,4,0,0,0,30,0,0,9,3,4,7,0,0,0,19
LGA36960,75,28,89,43,33,29,15,5,0,317,98,91,228,161,136,85,27,6,0,835,0,0,0,4,0,0,0,0,0,8,0,0,0,0,0,0,0,0,0,3,0,0,8,5,9,4,0,0,0,23,0,0,0,7,11,17,0,0,0,40,11,28,87,91,63,45,17,5,4,347,13,19,30,9,13,9,3,0,0,100,0,3,8,8,7,4,5,0,0,34,29,52,122,110,83,57,21,7,4,480,0,0,0,0,0,0,0,0,0,0,14,12,35,28,32,24,10,6,0,162,40,62,163,154,135,106,39,12,5,707,0,0,0,0,0,0,0,0,0,0,0,3,0,11,6,0,0,0,0,22,0,7,16,11,15,9,0,0,0,59,3,6,21,13,23,8,3,0,0,83,5,19,50,37,20,5,0,0,0,141,8,17,39,19,12,5,0,0,0,100,4,4,9,0,0,5,0,0,0,20
LGA37010,660,1069,1692,1332,1293,1080,840,493,187,8645,1245,3946,9753,8707,8301,6807,4177,1682,476,45092,0,27,460,602,519,426,297,106,13,2446,0,10,131,157,204,163,122,25,9,828,0,484,1927,1537,1334,914,646,246,48,7138,29,155,759,999,1257,1107,718,233,32,5301,354,1525,4527,4058,3689,3485,2274,977,191,21076,197,243,248,113,84,54,35,17,3,991,32,67,152,167,182,174,145,71,9,997,582,1836,4920,4339,3956,3718,2454,1068,198,23068,10,26,49,37,64,46,46,36,3,320,554,1173,1581,1310,1206,1015,687,429,173,8128,1179,3717,9833,8984,8542,7386,4974,2141,480,47226,0,16,371,424,400,216,67,18,0,1518,5,35,244,288,283,169,45,9,0,1078,8,906,3048,2367,1590,868,363,101,30,9282,53,311,1085,1434,1195,692,294,105,30,5187,344,1055,2194,1590,1317,677,166,46,13,7396,224,265,287,197,154,83,19,0,0,1241,42,135,233,287,250,166,45,17,6,1186
LGA37300,18,15,40,51,41,32,9,0,0,200,27,84,289,309,238,138,28,6,0,1111,0,0,3,8,3,0,0,0,0,18,0,0,0,4,7,0,0,0,0,11,0,4,42,26,22,8,0,0,0,98,4,4,8,23,22,18,3,6,0,86,12,42,200,158,139,93,19,4,0,658,8,4,6,0,4,0,0,0,0,23,0,6,3,5,3,6,0,0,0,16,22,43,210,157,143,94,19,5,0,693,0,0,0,0,0,0,0,0,0,3,20,29,77,50,41,39,12,3,0,269,47,85,341,264,236,163,36,9,3,1179,0,0,7,12,4,0,0,0,0,24,0,0,8,3,9,5,0,0,0,22,0,11,70,49,22,7,0,0,0,157,0,4,23,29,20,14,0,0,0,87,7,20,48,35,25,8,0,0,0,136,5,4,4,0,3,0,0,0,0,17,0,3,3,8,4,0,0,0,0,17
LGA37310,178,131,303,329,360,313,286,168,59,2132,288,549,1522,1487,1357,1026,668,308,83,7282,0,0,21,26,18,20,10,0,0,102,0,0,14,9,21,19,15,0,0,81,0,49,203,199,140,94,39,18,7,749,3,22,106,153,155,146,75,19,5,679,84,254,833,641,652,523,363,131,25,3502,42,48,29,28,26,15,15,4,0,203,9,14,22,24,52,30,32,10,3,184,137,309,880,691,723,573,407,144,25,3891,0,7,11,10,11,8,10,4,0,60,129,167,333,282,274,252,215,123,51,1820,273,549,1574,1374,1338,1114,769,306,82,7382,0,0,30,21,11,12,3,0,0,80,0,8,22,31,39,28,0,0,0,134,0,103,371,298,166,111,45,22,8,1128,5,23,150,170,166,126,60,20,8,718,59,155,318,293,247,144,35,4,3,1260,35,41,65,47,27,18,12,0,0,246,6,12,38,52,50,32,12,6,0,202
LGA37340,180,217,542,388,384,338,305,139,51,2537,257,640,1982,1628,1598,1474,1026,364,88,9052,0,0,61,43,33,35,40,13,0,222,0,0,13,14,21,24,17,0,0,83,0,58,308,180,151,110,113,32,4,954,3,41,169,180,229,183,135,49,3,998,52,274,874,910,887,866,545,227,39,4680,38,39,47,32,23,24,20,4,0,218,11,3,19,47,50,43,34,15,0,227,98,321,938,981,954,933,607,252,39,5125,4,8,17,9,15,12,5,18,0,87,107,174,504,403,450,400,286,149,30,2503,208,594,2015,1811,1853,1696,1205,511,80,9982,0,4,27,26,29,14,6,0,0,109,0,0,25,36,27,26,7,7,0,125,0,86,356,253,158,123,50,8,4,1043,12,69,212,223,208,132,59,8,3,935,70,184,354,292,252,150,43,12,6,1357,37,41,55,46,32,19,4,0,0,233,0,25,39,58,35,29,9,0,0,203
LGA37400,0,3,13,8,3,10,18,13,0,65,9,13,42,30,37,45,42,20,0,230,0,0,0,0,0,0,0,0,0,3,0,0,0,0,0,0,0,0,0,0,0,0,3,4,3,0,7,0,0,19,0,0,0,0,3,0,0,0,0,14,5,0,13,24,22,17,11,0,0,99,0,4,0,4,0,0,0,0,0,6,0,0,0,0,0,0,0,0,0,8,5,4,21,22,21,18,15,0,0,113,0,0,0,0,0,0,0,0,0,0,4,9,13,12,12,11,25,11,0,91,11,6,38,45,37,39,39,15,0,240,0,0,0,5,4,0,0,0,0,10,0,0,0,3,0,0,0,0,0,8,0,0,15,0,4,9,3,0,0,33,0,0,7,11,0,5,0,0,0,30,3,4,17,13,18,10,0,0,0,67,3,0,4,0,0,0,0,0,0,11,0,0,0,0,0,0,0,0,0,4
LGA37550,12,24,7,14,9,6,0,0,0,67,12,28,20,22,17,23,0,0,0,123,0,0,0,0,0,0,0,0,0,0,0,0,0,0,0,0,0,0,0,0,0,0,0,0,0,0,0,0,0,3,0,0,6,0,0,0,0,0,0,5,0,0,16,11,6,4,3,0,0,52,5,0,0,0,0,0,0,0,0,8,0,0,0,0,0,0,0,0,0,0,5,5,16,13,9,4,3,0,0,55,0,0,0,0,0,0,0,0,0,0,10,0,9,5,0,6,0,0,0,30,10,5,30,18,12,14,5,0,0,100,0,0,0,0,0,0,0,0,0,0,0,0,0,0,0,0,0,0,0,7,0,5,3,4,0,4,0,0,0,10,0,0,0,6,5,0,0,0,0,8,0,3,5,5,4,0,0,0,0,19,0,3,0,0,4,0,0,0,0,10,0,0,0,0,0,0,0,0,0,0
LGA37570,0,3,0,0,0,0,0,0,0,6,0,5,9,10,6,5,0,0,0,38,0,0,0,0,0,0,0,0,0,0,0,0,0,0,0,0,0,0,0,0,0,0,0,0,0,0,0,0,0,0,0,0,0,3,0,4,0,0,0,8,0,0,7,0,9,0,0,0,0,19,0,0,0,0,0,0,0,0,0,4,0,0,0,0,0,0,0,0,0,0,0,0,7,0,7,4,0,0,0,25,0,0,0,0,0,0,0,0,0,0,0,4,0,0,0,0,0,0,0,10,0,6,9,7,8,8,0,0,0,46,0,0,0,0,0,0,0,0,0,0,0,0,0,0,0,0,0,0,0,0,0,0,0,0,0,0,0,0,0,5,0,0,0,3,0,0,0,0,0,4,0,0,6,3,3,0,0,0,0,14,0,4,0,3,0,0,0,0,0,8,0,0,0,0,0,0,0,0,0,4
LGA37600,26,22,19,16,17,14,0,6,0,113,33,32,74,54,59,30,8,5,0,293,0,0,0,0,0,0,0,0,0,0,0,0,0,0,0,0,0,0,0,0,0,0,6,0,0,3,0,0,0,12,0,0,3,5,6,3,4,0,0,24,5,24,43,51,37,24,3,0,0,190,3,3,11,6,5,0,0,0,0,26,0,7,3,6,4,0,3,0,0,26,9,32,62,60,48,32,11,0,0,240,0,0,0,0,0,0,0,0,0,0,15,6,12,5,11,8,5,3,0,70,27,34,81,74,59,46,20,3,0,345,0,0,0,0,0,0,0,0,0,3,0,0,0,0,0,0,0,0,0,5,0,0,0,3,7,0,0,0,0,15,0,0,4,12,3,6,0,0,0,29,13,13,11,21,14,3,0,0,0,70,0,9,11,11,4,0,0,0,0,36,3,0,8,6,3,0,0,0,0,12
LGA39499,50,117,353,334,296,268,192,52,9,1671,78,314,925,668,647,770,670,136,12,4222,0,0,47,31,26,27,29,5,0,171,0,0,12,7,9,19,15,0,0,66,0,27,178,75,46,83,65,13,0,494,5,18,54,45,57,92,97,18,0,384,15,56,231,249,202,314,329,49,6,1449,7,14,11,9,3,11,11,0,0,71,0,5,10,18,9,27,20,9,0,96,22,71,255,275,214,354,369,59,4,1616,0,0,4,4,6,3,5,4,0,28,73,157,423,472,410,330,230,59,5,2157,100,270,967,917,770,911,815,158,11,4920,0,5,49,25,17,12,5,0,0,117,0,5,17,13,16,19,5,0,0,69,0,107,246,87,64,92,38,0,4,633,0,31,71,64,85,101,36,4,0,390,18,61,81,65,79,96,24,5,0,416,9,16,8,0,16,10,6,0,0,72,8,11,13,13,14,31,11,5,0,111
LGA39799,0,0,0,0,0,0,7,0,0,12,0,6,4,5,6,4,8,5,0,33,0,0,0,0,0,0,0,0,0,0,0,0,0,0,0,0,0,0,0,0,0,0,0,4,0,0,0,0,0,3,0,0,0,0,0,0,0,0,0,0,0,0,5,0,6,0,0,0,0,18,0,0,0,6,0,0,0,0,0,7,0,0,0,0,4,0,0,0,0,4,0,0,5,8,9,0,0,0,0,25,0,0,0,0,0,0,0,0,0,0,0,9,30,43,28,3,0,0,0,114,0,4,35,55,43,3,3,0,0,141,0,0,0,0,0,0,0,0,0,3,0,0,0,0,0,0,0,0,0,0,0,3,3,0,4,0,0,0,0,13,0,0,4,0,3,0,0,0,0,9,3,7,0,0,3,4,0,0,0,20,0,0,0,0,0,0,0,0,0,0,0,0,0,0,0,0,0,0,0,3
LGA40070,91,273,421,222,216,155,124,54,23,1584,144,990,2275,1117,911,812,664,252,112,7280,0,53,651,315,211,174,174,95,21,1704,3,11,91,65,51,51,52,9,0,332,0,475,1228,539,299,267,295,132,29,3270,11,202,202,133,123,107,104,54,3,936,35,125,214,171,129,160,87,35,13,973,7,26,17,15,8,6,3,0,0,87,0,9,10,11,22,23,20,12,3,118,43,157,241,199,158,197,114,47,20,1172,5,24,28,12,11,3,11,6,5,110,51,172,268,169,135,98,94,62,39,1095,108,1100,2710,1430,989,899,842,410,123,8614,0,31,318,146,106,101,60,11,0,769,0,12,86,43,45,56,32,10,0,285,0,456,899,259,210,242,94,37,6,2207,12,163,170,91,102,81,82,27,10,729,25,77,98,44,44,42,18,8,0,368,13,24,20,9,10,4,6,0,0,96,5,8,16,19,15,22,12,5,3,98
LGA40120,102,63,89,141,181,196,172,76,27,1049,177,462,1128,1816,2411,2233,1612,530,147,10517,0,5,111,228,301,282,241,101,13,1271,0,0,41,78,122,101,107,26,0,483,0,127,375,606,708,578,479,190,36,3101,5,33,107,226,363,352,300,119,18,1518,85,185,527,614,692,761,489,226,49,3624,18,18,26,21,28,23,15,6,0,143,0,8,25,21,45,50,65,29,7,255,101,206,576,657,764,839,567,261,57,4023,6,5,15,6,9,13,23,17,4,95,79,87,102,103,163,172,135,89,43,977,182,452,1327,1899,2427,2333,1850,809,184,11471,0,9,73,216,237,180,44,9,3,762,0,3,42,143,159,155,46,5,0,556,0,125,552,834,712,593,205,56,8,3088,0,38,156,348,481,470,189,55,11,1750,45,117,215,311,330,209,65,18,9,1315,23,22,42,33,44,31,9,4,5,202,10,15,33,76,68,86,35,12,0,341
LGA40150,24,11,41,53,74,80,51,15,10,369,48,114,275,332,401,355,210,55,17,1800,0,0,0,7,14,4,4,3,0,31,0,0,0,0,4,6,8,0,0,18,0,17,28,23,25,23,13,4,3,137,0,0,27,37,36,57,26,8,0,185,17,76,262,247,251,194,126,48,0,1226,11,4,14,12,3,10,0,0,0,56,0,0,11,7,7,8,15,0,0,48,31,77,287,268,257,212,140,55,5,1332,0,0,3,0,9,5,0,0,0,24,36,26,54,56,69,62,41,32,4,385,71,127,395,392,410,376,229,97,15,2105,0,0,9,0,5,8,3,0,0,26,0,0,0,7,4,6,0,0,0,23,0,14,36,46,35,25,4,6,0,171,0,6,37,69,60,32,15,0,0,218,8,33,65,105,107,42,8,8,0,375,8,14,21,21,11,6,0,0,0,85,0,8,17,28,17,9,5,0,0,91
LGA40220,92,48,88,111,131,170,223,156,88,1116,135,232,648,853,1044,1271,1336,645,196,6369,0,3,19,33,48,40,66,44,8,258,0,0,3,20,27,41,62,16,0,165,0,26,78,138,183,198,254,121,24,1020,0,7,66,95,132,190,297,149,14,956,46,126,438,514,579,641,655,342,92,3426,20,21,23,24,26,23,17,5,0,146,3,3,20,18,33,50,64,38,12,242,63,150,480,555,629,721,734,377,106,3811,0,3,3,6,10,11,15,23,7,74,44,35,71,86,117,161,186,170,58,928,110,215,721,920,1148,1356,1617,909,222,7219,0,0,28,33,25,48,14,6,0,155,0,0,15,33,50,49,22,4,0,179,0,27,160,196,181,216,142,32,11,973,6,28,91,188,230,223,146,52,8,975,38,98,211,220,240,199,80,26,3,1112,15,25,51,39,30,17,5,7,0,193,8,5,33,56,46,48,40,9,0,251
LGA40250,19,23,45,31,24,19,10,4,0,175,27,42,84,57,57,39,19,4,0,327,0,0,4,0,6,0,0,0,0,5,0,0,0,0,0,0,0,0,0,4,0,3,11,3,0,7,6,0,0,30,0,0,0,4,4,3,0,0,0,9,0,0,10,11,13,10,0,0,0,41,0,4,8,4,0,3,0,0,0,19,0,0,9,8,3,0,0,0,0,16,9,3,21,18,18,12,0,0,0,82,0,0,0,0,0,0,0,0,0,0,12,16,33,13,16,6,3,0,4,97,21,22,72,38,42,32,6,5,4,231,0,0,5,0,3,0,0,0,0,12,0,0,3,0,6,5,0,0,0,16,0,6,27,8,7,6,0,0,0,59,0,0,5,0,7,9,0,0,0,16,0,0,13,6,6,0,0,0,0,30,0,4,6,7,3,0,0,0,0,25,0,0,0,3,3,0,0,0,0,8
LGA40310,76,29,67,110,148,147,122,81,47,834,133,235,804,1015,1087,1072,769,307,123,5548,0,0,20,51,37,41,54,17,0,224,0,0,6,16,37,32,31,9,0,138,0,32,126,170,201,136,153,65,12,881,0,11,47,131,190,174,149,63,12,775,41,141,496,561,537,537,422,165,41,2941,16,16,39,27,13,15,12,8,0,143,0,9,14,28,31,49,26,27,0,195,57,172,543,618,584,598,457,196,42,3281,0,0,7,3,13,10,8,13,4,59,50,27,55,83,100,91,90,70,39,612,111,239,810,1078,1162,1088,946,433,107,5975,0,0,13,33,24,17,4,0,0,99,0,0,25,48,38,49,9,0,0,173,0,41,249,250,170,148,56,23,5,942,3,23,110,187,201,163,73,21,4,791,20,107,240,263,215,143,38,15,4,1054,17,26,53,39,27,11,8,0,0,186,3,18,39,57,46,38,11,5,0,220
LGA40430,0,3,5,17,18,18,37,12,12,126,10,24,56,72,79,88,120,48,17,513,0,0,0,0,0,0,7,0,0,9,0,0,0,0,0,3,0,0,0,9,0,0,5,8,9,10,11,0,0,34,0,7,7,5,5,7,26,3,0,64,3,13,34,40,34,58,69,29,5,281,0,0,0,0,0,0,0,0,0,7,0,0,5,5,3,3,0,0,0,16,4,14,35,42,43,62,68,31,5,308,0,0,0,0,0,0,3,3,0,5,6,3,11,12,14,21,20,24,9,111,9,19,60,68,71,102,131,59,11,541,0,0,0,0,4,0,0,0,0,5,0,0,0,3,0,3,0,0,0,10,0,3,17,10,18,3,8,5,0,60,0,0,4,22,24,18,12,4,0,76,0,3,24,19,17,17,4,0,0,93,0,0,0,3,0,3,0,0,0,16,0,0,0,0,6,5,0,0,0,21
LGA40520,52,20,39,48,69,103,71,46,20,465,88,104,316,339,358,431,309,136,48,2123,0,0,17,14,12,10,10,0,0,67,0,0,0,6,9,5,11,0,0,30,0,10,59,32,48,38,32,12,0,241,0,5,17,28,50,32,41,10,0,186,36,83,185,176,175,177,171,65,17,1095,10,7,16,11,8,0,3,0,0,61,0,3,8,10,14,16,10,10,0,62,41,96,215,193,196,193,192,73,18,1223,0,0,0,5,0,5,6,0,0,18,24,23,43,38,43,64,65,36,22,359,66,141,356,318,361,356,345,130,52,2125,0,0,12,9,3,6,5,0,0,27,0,0,7,6,9,8,5,0,0,36,0,24,107,78,60,35,20,8,0,336,3,8,37,54,86,68,21,10,8,286,14,50,108,93,102,55,13,3,0,435,4,19,29,20,20,8,0,0,0,92,6,4,16,29,22,10,6,0,0,98
LGA40700,60,46,87,120,146,157,156,116,96,985,113,498,1588,2043,2456,2182,1798,873,406,11957,0,12,331,633,658,474,419,232,55,2820,0,10,60,112,142,147,110,59,10,639,0,302,826,1008,1054,839,784,400,101,5314,0,53,148,221,277,269,282,195,59,1504,71,114,231,234,258,356,257,148,63,1730,5,14,17,9,11,9,11,5,0,83,4,4,10,26,36,41,49,38,12,222,86,136,251,268,304,406,316,187,77,2030,7,3,13,18,24,14,18,20,17,140,26,29,84,94,98,83,86,99,58,657,117,542,1712,2359,2561,2233,2015,1196,368,13100,0,11,195,289,338,260,91,21,8,1215,0,7,90,145,219,174,69,25,7,737,0,381,935,1063,999,730,374,187,74,4733,10,79,148,328,433,454,307,149,71,1973,20,93,127,161,212,135,64,47,20,883,11,15,15,19,27,30,11,15,0,141,4,10,23,49,56,78,64,27,13,323
LGA40910,85,73,137,118,191,128,128,188,85,1140,151,712,2381,2459,2364,1683,1255,864,277,12142,0,31,540,603,354,214,144,56,18,1966,3,4,73,113,100,85,67,22,5,469,0,347,1155,1067,717,459,331,169,48,4283,5,102,294,362,400,311,229,126,33,1860,70,233,643,601,732,674,454,334,118,3856,9,27,24,34,17,19,11,0,3,158,5,15,42,43,62,59,52,37,14,326,87,269,718,672,817,756,517,374,134,4344,3,8,25,34,22,14,19,17,7,154,56,79,165,139,135,125,102,132,99,1036,152,838,2965,2997,2546,1972,1399,902,348,14110,0,17,230,191,135,69,23,5,0,667,0,7,68,125,110,102,39,11,5,467,0,319,1098,862,523,323,196,52,23,3396,9,127,269,419,388,285,163,86,29,1778,43,170,331,377,341,197,86,66,16,1622,18,28,56,45,30,25,8,4,0,221,10,16,50,90,75,51,41,23,10,360
LGA41010,21,17,30,36,32,46,31,11,8,240,27,63,122,135,105,137,70,27,14,680,0,0,0,9,4,6,0,0,0,14,0,0,0,0,3,0,0,0,0,5,0,3,13,18,11,11,4,0,0,66,0,4,10,11,9,12,12,3,0,56,4,17,82,56,68,53,45,13,0,339,0,0,3,6,0,0,3,0,0,11,0,0,8,0,0,8,0,0,0,23,3,19,90,64,74,61,46,9,0,376,0,0,0,0,0,0,0,0,0,6,14,15,27,23,31,26,19,18,6,172,19,43,149,122,129,116,87,34,6,705,0,0,0,6,0,4,0,0,0,11,0,0,0,3,4,3,3,0,0,14,0,9,28,22,23,16,4,0,0,103,0,0,14,23,20,16,8,0,0,94,8,9,47,37,21,14,5,0,0,141,0,0,6,6,0,4,0,0,0,22,0,0,4,9,3,3,4,0,0,22
LGA41060,235,240,497,475,566,454,440,353,199,3452,482,1697,5780,5111,4958,4068,2956,1560,589,27193,0,52,801,776,451,328,221,81,17,2735,0,16,174,188,167,168,130,24,0,878,0,585,2579,1867,1280,880,691,254,47,8182,3,214,717,855,829,822,573,250,58,4327,171,599,2030,1734,1904,1858,1369,783,266,10712,51,75,138,76,55,57,38,16,3,498,9,27,70,102,142,126,149,61,21,703,232,693,2237,1917,2097,2039,1553,853,289,11912,12,12,53,64,44,42,49,32,14,337,132,198,504,372,407,413,311,255,140,2725,381,1773,7071,6048,5275,4684,3531,1758,571,31088,0,28,410,287,202,132,36,8,5,1103,0,15,176,211,218,158,44,14,3,840,0,585,2103,1414,916,622,205,78,21,5952,15,223,680,909,847,616,214,97,37,3640,90,436,880,835,715,446,198,126,43,3770,62,94,129,126,74,57,18,8,0,569,19,56,164,187,173,126,75,17,4,838
LGA41140,19,16,46,41,48,84,64,47,11,371,37,83,341,283,384,432,318,138,37,2050,0,0,12,13,17,13,17,10,0,84,0,0,3,6,12,11,11,4,0,50,0,7,57,63,60,61,66,14,0,334,0,0,26,26,40,63,58,21,0,231,12,53,165,144,170,204,142,61,11,964,7,0,7,6,6,5,6,0,0,45,0,0,3,5,18,14,22,3,9,73,11,52,182,155,194,224,164,70,16,1082,0,0,0,7,0,5,0,0,0,19,21,15,37,27,60,60,68,24,22,333,32,77,321,303,379,439,388,144,49,2135,0,0,6,19,10,10,3,0,0,50,0,0,13,19,18,25,9,0,0,84,0,20,84,93,73,82,41,8,3,399,0,7,44,61,74,74,32,9,0,310,12,40,88,90,86,67,22,6,0,419,12,12,19,12,7,8,0,0,0,66,0,0,4,21,12,17,11,4,0,77
LGA41190,4,4,8,11,13,15,15,10,3,73,6,17,69,55,58,69,36,13,7,335,0,0,4,0,0,0,0,0,0,9,0,0,0,0,0,0,0,0,0,0,0,3,5,0,4,3,5,0,0,24,0,4,0,0,5,6,5,0,5,27,3,13,47,34,36,32,17,7,0,190,0,0,0,0,0,0,3,0,0,3,0,0,4,0,0,4,0,0,0,13,3,13,53,37,37,37,23,7,0,202,0,0,0,0,0,0,0,0,0,3,0,6,6,5,14,26,11,9,3,84,5,22,72,51,62,73,43,25,11,356,0,0,0,0,0,0,0,0,0,7,0,0,0,3,9,3,0,0,0,12,0,3,17,16,12,9,0,3,0,65,0,0,5,25,12,9,5,3,0,56,0,5,11,16,13,8,3,0,0,72,0,3,9,0,0,3,0,0,0,17,0,0,0,8,4,3,4,0,0,18
LGA41330,3,5,24,12,29,29,33,24,0,166,3,17,87,58,75,89,88,45,4,469,0,0,6,3,0,0,0,0,0,14,0,0,0,0,0,0,0,0,0,3,0,0,11,5,7,10,7,3,0,42,0,0,7,11,0,4,3,0,0,35,0,5,22,25,28,37,29,11,6,160,0,0,6,3,0,3,0,0,0,6,0,0,0,0,0,6,0,4,0,11,0,5,29,26,32,37,33,14,6,180,0,0,0,0,0,0,0,0,0,3,13,6,13,18,34,27,38,38,7,190,13,11,61,69,68,81,84,60,14,464,0,0,0,0,0,0,0,0,0,3,0,0,0,0,5,4,0,0,0,12,0,9,12,4,11,12,0,0,0,56,0,0,11,9,19,9,4,0,0,52,0,3,17,11,14,17,0,0,0,66,0,0,0,0,0,0,0,0,0,5,0,0,0,0,0,0,0,0,0,4
LGA41560,35,27,57,52,111,113,151,112,58,715,65,124,387,341,522,564,579,293,97,2970,0,0,6,17,7,15,4,0,0,55,0,0,4,3,3,12,14,6,0,44,0,14,43,42,37,27,62,11,6,255,0,7,20,38,57,74,88,40,3,326,17,80,224,209,254,300,329,181,47,1640,9,10,24,16,9,17,9,4,0,87,0,0,5,12,20,24,22,19,0,95,28,88,245,241,281,339,356,197,51,1825,0,0,0,0,0,12,9,5,0,31,33,22,60,57,80,132,136,112,43,685,62,145,389,404,466,608,678,373,103,3224,0,0,4,0,10,5,0,0,0,21,0,0,7,12,9,14,4,0,0,46,0,29,83,61,75,58,35,12,4,357,0,9,42,55,93,69,56,9,0,335,23,48,111,111,139,86,30,10,5,558,15,16,29,21,15,11,0,0,0,113,0,7,15,27,25,16,6,0,0,102
LGA41750,0,0,11,3,8,8,8,9,0,47,6,7,37,24,40,47,23,10,3,206,0,0,0,0,0,0,0,0,0,0,0,0,0,0,0,0,0,0,0,0,0,0,3,9,0,4,3,0,0,27,0,0,9,8,7,5,4,0,0,26,0,0,20,10,11,19,15,0,0,81,0,0,5,0,5,0,0,0,0,5,0,0,0,3,0,0,0,0,0,9,0,0,25,13,13,21,18,0,0,94,0,0,0,0,0,0,0,0,0,4,0,4,4,5,5,8,9,4,4,48,0,9,36,36,22,43,33,9,0,199,0,0,0,0,0,0,0,0,0,0,0,0,0,0,5,0,0,0,0,5,0,0,16,10,7,12,0,0,0,45,0,0,0,4,18,10,0,0,0,39,0,8,10,10,13,3,0,0,0,47,0,3,4,0,0,0,0,0,0,5,0,0,0,4,3,4,0,0,0,5
LGA41830,11,3,11,10,16,21,16,10,0,90,12,21,47,50,77,81,61,22,0,365,0,0,0,0,0,0,0,0,0,0,0,0,0,0,0,0,0,0,0,4,0,0,9,5,10,6,9,0,0,39,0,0,3,0,6,6,4,3,0,27,3,10,33,28,31,34,42,11,0,198,0,0,0,4,0,0,0,0,0,10,0,0,0,0,0,0,0,0,0,5,3,11,33,32,35,36,45,14,0,212,0,0,0,0,0,0,0,0,0,0,0,0,14,8,10,25,21,15,3,104,6,13,52,56,60,77,82,33,4,392,0,0,0,0,0,0,0,0,0,0,0,0,0,8,5,6,0,0,0,24,0,9,18,22,9,13,4,0,0,83,0,0,6,12,17,16,7,0,0,53,0,6,11,11,9,10,0,0,0,51,3,0,4,0,4,0,0,0,0,11,0,0,4,9,0,0,0,0,0,9
LGA41960,5,0,0,7,13,12,20,3,5,75,5,17,40,36,57,51,48,12,5,277,0,0,0,0,0,0,0,0,0,0,0,0,0,0,0,0,0,0,0,0,0,3,4,6,4,6,0,0,0,23,0,0,0,5,0,3,5,0,0,16,0,4,27,20,26,43,31,6,0,172,0,0,4,0,0,0,0,0,0,10,0,0,0,6,0,0,0,0,0,11,0,8,33,27,31,45,34,12,0,186,0,0,0,0,0,0,0,0,0,0,8,0,6,12,15,11,19,12,3,86,6,12,42,47,51,59,59,22,3,312,0,0,0,0,0,0,0,0,0,3,0,0,0,0,0,0,3,0,0,5,0,0,7,8,6,13,0,0,0,36,0,0,0,8,9,14,7,0,0,32,0,8,13,11,9,9,0,0,0,51,0,0,0,3,0,0,0,0,0,8,0,0,0,0,4,0,0,0,0,5
LGA42030,67,40,102,93,109,144,111,83,57,809,123,337,861,772,866,860,624,328,144,4913,0,5,34,40,41,42,23,8,0,184,0,0,15,20,18,31,29,6,0,116,0,60,147,120,118,105,95,27,9,684,0,21,81,111,154,169,117,50,8,706,55,157,608,509,443,426,332,198,63,2795,7,28,42,26,10,9,7,9,0,145,6,11,11,34,20,22,31,15,0,150,65,196,660,571,477,459,371,216,71,3087,0,5,7,6,3,9,3,4,5,48,34,40,73,76,80,85,81,73,58,605,100,324,1013,941,896,893,717,398,148,5434,0,0,22,20,22,15,8,5,0,95,0,6,16,28,32,21,6,0,0,117,6,68,188,164,142,96,48,22,3,731,4,38,114,166,193,142,53,24,8,731,23,124,252,211,209,104,30,20,5,982,24,31,45,28,20,15,13,0,0,170,3,21,33,49,36,29,21,13,5,206
LGA42110,19,3,19,27,30,39,29,24,3,199,30,37,102,123,134,204,137,53,13,836,0,0,0,3,3,8,3,3,0,17,0,0,0,0,0,4,4,5,0,8,0,0,10,11,8,15,16,6,0,63,0,0,8,8,18,19,19,0,4,73,10,22,71,64,78,93,66,26,6,433,3,0,3,6,5,6,0,5,0,25,0,0,4,6,12,6,13,3,3,42,13,26,79,73,92,103,83,39,13,507,0,0,0,0,0,3,0,4,0,13,10,7,15,21,21,30,34,23,5,164,27,32,106,115,141,175,158,73,18,847,0,0,0,4,9,6,5,0,0,12,0,0,5,5,4,7,3,0,0,21,0,4,22,30,24,30,16,0,3,130,0,3,19,30,32,26,12,4,0,117,9,17,38,46,40,33,15,0,0,194,3,8,8,3,5,0,0,0,0,34,0,3,3,15,12,9,4,0,0,49
LGA42250,23,40,158,173,169,101,75,36,3,775,44,108,358,462,517,367,245,82,13,2187,0,0,3,13,3,6,5,0,0,34,0,0,0,3,6,12,8,3,0,33,0,3,29,44,52,40,33,9,0,206,0,0,12,25,43,45,45,10,5,183,16,67,160,214,227,188,123,43,0,1034,0,8,6,4,3,9,5,0,0,30,0,0,3,7,16,12,11,0,0,63,15,76,167,231,248,208,140,43,0,1132,0,3,17,16,8,3,7,3,0,53,20,18,38,45,70,76,53,42,11,377,38,99,261,372,422,391,288,117,18,2008,0,0,9,10,5,4,0,0,0,23,0,0,5,19,13,11,6,0,0,53,0,8,60,75,44,47,12,3,0,239,0,4,26,50,40,53,24,6,0,199,10,25,77,101,78,28,7,0,0,337,8,6,16,15,11,5,0,0,0,54,0,4,9,31,18,8,4,0,0,81
LGA42600,48,54,153,127,137,186,197,139,102,1136,134,438,1510,1609,1703,1837,1408,718,347,9698,0,10,206,253,222,237,174,76,27,1196,0,0,46,56,82,82,76,34,7,384,0,157,575,641,498,466,483,201,48,3067,0,29,147,255,318,344,343,173,39,1660,57,163,453,430,472,585,482,274,102,3025,24,17,29,18,12,17,18,6,0,136,0,7,23,24,36,46,78,38,15,264,81,185,504,472,525,650,580,318,120,3424,0,0,7,14,8,14,30,28,11,117,23,34,90,110,115,113,151,113,63,814,114,425,1572,1794,1764,1906,1832,944,310,10656,0,8,145,156,141,112,41,13,0,623,0,5,62,101,129,123,35,12,5,468,5,228,739,569,502,404,169,118,30,2768,0,67,192,266,371,312,148,86,60,1503,32,142,252,237,244,202,72,45,27,1255,18,29,34,28,28,18,10,3,4,177,4,19,46,53,58,65,40,16,14,306
LGA42750,19,13,34,26,44,63,46,24,20,283,22,44,144,167,203,267,191,72,30,1140,0,0,4,0,8,13,8,8,0,52,0,0,0,3,0,0,8,3,0,15,0,5,38,28,36,34,47,15,0,197,0,4,8,24,18,17,37,11,0,123,3,34,79,77,90,120,89,44,3,535,3,4,6,0,4,3,7,0,0,21,0,0,3,10,6,17,9,0,0,45,5,32,86,90,101,144,99,44,8,606,0,0,0,4,0,0,0,3,0,11,10,7,24,24,25,59,35,30,17,243,20,51,168,170,193,263,231,119,26,1239,0,0,3,9,9,3,0,0,0,32,0,0,3,6,12,17,4,0,0,44,0,5,53,55,40,32,28,10,0,220,0,7,17,26,44,39,13,7,6,156,0,13,37,34,36,25,7,3,4,154,3,7,7,7,10,5,0,0,0,37,0,4,14,10,4,6,0,3,0,40
LGA43080,5,6,4,3,3,7,10,6,6,49,8,13,24,38,19,36,26,10,12,184,0,0,0,0,0,0,0,0,0,0,0,0,0,0,0,0,0,0,0,4,0,0,0,4,0,3,0,3,0,12,0,0,0,0,3,0,6,0,0,14,5,7,28,15,18,9,9,10,0,106,0,4,0,0,0,0,3,0,0,5,0,0,0,0,3,0,0,0,0,3,5,12,28,16,22,14,12,10,0,115,0,0,0,0,0,0,0,0,0,0,6,0,3,5,7,15,8,10,0,53,10,11,31,29,38,37,33,18,0,206,0,0,0,0,0,0,0,0,0,3,0,0,0,3,0,0,0,0,0,6,0,6,12,13,11,3,0,0,0,36,0,0,0,10,4,8,0,0,0,22,5,5,8,0,12,8,0,0,0,35,0,0,0,4,0,3,0,0,0,10,0,0,0,3,0,0,0,0,0,7
LGA43220,0,4,7,9,3,8,3,7,3,42,3,11,43,29,26,30,15,4,3,180,0,0,3,0,0,0,0,0,0,4,0,0,0,0,0,0,0,0,0,0,0,0,5,6,0,0,0,0,0,6,0,0,4,4,3,4,0,5,0,21,8,10,23,31,7,11,8,5,0,96,0,0,0,4,0,0,0,0,0,4,0,0,0,0,3,4,0,0,0,5,8,7,23,35,10,15,8,5,0,109,0,0,0,0,0,0,0,0,0,3,3,3,3,10,5,6,7,8,0,46,3,16,32,51,22,32,14,12,0,187,0,0,0,0,0,0,0,0,0,0,0,0,0,0,4,5,0,0,0,10,0,0,15,8,4,8,0,4,0,38,0,0,4,8,8,3,0,3,0,24,0,4,12,8,19,4,0,0,0,47,0,0,0,0,0,0,0,0,0,9,0,0,3,0,0,0,0,0,0,4
LGA43360,7,7,8,18,6,19,25,23,4,119,12,34,77,79,42,95,83,40,9,469,0,0,0,3,0,0,0,0,0,14,0,0,0,0,0,0,5,0,0,6,0,5,8,4,4,13,5,0,0,38,0,0,0,3,14,7,15,5,0,51,0,12,44,42,40,34,45,11,4,232,0,0,0,0,0,5,3,0,0,14,0,0,0,0,0,3,6,5,0,22,4,12,43,44,41,41,58,18,4,262,0,0,0,4,0,0,3,0,0,9,5,3,4,8,14,12,25,16,5,100,13,15,63,74,72,81,107,42,10,473,0,0,4,7,0,3,0,0,0,7,0,0,5,3,3,5,0,0,0,14,0,3,22,9,15,15,12,5,0,76,0,4,9,11,17,14,5,0,0,66,0,8,23,15,18,11,5,3,0,90,6,0,0,6,3,0,0,0,0,14,0,0,8,8,0,0,0,0,0,13
LGA43650,58,30,37,50,90,90,65,26,17,458,101,186,488,642,702,626,352,116,38,3244,0,0,18,21,29,21,19,4,0,108,0,0,3,5,11,5,4,0,0,41,0,31,76,76,106,53,71,20,0,434,0,5,23,88,116,110,61,14,7,431,46,121,323,351,392,363,212,74,17,1893,11,16,26,9,9,9,5,0,0,81,4,3,3,16,18,18,15,3,0,80,58,129,355,376,419,393,229,83,18,2050,3,0,0,4,0,3,5,4,0,17,37,14,41,60,64,72,54,43,21,400,96,176,522,631,744,657,437,163,47,3474,0,0,7,18,3,5,5,0,0,34,0,0,11,24,28,13,7,0,0,91,0,31,120,141,107,67,26,9,3,503,3,13,81,113,157,66,41,10,4,484,20,46,181,195,165,65,12,4,0,694,12,17,27,17,18,4,0,0,0,104,3,12,28,35,35,15,7,4,0,130
LGA43710,30,19,79,82,88,68,53,20,10,445,40,55,224,285,287,253,166,54,20,1382,0,0,7,0,0,4,11,3,0,26,0,0,0,6,0,4,3,0,0,17,0,6,15,40,29,22,20,8,4,134,0,4,13,31,37,26,25,9,0,146,14,23,117,145,130,135,79,32,6,669,0,5,5,7,5,3,0,0,0,25,0,0,7,7,8,8,7,8,0,42,16,23,127,159,147,150,86,40,6,743,0,0,0,9,5,8,5,0,0,31,14,10,28,35,55,46,35,33,3,250,29,33,188,283,278,260,184,86,19,1349,0,0,0,5,3,3,0,0,0,15,0,0,9,11,8,7,0,0,0,34,0,9,58,51,28,38,18,3,0,208,0,6,20,33,48,30,13,3,0,149,4,12,41,51,40,19,10,0,0,184,4,3,15,9,5,0,0,0,0,40,0,0,9,4,5,8,0,0,0,31
LGA43790,39,20,25,45,86,76,92,65,25,472,71,130,317,371,407,415,314,143,51,2212,0,0,9,6,9,7,9,0,0,35,0,0,0,0,5,10,7,0,0,28,0,9,44,53,50,34,30,11,0,233,0,3,25,45,71,45,48,9,4,264,31,80,222,213,224,188,157,74,17,1200,11,3,14,9,10,10,0,4,0,66,0,0,5,10,20,15,15,9,4,78,39,87,241,224,256,213,179,82,26,1346,0,0,0,4,0,0,6,0,0,15,36,18,44,52,60,66,94,76,20,462,79,118,366,392,442,383,376,179,53,2387,0,0,6,5,0,11,0,0,0,19,0,0,9,15,19,8,0,0,0,54,0,31,105,92,67,65,25,13,0,395,8,9,40,69,68,75,35,8,3,306,22,49,96,110,113,73,16,0,3,489,9,10,23,20,21,4,3,0,0,103,4,7,16,25,19,19,4,0,0,85
LGA44000,3,5,3,5,3,3,0,0,0,17,3,5,3,3,3,3,0,0,0,21,0,0,0,0,0,0,0,0,0,3,0,0,0,0,0,0,0,0,0,0,0,0,0,0,0,0,0,0,0,0,0,0,0,0,0,0,0,0,0,0,0,0,0,0,0,0,0,0,0,0,0,0,0,0,0,0,0,0,0,0,0,0,0,0,0,0,0,0,0,0,0,0,0,0,0,0,0,0,0,0,0,0,0,0,0,0,0,0,0,0,3,0,5,0,6,5,0,0,0,18,3,0,5,4,6,8,5,0,0,21,0,0,0,0,0,0,0,0,0,0,0,0,0,0,0,0,0,0,0,0,0,0,0,0,0,0,0,0,0,0,0,0,0,0,0,0,0,0,0,0,0,0,0,0,0,0,0,0,0,0,0,0,0,0,0,0,0,0,0,0,0,0,0,0,0,0,0,0,0,0
LGA44060,131,167,369,284,312,372,284,230,172,2333,299,1361,4824,4324,3677,3477,2276,1160,519,21920,0,38,624,766,385,233,198,58,21,2310,0,11,124,153,151,118,111,39,5,713,0,463,1894,1653,957,630,506,172,50,6337,3,157,509,723,645,651,500,200,65,3456,145,496,1707,1468,1433,1407,1133,576,211,8583,38,61,91,63,43,37,30,12,3,382,18,17,48,93,127,93,112,67,17,589,197,579,1848,1626,1605,1543,1275,657,231,9553,11,8,43,44,47,36,40,31,9,262,90,136,324,290,261,233,238,186,98,1861,305,1392,5361,5253,4048,3458,2861,1334,471,24487,0,30,365,248,169,121,31,8,0,968,0,14,165,177,197,147,44,16,4,760,0,500,1884,1176,866,575,240,99,25,5367,10,172,609,725,720,545,243,99,36,3166,84,382,827,673,647,414,150,73,26,3292,59,105,139,96,95,49,9,5,5,563,24,65,111,166,140,131,78,31,10,748
LGA44210,33,33,101,121,103,113,92,47,25,678,55,94,276,317,409,445,421,162,30,2199,0,0,0,8,4,3,3,3,0,19,0,0,0,0,4,3,9,0,0,23,0,3,22,23,17,35,52,21,0,171,0,0,12,19,32,45,63,12,3,180,19,42,134,141,189,280,257,99,17,1183,5,11,5,11,13,9,5,3,0,57,3,0,5,6,12,16,10,5,0,63,24,50,146,159,212,300,273,107,19,1306,0,4,4,10,0,5,4,4,0,27,28,13,37,45,60,86,117,64,14,470,53,75,216,257,336,483,520,216,41,2208,0,0,0,3,0,10,4,0,0,16,0,0,6,6,6,11,5,0,0,35,0,3,48,47,37,52,21,3,4,207,0,0,19,42,52,54,19,11,0,198,3,24,65,75,90,62,18,3,0,335,10,9,14,14,9,3,7,0,0,65,0,5,6,12,16,14,6,3,0,58
LGA44340,93,92,152,186,210,218,202,192,117,1450,184,816,2610,3337,3396,3010,2319,1193,500,17373,0,20,351,641,651,505,397,209,38,2815,0,6,80,173,227,201,133,59,9,883,0,350,1247,1363,1259,929,774,395,87,6403,3,68,274,421,547,483,446,231,63,2536,115,250,661,724,849,803,516,373,134,4433,33,40,48,31,24,18,18,13,0,226,11,17,28,52,70,79,105,67,26,449,158,308,740,799,936,897,643,453,167,5102,0,7,12,15,22,32,22,24,4,155,42,72,156,147,141,153,145,125,107,1100,212,839,2863,3559,3789,3215,2555,1491,473,18993,0,27,301,348,366,280,103,23,7,1462,0,9,131,264,282,278,75,25,4,1059,0,489,1489,1535,1144,904,407,170,59,6194,3,101,310,609,686,584,333,130,77,2832,55,172,335,366,378,245,102,75,17,1749,27,51,45,55,57,31,21,0,3,309,0,32,52,87,131,96,55,38,15,505
LGA44550,118,57,119,134,162,164,142,87,40,1021,215,405,1346,1499,1582,1382,998,376,129,7927,0,8,57,101,127,111,88,29,3,534,0,4,32,57,48,58,48,19,3,263,0,81,371,433,387,233,241,101,26,1873,0,30,182,273,316,268,238,96,23,1425,74,282,906,745,772,632,476,208,57,4159,23,27,46,23,29,21,19,6,0,193,0,5,28,43,40,63,66,21,5,283,104,318,987,810,843,713,564,241,64,4640,0,3,6,14,9,15,14,4,0,76,46,61,118,168,122,136,132,79,51,922,149,507,1744,1864,1847,1543,1324,576,171,9721,0,4,24,84,75,46,15,5,0,252,0,3,36,104,69,65,19,7,0,299,0,96,359,465,377,247,89,25,13,1672,4,44,184,317,303,238,117,33,15,1258,39,152,347,327,295,154,55,31,3,1409,28,31,71,46,45,29,8,0,0,257,6,18,46,85,67,52,23,6,0,301
LGA44620,61,37,99,101,133,137,138,125,51,890,125,352,971,937,934,826,599,318,118,5190,0,9,44,35,31,28,16,8,0,162,0,0,12,19,21,23,17,9,0,103,0,26,149,133,126,83,86,34,5,641,0,8,55,73,119,104,114,47,12,526,29,203,659,563,460,436,343,156,29,2879,9,13,44,23,12,14,13,4,0,135,3,7,14,15,21,29,36,10,8,136,44,224,716,603,501,472,391,171,40,3149,0,4,6,6,3,4,15,3,3,44,51,55,123,98,104,100,123,99,50,802,97,316,1098,959,903,807,757,379,116,5438,0,0,23,18,23,11,0,0,0,75,0,0,25,28,35,23,10,6,0,120,0,68,282,173,145,109,49,22,7,862,0,30,87,136,143,137,59,20,8,616,45,165,322,269,258,128,31,16,9,1229,44,60,109,56,28,23,0,0,0,323,3,20,55,61,33,25,10,3,0,211
LGA44830,12,0,7,10,18,23,31,17,3,130,23,27,65,68,117,153,119,45,9,619,0,0,0,7,0,3,0,0,0,17,0,0,0,0,4,8,6,0,0,14,0,0,15,12,9,10,11,8,0,60,0,3,4,7,12,15,21,4,0,61,5,9,45,42,54,89,74,20,8,348,0,0,8,0,0,5,0,0,0,15,0,0,0,0,6,9,0,4,0,15,5,13,54,47,54,96,81,21,8,382,0,0,0,0,0,0,0,5,0,5,11,5,4,12,15,32,24,19,0,127,17,20,78,79,91,169,138,57,10,662,0,0,0,4,4,0,0,0,0,8,0,0,0,4,10,3,4,0,0,26,0,9,32,13,30,12,8,3,5,116,6,0,8,18,26,22,15,6,5,102,4,8,17,24,37,21,14,0,4,116,0,0,5,6,4,0,0,0,0,18,0,0,0,10,4,0,4,0,0,24
LGA45040,82,107,260,196,163,129,139,102,36,1223,146,365,869,702,741,651,530,282,74,4355,0,0,21,27,14,17,18,8,0,101,0,0,9,6,7,12,13,7,0,56,0,11,73,78,55,52,62,26,6,359,0,13,66,37,88,97,74,28,9,407,40,150,435,375,365,388,301,171,44,2264,13,17,42,31,13,10,5,6,0,135,3,4,15,20,21,23,15,13,0,122,56,174,482,427,399,417,315,191,45,2518,0,3,9,11,12,7,0,0,0,55,50,50,116,92,115,118,114,83,36,783,113,253,777,679,700,726,600,337,99,4278,0,0,11,17,14,6,0,0,0,45,0,0,9,18,22,24,8,0,0,74,0,28,116,92,62,71,43,20,4,431,0,24,53,98,124,87,46,18,6,449,23,98,203,192,199,106,31,11,8,871,19,32,47,52,29,16,7,0,0,215,7,9,36,46,27,20,9,0,0,161
LGA45090,18,14,45,47,44,45,46,35,23,308,41,113,317,315,304,255,185,78,37,1643,0,0,8,5,0,10,4,4,0,28,0,0,5,0,0,4,0,0,0,15,0,0,59,61,30,10,22,12,5,192,0,0,23,47,47,50,33,8,0,216,13,72,175,147,168,139,84,28,9,827,7,5,17,10,5,7,5,4,0,51,0,4,6,8,16,17,16,5,0,62,18,82,198,171,178,158,100,34,9,946,0,0,4,4,3,7,5,0,0,21,20,21,51,53,39,74,56,41,13,371,35,104,338,345,312,304,229,100,26,1793,0,0,7,8,0,0,0,0,0,16,0,0,3,15,12,3,0,0,0,45,0,20,109,76,49,32,18,9,5,317,0,3,34,56,54,60,21,3,0,237,6,37,90,72,81,55,14,9,0,357,11,12,20,18,8,0,3,0,0,73,6,0,11,14,16,10,5,0,6,52
LGA45120,18,12,22,18,27,39,33,18,18,200,36,73,143,137,144,184,138,52,29,946,0,0,3,4,0,3,5,4,0,26,0,0,0,0,0,3,5,0,0,17,0,9,9,24,13,12,15,7,0,90,0,4,4,15,11,24,24,7,0,82,5,45,103,98,80,98,71,30,4,522,4,6,3,4,8,0,0,0,0,23,0,0,0,0,7,8,3,0,0,25,11,52,107,103,95,105,76,29,4,576,0,0,0,0,0,0,0,0,0,3,11,6,8,24,26,30,26,23,6,166,23,74,138,168,148,183,148,70,10,961,0,0,4,0,6,0,0,0,0,9,0,0,7,6,10,7,3,0,0,35,0,8,64,36,33,36,8,6,0,198,0,3,16,27,48,36,10,5,0,148,0,8,41,43,47,23,5,6,0,178,5,5,12,9,4,0,3,0,0,39,0,0,6,10,4,6,0,0,0,27
LGA45290,41,58,165,139,140,127,105,102,57,929,71,508,2194,1857,1698,1469,1002,505,231,9535,0,19,468,463,309,269,191,102,21,1852,0,7,70,90,89,105,77,24,5,460,0,295,1062,861,660,511,415,175,45,4022,3,76,224,244,222,206,213,97,22,1292,48,129,335,298,365,367,255,146,86,2032,11,15,32,8,11,12,7,3,3,101,0,9,27,33,26,52,39,18,10,212,63,153,391,336,400,424,301,167,98,2344,0,5,20,16,14,8,15,7,8,96,33,36,136,115,97,107,99,76,58,755,104,591,2373,2117,1789,1634,1305,653,251,10824,0,22,301,243,171,150,53,8,3,940,0,11,95,121,125,140,33,8,0,542,0,410,1278,814,558,417,160,79,32,3746,4,102,248,289,322,270,158,68,50,1495,27,107,201,173,174,122,45,33,16,894,9,12,44,19,22,16,7,5,0,136,3,13,31,49,59,48,23,10,9,253
LGA45340,346,312,644,684,703,713,686,505,298,4888,792,2274,6889,7133,7180,6681,5188,2286,757,39173,0,14,278,424,384,300,279,114,20,1816,0,3,85,147,177,208,181,67,9,882,0,357,1369,1479,1182,879,809,319,63,6452,10,103,623,1077,1161,1118,902,385,67,5452,340,1124,3905,3717,3683,3448,2890,1405,397,20911,133,177,284,200,123,90,59,25,4,1083,25,47,130,166,201,203,248,120,35,1179,493,1352,4313,4085,4002,3742,3195,1547,435,23171,7,22,38,60,57,63,66,63,26,408,236,260,574,615,622,604,553,450,229,4148,749,2119,7278,7884,7591,6900,5982,2963,856,42322,0,12,216,231,219,156,60,4,0,902,0,21,160,252,271,232,81,6,0,1035,0,470,1950,1721,1259,928,362,112,31,6826,23,235,971,1375,1396,1076,414,151,32,5666,260,976,2140,1646,1504,1003,295,101,38,7960,130,235,421,260,217,128,43,11,0,1439,35,117,311,407,299,297,116,33,9,1638
LGA45400,5,4,4,3,9,7,5,5,0,43,5,5,25,25,31,30,28,17,3,160,0,0,0,0,0,0,0,0,0,0,0,0,0,0,0,0,0,0,0,0,0,0,9,0,0,3,0,3,0,11,0,0,0,0,0,5,5,0,0,15,6,9,14,15,12,27,13,0,0,96,0,0,0,0,0,0,0,0,0,0,0,0,0,0,0,0,0,0,0,5,6,9,18,15,13,28,16,0,0,99,0,0,0,0,0,0,0,0,0,0,0,0,0,0,3,10,10,8,5,34,6,8,25,26,22,41,26,8,3,168,0,0,0,0,0,0,0,0,0,0,0,0,0,3,5,0,0,0,0,8,0,0,6,8,4,3,5,0,0,36,0,0,8,8,9,10,4,4,0,40,0,3,9,12,6,12,0,0,0,48,0,0,0,0,0,0,0,0,0,0,0,0,0,0,3,0,4,0,0,6
LGA45540,12,0,8,9,9,30,15,14,9,97,9,12,36,22,38,92,52,31,7,298,0,3,0,0,0,0,0,0,0,4,0,0,0,0,0,0,4,0,0,4,0,0,0,4,0,8,7,3,0,17,0,0,0,0,8,0,6,0,0,19,7,3,13,16,17,38,31,13,0,132,0,0,9,3,4,0,4,0,0,21,0,0,0,0,4,4,0,0,0,12,7,9,13,17,31,42,32,13,0,163,0,0,0,0,0,0,4,0,0,5,8,3,10,13,20,25,19,11,5,112,22,17,37,36,51,70,72,22,5,329,0,0,0,0,0,0,5,0,0,4,0,0,0,0,0,3,0,0,0,5,0,4,9,0,9,6,7,3,0,32,0,0,4,10,8,13,7,0,0,42,0,5,20,8,12,5,4,0,0,54,0,0,4,4,3,3,0,0,0,12,0,0,0,0,5,0,0,0,0,13
LGA45680,274,296,565,513,503,461,344,288,126,3366,541,1466,3734,2927,2774,2292,1418,837,266,16254,0,14,80,162,99,70,30,9,3,463,0,5,35,34,39,36,23,6,7,177,0,134,554,428,300,180,124,45,14,1777,4,91,423,436,399,403,242,63,12,2066,177,718,2401,1800,1486,1299,899,401,115,9285,67,116,295,139,67,62,17,6,0,773,10,32,88,101,95,92,53,27,8,515,249,868,2780,2042,1651,1448,972,437,126,10576,5,6,29,22,27,26,22,10,0,155,237,263,602,554,438,381,341,214,118,3147,493,1380,4497,3676,2947,2544,1765,782,279,18363,0,6,42,37,28,14,4,5,0,143,0,9,36,37,44,32,3,0,0,169,6,165,475,361,266,182,66,24,9,1550,14,127,376,468,395,216,88,32,12,1716,140,611,1126,762,626,286,91,49,3,3693,87,184,278,152,87,38,9,0,0,842,33,87,147,155,135,61,24,10,10,660
LGA45890,273,330,867,763,682,568,487,337,211,4526,509,1838,7043,6070,4635,3890,2516,1214,540,28241,0,126,1269,1142,464,294,190,47,14,3550,0,7,153,180,138,134,105,23,4,748,0,676,2809,2284,1132,725,474,168,39,8309,13,310,968,942,827,676,469,162,38,4397,171,699,2097,1908,1836,1742,1214,585,184,10441,55,71,172,121,77,62,35,8,0,606,9,43,93,99,118,125,120,58,8,677,236,815,2361,2139,2032,1927,1365,654,197,11723,3,26,86,85,63,48,34,24,11,382,166,307,654,581,527,464,360,258,141,3458,419,2270,8300,7354,5179,4261,2999,1334,437,32562,0,45,607,353,215,124,44,12,0,1395,0,10,181,219,192,160,31,6,0,787,3,505,2401,1429,821,536,189,76,16,5981,10,229,822,870,743,541,188,69,22,3493,116,521,1188,871,793,414,148,88,27,4167,74,122,223,145,109,59,14,5,5,755,12,69,178,192,162,131,46,16,8,812
LGA46090,58,138,302,230,182,158,123,64,13,1270,82,286,737,593,601,599,411,144,47,3496,0,0,34,21,14,13,6,3,0,95,0,0,6,7,5,11,3,0,0,36,0,10,78,46,41,23,31,7,0,241,0,8,42,44,40,60,50,16,3,269,11,81,306,218,271,328,197,96,10,1521,11,8,22,15,10,7,4,0,0,69,0,3,21,10,17,20,12,4,0,85,23,94,346,249,292,354,210,103,14,1675,0,7,12,17,3,5,3,0,0,43,50,52,102,102,91,94,85,65,11,648,74,168,625,483,477,559,396,195,27,3016,0,0,13,4,10,3,0,0,0,40,0,0,15,13,25,25,0,0,0,74,0,52,109,97,70,36,13,8,3,396,0,9,36,74,88,56,13,3,0,280,4,54,125,104,105,45,13,4,0,450,7,20,36,29,13,8,4,0,0,108,3,9,24,24,13,9,0,0,0,85
LGA46300,43,48,80,71,95,99,101,70,20,629,66,191,597,536,559,506,368,183,58,3065,0,0,20,15,17,10,11,0,0,79,0,0,8,6,7,13,4,7,0,45,0,16,85,76,69,49,38,12,0,350,0,10,29,65,66,67,51,27,5,316,19,110,330,267,284,247,198,91,38,1577,10,9,26,14,6,14,0,3,0,85,4,3,10,16,13,18,15,11,0,89,30,115,366,300,307,275,224,102,36,1753,0,0,5,3,10,9,8,0,0,39,42,29,82,83,85,87,78,43,25,549,78,174,587,545,562,509,407,195,76,3129,0,0,10,12,11,11,0,0,0,53,0,0,9,19,16,13,3,0,0,62,0,26,168,120,91,55,28,10,6,503,0,14,54,83,126,89,38,17,9,423,18,95,180,136,131,78,24,7,0,674,4,31,54,34,23,10,6,0,0,160,5,6,17,27,22,16,4,7,0,109
LGA46450,47,30,77,81,107,108,83,76,30,642,80,225,528,528,658,613,453,224,71,3373,0,5,22,16,20,13,5,0,0,86,0,0,9,7,4,15,6,6,0,38,0,7,74,54,51,39,38,7,3,276,0,5,29,46,71,78,61,11,0,306,18,117,358,268,330,354,270,135,34,1886,3,22,31,21,10,11,12,4,0,107,0,5,5,8,17,17,15,6,0,78,28,135,400,301,353,377,292,146,38,2065,0,0,3,4,0,11,3,0,0,24,39,42,80,72,89,96,82,77,27,606,66,198,610,506,583,627,489,243,75,3394,0,0,7,8,9,3,0,0,0,32,0,0,14,19,16,18,3,0,0,69,0,43,136,94,73,72,33,8,0,451,3,15,55,77,107,70,35,10,3,372,16,87,154,141,146,83,29,15,0,672,23,21,49,40,37,11,8,0,0,187,0,11,19,32,25,27,6,0,0,119
LGA46510,25,63,102,79,79,88,48,23,22,531,52,374,1306,1139,990,942,476,172,72,5516,0,19,286,289,151,100,69,28,7,947,0,4,53,54,56,64,49,7,0,300,0,165,603,524,365,290,200,56,13,2215,0,55,161,172,165,148,90,25,7,824,44,104,252,249,239,258,185,64,31,1418,5,8,22,13,13,3,4,0,0,64,0,0,16,22,22,27,23,10,0,117,49,108,284,280,268,288,213,71,33,1595,0,5,17,13,7,8,8,4,0,57,19,26,93,81,59,55,43,19,17,409,70,384,1492,1416,1076,949,670,210,80,6341,0,14,141,127,99,67,19,4,0,458,0,6,52,85,92,63,16,0,0,307,3,166,592,461,302,181,65,21,11,1797,3,45,146,167,188,134,40,19,3,761,19,79,151,132,124,63,24,10,6,615,6,13,31,24,13,10,0,0,0,94,0,12,28,37,33,24,9,3,0,153
LGA46670,27,31,46,62,55,69,82,43,33,450,55,118,320,299,308,324,273,117,53,1858,0,0,10,11,3,5,3,3,0,39,0,0,3,6,3,3,0,0,0,19,0,6,55,62,33,21,25,7,3,216,0,4,18,44,42,36,54,12,4,214,23,71,202,167,161,175,128,47,11,982,0,4,17,9,6,5,0,0,0,40,0,3,10,9,9,9,15,3,0,64,26,81,228,189,175,186,142,49,11,1089,0,4,6,3,4,0,0,9,4,23,33,31,58,36,52,49,65,33,13,380,58,132,375,341,317,305,298,120,36,1982,0,0,14,9,4,0,3,0,0,28,0,0,3,10,5,16,0,0,0,36,0,11,64,57,48,19,12,0,0,220,0,15,43,54,54,55,16,8,0,250,13,51,94,103,90,51,14,4,4,411,9,9,27,12,7,0,0,0,0,65,0,8,11,20,12,3,0,0,0,55
LGA46860,0,6,5,7,10,15,10,5,0,66,3,37,48,48,67,74,52,20,12,351,0,0,0,0,4,4,9,0,0,21,0,0,0,0,0,0,0,0,0,4,0,0,9,0,9,11,13,3,0,47,0,0,5,6,10,13,8,5,0,52,0,14,36,30,38,42,25,8,4,193,0,0,0,0,0,0,0,0,0,5,0,0,0,3,3,4,3,0,0,14,0,14,39,34,47,48,29,8,4,211,0,0,0,0,3,4,0,0,0,7,3,0,4,3,9,11,11,5,3,48,6,16,55,47,77,90,61,24,9,380,0,0,0,0,0,0,0,0,0,4,0,0,0,5,0,0,0,0,0,4,0,5,20,17,10,10,5,6,0,65,0,0,3,5,9,12,7,6,0,50,0,3,10,16,9,5,0,0,0,56,3,6,0,4,3,0,0,0,0,16,0,4,3,3,3,7,0,0,0,17
LGA46970,12,18,67,41,49,22,8,0,0,226,21,88,383,297,248,130,21,0,3,1189,0,3,22,18,5,0,0,0,0,46,0,0,4,0,0,0,0,0,0,7,0,6,48,32,16,9,0,0,0,109,0,0,21,26,15,18,3,0,0,83,4,34,174,186,116,84,11,0,0,599,4,5,10,0,0,6,0,0,0,21,0,4,3,0,3,6,0,0,0,20,10,38,187,185,120,90,11,0,0,640,0,0,0,4,0,0,0,0,0,3,22,14,72,54,49,26,4,0,0,243,32,65,342,318,214,139,19,7,0,1131,0,4,18,8,3,0,0,0,0,38,0,0,7,9,5,6,0,0,0,25,0,20,92,47,16,0,0,0,0,179,0,9,33,42,28,4,0,0,0,114,3,32,90,49,36,11,0,0,0,222,5,8,13,7,4,0,0,0,0,39,0,0,13,4,3,0,0,0,0,20
LGA47140,307,319,710,608,601,537,484,380,146,4102,640,2110,6449,5659,4721,3807,2797,1385,382,27953,0,50,648,732,307,145,81,26,0,1986,0,15,101,131,79,72,63,16,5,474,3,508,1674,1443,743,426,304,100,22,5225,12,240,749,878,699,563,388,128,22,3683,255,900,2576,2401,2360,2078,1568,883,219,13239,72,126,267,146,91,76,33,6,5,819,15,45,91,164,133,126,104,41,14,740,348,1075,2927,2708,2583,2281,1707,934,238,14797,8,24,65,72,58,37,38,10,5,312,236,277,635,620,563,444,415,319,187,3688,608,2189,6797,6583,5024,3970,2986,1542,470,30162,0,22,308,175,79,39,9,3,0,630,0,9,138,121,103,66,21,4,0,474,4,428,1666,923,596,358,135,49,7,4165,13,234,885,855,725,463,154,51,14,3394,189,742,1623,1227,998,542,176,66,16,5579,109,224,322,202,157,63,20,6,0,1098,50,90,232,262,214,139,71,18,0,1072
LGA47290,9,9,11,18,13,14,10,16,0,100,15,16,68,76,77,59,38,26,4,378,0,0,8,0,3,0,0,0,0,15,0,0,0,0,0,3,0,0,0,6,0,0,23,10,9,6,6,0,0,50,0,0,4,3,5,10,10,5,0,43,8,13,40,38,33,26,17,4,0,175,4,5,3,0,0,4,0,0,0,18,0,0,3,3,6,3,0,0,0,16,14,19,48,44,45,25,17,8,0,216,0,0,0,0,0,0,0,0,0,3,8,5,7,15,16,14,14,9,3,92,22,22,94,76,76,59,47,22,3,428,0,0,0,0,0,0,0,0,0,4,0,0,0,0,0,0,0,0,0,9,0,4,32,10,15,13,8,0,0,81,0,0,5,8,20,8,11,0,0,58,0,5,20,12,28,9,0,0,0,85,4,0,3,6,3,0,0,0,0,17,0,0,5,4,0,0,4,0,0,17
LGA47490,9,3,6,5,24,19,12,10,3,97,9,29,63,77,77,103,54,25,8,443,0,0,0,4,0,0,0,0,0,5,0,0,0,0,0,0,0,0,0,0,0,4,7,10,9,6,10,0,0,50,0,0,3,9,14,9,20,0,0,46,5,9,50,43,49,53,40,16,0,262,0,0,0,3,0,0,0,0,0,7,0,6,0,3,6,0,3,0,0,14,3,11,53,46,49,52,50,16,0,288,0,0,0,0,0,0,5,0,0,7,0,5,11,13,13,17,34,12,5,103,3,21,81,78,83,95,107,29,10,496,0,0,0,0,0,0,0,0,0,4,0,0,0,5,0,4,0,4,0,15,0,3,25,13,13,5,5,0,0,62,0,3,4,5,19,3,6,0,0,47,3,10,13,21,19,12,6,0,0,80,0,0,3,5,4,0,0,0,0,15,0,0,0,0,3,3,0,0,0,13
LGA47630,29,30,49,39,60,52,43,40,25,360,41,119,251,247,278,231,125,68,38,1405,0,0,7,3,4,0,0,0,0,22,0,0,0,3,0,0,0,0,0,7,0,13,47,26,31,19,12,0,0,148,0,5,18,28,36,38,26,3,0,152,12,78,146,144,123,105,77,18,7,706,6,6,10,6,3,7,4,0,0,36,0,3,9,6,14,11,9,3,0,51,17,85,162,153,143,123,91,21,8,792,0,0,0,4,4,0,0,5,0,16,27,22,61,48,57,59,38,28,7,353,48,122,306,259,266,245,171,57,17,1485,0,0,6,0,0,0,0,0,0,7,0,0,7,11,5,5,0,4,0,31,0,20,67,63,47,20,14,9,0,248,0,3,28,63,47,47,11,4,7,212,13,31,71,64,53,34,8,0,0,275,8,4,14,10,10,6,0,0,0,55,0,0,15,13,11,13,0,0,0,53
LGA47700,129,116,270,328,335,296,305,260,152,2194,390,1346,4199,4583,4463,3863,3152,1524,438,23958,0,35,384,522,329,240,189,70,14,1780,0,9,94,128,117,116,105,30,3,606,0,395,1202,1314,838,606,493,214,46,5110,8,143,511,779,823,724,635,260,42,3917,194,624,1929,1841,1940,1815,1552,946,237,11081,48,80,112,67,59,25,41,18,3,450,5,30,60,101,102,144,134,91,27,693,246,731,2104,2006,2101,1987,1721,1048,273,12226,4,12,34,39,31,30,34,40,12,228,83,95,259,279,252,235,248,228,139,1812,343,1422,4587,5075,4498,3939,3426,1878,529,25685,0,19,210,166,120,85,26,9,0,638,0,8,142,174,168,132,42,7,0,677,0,400,1497,1138,834,574,221,80,16,4765,16,215,610,889,914,694,276,86,22,3715,119,490,991,985,845,550,179,73,21,4254,82,86,157,143,97,57,20,9,0,658,19,74,175,228,199,164,79,21,11,981
LGA47800,15,17,22,25,28,25,57,29,7,237,37,73,158,155,163,185,153,67,17,997,0,0,7,3,0,4,3,0,0,19,0,0,0,0,0,3,5,3,0,13,0,6,27,17,8,14,19,5,0,94,0,4,17,19,12,30,21,11,3,113,7,39,104,95,77,99,78,33,11,536,4,13,3,5,9,6,3,0,0,46,0,0,0,3,3,8,9,4,0,31,11,49,114,103,90,114,85,37,11,607,0,0,0,3,0,0,3,5,0,11,27,16,53,33,45,58,40,30,13,325,41,81,217,177,157,221,176,97,23,1189,0,0,0,0,4,4,0,0,0,13,0,0,0,8,3,7,0,0,0,22,0,10,36,30,35,23,10,6,4,155,0,0,26,39,40,28,19,4,3,152,8,21,53,46,44,30,14,7,0,217,7,3,13,6,18,3,4,0,0,64,0,0,8,0,10,11,0,0,0,41
LGA47910,5,3,13,16,13,22,21,12,8,114,7,27,79,93,85,91,78,36,17,508,0,0,3,0,3,0,0,0,0,9,0,0,0,0,0,0,3,0,0,3,0,0,14,21,8,12,4,4,0,66,0,0,4,6,8,12,13,12,0,52,0,14,53,50,46,53,54,6,7,287,4,3,4,5,4,0,0,0,0,22,0,0,5,0,3,0,8,4,0,19,9,20,64,50,57,57,60,12,7,326,0,0,0,0,0,0,0,0,0,3,3,0,5,18,17,23,31,21,8,115,6,15,90,96,91,99,112,42,20,581,0,0,0,0,0,0,0,0,0,5,0,0,0,0,5,7,0,0,0,19,0,4,29,15,16,17,7,4,0,88,0,7,9,16,19,13,6,4,4,77,0,11,23,23,28,22,6,0,0,114,0,0,3,4,5,0,0,0,0,26,0,0,0,4,0,9,0,0,0,16
LGA47980,55,63,140,150,133,158,117,99,87,992,114,501,2033,1977,1940,1731,1219,508,269,10288,0,34,367,512,412,353,274,136,42,2122,0,10,89,95,127,116,95,29,9,569,0,231,933,898,782,597,587,234,58,4325,0,45,153,205,262,227,206,119,41,1263,43,121,293,250,301,283,247,133,57,1728,9,19,13,22,24,8,10,3,0,106,5,8,16,19,35,46,43,28,12,203,56,142,314,290,362,338,305,163,65,2033,0,4,20,12,14,13,14,17,4,89,12,32,78,68,74,63,95,81,61,566,72,491,1958,2081,2028,1707,1575,783,287,10976,0,13,286,284,255,211,56,13,4,1119,0,3,92,181,190,159,53,10,4,691,4,398,1162,946,722,543,209,90,50,4132,5,79,197,295,361,333,154,65,46,1536,21,98,193,180,183,128,27,26,15,871,13,29,44,32,11,19,10,3,4,165,4,13,42,60,56,60,18,13,16,277
LGA48050,33,19,35,50,58,72,131,111,71,579,57,106,313,399,448,607,896,530,201,3559,0,0,9,29,12,27,51,35,5,173,0,0,6,8,11,24,38,14,0,103,0,23,42,94,76,96,170,82,28,615,0,7,25,41,66,105,182,105,20,548,11,55,171,208,239,343,376,294,64,1759,11,9,18,14,14,0,5,9,0,80,0,4,0,15,20,17,59,27,5,153,23,70,192,235,272,362,439,328,68,1988,0,3,0,6,9,9,12,22,5,60,16,14,32,31,41,63,86,84,38,410,39,106,304,445,493,688,983,678,170,3900,0,0,9,11,14,25,21,4,0,78,0,0,3,9,22,33,17,6,0,90,0,22,76,85,73,112,81,53,14,514,3,11,34,73,103,165,93,39,22,539,12,47,101,113,122,127,56,21,0,601,12,16,23,15,20,18,11,3,0,116,4,9,9,19,29,41,30,10,0,152
LGA48130,22,11,26,35,40,46,56,34,19,292,41,93,200,225,207,246,180,75,26,1288,0,0,5,0,3,5,5,3,0,22,0,0,0,3,0,4,0,0,0,12,0,5,23,33,19,18,28,5,0,123,0,0,22,21,27,16,24,12,0,123,13,49,119,124,115,135,86,33,9,678,3,4,12,7,5,6,3,0,0,48,0,0,4,7,5,9,11,5,0,44,24,54,137,138,131,148,100,40,10,771,0,0,0,4,3,3,0,0,0,15,19,18,17,33,42,48,47,27,17,257,39,70,195,228,218,249,204,86,27,1325,0,0,4,4,5,4,0,0,0,23,0,0,7,5,4,5,6,0,0,23,0,5,60,41,28,39,24,8,0,200,0,8,22,46,41,47,14,8,0,179,6,25,61,63,56,28,16,0,0,253,3,8,9,11,3,9,0,0,0,40,0,0,13,6,18,8,0,3,0,46
LGA48260,17,11,28,32,45,35,24,19,19,223,21,122,322,332,396,391,309,186,80,2164,0,0,60,102,101,82,53,45,13,455,0,0,9,18,28,19,11,16,0,109,0,55,173,157,152,102,148,58,23,866,0,5,35,43,48,54,40,31,6,265,20,19,36,34,63,68,49,34,21,347,0,0,0,3,3,0,0,0,0,15,4,0,0,7,3,13,7,8,0,39,21,17,44,44,67,81,56,45,20,401,0,0,0,6,6,6,10,0,0,29,3,8,30,27,34,24,19,25,15,189,23,97,345,404,433,367,336,214,84,2318,0,0,33,58,51,28,20,8,0,197,0,0,13,25,31,26,15,0,0,105,0,54,130,150,138,127,46,26,11,686,0,11,28,57,56,81,57,26,7,312,4,13,35,28,31,26,15,9,4,170,3,4,0,3,4,0,0,3,0,22,0,0,0,7,14,14,9,3,4,54
LGA48340,40,28,43,63,91,83,96,40,31,509,63,136,321,411,447,445,320,127,51,2316,0,0,6,10,4,5,10,6,0,47,0,0,0,11,0,11,9,0,0,23,0,3,45,47,51,34,37,22,0,242,0,3,12,29,49,39,50,18,7,207,23,75,212,215,236,248,197,65,16,1272,7,7,15,5,18,4,9,0,0,70,0,4,6,6,19,14,12,6,0,66,29,84,235,226,266,266,216,71,17,1412,0,0,0,3,0,5,7,0,5,27,42,18,46,57,95,97,94,53,17,528,68,113,351,382,472,459,423,174,43,2489,0,0,5,3,5,4,0,0,0,21,0,0,9,6,15,17,5,0,0,50,0,12,110,93,58,54,26,9,4,360,0,6,36,60,81,57,39,12,0,293,18,45,109,116,97,59,19,6,0,467,15,17,33,25,16,5,0,0,0,112,0,9,23,24,18,14,11,0,0,96
LGA48410,81,124,318,221,236,196,202,192,160,1722,209,1048,3870,2923,2482,1787,1207,782,426,14725,0,50,715,647,273,146,99,38,12,1972,0,11,128,136,123,67,45,15,3,534,4,431,1793,1230,652,478,335,122,47,5089,10,162,478,480,443,390,248,108,52,2368,87,323,938,810,858,783,488,305,157,4742,20,36,56,40,34,17,14,10,0,226,6,27,41,49,79,73,64,26,19,389,114,386,1035,900,971,876,565,343,178,5364,3,14,34,36,26,13,12,19,6,165,40,95,293,200,184,168,125,104,72,1277,164,1154,4479,3624,2664,2142,1427,745,373,16766,0,32,396,210,107,69,27,11,0,848,0,10,134,130,139,90,30,0,9,544,3,454,1581,922,529,309,143,63,26,4035,9,154,439,474,420,257,120,69,31,1971,63,263,519,385,325,184,102,43,18,1899,39,65,87,61,38,27,11,5,4,334,10,34,72,87,87,48,32,12,8,388
LGA48540,81,65,119,121,158,136,114,106,41,936,128,330,823,846,1054,844,571,368,94,5060,0,0,32,35,20,14,15,3,0,123,0,0,11,11,18,9,3,3,0,46,0,18,125,116,108,58,39,10,0,462,0,20,48,56,99,83,56,28,5,388,28,116,465,388,510,583,385,211,60,2747,17,22,59,26,13,16,0,0,0,157,0,7,8,14,16,18,19,7,0,100,42,148,531,429,545,621,411,220,66,3005,0,3,4,7,0,5,6,0,0,33,44,57,111,98,149,129,87,62,38,773,87,247,856,734,935,917,619,333,111,4830,0,3,30,26,15,11,11,0,0,84,0,3,12,18,17,19,3,0,0,81,0,80,231,183,113,64,23,8,0,720,0,12,51,137,116,68,40,8,0,454,20,104,223,240,179,80,20,16,5,886,18,43,66,48,22,6,8,0,0,216,0,13,39,43,41,11,6,5,0,150
LGA48640,0,0,4,7,13,6,9,3,0,53,7,12,32,51,46,35,21,6,3,209,0,0,0,0,0,0,0,0,0,3,0,0,0,0,3,0,0,0,0,3,0,0,3,5,5,0,0,0,0,17,0,0,0,6,0,0,0,0,0,7,0,9,15,22,25,22,11,3,0,108,0,0,0,0,0,0,0,0,0,10,0,0,0,0,0,0,0,0,0,7,0,13,15,25,26,22,11,3,0,116,0,0,0,0,0,0,0,0,0,0,4,0,7,8,13,10,6,5,3,56,4,13,23,40,45,33,23,9,3,197,0,0,0,5,0,0,0,0,0,5,0,0,0,0,0,0,0,0,0,0,0,0,24,12,10,7,0,0,0,60,0,0,10,5,10,10,6,0,0,43,0,5,23,7,9,0,4,0,0,51,0,0,3,0,5,0,0,0,0,9,0,0,0,0,0,4,0,0,0,11
LGA48750,15,18,16,14,32,58,51,31,0,240,38,43,111,156,182,315,319,114,23,1295,0,0,0,5,9,11,26,14,0,64,0,0,0,0,8,14,19,8,0,38,0,0,4,22,33,39,65,28,3,199,0,6,10,16,32,52,72,25,3,216,4,21,58,78,112,144,168,69,13,669,0,0,4,4,4,3,7,0,0,28,0,0,7,5,7,12,20,7,0,49,7,20,71,90,127,162,192,75,12,754,0,0,0,0,0,5,4,0,0,13,5,5,15,24,26,37,49,36,8,202,17,37,105,154,221,320,418,176,34,1478,0,0,0,8,3,9,3,0,0,30,0,0,3,7,9,10,5,0,0,34,0,7,12,27,33,44,18,12,0,150,0,0,7,24,58,43,34,4,4,177,5,17,44,36,50,36,11,8,3,211,4,4,14,11,10,0,3,0,0,42,0,0,5,7,7,18,11,0,0,51
LGA48830,25,9,34,52,67,98,114,77,45,528,45,92,274,280,373,534,542,229,71,2443,0,0,8,3,0,5,12,8,0,35,0,0,0,3,0,9,9,0,0,24,0,8,38,29,29,30,44,21,3,202,0,0,7,30,24,61,92,23,3,245,14,54,176,170,196,339,298,148,27,1426,0,4,14,13,14,6,9,0,0,57,0,4,5,6,13,15,32,3,0,74,16,64,195,186,220,359,332,153,26,1557,0,3,0,4,5,4,6,3,0,26,26,16,50,55,76,101,119,99,31,570,48,92,301,305,353,568,612,307,67,2658,0,0,0,4,4,7,3,0,0,24,0,0,3,11,9,15,8,0,0,50,0,22,73,38,70,59,39,7,9,317,0,9,25,59,81,85,39,20,0,319,19,41,63,84,102,81,30,19,0,442,11,3,19,6,9,8,0,0,0,56,0,7,7,20,12,17,5,0,0,81
LGA49399,21,27,67,69,81,78,43,19,5,422,25,64,233,224,249,199,103,42,8,1133,0,0,0,0,0,0,0,0,0,5,0,0,3,0,0,0,0,0,0,5,0,8,10,14,8,11,8,0,0,59,0,0,13,7,11,16,14,0,0,67,10,19,70,50,74,64,32,15,0,333,4,5,6,3,3,4,0,0,0,32,0,0,3,0,5,3,4,0,0,23,14,29,76,56,81,68,39,15,4,382,0,0,3,0,0,0,0,0,0,11,20,30,75,47,56,65,32,14,3,337,36,64,189,125,163,160,92,31,7,865,0,0,3,3,0,3,0,0,0,16,0,0,0,6,4,7,3,0,0,17,0,12,34,31,19,11,5,0,0,107,0,4,18,15,27,14,3,0,0,85,8,18,41,27,37,20,3,0,0,140,4,4,10,6,0,8,0,0,0,26,0,4,8,0,4,0,0,0,0,14
LGA49499,19,36,72,85,100,67,35,4,4,427,24,85,236,170,186,152,114,21,11,999,0,0,13,11,3,5,3,0,0,36,0,0,0,0,0,5,0,0,0,6,0,7,37,18,18,22,11,4,0,108,0,0,6,11,7,18,10,0,0,65,6,17,56,46,58,63,54,7,0,308,0,7,17,0,0,0,0,0,0,33,0,0,4,0,8,4,7,0,0,23,7,25,79,52,63,70,59,7,0,363,0,0,0,3,5,3,0,0,0,9,21,25,96,95,106,103,53,5,0,500,26,53,225,187,202,224,138,21,0,1081,0,4,19,8,7,0,0,0,0,30,0,0,8,0,0,5,0,0,0,16,0,15,56,18,16,12,3,0,0,127,0,8,25,18,14,15,8,0,0,83,6,14,26,9,17,11,3,0,0,90,0,10,6,3,5,5,0,0,0,24,0,3,6,11,9,4,0,0,0,44
LGA49799,0,0,0,0,0,0,0,0,0,0,0,0,0,0,0,0,0,0,0,5,0,0,0,0,0,0,0,0,0,0,0,0,0,0,0,0,0,0,0,0,0,0,0,0,0,0,0,0,0,0,0,0,0,0,0,0,0,0,0,0,0,0,0,0,0,0,0,0,0,4,0,0,0,0,0,0,0,0,0,0,0,0,0,0,0,0,0,0,0,0,0,0,0,0,0,0,0,0,0,4,0,0,0,0,0,0,0,0,0,0,0,0,0,0,5,0,0,0,0,5,0,0,0,3,6,0,0,0,0,9,0,0,0,0,0,0,0,0,0,0,0,0,0,0,0,0,0,0,0,0,0,0,0,0,0,0,0,0,0,0,0,0,0,0,0,0,0,0,0,0,0,0,0,0,0,0,0,0,0,0,0,0,0,0,0,0,0,0,0,0,0,0,0,0,0,0,0,0,0,0
LGA50080,128,129,317,254,228,256,224,184,114,1821,291,566,1381,1420,1527,1587,1153,562,222,8699,0,5,41,59,66,52,78,33,4,338,0,3,22,32,42,46,39,11,3,194,0,28,171,227,259,240,234,82,18,1257,0,24,121,170,213,262,228,110,14,1144,100,282,804,709,734,735,541,269,85,4258,96,58,42,34,22,28,12,6,0,300,5,10,19,21,31,43,61,20,8,222,199,351,863,769,790,803,615,289,99,4775,0,0,15,11,8,12,22,14,3,86,74,67,181,143,172,198,190,146,84,1253,271,472,1412,1404,1557,1606,1409,677,229,9045,0,0,17,32,48,43,11,0,0,147,0,3,33,71,71,61,14,0,0,253,0,59,269,383,299,237,127,55,15,1432,13,48,184,270,362,255,142,54,26,1346,82,186,346,351,359,199,70,22,9,1621,66,39,63,60,32,24,12,3,0,299,19,17,72,73,69,72,27,14,10,375
LGA50210,157,190,503,487,407,344,294,207,92,2664,392,1288,4683,4018,3082,2441,1692,751,205,18555,0,18,224,675,267,144,79,28,8,1440,0,0,70,136,99,60,44,14,0,434,0,189,898,1435,730,387,250,81,26,3989,12,124,636,922,566,431,257,126,15,3086,177,590,2062,1913,1515,1401,987,401,81,9124,129,156,146,70,47,16,16,6,0,593,8,27,61,87,73,73,71,36,7,450,317,773,2272,2067,1633,1489,1074,442,89,10163,0,19,36,70,46,44,30,27,7,273,185,192,518,564,451,347,222,165,79,2732,521,1321,4661,5864,3779,2906,1963,888,226,22123,0,3,108,90,65,37,12,0,0,323,0,12,65,97,82,64,16,10,0,340,0,189,795,543,399,278,131,44,9,2392,31,168,510,472,440,324,140,54,7,2157,184,445,831,558,513,384,128,80,24,3145,69,93,106,94,54,59,10,9,0,490,24,54,111,132,117,99,39,17,5,606
LGA50250,14,70,534,506,401,216,24,7,0,1790,28,237,2044,1896,1447,732,85,7,0,6492,0,0,25,16,4,9,0,0,0,54,0,0,7,3,6,3,0,0,0,25,0,10,57,61,32,20,3,0,0,186,0,5,38,49,43,32,11,0,0,172,0,56,343,380,217,129,32,5,0,1162,4,8,10,12,3,0,0,0,0,40,0,0,4,11,7,4,0,0,0,30,12,67,353,392,223,138,32,8,0,1231,0,0,0,0,6,0,0,0,0,18,36,62,205,208,163,114,21,4,0,813,44,139,687,738,481,312,65,19,0,2490,0,0,8,12,0,3,0,0,0,23,0,0,16,16,3,3,3,0,0,48,0,43,128,99,27,16,3,0,0,310,0,9,70,83,36,10,0,0,0,214,9,51,148,68,50,22,0,0,0,350,3,12,29,17,10,0,0,0,0,71,0,3,17,22,18,0,0,0,0,59
LGA50280,64,24,93,121,111,97,75,33,24,643,95,110,605,883,718,636,419,163,53,3678,0,0,31,29,46,32,51,18,7,213,0,0,7,28,27,25,20,12,0,114,0,13,141,213,188,155,128,48,8,892,0,5,64,113,125,93,113,45,4,564,16,66,285,401,368,351,226,52,16,1781,19,22,9,14,13,8,0,3,4,94,0,3,9,21,23,18,19,6,0,106,39,91,307,434,401,378,248,68,20,1986,0,0,0,7,9,12,7,3,0,42,47,27,107,142,176,89,95,40,21,742,90,141,654,963,973,774,655,234,68,4549,0,0,17,21,12,10,11,0,0,68,0,0,14,32,32,22,10,3,0,118,0,22,161,218,138,96,56,18,0,709,0,12,81,126,114,113,56,16,8,532,21,34,135,113,79,65,21,8,4,484,9,9,11,16,20,14,0,0,0,77,0,0,19,36,27,14,6,9,0,110
LGA50350,17,33,74,77,84,72,58,57,16,493,57,197,831,824,718,561,364,181,42,3777,0,7,68,109,64,46,21,7,0,325,0,0,19,26,34,33,11,3,0,135,0,51,269,243,176,109,61,23,7,943,4,22,97,122,120,90,64,30,9,550,28,85,268,283,269,250,215,93,24,1515,19,18,18,13,11,11,3,0,0,89,4,7,0,8,19,15,10,8,0,70,42,111,293,313,290,275,229,101,26,1680,0,4,9,0,3,6,4,5,5,30,19,42,106,91,75,62,61,37,11,493,66,237,857,906,762,615,460,205,48,4161,0,4,45,43,36,20,4,0,0,145,0,0,30,50,32,14,3,0,0,141,0,66,293,231,152,103,38,8,3,893,5,34,101,116,119,84,40,15,5,530,21,77,146,108,113,64,21,12,3,569,11,17,25,15,10,10,4,0,0,87,8,7,14,28,48,19,9,0,0,133
LGA50420,116,161,486,386,324,319,295,210,150,2454,260,1160,4676,3791,2910,2403,1638,815,315,17967,0,40,475,559,278,207,121,53,6,1732,0,13,108,156,126,105,55,23,6,593,0,296,1644,1521,900,559,408,132,22,5490,18,188,573,572,512,385,316,153,33,2765,81,334,1197,1033,859,924,731,395,108,5666,60,75,66,31,44,15,17,4,3,317,6,14,59,61,57,57,66,21,9,346,151,426,1318,1123,959,999,816,417,115,6323,0,19,32,47,35,31,25,22,4,219,66,137,403,367,281,253,187,181,82,1961,243,1119,4554,4353,3099,2541,1929,980,275,19079,0,27,312,268,130,86,35,4,0,859,0,3,202,185,113,81,31,12,0,622,5,439,1701,1063,597,374,171,54,15,4418,26,224,573,556,488,386,165,80,25,2517,70,291,543,408,354,271,77,38,13,2067,29,56,84,73,51,35,15,0,0,353,12,46,96,104,117,95,54,18,5,549
LGA50490,109,213,587,362,278,257,182,157,65,2213,191,914,3380,2224,1590,1230,754,442,147,10874,0,14,367,381,156,79,52,22,3,1078,0,5,60,65,46,48,20,0,0,246,3,195,1061,740,411,233,143,44,16,2845,10,136,478,411,257,233,135,40,14,1725,67,280,850,651,609,566,382,212,66,3675,59,64,69,35,15,16,3,4,0,272,4,17,42,37,45,40,28,11,3,227,132,359,957,722,662,630,418,226,74,4178,0,8,28,38,28,12,10,12,8,154,64,159,413,342,265,207,143,102,61,1750,212,884,3371,2704,1827,1442,918,447,178,11980,0,16,194,99,49,26,11,0,0,393,0,4,90,63,36,17,6,6,0,228,4,210,896,432,224,137,55,29,5,1983,11,116,346,288,226,132,81,29,14,1249,54,187,315,216,174,115,48,33,10,1143,17,27,63,31,25,17,0,6,0,188,6,29,58,72,54,52,27,11,4,304
LGA50560,0,5,10,9,21,26,16,20,3,121,3,14,44,46,69,96,75,48,6,406,0,0,0,0,5,5,0,0,0,5,0,0,0,0,0,0,0,0,0,7,0,0,5,11,6,4,13,0,0,42,0,0,0,3,10,6,16,5,0,44,6,3,26,17,26,35,37,19,3,169,0,0,7,0,0,0,0,0,0,10,0,0,0,0,0,0,9,0,0,11,0,4,30,23,22,35,39,20,3,183,0,0,0,0,0,0,3,0,0,8,12,3,11,12,21,18,25,15,8,124,17,6,49,51,65,77,93,43,20,414,0,0,0,0,0,0,0,0,0,0,0,0,0,3,0,0,0,0,0,9,0,0,12,16,5,20,11,3,0,57,0,0,3,7,11,21,10,0,0,56,0,3,4,9,16,7,0,0,0,46,0,5,3,0,0,3,0,0,0,15,0,0,5,0,3,5,0,0,0,11
LGA50630,10,7,20,16,21,16,13,13,0,108,9,26,96,103,96,78,43,16,0,469,0,0,0,0,4,3,0,0,0,11,0,0,0,0,0,0,0,0,0,0,0,0,12,5,8,4,6,0,0,35,0,0,3,5,4,4,13,3,0,26,0,10,42,31,42,49,25,9,0,198,0,3,0,0,0,0,0,0,0,9,0,0,0,4,3,0,0,4,0,13,4,15,42,30,43,51,27,8,0,221,0,0,0,0,0,3,0,0,0,8,3,0,14,7,18,23,10,6,3,89,7,15,71,56,80,90,54,24,0,392,0,0,0,0,0,0,0,0,0,3,0,0,5,4,0,3,0,0,0,14,0,3,36,25,4,3,4,0,0,79,0,0,7,16,3,16,0,0,0,52,4,10,11,18,17,7,3,0,0,69,4,0,8,0,0,6,0,0,0,22,0,0,0,8,5,0,0,0,0,9
LGA50770,8,0,4,4,19,29,22,10,0,93,9,12,27,57,65,77,52,28,3,330,0,0,0,0,0,4,0,0,0,0,0,0,0,0,0,0,6,0,0,6,0,0,7,4,9,11,5,3,0,45,0,0,0,4,5,15,6,3,0,38,0,11,20,32,37,37,26,7,0,178,0,0,4,0,0,0,0,0,0,8,0,0,0,0,0,0,7,0,0,10,0,11,20,36,40,44,26,8,0,197,0,0,0,0,0,0,0,0,0,0,5,5,10,8,19,19,13,17,6,95,8,15,40,60,75,84,58,30,7,384,0,0,0,0,0,0,0,0,0,0,0,0,0,3,0,0,4,0,0,5,0,3,24,17,8,12,12,0,0,79,0,5,3,8,16,12,10,0,0,56,8,3,18,17,18,8,5,0,0,65,4,0,3,6,0,3,0,0,0,14,0,0,6,4,4,3,4,0,0,18
LGA50840,18,4,21,19,44,38,45,32,7,231,35,35,102,164,211,249,241,89,14,1135,0,0,3,5,0,9,22,11,0,50,0,0,0,0,3,7,5,0,0,22,0,5,14,27,33,30,47,17,0,172,0,3,7,17,25,41,37,20,0,143,5,31,91,82,115,140,123,38,6,635,6,4,9,7,0,0,3,4,0,34,0,0,0,4,4,6,16,8,0,39,13,39,101,95,126,148,137,44,10,713,0,0,0,0,4,3,5,3,0,20,11,9,18,26,43,43,56,26,6,235,21,52,143,181,240,279,304,121,19,1352,0,0,0,3,10,6,0,0,0,20,0,0,4,6,7,10,0,0,0,30,0,8,30,53,44,32,20,9,0,200,6,10,17,33,39,56,29,9,0,199,0,8,26,35,39,46,14,0,0,172,5,0,6,4,4,5,0,0,0,33,0,0,0,10,5,13,9,0,0,35
LGA50910,0,0,6,8,8,5,17,9,9,61,3,8,23,24,32,29,39,13,9,184,0,0,0,0,0,0,3,0,0,3,0,0,0,0,0,3,0,0,0,4,0,0,5,7,5,5,3,0,0,18,0,0,3,4,5,0,3,0,0,16,0,0,9,11,16,15,12,4,3,75,0,0,0,0,0,0,0,0,0,6,0,0,0,0,0,0,0,0,0,5,0,5,11,15,13,22,12,4,3,84,0,0,0,0,0,3,0,0,0,6,4,6,3,9,6,8,8,3,0,54,6,8,20,21,26,38,32,7,4,172,0,0,0,0,0,0,0,0,0,0,0,0,6,6,0,0,0,0,0,5,0,0,11,4,0,3,0,0,0,30,0,0,0,0,5,9,3,0,0,25,0,0,4,7,7,4,3,0,0,31,0,4,0,0,3,0,0,0,0,6,0,0,0,0,0,0,0,0,0,8
LGA50980,103,73,244,218,158,158,95,31,11,1084,156,228,989,937,773,620,268,69,18,4053,0,3,47,42,30,20,6,0,0,151,0,0,21,20,20,12,11,0,0,92,0,22,198,160,113,69,39,9,3,609,4,17,72,129,99,65,37,12,0,437,12,96,316,371,349,230,119,22,3,1519,16,19,17,3,6,10,3,0,0,81,3,10,18,16,17,17,10,3,0,90,32,127,351,392,377,260,135,26,3,1696,0,5,3,4,10,3,7,3,0,38,87,81,227,193,222,167,84,34,9,1098,121,256,920,944,874,604,316,85,16,4128,0,0,21,35,34,28,7,0,0,120,0,0,31,32,28,24,7,0,0,130,0,37,288,233,152,88,17,3,0,820,0,43,117,132,113,65,11,3,0,486,21,64,165,138,80,39,12,5,0,517,20,30,38,13,11,6,0,0,0,129,4,11,27,22,24,18,6,0,0,111
LGA51080,5,8,11,0,10,18,7,9,0,70,6,10,37,31,39,44,22,22,0,220,0,0,0,0,0,0,0,0,0,0,0,0,0,0,0,0,0,0,0,0,0,0,4,4,9,0,5,0,0,23,0,0,3,5,3,4,7,0,0,18,0,4,12,16,7,18,12,6,0,85,0,0,0,0,0,0,0,0,0,3,0,0,0,0,4,4,0,0,0,15,3,9,18,19,12,24,19,6,0,98,0,0,0,0,0,6,3,0,0,6,5,0,9,7,7,8,3,3,0,51,7,9,32,37,36,41,30,14,0,200,0,0,0,0,0,0,0,0,0,0,0,0,0,3,4,0,0,0,0,9,0,3,15,14,16,10,0,0,0,58,0,0,8,7,9,13,0,0,0,32,0,0,13,6,11,4,0,0,0,40,0,0,0,3,0,0,0,0,0,5,0,0,0,0,0,0,0,0,0,6
LGA51120,0,0,3,0,11,10,5,7,4,36,5,7,32,27,32,39,25,6,3,178,0,0,0,0,0,0,0,0,0,0,0,0,0,0,0,0,0,0,0,3,0,0,7,6,8,0,0,0,0,19,0,0,0,4,0,0,4,0,0,14,0,0,22,23,10,12,13,6,0,88,0,4,0,0,0,0,0,0,0,5,0,0,0,0,0,0,0,0,0,5,0,10,18,22,15,21,13,4,0,97,0,0,0,0,0,0,0,0,0,0,5,4,4,8,14,15,17,6,0,75,7,13,32,37,40,33,36,12,0,215,0,0,0,0,0,0,0,0,0,0,0,0,5,0,0,0,0,0,0,0,0,0,13,13,0,4,3,3,0,37,0,0,4,10,5,8,4,0,0,28,4,6,6,4,6,3,4,0,0,33,0,3,5,0,0,0,0,0,0,10,0,0,0,0,0,0,0,0,0,4
LGA51190,107,116,301,277,266,218,190,132,53,1654,199,520,1515,1452,1388,1314,908,405,129,7836,0,3,49,72,77,61,46,16,7,328,0,0,17,25,32,41,32,7,0,162,0,29,227,204,214,191,146,67,16,1094,3,22,116,171,156,165,136,71,13,861,61,236,679,659,619,645,504,232,58,3695,50,77,65,20,24,14,9,4,0,252,7,10,18,28,22,35,28,15,5,169,110,328,761,704,661,694,541,257,64,4110,0,4,9,17,15,10,17,15,5,93,45,72,203,171,194,169,158,104,69,1177,160,461,1380,1380,1364,1326,1070,534,164,7835,0,0,34,43,33,32,7,0,0,146,0,3,43,64,41,37,4,0,0,192,0,73,384,288,236,187,70,31,10,1283,18,73,171,184,239,188,75,31,7,987,120,232,414,338,339,229,139,198,100,2110,49,45,66,45,30,25,3,0,0,274,10,24,69,56,72,39,18,12,5,302
LGA51260,111,59,187,212,239,231,225,146,79,1492,194,371,1268,1714,1668,1487,1271,597,187,8764,0,0,30,53,86,67,76,48,3,368,0,0,20,51,44,31,40,9,4,192,0,15,202,316,338,287,286,118,32,1595,0,15,124,216,251,267,282,154,23,1332,56,249,711,917,859,779,707,322,75,4665,60,48,45,21,26,13,18,5,0,237,5,8,23,28,53,46,48,28,6,240,125,306,774,962,932,836,773,355,77,5143,0,3,13,12,12,17,17,11,4,92,81,41,196,221,249,200,168,145,64,1365,207,383,1358,1837,1906,1710,1645,844,201,10089,0,0,25,36,21,16,15,3,0,121,0,0,42,66,49,37,18,5,0,223,0,39,318,394,309,209,143,67,20,1500,8,58,176,294,274,210,123,56,9,1204,64,150,307,351,299,175,53,25,8,1440,31,33,59,53,45,22,18,4,5,269,6,20,49,84,62,60,20,15,0,317
LGA51310,32,43,135,103,120,90,83,69,37,718,50,400,1203,1492,1723,1316,764,425,200,7569,0,16,220,403,488,344,203,90,32,1795,0,3,53,85,91,78,40,27,6,386,0,231,550,746,886,649,382,170,60,3687,4,35,101,130,172,185,151,100,39,915,31,68,148,141,155,194,142,93,46,1021,22,9,10,6,6,7,0,4,0,58,3,8,7,11,19,15,18,16,9,110,52,81,163,162,179,214,160,119,56,1186,4,4,15,11,22,6,10,16,3,83,17,15,79,73,86,65,75,57,34,506,80,380,1176,1610,1927,1542,1027,585,228,8553,0,12,149,227,201,107,30,12,0,742,0,6,56,159,129,86,28,8,5,477,0,228,622,860,639,342,170,120,58,3031,6,42,93,211,329,223,131,73,31,1129,16,51,71,74,77,46,21,29,8,393,0,13,12,7,12,9,9,7,8,82,3,0,15,31,42,24,22,20,5,165
LGA51330,190,297,584,389,358,282,256,170,95,2613,448,2184,5884,4795,4163,3228,2179,944,294,24121,0,84,1012,1102,733,475,241,82,11,3745,0,13,124,169,162,119,89,32,0,711,3,742,2313,2039,1490,916,652,231,45,8428,23,382,856,760,572,490,423,197,49,3749,161,549,1092,1008,1075,1074,846,433,148,6378,112,158,90,48,33,22,19,9,0,486,25,24,63,56,80,75,53,41,13,432,296,728,1249,1111,1184,1174,918,487,159,7297,3,27,65,65,61,37,41,36,5,341,100,292,626,446,353,294,163,151,66,2486,426,2265,6241,5689,4556,3501,2526,1215,343,26760,0,56,494,387,290,141,43,11,3,1419,0,32,190,189,200,111,35,5,0,771,10,953,2184,1448,1018,615,238,83,32,6578,48,392,648,700,821,540,250,96,45,3534,123,361,531,538,543,317,103,46,11,2582,52,68,68,59,63,50,19,11,0,388,17,62,78,134,160,142,70,24,11,701
LGA51400,51,38,69,95,110,76,74,37,8,552,140,216,593,867,931,650,400,105,25,3926,0,0,13,43,53,40,20,8,0,168,0,0,5,16,24,14,10,0,0,76,0,15,85,141,168,129,87,14,0,645,0,14,64,101,129,105,85,27,0,529,45,143,356,411,465,397,233,87,8,2154,28,38,14,11,11,3,5,0,0,103,3,6,8,11,19,21,21,11,0,94,77,183,374,433,493,425,260,96,8,2342,0,0,7,6,4,11,8,0,0,40,38,33,54,84,108,85,64,39,9,526,117,240,589,840,974,807,546,187,20,4328,0,0,14,16,26,5,0,0,0,58,0,0,16,39,39,20,0,0,0,111,0,25,165,264,160,72,35,6,4,738,9,35,71,143,133,83,29,6,0,515,48,81,166,183,148,69,17,13,0,738,19,17,39,32,13,13,0,0,0,133,0,4,18,37,33,19,9,0,0,118
LGA51470,0,3,6,5,9,5,0,3,0,34,0,9,20,16,21,35,14,9,0,130,0,0,0,0,0,0,0,0,0,0,0,0,0,0,0,0,0,0,0,0,0,0,0,3,3,3,0,0,0,13,0,0,0,0,0,6,0,0,0,15,0,7,3,20,13,11,16,5,0,66,0,0,0,0,0,0,0,0,0,4,0,0,0,0,0,0,3,0,0,3,0,6,6,20,8,7,19,5,0,76,0,0,0,0,0,0,0,0,0,4,3,0,0,11,12,0,12,3,0,38,3,6,12,36,29,24,31,6,0,149,0,0,0,0,0,0,0,0,0,0,0,0,0,0,0,0,0,0,0,3,0,9,4,0,3,0,0,0,0,16,0,0,0,0,0,0,0,0,0,11,6,0,3,3,3,4,0,0,0,15,4,5,0,0,3,0,0,0,0,14,0,0,0,4,4,5,0,0,0,8
LGA51540,20,23,71,76,81,74,39,37,11,438,37,84,240,228,275,242,123,62,17,1302,0,0,3,4,11,6,0,0,0,28,0,0,0,0,4,0,0,0,0,19,0,4,35,21,12,21,18,0,0,115,0,0,18,24,19,11,22,9,6,105,3,26,93,75,105,112,63,8,0,497,7,12,8,0,4,0,0,0,0,38,0,0,9,5,3,0,8,4,0,33,11,44,109,83,112,116,76,15,0,565,0,0,0,0,0,0,0,4,0,5,39,41,100,67,80,62,45,28,8,471,54,86,265,208,241,219,161,52,14,1302,0,0,10,7,0,3,0,0,0,18,0,0,10,7,3,5,0,0,0,34,0,11,67,47,32,15,7,6,0,188,0,3,31,31,34,23,9,0,0,138,5,19,52,45,42,28,5,0,0,189,3,12,10,12,11,6,4,0,0,56,0,3,6,5,5,4,3,0,0,28
LGA51610,9,6,7,22,20,16,14,3,0,83,15,13,40,73,73,58,34,17,3,326,0,0,0,0,0,0,0,0,0,6,0,0,0,0,3,0,0,0,0,3,0,0,5,6,11,5,11,0,0,36,0,0,4,7,11,4,15,0,0,36,5,6,35,43,43,35,12,8,3,187,0,0,0,0,0,0,0,0,0,3,0,0,0,0,0,3,0,3,0,10,4,11,41,41,45,38,17,7,3,202,0,0,0,0,0,3,0,0,0,5,4,9,5,14,26,17,9,3,0,91,7,14,52,70,102,68,50,20,5,385,0,0,0,0,0,0,0,0,0,4,0,0,0,3,3,0,0,0,0,6,0,0,16,25,10,0,6,0,0,57,0,5,7,6,14,15,8,0,0,55,0,3,6,12,3,4,0,0,0,29,3,0,5,0,0,0,0,0,0,9,0,0,0,0,0,4,0,0,0,8
LGA51680,37,3,25,34,63,56,31,21,4,274,56,53,147,245,304,280,170,75,4,1345,0,0,0,3,3,10,0,4,0,27,0,0,0,5,3,7,0,0,0,15,0,6,18,23,31,31,18,11,0,134,0,3,12,31,46,40,38,8,0,178,13,28,116,137,175,180,93,46,5,792,10,8,9,4,0,4,3,0,0,31,0,0,6,4,3,6,6,3,4,34,21,29,124,145,183,192,98,49,14,846,0,0,0,0,4,0,0,0,0,12,23,13,26,31,60,63,38,30,5,284,47,57,185,236,332,338,191,99,13,1492,0,0,3,4,3,4,0,0,0,13,0,0,6,3,5,0,0,0,0,18,0,5,18,46,25,20,19,0,0,125,0,0,16,37,53,33,15,4,0,163,5,14,33,56,37,36,10,0,0,185,4,8,9,10,7,5,4,0,0,39,0,0,3,6,11,11,7,0,0,38
LGA51710,15,48,124,83,57,43,22,6,0,398,18,58,185,157,134,94,48,12,0,712,0,0,0,5,0,0,0,0,0,10,0,0,0,3,0,0,0,0,0,9,0,0,7,9,11,0,4,0,0,32,0,0,3,5,13,12,0,0,0,38,0,12,35,32,37,37,21,0,0,166,0,4,5,0,8,0,0,0,0,16,0,0,0,0,0,0,0,0,0,6,0,13,39,34,38,34,25,0,0,190,0,0,0,0,0,0,5,0,0,9,6,31,144,71,56,21,22,0,0,349,7,44,198,130,128,68,56,0,0,632,0,0,3,4,0,0,0,0,0,11,0,0,9,7,0,0,0,0,0,18,0,0,10,21,8,6,0,0,0,52,0,0,15,13,10,8,0,0,0,41,0,9,11,15,15,6,0,0,0,53,4,0,0,0,4,0,0,0,0,11,0,0,0,0,0,0,0,0,0,9
LGA51750,26,23,60,58,52,59,49,45,14,392,46,164,480,454,532,469,389,245,98,2875,0,10,93,116,164,119,96,70,34,707,0,0,20,24,34,28,25,11,5,140,0,117,298,231,271,221,201,128,34,1501,0,14,27,48,61,41,58,59,21,328,16,19,52,38,47,49,33,27,12,305,8,3,4,0,0,0,0,4,0,20,0,0,0,4,3,4,3,3,0,22,21,26,59,47,50,53,43,34,12,344,0,0,0,4,10,5,8,3,4,39,22,21,56,34,42,36,37,44,29,310,48,191,556,501,624,503,463,351,139,3372,0,5,48,68,82,70,27,16,0,331,0,6,32,41,41,35,20,6,5,188,0,93,243,232,237,163,119,69,24,1186,4,14,46,52,107,97,74,50,18,461,6,21,26,13,18,16,5,7,0,121,3,0,0,0,7,0,6,0,0,21,0,0,4,8,14,15,12,14,3,66
LGA51820,264,247,697,641,570,428,344,307,120,3629,548,1664,6125,6205,4967,3507,1992,940,259,26218,0,35,467,773,459,320,161,44,7,2263,0,9,152,191,164,115,57,25,0,711,0,407,1870,1867,1232,716,399,110,25,6624,17,198,722,1027,861,596,471,151,21,4056,195,807,2530,2530,2255,1893,1228,537,122,12103,150,156,115,80,64,40,23,6,0,645,13,36,93,131,141,114,100,24,3,664,362,1005,2740,2741,2454,2054,1351,576,129,13407,11,22,61,89,73,57,55,25,14,410,133,206,612,642,513,375,304,244,143,3171,521,1883,6624,7332,5748,4228,2803,1176,334,30643,0,16,275,251,171,78,20,0,0,804,0,20,227,200,126,61,14,7,0,657,5,476,1986,1362,703,359,123,44,7,5069,34,244,825,947,723,437,145,63,11,3423,160,485,954,845,589,324,92,33,17,3495,56,91,131,123,90,64,23,7,0,579,17,46,148,193,190,110,46,11,0,763
LGA51860,0,0,7,4,4,3,5,0,0,25,5,4,19,27,18,29,12,0,0,109,0,0,0,0,0,0,0,0,0,0,0,0,0,0,0,0,0,0,0,0,0,0,0,0,5,0,0,0,0,6,0,0,0,4,0,0,0,0,0,5,0,0,3,15,9,18,7,0,0,50,0,0,0,0,0,0,0,0,0,3,0,0,0,0,0,0,0,0,0,0,0,5,3,15,9,23,7,0,0,55,0,0,0,0,0,0,0,0,0,0,5,3,12,14,13,6,5,5,0,55,5,7,20,29,25,25,10,7,0,125,0,0,0,0,0,0,0,0,0,0,0,0,0,0,0,0,0,0,0,3,0,0,6,0,4,0,0,0,0,11,0,0,0,0,6,0,0,0,0,4,0,0,8,6,0,0,0,0,0,12,0,0,0,0,4,0,0,0,0,8,0,0,0,0,0,0,0,0,0,3
LGA51890,36,29,61,54,58,73,73,50,20,449,62,161,339,305,343,358,258,108,30,1975,0,0,0,3,5,5,3,0,0,14,0,0,0,4,0,5,3,0,0,14,0,4,12,26,13,9,21,11,0,90,0,0,8,23,17,38,33,9,4,133,11,72,231,204,222,241,148,70,7,1208,11,14,17,5,7,0,0,0,0,56,0,0,4,16,6,9,16,3,0,58,22,90,247,219,234,253,167,78,7,1317,0,0,0,3,0,5,10,0,0,29,37,18,45,51,53,60,61,42,26,385,60,110,312,328,328,374,293,145,39,1993,0,0,0,6,3,0,0,0,0,10,0,0,9,11,8,4,0,0,0,27,0,10,45,42,28,33,16,8,0,189,0,10,33,48,49,33,13,7,0,189,25,53,75,90,72,52,12,7,0,383,11,12,22,14,13,6,0,3,0,78,0,0,14,25,17,7,6,0,0,71
LGA51960,19,24,67,40,60,31,28,11,0,280,29,57,215,159,188,126,70,25,4,876,0,0,0,6,3,5,3,0,0,16,0,0,0,0,0,3,0,0,0,4,0,0,13,7,11,8,0,0,0,44,0,0,9,3,10,9,3,0,0,34,7,15,85,56,83,73,40,4,3,375,3,5,5,5,5,0,0,0,0,17,0,0,3,0,0,6,4,0,0,10,9,22,91,61,91,81,44,4,3,406,0,0,0,0,3,0,4,0,0,8,23,32,77,70,90,66,37,14,6,405,25,55,191,152,207,172,87,28,4,918,0,0,0,5,0,0,0,0,0,9,0,0,0,6,0,0,0,0,0,11,0,11,21,14,17,8,0,0,0,70,0,7,16,17,12,10,0,0,0,65,0,13,52,37,16,9,0,0,0,131,8,8,5,4,4,0,0,0,0,29,0,0,0,10,0,0,0,0,0,16
LGA52030,4,0,10,10,3,15,9,0,6,59,4,7,36,30,46,54,51,12,6,244,0,0,0,0,0,0,0,0,0,0,0,0,0,0,0,0,0,0,0,0,0,0,3,0,0,0,0,3,0,16,0,0,0,4,5,5,13,0,0,25,0,8,20,11,17,37,36,10,0,135,0,0,0,0,0,0,0,0,0,4,0,0,4,0,0,3,5,0,0,12,0,9,20,14,15,39,37,9,0,153,0,0,0,0,0,0,0,0,0,0,0,5,8,0,11,19,14,10,7,77,0,11,41,22,35,67,65,30,4,271,0,0,0,0,0,0,0,0,0,0,0,0,0,0,0,3,0,0,0,7,0,4,4,15,6,4,12,0,0,39,0,0,6,3,11,7,3,3,0,33,0,0,7,10,5,5,0,0,0,31,0,0,0,0,0,5,0,0,0,6,0,0,0,0,0,3,0,0,0,9
LGA52100,6,4,12,9,3,13,5,8,6,71,10,14,40,37,32,39,21,6,7,207,0,0,0,0,0,0,0,0,0,4,0,0,0,0,0,0,0,0,0,0,0,0,6,8,3,0,3,0,0,18,0,0,0,6,0,4,5,0,0,20,0,7,21,19,19,14,17,0,0,103,5,8,0,3,0,0,0,0,0,15,0,0,0,0,0,0,0,0,0,4,5,12,26,26,21,11,18,0,0,116,0,0,0,0,0,0,0,0,0,4,0,0,0,0,6,8,7,3,0,30,4,15,31,41,25,23,27,8,3,185,0,0,0,0,0,0,0,0,0,0,0,0,0,0,0,0,0,0,0,4,0,4,9,13,10,8,8,3,0,47,0,0,4,8,10,8,4,0,3,38,0,3,9,4,4,9,3,0,0,36,0,0,3,0,5,0,0,0,0,7,0,0,0,5,3,0,0,0,0,13
LGA52170,17,13,53,27,49,53,32,20,3,268,24,116,400,380,487,485,323,135,42,2382,0,4,71,85,115,123,80,42,11,526,0,0,10,10,19,18,14,10,0,78,0,62,194,174,233,225,183,87,17,1173,0,5,19,24,37,46,45,38,13,225,8,10,37,29,35,30,32,17,5,209,5,0,0,0,4,6,0,0,0,14,0,0,3,6,4,3,8,5,5,29,12,13,37,38,44,44,40,25,9,254,0,0,4,7,8,7,10,0,0,32,12,15,38,38,18,40,21,25,21,222,17,99,378,377,463,495,390,221,74,2517,0,0,52,52,50,55,23,9,0,254,0,4,23,34,46,27,5,0,0,141,0,66,231,237,188,161,63,23,9,983,0,24,34,45,74,76,55,34,9,356,3,9,24,20,21,16,7,3,3,102,0,0,5,0,0,0,6,4,0,17,0,0,4,7,13,11,6,3,9,55
LGA52240,5,0,6,9,10,20,6,8,4,68,5,4,36,37,32,56,31,19,4,226,0,0,0,0,0,0,0,0,0,0,0,0,0,0,0,0,0,0,0,0,0,0,8,7,7,5,0,0,0,26,0,0,3,0,5,10,5,4,0,23,0,3,18,10,16,13,12,0,6,89,0,3,3,0,0,0,0,0,0,16,0,0,0,0,4,0,0,0,0,7,4,6,17,17,20,17,15,10,6,108,0,0,0,0,0,5,0,0,0,5,3,0,5,3,10,14,15,11,0,65,9,12,35,31,42,44,35,14,7,230,0,0,0,0,0,0,0,0,0,0,0,0,3,0,0,0,0,0,0,4,0,4,14,7,9,0,0,0,0,30,0,0,5,10,12,7,3,4,0,40,0,5,7,12,5,0,0,0,0,36,0,0,0,0,0,0,0,0,0,4,0,0,0,4,4,0,0,0,0,9
LGA52310,10,6,8,11,9,10,14,7,0,74,11,11,32,36,33,39,42,12,0,217,0,0,0,0,0,0,0,0,0,4,0,0,0,0,0,0,0,0,0,0,0,5,3,0,3,12,6,0,0,20,0,0,0,9,3,7,5,5,3,32,0,9,14,9,19,24,18,3,0,97,0,0,0,0,0,3,0,0,0,4,0,0,0,0,0,0,0,0,0,3,0,9,14,9,19,22,24,3,0,100,0,0,0,0,0,0,0,0,0,4,0,7,0,8,5,9,7,11,3,45,6,13,23,22,39,51,37,23,6,213,0,0,0,0,3,3,0,0,0,5,0,0,0,4,0,0,0,0,0,6,0,0,4,12,7,7,4,0,0,34,0,0,0,8,8,8,0,0,0,28,3,0,9,6,0,0,3,0,0,23,0,0,0,0,4,0,0,0,0,4,0,0,4,0,0,3,4,0,0,12
LGA52380,0,4,0,3,0,3,10,0,0,31,0,4,11,12,9,12,15,3,0,60,0,0,0,0,0,0,0,0,0,0,0,0,0,0,0,0,0,0,0,0,0,0,0,0,3,0,0,0,0,3,0,0,0,0,0,0,0,0,0,4,0,3,12,8,8,0,6,0,0,39,0,0,0,0,0,0,0,0,0,3,0,0,0,0,0,0,0,0,0,0,4,3,12,8,8,4,6,0,0,44,0,0,0,0,0,0,0,0,0,0,0,0,4,5,8,3,8,3,0,27,4,3,24,12,20,7,18,3,0,86,0,0,0,0,0,0,0,0,0,0,0,0,0,0,0,0,0,0,0,0,0,0,0,0,4,0,0,0,0,6,0,0,0,0,0,5,0,0,0,6,0,0,0,0,0,4,0,0,0,4,0,0,0,0,0,0,0,0,0,0,0,0,0,0,0,0,0,0,0,3
LGA52450,8,7,13,5,7,15,10,3,0,74,30,28,59,44,43,49,40,12,3,304,0,0,0,0,0,3,0,0,0,3,0,0,0,0,0,0,0,0,0,3,0,0,8,7,5,3,0,0,0,21,0,0,5,0,4,4,3,5,0,21,8,3,40,17,16,24,7,9,3,135,0,0,0,0,0,0,0,0,0,9,0,0,3,0,0,0,0,0,0,13,10,8,45,21,21,27,13,14,3,153,0,0,0,0,0,0,3,0,0,5,6,5,3,8,13,6,10,0,0,57,13,18,62,35,39,47,34,20,5,260,0,0,0,0,0,0,0,0,0,3,0,3,0,4,0,0,0,0,0,5,0,3,13,14,6,0,0,0,0,43,0,0,5,4,3,14,3,0,0,27,0,3,13,3,8,7,5,0,0,41,4,0,4,0,0,0,0,0,0,16,0,0,0,6,3,4,0,0,0,14
LGA52520,3,3,21,23,6,11,9,3,3,86,9,19,80,76,33,39,21,14,3,290,0,0,0,3,0,0,0,0,0,4,0,0,0,0,0,0,0,0,0,0,0,4,13,11,9,0,0,0,0,38,0,0,3,8,4,3,0,3,0,23,0,9,26,28,11,19,11,0,0,99,0,4,0,0,0,0,0,0,0,4,0,0,0,0,0,0,0,0,0,4,0,6,26,29,10,16,5,0,0,111,0,0,0,4,4,0,0,0,0,7,4,3,15,27,16,23,13,0,0,105,6,19,64,79,45,50,22,7,0,290,0,0,0,0,0,0,0,0,0,5,0,0,0,0,0,0,0,0,0,11,0,3,20,10,4,3,9,0,0,43,0,0,8,4,12,0,8,4,0,36,0,9,13,5,6,7,0,0,0,36,0,3,3,0,0,0,0,0,0,6,0,0,0,0,3,0,0,0,0,6
LGA52590,6,3,27,22,25,30,35,20,4,181,15,34,132,135,131,174,126,59,10,811,0,0,5,6,0,3,3,0,0,17,0,0,3,3,0,0,0,0,0,13,0,0,16,13,13,11,14,3,0,69,0,0,9,14,22,20,26,3,0,93,3,18,71,58,71,90,85,28,0,418,0,0,0,3,0,0,0,0,0,13,0,0,0,6,8,9,9,0,0,27,6,15,71,64,71,97,93,27,0,452,0,0,0,0,3,0,3,0,0,10,15,12,36,38,30,35,37,15,4,225,23,31,144,128,151,165,181,60,8,886,0,0,0,3,0,0,0,0,0,9,0,0,4,0,0,5,0,0,0,18,0,9,37,36,23,18,11,0,0,125,0,4,13,25,32,21,11,0,0,106,3,8,26,21,9,10,7,0,0,89,3,3,4,3,0,0,0,0,0,14,0,0,0,8,4,6,0,0,0,28
LGA52660,46,26,61,77,77,75,82,69,46,562,105,215,606,602,576,488,342,180,77,3188,0,0,11,13,6,10,12,4,0,61,0,0,4,10,5,8,7,5,0,48,0,7,60,81,92,59,43,7,8,366,0,9,50,76,78,68,48,25,9,377,27,114,416,396,320,290,215,78,25,1883,24,30,17,9,5,4,3,0,0,100,0,6,11,10,12,9,15,6,4,73,52,149,441,416,335,307,232,86,31,2051,0,3,0,7,0,6,3,3,0,27,13,22,72,84,84,78,64,50,45,515,69,191,641,700,609,543,415,185,87,3453,0,0,8,7,0,9,0,0,0,29,0,3,9,4,14,9,0,0,0,45,0,17,120,138,77,47,15,3,6,424,5,27,70,91,97,51,31,12,0,384,34,111,198,156,100,75,40,69,65,861,17,18,32,31,16,9,0,3,0,124,4,13,27,29,37,15,3,0,0,137
LGA52730,23,6,16,39,53,57,59,41,4,298,43,47,106,214,316,344,314,147,36,1562,0,0,3,11,16,22,30,23,6,117,0,0,4,6,11,15,12,7,4,51,0,5,20,43,80,74,78,27,0,328,0,0,12,28,26,39,57,33,7,205,20,16,69,104,101,166,106,42,7,635,7,0,0,7,0,4,0,5,0,29,0,0,0,3,4,4,7,7,3,36,28,19,69,120,113,178,122,50,12,704,0,0,4,0,5,5,0,3,0,10,21,6,23,33,50,50,50,39,13,292,51,29,141,251,294,389,343,180,45,1714,0,0,0,12,15,10,12,0,0,49,0,0,11,21,18,16,10,0,0,73,0,4,57,78,76,63,47,18,4,340,0,3,16,44,59,65,42,17,0,248,7,11,39,56,40,39,18,3,0,209,3,0,6,6,8,5,0,0,0,30,0,0,0,13,11,10,10,4,0,55
LGA52800,84,73,172,119,92,76,40,8,3,680,99,138,399,323,265,232,106,24,3,1588,0,0,10,7,3,6,8,0,0,34,0,0,4,0,3,3,4,0,0,25,0,7,40,21,12,11,6,0,0,102,0,3,16,14,10,14,21,0,0,84,4,28,89,87,88,85,40,8,0,434,6,9,6,8,5,0,0,0,0,32,3,0,6,12,10,0,0,0,0,28,8,35,102,106,102,86,40,11,0,498,0,0,0,0,0,0,0,0,0,0,61,50,99,84,79,94,56,10,0,530,67,94,275,230,221,213,134,24,0,1262,0,0,9,15,11,7,0,0,0,42,0,0,20,10,17,9,0,0,0,52,0,23,80,50,44,21,6,0,0,218,0,7,34,40,31,20,5,0,0,129,11,16,42,39,30,18,6,0,0,165,8,11,21,14,11,6,0,0,0,57,0,7,8,6,6,0,0,0,0,31
LGA52870,22,13,26,36,44,58,61,29,9,309,38,56,177,221,253,308,245,90,29,1419,0,0,5,5,5,8,14,10,0,56,0,0,5,3,5,7,5,4,0,29,0,0,14,29,29,35,47,13,0,175,0,0,12,20,45,43,42,14,4,190,20,48,89,131,131,137,112,50,11,731,14,3,0,5,0,0,0,0,0,33,0,0,4,3,6,3,6,6,0,36,35,52,91,145,135,147,125,50,17,799,0,0,0,0,0,3,7,0,0,10,13,8,24,33,34,38,43,29,7,231,54,68,158,241,261,278,285,124,24,1488,0,0,3,4,9,6,0,0,0,18,0,0,0,6,14,18,6,0,0,43,0,4,41,75,52,39,35,4,0,248,0,3,19,37,57,51,25,5,0,204,6,24,38,44,59,36,6,0,6,219,7,5,5,5,6,3,5,0,0,48,0,0,4,9,11,4,4,0,0,41
LGA52940,0,0,0,7,5,0,10,0,0,32,3,7,18,25,23,19,24,0,0,112,0,0,0,0,0,0,0,0,0,0,0,0,0,3,0,0,0,0,0,3,0,0,0,4,0,0,0,0,0,8,0,0,0,0,6,0,4,0,0,17,0,0,14,14,14,3,9,0,0,62,0,0,0,0,0,0,0,0,0,4,0,0,0,0,0,0,0,0,0,6,0,4,17,13,19,10,8,0,0,70,0,0,0,0,0,0,0,0,0,0,0,5,5,5,11,4,8,4,0,36,0,13,18,23,29,16,29,8,0,143,0,0,0,0,6,0,0,0,0,5,0,0,0,0,0,5,0,0,0,5,0,4,11,10,0,6,0,0,0,28,0,0,0,4,4,3,3,0,0,16,0,0,4,7,4,5,0,0,0,26,0,0,0,0,0,7,0,0,0,5,0,0,0,0,0,0,3,0,0,5
LGA53010,3,3,3,4,4,11,5,7,0,36,0,13,29,17,14,22,17,8,0,125,0,0,0,0,0,0,0,0,0,0,0,0,0,0,0,0,0,0,0,0,0,0,0,14,0,0,0,0,0,22,0,0,0,6,4,0,3,4,0,13,0,0,16,7,6,8,9,3,0,51,0,0,0,0,0,0,0,0,0,4,0,0,0,0,0,0,0,0,0,0,0,0,16,9,6,8,8,4,0,57,0,0,0,0,0,0,0,0,0,0,3,0,10,8,8,10,13,6,0,57,3,7,27,30,23,26,26,11,0,152,0,0,0,0,0,0,0,0,0,0,0,0,0,0,5,0,0,0,0,6,0,0,17,5,9,3,0,0,0,33,0,0,7,0,0,4,0,0,0,18,0,0,6,6,6,0,3,0,0,21,0,0,0,0,0,0,0,0,0,4,0,0,0,0,3,0,0,0,0,5
LGA53080,3,3,15,15,26,21,14,7,0,97,3,4,38,27,53,50,29,9,0,215,0,0,0,0,0,0,0,0,0,0,0,0,0,0,0,0,0,0,0,4,0,0,6,4,3,5,3,0,0,17,0,0,3,0,0,5,3,0,0,12,0,7,3,4,8,10,11,4,0,50,0,5,0,0,0,0,0,0,0,3,0,0,0,0,0,4,0,0,0,4,0,3,3,4,8,11,11,4,0,53,0,0,0,0,0,0,0,0,0,0,7,3,17,0,21,12,5,5,0,77,9,6,32,5,33,36,29,8,0,160,0,0,0,0,0,0,0,0,0,0,0,0,3,0,0,0,0,0,0,7,0,0,3,12,5,7,5,0,0,26,0,5,8,0,4,0,0,0,0,19,0,0,8,0,6,4,5,0,0,22,0,0,0,0,0,0,0,0,0,8,0,0,0,0,0,0,0,0,0,5
LGA53150,17,12,35,44,47,41,24,32,21,266,21,96,266,402,517,424,231,115,44,2116,0,4,29,61,79,71,58,19,0,321,0,0,9,23,25,31,21,4,0,114,0,36,123,143,190,149,123,38,8,817,4,3,34,36,61,53,59,14,7,274,5,18,55,61,75,79,58,28,15,401,11,9,0,0,6,0,0,6,0,36,6,3,3,5,9,10,10,4,3,45,20,34,62,63,87,93,69,34,17,479,0,0,0,4,3,0,0,3,0,16,5,0,24,34,35,19,25,37,38,220,21,86,287,364,484,418,340,162,67,2229,0,0,23,62,55,46,12,0,0,196,0,6,14,32,54,27,12,6,0,147,0,42,136,182,176,111,44,16,0,712,5,8,28,73,113,51,52,18,3,336,3,14,35,29,36,21,4,7,5,150,0,6,3,8,8,5,0,0,0,36,0,0,3,8,12,9,4,0,0,43
LGA53220,35,102,521,400,298,174,26,0,0,1556,54,256,1553,1158,860,452,74,0,0,4413,0,0,31,11,14,11,9,0,0,84,0,0,0,10,4,8,0,0,0,25,0,19,119,85,49,20,5,0,0,291,0,4,54,71,62,37,9,0,0,244,10,82,451,404,287,184,29,0,0,1450,7,13,23,24,12,6,0,0,0,93,0,4,9,17,7,9,0,0,0,41,23,101,480,439,308,201,29,0,0,1582,0,0,0,0,0,5,0,0,0,0,41,102,494,460,349,234,44,3,0,1729,57,230,1182,1083,789,511,95,12,0,3958,0,6,16,8,0,4,0,0,0,31,0,4,20,4,4,0,0,0,0,34,0,33,159,76,49,12,7,0,0,337,0,12,81,57,30,8,0,0,0,196,7,58,129,81,42,15,3,0,0,335,9,10,33,7,5,7,0,0,0,67,0,13,24,8,19,9,0,0,0,65
LGA53290,88,55,124,121,173,122,113,71,26,888,121,215,547,570,654,516,319,164,49,3164,0,0,15,7,14,8,8,4,0,61,0,0,0,11,10,14,0,6,0,38,0,13,65,62,85,53,37,19,8,333,0,3,29,56,68,62,44,32,8,297,26,111,316,297,273,265,140,69,15,1503,16,19,28,10,9,5,0,0,0,80,0,4,7,4,9,12,9,8,0,52,45,131,345,315,285,279,148,75,14,1639,0,0,0,4,9,11,5,5,4,36,59,58,89,92,142,118,107,86,14,766,102,207,546,556,605,536,350,216,46,3165,0,0,6,7,11,5,3,0,0,39,0,0,22,26,21,19,7,0,0,88,0,24,134,135,84,60,26,6,0,472,3,20,56,90,106,55,43,14,6,390,25,50,125,123,111,50,18,3,4,506,19,31,22,23,20,15,8,0,0,141,0,14,14,33,27,18,5,4,0,126
LGA53360,10,10,24,27,17,19,21,10,0,141,21,43,159,177,164,124,83,24,0,792,0,0,8,9,4,4,0,0,0,24,0,0,0,0,8,0,0,0,0,4,0,4,35,33,22,13,7,0,0,116,0,4,21,33,23,18,6,3,0,94,4,33,106,96,87,71,41,18,0,452,0,0,4,0,3,0,0,0,0,17,0,0,3,0,4,6,6,4,0,23,10,31,111,99,89,79,45,20,0,490,0,0,0,0,3,4,0,0,0,13,15,17,24,29,28,24,23,8,3,178,21,57,202,204,172,149,82,30,3,923,0,0,11,4,0,0,0,0,0,16,0,0,0,7,5,4,0,0,0,20,0,7,36,33,10,14,3,0,0,105,0,0,12,23,15,4,5,5,0,60,0,9,27,24,15,9,8,0,0,102,5,6,3,5,10,0,3,0,0,30,0,0,0,4,7,4,4,0,0,14
LGA53430,49,69,255,246,215,212,158,109,65,1372,87,347,1734,1622,1632,1414,931,434,135,8334,0,10,204,314,281,266,189,79,14,1359,0,4,54,67,86,83,47,22,3,372,0,140,697,632,487,441,313,117,17,2844,3,51,161,232,240,228,206,93,8,1221,35,112,385,406,354,405,287,135,41,2152,25,29,16,19,7,20,10,3,0,133,0,10,30,22,25,39,28,17,0,181,66,150,429,445,393,462,323,159,42,2467,0,5,21,15,14,24,11,9,3,107,39,65,225,196,210,179,137,91,74,1208,109,417,1787,1903,1706,1681,1231,572,164,9576,0,6,143,205,166,138,41,8,0,709,0,10,97,98,134,83,25,6,0,448,0,176,756,685,443,366,139,44,9,2618,4,69,190,194,265,222,105,34,9,1091,33,90,171,140,144,95,31,16,4,733,12,10,25,27,21,11,8,0,0,112,0,13,21,32,50,30,18,7,3,184
LGA53570,21,9,32,38,42,59,57,36,11,307,34,41,138,187,233,297,267,103,25,1318,0,0,3,3,4,10,5,0,0,24,0,0,0,0,0,4,0,0,0,3,0,0,26,23,21,18,21,11,0,126,0,4,15,15,27,35,29,24,4,155,3,30,81,95,147,147,159,73,14,739,0,6,0,4,4,3,9,0,0,24,0,0,5,0,7,14,12,4,0,32,10,34,81,101,154,162,172,75,14,801,0,0,3,3,0,4,3,0,0,16,7,16,38,32,62,53,56,52,6,330,22,58,168,180,269,288,300,158,21,1459,0,0,0,5,4,0,0,0,0,14,0,0,0,4,5,8,0,0,0,11,0,4,32,37,23,22,17,10,0,137,0,6,17,31,35,32,12,0,0,146,3,19,33,30,23,24,14,4,0,150,6,5,6,9,7,3,0,0,0,40,0,0,0,8,7,11,3,0,0,30
LGA53640,3,5,9,9,21,14,9,5,0,83,9,13,49,47,56,54,28,9,4,268,0,0,0,0,0,0,0,0,0,3,0,0,0,0,0,0,0,0,0,4,0,5,8,6,9,7,5,0,0,37,0,0,0,7,9,9,8,0,0,24,0,4,27,18,19,23,18,0,0,108,0,0,3,0,0,0,0,0,0,4,0,0,0,0,0,4,3,0,0,5,0,0,31,16,21,24,18,5,0,121,0,0,0,0,0,0,0,0,0,0,7,4,7,12,7,15,15,0,0,61,6,11,49,42,46,53,39,3,0,253,0,0,0,0,0,0,0,0,0,3,0,0,4,5,0,0,0,0,0,5,0,0,10,14,5,4,5,0,0,39,0,0,4,12,14,12,3,0,0,42,0,3,12,9,6,0,0,0,0,34,3,5,4,0,0,0,0,0,0,13,0,0,0,8,3,0,0,0,0,12
LGA53710,10,6,4,8,12,10,9,3,0,56,5,9,32,30,34,34,28,11,3,197,0,0,0,0,0,0,0,0,0,5,0,0,0,0,0,0,0,0,0,3,0,0,7,9,5,4,0,0,0,24,0,0,0,0,0,3,7,0,0,10,0,6,12,17,12,7,18,6,0,78,0,0,0,0,0,0,3,0,0,8,0,0,0,0,0,0,0,0,0,3,3,5,15,17,11,11,22,6,0,84,0,0,0,0,0,0,0,0,0,0,9,4,5,6,13,13,12,10,0,64,11,6,24,35,31,29,39,11,4,190,0,0,0,0,0,0,0,0,0,7,0,0,3,0,3,0,0,0,0,3,0,0,15,9,0,3,0,0,0,29,0,0,0,14,3,10,3,0,4,35,0,6,10,3,11,7,0,0,0,38,0,6,0,0,0,0,0,0,0,8,0,0,5,0,3,0,0,0,0,13
LGA53780,282,463,1030,882,649,465,401,276,142,4591,655,2122,6766,6263,4853,3549,2286,1121,314,27931,0,30,470,940,478,256,136,50,8,2362,0,17,73,146,130,68,64,14,4,513,0,394,1457,1934,1094,624,346,143,22,6007,26,288,874,1035,855,576,389,145,35,4215,254,835,1920,2179,1987,1742,1373,648,139,11071,168,191,139,85,61,33,18,4,0,707,17,44,88,109,114,98,77,51,12,614,437,1073,2150,2377,2158,1870,1472,702,153,12388,4,14,78,100,78,46,47,20,11,399,202,254,678,745,644,432,323,218,139,3637,675,2074,5778,7273,5432,3869,2766,1301,368,29521,0,12,345,241,105,51,16,4,0,767,3,20,134,121,103,66,10,3,0,470,7,454,1768,1132,610,387,170,55,13,4592,49,333,868,877,757,422,191,55,8,3558,289,609,1183,977,752,517,255,117,32,4729,79,96,174,146,120,70,15,7,0,696,29,74,176,227,188,150,82,21,3,950
LGA53800,165,160,329,316,345,282,222,170,70,2055,301,662,1629,1682,1803,1441,868,424,123,8941,0,5,32,68,65,48,27,6,7,260,0,0,20,27,35,31,18,6,0,131,0,27,166,217,206,140,98,29,5,893,3,19,112,188,196,228,152,41,10,952,84,284,911,778,838,765,506,209,52,4438,55,67,60,43,24,34,19,4,3,304,0,9,10,37,35,43,42,10,3,193,140,357,984,860,900,846,568,223,62,4933,0,3,12,13,22,19,7,15,6,109,133,103,302,311,314,275,179,146,83,1852,279,508,1621,1685,1744,1595,1056,467,170,9124,0,5,33,39,46,13,5,0,0,142,0,4,46,62,47,32,8,0,0,205,0,95,360,388,245,162,74,22,8,1352,19,77,193,268,267,186,75,27,11,1118,75,182,350,351,295,161,52,26,4,1482,61,59,77,61,56,31,7,0,0,354,18,21,52,75,64,48,15,7,0,311
LGA53920,67,36,94,78,52,34,19,9,0,387,76,62,178,136,101,81,29,8,3,668,0,0,6,3,4,3,0,0,0,19,0,0,0,0,6,0,0,0,0,7,0,4,12,9,4,5,3,0,0,41,0,6,4,7,4,6,3,0,0,25,5,13,45,51,40,24,5,0,0,181,0,5,11,8,0,3,0,0,0,34,0,0,6,3,3,0,0,0,0,15,3,15,64,65,43,30,14,0,0,230,0,0,0,0,0,0,0,0,0,0,28,18,45,46,49,30,10,14,3,245,34,44,135,126,112,75,33,14,3,569,0,0,5,5,4,11,0,0,0,14,0,0,7,4,6,3,0,0,0,19,0,5,31,15,18,18,5,0,0,90,0,0,12,10,13,11,3,0,0,54,0,10,19,9,12,3,0,0,0,44,3,8,15,3,4,6,0,0,0,48,0,4,8,4,0,0,0,0,0,18
LGA53990,108,41,163,174,188,162,155,89,20,1098,223,322,1063,1231,1250,1033,683,260,49,6113,0,0,18,34,26,26,33,11,0,157,0,0,9,15,25,28,10,6,0,103,0,20,134,180,142,125,105,39,5,748,0,19,73,129,170,168,113,25,8,712,85,207,667,777,709,629,420,161,30,3682,60,50,37,16,6,12,12,0,0,201,4,5,13,30,24,32,23,11,0,151,149,260,715,818,746,674,461,169,37,4033,0,3,7,19,13,9,19,8,0,84,50,48,123,151,159,162,112,67,25,899,210,353,1079,1346,1279,1203,861,331,79,6741,0,0,6,12,22,19,0,0,0,61,0,0,18,38,32,24,11,0,0,127,0,29,200,258,167,122,52,12,0,838,4,34,134,190,178,118,59,16,5,741,53,140,257,286,233,122,51,22,9,1157,41,30,43,31,18,17,4,0,0,176,11,15,38,67,60,38,19,0,0,244
LGA54060,13,3,14,21,31,28,37,25,4,183,24,37,99,121,163,167,141,74,18,845,0,0,3,0,0,3,6,0,0,10,0,0,0,3,0,0,0,0,0,3,0,0,8,9,16,9,8,6,0,61,0,4,4,9,16,21,16,9,6,79,5,19,31,57,78,102,94,35,3,441,3,5,4,4,3,4,3,0,0,23,3,0,0,4,3,0,4,0,3,17,11,22,36,63,90,109,101,40,9,480,0,0,0,0,0,0,4,0,0,12,15,11,22,32,30,50,40,35,9,239,23,38,71,119,151,199,176,86,20,887,0,0,0,0,0,0,0,0,0,4,0,0,3,3,7,5,0,0,0,21,0,4,28,40,16,21,12,4,0,124,0,0,15,20,29,27,13,0,4,112,0,14,28,37,16,24,9,0,0,137,5,0,3,4,6,7,6,0,0,32,0,3,0,9,6,7,5,4,0,26
LGA54130,3,0,16,11,9,15,8,5,0,71,7,14,59,42,46,53,22,14,3,253,0,0,0,0,0,3,0,0,0,5,0,0,0,0,0,0,0,0,0,5,0,4,13,5,4,3,0,0,0,30,0,0,0,0,6,9,0,0,0,20,4,10,23,24,12,23,13,7,0,118,0,5,0,3,0,0,0,0,0,10,0,0,5,0,4,0,0,0,0,3,6,10,29,28,17,23,13,7,0,131,0,0,0,0,0,3,0,0,0,9,0,3,4,5,8,17,15,0,3,62,7,18,50,46,35,54,28,9,3,251,0,0,0,0,6,0,0,0,0,3,0,0,0,0,3,0,0,0,0,10,0,3,13,17,7,7,0,0,0,50,0,0,7,4,0,5,3,0,0,23,3,5,22,17,8,4,0,0,0,51,0,0,0,3,0,0,0,0,0,9,0,0,0,0,4,0,0,0,0,0
LGA54170,282,237,558,596,590,584,460,266,129,3716,757,2541,6591,7950,8812,7718,4779,1624,485,41258,0,40,443,790,916,727,438,115,19,3494,0,11,146,292,349,268,201,46,3,1316,0,710,1794,2358,2332,1707,1182,378,59,10527,35,252,631,1202,1417,1381,1228,409,88,6637,370,910,2587,3002,2900,3202,2484,986,206,16646,209,155,97,64,48,42,42,15,0,676,16,49,74,134,173,171,168,91,13,891,593,1107,2756,3205,3121,3416,2698,1087,223,18212,14,20,46,82,94,91,104,63,18,528,147,204,478,615,660,502,413,267,170,3457,790,2354,6299,8540,8899,8087,6267,2369,582,44175,0,33,280,450,363,201,56,10,4,1395,0,28,318,433,458,228,43,6,3,1516,4,914,2448,2749,2097,1250,390,137,31,10020,81,422,934,1737,1976,1252,431,144,44,7034,300,669,1080,1274,1338,780,267,150,81,5934,93,115,188,165,211,142,46,13,4,979,36,107,206,351,409,322,139,45,15,1628
LGA54200,134,107,282,262,253,280,226,187,84,1818,285,895,2427,2689,2645,2292,1764,874,224,14096,0,10,98,216,183,130,124,73,9,842,0,5,31,63,87,78,49,19,0,340,0,142,394,629,564,363,368,149,53,2657,18,83,207,433,425,331,313,181,33,2031,126,379,1168,1219,1176,1119,844,432,113,6582,84,93,64,32,22,16,9,3,0,326,8,18,28,46,57,61,65,36,10,324,215,487,1268,1291,1265,1195,919,468,124,7234,0,3,19,18,23,26,26,21,11,155,77,94,225,275,253,241,176,132,82,1550,313,820,2250,2929,2800,2371,1970,1051,312,14814,0,0,72,88,76,65,31,4,0,343,0,12,72,97,105,80,29,6,4,414,0,202,632,637,502,384,196,89,17,2658,26,107,356,450,516,434,231,86,19,2220,102,283,488,465,373,267,115,32,13,2119,35,48,87,68,54,41,30,5,0,345,11,38,71,110,120,112,58,22,7,563
LGA54280,97,127,352,327,306,270,137,55,14,1693,195,569,1948,1696,1457,1086,420,123,24,7506,0,10,101,96,57,32,5,3,0,317,0,4,20,20,21,15,8,0,0,90,0,57,272,236,146,98,46,10,3,863,0,15,99,159,118,115,47,8,0,559,44,251,911,831,751,583,261,77,8,3714,36,72,38,18,14,9,8,0,0,190,6,12,22,27,30,23,10,4,0,138,76,335,972,884,800,612,276,79,9,4042,0,5,10,9,9,10,6,4,0,48,80,140,313,283,250,241,157,76,15,1559,155,566,1784,1694,1397,1114,553,179,29,7477,0,8,51,32,26,3,4,0,0,121,0,10,59,46,36,18,0,0,0,172,0,107,444,317,161,65,18,6,0,1127,7,56,190,245,176,75,23,6,0,783,48,187,372,252,184,74,11,6,0,1139,19,45,67,37,28,10,0,0,0,211,5,31,60,51,39,26,7,0,0,218
LGA54310,115,141,540,429,352,159,56,9,0,1805,156,425,2007,1832,1294,687,172,25,6,6601,0,0,55,76,31,15,5,0,0,183,0,0,15,31,26,12,4,0,0,89,0,14,184,201,140,60,9,0,0,616,0,0,76,207,154,94,20,0,0,557,36,157,819,867,614,360,90,22,0,2966,33,43,26,20,7,11,0,0,0,142,4,0,11,25,23,10,7,0,0,84,78,196,859,912,645,376,94,24,0,3191,0,4,13,14,13,5,6,0,0,47,113,123,444,480,325,224,77,19,0,1818,188,348,1650,1921,1338,797,221,38,0,6501,0,0,42,28,15,8,0,0,0,89,0,3,46,37,15,12,0,0,0,116,0,59,401,265,111,39,3,0,0,881,0,37,161,171,141,41,4,0,0,560,33,114,271,186,96,44,0,0,0,754,17,36,48,36,16,5,0,0,0,163,3,7,39,43,20,14,0,0,0,131
LGA54340,19,18,41,35,55,59,34,26,11,298,33,72,152,137,161,154,74,47,17,846,0,0,0,0,0,3,0,0,0,10,0,0,4,4,0,0,0,0,0,11,0,0,13,16,11,17,10,4,0,71,0,0,9,12,19,14,13,3,0,60,6,42,80,62,54,60,37,19,3,349,6,9,8,7,3,7,0,3,0,34,0,4,4,6,5,0,4,0,0,27,8,51,92,70,63,63,35,24,3,416,0,0,3,0,0,0,0,0,0,10,23,12,38,42,32,32,24,17,8,224,32,66,154,144,123,128,84,47,14,803,0,0,4,0,0,0,0,0,0,7,0,3,11,9,3,6,0,0,0,22,0,5,46,32,25,18,0,3,0,130,0,8,10,22,15,11,5,5,0,78,10,16,34,39,32,29,0,0,0,162,0,12,5,5,8,5,0,0,0,33,0,0,6,7,4,3,0,0,0,18
LGA54410,11,6,12,8,12,10,17,9,4,82,7,10,38,28,52,41,34,17,11,239,0,0,0,0,0,0,0,0,0,3,0,0,0,0,0,0,0,0,0,0,0,0,0,0,5,6,0,0,0,14,0,0,5,4,4,7,4,0,0,23,0,0,17,17,17,22,14,8,0,103,0,0,0,0,0,0,0,0,0,4,0,0,0,0,0,0,0,0,0,3,0,8,17,17,17,30,18,8,0,105,0,0,0,0,0,0,0,0,0,0,3,5,10,12,9,20,9,10,4,80,9,6,31,33,34,57,32,17,3,229,0,0,3,0,0,0,0,0,0,3,0,0,0,0,6,0,0,0,0,5,0,0,10,10,8,3,0,3,0,38,0,0,5,4,4,11,0,0,0,24,0,3,5,3,14,3,4,3,0,42,0,0,5,3,0,0,0,0,0,8,0,0,0,3,0,0,0,0,0,8
LGA54480,0,0,5,12,5,3,7,4,0,42,3,0,20,30,19,16,15,10,0,115,0,0,0,0,0,0,0,0,0,4,0,0,0,0,0,0,0,0,0,0,0,0,0,3,6,0,0,0,0,17,0,0,0,4,0,4,0,0,0,11,0,3,12,5,11,9,0,0,0,39,0,0,0,0,0,0,0,0,0,4,0,0,0,0,0,0,0,0,0,6,7,3,11,9,11,9,6,0,0,52,0,0,0,0,0,0,0,0,0,0,4,3,6,7,4,4,5,0,0,29,9,9,19,24,24,13,14,0,0,109,0,0,0,0,0,0,0,0,0,0,0,0,0,0,4,0,0,0,0,3,0,7,16,7,0,3,6,0,0,31,0,0,7,3,5,3,0,0,0,16,0,3,8,5,4,4,0,0,0,22,0,0,0,0,0,0,0,0,0,0,0,0,0,0,0,0,0,0,0,0
LGA54550,6,7,16,6,24,18,14,17,4,107,9,21,79,60,78,67,45,24,5,388,0,0,0,0,0,0,0,4,0,5,0,0,0,4,0,0,0,0,0,6,0,7,8,21,14,9,8,0,0,62,0,0,4,16,10,3,10,4,0,48,0,11,31,37,20,26,11,8,0,142,5,0,5,0,0,0,0,0,0,11,0,0,0,0,0,0,4,0,0,8,5,11,34,38,22,25,16,11,0,165,0,0,0,0,3,5,0,0,0,7,5,3,9,10,13,25,12,16,3,97,11,18,53,89,60,68,47,33,7,392,0,0,0,0,0,0,0,0,0,4,0,0,4,0,4,0,0,0,0,11,0,9,23,29,18,14,7,3,0,99,0,0,9,15,18,13,4,3,0,68,0,10,20,14,15,6,4,0,0,69,0,0,0,3,0,4,0,0,0,13,0,0,0,4,5,0,3,0,0,20
LGA54620,3,0,6,4,8,5,8,0,0,42,4,7,43,33,24,31,24,5,0,171,0,0,0,0,0,0,0,0,0,0,0,0,0,0,0,0,0,0,0,0,0,4,4,3,0,4,0,0,0,13,0,0,0,4,0,0,0,0,0,12,4,4,12,22,12,11,6,4,0,66,0,0,0,0,0,0,0,0,0,5,0,0,0,0,3,0,0,0,0,9,0,10,16,20,12,11,6,4,0,77,0,0,0,0,0,0,0,0,0,0,5,4,6,12,4,10,11,4,3,55,3,11,32,40,18,27,21,8,3,157,0,0,3,0,0,0,0,0,0,0,0,0,0,5,0,0,0,0,0,5,0,0,9,8,4,4,5,0,0,33,0,0,7,4,3,16,0,0,0,31,0,0,4,8,3,0,0,0,0,33,0,0,3,0,0,0,0,0,0,5,0,0,0,4,0,0,0,0,0,5
LGA54690,0,0,4,5,5,3,0,0,0,13,0,0,9,17,20,16,12,0,0,67,0,0,0,0,0,0,0,0,0,0,0,0,0,0,0,0,0,0,0,0,0,0,0,0,3,0,0,0,0,3,0,0,0,4,0,0,0,0,0,4,0,0,5,3,8,8,9,5,0,32,0,0,0,0,0,0,0,0,0,0,0,0,0,0,0,0,0,0,0,0,0,0,8,3,12,8,9,5,0,37,0,0,0,0,0,0,0,0,0,0,0,0,0,0,4,0,5,3,0,17,0,0,11,7,18,8,10,10,0,63,0,0,0,0,0,0,0,0,0,0,0,0,0,0,0,0,0,0,0,3,0,0,6,3,0,0,0,3,0,15,0,0,0,0,3,0,0,0,0,10,0,5,3,0,7,0,0,0,0,13,0,0,0,0,0,0,0,0,0,0,0,0,0,0,0,0,0,0,0,4
LGA54760,0,3,3,3,9,0,7,5,4,33,3,17,28,31,28,20,12,7,3,153,0,0,0,0,0,0,0,0,0,0,0,0,0,0,0,0,0,0,0,0,0,3,5,3,9,0,0,0,0,21,0,0,0,4,6,4,5,0,0,16,0,6,8,13,14,5,10,0,0,62,0,3,3,0,0,0,0,0,0,11,0,0,0,3,0,4,0,0,0,8,0,8,13,12,13,9,9,0,0,80,0,0,0,0,0,0,0,0,0,0,0,5,7,6,12,6,3,0,0,40,0,11,25,36,30,24,20,7,5,154,0,0,4,0,0,0,0,0,0,4,0,0,6,4,0,0,0,0,0,4,0,0,10,14,8,5,3,0,0,43,0,0,8,5,7,9,0,0,0,23,0,0,11,5,4,3,6,0,0,25,0,0,0,0,0,0,0,0,0,0,0,0,0,0,0,0,0,0,0,5
LGA54830,146,285,678,556,345,209,177,102,29,2521,255,849,2759,2275,1541,988,607,313,65,9656,0,8,98,261,70,45,29,6,0,511,0,0,29,46,28,23,13,4,0,144,0,99,447,659,316,130,66,22,4,1737,3,58,301,350,297,148,78,32,8,1279,87,364,1165,1053,824,615,359,155,47,4665,70,97,91,40,23,17,10,5,0,352,6,12,34,53,49,32,22,17,0,216,165,469,1294,1142,892,653,392,168,49,5230,0,9,24,49,34,14,7,4,0,134,92,96,307,297,226,148,119,43,24,1359,268,742,2503,2797,1860,1162,699,277,87,10393,0,0,54,26,19,9,5,0,0,112,0,3,33,31,19,9,6,0,0,101,0,76,369,221,125,71,23,7,4,896,5,80,232,202,150,92,27,11,4,807,58,206,435,276,194,92,30,14,4,1306,26,55,83,36,25,13,0,0,0,246,8,26,59,66,50,27,24,4,0,269
LGA54900,0,0,6,15,7,16,9,4,0,60,5,10,58,63,41,46,28,6,0,248,0,0,3,0,4,0,0,0,0,3,0,0,0,0,0,0,0,0,0,0,0,0,3,9,7,4,0,0,0,26,0,0,0,8,3,5,0,0,0,22,5,9,35,24,22,19,10,10,0,134,4,0,6,0,0,0,0,0,0,3,0,0,0,0,0,6,0,0,0,6,5,11,31,31,26,21,7,9,0,145,0,0,0,0,0,0,0,0,0,0,4,3,4,12,10,19,9,0,0,57,15,16,44,52,51,46,20,8,0,258,0,0,0,0,0,0,0,0,0,0,0,0,7,3,3,0,0,0,0,16,0,4,23,22,11,14,4,0,0,78,0,0,8,8,11,3,3,0,0,43,0,5,11,11,7,4,0,0,0,35,0,0,0,0,0,0,0,0,0,7,0,0,0,0,5,0,0,0,0,15
LGA54970,3,11,53,27,39,23,5,3,0,165,9,32,165,82,102,65,15,9,0,465,0,0,0,4,5,0,0,0,0,5,0,0,3,0,0,0,0,0,0,4,0,3,15,7,9,4,0,0,0,35,0,0,5,9,10,3,0,0,0,36,0,10,36,29,14,28,10,0,0,125,0,0,8,0,0,0,0,0,0,5,0,0,0,0,0,0,0,0,0,7,4,10,39,33,22,27,10,0,0,139,0,0,0,0,0,0,0,0,0,0,5,27,99,82,80,56,10,0,0,367,10,40,163,133,121,90,25,6,0,590,0,0,0,0,0,0,0,0,0,3,0,0,0,0,0,0,0,0,0,0,0,0,13,4,8,6,0,0,0,29,0,0,6,3,4,0,0,0,0,13,6,5,11,6,3,0,3,0,0,21,0,6,0,0,0,0,0,0,0,10,0,0,4,0,0,3,0,0,0,9
LGA55040,5,18,69,56,52,20,7,4,0,230,7,30,178,112,108,56,23,3,3,519,0,0,0,3,4,0,0,0,0,8,0,0,0,0,0,0,0,0,0,0,0,4,8,4,8,3,0,0,0,34,0,4,14,11,3,6,3,0,0,33,0,14,48,42,30,24,13,0,0,173,4,4,3,4,0,0,0,0,0,18,0,0,0,0,0,3,0,0,0,4,3,18,52,45,29,28,13,0,0,190,0,0,0,0,4,0,0,0,0,4,4,45,112,74,48,37,10,7,0,351,10,77,193,136,95,72,31,8,0,623,0,0,4,0,0,0,0,0,0,4,0,0,4,0,0,0,0,0,0,4,0,12,21,16,16,0,0,0,0,63,0,5,12,15,11,5,0,0,0,48,0,8,16,13,10,0,0,0,0,44,4,0,7,0,0,0,0,0,0,18,0,0,0,0,0,0,0,0,0,5
LGA55110,176,178,408,412,468,440,519,416,199,3208,457,1049,2840,3047,3427,3034,2886,1721,512,18973,0,10,47,139,143,152,129,50,3,682,0,0,24,45,65,78,75,30,8,322,0,107,347,431,423,409,442,187,42,2384,18,81,259,423,490,571,548,325,59,2767,181,557,1659,1620,1783,1907,1741,986,221,10658,147,122,94,45,33,37,29,15,4,525,10,22,45,54,67,80,107,83,26,496,336,702,1795,1725,1884,2025,1873,1084,249,11680,4,5,18,35,27,34,65,46,21,263,139,182,414,491,514,451,425,383,220,3209,496,1085,2909,3285,3556,3711,3555,2104,598,21304,0,4,42,70,49,21,14,9,0,213,0,4,45,96,96,59,24,11,0,331,5,137,537,532,429,316,197,98,15,2262,36,133,338,526,532,384,263,99,25,2339,157,410,642,666,659,433,194,73,13,3251,51,82,116,90,76,50,17,11,0,501,19,38,114,112,137,132,99,22,9,682
LGA55180,44,21,53,60,77,78,71,56,14,468,72,118,256,289,383,410,282,145,25,1985,0,0,3,13,14,6,5,9,0,44,0,0,3,9,7,9,8,0,0,27,0,3,43,37,31,54,40,25,3,247,0,0,19,23,33,55,32,12,3,187,23,60,146,129,181,189,136,62,12,942,16,18,18,3,3,5,3,0,0,61,0,0,6,3,12,23,14,7,3,69,36,78,177,135,194,221,147,64,17,1073,0,0,6,0,6,4,6,5,0,29,24,19,45,44,74,62,65,47,17,397,64,105,287,259,369,414,307,153,46,2008,0,0,3,8,5,9,0,0,0,27,0,0,12,19,10,15,3,4,0,62,0,14,67,72,56,57,20,3,0,289,0,11,26,68,73,62,26,13,0,287,15,44,62,88,80,52,18,3,3,362,7,11,12,15,17,7,4,0,0,78,3,5,8,17,28,15,4,0,0,90
LGA55250,9,14,46,28,20,19,11,3,0,145,9,19,108,66,58,41,19,3,0,332,0,0,4,3,0,0,0,0,0,10,0,0,0,0,0,0,0,0,0,0,0,4,16,3,0,0,0,0,0,28,0,0,6,3,5,4,4,0,0,27,0,10,39,21,12,25,6,0,0,115,0,0,0,0,0,0,0,0,0,6,0,0,0,3,0,0,0,0,0,5,0,10,41,29,17,25,8,0,0,127,0,0,0,0,0,0,0,0,0,0,13,25,58,33,29,24,10,5,0,195,17,40,126,70,54,57,18,10,0,389,0,0,3,0,0,0,0,0,0,3,0,0,4,0,0,0,0,0,0,7,0,11,17,5,4,3,0,0,0,43,0,0,0,5,0,3,0,0,0,12,0,7,10,4,11,10,0,0,0,36,0,0,0,5,0,0,0,0,0,5,0,0,0,3,0,0,0,0,0,3
LGA55320,134,183,415,326,392,365,311,301,233,2667,327,1678,4569,4860,5107,4653,3295,1676,733,26896,0,59,542,935,927,702,574,221,49,4002,0,3,160,236,262,275,189,59,15,1194,0,645,1943,2228,1880,1439,1190,540,147,10014,16,163,403,608,771,683,713,369,130,3856,163,386,985,993,1107,1228,976,567,219,6614,103,102,44,44,32,23,33,10,8,394,7,28,35,64,91,107,107,64,23,532,280,517,1067,1100,1229,1358,1114,639,240,7540,9,17,39,45,61,65,60,64,25,381,96,125,310,348,347,331,297,220,170,2244,395,1517,4460,5500,5479,4853,4129,2116,777,29236,0,39,384,478,441,260,78,17,3,1694,0,45,236,393,343,256,68,25,0,1371,12,963,2177,2162,1728,1165,479,216,63,8957,53,232,536,845,1193,892,482,234,78,4557,117,313,436,504,509,339,132,107,37,2492,40,57,60,74,90,63,25,15,7,420,6,40,95,147,201,174,99,59,16,842
LGA55390,0,3,16,9,13,8,4,0,0,59,0,18,46,30,41,24,9,0,0,167,0,0,0,0,0,0,0,0,0,4,0,0,0,0,0,0,0,0,0,0,0,3,3,4,0,4,0,0,0,16,0,0,3,3,3,3,4,0,0,17,0,4,26,23,21,5,6,0,0,82,0,6,3,0,0,0,0,0,0,11,0,0,0,0,0,0,0,0,0,0,0,8,32,21,21,9,6,0,0,102,0,0,0,0,0,0,0,0,0,0,4,16,40,37,19,11,14,4,0,142,3,32,83,72,45,25,18,5,0,280,0,0,0,0,0,0,0,0,0,3,0,0,5,0,0,0,0,0,0,5,0,0,4,0,0,4,0,0,0,8,0,0,0,0,0,0,0,0,0,3,0,0,0,0,0,0,0,0,0,4,0,0,0,0,0,0,0,0,0,0,0,0,0,0,0,0,0,0,0,0
LGA55460,18,27,13,21,23,28,24,13,6,176,31,77,120,105,126,127,61,27,9,688,0,0,7,3,9,5,5,0,0,31,0,0,5,0,5,0,0,0,0,8,0,4,13,17,15,15,5,0,0,64,0,0,8,16,9,7,6,0,0,43,3,28,70,56,51,63,36,17,3,324,4,5,6,5,0,0,0,0,0,19,0,0,0,0,6,7,6,0,0,13,8,34,78,56,59,66,42,17,3,361,0,0,0,0,0,0,0,0,0,4,14,14,36,36,26,26,27,20,6,206,21,53,133,124,120,126,90,39,13,722,0,0,3,0,4,0,0,0,0,7,0,0,3,10,0,3,0,0,0,20,0,15,38,27,22,14,10,0,0,125,0,6,9,16,21,15,4,4,0,88,0,7,24,22,19,9,4,3,0,95,4,8,15,4,0,4,0,0,0,33,0,0,7,8,5,5,0,0,0,34
LGA55530,0,0,3,0,3,8,3,0,0,25,0,5,30,18,14,20,9,0,0,94,0,0,0,4,0,0,0,0,0,4,0,0,0,0,0,0,0,0,0,0,0,0,0,0,4,3,0,0,0,8,0,0,0,0,0,0,0,0,0,3,0,5,12,8,4,4,6,0,0,34,0,0,0,0,0,0,0,0,0,0,0,0,0,3,0,0,0,0,0,7,0,5,12,9,3,4,9,0,0,37,0,0,0,0,0,0,0,0,0,0,0,3,0,0,4,10,9,8,3,38,0,7,8,15,12,23,19,8,3,95,0,0,0,0,0,0,0,0,0,0,0,0,0,0,0,0,0,0,0,3,0,0,5,4,0,0,0,0,0,16,0,0,0,0,6,8,0,0,0,12,0,3,3,0,8,0,0,0,0,14,0,0,0,0,0,0,0,0,0,3,0,0,0,0,0,0,0,0,0,5
LGA55600,12,4,17,22,24,21,12,13,0,127,19,38,74,94,94,84,51,24,7,470,0,0,0,0,0,0,0,0,0,6,0,0,0,0,0,0,0,0,0,3,0,0,6,12,14,7,4,4,0,50,0,0,0,6,5,3,6,3,0,28,3,18,39,33,40,39,31,5,0,217,0,3,0,0,4,0,0,0,0,6,0,0,0,0,5,0,0,0,0,11,0,21,43,34,45,44,33,5,0,233,0,0,0,0,0,0,0,0,0,7,14,13,26,16,22,29,15,17,0,142,18,28,81,73,91,78,58,31,3,464,0,0,3,3,5,0,0,0,0,14,0,0,0,4,3,3,4,0,0,17,0,4,41,23,18,13,9,0,0,104,0,3,7,13,12,11,3,3,0,48,0,19,12,19,11,17,0,0,0,81,0,6,11,0,0,6,0,0,0,21,0,9,0,9,0,5,0,0,0,25
LGA55670,0,3,6,3,7,13,0,4,0,42,7,13,19,23,18,32,9,15,4,140,0,0,0,0,0,0,0,0,0,0,0,0,0,0,0,0,0,0,0,3,0,0,0,3,3,0,0,0,0,8,0,0,0,0,0,7,0,0,0,8,0,0,11,7,15,8,8,3,0,52,0,0,0,0,0,0,0,0,0,4,0,0,0,0,0,0,4,0,0,3,0,0,11,8,14,10,16,3,0,64,0,0,0,0,0,0,0,0,0,0,11,6,7,3,4,6,10,5,3,51,11,8,20,19,26,17,25,10,3,138,0,0,0,0,0,0,0,0,0,0,0,0,0,0,0,5,0,0,0,7,0,4,12,8,6,6,0,0,0,37,0,0,0,15,3,4,0,0,0,32,0,0,10,5,6,0,0,0,0,22,0,0,0,0,0,0,0,0,0,6,0,0,0,0,3,0,0,0,0,7
LGA55740,12,11,65,46,60,57,61,41,28,372,22,95,443,443,518,406,349,140,56,2481,0,11,69,116,129,103,62,23,9,518,0,0,9,30,26,19,18,6,0,113,0,63,189,205,223,180,150,70,11,1098,0,16,37,51,59,39,58,36,5,297,9,28,51,47,54,58,55,33,18,348,0,0,0,6,0,0,0,0,0,12,0,0,0,0,4,3,8,6,0,26,7,32,57,54,62,60,64,41,12,388,0,3,3,0,5,4,8,4,0,36,12,15,44,45,44,46,33,32,10,270,21,135,412,503,543,457,390,203,52,2725,0,0,59,63,72,39,15,0,0,249,0,4,32,36,46,27,13,3,0,155,0,89,255,227,190,104,74,36,13,979,0,18,56,62,92,84,47,16,9,397,3,23,29,21,23,22,7,8,0,135,3,6,5,0,3,3,3,0,0,24,0,3,3,18,10,14,11,9,0,65
LGA55810,9,0,12,10,16,13,16,0,0,70,6,0,20,18,26,25,29,0,0,128,0,0,0,0,4,0,0,0,0,0,0,0,0,0,0,0,0,0,0,0,0,0,0,0,5,0,0,0,0,11,0,0,0,4,3,0,0,0,0,9,0,3,10,3,5,15,3,6,0,48,0,0,0,0,0,0,0,0,0,3,0,0,0,0,0,0,0,0,0,0,0,3,12,3,9,15,8,6,0,58,0,0,0,0,0,0,0,0,0,0,3,12,26,26,40,21,20,9,0,146,3,15,34,36,53,39,24,13,3,223,0,0,0,0,0,0,0,0,0,0,0,0,0,0,3,0,0,0,0,4,0,3,8,8,6,3,0,0,0,22,0,0,0,0,0,0,0,0,0,7,0,5,5,0,0,0,0,0,0,10,0,0,0,0,0,0,0,0,0,0,0,0,0,0,0,0,0,0,0,0
LGA55880,0,0,6,9,3,0,3,0,0,27,0,5,16,19,16,13,10,0,0,83,0,0,0,0,6,0,0,0,0,6,0,0,0,0,0,0,0,0,0,0,0,0,0,4,0,3,0,0,0,6,0,0,0,0,0,0,0,0,0,9,0,0,6,10,7,3,9,0,0,35,0,0,3,0,0,0,0,0,0,6,0,0,0,0,3,0,0,0,0,3,0,4,8,6,10,6,9,0,0,44,0,0,0,0,0,0,0,0,0,0,0,0,3,0,7,4,0,0,4,25,5,4,10,16,23,17,7,3,5,90,0,0,0,0,0,0,0,0,0,0,0,0,0,0,0,0,0,0,0,0,0,4,12,4,6,0,6,0,0,18,0,0,4,5,0,0,0,0,0,12,0,0,7,3,5,4,0,0,0,14,0,5,0,0,0,0,0,0,0,7,0,0,0,3,0,0,0,0,0,5
LGA55950,0,0,5,8,3,3,5,0,3,23,3,4,30,29,15,17,7,0,0,104,0,0,0,4,0,0,0,0,0,4,0,0,0,0,0,0,0,0,0,4,0,0,0,6,3,0,3,0,0,10,0,0,0,0,3,0,0,0,0,8,5,9,13,8,13,4,5,0,5,56,0,0,0,0,0,0,0,0,0,4,0,0,0,0,0,0,0,0,0,0,3,9,13,8,8,11,5,0,5,59,0,0,0,0,0,0,0,0,0,0,9,0,3,0,6,3,0,6,0,26,8,7,19,18,21,16,8,6,3,108,0,0,0,0,0,0,0,0,0,0,0,0,0,0,0,0,0,0,0,4,0,0,0,5,3,0,0,0,0,16,0,0,0,0,7,4,5,0,0,11,0,4,6,3,3,0,0,0,0,17,0,0,0,0,0,0,0,0,0,4,0,0,0,0,0,0,0,0,0,0
LGA56090,118,315,800,694,485,285,218,131,55,3094,225,770,1836,2068,2254,1939,1441,560,147,11235,0,3,45,102,115,115,103,53,7,539,0,0,30,53,69,73,39,22,0,273,0,62,234,348,393,301,253,98,11,1706,0,41,108,199,284,287,263,124,14,1328,75,245,783,735,825,871,672,300,57,4559,49,50,39,29,18,3,14,0,0,200,3,6,19,35,41,50,48,36,3,225,129,300,844,791,880,925,727,333,56,4986,0,4,19,16,13,19,19,19,9,122,58,42,146,190,187,210,111,111,75,1118,197,455,1421,1699,1947,1922,1511,753,173,10073,0,0,28,91,80,75,25,0,0,307,0,5,32,83,107,67,23,7,0,332,0,96,320,516,425,352,160,45,13,1925,11,62,163,333,415,301,156,44,5,1500,73,177,258,325,337,193,63,22,10,1455,33,20,43,46,47,43,8,0,0,237,6,18,42,67,97,82,42,7,0,366
LGA56160,0,3,7,4,11,3,0,0,0,34,4,8,7,5,13,9,0,0,0,44,0,0,0,0,0,0,0,0,0,0,0,0,0,0,0,0,0,0,0,0,0,0,0,0,0,0,0,0,0,3,0,0,0,0,3,0,0,0,0,9,0,0,5,0,0,0,0,0,0,9,0,0,0,0,0,0,0,0,0,0,0,0,0,0,0,0,0,0,0,0,0,0,5,0,0,0,0,0,0,6,0,0,0,0,0,0,0,0,0,0,0,0,0,0,0,0,0,0,0,3,0,0,5,5,6,0,0,0,0,18,0,0,0,0,0,0,0,0,0,0,0,0,0,0,0,0,0,0,0,0,0,0,0,0,0,0,0,0,0,3,0,0,0,0,0,0,0,0,0,4,0,0,0,0,0,0,0,0,0,0,0,0,0,0,0,0,0,0,0,0,0,0,0,0,0,0,0,0,0,0
LGA56230,50,35,82,107,125,136,139,101,30,807,89,205,506,588,695,663,614,325,78,3753,0,0,6,11,11,8,21,3,0,70,0,0,3,3,9,8,11,0,0,38,0,16,41,40,50,56,62,26,6,294,9,7,33,46,94,99,79,38,7,418,41,119,345,385,388,429,348,156,53,2270,28,32,19,10,13,11,6,3,0,116,5,0,11,19,16,22,20,9,4,108,70,154,376,408,418,461,374,169,59,2494,5,0,4,5,3,7,14,14,3,49,47,38,90,128,123,106,122,99,35,788,123,208,553,643,709,745,684,364,111,4143,0,0,5,0,12,13,4,0,0,34,0,0,9,22,9,13,4,0,0,58,0,22,70,99,61,57,41,12,4,366,4,19,47,76,82,85,42,13,0,381,20,59,142,144,143,63,26,10,0,614,11,19,18,17,19,6,8,0,0,91,5,9,20,31,20,14,24,0,0,124
LGA56300,0,0,3,11,15,12,18,8,0,71,4,15,15,42,62,71,81,23,3,315,0,0,0,0,5,3,0,3,0,14,0,0,0,0,3,0,4,0,0,6,0,0,3,6,7,6,17,0,0,51,0,0,3,7,7,10,17,8,0,47,0,5,9,30,16,44,50,15,3,177,0,0,0,0,0,0,0,0,0,5,0,0,0,0,0,0,3,7,0,7,0,5,17,34,16,48,56,19,4,191,0,0,0,0,0,0,0,0,0,8,8,0,8,15,21,18,22,13,0,107,9,5,25,68,59,79,114,45,8,417,0,0,0,0,0,6,0,0,0,8,0,0,0,0,0,4,0,0,0,10,0,0,5,10,15,21,12,0,0,64,0,4,3,12,11,24,8,0,0,65,0,0,7,5,13,12,0,0,0,46,0,0,3,3,4,0,0,0,0,12,0,0,0,4,0,0,0,0,0,16
LGA56370,0,0,4,0,6,6,11,5,6,36,0,3,25,15,17,19,15,3,4,111,0,0,0,0,0,0,0,0,0,0,0,0,0,0,0,0,0,0,0,0,0,0,4,7,5,0,0,0,0,9,0,0,0,0,0,3,0,0,0,10,0,8,12,11,12,3,4,3,0,50,0,0,0,0,0,0,0,0,0,3,0,0,0,0,0,0,0,0,0,4,0,5,12,11,13,3,4,0,0,55,0,0,0,0,0,0,0,0,0,0,0,5,10,3,8,16,8,11,3,74,4,14,30,23,24,21,12,10,3,144,0,0,0,0,0,0,0,0,0,0,0,0,0,0,0,0,0,0,0,0,0,4,10,6,9,0,5,0,0,31,0,0,0,0,6,9,6,4,4,24,0,0,7,3,0,0,3,0,0,18,0,0,0,0,0,3,0,0,0,3,0,0,6,0,0,0,0,0,0,6
LGA56460,41,14,37,40,43,48,52,27,6,296,62,80,175,182,192,192,140,70,21,1116,0,0,8,4,4,6,3,0,0,23,0,0,0,0,3,11,8,0,0,18,0,10,34,27,28,23,17,9,0,146,0,0,9,10,27,16,14,7,4,92,11,33,106,62,69,67,70,31,5,463,6,10,0,0,0,0,0,0,0,24,0,0,0,0,0,8,5,0,0,16,22,37,111,65,80,84,74,31,6,502,0,0,0,0,0,0,0,0,0,6,26,17,35,38,41,41,48,31,17,285,48,71,192,149,183,172,164,71,27,1077,0,0,8,8,0,4,0,0,0,20,0,0,9,13,11,5,0,0,0,41,0,22,52,47,53,17,17,3,0,206,0,0,14,35,43,24,17,4,0,139,17,28,55,32,35,25,10,5,0,204,14,11,13,7,5,0,3,0,0,49,0,0,0,13,5,8,4,0,0,30
LGA56580,36,34,67,73,94,87,62,41,31,519,63,386,764,1004,1334,1130,852,390,120,6041,0,27,173,295,390,355,278,157,44,1730,0,0,38,52,78,65,34,18,8,287,0,266,416,475,640,513,461,187,57,3019,4,23,43,69,104,108,103,67,20,536,25,44,93,67,83,72,63,51,18,522,13,8,5,3,0,5,5,0,0,38,0,3,5,8,9,6,17,9,0,56,37,46,104,82,95,81,83,63,18,618,3,3,13,9,6,8,12,14,6,78,16,22,52,58,52,41,74,47,33,391,66,389,835,1039,1363,1170,1041,555,189,6653,0,9,94,212,231,153,50,16,0,770,0,4,38,77,118,77,47,10,6,376,0,251,410,595,588,428,199,105,30,2604,5,18,53,128,253,216,132,77,25,907,15,26,36,50,55,39,12,9,0,244,0,3,5,6,10,12,8,0,0,54,0,0,6,12,35,32,22,10,5,122
LGA56620,23,22,41,36,21,14,13,0,0,177,25,31,63,53,36,29,21,0,0,257,0,0,0,0,0,3,0,0,0,0,0,0,0,0,0,0,0,0,0,0,0,0,10,10,4,4,0,0,0,27,0,0,3,0,0,3,0,0,0,5,0,0,4,6,5,3,7,0,0,24,0,0,0,0,0,0,0,0,0,0,0,0,0,3,0,0,0,0,0,0,0,0,4,10,5,3,7,0,0,28,0,0,0,0,0,0,0,0,0,0,9,8,12,8,12,18,4,0,0,67,9,10,28,27,18,29,7,0,0,129,0,0,0,0,0,0,0,0,0,9,0,0,0,0,0,0,0,0,0,0,0,3,6,3,9,14,0,0,0,31,0,0,6,0,3,3,0,0,0,12,0,0,0,0,9,5,0,0,0,16,0,0,6,3,5,0,0,0,0,8,0,4,0,0,0,0,0,0,0,11
LGA56730,34,93,258,188,144,126,97,55,26,1024,64,213,525,468,475,485,338,149,38,2752,0,0,6,15,12,15,6,5,0,61,0,0,3,10,7,10,13,0,0,39,0,12,31,41,40,41,34,10,5,207,0,0,22,40,41,44,36,16,0,198,18,63,198,164,204,238,188,56,16,1139,20,12,16,9,4,6,4,0,0,66,3,0,6,5,13,15,18,7,0,74,35,79,213,180,225,258,212,63,13,1278,0,0,3,3,4,3,7,0,0,15,41,66,193,175,136,120,98,59,18,903,83,159,469,457,454,492,403,154,37,2709,0,0,3,4,11,12,7,0,0,34,0,0,12,8,8,7,3,0,0,49,0,20,72,68,55,58,29,10,5,311,0,9,29,54,74,60,31,13,5,270,22,41,108,104,70,61,21,3,0,440,4,9,24,20,16,6,3,3,0,84,0,0,18,25,17,16,4,0,0,93
LGA56790,10,10,16,23,33,57,42,27,15,233,8,37,69,94,147,212,157,59,16,812,0,0,0,0,0,5,5,0,0,8,0,0,0,0,0,4,0,0,0,4,0,0,9,9,16,15,8,3,0,66,0,0,4,7,12,12,19,3,0,62,0,14,38,47,63,87,96,33,3,388,3,0,0,0,0,6,0,0,0,10,0,0,0,0,0,6,5,4,3,19,8,18,42,51,69,95,103,34,9,417,0,0,0,0,0,3,0,4,0,4,10,11,23,30,41,43,55,22,4,236,17,32,78,95,141,165,187,69,16,800,0,0,0,4,7,0,0,0,0,4,0,0,3,0,4,4,0,0,0,10,0,0,21,28,14,15,15,3,5,101,0,0,12,20,32,21,11,3,3,102,4,3,16,35,31,16,12,0,0,119,3,0,7,5,3,5,0,0,0,22,0,0,4,3,8,3,8,0,0,28
LGA56860,0,0,0,0,6,0,0,0,4,12,3,0,3,4,7,7,9,6,3,44,0,0,0,0,0,0,0,0,0,0,0,0,0,0,0,0,0,0,0,0,0,0,0,0,0,0,0,0,0,0,0,0,0,0,3,0,0,0,0,3,5,3,7,3,0,3,0,0,0,16,0,0,0,0,0,0,0,0,0,4,0,0,0,0,0,0,0,0,0,0,5,3,7,8,0,3,5,0,0,21,0,0,0,0,0,0,0,0,0,0,0,7,3,4,3,6,8,0,0,31,5,7,9,11,8,11,12,5,0,61,0,0,0,0,0,0,0,0,0,0,0,0,0,0,0,0,0,0,0,0,0,0,5,4,0,0,0,0,0,8,0,0,0,0,4,4,0,0,0,9,0,0,0,4,0,0,0,0,0,5,0,0,0,0,0,0,0,0,0,0,0,0,0,0,3,0,0,0,0,4
LGA56930,4,3,9,5,7,9,11,3,0,51,4,35,47,49,89,90,57,38,11,420,0,0,8,14,19,21,13,4,7,87,0,0,0,0,0,0,0,0,0,4,0,18,21,18,48,46,37,15,3,214,0,0,3,11,7,13,6,8,0,44,0,0,10,0,3,7,7,4,0,31,0,0,0,0,0,0,0,0,0,0,0,0,0,0,0,0,0,0,0,4,0,0,10,0,4,11,7,4,0,33,0,0,0,0,0,4,0,7,0,6,0,0,7,4,0,6,5,4,4,30,5,20,48,50,83,98,76,38,10,422,0,0,9,4,16,14,0,0,0,44,0,0,8,7,8,6,0,0,0,26,0,18,29,30,39,31,14,9,0,172,0,0,6,7,14,16,10,9,4,62,0,5,9,4,5,4,0,0,0,24,0,0,0,0,0,0,0,0,0,3,0,0,0,0,3,3,0,0,0,11
LGA57000,0,0,13,10,6,7,3,0,0,52,4,15,66,35,42,31,11,4,0,202,0,0,0,0,3,0,0,0,0,9,0,0,0,0,0,0,0,0,0,0,0,0,7,4,0,6,0,0,0,16,0,0,0,0,8,4,0,0,0,12,6,6,16,10,9,12,4,0,0,63,0,0,0,0,0,0,0,0,0,3,0,0,0,0,0,0,0,0,0,0,6,3,10,10,14,12,4,0,0,64,0,0,0,0,0,0,0,0,0,0,5,7,21,25,21,23,11,3,3,126,9,12,40,46,45,48,14,10,4,223,0,0,0,0,0,0,0,0,0,0,0,0,0,0,0,0,0,0,0,3,0,0,20,5,5,0,0,0,0,32,0,0,0,4,6,6,0,0,0,20,0,4,6,0,5,3,0,0,0,20,0,0,3,0,0,0,0,0,0,7,0,0,0,0,0,0,0,0,0,3
LGA57080,56,250,761,323,223,207,143,73,16,2052,97,981,3911,1662,975,890,594,242,52,9415,0,44,842,568,217,179,131,57,3,2046,0,18,92,82,41,41,34,7,0,308,0,465,1582,889,382,309,224,94,26,3981,0,154,315,234,125,149,106,57,17,1154,35,147,409,258,186,195,122,43,11,1390,32,31,41,11,7,6,0,0,0,136,0,14,27,20,15,13,14,6,0,104,63,190,481,294,207,219,133,51,11,1635,7,12,31,30,9,14,11,16,6,139,53,193,536,366,223,163,112,57,20,1713,127,1067,3881,2460,1206,1069,750,336,76,10981,0,16,421,154,72,62,19,13,0,764,0,9,86,34,35,33,11,10,0,224,0,355,1216,271,187,163,71,18,6,2301,6,125,219,101,109,91,55,19,5,732,28,82,112,41,50,48,18,7,0,377,5,16,9,7,5,6,7,0,0,50,3,12,29,5,19,15,9,0,3,97
LGA57140,7,7,6,8,11,18,15,6,3,80,15,12,18,23,38,54,45,18,3,217,0,0,0,0,0,3,0,0,0,7,0,0,0,0,0,0,0,0,0,0,0,0,0,3,0,4,0,0,0,15,0,0,0,0,0,5,6,0,0,21,0,12,9,15,17,19,19,3,0,102,5,0,0,0,0,0,0,0,0,5,0,0,0,3,0,0,5,0,0,7,4,11,13,19,16,22,21,3,0,116,0,0,0,0,0,0,0,0,0,0,0,0,0,6,9,7,5,4,0,45,4,19,18,33,28,44,39,17,0,205,0,0,0,0,0,0,0,0,0,3,0,0,0,0,0,0,0,0,0,5,0,0,10,7,5,5,3,6,0,31,0,0,4,3,5,7,6,3,0,28,0,3,4,6,9,6,5,0,0,41,0,0,3,0,0,0,0,0,0,8,0,0,0,5,0,3,0,0,0,12
LGA57210,19,14,46,56,66,52,59,30,8,348,36,58,145,198,218,238,193,85,22,1197,0,0,0,6,4,11,8,3,0,35,0,0,0,5,0,0,4,0,0,14,0,4,21,33,33,28,35,10,0,152,0,4,9,14,27,35,33,16,3,133,12,35,64,81,93,103,88,36,9,518,10,9,6,0,7,4,4,0,0,39,0,0,7,8,5,10,8,3,0,37,23,45,72,88,96,116,100,37,9,592,0,0,0,3,0,0,4,0,0,9,21,14,19,44,58,50,45,33,14,292,44,58,114,189,223,240,237,103,27,1226,0,0,5,9,0,0,0,0,0,14,0,0,8,4,13,6,0,0,0,35,0,4,31,42,25,43,20,9,0,177,0,3,24,23,48,35,26,11,0,163,8,18,30,41,43,37,14,0,4,202,5,0,7,7,3,3,0,0,0,32,0,0,7,11,14,9,7,0,0,47
LGA57280,64,78,292,237,221,163,50,17,9,1133,89,231,1301,1057,835,506,109,33,16,4175,0,0,28,30,21,22,6,0,0,109,0,3,13,22,9,8,0,0,0,49,0,6,107,124,49,38,7,0,0,337,0,3,79,133,86,68,23,3,0,396,19,100,599,597,392,286,72,15,0,2088,13,17,18,13,6,5,3,0,0,81,0,7,15,19,10,15,4,0,0,74,36,125,635,628,411,303,75,15,0,2241,4,0,5,8,5,8,0,0,0,32,76,91,277,257,216,190,51,17,7,1188,117,231,1143,1207,799,636,166,35,5,4348,0,0,22,17,9,5,0,0,0,66,0,0,32,22,12,7,0,0,0,77,0,50,273,159,78,35,11,0,0,604,5,37,131,104,90,26,0,0,0,405,21,104,189,106,80,25,4,0,0,535,15,22,38,23,9,4,0,0,0,110,4,10,25,21,15,7,0,0,0,81
LGA57350,4,0,8,5,7,17,12,4,4,74,6,3,31,14,40,52,38,16,3,193,0,0,0,0,0,0,0,0,0,0,0,0,0,0,0,0,0,0,0,0,0,0,0,5,0,3,4,0,0,11,0,0,0,0,4,5,8,3,0,18,0,5,11,6,7,12,11,4,0,71,0,0,0,0,0,0,0,0,0,5,0,0,0,0,0,0,0,0,0,6,0,4,17,5,9,16,16,4,0,83,0,0,0,0,0,0,0,0,0,0,4,5,8,9,26,14,34,10,5,110,9,9,21,24,39,40,60,19,6,224,0,0,0,0,0,0,0,0,0,0,0,0,3,4,0,0,0,0,0,7,0,0,9,14,4,4,5,0,0,38,0,0,0,0,9,3,5,3,0,23,0,0,0,6,9,6,6,4,0,34,0,0,0,4,0,0,0,0,0,3,0,0,0,0,0,0,0,0,0,6
LGA57420,3,5,23,22,19,22,23,11,4,129,5,16,75,85,66,93,73,13,7,434,0,0,0,7,0,0,0,0,0,12,0,0,0,0,3,0,0,0,0,8,0,0,19,13,12,6,0,6,0,59,0,0,7,7,11,10,11,3,0,57,0,14,50,42,42,46,23,8,0,239,0,3,4,0,3,0,0,0,0,8,0,0,0,0,0,0,6,0,0,10,3,11,54,46,49,52,25,8,0,253,0,0,0,0,0,0,0,0,0,0,0,9,19,20,31,29,17,6,0,130,4,28,107,89,105,98,62,29,0,522,0,0,0,4,0,0,4,0,0,8,0,0,3,0,0,3,0,0,0,7,0,7,26,17,17,7,7,4,0,80,0,0,10,13,18,10,12,0,0,67,0,9,31,23,11,5,3,0,0,82,0,4,3,3,0,0,0,0,0,12,0,0,6,3,3,7,0,0,0,22
LGA57490,384,487,1010,819,817,609,510,403,167,5211,861,2265,6119,6041,5987,4018,2655,1354,389,29688,0,8,120,229,243,177,85,55,5,917,0,3,73,98,112,98,66,14,8,476,0,180,662,862,744,450,314,118,25,3350,19,142,608,979,1032,874,459,157,46,4324,328,1091,3503,3163,3085,2711,1598,879,193,16559,241,253,208,72,60,44,24,6,0,903,26,47,101,122,141,120,122,61,11,755,593,1392,3805,3358,3286,2878,1750,951,202,18216,27,21,37,53,66,63,49,31,9,356,249,430,888,915,796,613,356,339,174,4765,886,2183,6189,6493,6285,5154,3074,1673,468,32406,0,0,83,109,97,50,18,4,0,368,0,14,113,155,126,63,14,3,0,498,4,237,995,983,617,333,157,66,16,3405,50,228,745,962,802,404,216,59,15,3485,280,751,1311,1312,947,413,145,57,16,5236,110,170,219,157,132,63,25,4,3,882,36,86,175,241,213,131,64,26,3,978
LGA57630,0,0,0,3,3,0,0,0,0,5,0,0,0,3,3,4,3,0,0,22,0,0,0,0,0,0,0,0,0,0,0,0,0,0,0,0,0,0,0,0,0,0,0,3,0,0,0,0,0,7,0,0,0,0,0,0,0,0,0,0,0,0,0,0,0,3,0,3,0,6,0,0,0,0,0,0,0,0,0,0,0,0,0,0,0,0,0,0,0,0,0,0,0,0,0,5,0,3,0,11,0,0,0,0,0,0,0,0,0,0,0,4,5,5,5,3,3,3,0,34,0,4,9,12,4,12,8,9,0,48,0,0,0,0,0,0,0,0,0,0,0,0,0,0,0,0,0,0,0,0,0,0,0,0,0,0,0,0,0,3,0,0,0,3,0,0,0,0,0,0,0,0,0,0,4,0,0,0,0,4,0,0,0,0,0,0,0,0,0,0,0,0,0,0,0,0,0,0,0,0
LGA57700,81,68,243,245,235,144,89,48,18,1170,176,481,1581,1295,1288,855,497,168,42,6388,0,5,25,78,51,35,17,3,0,220,0,0,16,25,28,22,8,3,0,102,0,38,177,265,154,109,65,24,7,833,5,30,143,233,197,144,78,38,5,862,80,274,1001,854,694,589,346,118,23,3980,44,44,33,23,7,9,0,0,0,172,8,8,23,26,39,28,20,12,0,163,128,337,1059,903,739,624,372,133,26,4311,0,10,11,26,18,14,7,3,4,88,55,53,163,169,167,124,65,43,14,854,191,467,1578,1696,1353,1079,616,242,56,7274,0,0,16,18,15,13,3,0,0,69,0,3,13,31,26,5,11,0,0,95,0,38,139,165,118,70,33,7,0,573,11,61,114,154,130,87,31,9,0,605,53,140,211,209,153,80,26,6,0,874,18,19,33,32,23,11,7,0,0,141,9,6,29,43,35,33,15,4,0,171
LGA57770,0,8,9,11,15,6,12,3,3,65,3,10,44,54,46,46,47,10,3,262,0,0,3,3,0,0,0,0,0,12,0,0,0,0,0,0,0,0,0,3,0,3,17,15,0,7,0,0,0,43,0,0,7,3,4,7,5,3,0,36,0,3,18,24,20,25,19,7,0,125,0,0,0,0,0,3,0,0,0,5,0,0,0,0,0,0,0,0,0,3,0,3,18,24,21,30,19,9,0,133,0,0,0,0,0,0,0,0,0,0,4,0,10,13,18,13,11,12,0,76,3,10,57,56,44,60,39,17,0,295,0,0,4,0,0,0,0,0,0,4,0,0,0,0,0,3,0,0,0,6,0,0,10,3,5,7,0,0,0,30,0,3,11,12,0,9,0,0,0,31,0,6,6,9,6,8,4,0,0,37,3,0,0,4,0,0,0,0,0,7,0,0,0,3,3,0,0,0,0,8
LGA57840,81,124,313,241,203,182,176,131,100,1553,160,922,2988,2307,2028,1875,1290,525,238,12340,0,43,497,528,414,319,240,94,23,2164,0,6,104,116,118,97,94,16,0,544,0,387,1253,1044,804,661,542,199,50,4942,7,111,234,229,266,266,295,141,35,1581,85,164,444,347,308,376,321,145,54,2245,40,38,31,10,3,9,11,9,0,148,4,6,21,29,29,31,40,24,8,187,126,207,501,381,339,412,372,173,65,2579,6,15,19,19,23,18,24,22,10,154,46,97,239,166,158,151,139,134,128,1253,185,867,2853,2474,2125,1934,1698,785,309,13228,0,36,355,292,222,139,38,7,3,1090,0,17,148,154,145,92,35,10,0,612,0,524,1402,913,670,424,183,90,28,4227,14,157,335,303,415,343,168,76,33,1833,43,183,229,168,158,121,48,20,12,984,11,29,21,31,20,20,11,0,3,151,5,27,35,45,65,72,40,27,14,332
LGA57910,366,510,1788,1183,1027,844,734,635,396,7478,717,3399,15480,11715,9332,7363,4911,2900,1008,56826,0,139,1875,2092,1321,821,560,242,47,7096,0,23,436,487,481,384,214,89,14,2128,4,1173,5249,5008,3385,2317,1569,665,163,19535,35,490,1755,1921,1567,1253,1025,612,143,8801,291,965,3509,2954,2432,2421,1754,1068,396,15790,145,206,176,122,71,64,47,14,0,846,24,67,137,170,203,185,159,100,36,1072,461,1233,3825,3245,2713,2668,1951,1184,431,17707,8,33,143,171,130,83,111,72,25,783,218,426,1431,1268,914,718,582,535,321,6409,727,3515,14717,14194,10506,8230,6018,3392,1152,62454,0,73,1108,835,537,333,104,18,4,3010,0,59,592,656,529,327,94,23,7,2285,0,1507,5801,3755,2295,1511,676,291,72,15912,62,630,1745,1772,1619,1247,658,285,89,8116,202,911,1608,1143,981,634,257,158,51,5939,62,161,231,176,161,102,50,13,5,967,22,137,260,361,333,301,177,77,33,1702
LGA57980,24,26,120,100,76,89,96,69,38,646,47,268,1162,970,867,761,636,309,97,5112,0,25,274,312,235,189,167,78,17,1308,0,3,50,56,63,47,25,14,3,260,0,162,529,445,342,322,294,114,28,2240,0,21,61,68,91,73,105,63,15,502,13,36,106,81,74,79,62,47,12,509,16,9,10,6,6,3,0,0,0,48,3,0,7,10,14,21,10,7,4,69,23,47,120,93,92,104,77,53,16,632,0,0,7,9,9,9,11,13,0,57,14,28,72,59,71,62,97,65,35,496,41,282,1118,1054,895,809,778,403,104,5489,0,7,167,164,114,114,39,11,0,615,0,16,72,81,89,72,25,6,3,367,0,197,639,439,327,245,127,53,9,2032,5,26,88,114,132,127,82,34,7,614,5,29,61,37,33,33,18,16,0,230,0,7,8,12,14,5,5,0,0,48,0,8,11,18,24,28,14,10,3,105
LGA58050,383,363,839,779,829,636,464,309,142,4738,819,2266,6944,6261,5770,4155,2339,1031,282,29863,0,21,374,617,301,188,137,54,6,1697,0,9,114,170,141,118,52,16,7,627,0,367,1464,1666,1066,684,427,145,24,5843,21,219,968,1280,984,784,439,177,28,4904,363,1071,3658,3252,2832,2492,1462,590,120,15837,223,247,215,130,80,59,29,6,3,976,29,54,119,135,149,145,112,39,7,791,611,1376,3990,3521,3055,2687,1603,634,132,17613,11,36,68,99,83,48,51,29,6,421,248,311,875,853,777,586,378,254,144,4420,896,2332,7857,8206,6410,5095,3078,1306,346,35529,0,9,144,125,114,94,21,8,0,509,0,16,143,164,132,64,18,4,3,543,4,308,1232,1158,727,415,172,54,8,4078,58,296,840,1021,807,451,182,59,10,3735,219,634,1221,1067,790,401,105,37,5,4485,61,103,194,150,106,59,23,3,0,704,37,89,187,271,218,135,57,15,3,1005
LGA58190,0,0,6,5,8,8,4,0,0,27,0,6,12,11,12,12,11,0,0,71,0,0,0,0,0,0,0,0,0,0,0,0,0,0,0,0,0,0,0,0,0,0,0,0,0,5,0,0,0,10,0,0,3,0,5,0,0,0,0,10,0,3,8,0,7,3,0,6,0,29,4,0,0,0,0,0,0,0,0,0,0,0,0,0,0,0,0,0,0,0,4,4,8,0,7,3,0,6,0,35,0,0,0,0,0,0,0,0,0,0,0,0,3,0,3,11,5,0,0,22,3,6,16,9,13,16,9,6,0,82,0,0,0,0,0,0,0,0,0,0,0,0,0,0,3,0,0,0,0,3,0,0,3,5,0,0,0,0,0,13,0,0,0,0,9,6,0,0,0,12,0,0,0,0,0,0,0,0,0,5,0,0,5,0,0,3,0,0,0,4,0,0,0,0,0,0,0,0,0,3
LGA58260,0,0,0,5,5,0,7,0,0,26,0,0,29,21,21,15,22,3,3,117,0,0,0,0,0,0,0,0,0,6,0,0,0,0,0,0,0,0,0,0,0,0,0,7,3,0,0,0,0,12,0,0,0,4,5,0,0,4,0,16,0,0,5,11,13,4,5,4,0,47,0,0,0,0,0,0,0,0,0,0,0,0,0,0,0,0,0,0,0,0,0,3,5,11,13,4,13,4,0,56,0,0,0,0,0,0,0,0,0,3,0,0,8,5,4,5,8,8,0,42,4,5,15,34,26,19,20,9,0,134,0,0,0,0,0,0,0,0,0,0,0,0,0,0,0,0,0,0,0,3,0,0,9,5,7,4,0,0,0,24,0,0,0,4,5,6,0,0,0,20,0,0,8,10,4,7,0,0,0,26,0,0,0,0,0,0,0,0,0,0,0,0,0,0,0,0,0,0,0,3
LGA58330,19,9,15,34,39,58,49,24,0,254,34,37,85,140,223,276,264,86,9,1153,0,0,0,5,5,11,11,9,0,39,0,0,0,4,4,5,8,0,0,18,0,0,15,11,13,27,24,13,0,109,0,5,6,10,22,30,39,14,3,133,4,27,48,75,101,161,140,36,0,592,5,3,0,0,0,0,3,0,0,19,0,0,0,0,3,6,13,0,0,24,6,34,50,78,103,170,151,38,0,636,0,0,0,0,3,4,4,4,3,16,11,16,27,28,56,75,51,30,8,298,24,51,98,135,202,319,289,116,14,1240,0,0,0,0,7,11,7,0,0,27,0,0,0,4,11,8,0,0,0,27,0,4,27,29,40,35,18,0,0,154,4,4,16,34,50,57,14,3,0,172,15,15,23,33,50,37,13,0,0,180,0,4,5,6,4,5,3,0,0,30,0,0,3,13,11,11,8,0,0,45
LGA58400,0,3,0,6,4,10,4,0,0,37,3,6,10,13,13,19,10,0,0,81,0,0,0,0,0,0,0,0,0,0,0,0,0,0,0,0,0,0,0,0,0,0,0,0,0,0,5,0,0,3,0,0,4,0,0,0,0,0,0,9,0,0,10,0,4,9,8,0,0,36,0,0,0,0,0,0,0,0,0,0,0,0,0,0,0,0,0,0,0,0,0,0,10,0,4,9,11,0,0,35,0,0,0,0,0,0,0,0,0,0,0,0,4,0,0,7,4,7,0,19,0,0,15,4,8,14,15,3,0,64,0,0,0,0,0,0,0,0,0,4,0,0,0,0,0,0,0,0,0,0,0,0,5,3,0,0,0,0,0,8,0,0,0,4,0,4,0,0,0,9,0,0,0,3,4,0,0,0,0,13,0,0,0,0,0,0,0,0,0,0,0,0,0,3,0,0,0,0,0,7
LGA58470,4,5,11,3,0,4,0,0,0,38,4,7,16,5,11,11,6,0,0,65,0,0,0,0,0,0,0,0,0,0,0,0,0,0,0,0,0,0,0,0,0,0,0,0,0,0,0,0,0,0,0,0,0,0,0,0,0,0,0,0,0,0,3,6,3,6,5,0,0,19,0,0,0,0,0,0,0,0,0,0,0,0,0,0,0,0,0,0,0,0,0,0,3,7,6,6,5,0,0,21,0,0,0,0,0,0,0,0,0,0,0,0,0,3,5,0,6,0,0,10,0,0,8,7,12,8,8,0,0,37,0,0,0,0,0,0,0,0,0,0,0,0,0,0,0,0,0,0,0,4,0,0,4,0,4,4,0,0,0,7,0,0,0,0,0,3,0,0,0,3,0,0,0,0,0,0,0,0,0,0,0,0,0,0,0,0,0,0,0,3,0,0,0,0,0,0,0,0,0,0
LGA58510,62,147,445,288,242,209,167,150,128,1842,140,831,3299,2194,1454,1197,708,369,228,10424,0,28,478,448,238,135,67,26,4,1427,0,7,85,90,83,73,40,13,0,391,0,252,1266,969,502,298,203,62,12,3556,10,128,327,294,239,202,153,63,17,1438,48,201,605,471,362,396,280,127,47,2543,35,61,38,23,12,6,6,3,0,195,3,10,26,32,35,41,22,13,3,176,84,269,674,528,410,442,312,133,52,2909,0,11,34,30,26,21,23,10,3,152,45,140,336,262,199,168,139,118,127,1522,140,837,3200,2622,1696,1334,925,427,215,11399,0,25,333,196,92,58,10,7,0,724,0,20,130,107,78,42,16,3,0,394,0,339,1308,638,318,174,60,35,13,2879,12,198,337,310,233,162,58,41,16,1361,40,135,282,178,146,77,29,30,13,926,12,18,46,29,17,16,7,8,3,158,9,22,46,59,39,32,12,8,0,231
LGA58540,0,0,9,13,10,7,8,9,0,59,6,9,28,44,46,36,23,11,3,193,0,0,0,0,0,0,0,0,0,5,0,0,0,0,0,0,0,0,0,3,0,0,0,6,0,5,3,0,0,15,0,0,0,0,7,0,3,0,0,9,7,0,11,12,11,12,7,5,0,70,0,0,0,0,0,0,0,0,0,0,0,0,0,0,7,0,3,0,0,8,7,3,12,12,11,12,11,0,0,82,0,0,0,0,0,0,0,0,0,0,5,0,6,4,15,10,8,3,0,45,9,9,21,22,39,28,30,13,3,163,0,0,0,0,0,0,0,0,0,0,0,0,0,0,5,0,0,0,0,7,0,0,15,13,4,3,0,0,0,38,0,0,0,13,9,6,0,0,0,27,0,4,8,3,3,6,0,0,0,31,0,0,3,3,0,0,0,0,0,9,0,0,0,0,0,0,0,0,0,6
LGA58570,49,121,485,257,215,164,123,73,46,1535,84,652,3598,2340,1751,1264,617,246,85,10644,0,37,519,500,314,189,118,43,7,1726,0,0,142,150,124,92,48,12,0,566,0,268,1494,1182,731,492,262,62,17,4507,6,70,322,346,257,207,141,37,13,1395,30,160,505,418,315,321,164,73,25,2018,25,34,25,18,5,11,3,4,0,120,4,8,19,28,43,24,31,5,3,165,63,203,554,452,357,356,200,87,27,2304,0,11,28,20,20,19,20,10,0,126,16,97,388,231,151,148,90,65,29,1216,92,675,3448,2877,1954,1509,876,317,92,11842,0,16,308,245,156,94,16,10,0,840,0,11,175,179,111,64,5,5,0,552,0,370,1537,883,452,222,75,22,3,3567,17,133,368,278,239,149,61,32,10,1293,28,140,246,164,112,68,15,13,8,782,9,27,36,21,25,14,0,0,0,130,6,17,37,50,45,20,10,3,4,194
LGA58610,7,4,10,7,17,18,17,16,3,98,4,15,46,48,60,72,66,30,7,347,0,0,0,0,0,3,0,4,0,9,0,0,0,0,0,0,0,0,0,3,0,0,12,16,5,6,5,0,0,37,0,0,6,0,6,0,15,4,0,32,0,3,26,25,21,34,27,17,0,164,0,0,0,0,0,4,0,0,0,9,0,0,0,0,0,4,0,0,0,9,0,3,28,30,26,40,29,19,0,178,0,0,0,0,0,3,0,0,0,3,7,8,13,10,10,12,16,9,0,92,10,13,57,56,45,62,66,33,3,342,0,0,0,0,0,0,0,0,0,0,0,0,0,0,0,4,0,0,0,12,0,4,14,14,5,16,5,0,0,66,0,0,6,0,15,8,0,0,0,33,0,5,13,7,16,12,3,0,0,55,0,5,3,4,3,0,0,0,0,14,3,0,0,3,0,6,0,0,0,20
LGA58680,0,0,0,5,5,4,7,0,0,24,0,8,10,20,19,17,11,4,0,91,0,0,0,0,0,0,0,0,0,0,0,0,0,0,0,0,0,0,0,0,0,0,0,3,0,3,0,0,0,9,0,0,0,3,6,0,5,0,0,12,0,0,11,11,14,10,9,6,0,59,0,0,0,0,0,0,0,0,0,3,0,0,0,0,0,0,0,0,0,4,0,9,8,9,11,7,13,4,0,65,0,0,0,0,0,0,0,0,0,0,3,3,5,3,7,16,7,4,3,46,3,10,12,15,32,27,23,7,3,140,0,0,0,0,0,0,0,0,0,0,0,0,0,0,0,0,0,0,0,4,0,0,6,10,5,0,0,0,0,16,0,0,0,5,3,0,4,0,0,16,0,6,4,5,0,0,0,0,0,12,0,0,0,0,0,0,0,0,0,5,0,0,0,0,0,0,0,0,0,0
LGA58760,515,466,1122,1065,1003,668,519,417,205,5983,1111,3092,9726,9892,8559,5116,3175,1502,418,42587,0,40,398,778,548,307,145,72,16,2310,0,17,127,212,228,150,72,18,4,826,8,558,1874,2312,1631,901,464,201,37,7993,41,340,1088,1636,1613,1059,686,266,54,6782,453,1437,4679,4491,4170,3491,2083,922,210,21938,307,307,254,125,106,60,30,8,0,1207,41,69,160,235,232,170,129,69,22,1127,806,1809,5098,4855,4505,3725,2242,999,237,24273,18,40,87,125,128,96,65,34,13,611,311,420,1022,1049,1006,736,416,365,193,5525,1186,3229,9697,10964,9662,6973,4093,1956,560,48323,0,8,218,232,133,69,24,4,0,694,0,29,247,250,154,73,25,7,0,793,3,555,2345,1866,937,477,180,73,19,6458,77,465,1429,1713,1153,606,242,92,16,5801,378,855,1799,1649,1155,556,254,172,127,6948,98,160,273,220,136,81,26,3,0,1000,41,97,274,380,290,186,71,23,7,1376
LGA58820,19,9,33,30,28,46,37,36,15,254,36,59,129,142,182,168,120,85,28,943,0,0,0,0,0,4,3,0,0,7,0,0,3,0,0,0,3,0,0,8,0,4,7,10,8,16,12,8,0,65,0,0,6,15,24,16,18,14,0,93,11,31,77,95,106,117,82,36,8,548,9,7,0,3,0,3,0,0,0,21,0,0,0,0,3,4,8,4,0,21,16,42,81,97,102,125,94,43,9,594,0,0,0,0,3,0,7,3,0,16,5,12,24,37,43,35,39,22,13,222,22,53,124,163,185,197,168,82,24,1011,0,0,0,3,0,0,0,0,0,7,0,0,3,3,0,0,0,0,0,10,0,0,23,33,18,11,9,0,3,92,0,0,12,24,16,18,12,5,0,83,9,18,50,33,37,14,3,3,0,172,0,8,3,0,11,0,0,0,0,27,0,4,0,4,5,4,0,3,0,26
LGA58890,0,0,7,4,6,10,10,0,5,37,6,7,22,18,33,27,16,3,5,143,0,0,0,0,0,4,0,0,0,5,0,0,0,0,0,0,0,0,0,0,0,0,9,0,5,0,0,0,0,17,0,0,0,0,0,8,0,0,0,10,0,8,8,12,14,18,10,0,0,74,0,0,0,0,0,0,0,0,0,6,0,0,0,0,0,0,0,0,0,0,0,10,7,14,18,24,10,0,0,77,0,0,0,0,0,0,0,0,0,0,0,0,0,13,6,10,3,3,0,42,0,12,24,26,32,41,17,4,0,152,0,0,0,0,0,0,0,0,0,0,0,0,0,4,0,0,0,0,0,0,0,0,10,19,10,4,0,0,0,39,0,0,9,6,12,5,0,5,0,39,0,4,6,4,5,0,0,0,0,26,0,0,0,0,0,0,0,0,0,0,0,0,0,0,0,0,0,0,0,7
LGA59030,6,0,3,6,4,7,0,4,0,30,6,8,12,24,20,19,8,4,0,91,0,0,0,0,0,0,0,0,0,0,0,0,0,0,0,0,0,0,0,0,0,0,0,0,0,0,0,0,0,3,0,0,0,0,3,0,0,0,0,6,0,0,0,3,0,4,6,0,0,21,0,0,0,0,0,0,0,0,0,0,0,0,0,0,0,0,0,0,0,0,0,4,0,3,0,9,6,0,0,25,0,0,0,0,0,0,0,0,0,0,0,0,3,0,0,0,4,0,0,18,0,0,10,5,4,12,12,0,0,52,0,0,0,0,0,0,0,0,0,0,0,0,0,0,0,0,0,0,0,3,0,0,8,0,0,0,0,0,0,15,0,0,3,0,0,0,0,0,0,5,0,0,0,0,0,0,0,0,0,3,0,0,0,0,0,0,0,0,0,4,0,0,0,5,0,0,0,0,0,6
LGA59100,0,0,0,3,9,6,7,0,3,38,4,6,32,13,33,26,17,5,3,133,0,0,0,0,0,0,0,0,0,0,0,0,0,0,0,0,0,0,0,0,0,0,6,4,0,0,0,0,0,10,0,0,0,0,0,4,5,0,0,9,0,4,12,4,7,16,7,6,0,52,0,0,0,0,0,0,0,0,0,0,0,0,0,0,0,0,0,0,0,3,0,4,13,4,7,16,9,3,0,57,0,0,0,0,0,0,0,0,0,0,0,5,5,4,4,10,11,3,0,48,6,3,23,14,16,32,24,8,0,135,0,0,0,0,0,0,0,0,0,0,0,0,3,0,0,0,0,0,0,9,0,0,6,5,10,0,0,0,0,26,0,0,0,13,8,6,0,0,0,28,0,0,10,6,5,4,0,0,0,22,0,0,0,0,0,0,0,0,0,6,0,0,0,0,0,0,0,0,0,8
LGA59170,0,0,7,3,4,9,4,3,0,43,0,17,54,36,30,32,20,12,0,200,0,0,0,0,0,0,0,0,0,0,0,0,0,0,0,0,0,0,0,0,0,5,8,7,6,3,0,0,0,29,0,0,0,4,10,3,5,6,0,30,0,7,18,27,14,11,5,0,0,82,0,4,0,0,0,0,0,0,0,5,0,0,0,4,0,0,6,0,0,4,0,6,18,33,11,11,7,0,0,93,0,0,0,0,0,0,0,0,0,4,4,6,5,17,7,10,12,5,3,65,6,11,33,61,36,24,21,15,3,223,0,0,0,0,0,0,0,0,0,4,0,0,0,6,4,0,0,0,0,11,0,0,13,16,13,3,3,0,0,47,0,0,4,6,5,11,0,4,0,26,0,6,6,5,4,4,0,0,0,27,0,0,0,0,0,0,0,0,0,7,0,0,0,0,0,0,0,0,0,6
LGA59250,7,5,40,23,18,7,7,0,0,109,6,20,110,73,60,33,12,0,0,304,0,0,0,0,0,0,0,0,0,4,0,0,0,0,0,0,0,0,0,0,0,0,3,0,3,0,3,0,0,15,0,0,0,5,5,3,0,0,0,15,6,6,16,16,13,9,0,0,0,62,0,0,0,0,0,0,0,0,0,4,0,0,0,0,0,0,0,0,0,0,6,6,18,16,13,9,0,3,0,67,0,0,0,0,0,0,0,0,0,0,6,12,34,30,19,7,9,0,0,117,12,24,53,47,40,22,14,3,0,213,0,0,0,0,0,0,0,0,0,7,0,0,0,3,0,0,0,0,0,4,0,7,18,7,0,0,0,0,0,34,0,0,5,8,5,3,0,0,0,22,0,7,9,0,3,0,0,0,0,16,0,0,0,0,0,0,0,0,0,4,0,0,0,0,0,0,0,0,0,3
LGA59310,0,4,8,10,16,5,7,9,0,48,0,24,59,52,45,52,38,8,4,283,0,0,0,4,0,0,0,0,0,9,0,0,0,0,0,3,0,0,0,5,0,0,10,4,6,5,0,0,0,25,0,0,5,0,3,4,3,0,0,18,0,11,31,34,17,26,23,10,0,151,3,0,3,0,0,0,0,0,0,7,0,0,0,0,0,3,0,0,0,8,0,11,37,34,23,27,25,11,0,171,0,0,0,0,0,0,0,0,0,4,4,6,10,3,10,10,11,6,0,59,8,13,61,46,40,51,45,13,3,285,0,0,0,0,0,0,0,0,0,4,0,0,0,0,3,6,0,0,0,15,0,0,17,13,5,7,3,0,0,48,0,4,7,11,12,10,0,4,0,47,0,6,14,8,14,3,0,0,0,56,0,0,3,0,0,0,0,0,0,9,0,0,5,0,3,0,0,0,0,13
LGA59320,0,0,0,5,4,7,0,3,0,10,0,5,11,12,20,17,10,0,0,75,0,0,0,0,0,0,0,0,0,0,0,0,0,0,0,0,0,0,0,0,0,5,5,0,5,4,0,0,0,12,0,0,3,0,4,0,0,0,0,5,0,0,3,3,4,11,6,6,0,37,0,0,5,0,0,5,0,0,0,3,0,0,0,0,0,0,0,0,0,0,0,4,10,3,4,10,10,6,0,45,0,0,0,0,0,0,0,0,0,0,0,0,4,6,4,5,8,0,0,26,0,9,20,11,13,18,20,6,0,94,0,0,0,0,0,0,0,0,0,0,0,0,0,0,0,0,0,0,0,0,0,0,7,10,3,0,0,0,0,19,0,0,4,0,6,4,0,0,0,16,0,0,4,0,3,3,0,0,0,15,0,0,0,0,0,0,0,0,0,8,0,0,0,0,0,0,0,0,0,4
LGA59330,0,0,3,0,6,3,11,8,4,41,0,0,20,10,22,16,20,10,4,108,0,0,0,0,0,0,0,0,0,0,0,0,0,0,0,0,0,0,0,0,0,0,4,4,0,0,0,0,0,11,0,0,0,0,0,0,0,0,0,7,0,7,12,4,3,8,7,4,0,41,0,0,0,0,0,0,0,0,0,0,0,0,0,0,0,0,0,0,0,0,0,7,7,6,3,8,7,4,0,46,0,0,0,0,0,0,0,0,0,0,0,0,0,4,0,3,5,6,0,33,0,7,19,16,10,16,15,11,0,95,0,0,0,0,0,0,0,0,0,5,0,0,0,0,0,0,0,0,0,0,0,3,7,4,3,0,0,0,0,18,0,0,0,0,0,4,0,0,0,11,0,3,4,5,6,0,0,0,0,15,0,0,0,0,0,0,0,0,0,4,0,0,0,0,0,0,0,0,0,4
LGA59340,33,54,102,79,84,73,38,11,0,469,58,148,399,316,312,271,111,26,0,1635,0,0,14,15,7,21,6,5,0,58,0,0,12,3,3,9,0,0,0,32,0,13,77,48,31,28,9,4,0,221,0,3,35,40,21,28,7,0,0,140,8,33,138,146,144,99,49,14,0,633,10,9,5,0,5,4,0,0,0,29,0,5,5,6,4,8,10,0,0,34,22,38,157,156,156,108,60,16,0,703,0,0,4,4,0,0,0,0,0,14,46,50,122,106,111,97,66,22,4,628,64,114,415,372,336,289,154,44,4,1797,0,4,16,18,13,11,0,0,0,54,0,0,27,21,8,8,0,0,0,66,0,30,160,113,66,42,13,0,0,423,0,15,53,46,52,31,6,0,0,205,0,30,68,50,57,17,3,0,0,229,4,11,21,10,8,5,3,0,0,64,4,3,15,12,9,0,0,0,0,47
LGA59350,6,4,15,3,8,6,0,0,0,40,6,14,36,23,22,20,9,4,0,122,0,0,0,0,0,0,0,0,0,0,0,0,0,0,0,0,0,0,0,0,0,0,0,0,0,0,0,0,0,9,0,0,0,0,0,0,0,0,0,5,0,3,18,9,5,3,0,0,0,39,0,0,0,0,0,0,0,0,0,0,0,0,0,0,0,0,0,0,0,0,0,3,18,9,5,3,3,0,0,37,0,0,0,0,0,0,0,0,0,0,0,16,50,22,16,11,6,6,0,121,0,17,67,29,25,15,15,6,0,172,0,0,0,0,0,0,0,0,0,0,0,0,0,0,0,0,0,0,0,0,0,0,0,3,3,0,0,0,0,5,0,0,4,0,0,0,0,0,0,10,0,0,7,0,0,0,0,0,0,12,0,0,0,0,0,0,0,0,0,3,0,0,0,0,0,0,0,0,0,0
LGA59360,6,3,27,21,32,24,9,5,10,132,6,17,76,60,75,41,27,9,14,325,0,0,0,0,0,0,0,0,0,0,0,0,5,0,0,0,0,0,0,0,0,4,8,10,9,3,0,0,0,32,0,0,3,7,9,0,0,4,0,26,0,6,36,29,23,27,8,4,0,137,0,0,0,3,0,0,0,0,0,3,0,0,0,0,0,0,0,0,0,4,0,5,33,31,26,33,8,4,0,142,0,0,0,0,0,0,0,0,0,3,0,7,34,33,30,32,16,5,0,160,0,18,91,79,81,67,27,8,5,373,0,0,0,0,0,0,0,0,0,0,0,0,0,0,0,3,0,0,0,9,0,6,17,17,6,8,0,0,0,42,3,3,0,5,7,9,0,0,0,34,0,12,22,11,4,5,0,0,0,58,0,3,5,4,0,0,0,0,0,15,0,0,0,0,4,0,0,0,0,3
LGA59370,15,6,17,20,32,42,56,28,9,235,30,36,75,95,149,184,201,74,17,859,0,0,3,3,6,5,11,3,0,24,0,0,0,0,0,0,4,0,0,10,0,5,13,17,13,16,24,16,0,97,0,0,0,10,8,24,32,13,0,98,6,12,39,39,47,90,78,32,10,354,3,4,0,4,0,0,3,0,0,18,0,0,0,0,4,9,13,7,0,36,10,17,40,43,50,95,101,38,13,411,0,0,0,0,0,0,0,7,0,9,11,3,15,12,29,35,29,29,13,183,25,24,74,87,105,188,199,104,27,830,0,0,4,5,6,6,0,0,0,24,0,0,3,10,6,11,0,0,0,27,0,9,25,29,36,32,13,10,0,156,0,0,9,24,24,41,20,11,3,130,3,7,21,32,26,38,12,0,0,131,0,0,5,7,0,0,0,0,0,19,0,0,0,5,10,14,0,0,0,40
LGA59499,25,63,233,214,255,135,79,11,0,1022,34,157,591,447,459,370,234,33,4,2328,0,0,21,16,12,10,8,0,0,64,0,0,4,7,7,6,4,0,0,29,0,12,81,53,28,24,21,8,0,227,0,10,37,33,21,25,20,6,0,143,9,43,131,132,113,114,103,14,0,662,4,11,8,10,6,0,0,0,0,39,0,4,4,3,7,9,7,0,0,26,7,57,139,148,126,123,109,14,0,726,0,0,3,0,3,0,0,0,0,13,41,135,398,532,519,342,152,50,9,2177,54,204,676,786,712,533,320,81,13,3376,0,6,19,16,5,8,0,0,0,61,0,5,17,18,11,13,0,0,0,63,0,56,183,84,38,61,14,0,0,439,5,18,57,29,48,57,25,0,0,235,9,34,74,35,52,41,17,0,0,268,5,10,11,3,4,10,0,0,0,48,0,3,7,3,14,16,6,0,0,48
LGA59799,0,8,28,21,21,8,0,0,0,85,0,11,100,94,78,27,4,3,0,317,0,0,0,0,3,0,0,0,0,5,0,0,0,3,0,0,0,0,0,3,0,4,9,10,10,6,0,0,0,36,0,0,5,6,3,0,3,0,0,24,0,7,27,39,15,7,0,0,0,100,0,0,0,0,0,0,0,0,0,3,0,0,6,4,0,3,0,0,0,8,0,7,30,36,21,9,4,0,0,110,0,0,0,3,4,0,0,0,0,10,7,13,40,70,41,20,3,0,0,204,7,18,82,135,83,47,7,0,0,378,0,0,0,0,0,0,0,0,0,0,0,0,0,0,0,0,0,0,0,0,0,0,4,0,0,0,0,0,0,5,0,0,0,0,0,0,0,0,0,0,0,0,0,0,0,0,0,0,0,6,0,0,0,0,0,0,0,0,0,0,0,0,0,0,0,0,0,0,0,0
LGA60210,31,9,19,21,48,71,83,46,18,336,37,48,104,173,243,372,346,129,27,1468,0,0,19,7,9,11,11,6,0,62,0,0,0,3,4,8,5,5,0,22,0,3,14,37,30,51,61,16,6,219,0,0,10,20,32,46,48,15,0,175,3,27,87,108,126,202,167,80,11,818,3,0,13,4,8,6,3,0,0,45,0,0,5,5,8,15,21,5,0,53,4,32,105,112,144,226,192,84,17,919,0,0,0,4,4,3,3,4,0,15,17,13,20,23,29,61,95,51,15,329,27,52,160,205,249,406,419,181,36,1743,0,0,0,4,6,11,3,0,0,25,0,0,0,6,8,8,0,0,0,24,0,6,40,50,47,52,24,6,0,220,0,0,13,21,50,52,35,6,3,180,5,13,52,64,78,43,13,3,0,283,3,7,17,10,9,6,6,0,0,50,0,0,3,6,12,8,0,0,0,38
LGA60410,73,46,90,111,91,96,97,59,16,683,117,210,577,613,513,496,325,134,27,2997,0,0,48,28,12,11,11,0,0,116,0,0,8,7,8,15,10,3,0,41,0,13,83,82,56,42,47,7,0,333,0,11,62,65,83,53,48,9,0,337,24,143,478,388,374,259,213,87,15,1971,9,15,30,26,12,9,4,0,0,108,0,6,14,20,13,11,14,6,0,80,26,163,523,435,398,275,228,92,18,2161,3,0,5,4,4,11,0,0,0,30,53,37,84,94,87,80,80,50,15,573,89,230,809,717,642,484,422,174,33,3594,0,0,3,6,6,3,0,0,0,18,0,0,10,11,8,8,3,0,0,42,0,20,70,61,49,36,14,3,5,256,0,19,67,86,63,41,12,4,3,303,20,102,246,161,103,61,17,6,3,709,19,48,57,31,19,10,0,0,0,191,0,15,16,28,25,12,3,3,4,105
LGA60610,62,40,79,79,119,117,112,77,23,707,121,265,688,664,743,680,474,266,77,3965,0,0,45,45,35,32,17,14,0,189,0,0,6,19,22,11,11,10,0,78,0,22,171,111,93,96,68,22,0,586,0,6,46,80,99,112,59,42,5,449,21,141,443,342,394,376,263,127,32,2142,12,30,35,22,6,9,6,4,0,118,0,3,14,10,17,23,18,11,0,109,34,171,494,375,419,411,287,145,32,2376,0,0,19,6,6,3,3,4,4,46,53,35,80,66,111,84,74,84,30,612,88,242,859,701,784,746,516,316,76,4325,0,0,18,17,35,11,5,0,0,90,0,0,18,29,36,17,3,0,0,109,0,42,187,132,130,81,41,12,3,627,0,24,88,111,121,91,69,22,7,528,48,130,215,205,175,103,26,9,3,919,19,45,47,33,33,14,11,4,0,206,0,9,24,32,38,21,13,0,3,153
LGA60810,57,36,69,75,119,139,156,128,44,824,92,288,623,762,894,999,718,368,102,4851,0,3,40,32,35,32,32,19,0,189,0,0,12,18,17,28,31,7,0,110,0,21,134,120,99,144,135,33,5,686,0,6,53,78,120,143,127,42,9,569,30,156,456,452,495,546,381,195,43,2754,3,13,27,12,13,10,11,0,0,93,0,9,12,15,17,22,27,8,3,123,38,184,492,480,526,579,422,210,46,2972,0,0,7,0,12,8,9,4,0,33,49,29,75,78,90,106,133,88,38,701,84,244,805,811,893,1041,879,404,101,5260,0,0,8,18,29,18,4,5,0,87,0,0,17,22,38,28,11,3,0,117,0,32,163,174,173,168,62,19,12,803,0,23,66,136,164,139,73,27,7,640,27,105,246,237,237,128,26,10,0,1015,27,28,41,42,39,22,7,0,0,205,4,11,15,32,49,40,16,6,0,170
LGA61010,5,5,10,9,22,26,30,13,3,121,8,23,55,70,79,108,98,32,3,479,0,0,4,0,4,11,8,3,0,28,0,0,0,0,0,3,0,0,0,7,0,3,16,13,5,3,16,6,0,65,0,0,9,7,8,19,17,8,0,71,0,12,39,42,42,65,32,18,0,254,0,3,4,0,0,0,4,0,0,7,0,0,0,0,0,3,0,0,0,12,0,15,39,44,42,74,42,22,0,277,0,0,0,0,0,0,5,0,0,5,8,7,13,25,20,34,37,17,5,162,13,29,86,84,84,142,123,48,6,613,0,0,0,3,0,0,0,0,0,8,0,0,3,0,4,5,0,0,0,10,0,0,14,15,16,23,11,0,0,71,0,0,11,9,10,15,8,3,0,55,4,11,18,21,17,16,3,0,0,79,0,3,7,4,7,3,0,0,0,22,0,0,3,0,0,6,0,0,0,14
LGA61210,36,32,33,40,71,84,51,32,8,394,59,130,264,247,289,310,158,70,15,1550,0,0,59,12,5,9,10,6,0,91,0,0,6,3,3,0,0,0,0,12,0,5,70,31,32,37,15,7,0,193,0,9,16,30,50,37,24,11,0,168,14,56,157,160,143,153,114,26,3,822,11,15,10,6,5,15,0,0,0,59,0,0,4,0,6,4,3,4,0,24,21,68,171,168,153,171,115,30,3,906,0,0,0,5,0,0,4,0,0,17,27,19,59,63,44,65,63,46,21,401,46,101,383,313,284,316,232,96,23,1788,0,0,8,4,8,0,4,0,0,18,0,0,7,13,5,5,0,0,0,27,0,10,52,38,37,32,14,4,0,187,0,7,27,43,42,36,14,7,0,171,17,50,97,77,74,31,4,0,0,356,14,15,23,9,13,9,0,0,0,88,0,4,3,7,10,4,0,0,0,33
LGA61410,142,148,335,296,294,281,278,209,76,2063,227,702,2221,2322,2451,2426,1839,953,347,13477,0,7,576,294,196,188,154,63,11,1492,0,0,78,98,123,120,94,24,8,541,0,190,866,827,565,464,446,175,48,3580,0,49,270,331,432,403,355,189,41,2068,38,323,1181,1006,1000,1055,756,436,133,5942,17,42,78,43,25,29,13,3,4,257,8,17,32,43,45,72,83,44,8,349,63,390,1292,1096,1059,1159,853,488,151,6544,0,4,33,23,28,27,18,12,6,151,102,99,226,210,160,172,195,169,89,1409,162,738,3333,2874,2560,2533,2116,1114,358,15785,0,5,91,117,127,89,39,6,0,480,0,10,93,104,135,80,27,10,0,459,0,163,715,713,624,451,204,76,21,2959,9,59,207,350,391,382,188,99,41,1719,58,244,494,488,419,256,89,43,12,2094,53,61,97,58,73,36,17,8,0,408,4,18,41,88,102,84,55,23,5,424
LGA61510,42,25,47,49,62,72,72,59,8,439,59,108,291,329,385,390,302,152,20,2038,0,0,9,14,12,22,11,8,0,80,0,0,5,3,3,12,4,7,0,31,0,11,37,46,33,39,34,15,6,216,0,6,12,40,38,59,34,7,3,202,9,75,241,235,230,223,143,74,11,1240,8,7,13,14,7,7,4,0,0,67,0,5,0,4,10,11,6,5,0,47,15,91,257,254,245,244,157,79,11,1350,0,0,3,0,3,9,3,6,0,26,26,17,44,61,76,60,59,30,12,386,39,126,377,417,411,441,298,145,33,2288,0,0,4,8,6,4,0,0,0,32,0,0,0,13,10,8,0,0,0,30,0,9,27,44,45,44,11,3,0,196,3,7,24,67,60,36,19,6,0,214,20,44,105,100,96,49,17,3,0,437,4,19,29,21,13,3,0,0,0,91,3,6,11,14,15,14,5,0,0,62
LGA61610,83,45,112,93,112,165,173,145,67,983,142,294,838,820,872,941,729,402,143,5176,0,6,112,51,34,28,31,14,0,274,0,0,14,17,23,20,24,9,0,105,0,33,198,142,120,111,106,44,13,764,0,12,76,101,130,136,108,54,14,635,30,176,557,421,513,492,387,193,53,2822,13,30,44,28,21,14,12,6,0,167,0,12,15,16,31,20,29,15,3,152,48,215,616,469,559,525,438,215,59,3139,0,0,3,7,12,6,10,13,0,50,44,31,120,81,95,129,130,117,50,795,89,305,1140,870,970,953,836,467,131,5765,0,0,17,18,18,20,6,0,0,83,0,5,10,17,22,30,11,3,4,117,0,37,223,177,159,121,64,23,12,815,0,17,95,154,160,141,77,45,14,709,51,189,304,267,241,153,37,12,4,1259,33,41,66,53,39,21,9,0,4,265,7,17,8,37,39,41,12,7,4,174
LGA61810,29,19,24,38,31,65,72,33,11,322,36,82,200,175,212,285,222,98,27,1341,0,0,15,8,6,5,8,3,0,44,0,0,4,0,3,5,6,0,0,20,0,7,33,22,15,25,29,5,0,132,0,6,13,19,19,26,28,12,0,129,13,40,131,107,141,161,115,45,16,776,5,4,10,6,5,8,0,0,0,39,0,0,5,4,5,9,11,0,0,38,17,47,145,118,150,179,127,50,13,855,0,0,0,3,0,0,5,3,3,19,19,14,29,34,26,38,46,38,26,275,37,68,240,206,222,287,254,117,45,1474,0,0,3,9,8,12,5,0,0,33,0,0,3,3,9,6,0,0,0,17,0,4,22,33,46,46,10,13,0,185,0,7,13,40,33,37,20,11,5,158,10,26,82,55,65,45,23,0,0,304,9,8,21,17,8,4,3,0,0,72,0,0,6,11,18,8,5,0,0,52
LGA62010,0,0,3,5,8,10,12,10,0,53,0,5,28,30,41,69,58,21,3,254,0,0,0,0,3,0,8,0,0,12,0,0,0,0,3,0,3,0,0,7,0,0,5,7,6,4,5,8,0,27,0,0,0,4,5,12,11,0,0,30,3,0,12,18,20,27,30,10,0,114,0,0,0,0,0,0,0,0,0,4,0,0,0,0,3,0,0,0,0,4,3,0,14,18,19,27,24,10,0,121,0,0,0,0,0,0,0,0,0,0,0,0,0,3,5,4,11,7,0,42,5,5,14,28,41,55,61,24,5,234,0,0,0,0,0,4,0,0,0,11,0,0,0,6,0,4,3,0,0,12,0,0,6,7,4,7,9,0,0,38,0,0,5,5,7,8,5,0,0,30,0,0,9,3,9,3,5,5,0,36,0,0,0,0,0,0,0,0,0,8,0,0,0,0,0,3,0,0,0,3
LGA62210,31,29,33,39,64,46,71,36,9,372,49,89,137,184,291,291,251,118,22,1443,0,0,6,9,6,6,8,7,5,51,0,0,4,0,3,0,10,0,0,18,0,3,22,23,15,39,32,12,0,147,0,0,9,15,19,49,45,19,4,162,10,34,125,110,122,204,142,64,8,816,0,6,12,7,10,7,7,0,0,50,0,0,0,0,4,5,7,4,3,33,8,36,139,120,138,210,160,67,10,900,0,0,3,7,0,0,0,4,0,9,26,10,33,38,45,39,45,39,9,276,33,49,214,217,225,347,297,145,27,1563,0,0,4,4,10,12,0,0,0,18,0,0,0,9,0,13,0,0,0,19,0,4,34,33,36,31,17,7,0,162,0,0,17,20,32,37,19,7,0,139,14,29,70,65,61,34,13,3,0,284,3,10,12,13,9,6,0,0,0,56,0,5,5,4,4,12,9,3,0,51
LGA62410,12,3,12,22,39,50,68,30,20,262,19,30,88,123,202,256,278,113,40,1156,0,0,35,19,9,11,14,7,0,90,0,0,3,0,4,8,10,0,0,28,0,10,45,29,14,56,47,19,4,225,0,6,19,10,28,35,50,28,9,188,0,8,59,71,96,135,128,60,18,570,0,0,5,6,7,3,0,0,0,29,0,0,6,7,4,10,14,9,0,46,0,13,66,82,98,144,139,67,17,641,0,0,0,4,5,3,3,0,0,25,9,18,31,21,20,37,53,36,5,226,6,34,199,168,181,293,321,154,46,1414,0,0,5,12,0,3,0,0,0,20,0,0,0,0,13,8,3,4,0,25,0,4,27,24,37,45,20,0,0,154,0,4,15,14,26,52,33,6,3,152,5,13,31,38,44,35,16,4,5,172,4,4,7,8,3,3,4,0,0,33,0,0,6,0,3,11,8,0,4,31
LGA62610,121,98,237,234,286,286,223,220,93,1809,198,619,1917,1716,1734,1612,1002,645,222,9663,0,25,1026,306,109,52,35,10,9,1572,0,8,63,53,44,30,15,11,4,229,0,180,1167,516,264,185,124,51,18,2503,3,54,303,276,215,235,145,70,15,1301,44,270,954,878,810,824,540,301,98,4709,31,43,78,47,24,29,17,0,3,273,0,13,35,39,39,37,31,13,6,214,72,323,1065,956,878,892,587,322,99,5201,0,4,22,16,15,8,10,6,4,81,74,78,282,187,190,190,172,172,82,1433,152,666,3929,2315,1710,1581,1093,644,224,12314,0,8,68,56,51,25,10,6,0,224,0,3,80,58,42,29,5,0,0,221,0,111,436,276,258,156,71,35,7,1354,3,38,188,263,289,168,93,43,20,1104,63,304,582,467,421,230,71,53,9,2193,57,88,144,71,66,26,11,0,0,470,0,14,59,56,68,73,27,13,4,310
LGA62810,70,162,304,222,235,262,216,135,83,1693,140,970,3117,2531,2508,2368,1672,744,314,14367,0,39,1343,709,562,481,366,162,41,3702,0,7,132,133,193,161,126,37,0,787,0,444,1818,1109,921,756,688,270,79,6081,5,96,325,287,285,276,297,144,47,1768,25,165,513,418,470,438,351,176,58,2620,23,48,52,24,26,26,7,4,6,204,5,11,34,33,37,35,58,16,18,256,54,224,598,483,534,501,416,203,73,3074,0,4,42,22,20,22,23,17,3,162,57,109,354,201,175,153,159,132,55,1399,114,931,4625,2932,2685,2351,2073,968,307,16975,0,38,364,374,375,306,90,33,8,1583,0,34,163,244,241,209,52,17,8,963,3,580,1449,1179,1016,740,289,127,65,5441,7,97,245,345,385,426,214,107,49,1867,49,234,315,258,263,161,70,32,11,1406,19,51,49,19,38,16,12,9,9,232,11,23,29,37,64,58,45,19,15,305
LGA63010,69,27,59,82,92,129,132,79,20,683,104,171,514,649,727,855,631,242,48,3934,0,0,32,62,52,76,70,30,4,331,0,0,9,16,20,29,27,5,0,110,0,22,97,158,138,158,151,58,6,783,0,13,45,75,100,137,129,38,13,544,30,108,348,367,368,390,261,98,11,1972,10,27,21,11,12,10,6,0,0,103,6,0,7,10,16,24,25,14,0,97,43,134,369,390,398,421,288,117,11,2177,0,0,9,4,4,5,15,5,0,50,50,28,82,79,83,127,132,80,43,695,95,195,640,782,812,949,810,326,75,4680,0,0,13,37,34,32,18,0,0,139,0,0,14,28,32,27,5,0,0,108,0,17,103,196,163,137,59,9,0,682,0,8,48,112,143,122,64,17,4,516,12,52,166,157,140,81,31,3,0,636,17,22,29,19,20,14,0,0,0,114,0,4,30,28,24,24,13,4,0,121
LGA63210,24,11,27,35,54,50,59,29,5,291,47,62,173,204,301,308,216,78,17,1417,0,0,12,4,8,16,12,3,0,52,0,0,0,4,3,4,11,0,0,30,0,7,43,29,24,35,39,7,5,187,4,3,17,23,37,59,31,14,0,187,8,45,132,123,154,189,120,43,9,814,4,5,5,9,4,4,0,0,0,39,0,0,3,9,0,6,9,4,0,39,15,49,139,132,166,210,127,49,10,891,0,0,0,0,0,0,4,0,0,14,16,15,42,25,46,61,54,29,9,298,32,73,251,222,292,381,275,105,19,1661,0,0,5,3,5,12,0,0,0,22,0,0,4,11,11,9,9,0,0,37,0,6,29,45,48,37,12,3,0,184,0,7,28,44,43,42,19,0,0,188,11,33,67,67,60,35,6,0,0,283,8,10,18,11,15,5,0,0,0,66,0,0,7,15,16,8,6,0,0,49
LGA63410,6,4,7,6,8,17,11,4,0,79,12,26,61,59,62,95,58,32,7,410,0,0,10,3,0,0,0,0,0,10,0,0,0,0,4,0,3,0,0,9,0,0,9,8,7,0,7,5,0,38,0,0,11,7,13,11,6,3,0,48,0,5,30,34,35,39,30,13,3,199,0,0,0,0,0,0,5,0,0,4,0,0,3,3,0,7,3,0,0,17,0,7,38,40,34,46,32,13,4,223,0,0,0,0,0,0,0,0,0,0,6,0,15,11,13,11,21,9,3,89,5,9,81,74,72,66,77,31,10,418,0,0,0,0,3,3,0,0,0,5,0,0,4,0,0,4,0,0,0,11,0,5,19,9,18,18,7,0,0,78,0,0,4,8,6,16,7,0,3,47,5,6,19,15,17,20,0,0,0,71,0,0,3,0,0,0,0,0,0,11,0,0,0,0,6,0,0,0,0,10
LGA63610,92,46,117,101,143,170,182,108,42,998,141,387,1404,1620,1733,1689,1277,569,158,8978,0,6,361,300,240,200,181,107,28,1430,0,3,40,83,107,78,71,22,4,398,0,120,612,669,539,408,387,148,39,2918,0,40,167,220,282,272,214,129,26,1352,35,202,597,625,584,602,464,236,49,3392,20,25,34,25,13,17,4,0,0,139,11,4,24,37,42,42,39,39,3,236,60,233,653,682,634,652,510,272,59,3763,0,11,13,18,11,17,13,19,4,107,31,41,110,96,111,110,146,103,32,778,96,455,1958,2067,1922,1738,1520,791,188,10743,0,0,84,163,146,109,41,11,4,554,0,7,68,108,114,112,36,14,4,464,0,116,516,617,570,437,207,80,23,2557,4,36,161,323,278,284,183,84,13,1374,48,154,341,263,277,172,51,19,8,1331,24,48,59,43,38,29,15,4,0,263,8,12,39,52,71,47,25,6,4,262
LGA63810,32,19,30,48,64,74,83,67,23,437,39,126,342,402,446,469,401,185,39,2455,0,0,28,21,12,22,23,5,4,123,0,0,3,3,9,15,13,6,0,51,0,3,50,60,55,42,63,24,5,303,0,0,28,37,53,62,76,36,6,312,10,96,260,232,266,291,265,111,22,1562,3,10,18,12,0,3,4,0,0,61,0,0,3,5,17,19,20,9,3,73,13,113,284,250,285,317,289,124,29,1698,0,4,0,0,3,8,0,0,0,15,19,12,31,60,65,61,69,68,24,409,33,136,424,429,485,525,545,267,60,2900,0,0,4,12,11,15,3,0,0,45,0,0,4,12,13,13,9,4,0,43,0,16,91,80,68,66,35,10,3,371,0,6,34,53,73,68,48,4,9,303,21,57,111,99,101,56,15,8,4,466,6,20,26,6,17,14,5,0,0,98,0,8,8,18,22,19,4,3,0,83
LGA64010,219,240,354,325,390,362,379,243,105,2616,349,1145,2676,2441,2551,2306,1744,851,306,14373,0,29,723,324,191,167,131,78,16,1651,0,0,62,81,83,90,62,27,3,407,0,212,1055,691,563,447,317,130,35,3439,4,70,265,313,379,335,263,126,37,1795,54,436,1316,1087,1087,1042,699,434,135,6287,28,78,122,62,34,39,13,8,0,383,7,23,52,40,47,55,68,38,15,343,84,532,1490,1194,1163,1131,782,481,147,7010,3,12,42,23,26,13,26,9,5,153,137,227,399,279,263,260,248,223,94,2129,233,1086,4035,2906,2667,2440,1828,1064,342,16590,0,3,120,132,126,121,32,6,0,543,0,6,80,103,115,95,28,8,0,438,0,269,948,789,676,442,207,72,21,3436,4,80,276,409,410,340,202,106,33,1854,107,401,770,600,493,339,75,36,9,2832,52,116,139,90,66,40,17,4,3,517,5,36,59,75,92,94,37,23,11,434
LGA64210,60,31,71,92,107,121,132,91,29,738,90,236,591,684,799,840,607,271,86,4202,0,0,45,40,35,36,28,24,0,210,0,0,9,20,17,11,16,5,0,78,0,22,147,111,122,121,113,34,8,681,0,7,50,93,115,142,135,35,6,585,18,124,397,366,415,457,297,138,33,2238,15,14,20,11,12,10,4,0,0,94,0,10,9,17,17,17,27,12,3,114,31,146,429,386,445,481,327,155,39,2444,0,5,4,3,3,3,12,4,0,38,26,24,67,68,66,79,91,88,28,543,57,208,752,728,810,880,731,345,82,4589,0,6,15,22,24,16,7,3,0,92,0,0,15,36,22,32,7,6,0,113,0,43,173,180,167,129,57,24,0,770,0,15,68,116,145,117,68,26,7,564,31,86,212,243,185,128,30,12,3,916,15,28,35,33,23,20,4,3,0,158,4,8,12,35,52,41,13,7,4,174
LGA64610,34,39,58,74,108,117,108,72,19,627,69,157,373,425,560,547,444,213,39,2825,0,0,21,11,19,22,26,13,4,112,0,0,0,4,11,19,16,5,0,55,0,27,68,68,67,49,63,22,13,376,0,9,33,63,73,77,95,26,3,373,13,94,285,246,284,297,223,95,15,1554,8,14,18,9,5,6,9,0,0,68,3,0,0,11,9,16,13,7,0,54,19,110,304,264,292,323,245,103,15,1674,0,3,0,0,0,5,8,5,0,17,26,22,44,56,76,75,97,56,17,463,45,164,472,465,537,568,541,226,55,3080,0,0,7,16,10,13,7,0,0,57,0,0,7,11,19,20,12,0,0,69,0,15,96,107,114,72,43,7,3,466,0,4,42,70,87,97,48,16,0,358,17,52,93,120,111,68,32,7,4,502,8,14,21,20,15,13,5,0,0,99,0,3,15,17,16,17,10,3,0,79
LGA64810,22,36,65,68,76,96,95,51,20,532,53,189,559,536,618,642,463,173,56,3283,0,0,56,40,40,23,25,4,0,185,0,0,8,12,16,17,20,0,0,73,0,27,134,104,89,86,86,25,4,559,0,7,45,76,83,124,81,35,3,453,28,122,456,374,323,397,265,125,22,2111,9,8,14,12,6,9,13,0,0,70,5,0,9,6,14,18,13,9,5,81,38,133,482,387,345,428,285,132,25,2261,0,3,4,8,6,4,3,3,0,39,36,25,71,72,70,99,101,53,20,543,81,197,807,702,635,775,598,257,57,4109,0,0,7,20,14,11,6,0,0,61,0,5,21,14,20,25,5,0,5,91,0,15,117,120,101,79,31,7,0,477,0,23,65,99,112,77,35,15,5,424,18,84,165,170,152,77,16,3,4,680,12,25,33,24,35,11,7,0,0,139,3,3,12,24,27,13,9,3,0,101
LGA65010,36,15,34,22,61,51,48,24,8,295,44,75,172,190,243,259,167,56,26,1228,0,0,4,6,7,6,9,3,0,33,0,0,0,0,4,3,0,0,0,17,0,3,22,22,22,18,19,11,0,121,0,3,7,19,29,28,22,11,0,117,17,45,136,138,132,152,93,27,4,750,4,7,10,3,0,5,7,0,0,36,0,0,4,0,0,9,5,0,0,20,21,52,153,142,137,160,104,31,4,805,0,0,0,6,0,0,4,5,0,14,30,25,38,22,51,47,57,24,8,310,53,82,226,223,253,270,215,80,14,1418,0,0,9,4,12,8,6,0,0,28,0,0,0,0,5,0,0,0,0,13,0,8,25,24,30,28,18,8,0,139,3,0,16,28,34,34,17,4,0,140,0,20,66,67,65,34,11,0,0,263,5,7,11,4,3,3,0,0,0,38,0,0,5,10,3,13,5,0,0,38
LGA65210,9,3,10,14,25,28,42,21,14,171,10,14,36,70,108,170,145,63,19,628,0,0,7,4,3,12,18,5,0,50,0,0,0,0,0,9,3,0,0,10,0,6,6,21,11,23,36,7,0,108,0,0,4,7,10,19,18,11,0,63,0,7,24,40,50,70,75,26,4,301,3,0,3,3,0,6,4,0,0,16,0,0,0,4,6,6,13,4,0,24,0,7,32,43,54,81,93,27,4,344,0,0,0,0,4,0,6,0,0,6,8,9,9,14,16,24,36,17,6,140,15,19,58,86,102,161,204,71,10,721,0,0,4,4,8,7,0,0,0,24,0,0,0,3,8,0,5,0,0,23,0,0,8,15,19,22,7,3,4,78,0,0,5,10,17,24,19,5,0,74,0,14,30,23,35,22,9,3,4,130,3,4,10,0,0,4,0,0,0,15,0,0,5,0,6,4,3,0,0,18
LGA65410,42,27,50,55,95,95,113,82,27,580,71,164,405,434,610,594,434,239,51,2999,0,0,20,16,16,20,24,17,0,115,0,0,7,4,10,23,20,10,0,69,0,9,53,59,69,80,67,25,5,372,0,0,28,42,66,69,71,32,5,316,16,102,272,290,286,375,237,108,19,1704,5,21,11,11,5,4,0,7,0,66,0,6,4,12,7,20,16,9,0,72,19,124,286,309,293,403,260,130,19,1838,0,0,3,5,0,4,4,0,0,24,35,39,46,60,83,84,96,64,24,525,51,167,439,491,549,681,542,277,60,3257,0,0,12,9,25,16,4,0,0,60,0,0,3,20,17,19,0,0,0,61,0,20,97,92,121,99,45,9,8,493,0,8,41,100,112,87,55,26,0,432,24,69,139,142,150,73,19,11,0,624,20,14,26,24,24,6,12,6,0,126,3,0,11,20,27,20,10,7,0,100
LGA65610,17,10,27,30,42,44,34,19,3,219,26,40,129,149,214,195,131,60,4,952,0,0,9,7,9,4,3,0,0,33,0,0,3,3,3,4,5,3,0,20,0,3,23,19,15,17,18,3,0,93,0,0,13,14,17,22,16,10,0,85,3,18,72,64,115,128,84,32,5,531,3,3,3,3,0,0,0,0,0,17,0,0,0,4,5,6,7,0,0,28,4,25,80,73,124,137,89,34,5,574,0,0,0,0,0,0,0,0,0,3,16,20,31,31,47,44,47,22,8,264,20,49,156,148,208,228,185,65,15,1076,0,0,6,3,0,0,0,0,0,14,0,0,0,0,7,0,0,0,0,6,0,9,41,23,23,5,5,0,0,106,0,0,9,19,29,23,4,5,0,93,3,31,43,55,38,22,4,0,0,203,0,13,11,3,5,5,0,0,0,43,0,0,0,4,3,6,4,0,0,16
LGA65810,80,38,90,68,120,161,154,89,51,860,119,260,714,835,1097,1152,904,405,126,5612,0,0,106,83,71,98,84,40,10,483,0,0,20,23,25,43,38,10,0,158,0,26,191,226,233,196,177,67,12,1125,0,15,81,110,160,186,180,73,14,826,19,152,477,437,531,534,421,217,53,2848,17,17,31,6,8,10,5,9,0,100,4,7,20,18,23,19,40,11,6,140,39,178,526,458,555,568,472,235,56,3094,0,3,0,6,10,15,10,14,0,60,41,28,83,55,98,114,134,87,53,691,84,246,1008,965,1157,1216,1083,529,147,6431,0,0,32,37,60,53,13,0,0,198,0,0,19,44,38,38,18,4,0,164,0,51,241,304,264,209,90,31,4,1194,4,15,77,173,192,171,116,35,9,791,17,88,198,234,230,127,39,16,8,939,15,33,44,41,32,22,9,3,0,192,0,11,11,36,48,47,25,7,8,197
LGA69499,3,19,32,27,26,13,4,5,0,130,12,39,79,60,50,37,28,9,0,307,0,0,0,3,3,0,5,0,0,12,0,0,0,0,0,0,0,0,0,3,0,0,4,3,8,9,6,0,0,24,0,4,5,3,4,4,4,0,0,27,0,3,25,22,25,24,13,6,0,109,0,3,5,0,4,0,0,0,0,9,0,0,0,0,4,5,0,0,0,10,0,6,29,22,27,28,13,6,0,135,0,0,0,0,0,0,0,0,0,5,14,13,40,29,30,31,44,4,0,209,13,24,82,65,80,75,63,5,0,408,0,0,5,3,3,0,0,0,0,12,0,0,0,0,0,0,0,0,0,5,0,0,23,7,11,14,0,0,0,48,0,0,3,9,8,14,0,5,0,40,0,3,6,5,3,9,0,0,0,34,0,0,0,0,0,0,0,0,0,9,0,0,0,3,0,4,0,0,0,7
LGA69799,0,0,0,0,0,0,0,0,0,7,0,4,17,7,6,5,4,0,0,33,0,0,0,0,0,0,0,0,0,0,0,0,0,0,0,0,0,0,0,0,0,0,0,0,0,0,0,0,0,0,0,0,0,3,3,0,0,0,0,6,0,0,0,0,0,0,0,0,0,5,0,0,0,0,0,0,0,0,0,0,0,0,0,0,0,0,0,0,0,0,0,0,0,0,0,0,0,0,0,5,0,0,0,0,0,0,0,0,0,0,0,0,0,0,0,0,0,0,0,3,0,0,4,7,3,0,0,0,0,12,0,0,0,0,0,0,0,0,0,0,0,0,0,0,0,0,0,0,0,0,0,0,3,0,0,0,0,0,0,3,0,0,0,0,0,0,0,0,0,4,0,0,0,0,0,0,0,0,0,3,0,0,0,0,0,0,0,0,0,0,0,0,0,0,0,0,0,0,0,0
LGA70200,113,108,328,236,271,216,138,48,10,1478,169,333,1463,1286,1309,1066,471,141,31,6260,0,0,172,188,93,89,42,14,3,601,0,0,31,43,40,27,17,3,0,169,0,34,444,367,200,158,100,18,0,1312,0,29,176,204,160,151,60,14,0,798,37,127,530,464,436,386,186,49,6,2234,14,13,23,19,9,4,4,3,0,94,3,9,14,33,28,25,16,5,0,131,57,143,568,509,475,414,208,61,6,2458,0,7,9,18,11,4,5,0,3,55,73,52,220,167,128,147,94,27,6,923,126,272,1627,1505,1104,999,519,144,21,6312,0,0,93,109,107,73,19,0,0,401,0,7,79,99,81,48,6,0,0,322,0,102,532,394,326,186,47,10,0,1601,6,31,182,207,208,146,39,15,4,832,49,116,282,252,189,109,18,4,0,1026,15,32,61,34,26,5,9,0,0,181,4,7,22,37,20,22,8,0,0,122
LGA70420,37,63,114,84,77,42,30,6,0,452,58,117,297,218,224,153,70,17,0,1150,0,0,22,14,7,12,6,0,0,57,0,0,3,11,8,0,0,0,0,24,0,14,32,21,19,21,3,3,0,117,0,5,24,21,23,18,4,4,0,106,4,40,91,67,57,66,33,8,0,369,6,10,7,3,6,3,0,0,0,32,0,4,5,6,0,0,0,0,0,27,15,51,107,77,62,77,35,8,0,426,0,0,0,0,0,0,0,0,0,0,51,33,98,50,51,57,33,10,0,389,65,107,286,190,177,185,89,24,0,1115,0,0,3,3,3,12,0,0,0,27,0,0,4,11,10,12,0,0,0,30,0,15,48,32,34,31,0,0,0,158,0,0,19,25,24,19,7,0,0,98,5,22,46,17,26,14,8,0,0,132,3,7,7,7,5,3,0,0,0,31,0,4,4,8,5,0,0,0,0,27
LGA70540,0,0,0,3,0,0,0,0,0,8,3,3,3,3,5,0,0,0,0,18,0,0,0,0,0,0,0,0,0,0,0,0,0,0,0,0,0,0,0,0,0,0,0,0,0,0,0,0,0,0,0,0,0,0,0,0,0,0,0,0,0,0,0,0,0,0,0,0,0,6,0,0,0,0,0,0,0,0,0,0,0,0,0,0,0,0,0,0,0,0,0,0,0,0,0,0,0,0,0,6,0,0,0,0,0,0,0,0,0,0,0,0,0,0,0,0,0,0,0,8,0,4,0,3,4,0,0,0,0,13,0,0,0,0,0,0,0,0,0,0,0,0,0,0,0,0,0,0,0,0,0,0,0,0,0,0,0,0,0,4,0,0,0,0,0,0,0,0,0,0,0,0,0,0,0,0,0,0,0,0,0,0,0,0,0,0,0,0,0,0,0,0,0,0,0,0,0,0,0,0
LGA70620,34,15,47,38,31,25,11,6,0,193,38,39,119,87,85,58,17,6,0,457,0,0,7,3,0,0,0,0,0,7,0,0,3,0,3,0,0,0,0,5,0,0,17,9,3,7,0,0,0,37,0,0,5,4,10,7,0,0,0,26,0,11,29,31,39,21,7,0,0,132,0,0,10,5,3,0,0,0,0,14,0,0,3,0,4,3,0,0,0,21,0,16,35,37,51,28,3,0,0,170,0,0,0,0,0,0,0,0,0,0,22,30,68,31,36,31,14,3,0,243,22,50,134,80,102,71,19,6,0,491,0,0,0,0,5,3,0,0,0,6,0,0,5,5,0,0,0,0,0,14,0,9,25,11,14,14,0,0,0,68,0,0,9,16,13,10,0,0,0,45,0,3,15,9,14,7,0,0,0,47,0,5,6,5,8,0,0,0,0,31,0,0,6,3,0,0,0,0,0,12
LGA70700,6,7,13,23,35,37,36,12,0,165,6,18,40,47,81,83,67,19,0,361,0,0,0,0,3,3,5,0,0,9,0,0,0,0,0,0,0,0,0,0,0,0,5,5,4,5,6,0,0,25,0,0,0,3,6,3,7,5,0,30,0,0,9,11,24,35,18,12,0,111,0,0,0,0,0,3,0,0,0,11,0,0,0,0,0,4,0,0,0,13,0,0,15,13,30,41,24,10,0,132,0,0,0,0,0,0,0,0,0,0,8,0,17,14,22,38,29,21,3,151,10,9,46,34,67,88,69,37,3,353,0,0,0,0,3,0,0,0,0,9,0,0,0,0,4,6,0,0,0,8,0,0,11,13,4,11,3,0,0,46,0,0,3,7,16,10,0,0,0,45,0,0,4,14,6,8,6,0,0,35,0,0,0,5,0,0,0,0,0,9,0,0,0,0,0,0,0,0,0,4
LGA71000,270,449,1215,807,707,610,384,146,46,4623,429,1451,6385,4847,4077,3137,1703,520,110,22652,0,33,1127,784,415,344,185,59,9,2963,0,0,167,153,169,150,59,11,3,714,0,360,1927,1337,798,560,385,123,26,5514,4,129,608,610,619,451,285,93,13,2805,117,462,1380,1297,1145,1019,637,250,33,6343,86,58,90,45,38,20,14,7,0,363,18,20,60,89,75,68,63,18,0,422,220,544,1529,1432,1255,1104,717,274,45,7122,0,11,54,58,37,26,33,11,6,236,168,348,829,662,592,431,305,146,47,3517,391,1429,6237,5036,3881,3062,1971,719,144,22869,0,15,322,330,321,213,62,6,0,1259,0,12,210,267,256,159,39,0,0,939,8,387,1901,1222,845,552,156,45,14,5121,14,143,537,616,579,395,133,29,10,2446,82,370,803,555,499,236,61,20,6,2636,47,97,155,82,64,38,13,5,0,494,6,27,59,92,80,64,16,11,7,360
LGA71150,0,5,3,10,10,4,0,0,0,37,0,15,42,39,36,23,3,0,0,161,0,0,12,12,7,3,5,0,0,30,0,0,0,0,0,0,0,0,0,0,0,3,24,9,8,10,0,0,0,44,0,0,3,5,4,4,0,0,0,17,0,0,12,4,3,0,4,0,0,21,0,0,0,0,0,0,0,0,0,0,0,0,0,4,0,0,0,0,0,5,0,0,12,6,3,6,4,0,0,27,0,0,0,0,0,0,0,0,0,0,0,0,3,0,5,5,0,0,0,11,0,8,54,27,23,19,10,0,0,135,0,0,3,5,0,3,0,0,0,3,0,0,0,0,0,0,0,0,0,0,0,0,5,0,7,0,0,0,0,14,0,0,5,6,3,0,0,0,0,12,0,3,0,0,0,0,0,0,0,4,0,0,0,0,0,0,0,0,0,0,0,0,0,0,0,0,0,0,0,0
LGA71300,162,99,164,105,68,51,27,4,0,679,167,124,285,187,161,121,44,7,0,1098,0,0,7,7,5,9,4,0,0,22,0,0,7,0,0,0,3,0,0,11,0,4,18,15,7,14,5,0,0,73,0,0,10,12,4,11,6,0,0,45,0,14,39,51,36,35,21,0,3,197,4,9,9,19,13,8,0,0,0,56,0,8,19,17,13,6,5,0,0,67,6,27,66,87,61,47,24,5,3,319,0,0,0,0,6,0,0,0,0,6,69,51,97,63,47,55,14,5,0,413,77,87,200,185,133,139,48,9,3,879,0,0,3,9,8,4,0,0,0,25,0,0,9,6,8,12,0,0,0,41,0,13,43,22,15,19,7,0,0,128,0,0,6,18,24,19,3,0,0,74,3,11,36,47,37,19,0,0,0,160,0,5,16,13,20,15,4,0,0,77,0,0,11,9,20,5,0,0,0,41
LGA72200,99,85,227,132,187,155,101,36,7,1039,120,212,696,464,514,382,206,70,10,2678,0,0,53,38,9,16,9,3,0,131,0,0,3,3,12,4,7,0,0,33,0,19,127,60,33,35,15,8,0,298,0,16,52,61,68,37,26,3,0,267,16,80,268,208,164,129,69,15,5,951,13,12,14,9,7,4,4,0,0,68,3,0,5,11,6,9,8,0,0,48,36,90,296,232,173,139,80,16,5,1067,0,0,3,0,3,5,0,0,0,16,60,67,154,124,108,112,71,29,8,739,94,190,690,531,402,353,203,68,14,2545,0,0,12,19,13,13,4,0,0,62,0,4,24,17,17,18,3,0,0,77,0,30,160,94,76,48,13,4,0,433,0,13,55,71,58,31,11,3,0,248,17,60,111,89,70,36,4,0,0,383,5,10,26,19,9,7,0,0,0,70,0,7,13,17,8,3,4,0,0,45
LGA72300,171,279,915,814,692,410,188,39,10,3511,259,672,1982,1953,1940,1247,566,126,20,8763,0,0,21,29,23,24,24,0,0,113,0,0,3,12,20,20,8,4,0,66,0,24,91,93,91,81,67,22,0,475,0,9,59,99,174,147,67,22,0,586,41,202,586,619,676,577,306,102,15,3121,62,29,24,12,12,6,3,0,0,149,5,7,14,30,31,21,12,9,0,132,110,243,624,648,719,604,322,111,11,3397,0,0,4,4,3,7,8,10,0,40,82,80,168,181,234,203,154,55,9,1164,196,358,974,1068,1265,1078,653,226,31,5842,0,4,14,23,31,23,13,0,0,107,0,0,22,46,37,22,11,0,0,137,0,35,170,215,170,107,37,3,0,747,0,17,82,187,164,70,33,8,4,561,32,68,184,230,179,58,18,9,4,767,32,28,27,30,26,16,4,0,0,161,0,7,15,25,31,23,8,0,0,110
LGA72330,117,263,312,203,142,72,14,10,0,1136,127,281,402,283,218,131,39,15,0,1503,0,0,10,4,0,0,4,0,0,27,0,0,0,5,0,4,3,0,0,7,0,0,17,15,8,14,11,0,0,57,0,0,12,6,4,4,0,0,0,32,5,8,35,46,29,22,8,0,0,163,0,6,6,6,4,3,0,0,0,27,0,0,8,6,8,4,0,0,0,30,5,20,53,62,41,34,14,0,0,221,0,0,0,0,0,0,0,0,0,0,31,31,56,48,42,26,14,0,0,246,34,48,143,141,105,80,42,4,0,590,0,0,5,3,6,4,0,0,0,18,0,0,3,4,10,5,0,0,0,16,0,4,34,21,20,23,3,0,0,105,0,3,9,12,22,9,0,0,0,57,0,11,16,13,17,3,3,0,0,68,3,3,10,13,8,4,0,0,0,37,0,0,0,10,8,3,0,0,0,21
LGA72800,139,152,347,284,226,173,96,45,13,1472,235,649,2439,2048,1485,864,317,110,26,8181,0,0,116,149,79,48,33,6,0,429,0,3,28,32,47,35,5,7,0,150,0,56,344,349,214,103,58,17,5,1151,4,35,219,318,336,170,51,17,0,1141,98,322,1148,968,721,491,207,62,12,4028,67,53,51,35,19,4,5,0,0,231,10,16,38,38,42,20,17,6,0,191,174,396,1230,1040,780,513,238,72,14,4451,0,7,11,18,11,6,6,4,0,63,104,145,388,338,286,176,99,35,21,1593,291,643,2335,2236,1755,1041,492,157,33,8983,0,0,47,40,35,18,8,0,0,146,0,7,53,57,47,20,3,0,0,185,3,61,432,295,154,69,22,4,0,1050,8,57,233,273,177,90,24,8,0,862,64,236,533,388,209,89,18,0,0,1540,43,58,89,50,34,14,0,0,0,282,0,10,40,51,26,16,7,0,0,151
LGA73600,103,49,122,96,76,58,31,10,0,540,109,83,268,186,171,143,67,17,3,1036,0,0,9,4,4,3,0,0,0,20,0,0,0,0,0,4,3,0,0,15,0,3,21,9,13,9,3,0,0,62,0,6,16,5,19,10,9,0,0,62,7,23,65,65,70,61,23,4,0,316,3,8,28,17,16,10,5,0,0,76,5,0,22,16,8,14,4,0,0,66,15,35,111,96,91,76,30,4,0,463,0,0,0,0,0,0,0,0,0,0,34,73,121,88,67,52,31,10,0,483,50,123,275,208,191,157,75,17,0,1099,0,0,5,0,0,5,6,0,0,14,0,0,5,8,8,5,0,0,0,19,0,3,31,16,32,12,0,0,0,93,0,0,9,15,16,11,0,0,0,63,8,8,24,23,14,14,0,0,0,103,8,17,37,28,17,4,3,0,0,103,0,3,6,6,0,5,0,0,0,18
LGA74050,19,11,27,29,11,12,7,0,0,123,18,21,63,66,45,31,15,0,0,258,0,0,0,3,4,0,0,0,0,11,0,0,0,0,0,0,0,0,0,3,0,4,12,4,7,4,3,0,0,26,0,0,0,0,5,5,0,0,0,11,0,0,17,20,17,9,3,0,0,68,0,4,4,0,8,3,0,0,0,17,0,0,0,5,0,0,0,0,0,8,0,0,18,20,22,12,6,0,0,90,0,0,0,0,0,0,0,0,0,0,18,12,12,19,15,11,6,0,0,95,21,18,44,48,53,34,18,0,0,235,0,0,0,0,0,3,0,0,0,3,0,0,6,0,0,4,0,0,0,11,0,0,10,4,14,9,0,0,0,47,0,0,6,12,9,12,0,0,0,38,4,3,13,15,18,0,3,0,0,59,0,9,11,9,9,0,0,0,0,38,0,0,3,7,7,0,0,0,0,15
LGA74550,34,58,75,38,43,29,11,7,0,301,44,95,131,87,103,83,34,16,0,588,0,0,4,0,4,0,0,0,0,7,0,0,0,0,0,0,0,0,0,0,0,0,17,0,4,8,7,0,0,27,0,0,13,10,5,7,0,0,0,37,13,22,45,34,22,24,19,5,0,183,0,11,11,4,9,5,0,0,0,42,0,0,0,0,7,0,0,0,0,8,12,32,63,45,39,28,16,5,0,231,0,0,0,0,0,0,0,0,0,0,30,25,41,18,39,28,19,3,0,200,46,56,133,75,87,69,44,11,0,518,0,0,0,0,0,3,0,0,0,7,0,0,4,0,0,3,0,0,0,9,0,10,22,14,7,7,0,0,0,60,0,0,6,11,8,10,9,0,0,44,5,13,36,12,17,7,0,0,0,90,3,11,9,14,5,5,0,0,0,43,0,5,0,5,4,0,0,0,0,13
LGA74560,0,4,0,5,9,3,3,0,0,31,0,4,13,20,33,40,23,3,0,143,0,0,0,0,0,0,6,0,0,9,0,0,0,0,0,0,0,0,0,0,0,0,0,3,3,9,6,0,0,18,0,0,0,0,5,5,11,0,0,17,0,0,0,6,16,17,10,5,0,54,0,0,0,0,0,0,0,0,0,4,0,0,0,0,0,0,0,0,0,4,0,0,0,9,17,19,11,5,0,64,0,0,0,0,0,0,0,0,0,0,0,0,0,9,7,3,4,3,0,23,0,0,0,18,30,33,33,12,0,132,0,0,0,0,4,0,0,0,0,7,0,0,0,4,0,3,0,0,0,5,0,0,5,8,18,7,0,0,0,36,0,0,0,0,4,3,0,0,0,11,0,0,0,4,3,6,0,0,0,13,0,0,0,0,0,0,0,0,0,4,0,0,0,0,0,0,0,0,0,0
LGA74660,61,66,83,162,95,47,12,5,0,533,65,104,228,327,225,128,32,3,4,1116,0,0,9,9,7,3,3,0,0,28,0,0,0,5,5,4,0,0,0,10,0,7,27,19,16,10,0,0,0,86,0,7,10,9,13,17,3,0,0,56,6,25,73,70,65,52,15,0,0,308,4,7,11,17,11,5,0,0,0,56,0,0,11,4,3,4,0,0,0,26,14,33,100,89,77,59,13,0,0,389,0,0,0,0,0,0,0,0,0,4,35,21,70,49,42,38,15,0,0,270,44,73,222,179,161,134,42,8,0,857,0,0,10,15,3,3,0,0,0,25,0,0,7,9,7,0,0,0,0,24,0,8,53,39,30,11,0,0,0,136,0,0,18,14,11,9,0,0,0,67,4,17,25,27,21,10,3,0,0,105,3,11,11,11,5,8,0,0,0,51,0,3,5,3,5,0,0,0,0,21
LGA74680,28,13,94,45,31,8,5,0,0,227,27,36,142,86,48,36,6,0,0,380,0,0,4,6,0,0,4,0,0,6,0,0,0,0,0,0,0,0,0,7,0,0,10,4,0,3,6,0,0,23,0,0,3,4,6,4,0,0,0,20,0,8,17,13,15,7,0,0,0,48,0,0,7,7,0,3,0,0,0,22,0,0,0,0,0,0,0,0,0,7,0,9,22,16,14,15,0,0,0,77,0,0,0,0,0,0,0,0,0,0,12,14,24,28,22,5,0,0,0,115,16,21,62,57,47,23,15,0,0,246,0,0,0,0,0,5,0,0,0,5,0,0,0,3,7,0,0,0,0,11,0,5,15,4,6,8,0,0,0,35,0,7,0,4,5,3,0,0,0,21,0,6,8,7,9,4,0,0,0,30,4,5,8,8,6,0,0,0,0,31,0,0,5,4,8,0,0,0,0,16
LGA79399,39,68,134,97,111,91,42,7,5,591,50,159,474,454,412,318,125,16,6,2020,0,0,26,34,4,10,7,0,0,85,0,0,6,7,11,4,4,0,0,30,0,6,73,78,47,22,11,0,0,239,0,6,33,49,46,29,14,5,0,186,7,40,150,179,184,132,74,8,0,777,10,9,4,3,4,0,0,0,0,33,3,3,0,9,9,0,0,0,0,31,21,51,160,194,194,142,77,8,0,837,0,0,0,0,0,0,0,0,0,5,43,42,149,138,127,91,46,18,0,647,58,111,440,501,424,297,158,36,0,2027,0,0,19,27,18,9,0,0,0,76,0,5,8,30,19,11,0,0,0,77,0,19,133,107,55,28,5,0,0,356,0,11,56,64,52,30,5,0,0,220,5,36,103,80,42,26,3,0,0,299,0,6,24,14,3,0,0,0,0,60,0,3,10,13,5,7,0,0,0,36
LGA79499,4,38,101,89,108,68,36,9,0,460,13,68,180,152,182,163,113,20,0,891,0,0,9,11,5,0,5,0,0,32,0,0,9,3,0,7,3,0,0,20,0,3,40,13,11,10,14,0,0,91,0,0,7,16,11,15,13,0,0,63,4,5,41,42,33,52,49,6,0,231,0,0,5,0,5,3,0,0,0,16,0,0,0,0,0,10,3,0,0,19,4,8,49,49,35,59,53,6,0,261,0,0,0,0,0,0,0,0,0,4,15,56,125,146,173,139,67,16,0,728,17,66,238,244,242,229,152,22,0,1209,0,0,9,9,5,3,0,0,0,23,0,0,11,0,0,3,0,0,0,14,0,19,59,21,7,18,8,0,0,132,0,4,9,8,16,21,12,0,0,68,0,12,19,16,11,15,10,0,0,88,0,0,6,0,0,0,0,0,0,15,0,0,3,0,3,0,0,0,0,8
LGA79799,0,0,0,0,0,3,0,0,0,7,0,4,17,20,11,4,0,0,0,49,0,0,0,0,0,0,0,0,0,0,0,0,0,0,0,0,0,0,0,0,0,0,5,3,0,0,0,0,0,6,0,0,0,4,0,0,0,0,0,6,0,0,3,0,5,3,0,0,0,16,0,4,0,0,0,0,0,0,0,6,0,0,0,0,3,0,0,0,0,6,0,3,7,4,8,4,0,0,0,25,0,0,0,3,0,0,0,0,0,3,6,0,4,4,6,7,0,0,0,21,4,3,16,16,7,12,0,0,0,65,0,0,0,0,0,0,0,0,0,0,0,0,0,0,0,0,0,0,0,0,0,0,0,0,0,0,0,0,0,0,0,0,0,0,0,0,0,0,0,0,0,0,0,0,0,0,0,0,0,3,0,0,0,0,0,0,0,0,0,0,0,0,0,0,0,0,0,0,0,0
LGA89399,674,1125,2492,1957,1669,1283,1139,838,446,11620,1292,7012,25558,23430,19259,15145,10208,4534,1632,108068,0,230,6683,7347,5273,3841,2618,1174,298,27454,0,70,1178,1367,1314,1254,963,294,24,6467,4,3338,11475,9016,6394,4432,3627,1756,512,40549,47,699,2792,3685,3267,2375,1501,688,196,15251,353,1998,6035,5028,4250,3416,2259,1377,449,25164,240,281,367,228,142,94,80,32,11,1471,47,114,246,376,315,343,324,179,59,2008,634,2398,6647,5633,4708,3856,2661,1590,513,28645,25,67,229,220,166,127,105,97,37,1076,649,1097,2299,1726,1271,1044,863,677,363,9993,1359,7898,31301,28998,22391,16928,12338,6278,1943,129433,0,202,3113,3050,2417,1564,511,134,25,11011,0,116,1490,1645,1625,1302,422,86,7,6695,16,3249,10723,7339,5696,3847,1735,617,175,33382,73,972,2789,3284,3143,2419,1195,487,201,14563,325,1446,2690,2292,1828,1055,402,194,62,10307,199,317,441,354,285,205,88,32,10,1924,48,174,329,606,649,651,298,121,63,2925
LGA89499,3,3,10,25,20,16,3,0,0,83,7,16,34,45,29,37,15,0,0,187,0,0,4,4,0,0,0,0,0,10,0,0,0,0,0,0,0,0,0,0,0,4,7,0,3,0,4,0,0,21,0,6,0,0,0,3,0,0,0,16,0,6,9,7,10,6,5,0,0,46,0,0,0,4,0,0,0,0,0,8,0,0,0,0,0,0,0,0,0,0,0,4,11,14,10,6,5,0,0,57,0,0,0,0,0,0,0,0,0,0,0,7,11,30,19,13,13,4,0,100,8,17,36,47,41,32,14,4,0,205,0,0,8,9,5,0,0,0,0,19,0,0,3,0,0,6,0,0,0,8,0,12,33,14,9,3,5,0,0,72,0,0,5,6,0,0,0,0,0,24,0,4,7,4,3,6,0,0,0,30,0,0,0,0,5,0,0,0,0,6,0,4,0,0,0,0,0,0,0,6
LGA89799,0,0,0,0,0,0,0,0,0,0,0,0,0,0,0,0,0,0,0,0,0,0,0,0,0,0,0,0,0,0,0,0,0,0,0,0,0,0,0,0,0,0,0,0,0,0,0,0,0,0,0,0,0,0,0,0,0,0,0,0,0,0,0,0,0,0,0,0,0,0,0,0,0,0,0,0,0,0,0,0,0,0,0,0,0,0,0,0,0,0,0,0,0,0,0,0,0,0,0,0,0,0,0,0,0,0,0,0,0,0,0,0,0,0,0,0,0,0,0,0,0,0,0,0,0,0,0,0,0,0,0,0,0,0,0,0,0,0,0,0,0,0,0,0,0,0,0,0,0,0,0,0,0,0,0,0,0,0,0,0,0,0,0,0,0,0,0,0,0,0,0,0,0,0,0,0,0,0,0,0,0,0,0,0,0,0,0,0,0,0,0,0,0,0,0,0,0,0,0,0
LGA99399,6,11,15,9,21,20,14,18,3,123,11,23,67,86,108,122,84,39,14,557,0,0,0,3,0,3,7,0,0,26,0,0,0,0,0,0,0,0,0,4,0,7,11,24,11,16,13,4,4,88,0,3,4,11,14,18,19,4,3,71,10,10,24,39,52,72,56,20,10,283,3,0,5,0,0,0,0,0,0,8,0,0,0,3,0,3,6,6,0,17,9,10,23,41,51,81,63,24,10,315,0,0,0,0,0,4,0,0,0,6,12,12,17,20,30,30,25,23,0,164,16,21,61,100,116,155,126,58,19,674,0,0,0,0,0,0,0,0,0,0,0,0,0,0,0,0,0,0,0,0,0,5,0,6,3,0,0,0,0,16,0,0,4,4,0,0,4,0,0,13,0,3,8,3,0,0,0,0,0,20,0,0,0,0,3,0,0,0,0,3,0,0,0,0,0,0,0,0,0,4
LGA99499,0,0,0,0,0,0,0,0,0,4,0,0,0,0,0,0,3,0,0,10,0,0,0,0,0,0,0,0,0,0,0,0,0,0,0,0,0,0,0,0,0,0,0,0,0,0,0,0,0,0,0,0,0,0,0,0,0,0,0,0,0,0,0,0,0,0,0,0,0,0,0,0,0,0,0,0,0,0,0,0,0,0,0,0,0,0,0,0,0,0,0,0,0,0,0,0,0,0,0,0,0,0,0,0,0,0,0,0,0,0,0,0,0,0,0,0,0,0,0,5,0,0,4,0,0,3,0,0,0,6,0,0,0,0,0,0,0,0,0,0,0,0,0,0,0,0,0,0,0,0,0,0,9,0,0,0,0,0,0,13,0,0,0,0,0,0,0,0,0,0,0,0,0,0,0,0,0,0,0,0,0,0,0,0,0,0,0,0,0,0,0,0,0,0,0,0,0,0,0,0
LGA99799,0,0,0,0,0,0,0,0,0,0,0,0,3,0,0,0,0,0,0,4,0,0,0,0,0,0,0,0,0,0,0,0,0,0,0,0,0,0,0,0,0,0,0,0,0,0,0,0,0,0,0,0,0,0,0,0,0,0,0,0,0,0,0,0,0,0,0,0,0,0,0,0,0,0,0,0,0,0,0,0,0,0,0,0,0,0,0,0,0,0,0,0,0,0,0,0,0,0,0,0,0,0,0,0,0,0,0,0,0,0,0,0,0,0,0,0,0,0,0,0,0,0,0,0,0,0,0,0,0,0,0,0,0,0,0,0,0,0,0,0,0,0,0,0,0,0,0,0,0,0,0,0,0,0,0,0,0,0,0,0,0,0,0,0,0,0,0,0,0,0,0,0,0,0,0,0,0,0,0,0,0,0,0,0,0,0,0,0,0,0,0,0,0,0,0,0,0,0,0,0
