SA2_CODE_2021,Managers_C11_M,Managers_C11_F,Managers_C11_P,Managers_C16_M,Managers_C16_F,Managers_C16_P,Managers_C21_M,Managers_C21_F,Managers_C21_P,Professionals_C11_M,Professionals_C11_F,Professionals_C11_P,Professionals_C16_M,Professionals_C16_F,Professionals_C16_P,Professionals_C21_M,Professionals_C21_F,Professionals_C21_P,Tech_trad_wkrs_C11_M,Tech_trad_wkrs_C11_F,Tech_trad_wkrs_C11_P,Tech_trad_wkrs_C16_M,Tech_trad_wkrs_C16_F,Tech_trad_wkrs_C16_P,Tech_trad_wkrs_C21_M,Tech_trad_wkrs_C21_F,Tech_trad_wkrs_C21_P,Com_pers_S_work_C11_Cens_M,Com_pers_S_work_C11_Cens_F,Com_pers_S_work_C11_Cens_P,Com_pers_S_work_C16_Cens_M,Com_pers_S_work_C16_Cens_F,Com_pers_S_work_C16_Cens_P,Com_pers_S_work_C21_Cens_M,Com_pers_S_work_C21_Cens_F,Com_pers_S_work_C21_Cens_P,Cler_admin_work_C11_M,Cler_admin_work_C11_F,Cler_admin_work_C11_P,Cler_admin_work_C16_M,Cler_admin_work_C16_F,Cler_admin_work_C16_P,Cler_admin_work_C21_M,Cler_admin_work_C21_F,Cler_admin_work_C21_P,Sales_workers_C11_M,Sales_workers_C11_F,Sales_workers_C11_P,Sales_workers_C16_M,Sales_workers_C16_F,Sales_workers_C16_P,Sales_workers_C21_M,Sales_workers_C21_F,Sales_workers_C21_P,Mach_oper_driv_C11_M,Mach_oper_driv_C11_F,Mach_oper_driv_C11_P,Mach_oper_driv_C16_M,Mach_oper_driv_C16_F,Mach_oper_driv_C16_P,Mach_oper_driv_C21_M,Mach_oper_driv_C21_F,Mach_oper_driv_C21_P,Labourers_C11_M,Labourers_C11_F,Labourers_C11_P,Labourers_C16_M,Labourers_C16_F,Labourers_C16_P,Labourers_C21_M,Labourers_C21_F,Labourers_C21_P,Inadeq_descr_Ns_C11_M,Inadeq_descr_Ns_C11_F,Inadeq_descr_Ns_C11_P,Inadeq_descr_Ns_C16_M,Inadeq_descr_Ns_C16_F,Inadeq_descr_Ns_C16_P,Inadeq_descr_Ns_C21_M,Inadeq_descr_Ns_C21_F,Inadeq_descr_Ns_C21_P,Tot_C11_M,Tot_C11_F,Tot_C11_P,Tot_C16_M,Tot_C16_F,Tot_C16_P,Tot_C21_M,Tot_C21_F,Tot_C21_P
101021007,220,139,360,236,129,369,271,173,445,110,161,274,124,192,313,154,216,369,183,44,228,173,53,227,227,50,276,33,109,137,32,87,125,44,126,174,29,145,179,42,153,189,41,180,219,25,67,94,32,78,111,41,78,124,97,10,105,106,8,114,141,10,151,94,48,144,104,52,160,126,85,211,21,3,27,34,17,49,31,13,41,829,728,1550,887,764,1644,1073,947,2013
101021008,259,202,458,241,215,451,271,244,511,273,394,661,263,347,609,284,429,710,620,89,711,605,69,669,634,96,729,158,303,461,148,325,469,155,344,499,239,721,964,187,645,837,170,583,752,133,250,380,142,224,366,122,198,322,318,21,338,262,24,282,265,27,292,286,180,467,271,138,414,270,126,396,59,43,103,49,42,94,53,36,96,2343,2203,4546,2160,2031,4185,2226,2089,4315
101021009,315,252,565,359,268,623,414,371,784,526,525,1056,464,585,1043,557,673,1236,675,117,789,645,107,755,726,140,864,224,326,557,251,460,715,264,469,732,305,754,1058,285,708,995,281,765,1046,181,266,443,226,298,520,229,270,499,300,28,324,285,8,299,355,23,382,343,142,485,362,161,526,402,161,563,82,77,161,77,61,138,76,67,145,2940,2486,5425,2943,2660,5608,3308,2940,6247
101021010,190,139,330,178,147,321,217,200,413,251,282,534,234,280,518,294,328,622,342,57,402,311,56,371,332,54,389,123,133,261,110,191,299,140,228,368,142,369,509,144,316,463,137,333,471,83,139,226,109,133,246,103,109,212,152,11,160,137,14,147,152,10,163,147,83,226,160,68,224,169,67,229,40,26,69,23,25,50,36,21,59,1476,1234,2711,1407,1239,2647,1574,1348,2922
101021012,827,505,1330,872,510,1387,917,643,1560,711,855,1565,674,859,1533,770,997,1768,736,137,870,679,122,799,690,124,811,269,369,637,282,433,712,269,433,699,360,1158,1513,348,1058,1402,300,972,1272,191,336,531,247,334,577,219,289,509,230,14,240,191,11,201,236,20,253,261,95,356,272,94,366,267,107,379,109,103,214,81,69,151,76,68,145,3690,3568,7258,3639,3485,7123,3748,3652,7398
101021610,0,0,0,86,44,128,424,328,756,0,0,0,97,136,239,442,542,989,0,0,0,95,18,110,357,56,416,0,0,0,42,59,102,154,192,347,0,0,0,44,149,190,143,470,616,0,0,0,31,25,58,77,109,190,0,0,0,28,0,27,89,4,95,0,0,0,31,8,37,91,33,126,0,0,0,11,12,26,41,49,89,0,0,0,452,457,904,1835,1791,3621
101021611,924,593,1516,927,651,1580,1064,872,1936,762,950,1706,732,980,1714,890,1190,2085,911,154,1058,953,164,1119,1070,206,1271,235,406,637,243,420,668,271,482,747,340,1116,1453,325,1072,1399,301,1085,1390,199,284,484,187,303,487,206,268,477,341,26,369,306,23,327,354,30,383,305,129,437,328,109,439,381,131,508,92,59,150,93,83,181,112,109,226,4108,3704,7815,4091,3818,7906,4655,4365,9023
101031013,178,86,259,166,82,250,170,85,255,41,80,115,40,76,117,33,81,116,104,28,133,95,29,129,91,22,113,12,72,88,16,77,91,18,91,109,14,85,103,14,96,102,8,88,95,25,44,71,12,44,62,13,58,71,127,10,136,116,16,133,132,17,145,120,54,168,105,50,154,104,66,173,14,10,16,24,8,29,10,5,20,627,474,1095,590,476,1063,587,511,1104
101031014,230,146,374,214,131,346,220,153,372,197,277,472,181,299,475,236,317,547,391,76,464,347,59,406,356,62,419,99,240,341,108,282,392,112,279,400,77,324,406,71,292,369,83,311,395,122,209,334,135,200,336,132,180,314,161,11,169,171,19,184,195,26,228,221,113,331,217,117,339,210,105,312,36,19,53,29,21,51,36,27,61,1535,1409,2944,1473,1425,2903,1578,1464,3039
101031015,278,147,432,281,145,428,276,154,431,64,151,218,68,142,207,90,161,248,165,44,202,160,26,189,191,40,233,44,82,130,41,93,135,34,113,153,35,162,193,29,165,197,30,171,199,26,71,102,38,66,108,34,69,106,89,4,91,80,7,93,98,8,110,117,63,174,118,74,190,128,80,207,11,13,29,13,9,25,21,16,36,843,728,1572,835,735,1569,917,813,1728
101031016,411,263,675,451,301,750,503,362,868,172,272,444,193,293,484,241,432,670,503,77,577,517,76,595,586,93,676,186,256,444,207,321,534,266,471,738,58,307,366,56,343,396,64,348,415,129,217,342,158,238,397,170,227,397,166,15,184,190,25,214,223,47,277,205,139,346,280,179,457,334,230,572,38,23,56,43,29,74,52,43,98,1872,1559,3429,2088,1807,3901,2437,2261,4701
101041017,168,113,275,175,128,305,200,166,366,122,187,311,101,185,288,115,233,349,373,70,440,357,63,423,411,90,505,105,227,338,101,246,346,118,331,453,42,259,303,58,256,317,64,307,369,141,244,379,132,229,365,144,249,397,133,12,141,138,9,148,159,12,175,204,100,304,213,100,308,266,126,388,31,24,51,35,18,50,42,27,65,1313,1234,2554,1306,1232,2535,1526,1548,3072
101041018,209,119,326,191,124,316,242,149,394,174,258,430,170,312,484,195,384,581,347,71,414,338,70,406,400,78,481,98,242,341,121,293,413,164,331,490,69,315,387,60,289,344,72,332,405,126,255,384,150,238,390,146,219,367,117,8,125,133,7,134,125,13,143,180,91,272,196,115,313,227,132,362,30,14,45,32,29,57,40,26,68,1349,1364,2713,1387,1473,2860,1615,1659,3279
101041019,243,132,376,209,139,352,256,143,398,239,357,605,243,405,642,257,510,766,414,68,483,383,82,468,423,83,503,103,275,373,120,297,417,149,402,551,87,349,437,79,343,421,75,335,403,127,228,354,129,254,382,114,238,352,191,21,212,173,20,188,178,21,199,367,198,562,388,171,559,385,205,588,26,18,47,30,16,51,41,26,72,1789,1649,3439,1755,1724,3479,1867,1964,3830
101041020,457,235,693,438,249,689,461,325,790,235,405,641,201,387,584,212,454,666,420,118,541,458,112,571,521,111,631,76,322,395,99,306,406,110,383,487,78,321,395,75,298,374,76,338,414,93,190,288,102,196,298,98,195,299,250,20,268,223,17,238,273,19,292,329,179,511,304,181,485,363,220,578,26,14,47,39,24,59,41,36,79,1974,1801,3776,1933,1768,3709,2164,2077,4240
101041021,71,44,111,102,52,154,121,77,202,106,132,240,92,166,260,131,247,375,158,16,179,174,30,208,200,35,240,31,89,119,41,120,161,62,142,201,24,101,125,17,141,157,26,138,164,44,62,107,59,65,124,48,66,118,40,0,41,59,0,56,51,11,63,62,36,98,61,40,95,103,44,147,13,5,18,10,4,14,15,13,30,543,493,1037,611,622,1234,758,779,1539
101041022,7,9,14,0,3,5,0,0,0,0,0,3,0,0,0,0,0,0,4,0,3,0,0,0,4,0,4,0,0,0,0,0,0,0,3,4,0,8,8,0,0,0,4,0,0,0,0,0,0,0,0,0,0,0,0,0,0,0,0,0,0,0,0,0,0,0,0,0,0,0,0,0,0,0,0,0,0,0,0,0,0,15,13,27,4,3,9,6,6,17
101041023,79,55,133,62,47,106,66,50,124,50,68,117,52,72,126,45,87,134,143,40,188,152,38,190,135,40,177,43,117,159,43,106,146,55,135,187,18,120,142,17,96,116,14,106,120,35,99,134,37,92,129,36,74,109,132,4,140,111,5,114,107,5,115,140,90,227,123,91,215,130,93,217,10,10,22,12,3,12,8,13,23,653,604,1256,602,547,1151,605,601,1207
101041024,150,83,236,126,94,223,140,98,241,55,126,181,59,129,190,63,135,198,185,34,225,188,54,244,215,61,272,35,111,143,43,124,169,48,145,192,24,152,179,20,153,172,24,150,177,35,76,115,44,71,109,44,71,114,70,7,79,86,6,92,99,3,101,119,52,171,110,71,182,115,49,158,14,10,20,14,12,20,19,23,40,689,657,1343,695,707,1400,763,739,1503
101041025,335,226,560,318,228,543,368,239,611,255,362,618,242,400,644,337,556,891,541,95,634,570,106,674,647,133,779,141,352,493,149,394,544,189,491,683,69,360,433,82,382,466,107,443,545,178,306,482,182,328,504,188,318,504,167,19,189,174,20,194,204,21,227,278,139,416,308,159,472,326,173,500,23,24,45,35,30,61,37,23,54,1988,1878,3870,2055,2051,4104,2390,2397,4790
101041026,178,115,293,194,126,321,210,160,371,192,286,480,180,316,493,210,368,575,368,80,451,395,85,481,458,97,551,103,238,342,93,263,355,118,315,438,60,301,358,80,301,376,75,342,420,117,171,291,115,194,311,104,204,310,175,11,182,150,15,170,186,13,200,224,122,340,197,120,312,230,120,352,19,17,32,27,26,48,40,32,70,1431,1345,2774,1448,1432,2874,1633,1650,3283
101041027,229,167,395,217,159,375,272,199,465,187,260,447,183,298,482,207,369,572,409,85,494,369,86,457,493,102,589,98,290,387,101,270,372,135,348,481,46,250,301,50,259,306,49,294,340,103,182,284,99,209,315,122,220,341,146,9,152,128,6,134,132,8,139,228,115,338,251,104,354,256,131,392,37,22,55,27,18,44,47,30,76,1474,1377,2850,1423,1422,2844,1714,1696,3403
101051539,558,343,903,606,366,974,644,488,1134,521,813,1333,504,926,1428,568,1092,1656,1107,202,1312,1154,216,1362,1317,240,1560,575,928,1499,577,1000,1576,607,1145,1757,277,967,1245,241,934,1173,246,1005,1253,348,643,990,420,630,1055,363,653,1014,726,83,809,717,82,798,798,103,908,716,414,1133,758,415,1177,868,499,1369,85,54,143,102,71,170,120,99,220,4918,4443,9362,5068,4635,9706,5536,5332,10874
101051540,908,420,1324,856,401,1255,976,506,1480,286,470,761,255,507,763,291,573,861,662,128,789,699,131,829,766,155,920,187,371,558,203,469,673,194,498,696,93,506,598,103,542,643,110,614,720,120,266,381,123,243,368,139,281,428,344,35,377,397,44,440,445,46,492,341,209,547,410,232,640,437,274,713,62,36,97,55,36,94,81,66,149,2992,2440,5435,3113,2592,5705,3439,3012,6451
101061541,228,153,379,213,174,387,228,181,415,223,280,507,192,341,533,232,367,606,399,76,478,354,77,433,451,74,525,108,255,365,131,295,425,129,344,467,103,346,448,107,320,428,81,351,427,88,174,269,99,138,240,103,137,239,195,7,201,174,9,176,172,9,176,221,109,325,188,90,277,201,94,298,32,17,48,44,25,64,35,28,64,1595,1423,3019,1493,1470,2959,1631,1592,3221
101061542,823,516,1333,895,554,1449,984,737,1720,536,667,1203,530,742,1272,606,891,1498,587,123,711,613,118,729,728,175,902,152,277,424,158,365,519,197,414,612,192,665,854,187,705,895,200,700,894,117,169,285,131,184,320,131,214,347,207,17,223,223,20,246,231,18,247,298,137,432,314,155,469,316,150,460,62,69,131,68,55,122,74,71,147,2971,2638,5613,3119,2896,6015,3471,3360,6830
101061543,386,177,566,395,194,589,394,207,598,203,368,574,168,377,547,188,418,606,576,100,673,545,84,628,608,110,715,76,305,380,79,362,445,108,483,584,85,397,479,93,392,482,104,407,510,174,349,519,171,327,502,183,321,502,239,20,255,256,16,279,248,33,284,420,174,594,444,215,658,424,193,626,65,27,90,30,25,50,48,40,87,2219,1922,4137,2188,1993,4186,2306,2215,4520
101061544,669,299,970,579,302,883,575,304,873,90,257,340,73,250,319,96,292,386,308,71,384,310,88,397,326,81,408,44,211,258,45,205,252,45,281,328,54,217,272,44,257,303,35,268,303,71,115,185,68,126,195,80,112,191,174,16,189,186,20,202,179,19,202,303,141,444,344,163,504,321,177,496,35,28,60,38,19,56,30,30,63,1750,1351,3099,1690,1425,3113,1690,1562,3253
102011028,279,162,440,332,171,503,372,229,604,434,555,988,452,608,1059,499,637,1136,452,62,513,467,42,511,404,67,471,134,260,393,145,288,432,119,289,409,83,335,422,86,343,428,97,340,438,115,194,306,122,200,327,116,179,293,102,12,113,86,5,97,91,14,110,154,58,206,159,61,228,150,74,225,29,15,45,24,22,42,23,19,42,1776,1653,3427,1887,1740,3626,1876,1862,3735
102011029,385,201,586,417,219,634,471,295,773,502,538,1035,471,606,1083,554,732,1283,648,103,751,638,114,753,613,94,703,140,332,478,145,397,547,149,363,516,125,485,609,147,530,680,129,506,634,171,287,457,173,254,424,138,245,379,139,24,162,141,21,162,144,20,163,231,88,316,252,115,367,232,80,319,53,42,98,55,34,91,52,23,74,2391,2098,4489,2444,2299,4741,2485,2357,4842
102011030,365,181,548,358,188,547,327,194,525,140,183,324,149,185,340,163,222,388,258,53,307,275,56,329,266,68,340,49,121,170,61,130,192,48,166,208,32,231,272,34,239,274,44,189,239,49,67,114,62,90,156,49,72,123,131,11,136,122,12,132,127,20,141,151,93,238,148,94,238,162,105,268,27,23,51,29,20,51,37,30,64,1192,971,2161,1234,1010,2246,1231,1068,2299
102011031,511,266,773,494,286,772,551,302,850,638,634,1269,604,721,1325,681,870,1549,592,112,707,597,112,703,596,113,713,205,357,561,195,416,615,208,476,685,148,717,866,183,671,852,152,686,834,264,424,689,238,402,639,226,317,536,163,16,181,161,23,179,164,21,186,301,133,431,307,154,467,320,130,446,38,45,88,41,31,75,49,41,93,2861,2705,5565,2811,2810,5627,2943,2951,5893
102011032,566,344,908,562,357,921,732,520,1256,903,1007,1910,1005,1150,2149,1211,1496,2703,888,191,1084,864,197,1066,974,194,1166,319,609,926,342,676,1020,422,902,1327,342,951,1292,306,869,1173,346,1006,1351,336,495,832,387,497,881,400,489,892,346,46,383,340,43,383,386,80,470,498,234,733,520,258,775,629,295,927,91,48,137,75,52,133,95,75,174,4283,3929,8210,4401,4107,8505,5192,5066,10255
102011033,204,132,341,224,131,358,232,157,390,186,279,465,216,277,490,260,365,623,481,70,549,438,78,512,464,84,548,140,225,361,122,233,358,110,261,378,129,406,536,125,391,511,118,366,482,166,209,372,122,211,332,135,222,358,169,26,197,182,25,213,175,23,195,186,107,294,218,106,325,201,101,303,19,15,37,36,18,51,35,38,75,1685,1464,3148,1684,1470,3155,1732,1620,3353
102011034,193,92,281,209,113,323,234,152,382,219,314,533,230,351,578,237,403,640,377,73,450,394,62,463,385,68,448,129,270,396,117,284,393,117,321,440,90,337,420,73,321,389,89,337,424,116,216,336,109,209,323,96,156,258,131,13,147,134,11,147,124,8,133,191,114,305,184,84,273,177,92,270,29,19,50,24,28,57,27,24,54,1460,1451,2916,1486,1457,2941,1492,1558,3054
102011035,212,73,290,207,119,325,211,173,384,289,364,651,295,389,684,338,490,829,414,64,472,411,69,479,441,72,509,97,241,344,121,270,391,111,285,395,115,403,514,106,353,461,123,378,501,124,247,368,117,218,337,116,201,316,151,38,183,166,24,192,177,37,212,198,111,309,241,108,349,221,115,337,36,26,65,44,32,73,29,12,37,1633,1564,3198,1713,1585,3294,1767,1763,3529
102011036,290,135,427,281,161,444,292,214,504,369,438,811,356,447,803,400,527,925,507,85,590,508,87,597,479,102,582,141,262,404,142,300,445,133,337,470,151,514,668,151,447,596,130,395,522,173,253,419,153,233,384,143,240,377,158,33,195,173,33,205,187,27,218,248,107,358,262,132,393,242,119,363,41,17,56,28,18,47,40,19,62,2078,1851,3926,2058,1851,3912,2047,1975,4021
102011037,212,91,304,210,122,333,239,163,397,323,323,649,315,398,715,391,438,829,291,48,344,298,53,351,292,56,351,98,188,287,107,211,318,100,225,326,117,342,457,117,308,424,98,312,408,105,159,267,121,187,306,119,154,275,102,5,110,95,13,104,101,21,132,142,61,200,139,64,209,162,66,228,24,20,38,35,9,43,25,11,38,1414,1242,2654,1447,1364,2813,1525,1454,2977
102011038,245,125,376,256,147,402,276,171,444,225,346,574,241,399,635,273,471,745,505,60,567,475,79,552,494,90,580,88,220,310,109,254,360,103,285,388,79,365,447,72,373,439,73,370,447,105,198,307,124,216,343,124,198,324,115,9,122,125,24,146,105,15,122,180,63,247,193,72,267,182,71,247,29,16,42,28,11,46,34,27,58,1570,1411,2986,1621,1563,3184,1658,1701,3360
102011039,609,295,902,654,334,986,787,431,1214,724,856,1584,807,1016,1829,917,1213,2127,683,120,803,720,120,839,705,130,830,232,435,665,266,489,754,269,499,763,179,669,843,180,700,877,173,740,910,270,426,700,252,377,628,241,380,621,157,18,175,151,14,172,178,22,201,263,92,355,279,111,392,279,115,396,53,35,91,56,40,97,65,37,100,3163,2943,6104,3364,3205,6568,3606,3565,7168
102011040,537,339,877,576,355,932,768,545,1315,630,765,1390,685,941,1620,799,1186,1992,1157,194,1348,1212,201,1417,1187,218,1403,304,707,1006,336,872,1208,338,937,1281,299,1066,1362,290,1038,1323,269,1088,1352,317,586,907,318,599,914,324,523,848,482,49,527,501,50,548,475,70,539,604,346,950,664,344,1008,608,297,902,101,64,164,125,69,194,105,59,162,4427,4098,8526,4707,4464,9177,4873,4923,9789
102011041,409,195,609,440,221,661,529,289,819,478,640,1115,537,688,1219,592,805,1399,629,97,729,557,104,666,589,99,687,151,320,468,189,340,530,200,392,594,97,521,622,115,529,644,102,579,683,173,262,441,177,293,469,166,262,424,137,13,145,110,11,124,143,24,164,239,75,316,225,78,300,222,96,316,41,23,64,38,27,69,52,36,85,2352,2160,4509,2381,2293,4672,2594,2583,5180
102011042,312,163,470,337,214,553,381,273,653,351,472,823,392,550,943,510,658,1172,630,119,747,677,145,824,686,139,827,190,441,627,180,477,654,162,542,705,230,596,827,202,571,779,183,588,768,225,345,570,191,348,541,168,318,488,268,29,294,269,37,304,288,44,332,347,169,519,382,198,578,352,211,555,49,36,81,67,54,120,63,61,123,2598,2365,4962,2705,2590,5293,2799,2824,5626
102011043,285,162,446,270,160,430,278,240,520,390,473,858,386,513,898,404,593,995,619,108,721,589,125,710,589,108,698,184,337,515,185,437,625,166,402,570,187,543,732,171,525,699,172,466,641,191,339,525,182,277,455,165,280,442,239,34,281,241,30,274,267,36,304,279,165,445,355,183,539,334,209,549,41,32,74,47,23,70,49,40,89,2404,2200,4599,2414,2277,4692,2427,2377,4802
102021044,516,311,830,556,358,909,610,432,1039,502,858,1353,502,971,1478,614,1205,1820,1343,207,1546,1403,232,1633,1413,225,1632,336,801,1143,345,846,1192,379,961,1338,234,989,1220,205,978,1184,263,1007,1269,381,749,1130,410,748,1157,305,599,908,497,52,550,536,51,588,489,84,573,657,330,985,690,345,1035,711,320,1028,85,58,146,90,63,152,97,57,148,4553,4350,8904,4739,4590,9332,4870,4893,9759
102021045,196,131,327,226,153,385,213,190,405,157,257,418,141,285,423,166,285,450,561,84,641,600,129,734,631,119,749,150,404,552,146,519,665,168,568,738,126,431,557,115,433,548,125,468,598,141,409,544,154,370,531,159,391,545,446,38,481,449,42,490,449,68,521,391,213,605,450,234,685,472,237,710,59,35,92,59,40,95,62,33,98,2231,2002,4227,2348,2205,4556,2451,2362,4807
102021046,169,101,270,182,123,306,195,150,353,159,259,412,143,306,449,194,383,577,547,68,616,570,80,651,568,85,655,114,321,437,123,369,496,155,430,588,72,333,401,79,365,440,95,368,469,121,275,397,140,262,401,113,249,366,274,27,298,280,29,313,276,40,313,309,140,451,333,138,467,332,132,466,39,30,77,42,20,57,36,21,59,1798,1555,3356,1893,1691,3583,1970,1871,3839
102021047,433,268,706,508,302,805,521,348,866,422,646,1064,426,725,1156,486,853,1338,1049,159,1212,1042,166,1199,1073,176,1246,250,549,801,238,609,848,268,738,1006,224,838,1061,220,822,1036,210,837,1047,284,559,843,269,555,826,268,440,712,390,63,451,424,49,470,451,82,530,564,226,791,556,227,785,515,229,751,55,45,95,73,46,115,64,40,108,3668,3353,7024,3755,3497,7245,3856,3741,7595
102021048,398,256,657,404,313,715,402,335,741,324,594,922,323,693,1014,360,737,1096,1109,176,1287,1172,199,1372,1121,199,1326,280,674,957,342,833,1175,351,1045,1395,220,801,1024,211,782,993,232,822,1051,297,666,963,293,633,924,290,603,888,647,75,719,713,86,799,712,105,811,720,352,1078,771,376,1149,787,365,1152,92,41,133,89,65,153,96,64,159,4104,3640,7745,4323,3969,8287,4342,4276,8615
102021049,176,100,275,185,101,287,213,123,334,136,155,291,124,193,315,129,214,339,187,30,218,229,51,278,236,43,274,33,77,113,43,104,147,59,126,189,27,151,179,40,164,209,31,181,215,45,80,121,45,94,137,52,87,136,90,11,102,74,8,84,93,4,101,91,49,136,109,57,163,96,48,143,14,13,27,15,16,28,23,20,44,799,665,1468,858,787,1646,933,849,1781
102021050,179,104,281,182,129,308,208,183,387,144,293,437,153,336,484,152,352,502,593,100,699,619,90,709,605,100,697,111,321,437,118,407,523,145,405,553,82,395,473,78,423,507,76,416,493,125,305,435,158,309,468,139,290,427,297,32,338,332,29,360,308,57,360,347,163,508,374,145,522,338,141,482,45,31,70,43,30,77,35,31,67,1922,1746,3677,2053,1899,3957,2013,1968,3975
102021051,203,104,307,195,108,302,233,143,371,221,251,476,226,308,532,251,313,565,322,43,364,307,44,348,283,56,336,62,182,241,73,192,268,90,218,314,77,305,389,82,315,394,90,271,366,93,143,241,97,144,231,74,142,215,133,18,155,136,20,157,126,20,149,136,73,209,130,64,198,126,76,200,22,16,39,19,12,31,29,12,45,1268,1137,2413,1262,1203,2464,1310,1250,2561
102021052,115,59,172,119,85,206,146,128,272,106,150,256,95,165,257,123,206,332,327,45,374,384,60,445,435,61,499,58,194,246,75,245,317,88,313,400,55,217,271,48,237,291,78,296,367,74,156,235,83,192,275,86,178,264,204,12,213,197,18,215,215,23,233,169,71,240,212,80,295,201,108,305,21,10,29,19,21,38,17,19,36,1127,921,2049,1239,1107,2349,1383,1331,2712
102021053,325,193,517,382,220,606,459,316,772,316,501,813,409,590,997,435,719,1158,705,106,813,818,134,952,820,130,950,200,451,650,221,581,802,228,677,899,114,561,676,135,608,745,141,611,759,215,394,610,249,413,657,224,373,602,312,26,337,295,35,332,312,45,354,412,207,618,423,210,636,484,211,695,55,23,75,60,48,103,69,70,142,2654,2446,5102,2986,2838,5827,3165,3154,6318
102021054,159,102,261,197,113,310,198,149,346,199,289,489,192,343,537,229,389,614,478,79,565,560,85,646,553,93,644,116,275,390,125,322,438,139,432,567,63,319,383,84,349,433,69,390,460,134,247,379,143,252,397,135,222,352,190,18,207,213,27,239,221,36,250,269,101,363,295,123,418,288,124,417,39,25,61,29,16,49,35,31,69,1650,1460,3108,1824,1634,3458,1870,1860,3729
102021055,186,89,279,182,114,295,179,116,292,163,205,365,158,253,413,197,275,470,268,53,327,296,69,362,309,70,386,108,161,275,94,182,278,101,231,334,81,277,356,86,269,357,73,280,358,75,185,264,89,173,263,71,154,224,140,10,150,155,22,173,152,37,191,157,73,227,154,80,236,146,91,240,18,14,38,22,20,39,18,20,40,1195,1077,2279,1227,1179,2408,1256,1275,2531
102021056,391,196,580,489,289,774,653,381,1038,339,434,775,434,621,1053,626,1008,1638,665,134,796,850,153,1002,1123,185,1308,209,385,591,264,600,869,399,924,1321,189,636,822,210,757,963,266,959,1222,213,431,639,269,521,789,340,625,968,360,47,403,441,54,498,572,107,679,346,172,517,442,203,640,595,291,894,53,27,82,66,53,111,88,56,145,2761,2447,5209,3456,3241,6697,4670,4545,9206
102021057,180,94,271,180,112,295,221,121,340,173,231,406,183,238,419,210,288,503,396,78,483,402,91,492,387,84,471,90,255,345,128,326,454,123,402,530,99,319,417,95,345,440,107,338,446,121,225,344,110,232,339,126,184,314,247,31,276,243,24,271,274,43,316,315,149,462,365,168,539,349,176,525,48,14,61,59,26,80,39,24,64,1678,1395,3071,1759,1562,3328,1845,1666,3511
103011059,314,149,466,314,194,508,367,260,634,250,436,684,275,550,824,314,662,973,614,110,721,636,113,745,726,132,857,162,313,472,218,452,668,237,628,871,102,493,590,113,495,611,170,549,715,146,300,449,179,325,505,191,331,520,342,15,352,346,21,371,412,24,440,337,193,529,389,212,601,427,216,642,32,13,47,45,29,71,52,38,94,2285,2024,4305,2506,2395,4905,2901,2842,5741
103011060,434,234,669,383,215,598,438,242,679,208,366,571,163,389,548,189,423,609,403,77,480,424,80,501,427,89,516,89,193,287,96,198,293,96,237,334,72,330,399,66,328,385,49,360,407,68,138,207,76,147,230,81,125,206,178,18,188,184,21,202,210,23,234,210,133,342,194,117,308,226,120,347,27,20,49,32,25,53,31,34,71,1684,1499,3187,1616,1510,3127,1754,1650,3407
103011061,254,109,364,259,108,368,242,123,369,51,130,182,50,145,197,86,148,236,279,50,333,232,37,271,251,60,308,37,126,166,36,141,180,49,160,207,23,179,201,23,166,190,29,160,185,23,85,108,32,103,135,37,82,121,268,35,302,267,37,302,267,36,299,176,116,290,137,107,246,174,107,279,34,19,54,29,22,49,37,28,63,1154,855,2007,1070,866,1934,1163,910,2075
103011612,243,159,405,259,170,431,243,193,440,401,539,939,345,560,899,393,582,971,504,82,590,465,114,579,486,106,591,181,414,594,258,448,705,274,563,833,120,349,466,91,331,421,123,334,454,196,337,531,172,320,494,195,262,458,238,15,254,208,15,221,255,25,276,395,203,593,334,188,526,357,193,551,49,27,74,46,25,66,41,23,68,2327,2120,4452,2176,2167,4341,2357,2286,4643
103011613,448,219,674,440,247,689,472,316,790,469,686,1156,467,759,1225,500,918,1417,768,120,881,729,117,848,836,154,989,226,408,633,276,528,806,348,717,1067,178,651,830,143,655,799,170,721,889,196,400,598,213,371,582,240,370,603,329,24,349,366,14,388,419,34,450,410,261,676,403,258,665,436,271,704,60,43,96,61,39,97,78,53,125,3078,2807,5887,3096,3002,6101,3485,3559,7039
103021062,692,292,986,547,224,769,527,231,758,100,275,381,83,243,328,86,233,320,263,62,315,277,52,328,253,40,289,45,219,266,43,218,258,49,257,304,27,238,258,32,215,241,35,222,250,60,125,183,69,105,173,53,84,135,225,25,252,191,24,216,227,33,259,202,125,320,200,106,303,167,119,285,41,22,67,30,22,48,28,21,47,1656,1383,3033,1464,1209,2674,1414,1238,2647
103021063,285,143,426,258,147,405,312,171,483,164,293,457,167,325,496,172,325,497,438,77,517,424,70,491,443,75,515,80,271,356,88,306,394,104,399,506,70,321,392,65,313,376,66,355,416,139,224,367,150,257,403,157,228,390,226,7,230,196,21,217,233,19,250,335,142,483,380,151,530,379,153,533,41,31,73,37,21,63,45,22,70,1780,1512,3296,1761,1613,3379,1920,1748,3667
103021064,464,220,681,429,174,605,438,206,646,102,214,309,69,205,277,82,231,310,237,37,272,213,42,256,239,56,287,46,163,214,41,188,225,45,214,258,29,165,192,24,179,199,24,197,215,50,86,134,54,99,156,45,108,149,147,10,157,148,9,160,156,15,165,193,112,305,211,122,335,200,121,319,21,18,40,37,16,51,16,16,31,1287,1017,2302,1227,1035,2267,1239,1154,2397
103021065,632,284,918,539,245,788,586,275,861,169,408,577,167,429,596,203,469,669,470,91,563,514,88,596,493,99,590,68,300,368,81,326,408,93,397,485,65,393,458,62,359,421,69,354,419,147,213,362,161,221,387,146,230,380,298,19,316,307,28,338,323,35,358,323,176,501,377,174,549,377,203,579,44,30,74,47,42,92,53,36,88,2228,1910,4134,2258,1916,4177,2342,2088,4431
103021066,337,168,509,321,155,479,295,150,447,53,126,178,44,137,177,47,144,194,124,20,143,129,29,158,117,35,148,25,99,128,17,92,110,22,120,144,13,101,119,13,117,132,23,110,125,25,58,82,28,64,87,35,57,88,96,8,104,90,8,98,108,8,113,110,55,160,119,56,173,133,67,198,11,3,18,7,5,14,10,9,20,797,641,1438,771,667,1433,781,698,1478
103021067,337,179,511,329,175,504,343,212,556,247,411,659,239,434,675,269,485,756,584,132,719,589,112,705,580,128,703,100,342,441,116,384,500,103,482,582,118,502,621,101,430,530,95,471,566,157,343,501,163,291,454,158,299,448,518,28,551,454,31,483,535,52,587,299,153,456,273,167,435,335,184,515,40,32,70,54,34,83,40,36,73,2415,2113,4526,2317,2062,4380,2457,2331,4793
103021068,361,149,514,322,150,465,305,130,433,37,112,147,36,131,165,42,132,175,134,25,159,118,26,145,143,20,165,29,101,125,26,81,109,29,102,129,11,105,124,13,98,111,14,106,121,23,46,67,23,50,70,17,38,55,120,8,127,103,15,120,99,17,112,90,45,142,94,61,150,86,49,138,6,6,16,17,0,19,15,18,31,812,602,1412,748,604,1352,748,615,1361
103021069,542,271,819,458,237,691,398,205,606,95,162,258,85,181,267,88,210,294,285,79,360,281,67,348,314,58,372,33,167,201,33,156,184,29,205,236,34,213,248,33,205,237,34,208,245,42,108,151,47,113,156,42,113,158,283,32,314,256,26,279,257,42,298,185,116,295,179,126,305,161,115,276,31,17,46,35,14,48,31,20,50,1529,1157,2687,1399,1123,2526,1360,1180,2533
103031070,208,128,339,222,135,355,277,156,428,202,359,562,191,380,572,207,426,636,704,123,826,676,113,795,640,104,741,168,424,591,155,423,579,181,482,666,99,544,640,107,514,619,114,505,617,101,299,400,121,302,420,141,270,406,638,28,663,502,30,536,486,41,520,318,211,527,316,250,572,295,238,536,52,27,70,54,35,87,49,42,86,2486,2140,4619,2344,2180,4522,2383,2265,4647
103031071,255,167,424,222,160,380,292,213,508,166,257,424,132,257,383,157,321,476,515,85,599,477,89,566,547,89,632,117,248,367,131,296,426,131,363,493,65,357,421,59,357,418,72,382,452,71,203,270,68,173,237,55,167,222,469,14,481,416,20,437,388,19,407,217,175,393,229,141,370,255,154,414,37,23,62,38,21,56,27,25,58,1913,1527,3436,1768,1507,3275,1927,1738,3658
103031072,324,196,515,330,219,550,366,260,628,251,441,693,272,484,756,322,613,937,679,121,796,756,133,896,914,156,1069,106,350,448,98,427,524,138,601,738,54,412,471,90,436,521,92,482,576,172,337,507,177,356,535,171,353,517,545,39,586,592,45,632,675,80,757,319,208,533,340,220,560,354,289,641,30,27,62,36,21,65,56,40,91,2484,2128,4610,2693,2343,5039,3088,2871,5949
103031073,143,84,225,113,68,181,136,85,225,47,96,139,41,78,117,35,94,134,156,44,205,146,44,190,153,36,186,20,81,108,24,94,122,34,105,141,17,85,97,8,95,104,9,83,96,22,53,72,31,45,77,24,61,82,144,11,155,110,5,115,114,6,128,97,69,168,97,67,161,80,62,143,17,9,25,9,14,22,14,16,28,669,526,1189,579,503,1085,606,557,1162
103031074,598,307,906,541,280,821,561,333,895,147,354,500,126,328,452,166,434,598,538,93,627,530,101,630,668,138,801,53,240,292,66,282,342,72,356,433,54,350,408,45,343,390,58,422,479,95,205,298,90,209,301,94,225,319,457,25,484,481,30,506,563,57,621,348,174,515,325,197,524,346,255,599,46,31,75,37,30,68,55,37,86,2330,1777,4111,2238,1797,4038,2588,2241,4829
103031075,0,0,0,0,0,0,0,0,0,0,0,0,0,0,0,0,0,0,0,0,0,0,0,0,0,0,0,0,0,0,0,0,0,0,0,0,0,0,0,0,0,0,0,0,0,0,0,0,0,0,0,0,0,0,0,0,0,0,0,0,0,0,0,0,0,0,0,0,0,0,0,0,0,0,0,0,0,0,0,0,0,0,0,0,0,0,0,0,0,0
103041076,350,198,548,359,198,558,388,228,616,150,247,398,148,313,461,158,353,506,367,90,456,371,96,466,405,113,517,67,204,272,70,250,312,94,306,396,54,317,369,45,316,367,59,328,385,74,127,202,72,156,228,76,148,224,395,28,421,319,28,343,313,21,332,238,159,392,281,145,426,306,157,464,31,23,56,34,32,69,37,29,70,1724,1396,3117,1705,1530,3230,1837,1680,3513
103041077,484,259,746,439,303,741,478,334,812,626,968,1593,568,990,1557,700,1169,1873,1068,171,1236,916,199,1114,981,198,1178,230,619,848,236,690,923,284,825,1119,233,825,1056,171,725,902,174,760,939,316,507,826,288,457,745,258,406,662,662,66,734,519,47,566,508,61,564,712,458,1175,619,344,964,589,358,948,84,57,137,72,61,136,84,53,139,4413,3939,8353,3824,3823,7643,4059,4175,8234
103041078,607,289,895,679,375,1055,806,508,1315,671,907,1578,791,1228,2022,969,1609,2580,1093,200,1291,1198,185,1379,1415,250,1668,209,592,806,293,776,1069,397,1070,1467,247,1006,1253,264,1047,1314,331,1177,1508,294,468,758,358,561,912,368,567,937,628,64,692,548,41,594,703,70,778,427,262,694,549,296,842,635,343,977,65,40,107,61,46,104,92,75,163,4239,3831,8070,4749,4554,9298,5713,5675,11386
103041079,853,366,1219,782,355,1134,856,435,1297,350,565,911,356,649,1008,363,690,1055,636,119,758,679,115,794,697,148,841,102,335,432,107,351,459,121,419,539,100,621,717,102,602,705,89,628,719,102,239,348,147,250,396,139,217,354,414,40,458,352,30,381,374,33,411,370,185,553,400,183,573,405,202,607,56,33,91,49,46,92,66,40,103,2985,2500,5490,2974,2568,5547,3117,2822,5932
104011080,407,241,651,351,232,586,393,269,665,388,548,934,380,624,1004,407,708,1115,765,151,913,729,153,885,738,148,883,324,657,983,345,675,1017,404,898,1305,180,717,902,204,681,887,169,710,881,304,571,876,248,502,748,281,483,760,440,26,474,429,23,455,474,33,505,620,249,874,544,268,811,632,321,957,77,47,122,64,40,103,72,47,124,3504,3225,6731,3304,3191,6495,3581,3613,7194
104011081,527,298,828,524,281,805,579,342,925,291,495,791,246,516,756,262,576,840,664,131,798,669,139,802,739,168,904,190,500,683,199,502,702,222,633,853,103,528,631,120,546,660,109,575,680,177,351,530,182,368,546,163,328,489,502,22,520,489,24,514,514,40,549,532,248,775,480,224,709,562,281,849,64,40,103,58,39,104,72,70,141,3049,2605,5657,2967,2647,5616,3211,3012,6225
104011082,396,238,633,378,228,608,467,291,764,343,484,823,374,555,927,405,708,1114,649,132,780,654,151,803,755,166,918,201,474,675,182,509,692,231,654,890,86,509,592,82,489,570,85,555,638,187,423,606,177,408,582,196,379,575,274,19,293,302,17,323,298,31,327,489,240,726,482,225,708,564,286,852,41,28,69,43,40,88,78,47,127,2669,2537,5209,2687,2622,5305,3081,3118,6197
104021083,181,126,303,159,124,286,193,142,339,220,332,553,228,364,595,283,462,742,249,47,300,268,57,323,276,52,325,64,220,282,72,212,286,81,266,350,46,184,233,46,169,213,52,190,242,58,97,156,67,115,185,68,123,189,112,10,120,102,8,108,99,5,109,148,79,231,144,77,219,149,92,240,23,18,43,23,20,42,22,18,46,1105,1116,2219,1111,1146,2259,1225,1358,2588
104021084,490,314,804,451,312,760,490,335,828,459,601,1067,451,731,1181,523,829,1350,756,139,897,777,152,923,839,184,1027,241,514,754,272,619,890,314,823,1131,175,783,959,194,753,948,206,755,961,317,520,831,324,485,814,328,487,815,305,28,328,330,32,363,322,34,354,482,248,726,571,273,847,610,306,916,57,40,96,71,53,121,79,63,144,3280,3175,6460,3430,3409,6843,3708,3815,7523
104021085,278,182,470,268,164,435,263,176,434,317,417,730,325,479,805,337,604,943,460,83,536,412,108,513,457,85,541,141,328,465,144,368,508,193,481,672,108,440,549,96,395,492,117,450,563,180,286,466,197,304,498,205,301,504,180,15,190,155,12,163,178,16,193,283,129,415,313,190,508,396,206,606,38,24,66,37,24,60,46,35,84,1985,1905,3888,1950,2032,3984,2193,2345,4540
104021086,154,76,223,145,78,224,132,89,221,106,189,296,96,202,297,117,214,329,236,48,286,231,37,260,269,49,317,54,139,192,54,136,194,66,165,232,30,197,229,38,196,229,33,191,229,47,103,149,65,107,171,52,111,159,100,3,103,117,5,124,112,10,115,123,58,182,128,67,191,136,73,212,11,7,16,20,17,41,22,20,42,857,824,1677,891,843,1734,934,921,1863
104021087,208,127,333,173,104,278,186,106,293,54,108,160,44,88,133,71,121,192,100,26,134,113,25,143,102,26,127,21,97,118,24,97,124,34,92,128,15,99,112,14,103,117,15,105,120,19,51,68,28,42,68,28,58,89,83,8,86,92,3,97,81,11,88,129,69,192,133,78,208,115,73,184,16,7,22,13,10,24,17,16,31,644,581,1222,631,555,1179,641,603,1245
104021088,318,161,479,361,210,564,399,280,679,378,434,806,408,563,976,542,735,1280,423,68,486,436,85,521,528,93,623,104,242,338,136,306,443,198,451,651,91,453,543,108,445,553,129,521,656,165,267,436,141,251,398,160,287,449,128,7,134,154,16,173,164,19,183,225,87,315,243,103,342,255,103,362,17,17,41,36,19,54,39,33,75,1848,1745,3594,2024,1992,4016,2422,2532,4953
104021089,518,301,822,502,326,825,603,407,1014,567,793,1360,572,942,1513,641,1094,1733,910,148,1057,933,163,1089,976,169,1147,256,728,990,270,783,1048,349,957,1310,226,916,1144,217,866,1081,206,858,1061,364,626,987,336,588,925,355,559,915,407,34,445,436,34,469,428,29,457,599,321,920,636,281,919,673,309,985,63,45,105,74,50,130,66,57,127,3912,3922,7831,3971,4030,8001,4297,4448,8747
104021090,111,71,176,118,92,208,137,90,229,113,196,316,125,223,349,132,253,384,230,44,276,224,32,259,264,43,304,47,147,191,58,153,209,85,199,277,31,158,182,29,173,204,39,177,209,54,113,170,48,105,151,47,99,146,92,8,101,120,3,125,107,4,110,149,75,229,176,71,247,147,68,221,18,16,36,14,8,22,13,9,25,850,831,1687,919,869,1783,958,954,1911
104021091,378,230,604,446,259,703,571,367,939,265,437,703,270,488,764,367,699,1065,577,96,670,576,89,665,711,128,836,154,398,550,148,408,557,228,626,855,92,434,530,103,444,545,117,546,660,120,265,387,128,257,386,170,292,460,244,13,252,264,17,281,263,27,287,401,202,602,510,356,865,579,443,1020,48,23,66,53,39,95,53,45,97,2269,2094,4369,2508,2360,4863,3044,3171,6215
105011092,243,148,390,186,112,300,201,113,309,93,175,266,67,159,229,49,168,216,147,19,163,121,23,144,110,17,128,87,162,251,85,158,243,79,148,227,29,150,177,26,107,133,27,112,140,25,65,89,21,46,69,17,33,49,103,6,109,79,5,84,91,8,94,140,61,201,118,58,168,92,51,146,26,16,43,26,22,41,19,19,38,887,806,1692,726,685,1414,683,670,1358
105011093,225,118,347,191,126,317,179,118,293,93,137,226,100,138,239,78,130,201,380,46,429,313,55,368,291,58,353,27,151,181,30,147,179,24,118,141,21,169,188,17,164,186,24,153,178,29,104,129,21,87,114,24,83,109,399,42,441,323,32,361,271,54,331,113,125,243,106,102,215,110,103,214,30,14,47,23,14,40,16,14,28,1309,919,2227,1140,876,2017,1019,832,1853
105011094,372,180,552,324,146,470,275,130,407,37,149,188,37,142,181,37,164,205,138,24,163,114,33,146,110,22,129,42,145,189,43,122,164,36,150,187,25,140,168,18,145,158,19,129,144,32,47,81,29,55,77,26,36,62,106,16,114,80,5,88,81,16,96,185,57,244,138,60,197,153,67,222,29,12,37,21,14,39,25,18,39,973,769,1742,798,725,1529,769,728,1501
105011095,417,183,598,331,171,503,318,160,478,80,174,257,63,171,234,67,178,248,208,43,255,238,34,273,215,44,254,35,167,199,35,191,219,30,175,204,36,182,215,40,151,188,30,158,184,32,90,120,35,88,123,36,67,96,256,34,283,210,25,237,226,36,256,194,105,303,173,106,275,164,126,292,27,23,51,24,17,34,32,22,48,1283,1000,2283,1137,944,2083,1116,961,2074
105011096,418,215,634,358,166,527,294,161,458,100,217,317,83,215,299,70,167,236,181,43,223,158,34,192,107,25,141,92,217,315,94,210,308,100,187,294,32,213,243,22,180,200,24,136,161,44,76,120,41,78,111,29,55,80,183,27,202,157,26,184,109,23,127,266,100,363,214,90,302,134,88,223,30,21,57,26,24,53,20,19,40,1339,1123,2460,1149,1017,2164,887,865,1751
105021097,423,268,689,357,288,644,373,305,677,361,691,1051,357,757,1116,361,816,1181,944,169,1104,861,158,1022,962,153,1115,288,702,984,299,750,1045,326,843,1173,180,641,821,153,602,752,140,611,750,198,470,669,259,447,703,207,430,637,742,22,764,688,30,724,705,32,737,450,327,780,447,314,760,442,296,735,77,60,133,89,48,138,82,73,155,3652,3350,7005,3507,3395,6903,3605,3570,7172
105021098,299,161,461,246,138,382,220,107,323,49,84,133,30,59,90,35,66,101,54,17,79,36,12,39,20,17,32,40,85,125,41,70,103,18,64,83,16,61,72,11,37,46,11,50,61,3,18,20,7,18,20,8,16,23,69,0,67,37,3,38,34,5,41,177,75,251,125,54,180,85,61,144,13,8,21,22,9,28,9,0,13,715,512,1230,537,393,936,439,383,825
105031099,565,257,829,515,236,751,472,255,731,116,312,432,110,308,414,96,302,399,274,60,333,242,65,298,244,50,298,68,263,331,69,265,330,70,270,340,34,205,243,49,197,245,41,199,241,71,156,227,67,119,181,57,122,172,212,17,226,174,14,187,180,21,206,266,151,418,243,152,392,286,154,444,33,17,51,35,19,53,47,16,60,1644,1447,3095,1496,1370,2871,1500,1394,2890
105031100,348,182,537,308,194,498,289,210,502,315,624,931,289,553,843,319,603,923,651,104,754,572,80,653,668,103,774,170,426,594,165,423,586,213,494,709,154,614,772,131,528,657,122,528,652,243,372,616,225,346,570,220,299,516,342,15,360,314,19,327,297,25,324,362,208,572,367,181,545,396,182,580,44,35,73,54,36,90,50,38,87,2637,2574,5206,2420,2364,4782,2576,2478,5060
105031101,505,299,801,528,326,854,588,415,999,532,943,1481,553,1031,1582,670,1366,2039,985,159,1143,1014,154,1171,1124,212,1328,272,631,904,311,772,1081,517,1088,1607,239,872,1109,220,836,1058,293,948,1239,311,505,812,363,530,887,408,536,939,366,23,386,395,28,420,487,42,530,476,268,745,557,314,868,570,307,872,66,41,105,60,54,116,89,85,167,3753,3735,7489,4009,4039,8046,4741,4987,9727
105031102,255,138,389,278,167,445,298,228,522,199,310,507,223,396,619,287,534,821,372,71,446,473,80,550,528,94,616,100,239,337,135,345,483,252,476,728,87,391,475,91,417,504,127,443,571,152,258,409,199,253,456,182,245,429,227,8,237,216,19,236,267,28,289,248,160,409,284,166,446,359,174,536,23,19,45,43,26,70,62,38,100,1660,1596,3253,1945,1869,3815,2352,2258,4615
105031103,408,190,597,408,189,597,404,226,630,141,268,408,127,322,449,145,332,486,312,47,360,381,63,445,393,83,475,44,148,191,52,184,235,61,213,280,58,320,377,59,323,378,59,327,393,92,131,224,96,136,231,76,134,212,148,11,161,159,11,172,199,16,218,189,81,268,163,75,236,200,85,281,31,14,47,27,17,47,35,16,57,1421,1215,2630,1479,1311,2786,1574,1454,3030
105031104,392,178,574,359,164,525,340,169,510,56,183,237,48,178,227,28,220,249,162,44,212,172,42,215,168,42,206,51,177,228,45,176,220,49,173,222,21,117,141,23,119,143,21,122,143,42,80,118,44,71,118,46,89,135,100,10,113,123,13,127,119,3,123,168,71,241,168,79,244,137,71,208,6,14,16,16,9,24,25,18,39,1010,879,1889,994,856,1847,933,901,1842
105031105,512,195,715,463,160,622,407,187,591,111,259,372,82,252,337,82,266,345,286,60,344,281,62,339,285,51,337,52,218,269,41,232,273,60,257,319,50,251,293,37,241,275,24,228,255,67,128,199,63,120,187,56,113,171,272,25,299,232,34,267,264,34,293,241,114,361,186,98,289,219,106,329,21,17,33,27,15,43,31,25,55,1605,1269,2873,1411,1217,2635,1428,1271,2705
105031106,450,168,615,352,161,516,351,159,512,129,317,440,107,295,402,113,289,401,281,59,343,316,53,372,312,63,375,118,321,442,129,310,438,173,356,522,58,244,296,57,226,283,46,275,320,90,152,241,74,154,233,79,154,233,182,16,193,180,12,191,216,16,231,267,116,384,271,118,391,284,161,446,34,26,62,23,22,51,43,24,67,1607,1407,3017,1521,1363,2882,1608,1497,3106
106011107,343,212,552,372,236,606,480,372,854,243,334,575,223,396,619,309,605,910,733,120,847,768,135,902,1026,199,1230,72,290,366,96,348,439,163,540,701,82,432,511,85,452,538,99,582,681,95,244,345,115,293,405,148,343,495,675,60,736,604,91,690,749,150,898,243,209,452,283,220,504,364,294,659,53,22,80,50,26,73,69,50,126,2533,1933,4460,2583,2183,4770,3402,3145,6553
106011108,341,261,605,371,290,664,369,353,725,289,500,789,275,573,849,282,616,897,1231,209,1440,1119,203,1320,1269,240,1512,208,697,907,262,761,1022,333,1066,1402,140,692,833,108,681,784,132,677,812,219,649,873,258,626,882,259,599,860,1042,68,1115,907,79,990,928,129,1050,625,463,1089,641,498,1143,718,536,1253,88,46,133,87,44,126,104,59,159,4192,3592,7783,4029,3758,7791,4391,4284,8671
106011109,237,148,388,259,161,420,322,215,543,205,273,478,158,298,463,243,401,640,442,96,538,491,116,605,634,128,761,62,239,300,81,257,340,110,395,506,62,322,377,54,361,416,69,420,486,70,176,249,89,205,294,89,189,277,335,12,345,321,26,343,393,37,424,201,155,354,234,146,376,261,188,445,38,16,57,39,24,56,55,32,92,1647,1439,3085,1726,1582,3314,2172,2010,4182
106011110,415,226,636,403,204,607,438,263,702,208,305,515,208,345,554,230,417,652,539,96,636,585,115,701,687,121,804,61,267,324,60,303,362,77,380,462,68,387,455,63,431,488,84,437,523,83,206,290,81,200,279,89,217,307,340,17,354,338,24,364,371,36,408,281,159,441,306,162,471,292,186,476,41,25,65,37,27,65,44,32,74,2030,1697,3721,2075,1812,3888,2311,2093,4403
106011111,233,173,409,240,208,454,328,321,649,188,373,562,215,445,664,260,688,947,1175,175,1353,1085,191,1277,1430,253,1683,156,541,701,195,629,827,276,997,1274,128,662,787,130,659,793,209,877,1084,142,501,642,185,528,708,246,608,847,931,60,990,869,89,959,1020,137,1157,576,412,988,659,438,1097,742,495,1235,83,47,129,63,41,108,97,56,150,3613,2940,6552,3640,3239,6880,4591,4416,9014
106011112,495,219,714,439,225,663,451,276,722,487,544,1033,382,560,941,386,617,1002,1349,179,1532,1176,142,1315,1273,203,1473,263,487,752,406,591,994,539,712,1249,117,841,960,131,699,826,139,745,887,136,442,581,184,450,635,182,501,687,1393,197,1587,1171,180,1355,1134,231,1368,418,317,742,412,299,711,472,330,805,99,46,143,75,44,116,88,57,148,4766,3277,8040,4378,3187,7565,4664,3673,8338
106011113,266,139,408,248,116,356,252,139,389,113,128,246,90,154,241,114,175,287,365,60,429,348,66,417,377,83,461,17,121,138,27,101,132,31,178,210,25,251,280,26,208,232,35,251,284,38,120,156,31,111,145,37,151,188,387,49,437,308,70,384,354,80,434,154,124,280,136,120,250,139,125,267,31,18,48,28,18,42,37,20,54,1401,1013,2419,1234,961,2198,1371,1195,2567
106021114,137,80,217,150,105,254,286,196,488,153,184,339,199,299,501,261,458,717,297,56,353,439,69,512,546,107,656,58,154,207,98,292,392,136,420,552,46,205,247,68,294,363,105,393,498,73,136,214,111,208,319,161,245,406,191,11,200,255,37,295,345,54,401,168,76,249,171,87,253,271,150,414,21,19,37,30,23,56,34,30,62,1147,916,2064,1533,1415,2945,2144,2050,4198
106021116,300,141,440,326,165,490,408,244,654,341,458,800,320,573,891,369,655,1026,449,68,519,504,70,578,562,117,675,75,182,253,107,252,360,131,351,483,77,393,467,73,423,497,88,447,532,109,201,311,120,204,323,123,238,365,251,16,266,243,26,264,287,33,318,135,58,192,176,88,263,202,118,320,28,14,36,23,7,35,42,26,69,1755,1532,3290,1898,1815,3709,2217,2232,4444
106021614,502,268,768,478,268,752,508,360,866,634,805,1447,592,886,1478,620,935,1560,1246,202,1443,1089,201,1293,1162,191,1349,207,513,726,256,658,908,296,807,1106,274,907,1183,185,866,1051,216,850,1072,262,536,801,267,531,795,275,538,804,650,37,688,619,51,671,640,72,709,493,274,766,549,313,864,573,332,903,83,41,123,74,47,124,87,57,146,4357,3587,7948,4111,3835,7941,4368,4138,8509
106021615,357,209,569,393,248,637,456,349,803,331,477,805,322,611,932,422,722,1141,920,133,1051,1144,173,1318,1215,218,1433,111,397,504,169,600,768,244,947,1191,135,631,764,141,777,917,165,832,1001,141,402,537,245,550,793,228,541,764,663,37,705,792,77,869,851,102,956,334,228,557,449,282,726,547,328,879,50,33,81,84,35,116,81,54,133,3031,2541,5573,3733,3353,7088,4217,4090,8306
106021616,86,78,167,104,95,198,149,147,297,106,185,292,95,205,302,162,279,443,491,62,554,435,89,520,518,107,625,55,227,284,81,246,325,121,403,531,47,263,306,53,264,316,84,298,378,79,230,307,70,220,292,96,248,341,339,34,381,315,36,345,371,49,419,237,162,392,263,138,394,290,191,482,43,16,58,39,18,52,45,37,77,1481,1253,2736,1464,1298,2756,1832,1756,3591
106021617,238,143,378,233,140,371,254,187,440,291,453,746,303,498,799,316,554,874,567,94,662,545,111,654,637,128,763,78,269,350,107,343,451,150,437,587,98,463,560,107,404,511,122,470,594,129,216,339,136,237,375,122,268,395,332,26,360,307,28,338,324,40,364,247,125,370,260,161,420,291,161,449,36,14,52,24,16,39,38,23,62,2012,1809,3818,2026,1934,3958,2253,2267,4516
106021618,313,130,441,346,190,535,559,323,877,297,350,653,294,481,771,591,924,1513,762,111,873,813,122,932,1161,179,1339,103,297,403,145,389,530,319,840,1158,144,585,730,138,672,810,212,983,1194,140,333,475,175,333,511,264,490,757,433,37,462,438,28,462,664,80,748,265,179,448,335,210,544,454,310,762,37,23,65,48,25,75,86,48,131,2492,2045,4538,2728,2450,5175,4311,4178,8491
106031119,153,92,246,169,117,286,174,121,297,142,231,375,149,224,370,149,265,419,380,49,432,373,59,432,428,64,492,73,189,261,79,236,313,91,277,362,45,227,266,40,220,257,43,265,309,66,199,259,79,193,269,77,176,254,142,19,161,154,10,164,142,16,155,176,80,252,171,86,259,171,83,251,25,10,36,18,9,26,24,25,52,1199,1099,2293,1226,1153,2378,1308,1291,2595
106031120,122,70,200,126,62,189,126,84,209,113,152,265,91,139,231,108,188,292,413,42,455,365,57,418,405,62,468,82,199,277,93,243,335,110,296,407,47,231,285,51,242,289,50,201,254,68,189,260,67,165,231,66,177,242,238,17,256,220,15,238,205,11,217,178,100,276,196,99,292,207,123,332,23,12,33,35,20,55,38,25,62,1284,1020,2307,1249,1036,2284,1315,1170,2483
106031121,590,361,951,586,361,948,677,443,1118,538,666,1210,565,744,1307,637,830,1463,1017,180,1200,1094,179,1281,1131,198,1330,294,632,920,276,784,1061,336,886,1218,163,756,917,176,794,964,172,839,1013,324,559,889,281,624,902,297,541,840,320,33,354,332,28,365,354,38,388,478,287,767,530,275,805,564,299,866,77,41,118,95,48,141,103,56,160,3807,3518,7319,3939,3839,7775,4264,4130,8399
106031122,300,170,472,239,169,410,285,212,498,228,350,573,220,362,584,243,400,641,896,122,1018,801,130,926,813,133,951,164,433,596,152,485,636,203,652,853,177,577,752,155,508,664,164,595,758,176,450,627,163,404,567,169,414,589,591,43,634,545,55,608,600,71,669,446,291,744,486,298,787,528,322,848,52,29,86,48,24,75,80,51,132,3037,2477,5515,2829,2441,5266,3085,2848,5934
106031123,220,138,353,234,130,365,239,138,382,191,281,470,182,299,480,196,364,557,433,77,509,450,61,512,458,76,536,55,161,219,52,194,238,76,261,341,69,362,431,67,341,405,66,324,391,74,173,251,89,151,249,76,139,218,249,12,260,245,17,269,253,28,279,141,70,220,128,89,220,153,93,244,23,12,34,20,16,36,19,21,46,1462,1288,2745,1466,1300,2769,1533,1459,2992
106031124,109,59,165,105,57,165,139,85,229,102,97,195,77,113,195,107,126,238,210,33,243,201,38,237,215,41,258,40,116,157,60,130,199,54,169,226,19,125,147,31,142,172,34,154,189,31,89,114,47,102,143,58,95,149,76,0,79,81,4,83,87,7,98,122,64,184,118,64,183,124,72,202,21,14,33,13,11,30,20,16,33,726,597,1317,750,665,1413,840,773,1612
106031125,439,216,648,429,230,659,485,268,752,323,436,756,369,488,858,366,642,1010,1119,144,1259,992,140,1136,1108,172,1282,207,434,647,240,531,772,244,684,930,170,688,861,140,698,837,162,748,913,136,371,505,155,390,544,181,422,601,469,36,506,503,52,555,506,49,560,310,233,541,372,233,608,443,264,707,62,35,95,73,40,115,80,56,138,3233,2589,5821,3268,2801,6071,3580,3308,6890
106041126,246,164,407,202,145,351,208,152,352,252,366,617,206,364,564,197,361,559,1001,102,1105,875,132,1011,910,150,1057,92,350,440,98,371,472,98,471,572,95,496,584,56,427,484,59,436,492,112,350,463,114,307,428,130,323,456,880,128,1004,760,124,887,778,194,978,398,272,672,358,245,605,383,342,727,70,23,90,49,22,70,65,40,106,3140,2251,5390,2713,2148,4862,2837,2460,5299
106041127,233,112,344,206,99,301,204,112,315,63,122,182,42,110,151,54,140,191,330,65,389,277,54,341,300,71,371,24,117,142,22,117,136,24,156,182,25,181,211,29,172,205,20,178,198,24,100,121,19,87,109,22,96,121,259,39,298,254,60,314,284,63,346,162,128,288,157,113,269,155,132,285,18,16,34,23,16,38,30,14,46,1133,880,2013,1036,832,1866,1098,955,2059
106041128,191,118,307,198,107,298,184,127,309,143,255,396,127,268,395,129,294,423,415,83,497,393,67,457,412,88,500,40,188,224,50,164,214,60,254,310,30,256,287,21,248,273,27,228,257,77,171,249,68,158,225,66,135,197,333,24,359,300,43,340,301,59,357,242,148,391,244,152,401,321,202,523,35,14,47,30,11,37,20,20,42,1502,1251,2760,1423,1217,2640,1519,1402,2919
106041129,515,263,777,479,259,734,471,257,728,103,248,355,92,281,373,96,308,402,481,128,613,466,132,597,490,165,653,39,227,269,52,218,266,43,281,322,45,295,340,39,282,319,26,292,316,55,146,202,62,160,221,56,147,208,464,43,508,421,64,490,471,67,540,365,275,638,342,269,606,334,278,617,48,28,72,33,23,51,45,28,80,2121,1653,3773,1983,1669,3658,2034,1833,3865
107011131,447,258,704,472,339,807,533,408,941,481,705,1186,498,792,1294,550,945,1499,1447,229,1675,1510,246,1754,1595,258,1853,296,825,1118,301,1011,1311,369,1163,1532,269,1065,1331,278,1059,1336,292,1023,1317,303,637,939,311,656,960,315,605,915,961,54,1006,863,44,911,856,96,956,696,376,1067,725,389,1115,729,411,1139,82,43,124,89,76,168,119,55,176,4965,4185,9150,5049,4610,9655,5366,4968,10328
107011132,242,132,373,284,166,455,375,258,633,243,325,571,275,405,673,459,728,1189,535,76,613,597,92,690,860,129,987,119,269,386,170,344,513,250,566,818,127,491,616,135,623,757,184,803,986,116,287,405,141,327,462,156,377,539,313,12,332,308,11,319,456,30,492,196,94,294,227,103,338,347,179,529,39,34,78,32,23,54,66,53,114,1937,1722,3659,2174,2095,4270,3161,3127,6289
107011133,0,0,0,0,0,0,0,0,0,0,0,0,0,0,0,0,0,0,0,0,0,0,0,0,0,0,0,0,0,0,0,0,0,0,0,0,0,0,0,0,0,0,0,0,0,0,0,0,0,0,0,0,0,0,0,0,0,0,0,0,0,0,0,3,0,3,0,0,0,3,0,3,0,0,0,0,0,0,0,0,0,8,0,8,0,0,0,3,0,3
107011134,487,225,709,450,264,705,507,289,796,697,798,1496,672,926,1595,698,994,1693,990,154,1141,970,161,1132,909,133,1041,232,527,753,215,544,765,209,569,779,217,819,1031,220,828,1046,228,761,986,227,428,649,238,411,650,199,365,563,465,22,493,432,23,457,410,45,455,411,215,627,407,204,610,394,199,590,65,57,122,53,32,83,55,46,98,3786,3232,7019,3655,3387,7037,3600,3400,6997
107011545,160,121,288,203,127,328,241,165,407,211,278,489,231,376,607,294,441,735,721,83,807,751,116,871,770,113,882,151,392,542,180,471,649,199,507,714,139,447,584,148,469,613,156,484,639,158,348,508,180,377,555,162,319,481,541,29,567,468,29,499,467,37,507,479,262,736,516,255,772,491,284,773,58,30,92,57,51,108,78,54,132,2626,1991,4618,2735,2272,5011,2865,2409,5273
107011546,116,79,189,117,82,194,167,129,295,178,225,399,173,276,442,210,334,544,427,54,479,455,68,516,408,85,500,110,228,335,107,268,370,122,334,457,83,303,386,99,296,393,95,293,388,101,233,335,104,219,321,116,176,292,284,14,302,258,16,275,249,36,284,347,166,516,328,161,481,349,183,535,50,22,71,39,23,59,44,22,66,1693,1325,3020,1673,1396,3065,1757,1599,3356
107011547,96,42,131,85,67,151,81,67,151,91,124,213,93,147,242,93,159,253,225,22,256,251,20,274,220,33,249,60,119,182,60,124,186,66,157,220,37,184,220,43,171,214,43,174,223,45,101,149,58,104,161,30,98,126,153,3,157,149,7,161,131,11,142,114,48,165,111,66,179,117,55,170,21,15,36,18,10,24,11,9,23,839,665,1506,869,715,1587,803,762,1564
107021135,0,0,0,0,0,0,0,0,0,0,0,0,0,0,0,0,0,0,0,0,0,0,0,0,0,0,0,0,0,0,0,0,0,0,0,0,0,0,0,0,0,0,0,0,0,0,0,0,0,0,0,0,0,0,0,0,0,0,0,0,0,0,0,0,0,0,0,0,0,0,0,0,0,0,0,0,0,0,0,0,0,0,0,4,4,0,4,5,0,4
107031136,409,226,633,425,229,651,520,415,935,364,548,912,323,596,922,577,1063,1638,999,142,1145,1123,194,1313,1447,236,1681,209,540,752,234,680,909,373,982,1352,197,818,1018,164,794,956,268,1072,1338,217,475,687,219,497,723,277,638,914,644,30,675,630,32,665,799,73,877,429,196,626,434,222,649,593,291,882,51,26,80,59,37,90,82,58,138,3519,3004,6524,3604,3283,6884,4939,4820,9762
107031137,127,96,224,136,85,216,143,115,256,109,187,297,99,204,306,115,225,340,481,63,546,438,71,506,428,62,491,80,277,364,102,299,398,113,393,506,76,328,408,71,295,364,67,292,359,103,230,337,101,225,326,87,182,272,346,26,363,310,25,336,296,31,326,267,117,380,257,143,394,222,112,337,18,18,35,30,20,51,21,25,55,1618,1339,2955,1545,1367,2904,1495,1439,2929
107031138,290,144,439,313,161,468,352,211,565,357,420,782,329,475,799,457,629,1086,402,72,473,410,78,490,402,75,476,111,230,345,130,264,398,128,310,435,58,339,404,68,340,406,79,312,391,102,143,249,105,157,259,89,138,228,147,5,161,155,11,166,136,14,144,113,83,203,119,74,193,136,71,212,32,23,58,28,20,49,34,21,53,1631,1474,3108,1656,1571,3225,1807,1781,3587
107031139,212,119,333,210,109,321,216,153,373,267,400,668,272,411,681,294,470,763,405,47,455,397,48,446,416,47,462,109,236,344,130,200,328,122,227,346,68,299,371,54,309,359,56,262,322,79,156,241,74,147,216,80,124,202,169,3,173,155,10,166,130,10,139,133,52,188,135,49,190,112,62,175,29,14,32,22,21,46,25,16,47,1472,1334,2808,1448,1295,2745,1443,1368,2812
107031140,341,148,484,358,198,555,427,255,686,405,486,896,419,530,949,438,605,1045,403,50,458,426,59,486,472,79,551,117,256,371,130,287,420,143,309,452,61,313,373,62,311,376,64,340,404,105,165,271,89,155,243,70,138,207,116,6,119,131,12,141,113,5,117,159,67,224,166,85,248,162,88,252,25,15,38,33,14,54,33,22,55,1725,1511,3239,1828,1649,3478,1926,1848,3775
107031141,470,250,721,578,319,900,664,483,1144,486,659,1144,591,916,1510,797,1158,1962,889,128,1018,1152,153,1309,1251,189,1438,200,438,630,259,682,944,321,849,1170,186,752,938,191,927,1118,241,1075,1322,230,474,699,290,560,852,295,602,894,506,24,533,572,28,599,618,50,666,362,156,523,491,188,682,526,205,743,67,45,108,89,46,131,99,63,165,3397,2920,6317,4207,3831,8037,4818,4678,9501
107031142,232,124,359,227,157,384,255,190,442,233,359,593,235,384,621,269,476,742,650,104,751,660,94,758,716,105,827,162,332,499,177,423,601,170,481,657,123,509,631,131,506,627,136,498,633,144,366,510,165,409,572,134,321,455,386,28,413,332,32,360,335,48,383,346,160,504,316,139,454,307,164,476,45,30,74,36,28,66,50,31,79,2325,2011,4336,2271,2164,4432,2377,2308,4683
107031143,304,198,501,303,231,539,318,298,617,341,459,797,306,549,857,351,649,1001,1181,179,1360,1117,197,1315,1132,186,1323,257,658,919,263,761,1025,258,921,1184,177,775,952,183,727,917,186,732,914,244,617,863,244,608,850,230,485,711,728,42,770,669,46,714,630,75,706,647,335,985,657,343,1000,662,380,1041,91,47,134,74,57,129,86,55,148,3968,3308,7276,3824,3524,7346,3864,3779,7642
107041144,568,318,885,633,360,990,722,427,1144,947,1081,2030,1009,1231,2234,1162,1431,2595,1111,181,1294,1030,201,1227,1086,208,1293,318,623,942,354,759,1116,400,842,1248,264,939,1205,253,944,1199,288,955,1246,269,475,744,302,547,848,283,491,776,492,27,520,476,27,502,519,39,555,453,239,688,518,232,753,507,258,766,77,45,118,90,69,158,80,69,149,4503,3931,8429,4665,4367,9028,5045,4730,9773
107041145,339,203,544,371,249,621,418,326,735,490,711,1200,528,815,1343,652,1034,1689,879,164,1042,884,162,1043,947,148,1098,246,550,798,292,615,910,293,699,990,212,748,963,194,737,929,160,741,903,172,391,565,180,335,516,169,327,500,481,31,507,437,23,461,404,40,449,425,214,642,430,222,647,405,216,624,61,41,101,69,51,118,53,45,98,3311,3051,6366,3379,3210,6595,3504,3581,7084
107041146,620,319,940,651,372,1017,790,479,1272,1202,1348,2551,1150,1469,2619,1401,1718,3122,973,161,1139,977,169,1150,1087,174,1260,323,555,883,384,702,1085,431,907,1346,240,1017,1256,272,1005,1275,280,989,1271,272,474,747,338,516,857,408,536,945,460,27,488,423,28,449,531,45,573,422,169,589,482,179,667,498,256,758,88,61,149,76,62,135,79,55,135,4611,4124,8737,4766,4496,9262,5512,5161,10679
107041147,327,183,515,355,194,548,387,265,648,449,570,1020,457,632,1091,513,712,1226,638,103,738,696,97,792,696,93,786,179,301,481,172,380,556,188,380,568,137,545,681,138,523,660,125,495,623,109,226,331,120,248,368,120,176,298,225,10,236,234,9,245,193,21,215,195,97,296,217,102,319,207,94,301,46,30,74,31,36,68,42,36,75,2300,2067,4367,2422,2217,4635,2468,2274,4740
107041148,469,248,713,508,320,828,587,398,984,792,993,1788,870,1096,1971,943,1249,2194,604,97,703,584,86,665,587,93,684,196,328,525,211,330,537,219,394,612,147,482,629,132,524,648,134,461,592,135,212,345,117,244,365,126,178,301,165,11,181,146,15,163,129,14,144,204,80,281,190,74,261,166,63,233,48,35,83,42,25,67,46,30,75,2757,2491,5246,2792,2710,5498,2940,2882,5821
107041150,602,311,919,721,397,1120,815,559,1377,858,1236,2097,947,1448,2395,1116,1647,2765,1145,182,1327,1145,194,1340,1136,181,1316,352,698,1044,403,785,1191,388,820,1207,220,1007,1228,251,933,1182,230,918,1147,222,430,658,225,424,646,208,411,619,484,19,507,446,18,468,394,44,435,375,199,573,428,177,608,430,203,631,68,34,105,82,52,126,63,55,115,4340,4122,8458,4641,4430,9070,4783,4834,9613
107041548,431,265,697,437,287,724,600,503,1108,921,840,1763,994,1005,1988,1297,1427,2728,546,110,655,604,119,721,711,133,845,292,417,715,305,506,816,408,688,1102,211,562,778,205,575,777,280,760,1038,223,305,527,238,311,550,288,355,647,263,10,275,225,13,239,272,46,316,213,91,304,276,134,410,351,151,507,68,38,105,57,30,87,81,53,133,3181,2640,5820,3337,2977,6312,4291,4121,8416
107041549,375,244,617,447,301,741,474,355,828,875,921,1793,961,1038,1993,1113,1280,2396,656,137,796,737,137,879,810,156,963,276,514,795,313,611,927,341,738,1083,196,697,890,249,716,966,261,661,923,215,309,528,276,388,670,289,379,670,356,15,370,303,18,324,402,44,441,389,178,561,431,186,623,432,214,645,63,38,105,71,42,118,79,56,133,3402,3058,6455,3791,3442,7234,4201,3887,8083
108011151,189,111,301,194,127,317,217,140,356,69,128,199,69,140,209,93,155,249,244,47,296,231,72,306,268,60,327,37,146,186,37,150,191,40,185,228,38,166,206,37,165,203,34,167,198,35,108,145,40,117,152,38,102,145,211,9,223,192,4,195,195,10,202,195,104,295,156,86,245,184,119,311,27,11,41,24,13,35,38,28,63,1060,834,1900,982,876,1857,1107,970,2079
108011152,350,190,534,317,174,487,341,195,535,322,426,744,301,520,826,352,617,971,491,93,580,537,104,635,589,102,693,154,421,576,155,455,610,229,598,834,76,460,532,77,444,524,96,489,585,225,400,624,234,418,661,219,393,613,153,11,162,167,13,179,169,21,185,331,171,504,367,203,569,365,209,569,50,26,76,48,37,85,55,40,93,2142,2184,4329,2203,2366,4569,2415,2657,5072
108011153,158,91,251,168,81,251,203,141,346,107,181,287,105,191,296,155,270,432,263,50,318,319,72,390,371,72,439,58,148,204,67,183,256,90,234,320,29,167,195,28,182,210,34,229,259,66,151,211,78,139,218,72,170,240,135,5,140,116,3,120,124,11,141,184,92,284,167,83,251,202,104,306,13,16,26,27,20,44,37,28,60,1020,898,1915,1069,959,2022,1289,1262,2550
108011154,121,49,165,108,52,160,110,62,175,78,144,218,72,165,231,75,193,271,185,53,235,197,47,246,249,46,291,53,164,217,69,170,240,106,256,360,25,151,180,30,141,172,38,192,225,80,137,217,84,138,219,60,157,220,84,4,85,90,7,99,97,6,99,142,89,235,157,71,227,148,82,232,9,13,25,27,19,37,14,21,38,778,801,1576,823,812,1640,898,1008,1907
108021155,252,131,389,237,143,378,279,210,489,187,367,556,185,411,592,212,510,726,518,84,603,496,91,588,541,103,637,176,511,689,222,525,740,306,682,990,97,476,576,91,422,515,98,437,533,175,340,520,194,327,525,162,368,534,344,32,377,330,35,366,330,44,377,424,200,623,459,209,671,475,222,699,58,37,95,51,37,89,62,42,105,2243,2183,4426,2263,2201,4468,2468,2617,5082
108021156,368,209,578,341,191,530,371,210,579,184,358,547,167,382,550,195,420,617,379,79,459,392,86,483,415,75,493,103,264,373,118,312,439,146,392,539,55,299,350,50,302,350,50,301,356,86,206,297,93,183,271,92,175,268,209,13,226,209,8,214,225,15,239,318,145,467,328,154,481,359,215,574,46,24,66,63,30,94,42,41,80,1760,1594,3348,1757,1653,3413,1894,1845,3739
108021157,111,56,162,93,67,164,129,94,218,70,125,193,97,159,259,101,191,286,203,36,236,202,35,241,208,33,243,58,166,231,60,163,224,86,219,309,25,161,183,30,151,180,36,160,200,57,114,175,51,96,155,54,86,142,103,12,113,109,7,113,92,9,101,153,59,210,176,60,241,152,83,240,12,8,20,18,15,35,23,21,44,787,739,1530,835,769,1602,880,898,1779
108021158,112,74,181,97,92,191,99,85,184,107,162,274,104,169,273,121,225,336,244,37,282,215,53,264,239,56,300,67,191,252,65,216,276,99,280,383,41,188,234,38,159,204,38,190,231,67,132,207,53,109,161,95,127,222,93,9,104,93,18,108,107,11,119,157,84,237,199,97,302,208,97,307,18,19,31,35,18,51,24,22,40,903,900,1807,900,930,1833,1029,1090,2119
108021159,279,162,441,258,156,417,324,202,521,161,282,437,167,282,454,157,371,529,323,61,392,341,72,415,376,73,452,97,261,361,111,295,410,113,358,473,38,241,279,44,236,283,43,271,314,58,148,206,56,167,220,93,163,263,187,11,202,191,12,201,196,17,210,241,106,346,244,110,357,248,125,376,23,13,35,19,16,33,36,27,64,1400,1285,2690,1442,1354,2793,1591,1607,3193
108021160,123,92,215,98,94,193,126,101,228,90,150,239,74,156,229,101,197,299,201,40,236,199,40,240,237,38,272,79,136,213,76,131,208,92,213,303,33,164,200,33,165,197,38,180,220,45,141,189,49,123,178,58,120,181,69,0,73,84,0,84,82,4,77,144,63,215,155,75,232,165,98,259,10,9,16,19,20,36,12,16,27,804,797,1596,787,804,1591,905,962,1872
108031161,25,24,43,25,24,52,30,28,63,10,8,16,8,11,18,8,17,24,27,6,31,28,3,34,26,4,37,12,17,28,12,17,28,3,14,14,3,19,26,8,22,22,5,24,30,4,4,9,7,10,13,4,13,17,4,0,4,6,0,6,4,0,4,30,21,51,25,13,41,23,22,44,0,0,0,9,3,12,7,0,11,114,103,214,117,106,226,121,122,241
108041162,371,213,579,350,220,572,416,300,718,319,520,836,352,621,967,396,797,1192,751,150,904,732,165,901,878,176,1053,146,444,592,189,554,740,276,753,1026,118,574,692,112,526,638,127,630,757,217,374,592,188,378,572,184,394,578,303,20,325,338,17,354,355,24,382,391,188,578,457,205,660,480,227,708,47,40,84,46,42,90,60,35,95,2657,2527,5185,2763,2734,5493,3177,3339,6514
108041164,333,215,555,421,240,660,499,371,872,326,444,771,416,653,1077,639,1019,1654,662,116,779,702,149,851,928,185,1113,174,486,661,229,610,839,416,1064,1475,170,613,784,172,688,862,200,828,1027,248,446,688,268,487,756,354,589,945,240,9,258,288,21,302,346,34,379,358,226,580,422,259,682,515,315,835,46,41,87,59,39,97,85,93,174,2567,2594,5161,2982,3144,6122,3979,4501,8476
108041165,292,166,456,273,156,426,285,171,452,130,216,345,124,220,346,93,241,335,251,50,302,308,46,358,286,59,345,55,164,224,45,169,221,74,198,276,42,219,258,38,222,259,46,228,274,69,122,191,64,127,188,62,109,170,140,11,155,158,4,165,151,8,157,169,98,268,174,103,277,188,97,284,17,19,38,24,17,46,34,23,53,1168,1066,2229,1215,1077,2292,1226,1133,2360
108041166,275,168,442,277,163,440,327,243,572,221,356,576,219,427,645,248,556,802,531,93,625,563,103,672,775,115,895,105,366,472,135,405,539,212,637,853,106,481,586,97,495,588,115,589,701,189,290,480,167,306,468,196,364,560,329,17,345,339,20,353,359,26,388,328,164,493,298,174,478,380,181,560,25,27,54,45,22,65,52,40,93,2110,1963,4073,2140,2104,4245,2663,2758,5426
108041619,371,194,568,326,227,554,414,283,699,558,651,1207,562,708,1271,611,880,1489,527,105,632,577,99,676,589,106,702,178,388,567,212,404,622,234,554,792,138,558,692,121,507,628,128,506,635,216,327,543,233,303,533,221,309,533,149,9,160,166,10,178,159,11,170,262,142,402,298,171,472,358,145,502,28,25,53,38,20,61,45,26,69,2423,2398,4827,2532,2465,5001,2759,2834,5587
108041620,475,235,708,430,263,687,476,347,818,607,750,1352,661,856,1514,753,1097,1852,738,136,872,756,158,915,800,148,944,224,506,733,266,594,862,353,702,1054,192,822,1013,185,751,945,183,792,975,284,420,701,279,442,719,284,365,654,227,18,240,246,19,260,261,14,273,297,160,453,332,184,516,368,187,551,36,35,66,59,25,81,64,50,118,3081,3077,6159,3212,3293,6505,3533,3707,7239
108051167,257,130,386,242,134,369,237,124,362,87,145,237,82,149,237,84,162,247,232,38,268,213,40,244,231,50,280,43,181,220,33,152,184,42,202,250,23,158,182,27,147,166,27,158,182,57,116,168,53,98,152,47,107,153,222,10,229,174,13,185,168,19,192,152,84,236,159,86,248,179,108,286,7,15,21,14,9,29,29,15,47,1081,880,1956,996,818,1810,1052,946,1993
108051168,294,108,401,274,150,429,334,218,546,292,515,809,337,549,884,390,696,1095,522,84,604,476,87,561,617,116,732,110,290,404,146,325,464,189,483,672,75,398,466,74,425,499,89,442,538,143,256,399,167,271,442,163,273,442,139,9,144,158,9,168,193,17,209,262,120,384,261,126,388,303,139,448,23,18,43,27,19,48,42,45,82,1865,1786,3650,1919,1959,3874,2324,2433,4755
108051169,380,253,628,385,248,635,430,256,684,416,583,1001,392,638,1029,389,731,1118,845,144,992,751,142,896,793,160,950,205,631,839,215,684,899,327,931,1261,182,650,831,148,583,735,149,594,748,316,595,909,354,572,919,320,577,895,423,32,451,429,29,460,428,28,453,662,343,998,626,342,972,680,337,1019,60,35,98,50,42,97,72,58,133,3478,3267,6744,3354,3276,6633,3588,3668,7260
108051170,462,250,715,444,257,698,468,306,774,227,435,669,218,458,672,251,505,756,529,82,611,498,97,598,541,122,664,112,316,431,104,419,520,159,457,612,66,339,404,70,364,441,66,410,477,115,240,353,131,245,375,133,261,394,294,25,318,303,24,324,343,22,368,355,179,534,390,202,590,396,206,600,46,30,70,45,32,74,60,41,102,2206,1900,4110,2201,2095,4293,2418,2329,4750
108051171,101,49,159,74,72,146,100,73,169,80,179,251,69,172,245,80,194,270,239,53,289,231,48,275,233,54,287,42,174,216,52,196,251,97,260,354,44,180,225,41,155,195,36,158,190,55,153,209,69,152,221,62,132,192,161,6,165,146,10,159,163,13,173,251,116,359,234,97,335,218,92,310,10,8,16,27,18,44,21,14,38,973,909,1884,943,920,1868,995,988,1988
109011172,546,247,799,545,312,860,703,405,1110,546,843,1392,698,986,1678,816,1387,2207,821,141,963,922,167,1088,1133,186,1316,207,474,681,277,657,935,335,875,1207,173,729,906,188,787,979,229,919,1147,263,444,708,314,491,797,307,498,809,357,43,402,372,32,409,481,43,523,344,176,514,392,203,592,442,231,681,54,42,100,58,32,91,69,42,112,3317,3149,6462,3767,3668,7428,4514,4595,9109
109011173,260,150,404,263,140,400,283,208,497,249,403,648,269,455,728,293,480,772,555,110,659,559,89,649,608,114,718,115,343,455,130,394,527,180,548,729,102,477,578,121,441,560,136,455,593,147,292,431,157,304,463,160,296,462,290,42,333,303,38,332,315,25,343,322,216,538,323,189,514,322,220,542,43,20,68,35,20,58,52,32,87,2071,2049,4117,2152,2078,4230,2361,2386,4746
109011174,441,210,647,419,254,668,448,302,750,595,734,1331,514,752,1264,532,795,1332,519,104,627,464,100,561,500,122,616,143,372,509,143,353,496,157,412,570,149,579,729,127,485,612,143,485,630,181,258,439,189,249,441,178,232,409,193,23,208,162,12,181,198,21,219,258,153,405,245,127,370,258,142,405,36,40,72,51,27,75,40,44,89,2505,2465,4968,2310,2364,4674,2463,2560,5022
109011175,820,379,1197,800,379,1184,815,399,1214,246,452,693,258,514,776,286,611,899,590,114,708,615,121,735,685,149,833,85,338,425,96,394,489,111,470,586,96,521,618,102,539,639,100,572,674,120,249,367,141,265,404,153,252,402,436,36,472,353,31,383,366,44,413,360,199,557,363,214,581,393,229,628,45,42,84,50,29,82,69,44,115,2800,2331,5132,2788,2490,5285,2979,2774,5753
109011176,319,186,513,256,174,433,326,218,550,287,435,719,249,412,664,305,487,793,914,150,1070,828,135,959,914,167,1082,167,531,697,198,613,807,256,790,1048,150,661,804,146,583,732,173,561,740,264,522,791,249,490,730,259,458,715,599,49,645,542,33,575,583,43,627,554,318,869,479,327,802,553,382,932,62,46,111,63,37,101,78,61,141,3316,2888,6211,3006,2806,5811,3451,3177,6625
109021177,172,87,263,178,85,264,177,86,257,39,95,133,37,85,124,38,92,133,152,34,184,149,34,174,142,42,184,24,99,119,26,95,126,23,99,122,24,112,133,14,116,129,20,116,134,35,74,112,38,65,109,43,65,110,113,9,122,135,11,152,94,4,97,152,78,241,125,82,211,152,79,229,16,16,32,18,10,25,8,19,26,728,607,1337,724,586,1311,692,606,1292
109021178,340,140,484,292,147,439,317,156,472,136,216,354,109,228,339,119,292,411,275,58,332,271,50,319,340,52,392,59,170,231,58,195,255,86,234,320,48,247,290,35,233,272,50,280,328,72,125,197,85,134,223,75,138,212,171,3,175,169,5,178,180,10,191,193,125,322,200,121,316,214,135,345,28,11,39,27,22,48,35,26,63,1321,1100,2419,1237,1137,2371,1415,1320,2734
109021179,405,175,584,348,134,487,351,143,497,40,92,132,36,96,138,40,101,143,159,30,193,145,34,177,139,33,173,25,96,123,18,107,125,18,119,136,17,129,147,14,131,146,10,126,135,23,38,65,21,39,59,25,42,71,161,21,184,124,15,144,142,18,158,185,98,281,186,106,297,192,110,301,25,13,33,24,17,41,21,14,37,1044,699,1743,924,688,1609,953,696,1650
109031180,183,101,284,161,85,246,145,109,256,100,175,279,92,179,266,90,195,285,295,66,363,275,66,343,293,58,353,46,167,219,41,198,240,66,234,298,40,174,214,41,180,216,32,183,219,77,156,229,82,138,218,72,146,223,164,14,180,168,11,181,162,17,180,355,190,543,298,162,466,315,193,512,32,14,44,31,10,38,29,9,36,1289,1064,2350,1182,1032,2213,1213,1160,2371
109031181,488,185,673,452,187,638,426,207,628,80,189,267,74,216,289,90,240,326,338,62,407,340,63,404,395,65,461,40,199,239,47,215,257,60,259,317,36,206,250,36,236,278,40,303,345,59,127,183,63,154,217,77,157,230,221,30,249,204,22,229,255,39,301,265,170,437,246,150,394,236,170,409,34,16,56,24,17,42,43,33,75,1566,1193,2756,1487,1263,2743,1625,1473,3090
109031182,237,119,355,244,118,362,230,138,371,175,269,449,179,293,474,164,323,488,403,76,481,363,70,430,379,57,438,71,289,355,80,298,381,79,374,451,87,335,422,67,325,392,68,294,358,102,224,331,106,200,304,100,174,274,232,19,250,232,5,241,210,14,219,223,102,332,294,159,452,212,132,349,30,21,56,36,18,58,50,38,87,1571,1451,3021,1600,1492,3094,1496,1545,3037
109031183,892,367,1258,739,322,1058,742,363,1104,98,230,332,84,260,342,87,238,329,234,60,299,226,79,300,241,63,309,33,187,217,34,181,212,37,200,233,27,230,259,25,244,268,40,264,306,62,109,169,53,108,163,37,114,154,184,20,207,192,11,212,180,29,205,270,137,405,278,164,436,275,181,460,31,21,55,28,31,56,40,27,64,1835,1368,3202,1660,1392,3050,1687,1472,3157
109031184,249,124,375,272,130,396,289,151,442,118,213,326,145,276,421,180,347,530,303,43,347,289,54,345,412,60,471,57,181,246,75,208,287,104,304,408,35,224,258,40,222,272,44,313,352,84,161,245,115,166,278,104,184,283,138,4,144,133,10,138,153,9,166,141,89,230,178,105,279,187,104,295,15,17,34,19,14,29,36,25,54,1148,1056,2210,1264,1178,2446,1506,1498,3000
109031185,652,262,916,606,253,861,554,261,810,155,306,457,133,309,438,151,336,485,438,101,538,424,91,510,426,95,524,88,323,410,72,329,399,84,359,450,42,350,389,41,351,393,51,376,426,106,190,301,81,213,295,89,195,286,333,20,353,301,15,316,323,16,340,316,212,532,317,228,551,344,224,568,34,20,57,48,18,68,53,32,80,2166,1793,3956,2024,1803,3827,2077,1890,3972
110011186,682,430,1114,672,391,1069,791,509,1301,1096,1333,2426,1093,1452,2538,1115,1664,2781,948,185,1126,883,192,1066,987,217,1207,336,733,1072,407,790,1201,442,940,1381,268,1032,1298,259,977,1236,274,905,1179,420,641,1061,426,587,1015,393,491,885,309,17,326,343,22,363,354,42,397,586,342,925,660,367,1025,699,407,1111,92,41,135,66,57,118,79,71,147,4737,4746,9486,4800,4835,9638,5147,5250,10396
110011187,440,201,643,406,188,594,389,191,583,83,156,233,80,156,239,84,164,249,196,56,252,181,54,235,178,45,221,25,97,126,37,117,153,41,123,164,27,200,230,21,194,218,24,162,189,45,83,128,56,81,138,53,89,143,93,11,95,100,6,106,101,5,110,216,91,312,222,117,340,230,121,347,15,22,35,22,11,27,27,13,46,1132,918,2056,1116,925,2045,1127,917,2044
110011188,368,186,551,348,190,537,323,201,524,183,305,485,191,285,477,180,322,504,328,70,400,305,76,385,303,74,379,84,208,297,77,199,273,69,246,310,60,299,363,55,289,348,69,267,341,72,139,210,77,139,210,67,124,186,138,15,156,107,15,117,123,14,140,220,117,340,233,120,353,226,116,338,23,18,36,25,11,38,20,21,43,1480,1357,2830,1409,1322,2735,1369,1390,2762
110011189,382,186,563,349,163,510,340,150,490,48,97,142,49,111,157,43,118,159,130,33,165,117,34,155,110,24,132,22,85,108,16,80,96,20,102,119,7,120,129,11,117,129,6,114,126,22,57,82,30,63,93,31,46,71,88,15,101,71,9,87,70,8,87,151,64,219,156,64,221,148,64,219,13,11,25,6,5,17,16,10,25,859,667,1529,819,649,1468,782,653,1428
110021190,512,235,744,470,217,686,432,238,665,139,296,436,125,291,416,114,315,423,346,94,439,331,64,391,324,82,401,95,261,356,102,293,389,111,306,419,61,293,359,53,292,342,64,304,363,105,207,310,87,193,285,103,202,305,203,29,230,192,14,206,177,20,202,315,156,472,278,160,434,307,175,476,39,28,67,37,29,68,41,31,75,1818,1600,3418,1676,1550,3226,1672,1666,3336
110021191,307,176,492,307,184,493,311,198,512,261,438,693,235,457,695,222,516,742,563,89,654,565,95,662,541,101,647,127,416,541,144,437,582,173,540,718,83,387,468,78,365,443,79,395,477,245,357,594,213,334,547,213,323,534,217,10,226,252,14,271,241,19,267,478,215,692,505,252,750,547,279,825,32,23,63,45,54,99,54,33,87,2316,2111,4424,2336,2194,4534,2387,2401,4790
110021192,422,198,619,342,179,519,365,177,537,41,142,188,41,132,173,50,144,190,148,32,184,149,44,190,149,40,190,37,148,187,39,143,181,47,194,237,24,118,135,16,142,160,13,135,156,33,84,121,40,87,133,39,89,130,128,10,139,98,6,107,110,13,122,237,102,340,245,101,348,228,109,334,21,9,33,34,19,55,31,21,49,1101,851,1955,1005,852,1861,1028,917,1945
110021193,513,223,742,486,248,738,464,209,671,54,203,256,69,222,294,67,234,294,193,48,238,197,44,243,180,44,227,44,155,198,28,173,206,37,197,235,21,205,221,30,190,217,30,193,220,49,96,140,40,86,128,50,95,144,157,11,166,160,9,172,144,14,159,192,94,285,231,99,330,214,101,311,17,17,34,34,15,49,21,17,42,1238,1043,2285,1268,1096,2366,1207,1107,2308
110021194,410,233,641,362,205,569,350,219,562,90,181,273,84,180,262,117,210,325,267,52,322,214,57,277,217,53,269,57,190,247,47,187,235,62,209,266,41,213,252,38,199,232,49,215,265,59,120,177,58,125,177,65,109,176,194,15,208,166,15,182,167,18,180,245,152,399,230,140,368,181,128,313,32,27,64,29,30,58,43,34,75,1398,1185,2584,1217,1140,2363,1236,1197,2431
110031195,300,130,425,251,151,399,231,151,386,201,338,538,204,358,559,203,360,563,453,57,510,430,56,480,365,53,421,105,223,328,87,298,387,100,300,400,85,415,502,72,372,442,60,355,419,133,197,331,125,185,310,113,165,277,303,33,335,280,30,310,305,40,344,248,129,373,224,114,344,213,128,340,53,37,86,38,27,65,41,27,68,1868,1563,3433,1712,1586,3300,1632,1584,3212
110031196,717,276,996,606,258,864,484,221,706,70,185,253,48,173,217,42,174,210,132,32,170,149,18,174,129,32,165,32,127,162,34,137,172,38,144,178,15,226,241,10,235,240,17,214,232,34,108,144,48,75,119,33,62,89,239,39,271,221,22,249,184,40,228,294,89,381,282,128,408,241,105,346,22,16,43,27,16,42,25,22,46,1553,1102,2656,1428,1058,2485,1191,1013,2203
110031197,227,126,355,220,117,334,228,124,358,167,276,442,173,321,500,171,341,509,467,88,550,429,97,529,394,91,484,56,212,264,62,250,310,66,292,352,57,336,389,53,317,368,48,308,359,107,218,331,116,198,313,113,184,295,318,20,340,339,16,354,404,53,457,237,160,402,236,153,391,218,146,369,39,23,62,34,22,61,28,22,51,1677,1458,3134,1662,1488,3157,1670,1562,3236
110031198,497,209,707,431,165,598,399,156,555,76,148,221,71,162,238,69,170,238,191,43,236,153,48,202,174,38,219,27,140,161,18,128,145,27,158,182,16,221,240,18,187,205,19,179,196,41,80,128,47,91,132,37,88,127,261,26,286,238,17,252,241,24,267,160,93,254,167,84,249,172,78,254,34,12,43,33,18,49,22,9,37,1301,976,2274,1171,896,2069,1160,910,2071
110041199,257,135,392,285,153,439,269,175,448,194,296,484,195,359,555,199,424,623,445,89,531,481,92,573,532,98,639,58,305,367,56,340,393,72,432,502,74,338,406,56,368,419,53,378,433,128,261,391,132,236,371,107,243,351,464,26,490,537,70,602,603,94,698,321,179,499,302,173,473,321,189,512,47,12,62,48,26,70,38,26,67,1976,1637,3613,2080,1812,3891,2207,2063,4269
110041200,480,220,700,393,152,544,371,178,550,50,160,210,55,152,205,47,180,226,152,24,184,175,49,221,182,46,234,25,105,131,22,119,141,28,146,173,21,159,178,12,145,155,20,141,161,37,69,103,28,46,72,41,63,102,222,25,242,227,34,260,266,58,321,181,80,259,186,100,285,168,99,268,17,15,29,28,10,36,27,14,48,1182,859,2041,1108,810,1915,1151,931,2087
110041201,489,204,694,434,202,630,426,185,613,101,235,335,98,254,346,96,280,377,279,69,346,266,77,341,266,78,347,66,212,278,69,251,314,61,270,332,37,259,300,24,259,282,29,267,296,72,144,214,73,134,209,66,124,189,357,25,380,354,19,371,360,44,407,308,174,481,293,161,458,260,172,435,37,22,59,38,22,58,43,19,58,1744,1339,3080,1646,1373,3016,1615,1431,3044
110041202,611,328,943,586,317,906,606,405,1012,542,910,1453,562,928,1486,532,1060,1591,1171,200,1371,1196,195,1388,1226,212,1436,228,671,902,254,743,1002,344,998,1342,249,1015,1266,227,968,1192,242,941,1180,390,640,1028,358,658,1017,368,604,966,578,42,621,570,38,609,625,58,681,788,451,1235,900,467,1364,951,514,1467,93,51,141,84,50,135,82,69,153,4648,4315,8955,4733,4371,9106,4986,4852,9833
110041203,443,234,674,476,271,751,493,301,798,534,840,1371,623,1004,1620,654,1199,1853,708,147,856,715,131,844,770,164,932,177,433,613,200,560,751,304,706,1008,156,645,798,157,608,769,191,654,849,255,392,648,255,419,672,268,377,642,305,21,325,343,18,366,412,28,439,428,233,664,511,259,773,590,345,934,56,43,97,63,37,106,55,48,100,3067,2983,6048,3340,3311,6653,3731,3820,7553
110041204,89,49,134,89,59,151,81,76,157,78,98,176,92,121,208,52,110,159,236,48,292,247,50,297,268,44,314,43,143,183,36,179,217,53,216,271,47,166,209,40,136,181,43,144,192,48,160,207,69,143,214,73,158,230,167,13,180,158,11,174,164,14,175,301,180,481,288,189,483,367,234,600,19,9,27,16,8,27,17,17,35,1026,870,1894,1039,904,1941,1114,1017,2134
110041205,1027,532,1562,1027,531,1561,1045,589,1639,382,796,1182,358,875,1230,404,1017,1427,931,171,1098,1010,190,1203,1097,215,1315,174,557,727,172,601,775,228,769,999,132,837,970,138,823,962,167,890,1058,215,381,600,229,429,657,250,487,738,573,34,607,586,46,630,646,62,712,691,348,1039,671,383,1054,657,348,1002,81,48,121,83,66,145,91,69,159,4197,3700,7894,4266,3957,8216,4596,4448,9045
111011206,505,244,755,506,238,742,530,333,858,596,741,1331,579,838,1421,636,990,1629,1190,190,1374,1178,191,1369,1210,185,1398,212,555,766,241,681,921,294,768,1058,202,997,1195,194,932,1127,184,919,1103,278,579,861,271,498,772,248,470,713,502,36,543,431,44,477,429,47,475,484,232,714,482,251,736,528,265,791,67,41,104,57,32,89,75,48,127,4036,3612,7648,3938,3718,7657,4131,4027,8155
111011207,116,84,194,119,68,190,128,78,208,126,170,297,105,194,307,138,237,372,349,48,394,350,61,409,356,68,416,70,183,252,80,209,289,100,252,350,60,269,329,52,253,307,55,252,302,59,187,247,69,182,252,78,174,252,186,20,204,163,16,176,138,19,164,183,85,268,187,88,278,165,108,270,32,14,45,15,19,36,20,19,42,1175,1056,2232,1147,1089,2243,1174,1200,2375
111011208,688,403,1089,704,407,1111,817,526,1344,1170,1383,2545,1166,1601,2768,1390,1987,3373,1469,248,1712,1428,241,1670,1583,265,1851,349,713,1057,395,852,1251,492,1084,1578,348,1381,1727,306,1294,1604,344,1346,1694,408,774,1180,385,686,1069,385,572,959,597,50,645,495,50,542,520,60,584,629,280,914,619,295,913,675,311,990,70,64,130,84,55,143,92,63,156,5715,5288,10999,5586,5477,11060,6302,6218,12521
111011209,667,358,1023,638,388,1028,755,518,1278,974,1291,2269,960,1367,2329,1133,1657,2797,1517,227,1740,1425,244,1668,1536,257,1796,323,716,1030,365,854,1220,502,1175,1675,382,1416,1799,351,1304,1657,376,1278,1651,421,758,1175,438,686,1130,403,654,1059,754,58,816,675,49,727,680,81,768,666,352,1012,646,350,995,701,350,1055,101,55,155,98,60,161,75,61,135,5810,5222,11029,5589,5312,10898,6173,6032,12202
111011210,173,86,261,165,103,269,190,127,315,180,234,413,197,289,485,224,375,599,440,73,509,443,63,513,491,87,581,92,262,352,103,289,395,136,400,532,87,422,509,81,360,441,97,387,479,137,265,399,125,258,379,121,240,361,237,22,259,233,20,254,213,28,239,289,158,450,295,166,458,266,156,426,40,28,69,33,21,62,36,31,59,1678,1546,3220,1674,1570,3248,1766,1832,3601
111011211,117,50,168,115,71,189,132,85,219,168,205,364,173,222,394,187,283,480,212,26,238,189,30,222,202,25,231,59,113,172,58,104,164,76,136,213,41,190,240,41,163,209,40,163,199,62,115,172,49,81,129,40,74,113,84,4,94,64,3,66,55,5,60,85,31,113,84,28,116,80,15,104,13,13,22,15,5,22,10,15,21,829,749,1580,790,717,1507,826,811,1637
111011212,265,132,396,327,175,509,399,238,635,335,425,762,323,507,832,401,668,1071,683,90,770,693,105,795,734,105,843,143,328,471,162,390,548,200,554,751,106,478,577,109,498,608,105,531,645,137,319,456,139,308,448,135,295,427,296,21,311,288,26,310,264,25,287,297,169,466,328,162,492,307,155,462,37,21,59,52,22,74,46,35,82,2293,1980,4276,2416,2203,4623,2595,2605,5198
111011213,565,220,787,509,234,742,577,303,884,740,861,1603,681,885,1565,747,1018,1762,691,106,795,609,104,711,696,126,820,176,362,544,160,416,572,170,471,648,211,808,1015,169,694,861,150,683,834,219,378,599,232,331,569,202,311,513,218,24,235,205,18,217,217,21,241,256,94,349,242,93,336,276,90,367,56,33,90,26,22,49,38,27,59,3125,2882,6013,2829,2795,5623,3063,3062,6125
111011214,396,237,634,418,223,643,519,308,829,538,677,1215,565,783,1349,692,1072,1760,795,131,922,749,120,867,782,150,937,165,420,588,213,504,719,247,668,916,176,778,954,185,761,949,203,796,997,227,429,654,267,379,646,235,415,649,344,23,364,321,27,351,344,38,379,355,173,531,357,151,505,368,160,525,61,31,89,39,36,76,42,42,85,3055,2908,5964,3113,2991,6103,3434,3640,7075
111021215,200,97,293,173,97,268,221,156,383,206,290,496,181,316,497,307,469,770,496,72,570,461,81,543,600,110,709,108,289,400,109,357,467,171,471,635,95,390,486,83,338,420,101,416,511,108,259,370,115,235,353,127,245,369,284,26,306,280,27,302,319,36,354,275,130,405,260,147,403,292,148,437,32,21,50,42,22,63,42,32,71,1803,1572,3373,1714,1609,3318,2170,2085,4253
111021216,195,103,299,212,119,329,275,179,456,258,399,653,231,419,650,276,426,701,439,78,518,547,96,642,589,109,697,94,247,346,109,321,429,125,427,548,89,402,487,91,406,493,95,468,564,110,197,302,111,223,325,131,234,368,248,29,278,240,40,279,277,43,323,267,133,403,252,134,388,275,141,417,36,22,57,39,16,56,44,38,79,1736,1601,3334,1827,1772,3596,2091,2066,4159
111021217,274,182,452,375,243,617,456,374,829,273,415,680,419,695,1112,592,910,1507,881,131,1013,942,181,1127,1148,197,1343,133,354,489,196,533,725,245,826,1070,179,704,883,214,805,1022,255,863,1121,204,422,624,259,485,736,286,529,819,483,43,523,532,37,569,573,56,629,409,240,646,444,246,692,513,280,793,41,41,77,64,46,109,82,55,138,2868,2528,5395,3443,3263,6706,4147,4098,8244
111021218,303,211,516,345,202,547,502,315,821,421,506,927,412,636,1043,505,882,1394,825,139,961,818,156,968,1047,194,1242,136,379,509,152,448,596,231,702,931,113,589,703,114,617,731,163,680,838,133,325,459,191,319,514,209,344,552,423,28,450,409,40,448,554,55,609,407,237,650,459,252,703,528,274,800,45,35,81,67,40,107,95,58,150,2801,2458,5263,2960,2702,5663,3836,3502,7341
111021219,356,188,545,333,200,535,399,249,646,459,560,1016,399,618,1021,416,692,1104,790,119,909,679,117,793,763,141,895,141,424,561,172,455,632,169,575,744,141,591,730,143,573,715,147,589,734,179,361,535,189,357,539,151,338,480,387,24,414,344,23,364,380,35,419,383,173,552,377,197,581,355,186,542,63,35,96,62,41,103,58,24,85,2893,2472,5367,2702,2584,5288,2830,2829,5660
111021220,264,142,402,248,155,399,260,192,450,321,447,764,278,443,718,296,475,777,627,98,721,563,98,660,643,106,744,94,294,380,102,345,444,133,424,553,105,457,563,88,409,499,84,431,512,110,262,372,110,227,335,104,201,306,316,26,341,284,23,302,284,37,321,234,117,354,247,104,351,238,115,356,31,11,41,25,19,47,51,30,78,2095,1849,3941,1941,1820,3760,2094,2008,4100
111021221,129,77,206,114,88,205,166,124,291,105,194,302,121,228,343,155,321,471,563,77,644,549,71,623,623,101,728,71,229,304,75,276,353,116,384,500,73,320,392,79,323,397,86,370,460,66,225,289,74,226,299,88,242,332,323,26,350,308,28,339,324,32,359,264,160,423,249,150,407,270,173,440,32,22,54,27,15,42,29,26,52,1626,1343,2962,1605,1407,3010,1861,1778,3636
111031222,529,243,769,555,309,863,657,453,1107,929,1099,2031,935,1225,2167,1154,1574,2733,799,181,981,848,165,1017,883,186,1071,264,427,686,294,503,793,372,644,1018,257,907,1164,259,851,1106,236,842,1079,284,515,798,271,452,728,291,452,742,340,18,357,267,24,288,313,34,351,371,174,542,380,164,539,397,159,557,56,36,94,57,57,114,52,33,87,3825,3603,7429,3859,3753,7607,4363,4383,8745
111031223,147,81,227,123,75,201,140,110,251,95,191,289,106,169,279,121,222,349,502,70,571,433,69,499,490,90,581,74,243,319,87,280,368,131,356,487,75,310,390,69,291,360,78,313,388,98,275,367,98,243,343,99,209,309,412,26,435,381,30,410,392,32,423,393,256,646,384,303,683,374,312,690,36,16,51,27,14,46,46,24,69,1822,1478,3298,1706,1475,3186,1876,1673,3549
111031224,392,219,614,408,260,673,471,353,827,822,852,1677,806,941,1749,922,1161,2077,533,97,625,490,113,600,509,115,628,195,363,552,241,480,719,312,586,899,174,591,767,193,547,742,189,516,702,206,304,514,211,312,521,231,268,497,202,25,226,182,21,199,185,32,213,309,116,425,281,115,399,294,155,444,42,29,70,41,34,71,55,46,102,2872,2595,5473,2855,2819,5677,3162,3227,6391
111031225,536,283,816,570,325,894,648,448,1096,1017,1253,2272,1041,1380,2419,1202,1668,2868,857,161,1023,790,171,960,819,146,962,246,505,748,284,573,855,326,692,1017,277,933,1211,259,901,1161,261,838,1105,306,496,801,262,468,722,312,456,769,340,25,365,303,17,325,315,38,357,394,216,611,337,201,540,424,216,641,63,29,94,60,44,106,74,37,110,4025,3901,7931,3914,4079,7987,4385,4536,8918
111031226,313,191,503,352,227,579,516,325,845,433,514,946,544,738,1280,778,1141,1928,775,140,914,910,180,1092,1035,197,1235,170,397,568,229,528,757,340,786,1120,195,720,919,190,809,1004,245,922,1168,210,449,659,225,455,682,272,484,761,471,34,504,501,40,541,542,59,597,356,211,566,427,236,663,477,250,725,68,45,113,69,42,107,84,55,134,2990,2708,5697,3445,3253,6696,4300,4212,8512
111031227,323,233,557,330,262,593,419,343,763,662,830,1495,717,999,1721,869,1296,2165,808,159,966,748,176,930,789,198,986,238,490,728,286,636,919,362,742,1105,238,672,912,216,680,900,252,667,920,223,430,650,265,408,671,231,372,601,440,37,477,376,37,408,383,50,435,480,271,742,475,241,715,451,224,679,58,57,117,56,37,91,74,58,130,3464,3175,6642,3468,3472,6946,3821,3950,7774
111031228,626,385,1009,630,348,973,753,510,1263,1192,1220,2412,1212,1347,2563,1311,1620,2927,717,130,852,639,114,751,626,124,753,284,442,735,277,532,813,326,593,912,210,737,946,169,693,855,198,651,843,257,347,608,240,341,582,246,333,580,214,15,231,175,15,191,191,19,208,301,88,391,286,84,366,274,91,368,45,26,67,55,34,91,43,50,90,3846,3398,7241,3682,3505,7187,3967,3985,7950
111031229,439,288,726,474,288,758,655,471,1122,1227,1106,2331,1206,1240,2446,1416,1546,2962,461,93,552,460,108,563,525,138,660,213,344,557,281,404,683,333,619,952,171,520,691,162,499,659,197,615,812,191,253,446,181,224,406,206,266,476,136,15,147,110,12,120,187,25,206,187,72,256,184,62,251,220,103,319,37,32,71,50,35,88,49,31,81,3071,2720,5787,3112,2863,5977,3791,3815,7607
111031230,0,0,0,0,0,0,0,0,4,0,0,3,0,0,0,0,0,0,6,0,6,0,0,0,0,0,4,0,0,0,0,0,0,0,0,0,0,0,0,0,0,0,0,0,0,0,0,0,0,0,0,0,0,0,0,0,0,0,0,0,0,0,0,0,0,0,0,0,0,0,0,0,0,0,0,0,0,0,0,0,0,6,3,6,4,0,5,10,4,16
111031231,125,100,222,137,82,220,183,114,291,317,334,657,345,450,798,461,590,1049,497,64,559,460,75,531,608,123,727,161,373,527,226,531,762,332,700,1031,127,299,420,107,288,394,173,363,531,151,310,463,213,354,574,301,417,720,259,22,290,296,30,331,386,50,434,299,200,496,372,186,557,447,230,676,42,31,75,44,11,57,50,30,79,1983,1734,3715,2197,2017,4215,2931,2616,5553
111031232,155,88,244,179,126,298,259,171,428,193,222,409,227,344,574,320,529,849,352,47,394,412,49,460,478,77,555,77,188,267,104,236,335,149,299,455,59,262,316,72,302,374,90,341,435,57,118,180,59,124,186,84,159,238,164,11,179,191,14,204,192,21,217,176,97,273,145,101,251,197,99,292,29,17,43,32,16,44,29,27,54,1265,1050,2317,1420,1310,2730,1797,1724,3524
111031233,440,255,698,453,286,739,525,357,887,760,933,1697,789,1058,1847,942,1371,2310,1141,187,1335,1026,186,1209,1137,221,1354,238,615,854,270,706,971,378,960,1337,252,1011,1267,249,897,1145,249,932,1182,280,576,851,283,495,778,308,536,842,597,51,645,510,38,547,557,67,623,562,337,900,570,305,881,582,327,912,81,52,131,65,53,123,95,55,148,4352,4018,8371,4211,4021,8234,4776,4827,9601
111031234,252,168,416,232,186,416,364,253,616,542,698,1235,543,792,1336,718,1081,1804,667,107,774,605,135,739,699,138,838,202,429,628,264,536,797,304,658,967,173,565,739,182,524,703,204,570,777,174,341,515,207,349,558,243,304,541,313,19,334,300,22,329,305,32,332,352,167,519,361,152,512,355,197,553,55,21,74,45,30,76,44,42,85,2731,2510,5243,2740,2728,5470,3229,3284,6510
111031235,237,163,403,245,195,442,407,322,732,473,619,1095,577,753,1335,742,1068,1811,431,88,522,420,102,520,497,132,630,162,314,481,188,401,587,249,503,753,132,383,510,131,394,529,141,422,566,132,207,341,126,156,283,141,190,331,155,14,171,149,13,160,144,21,165,235,108,347,209,95,303,232,98,330,37,18,55,38,35,75,44,38,84,2000,1915,3914,2088,2149,4231,2601,2805,5406
112011236,418,263,680,418,255,675,454,341,796,432,602,1035,484,727,1209,553,933,1486,757,121,884,750,155,905,867,184,1050,189,571,759,252,616,866,347,805,1155,151,636,783,136,590,733,164,631,793,282,488,769,263,476,743,286,460,745,325,25,345,298,26,326,301,28,330,513,244,760,514,268,781,567,292,859,40,36,77,57,52,109,62,40,100,3106,2995,6097,3178,3168,6348,3600,3716,7317
112011237,737,366,1100,712,401,1116,827,507,1331,594,826,1416,669,912,1583,708,1085,1799,774,167,945,830,167,995,1001,178,1182,169,538,710,190,591,785,271,809,1083,129,760,886,157,714,875,162,841,1000,274,438,707,250,456,702,314,488,801,325,32,357,337,26,361,366,30,400,468,236,701,484,254,741,616,304,924,52,40,91,69,58,122,97,62,157,3514,3405,6920,3693,3583,7283,4374,4309,8678
112011238,302,161,466,323,202,520,450,256,707,277,346,620,299,371,675,392,555,950,237,56,295,268,66,332,302,90,398,67,133,206,86,196,275,104,211,318,43,200,240,46,204,254,45,227,273,73,134,205,77,137,211,94,165,264,75,12,84,70,6,80,63,15,78,140,86,229,119,69,194,158,73,231,25,26,52,32,13,46,40,36,72,1238,1151,2392,1315,1262,2581,1659,1620,3279
112011239,215,137,349,221,156,376,300,262,556,278,419,695,313,482,789,384,663,1044,387,73,459,467,86,550,518,122,642,112,293,404,113,347,461,145,430,570,62,301,369,71,290,361,62,328,392,115,230,346,120,233,349,122,232,358,115,21,138,107,25,133,108,23,125,251,136,387,249,123,379,242,137,381,37,30,64,34,25,48,44,50,97,1569,1639,3216,1697,1757,3453,1927,2242,4168
112011240,335,268,603,397,299,696,529,443,967,449,503,953,472,615,1095,571,807,1376,474,87,557,459,95,558,606,134,748,180,336,519,183,381,562,249,508,753,60,306,366,67,305,370,85,314,401,145,270,417,151,275,429,164,286,455,115,22,138,117,18,133,99,29,125,246,141,385,221,174,392,299,206,499,42,28,70,44,30,71,78,57,136,2048,1962,4010,2115,2186,4302,2677,2792,5465
112011241,153,71,221,143,89,235,177,118,294,106,169,273,95,201,305,115,253,367,237,43,285,248,48,294,262,49,312,66,182,251,71,205,275,89,233,322,25,135,167,29,156,182,29,188,215,67,140,203,60,110,174,57,99,159,147,9,159,145,13,155,158,14,169,154,65,216,184,87,273,208,122,335,20,6,24,28,14,43,32,10,42,974,826,1801,1009,927,1942,1125,1093,2214
112011242,318,170,489,317,179,495,459,291,754,420,512,929,447,642,1089,569,817,1393,380,85,467,402,81,480,519,107,625,125,284,414,140,303,442,160,387,552,62,364,427,73,351,423,77,410,491,137,246,386,171,233,406,190,258,444,83,9,89,88,14,102,111,14,125,184,100,290,196,97,297,217,83,303,32,12,46,25,29,57,32,24,56,1742,1788,3536,1863,1926,3792,2339,2400,4730
112011243,255,174,429,259,173,436,341,266,608,259,419,680,292,440,736,389,615,1005,369,83,449,382,90,473,404,92,498,93,218,316,93,263,355,137,329,464,48,234,286,40,256,293,48,220,275,121,191,303,122,192,309,111,199,307,94,18,110,115,16,128,114,20,136,190,106,293,225,125,348,226,121,347,30,27,56,31,26,54,40,39,81,1469,1466,2931,1559,1587,3144,1818,1908,3724
112021244,254,135,389,228,128,357,240,179,423,148,316,463,129,324,458,151,312,464,444,84,533,405,96,502,491,104,595,93,383,483,99,419,518,121,547,670,104,425,536,94,412,503,80,419,501,169,270,437,156,287,445,165,272,435,324,19,346,318,38,350,351,34,390,680,272,950,708,296,1004,702,330,1029,44,21,63,49,23,68,38,29,68,2266,1931,4193,2187,2018,4209,2345,2225,4569
112021245,389,211,601,368,178,543,377,215,592,92,196,287,75,217,290,85,239,327,297,63,359,282,54,337,294,69,365,60,208,264,62,194,255,70,297,365,25,236,263,43,241,279,35,273,313,52,140,199,65,118,180,75,138,218,202,15,218,208,14,223,235,18,253,306,137,441,329,182,507,328,180,507,28,20,53,33,25,59,40,27,73,1459,1223,2679,1460,1215,2676,1546,1465,3014
112021246,346,201,548,328,180,511,336,262,602,433,645,1079,403,633,1040,464,733,1200,621,134,751,608,123,730,666,137,807,191,434,621,183,497,683,258,584,842,186,630,814,177,632,807,176,667,843,282,460,743,279,410,687,246,385,636,227,28,252,276,27,303,293,33,328,429,234,665,396,260,656,480,256,737,33,25,55,39,26,61,58,32,84,2740,2795,5535,2686,2791,5476,2973,3096,6073
112021247,346,176,520,321,160,482,294,188,478,160,268,425,133,264,393,138,302,437,298,63,362,272,62,333,311,67,380,70,242,308,72,221,292,84,281,364,36,247,291,42,236,278,42,251,292,74,165,239,84,130,213,83,118,200,198,19,218,192,18,213,185,24,208,294,119,410,279,126,402,263,152,411,26,13,37,28,25,56,41,25,73,1504,1308,2816,1417,1241,2660,1437,1404,2847
112021248,336,201,542,291,196,480,307,247,559,472,683,1161,438,718,1159,531,834,1367,726,149,873,683,149,834,672,168,837,272,552,822,266,621,891,327,775,1101,174,595,765,139,558,698,148,533,685,273,478,752,254,412,663,269,385,654,349,27,372,305,30,332,328,29,353,580,316,891,557,317,874,674,322,992,56,35,98,63,38,98,57,44,94,3235,3040,6273,2996,3032,6026,3308,3333,6639
112021249,793,432,1222,721,416,1141,794,493,1286,575,871,1456,575,914,1490,651,975,1623,738,129,870,681,144,826,783,178,959,188,471,662,199,528,727,235,619,857,164,723,887,149,673,822,165,715,876,205,365,577,236,354,589,242,350,592,335,26,359,345,27,377,321,33,355,457,263,714,469,268,739,518,277,798,46,36,83,52,39,93,67,50,120,3509,3317,6825,3434,3368,6808,3780,3697,7475
112031250,361,206,570,453,235,686,615,410,1024,419,536,957,524,736,1260,651,1007,1663,546,90,638,641,110,752,706,125,834,152,343,496,238,484,714,269,561,830,89,466,555,114,550,664,148,644,790,176,311,490,210,353,565,194,355,553,159,14,175,180,27,212,188,27,216,302,158,461,339,189,534,387,192,577,43,27,70,49,41,90,76,52,128,2250,2162,4410,2753,2725,5472,3233,3374,6607
112031251,168,96,265,175,124,292,191,151,341,191,259,453,180,326,509,229,411,632,397,60,448,440,68,509,488,111,600,84,270,357,117,328,442,151,438,585,69,282,354,70,307,377,78,340,417,125,216,346,152,220,369,113,240,352,221,19,235,224,22,247,246,30,274,250,162,407,274,171,443,330,173,500,28,20,47,29,21,55,27,26,56,1529,1382,2910,1652,1591,3247,1846,1916,3763
112031252,448,205,651,402,214,618,439,295,736,306,411,718,261,428,697,307,497,809,481,99,582,513,102,617,547,117,664,92,308,400,109,305,415,159,357,516,58,373,437,67,382,449,78,364,442,115,228,346,86,190,282,109,209,312,277,25,299,268,14,283,227,27,260,279,176,457,297,179,478,340,216,552,44,20,62,51,32,83,54,46,101,2092,1860,3949,2068,1859,3930,2259,2126,4385
112031253,351,195,546,403,219,622,452,317,767,350,560,914,388,665,1053,532,806,1339,758,123,884,816,136,951,849,147,991,164,458,627,173,529,701,206,621,830,91,518,608,115,535,652,94,577,669,181,295,475,178,333,508,163,327,486,273,18,288,259,31,286,234,29,267,370,213,584,428,198,625,404,232,633,45,33,77,47,35,82,58,54,111,2587,2416,5000,2800,2683,5484,2984,3113,6098
112031254,405,276,680,418,320,742,504,354,861,417,638,1052,443,692,1133,574,988,1563,949,158,1109,1023,189,1215,1188,213,1399,268,625,891,339,745,1088,310,960,1273,138,672,808,139,694,836,134,766,901,305,494,800,303,535,842,290,519,812,377,34,408,401,26,430,393,56,445,566,297,863,554,319,872,626,313,943,64,57,119,53,58,117,93,77,171,3479,3248,6732,3676,3583,7268,4107,4258,8365
112031550,341,205,547,368,243,612,406,328,732,307,502,807,303,604,906,382,732,1116,759,122,885,795,137,930,890,176,1060,214,609,819,242,670,915,276,728,1008,156,694,853,170,701,867,155,765,917,286,569,858,306,551,861,306,531,839,295,33,328,310,42,352,309,46,354,436,249,688,467,222,689,482,234,718,47,29,78,57,35,95,75,74,144,2844,3012,5860,3022,3205,6228,3285,3614,6900
112031551,139,61,202,115,69,185,148,83,233,122,153,275,127,184,314,131,232,358,184,36,220,202,41,241,216,41,256,42,106,147,56,128,179,59,136,199,39,189,233,55,180,231,33,159,196,63,114,175,59,117,173,54,91,145,63,3,62,59,0,59,66,6,73,96,32,134,85,33,124,92,41,128,15,0,20,18,14,30,16,12,31,776,698,1474,778,760,1537,816,806,1621
112031552,126,70,201,112,79,195,146,118,261,98,161,257,110,194,302,138,270,408,311,50,365,324,64,385,380,89,463,79,238,308,115,331,445,114,383,497,37,230,269,45,228,271,59,279,333,121,232,356,122,207,333,110,208,320,151,17,169,150,10,161,153,15,161,231,127,355,271,150,416,281,169,447,35,14,46,29,27,55,27,17,45,1190,1134,2323,1284,1288,2573,1406,1538,2939
113011256,761,315,1073,767,309,1072,911,406,1320,411,659,1067,447,755,1201,541,908,1451,953,176,1138,1009,182,1192,1158,212,1374,144,513,662,178,629,800,190,820,1007,158,838,996,159,829,988,198,908,1112,335,561,898,328,566,894,339,584,924,495,40,534,525,36,561,655,54,702,896,495,1394,1030,609,1637,1237,914,2155,86,76,151,99,47,148,165,101,271,4240,3674,7909,4537,3962,8499,5392,4910,10301
113011257,1413,479,1890,1198,447,1645,1265,471,1739,194,389,581,182,409,592,178,426,607,570,126,691,565,127,688,623,135,754,66,354,419,85,388,467,78,424,505,65,584,648,79,589,665,81,647,724,119,307,425,140,320,459,126,246,378,494,40,538,509,57,564,541,76,616,629,363,995,650,361,1015,594,386,974,69,44,113,69,49,123,77,58,136,3625,2681,6306,3479,2744,6222,3561,2871,6433
113011258,416,180,597,420,188,604,424,189,613,241,334,573,217,381,593,220,395,615,513,112,627,517,88,609,592,91,682,70,252,321,75,279,353,79,436,519,78,446,526,70,403,477,93,419,510,108,271,372,91,239,333,90,252,333,299,27,327,347,44,392,366,37,405,497,268,767,519,303,818,505,357,861,42,20,60,55,34,82,70,27,96,2266,1905,4171,2309,1951,4265,2443,2203,4643
113011259,374,171,544,364,173,529,318,156,470,92,188,281,75,206,281,87,205,293,262,79,342,229,62,293,245,70,316,44,199,246,36,193,232,54,230,283,43,206,257,35,212,251,32,203,241,51,123,174,51,105,160,54,106,161,191,12,205,195,18,210,192,15,202,289,148,447,259,150,411,250,138,387,38,23,60,25,19,42,31,14,49,1386,1153,2547,1279,1131,2410,1268,1138,2402
113021260,244,124,367,249,129,381,231,133,364,51,87,139,41,82,123,56,108,163,163,33,191,126,28,159,150,31,179,39,95,136,43,99,145,47,142,187,18,114,132,16,100,117,18,99,123,24,66,83,15,61,77,15,50,69,147,19,163,153,19,176,150,18,173,145,77,218,155,97,257,137,109,250,18,4,19,23,4,24,16,9,24,848,606,1459,831,626,1459,825,710,1536
113021261,159,98,254,153,86,237,171,105,278,171,198,363,127,213,337,163,257,417,422,59,478,354,66,411,375,75,445,49,229,280,39,218,258,70,308,380,48,224,272,50,210,270,41,231,270,55,209,260,61,175,238,63,186,255,309,10,314,301,17,324,279,12,288,278,158,433,218,150,371,286,204,486,37,17,49,22,15,38,28,10,44,1522,1190,2709,1325,1151,2475,1477,1388,2863
113021262,324,131,451,275,149,424,294,172,467,84,161,245,87,177,270,84,165,245,269,37,298,232,35,266,249,38,284,30,132,170,29,142,178,28,159,189,16,184,207,28,171,195,28,195,227,34,87,120,21,89,114,25,86,111,220,13,228,229,13,243,223,13,236,222,166,387,192,151,342,215,139,351,24,17,45,30,13,50,34,29,67,1223,926,2152,1136,937,2070,1166,1001,2175
113031263,301,147,448,279,140,424,274,156,427,144,281,430,122,292,407,133,288,423,329,64,392,308,82,395,329,70,395,71,230,305,77,242,322,89,305,397,46,284,328,57,249,312,49,238,285,99,156,252,82,139,218,88,160,245,188,19,207,183,11,196,217,22,239,310,134,446,322,167,491,250,130,387,28,12,45,30,17,52,35,27,58,1519,1327,2847,1463,1344,2810,1462,1391,2862
113031264,255,116,367,210,106,314,241,114,351,51,108,158,51,101,149,49,122,177,178,32,205,161,37,198,156,38,189,33,113,138,24,122,146,26,124,148,26,118,153,20,124,144,26,133,158,20,74,96,41,106,150,42,77,118,131,6,138,121,3,122,115,5,121,220,118,334,218,110,326,208,138,346,19,23,42,24,15,34,30,10,36,928,710,1640,863,722,1579,891,762,1650
113031265,310,135,442,286,140,422,304,155,459,77,152,230,70,187,260,86,204,283,229,37,263,217,58,274,246,54,304,93,190,277,96,192,292,97,259,349,36,209,246,41,207,251,37,204,237,44,98,141,49,105,155,46,99,148,174,9,183,190,18,207,211,13,223,201,94,300,255,159,408,291,142,434,27,11,35,19,11,32,23,11,31,1185,935,2118,1223,1068,2293,1333,1140,2472
113031266,411,196,607,439,183,622,415,202,617,134,215,343,130,252,382,131,280,411,298,58,360,305,62,366,316,55,370,50,207,254,52,225,280,61,288,350,43,229,269,35,243,285,49,246,292,73,150,221,82,165,244,74,146,216,166,15,178,175,12,187,186,22,210,195,104,295,208,115,321,241,127,369,22,17,39,24,6,32,29,19,50,1395,1174,2574,1454,1263,2714,1506,1379,2883
113031267,618,281,905,591,361,953,635,403,1044,683,929,1609,657,940,1601,639,1062,1700,1006,197,1203,1099,183,1283,1070,181,1247,230,557,787,224,644,865,301,795,1098,225,947,1171,192,885,1078,208,847,1062,349,539,891,354,523,878,345,433,775,395,32,429,387,33,419,370,31,402,515,262,774,490,250,735,528,250,777,58,46,102,75,29,106,81,50,137,4080,3787,7869,4060,3842,7910,4181,4055,8230
113031268,101,49,152,110,59,168,173,96,270,137,178,320,216,293,507,261,435,694,202,45,245,264,64,326,315,89,406,56,149,207,89,274,359,139,345,485,33,162,193,37,212,248,50,240,291,55,123,176,90,143,233,100,168,265,94,12,110,105,9,113,133,25,152,112,70,181,127,102,226,195,131,328,8,4,15,10,5,15,23,15,39,800,793,1591,1049,1159,2205,1392,1540,2933
113031269,620,335,961,627,375,1004,658,417,1077,763,1155,1921,693,1224,1918,796,1401,2201,1410,254,1664,1331,228,1556,1320,245,1571,389,777,1167,397,891,1290,492,1106,1600,263,1046,1310,260,1041,1302,291,1009,1300,482,681,1165,453,654,1105,458,617,1071,527,43,566,509,44,552,583,52,638,642,411,1057,691,421,1111,681,461,1137,109,73,178,76,55,128,116,78,195,5203,4790,9989,5034,4931,9963,5393,5401,10791
113031270,331,196,527,363,216,581,359,238,597,497,646,1138,528,716,1242,525,755,1282,719,143,862,665,126,791,642,112,754,268,469,738,374,537,904,308,518,825,168,465,635,132,458,586,134,426,560,210,341,551,203,344,551,210,296,507,297,35,329,246,28,277,254,31,289,406,238,638,386,220,606,430,232,666,60,49,104,40,26,69,63,37,92,2949,2572,5527,2943,2668,5610,2920,2650,5568
113031271,1263,551,1812,1139,534,1668,1213,634,1845,314,560,868,328,662,989,507,944,1453,1024,170,1195,889,177,1064,1204,266,1465,211,399,610,223,509,729,404,823,1225,107,628,730,113,617,726,128,718,848,134,314,443,158,328,487,200,410,615,476,38,512,446,43,493,504,57,562,395,282,681,430,265,686,488,307,793,54,29,81,67,46,117,97,74,173,3967,2968,6933,3796,3174,6969,4751,4224,8977
114011272,370,241,618,379,247,631,432,292,725,315,461,781,333,467,804,403,559,956,434,77,505,448,84,532,465,82,547,120,249,372,120,231,346,118,282,396,56,333,393,64,320,384,62,331,395,100,158,254,85,176,265,87,179,268,122,5,126,125,10,134,131,12,141,203,85,287,199,109,308,212,115,324,37,16,53,29,18,48,43,32,73,1758,1631,3387,1785,1665,3452,1952,1883,3835
114011273,79,41,121,83,51,138,119,73,190,88,129,223,75,143,219,113,180,295,177,23,202,185,35,218,191,31,228,48,82,133,51,117,172,66,121,190,19,131,151,27,117,143,31,124,151,44,69,117,61,95,152,43,89,130,56,11,65,51,4,54,65,3,67,107,30,136,99,52,149,111,54,167,10,7,17,14,9,20,16,6,20,646,527,1167,646,619,1264,746,674,1429
114011274,142,74,205,122,67,190,153,107,261,106,158,269,111,170,287,145,230,372,277,38,315,280,34,318,276,27,307,49,159,204,73,150,221,70,222,300,34,169,201,28,176,206,33,195,231,42,104,141,58,94,154,43,102,143,98,11,108,92,9,100,107,6,114,143,63,201,136,86,223,147,74,226,19,11,28,20,12,33,17,5,23,895,774,1671,924,810,1733,1005,965,1971
114011275,0,0,0,6,3,10,5,5,9,0,0,0,0,0,5,0,7,8,0,0,0,0,0,0,0,0,0,0,0,0,3,0,3,0,0,0,0,0,3,0,0,0,0,3,4,0,0,4,0,0,0,0,0,0,0,0,0,0,0,0,0,0,0,0,0,3,0,0,3,6,0,5,0,0,0,0,0,0,0,0,0,7,7,9,10,11,23,17,12,24
114011276,125,69,195,150,109,256,191,141,333,154,207,361,191,235,429,254,325,574,201,29,230,235,43,279,268,42,314,56,103,162,67,131,200,92,181,272,34,163,200,29,159,191,29,181,208,35,86,114,42,93,135,58,83,141,30,4,37,49,3,51,43,3,48,84,38,123,73,38,107,69,35,100,14,7,22,17,15,25,22,14,39,729,713,1437,852,828,1681,1023,1008,2032
114011277,459,240,698,442,254,692,475,316,791,528,685,1214,511,707,1218,544,816,1360,876,161,1040,848,149,995,867,169,1037,258,572,830,267,642,913,324,719,1040,149,685,831,119,631,753,148,595,734,272,480,755,242,480,723,240,441,684,343,18,362,347,21,366,359,24,386,401,223,627,489,211,696,496,250,739,62,36,97,59,30,82,75,47,120,3340,3109,6447,3322,3124,6440,3542,3370,6901
114011278,401,212,608,399,288,685,510,364,874,373,549,923,367,626,992,438,795,1230,1026,159,1192,1156,181,1334,1203,258,1462,280,608,889,347,772,1116,496,1103,1600,140,642,784,139,653,795,173,741,912,259,509,771,261,526,794,349,578,928,408,24,430,419,35,449,489,40,532,488,267,755,565,298,869,718,329,1046,46,43,86,78,44,128,74,66,136,3415,3011,6434,3737,3426,7163,4450,4274,8724
114011279,238,140,376,221,156,384,304,225,532,186,334,520,186,387,572,249,522,765,587,93,681,696,111,805,815,141,956,165,460,622,203,533,731,251,674,925,102,384,483,106,404,511,101,522,627,145,282,420,180,348,528,186,323,515,261,12,269,266,16,281,272,18,294,302,154,459,383,195,576,435,253,689,40,22,68,48,43,92,62,36,94,2015,1876,3898,2300,2189,4489,2678,2721,5395
114011280,88,57,152,85,55,132,95,70,164,46,70,116,58,94,148,72,128,204,187,33,225,211,35,245,247,40,288,57,139,190,54,138,191,61,159,221,20,100,125,19,123,144,29,155,184,41,67,105,39,60,99,29,79,114,81,5,85,81,8,85,86,5,89,83,45,120,94,41,139,113,54,168,16,8,18,22,13,35,13,9,17,617,523,1142,649,571,1224,746,695,1440
114011281,123,67,198,146,73,225,143,107,250,83,165,250,88,179,266,105,207,311,248,28,278,259,38,296,283,37,322,55,120,172,56,132,190,59,135,195,26,163,188,29,175,206,27,181,208,39,96,136,57,97,158,49,92,145,95,9,104,80,8,86,95,7,101,106,44,147,103,42,150,114,56,172,17,10,24,5,9,17,16,13,31,795,709,1502,833,752,1581,904,831,1736
114011282,361,234,600,373,234,608,470,359,828,297,436,730,359,511,873,421,726,1151,694,120,811,758,116,874,959,172,1127,177,476,654,193,539,723,225,671,906,86,507,591,77,511,585,108,573,679,221,433,654,256,437,694,250,488,739,232,19,246,235,15,251,234,12,246,428,192,622,418,226,647,500,231,735,42,35,68,36,32,74,56,40,100,2536,2450,4983,2709,2623,5340,3230,3278,6508
114011283,154,85,238,159,84,243,175,139,311,115,162,273,116,191,305,135,257,391,262,53,313,282,54,336,357,53,402,50,124,175,55,149,203,74,179,255,20,184,210,35,179,216,43,217,259,74,101,179,66,139,201,57,121,178,92,0,95,98,8,107,100,13,117,136,55,191,156,70,226,177,81,262,20,12,28,30,14,40,22,14,36,927,782,1706,997,885,1877,1144,1073,2216
114021284,494,297,790,543,322,865,635,389,1023,661,672,1332,624,715,1338,743,844,1589,457,85,549,485,119,603,509,108,613,142,347,485,152,374,531,147,374,523,118,512,631,114,438,556,132,491,621,228,289,520,220,306,527,206,272,478,149,15,163,122,8,133,142,23,166,223,113,333,208,130,338,204,125,329,55,33,83,43,37,78,47,29,84,2525,2368,4888,2518,2452,4967,2767,2658,5420
114021285,195,111,307,195,103,298,222,130,350,125,206,328,116,243,353,143,290,433,439,70,513,482,83,569,571,106,682,87,202,287,85,266,352,86,310,398,65,266,334,68,258,325,68,315,386,96,183,278,94,215,306,101,238,337,210,18,230,254,21,273,307,35,341,210,136,345,227,154,381,217,135,349,34,15,49,25,16,45,28,29,60,1461,1207,2672,1552,1353,2906,1742,1588,3332
114021286,254,153,410,309,193,503,422,286,702,287,426,718,321,494,819,445,657,1101,474,101,576,574,107,685,711,134,843,103,248,350,118,322,441,173,472,648,81,343,427,71,362,432,107,425,533,99,227,328,144,249,388,158,286,446,195,13,212,182,24,205,213,33,245,223,142,367,257,159,419,344,191,531,34,20,51,31,24,51,41,34,78,1762,1676,3440,2019,1931,3946,2621,2518,5143
114021287,327,155,482,311,172,479,382,292,672,266,338,603,299,407,702,370,559,932,617,120,739,596,144,738,697,154,852,90,297,397,114,376,489,123,395,515,59,426,486,74,412,488,85,452,537,110,262,376,156,291,443,140,281,422,289,27,319,300,38,332,290,27,320,302,181,483,365,175,542,362,206,573,43,25,67,43,19,62,46,28,79,2117,1841,3954,2259,2023,4289,2499,2394,4897
114021288,227,116,343,230,112,349,251,157,401,149,187,337,144,190,333,195,236,426,204,42,244,185,49,242,218,53,268,44,95,141,36,121,159,51,122,174,29,146,177,32,147,183,33,147,181,34,64,105,32,77,102,51,62,112,67,9,82,62,10,78,64,10,71,97,48,146,91,53,148,116,64,182,10,16,24,19,14,37,23,20,41,871,720,1595,834,781,1615,997,857,1850
114021289,312,180,495,303,201,506,373,266,636,248,302,546,259,358,618,293,389,688,324,78,397,364,86,450,408,117,531,89,200,287,84,177,263,88,241,325,46,241,290,54,291,343,48,321,377,82,134,221,87,145,225,78,124,202,148,13,159,143,12,158,168,22,188,162,94,258,171,99,274,177,111,291,29,31,62,33,25,56,30,31,64,1448,1277,2717,1505,1398,2903,1667,1635,3300
115011290,1104,512,1615,1117,565,1681,1216,734,1950,1558,1618,3179,1725,1787,3505,2012,2126,4138,1096,184,1277,1041,180,1221,967,195,1159,292,558,846,290,603,888,264,644,903,479,1443,1919,474,1317,1791,484,1280,1764,451,516,967,459,524,983,385,452,838,311,36,346,327,24,359,338,46,383,347,162,501,397,173,567,382,173,551,94,67,160,100,97,195,95,78,175,5727,5083,10818,5928,5272,11196,6132,5722,11860
115011291,1144,502,1646,1196,548,1742,1305,694,2001,1440,1402,2842,1526,1663,3192,1871,2012,3884,892,151,1041,854,163,1018,733,156,892,242,536,781,288,567,854,219,493,710,428,1407,1836,455,1366,1826,447,1287,1739,475,550,1024,446,546,994,385,427,811,264,29,291,288,28,315,270,39,307,294,150,445,332,143,474,293,131,418,80,74,154,104,72,174,107,74,179,5251,4802,10050,5489,5093,10589,5630,5308,10940
115011294,448,148,598,442,180,629,434,222,655,382,427,809,371,431,798,445,467,911,257,35,294,248,42,286,244,47,291,59,150,209,84,153,243,62,126,188,101,435,533,119,372,491,89,371,460,142,195,340,162,165,326,114,151,258,71,5,81,57,5,64,49,8,56,88,25,112,87,26,114,77,33,112,29,25,57,31,18,48,22,18,35,1590,1441,3028,1605,1402,2999,1530,1432,2960
115011296,947,389,1329,866,404,1272,858,452,1316,1140,1073,2219,1170,1121,2291,1212,1215,2425,443,74,523,399,99,497,332,90,418,129,288,415,123,276,403,106,239,346,266,864,1136,267,774,1040,255,667,923,314,347,660,269,326,599,242,235,480,107,17,124,103,12,116,93,19,108,140,79,215,145,56,202,145,60,207,55,36,97,59,50,112,46,40,83,3539,3168,6710,3413,3120,6535,3287,3018,6309
115011553,421,199,622,439,218,664,403,255,662,570,581,1152,583,601,1183,629,607,1236,347,64,417,322,66,389,268,73,342,85,169,253,115,222,341,95,220,309,153,465,617,141,432,572,148,404,556,193,216,409,155,194,348,122,153,276,91,7,95,81,8,89,82,5,95,102,52,157,129,60,185,100,50,153,32,17,48,31,23,57,22,28,56,2002,1768,3767,1998,1831,3824,1880,1800,3681
115011554,321,110,434,287,127,416,292,162,452,344,330,673,357,340,693,398,379,778,148,19,168,154,24,177,109,14,127,53,96,143,53,111,162,51,101,148,80,283,361,88,251,338,92,246,343,90,129,218,97,139,234,77,83,162,30,5,33,28,9,37,39,11,45,48,31,77,46,23,74,50,22,77,28,17,42,16,14,24,10,15,29,1135,1015,2154,1126,1043,2164,1114,1038,2151
115011555,828,334,1163,810,348,1160,820,400,1219,886,919,1807,887,909,1796,979,1011,1993,485,91,574,464,95,550,394,79,471,127,267,393,136,302,437,125,289,408,237,740,979,227,658,887,199,604,801,302,362,667,278,336,615,231,262,494,104,15,122,121,12,135,107,14,122,161,72,237,164,68,236,169,75,243,46,33,79,54,39,93,44,30,78,3190,2829,6022,3149,2764,5915,3064,2763,5830
115011556,575,245,814,591,273,859,604,307,909,726,681,1408,717,753,1472,911,902,1816,377,79,459,380,80,460,355,84,438,103,224,326,113,251,363,92,251,346,196,597,793,178,517,687,199,518,719,194,233,427,182,267,452,195,245,436,95,18,116,130,20,146,98,15,114,117,51,166,135,63,202,140,87,227,36,21,56,52,33,91,50,32,85,2420,2150,4570,2481,2261,4744,2644,2442,5084
115011557,391,145,540,368,174,539,372,187,562,385,405,789,414,473,888,454,490,948,190,34,220,164,38,202,137,37,175,52,112,172,55,131,186,43,127,172,114,362,476,115,340,455,122,306,432,113,164,275,119,141,264,104,122,228,55,5,63,61,6,69,56,13,73,73,33,105,76,24,98,69,24,97,26,27,54,31,25,49,27,21,45,1398,1288,2687,1404,1352,2754,1395,1328,2726
115011558,1191,459,1642,1118,484,1597,1112,591,1706,1703,1569,3274,1675,1608,3281,1829,1717,3546,654,169,824,549,138,686,509,134,637,209,511,722,211,467,673,190,441,637,415,1164,1572,453,1099,1549,406,992,1394,363,523,886,381,456,838,292,369,665,158,29,189,172,28,205,168,22,192,267,127,396,257,122,381,214,102,314,91,77,167,75,58,136,76,77,152,5053,4616,9670,4896,4455,9350,4796,4448,9248
115011621,1033,418,1454,995,495,1489,1071,588,1658,1033,1134,2165,1181,1318,2497,1337,1529,2858,831,153,981,805,152,955,720,161,880,196,459,652,256,545,795,227,528,758,325,1150,1476,367,1166,1531,329,1033,1361,440,498,937,466,505,971,387,425,810,268,23,295,269,20,288,231,34,263,253,137,389,320,158,478,304,139,443,72,64,137,88,61,153,74,83,154,4456,4029,8489,4748,4417,9164,4676,4510,9182
115011622,120,55,177,349,161,506,727,430,1157,132,134,267,452,453,906,996,1012,2008,121,16,141,241,36,283,324,79,396,22,54,73,55,131,186,95,272,370,62,172,231,148,358,509,285,592,877,57,62,121,144,153,295,225,225,448,45,0,44,75,12,85,141,22,161,53,20,71,85,42,122,154,69,220,5,8,16,38,38,75,49,48,98,619,528,1148,1589,1388,2978,2991,2751,5739
115021297,1419,641,2056,1487,651,2137,1587,753,2339,1041,1196,2234,984,1298,2282,1100,1373,2470,1302,232,1538,1253,257,1515,1401,259,1656,190,495,684,242,555,797,210,557,765,254,1439,1696,272,1349,1621,276,1366,1639,389,538,922,403,536,940,367,510,870,378,27,401,376,27,403,347,47,395,462,210,671,482,210,689,478,196,673,102,64,164,117,70,187,138,83,221,5534,4842,10375,5609,4957,10570,5886,5146,11026
115021298,319,163,480,302,156,457,374,193,560,269,334,600,252,335,592,270,377,649,332,62,391,325,71,395,297,48,345,76,140,212,71,133,204,67,160,227,70,340,411,67,299,370,51,283,334,99,130,230,102,125,229,84,123,209,85,5,89,77,6,86,71,8,75,108,57,164,117,63,182,105,58,155,29,14,42,30,19,52,17,12,33,1375,1253,2629,1338,1216,2556,1342,1253,2594
115031299,123,74,197,125,74,208,119,93,210,79,83,161,80,121,192,92,145,240,194,29,221,203,46,246,209,36,250,25,84,106,27,83,110,24,92,117,23,111,136,6,108,113,27,104,134,28,34,64,24,47,73,24,55,79,85,6,92,90,9,100,98,10,106,86,57,141,78,67,143,91,44,133,17,5,22,19,9,22,19,13,35,654,488,1140,656,560,1211,703,595,1301
115031300,1096,490,1587,1045,552,1596,1111,704,1812,725,1175,1903,681,1166,1846,645,1208,1857,1799,277,2084,1911,266,2181,1994,291,2285,248,711,958,288,800,1085,255,898,1154,277,1493,1772,261,1480,1745,262,1473,1732,348,604,955,336,607,946,283,539,823,774,61,832,749,59,812,776,93,874,678,329,1011,697,312,1011,655,331,989,99,81,178,116,84,204,113,76,191,6043,5231,11269,6080,5343,11420,6097,5621,11716
115041301,451,231,681,583,321,903,608,362,970,225,364,595,234,451,692,268,547,816,868,124,987,958,127,1088,1013,148,1153,107,279,382,123,321,444,120,359,478,101,681,782,135,822,957,146,832,976,132,283,409,160,299,458,156,281,433,397,29,431,401,44,442,424,53,479,278,125,404,306,124,433,304,133,438,52,43,91,43,37,88,61,40,106,2610,2159,4766,2949,2551,5499,3098,2757,5851
115041623,117,39,153,77,25,104,585,304,888,48,72,123,33,56,96,736,940,1670,129,16,153,102,16,120,499,92,598,16,44,64,22,34,57,159,346,505,15,133,149,16,110,121,232,630,865,29,40,72,23,40,61,144,225,369,55,5,58,47,3,53,235,26,262,44,20,69,50,12,61,161,78,236,14,6,16,8,0,12,43,46,95,471,385,857,376,310,686,2794,2693,5491
115041624,138,58,195,302,140,440,1072,623,1696,73,115,188,347,356,697,1393,1506,2896,116,11,130,207,36,242,697,174,870,16,31,42,61,140,197,187,474,660,34,133,169,98,296,396,362,952,1315,46,57,100,104,141,247,302,419,727,38,0,42,71,3,77,223,38,254,34,7,45,88,41,123,228,110,343,7,12,25,17,15,32,71,64,138,510,432,940,1292,1168,2457,4543,4349,8898
115041625,970,367,1337,1025,482,1508,1162,619,1785,856,1000,1852,1052,1195,2245,1321,1503,2822,763,156,921,818,141,960,760,135,897,188,322,507,261,461,727,286,564,849,326,1036,1362,360,1109,1468,350,1041,1391,342,410,755,415,489,901,382,490,875,280,24,303,294,24,323,271,41,305,224,120,350,293,124,422,326,145,474,58,48,106,91,65,158,73,47,124,4010,3489,7500,4613,4088,8703,4938,4581,9522
116011303,350,198,547,434,235,664,407,254,665,645,577,1221,765,753,1519,766,812,1578,822,148,966,844,162,1006,703,161,870,253,424,680,269,526,797,239,581,823,369,842,1208,388,761,1153,377,645,1026,299,386,677,291,370,666,217,369,587,719,77,794,824,104,922,977,154,1131,594,289,873,613,325,937,479,336,816,85,73,162,88,61,148,98,77,177,4126,2999,7127,4521,3300,7823,4278,3395,7672
116011304,353,186,538,455,259,717,448,276,728,524,576,1100,546,683,1228,850,933,1783,994,153,1145,984,162,1142,813,155,973,222,512,731,219,643,864,236,709,950,353,1011,1360,369,863,1235,406,867,1271,256,420,675,317,421,738,263,422,685,739,103,835,809,103,921,1001,191,1192,565,302,867,603,328,938,515,346,863,103,67,167,88,66,155,135,82,223,4103,3331,7430,4393,3542,7933,4673,3983,8657
116011306,367,212,581,522,297,815,583,347,929,732,801,1531,908,1109,2018,997,1244,2246,962,158,1123,1015,189,1198,863,191,1059,251,539,792,269,726,993,319,770,1094,497,1221,1715,585,1235,1821,485,1091,1578,249,483,740,355,515,874,285,427,707,845,121,971,1010,152,1167,1056,199,1248,566,404,965,690,448,1138,598,409,1010,107,84,194,134,96,226,139,118,253,4581,4020,8600,5488,4757,10243,5335,4793,10130
116011307,824,445,1267,875,478,1354,890,541,1428,1103,1253,2357,1099,1360,2466,1251,1533,2786,1444,232,1676,1476,210,1689,1233,228,1464,326,688,1018,335,759,1093,317,787,1100,573,1625,2198,509,1491,2002,468,1275,1739,419,617,1032,411,605,1017,331,514,842,777,115,889,786,119,909,742,148,888,593,281,876,677,304,980,577,291,865,116,73,191,147,92,237,125,77,208,6167,5331,11499,6326,5430,11758,5927,5391,11323
116011560,277,143,422,286,155,443,303,186,487,398,441,840,385,497,879,463,510,971,614,97,710,670,96,764,501,89,588,165,284,445,153,409,567,143,421,562,244,700,946,283,615,898,279,582,862,182,280,467,204,301,506,180,274,454,490,74,557,557,76,630,608,129,735,334,199,529,405,218,626,336,198,542,84,51,134,69,52,123,73,61,137,2774,2273,5050,3008,2433,5444,2892,2447,5334
116011561,324,178,503,349,229,582,367,214,578,475,532,1006,553,606,1160,635,779,1413,816,140,955,828,151,973,693,142,839,199,379,576,261,530,786,246,512,761,358,906,1265,330,805,1138,349,733,1079,233,372,597,276,431,704,244,335,577,688,100,784,816,99,917,869,191,1060,470,251,722,555,266,816,466,314,776,102,80,186,118,77,192,90,83,174,3664,2939,6605,4083,3193,7276,3943,3314,7256
116011626,378,198,581,397,214,604,454,273,727,527,622,1148,598,654,1247,735,871,1604,815,129,944,779,138,920,681,125,799,175,358,534,175,425,599,177,500,682,324,890,1219,291,784,1077,321,728,1053,261,340,599,260,360,618,198,292,495,545,60,602,534,67,599,623,108,727,423,192,619,513,212,717,357,221,572,90,55,146,83,49,129,76,74,153,3544,2849,6394,3624,2892,6518,3626,3184,6816
116011627,242,111,355,279,143,422,363,182,548,447,449,904,475,518,992,737,733,1465,500,88,592,449,101,548,436,104,537,104,255,365,127,302,424,128,332,460,235,574,813,252,520,772,250,505,755,159,207,367,168,204,369,156,167,328,322,47,364,356,58,413,402,84,484,255,153,405,294,147,444,275,164,441,58,34,92,60,42,106,61,38,99,2321,1925,4240,2461,2028,4494,2813,2307,5117
116021309,721,343,1067,791,394,1183,814,433,1248,1027,974,1998,1106,1130,2234,1248,1320,2572,678,150,827,674,136,809,572,127,699,220,375,597,253,516,764,223,490,711,387,1062,1449,402,1003,1403,390,928,1318,331,446,771,365,446,807,283,380,668,418,58,480,439,68,507,402,66,470,283,179,462,335,190,527,241,171,409,86,51,132,79,77,159,75,63,138,4157,3624,7779,4436,3960,8391,4246,3976,8225
116021562,158,87,242,154,101,253,166,102,267,232,266,502,224,268,495,255,311,563,214,31,248,205,48,249,161,34,192,63,107,175,67,116,188,66,118,188,108,290,405,104,270,378,92,243,341,88,116,206,83,124,207,74,104,175,105,10,119,129,27,154,102,18,124,65,46,115,80,43,118,73,42,117,12,14,32,18,8,29,14,19,31,1054,973,2030,1076,995,2071,1002,990,1989
116021563,844,450,1290,847,445,1293,967,567,1537,1185,1250,2437,1263,1408,2672,1571,1709,3278,1311,208,1520,1235,205,1437,1102,211,1313,321,653,973,314,854,1164,301,912,1208,603,1691,2292,587,1568,2155,566,1371,1937,467,672,1143,473,713,1181,438,603,1047,707,83,791,797,100,899,843,116,959,574,314,888,596,288,883,529,298,829,146,81,226,129,74,205,130,122,253,6157,5407,11565,6242,5652,11893,6447,5915,12360
116021628,648,308,958,1045,563,1614,1197,648,1846,806,853,1650,1453,1543,2994,1663,1731,3395,590,90,676,877,170,1051,715,179,900,184,268,450,280,526,807,249,641,892,299,789,1089,489,1183,1671,517,1179,1698,262,311,582,436,536,970,346,458,806,254,29,280,410,42,450,398,57,455,160,82,240,291,162,456,283,133,414,44,41,83,89,73,166,89,84,169,3240,2776,6015,5369,4805,10172,5471,5095,10569
116021629,31,18,52,41,23,64,604,329,940,6,15,12,24,29,51,1164,1171,2338,53,15,66,66,15,76,550,151,696,9,20,30,10,18,27,207,447,656,14,37,43,17,64,83,355,828,1183,6,21,26,11,13,30,219,258,481,80,3,86,60,8,69,591,127,715,32,20,51,27,15,39,239,202,438,4,0,8,7,3,11,70,74,144,236,150,384,259,187,447,4001,3585,7589
116021630,189,108,303,238,156,397,491,291,785,173,242,415,237,321,555,701,872,1575,509,70,585,506,79,590,748,148,897,70,181,249,75,243,314,189,477,664,90,389,481,106,458,563,253,720,977,92,193,287,139,216,356,187,318,505,326,40,365,391,33,426,483,72,550,247,142,394,241,122,362,340,197,536,27,20,47,43,31,76,67,44,118,1727,1388,3113,1972,1660,3640,3462,3138,6596
116021631,53,24,76,145,71,220,469,274,740,32,57,90,163,214,380,844,853,1690,112,22,131,182,39,218,367,98,462,18,36,58,44,91,138,113,296,415,25,80,100,55,184,237,265,546,814,19,46,60,53,76,133,125,192,322,56,4,60,107,9,115,273,63,339,44,30,72,77,29,109,173,114,289,5,9,14,13,7,20,61,52,115,360,300,663,842,716,1560,2689,2498,5183
116021632,93,50,147,243,127,373,1132,673,1804,72,89,165,367,352,720,2242,2125,4370,162,21,186,293,48,338,899,227,1125,34,81,117,72,170,242,311,765,1078,39,122,162,132,331,461,561,1287,1854,35,54,95,104,106,208,361,483,839,108,3,111,189,11,202,667,140,806,72,54,131,118,71,187,435,221,654,17,3,18,26,14,38,115,119,232,637,487,1124,1536,1236,2772,6716,6040,12753
116021633,541,250,794,587,288,873,595,350,949,745,718,1472,801,828,1631,965,991,1952,470,85,553,510,104,612,430,87,514,137,250,392,156,327,483,119,346,464,264,735,1000,264,736,998,279,666,943,210,299,502,241,342,584,192,250,442,257,34,291,305,38,342,262,30,297,183,114,297,184,121,305,159,122,278,49,44,96,46,33,85,49,49,104,2866,2534,5392,3096,2813,5908,3059,2891,5949
116031313,159,117,279,161,110,267,171,132,302,187,255,441,206,274,480,201,295,502,622,95,716,627,85,711,494,74,566,173,437,609,187,461,647,178,533,705,231,583,818,195,596,793,177,481,657,163,360,525,148,359,501,130,285,416,978,170,1149,940,214,1151,863,258,1121,621,378,1002,654,361,1016,501,345,850,113,71,180,111,75,186,112,78,193,3240,2470,5717,3234,2528,5756,2832,2473,5306
116031314,174,102,276,195,96,291,185,119,304,219,290,508,244,318,566,262,332,589,489,58,549,479,71,547,425,66,494,116,239,365,112,304,420,110,311,428,203,540,745,186,502,681,163,466,634,133,239,372,136,228,368,121,206,323,468,69,541,464,87,547,495,114,611,271,171,440,247,170,416,235,158,394,33,32,59,50,29,76,45,33,77,2101,1738,3844,2110,1797,3908,2038,1813,3851
116031315,385,217,606,389,270,660,447,292,733,544,716,1255,597,810,1406,700,926,1626,1105,166,1271,1112,177,1286,991,180,1165,274,543,813,300,718,1013,307,757,1062,452,1222,1672,450,1192,1643,412,1131,1542,314,532,845,344,593,932,319,501,817,1078,181,1254,1232,203,1438,1189,259,1452,717,452,1170,732,477,1206,681,473,1153,104,78,181,102,94,195,111,92,202,4967,4104,9067,5260,4529,9784,5132,4606,9742
116031316,173,123,297,282,184,467,308,240,548,187,239,420,382,486,874,444,557,1001,482,99,585,685,116,799,620,104,722,146,380,526,201,585,790,195,625,818,188,534,721,288,730,1019,280,726,1007,118,285,399,215,427,643,194,423,620,823,148,970,1016,221,1240,1001,287,1289,527,269,792,688,361,1050,564,370,934,83,50,133,122,80,203,103,80,184,2725,2124,4846,3876,3193,7068,3710,3409,7126
116031317,261,135,396,281,161,439,306,178,484,419,435,855,503,469,971,565,577,1147,829,157,991,887,141,1030,698,115,815,281,486,768,301,657,961,292,660,954,364,846,1209,365,789,1148,342,712,1056,261,405,671,289,453,745,236,400,639,1037,169,1208,1113,220,1337,1111,277,1396,750,407,1152,703,419,1121,587,397,984,101,63,163,114,86,198,106,77,184,4304,3104,7408,4557,3391,7947,4263,3398,7662
116031318,0,0,0,3,0,0,0,0,0,0,0,0,0,0,0,0,0,0,5,0,5,6,0,6,0,0,0,0,0,0,0,0,0,0,0,0,0,0,0,0,0,0,0,0,0,0,0,0,0,0,0,0,0,0,0,0,0,0,0,0,0,0,0,0,0,0,0,3,3,0,0,0,0,0,0,0,0,0,0,0,0,8,0,12,14,4,18,3,0,5
116031319,387,233,619,458,279,731,502,338,840,593,704,1291,721,861,1580,783,1034,1813,1107,168,1271,1124,173,1304,920,158,1078,279,524,796,292,734,1030,307,704,1008,462,1293,1749,463,1187,1653,463,1121,1584,336,541,878,335,599,938,273,453,729,1006,156,1168,1161,184,1346,1163,297,1461,656,415,1067,690,387,1076,615,381,994,114,72,188,121,75,198,113,104,212,4939,4098,9037,5368,4483,9850,5139,4580,9716
117011320,0,0,0,0,0,0,21,22,44,0,0,0,0,0,0,37,56,93,0,0,0,0,0,4,21,8,30,0,0,0,0,0,0,9,22,26,0,0,0,0,0,0,7,25,39,0,0,0,0,0,3,7,18,28,0,0,0,0,0,0,5,0,11,0,0,0,0,0,0,5,3,11,0,0,0,0,0,0,0,0,0,6,0,7,8,3,15,128,147,284
117011321,345,240,583,486,336,820,652,549,1208,377,508,885,502,696,1198,702,1020,1723,485,79,567,619,97,714,713,124,840,165,275,446,228,385,611,234,449,686,188,642,833,249,727,975,277,804,1079,140,239,381,201,307,505,204,331,534,277,29,305,295,28,321,326,50,372,217,98,314,269,118,387,299,124,428,51,30,84,63,33,96,79,47,128,2255,2138,4387,2910,2720,5629,3497,3492,6995
117011323,313,176,490,357,242,593,502,373,875,384,477,857,472,575,1052,816,1010,1825,495,112,602,524,109,633,740,144,882,188,324,511,181,374,557,248,533,781,247,585,834,216,539,757,264,652,914,207,323,531,213,319,533,249,374,620,358,35,394,372,35,408,369,54,424,261,150,409,288,157,441,365,195,560,47,33,85,49,39,90,81,57,135,2503,2206,4712,2669,2398,5063,3629,3389,7019
117011324,0,0,0,0,0,0,0,0,0,0,0,0,0,0,0,0,0,0,0,0,0,0,0,0,0,0,0,0,0,0,0,0,0,0,0,0,0,0,0,0,0,0,0,0,0,0,0,0,0,0,0,0,0,0,0,0,0,0,0,0,0,0,0,0,0,0,0,0,0,0,0,0,0,0,0,0,0,0,0,0,0,0,0,0,0,0,3,0,0,3
117011325,0,0,0,0,0,4,0,4,4,0,0,0,0,4,3,0,0,0,0,0,0,0,0,0,0,0,0,0,0,0,0,0,0,0,0,0,0,0,0,0,5,4,0,0,0,0,0,0,0,0,0,0,0,0,0,0,0,0,3,4,0,0,0,0,0,0,0,0,0,0,0,0,0,0,0,5,0,5,0,0,0,0,0,0,12,9,20,3,4,8
117011634,200,131,336,239,142,384,250,175,424,322,343,668,398,396,799,427,494,919,428,95,516,428,84,515,360,78,437,154,243,397,158,283,443,139,290,428,206,440,647,171,389,559,171,381,545,185,246,430,166,282,445,172,221,399,327,36,364,313,40,353,240,47,287,305,185,490,301,163,462,240,129,373,51,36,84,64,42,104,42,36,81,2178,1755,3929,2235,1829,4059,2041,1841,3885
117011635,365,255,624,685,454,1141,859,677,1536,573,624,1195,1048,1053,2100,1744,1791,3537,587,109,691,742,182,927,1136,284,1420,231,300,529,328,532,862,416,809,1227,279,680,957,399,812,1213,574,1098,1669,185,303,487,296,451,749,416,557,976,345,46,387,359,37,397,536,98,635,237,143,374,404,257,667,636,363,994,83,37,123,82,51,135,168,115,279,2869,2492,5364,4350,3833,8182,6480,5795,12276
117021327,818,774,1592,947,872,1822,1008,1003,2013,2044,2313,4361,2278,2568,4852,2473,2736,5210,690,192,884,760,220,977,651,222,872,343,521,864,408,583,992,391,554,947,554,1107,1662,506,1016,1520,466,927,1391,317,393,708,322,457,786,314,374,686,225,33,255,200,29,232,206,31,237,312,136,446,323,139,457,283,144,427,96,55,155,127,68,195,77,54,130,5400,5530,10924,5881,5959,11832,5863,6049,11912
117021328,280,232,516,354,330,681,484,437,923,536,652,1188,631,773,1405,846,934,1781,345,91,437,385,95,481,342,100,446,153,174,329,161,242,401,136,212,347,203,449,658,247,413,661,227,397,627,134,149,285,155,189,344,151,151,301,175,32,208,162,19,183,140,21,161,178,86,263,210,116,324,158,75,231,50,23,78,36,24,58,50,29,75,2061,1891,3955,2341,2199,4535,2535,2356,4893
117021636,374,389,764,481,419,902,629,578,1203,885,970,1858,984,1290,2273,1206,1533,2738,451,152,607,490,160,656,468,150,617,190,293,486,218,378,593,187,295,481,269,574,843,244,581,828,275,497,771,194,215,409,176,241,414,166,204,370,192,21,216,158,23,184,169,20,186,282,105,387,254,103,363,212,78,288,53,32,86,67,47,111,83,57,140,2888,2765,5651,3083,3236,6315,3392,3413,6807
117021637,409,350,756,491,460,950,573,588,1165,888,999,1888,1143,1325,2471,1328,1646,2973,657,169,824,645,170,811,537,157,696,232,375,606,256,461,722,205,393,601,297,609,905,307,668,969,331,619,950,251,265,514,283,382,664,221,244,465,266,45,315,255,36,297,216,43,254,399,196,597,398,201,601,262,144,400,70,59,134,68,48,120,62,54,116,3476,3079,6545,3841,3743,7588,3730,3894,7623
117031329,736,424,1162,868,517,1391,935,561,1490,1647,1129,2773,1760,1257,3018,1819,1342,3165,329,103,429,368,103,469,266,86,353,320,266,583,280,303,582,229,265,494,312,415,727,336,416,751,329,358,682,268,219,485,244,204,450,239,168,411,56,8,64,70,10,80,68,8,76,159,64,225,196,69,269,149,57,207,81,40,119,68,40,111,71,54,126,3893,2669,6560,4185,2937,7120,4100,2901,6999
117031330,995,789,1783,1098,948,2044,1518,1334,2851,2052,1950,3996,2383,2300,4688,3150,3056,6204,609,157,766,589,167,758,642,202,850,352,397,753,355,417,767,357,380,730,536,851,1381,568,843,1412,548,879,1427,308,311,623,368,413,779,356,364,726,148,22,171,146,18,169,150,31,184,142,70,220,188,89,276,173,95,271,82,44,125,80,80,162,100,91,186,5225,4587,9812,5776,5277,11053,6990,6431,13424
117031331,824,643,1470,941,815,1762,1134,1017,2150,2012,2034,4048,2339,2365,4708,2623,2694,5319,437,150,595,508,182,693,466,174,637,289,434,717,329,541,868,301,471,771,383,834,1214,407,824,1233,389,828,1218,282,352,641,329,419,749,277,357,634,113,20,131,111,18,133,142,29,168,201,91,298,235,131,360,218,121,339,74,74,148,96,73,169,106,89,201,4620,4641,9261,5302,5378,10672,5656,5778,11428
117031333,1202,795,1998,1383,994,2377,1451,1068,2522,2475,1957,4436,2698,2198,4892,2641,2204,4844,647,189,835,745,198,944,477,168,639,555,469,1021,595,560,1155,402,372,777,562,799,1363,491,790,1282,505,708,1217,355,379,733,427,416,838,329,303,631,87,13,99,108,17,125,124,17,143,206,109,315,291,138,427,211,95,308,133,88,218,118,76,198,114,65,174,6229,4794,11017,6850,5382,12234,6255,4998,11255
117031336,1031,617,1645,1172,705,1877,1291,753,2044,2279,1628,3901,2456,1772,4224,2721,1924,4638,537,139,675,515,163,677,428,149,575,459,367,821,421,461,887,317,306,624,510,591,1108,459,555,1013,428,511,944,360,312,663,369,339,711,311,269,574,83,16,97,113,15,124,119,36,152,218,90,310,324,161,490,231,130,358,108,47,152,109,72,183,122,59,180,5580,3806,9382,5931,4247,10184,5964,4135,10096
117031638,308,259,564,377,337,715,427,358,788,967,907,1878,1109,1122,2231,1220,1170,2389,242,78,320,241,83,326,204,93,298,209,283,488,252,418,673,242,314,556,216,367,581,215,379,596,198,359,552,136,198,336,169,263,429,163,175,338,52,12,60,53,3,56,48,17,72,72,38,111,102,54,157,106,46,145,28,16,36,36,29,64,30,33,58,2228,2150,4378,2555,2687,5241,2640,2569,5212
117031639,179,118,296,271,215,482,347,264,612,514,423,940,752,623,1378,975,849,1825,137,49,188,240,90,333,221,90,306,87,112,196,162,302,469,173,239,410,139,192,334,152,260,412,170,314,481,102,114,223,161,235,397,146,180,323,30,0,32,51,11,60,70,13,82,74,22,98,176,87,261,126,75,194,23,19,49,39,34,71,36,36,75,1299,1055,2352,2013,1852,3865,2251,2058,4306
117031640,687,600,1290,768,680,1449,866,785,1652,1922,1921,3849,2017,2015,4032,2139,2127,4265,524,181,713,520,153,666,468,201,669,320,421,736,387,472,856,291,457,744,469,846,1312,394,730,1127,391,631,1026,241,342,583,278,327,599,253,273,525,102,16,117,138,17,152,161,23,181,154,77,235,199,97,294,200,87,285,65,52,113,102,69,166,72,62,138,4485,4459,8942,4795,4548,9340,4841,4634,9481
117031641,829,597,1432,915,688,1604,896,682,1572,1527,1180,2708,1535,1165,2698,1498,1176,2679,357,129,485,483,143,628,353,127,481,253,313,564,344,481,822,249,369,617,305,658,959,282,603,882,237,563,802,197,247,449,220,303,520,204,243,446,81,6,86,85,12,102,130,12,145,145,71,217,215,168,382,185,130,319,97,63,157,92,64,160,70,75,143,3797,3262,7055,4173,3629,7798,3827,3379,7204
117031642,642,415,1053,713,495,1216,745,571,1315,1518,1116,2633,1764,1534,3295,1851,1570,3420,459,112,577,455,140,592,378,140,518,324,304,628,327,380,708,240,304,551,387,561,949,376,520,895,339,485,823,258,228,487,266,260,528,228,221,452,114,9,127,108,21,129,133,28,160,227,79,308,258,99,357,238,108,343,64,37,107,88,34,121,95,58,151,3992,2873,6863,4345,3483,7831,4249,3486,7736
117031643,312,207,523,424,324,750,754,669,1424,506,498,996,714,737,1447,1358,1397,2758,311,74,386,421,100,517,539,144,687,122,183,303,177,239,422,211,334,543,189,380,576,218,479,697,329,647,977,141,132,272,184,224,409,230,250,486,127,16,140,150,16,162,192,30,226,113,56,161,133,72,210,204,89,292,27,21,50,57,42,104,69,55,125,1845,1565,3413,2474,2236,4706,3895,3626,7524
117031644,528,326,850,640,355,990,707,424,1133,1019,681,1697,1020,679,1700,1187,806,1994,122,55,174,225,69,292,204,72,274,121,160,280,125,240,366,103,172,273,166,295,458,170,288,461,190,345,531,133,122,254,147,163,313,156,149,301,27,5,27,42,5,48,42,15,59,70,57,126,139,88,229,90,69,162,65,30,90,66,39,105,68,35,109,2246,1718,3967,2579,1921,4506,2751,2091,4839
117031645,497,316,815,702,486,1189,848,547,1396,1039,715,1758,1211,903,2117,1647,1260,2905,597,222,815,1065,332,1394,907,340,1245,370,684,1048,634,1476,2110,430,937,1370,312,523,836,305,539,848,396,557,949,305,439,741,346,581,928,330,496,827,90,12,101,118,32,152,327,66,392,466,310,776,955,628,1582,724,578,1299,148,94,238,163,136,305,152,141,297,3812,3320,7137,5506,5116,10621,5748,4927,10681
117031646,210,167,371,251,164,415,270,209,479,629,443,1072,560,466,1034,745,611,1354,198,66,263,271,94,369,251,90,343,158,220,372,187,385,572,161,309,470,166,276,443,148,249,395,152,250,402,129,181,312,158,236,399,136,163,302,48,10,56,88,11,101,132,30,163,129,75,205,229,112,339,197,152,345,37,33,77,44,34,79,49,45,89,1711,1472,3178,1935,1756,3691,2087,1865,3957
117031647,454,272,725,742,491,1234,956,660,1618,869,674,1543,1388,1240,2633,1999,1746,3746,300,91,390,447,123,568,575,161,737,265,246,507,308,349,660,258,359,620,236,375,612,306,515,824,392,582,967,198,186,387,304,299,602,307,295,603,98,20,117,141,20,162,216,45,260,130,74,201,212,126,339,259,146,406,66,43,106,74,59,131,97,53,149,2616,1987,4597,3931,3220,7150,5056,4050,9102
117031648,282,176,460,562,397,958,782,583,1363,439,376,826,1022,855,1872,1651,1548,3202,136,40,171,311,93,408,541,145,684,94,103,192,206,234,436,211,335,543,105,203,311,205,455,659,360,580,938,124,84,204,237,273,512,257,298,560,34,4,38,72,13,83,108,22,131,31,25,54,106,49,155,206,99,303,19,3,26,53,46,95,92,51,146,1265,1024,2286,2778,2410,5185,4210,3656,7866
118011339,969,753,1722,1148,867,2007,1242,1089,2333,1992,1919,3912,1956,2113,4071,2235,2435,4670,637,147,786,686,138,818,580,153,730,309,472,777,325,556,889,242,448,693,321,770,1097,309,780,1091,265,724,991,317,444,765,325,409,741,338,341,678,133,10,143,146,23,164,156,24,180,222,93,313,303,138,444,250,96,336,110,73,183,116,72,182,115,99,213,5015,4683,9698,5316,5097,10415,5436,5400,10834
118011340,1166,850,2020,1391,1019,2413,1570,1227,2800,2220,2126,4348,2322,2382,4700,2473,2740,5218,732,162,895,696,184,880,622,152,774,377,570,945,381,715,1093,254,536,792,355,855,1208,299,782,1079,317,739,1055,398,480,881,459,525,980,407,465,879,159,15,170,119,11,135,145,36,180,272,93,364,303,86,387,229,81,309,121,88,209,112,94,204,149,109,255,5801,5236,11041,6082,5793,11874,6170,6091,12260
118011341,757,572,1331,864,702,1566,1048,926,1977,1602,1480,3082,1612,1796,3411,1856,2042,3893,488,147,640,455,122,574,548,139,683,260,438,695,275,493,770,224,435,658,289,766,1055,265,676,938,282,675,961,265,331,598,311,379,689,271,327,602,109,9,116,127,13,137,134,25,157,187,89,272,246,131,378,240,129,366,96,59,151,88,77,165,114,68,192,4042,3894,7933,4244,4388,8636,4724,4760,9480
118011342,0,0,0,0,0,0,0,0,0,0,0,0,0,0,0,0,0,0,0,0,0,0,0,0,0,0,0,0,0,0,0,0,0,0,0,0,0,0,0,0,0,0,0,0,0,0,0,0,0,0,0,0,0,0,0,0,0,0,0,0,0,0,0,0,0,0,0,0,0,0,0,0,0,0,0,0,0,0,0,0,0,0,0,0,0,0,0,0,0,0
118011344,696,361,1054,744,445,1187,856,483,1342,1005,995,1997,1014,984,2000,1046,1131,2178,288,86,373,297,70,368,266,78,340,138,246,381,140,293,434,114,279,391,174,547,727,178,517,694,168,479,648,232,245,473,233,243,473,234,199,434,63,3,69,72,5,77,55,5,61,126,31,157,117,52,168,91,48,141,75,54,129,65,40,108,61,44,108,2796,2562,5359,2857,2650,5507,2888,2761,5646
118011345,940,766,1709,969,884,1856,1053,997,2050,1887,1997,3876,1955,2084,4033,2082,2174,4253,303,101,405,317,133,449,265,118,382,222,327,541,267,389,649,196,265,464,330,704,1030,328,668,998,297,578,877,251,323,574,305,345,649,276,297,572,90,4,95,81,6,87,72,10,80,103,30,129,104,38,144,106,51,159,73,46,119,69,60,128,86,54,143,4190,4292,8484,4399,4601,9001,4434,4536,8970
118011346,924,436,1360,933,478,1412,1012,526,1541,1065,854,1915,1082,896,1974,1088,1020,2108,171,42,216,151,61,211,146,61,206,151,250,403,140,257,396,123,207,328,157,486,641,127,517,641,165,446,613,205,231,432,216,252,461,204,224,424,43,3,47,42,7,48,40,0,42,73,32,111,89,33,127,68,30,97,106,82,186,73,46,115,102,69,172,2896,2416,5313,2854,2536,5385,2949,2584,5535
118011347,436,329,760,468,379,847,481,433,913,869,853,1721,909,926,1832,913,974,1883,116,43,163,104,49,152,81,43,127,87,135,221,98,136,236,68,118,184,131,330,462,117,298,414,97,241,336,104,146,251,133,173,302,105,153,254,24,0,24,35,4,42,19,0,18,32,20,54,40,30,64,44,18,59,54,34,93,28,32,62,43,41,84,1854,1889,3747,1937,2025,3959,1854,2015,3862
118011649,893,575,1470,1016,662,1684,1070,754,1827,1507,1359,2872,1577,1493,3070,1626,1600,3227,266,81,344,250,81,327,234,93,333,181,283,462,193,311,505,141,264,404,227,636,858,222,636,858,200,582,787,250,274,526,282,337,624,232,320,547,39,4,48,67,0,71,56,6,66,86,40,129,141,47,185,95,39,134,103,76,178,123,64,190,126,102,230,3546,3327,6877,3875,3634,7509,3789,3758,7545
118011650,609,492,1097,667,559,1229,757,590,1348,1135,1030,2172,1159,1155,2314,1169,1249,2421,158,68,227,164,60,226,136,53,188,99,196,294,104,185,293,88,154,240,203,452,659,174,472,643,158,415,572,192,228,424,186,217,404,168,203,370,24,0,26,31,4,33,25,9,32,71,21,93,61,21,82,57,34,92,68,61,129,53,43,98,97,66,160,2564,2552,5113,2604,2721,5324,2663,2767,5432
118021564,455,288,740,467,344,812,500,373,877,1023,943,1966,1194,1100,2297,1146,1176,2323,349,102,449,410,109,516,398,118,514,266,355,621,339,472,813,211,325,537,284,562,846,260,591,851,233,524,755,255,317,567,277,365,640,195,273,471,143,12,157,150,9,164,136,30,162,180,95,278,215,114,330,185,115,297,66,43,111,62,35,94,54,39,94,3016,2709,5731,3384,3147,6526,3055,2976,6030
118021565,434,235,669,444,280,725,493,382,869,1046,1018,2061,1084,1068,2148,1164,1268,2432,454,115,574,466,93,558,491,132,625,264,331,593,264,404,664,221,410,636,275,698,969,254,609,868,264,561,822,244,301,547,287,322,616,253,269,521,184,20,198,194,14,212,228,37,266,289,135,421,308,155,463,276,147,428,81,54,141,72,51,123,65,45,110,3269,2905,6171,3375,2997,6371,3464,3250,6712
118021566,449,221,674,470,296,761,554,388,948,732,768,1498,832,869,1701,826,892,1713,335,71,408,356,58,422,331,74,407,167,250,415,169,250,417,128,238,368,189,543,729,187,508,701,179,472,653,168,204,370,173,211,383,131,177,314,124,9,135,116,9,121,108,9,119,134,51,188,144,42,186,149,62,211,53,39,89,50,45,96,49,31,85,2347,2161,4509,2492,2301,4793,2463,2346,4811
118021567,381,273,648,436,312,748,535,415,948,665,811,1474,686,876,1557,751,1013,1760,439,77,519,467,79,545,457,86,547,218,338,553,192,343,538,164,328,492,212,578,783,156,488,648,125,435,565,158,254,416,156,259,419,127,187,314,174,16,189,144,16,161,151,18,172,154,70,218,184,91,271,193,89,281,52,29,88,49,29,75,45,39,81,2453,2444,4898,2471,2496,4968,2542,2617,5166
118021568,336,227,559,432,256,686,414,333,748,664,676,1340,696,768,1463,718,908,1626,371,79,443,360,72,431,446,86,536,162,231,392,179,279,456,177,295,467,207,539,749,207,474,677,193,496,684,193,238,435,177,262,439,158,236,388,154,11,165,132,10,145,178,25,203,163,76,241,194,109,301,222,101,314,48,40,78,41,43,87,62,44,103,2296,2109,4401,2414,2276,4684,2564,2518,5082
118021569,743,634,1375,833,784,1618,865,882,1744,1636,1984,3621,1658,2087,3740,1712,2233,3942,634,154,794,673,177,850,584,124,709,284,486,765,302,548,858,228,432,657,362,872,1232,348,836,1184,275,721,998,272,373,645,297,362,656,255,304,557,209,18,231,190,16,208,152,28,176,227,70,296,262,104,362,197,86,278,66,54,117,74,49,130,83,75,159,4430,4641,9072,4649,4965,9614,4340,4886,9223
118021570,453,374,827,569,484,1052,662,538,1200,1098,1327,2426,1202,1551,2754,1231,1737,2967,452,132,584,503,126,622,484,115,600,246,354,596,237,378,618,218,378,589,241,628,868,284,614,895,216,603,819,196,248,440,202,273,476,207,258,461,125,12,137,133,8,140,126,19,141,225,88,305,207,97,301,201,100,297,46,33,77,44,41,90,55,42,95,3084,3175,6263,3378,3576,6949,3394,3783,7176
118021651,1007,818,1825,1169,991,2156,1344,1175,2516,2083,2450,4530,2147,2663,4813,2197,2968,5165,757,179,934,762,173,938,743,164,905,370,548,920,391,625,1019,259,526,790,353,1064,1416,367,1014,1383,325,910,1230,335,387,727,368,448,814,318,367,686,156,12,162,154,17,171,126,12,139,225,67,289,243,101,340,217,75,287,124,90,208,116,83,196,132,95,226,5402,5621,11021,5715,6114,11829,5648,6294,11937
118021652,330,160,484,496,266,755,546,312,859,373,434,805,500,648,1151,562,751,1316,350,56,407,400,47,448,412,68,474,152,208,358,192,239,430,154,264,423,134,444,582,145,487,632,108,474,580,104,153,265,124,203,329,112,184,293,119,8,133,144,14,158,119,8,131,128,58,188,149,46,193,150,56,203,34,22,58,37,26,65,45,38,79,1728,1545,3276,2192,1980,4171,2212,2150,4366
118021653,416,253,674,470,313,779,558,403,963,485,608,1090,551,766,1320,620,924,1541,653,101,751,624,111,732,642,92,741,216,373,589,230,394,623,203,402,607,259,843,1098,275,829,1102,238,749,987,207,386,596,233,378,608,194,300,492,326,28,353,341,29,370,305,29,340,276,129,409,296,115,411,284,114,403,53,55,107,62,57,115,60,42,94,2892,2777,5671,3072,2990,6061,3116,3064,6184
118021654,226,117,339,299,180,481,339,230,568,336,352,683,379,426,808,390,458,844,125,24,150,124,30,156,121,32,157,74,118,193,100,132,232,61,133,197,86,241,326,79,237,309,68,213,280,66,80,143,75,116,190,80,99,174,36,7,46,31,3,36,35,7,42,54,25,77,39,20,63,50,24,75,29,18,48,26,23,45,26,18,50,1030,974,2002,1151,1167,2315,1167,1222,2393
119011354,499,216,718,526,261,788,523,295,817,520,661,1176,560,704,1270,579,847,1428,1028,144,1168,1024,128,1147,833,105,938,185,427,609,207,586,797,168,505,677,356,1004,1361,346,899,1244,346,823,1174,313,439,756,331,464,795,254,377,635,604,70,671,624,81,704,538,85,619,475,214,684,526,206,735,411,206,613,120,67,189,123,81,201,92,88,180,4103,3246,7342,4276,3403,7682,3749,3328,7076
119011355,0,0,0,44,23,64,57,31,83,0,0,0,56,54,116,109,103,209,0,0,0,32,7,41,44,4,51,0,0,0,11,23,30,22,39,59,0,0,0,21,35,57,23,60,85,0,0,0,19,25,41,19,20,47,0,0,0,23,3,27,30,4,32,0,0,0,24,24,43,25,15,36,0,0,0,8,3,9,7,15,17,0,0,0,233,199,431,333,295,623
119011356,256,143,403,309,155,465,274,178,455,284,340,628,354,391,751,357,477,832,533,63,599,549,84,628,448,71,520,114,204,318,130,294,417,112,285,402,145,461,603,169,492,659,184,443,628,150,202,349,166,273,444,158,189,346,302,45,349,330,35,362,298,50,340,251,109,362,317,135,453,262,127,392,66,42,106,67,42,108,85,46,128,2106,1609,3716,2392,1899,4291,2172,1867,4042
119011358,554,255,810,537,319,859,573,384,962,661,804,1465,729,882,1615,820,1067,1889,925,146,1075,917,135,1055,743,129,872,201,388,589,205,463,670,218,488,701,340,1075,1415,388,1033,1419,357,957,1314,293,380,673,274,400,677,246,346,586,425,64,488,478,67,548,422,81,505,346,217,559,398,192,595,379,168,540,88,63,151,79,54,135,84,58,145,3835,3389,7219,3999,3553,7555,3832,3679,7514
119011360,444,249,693,531,312,849,593,379,970,541,668,1207,680,802,1484,832,970,1802,881,144,1025,892,154,1043,691,130,824,182,370,553,209,521,729,190,507,697,353,962,1305,364,958,1322,341,892,1228,240,363,603,231,392,619,255,362,624,439,45,481,457,51,512,470,75,547,369,179,550,402,193,595,329,201,532,84,48,130,85,67,155,86,69,153,3529,3019,6545,3857,3459,7319,3789,3589,7376
119011361,366,193,559,412,212,625,428,226,656,487,532,1020,591,680,1268,679,820,1498,895,137,1032,983,140,1126,705,132,837,167,378,538,221,566,788,197,537,733,362,821,1182,378,779,1155,417,751,1164,270,403,677,327,413,736,259,367,626,615,93,711,649,97,750,547,104,652,533,282,821,612,277,891,519,271,795,120,82,203,112,78,192,105,86,189,3827,2925,6745,4284,3245,7528,3848,3302,7150
119011571,262,154,414,325,176,500,313,168,480,546,480,1024,580,509,1088,663,615,1279,598,114,714,635,110,745,486,99,584,202,326,535,265,493,756,217,461,682,261,488,750,269,444,714,292,487,776,203,310,518,272,384,655,238,271,507,520,59,580,544,70,612,449,76,523,418,216,630,465,253,712,405,241,643,93,60,155,99,51,146,110,55,164,3106,2209,5318,3446,2487,5939,3163,2466,5633
119011572,254,139,396,262,121,380,296,160,457,401,444,841,455,440,894,603,604,1211,622,137,762,668,132,797,566,127,693,187,290,481,244,488,730,226,498,725,280,523,802,272,440,712,342,545,885,182,293,475,240,308,543,239,292,527,526,77,603,505,89,584,508,95,599,437,248,690,497,288,779,419,313,738,87,69,156,110,63,179,89,71,157,2983,2224,5201,3245,2356,5605,3287,2702,5990
119011655,304,136,441,314,133,445,387,160,546,320,393,712,421,452,875,469,533,999,578,72,651,595,75,668,443,95,536,126,234,354,125,307,429,120,271,390,206,527,736,186,536,729,207,511,719,167,252,416,215,278,496,181,231,407,365,25,394,404,25,428,316,31,352,310,125,438,342,130,468,244,119,362,87,48,137,64,36,109,60,50,108,2470,1802,4267,2662,1981,4647,2434,1992,4417
119011656,293,148,440,307,117,427,314,152,462,274,322,598,297,384,680,381,484,868,546,50,597,589,71,656,373,57,435,115,197,316,127,284,412,113,269,383,151,386,533,179,407,585,191,437,622,183,219,406,216,273,488,168,218,388,277,27,308,331,31,363,236,32,265,280,87,371,301,86,389,209,90,304,78,49,126,56,47,102,72,52,125,2210,1480,3690,2399,1711,4113,2063,1790,3852
119011657,380,167,549,338,215,552,421,264,684,368,471,835,415,527,945,483,654,1142,676,88,759,667,98,769,578,76,653,138,295,434,163,342,507,123,373,495,240,807,1052,252,704,959,231,672,901,171,247,415,177,291,469,193,263,456,322,33,349,315,39,351,274,29,299,255,101,357,258,90,344,219,110,327,47,32,73,51,38,90,49,39,88,2589,2235,4824,2640,2345,4986,2568,2478,5048
119011658,615,261,879,628,336,965,682,439,1121,598,785,1382,685,897,1586,756,1093,1849,947,119,1066,887,130,1015,755,90,845,182,394,583,202,431,631,194,451,648,349,1154,1504,328,1086,1415,352,1034,1384,225,333,559,268,420,687,244,347,585,332,35,371,339,31,377,319,40,365,281,115,400,305,124,431,302,123,424,74,39,116,72,45,117,69,68,145,3609,3240,6848,3722,3510,7225,3671,3692,7362
119021362,417,255,674,466,308,767,518,375,892,588,659,1249,654,782,1433,775,960,1736,956,151,1109,971,147,1118,776,162,936,250,459,706,304,563,871,277,616,894,358,899,1254,357,901,1261,363,865,1229,298,412,706,353,448,803,304,376,681,544,52,603,561,53,617,462,64,530,587,337,923,614,303,920,414,233,646,109,70,182,102,94,193,115,73,189,4112,3292,7407,4381,3601,7983,4000,3730,7732
119021366,348,173,520,404,210,610,378,202,581,409,447,854,468,538,1005,564,635,1194,913,129,1040,1000,140,1141,636,122,755,215,356,572,274,544,816,262,504,763,284,641,925,323,648,974,313,652,970,284,380,667,369,386,755,316,357,668,632,61,701,773,67,842,600,87,688,552,226,782,666,265,933,461,231,684,121,78,201,131,75,200,137,83,217,3764,2499,6263,4414,2869,7277,3655,2877,6531
119021367,392,205,595,394,230,623,433,294,727,445,541,989,485,618,1104,599,700,1296,682,138,817,677,116,789,562,113,677,174,268,442,169,346,514,176,365,545,255,659,914,277,634,917,256,670,924,196,352,547,250,366,615,206,337,547,413,31,449,420,34,455,349,54,403,294,136,428,357,157,514,280,134,409,68,63,129,72,42,110,61,45,110,2925,2393,5319,3093,2545,5638,2934,2710,5646
119021573,217,73,289,257,103,358,238,88,321,457,319,776,511,321,832,543,364,906,613,89,697,590,72,665,430,74,499,255,259,513,294,408,702,277,341,619,288,326,614,255,311,566,236,267,497,299,248,545,356,248,597,324,227,547,607,62,665,780,45,826,515,41,555,594,238,830,674,227,904,463,173,634,101,41,142,171,44,219,116,33,150,3432,1660,5087,3890,1780,5665,3137,1595,4734
119021574,141,68,209,164,73,231,156,68,228,286,196,478,273,220,490,310,234,539,384,55,443,391,57,453,265,62,328,182,194,376,206,287,491,165,248,416,157,241,394,168,205,380,149,201,350,200,183,386,242,224,464,220,185,399,376,41,411,456,47,502,359,48,412,361,167,529,362,184,543,259,98,361,77,23,98,77,23,99,57,27,86,2166,1164,3325,2335,1320,3655,1938,1179,3115
119021659,229,117,343,297,155,454,242,158,401,369,383,756,399,491,888,402,477,885,630,125,756,694,119,815,479,97,582,178,318,498,211,453,664,150,444,596,186,437,630,205,394,601,171,332,508,205,258,467,250,350,602,183,252,434,344,63,408,355,47,400,282,49,330,366,270,638,505,337,844,362,273,631,94,55,145,110,55,165,81,51,129,2615,2019,4638,3026,2410,5437,2357,2137,4492
119021660,153,79,232,163,98,261,132,89,218,250,252,501,288,306,590,264,329,591,394,77,474,503,87,590,323,68,392,136,211,348,162,363,525,131,378,515,160,238,400,168,258,428,125,186,314,150,190,345,188,244,431,129,174,296,259,50,303,280,43,319,214,28,241,324,204,529,447,290,733,336,189,526,49,42,93,70,34,102,60,34,92,1884,1345,3226,2262,1716,3979,1712,1468,3179
119021661,210,126,336,266,202,467,379,334,713,258,327,586,409,479,891,655,796,1452,409,74,480,526,97,616,448,106,552,113,202,311,153,285,436,172,363,538,160,381,539,229,448,677,258,554,806,132,162,295,170,251,418,194,279,473,246,26,269,266,23,290,258,45,306,239,138,375,285,170,452,277,147,427,60,43,101,55,59,108,75,60,139,1825,1469,3297,2354,2005,4357,2714,2691,5405
119021662,653,406,1055,728,467,1195,860,584,1438,869,991,1857,952,1189,2143,1063,1362,2427,845,150,994,811,146,961,717,133,856,193,366,559,229,461,688,183,382,566,335,955,1285,328,903,1236,335,878,1214,301,426,727,336,410,748,284,368,657,396,40,433,348,38,388,257,31,287,350,167,516,379,161,537,269,137,403,109,70,179,90,67,152,93,82,178,4043,3552,7600,4210,3843,8051,4053,3964,8013
119021663,159,115,277,211,137,353,241,139,381,268,270,537,264,288,552,276,347,626,298,59,357,321,48,372,244,44,288,73,109,180,60,136,202,63,123,186,121,333,453,125,321,446,121,285,408,109,143,250,104,149,252,115,168,278,172,31,204,148,23,170,118,23,140,115,89,207,139,66,208,101,59,162,32,19,51,50,27,72,23,27,42,1352,1169,2523,1423,1207,2632,1292,1215,2510
119031370,351,196,545,407,227,636,428,262,688,603,641,1248,627,751,1374,723,799,1517,574,114,683,628,96,722,491,95,588,175,330,500,208,422,635,147,396,543,332,665,1003,309,651,954,283,641,924,202,310,507,220,353,572,188,293,485,331,56,386,349,65,412,320,63,382,259,155,411,319,189,502,255,155,412,49,48,97,97,54,149,78,58,135,2871,2497,5376,3163,2795,5961,2916,2764,5678
119031371,574,325,894,581,353,938,590,405,998,882,903,1785,968,1017,1981,998,1095,2092,555,107,663,517,92,610,437,86,526,152,268,428,186,333,518,160,300,454,286,784,1067,287,751,1031,257,698,963,227,288,519,252,306,556,205,265,472,152,26,179,184,19,203,169,23,191,210,89,296,221,92,316,183,82,261,63,33,98,54,37,92,45,34,78,3105,2816,5925,3254,3000,6250,3051,2986,6042
119031372,775,368,1145,747,405,1149,874,520,1395,842,1023,1867,867,1097,1964,1082,1438,2516,945,144,1085,950,139,1087,899,153,1051,241,459,695,254,553,808,237,558,793,371,1140,1517,369,1055,1422,417,1160,1577,307,397,703,343,440,785,297,407,709,335,39,374,372,38,411,368,50,421,341,129,462,380,137,515,319,121,443,72,58,125,93,61,156,90,61,155,4223,3755,7977,4376,3926,8302,4584,4467,9056
119031373,165,101,266,223,136,359,212,154,362,311,330,644,424,443,868,464,520,988,397,65,463,464,85,552,400,84,485,103,244,348,135,300,445,139,315,452,184,416,598,196,432,629,179,419,605,117,195,307,171,298,468,163,248,410,264,58,317,323,58,381,301,68,370,234,140,369,312,176,489,267,163,427,44,20,64,58,47,110,62,57,122,1812,1563,3376,2316,1977,4287,2187,2030,4213
119031374,968,498,1461,1031,516,1547,1035,617,1653,1338,1406,2746,1402,1495,2897,1476,1681,3158,1015,184,1198,1019,191,1207,1007,178,1181,299,550,845,363,720,1079,313,890,1206,509,1343,1847,474,1216,1688,502,1161,1661,481,603,1091,500,686,1186,481,620,1094,415,59,474,448,55,501,421,70,491,449,268,716,586,329,915,682,322,998,155,116,268,134,92,228,154,124,281,5635,5020,10650,5959,5291,11246,6072,5654,11729
119031664,193,115,306,291,155,451,292,203,499,437,466,902,614,634,1243,672,754,1423,380,83,462,481,94,573,508,81,588,157,199,353,206,371,572,211,642,850,210,396,600,229,455,682,231,407,634,178,240,416,270,347,611,317,346,670,202,33,232,193,24,218,246,33,281,228,158,388,349,211,561,491,254,750,76,54,130,71,49,124,68,57,130,2055,1732,3787,2705,2337,5043,3036,2782,5820
119031665,371,206,575,401,230,628,371,235,610,536,551,1096,603,630,1230,618,698,1314,552,87,643,607,85,694,456,92,547,145,294,441,184,332,515,145,353,499,248,606,851,258,533,791,250,531,783,195,318,505,219,397,613,223,270,490,281,50,335,306,42,345,254,55,306,307,187,489,351,175,522,284,156,442,84,58,135,78,57,132,75,71,147,2718,2352,5069,2999,2467,5467,2681,2465,5143
119031666,561,295,857,619,351,962,665,441,1101,860,1029,1892,929,1118,2047,986,1224,2211,672,114,785,685,120,809,615,124,738,254,398,652,248,432,680,197,464,668,370,913,1284,345,871,1217,306,846,1151,275,300,577,278,364,650,272,300,565,293,34,325,290,43,329,255,28,278,270,135,407,317,162,479,290,136,423,66,47,111,55,53,102,74,67,141,3628,3259,6887,3771,3501,7276,3651,3630,7286
119031667,238,128,366,288,155,435,279,153,434,499,508,1006,496,583,1076,526,644,1171,473,74,551,495,91,585,416,100,511,158,288,449,176,405,576,149,390,542,234,602,836,225,517,742,217,450,674,193,236,434,214,285,507,191,229,416,245,52,290,249,25,276,214,37,251,246,142,391,308,196,509,308,170,474,49,47,101,56,52,110,39,38,74,2332,2084,4416,2509,2302,4813,2336,2207,4546
119041377,395,224,618,459,261,721,529,329,862,583,660,1243,658,801,1458,743,948,1690,611,113,725,590,100,689,504,97,596,155,239,397,148,284,432,151,284,435,298,691,991,314,723,1033,287,670,953,199,256,462,193,318,512,188,286,473,300,39,335,296,45,339,247,33,285,230,143,370,276,159,439,223,142,368,57,46,102,71,60,133,48,53,99,2826,2409,5232,3009,2743,5757,2913,2848,5759
119041378,258,162,416,306,187,488,414,291,705,616,645,1264,829,837,1669,935,1058,1999,468,97,559,496,102,598,543,130,672,192,293,491,228,450,678,220,503,719,240,514,751,248,504,753,268,558,827,190,226,416,223,292,513,247,257,507,234,33,269,280,33,312,265,41,308,299,177,479,423,220,647,362,225,585,62,47,106,62,43,106,70,49,123,2567,2192,4757,3093,2669,5758,3326,3111,6440
119041379,530,279,808,591,334,922,556,384,941,838,892,1724,908,967,1879,955,1120,2078,810,175,980,785,161,948,700,143,842,234,407,641,274,520,794,211,521,732,382,910,1294,362,854,1221,387,753,1138,298,408,704,351,510,862,308,418,727,373,47,415,389,58,444,356,51,403,338,199,537,478,238,716,418,226,642,94,58,148,91,47,139,83,63,146,3899,3364,7263,4236,3687,7927,3981,3681,7661
119041380,506,306,810,536,352,884,575,408,978,574,651,1229,631,763,1394,695,854,1549,646,112,760,660,110,771,587,105,687,215,347,561,232,408,640,171,380,549,290,818,1100,272,807,1077,248,755,1001,245,361,606,278,430,709,219,298,516,341,33,371,401,36,434,337,46,386,285,139,426,321,169,490,259,130,389,94,58,154,77,75,150,82,75,152,3194,2819,6012,3403,3159,6560,3163,3048,6218
119041381,518,267,782,596,382,981,616,398,1014,891,826,1716,1022,952,1980,1097,1155,2248,938,209,1144,1105,180,1292,932,184,1113,436,524,958,392,756,1152,378,826,1201,464,902,1367,417,870,1290,406,807,1215,417,526,945,461,604,1063,479,479,948,516,59,574,574,59,629,497,62,558,687,413,1104,929,581,1502,786,434,1217,124,97,221,132,82,212,125,78,207,5003,3812,8814,5636,4466,10105,5314,4412,9726
119041382,655,358,1010,715,424,1141,748,514,1257,680,776,1458,735,902,1640,828,1065,1895,716,163,880,726,144,866,703,142,847,210,362,572,187,450,635,180,426,609,299,996,1293,310,1003,1314,306,965,1274,267,436,695,323,500,823,281,433,714,356,35,393,378,45,420,297,49,342,291,136,429,333,151,485,282,129,415,76,71,146,77,66,143,79,63,138,3547,3332,6877,3784,3687,7474,3702,3787,7486
119041668,338,213,550,512,333,846,604,394,998,491,526,1017,774,875,1654,983,1086,2065,536,111,645,698,130,828,663,158,822,171,249,416,265,441,706,211,448,659,256,583,839,304,710,1017,344,734,1080,202,258,455,276,388,661,256,344,600,380,37,421,442,56,498,365,83,452,334,209,537,494,244,739,419,252,671,65,40,108,91,56,151,81,72,157,2767,2223,4986,3863,3234,7099,3928,3569,7499
119041669,306,161,467,322,186,509,316,231,548,387,468,853,376,501,875,462,574,1032,472,93,563,489,97,584,421,80,497,126,215,345,152,278,425,110,240,351,211,561,773,196,495,689,186,489,679,162,232,394,176,249,424,141,199,339,283,34,317,281,33,313,243,40,285,227,114,340,248,116,374,204,102,304,45,31,76,40,30,74,56,45,93,2208,1916,4122,2283,1984,4256,2137,2003,4138
119041670,409,270,679,472,281,759,446,339,785,761,848,1610,850,954,1807,826,1031,1860,758,127,888,833,134,968,647,121,768,267,423,688,269,591,861,254,560,814,374,789,1162,373,697,1075,314,700,1008,284,407,692,329,479,810,302,371,672,477,67,547,475,57,528,399,54,456,543,331,877,578,380,957,476,315,786,113,73,180,97,80,173,101,42,146,3983,3340,7323,4283,3663,7944,3758,3534,7288
119041671,146,88,230,296,177,474,488,311,802,325,258,583,620,556,1180,1193,1150,2346,125,27,150,296,65,362,465,134,593,82,93,174,122,230,356,162,332,494,104,169,273,177,360,542,318,546,862,77,93,173,158,221,378,239,257,495,66,5,72,115,16,125,188,46,241,63,27,90,239,152,393,250,194,450,10,13,26,43,46,87,68,83,154,992,776,1766,2075,1827,3901,3375,3055,6439
120011383,1167,643,1813,1288,784,2073,1445,995,2436,1384,1481,2868,1555,1742,3296,1634,2034,3668,771,139,912,809,147,958,768,139,909,275,391,669,239,495,735,243,515,757,427,1239,1663,445,1294,1740,466,1339,1799,425,532,951,473,571,1035,460,464,921,243,26,269,255,22,286,237,27,268,308,121,429,341,134,478,331,109,440,94,64,160,112,100,210,119,103,221,5092,4639,9732,5523,5288,10813,5702,5728,11429
120011385,1151,785,1938,1203,860,2060,1205,1041,2245,1528,1653,3180,1530,1748,3279,1682,1861,3545,560,123,684,595,135,727,574,107,678,230,392,623,232,470,703,199,398,596,343,1043,1384,345,978,1323,341,975,1317,376,383,764,404,443,845,368,348,720,126,13,138,152,14,164,129,15,149,205,63,271,236,72,306,218,84,302,88,69,161,82,58,143,97,75,172,4605,4529,9133,4774,4779,9555,4802,4909,9714
120011386,1141,824,1962,1202,880,2080,1278,1020,2301,1459,1650,3110,1496,1789,3287,1614,1980,3593,791,161,949,734,170,905,706,169,878,260,449,708,298,477,776,237,475,711,419,1269,1686,367,1182,1556,387,1145,1534,430,458,890,436,498,928,386,394,779,213,12,219,228,21,251,230,26,256,276,111,381,302,110,408,288,105,401,94,76,168,105,88,193,89,99,187,5080,5005,10086,5176,5212,10384,5217,5419,10634
120011672,503,329,830,588,329,921,595,429,1028,961,952,1908,1028,1109,2139,1031,1130,2162,606,104,704,559,122,683,534,115,650,196,279,473,232,349,575,211,324,536,299,767,1062,290,708,999,301,689,990,236,265,505,248,275,521,204,240,443,175,16,193,192,12,201,161,26,187,222,105,330,265,117,378,253,108,359,62,33,101,77,54,135,63,30,98,3265,2849,6110,3477,3076,6555,3359,3090,6454
120011673,318,178,496,607,367,970,602,407,1011,568,476,1044,1226,1097,2319,1485,1406,2890,186,35,222,337,123,460,337,129,462,96,97,197,169,229,402,123,288,408,147,304,453,291,528,819,283,580,863,110,121,229,264,305,572,208,236,442,34,0,35,95,5,103,135,27,159,67,22,89,113,62,178,143,91,226,32,33,64,67,61,126,60,70,132,1560,1276,2837,3169,2769,5937,3366,3231,6593
120021387,1114,854,1965,1147,894,2041,1164,1052,2218,1766,1940,3707,1725,1911,3640,1741,1957,3695,359,96,456,347,70,415,327,74,405,153,322,468,189,303,491,163,266,433,255,750,1008,286,635,921,273,580,851,225,290,516,241,299,538,235,248,484,84,3,86,65,5,74,56,13,66,113,45,158,98,49,148,109,35,145,74,44,120,65,48,115,66,38,101,4141,4350,8489,4159,4214,8374,4136,4265,8395
120021389,870,790,1658,985,859,1842,1032,942,1976,1401,1605,3002,1376,1614,2992,1397,1722,3117,388,104,498,416,125,547,362,105,467,151,298,454,175,325,498,146,263,406,263,661,920,248,655,901,231,591,828,220,250,469,235,275,510,199,269,472,99,8,106,85,10,93,93,22,112,142,51,190,143,47,186,146,50,194,60,49,110,86,63,148,55,42,96,3597,3819,7411,3743,3976,7718,3668,4009,7668
120021674,512,469,987,518,470,985,611,529,1136,982,1179,2166,1081,1252,2331,1121,1285,2409,256,89,353,246,81,323,234,91,326,137,229,372,147,231,379,131,211,343,197,462,662,174,461,634,184,398,579,156,200,354,159,192,356,138,188,332,70,6,72,95,5,103,56,10,66,79,31,111,97,37,132,87,37,120,42,32,70,53,35,88,41,29,74,2437,2705,5141,2562,2777,5338,2609,2775,5385
120021675,870,797,1662,922,795,1719,1099,1006,2103,1558,1899,3454,1677,1936,3613,1865,2241,4103,533,161,695,514,163,674,531,134,670,266,414,678,294,424,722,269,422,687,330,875,1210,346,824,1166,270,777,1046,288,363,650,300,327,626,297,305,604,164,16,180,148,9,162,143,19,169,226,79,309,218,94,311,177,81,264,77,48,126,72,63,137,68,58,127,4317,4649,8960,4498,4634,9133,4718,5052,9770
120031392,353,243,597,415,319,727,515,454,969,576,762,1341,700,873,1576,943,1121,2059,467,86,554,491,102,591,407,109,515,150,249,404,177,295,476,178,307,484,220,550,772,259,556,809,262,587,851,171,204,371,200,254,454,205,226,431,174,17,189,184,20,197,188,33,219,249,127,376,269,142,414,222,104,324,53,41,93,36,31,69,58,46,102,2412,2285,4701,2729,2591,5327,2975,2982,5959
120031393,578,384,959,585,430,1009,679,515,1192,867,1065,1933,989,1276,2269,1013,1361,2378,767,169,936,828,158,991,655,130,783,234,457,700,262,495,751,198,443,646,382,966,1347,338,1003,1337,369,915,1284,296,408,708,355,467,822,291,333,629,333,22,357,352,41,389,274,42,321,391,167,561,420,173,591,326,141,470,104,72,177,74,71,140,104,66,165,3963,3713,7672,4203,4103,8303,3917,3943,7857
120031394,599,586,1182,744,646,1396,886,896,1781,1281,1693,2978,1436,1889,3325,1849,2319,4163,661,164,822,674,157,830,636,195,834,254,405,660,292,517,810,268,465,733,351,880,1230,390,899,1285,422,871,1294,253,317,573,313,382,697,256,332,591,258,40,298,252,23,274,229,37,270,345,184,530,307,163,472,272,130,402,76,49,125,67,58,121,70,47,120,4078,4308,8394,4473,4738,9213,4882,5294,10177
120031395,565,454,1024,614,506,1124,695,627,1315,1174,1337,2507,1262,1429,2697,1426,1625,3045,491,134,632,477,116,597,398,121,519,209,336,552,224,346,562,193,316,508,291,737,1030,293,676,967,285,663,948,233,312,543,245,293,539,229,263,494,152,15,167,148,19,167,137,28,164,230,81,310,230,86,312,169,78,244,39,49,86,69,47,116,49,46,96,3385,3456,6834,3561,3520,7082,3583,3762,7345
120031396,393,210,595,537,257,793,676,413,1090,999,805,1802,1321,1098,2421,1921,1662,3577,602,109,712,731,162,893,833,218,1051,217,362,584,311,472,777,356,737,1094,345,594,937,403,654,1059,505,817,1314,315,262,583,392,371,763,475,419,897,253,30,285,357,46,398,522,103,625,352,174,529,531,293,824,665,403,1071,91,52,143,132,88,215,171,128,299,3567,2599,6165,4715,3433,8148,6124,4894,11016
120031576,114,73,186,135,89,227,165,102,266,205,227,431,251,275,528,269,308,579,180,36,214,162,28,191,133,28,160,43,78,119,49,94,143,39,99,135,64,190,257,70,211,289,82,191,273,60,87,146,65,80,141,69,51,119,72,4,78,90,5,97,67,12,75,73,34,110,71,28,101,77,20,101,27,12,40,16,16,29,12,18,31,842,746,1583,918,827,1749,904,835,1738
120031676,363,248,609,419,302,725,373,329,706,909,993,1901,1067,1055,2120,1021,1179,2194,544,120,662,640,132,776,466,106,574,243,371,622,281,556,837,197,488,680,346,628,975,346,571,911,285,498,781,273,331,606,267,337,603,210,231,443,236,32,265,223,29,250,203,32,235,355,149,505,482,235,721,363,150,522,67,45,110,79,62,143,60,43,102,3330,2928,6259,3799,3282,7086,3175,3055,6234
120031677,314,238,549,372,230,599,436,338,781,728,786,1513,864,903,1764,1076,1173,2245,414,83,496,447,105,553,452,118,578,193,299,487,203,351,556,168,385,546,238,517,757,246,508,758,265,496,764,179,237,418,198,253,448,163,248,410,186,22,204,204,21,223,161,25,187,247,132,378,284,177,468,274,159,437,63,33,101,65,38,100,59,53,113,2564,2345,4911,2881,2587,5468,3061,2994,6056
120031678,291,194,487,386,259,642,470,323,797,673,662,1339,857,903,1767,1091,1201,2293,383,111,493,473,117,591,524,149,676,156,262,421,227,434,661,216,618,834,243,459,695,249,513,771,328,530,857,215,277,493,299,383,680,275,382,660,129,20,156,175,31,204,263,59,323,274,146,423,370,217,587,505,300,803,96,50,143,95,91,186,140,101,240,2466,2182,4648,3137,2946,6085,3809,3662,7474
120031679,403,235,641,422,279,695,430,332,756,741,837,1577,789,883,1672,815,956,1769,430,109,538,397,107,502,343,102,446,154,292,443,174,321,492,120,260,381,250,557,808,219,505,727,245,504,745,185,259,443,204,304,508,186,229,410,187,29,207,164,23,184,144,24,162,216,102,318,244,106,354,224,107,331,57,32,96,69,44,116,60,49,108,2615,2449,5068,2675,2569,5246,2564,2561,5122
120031680,467,223,684,521,305,822,496,310,804,1260,1015,2276,1645,1234,2875,1423,1224,2651,685,142,821,771,162,934,644,164,806,267,357,622,289,537,825,251,792,1045,325,617,941,365,655,1018,282,568,857,392,335,724,398,432,826,409,400,807,173,25,198,222,23,248,257,40,299,473,181,654,601,277,879,917,397,1315,98,86,181,132,102,234,141,71,209,4127,2977,7099,4940,3724,8668,4816,3979,8797
120031681,438,221,657,401,207,605,518,305,821,698,625,1318,723,654,1379,872,867,1740,239,43,288,269,53,321,278,49,323,85,145,225,75,179,256,73,155,226,154,517,673,156,475,634,190,497,689,162,176,335,198,199,403,183,169,350,67,4,72,82,11,98,88,19,108,106,41,148,114,48,161,96,48,147,59,44,113,56,39,100,44,34,87,2013,1820,3830,2079,1872,3947,2343,2136,4484
121011399,940,637,1577,1110,778,1891,1197,988,2186,2019,1854,3873,2267,2272,4546,2326,2477,4795,566,141,707,667,175,847,643,197,842,241,447,688,292,600,894,261,517,774,433,1037,1468,410,998,1409,434,962,1398,346,405,757,429,468,902,350,375,725,159,24,175,193,12,204,183,36,219,242,102,347,295,142,436,257,163,418,98,79,177,113,94,209,94,73,168,5044,4723,9768,5780,5553,11330,5748,5777,11531
121011401,609,467,1077,760,507,1270,940,741,1680,1439,1186,2623,1459,1419,2880,1701,1701,3402,244,77,314,253,57,316,293,88,381,134,212,345,149,240,388,145,269,409,219,512,730,228,512,744,247,526,772,152,175,322,216,222,437,169,188,358,40,11,53,53,3,57,54,13,63,71,27,100,94,47,142,90,47,136,66,44,113,50,46,101,58,46,99,2975,2702,5672,3267,3061,6327,3686,3618,7302
121011682,448,270,714,474,331,802,472,345,815,1070,978,2053,1119,1022,2138,1129,1098,2228,269,83,350,278,73,346,239,61,301,120,208,328,131,275,410,101,219,323,197,501,700,185,451,633,199,395,599,146,145,291,169,186,352,141,155,295,74,7,82,76,5,80,81,4,80,104,59,162,130,74,203,85,79,162,48,25,74,42,36,79,46,32,84,2470,2276,4744,2594,2448,5043,2492,2384,4881
121011683,861,455,1317,924,534,1459,971,626,1592,1333,1102,2435,1340,1113,2453,1374,1240,2612,231,62,292,184,66,248,210,50,262,134,248,375,136,252,392,112,232,344,213,576,788,176,532,713,176,514,690,208,205,418,228,224,451,217,192,409,55,7,63,50,3,55,58,12,65,92,43,136,95,34,129,90,39,131,62,49,110,71,49,120,86,52,134,3185,2746,5933,3209,2816,6025,3285,2955,6243
121011684,728,409,1143,911,515,1424,1001,607,1610,1428,1217,2650,1708,1503,3213,1901,1673,3573,461,159,620,486,173,661,453,186,643,184,367,546,181,452,637,195,487,681,300,689,981,325,721,1048,359,772,1132,234,341,579,350,459,807,328,404,735,106,16,121,126,12,142,151,24,170,170,118,295,283,158,441,252,123,381,106,73,175,111,86,201,100,108,204,3715,3385,7100,4485,4087,8568,4742,4383,9131
121011685,783,424,1208,814,462,1279,928,628,1562,1404,1304,2705,1490,1416,2906,1586,1477,3070,220,76,297,209,70,287,228,75,307,162,234,400,178,262,436,163,232,393,245,578,822,232,529,757,228,541,777,221,198,419,228,258,482,216,201,416,41,0,44,53,9,64,44,6,45,85,41,128,94,23,124,90,54,141,57,44,103,71,41,112,79,54,131,3221,2916,6141,3375,3073,6447,3568,3266,6839
121011686,793,477,1262,865,590,1460,1055,793,1851,1230,1244,2466,1427,1461,2889,1787,1863,3647,330,112,440,354,100,450,395,126,520,125,298,417,173,340,511,208,348,552,252,722,976,280,719,996,319,722,1044,234,240,475,286,265,546,258,276,538,74,7,83,99,9,105,97,16,105,119,51,171,141,58,199,142,69,208,63,31,98,56,53,110,78,56,137,3214,3179,6396,3680,3581,7260,4333,4268,8602
121011687,705,431,1138,762,499,1261,807,617,1425,1036,970,2008,1090,1077,2167,1218,1251,2476,347,66,413,293,82,376,281,65,354,146,232,378,155,286,445,143,252,393,224,629,849,204,591,795,192,607,802,209,278,486,216,280,495,226,262,486,93,12,105,89,9,100,113,18,132,128,72,196,140,60,194,142,58,194,53,53,104,65,44,110,43,45,95,2938,2747,5681,3011,2924,5938,3167,3177,6338
121021403,901,401,1305,882,463,1346,1092,681,1778,1301,1386,2682,1371,1534,2907,1847,2032,3878,1063,182,1247,1004,176,1183,1023,217,1238,293,626,921,294,687,985,350,807,1153,385,1140,1520,336,1079,1423,450,1196,1643,347,480,822,310,449,756,348,435,788,256,35,294,272,31,308,317,45,365,405,159,565,379,187,568,403,213,614,90,56,146,91,55,144,72,53,126,5038,4450,9495,4942,4670,9610,5895,5687,11586
121021404,551,269,825,603,301,899,660,402,1061,788,828,1616,794,913,1710,841,1020,1863,717,120,834,717,114,833,643,116,765,170,370,540,179,444,620,170,410,578,241,805,1050,228,779,1004,182,700,888,208,279,490,191,292,483,173,247,423,170,13,176,150,14,168,139,32,179,262,101,362,262,98,360,259,90,351,58,21,78,56,36,89,44,25,66,3166,2804,5968,3177,2989,6170,3112,3047,6162
121021406,982,453,1439,971,494,1457,1071,654,1725,1542,1575,3120,1577,1668,3245,1782,1896,3680,646,135,779,606,146,757,624,168,791,212,443,655,268,515,781,239,524,762,355,1033,1388,350,976,1329,328,928,1252,308,387,689,330,415,746,279,345,626,148,15,162,150,20,170,162,25,189,291,126,418,317,116,434,271,108,378,86,43,124,60,52,111,56,53,107,4568,4201,8768,4629,4400,9027,4814,4696,9514
121021577,376,210,586,413,244,661,397,272,666,961,854,1817,1169,958,2125,1115,1085,2195,487,124,609,516,135,649,458,126,582,186,332,515,205,476,684,229,550,784,279,619,891,239,537,769,277,525,802,223,299,527,239,307,549,214,255,478,170,23,194,180,20,199,205,25,225,256,125,384,323,180,497,340,209,546,63,40,103,60,35,90,56,59,111,3001,2626,5626,3349,2893,6241,3279,3111,6390
121021578,440,208,644,459,241,705,455,295,750,827,816,1645,900,844,1745,976,978,1959,455,92,552,433,84,520,387,111,496,133,311,444,149,321,474,143,311,453,243,538,783,216,521,736,180,490,670,176,229,402,179,222,399,149,164,313,128,21,152,122,14,137,114,16,134,222,99,317,230,113,338,165,110,275,50,40,89,35,23,60,41,31,79,2676,2354,5032,2726,2384,5112,2618,2510,5124
121021579,356,179,534,364,195,564,527,316,844,864,707,1569,974,850,1822,1235,1074,2305,240,94,338,290,90,377,302,98,402,131,206,337,125,272,394,128,359,486,193,455,642,228,396,619,206,498,707,136,151,284,142,175,319,165,168,330,94,12,103,90,21,109,101,10,113,143,77,225,149,67,222,176,85,263,39,29,74,38,38,70,56,43,98,2199,1912,4107,2405,2096,4505,2903,2644,5543
121031407,1171,535,1702,1302,709,2013,1352,819,2167,1868,1608,3477,2064,1839,3903,2306,2220,4528,288,106,399,340,120,464,372,162,537,222,332,557,224,417,638,191,438,631,320,871,1195,395,945,1333,401,926,1331,310,349,654,355,454,809,356,422,778,64,11,76,111,7,115,129,24,148,138,81,219,176,87,272,191,88,280,89,56,147,103,81,189,107,94,200,4473,3951,8425,5066,4662,9734,5400,5193,10599
121031408,1372,606,1973,1450,775,2227,1582,1031,2607,2088,1886,3979,2329,2150,4480,2663,2549,5213,350,108,455,434,124,554,402,118,514,216,411,626,273,502,771,247,464,708,389,1023,1414,383,1021,1404,324,992,1321,346,362,706,408,488,892,368,415,784,79,16,97,101,12,113,115,26,144,171,61,230,198,75,277,229,78,298,121,78,204,124,81,206,120,88,211,5137,4553,9684,5691,5240,10935,6047,5758,11808
121031409,1074,501,1568,1118,574,1692,1243,745,1997,1556,1400,2959,1630,1576,3213,1778,1776,3550,296,88,389,306,94,400,308,97,406,146,344,487,187,375,555,146,331,471,274,772,1047,251,755,1003,263,774,1040,274,311,579,256,323,575,272,285,558,61,11,73,78,8,87,69,16,83,155,62,221,145,80,230,155,81,238,69,45,120,83,56,139,76,75,146,3904,3539,7440,4055,3837,7895,4317,4181,8496
121031410,1405,579,1984,1437,736,2171,1438,871,2312,1673,1419,3089,1743,1713,3460,1888,1871,3760,372,119,497,390,122,507,433,117,551,195,432,628,216,450,663,175,439,619,295,994,1294,349,933,1287,327,924,1249,357,453,811,435,501,936,392,384,786,63,14,73,107,10,116,140,14,157,162,75,236,192,68,258,162,94,255,84,58,141,92,68,155,105,77,175,4615,4132,8747,4965,4591,9560,5065,4791,9854
121031411,1108,534,1637,1207,639,1850,1324,786,2110,1592,1374,2969,1680,1610,3293,1927,1887,3815,391,116,504,366,94,460,368,95,465,167,396,565,218,458,670,176,434,605,284,874,1160,285,838,1134,309,882,1189,305,399,700,291,392,676,310,305,616,82,11,98,90,20,108,110,15,127,163,69,231,172,81,261,171,91,263,77,57,135,91,50,142,72,60,132,4172,3826,7997,4404,4190,8595,4768,4555,9324
121031412,1139,496,1630,1110,545,1657,1173,717,1895,1714,1453,3163,1722,1591,3314,1840,1732,3571,308,103,408,349,89,439,325,84,414,197,433,626,216,458,674,231,409,632,313,909,1220,301,883,1178,301,789,1086,279,361,636,277,329,602,245,317,558,85,7,90,87,11,99,77,14,89,155,54,213,182,67,247,166,68,239,84,67,153,84,60,148,82,73,153,4265,3879,8139,4327,4033,8360,4429,4209,8644
121041413,1235,1026,2263,1322,1135,2457,1376,1247,2622,2174,2121,4294,2165,2256,4419,2153,2427,4573,421,131,554,462,132,588,385,120,507,221,409,630,248,426,676,209,392,599,394,1105,1500,342,1071,1411,316,899,1213,348,374,724,361,413,778,298,323,621,99,5,109,111,15,127,97,16,115,128,55,181,145,83,225,153,76,225,109,66,175,86,80,168,87,65,151,5123,5297,10419,5245,5605,10848,5072,5557,10630
121041414,1050,886,1936,1184,997,2170,1275,1108,2383,2397,2254,4647,2533,2564,5102,2493,2695,5191,452,150,601,448,149,596,428,147,570,231,364,594,258,406,656,209,373,579,429,1114,1544,396,1013,1417,385,963,1341,319,344,666,310,386,699,286,305,590,76,12,83,78,17,89,74,17,91,152,61,213,156,66,222,143,59,203,110,88,202,105,83,192,68,74,147,5216,5273,10490,5462,5675,11140,5352,5740,11095
121041416,1096,889,1985,1210,1032,2238,1218,1029,2251,2283,2211,4493,2257,2351,4607,2094,2366,4465,428,128,558,405,151,552,404,128,534,257,413,670,232,433,668,203,373,578,438,993,1430,394,949,1346,355,822,1182,330,350,682,342,372,711,290,338,623,60,6,67,95,7,100,88,11,95,139,68,202,153,66,227,130,62,191,101,77,180,109,79,181,87,69,149,5132,5131,10268,5194,5442,10637,4870,5197,10073
121041417,733,500,1233,849,629,1479,1022,746,1768,1396,1140,2543,1564,1357,2921,1797,1745,3540,189,73,260,214,68,282,242,93,336,123,165,287,139,189,330,139,226,361,212,534,746,223,548,765,285,590,876,149,169,319,180,208,384,200,202,398,31,4,31,36,4,33,52,9,57,61,27,92,67,35,103,92,46,135,71,49,121,67,60,121,82,61,141,2966,2654,5625,3334,3093,6426,3901,3721,7625
121041688,898,546,1444,961,696,1658,950,720,1669,1339,1190,2527,1367,1287,2651,1392,1348,2739,241,74,315,231,100,326,219,81,298,166,273,444,154,319,478,132,273,407,233,637,871,210,575,788,211,569,777,231,263,490,239,275,515,217,274,492,47,0,55,44,3,44,58,3,62,107,31,138,114,53,171,99,54,150,102,64,163,75,83,157,100,69,164,3364,3077,6442,3398,3392,6795,3369,3394,6763
121041689,960,610,1566,1032,670,1703,1020,823,1842,1551,1289,2842,1505,1369,2878,1576,1570,3148,268,92,361,231,70,300,212,77,292,191,319,506,216,317,537,170,269,433,247,686,936,254,641,899,212,567,773,251,269,517,254,313,569,255,256,514,58,9,64,49,7,55,71,11,82,85,35,117,91,38,133,98,44,139,89,52,133,90,52,140,96,67,160,3689,3356,7047,3725,3480,7207,3705,3685,7394
122011418,1302,663,1961,1484,844,2330,1622,1098,2715,1671,1497,3170,1739,1710,3459,1854,1908,3762,521,136,656,530,138,668,493,111,608,239,476,720,246,509,756,227,514,741,330,935,1270,322,948,1272,298,811,1107,348,416,762,386,457,839,380,398,782,123,10,135,125,11,139,107,27,133,198,68,265,207,74,281,175,73,253,96,71,172,100,73,175,95,69,169,4833,4274,9108,5150,4771,9916,5254,5017,10269
122011419,1338,931,2270,1557,1136,2692,1806,1378,3188,2377,2177,4555,2497,2323,4817,2609,2748,5360,683,160,843,633,192,824,639,136,774,296,600,897,390,615,1004,303,546,849,380,1017,1394,332,922,1256,342,869,1205,436,426,864,468,473,939,395,439,833,158,18,177,148,20,167,156,34,183,256,102,357,253,101,351,206,87,296,128,73,202,125,96,225,137,76,208,6051,5508,11559,6398,5875,12281,6589,6305,12899
122021420,770,349,1122,784,396,1177,890,510,1400,878,828,1701,867,917,1784,860,986,1845,636,113,751,632,134,765,604,112,720,158,368,530,165,375,540,145,358,503,131,653,786,139,635,769,123,555,672,214,307,525,233,329,554,228,246,478,79,7,85,80,12,93,88,23,111,197,74,264,215,88,298,194,74,271,73,57,130,79,50,129,77,46,120,3143,2755,5895,3191,2929,6118,3207,2915,6124
122021421,658,281,938,686,351,1039,761,455,1213,666,700,1364,656,737,1394,671,810,1486,503,73,578,508,96,606,509,71,584,121,272,393,152,291,438,139,277,409,150,622,776,119,581,697,116,554,668,192,254,444,182,226,413,210,222,426,108,13,119,121,17,142,103,23,131,150,58,209,163,55,216,179,65,245,48,53,98,43,30,81,51,33,85,2599,2320,4917,2633,2379,5020,2738,2512,5248
122021422,842,395,1238,903,430,1334,971,580,1551,897,940,1833,873,1052,1929,953,1179,2135,729,156,888,704,140,847,718,152,872,175,429,605,192,484,675,161,430,583,183,766,949,169,733,900,155,674,827,276,355,627,299,367,668,271,312,581,121,16,130,117,21,132,145,18,160,216,75,297,223,84,309,247,85,330,68,51,123,63,58,117,63,46,112,3502,3183,6693,3544,3363,6906,3674,3481,7150
122021690,700,326,1023,723,382,1110,818,507,1325,724,814,1540,743,903,1644,805,1016,1825,726,125,853,731,122,854,811,156,965,194,422,617,201,429,634,177,467,645,186,872,1054,176,850,1029,152,776,928,272,388,659,292,382,671,289,343,634,224,30,254,214,26,239,194,28,220,275,118,393,270,105,368,237,98,338,59,37,91,65,59,121,66,53,118,3366,3124,6486,3409,3260,6669,3545,3445,6995
122021691,481,250,732,620,350,973,663,451,1107,519,607,1123,542,755,1296,646,839,1483,602,80,682,667,108,778,666,98,765,147,310,449,172,406,580,189,407,590,145,579,724,146,633,773,126,612,740,180,289,470,240,292,535,220,260,479,159,14,171,151,29,182,161,33,203,197,91,284,197,75,276,196,85,283,31,29,60,54,34,93,42,38,83,2457,2240,4696,2787,2691,5480,2907,2830,5740
122031424,583,326,908,647,384,1026,762,542,1300,654,682,1335,686,870,1559,774,992,1767,729,139,868,773,141,917,749,129,882,153,379,536,207,469,672,217,469,683,211,859,1072,216,781,998,219,760,979,267,396,666,260,375,636,288,356,639,241,38,280,233,35,271,240,49,287,317,158,477,387,176,559,332,172,509,57,44,97,60,44,107,60,48,110,3205,3025,6232,3467,3282,6750,3637,3518,7152
122031425,373,197,573,379,208,588,425,290,712,354,424,779,377,489,869,421,575,1000,428,73,497,454,71,531,448,65,517,94,225,322,101,267,363,99,262,359,120,477,595,111,434,554,106,427,535,142,209,355,131,220,355,142,159,299,113,17,125,130,18,149,128,18,145,163,72,233,158,69,234,162,62,225,36,29,65,29,20,49,39,29,64,1819,1717,3538,1885,1805,3683,1966,1895,3859
122031427,670,316,983,765,377,1145,839,498,1337,899,899,1795,890,1020,1911,987,1106,2097,485,98,581,436,92,529,420,81,498,126,305,436,153,344,500,144,366,514,202,654,857,184,606,786,186,624,813,260,234,492,258,288,546,238,258,498,112,12,125,112,26,135,124,31,151,133,60,191,175,80,258,165,81,239,54,38,87,41,36,75,36,31,68,2937,2618,5550,3020,2868,5890,3134,3082,6214
122031429,1136,715,1857,1281,904,2182,1475,1159,2633,1569,1565,3130,1662,1911,3566,1854,2264,4112,1098,176,1275,1133,227,1362,1135,223,1358,346,676,1019,385,731,1113,347,704,1050,375,1125,1496,372,1144,1519,326,1063,1391,459,533,990,438,521,955,434,478,913,285,30,319,285,34,318,299,48,349,387,156,543,413,157,574,358,141,502,102,71,170,100,87,181,103,100,195,5745,5053,10797,6067,5712,11778,6330,6174,12505
122031430,892,482,1376,938,598,1535,1118,783,1903,1090,1151,2241,1159,1312,2471,1268,1492,2756,781,153,934,772,145,912,756,159,914,223,493,715,282,548,828,226,586,815,271,923,1196,247,909,1149,279,814,1102,321,450,768,363,420,780,350,405,752,212,33,247,175,39,216,227,40,270,313,137,451,313,155,461,272,100,368,67,47,109,68,56,122,66,57,120,4165,3873,8043,4304,4175,8481,4557,4435,8992
122031432,224,102,320,240,113,354,228,162,391,247,221,468,207,233,436,219,239,457,214,47,267,205,57,262,222,41,262,30,107,134,54,101,155,55,100,151,49,227,276,56,210,267,46,188,232,66,87,157,63,84,149,84,77,157,41,7,47,45,6,47,50,6,56,62,30,96,73,30,108,69,31,96,22,9,29,15,9,24,7,11,15,960,840,1802,956,842,1798,968,848,1820
122031692,469,211,685,469,266,734,514,347,865,498,493,991,502,547,1051,544,627,1174,349,52,404,337,50,387,331,48,383,99,216,312,90,239,331,83,214,306,133,494,633,126,475,600,133,446,578,176,182,362,186,197,381,174,190,369,75,9,88,96,11,104,102,17,115,113,36,151,141,56,194,123,61,184,24,24,48,44,31,74,30,23,51,1941,1732,3672,1984,1877,3862,2037,1985,4021
122031693,700,394,1093,815,469,1280,860,591,1451,795,919,1715,817,1047,1864,861,1130,1991,833,112,941,829,135,959,871,125,1002,186,424,608,247,505,747,209,491,701,225,852,1080,231,843,1077,188,766,958,299,388,690,295,380,681,268,332,602,173,23,197,199,33,234,205,41,248,236,99,331,267,110,373,262,101,364,69,46,115,63,36,101,60,55,111,3521,3254,6775,3760,3548,7313,3790,3641,7432
122031694,458,247,702,491,312,802,544,401,942,597,558,1155,602,676,1276,713,773,1483,515,88,607,492,82,574,476,93,565,152,281,436,160,336,495,181,374,559,149,514,664,141,472,613,137,471,605,189,229,419,221,255,472,180,213,395,113,22,130,125,27,150,135,20,155,171,79,251,157,73,233,181,91,268,43,32,70,50,33,83,39,25,59,2380,2057,4435,2435,2270,4704,2573,2460,5037
122031695,619,467,1081,745,511,1252,851,713,1563,879,963,1836,933,1048,1981,1139,1517,2652,1050,186,1235,1080,211,1294,1124,206,1330,297,622,914,325,829,1160,330,976,1308,314,924,1231,278,913,1190,291,855,1145,362,522,884,417,536,953,434,520,957,424,73,495,403,58,467,438,76,509,505,266,773,585,307,891,648,310,957,74,59,134,94,71,165,93,75,172,4511,4075,8587,4864,4484,9357,5346,5245,10592
122031696,983,455,1437,1068,565,1635,1138,712,1850,1125,1126,2247,1142,1250,2397,1224,1427,2649,721,132,853,693,145,837,761,166,928,184,425,613,220,504,721,219,481,696,277,1038,1315,272,962,1239,239,906,1146,353,403,756,341,442,787,353,357,714,184,26,210,185,22,213,199,42,243,238,108,349,266,101,359,276,106,382,74,42,117,61,45,107,48,48,96,4146,3751,7888,4251,4039,8286,4460,4241,8708
122031697,505,271,777,531,357,884,567,417,992,570,651,1220,609,776,1391,650,860,1511,665,88,757,686,119,798,707,87,794,131,326,448,157,367,520,140,395,537,176,648,826,155,639,792,142,572,713,195,259,458,206,277,482,211,254,468,161,23,182,145,15,161,158,23,177,174,61,233,204,74,283,170,73,243,32,30,57,45,38,86,36,31,66,2602,2358,4957,2732,2660,5400,2780,2709,5485
123011433,539,258,793,586,274,856,596,328,922,532,788,1324,516,793,1317,481,837,1318,801,115,912,833,119,946,832,107,943,182,381,559,203,446,648,185,512,704,192,771,957,170,806,973,152,740,895,240,320,563,221,309,526,186,324,509,406,41,444,396,33,428,351,31,384,277,119,391,308,140,452,295,123,415,34,29,60,65,43,111,48,43,92,3195,2813,6011,3291,2969,6258,3128,3052,6180
123011698,179,107,283,161,114,277,195,180,379,143,249,390,126,254,380,172,363,535,335,41,374,387,65,452,501,70,570,81,176,258,82,241,327,93,267,361,116,351,468,113,363,467,117,375,486,73,152,216,101,181,281,102,169,272,262,32,295,264,35,302,281,53,339,149,71,215,184,92,274,210,101,313,23,21,38,26,17,45,35,32,66,1356,1190,2547,1448,1356,2806,1712,1608,3317
123011699,348,139,486,425,221,651,652,366,1017,337,471,805,395,600,997,460,851,1312,558,78,634,713,123,831,911,157,1066,133,285,424,156,379,535,206,539,745,121,608,725,142,661,802,225,837,1064,171,253,429,193,371,561,219,380,602,333,31,362,404,33,443,456,50,502,253,121,374,317,125,441,375,167,541,24,27,56,52,43,99,70,36,106,2282,2011,4295,2802,2557,5358,3568,3388,6953
123011700,410,194,602,539,272,809,631,328,957,286,383,672,407,623,1028,477,701,1179,514,63,574,641,95,737,701,97,799,126,243,374,171,362,531,186,407,596,128,565,694,211,704,913,215,732,946,186,273,455,242,377,623,231,401,634,248,22,268,317,25,344,327,42,369,169,79,242,264,87,353,251,97,345,41,26,71,55,42,104,53,47,98,2108,1845,3949,2840,2585,5432,3084,2844,5926
123011701,779,416,1198,774,419,1195,800,491,1296,598,971,1566,625,1071,1696,625,1175,1804,1223,150,1375,1319,179,1497,1253,191,1450,333,608,944,329,816,1148,292,831,1124,387,1379,1772,394,1380,1776,360,1272,1632,350,652,1001,384,703,1086,357,584,943,684,76,756,746,68,818,780,82,866,455,203,656,547,243,794,540,231,777,84,68,147,95,89,180,98,59,157,4894,4523,9415,5205,4969,10180,5115,4926,10044
123011702,50,32,75,158,96,255,331,273,607,52,101,156,157,279,432,337,628,966,113,18,135,290,54,340,676,93,768,36,49,85,95,165,257,198,464,661,29,97,129,86,314,400,162,600,758,28,35,69,72,130,206,176,277,452,46,7,51,194,11,207,393,43,433,19,13,32,130,47,180,270,104,375,7,6,12,26,14,43,53,41,92,384,355,737,1208,1115,2327,2590,2529,5116
123021436,384,222,601,338,271,611,384,319,697,389,594,989,401,600,1001,429,703,1130,1050,165,1212,1001,154,1161,918,150,1068,239,636,880,238,714,954,258,751,1007,328,1007,1331,270,893,1163,312,825,1139,251,536,783,258,493,752,229,466,694,806,105,909,853,121,971,822,162,984,606,299,899,590,309,901,589,312,906,91,58,157,98,62,159,91,68,159,4136,3622,7759,4053,3633,7685,4034,3747,7779
123021437,401,236,639,428,275,698,473,363,834,516,633,1150,624,772,1388,893,1087,1980,852,144,996,869,132,1003,938,156,1096,229,495,722,266,600,864,336,748,1083,352,883,1240,350,825,1177,417,907,1326,236,430,660,308,494,807,311,468,781,606,97,702,800,97,892,865,177,1042,492,253,743,567,318,879,612,304,913,77,54,132,96,74,166,111,106,216,3759,3228,6992,4295,3576,7875,4952,4317,9263
123021438,515,285,803,469,323,792,454,355,814,467,707,1173,430,757,1185,502,769,1271,1327,165,1491,1220,165,1381,1036,146,1179,305,666,972,298,755,1055,279,748,1024,415,1340,1753,417,1181,1590,367,1014,1381,343,664,1007,339,637,979,309,521,829,967,137,1101,1000,136,1133,892,186,1081,712,385,1092,732,419,1149,555,346,910,115,75,187,121,92,212,118,86,201,5158,4426,9584,5024,4459,9483,4505,4181,8687
123021439,0,0,0,0,0,0,0,0,0,0,0,0,0,0,0,0,0,0,0,0,0,0,0,0,0,0,0,0,0,0,0,0,0,0,0,0,0,0,0,0,0,0,0,0,0,0,0,0,0,0,0,0,0,0,0,0,0,0,0,0,0,0,0,0,0,0,0,0,0,0,0,0,0,0,0,0,0,0,0,0,0,0,0,0,0,0,0,0,0,0
123021441,417,256,676,375,257,635,372,265,636,497,644,1140,477,633,1107,481,687,1170,1088,144,1234,1046,137,1181,789,121,914,244,523,763,250,580,829,207,603,808,306,1100,1408,282,1000,1291,260,767,1033,291,480,775,268,467,734,222,363,590,717,87,804,761,104,872,724,121,841,504,251,755,540,264,804,519,265,782,100,56,158,78,55,130,105,65,171,4176,3545,7720,4076,3507,7580,3676,3261,6941
123021443,397,192,587,433,253,685,458,288,741,419,601,1015,563,680,1244,652,818,1473,1012,175,1189,1081,175,1253,886,143,1031,247,574,821,321,740,1061,329,783,1111,402,1012,1411,402,947,1353,403,860,1264,290,435,726,322,550,872,281,478,753,948,117,1066,1067,158,1224,917,155,1069,571,381,951,650,386,1032,615,384,1000,73,67,137,110,60,174,138,91,230,4352,3541,7896,4940,3956,8897,4681,3998,8678
123021444,633,316,954,569,342,918,595,357,950,541,740,1280,576,759,1332,537,810,1349,1209,185,1391,1124,160,1278,965,135,1094,314,667,977,278,731,1009,251,711,957,388,1179,1566,387,1104,1490,311,950,1258,368,559,927,350,638,988,299,524,818,813,96,909,897,114,1012,818,118,933,623,379,998,607,360,969,571,338,905,121,75,199,127,74,197,114,65,184,5012,4192,9203,4918,4282,9203,4452,4010,8462
123021703,80,48,118,146,67,216,558,307,867,67,67,131,174,204,374,920,1008,1925,77,13,81,214,27,249,569,106,674,8,20,32,50,78,125,194,425,618,20,81,107,73,225,294,288,717,1002,29,32,62,46,68,117,209,293,505,26,0,27,101,14,113,438,74,511,31,12,40,65,24,91,282,142,417,3,6,13,18,10,31,87,80,163,341,273,613,889,719,1609,3539,3143,6679
123021704,187,117,299,248,120,370,306,145,449,354,352,709,480,532,1011,610,650,1260,392,58,453,472,84,555,396,95,488,117,218,332,156,310,465,152,385,536,194,485,684,231,501,736,232,471,701,126,176,302,125,216,339,122,153,282,311,35,346,363,57,415,344,75,424,180,137,317,250,156,411,243,162,402,31,26,55,44,32,79,66,57,116,1895,1604,3497,2360,2016,4374,2464,2189,4659
123021705,430,209,641,434,219,652,415,264,678,553,616,1165,612,641,1248,675,761,1441,855,129,983,798,126,923,639,123,767,227,442,667,218,594,812,233,588,822,379,1058,1435,373,907,1287,320,774,1091,281,359,636,294,413,708,240,361,598,659,89,747,753,96,846,675,103,773,430,253,688,506,316,827,455,306,760,78,43,120,86,49,135,96,77,171,3886,3193,7079,4077,3363,7441,3742,3358,7104
123021706,230,122,345,181,109,291,223,122,349,275,365,643,338,408,741,417,460,875,603,91,693,563,90,652,477,70,547,167,356,522,175,450,630,168,517,683,267,637,905,233,580,812,208,514,721,179,326,507,192,271,466,171,260,429,645,87,733,646,85,729,519,94,613,438,250,687,479,259,737,385,236,616,68,43,109,61,39,104,74,40,117,2866,2274,5143,2872,2296,5163,2644,2314,4956
123031445,186,85,272,207,113,323,217,132,356,114,213,328,107,222,324,106,234,339,411,64,476,457,69,535,461,66,532,63,209,271,63,207,269,57,219,273,62,291,349,59,303,364,50,304,359,68,144,213,71,187,257,71,158,230,254,20,276,259,23,281,276,27,303,172,118,293,190,127,316,202,129,328,34,21,59,36,17,53,49,34,84,1378,1166,2543,1443,1268,2715,1490,1311,2807
123031446,325,145,469,455,217,673,511,329,837,235,371,606,286,546,832,308,588,888,573,83,655,790,115,905,825,115,944,79,230,311,139,349,490,152,350,501,98,488,583,134,657,794,137,681,814,101,184,280,147,273,419,154,250,405,322,27,349,376,39,410,380,52,433,225,103,326,246,101,351,282,139,429,38,20,60,56,23,83,68,49,114,2002,1649,3649,2634,2323,4962,2819,2549,5367
123031447,498,271,765,562,349,911,684,464,1151,430,655,1090,415,767,1182,446,930,1374,1093,168,1257,1214,183,1398,1519,206,1727,189,539,729,203,660,860,201,806,1003,182,827,1003,172,881,1061,193,1045,1238,165,454,618,233,486,719,257,501,757,726,53,773,722,64,783,769,69,831,489,298,788,566,286,853,612,345,955,76,64,138,73,53,120,79,59,141,3846,3321,7170,4163,3727,7891,4758,4424,9184
123031448,398,174,567,413,186,596,502,252,748,241,434,679,270,403,679,241,452,694,731,129,859,782,150,930,827,108,940,77,277,356,91,349,441,102,366,465,103,598,698,96,591,687,91,624,706,120,230,352,92,224,312,95,248,347,377,24,399,389,38,425,387,48,428,250,126,371,262,143,403,271,133,398,40,24,66,55,52,112,46,44,85,2339,2012,4350,2442,2136,4578,2561,2261,4822
124011449,142,95,241,166,130,297,193,133,328,244,328,574,264,384,646,347,422,765,239,60,303,256,69,324,239,73,312,93,177,271,93,170,268,103,191,293,60,193,257,69,187,257,58,202,262,75,102,175,70,109,176,58,84,141,107,4,113,101,0,103,86,6,92,119,73,189,133,74,208,113,55,170,22,7,28,11,10,22,25,17,39,1102,1041,2148,1167,1139,2302,1216,1189,2402
124011450,854,388,1245,870,456,1321,900,567,1466,1328,1618,2940,1243,1688,2927,1238,1750,2983,1050,154,1201,977,160,1135,955,150,1108,301,632,934,320,667,986,311,656,966,397,1149,1547,328,1080,1412,303,970,1267,278,422,700,293,390,682,270,304,575,330,29,361,338,26,361,313,35,346,366,139,507,433,132,568,415,153,564,77,51,126,97,36,131,63,46,109,4987,4575,9561,4896,4637,9531,4757,4629,9387
124011451,0,0,0,0,0,0,0,0,0,0,4,4,0,0,0,0,0,0,4,0,4,0,0,0,0,0,0,0,0,4,0,0,0,0,0,0,0,0,0,0,0,0,0,0,0,0,0,0,0,0,0,0,0,0,3,0,3,0,0,0,0,0,0,0,0,0,0,0,0,0,0,0,0,0,0,0,0,0,0,0,0,7,10,12,4,5,6,3,0,7
124011452,348,240,587,380,283,662,422,348,770,668,817,1487,703,846,1544,769,972,1738,545,116,660,536,139,675,504,134,643,260,480,737,272,536,807,280,503,782,169,413,588,164,443,612,165,437,604,159,294,457,177,258,433,159,243,399,177,25,204,199,23,217,180,27,205,266,166,428,284,245,526,270,170,441,58,40,97,48,29,75,41,45,84,2656,2590,5245,2759,2796,5551,2791,2879,5664
124011453,347,206,554,345,232,579,417,277,689,629,863,1490,576,879,1457,596,980,1577,624,118,742,624,108,731,661,125,787,210,468,679,221,490,715,237,506,739,195,506,704,187,510,695,193,483,674,143,219,368,151,239,392,137,214,359,254,22,276,239,29,271,226,31,256,253,129,381,304,140,449,272,121,387,39,37,71,40,26,68,35,30,59,2691,2570,5260,2696,2652,5349,2777,2763,5541
124011454,873,427,1298,818,432,1248,865,551,1421,1312,1743,3053,1185,1782,2971,1247,1880,3121,1280,179,1463,1232,221,1451,1210,214,1425,417,760,1176,431,798,1233,424,801,1219,407,1285,1695,370,1155,1519,334,1037,1371,339,525,858,320,494,812,312,444,754,463,37,497,412,28,440,427,41,472,482,226,712,487,240,722,510,208,717,80,63,142,85,71,154,87,57,138,5651,5252,10900,5343,5210,10548,5414,5232,10648
124011455,210,126,332,205,151,351,215,143,358,328,361,692,309,408,721,360,476,838,253,49,308,219,55,273,242,55,293,80,185,264,97,216,315,99,214,314,72,228,301,92,213,307,83,227,307,65,116,182,75,113,191,85,112,201,92,8,103,92,7,100,72,9,81,123,73,190,146,69,210,98,58,153,18,15,35,31,12,34,24,21,45,1236,1163,2399,1256,1249,2506,1285,1311,2592
124021456,0,0,0,0,0,0,0,0,0,0,0,0,0,0,0,0,0,0,0,0,0,0,0,0,0,0,0,0,0,0,0,0,0,0,0,0,0,0,0,0,0,0,0,0,0,0,0,0,0,0,0,0,0,0,0,0,0,0,0,0,0,0,0,0,0,0,0,0,0,0,0,0,0,0,0,0,0,0,0,0,0,0,0,0,0,0,0,0,0,0
124031457,385,245,629,366,272,640,382,301,681,333,544,874,346,550,893,368,640,1009,1126,162,1290,1085,156,1249,971,155,1126,256,565,828,232,655,881,227,661,884,369,1147,1517,322,1088,1416,265,938,1201,257,553,808,242,537,783,189,406,598,821,89,906,834,99,929,776,138,920,574,256,834,556,261,820,531,247,774,75,52,129,82,57,138,94,51,145,4191,3607,7800,4072,3678,7746,3803,3539,7340
124031459,557,264,819,513,286,799,579,370,949,568,786,1351,554,861,1413,579,915,1500,877,126,1003,903,107,1004,855,115,973,210,410,619,249,518,764,220,535,761,280,1024,1304,276,987,1264,227,900,1127,305,402,702,251,402,649,215,314,531,422,27,456,405,43,452,434,41,471,381,157,540,357,159,518,334,130,467,69,55,123,70,49,122,74,50,120,3671,3251,6917,3575,3409,6985,3520,3368,6891
124031460,974,496,1468,896,488,1386,939,631,1573,813,1091,1908,823,1205,2029,789,1337,2125,1303,213,1515,1368,212,1580,1439,186,1624,444,676,1115,412,846,1254,373,836,1209,475,1805,2283,450,1773,2226,423,1554,1976,450,729,1184,438,741,1177,360,670,1035,760,95,856,870,76,943,810,103,914,521,257,777,588,250,840,552,235,795,108,82,194,105,79,189,96,90,182,5849,5444,11299,5947,5676,11618,5791,5641,11430
124031461,509,317,832,489,321,807,473,391,861,512,742,1256,504,751,1256,508,829,1332,1167,164,1326,1094,161,1253,1089,174,1261,286,557,838,244,625,870,257,670,929,372,1259,1636,337,1150,1490,322,1005,1331,304,579,883,293,506,795,230,461,692,735,75,808,708,73,773,708,97,810,459,231,686,507,240,740,561,231,797,87,61,152,88,75,168,91,68,155,4433,3981,8416,4259,3895,8152,4238,3931,8163
124031462,407,219,622,480,304,792,601,439,1039,508,680,1190,616,841,1450,892,1243,2131,944,171,1113,998,175,1174,1071,216,1283,251,558,805,288,714,994,370,936,1304,369,1118,1489,373,1141,1515,475,1208,1682,255,491,747,312,513,830,328,556,882,781,103,882,933,94,1029,1117,221,1332,542,287,828,662,331,992,710,385,1096,97,71,165,120,70,187,138,101,241,4159,3700,7859,4786,4178,8962,5703,5293,10999
124031463,339,163,500,532,247,782,673,378,1053,218,264,478,330,481,811,433,713,1146,459,66,523,697,96,793,778,113,888,83,158,237,160,273,434,168,394,561,74,510,580,142,730,873,177,850,1030,135,175,315,165,260,424,187,296,484,291,26,317,387,27,406,454,51,505,192,79,271,262,100,356,343,124,468,40,29,59,60,37,91,63,47,111,1824,1463,3286,2728,2246,4974,3268,2970,6245
124031464,297,194,494,290,254,545,484,388,868,384,499,884,439,546,979,755,974,1726,589,96,680,677,119,798,845,149,990,200,345,547,226,428,662,285,674,954,247,666,910,258,681,935,339,904,1247,182,301,484,208,339,540,278,428,707,500,49,550,529,70,598,660,112,775,340,159,502,389,211,600,487,282,765,56,35,89,70,33,100,98,70,173,2793,2343,5139,3094,2666,5760,4224,3983,8209
124031465,242,127,366,223,124,347,243,148,391,93,192,290,100,214,314,111,301,411,450,58,507,419,58,482,530,73,606,61,173,234,64,190,251,70,219,288,85,392,478,66,391,461,92,440,533,69,141,206,72,144,217,75,145,220,238,18,257,270,24,298,312,45,359,153,67,220,202,84,285,218,80,305,37,17,55,37,24,58,32,17,48,1430,1180,2608,1458,1246,2711,1684,1476,3165
124031707,544,307,845,543,382,923,571,414,984,401,656,1066,516,773,1284,496,826,1323,1150,182,1334,1176,178,1354,1176,180,1363,246,550,799,250,598,848,237,651,890,305,1188,1487,313,1219,1535,259,1111,1372,291,505,800,355,517,872,266,470,737,680,78,757,761,80,840,701,107,807,490,244,727,535,263,795,499,245,745,91,44,132,78,60,143,96,59,156,4198,3757,7953,4533,4063,8600,4305,4071,8369
124031708,62,42,102,260,148,406,537,359,893,24,40,64,259,382,645,581,811,1390,112,31,138,453,76,526,681,117,799,11,30,38,116,228,346,266,541,807,9,103,119,136,478,614,276,792,1065,23,46,66,118,221,338,188,367,559,83,9,94,299,34,329,601,95,698,70,37,105,185,103,290,327,143,472,13,7,21,60,37,95,82,54,133,412,335,749,1890,1705,3594,3539,3277,6812
124041466,411,246,658,392,278,673,464,361,822,433,617,1047,390,641,1033,432,788,1215,997,170,1170,932,171,1101,954,183,1133,262,453,719,238,522,765,258,606,865,192,691,890,168,679,845,215,684,896,202,391,594,218,375,591,218,375,593,483,53,535,497,57,550,500,70,570,374,235,605,418,252,673,413,256,670,71,41,118,56,40,101,82,58,145,3437,2904,6338,3323,3015,6337,3531,3373,6904
124041467,476,296,778,493,262,756,483,340,825,363,636,998,348,624,975,359,703,1065,1187,173,1361,1209,155,1362,1132,182,1316,250,554,795,215,626,839,186,665,846,235,954,1191,214,987,1199,197,851,1047,273,450,721,241,495,733,199,400,599,652,79,732,693,85,780,698,74,777,488,274,767,546,291,835,516,293,807,79,37,113,95,54,147,83,60,139,3992,3459,7456,4054,3577,7631,3858,3554,7409
124041468,253,120,372,263,144,400,295,171,464,108,202,309,104,240,340,104,223,319,506,84,591,567,101,660,540,67,608,80,179,258,75,202,274,75,228,306,75,412,488,77,406,484,80,407,481,68,187,257,82,184,267,78,152,230,372,39,409,376,29,407,376,38,418,204,130,336,206,109,316,175,111,282,43,30,74,37,20,61,39,25,63,1710,1386,3098,1785,1434,3214,1750,1421,3170
124051469,261,133,401,235,133,370,232,129,359,174,266,435,192,308,498,191,314,505,522,71,596,513,68,578,456,49,507,93,234,330,87,274,361,73,262,335,175,581,760,177,560,732,139,494,630,136,221,361,127,228,346,89,193,285,331,46,373,331,46,375,353,61,419,217,103,315,240,99,341,220,94,316,39,26,70,43,18,60,34,19,57,1955,1686,3637,1939,1724,3666,1790,1615,3409
124051470,596,328,924,553,352,906,534,366,901,515,736,1251,486,804,1288,477,831,1310,1540,203,1748,1398,174,1573,1217,155,1374,287,652,940,266,741,1008,243,704,947,507,1725,2236,474,1465,1940,381,1321,1698,386,705,1084,371,659,1032,302,562,866,1133,147,1279,1128,180,1310,1061,199,1265,693,327,1019,707,303,1008,630,287,920,110,75,190,96,87,186,128,78,198,5765,4905,10668,5477,4770,10246,4986,4499,9477
124051580,216,121,336,196,151,352,235,207,440,182,281,460,208,301,508,253,395,652,596,75,664,584,69,647,498,100,601,135,346,487,140,406,553,164,450,614,215,689,907,221,667,881,206,602,807,144,314,456,162,289,452,127,285,410,606,71,679,689,121,805,738,147,883,382,208,594,444,205,648,401,195,600,61,41,108,67,47,115,94,45,140,2537,2149,4690,2711,2260,4973,2721,2415,5137
124051581,230,154,383,253,176,426,270,210,476,250,357,603,275,394,672,367,487,853,685,89,776,747,134,877,683,108,794,173,439,617,186,518,711,238,567,806,230,705,929,261,662,917,289,690,985,181,313,489,195,391,584,181,324,508,857,102,959,943,162,1106,955,211,1172,590,256,849,613,301,911,526,288,813,94,54,148,88,69,156,85,64,149,3285,2470,5749,3560,2793,6355,3598,2948,6550
125011475,0,0,0,0,0,0,0,0,0,0,0,0,0,0,0,0,0,0,0,0,0,0,0,0,0,0,0,0,0,0,0,0,0,0,0,0,0,0,0,0,0,0,0,0,0,0,0,0,0,0,0,0,0,0,0,0,0,0,0,0,0,0,0,0,0,0,0,0,0,0,0,0,0,0,0,0,0,0,0,0,0,0,0,4,0,0,0,0,0,4
125011582,238,106,338,283,118,396,301,127,425,409,349,761,465,400,862,530,500,1033,722,87,807,1102,102,1210,690,112,797,176,257,439,250,426,674,261,661,922,226,398,626,229,330,563,239,375,613,240,228,471,393,288,676,319,272,595,466,48,517,509,61,572,514,92,605,500,296,793,738,343,1089,737,380,1115,147,73,221,164,67,233,199,90,289,3123,1854,4971,4138,2142,6279,3786,2601,6385
125011583,120,50,173,168,67,243,140,48,184,284,212,497,320,245,570,301,274,573,540,75,614,862,65,923,444,72,521,182,213,400,185,326,512,212,476,684,189,207,401,163,206,362,120,160,285,215,175,394,291,209,500,236,170,408,363,45,406,382,40,423,350,48,397,443,225,672,717,311,1031,670,307,979,89,46,136,111,45,156,120,55,180,2436,1260,3696,3204,1511,4715,2592,1609,4198
125011584,127,69,203,169,76,246,149,92,242,214,229,439,225,265,483,267,290,553,363,46,410,479,51,532,285,52,337,80,116,198,82,201,285,95,172,271,124,260,382,126,230,357,121,262,374,107,120,228,137,160,288,82,115,202,254,25,278,262,30,296,233,33,267,196,124,326,238,152,395,165,103,266,45,37,86,56,29,84,60,27,87,1517,1034,2554,1778,1186,2957,1455,1143,2600
125011585,129,79,207,163,92,247,153,96,249,278,309,588,306,316,626,329,352,680,455,84,542,581,77,661,298,51,346,105,157,267,120,233,357,87,230,319,151,342,495,167,312,481,147,255,404,105,136,242,123,154,275,94,125,220,269,45,310,301,50,354,264,54,317,297,206,498,351,227,571,285,195,477,62,38,101,77,48,126,81,50,130,1846,1397,3248,2185,1509,3693,1738,1397,3143
125011586,386,210,594,518,310,828,558,358,916,826,809,1636,1001,999,2002,1153,1239,2392,887,177,1066,1212,241,1449,924,252,1174,229,393,627,285,583,870,267,722,985,382,748,1126,387,754,1139,403,739,1144,306,363,673,371,461,836,344,384,724,447,88,533,492,80,570,496,117,614,616,396,1014,756,462,1219,655,471,1127,134,79,207,221,115,334,187,124,308,4215,3258,7472,5238,4012,9248,4985,4402,9384
125011587,102,59,159,121,59,177,114,57,170,147,147,293,152,162,320,166,194,364,230,44,272,255,40,296,183,37,222,53,102,149,59,127,188,74,145,215,94,192,286,96,197,296,87,173,261,58,76,132,80,84,165,52,59,115,150,24,174,168,29,196,136,42,177,132,106,242,187,123,309,114,100,209,34,25,60,38,19,58,53,25,79,1002,780,1775,1152,852,2003,985,820,1806
125011709,464,248,710,447,265,714,442,285,727,625,566,1191,608,591,1201,604,634,1237,270,59,324,350,74,417,273,64,339,109,127,238,141,175,316,120,197,319,192,394,593,226,443,669,182,386,566,132,140,272,141,169,311,121,153,276,108,12,115,146,9,158,130,21,148,97,53,149,121,56,179,117,63,171,46,38,82,41,27,73,35,49,81,2039,1634,3669,2222,1811,4027,2025,1842,3867
125011710,258,132,396,597,312,914,1132,830,1961,325,310,641,827,871,1701,2263,2245,4509,105,17,123,339,66,407,734,215,954,51,65,118,169,221,388,265,508,775,71,192,261,257,523,782,580,1096,1673,60,70,124,196,242,441,396,463,860,34,4,33,121,9,131,348,51,402,37,23,58,120,60,177,295,154,445,10,7,22,59,54,109,142,99,242,949,821,1770,2687,2359,5049,6162,5665,11821
125021477,627,373,1002,782,450,1230,952,660,1613,939,986,1927,1075,1208,2283,1421,1626,3049,1041,197,1235,1153,221,1373,1204,229,1435,219,500,720,296,629,927,312,651,962,388,1144,1532,431,1179,1607,495,1247,1744,327,436,764,383,471,849,387,502,889,438,53,494,456,57,512,499,73,568,440,250,682,498,249,751,473,242,722,111,74,178,113,93,209,123,85,208,4526,4015,8543,5183,4559,9740,5869,5319,11188
125021478,667,375,1049,701,368,1068,801,453,1251,1013,924,1937,1103,1160,2259,1144,1224,2367,756,130,888,799,133,934,650,150,803,199,382,582,200,475,671,198,493,690,303,929,1239,351,956,1313,344,929,1274,271,358,631,345,412,755,286,334,625,257,30,292,309,43,349,300,65,360,286,155,436,343,185,525,284,176,463,80,52,134,79,54,128,96,82,177,3842,3347,7190,4232,3779,8003,4099,3906,8008
125021711,429,194,622,476,224,699,492,297,786,729,676,1407,869,819,1689,965,893,1857,383,68,453,379,84,466,352,72,425,108,228,338,132,274,406,110,285,398,189,559,751,225,578,797,209,573,775,175,217,396,230,237,466,202,209,412,93,16,110,138,15,153,115,22,138,145,86,229,169,116,286,152,97,248,51,26,76,54,32,80,57,40,98,2308,2072,4375,2668,2383,5047,2653,2491,5147
125021712,671,329,996,648,337,984,747,437,1187,1152,1111,2261,1264,1181,2447,1569,1449,3017,622,119,742,672,117,784,640,168,813,174,325,502,190,398,590,183,489,670,333,863,1194,265,803,1068,395,871,1267,281,333,607,315,343,657,290,328,617,253,39,294,272,37,307,279,35,319,248,154,401,270,146,413,277,145,425,100,63,166,92,66,161,97,82,176,3829,3333,7160,3991,3428,7419,4478,4008,8486
125031479,323,178,502,350,178,531,347,209,557,400,499,901,485,550,1035,564,667,1230,810,114,925,853,111,965,651,85,737,165,329,492,201,514,709,206,443,650,324,710,1033,309,637,949,288,608,901,218,330,544,240,344,585,206,265,475,591,77,669,599,91,684,541,132,678,457,249,707,481,266,749,414,242,663,96,48,143,109,70,180,109,78,192,3389,2538,5924,3634,2762,6390,3332,2741,6075
125031480,174,116,285,176,115,289,158,116,271,274,304,571,298,332,634,302,401,704,640,88,729,678,102,784,455,102,558,137,296,434,156,377,538,121,351,472,196,461,658,201,433,638,201,407,604,135,188,325,156,225,379,135,195,331,524,89,618,553,97,653,514,95,608,444,256,697,519,252,773,350,214,567,104,56,159,105,64,172,72,51,124,2625,1850,4483,2845,2009,4854,2310,1929,4242
125031481,330,169,494,405,208,609,437,245,679,607,603,1217,677,716,1396,768,930,1692,943,138,1077,1120,131,1251,832,137,965,255,437,696,329,676,1010,314,775,1091,321,734,1056,370,664,1033,348,678,1031,298,334,631,374,461,832,360,421,774,539,73,610,621,81,703,595,102,695,619,306,922,819,373,1192,829,445,1279,132,82,221,156,94,256,175,104,274,4042,2868,6913,4873,3410,8280,4647,3837,8480
125031483,314,157,469,376,154,526,316,178,495,385,402,785,420,510,929,479,573,1052,888,92,978,1033,99,1123,648,88,730,156,251,408,193,480,680,222,424,643,270,660,925,250,641,894,250,563,817,244,313,563,303,309,612,200,255,454,528,61,590,556,71,625,464,83,547,441,173,611,556,200,756,380,179,564,120,72,188,157,86,241,137,83,219,3337,2179,5521,3843,2552,6394,3099,2418,5520
125031484,414,236,650,427,276,700,445,307,748,515,637,1147,498,685,1181,589,784,1380,1035,150,1189,1201,139,1342,854,153,1010,218,426,641,227,573,802,231,558,791,380,999,1376,382,913,1298,349,798,1156,257,396,657,308,412,720,248,359,612,678,86,760,684,102,787,637,111,751,539,252,788,585,252,835,442,247,686,113,74,184,131,92,218,131,95,224,4143,3245,7388,4443,3445,7884,3927,3416,7343
125031486,0,0,0,0,0,0,0,0,0,0,0,0,0,0,0,0,0,0,0,0,0,0,0,0,0,0,0,0,0,0,0,0,0,0,0,0,0,0,0,0,0,0,0,0,0,0,0,0,0,0,0,0,0,0,0,0,0,4,0,4,0,0,0,0,0,0,0,0,0,0,0,0,0,0,0,0,0,0,0,0,0,0,4,6,7,0,7,6,0,6
125031487,0,0,0,0,0,0,0,0,0,0,0,0,0,0,0,0,0,0,0,0,0,3,0,5,5,0,5,0,0,0,0,0,0,0,0,0,0,0,0,0,0,0,0,0,0,0,0,0,0,0,0,0,0,0,0,0,0,0,0,0,0,0,0,0,0,0,0,0,0,0,0,0,0,0,0,0,0,0,0,0,0,3,0,3,5,0,7,6,0,6
125031713,540,234,774,548,266,810,535,316,856,503,737,1238,534,802,1341,561,810,1371,982,121,1103,936,116,1054,705,98,804,193,427,621,176,406,581,156,407,563,357,1164,1523,325,1056,1381,297,936,1234,288,396,690,305,456,759,257,337,600,533,50,579,480,57,538,427,71,494,377,132,513,401,128,528,375,137,518,84,59,144,63,58,124,69,82,149,3851,3320,7170,3774,3342,7110,3392,3200,6590
125031714,452,231,682,540,283,817,532,289,815,639,693,1330,727,748,1472,769,903,1665,1053,156,1208,1204,136,1336,801,140,944,237,408,647,266,534,795,264,610,870,384,907,1284,388,896,1277,391,821,1209,312,433,744,370,440,808,314,373,681,624,81,705,679,102,777,616,108,726,569,299,863,692,298,992,538,295,838,131,73,203,166,71,236,131,85,224,4399,3269,7668,5021,3501,8522,4360,3605,7962
125031715,340,178,518,458,235,695,504,282,789,408,480,890,534,618,1154,546,704,1254,453,70,528,487,81,569,430,84,513,96,211,306,128,259,389,117,255,373,223,583,804,255,673,930,221,666,890,166,234,399,194,253,450,147,212,364,255,33,286,269,37,311,256,44,299,201,81,290,195,82,276,177,79,258,44,33,75,64,33,97,48,46,89,2191,1897,4086,2582,2281,4858,2454,2373,4826
125031716,138,73,211,180,105,292,197,128,324,212,274,486,259,309,566,293,339,633,364,49,419,358,61,415,268,51,314,78,148,222,94,206,293,62,170,234,154,384,536,132,356,485,126,340,470,95,119,213,117,164,283,100,119,219,200,27,229,220,23,251,186,46,233,135,71,200,166,78,246,134,71,203,29,21,53,58,28,86,52,34,82,1410,1167,2576,1580,1335,2916,1420,1287,2711
125041489,628,388,1011,761,430,1195,835,548,1385,1438,1307,2748,1717,1543,3256,2146,1939,4088,804,189,997,892,199,1089,705,207,909,321,484,801,327,598,931,304,652,957,578,1215,1790,597,1161,1756,572,1116,1687,356,390,744,427,416,840,352,386,736,462,55,521,514,70,585,515,73,592,429,248,671,403,248,648,382,242,623,109,96,208,111,81,196,95,95,195,5120,4369,9489,5758,4735,10492,5911,5265,11177
125041490,410,155,568,371,199,568,419,250,668,582,596,1182,623,637,1266,648,689,1331,369,76,447,353,58,409,352,58,412,86,181,267,109,196,302,84,213,299,148,475,624,156,403,558,168,425,587,157,197,353,134,180,312,121,174,302,101,8,110,120,15,129,90,14,108,119,52,172,106,43,148,117,68,185,33,26,56,30,31,68,35,37,68,2009,1770,3778,2001,1757,3756,2031,1936,3962
125041491,647,345,991,790,395,1185,798,463,1261,1550,1362,2910,1890,1716,3609,1925,1833,3762,745,139,881,705,163,869,644,172,817,260,434,697,267,493,760,279,570,844,478,999,1470,470,968,1439,425,939,1365,352,367,720,325,399,721,321,372,695,399,40,443,443,67,503,480,102,578,364,184,547,393,192,587,397,193,589,100,59,164,99,87,188,98,93,194,4897,3932,8832,5382,4473,9854,5370,4744,10110
125041493,596,335,927,705,372,1073,761,447,1201,1099,1202,2299,1232,1396,2629,1352,1542,2897,1081,193,1271,993,182,1169,891,169,1064,284,524,804,278,583,863,251,631,882,512,1323,1838,507,1227,1728,456,1166,1614,325,488,814,327,444,771,312,418,727,581,67,649,615,69,687,671,106,782,520,231,748,596,272,869,471,253,729,109,85,193,116,83,200,139,90,226,5106,4436,9546,5374,4626,9999,5298,4820,10120
125041494,514,215,726,527,266,795,608,345,954,620,738,1362,655,810,1471,680,882,1565,570,68,638,542,85,624,475,81,555,146,252,399,151,297,452,138,311,446,248,742,993,233,707,943,222,595,818,203,267,469,194,280,476,192,231,419,185,23,212,186,21,207,150,25,177,200,80,280,164,63,229,188,69,255,39,30,65,55,47,103,30,37,72,2725,2411,5133,2713,2573,5285,2686,2587,5268
125041588,283,137,422,350,130,478,431,188,617,639,466,1105,806,602,1408,1046,877,1927,539,92,629,497,106,598,389,113,498,112,239,350,120,307,432,122,328,450,274,642,912,325,589,911,289,603,898,174,240,417,172,232,408,156,183,336,361,42,400,403,59,461,447,98,548,288,134,422,367,162,529,313,178,492,79,37,117,80,57,145,94,63,156,2741,2027,4771,3120,2247,5368,3284,2638,5919
125041589,345,174,519,462,207,666,694,335,1026,1011,777,1786,1261,905,2165,2160,1613,3775,595,135,739,551,118,667,564,168,729,184,363,549,208,414,623,225,551,775,377,675,1047,366,599,965,474,815,1293,250,226,477,249,272,522,315,332,650,384,52,437,427,60,486,606,129,733,388,200,586,429,195,624,408,235,642,81,49,131,103,56,166,144,96,240,3615,2653,6269,4052,2828,6881,5598,4261,9857
125041717,224,81,300,316,126,445,448,238,682,688,397,1085,1287,618,1910,1952,1197,3145,266,58,326,239,68,300,323,90,408,107,133,246,110,192,305,151,385,539,225,313,537,216,311,521,266,476,740,160,142,298,168,158,325,200,171,372,165,27,194,143,19,163,248,50,296,167,82,252,161,91,258,251,152,406,39,26,69,60,42,99,65,57,122,2036,1270,3304,2709,1625,4328,3899,2816,6712
125041718,234,111,350,340,145,480,274,144,423,609,443,1054,1048,633,1681,1042,652,1693,427,66,495,425,94,520,297,80,378,168,199,366,142,315,462,132,312,451,258,434,695,315,419,733,216,327,536,202,181,380,229,255,478,166,179,349,308,44,360,305,48,354,354,71,419,314,166,479,328,211,537,347,179,525,64,43,108,67,57,131,87,39,130,2581,1696,4278,3200,2172,5373,2913,1978,4893
125041719,193,91,286,303,120,416,228,129,358,436,272,718,713,467,1179,720,480,1202,323,60,382,443,69,514,329,80,404,139,192,334,147,237,381,143,321,462,223,305,529,235,367,601,186,294,486,176,146,323,236,208,446,182,162,346,308,38,352,382,85,466,414,102,512,317,159,479,380,205,581,330,176,508,48,41,86,65,45,106,76,40,121,2167,1310,3480,2899,1801,4697,2614,1786,4398
126011496,1094,539,1626,1203,581,1782,1221,727,1950,1878,1820,3699,1990,2004,3992,2081,2168,4250,623,146,773,572,143,715,531,173,704,234,470,705,270,505,777,234,519,751,367,1085,1456,369,1000,1367,407,1030,1435,372,403,774,331,438,766,327,368,701,119,16,132,143,17,159,147,20,167,242,127,368,253,116,366,255,110,369,88,66,156,77,63,139,79,65,145,5017,4674,9691,5194,4871,10067,5280,5195,10473
126011720,486,271,756,491,253,742,675,400,1072,1142,942,2080,1110,1044,2158,1727,1590,3318,317,76,388,321,76,394,382,125,507,118,234,355,160,264,419,128,345,475,230,582,807,238,519,760,286,622,904,201,226,430,176,234,404,230,238,468,71,15,93,114,10,125,135,17,150,130,64,198,148,70,215,164,93,257,56,40,93,51,41,90,59,54,113,2752,2445,5195,2801,2509,5310,3791,3474,7260
126011721,596,299,897,718,369,1085,794,515,1303,1374,1178,2555,1639,1445,3087,2029,1845,3869,411,102,516,484,127,611,491,154,644,149,268,414,195,378,578,168,454,627,317,725,1045,329,772,1103,372,827,1201,222,257,477,304,320,629,287,306,590,120,19,143,149,14,164,164,30,202,180,85,264,234,129,365,232,125,360,49,49,99,85,64,145,78,71,148,3415,2988,6404,4142,3621,7762,4616,4325,8945
126021498,807,488,1293,898,579,1477,1044,774,1822,1056,1197,2256,1126,1286,2410,1349,1539,2892,498,102,604,480,119,599,537,120,662,208,347,552,227,365,593,225,376,600,274,887,1158,282,838,1125,305,853,1155,260,273,532,284,329,614,265,307,568,128,8,137,134,18,153,135,11,149,211,93,303,217,79,295,194,83,278,56,49,108,67,51,115,62,52,111,3506,3449,6954,3720,3657,7377,4112,4118,8232
126021499,662,305,974,692,378,1068,741,404,1147,796,728,1522,801,792,1590,822,821,1643,176,42,221,191,50,240,178,43,219,113,152,266,146,204,343,110,153,261,144,463,610,160,442,609,159,406,564,157,168,327,175,199,370,152,148,295,35,8,45,47,8,52,47,11,55,82,38,124,62,34,92,77,22,98,55,39,90,48,37,83,50,30,86,2236,1942,4178,2323,2134,4455,2334,2032,4369
126021500,598,408,1002,782,507,1288,934,689,1623,1697,1427,3127,2048,1887,3935,2616,2450,5062,627,149,774,632,151,790,720,229,949,239,437,678,285,536,825,286,647,930,439,1038,1478,439,1022,1462,584,1081,1662,332,384,721,434,478,915,443,527,977,189,31,221,205,26,231,280,59,334,282,119,398,368,181,551,355,164,517,106,58,167,91,76,172,111,102,210,4515,4057,8572,5293,4865,10167,6321,5946,12267
126021501,532,284,810,612,355,964,786,543,1330,844,838,1681,958,990,1944,1582,1549,3134,524,96,620,481,102,583,510,141,655,156,302,454,161,299,469,171,355,525,244,778,1018,229,673,902,327,787,1111,198,270,466,209,301,506,276,310,582,155,13,166,145,12,155,152,23,173,187,92,278,198,92,290,199,106,308,50,52,106,47,45,87,71,64,137,2881,2714,5596,3035,2864,5900,4075,3878,7950
126021503,669,400,1069,784,465,1244,852,614,1467,1514,1386,2904,1793,1716,3504,1972,2023,3996,827,173,1001,896,214,1101,783,218,998,224,463,693,289,600,892,260,603,857,470,1037,1504,511,1135,1649,513,1007,1523,338,391,731,385,471,854,343,368,709,295,34,327,285,29,313,273,37,306,342,199,540,389,233,624,379,211,589,132,66,200,101,90,185,101,101,197,4813,4150,8962,5425,4948,10370,5478,5174,10653
126021590,269,116,388,255,136,390,309,162,476,311,319,632,309,339,648,346,394,740,173,37,209,150,35,179,145,29,170,45,89,137,66,108,168,42,98,136,90,287,382,78,267,342,71,256,329,75,114,192,85,102,189,84,95,184,45,7,51,40,8,49,41,5,49,62,16,77,43,21,64,51,19,69,17,19,35,25,16,40,14,6,17,1094,1006,2106,1052,1025,2077,1099,1060,2169
126021722,336,156,487,342,156,502,335,210,549,556,595,1150,575,593,1172,639,657,1301,260,50,315,260,62,323,211,45,260,85,138,220,96,183,279,71,136,212,136,371,507,125,333,459,134,318,451,141,147,289,119,158,277,106,120,234,72,12,79,82,12,90,60,3,68,106,54,155,116,60,176,95,49,149,28,27,57,33,27,62,26,30,57,1716,1546,3258,1751,1592,3338,1689,1591,3278
126021723,614,326,942,659,361,1017,749,475,1220,1297,1221,2523,1458,1346,2809,1554,1550,3101,617,149,773,709,181,884,678,157,827,194,384,581,243,475,718,207,475,682,368,819,1190,372,844,1214,349,796,1138,304,351,651,322,414,743,292,378,668,176,28,205,201,33,230,230,48,276,290,164,453,308,208,509,301,214,512,77,64,142,86,73,157,114,73,184,3938,3518,7452,4354,3927,8280,4460,4154,8611
126021724,689,421,1112,845,521,1366,904,621,1522,1130,1160,2291,1393,1428,2820,1480,1563,3043,910,183,1091,1016,229,1253,892,204,1094,249,473,722,285,578,863,258,629,889,398,1129,1525,412,1147,1559,421,1070,1492,298,414,715,404,513,916,344,495,845,314,30,340,327,43,369,293,26,318,397,195,591,399,222,618,352,183,536,106,73,176,110,80,191,108,75,188,4496,4076,8566,5197,4757,9960,5055,4869,9931
126021725,217,148,366,335,210,542,631,456,1088,335,358,693,630,617,1246,1266,1270,2535,193,32,230,256,57,312,426,113,545,70,96,164,98,159,259,128,297,430,80,271,355,153,402,550,273,634,915,108,113,220,160,175,339,210,238,450,72,11,81,91,4,97,139,21,163,75,35,120,95,42,139,156,83,241,32,15,44,31,33,71,61,45,106,1193,1084,2276,1846,1697,3544,3304,3166,6463
127011504,131,104,233,143,89,233,143,111,251,101,196,300,122,258,384,157,248,402,658,82,741,618,73,694,493,55,544,116,335,451,120,438,565,122,431,557,153,433,586,188,356,545,163,339,499,126,282,410,137,276,412,118,219,338,641,102,745,613,123,730,582,164,742,508,276,785,526,284,813,396,267,666,105,42,145,92,59,152,86,53,138,2548,1845,4394,2562,1960,4523,2258,1883,4150
127011505,445,236,678,415,221,639,496,277,770,143,233,372,168,255,423,401,583,977,611,77,692,600,102,701,614,88,702,54,184,240,68,191,255,106,324,430,85,500,583,91,473,557,188,632,824,129,206,339,134,203,339,149,276,428,429,35,463,440,35,475,450,70,520,263,115,382,265,115,376,308,148,450,57,34,88,45,44,94,70,59,130,2205,1623,3832,2229,1624,3855,2783,2454,5238
127011592,9,8,12,0,0,0,0,0,0,3,8,9,0,0,0,0,0,4,12,5,17,0,0,0,0,0,0,5,4,16,0,0,0,0,0,0,0,14,14,0,7,7,0,0,0,3,8,11,0,0,0,0,0,0,15,0,13,3,0,0,0,0,0,17,7,24,7,0,9,4,6,3,0,0,0,0,0,0,0,0,0,59,48,110,12,6,22,6,8,11
127011593,283,141,421,266,119,384,283,144,427,235,303,540,232,353,582,244,351,594,427,65,496,463,60,528,326,56,374,81,149,224,73,189,264,74,195,272,121,474,594,150,452,595,154,392,552,155,238,393,145,229,372,107,177,290,277,30,304,247,33,280,236,36,279,191,104,299,189,99,285,159,99,262,56,39,97,30,35,64,21,23,41,1822,1541,3364,1800,1560,3359,1613,1470,3083
127011594,275,124,404,234,151,380,228,155,384,256,394,645,282,442,725,317,477,791,755,111,873,657,103,765,509,76,584,122,298,422,113,328,438,112,302,420,223,635,862,223,593,817,219,533,755,199,316,516,176,313,486,171,264,434,561,102,661,562,108,666,538,107,646,427,271,696,509,267,771,344,242,590,76,53,132,96,78,172,73,42,114,2890,2308,5199,2849,2380,5228,2515,2204,4720
127011595,231,112,344,306,181,493,343,204,552,221,313,531,329,505,833,349,555,907,622,67,687,747,107,846,584,75,661,112,245,359,167,424,590,155,377,530,214,629,843,223,647,872,215,619,833,132,274,404,213,322,528,169,264,437,453,60,509,535,88,620,497,119,613,313,216,528,400,222,623,327,190,517,73,41,114,98,45,150,69,48,115,2364,1955,4326,3014,2546,5556,2712,2456,5162
127011596,243,142,384,325,162,491,386,229,616,292,374,665,373,537,914,429,689,1120,561,75,635,638,87,728,557,86,642,98,232,329,129,375,499,131,387,508,214,623,831,250,673,928,265,639,905,156,246,397,223,326,548,191,303,500,396,48,450,504,65,572,549,99,651,295,177,466,344,186,533,292,170,464,49,41,91,98,52,153,73,60,134,2299,1948,4248,2892,2469,5362,2873,2664,5539
127011597,400,185,586,561,312,869,573,339,912,392,485,876,571,775,1341,634,893,1523,691,96,787,898,133,1036,765,112,879,114,247,368,196,406,599,192,479,674,223,744,970,302,950,1259,335,924,1260,169,292,461,272,449,724,253,420,673,378,58,431,587,70,661,648,108,749,307,170,476,384,180,565,371,224,602,69,46,117,86,60,148,76,54,137,2739,2322,5058,3859,3344,7205,3852,3559,7409
127011726,105,39,147,151,67,223,221,150,368,57,72,131,68,149,212,166,289,455,108,24,127,183,25,206,320,38,356,19,37,57,33,86,126,86,180,262,18,100,117,34,167,200,69,274,341,26,40,63,56,63,118,84,116,197,62,8,69,98,18,112,136,19,162,49,18,69,56,17,77,121,41,162,3,3,9,12,10,24,31,24,54,454,338,790,691,601,1295,1219,1133,2353
127011727,0,0,0,208,132,340,604,411,1017,5,0,7,206,303,511,656,1021,1678,0,0,0,359,52,407,810,143,953,0,0,0,77,148,226,231,508,735,0,0,0,109,360,459,313,837,1152,4,4,4,102,141,246,257,327,582,0,0,0,213,20,236,517,88,605,0,0,0,106,42,151,324,130,451,0,0,0,16,23,39,77,63,137,11,4,15,1397,1217,2622,3785,3521,7311
127011728,207,122,326,281,160,444,463,310,777,108,119,226,152,211,359,566,762,1325,319,43,360,347,51,396,645,88,738,39,94,131,60,132,187,169,337,507,35,281,319,96,316,413,232,640,871,69,110,179,80,151,230,177,279,453,191,8,201,228,25,249,437,78,518,135,55,180,165,68,231,302,139,445,29,19,45,45,29,76,72,45,113,1129,845,1972,1452,1133,2588,3064,2676,5742
127011729,0,0,7,186,105,295,623,406,1028,6,5,10,154,306,467,711,1077,1788,17,5,15,312,45,360,908,134,1046,0,0,0,71,143,218,242,659,905,5,7,13,101,310,411,330,876,1205,0,4,8,118,126,243,287,412,702,5,0,3,187,12,196,692,78,774,9,0,4,135,41,184,454,176,633,5,0,3,22,27,49,82,75,157,38,28,64,1294,1120,2412,4329,3902,8237
127021509,290,169,458,290,186,470,315,202,515,361,414,773,394,475,868,396,585,981,832,159,990,844,126,971,598,105,699,126,338,463,160,405,567,134,394,524,252,663,915,270,629,902,255,562,823,219,365,586,191,427,617,185,292,477,610,122,732,688,146,831,673,149,822,513,320,836,519,325,850,466,303,775,119,76,194,71,55,126,78,59,136,3326,2629,5951,3425,2774,6194,3100,2653,5751
127021510,587,266,855,600,271,870,521,279,793,596,706,1306,596,771,1370,570,790,1365,1222,161,1379,1082,140,1221,771,99,875,221,485,704,188,493,681,139,466,607,408,1184,1587,378,1062,1441,318,893,1206,344,532,869,354,503,855,263,394,657,674,71,747,605,92,697,573,92,661,515,278,796,516,238,755,417,187,603,113,77,187,115,68,186,81,47,126,4673,3760,8435,4426,3644,8075,3654,3245,6899
127021511,295,157,454,341,209,550,296,197,488,384,410,799,468,481,951,471,585,1054,917,191,1109,941,162,1108,655,155,817,222,483,707,305,776,1083,211,615,824,258,537,801,279,545,819,271,496,771,237,357,598,301,468,771,249,398,645,948,201,1147,989,173,1166,1016,244,1256,926,700,1626,1075,746,1824,715,624,1333,181,118,301,193,121,309,186,104,287,4380,3163,7540,4888,3688,8582,4062,3423,7482
127021512,237,132,374,264,169,428,268,202,469,260,356,618,324,402,727,382,517,899,743,112,858,897,123,1016,568,124,688,133,344,477,157,491,644,154,418,574,201,596,796,222,574,801,263,520,782,189,322,507,208,380,588,209,307,514,652,118,767,719,131,848,693,189,885,550,352,899,561,370,931,457,344,798,103,59,158,98,71,172,111,85,198,3057,2396,5456,3455,2704,6151,3110,2705,5815
127021513,247,138,384,286,202,487,304,214,520,400,429,829,438,518,955,548,598,1149,770,126,898,793,145,946,609,139,742,168,451,617,202,567,772,171,536,710,269,572,840,292,599,893,312,587,903,224,353,575,278,426,699,224,368,597,815,153,971,850,167,1008,836,205,1047,720,509,1232,822,558,1384,631,538,1168,175,107,283,131,105,237,133,108,243,3790,2834,6626,4089,3292,7381,3775,3298,7076
127021514,265,157,422,243,146,396,226,148,373,266,343,608,304,362,671,273,411,683,608,94,704,542,82,623,397,65,460,106,210,313,105,274,380,71,261,330,171,501,674,179,479,658,147,444,594,174,276,447,155,248,403,119,224,344,380,57,433,384,52,442,325,61,385,324,182,505,321,180,498,256,121,383,64,38,105,55,41,100,46,29,80,2355,1856,4212,2304,1871,4173,1858,1762,3623
127021515,178,104,280,179,127,304,151,123,274,292,356,651,329,390,720,333,389,727,698,80,785,692,106,794,421,98,520,169,312,484,180,402,586,143,325,468,225,491,714,219,454,672,215,401,617,165,259,428,181,273,453,150,213,369,590,81,676,520,93,613,485,113,592,505,314,815,551,280,825,384,260,644,100,58,158,108,60,173,88,62,148,2926,2067,4991,2954,2180,5137,2365,1988,4354
127021516,241,140,381,267,194,464,245,185,430,332,403,733,358,443,804,375,489,862,845,134,982,850,125,973,569,96,670,128,336,465,152,460,610,133,392,522,240,669,914,255,619,872,261,548,800,205,357,560,237,448,679,194,329,525,640,114,750,659,130,791,632,148,785,580,350,928,600,364,960,448,344,797,126,61,181,133,75,213,95,69,163,3334,2571,5901,3518,2854,6371,2951,2603,5559
127021517,173,94,271,178,94,276,153,103,252,235,271,504,204,282,487,226,296,520,423,59,486,414,63,474,284,43,331,75,186,256,93,218,312,60,218,280,135,379,518,114,370,485,114,310,418,100,204,308,103,184,291,90,146,238,276,35,310,292,40,333,247,44,288,254,117,371,265,117,377,216,94,312,47,21,68,60,40,98,42,25,75,1717,1373,3091,1724,1406,3132,1434,1287,2720
127021518,247,105,351,254,107,360,258,101,357,101,118,220,115,150,265,136,160,296,323,43,364,315,41,349,239,34,273,25,99,125,27,103,133,25,83,109,48,313,361,63,304,370,50,296,354,73,116,195,62,109,175,52,71,127,168,11,176,157,7,162,134,15,150,133,45,175,132,51,176,114,36,155,40,23,62,34,25,52,32,15,49,1155,873,2025,1162,896,2054,1051,807,1857
127021519,347,180,526,329,195,529,315,233,547,362,448,808,373,548,919,379,563,945,938,114,1051,955,116,1070,698,92,790,189,414,601,171,486,657,163,464,621,291,838,1122,292,769,1058,266,658,918,252,409,662,246,379,631,207,299,506,732,95,825,728,94,820,661,108,762,542,266,808,542,240,784,385,221,606,96,95,197,94,73,170,87,52,134,3746,2858,6602,3738,2903,6643,3149,2687,5836
127021520,214,121,339,211,146,354,192,129,321,293,319,612,313,408,720,337,433,767,613,98,710,519,89,607,371,70,442,121,245,357,101,252,355,79,226,308,195,489,685,204,440,647,159,388,538,164,269,437,137,265,409,113,165,277,428,83,512,404,63,471,383,68,455,337,224,563,351,229,581,234,186,421,75,44,121,64,51,114,59,33,93,2441,1904,4345,2302,1946,4255,1933,1696,3628
127021521,0,0,0,4,0,4,0,0,0,0,0,0,0,0,0,0,0,0,0,0,0,5,0,5,4,0,9,0,0,0,0,0,0,0,0,0,0,4,4,0,0,3,0,0,0,0,0,0,0,0,0,0,0,0,0,0,0,0,0,0,0,5,0,0,0,0,0,0,0,0,0,0,0,0,0,0,0,0,0,0,0,8,4,11,12,0,14,8,4,15
127031522,442,195,638,422,234,661,456,255,715,469,614,1085,515,689,1200,534,788,1325,763,101,871,793,102,892,654,101,761,167,380,554,192,442,634,186,451,641,299,824,1114,328,796,1114,261,700,961,218,357,576,249,399,647,235,335,566,484,78,564,556,94,647,523,95,624,375,211,585,447,211,657,371,168,539,82,42,127,86,60,153,80,55,132,3304,2804,6106,3577,3016,6594,3302,2966,6266
127031523,567,312,882,767,376,1138,788,485,1265,610,741,1356,754,1020,1772,853,1224,2079,1038,158,1196,1078,151,1233,967,140,1105,202,431,635,251,527,773,232,535,762,338,1162,1505,385,1171,1553,430,1136,1566,300,443,740,325,465,794,276,403,683,602,61,660,624,74,696,585,97,687,374,183,555,436,202,634,382,220,600,79,50,135,108,81,182,98,69,166,4115,3539,7650,4716,4078,8791,4627,4306,8926
127031524,794,394,1187,862,431,1292,932,521,1453,969,1115,2088,1046,1285,2334,1136,1481,2610,1311,174,1484,1315,180,1499,1165,182,1350,847,621,1469,624,714,1338,686,704,1387,496,1488,1973,473,1461,1942,414,1398,1810,290,491,784,321,558,881,292,442,733,549,65,620,595,77,674,546,95,634,355,170,532,461,205,665,397,161,560,100,71,172,106,69,175,105,79,179,5716,4583,10303,5808,4990,10795,5676,5056,10734
127031599,134,74,212,151,81,229,146,73,222,140,201,338,165,227,388,160,270,432,500,60,562,494,54,545,363,53,417,112,229,346,125,295,420,104,271,372,140,374,519,128,340,460,123,297,420,116,196,311,102,205,310,96,141,244,422,48,468,407,75,484,384,84,463,317,161,481,321,160,483,262,144,404,57,47,106,66,35,99,61,41,101,1953,1391,3346,1961,1466,3427,1711,1374,3080
127031601,39,14,52,60,25,89,75,45,119,71,107,176,158,185,337,171,210,382,216,35,244,244,38,284,194,39,240,42,76,122,63,150,211,95,173,274,71,103,174,95,161,252,89,163,248,34,48,77,72,68,142,57,90,150,160,22,183,218,22,245,224,36,257,165,87,253,202,107,314,196,107,302,20,13,38,29,21,51,32,20,55,821,500,1320,1147,789,1935,1146,876,2018
127031730,18,7,27,89,34,121,453,253,709,8,18,29,113,135,250,769,870,1636,21,0,22,105,18,127,419,89,511,3,0,4,34,59,91,194,384,574,9,28,33,46,105,146,272,553,824,10,7,19,41,59,99,177,237,411,23,0,26,88,11,101,341,77,417,17,6,19,52,27,78,224,145,369,5,5,7,17,12,24,50,53,110,107,72,177,585,465,1047,2902,2657,5564
127031731,147,85,234,206,90,297,310,185,496,326,333,662,379,435,817,666,736,1404,612,68,680,588,77,664,560,119,678,155,215,376,189,351,545,302,550,858,161,347,509,196,366,564,333,558,892,115,180,293,155,223,376,213,268,482,403,57,455,446,62,509,607,154,762,320,191,511,404,190,594,402,249,652,68,43,110,68,55,125,91,73,162,2298,1512,3819,2629,1850,4481,3489,2891,6380
127031732,168,86,254,178,103,276,182,111,296,228,278,503,221,328,547,277,336,614,643,73,720,616,78,692,438,58,489,132,232,369,157,300,448,163,343,505,160,409,570,144,359,504,153,340,498,112,230,346,128,243,377,108,210,318,364,71,432,437,76,510,386,91,479,329,238,563,348,204,552,274,201,475,83,45,130,83,49,131,69,44,116,2224,1661,3887,2302,1736,4038,2052,1735,3787
127031733,415,241,656,455,254,707,408,261,671,528,713,1238,558,721,1280,591,869,1457,812,123,931,751,106,863,664,114,776,174,342,517,189,457,648,177,453,627,361,956,1312,360,862,1216,346,784,1132,238,322,558,237,375,612,219,368,587,643,88,734,677,118,789,629,141,766,371,224,593,424,224,654,370,192,563,96,74,172,100,75,171,66,70,139,3647,3071,6719,3740,3201,6945,3472,3246,6719
128011529,925,442,1358,962,515,1475,1041,675,1715,922,1198,2122,948,1239,2185,1021,1486,2509,1101,137,1241,1098,145,1246,1132,153,1290,281,547,833,312,685,994,283,618,901,351,1283,1629,309,1231,1544,337,1162,1494,334,512,850,359,540,904,313,438,751,251,17,275,261,15,275,248,31,274,305,137,441,324,123,441,310,115,425,82,52,133,72,66,140,76,52,128,4545,4330,8880,4648,4558,9211,4766,4714,9481
128011530,729,366,1096,723,465,1197,999,626,1626,822,1030,1853,877,1147,2030,1070,1499,2565,1006,140,1150,1007,137,1148,1080,168,1252,334,553,888,318,632,954,345,718,1059,359,1163,1519,363,1058,1420,353,1124,1481,347,565,910,365,548,922,354,562,915,380,35,415,384,31,415,368,45,411,397,173,564,363,171,528,404,187,587,86,63,155,89,60,155,90,77,167,4457,4088,8545,4494,4268,8759,5066,4998,10072
128011531,801,350,1161,838,433,1268,897,518,1415,715,826,1538,706,878,1581,733,962,1694,711,125,837,723,135,850,694,121,823,200,382,577,183,408,592,165,402,571,314,1023,1339,299,902,1200,284,863,1144,313,440,748,307,429,739,301,393,693,252,25,275,291,32,319,276,31,310,267,102,369,258,115,375,257,100,358,64,58,126,79,57,131,114,66,175,3627,3337,6966,3682,3375,7067,3715,3454,7170
128011602,443,253,695,484,272,756,598,433,1040,472,740,1207,510,785,1295,588,986,1568,732,114,843,771,140,906,837,118,951,249,380,628,287,452,739,270,464,735,207,794,1006,234,710,950,221,804,1032,214,338,556,220,381,601,191,345,538,293,20,311,268,32,295,265,39,299,247,109,360,267,114,383,272,118,391,39,22,70,79,42,121,65,46,113,2903,2768,5665,3118,2929,6048,3306,3351,6656
128011603,715,272,986,740,325,1069,879,508,1387,647,710,1359,665,867,1532,684,956,1640,645,92,745,632,98,732,649,100,749,191,375,563,197,383,581,200,398,596,205,825,1022,207,774,978,214,833,1048,260,393,651,233,345,573,251,285,534,149,12,165,152,12,165,130,24,155,197,53,252,190,57,249,217,74,285,53,36,87,54,41,97,52,37,89,3064,2769,5831,3081,2895,5971,3275,3203,6484
128011604,1136,640,1771,1241,756,1999,1422,891,2307,1250,1648,2895,1339,1804,3145,1500,2018,3523,1612,203,1818,1591,209,1804,1540,219,1759,537,919,1457,535,1006,1535,465,973,1438,442,1528,1967,432,1474,1909,394,1450,1843,461,637,1101,453,653,1110,364,560,923,501,36,529,482,40,521,401,54,457,509,173,681,543,198,741,448,164,607,122,74,193,121,70,187,128,86,215,6564,5856,12415,6743,6198,12942,6666,6416,13081
128011605,218,76,299,228,96,332,257,117,372,195,212,411,206,230,439,233,309,544,150,22,173,162,23,181,161,19,184,53,76,129,61,113,176,41,96,134,59,220,274,57,223,278,43,214,258,73,88,164,70,79,150,62,73,135,22,7,23,22,8,25,29,6,37,39,17,53,62,12,71,48,14,71,8,13,20,16,7,24,9,16,26,819,739,1551,891,796,1680,898,863,1759
128011606,447,210,660,515,231,749,593,370,958,466,463,931,466,557,1026,586,744,1334,408,69,479,419,70,492,477,68,551,128,244,374,134,265,403,183,337,513,138,550,683,132,536,665,145,584,732,159,238,399,166,232,401,166,231,392,105,11,112,98,6,109,91,13,109,124,40,160,132,50,187,163,55,219,32,29,64,48,26,72,51,35,78,2001,1860,3864,2116,1978,4096,2446,2434,4881
128021533,244,140,385,280,123,396,277,164,440,272,361,634,257,393,650,303,457,754,491,73,564,502,86,584,452,68,521,119,258,376,129,236,364,125,278,403,136,482,610,120,422,539,106,428,531,112,195,306,114,187,301,113,146,253,150,13,158,128,13,141,124,11,137,157,67,228,150,62,215,152,77,227,31,7,37,22,4,24,29,19,44,1713,1581,3294,1694,1519,3213,1682,1635,3317
128021534,704,265,966,637,294,929,600,342,946,662,786,1446,619,834,1453,629,815,1441,663,102,764,641,104,744,598,91,694,156,323,475,132,297,429,141,268,410,293,917,1208,226,770,1000,205,696,905,259,401,659,244,378,626,182,246,432,215,13,224,192,18,207,160,27,176,200,82,282,233,73,300,190,62,253,70,36,100,46,48,92,46,35,75,3210,2931,6139,2970,2821,5795,2757,2585,5342
128021535,1211,497,1707,1212,556,1764,1189,654,1847,1174,1449,2625,1163,1565,2725,1128,1665,2794,1363,192,1551,1283,205,1491,1288,188,1471,340,700,1041,397,766,1165,343,692,1041,535,1749,2285,508,1561,2069,427,1463,1887,518,806,1324,492,740,1234,407,570,977,425,33,458,416,30,443,344,36,380,399,179,576,444,171,618,385,174,554,104,78,181,102,81,180,89,51,142,6063,5686,11750,6014,5672,11688,5601,5494,11099
128021536,1091,527,1621,1142,574,1715,1297,823,2121,1354,1535,2891,1415,1650,3062,1503,1855,3354,1143,176,1312,1041,176,1215,1081,157,1236,298,605,898,348,686,1033,292,633,933,482,1450,1930,427,1362,1787,407,1272,1670,377,531,902,381,519,906,373,479,851,320,22,343,307,27,333,270,32,301,373,133,501,377,124,504,340,105,440,68,46,118,90,67,157,76,59,132,5505,5016,10530,5531,5183,10712,5635,5411,11039
128021537,0,0,3,3,0,3,3,0,8,0,0,0,0,5,9,0,0,0,0,0,0,0,0,4,0,0,0,4,4,6,0,0,5,0,4,10,0,0,0,0,0,0,0,6,6,0,0,0,0,0,0,0,0,0,0,0,0,0,0,0,0,0,0,0,0,0,0,0,0,3,0,3,0,0,0,0,0,0,0,0,0,8,3,12,4,11,16,7,11,17
128021538,727,484,1205,800,556,1355,1012,711,1725,1109,1317,2421,1242,1515,2753,1582,2003,3592,1238,167,1405,1267,211,1481,1349,215,1560,362,629,993,371,778,1149,443,883,1329,444,1398,1849,477,1390,1866,484,1414,1898,378,542,916,387,532,916,363,513,876,451,36,486,441,45,482,449,40,493,426,186,611,439,195,629,463,228,692,84,67,155,118,72,189,101,74,174,5225,4824,10045,5530,5295,10828,6248,6089,12337
128021607,624,325,948,675,356,1032,761,422,1185,674,938,1614,696,1094,1785,747,1252,1999,1338,155,1491,1215,160,1380,1213,168,1380,308,615,923,325,683,1011,293,763,1060,412,1322,1738,352,1181,1533,315,1081,1394,307,475,785,274,437,716,275,388,659,374,28,398,368,26,395,303,35,335,370,139,508,375,143,517,357,159,516,70,37,104,66,45,109,65,45,113,4480,4033,8513,4345,4131,8475,4328,4305,8636
128021608,357,144,497,327,184,509,324,211,537,380,493,874,367,530,899,405,649,1054,512,55,571,498,75,569,473,65,539,142,252,399,143,256,404,122,265,387,153,587,746,143,499,651,116,437,560,118,214,331,126,220,341,110,183,286,144,5,149,119,5,127,101,9,106,147,60,207,149,51,199,152,57,201,37,11,48,27,34,63,20,4,31,1994,1820,3817,1899,1862,3762,1827,1881,3704
128021609,246,97,347,237,110,345,212,118,333,225,251,479,194,252,446,213,261,472,289,40,327,282,47,323,243,40,287,86,141,220,100,166,266,65,154,218,97,362,457,73,307,385,67,277,345,122,144,270,93,131,227,67,105,169,61,6,66,60,5,64,50,5,56,86,23,106,78,30,99,84,31,111,15,20,35,14,18,30,15,11,30,1233,1082,2308,1128,1067,2191,1023,999,2020
197979799,0,0,0,3,0,5,0,0,0,0,3,3,11,10,17,0,0,0,4,0,4,11,11,17,0,0,0,0,0,0,4,13,15,0,0,0,0,3,3,0,18,16,0,0,0,0,0,0,4,15,15,0,0,0,0,0,0,11,0,11,0,0,0,12,0,12,12,3,15,0,0,0,0,0,0,5,3,6,0,0,0,22,13,28,61,74,130,0,0,0
199999499,220,116,341,169,104,271,133,104,234,381,364,742,318,329,648,236,264,500,470,72,542,395,79,476,241,47,279,200,266,466,182,246,434,122,216,334,103,285,389,92,173,263,63,168,236,92,151,237,112,111,224,69,104,171,321,30,347,309,25,334,216,35,253,368,120,491,396,182,583,254,165,419,57,38,96,67,38,103,55,22,77,2204,1441,3653,2043,1290,3327,1388,1128,2511
201011001,365,132,496,493,218,707,672,338,1013,374,529,903,547,793,1342,838,1273,2113,497,80,582,629,113,744,909,170,1073,135,274,410,224,449,680,347,757,1106,122,471,593,166,652,819,231,898,1128,165,298,466,260,393,651,353,509,861,174,21,197,233,19,251,340,36,378,235,123,361,324,167,489,502,240,738,43,37,78,41,31,72,65,53,114,2112,1970,4084,2923,2825,5747,4257,4270,8528
201011002,498,296,792,500,265,768,559,298,859,760,1000,1763,786,1081,1871,810,1153,1959,516,126,640,443,107,549,440,109,546,165,397,566,178,412,589,228,476,706,161,524,687,133,471,606,180,490,670,226,359,580,214,306,519,205,261,463,162,17,184,149,10,162,147,20,164,254,118,372,236,114,351,227,129,351,66,42,105,47,30,81,49,32,80,2802,2878,5681,2691,2801,5491,2842,2961,5804
201011005,311,130,440,301,132,433,312,181,493,362,438,800,386,479,861,411,549,967,399,73,474,364,76,446,364,44,407,114,256,366,140,248,382,138,265,403,100,367,462,94,345,441,112,336,448,120,196,320,120,176,298,123,186,310,105,13,120,115,11,123,133,14,147,139,83,226,175,75,250,173,86,264,38,26,59,33,22,46,30,24,57,1687,1583,3270,1722,1564,3288,1801,1695,3495
201011006,162,86,252,180,107,283,275,209,487,135,228,364,170,304,480,313,586,903,400,59,457,477,68,544,728,112,838,60,198,262,107,324,429,188,569,758,69,314,381,69,352,422,145,516,660,120,219,338,159,255,407,193,362,557,202,25,231,208,30,237,316,27,344,211,119,333,251,153,407,368,215,586,28,20,49,41,34,73,48,30,79,1390,1269,2658,1673,1620,3288,2588,2620,5205
201011007,134,62,201,131,69,207,175,94,268,123,178,298,112,186,298,124,258,378,285,38,318,313,49,366,366,51,416,39,129,170,64,156,215,60,217,277,38,189,225,39,205,245,51,223,270,57,131,185,60,136,201,73,126,198,158,10,172,164,17,180,142,19,166,139,86,227,122,84,202,150,70,216,36,18,55,17,20,36,26,10,37,1009,841,1848,1035,916,1951,1166,1053,2224
201011008,316,146,463,292,151,443,346,207,558,298,498,795,303,485,789,309,566,874,828,143,977,790,145,934,878,166,1046,135,429,566,170,485,653,224,730,950,197,548,748,156,532,686,192,574,762,207,396,603,232,391,623,246,430,671,430,50,481,398,31,430,452,38,487,515,348,864,506,343,853,561,351,909,67,46,110,53,42,98,66,41,102,3001,2605,5605,2898,2607,5504,3269,3089,6361
201011481,234,136,369,226,138,364,280,202,486,301,413,712,316,479,797,367,543,910,539,89,629,530,119,647,543,128,672,124,336,458,153,390,545,165,469,627,101,399,500,104,381,484,125,380,504,143,281,416,147,245,391,128,229,364,210,22,235,192,11,206,210,18,229,255,168,424,228,178,406,268,160,427,48,36,94,34,18,49,41,24,66,1954,1885,3836,1928,1954,3885,2135,2150,4288
201011482,540,242,785,562,258,814,624,376,1000,668,905,1577,702,973,1671,822,1197,2023,796,150,940,759,151,909,807,155,963,199,435,641,238,530,768,277,618,890,214,729,938,169,722,889,217,728,943,247,420,665,255,398,652,243,344,589,278,37,313,259,25,287,252,31,282,345,191,535,376,167,543,388,205,592,53,50,104,66,39,107,52,47,96,3332,3153,6484,3377,3268,6647,3681,3684,7370
201011483,282,158,445,323,168,489,362,215,574,515,616,1131,503,676,1184,621,811,1431,643,127,776,590,125,716,613,146,753,168,429,594,198,531,734,261,623,884,167,487,657,161,470,635,177,544,722,194,311,506,170,363,532,228,324,551,210,32,243,216,20,237,249,36,284,303,175,475,305,173,479,344,198,541,51,29,79,49,26,76,48,30,78,2532,2368,4905,2522,2550,5073,2894,2920,5823
201011484,183,121,303,215,127,338,219,164,386,282,384,672,217,387,600,279,458,742,769,125,890,719,123,841,765,142,907,132,465,600,175,583,759,214,673,883,141,474,618,125,417,542,137,467,603,197,421,617,226,420,642,197,400,594,349,49,396,321,36,359,352,43,389,462,283,745,458,303,758,435,299,726,63,51,117,57,30,83,66,35,106,2583,2367,4945,2506,2415,4920,2653,2676,5327
201021009,244,141,388,234,147,382,286,192,476,145,229,377,156,273,432,175,350,520,392,78,465,378,74,449,454,80,536,76,170,251,86,203,285,94,256,356,63,315,386,70,298,365,77,321,403,70,147,220,70,125,193,75,145,219,252,20,273,217,21,241,233,19,253,183,73,262,201,96,297,243,110,352,26,23,50,35,26,57,36,23,61,1463,1202,2664,1445,1256,2696,1680,1501,3182
201021010,350,166,522,360,193,547,388,207,597,205,299,501,190,310,499,228,394,624,463,73,536,450,103,556,467,90,557,81,218,295,84,258,336,83,302,386,78,314,391,78,298,375,78,285,358,78,174,255,78,171,250,78,167,245,186,18,208,173,21,192,185,24,206,229,160,390,226,136,363,251,157,407,35,31,61,27,24,49,26,20,44,1698,1466,3164,1657,1508,3172,1774,1650,3430
201021011,397,253,654,435,267,696,545,373,912,338,476,820,336,486,822,469,565,1035,420,89,513,446,101,551,501,131,633,132,307,438,145,337,487,157,364,520,81,281,365,90,300,391,92,304,398,99,192,287,85,171,259,115,147,264,159,10,169,152,16,166,142,18,157,260,160,423,251,202,457,251,200,448,48,31,78,45,20,63,48,46,96,1939,1800,3737,1987,1900,3888,2325,2148,4470
201021012,322,135,455,316,132,448,369,182,551,178,256,427,166,270,440,196,381,578,364,59,417,368,65,435,421,84,503,66,155,223,75,197,271,84,220,310,60,280,339,55,283,341,61,319,380,49,126,176,57,141,204,86,143,223,219,15,237,185,15,202,219,13,236,164,108,270,174,105,279,210,120,332,23,17,40,32,23,51,44,19,64,1433,1153,2585,1421,1233,2659,1692,1488,3179
201031013,245,108,352,211,111,325,210,108,321,42,94,133,48,87,133,61,106,172,127,41,176,117,30,143,131,40,167,24,87,108,41,90,129,43,113,153,18,90,114,18,103,120,14,107,125,21,44,65,21,46,65,40,53,90,83,11,90,88,11,95,106,5,110,130,66,200,98,73,177,114,67,182,14,12,28,12,11,18,18,18,34,714,548,1261,653,549,1208,736,618,1348
201031014,230,107,334,226,106,332,235,131,365,70,133,193,62,132,195,70,193,256,177,49,227,172,59,233,213,50,263,40,98,138,55,124,175,65,160,226,27,134,163,23,148,172,26,166,195,33,86,113,39,88,123,41,86,124,128,4,135,136,10,146,149,17,160,116,67,191,132,88,220,152,92,242,19,16,33,18,14,33,30,15,46,849,686,1535,870,757,1631,979,903,1882
201031015,171,92,261,185,91,276,183,108,291,111,177,290,126,168,296,112,193,305,269,36,304,301,53,355,350,60,408,43,110,151,39,156,193,59,194,252,52,167,218,39,188,224,51,214,266,51,120,175,51,116,164,51,122,164,135,14,147,136,9,144,171,17,179,137,74,215,133,97,227,184,94,274,13,11,29,23,17,35,25,15,36,990,799,1785,1034,887,1921,1171,1009,2185
201031016,167,76,245,183,85,269,159,111,269,103,203,309,101,200,303,106,243,347,368,84,454,341,95,435,336,99,434,70,227,294,94,267,364,118,325,443,48,218,268,52,197,250,53,206,257,107,202,311,107,202,303,96,205,301,211,14,222,155,8,161,174,23,194,264,180,444,258,197,456,282,194,477,37,20,55,30,21,46,36,24,56,1364,1230,2597,1319,1270,2585,1357,1429,2778
201031017,253,102,351,197,87,291,205,101,306,69,155,224,63,133,198,55,139,193,257,50,308,239,54,289,256,46,303,39,145,190,51,151,204,65,221,284,38,141,176,30,126,161,33,158,194,63,137,203,59,128,188,64,120,182,126,9,136,127,16,140,144,19,171,179,108,289,216,120,337,171,128,308,20,15,36,22,11,33,29,18,47,1043,862,1907,1010,825,1844,1026,950,1982
202011018,403,224,628,329,235,567,399,274,668,574,763,1338,620,825,1444,675,1003,1678,752,148,897,681,146,824,682,143,830,173,461,637,216,507,726,288,659,943,160,556,721,159,487,649,161,521,681,220,421,645,208,375,584,221,341,558,330,58,389,277,38,316,334,47,377,489,273,764,539,296,838,525,319,841,75,43,115,54,48,106,90,45,137,3183,2950,6130,3090,2959,6053,3364,3351,6715
202011019,198,97,297,229,137,368,254,172,431,183,366,550,189,402,593,265,564,828,594,102,689,648,117,765,731,142,871,113,348,462,155,491,644,218,701,916,97,372,468,125,415,537,117,475,593,161,331,488,191,328,516,190,336,523,331,58,383,344,55,395,391,61,458,430,245,674,474,285,763,561,331,895,66,39,107,46,35,79,68,41,107,2175,1951,4124,2399,2271,4671,2801,2819,5616
202011020,479,241,717,440,244,682,482,286,761,681,866,1545,623,836,1456,691,1029,1720,616,133,754,558,133,693,608,130,741,251,483,731,256,507,753,266,537,811,227,643,870,189,554,749,208,576,788,272,437,710,273,413,684,240,329,564,237,33,270,236,37,274,255,39,291,382,210,594,366,200,564,391,261,653,49,50,94,40,43,76,52,37,89,3196,3098,6290,2975,2965,5939,3197,3217,6416
202011021,291,160,448,292,153,441,272,213,487,476,643,1121,484,680,1165,524,793,1316,468,111,574,396,91,483,434,95,529,180,383,563,197,417,612,216,457,674,121,418,539,133,398,531,127,373,497,161,358,521,157,323,478,159,310,468,145,16,165,143,11,157,176,26,201,282,140,426,272,138,412,287,173,457,47,33,83,32,17,49,33,25,62,2173,2257,4438,2102,2238,4339,2224,2465,4688
202011022,481,271,752,479,294,768,490,324,810,513,745,1259,517,826,1347,588,1018,1614,1071,176,1241,1004,205,1203,1048,227,1278,248,629,876,279,778,1061,346,958,1307,251,846,1098,226,766,990,269,821,1092,333,613,946,320,585,909,320,590,907,488,55,544,477,54,529,546,60,603,682,448,1125,790,470,1258,816,530,1350,106,54,158,81,53,139,95,51,145,4166,3838,7999,4167,4028,8201,4522,4583,9108
202011023,198,80,279,229,91,312,261,132,391,149,250,398,162,300,456,210,396,603,362,35,404,392,62,458,393,49,446,73,141,215,82,182,258,95,234,327,74,262,337,82,297,374,80,332,420,75,187,269,95,159,251,124,183,311,141,24,162,153,9,163,148,9,153,130,83,218,131,90,221,151,81,237,23,17,38,20,15,30,33,10,41,1236,1083,2319,1344,1194,2536,1490,1431,2918
202011024,368,135,502,389,158,548,487,247,732,380,515,893,490,638,1130,577,891,1470,405,63,469,447,86,531,540,102,639,118,212,333,169,294,458,243,424,666,112,419,528,138,482,622,156,561,717,153,231,387,153,272,420,171,284,452,133,16,150,156,11,164,199,20,220,180,94,273,194,98,291,290,119,411,45,21,68,25,29,52,36,23,61,1896,1703,3596,2160,2063,4220,2693,2673,5368
202011025,294,152,448,350,209,554,412,255,672,274,431,714,342,638,979,474,874,1345,652,115,767,814,147,959,925,170,1092,117,307,420,186,513,701,229,720,951,136,477,615,141,574,716,177,660,835,179,289,469,204,412,614,227,381,604,256,29,283,341,35,379,452,62,517,332,174,510,421,228,648,533,277,805,53,36,84,44,37,85,60,44,108,2302,2002,4308,2851,2791,5641,3484,3438,6926
202021026,309,152,465,338,182,521,416,231,650,256,353,609,265,447,713,298,546,846,402,70,478,459,81,534,568,107,682,88,186,274,108,259,362,132,364,490,72,342,415,86,364,448,108,447,551,88,190,282,99,205,306,131,241,368,193,22,208,218,24,247,238,29,267,188,110,299,218,112,331,279,132,410,29,27,58,33,22,51,52,28,80,1639,1448,3089,1820,1702,3518,2223,2122,4350
202021027,288,177,462,289,186,477,311,268,574,373,523,899,426,638,1063,566,827,1392,419,96,521,399,114,519,471,113,582,125,312,436,155,340,495,189,381,564,91,331,427,79,300,385,114,334,448,109,215,322,111,223,330,115,194,306,176,28,205,160,11,172,157,12,166,305,229,537,330,214,545,268,177,447,50,24,78,32,24,56,30,41,72,1946,1945,3894,1990,2051,4044,2209,2349,4557
202021028,404,242,655,366,254,621,410,296,706,302,424,726,307,461,767,380,581,958,442,101,544,447,103,554,513,124,637,120,261,383,126,255,385,133,311,443,70,299,376,74,287,355,83,321,400,91,172,266,93,168,259,104,177,280,188,20,208,163,13,178,211,12,225,293,180,473,299,158,460,278,162,438,41,21,61,39,26,62,43,28,71,1959,1717,3679,1924,1725,3648,2151,2011,4162
202021029,164,99,264,151,78,229,194,115,311,79,102,182,78,133,215,108,192,297,199,42,246,226,44,269,273,48,317,40,95,140,48,117,164,52,147,202,42,111,158,31,139,172,40,173,210,42,101,140,41,106,151,37,106,141,120,10,136,152,13,165,164,13,177,122,74,192,114,76,185,141,93,234,12,21,30,11,7,25,31,21,53,824,660,1486,852,723,1575,1039,907,1948
202021030,359,200,564,401,236,638,524,365,887,309,424,734,352,497,853,486,672,1157,584,140,721,531,132,656,552,126,677,127,283,407,147,354,507,158,397,553,82,390,477,102,382,481,123,396,522,127,213,346,122,193,316,128,241,371,216,14,225,197,21,220,188,14,202,310,214,522,327,225,551,318,203,524,43,37,78,41,28,66,48,34,82,2161,1914,4070,2216,2073,4293,2526,2457,4980
202021031,279,170,449,293,189,490,422,261,685,371,442,813,388,505,890,479,657,1138,379,72,457,357,87,441,367,95,463,109,228,337,122,260,377,140,291,436,94,300,397,80,254,337,106,280,388,92,174,270,105,143,253,91,148,238,115,9,122,99,0,107,102,10,113,139,90,226,154,67,225,169,79,252,39,20,62,32,21,51,27,28,53,1620,1502,3127,1632,1534,3165,1902,1862,3764
202031032,259,128,386,249,125,371,250,143,389,92,155,245,85,188,271,93,207,301,273,59,328,281,43,322,338,62,399,46,106,154,48,104,147,51,179,234,45,205,247,40,205,244,41,214,252,37,102,140,51,119,172,53,117,174,151,22,176,148,19,164,181,22,203,141,100,236,147,95,244,136,110,248,29,14,42,26,12,34,21,16,36,1062,889,1950,1070,905,1976,1160,1066,2230
202031033,700,307,1010,633,293,922,631,291,919,75,196,273,66,206,275,67,246,312,214,54,268,187,51,236,219,51,268,29,187,213,40,175,214,49,216,263,40,190,228,32,187,217,40,197,232,48,106,153,50,97,150,47,123,166,159,18,172,167,22,189,190,27,215,254,110,367,253,136,389,272,167,436,32,16,44,25,25,48,29,28,59,1540,1188,2730,1450,1188,2637,1539,1342,2879
203011034,203,98,301,251,122,371,305,165,471,133,223,350,190,285,479,222,414,635,394,69,459,476,93,569,603,106,708,76,182,253,89,254,343,130,373,507,55,244,298,72,324,396,92,416,511,65,161,228,103,207,312,112,232,346,157,9,161,200,16,212,256,29,288,166,69,231,206,88,297,251,112,358,25,18,40,38,14,49,47,22,70,1264,1064,2330,1627,1409,3034,2017,1877,3891
203011035,345,152,492,388,179,565,411,218,629,156,252,409,171,320,488,226,440,669,460,86,544,480,102,579,653,111,760,60,217,280,77,265,349,102,342,447,53,290,341,58,288,349,73,348,419,76,134,213,70,143,214,90,175,266,256,29,277,269,25,287,293,40,331,222,156,379,248,145,398,275,179,461,53,20,71,41,22,65,39,21,60,1681,1333,3013,1799,1495,3292,2155,1879,4043
203011036,362,173,533,373,186,557,441,223,657,210,287,504,200,291,490,242,413,650,392,79,468,377,76,449,449,108,560,64,179,240,63,203,263,104,268,370,51,229,276,50,238,283,47,260,310,58,160,220,86,145,232,85,158,246,176,11,186,170,10,180,177,15,194,151,102,251,183,115,299,203,137,340,37,36,69,29,13,49,20,34,52,1492,1255,2747,1527,1284,2809,1763,1611,3371
203021037,373,224,601,373,258,631,435,323,754,615,807,1422,629,885,1514,804,1243,2042,871,140,1016,795,157,945,906,172,1073,217,490,713,260,555,814,306,698,1004,209,633,841,215,604,817,227,610,827,235,442,676,273,441,715,235,370,608,276,34,308,287,27,315,341,46,385,412,209,620,419,202,620,438,220,657,65,46,116,60,49,111,71,53,123,3278,3030,6311,3303,3183,6480,3756,3726,7480
203021039,416,227,642,464,304,767,510,361,872,704,928,1626,708,1004,1716,851,1196,2045,743,163,903,634,166,802,726,196,922,197,480,672,246,527,771,300,610,911,198,552,752,184,586,767,201,622,829,207,352,556,230,338,575,211,349,554,261,38,299,234,35,265,234,40,270,345,170,517,391,161,550,381,206,588,64,63,131,55,46,97,74,53,122,3139,2964,6104,3137,3162,6307,3495,3631,7121
203021040,624,341,969,660,381,1048,897,608,1500,875,1258,2138,946,1465,2414,1238,1908,3145,1206,235,1440,1155,256,1408,1285,261,1545,306,757,1067,364,873,1235,394,996,1389,287,924,1212,296,930,1231,342,1008,1353,335,600,941,364,579,940,351,560,912,484,61,543,459,48,504,463,85,549,549,284,834,544,257,800,599,298,893,114,76,190,79,48,128,106,77,185,4776,4540,9321,4864,4841,9705,5665,5801,11470
203021042,934,355,1289,995,415,1403,1129,620,1748,1198,1393,2590,1337,1640,2976,1581,2109,3687,975,178,1158,1016,215,1231,1104,243,1349,281,684,964,404,840,1239,509,1045,1557,285,1011,1302,300,1035,1334,340,1077,1416,479,691,1168,517,756,1273,522,674,1193,277,38,317,294,41,338,395,57,454,427,187,618,488,208,692,527,272,800,111,79,187,68,57,120,105,71,172,4973,4622,9592,5416,5195,10613,6222,6156,12375
203021043,555,260,812,603,271,868,679,397,1075,472,664,1133,518,811,1331,656,1101,1759,1111,189,1299,1113,233,1341,1382,258,1645,245,518,763,313,735,1049,389,919,1311,225,856,1081,233,838,1070,276,960,1237,213,522,730,252,609,859,248,573,818,576,80,661,643,88,732,772,148,917,490,260,747,605,290,898,654,336,987,105,67,168,112,69,185,119,69,185,3981,3416,7393,4383,3950,8335,5169,4763,9936
203021044,307,128,434,388,216,607,403,264,667,291,440,734,342,585,927,390,785,1180,803,130,939,820,166,982,913,182,1090,144,427,572,228,634,860,240,685,919,132,566,697,159,661,821,180,632,804,181,369,549,211,438,647,238,403,643,318,27,344,346,29,374,379,42,417,321,169,483,458,194,647,409,231,635,52,50,95,40,33,76,69,44,113,2543,2304,4851,2988,2949,5938,3205,3260,6464
203021045,290,140,434,234,171,401,266,221,482,256,382,639,239,412,647,307,557,868,1006,165,1169,887,198,1092,952,199,1154,171,610,785,219,675,895,256,838,1094,172,573,747,156,505,662,156,525,685,191,501,693,234,427,661,247,421,670,603,74,676,471,57,523,519,78,601,603,421,1027,594,389,983,597,381,983,78,62,139,55,35,96,76,35,116,3371,2935,6306,3084,2872,5955,3385,3263,6647
203021046,492,224,712,509,282,787,577,343,919,731,779,1508,761,852,1615,798,1011,1811,436,92,528,370,97,466,402,102,503,154,297,459,180,397,580,181,376,561,120,466,584,147,441,592,123,467,588,187,280,469,171,256,431,190,251,443,146,10,163,111,9,119,133,22,150,196,75,269,190,62,258,235,82,316,57,37,94,37,27,67,47,33,79,2516,2262,4781,2480,2433,4908,2694,2673,5376
203021047,337,217,555,368,224,588,427,300,723,395,523,920,439,634,1071,579,820,1392,882,145,1025,795,169,963,904,196,1098,153,450,604,218,528,752,260,661,923,180,592,772,179,567,755,217,618,832,182,393,569,227,422,653,224,423,653,447,75,520,433,62,497,489,70,564,484,312,796,447,292,745,496,334,831,81,45,126,73,56,129,89,58,154,3142,2751,5894,3184,2953,6141,3683,3485,7170
203021485,52,26,76,90,76,168,310,238,544,55,89,140,139,218,356,507,785,1288,108,25,133,253,38,294,686,172,853,22,55,76,68,182,250,257,650,909,24,86,107,50,153,211,180,471,652,24,36,63,60,94,159,207,298,508,31,4,41,88,6,94,270,37,311,51,21,72,104,57,162,355,158,511,11,3,16,18,7,22,39,38,72,371,354,724,867,835,1708,2808,2837,5648
203021486,257,157,415,259,172,440,286,225,516,233,294,523,197,319,519,284,410,693,938,184,1122,798,144,941,940,179,1122,172,631,806,193,650,843,222,830,1056,160,477,640,154,454,609,160,498,655,199,580,786,202,520,721,198,462,667,748,118,865,692,103,799,777,169,944,753,543,1300,787,522,1308,856,558,1417,97,60,155,92,55,144,133,65,194,3563,3052,6610,3365,2939,6311,3860,3395,7257
203021487,528,264,798,568,295,859,794,510,1301,678,909,1589,803,1086,1888,1166,1640,2810,1283,218,1504,1245,236,1479,1600,310,1912,315,766,1083,356,867,1222,540,1289,1824,258,947,1205,242,935,1168,359,1108,1466,393,643,1036,408,721,1127,481,795,1275,459,57,516,455,59,513,620,92,710,523,285,813,590,296,883,748,390,1141,100,58,159,74,49,130,111,71,184,4538,4150,8689,4739,4532,9275,6423,6205,12627
203021488,72,46,122,71,58,131,99,74,170,60,113,176,79,122,206,98,164,264,346,75,417,328,56,392,399,67,465,73,211,284,95,300,397,111,421,534,65,153,218,58,176,235,76,171,248,70,187,252,82,181,261,100,188,287,307,44,357,260,44,305,396,83,474,346,253,594,336,194,528,316,264,581,59,36,90,38,21,63,50,32,81,1402,1120,2520,1355,1167,2521,1642,1463,3106
203031048,347,168,512,361,222,580,468,343,808,333,491,826,377,588,967,496,897,1391,844,142,985,861,152,1013,1077,202,1271,154,489,641,192,607,801,277,799,1082,120,578,699,150,561,711,184,683,872,169,344,519,191,391,575,256,486,736,305,28,333,315,30,346,411,48,458,358,196,555,366,211,585,530,279,809,47,33,84,54,35,96,69,58,128,2680,2468,5143,2870,2810,5683,3771,3796,7564
203031049,242,138,383,243,152,399,354,218,573,216,270,484,221,320,538,352,446,793,313,57,377,317,67,387,336,50,380,62,142,205,86,166,244,109,215,325,30,168,200,36,190,228,58,221,278,73,142,206,73,117,191,75,156,224,52,5,49,51,3,50,35,3,39,139,78,216,127,78,204,123,82,200,20,15,34,18,16,36,32,20,53,1146,1007,2158,1167,1106,2276,1473,1401,2879
203031051,174,86,261,182,113,292,296,207,507,141,216,355,163,252,410,281,394,675,321,53,369,329,51,381,434,94,533,68,161,226,79,219,298,111,338,443,59,220,279,64,241,311,94,362,456,81,122,203,94,144,237,110,169,283,125,14,137,133,13,146,175,14,197,173,87,264,163,85,252,210,115,327,38,34,68,22,26,51,51,31,77,1176,994,2174,1228,1149,2377,1756,1727,3485
203031052,182,110,295,146,107,255,222,169,393,200,233,436,218,239,453,287,350,641,152,38,198,147,33,182,205,50,262,47,109,155,38,107,145,62,163,227,54,141,194,38,140,182,51,211,263,45,78,126,47,56,108,76,88,159,42,3,44,36,6,42,32,4,34,67,26,100,70,30,106,96,42,132,18,18,33,23,12,37,31,24,56,818,763,1578,767,731,1499,1066,1105,2169
203031053,757,341,1096,898,457,1351,1297,830,2132,901,1124,2024,1043,1444,2489,1513,2186,3701,965,135,1091,1057,171,1225,1385,218,1606,257,507,767,340,669,1011,503,936,1442,172,737,912,196,837,1036,263,1062,1325,280,441,716,325,514,842,411,582,991,193,18,210,197,14,217,232,28,264,345,143,487,396,167,563,548,204,749,84,69,148,83,66,149,98,78,174,3944,3512,7455,4537,4335,8876,6248,6132,12382
203031489,199,115,313,350,183,531,548,305,860,281,344,625,431,588,1016,652,904,1551,275,38,314,499,79,578,633,147,774,67,131,194,152,291,442,263,556,817,48,162,211,96,348,443,145,518,664,56,111,172,160,188,346,199,285,482,53,0,56,83,6,88,179,37,213,75,30,106,140,64,206,265,123,387,21,18,44,34,24,62,40,31,73,1078,956,2035,1945,1767,3713,2925,2902,5828
203031490,538,285,824,583,336,916,826,568,1398,679,922,1599,756,1108,1865,1003,1539,2543,948,178,1126,984,193,1178,1111,254,1368,229,577,807,277,641,917,365,799,1164,176,648,825,178,702,881,229,836,1067,245,370,611,250,400,651,285,464,747,210,23,230,216,21,241,223,34,261,328,159,486,352,166,515,402,183,585,83,54,137,74,39,112,71,67,142,3436,3211,6643,3678,3601,7276,4531,4747,9277
204011054,323,179,500,300,173,473,335,217,559,133,264,393,109,229,339,147,262,407,359,66,424,369,67,441,396,86,481,110,231,343,116,222,340,106,264,372,40,242,280,48,247,294,52,259,317,67,127,195,65,140,205,69,136,204,155,5,166,150,11,164,181,21,202,205,144,344,200,146,342,218,153,368,42,32,72,35,19,56,31,19,51,1433,1292,2718,1402,1247,2647,1536,1423,2957
204011055,407,200,615,377,211,589,391,258,651,123,252,370,126,278,407,143,304,445,266,80,357,269,82,358,320,91,412,54,166,226,67,205,267,59,227,288,37,199,235,35,193,227,52,227,280,69,135,199,68,122,192,79,123,200,177,14,191,151,12,164,146,15,163,212,138,349,226,137,368,224,174,400,33,17,54,31,16,45,36,20,60,1384,1199,2588,1361,1255,2617,1453,1438,2888
204011056,405,190,591,429,243,667,446,333,785,278,454,732,273,534,803,368,707,1076,819,165,981,897,170,1072,1108,193,1308,168,392,561,180,529,715,221,658,872,152,632,781,152,622,775,164,728,895,142,290,426,182,385,571,188,368,555,492,40,531,535,45,578,608,73,681,399,254,653,486,276,766,560,319,876,67,53,117,67,35,104,103,75,176,2912,2464,5379,3208,2838,6048,3770,3447,7214
204011057,435,278,719,438,262,698,554,330,880,223,332,554,217,377,595,258,500,758,564,106,663,534,116,651,655,128,775,127,300,426,141,305,445,188,413,603,45,325,376,60,316,378,63,401,465,127,246,372,143,241,383,146,282,432,221,11,232,187,17,208,245,20,267,268,195,458,262,229,486,274,243,518,48,23,74,40,29,71,44,46,86,2051,1822,3873,2021,1890,3912,2423,2360,4785
204011058,235,108,346,253,119,371,282,133,418,74,119,190,69,147,220,87,185,276,182,43,226,207,55,263,248,68,316,43,105,148,49,123,175,60,178,236,29,137,169,28,144,168,41,168,209,29,60,87,33,86,113,32,85,113,109,7,113,98,7,104,113,10,117,151,113,261,184,130,318,196,123,317,20,18,38,21,9,28,27,21,42,876,694,1575,938,825,1766,1093,958,2047
204011059,165,91,260,159,72,225,189,120,305,127,188,316,101,172,276,128,188,311,319,70,391,309,79,386,327,80,414,110,207,317,97,233,336,110,296,408,78,239,318,70,213,287,75,224,302,90,210,308,90,175,262,88,175,261,172,8,183,175,8,182,166,17,186,263,186,452,274,193,465,265,199,463,37,19,56,23,14,39,28,21,47,1364,1237,2597,1295,1164,2457,1377,1316,2687
204011060,287,117,405,319,117,432,332,137,473,143,155,299,126,154,280,137,211,351,196,42,247,212,58,266,259,47,307,267,133,403,259,146,401,276,192,467,39,172,214,53,174,226,36,208,251,36,80,117,43,68,113,42,79,118,153,15,173,161,16,175,184,27,212,119,69,188,136,80,216,128,106,234,31,13,42,30,11,40,30,20,47,1286,796,2082,1332,818,2152,1433,1031,2465
204011061,0,8,10,6,3,4,0,3,3,5,5,3,0,7,3,12,7,14,14,3,16,13,5,14,14,5,21,3,12,9,0,4,7,4,6,9,0,5,8,3,4,7,0,10,8,0,3,3,0,5,4,0,5,5,8,0,8,9,0,6,3,0,4,10,9,19,0,8,9,11,8,15,0,0,0,3,0,3,0,0,0,41,33,78,36,29,69,43,38,83
204011062,234,106,342,201,92,292,240,130,367,82,151,228,77,143,218,105,166,267,182,38,223,189,58,248,243,63,301,36,108,144,27,115,148,46,129,183,23,110,132,30,108,136,28,140,165,36,66,104,39,62,104,34,73,111,94,9,99,84,7,92,107,11,120,137,65,205,128,62,197,141,75,214,17,12,27,19,10,32,27,10,34,839,665,1502,799,663,1463,964,800,1760
204021063,338,178,514,307,176,481,324,180,505,254,389,641,216,415,629,238,486,731,563,116,681,524,108,630,561,102,668,119,345,467,112,396,511,131,499,625,110,393,503,99,337,435,103,372,479,148,306,451,142,248,391,140,228,371,330,28,355,281,24,306,290,48,336,370,236,607,322,222,542,389,236,625,60,44,97,38,28,62,66,41,101,2287,2023,4313,2037,1954,3992,2241,2201,4437
204021064,328,171,500,283,157,438,301,185,489,95,166,261,75,164,238,79,181,257,197,45,244,202,50,253,224,59,280,33,119,152,40,103,143,33,126,169,25,121,146,29,155,186,25,126,152,31,66,99,37,69,106,40,73,109,98,14,115,99,4,100,116,20,129,131,73,205,126,73,203,135,93,228,23,10,28,14,23,36,20,12,36,967,787,1755,911,794,1703,977,877,1858
204021065,207,106,321,190,105,293,207,121,331,87,156,246,74,170,245,90,190,280,183,46,226,215,42,255,216,61,276,35,112,144,44,128,173,47,157,199,27,160,194,29,171,190,27,159,182,36,84,118,39,84,125,31,93,123,116,12,129,115,9,132,131,18,148,228,114,343,204,125,326,186,116,301,18,10,31,17,12,27,22,13,38,940,809,1751,920,843,1761,963,923,1881
204021066,525,292,813,527,273,802,580,367,943,502,810,1308,516,938,1457,577,1121,1698,963,191,1151,925,156,1087,1026,213,1238,242,619,855,274,754,1032,349,963,1307,176,783,967,193,758,954,195,765,960,337,596,931,337,581,919,307,577,886,576,77,657,487,64,547,536,72,612,599,336,944,606,364,961,721,415,1133,101,66,164,74,36,111,90,54,145,4018,3774,7787,3934,3930,7863,4376,4552,8934
204021067,732,380,1112,723,380,1101,732,408,1139,281,526,803,250,540,797,260,608,870,523,119,639,567,119,685,598,127,723,99,345,441,120,359,480,131,417,548,74,395,466,82,381,461,85,389,478,138,230,368,100,217,317,115,224,342,315,31,353,289,34,322,287,27,314,349,172,527,351,170,517,402,216,616,47,33,78,40,33,71,34,47,85,2561,2229,4794,2521,2232,4755,2650,2467,5110
204031068,184,121,301,190,142,333,239,158,400,199,291,492,184,335,522,221,403,625,192,40,234,202,53,251,218,60,279,78,139,213,99,178,282,93,213,306,36,120,158,44,127,169,37,152,191,45,124,167,56,94,147,49,109,157,79,10,90,67,10,83,76,6,83,133,81,209,114,71,178,146,89,236,23,16,41,18,17,31,26,16,38,971,931,1904,971,1028,1996,1101,1203,2309
204031069,459,295,750,433,305,733,504,379,880,220,326,551,217,328,539,316,478,798,482,98,576,479,93,570,529,139,664,143,269,413,151,292,446,215,329,542,53,270,325,56,286,338,65,290,355,112,221,333,105,213,317,107,219,322,196,13,215,173,19,193,155,22,180,213,189,404,270,221,493,281,211,491,30,23,51,39,22,54,49,29,79,1915,1701,3615,1903,1774,3681,2217,2098,4318
204031070,132,89,227,118,85,205,148,92,240,83,141,227,77,151,227,62,173,235,198,45,246,194,46,235,213,43,262,33,102,132,38,125,160,39,156,192,38,143,180,32,152,186,38,146,182,42,89,133,40,91,136,38,99,134,125,8,139,135,14,148,132,20,147,122,49,180,137,59,192,100,71,164,9,7,19,20,13,29,16,15,29,785,692,1475,784,741,1528,789,811,1600
204031071,209,118,325,183,115,296,220,134,351,90,163,251,97,178,274,109,215,328,256,66,320,253,68,322,265,62,332,35,155,189,50,179,234,65,212,280,25,161,191,23,157,187,35,192,225,62,146,205,60,154,211,76,128,207,177,24,201,184,27,211,161,29,188,183,92,277,167,106,277,200,131,325,25,15,37,26,10,34,22,17,40,1068,931,2004,1045,999,2042,1157,1113,2275
204031072,529,282,810,460,253,715,470,281,749,121,231,354,133,244,378,129,269,398,321,70,392,314,52,365,290,64,357,58,170,226,63,175,234,73,212,289,46,236,288,33,218,248,44,236,274,53,96,146,70,101,172,67,90,153,165,18,188,160,20,181,173,18,193,168,111,280,188,125,319,228,135,362,29,21,45,25,21,45,37,31,64,1501,1235,2731,1443,1210,2655,1505,1332,2834
204031073,497,236,728,499,264,761,496,288,782,467,661,1131,403,685,1090,381,742,1128,886,171,1064,877,146,1025,889,168,1054,218,544,759,238,658,894,215,779,996,218,820,1045,181,740,921,185,719,902,226,515,746,231,518,747,251,481,734,562,50,616,496,42,535,546,48,597,521,287,809,542,316,856,578,331,910,74,53,128,80,41,119,72,53,127,3671,3352,7023,3557,3404,6956,3618,3613,7225
204031075,290,144,438,276,146,421,350,184,530,152,282,434,151,294,444,194,392,583,277,55,328,274,55,328,315,55,369,44,156,200,48,166,213,74,175,243,42,220,255,38,221,255,46,227,272,72,110,183,61,103,161,72,100,180,141,24,164,126,9,144,144,17,158,131,82,209,154,88,244,133,105,239,30,17,51,21,13,34,18,30,49,1171,1090,2258,1143,1106,2245,1339,1287,2625
204031491,333,125,457,400,181,576,550,293,847,256,352,608,338,526,862,506,868,1377,690,85,776,852,107,960,1008,136,1144,184,218,398,254,374,626,311,728,1040,97,361,459,127,453,577,147,654,804,121,213,334,162,279,439,189,319,510,156,24,177,245,21,265,374,55,430,188,81,268,226,114,342,339,148,485,72,25,92,47,30,79,62,39,108,2086,1485,3576,2651,2081,4729,3498,3253,6750
204031492,368,184,556,359,217,573,361,265,626,396,592,989,407,606,1014,390,691,1081,845,182,1030,861,176,1037,892,166,1063,192,507,694,220,660,877,271,709,985,155,635,796,167,626,795,143,584,727,231,434,669,231,464,699,228,419,645,539,47,589,533,38,574,510,72,576,556,295,853,542,299,844,546,338,887,68,51,125,70,31,108,73,50,122,3354,2937,6291,3393,3118,6508,3412,3293,6707
205011076,535,246,781,586,306,889,673,401,1065,308,507,815,352,624,973,428,884,1308,907,152,1057,996,181,1175,1314,236,1549,104,480,583,144,581,726,215,902,1114,136,539,674,144,604,744,185,830,1019,184,339,521,196,402,598,249,505,753,475,40,518,528,47,576,626,75,704,519,350,872,607,370,980,753,420,1171,69,42,107,73,53,130,94,72,169,3240,2700,5937,3622,3157,6780,4530,4325,8864
205011077,387,232,618,381,210,599,397,233,631,147,271,416,155,265,414,158,318,472,405,73,485,366,82,449,440,89,533,59,200,257,70,188,259,84,243,322,50,260,310,42,246,287,50,275,323,59,103,169,56,96,160,74,124,205,188,11,196,175,19,196,183,22,200,222,130,351,209,127,341,223,145,364,37,20,55,32,16,47,34,17,55,1552,1302,2852,1495,1257,2748,1645,1466,3106
205011078,396,198,598,388,182,570,394,246,643,202,339,544,170,371,541,212,413,622,494,82,577,471,96,572,481,102,587,74,239,318,86,297,386,111,368,481,57,325,378,64,313,380,73,354,427,75,170,245,91,189,275,113,196,307,241,17,259,238,21,252,270,21,290,242,142,388,254,153,405,317,149,466,33,22,55,33,21,55,34,17,53,1810,1543,3356,1787,1649,3432,2001,1879,3869
205011079,787,364,1153,763,396,1162,896,515,1414,613,876,1491,631,975,1612,876,1389,2274,1000,187,1185,1124,198,1318,1336,233,1572,180,536,721,223,711,935,326,1023,1355,152,742,896,199,795,984,243,1010,1260,249,450,703,264,454,720,313,526,841,434,53,488,419,37,459,558,67,620,587,358,945,655,378,1032,806,539,1342,98,55,151,72,57,128,97,74,172,4099,3627,7724,4353,4003,8351,5461,5373,10836
205021080,0,0,0,0,0,0,0,0,0,0,0,0,0,0,0,0,0,0,0,0,0,0,0,0,0,0,0,0,0,0,0,0,0,0,0,0,0,0,0,0,0,0,0,0,0,0,0,0,0,0,0,0,0,0,0,0,0,0,0,0,0,0,0,0,0,0,0,0,0,0,0,0,0,0,0,0,0,0,0,0,0,0,0,0,0,0,0,0,0,0
205021081,451,223,667,420,210,624,437,236,677,319,535,856,305,584,890,378,684,1056,724,119,845,717,147,865,779,149,929,148,459,604,160,585,748,192,727,918,120,524,648,130,520,653,141,587,725,269,408,677,285,397,683,295,387,678,329,37,365,343,23,361,381,38,415,445,294,736,466,341,805,572,375,940,73,40,114,54,39,96,68,63,131,2872,2642,5512,2887,2842,5731,3233,3239,6475
205021082,436,248,682,444,237,680,477,298,769,171,307,475,159,265,424,164,353,512,417,86,501,419,95,515,487,86,574,92,239,331,89,282,375,96,360,457,66,306,375,57,315,371,63,315,382,66,189,257,77,187,260,92,176,261,262,18,276,242,22,264,260,33,293,299,168,469,313,202,518,329,198,523,39,20,62,41,23,58,70,44,107,1842,1579,3423,1844,1634,3481,2036,1851,3888
205021083,0,0,0,0,0,0,0,0,0,0,0,0,0,0,0,0,0,0,0,0,0,0,0,0,0,0,0,0,0,0,0,0,0,0,0,0,0,0,0,0,0,0,0,0,0,0,0,0,0,0,0,0,0,0,0,0,0,0,0,0,0,0,0,0,0,0,0,0,0,0,0,0,0,0,0,0,0,0,0,0,0,0,0,0,0,0,0,0,0,0
205021084,291,199,490,296,181,477,333,231,560,204,282,482,170,323,499,212,384,596,491,91,588,444,82,526,478,79,561,115,325,437,111,376,487,150,452,601,61,351,409,88,315,398,74,356,427,129,230,363,148,225,367,133,221,353,148,9,164,142,13,154,180,11,190,325,196,520,287,187,472,334,198,533,55,27,78,37,31,63,56,42,100,1820,1711,3526,1722,1732,3457,1951,1973,3919
205021085,348,213,563,336,180,514,337,211,542,143,246,385,120,207,331,135,237,370,253,80,335,219,58,282,227,44,273,84,249,332,75,213,281,95,241,338,34,194,232,28,187,214,34,196,227,57,115,165,62,108,165,46,120,169,192,11,207,138,14,148,161,16,169,235,132,372,196,129,326,225,153,374,23,20,46,23,17,40,35,18,52,1380,1263,2637,1190,1116,2303,1283,1232,2515
205021086,181,107,288,182,97,281,199,140,341,119,215,331,125,235,358,166,290,456,275,37,315,263,49,315,282,54,337,65,186,253,80,212,296,88,264,351,40,194,235,39,187,225,46,231,279,80,133,209,86,137,215,90,156,242,80,4,91,107,11,117,120,8,129,148,77,223,149,89,239,155,97,254,21,15,32,25,10,38,25,18,43,1011,966,1980,1059,1021,2087,1172,1259,2431
205031087,659,367,1030,576,361,933,608,358,965,190,280,466,137,305,444,233,399,638,361,100,456,374,99,478,412,101,510,66,242,306,64,247,310,96,323,418,44,256,304,54,265,321,59,296,352,81,198,282,86,164,250,105,175,277,205,14,217,192,18,208,158,19,178,334,189,527,328,184,508,339,187,531,40,28,66,28,29,55,54,46,100,1983,1686,3668,1841,1666,3510,2074,1901,3973
205031088,19,8,29,9,10,22,16,6,22,5,9,11,7,4,5,0,5,8,0,0,0,0,0,0,0,0,0,0,0,0,0,0,0,0,4,4,0,0,0,0,0,0,0,3,0,0,0,0,0,0,0,0,0,3,0,0,0,3,0,3,4,0,4,0,4,6,4,3,7,3,0,4,0,0,0,0,0,0,0,3,4,29,22,56,22,25,50,31,26,57
205031089,527,285,812,492,258,754,540,303,844,195,303,504,167,310,472,205,418,625,547,112,667,515,120,636,619,140,766,73,286,360,75,336,411,94,416,514,60,371,430,65,354,416,71,416,486,116,235,349,103,255,357,124,239,363,318,31,347,331,22,350,311,31,340,296,186,485,324,209,533,342,220,559,51,25,75,45,37,78,55,43,104,2182,1837,4020,2114,1898,4009,2375,2225,4596
205031090,627,325,953,585,330,912,589,318,909,300,463,763,264,465,726,310,593,900,664,120,789,618,124,745,672,119,787,71,324,396,117,358,476,135,440,573,85,450,540,86,431,523,78,458,536,154,329,482,151,300,449,145,312,452,330,34,361,313,21,341,317,22,333,354,193,547,363,199,565,367,208,575,59,45,103,31,30,59,48,45,94,2643,2290,4931,2530,2258,4784,2657,2512,5165
205031091,329,203,528,317,212,528,466,339,802,263,344,607,248,394,641,430,609,1035,690,118,809,660,115,772,790,156,946,129,306,430,156,374,531,212,520,735,65,338,401,59,349,414,84,472,557,148,284,428,157,319,481,191,360,553,159,14,172,136,15,153,150,17,174,295,190,487,273,188,461,368,256,622,42,32,70,50,24,76,61,45,109,2122,1820,3936,2060,1990,4049,2756,2778,5536
205031092,0,0,0,0,0,0,0,0,0,6,0,5,0,0,0,0,5,4,0,0,0,0,0,0,0,0,0,0,0,0,0,4,4,0,0,0,0,0,0,0,0,0,0,0,0,0,0,0,0,0,0,0,0,0,0,0,0,0,0,0,0,0,0,0,0,0,0,0,0,0,0,0,0,0,0,0,0,0,0,0,0,3,5,6,7,4,8,5,8,8
205031093,770,431,1208,795,457,1252,956,613,1571,447,693,1144,464,798,1260,703,1235,1940,1186,188,1370,1141,218,1357,1440,267,1711,191,626,815,235,773,1015,338,1040,1378,122,699,825,141,704,845,204,951,1155,292,543,831,345,607,954,438,676,1113,479,34,514,445,37,483,539,48,585,849,378,1225,711,380,1084,753,427,1175,115,75,184,88,54,141,138,85,226,4451,3667,8111,4366,4033,8397,5506,5338,10846
205041094,396,199,597,363,195,554,355,257,613,326,467,798,260,489,749,258,548,805,873,120,995,788,104,890,772,134,897,103,383,487,121,410,531,168,502,663,98,586,690,101,530,638,113,540,661,138,363,505,146,348,494,147,287,433,368,16,390,374,20,397,383,31,416,361,194,552,304,210,516,343,207,550,69,33,104,53,40,95,55,42,98,2740,2359,5099,2509,2348,4860,2593,2555,5145
205041095,315,180,494,253,181,430,311,221,528,290,462,751,247,513,759,277,522,801,1119,147,1267,1033,146,1178,1037,174,1206,144,566,718,182,651,834,208,776,985,169,652,821,156,606,765,154,690,847,185,498,688,224,469,692,212,415,628,442,25,470,431,20,452,444,37,476,533,282,812,546,283,831,553,314,865,97,61,156,85,55,135,86,70,155,3286,2886,6171,3163,2924,6087,3279,3215,6498
205041096,230,132,360,228,130,357,204,151,357,224,345,573,195,326,523,206,327,536,756,87,842,631,89,718,602,113,713,128,425,550,141,424,568,170,526,696,153,482,636,148,439,586,181,449,629,178,395,566,166,376,548,186,344,532,406,32,436,382,26,413,367,33,402,490,263,750,414,259,678,433,307,737,81,52,129,55,29,87,77,39,118,2644,2199,4843,2369,2103,4469,2428,2288,4720
205041098,141,81,226,134,71,207,142,87,227,82,180,267,79,190,268,72,226,299,388,41,426,360,49,408,408,49,450,36,177,214,47,181,226,64,215,278,28,231,262,40,225,266,44,250,294,64,142,202,57,142,200,48,123,166,227,9,234,219,8,229,216,23,240,164,83,248,178,64,245,182,101,278,39,19,57,22,15,41,21,20,39,1162,977,2133,1130,955,2087,1185,1091,2279
205041493,311,158,471,334,162,500,301,223,520,296,491,784,279,434,713,364,575,941,744,86,830,676,110,785,718,118,833,115,340,461,133,428,560,174,503,672,126,543,672,123,540,661,146,560,708,167,369,535,161,358,514,193,361,554,354,25,377,327,22,347,334,30,363,350,159,506,352,168,515,384,181,571,65,50,110,63,40,100,63,41,104,2523,2221,4745,2450,2258,4702,2679,2593,5271
205041494,468,226,699,458,255,713,483,312,794,529,811,1340,555,917,1472,625,1149,1778,1160,176,1335,1060,176,1237,1058,196,1250,162,513,671,199,585,776,226,720,947,168,885,1056,187,889,1075,243,998,1244,215,500,714,206,454,661,282,436,715,473,33,502,437,25,458,452,42,497,489,214,707,507,195,699,529,242,768,83,65,147,63,42,108,87,55,146,3758,3422,7176,3669,3537,7208,3985,4163,8143
205051099,4,3,5,3,3,9,6,0,8,0,0,0,0,0,0,0,0,0,0,0,0,0,0,0,0,0,0,0,0,0,0,0,0,0,0,0,0,0,0,0,0,0,0,0,0,0,0,0,0,0,0,0,0,0,0,0,0,0,0,0,0,0,0,0,0,5,3,3,4,0,0,3,0,0,0,0,0,0,0,0,0,9,5,15,9,3,15,5,5,13
205051100,224,113,335,226,102,329,261,167,430,94,146,237,102,154,251,188,235,418,259,31,292,239,40,277,264,46,317,48,113,157,51,123,176,69,186,250,33,146,177,27,134,162,22,157,177,40,94,136,32,99,138,49,91,144,87,6,97,86,5,88,111,13,115,112,62,175,122,86,201,110,72,188,18,10,27,29,14,38,33,16,51,918,715,1632,915,756,1669,1106,991,2092
205051101,648,353,1004,624,358,984,576,349,921,271,528,802,239,577,816,264,663,931,894,148,1038,907,167,1069,933,206,1140,152,483,634,153,534,690,194,656,853,99,493,593,83,557,642,72,552,632,113,353,467,136,309,444,148,320,470,487,24,507,514,38,549,507,48,553,487,241,726,475,298,769,530,305,830,60,28,87,62,31,98,70,54,128,3216,2650,5865,3190,2870,6062,3299,3147,6450
205051102,302,176,478,264,185,449,265,165,428,80,151,225,69,158,231,56,167,226,238,38,276,234,53,288,254,59,312,25,115,142,34,133,168,47,154,200,23,157,179,29,148,178,24,147,169,37,102,142,46,89,139,50,99,143,141,10,158,156,8,166,121,13,139,139,94,225,140,73,213,149,104,248,20,17,29,11,15,24,20,15,38,1008,849,1854,987,857,1850,986,925,1906
205051103,444,236,684,458,242,698,505,290,798,517,693,1211,501,744,1240,601,827,1426,896,152,1050,842,146,983,783,147,931,228,510,732,242,545,785,279,725,1008,183,609,794,144,519,663,142,534,677,202,451,649,205,427,634,224,389,615,285,19,309,265,24,289,278,28,307,434,256,685,463,299,757,426,264,690,82,34,114,64,40,105,72,45,114,3260,2967,6230,3173,2981,6154,3315,3250,6565
205051104,357,206,564,304,189,491,315,170,489,83,168,246,80,184,265,85,191,276,266,47,320,239,47,285,247,50,299,38,155,189,54,175,223,60,208,263,31,170,197,25,158,187,28,161,180,52,96,145,54,117,173,53,112,163,164,8,170,151,10,160,150,21,168,216,141,357,191,130,319,198,136,335,35,19,55,26,11,36,36,20,58,1234,1008,2248,1116,1028,2140,1160,1077,2238
206011106,357,316,675,506,433,947,672,680,1349,877,1109,1986,1223,1502,2731,1675,2198,3872,350,92,450,415,137,554,458,162,623,146,256,405,249,408,654,265,455,722,233,464,703,252,538,791,322,624,947,155,194,348,215,291,503,200,254,456,73,10,78,98,17,111,123,25,145,115,73,187,177,98,274,198,87,286,59,56,112,52,40,94,67,49,113,2371,2567,4936,3180,3471,6654,3985,4528,8513
206011107,461,341,802,522,385,911,626,560,1187,1075,1342,2415,1190,1404,2592,1416,1853,3274,586,128,715,589,182,765,590,191,781,245,414,659,273,491,765,329,577,900,355,730,1089,299,709,999,345,724,1074,234,317,548,227,352,576,248,286,537,224,20,248,199,20,223,210,45,256,299,111,408,282,142,427,312,139,455,101,63,163,64,64,126,59,59,120,3575,3469,7047,3630,3753,7387,4143,4433,8573
206011109,392,222,609,430,232,659,541,383,926,551,660,1215,623,789,1416,743,1024,1767,479,90,569,473,90,565,488,84,576,141,245,382,161,285,447,157,339,500,236,539,777,227,563,788,257,557,813,196,268,461,205,284,490,230,271,499,158,20,175,133,15,149,140,27,162,204,84,283,187,76,267,199,82,280,69,43,112,34,34,69,59,40,94,2431,2170,4597,2481,2370,4850,2817,2803,5621
206011495,376,332,709,493,448,946,587,562,1145,1077,1257,2330,1291,1530,2817,1554,1911,3464,432,132,563,492,142,636,477,180,658,215,331,543,303,456,756,289,499,785,315,550,871,322,528,853,349,556,905,172,270,447,258,297,556,203,265,470,175,25,197,153,14,166,135,26,161,267,116,380,264,138,403,254,104,358,91,76,169,71,42,113,69,47,113,3112,3100,6211,3638,3602,7244,3917,4154,8070
206011496,395,383,777,541,516,1060,629,645,1277,1332,1525,2856,1579,1735,3312,1771,2101,3870,428,139,567,492,164,655,447,189,637,238,383,621,285,530,816,322,457,785,313,592,905,332,588,927,350,584,932,213,277,486,226,316,541,199,271,469,127,10,140,110,25,133,122,19,146,181,99,282,222,88,308,223,74,303,82,62,147,60,52,117,63,55,117,3316,3465,6775,3852,4014,7868,4134,4394,8526
206011497,377,255,634,452,323,774,498,446,945,837,964,1795,996,1196,2188,1129,1476,2605,521,119,638,562,135,695,513,163,671,212,331,539,250,403,656,270,482,761,253,546,801,292,547,836,280,542,821,197,274,473,219,326,547,231,298,528,208,24,235,231,33,271,185,32,215,254,119,372,318,134,452,241,123,363,71,49,118,54,40,95,60,52,114,2930,2680,5606,3373,3137,6511,3408,3615,7020
206011498,434,306,744,541,383,929,617,485,1104,842,1047,1891,978,1234,2214,1169,1480,2648,681,124,802,610,122,734,640,143,782,178,337,517,235,392,629,281,436,718,297,699,997,285,608,894,278,642,923,235,294,525,244,347,592,237,355,591,242,23,269,217,14,229,181,29,209,310,131,442,293,124,412,280,137,412,98,57,150,55,59,115,90,48,136,3321,3021,6341,3456,3280,6739,3769,3760,7530
206021110,388,256,644,453,360,813,454,410,863,760,943,1707,869,1001,1867,955,1201,2159,353,83,436,306,86,399,315,90,401,145,209,355,165,277,439,158,276,443,211,427,637,197,420,609,180,400,586,125,179,307,155,221,380,136,194,327,87,8,96,94,16,108,87,13,101,137,57,188,163,62,219,152,69,219,58,54,116,44,35,84,35,39,78,2277,2223,4499,2442,2477,4923,2473,2691,5160
206021112,599,495,1095,713,651,1364,903,836,1742,1395,1639,3035,1528,2039,3571,1853,2471,4325,791,187,979,728,225,959,730,226,953,281,565,848,355,641,995,403,653,1052,447,895,1340,390,818,1205,378,848,1225,300,396,705,321,445,768,298,379,672,283,39,321,239,29,267,247,37,290,361,190,545,392,159,553,365,166,528,109,91,199,72,58,130,80,63,143,4557,4506,9062,4729,5075,9810,5256,5671,10928
206021499,531,487,1013,702,559,1260,776,720,1495,1413,1690,3103,1461,1860,3325,1732,2175,3906,508,119,631,488,149,635,500,148,651,238,366,597,268,477,739,265,489,757,288,679,964,265,689,947,288,601,886,223,313,536,236,331,569,218,276,497,144,27,170,126,13,139,126,28,152,207,93,300,196,93,296,219,81,300,71,78,153,67,52,119,62,55,112,3622,3848,7475,3804,4223,8030,4185,4569,8753
206021500,387,323,706,432,411,849,527,555,1082,943,1155,2097,1006,1382,2392,1232,1570,2804,300,84,380,322,101,424,330,137,464,170,278,449,173,342,515,188,328,515,195,451,649,197,408,609,207,432,639,138,160,300,185,204,388,140,179,319,94,13,105,83,12,93,90,16,114,123,56,179,134,56,190,154,62,213,62,55,115,52,36,86,33,54,92,2407,2579,4987,2588,2957,5540,2903,3336,6242
206031113,599,405,1001,674,533,1208,855,620,1473,1030,1216,2253,1216,1466,2682,1336,1656,2995,504,112,615,472,123,593,504,121,624,250,406,655,323,459,782,280,476,759,344,764,1108,316,688,1001,332,674,998,235,306,543,260,336,598,238,319,557,197,24,216,197,19,214,212,27,239,269,110,380,280,133,414,292,126,423,91,61,156,68,54,119,56,72,131,3512,3414,6925,3808,3800,7606,4110,4097,8200
206031115,284,229,516,319,243,564,357,322,679,744,830,1571,817,934,1752,874,1042,1910,271,68,342,216,72,288,230,75,313,157,250,407,182,330,509,206,306,514,230,386,611,221,375,595,194,380,573,111,139,251,160,212,373,126,180,299,116,12,131,141,13,156,139,9,154,158,102,257,189,115,306,201,130,326,61,49,110,47,37,82,55,46,99,2131,2076,4207,2288,2341,4630,2377,2492,4867
206031116,709,441,1150,803,520,1324,936,730,1666,1038,1235,2275,1154,1352,2508,1613,1827,3438,548,123,669,567,117,679,612,151,760,253,344,602,267,410,673,290,507,800,348,814,1161,324,791,1113,399,890,1288,293,379,669,285,386,673,292,414,708,157,16,169,164,19,180,169,27,195,236,101,343,226,109,330,316,113,431,82,66,145,52,53,107,86,61,145,3662,3512,7175,3828,3767,7597,4715,4721,9434
206031501,718,359,1077,821,473,1293,971,563,1528,934,1133,2067,1072,1298,2374,1136,1436,2572,621,96,717,715,124,841,703,132,828,223,366,589,310,486,801,271,481,749,336,947,1292,337,946,1285,383,978,1357,314,467,777,382,544,929,306,477,784,195,26,219,189,25,213,211,37,250,262,84,351,307,101,403,349,137,490,103,70,169,93,62,156,94,79,172,3702,3541,7249,4225,4062,8291,4414,4321,8733
206031502,572,280,851,610,396,1004,698,485,1182,859,936,1797,936,1129,2069,1108,1337,2444,456,79,535,463,86,549,513,95,609,212,293,504,219,372,593,232,425,663,271,748,1023,281,724,1004,303,744,1037,217,341,555,216,314,535,217,309,527,141,12,147,167,14,183,146,30,177,230,85,308,250,107,352,246,120,363,59,57,111,61,46,102,54,63,115,3007,2832,5838,3192,3195,6386,3513,3606,7121
206041117,293,264,553,396,320,722,432,425,857,1193,1234,2422,1309,1315,2627,1816,1788,3606,262,97,363,303,125,427,423,206,630,270,406,675,337,525,861,410,723,1135,235,462,696,267,464,724,313,565,881,168,288,457,220,354,572,303,382,688,87,10,95,102,17,126,214,39,250,161,85,241,234,125,360,339,217,556,57,43,99,51,37,89,79,71,154,2718,2892,5606,3214,3285,6507,4329,4416,8749
206041118,475,248,722,723,415,1138,971,557,1529,751,528,1277,1461,927,2389,2279,1706,3990,145,48,191,265,108,369,448,197,644,103,121,219,156,283,440,310,418,724,166,329,497,233,450,686,382,698,1080,141,133,276,209,258,464,300,332,634,33,9,43,66,7,75,187,38,224,48,29,75,145,72,219,249,190,437,45,41,85,65,52,122,101,74,176,1906,1476,3376,3329,2570,5895,5228,4215,9438
206041119,312,223,537,334,259,594,334,277,617,794,735,1533,725,731,1463,782,731,1514,94,36,136,80,34,113,81,34,115,79,106,183,104,114,221,73,119,193,129,301,431,107,246,351,105,238,341,84,91,171,77,84,159,88,68,154,17,4,23,12,4,17,17,9,28,35,13,41,42,17,55,51,22,69,36,33,68,26,21,48,27,27,52,1578,1540,3122,1516,1510,3030,1555,1522,3078
206041120,4,0,3,6,8,7,4,5,11,11,17,27,9,0,10,15,8,27,0,0,0,3,0,4,4,6,4,0,3,0,0,0,3,0,0,0,6,9,9,0,3,3,0,5,4,0,4,4,6,0,4,3,6,6,3,0,3,0,0,0,6,0,6,4,0,4,0,0,4,5,0,10,0,0,0,0,0,0,0,4,4,24,32,58,21,20,37,40,24,65
206041121,486,393,877,526,429,951,560,564,1119,1136,1243,2377,1283,1430,2711,1339,1511,2852,329,87,411,304,99,407,334,103,436,211,304,509,228,326,553,183,322,501,265,562,831,264,538,805,297,492,789,162,186,346,180,243,424,160,206,365,95,12,108,102,14,114,131,25,153,133,63,197,161,79,238,168,97,264,72,60,126,53,42,93,39,47,83,2889,2906,5793,3096,3202,6295,3209,3357,6567
206041124,155,125,284,207,150,353,223,176,399,620,589,1209,708,755,1465,779,794,1574,93,37,131,116,47,165,175,72,242,125,252,380,182,311,494,201,382,587,125,240,366,124,262,391,174,256,431,105,144,248,110,174,284,115,205,319,28,7,32,35,8,42,57,11,70,90,64,155,147,115,265,165,125,290,36,31,67,28,23,57,33,27,62,1380,1490,2873,1657,1843,3501,1934,2040,3980
206041125,331,269,602,363,301,658,412,327,741,852,760,1610,779,763,1536,843,904,1750,122,38,161,129,55,179,124,45,170,106,121,222,89,120,214,100,126,231,163,295,460,129,266,390,148,265,413,104,140,245,99,155,259,115,111,225,17,5,21,21,0,26,20,8,20,39,19,56,45,19,66,58,27,86,49,27,75,33,18,52,44,35,76,1786,1668,3453,1678,1698,3383,1857,1853,3717
206041127,0,0,0,0,0,0,0,0,0,0,0,0,0,0,0,0,0,0,0,0,0,0,0,0,0,0,0,0,0,0,0,0,0,0,0,0,0,0,0,0,0,0,0,0,0,0,0,0,0,0,0,0,0,0,0,0,0,0,0,0,0,0,0,0,0,0,0,0,0,0,0,0,0,0,0,0,0,0,0,0,0,0,0,0,0,0,0,0,0,0
206041503,296,240,534,411,263,673,466,298,766,821,599,1419,914,715,1633,1121,940,2069,210,65,279,306,117,421,321,176,500,164,240,404,217,444,658,226,490,719,147,270,414,175,277,455,262,386,647,109,178,289,185,234,419,195,221,422,22,3,22,51,7,57,127,30,153,101,48,152,271,132,403,252,216,468,59,40,102,45,41,86,67,51,122,1931,1686,3618,2579,2226,4801,3042,2813,5855
206041504,163,114,282,243,186,428,419,356,776,607,437,1044,865,672,1535,1559,1467,3029,126,50,182,334,128,457,667,339,1010,110,167,275,254,491,747,483,1082,1569,107,174,284,196,268,466,399,565,968,70,123,195,154,299,448,363,597,962,19,0,19,39,0,43,215,63,277,72,29,97,257,148,408,495,344,840,42,27,60,42,50,94,103,88,190,1324,1122,2443,2379,2243,4623,4713,4895,9608
206041505,278,206,486,437,304,739,618,463,1077,800,581,1376,1221,895,2119,1909,1557,3462,221,98,317,477,191,671,704,344,1048,188,252,434,326,616,940,441,934,1376,194,300,493,243,404,641,411,640,1042,108,161,265,212,330,533,320,412,733,31,6,40,82,13,96,236,51,289,98,50,149,360,226,585,485,374,866,64,38,102,47,52,105,138,97,230,1982,1690,3670,3403,3020,6425,5262,4867,10129
206041506,401,322,728,454,414,865,606,505,1118,1277,1223,2496,1464,1490,2953,1865,2006,3873,308,104,413,332,120,452,413,185,598,228,345,574,298,488,790,308,599,906,279,474,755,280,508,790,344,611,951,196,270,473,238,357,597,247,293,532,121,9,130,128,13,139,195,31,224,164,83,252,216,132,348,300,170,471,69,46,118,69,44,121,65,72,140,3043,2894,5933,3478,3578,7050,4338,4474,8813
206041507,0,0,5,0,0,0,0,0,0,0,0,0,0,0,0,0,0,0,0,0,0,0,0,0,0,0,0,0,0,0,0,0,0,0,0,0,0,0,0,0,0,0,0,0,0,0,0,0,0,0,0,0,0,0,0,0,0,0,0,0,0,0,0,0,0,0,0,0,0,0,0,0,0,0,0,0,0,0,0,0,0,6,0,4,0,0,4,0,0,0
206041508,337,188,519,465,242,708,455,281,735,607,442,1047,735,638,1368,869,738,1607,114,33,147,189,59,251,197,77,271,92,104,196,164,185,347,148,257,404,123,224,345,159,255,419,185,318,504,86,105,194,117,144,265,122,134,256,25,0,32,23,12,34,90,20,105,48,23,69,75,36,114,130,99,223,42,31,72,46,41,86,48,32,77,1469,1149,2617,1979,1610,3582,2244,1950,4190
206041509,440,270,704,704,477,1183,930,673,1606,1001,830,1829,1451,1264,2713,2320,2040,4359,227,68,292,394,149,541,607,252,852,169,166,330,314,437,746,460,696,1161,204,401,603,317,537,850,548,827,1373,136,171,308,281,292,571,348,397,740,23,3,25,67,12,84,204,31,239,52,30,85,187,119,307,408,368,770,46,34,81,65,66,126,122,94,216,2298,1976,4275,3780,3340,7119,5953,5371,11320
206041510,186,127,317,216,175,396,356,310,660,398,337,737,620,516,1131,1043,887,1930,129,38,164,196,70,262,280,121,400,54,106,155,122,175,296,160,309,466,95,158,252,148,202,349,235,319,554,78,71,146,91,117,206,129,164,299,12,0,19,42,8,48,101,21,123,59,24,79,96,59,153,182,136,322,26,11,34,22,33,57,47,42,85,1041,876,1907,1554,1348,2898,2526,2305,4829
206051128,1098,681,1781,1086,802,1885,1170,874,2050,1698,1618,3318,1681,1573,3256,1762,1766,3531,320,108,430,316,93,410,361,126,491,217,287,505,215,289,506,227,365,593,295,705,1001,301,682,979,288,673,964,252,317,571,287,320,608,286,315,603,63,3,70,74,4,77,109,12,120,119,49,169,153,54,210,171,94,268,108,80,185,86,66,148,93,70,166,4175,3853,8029,4197,3885,8083,4477,4308,8791
206051129,906,772,1676,915,816,1731,982,882,1863,1719,1935,3654,1597,2044,3642,1501,2110,3607,599,162,764,571,162,738,546,164,713,272,501,776,302,545,842,279,519,798,294,817,1109,301,762,1065,275,673,949,319,436,757,329,411,739,327,388,715,82,12,94,101,9,115,117,22,137,182,54,243,184,64,255,225,70,299,100,84,189,82,64,146,80,62,144,4480,4775,9255,4383,4887,9273,4332,4888,9222
206051130,1151,808,1960,1259,949,2204,1199,1006,2201,1489,1552,3039,1511,1670,3177,1462,1739,3195,413,110,529,462,138,594,443,124,570,203,318,517,222,351,571,251,384,636,273,811,1081,294,820,1116,287,785,1070,319,360,683,315,394,710,260,328,586,110,14,127,137,15,152,142,20,165,147,59,208,208,63,268,215,76,286,112,97,206,75,56,138,92,81,175,4212,4130,8340,4484,4448,8932,4337,4536,8873
206051134,791,643,1436,839,702,1543,920,881,1801,1754,1866,3620,1755,1934,3687,1715,2096,3814,695,203,902,696,211,905,665,225,894,358,547,909,362,615,977,332,604,935,499,861,1358,414,793,1212,363,743,1109,379,434,814,379,506,884,328,361,687,169,21,188,140,17,158,179,29,208,297,106,402,277,127,401,303,130,428,116,76,189,96,58,151,84,66,148,5058,4762,9820,4961,4960,9926,4893,5134,10030
206051511,10,5,13,13,6,16,137,112,248,14,13,28,7,10,18,226,191,419,8,0,8,8,3,6,97,18,114,3,4,3,0,6,6,51,62,108,5,6,10,0,0,3,45,106,150,4,0,8,0,0,4,48,51,90,0,0,0,3,0,3,31,9,33,4,0,3,0,0,0,32,18,51,0,0,0,0,0,0,13,10,27,45,34,74,42,26,69,678,563,1241
206051512,625,451,1076,682,588,1271,799,632,1427,1098,1067,2170,1255,1200,2458,1372,1336,2707,230,78,308,281,95,370,292,104,396,133,201,333,181,264,451,203,299,497,227,456,680,268,512,778,249,532,780,177,196,368,190,227,410,169,233,404,56,3,63,54,4,59,71,15,85,82,44,129,108,55,159,143,75,221,64,43,107,56,39,97,63,65,129,2688,2542,5231,3070,2991,6061,3362,3285,6645
206051513,537,431,973,585,541,1126,667,626,1289,1146,1179,2328,1251,1337,2589,1315,1477,2793,495,134,636,564,157,719,580,189,775,248,351,599,323,444,764,304,519,823,322,556,873,332,638,970,319,600,914,254,307,564,291,325,616,249,296,540,98,11,111,111,9,120,154,20,174,170,63,236,215,101,322,252,108,361,78,54,130,79,48,129,81,63,144,3357,3085,6442,3761,3604,7359,3913,3901,7809
206051514,703,613,1315,807,632,1440,853,728,1581,1484,1610,3092,1433,1573,3014,1500,1669,3171,516,135,656,544,142,688,523,169,693,256,364,623,298,462,761,306,499,803,320,674,995,326,637,962,306,654,955,275,332,610,269,321,593,224,286,505,88,5,99,94,21,112,158,35,193,157,45,207,223,91,313,258,93,349,98,66,169,70,67,135,89,62,155,3898,3854,7750,4058,3950,8010,4216,4200,8415
206061135,509,340,853,553,345,896,600,493,1095,1011,990,1999,934,964,1899,1056,1216,2268,211,62,279,197,71,267,192,92,284,125,208,330,134,256,387,133,243,371,189,487,674,173,466,640,158,427,584,188,206,391,205,252,456,205,242,451,44,10,54,37,7,45,66,7,74,83,39,130,98,58,153,83,60,142,47,45,93,47,36,85,53,39,95,2416,2383,4800,2372,2454,4826,2550,2816,5367
206061136,1035,798,1825,1190,1001,2191,1337,1109,2446,2053,2106,4160,2322,2495,4819,2473,2720,5195,567,185,748,666,224,893,668,183,855,406,460,866,479,630,1114,424,635,1057,462,942,1403,469,963,1433,514,963,1474,446,443,890,528,506,1029,473,494,960,119,21,147,117,20,137,168,25,195,216,107,318,254,96,348,258,126,382,125,87,210,95,89,184,107,87,194,5423,5150,10567,6123,6026,12153,6421,6331,12757
206061138,902,542,1451,890,541,1433,939,647,1587,1414,1105,2517,1387,1169,2553,1460,1219,2677,214,95,309,215,106,321,181,76,260,180,261,445,154,277,435,142,262,402,255,574,830,232,572,803,222,531,753,268,300,564,279,344,621,252,281,539,50,6,55,32,7,38,39,14,51,90,40,124,114,49,168,96,56,150,122,103,225,98,83,181,106,79,184,3486,3025,6517,3400,3151,6549,3431,3168,6603
206061515,398,314,717,668,577,1245,814,623,1439,907,829,1745,1433,1395,2834,1707,1818,3525,177,61,238,271,109,379,305,112,417,108,152,267,221,269,483,246,333,579,182,335,518,273,526,798,278,572,851,129,163,294,271,313,587,228,297,526,16,0,18,50,10,57,84,21,106,51,18,65,123,42,158,121,57,182,46,35,75,57,57,111,69,60,132,2027,1911,3940,3363,3297,6657,3860,3903,7761
206061516,513,378,889,570,494,1070,628,534,1165,1071,1020,2088,1192,1248,2445,1318,1413,2723,207,97,302,254,73,329,244,89,332,155,223,375,210,280,481,158,262,416,203,413,620,214,468,680,221,435,658,200,230,429,242,280,519,202,233,439,49,7,57,54,9,61,45,12,57,88,36,125,106,52,158,107,79,182,47,32,80,49,42,88,58,49,110,2525,2439,4966,2890,2945,5832,2973,3111,6082
206071139,238,192,432,471,386,858,604,496,1105,563,581,1141,1085,1098,2183,1395,1336,2733,173,49,224,299,93,395,336,120,450,109,131,238,194,276,470,195,293,491,123,207,327,196,341,539,268,399,666,96,97,192,179,198,380,177,206,382,41,12,57,68,7,76,79,18,92,78,38,110,121,59,185,132,70,200,29,26,53,49,38,88,44,50,99,1447,1333,2782,2667,2507,5174,3235,2990,6223
206071140,364,330,701,407,324,731,392,394,786,1178,1254,2437,1106,1264,2369,1164,1324,2492,221,77,299,180,79,257,216,93,310,161,280,442,191,272,460,186,289,479,182,417,602,193,385,581,166,341,500,140,216,349,138,240,378,126,176,307,44,7,51,60,9,69,54,8,58,101,36,130,95,22,118,74,36,118,46,48,87,35,40,72,44,47,92,2436,2670,5106,2401,2641,5045,2421,2711,5130
206071141,274,203,483,423,321,747,566,460,1020,660,659,1316,975,1014,1996,1408,1395,2806,226,60,286,266,112,376,276,99,375,123,164,286,201,256,457,199,279,477,151,251,403,190,286,476,217,307,522,111,117,228,140,175,320,163,149,314,59,19,75,57,11,73,92,14,108,120,50,171,125,60,191,119,53,172,37,29,68,50,37,91,60,37,98,1773,1546,3320,2438,2270,4715,3102,2794,5889
206071142,417,333,750,485,413,897,555,527,1089,1094,1159,2255,1202,1207,2415,1451,1493,2949,230,90,318,232,90,317,246,106,352,158,249,409,220,305,531,199,319,518,194,355,548,162,337,496,229,334,562,140,197,336,154,223,372,142,190,330,80,10,88,77,12,85,87,13,97,124,62,189,136,66,206,132,61,196,57,40,99,58,46,101,47,45,93,2494,2487,4987,2720,2704,5421,3095,3092,6186
206071143,519,437,961,605,547,1157,698,649,1344,1464,1582,3044,1465,1725,3190,1719,2047,3762,321,151,467,334,153,483,316,118,435,210,337,538,241,421,662,211,400,614,251,536,780,253,514,765,251,499,749,179,255,435,171,256,430,161,248,414,86,10,96,72,6,82,60,17,74,117,52,173,102,53,155,129,56,183,68,37,103,67,50,110,41,60,100,3214,3398,6615,3311,3726,7037,3582,4085,7669
206071145,409,346,751,475,356,827,596,519,1111,1018,1173,2195,1100,1289,2385,1256,1491,2746,276,84,361,259,80,339,251,97,353,109,235,349,149,238,379,158,228,385,180,357,534,151,385,540,179,387,572,140,154,294,149,145,300,136,155,289,68,3,76,61,5,63,83,11,96,108,40,145,110,40,157,127,47,172,43,33,75,53,40,97,33,42,74,2350,2429,4778,2503,2584,5089,2825,2970,5796
206071517,993,788,1777,1208,952,2155,1328,1139,2465,2098,2206,4305,2280,2470,4745,2617,2876,5493,556,144,703,630,168,798,615,160,776,307,432,743,358,478,837,324,496,825,469,916,1390,446,863,1306,453,826,1283,338,437,776,368,498,866,338,395,726,105,20,125,122,15,137,112,19,134,189,86,274,210,85,296,217,91,309,93,65,161,91,65,153,103,78,178,5152,5098,10253,5719,5583,11301,6105,6082,12189
206071518,469,360,830,676,532,1209,788,687,1480,971,1037,2002,1274,1393,2663,1649,1830,3478,363,103,470,455,133,586,507,143,653,184,284,472,300,431,726,290,456,744,260,487,747,331,573,896,361,593,955,210,265,474,282,385,661,265,319,583,134,33,163,140,27,166,139,29,167,230,110,343,275,137,411,275,133,407,62,54,115,77,60,129,78,52,136,2882,2727,5614,3790,3664,7452,4357,4244,8602
207011146,420,201,613,475,231,706,532,332,865,633,624,1254,686,714,1400,735,807,1545,230,45,269,201,47,251,185,48,231,110,186,292,111,179,296,95,184,278,118,343,458,133,327,462,130,325,457,158,151,314,124,163,293,166,166,331,77,6,81,52,0,58,55,7,56,123,51,175,98,50,148,106,50,155,49,34,78,26,29,52,34,26,54,1908,1638,3548,1914,1748,3659,2032,1940,3980
207011147,830,445,1273,815,492,1305,885,574,1458,1351,1276,2631,1343,1270,2619,1445,1424,2868,363,94,450,337,96,426,306,103,413,193,371,559,195,364,559,167,373,543,290,734,1031,276,659,939,258,617,875,324,382,700,319,405,726,317,372,681,90,21,114,98,9,110,111,19,131,176,94,270,174,83,250,205,94,296,105,75,178,79,68,147,82,63,148,3719,3493,7211,3635,3443,7077,3776,3636,7414
207011148,1097,540,1638,1095,565,1662,1233,731,1963,1690,1591,3279,1635,1606,3235,1799,1755,3556,531,119,648,500,129,633,510,142,655,282,475,756,288,455,739,256,491,747,368,931,1300,347,850,1197,375,929,1310,473,505,977,456,584,1036,461,558,1017,144,16,161,128,27,151,150,21,173,234,114,354,263,127,390,303,131,428,125,87,215,100,82,179,118,84,201,4946,4378,9329,4814,4421,9236,5192,4847,10041
207011149,1267,578,1843,1276,677,1950,1372,844,2219,1959,1879,3841,2029,2028,4058,2104,2189,4292,460,137,594,423,120,545,404,140,544,270,447,718,316,520,840,301,537,842,396,1040,1435,363,933,1300,402,894,1293,396,505,898,383,528,911,380,495,867,93,17,110,91,12,107,107,24,131,213,102,308,199,103,297,213,120,336,132,81,211,80,64,145,89,73,158,5176,4779,9957,5162,4991,10149,5376,5306,10685
207011150,1066,539,1605,1096,609,1706,1165,759,1926,1634,1578,3212,1645,1676,3317,1735,1905,3640,395,110,503,374,93,468,351,112,469,189,390,577,221,359,580,243,401,647,304,851,1158,305,766,1073,287,715,1004,319,387,708,318,386,705,315,383,697,57,16,74,79,11,87,91,14,102,165,54,217,138,79,215,191,81,269,82,57,139,56,60,113,74,49,123,4210,3981,8189,4234,4035,8266,4452,4424,8873
207011152,769,494,1267,828,597,1426,926,718,1649,1519,1525,3045,1613,1730,3345,1801,2035,3833,386,111,498,374,104,476,430,130,562,215,346,555,246,432,676,247,433,680,296,694,986,298,697,995,323,721,1050,321,317,641,335,355,695,302,365,667,76,14,86,92,12,106,125,21,153,168,84,250,194,74,269,187,78,270,97,64,160,71,47,122,57,70,127,3838,3654,7492,4058,4050,8104,4405,4572,8981
207011154,340,198,543,394,217,613,411,225,641,556,618,1178,570,610,1181,605,693,1294,187,37,231,162,44,202,184,40,222,109,158,271,99,166,264,87,177,264,126,320,443,114,289,404,115,308,428,125,138,262,142,154,296,120,165,284,48,10,56,38,6,41,52,0,55,77,46,121,74,35,111,100,34,133,42,17,59,23,16,42,27,23,52,1616,1542,3161,1616,1538,3160,1692,1682,3368
207011155,1042,475,1516,1043,582,1618,1097,668,1763,1618,1536,3150,1544,1538,3081,1560,1619,3174,338,89,431,328,81,411,272,90,365,206,382,588,231,372,604,235,408,638,309,841,1151,273,716,986,248,651,897,290,421,716,316,358,675,287,391,676,51,6,54,59,8,63,93,17,110,157,63,226,128,63,184,164,78,237,109,69,175,66,47,114,70,55,126,4120,3889,8008,3978,3770,7743,4018,3980,8002
207011519,504,361,864,521,415,937,575,453,1029,1139,1148,2285,1165,1188,2358,1154,1266,2418,260,79,342,251,78,332,233,89,326,169,282,452,196,298,500,164,303,466,265,490,750,186,484,663,205,414,614,226,270,491,238,268,508,172,236,408,63,6,72,53,11,62,88,6,92,141,61,201,151,66,218,163,83,239,73,51,125,48,41,92,45,39,80,2839,2751,5590,2809,2852,5666,2788,2888,5677
207011520,567,395,961,628,505,1138,652,536,1185,1264,1134,2399,1434,1382,2819,1481,1613,3093,254,88,341,289,101,391,317,120,432,195,285,480,249,395,647,238,391,633,275,540,812,267,635,897,278,585,860,214,318,536,291,301,590,256,265,522,57,12,72,71,12,84,81,18,98,160,67,229,190,86,276,165,92,260,86,43,131,62,42,104,59,51,111,3068,2886,5958,3484,3457,6944,3526,3668,7199
207011521,661,384,1046,687,440,1131,692,476,1168,1234,1077,2313,1223,1134,2354,1291,1222,2512,232,77,307,222,73,296,228,65,295,143,262,405,193,294,489,171,270,442,202,508,707,184,503,688,230,499,723,216,310,528,230,277,511,211,257,470,42,11,49,42,3,49,55,18,72,88,53,149,92,53,148,103,63,169,63,65,130,53,44,99,69,47,118,2893,2744,5630,2932,2829,5759,3047,2913,5966
207011522,684,374,1055,750,496,1244,767,547,1310,1291,1245,2540,1323,1293,2618,1385,1422,2806,301,98,401,291,86,373,309,87,398,162,299,460,203,286,492,214,326,541,238,582,818,232,564,794,210,537,749,255,280,534,243,307,554,240,282,525,55,10,68,73,12,86,78,16,94,155,73,223,144,72,217,167,80,249,78,63,139,68,50,118,83,68,149,3212,3020,6229,3319,3171,6487,3457,3362,6819
207021156,505,228,734,500,269,776,539,360,896,615,670,1281,677,668,1347,770,832,1599,498,107,601,424,96,523,435,106,543,139,272,409,169,289,461,180,288,466,218,578,795,203,507,704,215,490,710,259,335,598,248,338,584,238,337,575,135,25,157,116,23,137,137,28,170,209,86,292,219,79,297,231,80,313,61,44,97,63,35,97,55,40,95,2640,2334,4968,2617,2311,4923,2806,2564,5371
207021157,780,392,1172,884,486,1366,1078,675,1749,1224,1185,2407,1268,1290,2563,1761,1866,3629,705,166,864,754,180,935,912,256,1164,234,459,694,266,553,822,340,760,1101,329,874,1207,386,839,1226,443,1051,1496,409,498,907,442,582,1030,472,618,1090,218,28,246,214,31,244,291,41,337,326,153,480,401,178,575,451,232,678,118,81,197,99,89,187,149,114,262,4341,3835,8179,4718,4223,8941,5893,5606,11500
207021159,1052,445,1498,990,475,1465,987,516,1497,1198,1084,2280,1099,1091,2192,1176,1145,2323,634,144,777,564,139,703,582,156,734,201,472,675,217,386,595,189,414,605,332,973,1306,272,855,1129,299,819,1118,413,602,1007,377,495,869,340,466,810,150,26,177,146,24,170,136,25,165,245,99,345,238,114,355,234,109,347,113,79,188,63,62,121,92,82,174,4339,3916,8260,3971,3634,7598,4036,3736,7764
207021160,630,309,938,656,330,979,706,387,1090,857,876,1732,849,904,1756,955,1060,2012,558,103,664,519,92,606,527,118,653,181,289,471,163,343,504,169,390,565,245,694,938,215,590,801,241,629,867,285,371,656,273,382,654,250,370,615,141,15,158,130,13,141,145,22,162,205,89,293,242,106,343,235,86,316,70,40,111,46,47,96,74,44,115,3178,2787,5969,3083,2799,5883,3300,3103,6403
207021424,745,344,1086,729,323,1054,727,398,1125,1034,942,1981,1046,933,1985,1171,1110,2278,624,114,742,547,106,657,544,137,682,180,373,550,169,410,583,195,472,668,314,818,1125,291,780,1072,284,752,1036,356,500,850,341,444,781,350,396,749,164,29,192,145,19,169,183,28,208,245,133,373,233,118,355,248,141,388,80,63,140,61,38,105,81,71,148,3731,3312,7039,3576,3172,6751,3787,3505,7284
207021425,455,274,729,547,276,824,668,387,1053,748,783,1531,787,891,1683,1018,1052,2065,646,128,772,524,143,669,542,153,693,148,349,495,188,413,602,186,517,703,236,607,841,235,584,818,284,654,928,264,343,605,274,360,639,304,373,676,153,31,181,164,25,188,204,23,230,214,118,337,257,132,390,248,157,402,61,40,104,68,39,104,84,62,143,2921,2673,5595,3049,2871,5921,3533,3377,6905
207031161,908,409,1323,1002,540,1543,1071,672,1743,1504,1575,3076,1616,1755,3370,1929,2058,3990,781,164,942,811,182,995,782,204,994,271,538,804,313,580,894,305,681,990,398,989,1387,385,1003,1383,430,1074,1509,385,501,885,397,527,923,402,519,921,239,33,269,251,29,282,278,39,323,358,167,524,393,174,567,406,225,631,98,79,174,87,61,150,114,92,206,4932,4442,9376,5250,4858,10108,5723,5573,11295
207031162,473,206,677,421,270,690,498,318,817,692,769,1458,715,821,1534,803,889,1688,455,97,554,415,89,507,425,94,524,146,297,445,143,290,433,135,313,445,177,535,715,177,470,650,199,531,731,192,267,456,195,241,428,187,254,433,140,24,161,108,18,121,160,19,181,174,85,258,185,98,285,182,103,288,41,26,70,38,22,56,46,41,91,2490,2313,4796,2387,2316,4705,2636,2555,5197
207031163,640,345,983,738,432,1172,843,573,1415,1197,1301,2500,1250,1493,2750,1654,1891,3546,742,170,912,785,185,962,961,242,1205,270,511,786,340,607,949,411,886,1293,365,804,1168,385,741,1121,446,850,1299,379,419,805,401,510,915,440,572,1008,163,18,183,176,27,200,330,48,379,323,176,501,381,229,612,548,342,888,79,82,169,98,76,172,126,105,232,4164,3832,7993,4551,4298,8852,5749,5509,11258
207031164,667,341,1012,671,405,1080,820,520,1338,1222,1348,2571,1340,1438,2777,1487,1682,3166,704,160,863,675,139,818,674,183,859,233,440,673,249,539,789,271,583,856,330,897,1224,324,803,1130,283,782,1065,311,397,709,374,415,789,327,449,771,162,22,184,187,30,217,221,24,251,299,157,453,304,154,459,343,179,531,89,53,139,89,49,135,98,75,166,4018,3817,7838,4205,3981,8190,4525,4492,9012
207031165,352,190,546,406,250,663,442,309,752,592,669,1257,667,727,1400,818,989,1803,353,76,428,340,75,416,398,103,501,155,332,483,165,434,598,196,476,674,191,471,662,191,432,627,250,483,739,184,266,446,273,315,584,304,347,649,108,11,115,121,14,137,206,32,245,216,99,319,277,118,395,302,133,440,56,35,91,44,43,89,67,49,120,2200,2150,4355,2492,2402,4895,2985,2939,5922
207031166,330,189,521,354,195,548,412,263,679,629,623,1252,601,628,1234,739,795,1534,452,89,543,392,88,485,435,102,534,107,282,387,165,288,453,130,312,439,206,482,685,200,435,639,212,432,651,204,275,478,214,280,495,190,258,444,151,38,191,116,29,145,175,36,207,236,111,348,274,125,399,301,141,442,65,38,103,47,32,82,57,30,88,2390,2115,4509,2373,2099,4476,2651,2360,5015
207031167,586,271,853,592,341,932,570,376,939,980,1015,1992,972,1067,2044,1100,1167,2267,260,69,329,250,60,310,253,67,318,134,238,371,159,260,423,156,253,415,170,549,719,185,485,664,186,476,656,224,278,501,173,240,411,171,228,401,47,6,53,73,5,75,62,9,65,111,40,156,126,53,173,137,66,205,43,32,70,27,28,58,38,36,73,2549,2500,5048,2557,2543,5097,2668,2672,5339
208011168,969,371,1340,999,444,1441,1143,577,1718,908,980,1897,938,1048,1987,973,1188,2164,436,93,531,385,83,469,403,81,484,197,323,519,170,363,536,183,383,572,198,706,907,206,673,884,222,700,919,354,425,775,310,405,717,256,381,632,64,4,73,72,10,85,72,19,90,138,41,171,156,58,210,185,72,259,94,53,147,55,36,91,76,60,131,3357,2997,6357,3302,3119,6421,3516,3459,6972
208011169,1527,778,2305,1664,892,2553,1789,1078,2865,1951,1640,3592,2011,1901,3921,2024,2024,4051,410,105,517,397,121,517,396,117,514,233,437,670,271,497,766,278,531,815,274,971,1247,291,902,1191,301,917,1222,450,504,955,449,504,956,420,490,908,79,4,81,83,11,87,102,22,119,155,51,203,185,66,251,190,68,261,178,117,292,126,92,215,131,107,235,5250,4604,9856,5469,4985,10460,5626,5357,10978
208011170,1028,481,1508,1077,535,1613,1207,737,1938,1255,1282,2534,1249,1307,2552,1288,1444,2737,439,100,537,378,84,469,409,82,494,217,354,571,205,388,591,260,408,673,217,753,969,249,696,940,263,708,966,335,425,759,315,415,732,368,376,743,85,10,101,98,17,112,92,11,106,177,63,241,138,63,204,175,77,250,77,80,161,55,47,104,69,63,130,3823,3550,7370,3771,3550,7323,4124,3911,8032
208011171,516,248,765,631,361,988,813,528,1340,673,805,1478,703,918,1618,892,1131,2025,484,101,589,470,96,564,557,119,674,144,315,463,194,341,536,177,445,621,196,578,776,209,556,764,224,604,833,208,287,498,214,319,530,258,316,573,123,22,140,111,3,114,106,22,130,172,74,245,166,77,248,196,104,301,45,44,93,33,28,59,41,36,79,2569,2473,5045,2735,2703,5438,3270,3301,6569
208011172,1086,495,1576,1228,664,1890,1347,841,2192,1261,1350,2612,1287,1465,2749,1475,1645,3125,530,106,633,485,106,598,501,113,618,225,445,668,323,499,821,294,499,791,267,813,1078,287,798,1084,296,816,1108,317,420,742,332,457,786,358,463,822,120,27,146,114,21,132,118,22,135,212,72,283,196,74,273,231,103,338,103,67,169,68,39,101,73,76,145,4112,3794,7905,4319,4122,8435,4695,4572,9273
208011173,1071,453,1523,1217,587,1803,1271,805,2080,1189,1221,2413,1254,1414,2670,1364,1533,2899,418,99,522,466,109,577,479,142,620,187,373,564,259,432,687,296,441,736,250,760,1002,243,757,998,256,774,1031,284,385,667,326,383,707,312,428,739,97,5,107,87,13,101,98,21,118,153,55,209,190,59,245,216,90,302,109,82,189,71,49,121,74,78,153,3754,3441,7195,4109,3806,7910,4365,4316,8679
208021174,1039,542,1583,1236,664,1900,1443,1002,2450,1577,1666,3249,1681,1857,3538,2095,2356,4452,865,195,1063,798,171,966,871,211,1086,276,557,833,284,663,945,373,756,1132,373,1180,1549,413,1078,1487,445,1202,1649,445,566,1015,451,549,997,502,633,1134,228,26,250,216,24,242,244,46,293,324,134,458,350,148,492,374,188,563,136,105,242,68,72,137,106,111,216,5268,4974,10246,5488,5226,10707,6466,6506,12971
208021176,724,411,1135,789,488,1279,900,664,1564,1384,1389,2773,1533,1625,3152,1856,2095,3947,689,183,871,699,173,875,693,217,910,253,437,685,259,556,809,319,631,950,421,955,1375,393,831,1228,434,903,1338,374,420,793,390,477,866,382,441,824,229,22,244,193,18,211,276,38,313,330,157,484,318,139,455,359,188,547,97,85,175,91,79,165,108,97,206,4489,4051,8537,4663,4383,9044,5325,5276,10602
208021177,1074,543,1618,1186,655,1846,1339,786,2129,1944,1903,3846,2048,2037,4088,2350,2402,4751,477,119,593,503,153,650,536,185,721,273,461,732,312,551,860,369,727,1099,395,941,1342,348,858,1203,415,885,1300,438,417,852,397,418,814,410,397,806,140,14,154,122,14,139,156,33,186,231,82,317,246,103,352,276,140,413,155,125,287,118,81,201,143,118,263,5136,4601,9743,5282,4866,10148,5991,5675,11672
208021178,916,467,1379,987,561,1546,1128,677,1808,1449,1510,2966,1480,1643,3124,1681,1869,3546,530,123,652,478,150,626,467,131,596,204,420,623,258,514,773,287,528,816,302,796,1097,342,769,1110,318,768,1085,403,417,815,392,410,801,334,379,714,132,18,150,126,15,142,160,23,186,189,77,267,223,89,308,243,106,343,112,92,205,86,47,129,102,73,169,4233,3925,8160,4370,4187,8557,4722,4551,9268
208021179,598,362,964,679,405,1091,728,549,1276,1000,1090,2091,1084,1231,2313,1229,1403,2629,314,111,419,320,99,420,331,104,432,125,291,407,152,325,477,197,380,578,233,537,772,222,531,755,223,538,761,223,246,471,231,277,512,207,278,488,74,10,84,76,13,86,88,15,104,143,53,200,136,75,214,156,75,230,77,42,120,71,33,96,66,55,123,2783,2744,5525,2970,2996,5964,3220,3406,6622
208021180,263,177,441,341,186,527,370,269,638,513,516,1035,595,641,1238,661,764,1428,331,75,409,323,78,393,341,73,416,113,178,291,114,247,362,131,271,406,154,380,531,148,377,529,174,402,576,147,201,346,175,215,386,142,202,343,90,4,98,94,11,104,101,16,123,167,76,240,143,71,218,138,73,211,31,34,66,29,25,55,39,26,65,1816,1644,3456,1957,1848,3801,2097,2096,4189
208021181,413,216,626,497,272,769,534,334,868,752,765,1520,756,857,1615,852,1039,1891,376,102,482,382,82,461,365,94,458,140,224,362,145,278,426,150,297,453,254,529,783,221,447,671,185,490,679,193,262,456,201,262,464,184,232,412,106,13,115,108,23,131,135,29,159,150,73,220,182,91,276,191,85,272,55,49,99,43,26,69,45,29,79,2441,2223,4672,2542,2328,4871,2641,2634,5274
208021182,523,313,842,605,355,961,634,486,1123,1118,1089,2209,1233,1182,2417,1363,1357,2720,518,133,645,483,161,644,534,157,691,215,366,579,238,449,680,241,490,736,318,665,981,269,640,908,275,614,888,319,311,634,297,335,625,286,316,605,166,22,186,161,14,184,179,20,205,251,119,376,281,135,416,245,152,398,82,50,128,69,39,108,75,58,141,3515,3066,6580,3636,3308,6946,3840,3650,7493
208021426,644,347,985,729,385,1117,917,566,1491,808,962,1772,934,1153,2088,1215,1487,2707,724,137,858,611,130,744,655,157,818,196,384,579,238,483,722,224,545,767,277,831,1110,277,749,1022,320,835,1155,317,414,727,305,407,712,331,456,787,209,33,233,190,24,214,186,34,218,216,99,312,272,104,382,277,96,377,74,57,134,63,50,110,80,61,140,3468,3254,6724,3616,3490,7104,4213,4250,8462
208021427,522,252,774,616,361,973,818,486,1311,740,816,1551,785,940,1727,951,1187,2133,667,130,800,648,111,757,660,123,779,182,300,482,187,390,571,200,459,652,268,745,1020,259,734,999,271,768,1038,244,321,562,262,342,607,321,335,661,184,24,207,162,21,183,169,26,190,230,106,331,247,109,356,263,117,385,85,59,146,54,46,101,63,48,112,3115,2752,5872,3223,3058,6280,3719,3549,7268
208031183,451,209,654,456,217,676,505,275,776,453,518,966,520,564,1085,526,613,1136,554,80,634,464,95,560,482,87,569,105,258,360,124,325,453,126,328,453,185,586,768,177,558,739,166,512,679,214,276,490,225,325,552,189,318,505,178,37,214,196,37,228,171,34,202,177,113,293,188,103,295,212,119,328,58,50,115,47,42,86,40,35,78,2374,2130,4507,2400,2269,4670,2423,2316,4735
208031184,3,0,3,3,4,4,0,4,4,0,0,0,0,0,5,0,4,5,0,0,0,0,0,0,8,0,6,0,0,0,0,0,0,0,0,0,0,0,0,0,0,0,0,0,0,0,0,0,0,0,0,0,0,0,0,0,0,0,0,0,0,0,0,0,0,0,7,0,7,0,0,0,0,0,0,0,0,0,0,0,0,0,0,5,19,4,17,13,4,22
208031185,625,254,883,638,315,951,693,384,1073,484,598,1079,494,700,1198,577,828,1410,784,126,910,714,131,842,804,122,931,130,363,498,148,384,531,163,478,643,189,772,963,196,775,965,167,771,938,253,329,584,261,331,595,245,316,563,237,38,269,218,30,244,226,41,263,250,115,369,258,120,381,267,104,368,89,38,131,59,43,108,74,56,130,3041,2640,5685,2989,2825,5809,3216,3094,6312
208031186,464,279,743,537,366,904,672,508,1179,592,799,1387,679,977,1649,836,1263,2100,890,140,1028,878,145,1021,918,165,1079,162,467,625,204,498,694,242,599,841,242,805,1044,253,837,1092,272,860,1125,232,342,576,261,351,608,223,323,544,288,38,331,251,39,295,265,54,321,301,162,465,335,150,481,326,127,450,82,61,143,68,39,110,65,43,110,3243,3090,6337,3460,3400,6865,3814,3940,7755
208031187,169,96,265,174,110,282,197,121,314,179,232,408,190,290,485,244,354,596,441,55,500,372,64,431,387,59,449,71,207,272,73,212,290,67,224,289,92,363,450,87,318,407,89,307,392,113,172,292,117,177,291,96,147,241,158,18,173,153,15,170,117,23,147,161,80,241,151,66,220,128,66,198,41,24,66,18,11,30,27,27,51,1432,1241,2672,1340,1269,2607,1348,1332,2676
208031188,817,428,1245,965,589,1548,1178,816,1993,1144,1325,2471,1315,1609,2917,1601,1985,3586,1145,174,1314,1173,229,1395,1195,256,1451,270,584,851,333,690,1022,365,865,1220,436,1216,1649,446,1181,1623,504,1258,1765,450,595,1046,491,711,1195,473,665,1133,364,55,418,329,45,372,340,48,393,434,201,634,408,210,611,463,201,665,116,79,198,83,67,147,108,98,209,5174,4651,9828,5529,5323,10851,6222,6190,12413
208031189,575,290,863,641,326,962,733,493,1224,680,791,1473,713,984,1695,914,1194,2106,780,117,898,751,106,852,761,142,904,172,411,588,204,442,650,241,535,780,220,753,975,261,737,999,228,713,942,239,358,596,237,370,606,247,345,590,181,25,206,170,38,211,174,25,193,232,100,336,225,98,330,243,86,327,68,48,122,62,35,101,64,48,113,3148,2900,6052,3263,3136,6402,3611,3580,7189
208031190,573,302,879,682,400,1080,755,496,1252,738,877,1614,838,1048,1884,880,1224,2102,584,117,704,635,127,764,595,155,748,140,377,515,231,409,639,227,481,712,217,754,971,259,723,981,252,747,1003,282,372,655,277,378,653,295,333,625,183,27,210,150,31,186,180,32,219,228,94,324,211,101,311,233,105,343,68,47,116,69,36,106,53,55,107,3010,2977,5993,3353,3251,6612,3479,3635,7104
208031191,383,183,567,439,213,647,489,313,805,434,533,968,484,597,1075,578,759,1337,443,83,522,433,96,529,435,109,543,109,232,340,131,269,408,138,309,445,163,451,617,178,491,663,184,450,627,178,230,410,167,246,417,175,224,398,145,14,163,136,10,147,140,18,159,166,71,237,173,96,267,200,101,295,60,39,96,42,28,71,41,26,68,2077,1834,3912,2184,2044,4229,2372,2317,4690
208031192,0,0,0,0,0,0,0,0,0,0,0,0,0,0,0,0,0,0,0,0,0,0,0,0,0,0,0,0,0,0,0,0,0,0,0,0,0,0,0,0,0,0,0,4,4,0,0,0,0,0,0,0,0,0,0,0,0,0,0,0,0,0,0,0,0,0,0,0,0,0,0,0,0,0,0,0,0,0,0,0,0,0,0,0,0,0,0,0,0,3
208031193,949,480,1426,1101,577,1674,1240,779,2020,1137,1421,2559,1287,1639,2928,1355,1973,3331,1069,171,1244,1031,182,1209,1088,191,1277,272,556,825,321,700,1025,349,722,1070,411,1233,1645,329,1134,1465,365,1254,1618,413,530,939,452,560,1016,428,593,1023,267,42,311,238,26,267,271,36,308,370,112,482,334,122,453,406,175,579,115,79,196,73,62,136,80,68,145,5003,4623,9629,5166,5003,10172,5585,5793,11376
208041194,1157,678,1837,1222,771,1985,1327,949,2270,1930,1929,3856,2021,2036,4056,2110,2289,4401,479,141,623,450,129,580,455,155,616,284,478,768,306,490,796,298,549,847,443,1009,1449,393,917,1308,401,933,1340,399,526,920,437,480,918,390,474,869,104,12,115,101,17,116,135,26,164,247,114,359,211,138,345,232,138,370,133,106,237,92,61,157,100,86,183,5166,5004,10175,5233,5029,10262,5447,5608,11054
208041195,1134,633,1771,1164,669,1832,1357,861,2220,1812,1715,3534,1986,1935,3920,2145,2256,4404,576,147,726,536,138,670,625,161,779,312,493,804,300,554,848,378,663,1042,403,995,1399,385,926,1313,432,994,1423,430,537,972,436,524,959,446,525,975,144,21,164,136,9,145,181,36,208,270,106,375,278,122,397,342,169,514,135,98,230,96,77,172,107,73,179,5220,4749,9965,5309,4947,10258,6012,5735,11747
209011196,298,138,441,328,176,502,367,207,572,423,482,910,400,492,891,463,628,1095,604,86,690,550,87,635,589,109,693,147,293,443,174,357,532,170,388,557,203,562,765,188,497,685,192,466,655,180,250,427,196,261,454,183,235,424,198,28,221,193,21,214,196,38,229,241,118,357,274,112,387,246,112,357,53,40,91,65,41,105,62,29,87,2353,2000,4351,2363,2041,4406,2464,2212,4667
209011197,911,386,1291,909,419,1330,986,590,1583,1189,1417,2608,1174,1585,2763,1299,1754,3058,1441,188,1629,1304,196,1502,1234,191,1423,323,745,1066,350,756,1109,359,731,1085,416,1464,1886,426,1272,1693,388,1156,1545,413,705,1118,374,617,990,310,505,812,326,30,360,289,23,314,282,30,313,381,192,570,416,178,593,368,187,559,122,88,207,77,58,141,90,62,156,5516,5215,10727,5331,5110,10436,5323,5207,10530
209011198,547,287,838,647,371,1012,780,534,1314,1129,1254,2386,1243,1373,2615,1490,1771,3257,575,123,701,527,122,648,573,149,719,206,357,570,215,381,597,265,452,718,250,725,977,286,686,972,294,723,1017,244,309,555,253,336,590,230,329,564,168,15,184,139,19,159,145,34,182,197,91,290,248,91,342,299,113,413,98,53,148,52,57,106,62,46,113,3421,3218,6634,3611,3439,7057,4143,4158,8299
209011199,297,180,475,342,205,550,510,373,886,609,764,1373,687,935,1624,1015,1321,2334,655,117,768,635,146,776,658,180,838,217,467,678,230,492,723,262,569,828,196,508,699,215,500,719,257,578,835,185,259,448,211,247,454,196,277,477,351,32,380,332,31,355,330,47,378,372,200,578,387,183,570,358,176,533,86,49,135,65,53,118,81,59,133,2973,2572,5545,3105,2787,5888,3667,3580,7246
209011200,571,311,881,596,384,980,724,460,1187,1087,1142,2225,1084,1252,2335,1275,1471,2739,349,103,451,366,97,462,358,116,477,156,274,436,203,324,525,194,336,533,230,610,843,231,580,808,231,607,842,207,267,476,225,261,481,222,275,498,91,9,97,81,9,95,130,11,139,167,65,235,167,60,229,171,76,246,60,51,114,31,44,77,56,40,99,2921,2835,5757,2983,3011,5995,3358,3400,6758
209011201,515,216,730,502,236,737,558,314,865,782,785,1572,754,764,1517,777,833,1604,215,51,259,192,51,244,219,44,262,108,154,261,102,143,242,105,171,266,152,390,548,162,393,557,127,409,531,176,214,395,174,213,384,155,173,329,47,3,52,30,5,36,48,6,50,90,27,121,98,29,124,112,44,157,43,44,81,28,20,45,23,33,53,2124,1890,4019,2039,1859,3895,2112,2026,4135
209011202,750,328,1074,795,409,1205,853,520,1372,972,1276,2248,1007,1317,2326,1041,1496,2542,1010,168,1180,958,138,1098,922,160,1081,218,563,784,258,564,826,246,586,829,307,1098,1399,271,1011,1290,260,899,1159,335,450,778,249,387,638,246,410,658,239,28,270,175,21,195,170,34,201,303,138,440,281,114,393,295,118,416,85,61,143,68,49,117,62,51,112,4216,4098,8313,4069,4018,8079,4100,4275,8381
209011203,741,339,1082,788,407,1194,865,507,1368,1154,1299,2444,1223,1415,2631,1353,1641,2992,1020,179,1198,969,181,1151,927,181,1110,335,505,836,346,549,902,372,605,977,369,1102,1462,370,959,1330,355,925,1278,364,507,869,286,449,735,285,361,649,284,24,306,230,32,261,222,26,250,320,178,498,318,123,440,342,132,475,118,75,195,71,40,106,68,64,137,4706,4189,8895,4593,4153,8746,4788,4440,9232
209011204,296,158,449,319,190,507,369,219,587,454,525,985,460,606,1068,581,750,1337,623,80,697,541,97,644,579,105,683,145,338,485,178,308,485,160,347,507,172,584,762,178,501,677,169,506,680,144,249,397,177,247,423,135,209,344,187,29,213,183,28,210,163,27,187,207,121,329,232,100,334,198,90,293,59,47,110,36,24,65,37,29,65,2286,2136,4427,2311,2101,4406,2398,2282,4675
209021205,386,186,576,393,192,579,414,266,675,559,572,1135,551,594,1145,622,756,1380,397,83,482,391,77,467,480,94,571,146,318,465,186,393,572,207,399,610,164,453,622,196,454,651,217,476,696,207,313,521,246,433,681,208,296,501,179,35,212,186,32,217,258,46,307,233,127,358,326,174,496,328,149,479,63,50,110,34,24,64,65,36,100,2340,2140,4482,2504,2375,4876,2801,2517,5320
209021428,482,326,805,613,448,1066,842,707,1546,984,1077,2062,1249,1461,2711,1661,2062,3716,891,164,1055,900,205,1108,995,276,1271,292,573,865,379,735,1113,424,804,1225,374,802,1172,391,844,1232,458,906,1365,293,425,728,374,505,888,338,512,852,382,68,450,357,57,409,336,71,408,497,246,746,528,282,814,503,286,788,117,79,200,92,62,156,112,93,208,4313,3764,8075,4884,4601,9494,5674,5706,11381
209021429,403,253,663,448,305,750,537,419,964,694,871,1570,814,1117,1931,1013,1395,2408,561,120,683,533,120,654,522,135,660,162,322,488,215,372,588,221,437,658,243,553,795,253,536,787,247,543,797,212,303,516,252,326,572,227,299,524,238,37,271,184,23,206,173,33,206,272,113,382,281,113,391,285,127,415,84,53,135,52,41,89,70,47,116,2875,2624,5501,3027,2947,5973,3306,3440,6746
209021523,300,201,496,330,214,544,407,365,767,428,539,965,580,773,1353,831,1093,1917,720,120,839,752,134,877,783,155,938,148,407,558,226,523,745,278,632,903,273,652,918,262,645,906,281,678,957,220,324,543,223,311,536,220,308,525,383,48,430,391,45,437,404,58,465,406,243,646,491,245,737,439,255,698,94,70,167,66,48,114,83,76,157,2964,2600,5564,3325,2937,6262,3722,3607,7330
209021524,191,115,303,230,125,355,253,176,430,214,287,501,253,367,615,357,445,801,570,88,655,548,72,616,494,73,566,86,215,297,86,247,328,98,290,387,150,425,580,142,401,546,178,398,579,180,287,470,188,296,488,161,258,424,292,26,314,244,16,259,267,32,291,313,127,440,326,143,466,308,107,422,69,50,115,49,28,75,64,45,110,2061,1611,3675,2063,1693,3756,2186,1826,4015
209021525,269,120,393,323,202,528,371,300,672,436,481,926,494,590,1081,671,859,1536,551,106,657,597,113,707,643,121,761,148,332,481,214,392,605,245,434,679,223,503,728,210,504,713,232,522,755,197,272,472,218,298,519,211,287,500,313,41,354,304,40,342,303,57,354,343,192,534,386,186,570,359,177,537,70,33,106,58,52,108,79,57,134,2555,2089,4647,2805,2382,5183,3119,2810,5926
209021526,339,228,564,402,264,662,481,414,901,564,675,1244,709,884,1592,945,1207,2153,723,124,846,763,160,916,727,151,883,164,371,531,213,469,687,264,534,796,324,643,965,294,628,917,285,655,942,202,294,491,242,295,537,221,281,503,387,42,430,309,43,352,330,50,379,428,195,618,438,229,667,402,189,592,87,66,158,67,53,121,89,62,150,3217,2636,5851,3428,3033,6462,3738,3542,7284
209031209,1331,562,1892,1345,623,1969,1400,820,2215,1632,1899,3527,1614,1956,3571,1715,2072,3783,1428,237,1666,1235,226,1458,1266,221,1489,348,788,1143,357,857,1219,370,806,1181,412,1557,1965,378,1420,1797,395,1287,1685,529,735,1266,429,644,1073,389,541,926,250,28,274,247,28,277,274,36,305,423,128,555,431,149,582,428,151,576,145,102,243,77,52,131,83,68,152,6486,6037,12527,6122,5949,12073,6315,6001,12320
209031210,157,74,237,137,76,221,160,102,261,185,269,455,179,272,450,167,320,486,301,55,358,301,47,341,322,59,377,52,159,206,58,175,227,61,159,217,61,214,277,43,180,222,53,180,232,64,92,154,47,94,135,50,71,123,76,6,84,68,12,80,62,7,67,101,42,139,100,42,134,81,34,119,17,18,35,9,13,18,15,7,22,1017,920,1939,937,906,1840,967,942,1912
209031211,153,91,241,154,88,240,183,105,283,106,153,255,112,150,258,111,191,302,316,57,376,332,70,398,433,63,497,53,155,211,51,190,242,60,200,261,32,167,205,43,180,228,31,205,233,35,72,105,32,76,104,39,75,112,120,10,127,125,15,137,124,11,138,109,58,166,129,62,194,132,67,198,20,11,29,26,11,35,26,16,44,946,782,1721,1009,837,1847,1127,943,2070
209031212,300,140,436,289,122,411,317,153,469,285,367,649,260,381,642,229,385,606,420,63,480,418,72,489,414,57,470,54,169,223,72,172,244,78,189,264,64,289,351,70,294,362,57,294,350,75,106,185,75,114,190,75,99,171,98,4,100,76,7,88,103,11,115,131,62,194,131,58,184,128,47,173,26,26,57,26,19,44,32,15,40,1454,1222,2677,1412,1248,2657,1418,1243,2664
209031213,557,200,753,554,225,778,612,284,898,508,557,1063,524,624,1149,518,704,1219,649,70,720,621,86,703,633,90,727,114,266,378,152,331,482,134,319,460,165,685,854,141,658,800,143,596,738,241,344,590,223,346,570,195,275,468,161,15,178,163,10,174,157,19,168,212,73,286,208,74,285,193,80,271,59,43,104,42,26,63,49,33,78,2671,2252,4922,2621,2379,5003,2639,2402,5032
209031214,432,175,601,476,188,662,481,274,757,474,578,1050,434,538,970,478,600,1079,423,74,496,392,62,449,403,69,472,97,222,316,88,251,343,111,261,373,110,405,519,91,378,466,91,360,451,133,183,312,116,166,278,92,182,277,52,0,57,74,10,84,73,4,77,99,41,136,138,37,168,134,68,201,42,34,77,28,22,44,34,24,63,1858,1706,3567,1834,1636,3463,1902,1840,3741
209031215,704,280,987,706,308,1015,797,438,1231,632,862,1497,681,989,1663,779,1144,1920,1124,152,1280,1059,180,1235,1118,179,1296,236,580,813,246,617,866,262,680,942,262,983,1250,287,907,1188,253,860,1113,304,499,798,294,469,764,225,441,671,235,31,264,211,23,233,254,39,295,306,122,430,343,114,458,390,133,528,63,64,127,66,34,102,51,57,110,3872,3578,7446,3893,3643,7539,4130,3973,8099
209041216,229,92,321,287,108,397,339,176,512,281,308,587,372,440,805,412,498,910,239,30,270,309,54,362,346,68,409,84,142,223,125,233,363,118,289,406,119,298,411,139,393,532,168,391,555,106,173,280,146,272,424,143,257,400,145,19,156,163,20,182,203,30,228,129,75,199,164,93,255,161,107,273,32,35,69,25,27,50,36,30,61,1360,1169,2526,1732,1642,3372,1916,1843,3757
209041217,175,102,277,157,89,251,186,106,293,232,250,479,218,269,493,292,333,628,349,56,404,332,52,378,362,69,433,74,186,261,88,212,302,111,222,332,136,355,489,99,300,400,106,277,380,121,187,316,132,182,317,103,161,263,175,17,195,168,11,181,167,27,194,181,90,267,225,95,319,153,77,234,48,28,74,27,19,46,51,31,89,1495,1276,2773,1444,1233,2679,1536,1315,2850
209041220,642,270,910,613,297,911,611,341,952,626,751,1374,647,841,1490,758,960,1710,1265,173,1440,1182,176,1350,1040,184,1225,235,660,888,251,684,937,289,734,1017,394,1231,1626,394,1030,1424,361,1033,1396,427,787,1214,394,732,1124,383,579,958,664,81,745,593,72,666,557,77,632,587,317,905,592,276,865,532,253,788,136,76,214,88,63,157,115,75,198,4968,4355,9317,4748,4178,8927,4645,4228,8878
209041221,324,173,493,300,191,489,310,180,487,460,516,978,445,570,1016,487,615,1101,818,110,934,747,117,870,700,102,810,175,455,634,205,475,674,161,447,617,240,752,996,226,633,860,212,581,791,265,467,736,210,403,608,183,318,499,446,62,507,437,51,482,402,39,444,425,232,660,378,197,572,349,178,526,76,62,135,54,27,79,67,49,114,3236,2832,6069,2997,2667,5670,2873,2518,5390
209041223,317,159,471,321,186,504,387,219,603,385,415,800,371,485,858,492,613,1105,1007,186,1191,937,182,1122,1001,206,1205,196,473,672,241,574,812,257,680,937,283,678,960,268,609,877,305,614,918,273,496,776,290,465,755,256,436,693,891,116,1009,864,105,966,801,104,905,826,499,1322,776,453,1233,753,438,1191,162,81,240,107,70,172,110,75,190,4343,3102,7440,4173,3121,7298,4354,3389,7747
209041224,443,222,667,504,310,814,708,470,1177,280,424,698,353,592,948,559,931,1495,1038,137,1170,1324,168,1489,1835,294,2120,110,435,544,193,625,819,329,1035,1364,172,757,930,267,938,1205,330,1198,1531,186,363,551,234,521,754,341,588,931,587,53,639,733,77,808,1022,120,1142,355,178,534,509,223,732,739,369,1105,77,65,143,76,61,142,143,94,234,3243,2626,5865,4196,3510,7704,5999,5094,11098
209041225,268,126,400,297,157,458,370,229,597,183,308,496,173,354,528,288,486,780,666,95,764,676,108,787,863,140,1004,99,248,351,94,301,396,157,494,650,87,498,583,77,447,526,121,545,671,104,202,300,124,236,357,154,259,414,245,21,266,240,16,257,346,40,387,212,90,305,227,91,325,304,137,447,51,24,68,42,24,72,64,35,98,1923,1612,3532,1957,1744,3703,2663,2376,5044
209041431,310,146,454,301,172,476,290,178,472,278,374,657,335,428,767,371,527,902,817,117,932,791,108,897,769,125,894,149,383,531,175,508,685,176,546,721,234,704,940,254,592,847,214,560,776,216,451,665,241,466,709,221,403,623,552,49,598,571,56,628,530,58,585,442,245,693,491,244,736,475,227,699,69,48,118,62,45,109,86,56,141,3068,2520,5583,3226,2623,5849,3142,2681,5816
209041432,171,105,280,200,85,283,155,104,261,173,236,413,198,225,422,215,297,516,482,79,566,444,84,527,461,82,548,111,295,408,111,319,432,125,331,450,152,449,604,153,350,502,156,342,501,145,258,404,133,249,385,120,190,307,403,47,447,369,46,418,377,45,417,320,187,504,309,197,499,288,190,477,76,47,120,52,31,81,53,25,81,2037,1702,3738,1964,1577,3543,1950,1605,3555
209041433,190,94,281,268,149,413,342,213,552,293,303,597,404,466,865,457,593,1051,375,71,449,538,100,636,645,122,768,82,173,255,159,454,614,178,533,719,144,396,542,223,503,728,245,540,784,113,179,298,221,327,552,215,306,517,290,27,316,496,50,539,514,73,586,205,99,303,344,180,528,355,206,555,31,23,56,54,40,90,80,50,132,1728,1368,3098,2704,2265,4968,3026,2642,5665
209041435,360,162,524,492,189,683,521,296,823,349,435,787,505,666,1177,557,791,1352,643,76,728,712,134,849,766,120,885,118,296,414,198,449,650,205,533,736,178,670,853,232,737,966,275,770,1045,199,355,553,267,441,702,253,488,738,348,22,372,409,40,454,393,43,437,278,138,415,321,141,454,372,158,533,58,44,96,63,46,107,77,57,138,2521,2209,4734,3205,2846,6055,3419,3256,6680
209041436,383,225,607,373,226,603,452,257,702,381,509,882,391,542,940,508,673,1182,780,111,891,725,126,850,787,122,910,135,406,542,180,490,665,191,538,725,245,753,1006,252,688,938,239,729,969,249,437,687,278,434,706,256,385,637,412,39,450,382,38,416,366,54,420,364,181,550,361,186,554,412,165,578,66,49,113,50,35,85,89,50,136,3022,2709,5728,2991,2777,5768,3305,2964,6262
209041437,36,14,52,255,144,395,631,332,961,18,15,31,333,423,755,942,1258,2205,33,0,37,497,97,585,1304,275,1573,7,5,17,137,334,468,430,1167,1600,13,41,51,198,392,585,438,929,1367,3,13,19,158,243,402,355,500,851,26,0,27,470,27,504,1166,117,1277,14,12,24,268,150,421,737,389,1128,0,6,5,38,24,68,162,115,282,159,110,269,2345,1835,4180,6166,5081,11246
209041527,383,161,541,618,271,885,679,359,1041,308,438,743,478,734,1212,630,946,1576,692,92,789,1029,173,1203,1144,169,1312,106,273,384,206,586,795,270,796,1061,132,609,732,215,863,1077,247,960,1208,169,249,412,258,477,730,258,506,764,188,12,203,310,21,323,383,45,426,172,59,236,372,142,513,471,182,654,20,38,67,63,57,119,90,51,139,2168,1940,4107,3542,3313,6858,4170,4010,8181
209041528,153,50,205,260,131,398,373,242,615,129,187,319,236,368,606,457,678,1137,318,32,353,534,80,608,723,122,842,38,115,150,110,335,443,169,549,717,56,239,300,127,450,569,199,586,787,73,108,185,128,226,349,183,307,490,77,8,85,221,18,237,274,34,307,80,33,110,192,73,267,280,132,414,19,14,39,33,26,59,70,40,110,938,794,1734,1842,1705,3538,2723,2696,5424
209041529,149,56,201,133,71,206,149,112,255,166,174,344,166,202,362,235,311,549,551,86,638,526,93,614,493,98,597,90,267,360,116,286,404,119,350,473,138,349,493,121,274,394,150,306,455,115,217,334,128,252,379,144,192,333,404,42,451,350,39,393,380,59,439,351,203,558,396,184,583,414,214,629,71,41,108,58,37,91,65,35,104,2032,1446,3482,1987,1439,3426,2149,1680,3837
209041530,160,72,237,275,154,426,304,201,506,204,224,427,295,370,664,405,518,926,450,81,533,633,121,752,645,108,748,91,232,325,128,335,462,174,430,601,168,372,546,204,454,658,223,503,724,120,257,380,191,310,502,162,285,442,444,55,503,504,65,568,479,57,541,387,258,642,435,274,712,434,246,683,90,52,142,60,42,101,83,48,129,2119,1610,3726,2724,2119,4839,2910,2393,5298
209041531,141,81,226,255,147,405,352,211,557,113,185,293,279,404,681,518,630,1148,279,46,332,525,96,620,618,120,738,46,127,171,129,374,506,200,582,780,89,228,315,146,471,621,223,555,779,62,107,174,141,237,378,174,316,488,138,18,150,307,27,339,334,52,388,101,35,138,227,105,331,314,163,479,30,14,44,39,24,60,65,40,106,999,847,1848,2045,1885,3929,2789,2674,5462
209041532,118,83,205,279,179,458,386,224,613,154,198,347,313,411,724,562,666,1235,252,48,305,501,89,592,689,146,838,51,120,166,149,317,464,223,595,815,61,216,274,166,440,603,217,609,823,64,132,194,165,251,415,222,349,573,101,8,110,259,20,286,442,36,477,107,42,144,251,105,349,335,150,479,19,5,20,39,19,62,61,44,105,930,846,1779,2126,1830,3958,3135,2828,5960
210011226,220,124,342,270,189,465,340,257,601,271,334,603,311,450,759,396,586,984,483,66,546,442,65,505,530,68,598,91,191,283,119,243,367,143,282,429,134,484,623,142,463,604,172,498,670,147,197,340,147,223,369,122,208,325,206,22,228,201,22,225,191,27,222,174,88,260,176,72,245,216,69,291,33,31,71,42,30,71,42,32,72,1753,1541,3300,1849,1759,3605,2149,2039,4189
210011227,0,0,0,0,0,0,0,0,0,0,0,0,0,0,0,4,0,4,0,0,0,0,0,0,0,0,0,0,0,0,0,0,0,0,3,6,0,0,0,0,0,0,0,0,0,0,0,0,0,0,0,0,0,0,0,0,0,0,0,0,0,0,0,0,0,0,0,0,0,0,0,0,0,0,0,0,0,0,0,0,0,0,0,0,0,0,0,7,3,8
210011228,368,203,574,397,188,584,416,246,656,360,441,801,345,461,801,376,538,912,501,68,573,481,58,537,488,55,548,115,206,318,131,211,337,99,219,321,210,586,793,167,509,680,171,517,687,172,274,452,166,300,462,135,249,386,213,25,235,184,19,200,166,25,194,185,68,254,207,58,266,189,71,260,54,38,93,33,33,67,47,42,89,2186,1911,4093,2109,1838,3942,2086,1965,4054
210011230,282,136,416,369,188,554,428,259,682,347,439,787,357,517,879,449,650,1097,368,57,431,370,57,424,389,47,439,99,177,277,119,224,343,112,258,362,126,426,555,136,457,589,152,456,609,122,191,315,136,228,361,152,227,386,119,9,123,112,10,127,123,23,144,129,53,181,151,60,213,184,49,235,40,25,63,42,31,71,37,33,71,1636,1509,3142,1786,1775,3562,2021,2007,4024
210011231,502,210,715,543,259,801,608,360,974,553,668,1221,621,720,1344,704,829,1530,448,62,507,431,74,504,455,63,518,141,251,390,162,280,437,148,276,422,201,619,822,204,589,787,246,612,854,207,281,485,202,277,482,181,297,472,117,9,129,111,7,121,125,18,143,148,59,209,186,47,232,204,72,272,73,44,118,35,26,65,56,52,104,2394,2202,4600,2499,2278,4783,2710,2574,5280
210011533,378,189,567,392,195,590,482,272,752,492,514,1002,497,572,1072,644,697,1336,563,102,660,526,115,639,519,110,630,108,270,380,124,280,401,142,335,481,211,562,774,226,574,795,229,617,845,183,336,512,211,310,521,192,302,490,287,37,319,252,28,279,247,37,291,296,131,426,274,116,396,294,132,432,71,57,130,66,53,113,73,44,115,2588,2186,4771,2566,2231,4802,2816,2554,5368
210011534,480,254,736,553,293,847,638,360,993,540,648,1191,675,816,1492,770,983,1757,755,114,862,722,135,856,717,128,845,142,352,494,176,424,599,203,484,683,284,823,1107,284,813,1101,300,815,1116,244,400,640,264,424,685,244,401,645,329,40,368,332,40,373,312,46,357,279,129,409,292,133,424,324,106,432,74,63,138,68,50,124,94,56,150,3131,2806,5941,3369,3126,6493,3599,3381,6980
210021232,543,244,791,625,295,918,714,387,1102,538,683,1219,600,837,1437,647,1054,1706,790,125,911,829,125,956,956,172,1126,171,395,566,210,472,677,254,558,818,183,709,888,199,726,922,175,783,959,179,319,499,199,338,545,185,335,521,213,11,228,258,16,277,299,25,324,261,101,354,276,112,392,334,152,486,55,36,95,36,31,65,51,40,89,2927,2618,5547,3238,2949,6193,3622,3514,7135
210021233,205,97,296,194,90,288,229,115,340,229,237,465,234,265,499,246,321,565,196,39,235,174,42,216,177,20,198,49,108,161,55,93,155,64,89,162,38,143,190,24,140,168,45,143,188,47,71,116,52,51,101,50,61,107,33,3,35,45,6,45,34,3,42,61,26,88,61,27,88,69,26,97,18,5,27,13,14,30,18,8,25,872,737,1608,857,728,1585,934,788,1716
210021234,166,89,249,176,87,265,210,118,326,167,231,401,159,255,416,191,319,514,354,48,407,323,57,380,358,61,416,63,159,220,71,199,271,70,185,258,69,231,300,79,243,328,66,269,332,53,150,198,45,131,174,47,110,156,100,14,114,84,9,97,103,18,120,78,49,130,87,51,140,98,52,149,23,23,38,15,12,25,28,21,48,1072,984,2054,1046,1042,2087,1171,1145,2320
210021235,363,191,553,377,211,592,474,279,759,317,386,702,291,438,731,357,585,944,684,130,811,710,129,837,844,162,1004,132,296,419,134,337,469,136,420,557,130,456,591,134,456,597,155,568,722,108,232,347,112,236,346,145,257,406,294,22,316,308,24,336,324,29,354,251,177,432,272,182,451,312,197,503,52,42,92,49,25,77,74,46,125,2328,1933,4259,2383,2041,4429,2827,2543,5370
210031236,185,121,311,262,173,429,330,258,583,310,394,699,481,576,1060,657,796,1449,336,61,393,344,58,398,394,96,496,90,159,249,112,223,337,149,253,408,126,308,432,137,344,484,167,331,499,105,141,249,151,170,319,141,196,333,154,19,176,145,7,153,138,13,153,170,97,265,211,84,291,186,90,279,46,26,76,33,26,65,35,27,64,1525,1324,2848,1878,1657,3536,2204,2059,4262
210031237,227,95,329,295,122,417,318,195,508,356,338,693,482,448,925,675,639,1317,571,81,655,632,91,723,643,100,744,129,253,383,222,370,587,229,429,658,181,403,577,173,386,560,195,408,604,205,247,450,215,254,468,203,267,460,387,58,444,422,37,456,445,46,490,400,168,563,443,147,592,438,160,596,83,43,131,78,36,115,109,61,165,2539,1680,4214,2956,1888,4844,3241,2309,5548
210031439,126,70,192,127,80,210,156,102,261,126,153,278,135,198,335,172,220,393,147,36,186,152,25,170,155,31,186,51,92,142,45,89,133,48,105,149,70,191,264,75,181,252,72,189,268,49,86,136,54,93,149,44,87,130,71,18,82,74,9,79,65,14,79,59,23,88,61,27,85,67,27,90,18,9,31,10,6,17,30,14,44,720,676,1399,725,708,1430,810,790,1603
210031440,115,55,172,139,75,216,178,122,297,138,153,291,155,238,392,265,375,637,327,49,373,331,52,381,376,54,427,47,126,167,59,153,211,88,176,264,82,254,332,95,223,318,104,288,389,87,137,230,65,118,184,74,138,208,202,19,223,165,22,193,170,10,183,142,70,209,149,52,198,146,52,203,39,20,59,24,17,44,35,24,58,1173,884,2054,1182,951,2134,1427,1235,2661
210031535,261,138,395,334,164,495,401,256,657,339,384,724,476,562,1040,663,817,1476,687,87,773,790,130,915,785,147,930,140,284,426,219,440,659,249,539,787,186,500,682,230,537,766,254,576,831,197,254,449,216,310,524,224,286,510,379,40,419,404,30,432,410,50,456,357,189,545,456,215,667,495,214,704,82,65,144,71,36,109,77,50,133,2618,1944,4560,3186,2421,5608,3554,2938,6491
210031536,154,104,258,189,126,311,279,152,434,239,312,551,354,403,760,479,628,1109,409,52,460,464,97,558,535,91,630,123,214,334,127,267,397,156,429,582,150,316,465,145,314,460,198,327,525,103,171,271,123,171,293,109,166,273,235,21,257,266,31,294,246,36,284,245,109,357,308,182,484,380,214,604,44,23,73,34,28,63,51,45,96,1699,1321,3024,2011,1610,3617,2437,2097,4540
210031537,258,135,395,297,171,467,350,254,602,372,420,790,476,513,986,653,751,1409,396,69,466,390,65,453,438,80,516,113,182,296,115,244,360,135,277,406,182,440,622,167,410,575,187,463,645,107,179,289,108,201,305,113,167,281,135,14,149,129,18,140,147,15,162,152,62,216,183,82,261,198,82,278,58,35,91,25,24,52,44,34,76,1772,1537,3308,1895,1709,3605,2267,2118,4384
210031538,453,259,708,611,363,977,753,556,1310,722,884,1604,952,1135,2084,1242,1533,2777,783,142,925,838,171,1011,910,191,1104,207,379,585,236,519,753,288,601,887,319,819,1136,359,910,1268,375,942,1318,251,361,612,309,425,734,285,395,682,337,31,362,336,18,351,339,34,372,315,125,439,399,170,563,418,159,579,91,59,142,79,51,134,100,83,179,3469,3056,6531,4120,3756,7881,4714,4493,9207
210041240,493,230,720,478,257,728,548,332,885,441,621,1067,421,646,1068,492,762,1251,952,143,1093,913,144,1053,1042,158,1197,197,509,699,205,550,754,229,596,825,255,866,1122,211,792,1003,229,826,1055,244,426,675,229,446,676,255,394,651,447,34,482,404,30,436,416,62,476,337,169,502,345,156,503,417,162,575,87,67,152,39,24,66,71,40,114,3450,3060,6512,3251,3043,6293,3695,3336,7027
210041539,55,30,92,78,50,127,163,108,274,36,52,87,70,99,176,217,337,557,159,17,179,174,29,201,375,70,449,27,68,98,39,103,143,109,239,345,41,141,180,54,169,222,125,333,460,28,67,94,40,75,116,82,145,229,118,12,125,106,7,120,235,35,267,61,38,96,67,45,114,160,97,256,20,9,28,15,16,30,37,27,65,542,430,976,653,592,1240,1508,1399,2907
210041540,376,203,581,441,242,676,524,370,897,365,520,885,393,555,947,544,823,1368,855,123,971,813,149,971,941,181,1119,166,409,580,200,561,758,244,694,940,300,826,1130,274,809,1090,288,834,1129,223,370,593,219,444,668,249,425,677,406,35,445,447,58,507,495,65,555,297,174,472,339,151,494,360,218,575,56,55,113,54,52,108,75,55,127,3040,2724,5761,3185,3025,6210,3724,3669,7388
210041541,353,183,542,409,200,615,392,252,638,355,453,809,356,539,895,388,633,1024,874,137,1010,849,141,988,870,170,1039,193,456,649,196,530,729,207,549,753,242,814,1062,202,722,927,216,710,929,189,386,574,223,426,652,168,358,529,387,39,423,392,29,422,381,46,427,300,145,452,334,141,479,347,143,491,61,42,110,48,36,85,65,49,112,2950,2669,5625,3020,2774,5795,3041,2913,5956
210051242,94,54,145,136,64,202,136,102,235,129,166,297,192,210,405,321,309,621,491,57,545,561,67,634,672,89,760,120,229,351,225,372,592,227,414,643,123,277,395,132,232,366,162,247,411,106,153,261,146,183,328,140,178,318,440,42,485,489,57,545,527,74,601,380,201,579,442,225,671,488,241,733,98,45,145,58,39,98,96,52,148,1976,1235,3207,2376,1463,3837,2767,1707,4471
210051243,156,67,227,176,82,256,207,106,311,170,183,356,184,212,391,252,285,539,632,76,705,630,68,701,672,73,746,136,270,409,188,430,620,182,408,590,129,304,430,146,269,411,161,309,468,142,230,368,168,233,397,156,228,380,587,70,661,570,56,630,556,74,634,470,231,702,475,196,676,447,198,646,142,35,185,92,46,139,124,51,172,2575,1456,4030,2631,1584,4209,2760,1734,4496
210051245,554,267,823,508,271,778,560,347,904,526,620,1141,511,702,1214,552,832,1389,1173,198,1366,1046,154,1201,1127,169,1293,245,582,825,226,644,869,240,610,847,438,1165,1601,361,1108,1473,342,995,1334,303,578,884,304,570,877,259,462,715,612,78,690,633,86,714,562,91,650,545,276,820,536,250,785,547,234,777,134,91,220,95,65,161,94,78,172,4519,3851,8368,4223,3849,8076,4276,3812,8087
210051246,678,267,945,801,344,1146,986,545,1528,450,513,968,606,763,1374,932,1288,2217,960,135,1098,1085,151,1231,1311,208,1525,117,328,444,213,460,672,290,695,985,253,934,1189,330,1046,1378,447,1221,1665,316,530,847,365,664,1021,384,679,1065,398,45,445,506,49,550,677,88,769,388,155,541,487,188,667,560,243,804,103,68,172,107,81,195,150,110,259,3667,2983,6650,4492,3742,8236,5727,5081,10809
210051247,161,91,252,190,86,273,202,94,290,175,223,405,198,256,458,256,393,652,702,80,777,570,77,649,617,75,693,150,297,447,170,426,598,166,433,599,161,381,540,177,325,499,177,318,497,149,284,427,188,294,480,149,234,380,596,74,668,546,66,616,494,67,561,450,246,692,430,189,625,412,188,597,100,61,166,73,40,114,93,55,154,2639,1739,4375,2551,1753,4305,2569,1852,4420
210051248,7,8,14,15,3,15,3,4,8,3,6,10,11,5,14,3,0,10,9,0,7,7,5,6,9,0,9,4,3,8,4,4,3,0,0,0,0,7,6,0,8,8,0,4,5,3,0,3,0,3,4,0,0,3,4,0,3,0,0,0,0,3,3,4,4,3,0,5,5,0,0,0,0,0,0,0,0,0,0,0,0,30,31,56,29,26,60,18,14,42
210051250,156,105,260,160,103,267,186,146,327,166,225,386,155,265,422,159,329,489,464,55,521,390,62,451,397,49,444,88,221,311,92,261,354,111,253,358,173,414,585,134,353,482,157,348,499,122,189,307,108,182,285,86,175,260,314,32,338,281,27,305,264,33,297,206,111,318,213,130,344,212,81,294,33,45,77,46,26,73,42,26,68,1716,1389,3102,1582,1399,2979,1601,1437,3037
210051441,169,76,244,162,93,251,143,90,234,140,186,328,145,213,355,151,257,406,579,83,665,528,57,582,540,63,599,81,277,358,101,340,440,85,350,435,155,473,633,139,389,527,149,334,479,123,248,376,138,236,372,103,235,343,434,63,498,453,45,498,385,57,441,321,187,513,336,177,513,273,179,454,60,40,101,35,23,62,51,27,73,2069,1630,3705,2037,1565,3601,1881,1583,3466
210051442,268,119,388,368,155,521,360,185,546,254,313,566,342,405,752,396,510,903,593,77,677,610,101,709,672,118,784,96,247,342,155,438,592,168,540,706,177,538,714,202,542,743,189,514,707,146,212,362,178,312,490,189,336,523,409,52,457,544,71,608,567,92,659,293,165,458,370,166,533,396,210,606,74,51,120,73,28,105,78,53,138,2319,1768,4093,2836,2210,5054,3020,2559,5581
210051443,285,114,402,391,211,599,546,268,813,234,314,545,396,487,879,654,838,1496,799,130,922,963,161,1126,1229,201,1436,126,456,581,231,635,876,315,886,1204,245,707,955,309,730,1037,331,845,1176,194,395,590,273,496,774,285,530,816,646,65,708,824,73,899,928,92,1022,450,244,691,610,312,915,754,353,1112,88,52,137,86,58,140,126,95,218,3071,2469,5537,4087,3163,7242,5168,4124,9292
210051445,75,30,100,131,69,204,614,386,1002,40,52,90,93,159,244,745,996,1739,118,18,144,254,56,302,1281,217,1505,12,30,46,56,110,163,400,1070,1475,24,118,142,64,208,274,469,940,1408,23,49,73,49,114,172,335,528,858,80,4,85,148,10,158,1360,131,1493,45,14,61,112,60,179,675,370,1043,11,9,19,11,18,26,138,95,238,428,334,761,922,807,1733,6021,4736,10757
210051542,14,3,18,141,69,207,256,124,374,17,18,39,195,218,414,359,394,753,18,0,17,275,43,318,500,74,563,4,10,17,78,253,327,181,464,644,10,22,34,127,217,336,179,315,494,8,9,13,82,121,209,119,183,306,17,0,16,284,29,311,473,62,531,6,3,10,170,85,249,298,156,456,0,5,5,31,11,41,67,41,105,97,79,180,1378,1041,2421,2436,1799,4237
210051543,105,56,158,205,122,324,308,142,451,167,197,358,285,296,579,446,539,985,290,39,328,415,87,498,613,114,728,63,96,164,123,321,441,191,493,684,107,223,332,171,322,499,258,405,667,56,126,183,104,194,298,153,269,421,159,16,177,415,53,467,533,75,609,123,54,183,249,120,370,393,207,600,28,21,52,44,23,59,63,36,105,1107,836,1940,2003,1532,3542,2964,2275,5243
210051544,175,89,262,184,87,269,189,115,303,217,266,484,210,311,514,280,366,645,522,79,601,441,65,502,508,68,571,93,237,331,114,311,424,125,336,463,136,392,531,154,320,479,151,320,470,127,239,366,143,277,424,134,227,359,387,45,430,387,49,437,352,48,400,270,193,468,292,158,445,286,151,439,57,38,96,55,27,85,56,38,96,1983,1587,3564,1971,1614,3583,2091,1664,3757
210051545,184,94,278,215,110,329,258,140,397,215,237,454,240,274,515,367,407,778,470,69,539,511,48,556,613,75,691,93,217,306,173,355,532,191,445,633,126,314,438,133,298,431,180,365,546,115,217,331,148,250,393,163,291,457,382,44,422,451,40,485,449,75,520,368,180,552,371,152,518,437,192,633,80,57,135,57,30,90,113,67,174,2036,1426,3464,2284,1566,3849,2774,2057,4831
211011251,339,175,516,354,194,556,405,258,662,473,467,941,506,606,1107,662,780,1444,904,141,1040,863,146,1005,813,157,970,160,404,558,173,510,688,207,590,789,222,652,872,209,624,835,225,620,846,209,320,527,218,315,533,194,308,502,351,62,417,321,63,384,345,58,400,353,247,605,350,211,560,384,252,632,68,44,109,52,34,89,83,43,128,3072,2507,5581,3051,2705,5756,3315,3065,6382
211011254,503,208,711,576,310,891,725,396,1122,658,665,1317,822,818,1640,1009,1144,2153,909,154,1062,878,151,1025,906,193,1099,155,446,603,229,535,758,217,651,867,280,848,1136,265,830,1089,352,836,1185,289,448,735,347,487,832,312,472,783,382,70,450,352,74,429,384,68,453,340,230,577,353,223,576,404,240,645,82,50,136,83,41,123,75,72,150,3603,3128,6728,3898,3468,7364,4385,4073,8465
211011255,424,155,585,454,177,630,448,206,649,320,351,664,322,377,695,359,433,798,493,64,552,453,75,525,472,77,559,85,182,268,91,221,309,89,240,328,114,547,658,110,546,655,141,507,649,184,297,482,193,251,445,174,258,431,138,29,171,132,20,151,123,23,147,143,84,225,167,64,233,167,52,220,33,13,52,38,18,50,33,25,58,1933,1721,3654,1944,1760,3706,2017,1825,3840
211011256,683,306,995,612,358,971,708,401,1104,764,794,1549,810,897,1703,882,1043,1927,1104,138,1238,1040,160,1195,998,175,1178,180,468,650,190,573,767,203,582,783,347,1075,1423,376,984,1362,325,917,1243,390,665,1049,388,569,956,339,483,825,373,97,467,371,68,446,358,89,444,417,259,674,386,230,606,398,228,627,86,66,152,71,51,118,77,62,132,4333,3862,8194,4235,3890,8127,4276,3996,8271
211011257,403,163,567,399,185,586,407,249,662,412,439,855,427,477,905,449,537,980,532,82,617,495,85,577,519,85,604,82,207,290,120,275,394,100,250,351,162,554,715,153,522,667,157,502,656,210,312,524,216,318,534,166,269,433,165,38,211,153,39,188,152,38,191,190,107,302,197,105,300,189,93,292,42,30,71,27,18,42,40,23,69,2204,1947,4150,2180,2019,4196,2181,2056,4236
211011258,541,245,790,549,239,791,544,293,838,583,561,1144,595,601,1198,630,691,1324,674,114,786,643,131,771,637,136,770,129,302,434,134,345,477,135,383,519,246,811,1058,231,730,959,239,652,887,313,385,695,292,410,706,228,364,591,236,59,296,245,43,288,230,56,288,261,134,398,267,130,401,283,119,396,71,46,117,45,51,95,76,45,118,3057,2660,5716,3001,2681,5685,3003,2735,5733
211011259,591,259,847,588,260,846,573,286,865,794,822,1622,757,862,1618,875,986,1858,883,156,1036,742,132,875,696,155,851,183,474,658,183,468,652,174,462,642,357,945,1300,308,761,1064,260,672,931,348,463,804,315,439,753,278,353,635,320,56,385,251,49,306,258,62,320,302,213,519,298,187,487,316,188,505,72,52,128,43,54,97,86,53,135,3859,3441,7297,3495,3210,6705,3521,3228,6746
211011260,835,334,1171,763,376,1136,790,412,1200,1116,1086,2202,1077,1150,2224,1203,1222,2421,927,180,1110,836,162,997,801,164,961,218,534,751,227,578,804,239,612,847,385,1130,1509,377,992,1365,368,949,1314,382,643,1027,385,568,950,356,495,849,337,73,411,313,68,378,312,63,372,363,246,613,393,215,605,377,224,602,84,80,165,80,67,149,100,70,163,4653,4304,8954,4449,4168,8620,4548,4189,8741
211011446,632,330,966,702,397,1091,771,479,1252,799,1019,1823,841,1121,1961,1098,1476,2577,1707,290,2001,1614,279,1896,1594,324,1922,268,762,1033,297,888,1181,331,1030,1359,405,1320,1725,384,1233,1615,437,1220,1658,365,620,984,401,655,1052,397,637,1036,594,124,725,554,115,668,592,120,713,653,402,1055,668,398,1058,641,404,1044,101,85,186,85,76,157,112,75,188,5530,4957,10485,5539,5150,10687,5979,5770,11743
211011447,435,219,659,428,274,701,506,332,839,535,687,1224,587,745,1324,675,876,1551,1044,164,1210,959,145,1109,966,177,1145,162,480,646,171,553,722,192,585,777,288,892,1175,236,796,1036,200,718,917,244,367,614,281,372,651,235,361,593,428,71,497,358,65,423,379,77,452,425,221,643,398,203,598,369,233,604,73,53,119,79,50,127,61,51,113,3631,3155,6783,3492,3193,6690,3587,3408,6997
211011448,519,279,799,552,269,818,604,366,972,541,704,1241,616,791,1408,717,949,1665,1276,177,1456,1167,176,1345,1100,202,1302,189,536,723,206,619,823,219,659,878,310,1006,1314,250,912,1162,296,912,1207,308,520,826,278,515,788,267,476,744,445,104,545,389,72,461,390,79,467,441,246,688,422,238,656,436,259,698,90,58,143,86,44,133,82,70,145,4115,3628,7744,3952,3636,7593,4116,3963,8081
211011449,186,89,279,182,81,268,204,117,317,196,216,407,172,234,407,187,269,452,402,62,466,386,63,442,366,49,410,65,168,226,59,177,234,47,198,246,66,307,374,68,289,353,52,269,324,74,133,210,76,128,207,78,134,215,123,25,152,95,20,115,89,31,119,103,65,168,115,64,185,120,75,186,27,17,42,22,15,36,23,21,45,1247,1072,2321,1168,1072,2245,1169,1146,2316
211021261,1013,395,1411,960,405,1362,986,491,1483,1065,1077,2141,1071,1129,2199,1131,1235,2370,754,134,883,648,115,762,661,129,785,184,395,574,200,444,653,212,484,695,301,970,1270,283,834,1116,278,822,1094,353,514,862,355,500,856,316,469,780,178,23,206,161,15,176,170,24,194,243,98,340,289,117,403,292,133,427,71,55,128,59,54,117,76,55,130,4153,3658,7818,4027,3618,7647,4120,3841,7959
211021262,745,267,1015,763,283,1045,764,358,1125,658,728,1392,612,698,1309,638,783,1423,628,102,732,578,106,685,594,97,689,131,310,440,156,335,492,136,356,488,145,702,841,143,583,721,142,585,727,211,315,528,196,304,500,195,284,479,121,24,140,106,15,117,96,9,106,183,68,248,193,83,268,217,101,314,49,35,87,49,35,81,41,28,69,2873,2551,5417,2783,2438,5225,2815,2600,5416
211031263,399,180,575,412,215,626,413,254,663,409,480,885,470,608,1074,544,725,1265,1077,147,1230,995,138,1130,936,142,1079,138,454,590,160,474,641,164,534,701,242,829,1071,213,746,962,185,712,901,250,413,667,223,401,627,203,362,567,360,74,433,341,49,395,322,56,383,371,211,589,394,204,600,377,218,593,68,51,118,58,35,91,59,47,104,3322,2835,6161,3268,2871,6142,3208,3044,6255
211031265,993,384,1378,987,453,1445,983,544,1523,974,1177,2154,1012,1251,2265,1096,1399,2495,1245,178,1424,1203,175,1379,1175,191,1367,266,611,873,315,698,1016,313,717,1025,359,1362,1723,327,1234,1559,323,1172,1496,544,769,1307,492,702,1191,396,564,957,268,38,307,250,38,286,262,45,304,387,176,563,397,184,578,379,191,568,72,61,135,75,57,127,88,75,157,5115,4748,9864,5049,4787,9838,5007,4888,9898
211031266,615,280,894,604,328,934,749,497,1237,863,972,1832,930,1090,2019,1271,1438,2709,958,163,1124,983,163,1146,1003,195,1201,236,540,779,313,598,904,299,737,1038,360,946,1310,326,928,1245,356,898,1254,302,452,757,322,457,785,301,423,724,295,37,334,299,46,341,334,73,415,414,200,617,445,206,651,484,245,728,90,58,146,68,59,125,112,73,187,4139,3658,7790,4290,3862,8159,4897,4590,9488
211031267,752,362,1121,863,457,1316,940,565,1501,1143,1283,2419,1232,1523,2755,1475,1847,3324,1208,188,1394,1157,187,1344,1131,216,1340,248,604,850,290,740,1034,338,801,1141,415,1161,1580,374,1020,1387,356,990,1341,393,548,942,417,526,934,367,506,872,321,59,379,323,47,373,304,44,347,433,229,664,466,224,692,481,240,721,91,78,167,65,45,111,96,67,155,5010,4510,9519,5189,4754,9946,5474,5284,10757
211031268,521,212,732,516,245,758,567,303,867,659,665,1328,611,673,1286,634,786,1427,560,83,640,517,83,600,518,94,612,132,279,413,153,316,475,157,386,543,178,645,820,180,551,734,160,501,664,217,321,536,217,326,544,178,268,445,110,13,123,89,9,103,82,10,90,187,82,265,182,80,259,205,91,296,43,35,81,44,27,73,40,42,83,2607,2326,4936,2517,2302,4822,2541,2478,5016
211031450,462,235,699,471,283,749,534,377,912,557,740,1291,633,926,1561,771,1190,1959,983,150,1132,1029,207,1232,1065,212,1276,168,540,707,213,655,869,244,720,964,256,860,1114,261,822,1082,255,807,1061,253,389,646,249,407,653,259,371,628,372,66,438,322,61,387,340,66,409,404,236,636,442,217,657,465,270,737,76,73,148,62,39,106,83,75,159,3527,3284,6815,3694,3615,7306,4023,4094,8113
211031451,409,181,592,449,275,729,575,379,959,509,625,1136,668,792,1462,745,1007,1752,756,131,885,749,152,898,761,121,889,152,364,521,174,462,640,203,541,743,198,691,878,213,734,942,199,690,887,227,363,588,286,400,690,244,353,596,200,35,236,216,34,247,231,47,285,252,158,407,319,142,464,337,190,523,58,47,101,66,40,105,69,48,121,2763,2587,5346,3147,3031,6176,3372,3380,6746
211031452,175,76,254,171,98,270,196,124,316,191,268,455,201,308,505,265,360,622,367,41,406,351,59,413,335,61,396,63,153,220,64,183,243,69,185,250,83,302,381,82,253,335,90,266,351,104,148,250,78,141,222,91,115,207,106,19,120,91,15,109,94,20,116,121,74,197,122,67,191,115,57,174,22,20,40,23,13,39,22,24,45,1228,1091,2319,1183,1141,2325,1272,1211,2487
211041269,355,190,542,401,220,620,409,252,652,637,638,1274,699,669,1364,742,785,1527,472,86,560,428,108,537,397,91,489,121,250,374,140,314,453,137,357,493,198,531,727,202,487,683,238,452,695,186,252,445,226,299,531,190,283,476,151,21,180,149,24,170,160,22,182,212,121,327,229,122,344,201,130,333,54,43,96,36,39,72,41,38,78,2391,2133,4521,2498,2275,4772,2513,2411,4928
211041270,591,329,923,675,386,1062,778,502,1286,1085,1183,2267,1297,1383,2683,1474,1593,3070,783,133,916,723,161,889,741,160,905,212,440,649,243,561,804,290,561,844,342,877,1218,345,829,1177,387,834,1216,312,396,709,323,396,718,289,381,668,205,36,243,221,37,260,213,41,250,286,149,428,337,167,504,346,180,526,67,65,134,66,37,103,72,69,140,3877,3601,7480,4234,3958,8196,4591,4317,8910
211041271,382,195,583,454,272,728,518,313,836,746,788,1534,845,863,1705,974,1079,2054,601,99,707,541,102,649,518,119,635,144,316,464,172,368,545,173,444,611,244,575,820,233,560,796,259,543,799,230,263,487,235,259,493,220,271,489,200,16,218,179,23,208,187,29,214,221,145,364,256,141,403,285,154,434,59,33,88,50,35,86,58,30,95,2821,2440,5260,2964,2633,5599,3198,2980,6176
211041272,435,206,649,434,228,665,509,274,789,646,693,1336,717,750,1465,798,868,1665,522,89,609,448,80,529,459,111,564,129,305,438,141,310,454,147,357,502,219,572,786,220,516,733,194,490,683,191,278,471,209,263,468,192,264,464,154,27,184,132,27,159,143,19,167,229,119,345,221,116,334,219,119,340,50,41,89,46,37,84,61,34,90,2577,2327,4903,2564,2331,4891,2722,2539,5262
211041273,569,247,812,474,269,746,504,292,796,826,728,1553,796,742,1533,823,843,1669,518,101,623,449,84,536,440,110,550,151,325,474,146,341,491,149,360,509,237,694,930,229,583,810,217,537,750,272,351,624,262,339,603,226,262,482,166,31,189,142,23,162,175,24,199,208,106,311,229,116,344,219,114,337,66,42,109,32,36,66,59,49,108,3004,2622,5620,2756,2528,5284,2816,2585,5400
211051274,474,210,685,468,253,713,510,320,839,529,673,1208,554,742,1299,590,824,1418,784,119,899,729,137,865,703,139,843,162,375,533,155,435,585,151,474,628,159,602,764,156,523,677,163,480,649,188,276,470,163,262,430,138,228,365,204,34,239,175,33,205,197,25,227,268,129,394,290,101,388,230,93,328,51,43,96,46,29,74,48,28,78,2818,2457,5279,2730,2508,5242,2749,2615,5368
211051275,399,174,576,424,207,635,580,298,873,370,381,756,363,470,828,497,701,1205,727,95,822,807,113,918,895,138,1032,124,342,472,158,419,576,189,506,695,164,619,781,184,628,808,162,710,871,232,339,565,238,346,586,221,363,580,192,23,216,176,28,205,227,39,268,250,132,387,287,142,433,328,170,497,67,46,111,32,24,61,63,48,109,2523,2158,4683,2673,2366,5042,3161,2972,6136
211051276,537,279,820,529,359,890,573,397,972,394,544,935,408,616,1024,422,719,1144,940,201,1143,999,198,1200,1038,239,1276,157,458,621,169,554,722,204,613,816,124,631,757,119,598,715,143,632,773,191,378,568,195,322,516,150,353,502,377,38,417,361,41,401,353,45,395,427,260,689,442,283,724,460,282,735,70,42,116,91,55,139,65,43,103,3227,2833,6061,3313,3022,6332,3401,3321,6719
211051277,252,143,396,293,168,457,331,241,573,248,317,565,271,408,678,331,595,929,728,109,844,718,115,832,762,121,886,116,334,451,105,395,500,125,467,597,149,545,686,151,526,676,163,510,674,142,282,423,153,235,384,133,253,383,244,33,273,252,30,284,223,59,287,302,153,453,261,160,426,311,170,479,36,28,70,36,16,51,54,47,101,2214,1950,4160,2239,2050,4290,2429,2476,4908
211051278,753,343,1093,789,384,1170,846,467,1317,600,762,1357,541,817,1357,732,1036,1766,1530,226,1755,1495,268,1757,1578,263,1839,214,715,934,243,771,1017,292,939,1230,274,1202,1481,267,1109,1377,288,1155,1444,376,630,1010,354,673,1022,312,558,869,530,73,593,474,63,535,474,65,531,586,334,923,630,337,973,632,326,965,113,80,195,75,51,128,95,76,170,4978,4358,9341,4865,4458,9330,5249,4889,10140
211051279,303,139,450,319,148,467,304,182,490,190,248,439,166,259,426,177,317,494,514,96,617,461,81,540,506,100,604,56,198,258,68,228,298,71,240,317,62,300,360,47,287,337,58,281,343,81,156,235,99,140,237,85,110,195,149,33,178,126,18,150,127,18,148,161,118,278,170,113,285,167,97,265,34,26,63,35,13,52,34,20,54,1558,1319,2874,1497,1285,2785,1537,1370,2906
211051280,258,113,369,281,123,411,297,166,460,274,362,633,262,386,648,252,439,686,605,79,683,590,65,660,611,87,694,91,253,340,90,253,346,85,282,367,94,436,528,74,429,502,88,389,480,127,203,326,108,198,305,108,182,289,155,21,173,134,15,150,145,24,168,208,94,305,200,101,301,193,89,281,39,23,64,28,34,61,31,28,57,1849,1577,3426,1779,1606,3383,1806,1689,3494
211051281,805,385,1192,833,436,1275,874,506,1382,801,968,1768,841,1077,1917,1018,1420,2438,1787,236,2019,1794,271,2066,1859,286,2152,275,802,1073,325,981,1308,356,1114,1472,393,1339,1728,346,1313,1657,348,1233,1587,451,744,1192,419,737,1162,388,638,1024,522,68,593,525,74,603,515,109,622,658,362,1020,681,355,1038,720,370,1090,121,77,201,103,59,166,133,99,234,5809,4971,10782,5872,5309,11185,6220,5780,12003
211051282,587,298,886,540,290,833,553,361,916,701,772,1479,659,794,1456,672,842,1515,602,108,716,587,120,711,574,118,693,145,352,498,173,370,539,165,357,524,158,476,640,127,407,533,139,403,541,156,230,388,135,201,346,135,179,310,139,18,156,118,13,131,110,20,131,214,103,313,192,126,321,201,113,312,65,36,99,52,27,82,44,34,79,2772,2398,5166,2583,2361,4946,2603,2419,5020
211051283,342,175,516,395,206,610,414,234,653,318,456,771,339,486,826,370,579,953,932,148,1085,870,123,995,914,145,1060,118,354,474,138,462,601,152,471,621,143,588,727,120,557,682,123,571,694,174,271,441,176,293,466,147,298,443,283,27,313,274,31,301,239,50,289,295,203,495,281,162,451,308,199,507,65,48,112,59,28,92,48,27,74,2667,2269,4937,2670,2351,5022,2719,2566,5289
211051284,385,215,607,408,198,614,449,266,715,575,707,1277,570,771,1342,632,833,1464,793,125,925,718,115,836,700,121,822,172,405,572,179,433,612,195,432,620,181,644,831,141,559,701,132,519,654,194,286,481,169,262,429,160,253,412,214,29,246,180,50,227,169,53,218,246,130,381,261,130,389,277,114,386,42,29,69,38,31,68,55,54,105,2802,2575,5381,2667,2554,5220,2757,2633,5392
211051285,363,202,568,370,197,576,420,260,681,199,260,463,213,304,521,235,378,614,718,117,843,732,133,865,822,151,973,65,287,356,74,360,432,94,394,482,76,439,521,66,447,515,64,487,553,108,239,345,101,219,324,84,230,316,262,26,290,242,26,272,210,27,236,283,165,444,285,157,439,249,150,400,45,29,72,42,32,72,49,26,78,2122,1767,3889,2135,1875,4013,2234,2096,4330
211051286,498,273,768,516,297,816,549,375,925,355,567,924,320,548,868,358,610,971,1222,248,1469,1302,242,1543,1452,271,1728,165,670,839,168,717,885,202,838,1041,175,736,910,141,645,791,148,716,865,211,391,604,193,428,626,184,354,539,588,58,649,568,56,627,552,57,607,568,362,934,605,346,952,597,350,948,93,45,140,96,44,141,103,56,159,3881,3362,7240,3921,3333,7249,4151,3631,7783
212011289,811,388,1196,800,401,1206,876,514,1392,667,922,1593,635,1018,1656,701,1106,1804,1532,231,1757,1634,266,1901,1644,252,1896,166,622,790,219,696,912,207,847,1056,215,1020,1240,221,987,1211,223,980,1204,242,499,740,265,471,736,250,423,673,509,89,597,485,77,559,441,78,523,548,290,837,531,287,817,585,295,877,103,66,166,69,49,116,95,74,174,4792,4124,8916,4862,4247,9111,5021,4573,9602
212011546,414,194,607,601,296,896,989,542,1528,273,397,663,509,716,1226,1151,1530,2683,675,96,768,996,138,1127,1635,283,1913,87,261,345,182,533,716,378,1152,1526,131,569,696,252,912,1163,459,1408,1867,174,275,445,320,485,804,463,736,1202,237,20,256,325,43,368,693,99,801,224,106,327,404,167,574,689,324,1015,43,21,68,64,40,103,124,87,212,2252,1932,4180,3653,3319,6975,6575,6171,12745
212011547,438,202,638,440,212,654,488,262,748,186,302,489,175,356,528,204,449,655,674,116,789,704,117,826,853,158,1010,51,278,327,80,317,398,95,378,473,75,489,560,78,466,546,79,546,623,122,223,349,98,246,341,105,251,362,349,40,390,341,36,376,316,48,364,286,152,440,268,143,408,331,189,520,51,39,88,51,39,83,66,67,135,2237,1841,4075,2229,1934,4170,2552,2335,4891
212011548,377,195,574,354,186,536,433,267,702,80,174,251,81,232,316,179,403,585,532,87,620,591,83,670,828,147,975,60,245,304,61,276,336,108,436,542,46,300,343,63,349,408,86,536,617,80,172,254,102,242,344,125,279,405,314,41,357,364,44,404,475,60,535,290,159,448,298,180,479,400,225,629,34,18,53,42,28,70,70,39,107,1810,1398,3205,1946,1616,3564,2705,2395,5102
212011549,340,146,484,368,220,587,454,240,699,223,376,602,283,450,733,411,634,1043,878,140,1016,1006,154,1152,1081,205,1286,105,408,512,128,583,710,201,689,893,160,618,780,198,681,881,220,721,946,198,362,567,237,456,693,235,478,715,450,49,497,518,70,587,656,97,759,407,199,601,519,259,781,552,298,851,57,45,100,59,41,105,82,48,137,2813,2339,5150,3325,2917,6243,3908,3424,7330
212011550,63,30,95,139,83,221,221,178,404,55,79,133,134,224,353,254,418,667,164,25,186,379,60,437,518,88,605,9,59,73,55,201,259,96,379,475,34,142,176,88,274,359,133,363,491,40,71,111,104,175,277,126,230,351,79,12,95,176,22,202,301,34,333,66,48,116,179,83,258,242,133,369,14,9,23,24,17,39,52,29,77,528,474,998,1284,1129,2408,1941,1841,3780
212011551,105,48,150,89,47,140,142,77,219,58,113,172,81,109,188,154,203,356,313,44,359,306,51,358,429,87,513,34,129,161,36,162,202,74,313,387,40,201,238,45,191,229,67,225,291,60,122,184,71,120,188,73,152,223,203,19,221,215,22,234,277,33,313,178,109,285,191,96,289,270,141,413,25,19,38,24,8,30,35,24,60,1019,795,1817,1059,798,1859,1516,1263,2783
212011552,524,267,794,708,355,1068,808,454,1264,464,701,1165,638,916,1558,814,1157,1975,1227,171,1397,1509,226,1738,1654,283,1937,159,594,749,262,985,1248,358,1292,1651,277,959,1236,354,1167,1520,382,1176,1560,346,557,899,450,780,1229,460,748,1203,619,87,702,866,110,974,1060,144,1207,584,262,853,802,421,1222,957,544,1497,112,73,189,101,59,161,161,102,262,4311,3672,7981,5688,5020,10711,6655,5903,12563
212021293,1144,464,1605,1117,502,1623,1145,590,1729,934,1165,2102,982,1257,2244,1131,1507,2638,1447,198,1653,1381,225,1603,1329,223,1557,234,756,987,271,825,1095,302,829,1135,370,1530,1901,373,1408,1776,379,1311,1691,464,771,1235,519,747,1265,467,625,1098,408,69,479,458,57,518,423,91,515,485,216,704,517,245,760,544,234,779,116,87,203,73,68,141,104,76,176,5602,5261,10858,5696,5329,11020,5823,5480,11307
212021295,106,51,155,133,78,210,170,85,252,129,152,276,126,157,282,207,260,462,569,75,639,724,73,802,881,82,964,86,229,317,148,293,444,154,340,497,123,272,400,116,238,351,130,252,375,106,187,292,143,178,318,136,186,323,507,94,602,461,81,548,523,100,620,395,276,672,533,241,775,445,298,737,76,40,114,72,25,92,107,41,146,2087,1376,3467,2451,1369,3821,2742,1643,4381
212021297,196,97,295,218,120,341,261,160,420,258,286,547,265,323,594,281,372,654,654,97,748,621,81,704,688,82,770,105,292,400,138,393,532,130,389,521,190,514,707,183,418,602,196,405,602,169,284,452,168,273,439,168,214,375,492,92,589,432,83,515,455,84,540,345,289,636,387,256,643,378,251,630,70,43,115,63,31,93,68,36,105,2476,2005,4482,2475,1977,4458,2625,1992,4617
212021299,433,140,576,440,155,596,496,217,715,254,331,586,308,380,690,336,433,770,557,61,616,570,60,632,588,76,664,63,208,268,85,237,320,65,246,308,86,516,609,120,556,676,110,533,647,136,234,374,179,281,456,158,227,386,211,24,228,183,23,205,184,41,219,198,81,277,204,84,287,223,82,304,58,37,98,32,33,65,67,51,116,1996,1633,3625,2114,1809,3921,2212,1918,4126
212021453,382,141,529,391,165,554,396,208,604,456,456,907,424,515,934,471,609,1077,852,131,978,772,118,889,747,124,869,114,369,484,141,382,517,164,415,581,241,662,903,234,583,816,244,594,832,256,339,592,217,323,537,199,320,522,403,91,487,374,78,451,379,84,467,405,283,683,357,226,588,317,215,538,100,60,158,58,39,99,88,51,135,3201,2526,5730,2963,2424,5384,3005,2610,5615
212021454,421,202,621,421,209,628,442,235,675,548,575,1124,544,589,1130,566,680,1248,891,135,1031,810,134,947,778,124,903,119,410,533,166,463,631,167,462,628,318,713,1035,253,607,863,276,590,865,307,447,752,272,385,662,204,342,544,512,101,609,440,87,523,421,61,485,425,249,674,395,246,637,376,219,595,95,81,173,74,45,119,81,40,125,3626,2913,6538,3373,2769,6137,3312,2757,6068
212021455,424,185,607,431,205,640,434,257,693,385,467,857,448,526,976,509,648,1157,1089,124,1210,990,131,1124,999,153,1152,106,436,547,155,506,663,182,588,772,248,803,1052,250,779,1026,261,728,988,289,489,780,316,522,838,275,386,659,500,85,585,482,60,542,480,94,572,397,232,633,476,253,732,423,253,677,106,77,186,75,48,122,91,59,147,3551,2896,6452,3622,3029,6648,3655,3170,6825
212021456,286,155,441,345,179,523,371,234,601,320,383,699,373,440,816,438,600,1036,955,128,1082,948,155,1105,951,148,1098,123,392,515,176,519,692,170,596,770,224,715,935,263,661,914,276,688,963,237,396,632,242,416,660,202,357,557,614,102,720,641,82,722,607,115,720,471,284,750,505,301,805,534,313,851,103,56,153,75,48,121,112,61,172,3324,2610,5938,3566,2803,6369,3665,3106,6773
212021553,699,275,976,749,328,1083,815,388,1204,665,807,1473,794,918,1709,1015,1188,2201,956,148,1109,979,164,1137,991,203,1198,174,424,596,214,576,790,251,730,981,291,981,1272,336,969,1312,309,1000,1304,351,469,822,365,522,887,387,495,886,352,53,403,398,53,446,467,76,541,347,163,515,448,193,635,477,231,710,84,65,154,71,44,120,117,63,181,3923,3391,7306,4350,3769,8120,4832,4374,9207
212021554,329,153,482,371,166,533,462,240,696,360,461,816,411,498,907,580,733,1319,623,91,717,606,99,703,724,108,832,121,262,381,111,361,467,144,504,652,187,548,735,191,500,697,207,518,730,168,240,413,160,277,436,213,334,544,231,41,272,275,42,311,314,61,374,219,115,338,263,124,381,302,187,490,60,50,112,41,24,67,60,61,117,2300,1962,4268,2422,2092,4508,3009,2738,5748
212031300,433,220,650,452,254,708,496,304,797,299,426,722,334,479,817,415,627,1039,1351,192,1542,1356,224,1577,1383,240,1629,176,627,805,254,798,1047,285,922,1208,305,993,1297,288,866,1154,337,844,1180,316,581,901,343,548,887,273,529,803,980,166,1143,937,132,1073,1036,193,1228,731,475,1209,778,441,1223,849,546,1395,130,85,209,101,58,158,143,99,233,4714,3764,8478,4834,3807,8646,5209,4300,9510
212031303,338,146,487,446,184,634,746,408,1159,146,247,388,224,364,585,533,969,1502,627,105,733,761,121,882,1357,262,1617,55,189,244,92,316,410,303,815,1118,72,495,563,109,631,739,264,1025,1296,137,187,333,144,289,436,294,474,765,264,27,289,293,38,334,631,98,728,248,116,365,304,123,432,589,292,879,41,31,70,36,22,60,106,64,171,1923,1546,3468,2414,2092,4505,4825,4415,9240
212031304,173,96,264,371,246,610,560,375,932,149,178,331,367,520,884,633,968,1607,619,80,693,1073,162,1231,1406,245,1656,79,315,392,204,686,893,299,1078,1378,166,404,572,269,659,933,380,890,1273,121,217,337,270,415,687,324,505,831,535,96,629,821,136,963,1046,191,1241,372,263,641,597,347,945,832,513,1341,66,44,104,74,45,114,124,93,212,2277,1700,3972,4046,3220,7259,5604,4861,10469
212031306,420,216,633,520,228,750,586,320,906,530,521,1058,658,723,1384,830,1031,1863,782,123,906,826,143,972,974,162,1134,120,377,497,184,557,740,246,754,999,283,713,996,318,740,1053,440,760,1205,245,282,525,311,374,679,295,381,678,494,93,588,608,97,698,742,125,865,327,256,578,440,310,757,541,405,945,87,58,141,67,60,129,146,101,246,3287,2636,5919,3926,3228,7152,4804,4040,8847
212031308,263,153,417,308,141,454,303,164,466,151,268,424,142,285,428,156,322,480,740,107,845,677,129,798,784,117,899,69,279,347,59,302,367,75,378,457,92,483,571,84,511,594,77,506,582,125,245,371,124,249,372,144,234,378,353,48,401,301,42,340,314,38,357,323,147,469,314,162,478,295,165,459,55,29,86,43,30,72,41,32,79,2171,1768,3934,2054,1850,3904,2176,1957,4139
212031457,564,230,793,566,236,795,533,302,834,455,511,962,497,600,1098,527,638,1166,885,125,1015,922,128,1051,923,156,1081,137,390,526,169,529,701,169,544,706,257,891,1147,228,828,1054,263,804,1067,319,429,745,306,485,790,291,404,690,386,67,452,384,67,450,419,64,484,350,194,549,372,192,568,417,214,622,71,53,123,56,45,101,71,48,120,3415,2885,6303,3494,3112,6605,3609,3164,6771
212031458,519,245,758,490,234,719,456,291,746,435,506,944,438,563,1001,521,608,1128,1117,151,1269,1085,160,1243,1237,173,1406,163,500,664,199,625,821,181,721,904,359,924,1282,324,825,1153,296,769,1058,297,481,782,300,538,843,282,456,739,688,113,802,647,126,769,635,127,769,503,322,824,570,329,902,581,362,945,107,78,180,92,62,152,124,74,191,4179,3318,7497,4146,3460,7612,4312,3575,7892
212031555,3,0,0,125,51,178,434,212,641,0,0,0,182,210,389,601,708,1312,0,0,0,159,35,200,482,119,600,0,0,0,35,109,141,147,443,585,0,0,0,64,160,226,223,503,726,0,0,0,56,90,145,179,240,415,0,0,0,70,10,79,352,45,395,0,0,0,90,28,121,270,137,409,0,0,0,0,7,10,53,45,96,3,0,0,793,702,1492,2736,2447,5187
212031556,11,0,15,23,6,30,461,281,745,14,0,11,9,12,29,622,842,1459,7,3,9,27,7,31,933,191,1122,0,4,4,3,13,17,285,792,1077,0,13,13,6,29,34,298,606,909,0,9,9,10,16,23,233,331,565,5,0,10,14,0,14,771,102,874,3,0,3,3,0,7,461,254,718,0,0,0,0,5,4,83,73,158,38,39,77,95,89,183,4152,3472,7620
212031557,222,121,348,530,298,825,551,346,891,237,304,541,522,765,1292,655,986,1639,529,73,601,1089,196,1285,1464,229,1694,80,248,324,281,791,1074,380,1142,1520,128,435,560,334,872,1208,423,873,1294,122,214,338,339,467,809,384,572,955,323,62,380,767,90,859,1095,158,1247,224,125,347,592,314,906,772,484,1251,44,34,79,94,75,167,130,104,233,1902,1608,3520,4547,3875,8424,5840,4884,10730
212031558,9,5,18,127,79,206,323,229,549,11,12,23,110,167,277,379,559,935,27,7,36,253,40,292,714,116,829,4,14,16,56,173,230,207,676,887,13,20,23,87,175,264,240,470,707,13,12,24,60,111,172,185,287,474,20,3,27,141,24,164,595,96,690,16,7,22,124,53,176,386,249,637,0,4,4,17,17,33,83,55,141,120,80,195,973,838,1810,3107,2742,5848
212031559,115,61,174,277,152,424,410,243,652,155,177,328,357,405,766,579,679,1252,237,33,274,474,82,558,723,112,840,34,99,141,119,339,456,180,596,777,75,211,292,172,430,600,222,521,743,60,106,169,126,235,363,223,321,544,133,13,149,282,46,331,473,64,543,90,42,132,242,128,370,349,246,594,25,13,34,33,15,50,75,55,133,925,764,1687,2087,1831,3920,3233,2837,6066
212031560,294,158,455,290,161,449,289,175,463,229,263,497,237,300,536,327,377,700,867,100,971,808,110,914,792,116,905,117,404,510,134,496,630,145,513,660,202,670,870,222,532,752,200,513,707,211,403,614,235,396,633,179,317,493,589,107,700,601,90,689,619,118,731,411,261,672,440,281,720,415,305,719,80,53,136,50,47,94,60,40,98,2995,2424,5422,3015,2411,5422,3014,2465,5480
212031561,193,102,300,208,103,311,233,139,377,197,253,450,227,292,519,265,351,616,800,96,899,797,86,884,830,96,932,113,382,497,156,495,653,149,494,637,199,541,741,203,481,681,212,458,672,169,275,445,188,277,468,180,250,430,675,128,803,630,126,758,645,132,774,493,356,852,561,349,912,514,373,884,83,74,158,72,47,117,98,52,151,2937,2207,5144,3042,2264,5311,3130,2349,5477
212031562,186,100,287,203,93,293,197,149,344,226,260,482,210,245,453,280,343,620,834,110,943,842,99,943,855,116,968,112,332,449,161,483,646,171,516,693,218,539,762,197,472,667,212,422,633,160,270,431,185,272,459,170,253,425,719,142,859,673,136,809,706,147,855,500,375,873,546,345,888,536,393,926,98,69,163,84,46,130,101,62,165,3049,2200,5252,3103,2187,5290,3234,2392,5626
212041309,325,183,507,326,191,516,382,228,609,422,498,923,467,553,1019,565,648,1215,668,127,801,633,116,752,548,108,659,132,328,466,143,355,496,136,388,527,281,597,876,268,571,836,228,519,752,234,358,596,263,371,635,229,277,509,414,78,495,330,56,388,286,56,341,367,224,590,377,213,586,318,193,512,76,49,123,61,39,99,78,43,124,2929,2444,5374,2867,2453,5328,2775,2459,5236
212041310,199,122,324,286,144,426,308,187,491,451,401,853,511,532,1046,748,791,1537,649,114,761,683,119,798,737,132,870,160,298,458,167,390,560,173,530,704,244,455,696,234,421,658,307,492,800,221,300,519,236,282,522,226,249,470,506,82,591,409,77,487,513,101,608,488,276,767,521,293,813,521,346,864,79,50,137,52,47,101,109,59,170,3005,2102,5116,3096,2308,5409,3634,2891,6516
212041312,435,217,649,469,222,694,459,297,754,579,617,1195,564,682,1241,736,845,1585,1361,195,1559,1381,199,1583,1306,218,1524,200,578,776,257,707,968,264,756,1015,373,970,1344,359,842,1202,349,808,1157,335,524,861,379,526,903,305,484,783,884,189,1070,783,148,934,883,139,1022,754,492,1244,766,425,1187,775,482,1257,168,111,275,107,56,168,132,84,220,5092,3885,8975,5071,3806,8879,5196,4111,9310
212041313,497,225,729,460,238,690,483,325,809,469,543,1007,479,571,1044,473,638,1112,717,85,799,668,99,764,664,105,772,132,310,438,129,294,424,126,335,459,209,746,955,189,674,864,200,645,850,245,386,638,267,399,662,230,327,562,222,36,252,218,31,248,210,36,246,245,115,362,260,108,369,269,112,381,65,57,122,37,34,70,41,27,68,2793,2507,5300,2705,2433,5134,2700,2560,5259
212041316,162,85,241,168,92,259,151,114,269,202,212,408,207,238,450,253,304,554,403,72,475,402,69,471,386,56,436,69,181,250,82,224,302,72,265,337,149,356,500,108,315,427,126,282,411,132,174,300,121,188,311,129,165,284,331,63,389,306,43,354,297,53,348,289,162,452,259,163,424,299,150,456,62,39,100,45,25,70,56,21,76,1789,1335,3123,1699,1363,3065,1763,1415,3177
212041317,307,153,456,334,174,511,409,253,666,453,417,866,548,535,1083,733,742,1475,985,231,1218,958,244,1204,1067,244,1309,219,461,678,294,613,901,287,764,1052,298,480,778,284,417,696,319,501,821,226,355,584,312,477,788,299,448,742,983,220,1199,869,193,1061,895,233,1126,892,621,1511,1008,639,1643,1090,786,1881,163,101,263,140,84,229,231,113,344,4525,3026,7554,4736,3361,8097,5335,4081,9421
212041318,208,119,328,223,143,366,225,170,403,265,272,542,273,287,569,322,348,667,625,136,758,565,109,673,549,133,683,105,279,384,132,394,529,133,458,587,182,402,586,180,357,534,151,346,494,167,303,464,206,321,528,165,277,441,575,149,719,571,156,732,628,178,804,545,439,983,596,469,1063,688,549,1238,115,72,182,79,52,132,108,50,155,2778,2169,4949,2834,2288,5119,2960,2504,5459
212041459,207,106,308,258,105,362,224,136,358,326,321,642,374,374,746,455,472,924,610,112,725,621,145,765,670,168,836,147,354,502,229,473,702,218,590,806,235,445,682,229,400,632,239,379,619,179,210,393,211,226,434,168,202,370,546,87,635,563,79,640,610,137,746,473,287,758,606,331,931,605,423,1028,88,61,145,85,53,136,107,58,161,2808,1983,4795,3166,2182,5352,3282,2567,5851
212041460,265,123,388,295,168,463,328,221,550,384,390,779,463,414,870,583,577,1153,802,142,944,844,188,1038,862,216,1076,196,491,688,231,633,865,252,822,1076,290,572,860,303,494,796,280,469,751,248,318,562,265,391,656,224,381,603,805,168,966,775,142,923,919,204,1128,682,516,1198,799,595,1399,977,825,1803,154,89,243,130,62,199,151,116,261,3830,2802,6631,4114,3091,7205,4566,3838,8398
212041563,250,130,377,281,134,418,291,170,456,386,375,759,443,410,855,526,538,1069,1080,161,1248,1381,142,1524,1353,191,1546,242,470,712,272,568,831,282,733,1012,284,501,779,262,410,671,289,456,747,271,282,550,301,305,609,234,320,547,781,134,915,881,111,994,956,135,1097,854,419,1278,1039,451,1489,887,555,1445,178,81,260,135,68,208,156,86,241,4318,2561,6879,4985,2604,7591,4978,3185,8158
212041564,121,44,169,173,73,254,209,70,277,100,93,190,157,134,297,194,202,394,303,52,357,537,78,613,551,63,615,36,95,134,87,229,311,75,209,293,68,130,193,86,169,256,123,196,319,80,96,176,125,149,276,112,150,258,321,50,372,412,41,454,467,76,543,273,148,420,428,166,597,390,253,639,59,35,97,77,20,101,75,38,116,1360,746,2105,2090,1065,3150,2196,1251,3452
212041565,336,185,517,317,204,524,313,209,522,376,432,807,366,395,766,419,479,897,850,142,990,740,125,869,717,142,861,122,398,521,160,465,625,148,486,641,296,678,969,273,559,825,267,508,778,234,358,593,238,400,631,201,311,512,717,155,879,656,178,834,699,170,870,591,474,1064,608,475,1083,644,546,1193,116,83,195,88,43,131,108,83,188,3633,2911,6540,3440,2842,6281,3516,2940,6454
212041566,240,102,342,544,263,807,706,440,1147,251,244,499,619,667,1285,958,1054,2012,259,55,316,511,116,632,760,172,931,36,99,136,97,294,388,174,438,615,100,292,398,266,588,860,332,735,1069,98,145,238,227,361,587,301,442,743,157,43,201,313,61,378,461,107,564,168,141,307,301,237,535,452,336,796,48,36,87,57,40,97,86,72,155,1364,1161,2526,2941,2624,5557,4230,3795,8026
212051319,695,379,1074,787,451,1242,906,613,1523,1141,1083,2221,1266,1348,2611,1697,1703,3396,718,170,890,724,175,899,741,165,909,231,422,650,252,537,790,315,660,974,338,810,1147,360,830,1185,390,859,1246,358,397,754,372,472,847,382,464,850,273,37,309,242,30,272,265,30,298,349,192,542,340,178,521,398,198,598,99,66,165,84,58,140,129,78,204,4202,3559,7762,4419,4079,8500,5233,4773,10010
212051321,832,423,1255,887,454,1342,944,535,1481,1582,1390,2969,1600,1348,2948,1716,1538,3253,745,151,900,622,142,772,676,197,874,270,517,787,242,523,762,268,620,886,440,1092,1536,382,847,1227,375,837,1207,381,499,877,417,504,925,393,462,856,237,54,290,216,44,258,276,58,335,333,202,536,346,203,546,370,211,582,86,69,155,97,69,161,93,105,197,4910,4389,9307,4805,4131,8940,5107,4566,9664
212051322,723,336,1059,780,401,1183,927,493,1414,1357,1225,2581,1352,1267,2620,1693,1552,3239,695,150,848,648,174,823,705,206,913,235,459,688,216,513,731,201,606,810,366,861,1228,373,797,1174,432,800,1228,380,431,808,396,457,855,367,440,810,234,49,284,220,29,249,311,55,368,352,209,561,379,202,586,403,230,632,91,80,171,89,64,157,125,80,207,4428,3801,8231,4465,3909,8376,5155,4469,9622
212051323,630,338,965,674,345,1019,761,469,1239,1120,1119,2244,1125,1182,2307,1326,1348,2679,551,133,679,491,113,607,516,148,662,179,365,548,195,418,611,188,428,617,299,774,1077,280,686,967,323,699,1016,312,379,694,322,369,690,309,382,692,159,25,181,158,20,180,183,30,214,284,142,424,275,133,403,290,155,444,80,50,130,60,54,112,91,70,159,3611,3331,6941,3569,3327,6897,3995,3736,7724
212051324,727,376,1105,802,446,1249,909,539,1448,1292,1182,2473,1365,1320,2684,1616,1530,3140,702,141,843,672,162,831,688,177,861,185,428,615,227,410,636,230,514,747,358,920,1281,347,845,1191,392,876,1262,351,455,805,317,472,788,340,443,787,224,31,249,213,32,248,257,28,287,330,158,483,353,161,516,380,180,561,87,62,146,93,57,152,116,87,208,4252,3747,8000,4394,3917,8308,4909,4385,9297
212051325,665,368,1032,753,402,1154,785,482,1270,974,997,1974,1091,1093,2188,1237,1300,2533,1010,175,1185,922,160,1088,920,182,1106,183,478,661,217,499,715,251,618,869,404,992,1405,451,960,1413,435,933,1372,390,494,882,387,546,934,335,476,809,477,79,557,402,72,469,432,88,522,432,290,720,438,260,700,514,265,779,118,86,203,90,67,153,123,99,226,4656,3955,8615,4751,4059,8810,5034,4444,9479
212051326,687,389,1074,785,463,1244,967,632,1600,1267,1304,2567,1382,1444,2828,1751,2030,3781,1062,205,1270,1033,207,1245,1050,276,1328,283,547,826,300,650,950,359,776,1132,501,1098,1597,440,998,1438,511,1092,1597,440,540,974,422,588,1010,518,599,1113,407,54,461,381,38,421,455,79,532,506,230,731,520,266,789,555,272,831,119,99,216,91,58,148,122,104,226,5259,4469,9727,5354,4722,10069,6284,5853,12138
212051327,986,404,1386,980,454,1433,941,520,1465,1348,1291,2631,1322,1311,2636,1392,1401,2790,859,187,1041,674,162,834,727,154,878,242,427,672,226,505,732,214,511,725,399,1172,1569,362,978,1337,385,916,1295,425,580,999,371,519,885,349,500,853,264,50,313,245,39,291,245,41,286,328,175,501,326,154,476,354,169,518,121,81,202,101,60,155,96,80,174,4970,4351,9328,4598,4184,8781,4694,4287,8980
212051567,101,60,158,150,91,245,205,125,334,401,282,686,560,450,1009,746,690,1438,188,40,232,212,72,282,293,88,376,94,173,267,148,283,428,216,414,629,115,204,321,140,236,375,178,283,462,143,171,309,157,194,354,219,240,455,82,10,91,113,9,119,225,32,257,153,63,211,176,79,250,312,149,468,28,25,51,24,9,33,60,41,98,1303,1022,2321,1669,1427,3092,2454,2069,4520
212051568,240,88,328,271,123,397,278,143,422,619,584,1200,745,644,1386,933,849,1782,515,115,628,464,125,591,601,143,738,176,305,487,168,306,470,220,473,692,212,392,608,221,380,608,288,404,693,215,225,439,226,221,445,256,275,530,267,37,301,254,30,289,479,74,546,358,179,537,348,169,518,555,316,871,74,43,117,58,37,96,91,74,168,2684,1965,4645,2758,2041,4798,3703,2749,6450
213011328,103,66,172,135,102,232,159,127,287,194,199,392,261,265,525,316,376,697,371,41,409,385,63,447,391,64,460,125,203,325,131,260,392,139,277,416,164,278,442,132,245,381,137,265,407,117,138,254,129,134,261,104,130,229,338,46,382,318,44,361,320,59,380,313,145,456,371,162,540,274,153,427,52,39,85,64,26,86,70,23,94,1761,1148,2915,1918,1301,3217,1904,1481,3388
213011329,229,134,362,273,148,420,249,180,427,312,369,681,344,407,749,377,477,853,434,99,531,401,109,506,453,99,550,81,222,305,97,263,366,102,325,431,192,390,582,208,425,635,228,465,693,151,222,368,158,322,476,155,270,428,423,86,508,442,75,514,476,105,581,324,216,537,378,227,603,353,233,583,75,60,136,69,36,100,90,63,157,2226,1792,4016,2368,2004,4378,2481,2223,4701
213011331,147,82,226,161,94,250,150,104,251,155,199,352,158,233,392,182,265,447,512,80,596,400,76,472,430,75,504,93,257,348,102,269,370,99,282,381,122,409,532,139,368,511,177,350,524,127,275,398,126,277,407,128,255,379,424,82,506,420,91,514,411,104,517,356,235,588,375,211,585,311,200,515,62,45,106,52,35,80,39,44,82,2002,1653,3650,1927,1658,3583,1909,1681,3589
213011332,338,184,525,349,196,547,341,232,569,432,509,945,449,520,963,434,607,1041,867,148,1019,739,144,881,698,125,826,160,437,600,168,408,584,164,426,589,270,806,1076,245,677,925,285,631,914,272,447,721,223,409,633,188,360,554,540,67,608,522,56,577,426,69,495,448,219,663,431,210,643,362,199,565,116,77,192,53,41,96,64,46,114,3455,2904,6351,3187,2662,5853,2971,2702,5672
213011333,157,94,245,160,100,263,141,115,251,198,276,473,194,261,462,238,287,528,613,104,722,617,118,736,689,92,787,139,330,472,157,392,550,137,450,588,208,474,680,184,382,569,195,364,555,166,317,485,186,306,484,151,282,437,667,135,804,629,119,749,645,142,785,622,377,999,587,398,988,534,413,945,104,71,172,88,60,139,101,49,157,2872,2175,5048,2807,2137,4944,2833,2204,5039
213011334,229,117,348,256,144,399,261,184,441,316,347,661,345,402,743,400,485,888,874,187,1058,911,194,1112,922,202,1123,208,475,676,244,575,818,238,711,946,277,542,814,232,485,720,287,486,771,221,343,561,247,405,651,222,363,588,807,122,925,823,127,949,878,184,1061,752,427,1176,879,484,1367,808,553,1356,175,108,278,116,77,193,163,101,265,3843,2657,6500,4060,2893,6955,4171,3274,7440
213011335,193,108,301,188,128,316,235,166,397,273,363,633,276,349,624,381,483,867,682,138,817,684,171,857,735,158,891,180,374,555,220,500,717,220,596,817,222,440,663,220,404,622,239,407,644,165,274,443,183,335,516,157,295,447,664,128,793,786,126,912,788,164,946,680,431,1110,850,487,1336,655,504,1156,173,87,260,129,58,188,127,87,217,3219,2347,5565,3533,2557,6092,3534,2852,6387
213011336,148,101,251,211,116,335,229,149,387,304,344,649,345,409,751,454,564,1024,413,70,491,487,82,566,488,59,545,122,226,357,164,283,448,139,374,511,168,342,510,186,345,533,194,337,537,125,188,313,139,208,342,157,161,313,309,43,350,333,63,395,372,62,433,413,190,607,453,207,667,351,208,558,78,45,123,56,29,88,69,41,109,2088,1559,3648,2373,1743,4120,2457,1958,4414
213011337,152,102,253,179,113,294,250,178,421,215,245,461,246,339,581,374,460,832,497,83,580,502,107,614,562,106,673,108,248,360,154,344,499,140,383,522,170,273,442,167,308,478,205,378,581,127,213,336,168,247,417,147,260,411,420,110,526,431,113,547,504,117,622,386,261,649,511,295,808,465,287,753,83,57,137,102,65,170,89,60,148,2161,1587,3750,2476,1931,4413,2723,2233,4961
213011338,253,146,399,290,183,473,355,250,604,340,393,736,431,538,964,561,685,1249,733,124,861,760,126,890,788,166,953,176,365,538,232,515,741,229,543,767,256,606,861,317,589,903,346,577,926,235,328,561,267,397,663,255,370,630,794,128,921,832,132,963,861,174,1035,638,406,1045,746,409,1152,693,407,1101,157,65,224,136,73,203,157,73,230,3582,2564,6147,3996,2962,6965,4243,3254,7498
213011339,319,154,475,336,179,513,309,215,526,388,430,821,382,463,841,408,549,959,737,114,857,670,107,780,678,120,803,145,398,541,172,453,629,195,497,697,261,699,958,240,648,888,238,606,843,210,370,582,242,386,629,190,372,559,513,48,556,536,44,579,495,60,560,419,214,632,425,212,641,432,206,634,94,56,147,75,37,112,73,58,132,3085,2490,5574,3071,2532,5601,3013,2689,5704
213011340,788,351,1137,830,351,1181,780,391,1178,710,773,1487,704,881,1582,742,1033,1773,1253,176,1422,1118,160,1282,1041,162,1198,225,535,762,275,538,815,241,574,814,437,1305,1740,390,1181,1567,397,1083,1482,480,820,1302,432,714,1144,363,581,936,611,72,686,562,63,628,542,87,628,502,251,750,495,251,745,484,214,699,131,98,226,81,73,150,111,96,205,5134,4377,9511,4882,4206,9083,4710,4225,8929
213011569,270,167,437,314,208,520,295,195,487,360,474,830,378,518,897,473,595,1065,847,116,966,807,144,950,837,164,999,196,538,737,257,602,858,262,630,893,294,663,961,321,645,960,289,617,907,218,368,594,205,400,599,206,322,529,857,113,962,917,138,1048,857,160,1020,599,323,922,657,405,1067,626,430,1050,140,95,229,122,82,202,146,92,240,3787,2854,6642,3976,3132,7103,3984,3204,7191
213011570,166,85,250,233,107,341,213,157,374,264,298,563,304,413,712,358,427,785,343,67,411,376,89,464,380,71,457,75,144,222,113,239,349,110,289,401,145,363,507,209,419,628,196,400,597,90,152,239,126,201,323,106,164,274,307,54,362,380,73,456,450,117,574,222,106,327,264,154,418,251,183,435,47,36,81,49,42,89,68,51,116,1648,1307,2957,2053,1730,3784,2141,1870,4012
213021341,429,230,657,527,323,858,657,442,1099,573,703,1274,685,873,1551,794,1120,1915,702,111,816,641,136,777,637,127,767,174,317,492,198,381,573,225,421,649,261,707,974,255,691,945,248,710,962,188,250,443,200,308,510,176,290,467,321,46,368,304,37,343,239,50,292,288,125,413,266,108,369,284,134,417,67,39,115,63,36,100,94,59,154,3019,2535,5546,3136,2893,6026,3359,3355,6710
213021342,492,266,758,505,294,796,530,349,876,615,741,1351,692,851,1535,687,1027,1718,1221,211,1439,1085,183,1267,1041,196,1237,228,592,824,270,675,944,267,699,962,406,1137,1539,418,1010,1426,353,958,1309,304,538,840,290,552,840,254,471,727,876,124,1001,804,134,943,688,138,826,686,382,1069,607,378,986,514,246,753,126,83,204,101,59,157,120,96,213,4952,4070,9032,4781,4121,8903,4440,4176,8617
213021343,307,161,463,438,264,697,578,394,976,397,449,844,468,646,1117,661,944,1611,641,84,725,737,97,832,736,130,865,137,274,407,188,354,541,188,370,562,188,468,658,235,557,793,261,683,943,198,244,442,250,302,550,244,278,520,430,61,490,391,58,447,398,75,474,391,198,587,361,149,513,338,161,500,77,48,130,68,37,109,84,63,149,2771,1986,4753,3132,2472,5599,3497,3095,6597
213021344,781,517,1294,1004,723,1725,1172,899,2066,1134,1398,2532,1306,1652,2959,1501,1961,3461,823,154,980,817,171,991,788,163,951,258,443,699,279,484,764,323,507,830,366,934,1302,353,949,1304,365,940,1305,244,374,627,309,383,683,288,390,681,321,9,334,317,31,348,274,51,327,347,123,468,330,127,456,347,129,478,129,77,212,90,63,155,84,60,144,4404,4032,8443,4800,4586,9382,5148,5105,10252
213021345,159,100,255,149,92,235,155,99,255,172,213,382,237,252,486,287,305,594,330,49,377,296,59,361,285,52,337,54,148,201,72,177,249,73,189,261,104,343,439,84,274,359,79,284,358,78,154,238,79,142,223,57,133,194,214,29,241,201,35,238,160,36,192,171,84,255,153,67,220,128,52,180,40,18,61,29,21,45,41,21,60,1317,1131,2443,1295,1124,2421,1264,1169,2428
213021346,909,468,1376,978,589,1569,1076,692,1763,1132,1287,2416,1107,1364,2471,1217,1516,2737,590,125,711,535,111,644,547,106,659,194,358,554,236,390,628,229,469,699,272,841,1115,261,752,1015,285,758,1040,260,308,564,281,368,656,274,327,603,179,25,198,139,12,146,152,28,179,210,84,292,211,86,293,283,108,385,99,58,157,87,54,141,66,65,134,3840,3552,7390,3837,3723,7557,4129,4060,8194
213031347,312,202,514,439,313,752,539,437,978,586,605,1193,771,865,1638,1111,1214,2330,596,140,732,723,181,904,719,225,942,236,408,645,323,597,918,367,678,1041,305,550,856,380,586,959,417,743,1159,228,326,555,329,405,731,322,426,752,481,93,578,585,89,674,673,127,802,535,277,810,692,330,1024,600,393,987,137,70,206,109,84,194,159,87,245,3412,2669,6087,4350,3451,7800,4911,4322,9234
213031348,317,230,550,489,404,892,669,550,1220,825,823,1642,1174,1217,2388,1591,1697,3289,517,132,647,661,164,828,691,239,933,273,341,612,381,586,967,406,640,1041,323,517,843,409,577,982,475,774,1244,276,261,537,399,372,771,325,345,668,327,32,359,364,49,414,396,81,468,485,234,718,571,262,836,459,316,775,100,63,161,94,69,166,120,74,194,3450,2631,6075,4533,3703,8245,5132,4713,9841
213031349,497,270,764,583,398,983,671,477,1150,706,771,1473,876,891,1767,1068,1149,2218,452,114,564,512,122,637,482,128,607,178,276,455,272,451,721,274,451,725,272,623,896,313,633,943,349,654,1000,222,324,548,310,406,724,274,346,624,253,53,304,235,43,278,316,54,371,244,130,372,316,176,493,302,179,483,102,45,146,69,54,117,82,58,141,2918,2601,5522,3491,3175,6666,3810,3507,7320
213031350,359,267,624,444,362,809,522,479,1008,743,841,1584,827,990,1822,973,1145,2114,384,74,456,338,89,419,356,78,432,177,222,394,187,262,439,165,262,428,222,420,643,207,426,629,204,389,596,145,167,311,166,191,353,143,183,334,149,21,175,137,17,155,134,25,155,186,82,269,203,97,295,158,68,224,61,40,104,46,40,81,35,35,70,2426,2134,4560,2547,2469,5018,2699,2669,5363
213031351,285,220,501,415,307,719,512,442,955,629,601,1227,749,866,1610,952,1121,2075,510,114,621,487,127,612,499,129,633,213,296,509,236,374,607,220,404,627,269,439,711,271,461,730,276,521,801,185,204,388,241,264,507,179,237,414,312,52,361,310,34,345,291,53,341,358,197,557,395,223,617,308,150,463,67,61,131,57,48,108,49,56,103,2820,2185,5002,3161,2698,5857,3291,3109,6399
213031352,669,508,1176,792,627,1420,945,792,1732,1092,1295,2385,1226,1512,2737,1440,1789,3228,615,145,756,618,151,767,602,158,764,223,395,620,262,420,680,255,445,701,333,739,1064,317,746,1054,315,742,1057,256,312,571,265,360,624,258,363,617,252,42,293,216,25,239,221,37,254,279,115,398,300,136,428,278,127,402,85,75,157,55,45,103,75,69,143,3802,3618,7424,4053,4008,8057,4389,4519,8901
213041353,619,251,868,670,364,1034,820,494,1310,480,771,1252,521,947,1466,713,1336,2040,1222,189,1412,1339,204,1541,1776,313,2084,224,607,833,278,791,1073,394,1116,1507,242,995,1238,289,1069,1362,389,1373,1760,235,505,745,274,604,883,344,661,1004,725,70,798,845,86,935,963,131,1091,516,248,764,585,268,847,742,333,1073,96,61,158,105,59,164,131,88,218,4354,3708,8065,4915,4394,9306,6266,5835,12099
213041358,359,213,570,405,255,656,454,297,752,313,451,762,336,539,876,397,688,1087,1000,133,1135,1036,164,1195,1167,172,1336,218,547,759,258,725,983,351,922,1273,274,853,1127,316,840,1161,312,892,1204,240,487,722,265,569,833,291,616,907,665,88,756,843,114,961,1026,184,1208,476,232,708,545,259,806,688,340,1025,87,62,147,108,52,163,132,78,207,3623,3062,6684,4115,3523,7639,4806,4201,9005
213041359,46,19,68,43,14,62,422,295,717,19,20,43,20,23,43,706,876,1581,115,18,128,101,11,120,824,168,996,9,50,59,17,58,76,217,677,899,21,87,109,19,76,95,337,644,973,22,59,83,24,59,85,215,296,510,119,13,132,114,11,128,901,105,1005,86,30,118,63,30,96,454,203,659,7,16,21,11,12,28,117,97,208,459,305,763,415,308,724,4197,3353,7554
213041360,505,283,794,671,379,1048,769,434,1207,607,700,1305,675,846,1522,796,1054,1844,938,157,1099,1008,187,1196,997,179,1181,164,398,565,217,592,808,231,715,947,349,955,1306,421,1051,1465,421,1065,1485,294,449,739,361,563,926,376,624,1000,608,95,699,724,85,799,713,134,843,476,226,700,563,265,829,587,249,833,109,77,187,113,66,177,113,107,221,4055,3338,7389,4749,4027,8777,5008,4557,9564
213041461,93,43,138,92,57,147,135,89,228,88,141,233,127,153,288,200,261,462,231,27,261,215,44,256,287,56,341,50,135,187,59,183,239,89,213,298,91,190,283,85,196,283,115,241,358,60,119,182,75,123,204,80,138,220,235,31,264,239,34,274,244,43,286,181,127,298,188,108,298,161,109,269,29,22,50,26,23,52,37,29,66,1060,830,1890,1108,924,2037,1357,1179,2531
213041462,138,86,223,166,92,262,187,128,320,206,253,462,221,284,512,291,357,644,265,54,323,301,65,365,291,50,338,56,149,202,86,203,292,94,257,352,123,278,400,140,280,417,142,286,428,85,157,239,94,162,254,85,158,242,247,38,283,269,27,294,265,40,307,167,106,277,198,108,300,179,104,275,39,35,76,22,22,42,46,29,77,1335,1149,2482,1497,1242,2738,1581,1406,2985
213041463,639,341,989,773,439,1212,767,474,1240,759,924,1685,822,1030,1850,940,1234,2177,989,173,1157,990,199,1188,1054,179,1227,214,496,712,249,683,934,265,834,1097,405,1017,1427,425,1057,1475,426,1030,1457,271,453,724,384,597,983,365,597,960,631,74,708,717,100,814,713,130,843,461,215,674,526,247,770,584,289,870,108,92,201,109,65,168,128,109,236,4482,3787,8271,4991,4409,9400,5243,4873,10118
213041571,172,105,272,230,140,369,202,139,346,160,184,347,195,260,459,235,286,522,460,72,531,523,62,588,518,62,582,86,218,294,111,342,456,154,418,569,120,386,509,146,458,604,151,400,555,106,190,298,155,266,424,136,267,395,282,31,315,372,41,417,484,74,557,202,77,275,254,132,385,292,160,452,37,37,77,44,31,73,68,35,99,1616,1299,2915,2037,1735,3772,2237,1841,4081
213041572,16,4,18,32,13,43,158,106,264,0,4,7,25,26,46,290,347,635,41,0,46,96,14,106,381,76,463,0,9,7,21,45,72,142,361,504,3,31,31,23,57,75,175,290,468,0,6,7,8,24,34,97,157,253,16,6,19,46,16,54,509,71,580,8,5,9,27,12,37,231,102,329,0,0,0,5,9,12,45,37,79,88,70,154,274,213,485,2024,1557,3574
213041573,50,27,70,129,73,207,143,92,237,45,54,105,121,190,310,125,181,301,63,11,74,188,23,212,216,25,248,11,23,31,47,112,159,35,115,154,23,53,71,84,175,257,51,186,241,12,20,36,49,74,120,67,104,171,31,0,27,86,8,96,87,18,110,29,5,30,61,30,85,57,26,83,4,5,10,13,5,11,12,9,20,256,200,458,779,687,1469,802,765,1566
213041574,17,0,19,144,101,240,330,197,524,5,10,17,174,267,445,446,649,1097,31,5,40,289,39,333,568,97,672,0,15,17,61,158,219,145,403,549,5,26,29,124,268,390,264,576,840,4,12,17,80,144,222,156,285,436,20,0,20,166,25,193,468,53,520,19,9,21,124,36,159,283,134,419,3,0,0,27,28,62,60,44,101,103,71,178,1195,1060,2258,2724,2444,5163
213041575,559,267,832,574,297,870,616,358,970,471,601,1072,513,716,1227,621,925,1549,1140,158,1297,1108,155,1265,1149,164,1310,196,427,625,199,580,780,212,582,792,315,1069,1381,291,1057,1346,337,1048,1386,301,550,846,340,650,994,339,639,984,563,56,617,597,60,652,589,78,671,474,195,668,529,196,724,558,208,768,116,71,185,67,49,117,120,63,188,4133,3399,7528,4228,3759,7982,4535,4070,8609
213041576,281,147,424,265,171,434,272,190,462,198,298,492,192,289,483,216,363,575,723,124,846,734,104,840,737,105,848,144,372,517,154,432,587,161,513,667,181,560,740,155,562,718,180,574,756,151,352,505,173,354,523,142,336,477,509,60,570,526,68,597,599,94,693,373,152,526,338,160,503,388,203,597,63,43,105,65,35,101,65,48,112,2625,2112,4737,2611,2180,4791,2770,2415,5188
213041577,125,99,224,110,85,194,106,85,187,122,164,287,102,157,259,85,132,220,448,61,513,374,66,443,347,40,389,93,269,353,98,262,358,109,275,383,139,357,494,112,305,418,98,254,354,120,217,338,103,179,277,82,163,250,380,50,430,382,43,426,355,55,413,237,127,358,267,133,401,250,123,372,58,36,90,39,15,47,50,32,79,1717,1369,3092,1583,1238,2820,1481,1161,2642
213041578,132,81,209,164,114,276,261,162,423,133,167,299,170,220,391,354,385,744,496,67,563,501,87,586,702,125,827,120,287,405,146,357,509,226,662,886,142,401,542,156,416,568,229,478,707,118,238,354,116,256,366,139,319,463,452,48,497,523,70,590,817,163,979,269,179,450,338,180,519,521,261,778,63,31,92,50,40,88,95,48,147,1916,1496,3413,2159,1736,3903,3339,2611,5956
213051361,548,297,843,497,276,775,466,341,804,569,693,1262,588,688,1271,624,815,1440,1282,195,1477,1189,180,1375,1132,176,1305,231,676,900,288,793,1074,252,724,980,425,1223,1648,378,1067,1445,339,875,1214,350,691,1043,404,648,1052,319,515,830,891,159,1046,965,136,1104,903,175,1076,645,327,974,656,328,985,635,313,948,125,73,205,109,72,176,102,76,176,5070,4340,9414,5068,4187,9253,4765,4005,8766
213051362,441,226,669,407,237,643,377,268,644,602,616,1216,546,619,1162,617,709,1329,1113,180,1286,992,199,1190,919,167,1089,275,638,910,286,675,962,258,661,922,411,1057,1471,410,869,1277,332,770,1097,306,559,867,286,587,877,255,442,694,855,129,987,869,146,1023,806,166,975,639,308,950,654,361,1014,601,354,960,135,74,213,113,61,168,129,69,201,4782,3790,8571,4565,3755,8316,4301,3607,7912
213051363,106,52,155,262,155,418,402,246,654,184,175,362,506,428,934,783,686,1468,278,50,325,412,99,510,512,141,652,96,150,246,137,263,403,162,388,546,109,183,297,182,333,515,251,470,716,76,105,177,152,196,349,200,207,402,273,35,309,332,63,390,508,103,610,258,144,408,364,165,528,401,233,633,48,31,80,68,39,110,72,56,128,1430,933,2364,2416,1738,4159,3286,2517,5809
213051368,472,210,679,486,230,716,679,393,1071,335,411,743,360,490,852,808,912,1721,705,117,820,644,108,750,891,167,1060,138,283,424,150,345,504,255,572,828,178,684,864,154,636,793,282,869,1150,175,352,528,181,315,500,238,422,659,395,52,439,400,46,446,598,87,692,323,150,471,366,163,523,453,231,691,66,45,110,45,41,92,88,84,177,2778,2301,5072,2791,2377,5172,4300,3737,8042
213051464,516,210,728,788,369,1154,1037,558,1590,487,416,903,736,688,1421,1266,1201,2464,264,45,307,512,101,615,730,167,902,81,136,212,164,324,484,251,562,814,146,396,539,272,605,873,385,894,1275,135,168,301,275,304,577,307,426,737,105,18,119,271,36,312,504,95,600,105,36,136,227,106,329,410,183,597,50,32,81,67,54,124,117,91,213,1879,1449,3332,3299,2589,5888,5008,4176,9189
213051466,308,155,466,688,297,989,896,451,1342,555,436,989,1041,844,1894,1628,1389,3021,297,50,346,597,144,744,620,191,810,104,155,256,199,449,647,226,602,825,166,394,565,346,711,1058,360,782,1147,142,159,303,291,367,655,296,374,671,121,8,129,317,42,353,430,91,524,119,58,175,292,143,442,303,179,488,50,31,81,67,41,108,120,114,233,1864,1444,3307,3843,3036,6883,4885,4176,9062
213051467,364,205,572,374,229,602,408,261,663,450,543,990,468,539,1010,520,642,1163,1080,165,1247,938,180,1118,900,181,1077,227,623,851,253,709,958,255,714,965,368,949,1310,336,768,1106,300,692,994,246,518,763,287,542,827,253,446,700,865,153,1013,959,146,1102,843,194,1036,623,363,987,698,374,1069,657,431,1087,125,75,205,102,59,162,105,68,175,4343,3598,7937,4416,3538,7954,4233,3623,7860
213051468,313,170,477,371,181,545,700,425,1118,280,397,676,339,469,807,968,1154,2122,850,106,959,833,146,979,1329,261,1588,172,373,549,192,450,644,386,991,1384,231,768,1000,242,720,961,458,1196,1653,195,332,531,188,386,571,329,589,915,493,62,550,556,81,638,951,173,1125,331,174,507,398,166,565,644,368,1016,73,34,109,53,38,92,140,112,251,2937,2422,5361,3179,2643,5819,5908,5265,11172
213051579,120,68,191,169,98,274,327,168,498,146,153,301,334,294,624,899,663,1560,222,50,271,297,57,351,367,98,465,54,122,179,87,245,334,127,458,587,103,219,321,173,336,503,249,435,692,64,96,162,130,166,297,135,241,378,137,18,150,248,34,285,399,58,461,74,32,110,159,92,254,247,137,383,43,20,68,26,23,47,62,67,127,977,770,1749,1630,1340,2971,2823,2324,5148
213051580,622,270,894,596,297,897,573,330,898,777,772,1554,815,773,1585,874,851,1724,680,113,791,692,137,831,688,135,826,162,345,511,218,478,695,204,533,741,290,772,1066,298,763,1065,292,722,1015,230,364,600,256,385,644,225,412,636,383,47,428,416,55,469,468,78,544,323,149,466,337,166,495,308,183,492,106,72,179,69,46,117,80,72,151,3580,2907,6491,3695,3098,6794,3710,3315,7023
213051581,321,147,470,411,204,620,410,231,645,498,432,935,598,561,1155,700,650,1350,337,55,395,344,78,419,400,105,504,81,159,236,102,277,376,131,333,464,164,407,567,205,403,608,235,472,706,147,161,307,178,225,409,169,238,412,170,21,197,212,38,248,265,62,330,140,49,190,165,70,235,225,99,330,55,40,97,37,35,79,57,47,107,1926,1472,3392,2258,1886,4143,2591,2246,4839
213051582,5,7,11,11,10,19,273,122,394,7,7,13,3,9,10,515,473,988,20,4,21,15,9,22,402,92,490,0,8,6,3,4,8,159,432,595,5,23,25,8,14,21,235,327,561,5,5,13,4,3,7,141,185,326,23,0,23,11,0,11,639,99,736,6,4,12,7,0,10,249,135,389,5,0,3,0,0,3,72,57,125,79,53,131,57,44,105,2690,1919,4613
213051583,480,244,721,723,293,1016,785,392,1174,612,685,1303,1027,1009,2034,1322,1249,2568,885,166,1048,1016,214,1228,1172,274,1440,186,493,683,345,1008,1356,371,1203,1574,432,887,1312,540,1111,1649,607,1027,1629,260,436,689,423,520,943,431,635,1063,694,120,811,1330,196,1526,1609,295,1903,495,217,709,652,359,1012,768,469,1240,95,68,166,133,81,216,199,135,329,4136,3306,7446,6194,4797,10988,7258,5662,12926
213051584,5,0,12,3,7,13,182,85,262,0,5,5,0,4,4,388,339,731,20,4,19,5,0,5,308,73,387,0,0,0,5,4,8,111,300,414,0,15,15,0,8,10,174,240,413,3,6,8,3,5,6,78,113,190,8,0,8,4,0,4,546,105,654,0,4,3,4,0,9,191,129,320,4,4,6,0,0,0,63,27,96,43,36,81,29,21,52,2047,1415,3462
213051585,185,89,274,251,141,390,258,127,385,220,257,476,335,355,688,434,439,876,397,50,451,452,94,542,460,96,554,75,238,312,163,414,578,170,471,643,148,413,561,251,458,712,217,429,645,108,165,279,187,253,432,166,275,436,291,47,336,472,77,553,597,114,707,203,79,281,289,126,420,326,170,497,34,25,65,47,29,75,102,52,150,1657,1374,3028,2446,1957,4404,2730,2167,4899
213051586,0,0,0,0,0,0,228,124,354,0,0,0,0,0,0,491,449,937,5,0,5,0,0,0,347,93,444,0,0,0,0,0,0,144,343,486,0,6,7,0,0,0,215,341,562,0,0,4,0,0,0,119,138,255,0,0,0,0,0,0,618,105,722,0,0,0,0,0,0,247,122,370,0,0,0,0,0,0,70,40,113,12,6,17,3,4,10,2480,1760,4240
213051587,87,37,124,235,103,338,386,202,586,158,137,288,397,322,721,624,601,1225,124,21,149,249,48,296,373,78,454,40,63,100,110,206,315,154,384,542,85,125,208,172,267,439,243,352,596,32,47,79,126,146,273,149,196,345,95,15,106,230,31,263,492,86,577,59,35,91,137,63,202,239,143,382,13,10,30,26,20,50,88,49,144,689,487,1178,1686,1205,2893,2752,2097,4845
213051588,208,135,347,432,212,645,456,247,701,370,326,699,712,636,1352,788,764,1552,430,71,502,700,129,830,734,155,889,115,247,364,269,632,897,274,694,969,208,422,630,389,623,1010,396,609,1008,131,208,335,269,294,563,278,338,620,443,57,497,942,130,1074,1103,161,1262,265,142,407,488,238,726,458,287,745,68,32,102,103,55,159,146,85,235,2230,1653,3883,4303,2956,7259,4637,3344,7984
213051589,61,33,88,89,46,130,191,154,344,50,85,140,80,109,192,467,409,878,154,22,186,157,23,180,418,106,522,29,104,136,54,157,214,152,417,562,37,128,166,65,171,233,209,332,544,42,84,124,52,110,161,121,218,344,135,21,155,190,29,221,385,70,463,112,49,160,150,72,213,263,155,418,19,16,35,22,11,37,63,40,100,647,547,1188,856,727,1586,2277,1900,4176
213051590,271,145,424,312,190,501,307,225,532,306,423,730,350,415,766,477,518,995,718,93,815,741,128,868,703,128,835,162,376,535,234,527,761,220,579,801,234,684,918,271,687,960,273,575,849,165,343,510,209,394,606,181,343,519,543,69,611,629,73,700,640,109,749,331,173,499,385,216,600,426,258,690,65,46,111,45,34,74,82,51,130,2801,2350,5154,3172,2670,5839,3306,2796,6099
214011370,507,297,800,493,326,823,574,481,1052,394,558,951,468,672,1141,559,995,1555,1552,220,1776,1530,254,1783,1771,294,2064,209,704,909,266,911,1175,295,1137,1429,300,1086,1385,346,1128,1478,354,1182,1535,355,650,1007,417,720,1141,379,650,1031,886,138,1021,924,141,1065,912,165,1081,685,436,1121,749,454,1206,859,480,1339,150,81,224,109,62,175,139,86,222,5031,4167,9195,5300,4672,9972,5840,5467,11311
214011371,553,339,897,593,376,966,722,524,1246,749,1027,1774,740,1146,1887,892,1473,2370,1427,235,1661,1405,250,1653,1480,262,1747,327,790,1123,357,966,1323,394,1146,1541,351,1076,1424,293,957,1254,308,995,1308,443,670,1116,425,680,1111,397,629,1023,565,66,630,555,64,621,550,88,644,624,306,930,668,347,1013,674,400,1075,102,102,204,115,74,189,111,74,184,5153,4608,9764,5148,4858,10012,5530,5597,11123
214011372,345,239,582,349,259,603,442,309,754,403,511,915,407,586,993,516,752,1269,1229,194,1425,1126,213,1337,1273,223,1496,220,663,884,241,758,995,253,889,1144,257,753,1010,232,657,882,257,688,943,291,519,806,330,489,818,253,449,704,658,113,773,609,83,685,574,95,665,687,409,1091,661,353,1010,671,367,1036,117,84,202,84,46,134,99,77,165,4208,3472,7683,4028,3432,7463,4335,3845,8179
214011373,856,354,1210,880,436,1318,973,546,1517,848,1071,1917,830,1250,2077,929,1464,2394,1149,159,1310,1094,171,1263,1064,161,1226,223,543,764,287,626,916,295,667,959,279,1037,1312,260,907,1172,267,897,1168,413,647,1061,428,626,1049,363,500,862,261,31,292,273,28,305,255,44,299,411,157,563,376,178,560,440,193,632,107,59,168,64,46,112,79,63,144,4541,4056,8598,4501,4267,8765,4664,4535,9192
214011374,910,403,1308,972,496,1468,946,571,1518,650,1026,1667,640,1138,1781,781,1484,2258,2146,284,2432,2175,314,2486,2179,339,2524,261,873,1134,317,1120,1434,378,1171,1553,329,1691,2019,330,1635,1965,338,1605,1940,496,954,1451,506,949,1456,471,837,1307,675,80,754,646,70,712,639,73,717,794,337,1136,830,343,1165,839,387,1230,133,97,228,110,85,192,138,75,212,6392,5745,12136,6527,6152,12679,6712,6547,13254
214011375,479,230,708,479,346,823,591,409,997,505,761,1260,544,828,1372,619,1076,1697,1183,177,1359,1191,173,1364,1229,205,1431,195,534,735,222,677,897,253,708,958,273,869,1141,216,833,1050,230,825,1056,275,456,733,290,443,736,288,454,745,507,71,582,462,74,539,411,79,491,481,270,755,489,226,708,500,245,751,128,69,197,88,52,135,102,81,179,4033,3438,7474,3986,3653,7636,4229,4083,8309
214011376,513,231,742,655,300,946,675,372,1041,375,505,886,481,660,1141,477,765,1238,809,125,930,880,140,1013,908,143,1054,109,371,475,186,552,738,197,623,815,235,766,1004,236,846,1088,237,794,1034,230,373,603,291,479,766,302,468,766,377,49,426,399,50,450,395,73,466,343,202,546,411,202,614,424,211,636,61,55,119,75,46,116,66,50,119,3056,2673,5728,3606,3272,6881,3675,3497,7169
214021377,305,158,459,403,214,618,581,337,917,253,330,587,346,465,813,387,664,1055,571,91,665,738,124,864,891,146,1034,106,246,347,136,396,531,180,496,679,98,385,484,107,488,592,130,590,716,173,280,451,180,353,525,220,379,604,176,20,193,186,28,214,185,25,214,248,109,362,282,141,431,353,138,493,35,27,70,48,31,78,70,54,123,1972,1652,3626,2422,2243,4667,3000,2838,5832
214021378,348,193,540,377,189,563,489,262,756,289,324,612,280,323,608,361,399,756,307,72,376,282,79,359,272,63,332,54,162,214,58,138,197,60,151,214,43,188,231,43,204,247,45,206,254,75,104,179,72,113,181,85,113,196,70,5,75,63,0,65,48,5,50,156,58,209,131,67,201,100,62,164,35,22,53,28,21,56,42,21,57,1371,1128,2494,1340,1132,2472,1494,1280,2780
214021379,623,299,919,720,360,1083,779,497,1276,508,721,1228,539,795,1333,592,1019,1604,1917,337,2255,1814,327,2147,2047,393,2443,343,787,1136,495,967,1464,533,1132,1663,193,801,994,184,811,995,184,882,1068,274,587,857,302,623,930,326,590,916,562,60,627,520,59,581,525,71,591,684,407,1094,697,397,1096,691,465,1156,158,74,235,93,47,145,121,88,210,5262,4073,9336,5373,4397,9768,5798,5133,10931
214021381,1134,428,1565,1180,503,1680,1323,631,1951,1041,1181,2224,1094,1257,2345,1082,1441,2524,790,133,921,784,125,912,812,143,951,198,477,675,226,525,749,249,580,833,228,937,1166,190,889,1075,237,874,1110,362,491,853,368,521,881,383,456,841,115,10,127,120,16,141,138,18,162,292,115,406,271,107,383,314,114,427,101,72,172,70,51,114,78,65,143,4256,3855,8107,4307,3980,8291,4615,4326,8937
214021382,817,360,1178,975,434,1404,1119,608,1725,770,1016,1784,811,1206,2013,887,1356,2238,1130,160,1297,1090,184,1274,1075,185,1260,226,560,783,284,651,938,323,799,1121,188,880,1066,211,889,1098,205,919,1124,374,565,945,383,575,959,387,562,948,208,23,223,182,17,203,207,33,243,323,155,476,384,182,570,406,199,607,88,54,143,74,47,117,81,71,156,4116,3773,7894,4400,4180,8583,4683,4733,9421
214021383,560,304,861,633,333,967,897,531,1427,446,592,1035,479,677,1157,743,958,1701,1158,169,1325,1175,177,1353,1257,193,1448,188,531,720,198,600,800,231,660,891,122,549,672,122,615,734,155,696,847,236,488,719,255,487,744,275,489,767,210,17,227,192,19,212,187,23,212,405,208,611,417,236,655,431,250,686,89,61,150,77,51,122,118,85,203,3415,2913,6325,3547,3200,6747,4289,3882,8165
214021384,418,240,657,469,305,779,593,401,994,339,576,911,388,681,1075,546,957,1505,1244,230,1476,1291,213,1502,1431,252,1678,198,634,832,248,751,1001,290,905,1196,140,612,756,134,667,798,159,794,952,331,586,921,338,627,962,369,602,971,343,38,378,342,33,367,352,40,391,560,317,879,562,343,903,590,377,968,89,46,138,63,49,113,115,81,189,3663,3290,6953,3829,3676,7503,4437,4407,8842
214021385,714,371,1083,716,412,1124,741,467,1205,466,747,1222,483,841,1322,548,1056,1603,1601,232,1826,1574,295,1871,1602,298,1902,213,656,867,199,829,1027,256,908,1161,224,1098,1320,194,1052,1246,216,1032,1250,331,647,976,360,615,977,301,525,827,567,55,621,526,45,574,474,63,539,620,344,959,653,347,995,683,352,1037,107,77,186,95,67,161,84,77,155,4845,4219,9068,4794,4500,9293,4906,4777,9684
214021591,442,234,680,479,260,739,550,298,849,404,627,1026,389,662,1056,451,872,1320,983,166,1153,927,159,1083,958,180,1142,166,533,697,205,625,838,255,662,913,168,650,817,174,645,817,164,629,798,263,374,633,241,442,686,251,433,683,302,34,336,275,21,294,262,32,293,376,220,596,365,238,606,436,231,659,60,46,106,56,36,93,48,46,94,3152,2883,6037,3117,3093,6213,3369,3381,6747
214021592,347,175,521,387,199,588,533,296,826,383,536,919,392,596,990,455,657,1118,488,91,580,478,101,581,461,109,564,101,264,364,130,322,453,136,375,513,93,445,539,102,403,504,121,453,581,164,260,421,165,263,432,144,243,388,101,12,113,91,9,96,86,6,88,170,88,263,182,86,267,175,81,259,31,33,68,32,19,57,41,47,83,1891,1896,3793,1962,1996,3962,2158,2267,4425
215011386,237,134,372,205,126,330,227,130,357,147,261,409,147,282,431,165,310,472,383,72,452,332,86,414,325,88,417,207,325,535,253,344,598,220,406,624,64,223,290,44,234,275,65,249,311,124,221,344,113,196,303,96,189,286,185,15,199,192,16,201,189,23,208,361,227,585,376,242,618,365,261,620,59,37,87,41,26,66,53,29,84,1766,1513,3275,1695,1551,3246,1697,1681,3383
215011387,405,195,597,374,153,527,389,191,577,62,128,186,51,129,181,46,153,205,108,24,132,109,28,136,109,26,138,34,85,115,47,82,134,47,95,138,14,90,102,11,103,110,15,103,123,26,40,70,24,56,87,24,47,68,60,6,69,50,12,55,60,12,69,70,69,141,104,68,169,128,74,200,14,7,24,11,4,20,17,13,28,794,645,1435,784,633,1416,828,714,1543
215011388,671,271,946,645,290,933,698,365,1066,481,819,1301,477,874,1351,505,1000,1502,955,199,1154,901,168,1069,980,180,1158,181,562,744,220,655,881,289,765,1056,231,727,959,179,721,899,171,727,900,341,532,878,372,526,900,315,482,795,487,35,521,396,32,428,467,42,511,465,286,753,508,295,801,555,312,869,88,45,139,61,37,97,88,51,137,3915,3477,7395,3756,3611,7368,4063,3924,7987
215011389,439,173,608,391,149,541,388,168,553,89,166,258,52,165,215,67,182,251,168,39,204,196,43,232,202,44,248,30,109,145,29,129,162,33,144,176,28,133,159,24,142,163,30,173,200,48,82,136,39,79,119,37,79,117,89,10,103,98,3,98,105,12,116,84,62,151,132,59,190,126,67,194,21,12,34,17,12,30,20,20,35,993,796,1791,984,776,1760,1002,881,1885
215011390,672,236,910,588,215,806,590,230,818,109,279,379,98,277,380,110,299,415,256,58,311,245,62,307,241,57,301,47,229,273,40,224,264,36,263,296,48,238,282,35,218,260,34,216,248,61,117,176,57,115,172,64,103,173,229,20,250,189,16,205,231,25,257,281,170,449,281,163,446,285,170,449,36,20,53,26,18,46,32,20,53,1740,1344,3081,1565,1308,2874,1624,1393,3014
215011391,308,125,428,276,117,393,257,107,369,52,117,167,40,127,164,48,117,168,152,31,186,122,30,149,132,26,154,27,111,139,31,137,160,36,145,187,22,117,137,19,103,124,19,108,125,34,90,129,31,70,101,31,70,105,80,9,86,76,8,84,91,5,93,176,95,269,165,77,241,151,95,241,17,12,30,14,12,22,24,8,21,864,699,1558,769,683,1450,780,689,1469
215011392,374,192,561,337,190,528,379,205,582,179,296,476,136,286,418,133,334,470,400,81,488,349,76,425,374,77,455,147,348,491,154,370,525,177,405,590,61,293,351,55,253,304,56,273,328,116,213,329,111,192,301,100,176,273,282,17,303,226,24,244,263,19,276,366,192,559,394,213,600,406,247,653,38,26,66,38,23,56,42,30,73,1968,1659,3624,1793,1621,3409,1931,1769,3701
215011393,397,171,570,346,145,492,347,151,495,26,120,144,27,120,149,23,118,145,86,16,104,85,23,114,90,20,111,12,78,91,24,89,114,22,78,100,12,88,98,3,81,81,9,75,86,21,37,56,16,35,47,14,30,44,80,14,96,65,10,75,59,10,64,127,73,204,128,76,208,117,80,192,20,13,36,9,10,23,10,15,27,783,614,1398,711,585,1301,695,569,1270
215011394,626,241,866,536,204,741,486,184,668,119,253,370,91,247,339,93,244,337,245,51,296,224,52,273,227,51,275,41,243,281,57,268,326,61,285,343,40,203,243,39,180,219,40,198,239,54,117,176,71,90,164,77,109,183,182,13,197,170,10,176,189,19,206,222,124,347,192,130,325,210,124,334,33,16,48,31,15,49,27,20,49,1559,1259,2819,1404,1199,2600,1402,1234,2640
215021395,342,141,486,365,149,508,442,208,646,162,279,445,168,322,495,202,413,611,431,68,501,457,65,519,521,81,605,68,203,270,81,236,317,92,314,399,71,358,421,75,363,437,73,379,450,121,207,326,125,251,378,130,263,392,216,16,232,206,17,220,206,25,227,199,149,347,205,111,316,261,123,388,38,14,52,42,19,61,53,32,91,1649,1434,3082,1731,1538,3269,1972,1849,3820
215021396,223,98,323,224,80,308,201,105,315,90,161,252,86,176,256,80,207,285,214,63,279,247,56,305,274,49,330,33,164,200,43,194,237,49,196,242,40,181,224,42,200,247,39,195,232,71,142,215,53,133,187,64,142,206,164,3,168,179,6,184,168,24,185,182,108,294,156,92,253,188,113,301,25,19,42,10,16,32,43,18,59,1051,944,2006,1041,959,2001,1112,1043,2151
215021398,516,208,724,432,174,605,376,157,536,59,129,185,42,119,161,52,135,188,138,27,167,134,21,162,125,20,148,16,97,116,19,123,140,21,128,148,22,114,135,14,98,115,12,118,132,20,70,90,29,79,105,28,45,77,136,5,142,129,16,149,143,11,155,155,101,250,174,111,281,180,101,279,25,14,34,15,7,24,24,20,41,1083,770,1852,988,748,1741,966,734,1701
215021399,292,91,382,261,121,378,272,130,402,96,180,280,100,197,302,88,215,307,268,51,319,274,63,339,358,50,412,45,142,190,43,205,247,50,244,297,32,192,222,50,179,229,41,211,255,66,196,259,88,196,284,76,185,259,169,25,194,195,14,207,226,21,246,260,157,413,262,150,409,281,159,437,30,14,49,36,17,55,46,35,78,1261,1042,2304,1307,1147,2453,1434,1255,2695
215021469,433,261,693,442,249,695,501,334,832,517,730,1252,496,781,1276,489,841,1319,810,150,956,773,158,935,755,154,904,219,533,755,273,630,905,272,755,1019,162,610,773,160,587,749,163,567,729,296,511,806,307,488,799,276,439,714,391,26,417,404,25,435,429,39,472,477,359,833,634,424,1064,701,532,1235,81,44,128,72,43,114,116,81,196,3386,3236,6619,3565,3396,6970,3705,3730,7429
215021470,472,255,724,528,262,787,560,309,867,354,540,898,408,667,1075,517,876,1388,644,119,764,649,131,776,783,179,964,166,425,588,195,525,723,255,669,921,140,632,769,121,627,743,139,664,808,252,462,705,273,509,781,269,455,726,363,29,391,352,28,377,438,32,470,374,262,637,446,254,701,601,395,1003,74,58,133,66,45,110,85,80,166,2827,2779,5606,3030,3041,6076,3643,3667,7307
215031400,671,224,897,559,183,743,571,218,786,94,251,343,96,253,348,90,260,351,249,60,307,226,39,262,233,53,284,42,165,205,34,183,216,31,200,230,28,196,226,27,185,215,32,193,227,51,115,165,63,111,178,58,101,160,185,20,204,156,8,161,184,16,204,212,127,340,189,132,325,223,143,365,26,15,44,20,12,37,33,12,48,1558,1168,2725,1369,1115,2483,1464,1193,2656
215031401,648,296,939,597,262,859,525,243,774,71,198,267,61,218,280,73,240,310,287,75,363,288,49,340,300,66,370,29,176,201,39,190,225,33,236,268,38,231,273,28,238,262,35,222,260,55,127,185,70,148,219,61,138,198,204,19,220,193,20,213,220,13,238,227,123,354,279,160,438,271,166,434,31,20,58,23,13,36,37,18,61,1584,1265,2852,1590,1291,2879,1568,1341,2910
215031402,149,68,216,150,81,225,137,60,197,101,135,235,81,135,215,92,144,238,187,29,211,180,46,227,186,44,232,29,121,148,35,146,183,33,148,178,34,143,177,34,129,166,24,120,143,61,109,172,65,95,159,52,87,138,122,9,125,108,6,115,102,6,112,111,77,193,131,80,209,113,84,197,27,16,44,12,7,17,29,11,36,817,707,1521,788,730,1523,777,703,1475
215031403,255,100,354,193,67,254,212,89,299,43,110,148,36,83,122,20,65,85,72,14,90,94,22,116,99,27,129,17,69,80,25,77,95,22,60,76,12,90,109,14,95,111,15,111,121,29,44,74,27,50,76,24,46,66,99,0,104,114,7,124,128,15,144,189,98,288,161,104,268,332,188,526,32,21,53,35,24,59,40,32,81,750,554,1298,698,522,1224,900,632,1535
215031404,507,194,704,453,198,650,509,209,718,329,486,809,298,486,785,310,586,899,584,79,670,553,107,661,606,113,715,131,363,489,123,403,523,142,531,673,127,473,595,115,438,560,110,474,586,207,356,568,202,335,537,204,298,502,247,12,263,242,12,255,248,15,263,364,172,532,404,198,608,487,294,782,46,18,58,51,31,76,54,43,100,2542,2150,4692,2443,2220,4666,2675,2568,5241
215031405,626,238,864,487,199,691,537,203,735,82,226,304,80,217,295,87,236,325,343,43,385,299,57,352,325,49,377,48,192,240,59,201,257,50,249,304,37,218,260,39,212,249,35,233,268,79,130,207,87,141,226,77,124,197,218,16,235,169,7,183,209,24,234,262,147,400,248,139,385,385,205,593,44,21,65,27,22,46,42,26,73,1733,1233,2964,1497,1189,2688,1743,1345,3090
216011406,532,259,794,507,274,782,564,335,897,340,603,944,328,673,1001,395,786,1183,825,162,985,812,180,993,953,200,1152,174,563,738,194,678,866,253,757,1010,95,594,687,96,557,655,109,608,721,246,489,735,277,498,771,259,490,747,395,30,425,372,28,403,419,34,453,545,311,854,560,301,860,562,325,891,62,54,124,49,41,93,59,45,106,3214,3072,6290,3198,3220,6423,3578,3586,7163
216011407,540,283,825,540,261,800,492,272,760,199,396,592,189,408,599,198,486,683,567,109,681,563,119,685,625,145,772,63,309,372,96,348,446,93,465,565,86,402,490,86,374,457,75,397,473,139,241,379,139,288,421,152,263,414,364,21,390,314,23,333,353,29,381,472,276,749,480,287,771,496,308,808,60,34,96,42,23,68,74,39,112,2488,2079,4564,2452,2131,4579,2561,2408,4966
216011408,384,170,551,356,153,511,352,165,513,43,136,179,36,133,169,40,169,208,203,46,252,191,42,236,223,43,264,21,103,131,20,128,151,24,172,194,18,150,174,22,143,165,19,149,169,52,85,134,52,104,158,62,95,154,93,8,100,129,7,139,122,20,140,147,88,234,164,97,265,159,98,258,13,14,29,19,5,24,19,12,39,984,802,1783,997,813,1812,1024,912,1936
216011409,240,121,360,223,110,332,211,113,327,56,123,182,45,126,178,69,148,206,198,37,230,178,42,220,192,38,233,20,125,147,24,134,158,32,170,206,27,145,173,32,117,147,21,114,140,43,100,145,52,93,145,43,84,127,153,4,157,153,10,166,137,14,159,143,94,236,130,101,231,152,102,251,17,7,26,15,5,27,22,20,33,891,756,1646,860,732,1593,877,805,1678
216011410,321,149,469,302,134,439,286,138,430,61,137,200,53,120,175,65,144,204,156,50,209,173,30,206,159,37,199,34,114,149,26,119,146,22,130,156,34,131,163,24,105,133,17,145,163,34,70,108,25,67,95,28,61,94,148,9,154,120,12,136,129,12,142,179,97,278,184,81,262,181,117,295,24,13,37,20,6,28,22,16,37,992,772,1763,931,682,1610,912,806,1714
216021411,279,111,388,249,95,343,265,117,383,85,163,250,92,178,268,88,169,256,257,51,310,245,68,312,285,51,337,35,164,197,34,176,206,42,247,288,28,208,242,33,214,241,29,218,250,84,152,234,83,148,232,74,144,221,192,13,208,174,16,187,190,16,204,320,168,492,342,182,522,340,225,566,34,23,61,29,20,53,41,16,59,1323,1062,2380,1273,1089,2365,1358,1206,2558
216021412,261,113,372,216,100,314,237,104,339,26,102,132,34,97,136,46,127,172,137,25,165,122,22,142,136,24,158,19,71,85,16,69,91,30,98,130,16,93,105,16,97,121,17,106,122,19,75,91,19,66,88,23,81,100,84,3,90,85,8,91,103,6,108,100,75,177,116,67,189,101,72,175,19,7,31,11,10,21,21,11,29,680,573,1245,653,540,1189,707,630,1335
216021413,868,431,1303,804,391,1194,746,388,1139,162,440,601,155,452,607,185,506,688,595,125,714,571,133,699,632,121,750,78,395,476,92,443,531,108,494,609,73,423,491,72,405,474,66,440,508,152,265,421,137,285,421,128,266,398,392,26,422,404,30,438,400,46,440,579,303,891,593,349,943,540,385,925,62,51,107,63,42,110,100,30,129,2964,2459,5424,2892,2527,5418,2903,2675,5578
216021414,224,117,340,227,120,352,286,144,429,119,226,352,137,261,393,193,324,518,398,63,464,426,68,495,506,77,589,69,251,322,86,304,391,101,374,474,36,248,278,53,236,284,43,314,358,87,176,262,104,187,294,120,202,324,130,11,141,163,13,172,153,19,172,243,165,406,233,174,411,296,177,471,22,25,46,37,13,47,29,26,58,1331,1276,2607,1468,1370,2838,1736,1659,3395
216031415,205,89,295,208,99,304,191,129,320,163,286,454,125,283,409,149,323,468,430,67,496,387,65,458,387,69,454,72,311,385,68,320,394,85,354,437,86,321,409,78,309,389,72,256,325,124,248,376,107,255,361,109,224,333,239,22,264,242,24,267,264,31,293,363,190,548,336,207,543,355,224,579,47,24,72,42,16,55,37,36,74,1724,1565,3292,1599,1570,3171,1649,1641,3290
216031416,663,284,942,636,330,962,723,375,1104,666,995,1663,752,1051,1801,829,1331,2153,874,155,1030,894,162,1052,989,166,1150,165,532,695,227,625,853,297,814,1112,175,795,971,185,756,943,225,852,1075,311,512,817,339,515,858,341,514,856,422,43,467,453,39,496,453,43,497,660,338,992,621,366,983,720,452,1167,81,48,129,70,54,115,86,51,143,4009,3709,7715,4172,3903,8073,4663,4598,9263
216031418,376,168,543,309,166,475,323,162,487,98,223,321,99,209,307,111,229,340,250,51,301,228,47,272,261,36,299,32,136,169,33,114,151,32,149,176,40,207,247,44,177,219,35,178,214,58,114,173,56,105,161,63,97,159,131,15,145,117,8,130,132,14,148,133,74,205,171,86,261,143,79,221,25,17,40,19,5,29,16,18,36,1146,998,2145,1073,921,1995,1116,965,2085
216031419,666,294,962,629,266,893,615,295,908,208,399,606,210,413,622,202,470,668,468,101,573,462,111,573,560,114,677,79,249,332,82,305,387,109,404,519,79,346,424,78,388,466,80,404,492,103,212,317,111,231,340,109,210,323,287,37,322,277,22,294,320,31,350,478,265,739,466,249,719,410,271,678,60,35,98,51,29,79,66,43,112,2430,1940,4368,2364,2008,4373,2486,2243,4725
216031593,350,137,482,398,157,547,478,191,669,251,359,608,279,442,721,335,561,893,386,62,446,404,71,473,549,89,645,68,184,247,89,295,382,113,418,533,97,397,502,108,411,519,132,481,612,132,212,345,151,228,389,176,226,405,141,8,144,160,5,166,210,10,221,170,100,267,224,103,329,277,158,445,34,24,56,31,21,52,45,27,75,1624,1477,3100,1850,1730,3580,2313,2168,4475
216031594,465,233,694,469,211,676,469,274,736,292,494,789,292,454,748,272,497,770,774,140,914,706,142,847,710,141,849,127,422,549,142,508,646,177,565,746,134,545,679,122,503,625,141,467,610,246,457,696,246,418,662,212,409,619,408,47,457,410,41,452,436,42,482,651,362,1014,569,345,912,734,472,1211,72,49,124,67,39,101,94,63,161,3154,2751,5902,3027,2655,5679,3244,2937,6181
217011420,669,374,1043,574,313,888,622,351,971,150,349,493,135,316,449,147,335,485,437,106,541,399,97,491,425,97,523,61,246,314,66,297,357,95,329,428,42,306,349,47,289,338,53,294,344,80,211,295,76,217,297,72,196,268,367,12,384,399,28,424,355,38,390,320,190,513,326,198,526,338,221,558,56,32,89,48,32,85,62,27,88,2187,1831,4017,2083,1771,3856,2165,1892,4064
217011421,405,181,593,397,177,572,386,192,579,314,468,784,284,464,745,308,535,842,667,126,801,582,109,695,606,108,712,104,376,482,108,416,527,138,484,628,115,473,584,97,428,526,94,427,520,207,309,509,200,304,500,200,296,494,269,18,281,246,6,259,246,17,261,299,236,535,303,213,515,354,214,567,47,32,82,36,27,62,50,21,76,2433,2223,4651,2251,2153,4402,2375,2297,4671
217011422,265,163,432,252,167,416,253,192,449,267,407,677,234,425,660,247,484,735,720,115,837,593,111,707,594,113,702,98,410,507,95,434,524,142,547,689,93,413,504,85,361,451,79,370,441,124,324,452,119,259,383,142,258,400,524,43,566,556,43,597,522,49,568,424,247,672,377,249,630,404,259,664,79,43,116,48,21,70,93,29,118,2599,2171,4768,2371,2073,4447,2465,2302,4769
217011423,798,364,1158,737,325,1060,746,370,1115,127,295,424,96,300,396,107,319,419,273,49,321,240,75,316,248,61,309,54,205,260,45,180,229,49,197,247,31,227,252,36,202,239,38,206,242,68,96,166,63,93,161,65,98,161,147,11,157,129,6,140,114,12,128,209,126,333,189,137,324,260,155,412,28,26,52,24,15,41,27,25,49,1733,1395,3130,1562,1333,2895,1651,1444,3086
217031471,139,68,206,129,60,182,122,69,188,71,141,214,67,158,225,75,178,256,181,25,205,173,37,211,183,35,214,29,144,178,26,144,170,46,142,191,26,110,140,21,116,140,34,104,137,56,107,161,54,81,135,47,82,130,100,5,98,99,0,101,104,13,119,148,78,227,147,56,205,130,80,215,14,4,14,22,7,23,22,13,33,768,686,1453,744,660,1400,768,711,1477
217031472,383,190,570,368,179,543,369,212,574,244,380,622,242,378,625,242,437,677,657,126,786,626,130,758,683,161,849,122,544,663,128,568,697,130,660,798,107,404,517,118,412,532,120,405,521,197,386,577,182,381,564,171,370,537,409,15,429,396,15,412,463,24,493,653,384,1038,676,406,1086,803,552,1350,56,34,90,64,45,103,72,48,119,2822,2464,5281,2802,2511,5310,3057,2868,5923
217031473,555,276,831,513,257,763,525,259,782,103,225,331,99,214,314,122,284,400,246,53,298,273,42,310,302,54,355,47,191,240,46,217,263,59,223,283,32,179,207,19,194,214,26,218,249,66,121,186,47,103,154,68,118,184,183,6,185,196,7,199,203,29,227,255,129,387,229,144,373,237,153,394,35,18,48,26,21,47,24,19,49,1514,1187,2703,1452,1192,2643,1565,1369,2934
217031474,496,229,723,452,200,654,432,227,653,83,191,271,71,189,262,71,199,273,233,61,293,201,58,253,226,57,290,35,168,202,34,192,230,63,215,276,36,181,214,32,146,177,35,182,216,59,130,186,69,104,171,55,87,153,168,14,182,166,16,180,198,23,223,200,109,309,211,135,348,216,131,350,21,17,37,15,26,44,30,17,42,1326,1092,2417,1251,1065,2313,1337,1149,2481
217031475,865,524,1395,747,450,1192,751,422,1169,108,233,341,102,231,331,100,262,358,323,75,400,304,81,381,330,76,401,36,167,205,38,194,230,38,242,284,41,200,244,28,188,207,29,199,230,75,152,224,77,152,224,74,144,213,216,11,222,222,17,237,249,28,280,332,239,568,338,250,584,352,249,601,50,26,69,36,28,60,40,23,65,2039,1629,3672,1882,1569,3456,1955,1647,3604
217031476,224,145,365,184,140,319,233,179,407,79,149,220,80,152,238,109,191,303,174,43,217,202,41,241,190,48,235,42,99,146,59,109,168,56,117,177,15,102,113,23,101,130,21,132,155,28,65,95,35,74,106,46,89,135,68,9,70,69,9,82,71,3,75,160,89,245,167,123,291,168,101,270,20,5,21,13,11,29,27,10,36,798,696,1501,830,772,1599,932,865,1793
217041477,848,407,1253,728,351,1081,706,392,1101,105,254,363,96,258,351,112,307,418,295,53,354,276,63,344,333,77,419,33,199,233,46,195,234,71,262,334,25,210,234,31,215,239,29,203,236,66,135,201,72,118,193,73,151,222,185,15,199,183,14,200,182,30,209,287,152,438,287,154,448,347,203,550,32,24,53,30,28,60,42,26,66,1873,1461,3334,1760,1387,3151,1897,1653,3551
217041478,706,377,1085,622,336,956,675,368,1043,230,442,673,236,459,693,279,586,863,481,102,587,476,114,589,536,108,639,68,292,361,107,330,437,123,406,529,65,320,380,69,329,399,73,367,444,96,227,329,96,213,312,128,228,350,253,9,261,288,18,301,251,14,260,312,217,531,345,233,579,348,211,555,47,47,88,50,35,83,62,27,94,2272,2026,4296,2295,2061,4357,2466,2316,4779
217041479,691,316,1011,659,325,986,750,410,1157,616,976,1584,695,1077,1771,746,1312,2058,1250,218,1474,1205,239,1444,1295,270,1570,222,710,936,301,806,1104,377,1088,1465,234,938,1179,211,976,1187,235,1018,1252,411,714,1128,456,809,1266,478,749,1223,558,51,610,561,32,592,578,51,631,777,449,1228,867,510,1383,910,563,1473,84,61,144,71,48,119,108,79,182,4843,4430,9276,5032,4817,9844,5482,5534,11016
217041480,435,248,685,428,253,681,453,312,769,519,741,1259,474,726,1199,553,877,1427,752,159,914,628,153,781,694,177,870,148,505,652,192,524,719,222,618,833,128,498,626,145,474,615,151,474,625,245,441,689,238,421,664,209,361,573,322,19,344,301,16,313,304,22,325,524,250,770,554,317,866,575,359,935,64,45,110,61,33,92,73,47,122,3135,2907,6042,3016,2915,5937,3241,3241,6484
297979799,0,0,0,0,0,0,0,0,0,6,0,6,3,0,3,4,0,4,6,0,6,11,0,11,0,0,0,0,0,0,0,0,0,0,0,0,0,0,0,0,0,0,0,0,0,0,0,0,0,0,0,0,0,0,7,0,7,0,0,0,0,0,0,12,0,11,3,0,3,4,0,4,0,0,0,0,0,0,0,0,0,33,0,30,24,0,24,7,0,15
299999499,145,91,239,126,58,183,108,63,174,250,255,511,199,202,406,159,176,334,309,57,372,250,49,298,207,44,250,120,175,298,115,161,276,68,155,227,76,187,261,54,126,178,36,109,143,80,110,189,55,75,128,56,74,129,180,29,204,177,13,196,147,32,177,220,104,325,217,87,302,207,104,308,62,31,87,42,20,59,33,16,49,1443,1038,2481,1240,786,2028,1022,771,1797
301011001,495,331,827,441,286,723,506,388,896,499,690,1188,487,730,1217,520,803,1319,1378,190,1569,1281,201,1484,1263,204,1466,237,638,872,243,738,977,224,804,1026,331,1204,1529,274,1071,1337,274,954,1229,351,618,972,294,559,854,295,466,760,610,47,655,581,56,634,617,68,682,585,395,981,608,336,943,570,332,894,70,56,128,80,57,137,78,67,146,4564,4168,8721,4281,4024,8307,4340,4087,8424
301011002,409,200,615,402,195,594,476,242,716,445,449,887,429,504,933,463,565,1030,402,75,480,389,67,451,373,73,452,78,211,292,88,215,299,89,216,305,161,568,724,135,516,653,130,485,607,137,222,359,151,243,388,152,208,355,145,11,157,157,13,174,158,13,165,202,106,306,184,94,278,198,100,297,35,44,80,38,27,66,34,19,55,2017,1886,3896,1967,1872,3837,2071,1917,3991
301011003,550,256,809,558,321,874,625,382,1011,592,670,1262,563,742,1304,596,879,1476,1009,153,1160,1038,155,1186,977,144,1119,173,533,702,199,610,806,209,617,824,262,1029,1292,260,958,1220,233,923,1160,270,466,731,250,457,708,278,380,660,424,29,450,428,49,476,428,48,479,493,223,710,452,224,674,422,208,633,58,50,112,60,34,95,61,50,111,3825,3413,7237,3801,3546,7347,3842,3626,7464
301011004,572,344,914,571,360,932,580,399,977,506,685,1198,552,789,1341,579,964,1539,1347,195,1544,1353,230,1583,1332,233,1566,202,572,774,225,688,914,241,832,1074,302,1253,1558,297,1179,1473,318,1102,1425,351,634,983,332,540,875,295,525,818,648,58,705,618,71,692,646,78,724,604,370,973,651,379,1033,599,347,943,84,61,148,97,54,152,99,66,174,4617,4176,8795,4703,4290,8995,4692,4548,9235
301011005,133,72,204,108,72,183,136,104,238,106,176,284,127,206,336,140,240,379,248,56,300,246,39,283,259,34,298,46,114,158,51,156,207,44,176,228,69,264,334,71,238,307,67,212,279,77,118,197,78,110,187,50,91,140,116,11,125,114,19,130,108,17,127,153,69,225,116,56,170,124,60,183,22,15,34,13,11,30,13,13,22,971,892,1868,923,911,1838,941,952,1895
301011006,551,246,794,552,302,855,623,338,960,514,616,1129,540,676,1209,565,791,1355,754,123,869,722,117,844,691,142,833,141,365,509,161,445,608,183,555,742,211,837,1043,204,789,995,208,733,945,227,384,610,249,395,644,236,339,575,248,28,277,271,22,288,286,37,323,302,147,457,296,177,474,304,141,441,56,33,89,38,22,60,40,31,73,3001,2769,5770,3028,2945,5976,3138,3100,6240
301021007,686,308,994,705,316,1023,682,381,1055,580,706,1285,544,708,1251,558,804,1368,816,130,948,752,134,884,830,161,988,166,500,667,164,547,713,209,602,813,234,938,1169,199,810,1011,226,871,1099,320,436,753,298,396,693,265,396,658,298,23,325,295,24,317,298,38,339,377,205,582,381,223,604,338,202,540,61,34,94,57,34,92,62,55,112,3533,3294,6822,3391,3200,6589,3475,3499,6973
301021008,294,118,407,297,142,438,334,201,537,304,356,662,296,374,672,351,412,768,299,67,365,250,55,301,250,51,306,75,205,286,86,212,293,94,240,337,96,375,476,91,339,432,97,374,473,103,151,259,108,156,266,121,159,280,99,9,109,115,11,123,102,14,114,148,74,224,138,69,209,172,61,236,33,25,57,24,16,36,22,21,45,1461,1384,2835,1407,1367,2774,1553,1537,3088
301021009,630,289,919,639,346,986,730,462,1195,387,554,940,443,704,1147,521,910,1434,1017,159,1175,1054,158,1213,1335,181,1514,155,511,664,177,581,763,240,769,1012,183,945,1126,202,994,1201,236,1153,1381,259,443,696,283,483,757,312,469,778,384,29,414,454,34,488,530,47,576,437,211,650,529,237,762,552,265,821,77,53,126,60,53,119,111,75,185,3526,3180,6712,3840,3601,7440,4560,4330,8893
301021011,376,168,543,420,221,642,461,279,739,300,392,691,324,531,850,352,616,965,508,70,580,617,95,705,671,100,776,82,218,308,114,302,416,123,315,432,102,513,611,117,555,673,115,569,678,119,206,329,159,225,380,143,249,392,169,9,178,241,17,260,220,23,238,178,94,264,207,86,295,259,94,351,39,27,70,36,28,63,55,24,72,1871,1702,3570,2230,2054,4284,2395,2260,4658
301021012,625,291,910,719,348,1073,861,546,1406,527,600,1132,601,768,1365,766,1182,1954,890,137,1029,1011,166,1179,1330,228,1560,140,443,588,197,585,786,291,924,1220,220,973,1190,236,1036,1272,323,1248,1572,279,429,706,275,468,743,376,585,959,313,34,347,341,34,377,481,74,556,368,185,550,411,223,636,558,288,838,55,46,98,46,38,85,97,70,168,3423,3129,6552,3840,3679,7516,5093,5142,10233
301021013,488,264,752,476,274,745,486,306,791,353,544,900,381,566,949,435,655,1092,1026,168,1194,960,180,1140,943,169,1109,170,546,715,191,671,860,171,693,859,223,916,1138,197,837,1034,202,859,1057,287,448,735,254,425,678,234,385,622,380,27,411,376,32,407,386,45,424,453,233,693,461,238,697,434,261,683,50,41,87,66,43,106,62,34,91,3432,3200,6632,3356,3261,6618,3339,3394,6739
301021550,71,54,124,62,47,110,79,61,143,52,65,121,56,84,145,74,81,156,114,14,128,110,12,121,96,10,108,30,87,112,25,60,88,25,72,101,13,77,94,3,73,79,14,75,89,18,32,55,19,43,65,28,52,79,86,8,92,70,8,76,44,0,46,65,54,120,78,54,135,77,61,136,14,4,14,11,3,12,11,0,7,455,398,849,431,395,828,441,420,863
301021551,79,54,137,81,59,144,111,90,202,112,154,266,98,140,241,131,190,324,212,39,257,200,47,240,261,65,326,38,124,160,57,173,229,82,239,319,37,167,202,39,138,177,47,183,228,45,127,175,78,121,200,67,144,213,122,15,135,135,10,146,137,32,164,148,78,229,148,98,240,164,103,272,18,6,26,19,25,43,23,23,52,815,779,1586,845,813,1662,1039,1064,2098
301031014,0,0,0,0,0,0,0,0,0,0,0,0,0,0,0,0,0,0,0,0,0,0,0,0,0,0,0,0,0,0,0,0,0,0,0,0,0,0,0,0,0,0,0,0,0,0,0,0,0,0,0,0,0,0,3,0,3,3,0,3,0,0,0,0,0,0,0,0,0,0,0,0,0,0,0,0,0,0,0,0,0,3,0,7,7,0,7,4,0,4
301031015,336,162,500,388,207,595,465,278,743,361,431,797,371,477,850,428,567,989,454,64,521,410,72,479,396,70,461,77,217,293,101,228,329,105,276,385,123,476,598,104,451,555,111,414,525,124,174,305,133,174,307,115,174,292,178,15,190,148,15,167,132,26,165,159,73,233,159,84,246,157,79,234,33,16,55,31,31,63,56,46,100,1856,1634,3489,1847,1751,3596,1973,1919,3899
301031016,448,228,680,455,274,731,570,363,931,483,627,1112,513,706,1212,561,877,1440,656,121,774,674,119,793,665,107,774,129,374,502,139,416,554,157,456,616,223,720,946,200,731,932,227,720,950,208,326,530,192,316,510,211,304,512,280,22,301,263,34,304,260,43,303,298,166,465,292,159,452,280,145,423,46,35,80,44,43,89,54,42,97,2775,2619,5389,2774,2800,5571,2975,3064,6040
301031017,215,120,334,205,127,334,253,196,452,243,271,515,257,259,518,358,421,784,226,38,258,226,47,269,270,47,314,47,113,161,61,161,213,71,183,252,84,270,348,83,265,354,111,320,429,83,108,190,74,92,171,80,143,219,135,9,149,109,13,120,111,12,126,121,81,201,123,71,196,129,72,199,26,17,39,27,14,43,17,15,30,1179,1018,2194,1164,1055,2224,1403,1411,2812
301031018,279,193,475,311,229,544,370,231,592,384,470,849,389,517,901,459,668,1128,586,104,682,532,101,628,576,114,689,101,283,380,145,310,457,132,354,482,184,682,864,176,587,761,186,565,754,165,247,417,172,263,442,146,236,388,305,44,353,270,26,300,240,41,279,316,180,496,255,159,420,301,168,475,54,35,87,49,31,83,36,31,68,2376,2241,4614,2299,2228,4532,2444,2405,4849
301031019,487,224,709,555,273,828,645,355,1003,550,543,1097,580,694,1280,670,851,1524,419,64,490,406,64,472,404,74,484,93,205,302,133,282,416,144,300,445,167,583,744,178,627,802,170,614,778,164,250,416,185,232,419,195,238,430,134,17,143,159,18,176,148,21,172,152,81,232,145,78,223,180,88,269,39,31,64,29,22,55,31,20,53,2207,1996,4202,2387,2287,4675,2590,2564,5154
301031020,466,260,727,539,324,864,701,471,1171,580,726,1308,633,800,1433,786,1087,1867,746,99,845,714,146,858,765,149,913,160,381,536,179,472,650,215,533,755,212,765,978,226,739,965,254,794,1043,201,321,516,234,339,579,230,358,592,325,38,365,358,48,410,360,40,400,407,204,609,354,186,545,377,190,565,57,46,107,60,36,93,65,53,118,3164,2835,5993,3303,3096,6399,3758,3672,7427
301031021,412,258,672,441,279,717,513,397,906,465,599,1063,492,743,1232,640,964,1598,858,143,998,833,138,973,917,166,1083,177,496,671,200,571,766,212,628,840,279,945,1227,263,917,1180,272,871,1146,217,371,586,255,383,638,258,355,617,556,104,659,554,88,638,579,98,676,516,317,830,525,329,853,468,307,774,70,65,136,65,50,117,64,67,133,3546,3295,6846,3622,3496,7121,3926,3850,7775
302011022,221,126,348,213,157,368,241,195,435,263,349,619,261,389,653,323,472,792,491,76,571,467,84,554,515,99,614,95,267,360,112,281,392,125,337,461,174,537,710,163,489,647,151,470,624,116,240,356,115,225,346,131,178,306,259,33,294,229,35,268,256,26,287,242,129,374,256,108,365,252,131,379,37,29,69,31,20,50,37,29,66,1899,1792,3692,1850,1790,3642,2036,1936,3975
302011023,485,187,665,481,217,697,614,324,938,562,518,1081,594,657,1248,854,1013,1861,328,77,405,303,75,377,398,89,493,129,202,335,127,219,351,184,332,514,166,564,730,174,517,689,209,567,778,216,251,465,187,237,422,217,285,496,87,5,95,91,5,92,145,20,163,119,67,182,139,60,196,167,89,253,40,36,75,42,25,65,58,53,113,2119,1907,4026,2133,2006,4137,2841,2766,5600
302011024,313,173,486,284,185,470,333,227,560,461,485,943,561,610,1173,633,733,1376,358,72,427,407,77,481,396,92,490,124,234,365,153,294,447,190,401,590,207,547,752,198,553,751,200,502,696,164,242,409,165,248,409,175,241,415,149,13,161,162,15,178,208,27,235,142,81,225,197,109,305,213,103,316,40,20,59,52,26,85,49,46,97,1959,1875,3832,2183,2119,4302,2396,2366,4763
302011025,297,177,475,321,233,560,422,338,756,495,598,1092,542,695,1235,728,1008,1738,517,90,605,510,107,615,555,116,668,197,286,487,227,351,583,283,425,709,191,597,790,189,562,755,236,619,853,171,229,402,176,255,431,192,251,442,175,14,186,145,20,167,166,23,189,203,91,296,205,102,306,204,128,331,32,36,68,51,23,80,49,33,78,2282,2115,4394,2368,2342,4716,2836,2934,5771
302011026,376,183,564,345,181,523,377,249,624,492,553,1044,511,631,1139,633,753,1387,376,54,429,358,66,423,362,81,435,161,217,373,198,253,447,180,278,464,190,521,712,164,493,659,153,503,653,174,250,426,167,253,420,143,192,336,106,12,113,109,10,115,127,16,142,121,63,189,139,67,208,168,78,243,44,33,74,38,24,64,25,26,53,2040,1881,3926,2024,1984,3999,2167,2170,4335
302021027,461,246,704,457,268,731,487,327,812,721,800,1522,659,836,1497,801,992,1801,601,104,710,591,106,699,613,115,723,168,359,535,198,387,584,192,410,605,265,842,1108,241,700,941,267,649,915,298,376,677,248,351,598,253,325,573,274,23,297,275,37,312,238,35,273,302,138,443,281,146,428,284,135,417,69,45,107,54,44,96,75,47,119,3161,2940,6099,3005,2874,5881,3207,3018,6225
302021028,193,161,358,246,199,442,322,275,600,402,558,965,433,625,1058,621,791,1415,381,77,458,443,102,540,504,143,651,156,262,419,171,350,521,265,577,838,180,424,604,179,440,619,253,552,804,160,198,360,166,257,427,234,338,571,185,26,204,214,27,234,302,42,344,241,144,388,254,144,401,328,203,529,42,33,73,35,40,68,62,53,114,1943,1881,3827,2135,2186,4322,2892,2978,5874
302021029,210,105,316,207,145,359,240,171,413,361,407,767,351,460,811,417,602,1015,330,57,382,339,54,396,375,67,442,104,174,277,123,195,315,126,246,371,131,432,563,146,385,533,129,371,500,114,179,297,116,166,285,114,164,285,112,8,119,114,8,124,128,11,139,149,81,226,146,74,224,160,77,243,33,17,56,20,15,42,25,19,47,1544,1459,3006,1574,1513,3088,1726,1727,3459
302021030,142,83,223,163,98,265,195,127,321,191,251,441,232,269,504,248,344,597,265,36,302,243,36,279,266,43,309,59,141,199,48,167,218,93,168,257,106,278,390,108,273,382,102,266,364,85,129,215,79,99,177,83,114,195,118,10,128,99,13,111,108,14,121,105,64,171,123,66,191,114,63,175,21,27,49,21,10,34,30,13,42,1097,1007,2102,1119,1041,2156,1235,1142,2377
302021031,560,352,911,643,446,1087,756,539,1290,935,1169,2105,1028,1306,2333,1242,1624,2864,686,124,810,714,154,864,694,167,866,220,408,627,290,466,759,297,565,861,324,907,1233,373,834,1207,320,829,1150,274,343,619,283,373,656,272,401,671,270,21,295,220,21,241,243,40,278,306,144,454,303,137,441,369,159,525,64,40,109,68,66,130,61,52,108,3649,3511,7158,3914,3800,7713,4254,4372,8625
302021032,180,124,303,232,169,405,279,194,473,361,462,821,392,550,947,491,657,1152,337,68,404,396,82,473,385,83,476,123,183,304,154,251,406,152,256,407,134,383,513,127,366,496,127,356,484,106,162,272,126,166,294,123,146,264,134,8,149,110,19,123,121,20,142,147,97,254,159,95,253,164,85,252,32,24,60,33,20,58,31,26,62,1550,1521,3072,1735,1717,3453,1881,1834,3718
302021033,207,148,355,229,128,357,295,191,484,357,444,808,359,509,866,446,607,1048,383,63,447,387,60,444,368,71,439,112,202,315,134,229,360,119,238,360,145,419,562,138,406,541,135,325,461,121,172,291,112,170,283,122,161,286,124,18,139,98,12,106,118,14,136,166,90,254,157,95,251,143,94,234,37,38,70,12,21,34,34,30,60,1646,1595,3243,1627,1622,3251,1767,1738,3502
302021034,438,238,675,526,323,850,596,415,1016,605,730,1336,643,829,1469,778,995,1773,530,77,606,501,81,584,507,116,625,129,250,379,139,318,458,159,356,517,265,698,965,213,644,858,238,588,827,193,276,472,175,253,426,176,288,462,165,19,189,136,11,144,151,27,173,182,106,285,186,108,297,201,96,296,45,36,80,44,38,78,45,41,85,2548,2429,4976,2551,2608,5162,2850,2916,5761
302031035,253,141,395,245,168,416,282,216,503,366,391,759,410,473,875,502,627,1131,535,87,617,556,92,651,502,100,602,133,293,425,173,353,530,168,396,565,229,602,831,216,513,730,232,516,749,161,216,381,157,261,416,143,222,364,291,41,331,305,35,342,285,35,320,277,192,466,289,199,489,289,177,463,45,39,85,46,30,73,58,37,93,2291,2003,4293,2392,2121,4518,2456,2330,4786
302031036,9,0,9,0,0,0,0,0,3,0,3,3,0,0,0,0,0,0,6,0,6,0,0,0,0,0,0,0,0,0,0,0,0,0,0,0,0,0,0,0,3,3,0,3,3,0,0,0,0,0,0,0,0,0,5,0,10,0,0,0,0,0,0,6,0,6,0,0,0,0,0,0,0,0,0,0,0,0,0,0,0,19,8,28,0,3,6,3,6,8
302031037,6,5,9,62,41,97,143,104,247,3,8,12,50,57,106,182,215,400,24,0,27,38,9,44,105,35,137,6,6,10,9,23,35,32,74,101,3,10,18,26,64,87,56,155,211,7,3,8,12,25,35,52,69,118,18,0,17,30,7,42,43,8,54,25,7,36,20,11,33,32,33,64,0,0,0,6,3,12,16,9,25,84,49,138,254,238,485,661,702,1354
302031038,236,161,397,273,204,476,305,261,565,422,442,863,434,509,939,545,643,1187,378,66,445,383,56,435,407,68,475,105,186,296,110,230,343,129,294,425,137,471,606,152,457,612,171,382,562,127,170,293,119,152,277,130,164,296,204,25,227,186,18,201,162,16,174,213,112,326,203,102,306,178,107,288,38,28,66,31,23,53,40,38,79,1859,1663,3517,1890,1757,3646,2076,1964,4041
302031039,275,179,455,315,214,533,477,321,802,424,457,882,510,612,1118,724,859,1585,526,88,609,566,103,667,581,106,688,109,283,395,149,294,444,170,395,569,215,626,842,204,640,843,227,654,883,146,222,365,167,242,409,159,244,406,325,27,350,308,23,330,305,44,343,331,172,503,322,178,503,301,161,469,45,31,78,46,28,74,57,43,92,2397,2083,4480,2591,2331,4923,3007,2822,5828
302031040,383,250,637,480,357,836,568,460,1026,782,869,1648,1016,1083,2101,1161,1277,2440,599,118,717,630,132,766,698,138,838,177,390,570,256,475,731,291,642,937,371,822,1189,366,843,1209,415,861,1279,228,287,516,262,380,637,237,358,601,298,33,326,327,38,364,306,39,350,302,181,478,362,187,549,361,215,576,66,47,110,57,50,103,86,61,144,3204,2981,6189,3757,3547,7298,4124,4058,8182
302041041,549,304,859,492,330,824,518,387,906,620,825,1438,641,915,1557,710,1087,1792,1103,170,1271,1036,173,1212,1033,190,1226,282,635,920,279,693,967,322,826,1149,406,1255,1660,391,1067,1458,333,970,1309,371,598,966,346,507,854,293,478,768,548,52,603,512,60,569,568,62,632,537,324,858,553,283,836,552,308,862,81,66,148,75,53,129,84,78,167,4495,4228,8723,4327,4067,8399,4415,4397,8809
302041042,286,181,471,348,244,590,424,293,716,401,514,915,429,619,1055,477,757,1235,556,96,653,559,100,662,551,103,651,112,301,415,131,357,483,147,409,551,187,591,783,188,572,759,173,527,700,139,240,385,153,217,371,144,204,347,263,30,298,228,20,254,218,21,238,296,175,469,267,157,422,257,121,379,41,31,78,44,25,69,52,38,92,2298,2163,4461,2346,2311,4655,2438,2467,4914
302041043,82,69,146,98,64,159,124,90,214,137,192,325,156,231,389,178,273,450,219,41,258,203,43,248,223,37,264,49,92,144,43,121,164,48,153,197,70,179,254,61,203,264,87,224,305,54,96,150,52,100,157,69,85,160,100,9,112,106,8,115,94,15,111,109,50,160,120,74,194,120,61,176,17,18,35,17,14,34,20,15,27,837,749,1583,854,855,1713,974,939,1910
302041044,274,143,419,277,159,433,326,212,541,367,408,774,380,467,843,412,577,994,324,52,372,294,50,350,286,60,342,98,228,328,109,223,331,114,242,355,116,383,501,123,334,454,91,295,393,110,139,250,100,136,240,100,139,238,114,17,131,88,16,107,89,11,100,148,68,222,159,66,224,130,60,184,36,26,60,21,27,40,16,22,38,1572,1473,3046,1551,1472,3020,1571,1611,3186
302041045,256,173,431,315,221,540,366,267,630,437,497,932,615,697,1306,693,841,1527,454,96,547,543,135,680,577,162,741,144,329,474,216,539,753,255,713,973,202,656,855,287,773,1064,315,744,1057,143,240,385,214,298,512,226,282,505,252,21,269,362,40,396,461,54,510,254,168,420,356,258,611,378,264,635,54,40,92,53,40,89,70,64,131,2183,2224,4408,2953,3003,5950,3332,3384,6718
302041046,164,132,295,193,147,334,237,175,407,295,328,623,308,399,707,386,530,911,421,94,516,488,98,586,475,96,572,111,286,403,134,343,474,148,431,580,187,471,653,194,505,698,188,474,665,166,195,358,160,227,387,158,219,376,256,21,286,328,36,368,308,40,352,283,177,457,381,176,554,337,235,573,53,35,89,41,34,67,46,35,89,1937,1742,3679,2221,1958,4182,2287,2232,4515
303011047,579,300,878,640,391,1033,784,534,1316,867,1023,1884,899,1166,2066,1102,1458,2558,484,99,577,471,100,569,534,111,641,163,269,441,181,300,474,188,371,564,249,722,967,227,661,890,256,670,924,246,259,501,225,265,490,243,296,542,138,16,153,125,14,143,121,18,139,196,81,280,170,76,242,212,98,311,39,43,85,32,40,74,54,40,99,2963,2812,5772,2968,3005,5977,3503,3595,7098
303011048,181,97,278,255,147,405,409,272,677,286,322,612,376,470,839,584,698,1276,263,54,318,332,55,384,339,91,429,76,116,193,81,199,279,101,252,353,98,295,395,112,339,450,171,403,574,92,125,214,112,146,260,140,160,300,109,21,128,91,14,100,126,23,152,154,81,237,189,80,268,209,110,318,18,24,47,24,18,40,39,34,70,1280,1138,2421,1574,1468,3037,2102,2049,4152
303011049,363,264,633,409,290,703,522,395,919,634,805,1435,685,933,1617,839,1210,2046,589,110,702,568,105,673,552,107,662,157,321,477,167,348,516,199,409,606,239,764,1003,245,716,962,234,738,971,192,284,478,225,293,519,243,310,551,248,18,271,218,22,236,223,23,249,248,130,378,277,149,429,235,131,365,61,46,105,55,38,91,48,37,77,2724,2746,5472,2842,2890,5735,3085,3357,6444
303011050,240,157,393,250,179,437,319,221,541,383,463,854,437,561,1001,506,687,1189,376,55,437,339,51,390,346,67,413,89,212,308,120,231,352,130,241,374,148,415,568,161,433,595,134,434,566,128,187,318,128,212,336,120,179,300,114,14,130,116,16,129,115,13,128,152,92,244,169,102,272,153,92,247,24,23,42,32,20,58,27,35,67,1671,1618,3285,1748,1816,3562,1843,1974,3820
303011051,928,382,1312,843,432,1268,917,478,1397,1150,1102,2252,1162,1255,2411,1365,1438,2805,635,126,757,579,108,689,553,131,686,184,429,612,233,473,707,232,483,714,334,1095,1428,358,924,1283,307,870,1178,396,559,956,384,503,885,321,426,750,188,18,207,200,41,245,226,37,264,290,140,433,311,118,431,311,142,453,85,72,158,64,48,117,82,51,138,4188,3926,8118,4132,3898,8031,4313,4061,8373
303021052,334,257,598,377,261,641,425,339,767,944,1101,2047,1050,1271,2316,1343,1526,2868,528,96,624,491,131,621,505,152,664,208,394,609,258,415,672,283,524,805,247,629,875,252,570,818,265,549,817,242,258,500,239,305,537,218,288,503,210,18,228,201,37,239,217,27,248,312,150,466,311,155,468,334,186,522,47,52,105,48,35,87,50,41,87,3081,2966,6043,3234,3162,6397,3645,3629,7274
303021053,645,433,1074,722,490,1217,932,669,1607,1449,1623,3068,1504,1768,3277,1774,2200,3969,695,123,818,745,151,899,736,174,906,254,500,757,285,577,864,363,730,1089,406,1026,1430,395,933,1330,414,997,1406,332,365,701,311,433,747,351,413,768,276,20,292,210,15,228,257,27,286,349,142,483,344,167,516,395,194,590,87,52,136,77,37,117,83,65,146,4487,4286,8781,4613,4581,9201,5300,5468,10772
303021054,131,79,210,151,127,285,209,146,354,383,393,775,480,496,973,552,599,1156,154,29,177,152,45,205,165,46,206,89,140,227,110,168,281,128,187,321,77,198,278,95,210,305,113,222,334,77,110,186,88,114,199,85,135,221,42,9,51,56,3,63,86,8,94,102,53,157,108,51,160,133,61,197,24,14,34,18,22,37,29,27,58,1088,1007,2101,1265,1234,2503,1503,1436,2934
303021055,309,226,534,359,254,621,474,351,823,771,918,1692,806,1053,1857,1101,1329,2428,436,97,537,451,117,567,507,128,637,193,278,471,216,317,533,241,484,726,233,562,800,224,504,724,259,575,834,163,197,364,185,224,409,207,219,427,187,22,207,164,18,185,198,37,233,239,118,359,295,125,422,251,147,394,36,38,76,40,31,74,37,42,74,2578,2463,5037,2741,2647,5380,3267,3311,6577
303021056,322,180,500,357,221,577,419,289,716,541,734,1271,604,807,1412,752,925,1673,443,70,512,353,75,427,379,79,463,114,217,336,129,268,401,150,294,448,170,474,645,163,404,572,145,432,579,137,180,316,144,162,302,123,188,313,97,10,108,114,14,132,103,19,122,151,80,232,182,86,265,163,86,244,29,40,70,29,19,50,45,22,71,2012,1979,3991,2074,2059,4131,2283,2342,4620
303021057,257,151,408,282,175,457,334,199,535,481,569,1051,491,672,1158,535,741,1274,352,52,404,316,61,380,291,64,356,83,155,239,104,184,286,116,218,338,153,413,565,143,338,485,149,337,483,130,134,263,126,140,261,89,127,217,116,12,129,99,13,110,93,12,105,108,50,162,143,64,205,138,65,202,28,27,55,28,15,44,43,37,73,1713,1553,3266,1735,1663,3401,1797,1799,3592
303021058,158,104,258,160,125,289,310,265,583,407,405,814,480,505,977,919,971,1891,219,41,260,266,54,323,361,99,462,108,160,272,140,213,353,204,422,627,126,220,345,130,251,377,188,397,580,107,118,223,101,117,217,187,202,390,90,7,98,70,3,72,118,18,139,165,75,238,188,89,270,244,141,390,29,22,53,31,20,54,52,34,90,1412,1147,2557,1567,1367,2935,2588,2557,5139
303021059,338,238,573,380,302,682,482,334,818,810,895,1703,913,989,1904,1050,1179,2233,325,74,398,300,77,376,318,109,427,145,239,381,175,288,465,192,321,508,180,493,674,184,494,673,205,528,735,160,175,338,178,198,374,202,180,384,112,10,124,111,20,127,107,27,138,192,81,268,196,82,272,189,91,275,51,23,74,21,17,44,40,43,78,2317,2225,4540,2452,2457,4911,2783,2812,5596
303031060,568,267,834,535,296,831,532,314,844,979,928,1910,989,975,1966,1121,1070,2194,720,145,860,662,141,805,617,171,788,196,376,565,177,441,619,204,508,709,319,874,1197,299,749,1045,275,654,926,287,368,659,310,371,681,274,340,618,292,27,319,359,22,378,427,51,479,387,208,599,458,273,732,426,276,696,57,70,129,80,67,150,102,80,180,3807,3263,7065,3865,3337,7204,3971,3465,7437
303031061,137,87,222,139,93,236,134,100,233,324,305,632,268,293,563,360,324,679,241,41,283,242,48,289,298,78,372,99,183,285,103,182,291,114,244,363,105,262,371,98,218,318,116,194,311,109,152,262,122,159,283,122,126,249,108,14,126,100,17,120,133,19,156,155,80,234,186,93,279,233,154,391,27,23,54,33,22,55,46,37,85,1313,1144,2464,1300,1132,2433,1560,1276,2834
303031062,276,137,409,296,151,444,303,153,459,500,561,1058,503,577,1083,551,669,1221,429,81,511,414,73,488,394,86,474,121,288,408,127,282,408,131,338,468,175,530,707,162,495,649,177,433,612,181,251,429,156,235,395,171,222,396,167,20,187,137,16,155,164,29,195,223,132,361,206,126,327,207,140,351,41,37,75,38,26,63,39,40,77,2119,2035,4155,2043,1977,4017,2139,2116,4254
303031063,503,296,803,520,345,865,660,475,1138,987,1128,2115,1073,1268,2341,1249,1518,2763,756,108,868,673,108,784,678,174,852,200,430,626,238,511,753,262,607,872,334,833,1171,306,800,1107,312,812,1122,262,343,598,331,386,712,261,433,697,308,41,348,272,23,295,308,45,354,323,175,498,368,183,541,377,179,563,62,63,128,57,44,103,66,53,116,3740,3424,7167,3836,3674,7506,4178,4301,8481
303031064,275,116,385,377,173,552,607,323,926,238,274,516,478,490,970,970,993,1962,192,44,237,242,56,294,414,102,524,37,108,150,59,182,243,112,296,408,59,264,320,114,358,476,200,526,729,83,97,183,134,163,296,208,289,499,56,8,69,77,12,83,141,18,156,84,50,132,122,53,173,201,126,321,20,23,43,32,29,60,57,62,121,1046,983,2029,1631,1510,3143,2913,2727,5644
303031065,239,153,396,257,166,422,316,232,547,482,484,965,524,596,1120,701,885,1585,434,73,504,422,75,500,505,126,633,122,238,366,169,276,444,191,437,632,176,432,600,158,387,548,192,446,641,148,234,380,161,258,423,209,272,477,201,13,211,179,9,196,254,26,290,219,117,340,260,112,375,369,164,536,39,35,72,65,38,104,60,44,104,2058,1786,3837,2196,1929,4129,2797,2641,5439
303031066,402,211,611,411,212,626,404,238,643,663,750,1407,629,780,1409,782,869,1646,534,84,615,514,77,599,451,96,547,159,318,477,161,354,518,170,432,604,236,753,986,190,633,827,220,580,801,219,292,517,197,276,469,202,273,477,212,16,230,190,19,210,210,24,236,257,132,387,246,152,391,263,144,405,34,39,74,48,19,61,49,43,92,2699,2597,5300,2581,2517,5101,2754,2698,5457
303041067,84,71,149,103,85,190,143,101,243,222,219,438,264,299,561,351,367,721,236,39,275,259,44,305,294,69,362,83,122,199,102,189,292,108,228,332,93,251,343,96,231,327,114,226,338,93,88,186,108,143,244,108,122,231,155,18,176,149,22,171,189,20,215,159,75,234,195,126,330,199,129,330,31,19,53,34,14,48,34,25,58,1151,896,2044,1313,1147,2459,1537,1298,2837
303041068,347,226,571,345,276,622,423,326,743,670,838,1507,728,991,1727,864,1240,2107,504,85,595,539,106,644,535,117,648,163,304,463,177,342,518,205,381,581,213,555,762,234,516,749,217,528,741,162,205,371,181,219,399,178,253,429,255,16,274,233,30,264,223,30,252,296,139,431,320,130,449,296,148,439,80,42,124,62,37,93,41,36,77,2692,2408,5101,2823,2643,5463,2974,3049,6027
303041069,136,70,210,161,81,241,140,100,239,280,239,526,280,295,574,272,277,553,147,36,189,168,35,202,157,37,199,72,113,188,90,131,222,80,149,228,86,189,270,78,152,230,84,137,219,115,116,232,111,128,238,112,98,209,66,5,73,106,8,119,152,16,166,130,71,192,141,92,235,148,82,228,32,25,60,36,21,59,35,16,51,1058,872,1933,1176,938,2118,1168,926,2095
303041070,170,131,303,198,162,362,240,208,452,370,448,814,441,542,982,537,690,1220,402,62,461,395,64,462,434,72,503,110,241,352,120,228,348,140,285,420,143,380,520,140,357,491,167,383,550,147,156,297,114,144,259,124,142,264,208,16,223,171,16,189,177,27,206,199,127,326,214,111,323,241,112,356,50,17,73,42,16,62,35,29,62,1805,1566,3373,1842,1643,3482,2092,1943,4039
303041071,407,267,672,473,295,765,591,383,979,850,973,1825,924,1086,2007,1087,1288,2377,459,97,559,414,96,510,400,93,489,159,257,416,170,304,470,176,336,514,221,593,815,198,537,737,199,508,703,176,211,390,189,238,433,197,226,422,136,11,142,125,10,140,120,18,132,171,93,265,192,83,275,196,86,277,41,26,64,42,25,70,54,32,90,2619,2530,5152,2723,2680,5402,3018,2964,5983
303051072,227,142,367,243,136,379,226,152,375,309,417,727,335,415,749,404,477,878,519,98,615,487,94,579,477,104,581,83,252,333,116,296,413,119,376,500,200,626,821,172,517,690,160,464,621,181,257,434,178,203,380,139,192,328,342,32,377,342,36,372,355,49,406,255,162,416,249,161,408,239,148,388,38,33,68,59,30,85,64,39,106,2150,2011,4165,2172,1889,4066,2185,2002,4188
303051073,712,335,1047,765,405,1169,782,458,1233,1141,1128,2273,1237,1324,2562,1364,1546,2903,914,178,1089,974,184,1159,979,199,1184,249,578,829,292,677,968,314,878,1188,378,1223,1594,403,1080,1480,473,1109,1585,450,574,1021,463,592,1054,413,576,993,469,50,518,535,61,597,710,101,806,446,266,703,570,307,880,555,380,937,105,104,203,120,93,212,108,100,209,4857,4434,9291,5355,4732,10085,5695,5351,11050
303051074,201,102,304,231,113,343,371,238,609,178,238,418,250,284,530,641,787,1425,271,33,308,243,47,292,502,100,603,55,120,174,81,183,267,173,457,628,93,249,341,95,297,392,242,492,735,76,129,203,73,133,208,176,234,410,127,16,143,151,32,187,423,58,480,83,57,142,116,83,199,282,187,470,23,14,39,25,20,39,60,39,92,1103,961,2067,1263,1187,2448,2869,2593,5464
303051075,650,291,939,598,296,895,605,340,943,715,767,1479,754,954,1705,786,1026,1811,932,146,1077,854,144,997,787,146,940,183,449,635,223,498,725,226,628,861,338,1126,1464,309,1043,1351,342,952,1288,372,451,823,363,514,880,342,476,814,464,47,509,437,39,470,570,59,631,343,230,570,394,222,617,425,226,652,70,58,126,78,47,124,86,65,155,4060,3559,7622,4003,3761,7765,4174,3914,8091
303051076,134,96,230,164,103,267,165,139,302,198,257,455,240,309,547,289,409,695,514,76,584,503,79,588,527,106,630,84,236,320,93,344,438,118,379,493,134,413,543,164,354,517,155,357,508,115,170,282,137,178,318,128,162,292,429,52,485,403,51,453,373,60,429,330,203,533,347,225,569,339,227,568,45,33,79,55,35,89,84,43,122,1976,1528,3506,2105,1685,3785,2175,1878,4052
303061077,298,153,449,321,143,463,329,143,472,463,422,885,527,483,1008,611,611,1219,371,74,444,301,72,376,337,77,415,89,198,283,103,245,350,121,282,403,151,435,586,153,349,499,166,351,520,184,169,358,191,168,363,145,191,339,165,11,172,183,16,201,227,27,259,164,92,263,189,99,293,184,127,314,39,29,64,33,28,60,45,51,96,1924,1584,3513,2010,1601,3612,2177,1857,4034
303061078,371,186,548,376,223,596,343,258,592,744,740,1486,746,712,1456,811,814,1624,751,157,907,768,122,889,736,188,918,193,438,626,204,517,717,210,594,804,292,750,1043,291,645,928,285,566,852,261,393,646,312,368,677,255,333,589,461,46,511,467,35,502,602,61,665,421,275,697,570,328,898,461,307,766,80,52,131,73,41,113,104,75,177,3570,3032,6603,3807,2979,6788,3794,3193,6988
303061079,209,133,349,232,124,353,238,131,369,419,412,829,385,405,786,441,412,852,397,84,484,427,77,511,462,113,573,103,259,362,139,316,453,152,389,543,146,311,461,122,288,410,127,333,455,153,181,332,182,229,414,163,187,353,202,25,230,189,16,200,262,34,293,214,137,351,328,199,533,306,236,538,55,25,81,53,36,94,69,47,119,1913,1573,3480,2065,1689,3759,2216,1874,4088
303061080,549,257,805,522,299,826,529,312,844,902,914,1819,818,895,1711,941,968,1903,883,173,1065,817,177,996,801,167,975,249,526,776,276,567,842,282,656,945,334,879,1213,323,766,1090,312,684,997,342,447,790,360,419,778,294,382,677,425,57,482,418,65,484,504,76,581,464,260,728,573,302,874,499,361,862,106,65,171,75,63,136,115,76,192,4252,3584,7833,4186,3548,7735,4279,3688,7970
304011081,383,165,553,394,193,591,407,239,648,575,582,1150,547,589,1130,587,623,1207,342,60,398,312,71,386,313,65,378,103,205,314,115,234,352,115,285,395,155,483,642,133,445,577,133,398,526,157,214,365,158,197,353,121,142,272,91,12,105,102,19,117,106,21,124,141,59,199,140,63,199,147,67,219,37,23,60,30,23,59,32,24,54,1991,1798,3788,1935,1827,3764,1961,1865,3829
304011082,324,172,490,262,134,397,299,205,501,530,532,1066,487,533,1018,521,590,1112,409,89,497,380,85,466,352,89,444,102,242,346,110,234,349,123,225,351,150,465,619,153,427,574,109,359,468,148,225,376,147,176,327,135,169,301,156,28,179,146,20,167,144,9,154,150,80,227,163,89,253,163,75,236,32,22,56,34,20,48,30,14,47,2006,1850,3857,1884,1717,3601,1875,1737,3617
304011083,161,83,237,141,108,250,161,124,283,230,281,511,231,298,529,255,330,595,281,48,331,240,52,290,251,54,306,67,153,222,56,181,241,75,177,256,84,288,375,85,278,364,85,246,335,74,127,200,73,110,177,64,99,162,89,12,101,104,17,122,100,12,108,80,36,122,116,40,149,106,53,153,19,18,42,22,6,27,24,4,30,1084,1047,2133,1065,1082,2146,1130,1097,2232
304011084,554,266,820,503,247,756,499,304,800,801,822,1627,780,841,1621,847,930,1774,403,84,488,336,81,414,342,80,427,127,266,393,151,325,473,144,326,466,189,619,804,178,539,720,171,511,685,183,247,429,162,260,420,175,198,373,140,17,159,125,8,136,122,16,138,133,70,207,139,85,226,161,77,235,46,24,69,34,29,65,26,28,56,2568,2424,4991,2416,2427,4843,2485,2474,4958
304011085,286,133,416,276,106,383,277,133,415,393,339,735,361,364,725,361,412,775,194,40,238,163,46,206,176,37,214,51,133,183,61,130,186,63,134,200,86,290,380,82,292,378,71,229,302,146,137,283,116,135,254,80,113,193,41,6,48,47,6,54,37,12,51,75,25,105,72,34,106,56,39,94,23,21,35,21,13,30,21,11,29,1299,1125,2418,1200,1115,2315,1141,1114,2256
304021086,432,222,654,493,237,734,500,314,812,691,717,1409,694,818,1516,789,948,1732,452,113,563,508,98,603,481,107,590,145,290,436,174,376,546,187,388,576,168,549,712,176,559,739,201,532,728,207,262,473,178,311,488,185,235,417,134,11,144,125,13,142,136,8,150,142,74,214,165,93,255,193,93,288,46,25,72,52,28,86,43,36,78,2408,2268,4673,2576,2528,5100,2710,2655,5365
304021087,479,166,649,416,187,604,481,246,729,654,599,1253,608,591,1201,657,662,1318,177,44,219,166,44,208,171,44,210,68,165,234,68,175,242,63,166,230,101,384,476,120,284,400,92,266,362,121,189,311,104,165,270,107,126,230,43,4,48,37,0,44,53,5,56,74,32,106,87,45,134,84,51,134,39,24,65,26,15,41,17,16,33,1759,1612,3369,1645,1508,3152,1728,1578,3308
304021088,612,254,864,530,248,783,615,357,968,1159,1131,2293,1086,1066,2153,1168,1174,2343,286,64,357,238,71,312,246,95,336,138,262,408,128,268,395,108,296,406,183,560,737,160,450,609,151,410,564,195,257,453,175,260,436,158,172,332,71,12,82,56,5,60,84,7,92,149,62,211,139,63,202,143,60,209,45,32,78,43,29,69,35,25,66,2839,2631,5469,2559,2463,5017,2712,2603,5316
304021089,258,78,336,280,101,382,323,161,480,341,344,690,367,395,764,460,464,927,87,17,106,86,30,115,74,36,110,48,90,139,42,99,147,58,100,162,63,205,267,66,172,239,71,172,245,70,76,142,72,84,157,71,85,161,22,0,27,29,0,31,22,7,29,39,21,57,46,22,71,52,15,74,20,13,29,18,6,23,19,19,42,943,852,1796,1012,910,1924,1155,1069,2226
304021090,408,197,605,420,229,643,495,295,794,802,796,1601,798,859,1661,919,990,1917,283,75,360,264,75,343,296,85,380,103,268,363,123,261,386,124,299,423,173,434,610,169,421,587,154,424,575,161,191,351,134,219,351,164,181,338,59,6,67,64,9,74,78,12,90,135,71,206,141,44,187,146,66,211,38,24,64,30,27,55,25,14,34,2165,2055,4226,2156,2136,4292,2390,2364,4756
304021091,423,144,567,389,189,581,403,244,645,488,456,940,467,463,936,506,531,1035,177,37,217,174,36,214,184,43,223,52,109,156,54,130,180,58,130,190,68,302,366,75,293,371,79,264,339,81,124,204,62,119,182,73,115,189,34,4,39,41,3,41,36,8,43,58,28,87,65,29,91,82,26,104,27,15,49,25,21,45,20,22,37,1409,1221,2628,1359,1289,2641,1444,1374,2820
304031092,387,175,566,424,191,621,497,263,766,653,661,1316,732,793,1517,840,871,1712,178,45,226,221,58,276,184,47,237,87,168,254,111,190,298,122,190,310,128,357,487,144,330,472,139,342,480,105,143,245,115,178,297,116,144,261,44,4,54,54,5,60,62,6,60,80,31,117,85,33,121,88,46,131,26,24,56,33,22,56,25,25,50,1695,1616,3308,1918,1800,3721,2080,1933,4010
304031093,194,93,293,216,116,328,239,149,395,404,387,793,420,452,866,494,527,1023,180,35,219,164,42,205,164,43,209,62,123,186,74,137,216,97,175,273,99,266,368,67,255,330,91,279,370,71,103,171,72,114,182,72,92,163,56,8,65,54,10,58,63,7,68,68,40,106,98,32,127,88,59,149,15,18,35,28,15,44,27,7,32,1158,1074,2233,1194,1164,2357,1337,1341,2678
304031094,456,288,736,477,268,739,559,377,941,1355,1151,2509,1305,1137,2441,1536,1416,2948,336,96,431,325,85,412,345,94,435,195,374,566,208,395,604,220,445,663,251,545,796,219,478,699,244,516,766,235,319,559,226,302,532,239,282,524,90,11,101,70,10,85,136,18,153,186,79,268,234,96,321,270,119,391,46,39,85,50,43,87,50,55,104,3155,2901,6057,3102,2821,5919,3597,3325,6930
304031095,257,106,366,272,149,420,348,242,597,497,555,1043,527,548,1069,636,720,1358,182,50,226,182,56,237,191,50,241,90,152,239,100,203,301,96,218,308,127,316,438,114,310,428,102,334,431,88,122,206,100,134,233,117,149,264,63,3,68,65,4,77,81,14,92,87,26,114,96,38,137,99,58,152,28,16,42,28,19,44,21,18,43,1402,1350,2756,1493,1465,2951,1686,1801,3483
304031096,258,153,413,259,144,401,343,232,570,1080,895,1979,1029,849,1877,1273,1060,2329,146,45,194,140,39,182,214,72,286,208,360,565,228,394,617,302,567,868,198,415,609,175,337,515,190,391,579,186,321,511,208,319,534,228,336,563,39,0,49,50,9,55,148,24,169,167,80,245,208,130,336,279,156,434,46,38,93,34,28,56,39,37,70,2333,2316,4651,2339,2243,4581,3000,2874,5874
304031097,289,183,475,307,208,511,332,265,595,1088,933,2020,972,949,1918,1073,1138,2206,247,71,322,267,61,327,292,84,375,162,274,441,196,298,494,216,364,583,186,461,651,171,390,568,187,404,590,176,192,376,160,254,414,173,219,396,81,6,88,66,8,78,122,13,134,152,61,210,170,63,224,186,111,292,26,20,46,32,21,54,44,28,71,2419,2208,4629,2336,2254,4589,2621,2631,5256
304041098,335,198,536,390,214,608,431,306,736,522,622,1147,517,697,1219,723,945,1666,451,79,529,396,79,472,400,101,499,698,259,954,633,309,946,500,357,860,189,470,659,180,447,625,191,444,631,126,175,299,122,186,308,130,188,326,163,23,186,174,27,206,186,48,232,150,70,220,143,78,224,191,77,272,69,27,94,44,28,75,45,29,70,2696,1923,4621,2616,2074,4684,2799,2487,5285
304041099,0,0,0,0,0,0,3,0,6,5,0,4,4,3,6,5,0,8,3,0,3,0,0,0,0,0,0,0,0,0,0,0,0,0,0,3,0,0,0,0,0,0,0,0,0,0,0,0,0,0,0,0,0,0,0,0,0,0,0,0,0,0,0,0,0,0,0,0,0,0,0,3,0,0,0,0,0,0,0,0,0,12,5,15,7,3,9,6,7,14
304041100,180,108,288,167,94,262,222,171,390,381,412,788,363,469,837,453,549,998,350,63,418,328,75,398,359,79,441,128,243,373,117,270,384,128,279,408,133,410,545,118,350,468,118,296,414,108,163,276,111,144,257,89,149,238,111,18,132,104,19,124,125,19,142,144,91,237,161,77,232,167,82,251,29,22,52,29,9,41,30,28,63,1566,1530,3097,1488,1515,3004,1685,1666,3347
304041101,303,191,493,368,228,591,425,298,717,545,628,1172,552,742,1290,686,860,1547,385,77,462,392,79,472,387,80,470,214,261,475,185,282,469,214,342,558,152,526,678,160,493,650,148,491,635,137,180,317,132,191,319,150,222,374,106,19,124,108,18,125,120,12,139,123,65,188,146,90,241,148,91,245,28,34,62,31,20,49,30,19,53,1994,1984,3981,2077,2138,4221,2319,2419,4739
304041102,0,0,0,0,0,0,0,0,0,0,0,0,0,0,0,0,0,0,0,0,0,0,0,0,0,0,0,0,0,0,0,0,0,0,0,0,0,0,0,0,0,0,0,0,0,0,0,0,0,0,0,0,0,0,0,0,0,0,0,0,0,0,0,0,0,0,0,0,0,0,0,0,0,0,0,0,0,0,0,0,0,0,0,0,0,0,0,0,0,0
304041103,820,401,1223,838,404,1239,903,598,1501,1456,1457,2916,1378,1553,2932,1547,1799,3348,659,148,810,560,149,705,584,142,729,262,474,733,240,515,753,257,570,825,314,998,1309,323,869,1190,289,763,1049,346,393,743,268,374,640,273,328,598,113,13,126,151,20,171,140,20,165,245,101,349,264,124,391,280,124,408,61,56,111,58,42,102,45,49,90,4273,4035,8312,4079,4038,8112,4317,4392,8707
304041104,394,166,561,435,233,669,553,326,880,568,620,1183,625,701,1326,785,971,1758,484,88,567,473,79,557,520,103,625,266,330,599,259,395,653,320,483,800,248,664,910,232,640,867,241,685,928,150,261,415,147,235,379,179,293,468,152,19,165,136,11,149,183,35,214,164,90,251,183,95,284,184,105,291,46,28,71,39,30,70,54,45,97,2470,2257,4726,2530,2415,4943,3019,3046,6063
305011105,487,256,744,545,304,846,706,423,1125,1023,742,1767,1026,777,1801,1452,1123,2582,261,83,346,333,91,423,462,178,637,163,249,414,213,365,575,343,609,949,236,429,662,247,404,649,363,573,937,143,167,309,182,236,415,265,372,641,60,0,59,77,4,82,159,29,187,173,109,285,284,208,497,352,278,624,60,45,104,69,40,104,90,69,158,2609,2080,4689,2972,2423,5391,4188,3657,7848
305011106,310,176,487,378,238,619,538,351,887,677,517,1191,832,594,1428,1080,916,1998,224,62,284,321,83,401,498,171,667,146,186,326,253,332,587,354,490,845,207,313,520,216,398,608,310,573,881,142,120,259,168,223,392,263,248,506,58,5,61,74,8,86,208,39,242,120,57,172,234,123,357,314,211,523,26,24,50,41,26,71,64,57,119,1908,1448,3356,2514,2023,4540,3630,3049,6679
305011107,199,168,371,249,183,427,278,195,473,641,612,1256,612,681,1294,681,767,1449,204,70,272,205,59,260,178,54,228,129,196,325,149,212,367,134,263,397,117,308,425,149,267,422,132,295,431,133,145,277,123,152,266,93,120,216,73,8,79,48,5,59,91,18,108,119,65,182,166,66,229,139,90,225,40,34,72,31,18,51,33,21,51,1652,1604,3261,1734,1646,3382,1753,1831,3582
305011108,411,257,667,480,280,760,589,406,993,747,676,1423,791,795,1588,1092,1075,2168,285,60,345,373,79,455,417,103,522,138,193,335,180,288,472,228,394,624,165,423,589,209,460,670,230,572,805,189,182,368,209,214,423,231,208,436,87,8,94,113,11,122,162,27,191,169,73,242,228,132,358,252,151,400,38,28,68,50,36,88,63,53,115,2235,1903,4143,2629,2293,4927,3272,2987,6265
305011109,644,458,1104,666,497,1158,713,600,1313,1384,1344,2729,1390,1465,2855,1465,1571,3040,443,114,558,415,102,511,410,109,514,241,363,604,255,355,609,247,412,655,329,652,977,278,634,910,272,568,843,260,276,535,237,296,537,206,239,448,89,8,95,90,13,100,109,21,125,225,100,324,233,102,332,198,94,292,71,55,123,63,42,103,59,57,121,3689,3362,7049,3628,3501,7129,3678,3668,7351
305011110,246,140,386,333,193,530,594,394,987,549,474,1016,715,675,1393,1511,1361,2876,153,42,195,237,74,310,454,159,611,116,175,289,147,294,445,349,597,943,111,216,330,162,290,453,271,590,865,114,117,229,134,179,312,249,342,592,43,5,45,66,7,75,166,34,199,103,57,163,160,77,233,258,218,477,28,23,51,30,25,54,53,59,117,1454,1250,2701,1993,1810,3795,3902,3756,7659
305011111,249,144,385,181,151,328,230,176,405,696,472,1170,697,432,1134,850,604,1452,209,55,262,218,71,287,294,124,410,114,187,306,165,250,419,205,324,531,138,262,403,114,223,333,182,249,432,116,118,228,118,110,221,129,129,258,55,6,58,65,0,70,120,22,142,171,109,280,326,234,561,285,242,529,39,13,52,32,26,54,49,34,87,1785,1361,3145,1918,1493,3415,2341,1902,4245
305011112,337,251,586,415,328,745,739,618,1353,914,919,1832,1109,1110,2219,1852,2042,3895,293,80,368,305,81,389,398,161,564,180,261,440,170,302,471,295,580,880,167,378,547,186,425,612,325,695,1021,149,178,329,145,209,360,243,304,550,82,7,90,93,20,117,190,23,215,151,73,234,197,84,279,273,137,405,59,35,89,37,29,70,58,61,126,2335,2177,4512,2664,2592,5256,4384,4620,9000
305021113,246,130,370,283,159,440,313,220,535,358,412,769,377,415,794,421,503,922,205,33,237,159,36,197,164,51,217,49,109,156,55,115,176,75,151,224,87,275,363,78,261,342,85,251,339,76,103,174,106,107,212,88,98,184,41,4,49,42,7,47,54,7,58,81,27,106,67,22,85,78,27,107,18,19,40,19,22,42,27,13,40,1160,1109,2273,1181,1157,2341,1300,1328,2628
305021114,425,243,671,487,298,786,609,396,1003,568,600,1166,611,645,1260,709,762,1470,235,50,287,228,49,275,227,66,287,73,119,190,93,174,268,98,189,291,153,364,513,115,380,495,135,408,545,113,144,260,125,160,284,134,151,284,56,7,57,67,3,69,70,15,85,75,38,109,97,41,138,97,45,139,34,24,57,31,27,62,35,35,69,1734,1580,3311,1859,1781,3641,2106,2071,4178
305021115,253,162,414,240,172,411,303,243,547,514,515,1027,562,586,1150,648,707,1358,280,70,354,270,62,330,257,87,344,135,180,317,157,229,387,137,275,410,157,320,476,152,296,448,147,262,413,117,122,239,133,129,264,112,128,238,93,7,100,76,9,85,101,17,119,124,54,184,147,75,221,152,80,233,45,28,74,28,20,47,26,28,59,1711,1467,3178,1769,1573,3348,1879,1829,3712
305021116,312,159,466,389,191,573,391,262,651,453,486,942,462,530,991,515,562,1075,197,45,239,144,49,194,176,41,214,66,129,197,78,148,221,86,176,258,117,288,406,103,284,387,107,303,406,111,108,218,123,144,262,106,128,230,44,3,51,59,7,61,55,6,63,75,22,95,57,25,85,76,38,117,25,19,37,28,16,46,31,26,50,1406,1255,2656,1432,1389,2819,1539,1529,3066
305021117,560,394,955,628,452,1077,775,635,1415,970,1126,2094,1001,1342,2335,1250,1657,2910,677,125,800,670,135,812,697,154,846,203,389,588,215,470,684,269,477,750,306,834,1138,302,787,1085,332,876,1204,244,328,573,267,333,595,254,365,619,236,20,254,200,26,225,240,48,288,278,139,415,329,167,488,314,157,469,64,42,109,57,52,109,68,58,124,3532,3394,6927,3661,3756,7415,4186,4428,8615
305021118,384,253,631,392,232,626,471,345,817,573,674,1251,549,727,1275,703,843,1546,279,49,335,273,51,325,261,61,322,92,164,252,92,183,272,131,242,372,137,433,565,168,402,574,153,398,549,130,141,270,128,143,270,139,157,289,74,6,84,72,17,85,76,15,92,128,27,157,110,42,147,110,44,158,26,24,50,27,29,51,30,20,46,1825,1772,3598,1809,1818,3625,2067,2126,4195
305031119,126,73,195,118,97,215,235,164,396,232,210,447,262,294,556,443,465,900,136,32,166,124,34,162,215,50,257,37,90,130,63,113,175,120,160,276,56,164,221,74,176,252,125,270,396,47,58,108,60,84,146,90,125,225,43,0,46,36,4,44,56,8,68,76,34,110,70,36,102,89,58,147,19,16,32,20,8,25,20,24,47,773,675,1450,823,842,1665,1386,1328,2711
305031120,282,194,469,295,203,497,364,244,607,541,648,1192,572,665,1237,698,857,1555,270,57,326,261,65,325,271,73,344,127,182,309,117,215,331,135,248,387,126,375,495,143,350,492,146,324,474,118,165,283,125,165,291,143,170,308,86,8,87,78,7,90,100,9,109,120,63,180,115,50,170,135,72,203,26,27,55,26,30,55,32,16,45,1685,1710,3400,1739,1754,3490,2022,2012,4023
305031121,295,174,474,302,194,495,359,236,588,513,425,935,492,436,926,589,530,1118,195,48,240,206,40,249,188,38,229,78,137,214,88,141,223,87,157,245,140,360,503,104,295,400,108,326,435,117,119,235,111,138,247,103,127,229,82,10,97,81,7,92,108,18,126,102,41,139,89,38,129,93,48,144,26,34,66,26,28,57,22,24,50,1549,1354,2901,1502,1314,2814,1656,1507,3159
305031122,455,319,782,470,344,812,524,409,935,970,912,1877,930,976,1901,1071,1097,2167,352,94,445,388,105,490,363,130,493,174,321,498,181,343,522,172,446,612,274,685,960,257,657,913,239,616,848,223,317,543,212,296,512,208,271,475,158,15,168,186,16,203,178,35,211,227,97,318,232,131,362,261,133,399,58,45,109,63,40,96,52,48,103,2896,2807,5699,2913,2901,5811,3067,3185,6250
305031123,212,127,333,237,145,384,293,229,525,401,433,831,418,450,868,490,532,1016,169,32,199,144,34,179,146,45,186,62,122,179,74,122,191,64,120,181,94,256,350,93,247,342,82,235,314,64,100,164,79,88,168,82,108,195,39,8,50,31,5,34,38,3,41,63,22,89,71,26,99,64,33,99,16,20,37,14,9,23,21,13,33,1112,1115,2229,1157,1131,2290,1284,1314,2595
305031124,352,188,532,421,268,682,495,300,786,418,393,815,547,529,1075,641,618,1262,201,47,249,278,50,327,219,68,288,68,123,188,90,178,270,137,216,352,115,326,443,157,387,547,166,401,564,113,139,249,171,189,361,148,167,315,57,10,62,81,12,90,110,20,134,100,33,134,121,58,180,112,56,168,43,24,63,41,19,61,43,42,83,1464,1280,2743,1907,1690,3593,2064,1893,3961
305031125,283,146,430,312,211,524,371,229,605,312,307,614,330,368,699,425,456,884,191,39,234,172,39,214,159,36,195,62,124,180,75,144,217,63,142,202,99,283,376,94,257,351,90,260,347,108,120,220,102,119,228,125,118,246,67,11,75,59,11,70,47,13,58,108,52,158,91,50,138,72,45,115,27,24,54,27,16,39,21,21,38,1249,1102,2346,1263,1223,2486,1376,1316,2688
305031126,264,187,450,284,229,516,347,261,607,763,820,1582,848,861,1713,1008,1096,2104,248,53,303,270,81,346,300,97,396,176,299,475,211,344,556,260,504,766,172,401,572,178,332,509,207,429,635,168,261,425,195,268,459,204,268,472,71,9,76,83,18,102,142,25,165,154,81,234,203,88,293,289,137,428,42,17,58,31,22,54,56,37,93,2056,2131,4185,2311,2242,4557,2808,2850,5664
305031127,197,124,316,229,136,362,233,175,406,418,473,889,474,516,991,525,609,1135,193,57,244,207,47,251,206,51,262,95,162,259,117,176,291,126,200,320,105,281,385,103,277,384,112,241,355,97,132,226,95,136,233,103,109,210,56,8,61,56,11,71,71,6,79,89,45,130,148,59,209,126,60,187,23,14,37,23,18,43,27,17,43,1270,1290,2557,1456,1369,2832,1523,1479,3002
305031128,576,401,972,726,549,1279,1305,983,2284,1068,905,1968,1392,1294,2686,2520,2590,5106,279,50,335,372,101,468,626,236,869,154,215,366,214,318,532,405,658,1062,238,482,724,284,629,914,568,1086,1649,184,196,379,286,292,578,415,440,855,65,11,78,90,13,102,201,46,243,118,48,159,137,63,207,307,178,482,48,27,74,70,49,118,109,101,206,2723,2333,5056,3576,3306,6881,6449,6312,12756
305031129,215,106,321,215,132,345,263,147,409,416,457,876,419,468,883,473,539,1014,131,42,176,131,26,152,121,27,154,59,97,162,72,115,180,78,132,201,81,205,288,82,192,273,76,186,260,76,90,166,78,97,173,77,85,164,48,6,51,35,5,39,42,7,48,65,18,89,58,28,85,52,26,74,8,20,25,10,16,30,15,12,29,1110,1036,2149,1093,1073,2163,1198,1161,2357
305031130,278,224,504,326,218,541,370,311,681,640,660,1299,745,771,1514,889,1016,1904,299,64,364,330,81,409,346,99,445,133,221,348,129,285,418,190,318,514,163,382,548,181,405,583,204,463,672,155,150,303,153,200,351,182,199,374,99,8,102,81,10,95,113,19,133,144,83,232,192,84,275,162,105,266,44,33,83,43,22,59,38,28,69,1961,1823,3786,2173,2078,4248,2498,2554,5056
305031131,391,262,647,415,252,664,537,396,929,788,872,1662,875,965,1843,1096,1303,2398,369,84,455,391,82,476,446,132,579,150,243,404,220,338,561,251,467,715,250,569,818,246,589,836,263,611,868,179,215,394,216,275,490,235,256,489,154,14,168,162,13,171,161,27,182,207,96,304,238,128,366,263,148,405,45,51,86,52,29,86,42,35,78,2523,2407,4932,2823,2674,5496,3291,3364,6652
305041132,702,380,1080,747,406,1152,830,526,1351,1262,1390,2655,1284,1465,2739,1421,1621,3044,478,101,578,461,96,552,439,96,527,222,345,566,250,399,651,239,448,686,237,803,1044,256,687,944,233,641,875,264,313,571,257,289,551,260,323,583,120,9,125,123,8,134,119,16,138,211,85,291,187,88,271,235,104,338,75,40,120,37,26,63,43,39,83,3557,3461,7027,3598,3469,7069,3819,3806,7630
305041133,230,173,401,261,164,427,285,232,508,677,700,1383,664,692,1354,732,718,1447,193,57,248,172,40,213,185,56,240,103,191,291,101,173,278,107,233,340,137,343,477,127,278,406,170,299,464,144,144,287,142,144,283,126,131,252,46,11,51,45,5,50,59,16,77,81,58,142,82,41,125,117,60,177,29,21,54,28,15,44,22,28,54,1638,1704,3344,1626,1549,3175,1801,1758,3557
305041134,523,294,817,531,354,881,712,444,1156,1065,1041,2111,1014,1124,2134,1141,1279,2426,302,85,387,259,81,341,256,72,328,137,278,413,167,254,423,136,286,423,168,508,675,162,440,605,172,447,618,164,218,383,172,209,376,175,195,374,72,8,83,66,5,73,69,13,82,114,43,154,112,52,168,114,57,171,44,30,69,42,20,63,40,33,73,2585,2499,5081,2522,2542,5062,2817,2831,5650
305041135,549,376,922,604,446,1052,739,549,1287,1269,1284,2555,1363,1325,2686,1631,1701,3334,441,109,548,374,101,474,402,127,527,190,342,525,213,380,595,281,453,733,239,651,894,258,570,830,276,568,844,211,259,472,220,304,522,237,295,533,83,7,86,64,10,71,104,20,126,148,60,206,151,60,214,195,95,285,42,37,80,49,34,82,50,50,101,3164,3129,6290,3306,3220,6522,3912,3858,7771
305041136,290,196,485,283,225,506,317,281,599,674,747,1424,624,678,1301,673,808,1481,242,50,288,198,53,253,215,69,286,117,194,311,126,177,307,120,243,369,122,288,415,121,289,409,147,305,452,116,153,276,118,157,275,128,137,267,40,4,48,53,4,55,65,10,76,95,27,121,101,34,138,113,57,172,24,22,43,31,13,47,22,25,53,1725,1682,3406,1652,1637,3292,1805,1948,3752
305041137,390,269,653,415,281,699,532,388,917,1331,1247,2579,1178,1272,2450,1584,1569,3147,389,107,494,298,85,383,367,111,484,209,352,564,227,377,606,271,506,780,265,577,838,244,494,735,274,609,891,213,307,525,223,293,516,241,310,553,83,15,99,88,11,104,132,22,153,165,67,231,182,69,254,231,127,358,55,50,103,30,20,52,56,46,98,3096,2991,6088,2886,2902,5789,3686,3684,7372
306011138,239,139,377,222,143,363,216,164,377,263,326,589,282,370,652,319,456,772,389,66,453,349,50,401,338,56,398,108,196,307,146,207,349,118,251,368,99,388,490,94,349,442,81,313,401,110,184,298,109,186,293,111,163,272,101,11,114,117,17,130,104,12,116,132,67,197,117,76,194,150,92,242,30,18,43,28,25,52,32,11,43,1463,1404,2865,1460,1414,2873,1471,1522,2992
306011139,442,275,715,444,281,731,458,350,809,445,571,1022,449,649,1098,479,741,1223,620,132,749,589,128,723,707,146,849,208,412,621,244,464,705,240,577,817,128,565,691,131,526,658,137,554,693,207,404,614,200,401,595,216,370,586,184,12,191,187,22,201,202,24,231,302,149,444,255,173,430,312,183,491,48,39,88,50,45,97,57,39,96,2583,2549,5132,2554,2687,5243,2816,2981,5798
306011140,158,100,259,125,92,225,134,127,263,235,301,531,241,356,595,285,424,716,238,40,272,211,38,250,213,39,250,84,155,236,80,153,231,77,165,241,47,213,255,67,192,252,37,179,210,74,129,197,52,82,135,54,108,166,67,5,78,69,16,81,61,10,71,85,46,133,85,46,135,75,51,129,11,11,22,16,11,25,14,15,30,999,992,1991,945,980,1925,957,1125,2077
306011141,480,249,734,471,293,763,506,339,849,506,737,1245,583,926,1508,713,1107,1826,789,147,930,800,132,928,900,163,1065,291,500,787,296,575,874,318,686,998,167,770,941,154,724,885,192,719,907,244,413,655,252,404,658,270,416,687,244,21,272,281,34,310,293,35,324,283,162,445,309,156,468,345,189,526,52,35,83,66,38,100,59,42,97,3055,3034,6095,3207,3277,6489,3592,3694,7288
306011142,384,240,622,487,329,819,621,440,1064,450,606,1050,615,879,1490,661,1175,1841,789,126,909,883,156,1038,1060,205,1263,239,454,695,320,630,949,438,899,1338,153,621,777,172,735,907,212,790,1005,213,453,664,263,510,773,279,490,772,243,33,280,301,30,330,385,46,433,290,179,470,367,214,585,461,261,716,57,49,101,59,37,98,84,52,132,2809,2752,5566,3469,3517,6986,4209,4355,8565
306011143,170,150,320,178,124,299,165,143,306,264,374,641,214,372,584,241,406,647,404,59,464,371,77,450,356,86,443,136,242,378,127,285,411,127,364,486,85,302,384,68,267,334,58,234,287,88,223,316,126,187,315,99,176,277,157,17,170,104,20,125,140,18,154,190,114,306,166,107,277,191,125,320,41,17,64,28,13,42,36,29,66,1540,1508,3050,1382,1460,2838,1413,1572,2990
306021144,197,127,316,194,119,312,190,155,347,128,263,389,165,327,494,182,397,576,530,85,617,517,79,601,596,81,676,117,260,381,143,343,477,160,431,590,95,461,558,87,463,542,91,422,520,130,246,378,155,276,427,172,291,468,217,9,227,270,25,291,228,25,259,222,143,367,259,172,425,285,161,443,36,28,65,32,22,54,39,31,69,1677,1627,3303,1816,1808,3626,1952,1997,3943
306021145,346,204,548,382,252,641,376,269,649,510,546,1053,595,640,1236,590,759,1346,493,110,602,486,121,609,563,152,707,322,401,718,400,542,943,430,637,1071,125,386,508,127,395,524,127,371,500,193,281,476,216,341,552,179,275,458,198,13,219,221,17,239,274,32,302,275,173,450,317,197,515,349,217,567,68,38,106,66,37,106,49,47,95,2530,2147,4682,2813,2540,5356,2936,2759,5696
306021146,253,162,421,245,155,405,251,185,441,281,400,680,275,418,692,318,488,806,554,85,640,529,79,610,564,81,641,123,263,386,144,296,439,179,361,544,135,534,670,127,491,616,104,420,521,167,268,439,154,257,407,145,218,364,201,18,217,170,11,187,157,24,177,234,131,363,214,131,347,223,151,370,37,33,67,36,31,65,44,26,75,1993,1892,3886,1892,1874,3763,1974,1961,3934
306021147,225,141,368,219,148,367,228,184,415,164,281,449,182,346,527,211,429,639,732,90,814,749,93,841,851,115,969,128,340,468,163,471,635,181,529,708,112,561,674,119,572,688,126,576,704,180,364,543,210,381,591,187,391,578,341,22,370,355,32,383,417,37,448,333,202,534,324,201,525,359,212,574,60,31,85,69,29,98,52,40,93,2276,2039,4315,2394,2262,4662,2615,2509,5123
306021148,282,131,412,291,168,456,318,229,543,167,324,497,198,400,596,213,497,708,616,102,716,706,89,794,767,131,894,88,279,370,116,324,440,146,482,634,68,430,497,78,407,482,98,517,620,101,234,334,104,249,357,125,259,385,295,13,308,280,24,298,329,22,354,282,146,426,283,164,447,335,173,510,44,29,73,28,25,57,70,41,107,1949,1688,3630,2078,1856,3931,2412,2357,4763
306021149,329,207,536,311,183,491,305,230,534,355,437,792,407,512,915,425,569,995,577,94,670,558,94,653,572,83,654,181,320,500,208,430,635,234,482,716,150,580,726,140,521,660,124,501,624,197,303,500,176,338,514,181,305,489,213,21,232,165,27,193,207,33,241,234,173,410,253,166,419,296,196,495,46,54,95,44,30,73,44,35,70,2276,2186,4462,2263,2301,4565,2390,2439,4828
306021150,0,0,0,0,0,0,0,0,0,0,0,0,0,0,0,0,0,0,0,0,0,0,0,0,0,0,0,0,0,0,0,0,0,0,0,0,0,0,0,0,0,0,0,0,0,0,0,0,0,0,0,0,0,0,0,0,0,0,0,0,0,0,0,0,0,0,0,0,0,0,0,0,0,0,0,0,0,0,0,0,0,0,0,0,0,0,0,0,0,0
306021151,82,89,169,89,64,157,101,103,207,121,171,297,133,172,306,125,213,337,276,54,329,230,54,283,245,57,302,113,214,332,114,257,372,127,303,430,65,251,316,43,214,260,51,206,259,93,149,246,74,156,232,90,149,236,143,15,155,147,13,159,117,18,135,165,140,306,179,143,319,192,157,352,22,25,43,24,17,39,28,14,49,1081,1101,2183,1040,1086,2123,1082,1224,2307
306021152,97,73,167,92,62,149,91,69,159,130,180,306,104,170,279,139,207,340,267,39,310,213,38,249,253,65,321,97,195,293,122,226,350,142,265,401,55,194,256,47,186,239,61,189,249,68,134,208,85,130,217,86,127,216,128,6,138,127,14,138,142,11,157,199,113,312,162,134,298,193,122,317,21,19,38,32,16,42,21,18,39,1073,959,2035,983,982,1969,1117,1069,2190
306021153,252,154,403,260,191,451,276,189,460,271,406,677,293,446,734,295,572,866,575,99,679,557,92,648,566,96,660,158,324,483,162,367,524,195,493,686,110,523,635,121,516,632,118,514,634,188,314,502,175,310,475,160,317,476,244,18,264,213,15,228,234,24,256,224,137,364,214,144,355,251,150,399,42,29,70,36,35,73,40,32,73,2063,2002,4067,2021,2103,4130,2127,2381,4508
306021154,158,103,263,135,104,235,163,107,268,187,195,377,182,262,440,177,285,470,393,63,452,338,58,396,358,94,455,158,228,385,175,249,426,173,286,455,51,219,274,47,167,212,63,190,253,103,165,266,98,164,263,103,144,244,145,15,157,137,16,148,152,11,165,182,113,296,210,136,347,219,135,353,44,24,73,32,18,51,37,23,61,1416,1121,2542,1353,1171,2515,1444,1271,2715
306021155,97,77,175,92,80,169,100,75,173,74,126,204,71,148,225,95,182,277,257,43,309,281,58,334,263,44,310,77,143,223,87,195,282,107,238,342,68,232,304,51,212,264,42,195,245,81,156,233,81,146,229,67,157,220,160,11,174,148,9,153,136,15,151,153,104,258,159,90,249,141,114,254,20,18,34,23,14,35,30,17,40,1000,915,1911,989,950,1940,985,1034,2019
306021156,308,207,509,281,202,483,294,233,529,502,572,1075,493,658,1149,564,803,1368,440,73,514,439,76,509,386,100,489,162,306,478,147,346,495,185,375,560,113,483,597,81,418,501,113,373,476,148,229,381,152,240,388,109,213,320,172,17,190,165,11,172,157,17,175,202,93,297,181,116,299,194,111,306,31,30,63,30,26,58,25,37,62,2088,2009,4097,1971,2093,4054,2021,2268,4290
306021157,89,62,151,91,64,161,83,66,145,95,133,228,86,145,235,113,152,267,288,32,325,263,35,300,285,46,326,59,147,211,78,174,249,81,242,327,41,240,282,43,221,258,40,201,240,84,152,239,80,163,242,77,141,215,155,10,169,136,20,151,161,13,170,166,108,270,155,127,285,191,112,297,16,22,41,24,17,39,20,14,36,998,909,1904,958,966,1925,1046,982,2031
306031158,262,97,366,244,101,346,239,125,363,84,147,236,79,166,246,83,187,270,236,42,284,215,51,267,274,48,314,38,137,177,43,148,193,46,163,206,28,198,228,30,182,214,25,208,236,25,87,117,38,93,134,41,105,146,183,12,197,172,11,185,190,19,208,160,94,252,179,100,277,170,90,259,11,22,29,16,16,36,24,19,44,1036,848,1886,1017,874,1889,1096,952,2051
306031159,291,137,434,266,149,411,261,133,391,189,288,481,180,313,491,168,309,473,489,89,579,368,74,443,349,78,429,93,292,386,91,319,409,111,357,466,60,334,389,65,293,358,62,272,340,110,248,355,100,202,307,101,200,302,262,19,281,249,15,264,278,15,287,517,258,772,497,299,797,539,306,845,50,29,74,36,22,57,45,31,74,2063,1684,3749,1849,1680,3535,1906,1700,3609
306031160,462,234,698,404,213,616,416,209,624,113,221,334,111,239,353,111,264,375,542,71,615,469,63,539,493,71,559,57,260,319,67,269,332,73,291,362,51,342,391,42,352,396,37,315,351,61,214,272,77,221,300,66,213,281,341,32,367,350,27,376,323,31,352,389,194,583,352,240,586,358,224,585,41,31,66,47,24,65,41,40,83,2055,1593,3642,1914,1647,3557,1907,1665,3566
306031161,540,250,793,508,224,734,477,237,710,156,257,411,156,269,423,172,331,503,641,103,750,521,121,640,516,114,629,88,292,380,104,297,400,116,359,468,49,412,470,40,383,423,52,378,426,87,260,346,101,256,353,111,242,348,413,41,455,419,55,472,386,51,438,645,349,994,613,454,1063,632,419,1054,54,29,88,59,27,79,73,44,112,2681,2003,4687,2506,2083,4592,2521,2174,4697
306031162,0,0,0,0,0,0,0,0,0,0,0,0,0,0,0,0,0,0,0,0,0,0,0,0,0,0,0,0,0,0,0,0,0,0,0,0,0,0,0,0,0,0,0,0,0,0,0,0,0,0,0,0,0,0,0,0,0,0,0,0,0,0,0,0,0,0,0,0,0,0,0,0,0,0,0,0,0,0,0,0,0,0,0,0,0,0,0,0,0,0
306031163,11,11,17,7,15,26,13,18,30,29,32,57,23,37,55,33,40,76,21,4,24,37,5,38,34,4,39,29,54,83,33,56,93,51,76,128,10,35,44,6,28,39,8,40,50,0,5,5,0,3,6,0,5,9,11,0,11,6,0,5,9,0,9,33,21,49,23,23,47,27,21,51,5,0,11,16,13,25,3,8,8,146,158,306,157,181,340,188,209,398
306041164,199,163,355,209,146,356,208,137,352,143,178,321,129,219,350,139,221,363,413,80,494,398,73,471,416,56,473,97,269,363,117,271,390,108,308,413,45,252,289,50,244,296,45,255,298,64,159,220,50,174,225,70,204,269,182,14,197,171,13,182,186,20,203,228,160,385,233,163,399,238,190,425,38,19,60,35,31,67,46,35,83,1398,1289,2692,1394,1348,2745,1451,1431,2887
306041165,253,184,430,265,213,479,229,210,437,143,132,276,147,173,317,171,192,364,336,78,415,340,74,417,360,89,450,156,262,418,159,283,433,189,323,514,41,229,267,55,208,264,39,216,257,96,228,322,82,219,302,81,212,297,89,4,94,80,3,89,77,14,94,199,125,328,251,162,408,257,175,428,17,18,33,24,8,38,34,23,54,1328,1268,2587,1406,1342,2746,1441,1454,2893
306051166,389,217,608,373,199,572,392,237,630,240,385,625,246,436,683,260,479,737,532,102,635,514,115,634,568,116,687,155,340,495,169,366,533,177,496,671,69,468,536,65,455,524,67,476,539,162,305,473,161,309,470,157,310,471,263,11,268,284,14,299,313,18,332,360,237,588,394,220,617,481,253,737,43,42,89,37,18,58,67,45,112,2214,2109,4319,2243,2134,4373,2472,2431,4897
306051167,162,104,269,153,110,266,150,121,276,63,129,195,64,120,190,65,138,196,235,53,283,167,45,205,175,37,210,45,155,208,55,171,219,55,184,244,18,167,189,20,130,156,11,126,141,36,93,125,47,106,154,37,111,144,213,13,233,187,16,199,170,23,193,152,101,252,154,124,275,181,122,310,22,18,40,25,13,37,39,30,68,958,844,1804,871,833,1705,881,895,1776
306051168,130,111,241,147,125,270,127,109,233,184,230,416,161,230,388,161,259,420,235,50,282,235,43,273,267,48,315,74,139,210,72,155,228,104,192,297,44,164,206,42,175,220,49,178,228,51,123,172,65,102,162,52,91,148,101,5,107,72,5,84,72,12,80,114,60,172,110,62,171,110,61,168,24,12,34,16,12,30,36,31,68,954,892,1853,923,908,1825,970,978,1952
306051169,427,244,670,416,260,673,444,276,725,230,347,576,220,400,615,235,465,704,473,92,564,406,76,486,460,94,555,88,279,364,110,280,392,134,323,464,58,330,393,61,350,409,70,358,427,61,169,234,84,191,274,74,182,255,246,15,262,202,20,230,207,31,242,244,164,411,273,164,438,282,201,485,30,19,48,31,27,60,38,36,72,1845,1674,3522,1803,1769,3575,1956,1972,3926
306051170,345,186,525,345,214,559,360,260,621,171,307,478,169,341,507,198,433,631,525,88,607,523,91,611,589,111,705,128,327,448,158,402,563,197,432,628,90,405,490,89,432,526,73,467,538,128,300,425,131,284,413,142,272,411,353,21,383,277,23,297,322,36,361,423,278,698,484,311,798,559,390,952,43,33,80,51,22,70,80,42,118,2203,1932,4139,2221,2124,4346,2521,2442,4960
307011171,405,182,595,353,185,539,330,175,504,76,166,248,69,189,260,62,197,262,199,52,252,191,32,219,182,40,224,31,133,169,42,143,188,32,155,190,20,197,219,30,186,220,20,168,187,46,100,148,53,106,161,44,88,132,238,15,260,166,10,176,188,25,214,252,113,367,231,121,360,216,119,339,22,26,48,20,11,34,25,24,50,1306,991,2298,1160,991,2149,1117,985,2102
307011172,417,196,612,387,200,584,399,233,628,170,232,406,137,258,399,155,328,484,536,81,617,540,83,624,611,107,717,54,208,256,46,213,263,46,263,311,63,354,415,53,339,388,68,381,449,67,177,240,79,207,288,80,192,274,390,28,408,342,38,380,379,41,423,312,190,501,280,179,464,345,252,593,39,21,65,48,17,70,52,25,78,2049,1477,3527,1921,1531,3456,2144,1820,3958
307011173,328,162,490,273,132,402,285,148,441,153,260,413,144,296,442,135,311,445,375,76,448,407,72,475,370,68,443,50,228,278,48,255,304,55,274,328,53,333,380,41,337,379,48,327,373,113,188,306,118,196,310,103,165,273,344,28,376,273,25,295,287,31,316,220,167,383,220,131,353,229,136,366,23,20,43,26,22,50,35,22,58,1655,1470,3117,1556,1457,3007,1541,1493,3034
307011174,466,205,671,419,182,599,390,162,554,29,103,135,28,98,125,37,100,131,119,37,161,107,26,129,112,23,136,23,119,144,16,131,146,13,115,129,17,143,161,18,145,156,10,129,139,20,52,73,27,54,80,21,62,82,170,17,189,169,15,188,161,18,181,231,128,362,255,131,390,254,130,385,24,11,29,9,8,21,26,12,39,1107,812,1916,1045,788,1836,1030,750,1777
307011175,397,220,612,370,184,553,343,188,531,51,120,166,59,127,181,33,134,170,152,29,185,210,31,246,193,48,235,32,112,144,34,126,163,29,135,167,14,159,177,11,158,175,14,153,174,26,70,102,35,71,102,20,89,106,205,17,222,220,18,241,184,28,209,174,132,306,191,114,305,219,151,368,24,12,36,13,14,23,31,13,50,1082,866,1946,1144,836,1982,1071,935,2008
307011176,231,159,388,230,151,383,228,184,407,188,316,504,181,377,558,181,376,551,556,64,619,506,74,581,511,75,588,72,243,316,95,259,350,83,292,373,85,462,552,70,414,482,69,409,480,103,191,288,117,173,288,118,197,321,330,20,349,290,22,307,250,25,278,221,162,385,221,149,373,238,177,414,48,30,73,32,14,43,49,22,73,1832,1644,3478,1745,1632,3370,1725,1758,3481
307011177,751,421,1175,675,397,1073,669,376,1046,58,194,252,60,177,238,55,216,272,269,58,332,214,49,263,232,39,274,33,159,191,34,156,192,28,180,205,36,255,295,20,257,275,27,249,279,36,94,133,53,116,169,45,106,147,325,23,347,264,15,275,226,16,244,297,168,467,309,147,459,276,172,448,34,23,56,27,20,48,38,24,63,1846,1403,3251,1653,1327,2981,1591,1385,2981
307011178,340,174,510,287,148,434,282,150,435,20,80,99,22,83,110,28,78,105,115,29,148,107,25,134,88,20,106,30,111,141,22,110,136,24,108,135,16,105,123,16,87,99,9,94,106,26,51,80,24,39,67,15,45,61,186,13,196,122,11,133,122,12,133,150,78,229,145,84,235,145,75,222,16,10,24,16,9,23,15,10,24,905,652,1557,771,603,1373,734,595,1322
307021179,503,284,782,468,288,761,476,291,767,130,251,379,128,276,408,140,307,444,394,54,445,422,74,498,434,85,521,60,210,268,55,242,304,80,312,394,60,242,305,56,281,339,68,300,369,52,133,191,61,138,206,65,134,197,302,20,323,312,16,329,287,23,314,280,194,478,279,200,475,315,204,518,32,18,53,37,22,59,43,31,72,1806,1411,3219,1827,1536,3358,1909,1679,3590
307021180,486,211,703,476,215,691,426,197,619,101,168,269,96,171,263,97,198,298,410,75,480,370,84,453,432,80,514,53,208,259,65,247,314,74,311,382,35,303,343,46,299,343,38,306,349,68,150,214,61,138,204,64,152,216,307,30,338,318,28,345,307,31,341,445,239,682,492,315,810,403,259,662,33,18,54,35,16,58,52,25,74,1941,1406,3355,1967,1512,3479,1893,1560,3456
307021181,245,105,351,231,100,330,217,115,325,37,75,108,19,69,86,21,88,104,159,30,190,150,27,174,124,20,148,9,75,89,5,95,98,11,93,104,11,102,111,12,110,118,10,103,114,16,50,65,25,62,87,24,62,84,168,10,181,173,16,188,139,24,156,154,120,279,179,125,300,180,129,305,24,11,31,12,9,22,23,17,40,820,584,1398,801,602,1406,743,641,1385
307021182,328,162,492,322,177,499,315,164,480,70,165,238,78,184,260,73,219,296,329,79,407,375,72,443,386,59,448,41,128,173,34,152,188,41,210,249,31,244,275,33,247,285,25,288,317,59,138,200,65,110,178,57,108,168,261,15,275,233,16,251,231,19,252,241,188,430,251,172,421,240,148,388,26,15,45,18,13,23,37,22,60,1403,1129,2530,1409,1151,2556,1409,1244,2653
307021183,935,408,1340,857,395,1250,854,458,1310,342,576,915,328,637,968,304,666,972,1078,161,1239,1141,180,1317,1087,167,1257,109,446,555,127,494,620,141,638,785,130,822,949,127,827,953,123,797,915,261,416,675,282,433,719,275,442,724,703,76,771,656,51,708,615,49,661,574,354,928,590,380,965,621,438,1064,79,37,112,79,33,108,78,36,109,4209,3287,7489,4182,3431,7614,4106,3695,7795
307031184,371,194,568,352,182,537,323,176,498,89,165,253,83,186,265,81,244,322,222,56,282,292,52,344,308,59,361,26,126,155,33,155,190,39,206,244,30,201,232,42,203,242,35,218,251,46,93,142,35,92,132,66,81,147,134,9,142,141,12,153,142,16,154,154,100,250,173,106,278,152,111,262,11,6,22,21,13,38,32,12,46,1089,958,2044,1175,994,2171,1178,1123,2295
307031185,296,157,453,297,146,441,287,140,429,68,135,211,70,139,210,99,169,265,183,44,232,190,52,245,192,40,228,32,108,142,34,136,174,49,146,194,32,169,200,33,168,201,29,188,221,35,91,125,47,105,154,60,98,156,169,13,187,160,14,177,170,27,194,153,112,270,158,109,270,171,106,278,12,14,25,13,9,23,24,19,41,983,853,1833,1003,881,1886,1069,931,2003
307031186,304,153,462,281,143,428,300,149,449,62,130,196,79,152,228,63,185,251,205,53,261,228,48,282,213,54,269,27,117,145,32,150,182,47,180,229,24,150,173,36,149,185,32,163,193,48,74,122,45,87,128,48,93,146,157,15,169,130,14,150,160,32,194,167,100,269,196,108,304,167,125,290,23,9,31,32,16,46,37,19,55,1017,804,1823,1066,867,1931,1067,989,2061
307031187,163,95,256,162,89,256,156,90,243,112,162,273,98,153,245,110,171,282,244,61,300,208,53,258,186,48,240,50,198,248,42,211,253,46,222,267,43,200,242,32,175,211,33,200,233,80,133,210,75,122,196,74,120,191,128,3,129,120,8,130,123,9,137,258,147,409,211,155,367,211,157,373,16,11,25,20,10,30,17,14,34,1085,1009,2091,969,981,1947,959,1035,1995
307031188,394,226,618,350,188,526,338,204,540,85,170,260,94,185,277,111,221,333,217,40,257,223,34,264,228,59,284,34,178,207,38,183,216,51,268,319,32,175,201,32,180,211,41,182,218,45,109,156,53,102,157,34,119,156,176,10,190,169,11,174,179,15,190,371,184,553,279,179,459,312,179,493,23,15,39,20,14,39,26,24,54,1364,1100,2473,1254,1076,2327,1324,1255,2582
307031189,396,222,619,380,216,598,409,256,664,298,464,763,272,495,770,273,545,819,706,147,858,666,160,826,683,150,835,134,524,660,155,525,676,181,666,845,147,594,744,138,567,705,129,566,697,253,475,724,243,431,675,249,424,675,558,87,652,488,57,552,520,76,595,660,387,1044,718,399,1120,714,414,1127,44,43,88,61,43,108,82,41,120,3207,2941,6153,3132,2897,6034,3238,3136,6376
308011190,293,165,459,278,186,463,264,161,427,142,206,347,105,177,282,95,182,273,600,84,685,507,80,585,421,93,514,44,183,224,62,166,228,50,199,248,52,301,351,40,240,284,23,237,261,20,137,158,40,114,151,51,114,164,868,115,980,731,121,848,654,195,843,265,258,522,249,218,471,245,247,491,51,31,80,46,18,59,57,35,87,2345,1466,3815,2056,1315,3374,1843,1464,3307
308011191,720,382,1104,588,335,927,600,344,947,125,242,368,99,233,328,105,210,318,576,87,659,478,64,541,408,78,482,30,183,211,34,184,217,31,181,210,38,373,404,38,305,340,28,291,320,25,137,165,38,124,162,35,117,150,721,68,790,535,46,582,461,71,530,315,244,552,274,231,500,310,237,544,41,35,84,36,31,64,49,26,73,2594,1745,4333,2108,1559,3668,2018,1550,3571
308011192,434,244,678,394,244,643,454,320,764,370,588,960,338,557,899,373,676,1047,1390,140,1538,1114,145,1257,1227,160,1387,78,388,459,95,405,505,113,514,627,130,903,1029,104,723,827,112,705,816,135,420,555,189,504,689,213,520,731,1161,106,1271,956,85,1046,964,158,1119,358,345,706,363,302,662,459,399,860,80,58,141,68,24,89,99,49,141,4136,3189,7326,3624,2988,6616,4011,3494,7505
308031205,101,94,196,102,87,190,94,97,191,124,208,335,126,202,320,118,231,348,456,56,510,380,59,439,412,67,477,89,273,359,89,291,377,150,344,492,81,266,352,77,244,318,55,236,290,111,208,319,116,199,316,114,207,319,283,13,297,238,15,251,266,20,290,337,196,540,322,184,506,291,204,493,44,27,70,26,11,38,42,16,58,1628,1350,2976,1476,1289,2764,1543,1421,2965
308031206,67,44,116,68,41,110,59,44,101,23,60,86,22,57,82,18,55,74,121,20,140,108,23,126,126,15,140,13,65,80,16,58,73,12,80,93,12,105,120,13,93,105,14,96,106,14,37,53,22,41,58,17,46,59,127,14,141,107,15,118,105,21,130,68,36,106,57,48,110,55,41,95,10,3,12,7,10,20,9,4,8,463,396,854,425,380,803,413,401,817
308031207,118,68,184,115,82,200,120,87,211,102,174,277,93,168,267,85,208,300,295,42,331,282,54,331,307,49,357,47,157,205,59,182,243,68,232,296,30,178,210,37,205,235,31,207,243,41,97,140,55,129,185,60,122,179,181,7,190,218,13,230,233,25,259,116,92,207,119,100,221,147,121,268,23,20,37,27,11,41,24,18,49,949,832,1785,1004,946,1943,1083,1081,2161
308031208,243,171,418,210,156,365,212,180,395,411,496,906,342,494,838,345,597,944,697,90,785,625,88,717,600,88,688,137,321,458,144,339,482,177,406,582,137,639,771,109,547,656,105,545,652,180,314,494,180,316,497,172,232,405,327,34,355,285,15,299,279,22,302,290,149,440,273,152,418,272,152,427,39,35,77,18,19,40,33,26,60,2459,2241,4700,2181,2141,4322,2193,2255,4447
308031209,153,98,246,160,93,252,131,101,235,127,185,317,117,229,349,130,275,404,416,62,476,420,58,478,422,65,484,56,128,185,65,136,203,66,169,234,51,316,373,49,307,357,51,318,366,59,155,216,66,160,225,66,147,214,219,10,230,199,15,216,211,24,231,99,58,157,102,63,168,102,53,158,19,9,25,20,8,30,14,13,24,1197,1032,2226,1202,1077,2278,1195,1159,2355
308031210,215,129,339,203,162,365,238,197,435,160,312,473,168,430,599,178,460,634,708,91,793,784,97,879,754,159,911,112,319,432,156,508,666,160,606,768,103,539,639,106,574,677,104,573,679,107,282,387,151,364,515,179,379,560,576,47,625,641,55,700,689,101,791,268,204,470,309,236,542,405,243,647,42,33,71,44,26,69,72,47,119,2290,1942,4235,2555,2456,5008,2776,2763,5543
308031211,90,66,159,69,61,129,81,59,145,111,151,261,86,156,242,93,156,249,336,42,382,290,43,334,298,47,346,74,172,250,66,190,257,83,249,337,67,254,323,48,199,243,39,215,252,60,137,196,68,143,212,69,114,183,190,19,209,143,12,158,165,10,174,346,190,542,334,138,470,312,173,484,23,17,45,23,7,27,41,25,71,1305,1061,2368,1124,953,2077,1186,1045,2230
308031212,38,29,57,29,30,56,25,21,49,35,54,86,20,46,69,22,52,74,117,14,131,99,15,111,98,16,113,33,90,127,32,74,110,30,96,120,28,62,90,11,60,68,10,62,74,22,44,61,15,53,71,17,41,61,108,3,111,103,10,114,94,13,101,85,55,134,93,63,154,83,51,130,17,4,22,9,10,20,17,8,24,465,356,831,418,363,778,389,362,754
308031213,271,144,412,306,183,486,265,190,452,376,478,854,408,535,941,430,623,1053,661,82,746,637,99,732,617,100,719,111,291,408,156,399,552,249,551,800,138,604,744,127,585,710,132,573,703,164,287,451,152,315,466,176,270,452,286,24,309,281,26,302,331,44,371,274,154,429,314,191,503,344,230,571,42,30,68,28,20,51,38,40,74,2328,2095,4419,2411,2337,4747,2580,2612,5193
308031214,92,58,152,86,75,152,74,92,163,111,178,290,85,158,249,89,177,272,382,53,430,352,46,399,356,49,404,64,200,267,78,220,296,93,260,351,79,278,352,56,224,283,54,216,265,87,169,254,79,162,240,76,139,216,195,21,216,160,17,177,220,15,232,217,155,367,192,114,303,208,95,304,34,29,60,21,13,33,39,22,63,1260,1130,2389,1108,1027,2135,1200,1064,2268
308031215,131,100,228,129,93,226,169,126,295,176,258,431,139,284,427,180,344,529,521,57,578,498,64,560,517,76,591,89,237,327,101,269,371,141,391,532,67,367,435,70,343,410,60,394,454,92,236,324,107,213,317,121,203,329,255,13,265,272,13,281,269,29,295,218,148,363,213,155,371,239,167,404,35,24,58,21,14,31,33,22,54,1580,1431,3010,1551,1441,2994,1724,1761,3489
308031216,115,100,216,112,105,211,131,91,228,221,357,577,181,325,508,201,389,591,423,59,474,376,59,433,385,63,449,88,225,314,106,239,342,114,279,397,76,285,359,55,295,355,54,284,341,91,166,260,94,136,225,86,132,218,218,17,237,202,24,224,200,23,222,210,117,331,194,105,299,202,106,308,38,33,76,18,9,24,29,27,51,1484,1360,2844,1330,1295,2626,1406,1401,2810
308031217,85,63,154,77,57,134,64,48,112,56,80,142,60,96,154,76,113,183,207,40,240,162,26,186,162,21,184,40,119,167,57,125,179,58,156,209,39,99,133,23,78,104,27,94,117,44,71,116,40,57,101,42,63,111,148,15,164,102,10,118,117,5,127,187,111,304,114,95,212,135,96,237,10,5,16,5,10,15,16,8,21,823,604,1433,649,548,1197,706,600,1306
308031218,110,61,166,117,66,184,128,88,215,71,108,179,73,116,187,64,150,212,242,29,278,231,45,275,282,46,325,31,114,143,32,126,153,44,127,168,22,183,208,23,144,164,10,151,163,30,72,104,36,67,102,31,75,113,164,10,177,172,18,190,181,18,203,107,77,186,105,67,178,118,76,193,24,15,38,17,14,35,27,9,37,810,669,1478,810,663,1472,877,744,1620
308031219,232,125,363,226,130,358,227,147,372,98,158,258,86,154,239,87,198,287,251,52,302,266,56,320,317,59,379,31,120,150,35,156,190,43,170,219,26,176,203,16,192,211,19,212,229,39,102,142,37,96,137,31,90,125,206,18,223,166,9,176,187,28,210,115,80,196,150,96,241,148,106,253,25,16,43,17,18,39,30,25,54,1030,842,1871,1002,906,1909,1099,1027,2129
308031220,168,92,264,168,113,283,164,101,263,30,95,125,36,111,146,38,118,149,221,25,247,238,39,279,235,47,274,26,84,105,22,77,102,30,100,131,23,173,193,17,153,167,16,165,179,25,77,102,28,68,100,27,61,84,165,11,181,162,21,175,161,25,192,105,73,178,101,71,173,101,68,163,22,16,38,21,15,35,28,14,36,791,640,1435,797,662,1460,790,691,1476
308031221,0,0,0,0,0,0,0,0,0,0,0,0,0,0,0,0,0,0,0,0,0,0,0,0,0,0,0,0,0,0,0,0,0,0,0,0,0,0,0,0,0,0,0,0,0,0,0,0,0,0,0,0,0,0,0,0,0,0,0,0,0,0,0,0,0,0,0,0,0,4,0,0,0,0,0,0,0,0,0,0,0,0,0,0,0,0,0,4,4,8
308031222,220,138,360,225,161,385,209,177,382,388,535,921,384,564,950,427,623,1051,505,59,566,400,51,456,411,62,468,116,276,390,140,292,432,182,326,504,102,384,479,83,324,411,81,349,431,110,196,312,106,174,279,124,180,307,184,17,197,154,10,164,173,20,195,215,116,334,173,88,266,173,117,293,29,20,52,32,25,59,22,31,47,1882,1738,3620,1712,1693,3400,1805,1868,3673
308031223,512,320,832,471,350,817,526,432,954,489,765,1249,459,879,1339,572,1166,1741,1087,157,1239,1193,206,1398,1394,231,1618,190,560,748,246,716,967,318,937,1258,125,784,915,159,808,971,154,934,1082,243,495,739,209,530,744,242,516,760,714,82,792,684,69,755,832,112,948,435,262,694,432,280,713,504,322,829,97,60,153,66,41,110,98,73,176,3891,3477,7371,3935,3888,7824,4650,4716,9365
308041528,830,451,1283,776,458,1233,735,432,1172,109,254,369,92,256,344,105,291,393,542,93,638,476,81,558,493,90,582,29,234,264,39,238,277,31,264,295,29,326,362,45,347,390,31,329,361,55,162,216,61,168,232,79,173,251,680,77,764,589,70,658,533,97,632,349,257,606,347,236,584,326,235,559,58,23,76,39,27,63,58,38,96,2682,1889,4568,2455,1883,4338,2392,1943,4336
308041529,128,85,212,135,92,221,123,83,206,157,227,386,126,242,366,120,229,350,550,60,610,526,62,593,444,76,520,32,153,185,35,171,209,43,197,241,37,287,325,41,254,301,44,249,295,51,168,223,61,180,244,61,123,189,398,41,442,324,29,363,334,66,401,319,215,541,342,185,524,256,193,454,24,14,36,29,11,42,43,21,60,1703,1259,2956,1618,1234,2848,1464,1247,2715
308051530,186,129,317,201,141,345,220,165,380,71,114,186,75,155,228,101,175,275,322,42,359,296,59,354,360,66,429,46,126,176,52,159,210,52,207,265,27,162,190,36,157,185,33,167,202,43,148,186,33,140,177,41,139,180,264,27,291,229,30,260,221,24,245,205,127,330,203,142,345,231,152,386,37,22,57,39,14,46,41,26,68,1196,901,2095,1170,984,2153,1305,1130,2436
308051531,298,146,451,274,155,426,251,172,423,289,390,678,244,420,667,294,512,802,1017,120,1138,863,111,972,907,144,1042,59,307,361,79,342,426,105,455,562,95,463,560,72,417,485,82,446,524,83,311,392,84,264,351,87,260,344,585,68,651,510,49,559,488,83,570,352,221,569,305,202,509,287,190,482,51,33,83,46,25,71,58,33,93,2834,2058,4888,2478,1984,4467,2550,2293,4837
308051532,0,4,6,0,0,0,0,0,0,3,0,3,0,0,0,0,4,4,9,0,8,0,0,0,4,0,4,0,0,0,0,0,0,0,0,0,0,0,0,0,0,0,0,0,0,0,0,0,0,0,0,0,0,0,3,0,3,0,0,0,0,0,0,4,0,6,0,0,0,0,0,0,0,0,0,0,0,0,0,0,0,22,9,30,3,0,3,8,4,9
308051533,275,193,466,313,202,512,284,217,501,365,440,801,371,512,885,376,591,965,1176,124,1301,1227,156,1384,1195,194,1389,58,319,376,112,473,585,146,621,764,117,615,732,136,563,697,115,583,700,106,372,475,153,429,588,171,449,620,682,72,752,630,78,707,653,120,778,447,237,692,451,269,717,497,293,787,85,32,117,79,21,102,103,55,152,3312,2402,5710,3464,2707,6171,3532,3121,6660
308051534,164,101,272,158,106,264,144,108,258,217,211,434,197,204,398,215,269,485,622,60,688,409,64,469,375,66,446,43,162,205,60,161,228,72,213,283,57,255,308,60,215,276,65,161,230,69,154,227,83,141,227,77,129,211,319,37,356,271,31,295,254,45,295,267,159,427,225,133,353,224,142,373,40,20,62,34,9,49,42,17,59,1813,1162,2976,1502,1069,2570,1479,1160,2631
308051535,324,204,529,332,200,534,303,253,547,200,286,491,176,380,555,163,398,558,1009,137,1141,1031,150,1179,1041,146,1192,52,286,331,71,337,413,66,401,464,78,519,596,68,470,538,82,466,547,69,300,372,96,283,371,82,290,372,781,106,893,690,68,753,662,116,776,443,237,681,504,252,756,360,250,614,78,28,111,59,28,88,78,33,106,3044,2103,5148,3016,2163,5184,2830,2350,5178
308051536,86,63,146,64,50,117,61,59,124,109,146,257,85,129,211,89,139,232,450,60,510,359,57,420,297,57,347,38,135,174,28,145,175,34,143,175,41,227,274,31,154,190,34,155,185,48,154,210,50,121,170,43,102,149,268,34,303,197,27,226,172,27,197,172,83,255,145,73,219,129,85,216,29,14,41,22,11,34,31,10,36,1244,921,2169,989,769,1757,887,781,1666
308051537,0,0,0,0,0,0,0,0,0,0,0,0,0,0,0,0,0,0,0,0,0,0,0,0,0,0,0,0,0,0,0,0,0,0,0,0,0,0,0,0,0,0,0,0,0,0,0,0,0,0,0,0,0,0,0,0,0,0,0,0,0,0,0,0,0,0,0,0,0,0,0,0,0,0,0,0,0,0,0,0,0,0,0,0,0,0,0,0,0,0
308051538,155,90,247,115,109,229,148,112,260,166,221,385,142,255,397,154,291,444,576,63,635,549,84,629,531,93,625,40,144,182,41,198,244,53,244,296,62,309,369,60,286,346,63,265,328,59,185,239,60,181,240,65,182,246,303,28,331,305,32,333,322,57,376,206,119,328,199,136,334,233,160,388,44,14,65,36,17,50,46,25,72,1612,1179,2786,1514,1286,2800,1619,1421,3042
308051539,104,81,183,93,69,164,93,62,155,182,173,357,149,191,343,137,220,360,486,51,538,343,44,386,350,61,403,54,148,197,56,154,210,71,199,268,46,217,262,49,146,196,46,143,194,54,178,235,54,114,164,62,118,173,252,32,288,204,25,227,187,41,223,221,138,358,153,110,264,165,110,278,50,23,72,21,8,32,23,12,37,1448,1037,2485,1114,860,1978,1143,960,2100
309011224,357,201,554,405,241,648,469,265,730,307,356,662,362,444,811,437,515,949,442,63,507,450,72,519,437,81,515,136,223,356,139,255,392,167,304,468,77,410,488,101,431,531,125,445,564,186,242,426,174,270,441,171,234,408,76,12,85,85,11,97,82,16,99,181,74,251,180,71,252,182,79,262,44,35,77,49,21,67,58,40,99,1798,1606,3413,1947,1816,3764,2124,1982,4104
309011225,301,186,487,366,235,598,408,314,721,431,485,919,468,618,1083,523,735,1262,469,82,548,517,90,600,462,97,568,139,288,421,162,356,516,180,422,609,78,412,488,96,392,493,91,383,477,203,282,479,177,286,465,179,295,470,105,10,116,124,17,137,112,24,137,221,99,320,216,112,328,203,85,286,40,21,58,33,37,74,45,25,70,1979,1864,3845,2160,2139,4299,2203,2392,4594
309011226,412,258,665,492,318,815,577,394,973,468,627,1089,539,805,1349,581,986,1571,893,143,1035,871,119,987,862,157,1022,226,510,735,212,596,806,271,627,893,193,768,963,168,767,936,171,718,885,296,516,811,310,535,844,267,429,697,239,31,272,235,27,264,194,41,235,393,213,605,376,173,553,348,182,535,67,36,106,58,33,91,90,55,150,3175,3106,6281,3255,3373,6623,3366,3581,6946
309011227,484,305,794,541,380,926,686,485,1173,575,628,1209,652,720,1367,864,1083,1946,633,134,770,716,135,851,716,160,880,262,496,755,314,585,900,373,713,1083,143,525,665,179,633,810,198,700,904,322,418,742,340,445,784,307,445,757,173,16,188,163,23,177,202,44,248,302,152,449,373,184,554,346,190,534,80,39,115,73,49,127,88,66,159,2972,2711,5688,3355,3153,6506,3776,3893,7669
309011228,409,267,668,461,257,712,595,377,973,457,525,981,509,691,1195,633,905,1540,656,125,784,721,126,847,747,159,905,238,426,663,249,472,719,231,579,811,130,612,743,142,617,759,152,642,792,260,492,751,269,408,680,272,395,663,226,24,256,214,31,251,223,46,268,350,166,518,365,190,560,358,183,542,48,50,95,57,37,94,77,59,139,2776,2684,5467,2976,2826,5810,3290,3349,6631
309011229,200,153,361,294,189,484,356,251,612,292,370,660,325,497,822,419,637,1056,406,72,473,456,72,531,486,80,562,141,257,399,159,301,462,168,390,555,81,357,436,86,380,468,77,372,452,151,242,392,160,255,414,160,231,395,101,10,114,119,17,134,115,35,152,198,75,277,215,88,303,187,108,292,26,27,53,34,31,65,49,33,79,1596,1560,3156,1837,1838,3673,2017,2137,4153
309021230,129,79,211,164,127,296,235,184,417,171,202,375,222,280,508,293,432,725,262,41,309,333,40,376,350,69,417,82,202,287,121,282,399,142,327,467,52,210,263,60,223,286,63,286,346,97,143,242,113,172,286,102,164,267,90,10,100,92,16,104,109,18,128,155,75,230,177,84,257,182,82,260,29,15,38,23,21,44,30,33,60,1065,987,2056,1317,1238,2551,1510,1598,3105
309021231,337,244,584,375,251,622,505,361,866,383,556,937,458,697,1153,624,933,1559,706,89,793,679,109,791,769,121,889,223,419,644,230,491,725,260,604,864,101,550,645,103,502,612,119,545,657,218,371,592,219,378,595,212,336,548,209,27,237,204,24,232,203,40,247,336,152,491,310,179,485,316,178,493,47,32,82,55,40,97,68,55,127,2558,2447,5007,2637,2674,5310,3083,3175,6256
309021232,233,137,369,286,173,459,332,240,571,239,386,630,276,440,714,356,616,974,629,92,723,616,101,712,664,108,771,101,284,384,123,362,484,156,436,596,98,513,613,108,496,606,104,467,570,169,301,465,182,319,499,181,272,450,201,24,224,191,31,215,186,36,217,304,146,448,294,141,437,287,131,423,36,20,57,37,21,60,53,40,86,2019,1901,3918,2103,2093,4198,2311,2344,4655
309021233,367,213,579,369,214,583,411,265,673,383,567,952,411,662,1071,506,784,1293,785,97,882,805,118,920,788,130,925,166,443,606,212,467,675,231,562,789,147,650,794,148,606,758,122,677,796,253,483,739,278,424,703,252,397,656,223,20,242,213,23,235,234,20,262,364,171,535,356,160,515,392,164,556,51,28,80,59,30,88,53,55,106,2738,2668,5406,2847,2703,5551,2992,3061,6050
309021234,401,310,716,492,386,873,699,530,1232,550,723,1277,567,879,1448,845,1329,2177,923,153,1073,992,155,1147,1069,190,1261,221,517,741,290,670,961,340,780,1122,147,714,858,164,676,845,156,811,967,314,490,803,278,503,782,286,505,794,241,34,280,254,39,293,248,43,296,440,208,643,434,189,624,411,201,616,79,45,121,68,43,111,92,86,175,3318,3190,6507,3544,3548,7088,4156,4478,8642
309031235,345,202,546,323,206,528,324,237,567,357,428,793,392,500,892,520,710,1237,546,73,621,551,103,656,580,113,694,156,344,500,159,369,535,209,440,652,122,537,662,139,500,638,128,461,590,222,363,583,227,409,634,231,360,589,210,38,243,204,22,229,260,39,293,330,155,487,324,157,478,314,158,471,49,34,80,54,47,96,59,43,102,2341,2170,4508,2378,2307,4686,2625,2569,5199
309031236,208,144,352,276,181,456,333,265,595,225,305,535,297,428,733,357,511,865,392,72,459,448,82,535,507,121,630,95,238,333,152,359,513,161,457,616,70,321,392,109,417,523,129,507,633,142,227,368,219,317,531,226,342,565,141,19,158,170,21,186,222,44,262,187,115,292,240,126,364,282,140,429,27,23,48,54,28,78,58,43,98,1487,1458,2946,1968,1961,3925,2263,2426,4699
309031237,229,153,387,205,165,371,207,189,397,194,303,501,209,314,519,229,390,620,564,95,658,566,107,671,539,94,637,120,300,416,136,394,526,141,444,588,98,471,569,123,465,591,124,452,572,194,397,588,174,359,537,173,287,460,222,30,255,212,24,244,236,40,274,274,164,440,259,181,439,277,179,454,38,29,68,40,18,65,61,38,98,1939,1936,3870,1931,2032,3965,1996,2105,4097
309031238,371,298,673,402,293,693,452,384,837,459,636,1096,519,751,1272,580,946,1528,937,165,1100,972,199,1167,1008,214,1222,303,666,965,327,804,1127,322,903,1224,178,748,931,198,738,932,240,779,1013,348,585,932,357,590,942,323,520,842,363,48,412,395,59,453,420,68,491,552,356,910,605,379,987,598,400,1001,81,55,128,81,63,143,78,67,146,3594,3559,7154,3844,3871,7715,4016,4285,8301
309031239,528,233,767,525,283,805,549,297,845,324,400,718,364,465,825,388,534,924,460,72,538,482,89,571,508,95,609,87,209,300,101,279,376,107,302,412,116,490,605,113,558,677,118,561,679,215,286,501,246,281,530,220,290,505,155,14,166,145,22,165,146,16,157,196,98,297,188,98,287,207,99,307,51,33,87,41,23,68,53,41,98,2135,1840,3971,2204,2105,4308,2300,2229,4530
309031240,372,206,576,345,212,558,418,238,653,316,355,673,358,377,732,336,436,770,455,73,532,435,66,499,432,71,504,98,244,345,101,272,376,116,309,423,109,496,604,118,508,625,121,466,585,235,322,562,193,286,475,190,250,440,145,20,166,162,29,186,161,30,187,186,84,272,201,113,314,196,102,296,56,44,100,46,24,67,31,27,55,1980,1843,3825,1954,1883,3837,1993,1928,3913
309041241,157,105,267,174,123,295,188,128,314,150,183,336,180,210,392,187,226,417,285,57,342,313,59,371,309,76,391,43,119,165,67,139,208,65,156,220,53,221,274,40,229,268,41,220,267,60,101,160,51,100,151,50,93,148,91,12,108,92,13,107,99,15,111,126,78,203,138,69,204,148,82,224,22,24,49,20,15,34,31,22,54,997,898,1895,1074,954,2029,1117,1019,2143
309041242,517,354,874,552,406,951,648,449,1099,544,678,1215,505,750,1256,598,945,1545,888,163,1052,864,176,1045,1006,225,1230,198,458,652,218,485,705,272,673,944,126,623,751,145,644,791,162,677,832,170,282,450,191,328,515,188,305,494,299,48,337,316,34,344,316,45,358,376,219,591,388,235,619,436,261,693,63,56,120,59,53,110,92,55,140,3173,2868,6045,3236,3100,6339,3715,3626,7343
309051243,323,153,477,305,154,458,359,228,589,301,366,662,309,433,738,348,515,861,472,88,556,481,77,556,468,93,557,76,212,292,89,289,376,111,254,369,68,401,466,83,380,464,75,385,456,129,221,348,117,180,301,130,206,327,118,13,129,117,18,138,117,14,129,202,92,288,225,94,322,202,94,298,30,24,53,51,31,78,44,37,74,1706,1564,3273,1766,1670,3432,1847,1827,3672
309051244,617,375,990,666,434,1106,776,493,1270,717,839,1560,746,1003,1752,878,1300,2182,1162,197,1363,1194,215,1411,1200,256,1456,278,579,853,298,720,1022,345,804,1145,230,1059,1285,253,984,1231,243,975,1221,392,640,1030,375,632,1011,388,621,1009,375,37,411,358,43,400,342,51,392,519,245,764,533,254,789,522,266,794,70,72,140,94,64,153,135,100,233,4353,4056,8404,4517,4359,8874,4836,4862,9702
309051245,247,139,388,321,198,518,391,254,648,271,344,617,348,521,868,404,655,1060,433,65,495,474,88,561,507,88,594,108,259,369,161,343,500,180,397,580,93,407,506,105,430,538,132,507,640,153,285,434,172,317,496,175,297,474,115,8,126,172,20,188,156,28,181,195,119,312,229,95,324,221,101,321,34,31,65,21,18,36,38,44,80,1647,1672,3320,2010,2027,4035,2203,2371,4568
309061246,412,283,700,450,284,734,491,362,854,394,542,940,412,665,1076,535,780,1308,732,123,852,755,121,874,766,151,925,223,409,633,216,455,671,240,615,857,144,737,871,136,712,848,179,690,870,309,463,773,310,491,801,321,445,769,274,36,312,282,40,322,248,42,287,372,192,568,384,184,569,352,203,552,69,40,114,51,46,96,67,60,132,2930,2824,5754,3004,2987,5985,3213,3339,6550
309061247,243,154,396,247,171,413,279,194,469,198,352,553,204,360,572,247,457,698,618,96,716,622,102,723,609,96,709,135,315,450,131,377,517,142,391,535,113,410,529,130,420,553,106,404,502,143,311,451,152,318,476,153,252,402,245,34,272,228,31,257,239,31,270,318,159,479,299,165,459,284,162,445,43,24,61,43,26,69,69,32,105,2048,1856,3911,2056,1981,4041,2124,2018,4139
309061248,515,328,839,584,376,951,671,457,1127,480,677,1164,502,777,1283,584,1021,1605,1285,215,1496,1385,243,1626,1483,264,1753,239,641,878,273,838,1110,344,949,1291,230,1033,1262,244,1033,1276,261,1104,1369,358,654,1017,356,703,1062,338,699,1034,515,70,585,534,73,609,590,78,674,720,392,1116,764,425,1190,756,407,1159,84,61,144,87,80,166,111,88,202,4423,4077,8498,4733,4544,9276,5141,5062,10202
309061249,587,329,922,616,367,980,584,413,996,531,681,1215,628,815,1438,677,1046,1721,1241,190,1427,1248,205,1453,1284,229,1513,252,607,862,296,809,1101,326,956,1282,246,1010,1255,256,1022,1287,250,991,1249,386,644,1034,414,653,1065,372,625,997,478,51,533,567,68,636,543,93,631,576,286,857,637,294,929,666,306,967,78,50,124,95,75,177,115,76,187,4380,3852,8228,4758,4307,9071,4813,4736,9551
309061250,333,164,490,316,181,495,360,227,586,316,326,643,331,441,770,374,506,886,514,63,580,520,69,583,569,75,653,93,267,360,108,304,411,138,345,487,70,454,531,99,435,532,106,465,565,152,256,405,140,230,376,166,237,400,156,24,178,146,33,176,164,14,187,177,102,281,235,80,316,229,104,334,28,30,55,38,23,57,38,34,72,1835,1686,3521,1933,1790,3717,2154,2006,4161
309071251,408,189,594,534,291,820,730,502,1235,333,349,678,408,541,953,662,926,1588,568,84,653,851,130,983,1193,223,1416,119,285,404,216,521,741,343,951,1294,156,518,669,167,666,835,268,956,1223,212,295,510,288,504,792,382,774,1158,202,9,217,327,61,388,584,89,671,255,110,365,449,184,632,683,332,1013,46,30,77,53,24,72,133,109,238,2293,1881,4174,3285,2925,6211,4978,4861,9831
309071252,727,376,1097,702,391,1092,840,544,1382,555,717,1277,562,805,1368,764,1055,1819,1055,185,1242,1020,186,1205,1162,223,1380,213,488,698,217,642,860,300,753,1051,216,1013,1226,242,993,1229,228,1058,1288,391,611,998,385,565,952,405,595,1004,387,48,439,417,52,469,442,63,504,461,257,714,489,231,723,535,269,798,86,79,171,91,60,154,108,85,192,4095,3779,7872,4124,3926,8048,4779,4646,9415
309071253,622,253,879,735,345,1076,958,515,1475,333,385,717,468,495,961,621,742,1369,371,57,425,466,84,551,556,121,675,105,215,320,123,298,421,179,448,631,133,495,626,143,639,775,187,780,966,220,278,502,290,385,674,340,431,772,127,14,141,123,22,150,211,24,241,150,54,208,196,90,283,277,126,402,60,47,105,58,33,96,76,66,142,2127,1796,3917,2598,2390,4991,3406,3259,6667
309071254,176,82,256,171,96,268,250,134,380,75,82,156,78,82,160,114,187,306,254,52,306,310,45,355,378,68,441,23,98,122,28,125,154,41,176,217,29,232,270,34,263,291,38,286,316,48,68,119,48,70,119,63,122,180,155,21,175,148,16,167,175,25,200,140,62,201,152,67,223,188,83,271,22,23,41,22,11,33,36,27,63,919,730,1648,992,786,1776,1274,1101,2374
309071256,510,293,806,562,329,894,660,432,1088,414,590,1007,460,709,1170,624,1023,1649,1110,173,1289,1168,189,1352,1344,227,1569,206,507,714,225,684,907,267,884,1152,193,965,1161,208,992,1195,246,1061,1304,318,575,890,345,563,906,349,633,980,448,32,478,470,56,521,556,65,621,467,222,686,559,228,785,593,264,861,69,50,122,75,49,126,107,86,188,3740,3411,7153,4068,3793,7861,4742,4679,9427
309071552,258,149,410,266,169,433,320,251,574,228,340,566,214,400,612,307,528,833,534,65,602,612,93,703,694,100,797,88,205,291,112,299,415,141,478,624,93,449,546,119,486,606,156,548,703,147,217,359,173,249,423,203,319,524,299,30,332,307,43,343,381,50,436,245,132,371,287,147,432,388,172,560,28,14,45,57,37,93,64,45,105,1919,1601,3528,2156,1913,4065,2655,2497,5143
309071553,380,169,551,445,221,669,538,321,854,239,352,597,325,523,850,373,646,1023,672,90,761,860,110,972,913,133,1047,97,294,395,118,403,517,168,495,658,106,647,754,142,743,887,140,779,925,139,264,407,178,348,529,206,387,590,285,32,314,359,37,395,422,55,476,302,114,420,360,153,510,396,180,579,48,44,91,47,34,79,75,34,110,2271,2019,4284,2838,2564,5402,3235,3028,6261
309071554,59,29,82,117,76,186,307,201,507,50,66,118,116,154,269,368,506,872,102,12,112,226,31,252,580,110,689,12,45,60,46,125,173,135,447,584,24,88,107,38,177,217,141,433,573,25,41,66,46,95,144,156,257,416,41,7,51,108,14,124,360,44,408,41,17,59,93,50,145,282,140,424,9,5,19,10,8,20,48,32,77,354,306,662,809,726,1533,2380,2174,4553
309071555,11,12,21,71,81,151,238,219,463,8,12,23,56,106,161,246,407,656,37,8,38,240,36,278,641,117,758,3,12,18,39,144,184,180,546,727,3,21,24,29,152,181,131,405,532,6,16,21,67,118,189,189,327,523,15,0,21,123,26,152,430,62,490,12,11,26,151,47,201,403,204,609,4,0,0,16,6,21,45,33,79,106,95,196,797,719,1510,2510,2318,4828
309071556,302,137,440,427,246,675,519,306,822,212,273,480,368,493,857,448,675,1120,449,69,520,671,109,781,771,128,893,67,217,288,142,362,507,168,528,696,83,397,482,128,551,681,155,653,810,126,217,344,188,327,517,221,344,569,172,16,187,244,26,272,308,34,342,182,65,247,296,125,423,342,153,500,31,22,55,49,43,89,72,63,136,1629,1417,3049,2509,2282,4793,3006,2885,5887
309071557,487,320,810,518,338,861,572,493,1063,436,587,1017,476,684,1159,554,913,1471,1181,189,1365,1252,198,1448,1359,234,1588,202,593,794,268,840,1107,303,1053,1357,202,862,1062,237,959,1193,265,951,1218,314,566,878,382,659,1047,351,639,991,566,62,627,686,84,772,677,95,771,598,287,883,765,383,1149,755,420,1172,88,55,143,82,68,152,132,69,204,4064,3520,7585,4675,4215,8891,4967,4863,9832
309071558,108,62,174,200,95,291,281,178,457,75,104,178,92,181,272,229,351,582,191,26,220,317,61,374,495,113,610,28,99,125,80,171,249,123,349,471,39,162,200,49,263,315,82,410,493,44,85,126,67,153,218,122,199,325,91,10,100,131,19,153,234,38,274,108,44,156,162,81,248,220,104,326,15,9,27,30,16,46,54,27,82,702,601,1304,1128,1047,2169,1841,1774,3620
309081259,187,99,283,177,108,284,196,123,318,184,168,353,208,215,418,245,257,504,162,25,187,143,24,168,157,32,184,78,91,164,66,109,173,68,104,173,50,222,274,51,215,271,53,198,245,100,159,259,109,130,242,94,146,239,44,0,40,46,0,48,44,4,48,70,37,111,67,30,95,79,39,114,23,13,31,24,11,36,18,16,34,900,809,1712,895,855,1744,961,912,1863
309081260,167,103,273,208,142,353,203,164,367,194,271,462,209,306,514,273,428,706,422,64,486,457,75,532,432,63,499,111,269,376,136,338,476,176,382,558,79,352,437,92,374,462,104,370,473,161,248,416,162,281,444,164,250,413,152,8,167,150,10,164,177,19,193,205,111,309,225,128,353,191,147,339,23,18,44,26,35,58,28,29,60,1525,1446,2965,1665,1692,3360,1747,1859,3608
309081262,487,278,766,434,355,784,555,474,1025,564,652,1215,650,817,1466,855,1129,1987,777,159,938,830,191,1017,928,194,1122,228,534,768,285,635,920,350,843,1190,194,755,946,208,762,971,259,810,1069,371,578,945,349,633,981,361,587,950,207,32,239,266,42,309,288,56,342,397,220,619,423,238,658,460,299,759,56,48,106,65,51,120,79,76,151,3286,3257,6544,3508,3716,7224,4130,4463,8592
309081559,566,356,919,610,376,989,640,436,1075,643,746,1396,767,829,1597,868,1106,1977,758,122,879,812,138,953,886,178,1068,254,476,729,319,622,947,331,746,1080,221,860,1083,233,869,1100,247,884,1130,399,657,1052,448,672,1124,394,574,977,211,16,227,258,24,286,274,44,321,369,187,550,386,194,580,434,234,669,66,59,123,77,46,122,93,76,175,3483,3473,6953,3922,3787,7703,4171,4285,8454
309081560,221,147,360,270,180,451,307,226,533,241,250,495,281,373,655,455,600,1055,287,57,346,332,60,397,420,74,495,111,217,325,140,280,421,171,433,607,99,372,476,107,405,512,136,503,632,148,240,390,188,269,457,205,317,524,84,13,101,96,21,118,124,20,146,147,62,208,175,85,253,206,103,309,28,27,52,46,14,63,55,46,101,1367,1380,2749,1641,1679,3317,2085,2316,4399
309091263,377,238,617,367,237,607,416,285,704,425,558,983,431,618,1050,516,727,1239,726,126,845,692,111,800,681,143,823,158,394,556,189,450,643,207,535,736,149,687,832,147,604,751,158,642,799,252,420,673,285,427,705,248,327,577,223,33,252,210,24,234,237,37,278,357,174,532,390,160,553,311,215,522,56,44,100,52,30,84,63,44,103,2720,2672,5393,2765,2662,5427,2840,2948,5792
309091264,184,118,310,220,160,375,189,140,326,233,264,501,217,309,527,256,386,640,399,54,452,384,50,435,396,70,472,90,201,297,128,265,401,124,287,411,82,320,398,89,312,400,87,277,368,147,252,398,175,245,423,133,187,328,149,15,166,163,16,178,170,14,179,224,114,338,238,122,359,230,125,354,22,17,40,42,23,60,55,27,75,1533,1363,2896,1655,1506,3163,1643,1517,3162
309091265,306,153,467,263,171,440,261,166,431,345,400,748,364,484,849,452,545,993,587,95,676,584,83,665,562,94,659,149,330,473,147,374,525,179,386,567,125,540,662,125,468,593,125,435,555,222,334,559,209,298,504,207,296,503,200,22,221,203,25,231,199,39,239,303,138,440,314,148,463,304,149,456,43,34,75,49,29,76,57,43,92,2278,2043,4322,2260,2078,4342,2337,2152,4495
309091540,240,188,429,311,254,561,418,311,727,475,534,1013,530,641,1169,744,949,1687,648,125,774,701,159,862,818,245,1062,251,495,737,270,640,908,431,1003,1433,140,490,634,182,499,682,222,705,921,242,411,653,327,451,780,358,596,953,208,29,235,262,38,301,396,65,462,387,229,613,510,292,804,586,410,995,58,42,102,61,28,89,100,80,183,2651,2545,5198,3161,2993,6160,4075,4352,8432
309091541,419,247,663,474,305,784,565,421,985,676,782,1455,713,798,1510,850,1079,1929,734,183,916,838,164,1003,893,195,1091,289,577,870,327,690,1023,420,920,1341,189,687,877,177,705,884,231,733,969,365,489,846,352,536,881,422,535,960,268,39,313,300,35,331,335,61,396,479,262,739,510,301,809,597,360,960,83,64,145,102,78,182,110,75,185,3507,3318,6827,3791,3610,7399,4429,4383,8809
309101267,392,202,595,399,213,617,468,272,740,408,377,785,459,488,944,492,626,1117,356,65,422,342,69,409,368,68,433,118,246,358,112,267,382,158,360,513,106,449,558,120,435,555,126,451,583,201,290,489,203,315,524,256,295,555,106,8,115,122,14,128,126,24,149,168,95,265,171,87,253,196,130,326,36,33,70,43,25,75,61,41,109,1888,1760,3652,1975,1913,3884,2260,2265,4521
309101268,241,127,366,261,153,415,268,189,457,223,210,428,253,248,499,270,305,572,199,34,236,192,40,235,217,54,271,64,110,175,61,134,197,76,170,249,46,243,294,58,273,332,54,246,299,113,181,294,133,177,309,149,153,308,51,3,59,52,6,63,62,5,70,121,39,161,92,56,146,128,56,184,39,21,54,24,17,44,33,16,53,1091,979,2064,1132,1101,2232,1261,1190,2445
309101269,201,105,308,243,134,375,253,139,389,245,202,449,253,240,494,240,259,498,118,29,139,122,33,154,119,25,144,61,89,152,68,115,185,57,115,175,46,170,217,43,181,226,51,201,248,108,106,212,120,120,244,89,107,202,32,4,37,47,4,48,43,6,49,59,25,83,59,29,91,74,42,108,21,17,43,26,10,38,20,13,33,893,756,1644,980,867,1848,943,909,1849
309101561,392,229,619,476,277,752,485,355,840,362,315,671,442,397,836,544,533,1080,420,70,492,506,95,603,567,145,710,207,361,569,259,475,731,252,532,782,127,398,528,136,429,567,170,458,624,309,339,644,340,405,747,294,348,641,149,17,163,198,19,215,238,56,288,267,145,416,369,243,616,404,296,700,72,40,110,65,40,108,90,66,155,2310,1909,4218,2782,2389,5175,3046,2782,5829
309101562,434,257,693,443,285,723,537,332,874,473,400,870,499,431,940,600,586,1183,601,103,704,646,144,792,729,178,909,284,395,683,326,590,919,343,638,981,137,479,616,161,453,609,183,512,698,328,420,754,372,455,827,321,401,720,240,18,257,253,13,270,285,38,322,416,211,630,503,359,858,553,395,949,73,54,122,60,41,103,77,58,135,2982,2345,5326,3272,2775,6050,3625,3146,6776
310011271,99,56,159,113,71,187,128,86,218,161,183,344,192,203,395,226,251,481,274,46,320,273,69,345,274,80,356,60,143,204,63,193,262,80,170,252,67,164,230,72,162,231,77,173,250,72,94,169,77,108,187,68,86,152,177,28,204,172,23,196,176,31,204,156,105,271,185,106,291,145,112,255,32,17,52,38,22,60,33,19,47,1105,836,1946,1187,960,2148,1207,1003,2212
310011272,127,75,201,134,102,236,135,133,263,182,224,410,220,297,520,245,286,536,320,60,383,346,70,415,323,88,411,76,183,263,92,290,385,113,394,506,81,250,331,106,250,354,103,246,351,75,139,209,97,162,265,107,130,245,262,46,303,279,48,321,310,47,354,260,140,398,274,188,458,315,215,531,38,31,67,49,33,80,50,38,87,1422,1150,2570,1609,1437,3038,1703,1584,3281
310011274,131,91,225,155,120,275,188,161,349,195,241,430,258,279,532,385,456,840,589,133,719,608,122,725,708,139,856,145,425,567,188,661,848,263,855,1116,128,383,507,154,363,521,229,439,673,105,263,365,161,284,446,196,312,512,604,86,687,637,97,743,797,127,926,603,403,1011,651,442,1095,715,517,1230,91,52,150,91,55,141,129,88,221,2598,2078,4668,2900,2428,5336,3624,3098,6724
310011275,210,138,345,264,171,435,302,219,523,431,476,906,498,625,1124,677,876,1553,378,80,459,390,72,467,445,93,538,143,243,386,126,255,384,145,287,434,134,363,500,147,382,530,170,427,593,107,150,259,140,170,307,128,156,285,157,26,181,166,12,183,179,24,198,187,75,255,171,108,278,193,104,299,46,28,70,27,24,49,35,22,61,1786,1577,3362,1926,1831,3756,2267,2211,4478
310011276,24,14,42,26,21,40,11,28,37,29,33,62,32,45,74,42,52,93,96,20,114,101,21,121,125,27,151,17,59,81,29,74,106,34,104,144,21,73,93,35,63,93,39,64,102,23,36,55,31,34,66,18,43,63,113,11,130,128,23,148,118,17,137,107,61,172,103,51,161,98,74,170,10,3,15,19,4,25,16,9,28,438,322,762,502,341,836,512,410,925
310011563,118,84,196,141,98,237,214,146,351,166,183,347,226,291,521,325,416,742,282,54,336,324,44,370,427,83,510,63,164,225,107,261,369,174,456,633,98,262,361,122,307,426,141,378,519,87,135,221,114,170,283,145,200,344,195,36,226,286,32,324,414,71,482,168,114,285,202,134,333,306,218,528,32,27,58,31,26,56,47,30,76,1206,1056,2261,1555,1365,2927,2192,1994,4178
310011564,765,412,1184,710,413,1122,705,499,1206,952,1126,2078,1006,1232,2236,1117,1362,2477,1162,240,1402,1028,229,1258,996,232,1230,306,758,1069,351,943,1296,397,1061,1461,504,1435,1942,433,1270,1705,444,1255,1696,400,691,1091,386,637,1027,390,571,963,749,92,842,770,83,858,868,144,1012,550,323,873,575,341,917,658,396,1046,101,75,181,94,58,151,138,94,228,5499,5162,10661,5350,5209,10560,5710,5614,11318
310021277,609,354,962,567,310,880,615,373,990,200,335,538,213,385,600,254,487,742,662,144,799,656,161,821,741,176,916,125,363,482,128,435,567,166,491,654,89,483,573,102,527,628,101,539,642,158,247,407,160,237,401,140,257,397,409,26,435,390,26,423,408,38,447,425,284,712,489,363,852,482,325,813,42,18,60,30,25,57,74,54,131,2713,2255,4967,2754,2478,5234,2989,2738,5731
310021278,182,134,314,175,113,294,185,104,291,74,121,190,63,134,204,71,144,217,201,38,241,174,50,226,205,53,258,48,122,170,45,135,179,64,199,264,32,147,183,25,142,174,36,161,198,45,88,132,47,106,154,59,92,152,156,10,168,156,11,160,138,6,145,162,105,269,173,96,269,183,104,292,15,8,24,18,13,33,30,24,54,928,770,1695,881,807,1689,972,903,1875
310021279,0,0,0,0,0,0,0,0,0,0,0,0,0,0,0,0,0,0,0,0,0,0,0,0,0,0,0,0,0,0,0,0,0,0,0,0,0,0,0,0,0,0,0,0,0,0,0,0,0,0,0,0,0,0,0,0,0,0,0,0,0,0,0,0,0,0,0,0,0,0,0,0,0,0,0,0,0,0,0,0,0,0,0,0,0,0,0,0,0,0
310021280,533,271,799,525,345,869,640,419,1056,255,459,713,267,562,822,325,643,965,918,194,1111,986,224,1208,1082,256,1335,168,591,755,187,703,893,227,878,1111,122,667,787,162,704,868,181,804,985,207,401,609,236,438,669,242,507,751,718,50,763,845,65,908,886,91,983,681,444,1128,708,484,1190,797,532,1333,77,45,121,98,52,145,83,55,142,3687,3116,6799,4001,3578,7580,4467,4193,8662
310021281,422,228,653,439,242,680,430,268,695,193,373,567,214,404,623,217,468,692,680,115,792,711,142,848,783,160,943,121,388,509,168,460,628,145,593,737,108,537,644,118,530,651,140,583,724,138,274,412,162,276,443,167,312,482,530,41,572,550,49,599,569,44,612,467,300,769,490,333,822,503,281,783,42,29,74,54,30,84,86,47,132,2699,2292,4988,2904,2472,5382,3043,2758,5803
310021282,371,183,554,347,199,546,377,251,623,186,351,539,214,377,590,273,456,731,792,120,915,792,146,940,883,199,1080,222,404,619,224,468,693,260,639,906,147,611,760,131,568,693,155,645,800,136,313,447,135,309,442,150,308,459,558,38,599,558,47,609,566,72,637,407,280,688,404,261,662,433,264,692,83,42,129,49,32,80,66,45,111,2908,2343,5253,2849,2409,5259,3157,2878,6043
310031283,234,158,389,208,175,383,250,195,443,246,371,611,247,409,657,271,499,768,544,75,619,583,100,681,647,126,770,172,319,488,189,449,637,193,589,784,147,475,620,147,507,655,161,533,689,136,300,436,143,336,480,179,339,515,306,34,333,311,41,349,411,56,465,301,186,489,379,211,587,396,226,630,59,26,90,66,35,103,51,35,84,2133,1942,4082,2271,2267,4540,2564,2599,5160
310031284,140,104,238,161,123,284,170,142,318,133,244,377,166,259,423,205,312,515,460,75,534,461,67,533,508,82,595,118,262,377,116,327,440,153,420,572,121,361,478,125,369,493,139,399,541,91,205,297,131,237,365,124,247,375,331,33,367,390,44,433,396,66,462,362,193,560,383,197,586,368,216,584,41,22,65,48,35,83,57,33,96,1798,1492,3292,1989,1649,3639,2130,1924,4056
310031285,134,79,214,142,91,233,132,126,264,125,193,320,157,241,393,153,272,426,493,59,551,492,70,564,451,82,534,96,254,352,126,328,456,136,358,496,110,357,468,90,393,486,93,394,489,86,198,284,120,215,336,115,229,338,223,19,243,257,31,283,256,41,294,247,120,364,284,125,406,246,146,389,25,20,42,31,13,44,27,27,55,1539,1301,2844,1698,1509,3198,1615,1665,3279
310031286,148,109,253,148,116,270,169,142,304,236,305,542,230,336,561,269,372,639,308,55,365,305,57,366,286,64,347,144,202,354,123,213,334,132,245,379,106,279,381,95,262,354,96,287,389,99,153,252,94,156,250,92,149,240,171,20,184,165,18,180,158,13,176,226,116,335,204,96,299,186,86,271,25,14,40,24,13,32,34,17,49,1452,1250,2708,1389,1263,2653,1431,1371,2805
310031287,309,222,533,346,221,565,390,344,734,464,646,1106,432,663,1099,471,745,1216,952,160,1110,862,151,1009,920,159,1077,259,601,857,273,666,940,269,713,980,244,763,1013,258,723,981,261,750,1010,210,431,643,249,444,700,228,436,664,540,52,588,567,76,648,595,84,677,644,350,995,657,349,1004,595,366,961,64,50,113,88,54,139,81,57,134,3688,3272,6961,3739,3349,7090,3800,3651,7459
310031288,155,79,232,170,104,274,191,117,301,161,222,384,181,253,436,188,305,495,323,46,372,336,57,393,346,58,401,52,154,208,72,206,271,85,189,273,73,347,427,69,328,395,73,283,358,76,119,196,98,112,210,113,132,244,150,15,164,130,18,143,123,15,146,152,57,212,147,59,205,141,74,213,32,14,44,20,15,37,18,21,39,1181,1043,2230,1220,1149,2372,1274,1201,2476
310031289,226,98,322,227,139,368,336,186,527,204,288,495,232,357,585,280,495,772,381,54,439,389,56,447,457,95,547,63,156,223,98,203,299,140,249,387,80,376,452,93,372,466,95,448,540,82,127,209,104,158,271,118,164,290,138,12,150,154,19,172,189,16,204,141,60,198,149,74,218,181,70,255,29,19,46,20,15,42,40,22,67,1352,1197,2542,1466,1396,2862,1829,1756,3584
310031290,309,168,479,280,163,440,307,194,499,400,446,848,380,487,871,373,523,894,385,55,438,376,55,430,369,78,444,98,177,277,115,217,329,116,240,354,101,378,480,110,357,463,103,362,464,116,178,289,104,153,259,113,134,240,110,9,116,113,12,123,124,12,134,127,58,186,143,66,206,141,59,208,25,23,48,19,20,33,33,13,44,1672,1490,3160,1628,1527,3154,1679,1608,3278
310031291,92,65,157,92,71,162,106,110,216,89,167,252,106,173,280,116,230,345,339,49,396,323,51,378,374,79,458,112,248,363,112,266,387,114,378,491,75,246,321,72,239,312,96,247,339,76,155,231,97,175,271,95,174,269,251,34,281,285,40,324,301,53,351,267,162,425,266,175,436,300,205,505,37,16,54,26,15,36,29,36,65,1332,1137,2472,1375,1204,2578,1527,1513,3041
310031292,112,76,190,118,97,214,136,120,260,115,207,322,132,214,346,143,263,400,367,57,419,333,66,397,347,65,410,97,226,324,93,247,345,125,294,417,75,244,320,75,231,308,79,248,323,79,157,238,79,163,239,77,138,211,242,29,269,218,19,233,210,30,242,250,137,386,227,114,344,222,107,329,34,22,55,40,16,53,31,24,54,1366,1156,2525,1313,1166,2475,1369,1278,2653
310031293,300,191,493,311,212,527,341,244,589,307,495,804,300,556,856,323,643,965,991,147,1135,917,135,1056,906,166,1072,311,526,840,279,657,944,305,716,1022,214,845,1060,216,757,973,208,741,949,213,463,676,223,460,684,223,431,655,538,63,600,595,57,654,566,59,624,489,280,774,527,294,823,487,303,793,84,43,131,78,37,111,97,51,146,3461,3062,6521,3450,3171,6619,3469,3350,6820
310031294,92,41,136,159,102,257,412,361,766,79,112,189,131,243,376,459,846,1305,240,31,278,395,58,456,885,177,1071,50,130,176,101,222,317,375,689,1070,45,220,264,85,340,419,211,790,1005,48,102,156,86,171,253,217,427,646,141,7,146,168,12,183,463,57,514,105,55,160,155,75,229,380,174,558,12,15,22,33,10,46,67,43,114,809,715,1525,1302,1234,2532,3475,3560,7037
310031295,26,20,47,27,17,42,34,30,65,36,53,89,31,44,74,47,39,81,116,12,121,85,10,100,89,21,107,27,72,101,34,81,119,35,92,129,32,70,107,27,77,98,28,77,105,19,38,56,23,35,62,29,43,75,111,17,123,115,10,123,119,18,137,143,92,241,117,74,193,106,60,166,21,17,37,18,4,17,14,16,24,524,389,920,473,355,829,482,400,880
310041297,213,139,346,202,155,353,225,175,397,223,274,502,214,293,506,252,362,618,728,88,810,667,105,773,650,102,752,105,335,442,111,355,459,115,381,499,146,576,715,126,548,675,136,540,674,152,261,405,150,251,398,139,219,357,407,48,459,434,45,476,425,53,480,379,192,569,366,209,571,316,214,528,65,35,98,47,21,69,70,51,115,2404,1945,4348,2305,1977,4283,2332,2089,4422
310041298,0,0,0,0,0,0,0,0,0,0,0,0,0,0,0,0,0,0,3,0,3,0,0,0,0,0,0,0,0,0,0,0,0,0,0,0,0,0,0,0,0,0,0,0,0,0,0,0,0,0,0,0,0,0,0,0,0,0,0,0,4,0,4,0,0,0,0,0,0,0,0,0,0,0,0,0,0,0,0,0,0,0,0,0,0,0,0,4,0,4
310041299,165,129,292,165,135,299,210,174,383,193,243,435,171,235,408,278,379,658,472,71,542,474,66,543,593,109,694,99,261,364,121,340,457,233,545,780,141,442,581,136,426,560,177,539,707,130,215,345,134,222,358,191,327,513,357,31,383,378,50,428,563,100,664,341,210,544,359,205,564,501,295,797,42,27,68,43,35,78,60,44,106,1932,1627,3559,1980,1710,3688,2793,2512,5311
310041300,120,88,213,128,98,223,137,120,252,169,174,345,189,229,420,205,248,449,446,72,515,415,90,503,384,103,482,87,257,348,129,369,496,139,411,545,156,358,508,122,343,466,149,351,501,96,158,260,119,191,308,102,188,294,423,58,480,471,68,544,540,98,632,374,242,619,451,283,735,427,296,721,44,44,93,52,35,88,73,62,132,1925,1459,3381,2073,1706,3780,2146,1863,4011
310041301,0,0,0,0,0,0,0,0,0,0,0,0,0,0,0,0,0,0,0,0,0,0,0,0,0,0,0,0,0,0,0,0,0,0,0,0,0,0,0,0,0,0,0,0,0,0,0,0,0,0,0,0,0,0,0,0,0,0,0,0,0,0,0,0,0,0,0,0,0,0,0,0,0,0,0,0,0,0,0,0,0,0,0,0,0,0,0,0,0,0
310041302,241,170,405,276,228,499,314,310,620,261,342,602,277,411,687,396,630,1025,930,121,1053,948,153,1106,1144,194,1338,158,505,662,234,767,1001,421,1177,1595,217,738,955,245,775,1023,344,926,1272,220,409,631,230,491,722,279,551,829,852,100,951,1022,152,1172,1220,234,1456,684,439,1127,828,447,1279,958,575,1533,92,61,152,96,69,164,162,112,275,3647,2883,6524,4157,3480,7641,5245,4712,9956
310041303,195,140,334,193,142,337,203,133,339,197,279,479,190,318,505,304,440,746,434,96,529,434,79,513,431,71,501,104,259,362,126,308,435,168,349,513,121,438,561,135,412,547,157,422,578,131,203,331,132,214,342,127,206,332,328,34,356,312,37,344,301,38,336,196,138,339,218,121,344,230,153,381,35,22,59,29,23,48,51,36,78,1745,1605,3357,1773,1650,3427,1953,1849,3805
310041304,429,235,666,514,379,889,838,569,1406,480,626,1110,769,942,1709,1247,1652,2901,668,110,780,895,137,1036,1263,242,1505,241,332,574,302,632,940,462,1075,1539,240,751,991,326,1011,1335,486,1324,1813,207,316,524,313,459,770,399,595,990,348,31,378,505,52,557,850,127,976,237,150,385,373,212,593,586,328,910,71,29,97,98,48,146,114,99,214,2918,2584,5508,4100,3872,7972,6251,6002,12260
310041565,256,103,359,396,197,598,510,318,826,188,213,393,399,502,900,566,723,1290,200,34,237,387,73,457,462,95,559,61,108,172,146,262,407,154,389,542,67,272,342,153,483,633,159,543,700,71,105,176,155,218,374,201,258,458,72,7,82,175,19,196,238,26,264,65,27,89,145,67,213,173,97,265,15,19,28,26,19,44,48,22,70,995,884,1883,1978,1846,3824,2509,2463,4974
310041566,136,86,226,161,116,279,214,171,380,144,177,318,172,278,451,278,429,708,346,52,399,425,55,478,491,103,595,80,172,247,99,278,374,192,454,642,93,286,382,106,317,424,148,407,555,82,149,234,98,190,290,116,219,334,214,31,246,287,38,331,412,55,478,230,109,345,254,125,378,315,197,509,29,16,47,34,23,59,62,44,102,1358,1088,2440,1634,1426,3056,2223,2085,4312
311011305,508,278,787,469,266,732,481,288,767,213,345,562,208,361,572,199,417,616,668,136,807,702,158,857,716,176,893,133,410,547,123,481,601,127,547,681,110,554,666,105,533,638,115,564,676,143,273,416,137,306,444,160,318,478,458,32,487,483,44,533,525,65,589,465,326,796,568,343,903,539,318,855,61,32,89,49,26,76,82,60,147,2768,2391,5157,2849,2510,5360,2946,2752,5700
311021306,122,101,225,131,110,239,144,117,267,141,177,311,119,177,302,120,219,335,485,73,559,436,71,503,483,78,559,76,276,353,98,304,399,100,328,426,97,341,436,83,296,383,102,314,409,108,198,305,105,189,298,94,195,290,362,35,402,337,31,375,349,41,389,378,197,576,376,199,569,375,197,572,41,26,60,53,29,79,44,33,73,1803,1422,3232,1735,1419,3152,1808,1515,3321
311021307,170,125,295,161,114,279,186,147,336,141,215,353,128,228,361,145,250,396,532,97,625,537,97,641,567,91,657,131,356,488,124,405,524,149,504,650,120,405,523,124,369,494,134,389,524,135,265,395,140,318,459,139,270,407,506,76,580,529,79,606,498,91,591,447,303,755,570,339,907,521,334,857,62,28,89,40,38,78,82,55,142,2250,1864,4108,2351,1990,4343,2422,2131,4555
311021308,130,114,250,171,118,286,219,178,396,178,239,421,180,267,452,226,385,614,463,58,522,513,70,579,623,107,731,82,259,346,88,269,362,142,460,602,115,402,516,98,393,500,138,502,639,109,188,300,120,238,357,144,284,430,271,31,296,300,40,345,421,60,485,282,122,403,293,164,457,371,219,589,45,27,70,33,21,57,68,52,118,1683,1447,3125,1798,1592,3389,2362,2237,4596
311021309,146,87,230,144,102,243,141,95,231,131,183,317,111,185,294,126,217,347,436,64,498,372,53,423,376,47,424,57,194,251,50,222,272,83,246,329,78,384,463,74,324,397,79,291,365,94,210,306,102,178,280,90,154,243,247,35,279,217,31,249,223,18,246,219,116,333,224,106,329,215,113,329,25,14,38,25,14,43,37,18,55,1428,1280,2710,1312,1228,2534,1367,1209,2579
311021310,232,132,361,256,137,386,303,241,548,168,222,384,165,282,448,283,493,776,467,68,528,480,67,548,681,102,788,60,185,243,63,240,299,138,428,568,90,415,507,85,418,502,142,590,736,115,213,326,115,215,327,150,266,416,140,24,163,202,19,217,316,57,377,192,79,264,231,85,316,350,153,503,20,18,38,34,20,54,47,27,74,1477,1346,2826,1631,1470,3107,2418,2369,4782
311031311,276,166,439,234,178,414,370,321,687,174,291,465,149,286,435,331,618,950,778,111,887,755,123,873,1081,222,1303,97,366,465,83,383,466,241,867,1109,161,650,814,145,596,740,237,859,1093,189,297,481,170,321,497,232,445,676,576,93,665,612,80,690,1130,179,1310,413,250,660,407,242,643,647,391,1035,70,49,125,57,51,107,122,87,209,2733,2270,5001,2608,2264,4872,4385,3989,8365
311031312,124,96,220,129,109,240,140,85,225,142,178,323,125,190,316,146,243,389,469,62,530,428,57,485,416,69,485,89,214,304,95,276,373,108,339,449,119,386,510,107,325,429,110,322,427,96,199,297,97,221,324,99,175,276,413,45,456,426,56,484,439,68,505,252,154,412,270,169,435,282,173,456,33,24,62,43,33,70,36,28,65,1738,1362,3101,1717,1440,3158,1775,1501,3274
311031313,140,93,234,176,103,275,212,169,382,77,135,215,103,193,294,175,333,509,317,62,374,376,70,446,518,87,607,26,103,126,40,187,231,110,364,483,52,228,283,76,280,353,154,432,584,55,101,161,84,151,236,106,199,308,183,22,207,241,28,273,439,67,513,150,69,216,211,110,318,330,194,522,25,21,45,25,23,41,42,37,80,1026,839,1861,1330,1128,2458,2093,1888,3982
311031314,142,123,270,138,116,253,142,153,293,105,203,307,106,223,337,111,219,325,671,90,763,586,78,663,565,95,658,118,357,478,117,434,546,140,503,647,141,524,663,140,474,617,141,434,569,133,316,447,136,300,431,129,312,443,729,114,846,704,98,803,728,109,835,504,294,799,552,286,834,517,321,836,56,41,96,65,41,101,66,44,111,2601,2072,4671,2536,2051,4589,2535,2193,4718
311031315,0,0,0,0,0,0,0,0,0,0,0,0,0,0,0,0,0,0,0,0,0,0,0,0,0,0,0,0,0,0,0,0,0,0,0,0,0,0,0,0,0,0,0,0,0,0,0,0,0,0,0,0,0,0,0,0,0,0,0,0,0,0,0,0,0,0,0,0,0,0,0,0,0,0,0,0,0,0,0,0,0,0,0,0,0,0,0,0,0,0
311031316,261,146,408,251,155,408,265,183,451,199,303,500,216,309,524,232,378,604,574,82,655,524,69,592,571,77,651,78,258,329,81,315,395,137,386,522,132,543,671,143,512,652,145,467,611,126,257,385,149,263,411,151,239,393,413,65,479,467,67,542,443,77,522,282,152,437,257,155,417,288,184,473,47,22,67,51,29,82,45,51,90,2114,1827,3935,2145,1872,4018,2279,2044,4322
311031317,162,143,312,154,164,315,179,145,323,108,227,339,159,263,425,158,315,472,644,93,728,588,107,698,648,100,748,103,389,490,166,524,690,180,663,849,139,477,616,160,467,631,162,457,625,138,262,401,155,332,483,182,307,493,705,97,800,809,141,949,847,153,994,479,300,785,583,349,928,633,450,1084,68,35,101,67,33,100,116,64,181,2541,2017,4560,2839,2380,5222,3113,2660,5773
311031318,179,84,263,177,88,267,167,94,261,98,147,246,108,170,279,89,174,269,444,55,495,438,48,490,399,43,447,42,134,178,40,162,205,37,162,195,63,358,422,44,338,381,63,317,384,81,174,250,62,157,217,64,137,199,251,34,277,246,34,279,226,27,256,169,83,252,153,63,216,155,77,227,34,23,56,13,18,31,34,32,64,1360,1090,2447,1282,1082,2362,1242,1056,2297
311031319,423,273,697,416,266,686,404,288,694,325,454,779,348,513,858,362,575,940,1138,165,1294,1080,176,1252,1046,167,1213,151,564,719,209,663,877,216,817,1036,315,1074,1393,304,1000,1298,267,900,1170,295,540,832,299,518,820,256,451,708,855,122,982,889,123,1012,910,142,1052,556,362,915,570,388,961,570,402,973,94,56,144,63,47,109,101,64,168,4157,3607,7759,4174,3691,7865,4142,3808,7951
311041322,198,111,305,228,140,367,282,182,460,128,215,340,145,258,407,199,376,576,533,74,609,617,78,701,715,116,831,48,194,243,53,245,307,76,353,423,72,406,474,88,472,561,104,503,611,83,168,247,93,198,292,106,237,346,296,39,335,307,29,341,342,40,382,252,112,365,257,107,366,290,157,445,37,31,69,34,21,59,55,34,93,1639,1356,2991,1822,1562,3386,2171,2003,4169
311041567,133,82,214,153,88,239,196,146,345,92,143,233,112,201,315,122,210,329,380,53,435,464,67,531,458,72,528,49,154,198,64,232,300,74,300,370,82,326,402,77,380,459,93,411,503,80,142,220,109,161,269,87,196,288,279,21,303,300,28,328,285,41,323,155,81,237,222,108,326,237,95,330,32,25,60,33,30,65,52,29,83,1274,1030,2306,1526,1302,2828,1615,1496,3102
311041568,252,129,377,295,163,457,424,265,690,118,241,354,170,297,461,309,523,833,523,60,582,579,70,651,827,134,962,62,150,216,74,232,304,138,433,565,86,439,526,110,491,605,170,680,848,110,175,285,118,205,324,159,298,453,215,22,240,232,32,262,423,58,482,162,78,244,198,96,289,296,134,433,18,28,48,25,26,56,69,39,106,1543,1332,2878,1799,1608,3408,2811,2560,5373
311041569,222,111,333,198,112,312,240,192,434,114,200,308,95,215,315,178,335,510,506,95,597,484,92,580,587,100,686,58,205,257,68,226,293,85,308,389,106,430,535,74,404,483,102,459,556,84,146,228,72,165,239,106,178,286,336,44,383,310,35,343,352,59,409,212,111,324,244,109,356,248,138,387,37,26,61,26,17,49,66,34,104,1656,1369,3029,1580,1380,2959,1955,1804,3757
311041570,479,271,746,536,290,828,617,427,1045,272,514,783,314,588,903,354,713,1070,1186,165,1353,1237,178,1420,1548,221,1766,152,488,643,145,610,755,177,807,983,199,912,1112,180,1015,1196,236,1077,1309,218,435,658,214,494,706,200,484,685,704,85,787,750,64,815,827,100,924,521,286,801,600,299,893,616,315,936,88,58,145,79,47,126,104,91,192,3815,3210,7026,4048,3582,7630,4677,4233,8908
311041571,24,11,33,94,83,177,220,169,386,14,25,32,89,157,243,174,354,520,35,5,38,278,63,338,554,115,673,4,18,24,45,168,212,140,454,594,5,25,31,49,218,272,139,424,563,3,14,22,78,138,215,136,286,420,19,0,22,196,15,211,459,63,522,11,5,15,145,54,203,367,221,585,0,0,5,9,14,23,48,48,98,117,108,226,983,908,1890,2228,2137,4359
311051323,177,116,293,229,159,388,245,214,457,196,298,489,190,369,558,214,388,603,478,69,553,570,89,663,597,119,714,87,263,351,118,435,551,147,469,619,112,447,565,156,482,641,148,490,634,117,236,355,150,269,419,150,282,429,308,42,347,396,63,457,414,78,494,276,141,417,343,180,528,400,237,636,34,31,64,48,30,75,71,48,117,1792,1642,3430,2203,2077,4277,2389,2321,4712
311051324,439,205,638,411,235,646,436,244,682,318,409,718,308,496,803,400,617,1016,623,88,715,669,100,765,682,105,782,108,254,365,124,355,479,129,338,464,145,651,801,108,617,730,142,619,760,181,296,480,215,272,479,144,263,410,194,14,209,198,15,210,213,30,241,264,108,372,243,88,329,243,105,349,43,38,77,32,18,46,49,31,79,2326,2059,4379,2301,2190,4495,2429,2348,4778
311051325,294,208,505,294,202,498,340,273,615,300,467,763,302,491,791,360,565,927,941,121,1062,877,125,1001,832,140,972,122,376,499,114,445,564,153,491,646,208,749,960,168,724,897,180,678,852,205,343,552,223,358,584,202,373,575,408,58,463,439,40,479,394,64,461,403,224,625,400,196,589,409,220,630,63,48,113,47,48,91,72,54,121,2952,2589,5541,2869,2627,5497,2947,2847,5799
311051326,164,112,285,160,124,288,189,141,323,208,272,477,199,306,503,224,348,579,525,91,616,536,92,624,593,98,682,113,341,450,128,401,525,159,510,671,160,481,644,131,422,553,140,394,534,132,253,383,156,239,402,144,266,414,418,54,475,478,67,541,488,76,562,333,221,559,406,217,622,387,254,645,47,31,73,41,35,80,64,47,113,2095,1867,3962,2238,1895,4135,2395,2129,4526
311051327,538,237,772,497,280,779,482,317,800,500,668,1166,514,685,1197,581,816,1397,956,122,1079,898,104,1002,870,145,1020,163,414,578,177,437,613,177,508,684,203,1003,1209,227,851,1077,248,782,1034,300,410,708,265,427,691,245,334,578,337,42,381,312,34,352,323,37,361,323,135,464,366,141,508,353,157,513,62,51,109,60,47,108,71,50,122,3381,3075,6457,3314,3008,6320,3348,3146,6496
311051328,102,93,196,101,64,169,114,84,198,95,144,235,98,159,258,126,169,297,408,59,471,364,60,420,328,60,387,66,231,295,75,253,327,79,297,382,95,370,459,70,296,364,78,277,357,94,206,295,96,170,267,79,162,239,344,57,402,313,54,363,384,54,439,304,167,464,291,185,483,275,178,451,37,28,71,34,28,59,34,30,71,1535,1352,2888,1437,1271,2710,1504,1305,2810
311061329,249,153,404,241,151,389,271,193,469,291,358,650,328,440,770,354,470,829,426,64,487,421,73,494,453,79,532,73,199,279,98,232,324,90,279,368,126,461,587,110,383,491,137,379,511,153,194,351,133,191,324,126,154,284,167,23,191,148,19,172,172,26,196,214,87,305,177,80,262,184,103,281,37,36,74,35,19,55,31,30,62,1741,1576,3318,1694,1582,3274,1820,1712,3532
311061330,114,84,197,84,68,159,85,86,176,119,171,291,104,194,301,113,159,272,488,56,548,436,50,491,424,45,470,90,288,382,104,309,409,111,349,461,111,311,415,84,234,319,103,222,326,110,201,312,118,203,318,89,163,256,449,70,512,473,79,550,463,86,543,433,286,714,401,238,643,415,247,662,41,37,74,76,43,120,58,42,98,1951,1499,3449,1890,1423,3308,1866,1407,3269
311061331,43,41,85,46,32,84,40,24,63,52,68,121,55,66,118,64,72,131,223,33,259,217,33,246,192,29,217,53,164,214,48,139,189,48,195,248,75,207,280,58,138,189,51,126,171,56,102,161,54,87,139,63,82,152,299,46,343,246,15,264,289,41,325,225,154,382,238,133,366,265,152,413,40,21,66,22,9,32,38,18,62,1066,838,1905,976,652,1629,1047,732,1778
311061332,485,304,784,477,296,771,502,340,844,709,890,1604,714,1000,1714,793,1113,1905,1167,167,1333,1005,142,1153,960,157,1121,187,474,667,212,583,792,213,591,805,331,1200,1531,322,992,1314,282,887,1169,344,493,835,273,399,671,272,349,623,415,40,458,439,54,498,415,53,470,493,239,729,473,225,698,432,240,670,77,54,133,69,40,107,78,45,121,4207,3865,8071,3983,3740,7720,3959,3763,7725
311061333,162,130,294,166,119,285,165,119,286,206,288,491,202,288,491,193,290,484,593,79,667,526,78,610,512,99,613,117,358,468,115,362,474,130,398,528,156,481,639,149,406,559,132,358,488,140,249,393,125,211,333,134,193,335,466,57,522,429,54,480,417,79,495,415,262,681,413,239,648,440,249,691,69,39,103,54,30,81,68,37,101,2322,1943,4264,2174,1786,3963,2190,1836,4024
311061334,340,215,555,317,180,498,335,232,566,443,519,958,403,537,944,449,625,1072,657,104,762,577,94,671,593,87,674,122,302,423,145,294,437,130,371,500,197,703,896,178,596,773,173,577,751,211,275,486,200,263,468,176,255,426,292,38,332,282,37,314,281,38,319,279,146,427,273,146,417,263,146,408,53,33,82,44,33,77,59,35,94,2591,2335,4920,2413,2179,4590,2448,2357,4812
311061335,195,109,304,208,128,336,247,135,380,249,265,515,336,355,694,364,408,777,334,57,397,360,48,406,379,58,442,68,154,215,82,199,285,94,273,370,123,394,522,145,361,506,131,330,465,136,128,268,119,151,275,114,173,286,175,15,191,201,13,209,243,23,265,163,102,266,164,96,263,187,94,281,25,17,45,33,30,65,36,28,61,1475,1255,2728,1647,1386,3033,1801,1525,3326
311061336,105,98,201,100,83,178,85,100,182,180,189,368,152,176,326,168,189,353,500,89,590,499,71,572,470,61,531,117,353,472,144,358,502,143,386,533,141,378,515,115,258,374,125,254,380,128,220,346,110,190,300,117,175,288,559,88,644,534,62,597,578,96,678,570,371,935,586,307,891,533,327,859,88,33,127,49,39,95,73,44,112,2383,1814,4201,2287,1547,3833,2290,1624,3918
312011337,258,196,455,240,168,413,233,177,412,151,213,367,135,251,384,151,290,441,579,99,679,452,75,524,496,95,591,76,269,342,77,302,374,89,391,482,70,368,438,55,322,379,63,378,438,113,223,338,118,214,334,122,213,338,439,21,464,467,34,501,496,59,555,482,376,859,465,390,848,503,438,942,48,27,75,33,22,53,51,30,83,2213,1793,4008,2041,1771,3813,2214,2073,4287
312011338,466,212,676,327,196,521,330,218,551,238,270,504,151,200,350,151,193,343,798,113,912,630,96,731,560,84,649,37,190,227,27,169,194,29,174,203,52,421,467,37,273,313,39,305,342,45,169,212,31,142,170,37,122,152,1273,155,1428,959,137,1088,793,236,1033,294,319,613,258,222,483,264,273,536,69,25,99,37,19,55,57,31,87,3266,1883,5148,2453,1447,3899,2250,1636,3890
312011339,244,150,401,247,168,414,242,166,409,57,113,175,55,105,162,62,124,183,292,60,350,235,55,291,235,45,284,8,71,80,13,99,118,15,101,118,15,173,178,15,123,139,22,172,192,22,89,111,16,61,83,28,65,92,320,46,364,246,42,287,303,73,376,145,124,275,126,101,226,175,135,309,29,17,40,22,5,28,26,12,42,1137,846,1978,974,776,1750,1106,901,2005
312011340,202,124,320,181,104,287,180,102,286,33,77,112,36,63,99,59,68,130,263,40,310,182,40,231,208,53,259,18,95,115,24,79,100,17,97,112,12,127,133,13,107,117,20,124,139,16,103,118,15,64,85,11,68,81,372,23,396,224,24,251,247,41,294,175,166,347,145,142,285,143,119,268,26,17,48,25,16,36,30,19,45,1122,768,1889,842,644,1491,923,691,1615
312011341,223,136,361,219,145,357,217,172,388,290,321,613,218,335,555,218,361,579,1114,105,1220,928,114,1040,882,168,1049,41,207,250,56,237,295,68,260,322,54,448,499,57,358,415,43,390,436,36,226,267,45,175,215,68,184,252,977,157,1140,852,141,989,847,280,1131,243,256,497,175,228,399,199,236,429,66,19,86,28,28,58,95,47,139,3047,1893,4940,2572,1755,4329,2633,2093,4731
312021342,356,197,551,347,238,590,349,284,631,342,554,894,321,609,930,343,722,1069,1460,160,1623,1283,155,1439,1313,192,1504,99,463,565,113,545,663,160,745,902,154,887,1039,145,786,928,155,744,903,233,521,753,223,561,787,237,472,705,851,107,957,688,84,773,757,136,891,491,330,819,405,284,685,454,329,784,84,52,136,75,45,120,101,66,164,4067,3278,7337,3606,3309,6911,3858,3685,7547
312021343,122,55,182,104,59,167,111,84,193,124,174,303,116,181,292,127,190,316,352,46,400,248,28,276,288,57,342,27,127,147,43,113,158,60,162,223,46,194,242,30,171,203,29,166,194,50,115,167,47,100,142,53,109,160,177,28,207,159,21,182,185,27,207,122,59,187,105,61,158,105,57,161,28,12,42,15,8,21,28,13,35,1060,806,1870,869,742,1607,981,855,1832
312021344,386,187,579,344,245,596,375,285,659,353,515,873,391,659,1053,438,780,1221,1104,93,1205,1100,142,1235,1153,192,1350,86,313,399,125,468,584,163,652,820,114,606,725,105,569,674,126,678,806,148,317,467,165,438,601,200,442,645,552,66,616,571,76,650,638,121,755,227,189,414,270,197,466,333,258,592,52,47,98,47,37,85,80,49,129,3025,2345,5371,3117,2832,5953,3521,3454,6971
312021345,0,0,0,0,5,3,3,0,7,0,0,0,0,0,0,0,0,0,0,0,0,0,0,0,3,0,3,0,0,0,0,0,0,0,0,0,0,0,0,0,0,0,0,0,0,0,0,0,0,0,0,0,0,0,0,0,0,0,0,0,0,0,0,0,0,0,0,0,5,0,0,0,0,0,0,0,0,0,0,0,0,0,0,0,5,0,10,4,3,11
312021346,111,68,180,83,55,140,81,66,148,148,179,328,126,169,290,166,182,349,389,42,436,232,28,259,281,54,333,47,115,164,42,114,157,72,176,243,56,152,205,28,96,116,43,122,162,48,118,173,49,86,134,39,100,143,222,21,246,135,21,157,163,27,195,194,121,316,141,87,231,140,99,237,18,12,33,19,6,29,19,8,24,1232,837,2071,846,666,1514,1004,832,1842
312021347,54,21,74,40,14,53,34,21,57,29,32,65,36,37,77,35,29,63,39,0,44,30,3,37,38,9,48,7,10,16,5,17,21,6,19,21,4,42,48,0,17,25,11,28,36,10,14,24,9,11,23,11,11,27,16,0,22,16,0,13,33,3,33,13,0,13,8,4,16,17,15,27,3,5,9,5,0,3,3,0,3,172,131,300,153,113,269,181,136,322
312021348,490,201,698,417,194,612,409,232,643,424,550,974,408,626,1035,487,742,1231,967,110,1077,839,98,934,985,159,1141,61,288,354,74,351,424,99,461,563,118,702,819,119,599,722,105,672,777,152,398,552,145,346,490,166,331,495,493,64,553,442,52,496,452,85,535,269,185,458,238,185,423,252,185,432,46,34,81,63,33,93,68,45,112,3018,2538,5559,2749,2479,5231,3029,2906,5937
312021349,118,88,203,97,92,189,83,94,178,182,278,466,133,224,355,159,293,454,637,75,715,450,67,521,495,103,592,58,213,262,48,186,237,69,248,317,72,364,427,56,229,284,71,246,313,103,227,334,89,180,264,80,179,256,374,51,424,249,34,281,279,54,337,297,154,455,205,127,332,233,152,384,40,22,61,33,13,48,44,22,64,1876,1477,3348,1360,1150,2510,1515,1394,2907
312021350,143,70,215,140,74,211,158,104,262,93,149,239,120,220,338,187,306,491,465,60,533,499,58,560,551,88,640,17,122,137,40,143,190,56,212,276,43,261,308,41,265,312,62,306,365,56,131,182,78,170,253,62,178,233,281,42,319,285,35,321,348,58,409,187,88,269,176,110,288,175,138,317,26,19,40,39,22,58,34,16,50,1311,942,2251,1420,1094,2516,1631,1402,3045
312021351,332,153,488,330,163,493,299,184,485,102,213,316,97,282,373,118,360,473,679,86,766,706,83,788,790,121,911,34,196,231,36,254,290,40,338,373,44,350,390,38,360,397,48,419,468,47,175,223,52,198,252,69,201,270,543,84,623,556,81,632,512,106,621,249,151,401,227,159,388,220,174,396,35,23,59,45,22,67,58,35,92,2070,1427,3492,2075,1597,3673,2155,1939,4093
312021352,340,191,529,274,180,456,280,211,490,172,332,509,143,310,451,166,389,550,994,136,1130,824,130,952,910,194,1109,58,282,333,63,321,379,46,428,472,70,520,590,72,443,513,68,443,513,88,312,404,96,326,422,91,300,389,1026,147,1176,801,116,915,768,178,946,408,301,710,410,265,667,375,287,660,72,29,104,70,29,99,106,50,156,3237,2254,5486,2736,2122,4860,2811,2470,5281
312021353,469,173,642,421,186,601,385,192,576,136,265,403,122,282,405,115,330,443,693,78,772,586,95,673,658,105,765,40,240,276,29,246,279,34,242,278,46,424,474,40,374,413,51,366,409,63,212,270,64,188,251,67,210,272,564,77,646,515,80,594,503,86,593,296,192,488,216,152,376,225,144,370,60,23,84,33,22,59,69,46,113,2375,1682,4057,2030,1631,3657,2100,1718,3818
312021354,175,78,260,154,95,245,165,115,278,179,253,438,154,261,411,173,310,482,536,60,593,437,64,503,488,86,573,47,192,241,56,217,273,63,270,330,48,317,364,50,262,310,45,311,357,56,198,258,74,213,290,94,235,324,371,34,407,319,27,343,321,51,374,146,112,253,149,106,250,175,123,297,11,10,25,26,13,41,48,21,62,1586,1249,2841,1419,1256,2671,1562,1512,3079
312021355,86,65,156,79,49,127,62,65,125,92,137,225,66,128,200,78,133,213,356,45,405,228,43,269,249,37,284,22,124,147,29,125,155,36,155,197,40,185,223,32,137,164,27,143,174,50,119,172,43,100,147,50,105,154,230,31,264,164,17,175,147,30,174,148,111,256,119,87,206,120,84,208,25,11,35,17,0,20,22,21,35,1051,833,1882,779,692,1471,797,773,1571
312021356,149,117,269,116,89,205,123,115,240,183,267,447,127,239,362,138,306,444,702,93,792,560,73,637,583,103,687,71,240,312,78,256,336,83,319,403,103,436,537,50,312,360,62,312,371,108,223,330,80,191,276,99,206,302,467,52,518,353,40,395,347,65,401,311,224,531,248,179,429,249,189,431,58,31,81,37,18,55,31,32,61,2151,1676,3828,1649,1408,3057,1708,1636,3344
312021357,407,184,594,389,172,564,358,179,534,146,267,420,111,317,428,123,337,458,870,106,979,791,128,922,808,125,931,33,198,229,42,235,275,36,275,310,86,583,669,66,507,578,64,578,644,92,280,376,100,234,330,75,269,343,613,65,685,515,76,595,537,85,625,276,181,458,227,155,383,228,148,369,49,31,77,39,25,65,59,21,81,2580,1893,4470,2281,1848,4127,2285,2020,4299
312021358,168,111,286,146,113,261,182,128,313,209,302,509,199,327,532,214,390,598,619,69,695,447,73,520,518,88,602,58,222,276,53,196,244,83,253,337,75,349,425,60,287,348,69,273,340,68,205,276,78,145,214,77,144,217,308,24,326,262,16,277,242,32,273,206,137,337,162,113,269,179,143,323,32,16,46,24,11,32,46,26,64,1748,1431,3179,1424,1273,2696,1597,1470,3067
312031359,426,334,764,516,430,948,615,461,1075,413,326,736,415,426,843,425,544,970,909,140,1045,1031,184,1220,1173,229,1396,255,495,752,316,589,897,359,888,1247,90,571,660,81,552,634,108,634,745,176,380,557,183,473,649,208,525,728,402,51,452,447,63,517,504,102,608,412,290,701,493,362,856,572,492,1063,61,28,82,55,37,92,74,60,137,3133,2623,5759,3537,3108,6653,4039,3931,7967
312031360,0,0,0,0,0,0,0,0,0,0,0,0,0,0,0,0,0,0,0,0,0,0,0,0,0,0,0,0,0,0,0,0,0,0,0,0,0,0,0,0,0,0,0,0,0,0,0,0,0,0,0,0,0,0,0,0,0,0,0,0,0,0,0,0,0,0,0,0,0,0,0,0,0,0,0,0,0,0,0,0,0,0,0,0,0,0,0,0,0,0
312031361,352,172,528,311,169,482,322,199,519,146,252,397,145,287,438,169,324,497,600,102,696,574,97,677,653,120,765,55,239,297,57,280,340,72,327,399,40,384,424,49,364,417,39,404,440,95,268,362,97,271,366,123,278,398,498,40,536,445,41,482,446,54,505,318,183,499,284,190,469,274,218,497,40,36,76,28,21,55,42,37,78,2137,1674,3813,1996,1732,3724,2140,1956,4096
313011362,300,211,519,295,202,498,337,278,613,213,320,537,244,381,624,287,498,784,757,113,873,770,133,903,855,158,1013,131,415,549,150,486,636,169,650,821,136,550,681,136,544,678,146,599,747,194,402,590,215,396,611,213,396,610,432,26,458,454,45,500,481,47,529,420,221,645,474,227,703,476,253,724,64,47,109,36,42,83,70,63,136,2649,2306,4953,2775,2464,5232,3034,2934,5973
313011363,380,230,612,348,231,584,434,296,730,350,438,786,341,504,845,394,577,970,699,129,823,650,123,778,743,125,870,162,495,659,172,546,726,221,632,852,151,604,753,125,527,653,147,661,807,260,402,658,224,381,601,238,403,642,312,24,339,336,29,367,329,41,373,358,226,584,381,223,605,433,265,695,54,40,91,49,53,106,61,46,108,2719,2585,5305,2643,2621,5262,3001,3043,6047
313021364,129,59,186,141,84,227,240,161,404,67,132,198,90,162,255,184,357,542,308,38,345,345,47,395,513,76,587,38,114,157,56,144,197,115,325,439,65,271,333,52,306,361,93,448,537,59,129,186,75,129,206,98,194,295,152,9,162,144,14,150,245,20,266,135,59,197,170,53,220,257,99,362,15,15,26,18,13,29,39,32,67,962,828,1784,1088,954,2039,1780,1709,3488
313021366,330,216,543,295,235,528,345,331,677,272,449,718,248,446,690,310,573,882,1029,168,1197,1028,178,1206,1111,207,1315,226,621,845,219,801,1017,272,1126,1395,196,765,963,193,697,889,238,793,1032,295,545,844,279,568,850,314,653,967,680,66,751,722,69,787,755,101,853,768,438,1208,872,530,1404,1063,637,1696,90,71,160,100,57,157,110,71,176,3880,3339,7219,3955,3579,7534,4516,4477,8996
313021367,145,84,232,154,95,253,165,104,266,77,133,202,66,155,224,99,211,311,279,29,307,314,40,353,332,36,372,35,134,162,46,141,187,59,181,245,54,237,292,35,227,267,33,234,274,51,109,164,59,122,184,57,138,190,156,11,165,171,11,181,194,18,204,146,87,233,153,72,230,185,84,273,19,13,24,26,17,36,35,28,59,960,832,1786,1027,895,1914,1155,1037,2192
313021368,143,102,244,164,130,293,238,192,428,123,174,290,109,220,331,182,308,488,433,77,512,528,81,613,646,135,788,77,285,362,92,366,451,150,612,765,100,332,438,102,343,445,141,432,571,132,263,397,143,285,429,168,340,514,308,35,338,335,42,377,448,64,504,303,172,479,373,249,623,495,312,807,28,26,55,38,19,56,55,38,99,1643,1467,3112,1882,1731,3613,2525,2433,4957
313021369,190,103,293,170,102,276,189,126,314,85,163,250,96,141,239,100,186,286,263,30,302,264,47,305,314,50,364,32,115,143,36,133,174,52,167,219,33,226,259,42,237,280,43,237,279,62,121,180,67,137,203,54,109,159,149,12,161,144,8,154,147,19,167,150,103,250,136,99,231,169,97,267,11,19,33,26,21,40,25,22,46,976,898,1878,981,929,1901,1096,1001,2102
313021572,199,130,332,261,216,475,302,269,573,200,302,502,243,415,664,272,505,773,616,95,710,786,143,927,890,160,1046,109,382,497,191,625,818,234,846,1083,139,488,621,149,576,728,170,654,835,153,326,481,226,444,668,231,424,657,453,44,498,531,58,591,613,69,677,448,246,693,738,448,1186,751,539,1290,55,36,93,75,47,121,92,76,167,2377,2050,4428,3199,2969,6169,3551,3545,7095
313021573,181,138,321,156,135,294,208,180,383,156,265,423,146,240,385,168,361,529,557,86,643,538,94,632,684,104,787,123,378,501,112,397,516,125,578,709,127,409,533,126,329,454,141,399,536,138,285,424,112,270,382,152,302,452,378,26,404,357,36,393,364,62,428,400,252,658,426,268,693,489,302,795,47,39,84,43,25,70,73,47,123,2108,1883,3990,2030,1792,3815,2411,2327,4742
313031370,221,133,354,195,121,312,211,165,381,50,109,157,58,140,202,82,148,229,223,48,270,254,57,312,327,56,387,52,142,193,57,165,226,70,223,293,33,170,209,33,171,204,33,191,226,33,106,136,43,103,150,49,109,152,185,14,203,181,13,197,175,21,196,316,195,507,345,214,554,401,235,636,25,12,40,28,11,40,42,35,70,1123,931,2056,1199,996,2196,1390,1178,2571
313031371,242,141,379,232,129,355,262,155,418,119,185,305,130,205,331,151,263,414,376,70,442,388,82,466,450,116,570,84,178,263,93,242,337,95,351,449,53,272,327,68,311,374,63,370,434,69,144,215,104,186,290,83,178,263,220,21,236,273,23,292,294,38,336,228,165,392,266,165,435,311,162,474,32,20,51,23,23,41,40,34,81,1426,1189,2613,1569,1367,2937,1760,1662,3425
313041372,395,238,632,377,236,607,452,329,779,296,428,725,300,495,794,393,668,1064,999,121,1115,1021,141,1163,1159,197,1358,141,468,608,163,569,736,282,845,1123,209,837,1047,209,787,999,242,916,1161,234,473,709,262,503,771,243,510,751,493,50,545,530,56,585,637,71,706,480,282,759,531,263,795,610,323,932,67,47,107,54,38,93,103,51,158,3316,2939,6250,3456,3090,6542,4124,3909,8031
313041373,361,231,592,359,241,602,386,308,694,291,496,784,313,580,895,365,680,1047,1176,206,1374,1160,163,1325,1174,209,1380,245,755,998,302,877,1176,301,1079,1386,256,899,1156,241,851,1093,215,857,1071,315,609,917,269,578,847,309,523,833,794,91,889,773,91,865,807,80,889,824,494,1318,828,463,1295,799,452,1253,103,67,171,93,67,158,105,81,186,4357,3848,8203,4330,3921,8259,4451,4284,8740
313041374,173,107,284,174,100,270,187,139,336,144,190,335,118,189,307,142,258,404,454,55,503,411,47,459,470,59,533,38,174,212,66,200,263,83,261,346,76,353,429,82,337,421,76,356,441,90,173,262,102,165,262,97,197,295,205,14,222,173,16,193,192,30,221,160,90,249,168,87,256,233,139,374,21,15,34,30,9,41,28,18,49,1351,1177,2531,1318,1148,2467,1527,1467,2996
313041375,584,301,882,601,398,992,764,513,1282,517,714,1232,592,844,1438,650,1112,1759,1271,181,1454,1352,224,1575,1477,244,1720,218,594,811,274,777,1050,348,1006,1354,310,1141,1455,344,1163,1508,384,1242,1628,313,551,862,360,660,1018,379,707,1095,545,48,598,567,58,621,656,75,734,494,248,742,563,256,823,681,339,1021,75,63,128,94,57,150,102,80,181,4324,3837,8158,4746,4435,9182,5440,5327,10762
313041376,109,47,151,124,66,190,139,92,233,81,109,184,68,115,186,74,150,228,216,35,248,249,34,284,291,55,342,15,81,99,23,119,143,19,138,157,35,193,230,43,201,243,57,193,249,53,88,142,58,104,157,53,94,154,99,9,109,106,10,117,120,8,126,100,64,162,112,58,178,107,53,162,14,11,27,13,10,28,24,11,37,726,629,1353,800,716,1512,892,801,1689
313051377,163,115,285,193,154,349,232,178,410,211,308,516,205,361,565,223,408,628,526,75,599,510,95,606,537,78,616,113,270,381,97,301,401,119,408,527,114,447,563,148,424,570,120,434,553,151,232,384,122,210,330,129,180,305,261,22,283,234,30,260,232,33,268,314,148,457,316,166,484,263,138,402,46,30,75,31,29,63,48,28,76,1897,1650,3548,1849,1774,3623,1897,1896,3793
313051378,266,170,435,275,195,474,354,253,599,341,469,812,336,553,890,388,640,1027,624,100,723,656,109,766,604,125,732,139,422,561,187,462,647,168,542,712,165,530,702,168,545,719,152,534,690,194,267,459,185,262,450,158,263,417,317,42,357,297,35,336,294,44,333,347,197,551,362,192,552,343,168,508,54,39,89,60,52,115,50,36,91,2449,2241,4689,2531,2413,4940,2509,2607,5113
313051379,224,140,358,255,147,403,263,172,434,260,389,648,211,408,618,276,455,731,476,81,555,513,81,591,467,89,559,152,310,462,143,385,528,158,427,582,129,463,584,123,438,560,118,449,570,157,213,370,161,241,401,135,200,337,262,26,289,259,31,279,269,36,304,306,170,480,290,188,477,299,160,462,34,27,62,55,36,93,51,28,83,1984,1821,3807,2005,1942,3947,2038,2022,4058
313051380,356,204,562,324,233,556,344,271,616,335,525,861,343,528,872,380,585,966,992,149,1143,905,169,1069,905,167,1072,214,627,845,203,714,922,252,828,1077,242,901,1142,241,721,962,225,747,968,294,494,785,245,481,728,215,428,640,537,59,592,516,70,588,561,76,642,542,311,856,585,316,898,541,356,897,83,56,138,66,51,116,66,61,126,3596,3332,6926,3429,3287,6716,3494,3514,7003
313051574,15,5,24,23,10,35,19,14,36,6,8,13,11,11,26,7,3,10,15,0,20,31,4,33,28,6,35,12,15,27,20,23,44,11,17,30,0,3,3,4,18,22,0,6,10,0,4,4,10,6,13,3,3,5,4,0,4,0,0,5,0,0,0,17,7,25,17,18,35,20,18,32,0,0,0,3,0,6,0,3,3,71,47,115,117,86,200,89,74,158
313051575,501,226,724,497,268,768,725,425,1151,487,544,1036,457,602,1056,685,955,1635,597,118,715,600,100,695,727,133,858,161,397,553,158,403,555,229,584,813,165,695,863,181,699,885,179,844,1024,220,297,521,225,316,539,237,344,579,224,21,245,194,27,221,295,35,331,333,153,485,287,130,415,339,171,505,54,63,114,43,26,72,66,55,124,2743,2515,5258,2642,2566,5208,3481,3543,7022
314011382,753,333,1089,722,372,1098,793,487,1280,803,1053,1852,806,1090,1888,915,1301,2211,1055,169,1229,942,143,1083,970,168,1144,344,554,896,352,646,1000,322,691,1016,394,1223,1615,344,1062,1404,345,1021,1364,387,535,923,373,494,868,336,447,786,304,31,335,279,24,301,298,31,333,335,176,508,325,157,480,358,164,518,71,49,120,50,44,96,69,64,128,4452,4126,8573,4192,4032,8230,4406,4379,8785
314011383,779,360,1139,910,473,1385,940,562,1508,661,837,1495,814,1162,1977,927,1372,2301,1165,169,1332,1303,226,1533,1347,238,1578,321,539,858,411,770,1184,451,870,1322,339,1295,1635,407,1373,1785,400,1394,1788,363,527,888,376,602,983,391,576,966,422,32,453,480,55,527,461,72,535,385,149,535,478,213,691,463,228,690,90,56,151,102,58,152,86,70,155,4524,3963,8488,5279,4929,10212,5455,5385,10842
314011384,339,195,529,390,236,627,450,291,739,367,444,815,374,512,884,395,639,1036,598,103,709,574,96,668,631,103,736,100,243,346,135,259,391,129,360,493,115,478,593,113,483,595,114,473,586,116,194,312,104,226,326,124,213,336,201,31,229,228,18,247,211,23,237,204,90,294,203,101,298,243,121,367,30,30,61,45,32,74,46,35,81,2072,1809,3882,2161,1959,4121,2343,2259,4602
314011385,461,189,649,454,218,667,450,239,687,441,578,1023,413,588,1000,467,639,1109,542,83,624,544,78,619,500,76,583,141,261,403,175,269,450,155,343,500,185,601,783,186,582,770,157,550,713,197,250,456,164,249,414,146,220,370,131,12,141,124,12,132,155,20,171,160,74,233,152,61,212,180,73,254,41,28,67,37,22,56,35,18,53,2298,2079,4381,2245,2077,4324,2246,2184,4429
314011386,941,485,1423,978,544,1523,1106,686,1796,1423,1664,3084,1408,1877,3289,1630,2254,3882,1510,215,1732,1446,228,1681,1456,241,1699,464,768,1234,497,920,1411,510,991,1503,578,1739,2320,532,1508,2047,539,1453,1993,434,679,1117,403,610,1019,410,627,1031,427,40,463,367,51,412,429,59,488,508,236,742,511,233,743,508,238,748,132,63,195,91,69,163,75,83,159,6419,5896,12311,6234,6047,12285,6670,6630,13300
314011387,625,286,919,682,321,1006,785,457,1247,834,860,1695,780,961,1746,865,1044,1911,630,111,736,612,101,715,681,106,790,125,337,466,171,383,556,149,418,567,182,677,857,195,664,858,179,623,803,171,259,432,172,253,423,151,224,374,136,18,150,127,13,143,136,14,150,192,96,279,226,84,309,216,88,303,73,49,114,53,35,87,53,44,98,2976,2686,5657,3031,2814,5846,3221,3018,6233
314021389,482,259,740,651,422,1080,794,565,1359,486,566,1055,624,818,1447,867,1313,2177,799,109,909,1115,162,1282,1399,243,1643,185,428,612,326,746,1075,455,1248,1704,269,887,1153,327,1126,1451,455,1341,1795,255,414,672,340,552,892,407,681,1089,356,35,394,577,64,639,818,105,926,341,168,509,526,233,758,673,361,1033,62,47,102,67,53,122,104,99,200,3234,2914,6150,4550,4184,8731,5967,5957,11923
314021576,44,17,62,94,65,163,127,92,220,33,58,90,93,151,247,182,296,478,110,11,123,218,36,250,301,77,374,20,60,82,57,182,238,97,299,395,38,117,153,69,259,327,114,315,430,26,58,82,74,139,216,105,169,273,56,9,69,146,12,155,184,26,206,40,20,63,112,54,164,211,101,312,6,3,13,19,10,32,30,28,57,378,359,744,882,907,1783,1341,1400,2744
314021577,422,309,736,389,311,697,450,387,834,453,612,1068,463,643,1102,519,821,1339,1350,197,1546,1323,240,1561,1276,262,1535,281,716,993,315,887,1201,380,1117,1494,373,1189,1558,362,1089,1450,378,1072,1450,371,655,1031,360,603,963,336,619,953,845,118,964,795,100,894,846,122,971,707,406,1119,737,414,1150,752,426,1182,82,62,143,105,56,163,124,85,213,4891,4269,9161,4848,4338,9186,5060,4911,9972
314021578,187,89,277,313,178,492,539,341,878,145,196,346,346,460,811,755,1005,1760,289,42,333,521,79,594,760,156,914,78,153,234,188,386,572,311,779,1084,86,313,397,170,470,643,275,755,1031,105,170,269,186,286,474,301,442,738,119,6,131,241,28,272,462,44,509,126,72,194,227,102,328,392,245,641,21,12,36,50,27,81,65,57,124,1164,1055,2219,2251,2019,4270,3860,3825,7687
314021579,695,340,1029,830,475,1307,915,566,1477,748,828,1576,989,1147,2138,1113,1400,2514,858,140,1000,1113,218,1335,1128,257,1389,277,490,769,394,852,1249,495,1110,1607,314,933,1244,433,1133,1564,452,1245,1693,345,480,825,448,724,1176,442,704,1150,306,32,338,471,65,538,598,76,672,327,188,513,537,264,802,620,322,942,62,46,104,79,57,132,125,86,216,3928,3477,7402,5297,4939,10231,5891,5763,11656
314031391,241,161,407,230,187,415,211,188,396,278,352,635,254,352,601,298,408,704,748,121,871,687,116,805,692,126,821,167,393,560,182,453,633,182,464,644,241,715,963,202,603,803,195,567,765,204,341,545,163,303,462,152,286,433,385,44,429,347,40,392,335,34,366,366,209,570,367,192,552,340,215,557,62,39,106,49,21,73,66,53,120,2700,2386,5089,2479,2267,4751,2474,2344,4818
314031392,101,85,189,110,97,204,171,139,308,179,220,395,170,218,391,215,329,542,383,59,441,389,69,462,464,92,551,69,192,260,101,236,339,99,327,429,110,389,497,94,362,456,113,406,520,75,166,244,88,156,246,110,166,279,218,19,241,230,27,258,263,34,300,200,117,318,212,132,340,218,121,336,28,19,46,34,21,59,31,25,57,1367,1266,2632,1422,1320,2744,1681,1646,3331
314031393,276,157,434,263,145,405,266,185,447,336,390,729,321,414,738,355,480,835,621,105,724,561,111,670,564,102,664,143,311,453,139,369,508,143,387,535,196,677,871,186,583,772,167,503,674,169,269,440,167,291,464,153,282,437,308,36,339,266,23,296,250,30,282,261,150,412,276,130,404,293,137,429,53,33,86,36,31,69,39,37,72,2365,2123,4493,2235,2093,4328,2237,2142,4378
314031394,259,172,434,244,194,438,281,249,533,323,402,726,287,397,685,377,548,927,781,119,904,792,120,913,878,161,1037,172,444,613,222,525,743,230,678,907,253,737,991,254,699,954,271,702,974,193,333,532,203,362,567,227,343,572,490,56,548,483,53,534,511,66,576,431,246,675,456,252,707,481,282,767,56,31,90,62,38,97,71,50,123,2971,2542,5514,3002,2647,5647,3325,3086,6408
315011395,12,6,16,17,4,20,14,8,26,29,33,62,12,19,37,11,11,28,12,5,14,29,3,38,12,0,12,19,20,41,21,30,56,14,25,35,5,13,15,10,12,19,7,8,14,5,9,14,7,3,6,0,4,7,11,0,11,12,0,7,6,0,10,46,3,50,19,10,35,10,8,15,6,8,13,6,0,10,6,4,9,139,96,231,135,97,229,82,72,152
315011396,202,144,346,185,122,307,227,145,372,150,219,377,178,238,413,161,281,441,230,49,276,272,31,307,237,34,265,95,213,312,87,246,337,111,232,345,43,188,231,58,187,236,56,204,261,33,66,99,40,75,114,52,77,130,189,23,211,205,26,227,186,23,206,358,131,489,276,147,425,222,127,356,44,31,81,42,30,73,54,59,116,1356,1063,2416,1339,1100,2442,1306,1185,2494
315011397,123,63,192,91,61,149,99,66,162,21,19,42,14,21,37,11,29,38,33,19,48,29,15,43,31,16,45,10,27,39,9,27,35,8,22,28,7,36,44,9,38,41,11,18,26,3,6,13,0,12,12,0,3,3,63,5,67,39,0,40,50,0,50,83,51,136,65,46,110,57,46,105,16,7,26,9,4,9,11,9,20,362,236,595,260,217,474,272,218,489
315011398,33,14,53,32,21,54,22,16,38,30,40,74,26,30,56,18,27,48,60,10,63,53,3,59,40,0,40,38,56,93,36,74,113,29,51,77,11,29,43,10,25,34,12,9,27,13,7,17,6,19,22,4,13,14,25,6,26,22,3,24,21,0,20,92,46,137,35,27,59,24,25,45,19,12,32,12,3,19,13,13,23,316,220,537,231,205,438,175,155,330
315011399,30,21,50,42,48,87,37,41,79,50,80,131,46,69,113,57,90,147,71,10,81,87,11,97,85,11,95,36,120,155,34,128,163,43,125,167,8,76,85,24,79,102,23,87,110,17,24,46,13,43,59,21,34,51,34,0,34,54,4,53,51,0,52,100,37,137,74,38,108,65,33,94,20,20,39,12,4,15,25,16,43,375,384,762,376,429,803,399,432,837
315011400,385,209,596,363,182,550,339,197,535,86,124,208,66,133,203,77,156,233,226,46,272,203,45,246,207,43,248,54,144,198,45,169,213,44,160,211,26,180,205,24,168,185,27,192,218,26,82,113,34,87,120,32,87,123,188,8,196,182,8,191,183,21,199,200,148,353,214,142,350,221,141,366,24,24,46,27,21,48,28,17,47,1209,973,2182,1156,959,2113,1155,1023,2176
315011401,81,68,147,94,62,156,76,98,179,124,173,300,108,187,300,135,212,345,125,20,146,153,19,172,156,14,178,71,107,178,80,148,230,87,151,244,51,174,233,57,157,217,47,182,233,16,49,67,19,51,68,29,58,86,45,9,54,35,7,40,49,9,55,119,50,171,99,54,155,115,56,167,30,31,55,26,15,45,27,19,43,665,677,1340,672,710,1379,728,793,1520
315011402,49,55,104,49,24,72,62,59,124,119,123,242,101,104,201,103,104,209,104,6,108,109,3,117,75,5,82,55,135,186,52,116,169,42,140,183,50,100,146,49,83,132,44,80,119,12,40,56,21,41,62,30,50,82,50,12,66,20,0,20,27,5,28,384,133,516,105,55,158,102,56,152,50,40,89,28,18,41,13,10,28,870,642,1514,528,437,969,505,513,1015
315011403,91,55,145,83,60,150,91,83,177,110,172,279,96,201,303,104,244,349,386,49,434,485,57,538,493,55,551,41,92,134,45,127,170,43,165,209,36,153,189,24,168,197,27,170,205,19,71,91,20,72,95,19,77,97,296,104,393,392,126,521,317,156,473,62,67,130,81,79,158,83,75,151,24,17,43,14,11,22,39,24,64,1062,785,1840,1245,906,2150,1225,1050,2273
315021404,141,80,221,125,75,196,128,81,208,99,133,233,82,125,212,113,139,249,170,45,219,157,38,193,131,19,149,62,148,210,95,198,285,66,160,222,32,118,145,45,132,176,30,120,145,15,37,47,17,40,58,12,48,64,155,15,168,78,15,92,107,14,120,311,124,438,185,96,281,214,108,322,30,20,45,33,20,52,31,15,53,1008,721,1727,813,739,1549,829,701,1529
315021405,442,338,788,363,305,670,356,335,697,611,918,1532,493,935,1429,531,1060,1588,2021,224,2249,1772,227,2000,1676,244,1925,196,618,819,207,663,875,226,711,938,142,1004,1142,120,841,956,117,898,1012,151,510,662,188,458,641,165,431,597,1450,214,1669,1230,191,1418,1193,219,1405,514,363,871,431,352,783,468,342,813,173,75,247,112,57,166,120,89,207,5714,4268,9979,4906,4034,8939,4853,4324,9178
315021406,160,82,244,149,88,235,172,96,268,94,129,226,95,113,217,97,124,224,302,41,341,220,34,254,337,58,396,31,85,111,33,84,115,31,105,136,47,166,216,43,149,192,33,166,196,20,58,78,19,53,73,21,58,78,389,37,424,271,31,303,307,44,354,214,109,317,185,89,274,191,133,324,29,11,43,20,7,30,24,23,50,1284,720,2006,1037,652,1679,1213,813,2025
315021407,360,240,596,315,223,535,256,193,446,55,97,150,52,84,134,35,107,139,180,38,222,127,44,170,132,41,173,24,81,112,32,86,112,16,97,111,28,140,170,28,125,149,19,123,138,27,71,99,30,48,80,24,46,75,262,22,281,157,9,171,137,15,151,243,126,372,199,120,325,191,124,310,19,18,35,23,11,35,23,22,50,1205,831,2039,953,759,1714,837,765,1598
315031408,463,300,760,402,266,662,376,238,616,68,170,246,85,163,248,69,181,253,246,56,303,186,49,231,214,51,262,38,171,203,47,170,217,46,158,207,41,199,246,52,182,234,44,197,243,38,125,166,41,103,144,39,93,133,245,16,267,171,18,187,139,28,166,345,188,531,254,166,416,260,171,434,15,15,27,25,22,47,30,32,58,1513,1237,2757,1256,1130,2381,1213,1161,2373
315031409,248,188,436,242,164,409,212,150,357,93,184,274,78,205,284,68,202,272,240,45,285,189,52,239,165,45,211,50,159,212,46,166,214,60,175,231,47,201,242,39,159,203,34,165,201,58,106,167,44,95,139,48,61,108,167,11,173,115,3,124,88,14,100,264,165,430,259,150,406,187,139,324,23,28,51,17,18,37,41,18,57,1183,1083,2271,1031,1017,2046,912,955,1869
315031410,214,150,364,180,120,303,163,135,303,31,71,96,23,56,82,23,52,78,112,42,148,98,41,142,86,33,119,22,74,99,25,67,92,11,67,80,16,88,102,15,84,102,12,98,109,13,32,41,13,31,42,15,41,53,145,14,160,99,6,106,92,12,106,185,95,279,140,90,230,148,87,236,25,12,40,12,8,17,20,13,32,767,565,1332,605,511,1118,566,552,1117
315031411,304,183,487,257,164,417,200,135,333,33,93,133,34,103,131,28,105,128,137,37,174,122,34,160,105,24,135,38,97,135,29,87,117,34,74,109,26,111,134,31,115,147,9,110,123,24,47,69,20,41,54,17,26,48,160,13,173,110,7,114,102,9,119,176,98,274,125,88,209,127,95,226,30,10,40,18,14,37,25,13,40,920,696,1622,738,657,1393,664,598,1260
315031412,243,194,439,205,161,371,193,170,362,104,206,311,94,212,306,89,197,285,268,61,332,227,27,255,207,47,254,58,157,215,61,146,208,61,174,232,42,209,253,41,202,241,30,213,246,58,103,160,48,101,152,42,70,114,144,12,151,116,9,123,108,8,114,206,104,310,148,101,244,170,96,263,24,16,40,21,24,42,35,14,50,1147,1071,2221,958,979,1940,933,981,1914
316011413,558,302,866,528,353,879,668,442,1109,686,835,1514,812,986,1795,923,1208,2128,767,141,910,796,148,946,843,175,1021,205,459,666,225,559,782,274,660,940,162,812,979,169,755,930,179,814,995,295,453,746,300,454,752,260,414,670,219,34,257,255,21,275,262,26,284,332,162,496,337,193,532,365,213,576,61,46,110,58,57,118,70,76,146,3280,3254,6532,3485,3526,7011,3844,4032,7877
316011414,620,339,961,649,349,1003,707,454,1161,740,857,1594,825,1063,1894,994,1323,2317,868,147,1017,876,182,1053,949,164,1112,190,471,666,249,621,871,325,870,1204,196,852,1044,190,884,1079,202,852,1053,357,532,889,348,563,913,351,531,881,238,21,257,253,24,278,282,46,325,386,146,534,355,201,555,405,236,638,51,43,90,61,43,104,79,38,114,3648,3417,7059,3809,3938,7746,4295,4512,8808
316011415,243,139,384,394,239,631,419,299,719,241,313,553,441,632,1070,537,777,1315,527,100,627,746,153,903,761,150,911,93,269,366,183,541,726,230,649,883,105,471,576,141,662,803,131,663,790,170,326,500,278,451,729,287,464,750,169,13,180,213,17,230,259,21,278,232,111,335,387,170,560,354,207,561,36,21,63,38,34,68,55,42,95,1821,1757,3577,2827,2893,5718,3029,3269,6291
316011416,243,133,366,259,165,420,306,223,537,230,327,557,289,395,689,402,570,971,507,98,600,545,89,634,645,119,760,115,359,478,165,442,606,254,738,993,87,437,526,108,438,553,105,489,592,197,388,581,231,414,645,268,471,735,176,15,193,192,18,214,221,41,265,264,134,399,275,147,420,358,232,588,34,24,59,24,15,44,51,42,93,1847,1912,3759,2091,2126,4216,2603,2931,5537
316021417,245,139,387,236,161,399,277,196,480,272,403,673,282,476,754,359,616,975,683,88,774,716,99,821,702,105,803,119,383,503,151,445,595,166,500,661,111,465,574,107,471,574,88,499,584,180,375,555,180,322,503,171,276,447,222,11,234,225,14,235,223,18,241,283,171,452,322,150,468,309,172,488,29,25,59,36,26,65,26,24,52,2147,2057,4203,2258,2162,4420,2324,2412,4735
316021418,238,150,390,272,137,409,325,159,486,269,277,547,261,325,583,299,442,742,377,58,435,399,61,463,416,49,466,68,174,241,86,226,310,107,308,415,75,328,409,53,322,386,77,345,422,143,210,353,138,204,348,134,194,331,105,5,104,103,8,118,111,16,124,188,68,261,197,72,272,159,95,258,22,14,40,24,15,47,40,17,61,1492,1291,2782,1540,1390,2926,1673,1623,3305
316021419,152,111,264,167,108,274,196,162,370,174,217,393,172,225,393,238,339,574,259,80,336,304,77,378,292,57,350,84,203,286,76,248,325,107,321,423,61,220,281,55,219,273,50,265,322,120,172,298,121,165,286,128,164,290,122,8,132,115,11,129,131,15,142,191,123,312,209,150,359,203,136,334,22,22,42,29,13,40,37,19,52,1181,1156,2337,1244,1210,2460,1371,1484,2857
316021421,339,171,512,375,176,553,454,256,707,303,374,682,332,437,775,407,574,980,508,74,578,560,110,672,584,105,692,116,321,429,131,371,505,178,476,654,108,495,598,108,523,633,118,576,692,191,300,493,210,336,545,228,312,538,178,21,198,211,14,225,242,24,263,227,133,361,280,152,431,273,160,438,36,31,71,50,37,86,59,48,106,2001,1916,3917,2267,2155,4423,2537,2531,5069
316021422,214,128,343,231,150,384,260,186,444,315,374,688,345,444,785,419,556,971,459,102,559,450,80,535,423,86,507,101,304,404,105,332,432,133,372,505,91,359,450,83,330,409,84,337,420,134,229,364,140,205,342,102,190,296,124,12,140,124,19,138,128,22,142,210,118,331,211,102,315,233,117,353,19,8,34,36,28,69,18,28,50,1673,1652,3320,1720,1686,3406,1799,1898,3693
316021423,337,189,529,330,215,546,411,260,671,337,410,751,373,462,831,459,668,1127,540,103,643,575,94,663,547,113,662,130,295,426,129,316,441,155,373,527,109,495,605,94,469,568,124,468,591,208,330,541,180,299,481,170,289,461,177,21,192,157,16,174,169,26,195,286,118,405,286,150,437,283,136,424,44,46,92,29,16,42,43,36,80,2175,2008,4183,2151,2035,4182,2366,2368,4735
316021424,202,97,299,260,164,420,361,231,593,192,251,435,319,379,698,579,858,1434,399,62,460,532,67,603,634,109,744,64,207,269,102,343,450,175,522,694,55,313,366,66,444,514,127,546,672,126,212,341,167,259,432,198,298,491,140,10,146,137,21,158,180,26,210,183,82,260,257,105,362,318,138,458,17,16,31,32,14,48,51,39,89,1371,1241,2614,1871,1806,3681,2623,2765,5387
316021580,169,76,251,240,128,361,483,321,806,142,197,342,186,338,527,538,986,1525,341,44,390,485,83,575,1031,195,1227,76,214,292,110,339,449,293,871,1164,59,305,361,93,364,459,195,846,1043,100,165,272,137,256,396,288,503,789,140,4,149,202,14,217,425,52,476,158,84,242,224,119,339,488,292,783,17,12,27,26,19,50,74,41,115,1207,1114,2328,1701,1665,3367,3822,4113,7933
316021581,261,158,422,322,166,489,388,235,624,225,378,604,324,541,863,424,745,1172,593,85,680,796,123,921,856,179,1036,122,311,434,186,576,760,250,702,951,105,490,600,117,629,747,133,656,788,174,307,486,245,416,661,251,428,680,226,28,255,283,34,313,275,27,301,246,138,385,360,165,527,409,237,646,27,19,50,50,33,81,63,39,108,1978,1931,3908,2683,2678,5363,3044,3256,6308
316031425,407,268,677,452,269,726,616,368,980,515,725,1244,583,926,1511,732,1142,1875,925,170,1092,979,186,1162,1047,203,1252,191,536,730,241,622,859,309,778,1086,128,604,733,137,668,812,153,684,841,228,390,619,252,425,677,273,433,705,246,22,272,267,26,295,249,39,283,404,226,632,387,243,627,432,235,670,49,34,86,62,34,102,73,70,138,3095,2977,6072,3364,3408,6770,3885,3949,7837
316031426,305,244,549,349,217,564,361,274,636,359,490,852,368,533,900,463,613,1074,682,125,808,766,127,887,715,135,851,154,373,534,185,456,639,199,555,752,109,507,617,134,550,681,145,617,760,218,354,565,225,336,564,194,302,499,236,19,258,224,20,243,236,38,282,322,163,482,333,162,497,355,192,548,39,34,69,41,18,62,45,37,81,2428,2304,4731,2620,2428,5043,2723,2765,5488
316031427,466,352,819,566,442,1010,729,597,1325,546,688,1231,629,869,1497,884,1257,2141,1026,170,1198,1123,221,1341,1347,274,1617,228,617,846,315,809,1122,433,1130,1563,198,834,1034,205,879,1084,282,1043,1327,356,630,986,389,650,1037,411,629,1041,359,29,389,369,29,400,449,69,515,575,317,894,604,393,999,646,433,1080,74,46,124,92,54,147,106,86,195,3822,3695,7520,4299,4341,8643,5283,5509,10797
316031428,415,306,722,467,271,741,547,345,892,453,565,1024,535,698,1236,605,854,1460,726,135,863,683,140,830,703,134,831,186,482,670,218,524,742,270,613,885,136,618,751,138,579,718,159,602,759,309,446,755,286,408,691,234,353,577,207,24,234,177,14,194,198,32,232,362,168,534,315,165,479,376,200,576,51,36,88,56,37,93,79,51,125,2841,2791,5635,2873,2842,5717,3160,3177,6337
316051434,169,119,292,194,138,335,267,166,435,174,171,346,214,209,422,249,299,550,201,28,228,182,44,226,197,32,237,72,129,201,105,142,247,82,178,255,41,167,207,46,151,205,49,169,219,92,138,222,88,147,236,98,150,244,40,5,42,45,0,45,48,4,46,75,49,126,83,64,150,100,54,154,25,15,35,28,17,45,29,19,53,888,815,1704,988,912,1902,1116,1071,2184
316051435,326,230,557,342,227,566,392,270,662,254,287,541,270,349,623,333,447,783,391,68,460,415,80,498,401,74,475,101,222,322,125,305,428,153,322,471,62,322,388,63,354,413,67,350,417,169,308,477,184,261,441,183,252,429,116,12,127,106,12,113,105,18,120,182,130,313,198,141,338,202,139,342,24,19,39,35,27,64,46,32,76,1619,1602,3223,1737,1743,3479,1875,1901,3779
316051437,255,205,460,274,203,477,337,224,565,312,357,667,308,408,715,361,499,856,363,46,408,369,69,441,371,78,447,126,286,410,153,279,440,159,294,450,50,280,332,45,285,331,64,244,309,156,269,423,150,243,394,137,195,333,86,5,95,70,5,75,49,10,56,148,82,230,187,95,283,174,103,278,35,28,62,33,14,43,38,31,69,1534,1553,3092,1583,1613,3198,1677,1683,3366
316051438,253,150,401,255,162,412,288,223,511,205,332,531,210,348,561,222,416,641,535,92,633,602,128,727,599,108,710,126,347,473,139,419,559,165,462,626,71,390,465,76,394,469,73,376,447,196,316,512,176,306,487,175,300,474,208,16,226,188,14,205,185,16,197,314,215,529,311,219,532,302,226,528,36,34,66,31,23,55,38,39,71,1949,1890,3835,1981,2017,4001,2047,2162,4213
316051543,137,84,218,152,91,243,211,143,351,211,253,463,213,284,495,267,341,611,213,38,249,216,37,246,217,36,259,67,139,200,65,160,221,67,156,218,35,168,196,31,144,172,27,139,171,82,96,177,93,104,193,79,127,205,42,5,46,35,4,35,36,8,48,96,47,141,88,50,139,91,47,136,20,18,36,15,9,23,22,16,37,889,842,1733,894,880,1776,1017,1015,2033
316051544,164,109,279,240,145,382,401,280,683,172,190,356,287,376,663,473,629,1105,193,34,225,389,59,443,555,128,682,49,104,154,94,247,338,191,488,687,36,176,207,65,318,385,106,479,595,91,101,196,153,215,366,245,309,562,50,0,53,95,6,104,159,22,175,81,29,112,158,90,248,231,142,373,11,10,24,17,8,24,37,37,75,855,753,1609,1493,1460,2956,2413,2517,4933
316061439,243,125,370,249,145,392,265,163,419,137,249,388,181,298,478,243,407,649,443,87,527,502,114,617,641,130,777,64,244,311,78,286,367,110,423,535,71,331,401,67,332,399,76,390,462,99,206,300,116,246,360,103,234,339,250,22,272,269,33,303,293,46,336,285,175,460,321,228,550,326,213,535,31,17,46,32,21,53,43,31,74,1630,1451,3080,1819,1702,3523,2102,2028,4128
316061440,305,220,528,291,221,506,344,243,587,333,411,741,333,439,774,374,485,860,379,95,474,394,98,493,347,111,452,62,224,292,106,265,371,105,287,397,63,302,371,47,268,313,66,266,331,96,188,282,98,170,271,108,164,272,120,17,138,128,18,141,131,19,150,228,152,384,222,141,363,241,153,394,32,29,61,41,18,57,41,29,77,1615,1648,3263,1663,1638,3297,1761,1760,3521
316061441,198,130,330,221,123,343,248,162,409,138,170,303,145,220,361,171,284,457,352,69,423,350,77,426,467,90,557,61,158,221,64,227,290,85,258,344,49,239,294,54,257,309,70,323,388,94,143,234,86,184,271,95,163,257,186,12,200,193,20,210,204,18,222,186,122,309,226,122,354,224,137,361,30,19,47,24,13,42,30,23,55,1299,1058,2362,1364,1237,2600,1589,1461,3053
316061442,280,177,454,290,212,501,527,343,869,253,385,637,267,440,706,575,995,1568,751,119,873,784,126,913,1230,237,1472,109,341,452,119,418,537,239,773,1010,68,495,570,98,500,598,185,834,1018,130,310,439,174,318,486,277,491,770,326,23,351,313,30,342,399,47,451,351,197,548,360,180,538,516,286,803,42,23,67,41,23,69,64,51,121,2307,2076,4383,2452,2241,4690,4023,4061,8082
316061443,232,132,363,219,150,373,274,182,453,207,300,505,206,300,504,224,351,576,326,55,389,344,68,411,365,91,454,63,176,241,65,208,278,88,245,333,69,260,327,54,261,320,78,266,345,77,128,198,77,135,212,73,125,200,137,16,159,128,9,136,144,13,162,202,111,307,171,113,282,184,103,292,20,17,36,30,22,58,50,34,87,1332,1199,2529,1299,1271,2573,1483,1414,2893
316061444,393,237,630,360,248,613,455,334,784,375,503,876,385,566,951,418,688,1115,623,115,739,709,127,832,742,144,881,129,308,435,121,386,507,171,488,658,93,554,647,110,553,665,114,581,699,170,272,446,178,291,471,175,267,448,242,18,261,249,23,269,274,37,309,306,165,475,285,172,460,337,211,548,53,34,84,45,31,78,69,49,111,2388,2203,4584,2445,2396,4836,2756,2803,5557
316071545,200,119,320,230,135,365,328,232,557,196,293,491,243,371,619,322,597,921,482,67,549,605,95,700,718,125,838,84,198,283,103,329,435,145,460,599,63,386,445,105,460,566,113,511,630,115,222,338,133,279,410,175,286,456,180,13,196,204,20,220,254,26,283,243,122,364,260,144,394,321,175,494,27,15,46,32,24,48,68,47,108,1591,1437,3030,1913,1850,3763,2441,2454,4895
316071546,141,89,233,156,91,246,210,120,329,132,154,286,126,179,306,160,266,419,228,26,260,241,36,281,269,37,306,38,112,148,45,115,155,52,141,194,37,179,218,44,181,227,37,217,261,68,104,172,48,95,142,72,89,159,82,3,90,70,12,80,101,13,113,99,57,150,109,53,162,130,62,194,13,10,25,22,9,36,16,9,27,844,738,1588,864,777,1637,1047,951,1997
316071547,332,213,542,384,263,644,520,327,851,306,444,754,354,535,895,460,718,1175,610,123,733,701,125,818,835,173,1008,120,331,453,123,367,486,165,553,717,93,479,571,97,448,543,121,539,662,148,218,375,155,255,410,189,308,501,283,32,313,271,33,303,299,43,347,315,152,470,358,185,541,416,241,656,62,37,98,54,43,102,50,26,82,2273,2028,4298,2496,2264,4752,3062,2929,5995
316071548,429,284,709,418,309,718,553,399,947,492,762,1254,523,855,1378,615,1105,1719,1054,165,1222,1167,220,1384,1451,259,1708,235,725,964,277,835,1112,361,1176,1534,220,861,1076,206,814,1019,261,930,1195,293,473,769,313,531,841,357,602,957,466,38,505,475,48,532,582,100,682,650,400,1048,746,438,1186,857,527,1391,55,66,123,70,49,125,119,74,198,3890,3770,7666,4199,4100,8297,5155,5165,10325
316081549,677,388,1068,692,445,1136,900,585,1482,666,892,1563,679,1039,1718,780,1234,2011,1169,228,1399,1262,273,1533,1444,322,1769,252,698,944,282,796,1077,341,1014,1357,181,957,1141,192,900,1095,209,958,1167,304,566,861,344,589,934,370,554,923,471,40,509,492,41,537,473,55,525,629,356,981,706,406,1116,712,428,1134,81,57,140,74,58,136,152,86,237,4434,4176,8609,4716,4557,9277,5380,5235,10614
317011445,271,125,391,288,153,441,349,202,550,207,304,515,236,408,638,264,481,748,441,57,500,512,66,578,595,93,690,63,189,252,84,251,334,113,361,473,68,373,443,74,380,452,85,472,558,81,197,276,115,214,322,122,219,347,218,10,228,198,22,214,251,27,281,175,109,277,193,131,321,246,163,406,28,24,43,26,22,45,46,28,69,1549,1386,2928,1724,1636,3354,2076,2048,4122
317011446,276,163,440,239,182,422,301,180,474,470,606,1076,497,674,1168,542,832,1375,630,123,753,653,110,759,666,163,825,175,491,671,244,527,770,363,861,1229,176,622,796,173,547,719,174,574,749,233,354,578,248,336,581,239,368,605,305,12,318,284,22,308,366,28,394,435,234,673,513,242,756,573,337,901,55,27,86,46,12,59,66,41,104,2753,2636,5389,2898,2645,5544,3277,3375,6658
317011447,198,122,321,196,125,318,184,148,339,253,361,614,248,381,626,260,439,699,596,79,674,553,85,638,613,112,730,121,355,475,134,415,551,202,541,745,122,425,540,118,427,543,115,430,552,191,263,460,147,278,422,167,242,414,282,16,298,271,12,290,285,26,309,392,208,602,397,222,617,399,239,639,39,36,69,34,25,59,50,31,82,2179,1869,4048,2094,1970,4065,2279,2222,4495
317011448,224,129,356,246,141,381,244,158,400,123,151,271,117,161,275,126,195,321,273,76,352,255,71,330,263,75,337,60,176,241,61,204,271,76,245,317,49,277,326,45,237,284,55,231,286,123,201,320,98,149,246,99,180,275,232,12,243,224,19,248,249,16,265,482,392,880,452,429,884,633,606,1238,39,21,69,18,23,36,61,34,89,1617,1436,3054,1521,1428,2947,1806,1734,3539
317011449,159,79,235,192,115,307,211,132,345,117,195,317,134,247,381,190,366,550,466,64,529,549,76,618,612,96,707,55,204,256,73,265,336,88,328,418,90,307,400,85,390,475,89,427,522,82,174,258,84,166,247,115,198,310,272,20,287,296,15,314,270,25,300,236,148,382,205,140,347,238,135,372,25,27,52,24,14,37,30,20,43,1494,1221,2716,1643,1422,3065,1842,1719,3569
317011450,494,224,719,587,281,874,651,327,976,551,691,1240,587,859,1441,666,1050,1708,712,121,835,818,135,951,926,132,1057,203,368,567,247,460,712,333,599,934,173,708,878,160,768,931,199,831,1033,190,280,469,224,320,545,234,360,596,290,16,305,311,17,324,306,15,322,232,137,364,282,120,400,309,146,454,56,39,97,34,20,56,56,48,99,2896,2584,5473,3255,2982,6238,3681,3505,7184
317011451,497,225,724,511,242,760,565,281,849,242,370,612,249,499,752,270,588,854,655,136,789,683,147,828,752,141,896,110,287,401,128,369,500,137,441,576,104,518,617,113,561,668,127,569,695,142,269,414,162,260,425,168,284,444,412,38,459,426,36,459,458,42,506,413,303,718,473,310,780,456,377,835,38,30,69,41,22,61,68,46,110,2621,2181,4798,2790,2442,5235,2997,2769,5764
317011452,360,123,483,326,154,477,323,167,488,415,432,856,477,506,988,534,626,1156,313,68,383,295,56,355,324,57,382,83,176,258,103,180,288,139,256,393,113,422,541,103,384,491,104,365,470,130,161,282,137,162,298,138,166,306,77,4,83,87,9,96,86,5,94,113,57,173,133,51,185,155,75,231,27,23,54,22,13,36,38,13,50,1629,1461,3098,1681,1532,3211,1841,1737,3578
317011453,175,125,300,183,127,313,189,164,358,240,365,605,245,414,658,266,494,763,636,108,742,561,113,680,558,120,673,121,390,512,123,423,547,195,515,707,118,462,582,114,423,543,126,392,514,155,289,444,146,287,430,138,269,405,309,23,332,308,29,339,283,19,305,453,288,738,358,234,597,389,269,663,32,26,57,38,15,50,55,30,87,2254,2080,4327,2075,2074,4150,2199,2270,4473
317011454,107,84,191,121,99,217,141,100,239,192,259,449,186,265,449,208,359,569,358,65,423,315,56,372,341,69,409,84,213,294,100,233,336,134,277,409,83,243,325,68,228,297,72,247,314,94,159,253,120,159,278,102,144,250,164,13,178,151,15,167,154,18,167,232,147,378,211,126,341,181,117,300,19,19,33,22,15,36,33,22,58,1337,1199,2536,1296,1204,2502,1365,1350,2715
317011455,301,150,451,288,160,444,315,207,519,488,581,1067,465,631,1096,526,733,1261,386,72,455,377,77,455,376,78,454,117,217,334,110,274,380,146,357,503,121,496,615,124,420,543,120,389,508,168,220,389,160,209,366,149,202,350,130,6,138,123,6,133,139,4,144,211,96,304,206,83,289,166,93,263,43,27,64,29,12,45,38,28,65,1965,1859,3819,1883,1869,3750,1966,2094,4063
317011456,333,189,520,322,204,526,348,239,588,511,742,1248,515,803,1313,606,1008,1613,798,127,927,740,160,897,733,165,903,198,508,709,201,531,732,320,636,952,224,674,895,194,642,841,205,637,845,231,367,603,230,325,558,221,324,545,325,25,343,267,23,292,286,43,326,478,306,786,418,246,664,446,270,711,58,39,102,36,25,69,53,43,90,3151,2984,6145,2930,2959,5885,3212,3365,6578
317011457,388,221,601,398,241,634,394,290,689,701,821,1523,725,890,1613,786,980,1759,441,102,536,408,84,498,443,92,537,131,325,458,170,312,479,200,357,557,97,450,555,127,493,621,123,472,596,169,233,401,161,194,355,186,195,383,122,8,131,135,8,145,135,8,145,234,120,356,212,98,311,231,117,348,37,38,74,27,20,52,32,29,63,2326,2311,4635,2358,2350,4710,2527,2543,5073
317011458,492,210,699,487,243,730,527,344,869,308,518,824,342,647,986,459,886,1344,920,123,1048,985,151,1138,1105,187,1297,132,371,502,161,538,695,286,811,1101,141,843,987,186,865,1049,226,924,1154,218,377,598,239,408,649,290,517,815,439,24,465,489,21,513,545,50,594,384,245,628,458,241,695,583,338,926,44,34,80,53,29,81,69,58,127,3096,2738,5830,3396,3138,6534,4100,4119,8220
317011459,217,151,364,188,157,342,203,201,404,225,371,597,226,382,607,246,413,655,824,140,960,763,140,900,701,142,845,127,442,565,161,511,669,217,659,877,155,566,724,143,545,683,148,527,676,191,396,593,195,367,567,189,359,549,508,32,538,442,35,480,445,33,483,547,359,905,527,322,849,502,316,816,56,21,77,47,31,77,61,39,95,2845,2477,5323,2695,2489,5183,2716,2687,5397
318011460,329,168,494,315,159,473,320,168,487,162,308,465,162,321,489,161,322,485,653,93,747,568,96,660,546,99,646,84,314,392,86,326,415,71,367,445,74,409,478,49,407,461,44,420,467,110,257,363,109,251,363,100,244,343,413,23,436,392,39,430,358,48,410,428,262,686,418,243,662,475,281,755,34,24,63,37,30,67,53,23,78,2289,1853,4139,2141,1874,4011,2130,1983,4113
318011461,650,220,870,617,217,838,544,199,742,108,222,329,105,259,358,77,250,329,435,84,524,419,82,497,451,83,534,32,228,262,46,261,309,41,272,314,48,376,433,37,366,401,32,325,354,68,180,239,46,195,243,76,192,267,476,50,527,435,41,475,405,52,455,385,206,584,409,229,639,346,192,535,41,24,65,31,17,52,35,33,68,2242,1599,3844,2133,1672,3799,2010,1595,3600
318011462,171,111,284,163,136,294,150,114,264,156,337,497,161,346,507,186,362,547,455,87,546,351,84,428,365,73,436,73,271,342,94,274,367,103,311,416,45,283,331,43,245,283,33,241,270,80,228,312,96,188,287,85,205,293,459,36,494,298,21,322,316,40,353,224,202,427,211,186,400,202,189,390,35,30,61,28,16,46,43,30,73,1703,1585,3288,1442,1491,2936,1482,1566,3048
318011463,282,183,463,246,165,407,256,186,438,36,86,129,39,95,132,33,104,131,233,57,290,178,44,223,189,50,243,18,86,100,23,117,137,23,101,125,16,133,155,15,138,153,16,151,165,21,69,90,20,77,93,20,57,83,236,20,256,163,24,182,176,20,199,195,128,320,181,111,289,162,116,277,29,18,53,15,13,26,32,22,52,1068,779,1848,876,776,1651,904,808,1707
318011464,132,73,201,113,58,175,97,61,161,97,120,219,88,132,215,81,137,216,306,58,365,259,40,290,233,46,285,35,164,195,50,169,215,52,179,231,33,178,214,26,178,205,19,159,176,60,149,208,53,111,165,45,128,172,248,11,257,200,8,205,198,9,211,189,89,276,150,78,225,164,91,250,29,18,41,19,6,25,24,19,48,1118,859,1981,945,776,1717,913,837,1756
318011465,448,183,633,384,150,533,385,158,545,164,231,399,112,226,339,110,234,346,441,66,506,365,82,443,390,84,472,55,214,269,42,231,276,54,250,305,24,300,320,29,264,294,27,276,304,59,178,237,52,153,209,52,137,186,381,13,399,324,24,349,302,31,339,285,147,431,241,119,361,225,132,354,19,16,40,23,11,35,43,28,72,1879,1356,3237,1577,1264,2842,1589,1332,2918
318011466,9,19,30,23,8,32,7,10,15,21,64,89,21,62,82,22,40,61,38,7,46,40,10,46,24,3,25,57,75,129,56,96,153,44,89,130,8,54,64,15,40,55,8,23,37,9,17,24,5,9,14,4,7,13,27,0,22,18,0,18,9,5,14,136,41,185,47,24,72,17,5,30,17,12,30,12,3,13,5,13,18,322,285,615,235,252,485,141,200,339
318021467,119,81,199,104,79,181,117,80,202,178,267,443,156,259,417,133,270,407,338,57,389,273,40,320,261,36,299,114,175,287,99,167,263,126,231,357,66,254,322,53,184,236,50,202,257,71,151,224,76,114,193,69,121,191,164,12,168,142,5,151,156,5,160,189,90,279,126,74,205,148,77,231,22,20,45,18,17,33,18,14,33,1262,1096,2362,1061,946,2004,1088,1047,2138
318021468,458,178,631,395,183,575,349,177,526,542,664,1202,507,667,1169,528,702,1231,553,89,643,511,78,592,462,98,557,523,318,841,709,328,1035,624,385,997,157,590,741,149,520,670,136,458,591,197,304,498,189,257,447,135,226,362,215,29,248,270,49,324,272,56,323,217,123,335,187,105,294,218,97,318,51,43,95,45,22,67,49,24,77,2912,2324,5237,2953,2213,5167,2772,2217,4984
318021469,130,86,214,124,72,198,116,84,196,196,245,445,182,250,424,199,289,490,213,27,244,157,12,168,143,20,161,72,102,170,60,110,168,58,139,195,42,163,197,39,134,174,32,139,173,49,75,122,41,59,97,26,68,97,75,6,84,66,5,73,57,6,70,74,39,107,55,32,90,59,28,85,23,12,34,6,7,11,14,7,15,862,745,1608,715,696,1410,705,783,1483
318021470,217,86,304,246,131,373,299,185,484,137,296,439,203,435,640,251,675,930,467,73,541,578,104,685,718,93,809,168,189,355,281,323,602,328,452,784,78,384,468,82,460,542,95,543,636,70,208,275,102,266,362,132,292,425,230,20,253,240,18,258,316,48,361,105,70,178,165,82,248,217,93,311,40,23,69,23,16,43,43,30,69,1516,1360,2875,1917,1830,3748,2402,2413,4814
318021471,214,143,357,218,152,365,209,156,369,206,351,557,158,365,527,164,360,524,698,114,813,571,89,662,589,99,686,199,385,581,248,418,669,283,550,836,122,517,635,108,444,553,111,426,536,155,365,521,137,303,436,135,299,441,415,45,458,330,23,355,368,41,413,342,224,569,284,213,500,339,235,574,42,37,82,33,23,53,42,37,79,2396,2173,4571,2090,2030,4121,2238,2207,4451
318021472,147,95,250,102,80,182,112,100,212,197,322,522,196,258,453,192,304,495,419,56,479,360,70,427,354,47,401,94,223,320,96,253,353,139,288,422,83,274,355,66,253,323,63,243,303,99,194,297,107,153,255,98,149,244,179,21,198,148,11,158,153,17,178,193,112,311,188,103,290,202,139,350,22,16,42,17,16,34,26,22,47,1442,1321,2759,1280,1202,2480,1339,1310,2649
318021474,222,106,330,196,99,299,180,126,308,394,615,1014,469,706,1181,546,805,1346,376,59,436,301,54,357,303,63,370,284,321,603,418,364,780,355,466,820,86,370,453,104,318,428,115,326,441,148,290,440,132,272,403,128,299,429,150,19,171,160,15,174,196,36,229,159,88,248,135,80,218,156,96,256,36,11,51,37,19,55,29,20,48,1853,1887,3743,1952,1928,3881,2019,2235,4252
318021475,166,115,281,141,110,251,177,146,320,240,360,602,224,357,579,243,433,669,432,69,499,376,73,446,358,81,437,141,249,396,130,257,381,163,312,479,92,329,421,76,302,379,72,239,310,98,156,259,99,166,269,91,133,218,238,33,276,174,25,195,180,32,207,254,146,402,177,126,300,177,123,300,28,25,53,29,13,40,32,27,64,1691,1492,3186,1425,1421,2853,1486,1512,2995
318021476,147,118,263,129,113,240,146,145,286,179,331,512,201,336,535,184,353,543,614,85,704,498,68,570,478,82,560,138,310,443,120,330,448,154,368,520,109,420,531,84,333,419,72,333,405,126,246,372,104,207,312,99,185,279,309,32,340,254,22,279,248,32,284,268,207,481,257,180,436,268,159,421,44,29,70,26,16,42,58,31,81,1929,1783,3713,1665,1603,3269,1694,1682,3379
318021477,72,56,124,44,43,85,60,44,107,72,131,206,67,135,207,59,134,194,304,50,350,207,36,246,218,50,262,60,144,201,54,156,212,79,173,258,70,196,265,52,162,215,53,158,211,56,139,196,52,120,171,55,120,174,193,18,211,87,20,107,120,13,135,134,107,243,134,93,226,137,107,242,15,22,36,18,9,32,15,13,35,976,863,1842,722,771,1495,801,816,1616
318021478,132,129,257,134,92,227,167,122,287,242,364,611,211,376,585,226,452,671,356,60,418,267,55,322,301,77,375,137,193,332,136,222,355,129,308,437,72,279,349,74,256,328,71,266,338,94,173,263,74,145,218,81,136,211,172,20,186,142,13,155,153,19,170,195,100,301,155,129,284,162,108,280,23,17,42,18,10,25,19,19,41,1428,1330,2758,1205,1300,2500,1307,1512,2816
318021479,143,99,239,113,84,198,123,96,226,218,319,534,218,291,507,204,334,541,332,49,382,252,50,304,269,54,326,93,166,256,83,183,270,119,227,344,70,286,357,62,214,281,49,224,272,82,170,258,102,111,217,93,130,221,153,9,162,113,15,132,117,10,129,177,102,280,126,102,233,139,98,235,19,20,36,17,11,31,21,15,34,1279,1222,2500,1097,1064,2165,1131,1195,2324
318021480,214,176,387,175,155,327,210,196,404,167,352,513,138,344,479,148,385,531,751,115,861,641,98,736,642,108,750,188,440,627,208,471,678,226,532,758,114,567,680,112,499,607,95,488,586,139,355,498,132,326,462,148,347,497,477,45,516,423,47,473,418,54,468,372,229,604,319,216,531,365,236,603,56,54,106,41,29,71,64,38,103,2473,2322,4796,2192,2186,4378,2321,2374,4693
318021481,157,105,261,118,98,217,129,90,214,169,294,470,147,285,435,154,292,445,606,90,696,410,60,471,421,72,495,136,315,453,133,337,470,158,402,565,124,431,555,94,336,433,77,315,392,127,272,397,112,245,359,99,199,302,361,34,394,262,41,301,260,26,282,293,188,487,275,156,430,239,178,411,42,30,70,37,21,61,33,24,60,2025,1761,3791,1588,1587,3178,1566,1601,3165
318021482,581,311,894,473,254,727,443,308,745,486,807,1290,467,843,1307,448,898,1349,1216,186,1400,998,165,1167,948,153,1098,479,670,1148,411,714,1132,459,880,1337,258,1165,1418,216,999,1213,214,935,1150,302,705,1008,312,583,894,275,509,790,573,52,626,496,52,544,446,51,496,415,276,694,423,251,675,423,270,695,92,61,155,64,28,93,67,64,129,4396,4243,8639,3853,3894,7749,3728,4062,7793
318021483,72,71,142,71,56,124,105,66,173,73,98,174,68,101,176,77,122,199,141,24,168,120,28,148,103,28,132,41,92,134,62,84,145,42,90,137,19,93,109,15,74,88,24,59,82,27,80,105,26,75,95,41,63,113,60,0,61,42,9,53,34,5,37,60,53,116,57,59,116,56,48,110,12,0,12,11,4,18,12,7,19,508,509,1018,473,481,955,494,504,996
318021484,270,159,427,276,167,445,338,250,591,243,432,673,281,548,823,346,662,1007,724,107,825,730,106,836,700,101,802,192,308,499,263,409,671,288,562,841,112,604,721,127,578,703,149,601,749,157,277,430,184,298,480,198,299,496,323,33,359,325,32,361,376,37,410,229,127,354,246,140,380,254,165,420,35,38,65,43,24,70,55,42,93,2281,2080,4366,2471,2284,4765,2699,2708,5410
318021485,94,65,162,77,60,134,71,81,148,168,238,402,145,234,386,160,239,403,220,42,258,159,28,186,156,25,178,56,117,179,60,119,178,77,134,215,50,186,240,56,178,229,30,164,201,66,97,163,63,106,166,57,86,145,74,7,84,73,10,84,75,5,85,120,64,179,79,62,142,92,49,147,22,21,46,21,9,26,17,15,30,875,844,1713,735,803,1535,741,798,1542
318021486,167,124,290,185,117,295,199,126,326,98,191,288,104,213,318,110,256,363,510,73,584,445,71,523,441,67,511,59,159,215,67,171,238,78,245,319,42,350,388,47,330,380,49,340,389,68,178,249,64,156,218,48,145,188,364,43,401,297,24,322,306,38,340,213,138,354,193,133,328,213,133,343,39,27,64,25,16,36,55,30,81,1565,1276,2842,1415,1241,2658,1492,1374,2869
318021487,222,126,349,282,159,439,317,209,534,240,301,535,321,501,820,403,621,1025,324,56,379,356,80,440,424,95,519,172,207,379,332,288,614,357,394,749,85,332,420,95,386,475,89,349,439,76,145,224,124,194,318,114,188,301,157,17,169,166,26,183,205,33,241,138,107,244,145,108,248,173,103,270,37,24,61,28,16,43,26,18,42,1455,1310,2760,1838,1745,3583,2109,2014,4117
318021488,152,117,273,158,124,279,191,135,326,242,354,594,222,364,589,224,368,597,442,63,508,295,53,343,353,97,449,117,181,300,130,199,324,125,262,390,89,296,385,72,257,328,84,248,331,91,134,225,90,113,199,80,141,216,167,18,189,154,16,168,143,14,160,202,93,299,157,91,249,165,87,245,38,19,56,32,12,44,23,15,36,1547,1277,2827,1303,1224,2527,1391,1357,2749
318021489,161,96,264,154,108,264,185,117,299,111,197,316,111,215,323,113,281,394,319,60,381,315,47,365,350,61,416,41,119,160,59,153,219,89,165,255,35,242,271,34,227,266,37,280,310,49,97,148,49,111,156,44,92,136,228,24,248,211,25,229,208,31,239,154,105,258,137,85,219,130,70,203,25,19,49,20,10,32,34,21,55,1122,967,2087,1085,994,2075,1188,1118,2305
318021490,435,240,673,439,241,680,463,293,751,709,727,1439,705,882,1586,820,970,1786,490,83,570,389,84,471,402,94,501,288,324,615,305,341,649,298,410,710,148,461,607,140,402,538,104,380,479,120,198,323,148,191,333,94,169,264,203,34,233,164,21,184,161,25,187,195,91,292,192,101,289,203,119,326,34,25,65,42,30,68,34,31,66,2618,2191,4813,2516,2289,4805,2589,2481,5068
318021491,104,75,177,106,77,185,92,89,182,119,223,341,96,193,286,116,220,336,406,64,474,299,47,349,305,62,364,93,203,294,113,198,312,94,223,321,75,295,371,53,280,334,47,237,282,70,193,261,66,137,206,80,139,223,247,22,266,211,24,227,201,28,228,178,120,302,190,130,323,162,118,278,25,20,48,19,11,36,21,11,40,1321,1220,2541,1164,1093,2255,1122,1124,2244
318021582,371,222,588,536,340,873,602,461,1065,267,470,736,392,889,1276,532,1238,1770,937,133,1072,1292,198,1498,1445,254,1696,213,361,573,478,766,1242,644,1064,1708,127,724,849,205,986,1191,253,1103,1354,143,329,469,251,582,831,270,572,842,464,59,516,681,68,752,759,86,847,265,157,421,465,220,677,506,276,787,55,29,90,87,49,135,114,70,181,2833,2483,5319,4381,4101,8486,5126,5129,10255
318021583,92,78,170,101,88,188,144,115,260,74,134,208,73,168,239,95,225,317,457,54,516,409,70,473,459,74,535,63,175,238,81,232,314,96,311,405,65,289,352,49,295,339,63,331,392,77,169,243,73,166,236,79,181,265,272,37,309,258,24,275,290,36,327,191,136,325,190,133,321,203,138,346,27,13,38,29,17,43,39,23,59,1310,1088,2399,1258,1189,2448,1461,1429,2897
319011492,111,65,172,111,73,184,121,74,197,99,149,245,112,165,284,139,215,356,263,46,305,261,37,301,265,47,310,52,159,209,84,197,275,93,256,339,44,198,243,44,229,270,53,225,271,87,148,235,92,160,255,90,163,251,124,8,129,135,7,138,147,9,157,167,102,264,191,94,281,225,147,376,28,10,41,13,10,24,24,17,41,970,879,1855,1037,974,2012,1158,1148,2303
319011493,504,280,780,520,314,838,643,387,1030,472,733,1202,532,856,1380,628,1075,1700,708,124,837,747,138,884,825,151,973,171,426,594,225,552,780,296,762,1061,134,626,762,117,608,725,155,749,901,229,360,594,223,402,623,232,380,610,361,16,375,375,24,394,432,31,464,412,252,663,448,265,715,514,309,825,51,39,87,47,33,78,66,37,104,3047,2858,5901,3235,3197,6430,3794,3883,7683
319011494,106,68,174,126,72,193,144,94,237,102,155,254,111,181,295,136,264,398,265,37,298,280,47,323,350,58,404,40,124,167,46,160,208,67,272,337,38,206,245,42,246,278,44,289,334,63,128,191,73,139,210,92,161,255,153,7,155,174,14,188,201,15,217,121,80,202,154,83,235,172,102,279,8,6,18,25,13,41,31,7,45,893,811,1705,1040,942,1981,1238,1263,2496
319011495,121,79,203,114,88,203,123,92,214,147,212,355,158,197,360,147,235,383,242,51,286,219,41,258,220,44,265,68,183,250,71,199,269,78,268,345,42,200,247,26,141,171,32,146,184,79,138,217,81,132,213,87,114,199,147,4,152,120,3,122,141,21,166,295,187,481,309,211,520,362,276,634,23,23,48,17,11,30,30,20,49,1162,1075,2239,1114,1032,2147,1229,1211,2439
319011496,126,84,214,132,79,213,148,100,248,138,180,318,145,228,372,156,253,413,295,42,335,268,47,313,293,56,351,50,160,204,51,221,271,89,287,377,70,240,305,48,239,287,60,256,315,82,148,228,87,172,259,100,167,263,177,6,182,159,7,162,151,7,162,192,100,298,185,103,285,196,132,334,13,11,25,22,17,33,35,21,60,1141,969,2116,1096,1102,2204,1234,1278,2516
319011497,191,104,292,175,108,285,170,103,275,122,198,314,123,216,341,107,262,368,367,44,415,302,36,336,346,56,403,64,225,283,62,236,294,74,305,383,51,276,326,47,266,312,51,246,294,116,179,296,114,156,274,107,172,283,205,10,216,187,14,198,197,11,210,250,147,400,247,166,407,280,199,478,26,36,56,21,15,37,31,21,55,1380,1217,2600,1272,1211,2477,1362,1382,2749
319011498,370,189,557,340,187,524,325,168,492,131,264,400,123,256,383,135,323,459,393,83,474,389,72,463,403,96,496,66,241,299,70,277,351,97,359,461,35,293,330,48,304,351,64,334,391,79,196,274,88,190,277,96,191,291,321,30,349,339,26,372,369,28,398,322,202,522,299,216,512,387,226,612,32,22,58,26,22,45,55,36,86,1751,1514,3267,1722,1558,3281,1934,1758,3691
319011499,454,239,689,379,217,598,368,227,598,126,232,356,125,242,370,141,260,403,381,87,468,389,101,491,460,102,563,48,215,266,55,243,297,72,377,444,53,296,349,52,308,358,52,339,393,97,214,316,92,201,301,83,227,309,371,22,399,347,27,377,363,42,405,427,294,718,352,234,585,469,279,746,49,14,68,43,20,57,54,37,94,2002,1625,3619,1838,1596,3433,2063,1892,3952
319011500,171,101,269,149,89,239,148,100,253,171,279,451,142,260,398,144,279,422,357,56,415,309,67,373,304,63,363,64,237,307,74,242,315,98,307,405,74,335,408,64,293,357,72,313,393,125,210,334,117,197,314,111,206,319,199,7,211,189,6,197,210,15,221,240,157,400,217,144,363,231,136,368,16,18,30,26,11,44,27,18,39,1421,1400,2823,1292,1304,2595,1337,1434,2776
319011501,100,57,156,85,61,151,109,61,166,90,183,270,101,196,297,121,225,346,277,40,318,257,49,304,231,56,291,66,206,274,64,205,267,89,313,405,40,223,262,47,198,249,63,179,240,92,182,272,83,157,236,105,144,246,177,3,182,171,6,186,168,13,177,219,144,359,191,129,321,220,133,355,21,9,33,17,10,25,17,14,32,1093,1047,2137,1016,1014,2033,1116,1141,2260
319011502,230,117,348,181,123,305,188,164,348,206,357,560,179,319,496,198,347,546,538,103,641,476,90,562,548,103,649,105,332,433,120,362,486,156,514,673,100,464,559,98,390,488,83,395,474,183,329,511,165,300,467,157,267,422,320,10,335,307,17,326,300,20,318,367,244,610,366,256,622,396,293,691,41,34,71,47,28,70,35,30,62,2082,1987,4070,1939,1881,3817,2063,2133,4187
319021503,413,215,629,417,203,620,345,213,554,73,179,253,69,177,245,65,168,233,222,46,270,200,59,255,213,46,256,31,180,214,37,217,249,37,218,251,41,249,293,41,222,263,30,205,231,46,125,172,50,139,185,42,118,162,223,10,233,204,15,220,201,25,221,458,258,720,460,280,738,453,286,743,42,22,63,42,12,61,43,26,72,1546,1296,2842,1512,1328,2839,1427,1299,2731
319021504,197,94,284,168,98,271,194,113,311,42,93,134,30,89,122,49,117,168,175,34,214,138,37,178,163,36,195,29,121,149,30,120,151,46,165,207,21,130,150,18,133,153,24,135,154,37,95,131,39,96,132,34,81,114,240,18,261,205,19,227,235,11,247,187,117,304,172,114,287,187,142,328,22,14,37,22,12,32,32,16,46,952,716,1670,829,720,1548,960,806,1764
319021505,287,175,464,298,176,472,268,179,447,228,387,611,232,452,681,224,445,663,552,87,636,508,99,608,532,111,646,92,349,444,129,382,516,142,472,617,100,433,531,79,381,458,86,365,449,174,283,454,149,280,427,158,277,435,278,28,304,298,17,320,264,28,292,472,222,696,467,230,696,552,275,818,36,19,55,38,20,57,49,30,84,2217,1983,4200,2190,2044,4230,2271,2176,4444
319021506,414,240,651,383,212,593,365,239,602,112,262,374,99,250,353,127,276,404,298,62,362,276,65,337,272,71,347,108,340,451,105,337,441,106,358,467,56,256,315,48,234,284,41,212,248,84,151,231,89,132,219,74,145,221,270,18,283,260,13,272,239,23,258,376,164,548,317,159,482,345,195,536,36,26,61,38,26,68,32,28,60,1762,1520,3274,1613,1433,3049,1596,1553,3147
319021507,305,147,447,271,156,421,286,160,444,53,135,191,48,145,197,60,132,191,212,37,252,209,46,252,209,59,265,26,96,115,26,129,154,36,143,181,28,143,169,24,155,177,20,179,203,51,104,155,44,99,145,50,108,155,153,17,169,159,14,174,156,11,168,129,88,214,179,80,260,177,97,270,15,10,25,17,20,36,26,18,44,967,775,1747,966,845,1814,1009,911,1919
319021508,331,198,529,292,170,461,285,184,469,47,105,147,34,89,125,32,90,124,136,23,163,116,31,146,115,35,143,17,86,105,27,103,133,25,115,139,15,114,126,20,104,124,12,117,122,19,65,86,27,58,88,26,63,86,187,19,205,149,17,165,131,13,148,136,79,210,136,88,222,141,104,246,19,11,29,20,11,34,24,25,44,903,705,1605,823,677,1497,783,736,1523
319021509,216,140,356,188,138,319,211,160,375,104,215,318,98,203,301,101,234,339,383,74,460,341,81,422,309,81,389,45,268,313,56,252,308,72,299,369,56,219,269,41,218,254,36,235,274,75,201,279,80,158,238,95,171,262,311,21,335,278,15,294,251,25,274,325,197,525,309,195,502,326,166,496,32,21,49,34,17,52,42,36,76,1554,1347,2897,1415,1283,2699,1456,1404,2855
319021510,5,0,0,3,5,6,0,0,4,0,0,0,0,0,0,0,0,0,0,0,0,0,0,0,0,0,0,0,0,0,0,0,0,0,0,0,0,0,0,0,0,0,0,0,0,0,0,0,0,0,0,0,0,0,0,0,0,0,0,0,0,0,0,0,0,0,0,0,0,0,0,0,0,0,0,0,0,0,0,0,0,5,0,4,5,5,4,5,0,3
319031511,110,86,193,101,69,173,122,91,209,88,83,165,72,86,163,79,126,204,217,53,264,197,39,237,213,39,250,64,119,185,55,145,199,55,166,220,16,130,149,27,120,148,35,130,172,63,136,197,64,129,191,74,129,209,117,19,131,99,10,109,118,13,130,152,118,271,133,109,239,164,133,294,16,9,27,21,16,35,28,26,58,852,746,1590,759,730,1497,895,847,1747
319031512,264,165,429,213,157,371,271,184,455,244,396,638,225,412,636,246,468,716,639,118,764,657,139,801,695,178,872,121,448,566,152,496,647,174,661,833,93,471,566,88,461,547,106,504,611,163,376,543,190,397,589,211,432,648,425,43,467,391,40,432,441,49,498,534,270,799,528,267,795,572,297,873,67,30,95,51,40,86,66,49,110,2549,2308,4864,2489,2422,4910,2789,2828,5612
319031513,198,105,304,169,83,251,164,87,259,146,213,366,138,213,351,162,269,431,339,45,384,316,62,385,396,70,463,67,182,243,73,249,319,91,321,411,70,310,382,64,290,349,57,331,388,119,180,305,111,206,314,116,214,327,187,15,200,203,13,217,231,35,269,270,116,381,220,103,324,292,136,426,19,17,36,28,16,43,32,23,54,1407,1195,2604,1321,1242,2557,1552,1477,3023
319031514,679,420,1098,659,430,1087,740,489,1231,294,560,856,310,600,916,327,706,1027,907,177,1084,971,185,1160,1118,211,1329,143,517,663,159,562,722,217,798,1020,115,675,787,114,679,790,136,850,990,147,422,573,193,412,598,241,470,714,639,57,693,636,59,696,742,77,816,670,352,1022,703,383,1088,751,450,1208,88,48,137,63,51,111,113,67,180,3678,3230,6907,3800,3358,7160,4385,4122,8506
319031515,227,143,367,206,139,351,199,147,343,30,73,109,34,89,128,38,104,142,155,22,187,153,25,176,169,30,198,29,79,106,25,90,120,29,114,148,14,122,139,9,111,125,11,116,129,28,60,87,31,53,82,32,74,103,110,6,119,114,11,127,112,13,122,143,88,228,132,88,222,128,75,204,16,10,25,19,12,24,20,9,34,752,610,1363,725,627,1354,739,690,1430
319041516,92,56,150,106,63,174,135,102,236,72,137,208,72,161,231,110,240,351,233,43,274,246,43,294,327,60,385,45,149,195,67,174,238,104,270,373,27,183,207,27,203,234,33,247,277,52,110,159,49,131,176,84,153,236,145,8,156,151,12,165,188,12,205,119,83,204,134,93,224,182,107,290,26,14,41,4,9,13,27,17,48,805,795,1597,855,891,1740,1197,1204,2402
319041517,135,74,208,129,85,216,169,101,271,137,200,338,138,219,354,162,298,459,243,42,283,269,53,320,298,38,336,65,147,210,85,167,251,113,262,373,29,208,235,34,216,253,38,245,282,79,132,213,72,141,218,87,120,206,95,6,109,111,7,124,131,5,134,105,63,169,116,55,172,110,65,179,18,14,36,22,17,32,30,16,46,909,882,1790,978,957,1940,1139,1151,2291
319041518,213,134,345,212,152,366,245,183,423,303,422,728,302,491,789,383,634,1020,442,90,532,430,80,514,502,117,616,150,372,521,186,441,624,273,633,902,99,369,470,87,365,448,83,415,495,173,267,438,188,294,478,199,336,536,192,10,199,203,15,215,242,25,267,269,136,408,289,172,467,347,232,575,30,29,59,33,29,63,43,50,92,1867,1824,3698,1928,2038,3971,2321,2606,4931
319041519,104,51,161,95,50,143,91,65,157,121,191,313,124,207,328,116,250,361,202,37,237,197,31,230,193,28,224,77,198,270,84,219,300,117,236,353,34,196,227,31,138,164,33,160,194,67,133,199,77,114,191,80,130,216,92,4,101,98,7,104,77,10,82,121,74,197,136,81,218,130,76,208,9,6,17,10,7,13,20,19,37,831,893,1724,857,844,1702,857,974,1835
319041520,255,187,442,244,158,402,239,193,429,281,469,750,298,548,846,325,609,938,625,108,730,575,109,685,633,132,771,193,489,686,219,550,778,256,755,1010,92,511,608,79,431,512,94,456,554,223,391,611,209,402,607,217,390,602,261,23,277,231,16,241,269,24,293,343,224,570,339,205,541,367,211,579,36,41,69,36,35,75,37,46,87,2305,2440,4751,2234,2458,4695,2436,2818,5256
319041521,261,161,419,284,173,454,305,233,538,288,380,670,309,481,789,345,608,954,505,96,600,513,104,618,615,118,736,154,397,545,187,456,647,227,663,892,93,406,500,81,397,470,92,503,604,159,271,433,176,356,530,196,346,540,223,21,245,227,16,244,279,10,287,311,196,511,351,214,561,389,240,635,47,34,82,41,31,76,61,49,105,2036,1971,4009,2161,2235,4391,2512,2775,5286
319051522,156,103,258,171,107,282,196,149,344,103,217,318,95,249,345,133,312,440,372,62,434,333,70,402,382,81,462,97,236,329,112,272,384,125,367,493,45,290,336,46,263,306,58,313,370,80,198,278,80,217,301,98,226,315,245,15,263,210,15,229,281,21,305,213,108,322,235,127,359,296,168,462,33,23,57,21,20,44,37,21,58,1346,1247,2588,1308,1340,2646,1603,1656,3256
319051523,58,38,95,52,28,73,47,32,81,36,64,101,44,78,118,37,71,109,156,34,194,131,29,161,120,15,142,30,90,120,35,100,135,50,121,169,35,139,173,23,105,128,23,110,132,40,92,130,36,76,111,35,61,90,107,5,112,87,0,97,78,3,82,104,49,148,92,55,145,104,46,154,13,11,28,12,0,18,22,9,35,581,516,1095,518,474,995,519,470,988
319051524,305,200,501,296,178,478,283,200,485,346,533,881,278,505,784,268,515,787,816,118,936,646,118,764,690,127,814,224,610,832,239,640,878,286,756,1043,200,677,883,157,612,768,157,604,765,201,403,602,217,370,591,244,430,672,475,24,493,446,26,473,432,41,471,578,307,887,469,267,736,525,311,828,64,30,90,68,30,100,76,46,119,3191,2905,6096,2814,2748,5567,2960,3027,5989
319051525,265,157,422,251,150,398,256,154,413,85,185,271,83,186,271,102,234,336,392,59,449,330,60,390,403,70,479,55,243,300,65,234,300,67,328,393,45,296,342,43,293,336,69,286,354,60,151,210,63,126,190,63,144,206,301,18,317,265,13,281,302,26,330,231,125,356,222,127,351,279,183,463,27,26,58,28,19,47,53,38,92,1475,1263,2729,1346,1208,2555,1584,1475,3059
319051526,155,81,231,133,69,204,129,72,205,130,198,320,111,182,297,96,224,318,318,53,369,305,55,359,338,73,410,61,145,206,75,193,267,80,244,320,62,327,387,55,284,336,54,296,349,89,113,201,78,127,209,76,132,204,164,10,171,137,11,154,171,10,177,162,85,244,178,68,248,163,86,249,22,10,33,7,9,12,23,9,33,1151,1021,2171,1091,1000,2091,1127,1140,2265
397979799,11,8,25,6,4,9,0,0,0,34,13,52,3,6,10,10,0,10,30,3,31,10,3,10,0,0,0,15,13,25,0,3,3,0,0,0,0,18,21,5,5,11,0,0,0,3,12,16,5,0,8,0,0,0,13,0,13,0,0,0,0,0,0,35,15,49,4,7,9,17,0,17,3,4,8,0,4,4,0,0,0,159,80,237,28,37,67,28,0,29
399999499,182,93,278,147,115,264,164,126,290,307,317,626,212,239,446,189,297,488,485,66,557,339,55,397,334,51,386,106,197,305,116,232,348,120,306,429,59,211,275,59,170,226,64,208,275,90,128,218,76,108,185,85,126,208,412,43,460,273,26,301,284,37,319,478,289,771,461,362,822,395,334,732,71,33,100,67,25,95,67,29,98,2202,1391,3592,1748,1341,3083,1705,1512,3219
401011001,455,243,697,506,348,858,682,498,1183,1180,1009,2191,1187,1023,2212,1801,1537,3338,369,100,469,352,128,479,569,224,788,276,417,695,320,436,754,471,767,1240,235,481,711,236,466,700,384,680,1068,191,237,425,191,254,450,271,353,624,88,8,95,79,13,87,151,25,174,231,112,341,232,103,337,366,195,567,63,39,102,44,45,93,79,62,148,3089,2641,5726,3164,2809,5972,4784,4346,9124
401011002,303,195,493,328,188,518,331,211,542,740,630,1364,679,619,1304,749,651,1398,182,51,229,151,46,194,163,47,210,122,216,337,139,247,385,158,285,445,112,296,409,107,286,393,129,278,406,115,155,266,115,160,276,95,152,248,55,7,71,50,9,56,56,5,59,103,33,142,92,49,132,96,52,149,29,18,49,26,21,43,32,21,52,1751,1612,3362,1689,1617,3299,1809,1711,3522
401021003,395,188,586,389,220,603,406,223,627,272,391,664,260,390,645,265,452,716,583,90,668,542,84,630,569,87,655,92,244,335,108,295,404,95,310,404,83,429,513,95,393,487,91,388,484,103,165,268,94,139,232,93,160,254,177,15,187,178,13,192,152,21,175,216,123,339,202,112,314,223,116,342,37,24,60,29,21,47,35,23,55,1965,1663,3626,1881,1673,3559,1938,1780,3722
401021004,931,473,1406,854,501,1359,1042,670,1710,1586,1730,3319,1499,1755,3257,1518,1896,3414,834,208,1040,749,177,931,778,162,938,227,553,781,274,544,813,292,636,932,281,880,1161,232,716,944,231,728,960,343,374,715,300,330,628,247,332,575,213,24,232,170,17,185,176,15,182,361,146,511,330,149,478,370,187,563,70,42,113,63,45,108,60,32,93,4851,4434,9287,4469,4232,8701,4713,4653,9372
401021005,261,100,359,223,112,335,273,162,435,233,276,510,214,299,512,225,298,524,236,48,284,256,57,317,268,67,335,71,138,212,67,168,236,68,184,246,53,244,294,51,216,258,66,217,286,67,118,187,90,116,202,72,101,181,86,13,98,72,4,76,69,3,78,102,54,160,114,60,173,117,56,171,19,13,29,18,9,25,26,23,49,1123,1009,2131,1105,1041,2144,1185,1114,2296
401021006,529,228,753,469,247,711,508,316,828,354,481,834,336,521,858,382,586,969,561,114,680,541,106,647,591,118,714,193,324,519,175,355,529,168,424,591,110,477,586,99,456,554,94,413,505,138,226,360,144,219,364,151,243,394,214,8,227,226,14,238,179,25,208,297,161,457,314,173,488,300,156,454,43,18,59,26,17,46,52,32,89,2429,2043,4471,2334,2104,4436,2434,2315,4752
401021007,606,302,905,639,341,981,894,550,1442,580,780,1359,630,980,1612,918,1425,2347,933,158,1094,978,184,1160,1364,275,1642,258,534,797,309,726,1035,446,1026,1476,243,922,1171,279,867,1147,334,1078,1411,309,499,804,386,566,954,460,681,1143,361,37,400,357,34,395,470,53,525,419,312,733,519,325,841,658,408,1072,51,30,86,80,39,118,104,78,188,3761,3581,7340,4182,4059,8232,5657,5582,11243
401021008,319,165,485,337,181,518,360,212,575,212,332,547,213,364,578,243,408,648,458,101,553,423,118,540,509,132,641,101,256,358,93,269,362,113,307,425,80,321,408,85,283,370,79,292,376,79,156,233,90,163,255,102,158,254,191,19,207,200,15,209,195,20,215,247,140,385,234,132,365,240,133,372,40,9,50,27,19,42,43,30,68,1730,1490,3218,1698,1551,3244,1889,1693,3580
401021009,153,111,259,175,106,282,210,133,345,166,234,402,169,310,481,199,351,557,314,69,390,367,68,436,377,104,477,76,188,266,106,260,364,109,272,379,71,275,348,80,269,352,74,282,359,88,129,222,93,162,255,96,170,264,134,8,143,147,12,153,143,3,148,155,99,253,182,100,284,176,97,273,25,19,48,18,13,29,18,17,37,1188,1139,2322,1340,1291,2632,1406,1443,2845
401021010,323,160,480,292,170,465,360,192,558,436,450,883,387,439,823,477,540,1017,288,70,354,261,60,318,272,74,345,73,149,218,85,170,249,98,200,300,89,318,410,73,301,375,81,298,376,92,130,218,85,122,207,82,96,182,90,11,102,91,5,94,104,9,116,113,56,172,113,57,172,114,69,181,10,12,22,21,19,46,31,28,56,1514,1353,2866,1413,1340,2755,1632,1503,3130
401031011,963,458,1421,964,491,1452,1007,589,1594,1646,1674,3323,1636,1628,3270,1760,1892,3654,543,133,674,488,141,626,498,168,669,264,525,786,286,542,825,304,584,887,299,975,1273,290,907,1200,346,873,1218,375,440,816,307,456,758,321,424,747,115,19,134,131,14,142,178,23,199,243,104,347,250,114,365,302,137,438,77,58,136,81,44,124,80,78,154,4524,4387,8909,4436,4333,8765,4792,4761,9554
401031012,520,255,778,504,284,789,586,329,915,864,773,1632,888,858,1748,1026,955,1981,183,56,236,192,61,256,225,65,292,127,234,369,135,256,389,161,265,421,121,444,569,114,413,524,155,440,601,169,225,395,165,202,366,151,193,340,57,4,62,61,4,57,61,6,73,113,49,163,130,57,192,139,82,228,51,33,84,35,26,62,37,26,61,2200,2075,4279,2223,2156,4386,2547,2368,4907
401031013,688,387,1077,665,418,1083,790,496,1285,1481,1420,2905,1467,1465,2934,1641,1621,3260,345,92,438,353,98,454,389,135,524,166,380,549,212,391,599,225,475,704,250,757,1010,208,617,827,249,662,912,290,369,664,252,331,584,271,311,582,89,10,102,85,9,91,109,10,120,190,102,292,213,95,308,218,126,350,58,36,93,65,35,96,62,46,109,3558,3554,7107,3524,3455,6975,3949,3893,7843
401041014,443,183,625,391,198,592,418,232,650,507,594,1104,525,625,1150,594,759,1349,532,110,647,536,101,636,553,102,660,129,300,431,138,341,485,155,389,547,230,674,899,187,572,760,209,558,769,209,307,518,238,319,554,212,317,528,187,6,199,153,5,160,183,7,195,217,105,330,241,93,330,261,119,379,47,24,73,39,38,72,24,28,53,2507,2311,4824,2447,2296,4741,2609,2517,5128
401041015,536,265,796,565,288,854,674,408,1085,739,883,1626,865,1006,1873,1148,1412,2558,1021,185,1210,943,212,1156,1088,271,1358,258,543,803,312,705,1018,421,957,1378,386,1039,1429,374,943,1311,431,1076,1506,372,580,957,389,573,955,415,550,968,388,35,421,404,29,434,495,33,524,528,339,867,572,321,894,606,330,937,91,58,150,80,47,127,98,71,170,4315,3930,8249,4502,4121,8623,5367,5110,10479
401041016,673,374,1051,798,420,1220,908,590,1496,1187,1354,2542,1300,1474,2776,1623,2003,3624,924,200,1131,864,233,1094,989,285,1269,308,605,922,326,714,1038,442,905,1354,386,1120,1510,368,1057,1425,495,1166,1661,376,567,947,390,603,1000,457,563,1023,313,16,332,280,20,293,378,27,406,505,242,746,517,235,755,616,276,894,99,51,143,88,72,164,98,69,163,4779,4538,9321,4939,4831,9767,6009,5883,11888
401051017,435,266,702,448,297,744,521,350,873,996,1071,2070,945,1006,1951,1041,1144,2185,308,90,398,272,74,350,331,107,437,176,302,479,192,345,539,206,384,590,180,523,700,169,408,577,204,455,658,190,246,438,173,213,385,188,218,405,69,12,80,60,3,70,105,19,119,178,82,259,163,92,255,205,98,301,44,28,68,38,31,69,51,26,80,2574,2619,5195,2471,2459,4934,2849,2806,5653
401051018,356,229,584,398,259,657,494,349,843,751,866,1616,740,913,1651,890,1073,1962,548,119,665,495,125,618,583,137,723,173,387,559,220,428,647,270,526,792,206,648,853,217,581,804,238,652,892,192,297,490,191,306,494,225,313,536,173,15,186,176,9,181,205,25,225,306,155,452,289,140,431,332,159,488,32,36,64,35,37,72,50,37,82,2740,2735,5480,2751,2798,5549,3274,3275,6550
401051019,608,325,931,588,331,919,636,440,1080,1175,1209,2390,1189,1267,2461,1373,1436,2812,463,121,585,436,104,539,427,126,551,222,400,621,234,402,636,242,452,689,209,640,842,222,620,846,238,600,842,258,311,567,225,299,525,238,267,506,130,15,143,106,3,112,182,21,200,309,104,414,230,114,339,258,118,373,45,43,85,60,43,102,41,44,89,3413,3168,6583,3295,3187,6480,3641,3506,7140
401061020,265,154,422,267,184,449,294,188,484,444,521,967,456,570,1028,516,654,1174,300,56,359,269,62,330,287,60,356,99,198,296,115,203,317,123,263,385,103,377,479,110,333,449,140,341,474,144,172,314,149,158,312,143,155,298,100,5,108,110,7,119,132,5,142,151,95,249,161,80,233,156,96,247,26,20,46,26,20,51,34,20,52,1633,1603,3240,1666,1615,3278,1830,1782,3611
401061021,624,321,942,672,373,1046,813,496,1306,1053,1141,2196,1041,1189,2228,1320,1511,2839,656,115,774,655,117,775,696,168,866,248,432,683,238,435,671,298,573,868,260,801,1058,269,785,1050,311,790,1098,309,412,719,273,353,626,299,391,691,272,22,296,242,12,261,288,20,306,354,181,532,390,177,560,400,184,586,64,38,99,62,31,95,70,50,118,3838,3470,7308,3842,3477,7322,4487,4186,8677
401061022,350,183,535,397,210,607,432,243,679,634,591,1225,647,664,1312,756,806,1566,196,43,238,184,39,223,179,68,249,105,195,298,123,172,294,130,223,352,103,327,431,113,312,425,125,338,458,107,155,263,127,154,283,124,173,294,61,7,65,64,6,67,78,3,78,105,45,144,91,52,141,114,76,185,24,23,50,28,21,46,29,23,55,1696,1553,3248,1773,1628,3401,1962,1958,3914
401071023,861,471,1333,809,519,1329,900,634,1526,1626,1676,3306,1561,1717,3280,1632,1948,3576,609,162,774,546,146,694,598,187,781,291,512,806,316,594,907,362,607,969,321,924,1239,307,816,1122,301,785,1086,357,464,825,337,428,763,305,383,692,168,17,183,134,20,158,171,19,191,338,146,484,313,149,461,355,175,533,81,54,132,73,69,138,75,61,139,4648,4433,9080,4390,4466,8854,4699,4798,9492
401071024,914,510,1429,940,582,1516,1068,701,1770,1839,2052,3892,1833,2001,3836,1975,2177,4160,555,180,734,504,181,687,544,207,750,302,505,811,307,595,908,332,663,1002,319,1002,1318,302,863,1165,338,837,1175,382,498,880,375,450,827,327,459,787,129,10,138,132,12,146,142,18,156,297,157,456,298,138,436,330,147,484,89,78,159,69,49,121,75,66,137,4830,5001,9822,4766,4869,9634,5135,5279,10412
402011025,360,176,534,348,199,537,374,223,597,264,384,648,245,410,650,259,499,756,661,113,771,626,123,749,708,136,850,133,354,482,145,419,567,176,485,662,128,488,618,132,505,636,139,542,675,132,307,441,132,317,450,139,307,445,324,26,351,320,33,355,338,48,385,320,201,518,357,184,543,316,180,500,47,21,69,55,28,80,46,27,75,2371,2062,4430,2368,2211,4577,2500,2449,4948
402011026,523,290,814,537,336,874,625,443,1069,477,687,1161,480,793,1279,602,1001,1599,1093,192,1282,1092,204,1291,1223,276,1500,231,730,960,260,853,1115,334,1025,1355,238,923,1163,247,889,1138,270,1018,1286,282,544,821,289,577,868,341,597,931,541,37,578,584,43,626,682,67,748,644,345,989,664,374,1040,726,361,1084,76,58,133,90,57,145,123,62,184,4093,3809,7901,4244,4133,8376,4917,4845,9756
402011027,195,90,283,185,120,305,221,155,379,79,169,248,87,166,248,100,236,337,394,75,469,400,78,478,552,109,661,40,198,236,53,237,293,64,292,363,61,306,365,62,290,350,79,382,466,62,145,204,81,169,245,87,190,275,319,36,349,310,25,328,336,32,368,211,153,366,254,152,407,270,157,430,23,18,49,34,19,50,53,20,72,1387,1185,2569,1457,1255,2717,1759,1585,3343
402021028,442,217,665,419,286,704,489,371,865,340,508,850,351,579,937,456,742,1196,1094,149,1238,1128,202,1330,1168,221,1384,273,660,936,347,870,1217,403,1082,1483,263,919,1181,278,870,1144,290,914,1204,261,588,849,310,661,967,313,584,899,753,66,820,776,58,830,899,69,970,715,435,1148,672,392,1066,755,444,1207,84,53,137,79,55,133,103,74,178,4227,3598,7824,4366,3971,8339,4880,4513,9392
402021029,212,140,352,192,143,334,220,199,418,128,219,347,144,249,394,189,314,504,707,113,813,680,118,794,697,159,855,167,462,629,201,619,817,300,820,1120,131,514,645,149,457,607,210,548,755,171,389,562,191,466,656,216,466,688,697,75,773,709,53,760,803,66,874,632,419,1056,716,408,1127,780,524,1311,78,29,110,86,44,133,113,68,181,2920,2377,5291,3065,2557,5621,3534,3164,6701
402021030,74,53,129,76,46,121,96,45,143,79,123,206,90,118,201,61,123,182,291,41,329,292,60,355,339,67,411,84,244,336,101,228,333,118,287,404,84,191,272,70,153,219,86,167,253,92,159,250,86,141,226,89,158,250,337,33,363,307,29,336,316,38,354,399,207,607,381,203,585,452,237,687,50,16,66,42,19,63,65,30,94,1493,1065,2552,1438,996,2441,1623,1151,2771
402021031,224,135,358,200,142,345,243,177,421,242,322,565,214,315,526,241,345,589,662,115,777,579,109,685,674,135,811,158,409,567,172,496,670,217,568,787,164,495,664,155,445,598,177,509,686,177,300,479,194,317,512,213,319,528,487,46,530,448,38,487,526,52,574,449,287,733,448,241,687,521,300,820,61,40,98,51,27,78,96,50,149,2622,2146,4770,2461,2132,4591,2904,2456,5359
402021032,280,158,442,365,223,590,477,350,825,144,208,353,214,332,544,326,587,916,575,93,668,754,142,895,1022,215,1239,86,310,394,194,532,724,305,897,1197,114,500,613,134,601,737,259,823,1081,116,280,401,179,406,585,261,522,781,391,33,422,536,42,574,766,76,840,321,189,509,473,251,725,576,353,935,56,24,80,64,42,106,113,60,174,2086,1788,3871,2911,2573,5483,4112,3880,7984
402021033,147,66,212,144,56,202,132,72,204,98,122,220,107,130,242,93,148,243,184,24,202,202,39,245,214,39,250,21,73,89,23,96,120,27,104,136,25,173,204,33,167,195,30,148,179,49,73,123,35,69,102,39,62,105,72,7,78,70,3,73,61,0,65,82,27,106,91,30,121,84,38,123,19,6,23,9,5,14,12,8,21,693,565,1256,724,601,1327,703,629,1331
402021034,101,82,186,113,96,208,132,105,233,86,138,222,85,130,221,102,155,254,471,71,542,404,73,473,396,78,476,111,368,478,130,376,500,155,419,571,120,300,422,100,266,360,116,261,375,141,298,439,120,250,370,125,255,374,477,52,525,441,28,473,472,39,511,494,340,834,457,277,727,465,336,806,85,34,119,44,22,60,82,35,119,2077,1690,3760,1885,1512,3395,2047,1682,3728
402021035,252,138,394,272,156,430,298,189,495,36,67,108,58,99,160,89,200,288,152,30,181,147,28,177,264,64,321,23,66,85,27,104,137,90,196,283,41,153,191,33,157,187,63,252,316,50,77,122,51,75,129,77,114,194,142,14,155,154,19,171,250,27,275,119,74,192,120,84,204,195,115,308,14,9,26,23,16,44,30,23,52,833,622,1449,892,741,1630,1356,1181,2537
402031036,466,248,712,530,295,828,624,404,1027,686,839,1529,794,962,1755,1052,1302,2354,1033,188,1223,1103,208,1310,1448,291,1742,288,656,947,342,747,1096,553,1061,1613,323,793,1120,325,743,1072,467,812,1275,305,401,702,363,454,815,417,498,913,679,52,727,646,41,687,916,68,987,813,485,1302,924,509,1431,995,549,1547,118,70,187,114,75,184,158,92,249,4721,3727,8449,5151,4037,9182,6627,5083,11707
402031038,482,305,791,561,368,925,739,486,1226,973,1144,2120,1096,1312,2406,1325,1656,2986,969,176,1140,933,205,1143,1034,260,1298,312,614,922,353,769,1125,493,1050,1543,360,959,1311,373,939,1318,466,980,1450,333,452,785,413,456,862,409,475,877,453,22,473,461,28,489,656,45,707,603,366,972,618,370,990,712,484,1193,115,61,177,80,62,147,127,66,190,4595,4088,8688,4895,4517,9410,5967,5501,11463
402031175,362,215,579,449,265,715,687,408,1094,568,667,1234,819,988,1803,1073,1351,2429,516,87,601,582,144,724,776,220,995,193,363,562,260,480,740,402,756,1157,228,613,838,291,693,978,395,824,1215,189,287,476,256,323,575,281,381,666,230,30,258,255,24,274,386,31,419,314,177,495,370,246,611,476,319,798,48,36,81,59,34,93,65,66,137,2643,2482,5128,3322,3190,6516,4552,4352,8907
402031176,208,108,320,194,136,334,268,169,442,335,396,727,326,412,742,425,522,945,560,92,653,513,93,603,590,129,720,140,351,488,162,391,548,239,503,743,160,490,651,162,434,598,193,452,644,138,231,369,164,224,387,153,246,396,280,22,307,259,20,286,321,34,359,306,157,462,324,181,506,346,179,527,44,27,68,46,18,66,53,39,93,2175,1873,4046,2157,1916,4070,2585,2277,4862
402041039,0,0,0,0,0,0,0,0,0,0,0,0,0,0,0,0,0,0,0,0,0,0,0,0,0,0,0,0,0,0,0,0,0,0,0,0,0,0,0,0,0,0,0,0,0,0,0,0,0,0,0,0,0,0,0,0,0,0,0,0,0,0,0,0,0,0,0,0,0,0,0,0,0,0,0,0,0,0,0,0,0,0,0,0,0,0,0,0,0,0
402041040,324,190,510,303,180,484,324,213,540,383,526,910,345,562,906,488,648,1140,989,149,1142,794,139,929,902,147,1050,184,561,741,235,601,839,276,688,963,267,771,1041,243,658,903,286,701,990,253,399,651,224,364,582,246,346,593,544,49,593,485,34,520,548,50,597,470,345,816,484,302,784,542,310,845,71,56,127,66,46,110,77,50,132,3474,3046,6521,3174,2878,6047,3695,3150,6839
402041041,416,197,613,394,209,602,389,235,624,365,522,892,388,548,932,418,619,1034,1096,161,1258,962,158,1125,1012,183,1194,197,530,724,241,639,877,277,744,1020,260,844,1107,216,752,968,254,765,1014,271,461,735,281,443,728,252,392,641,525,48,575,491,54,547,547,57,606,505,321,827,488,282,773,565,315,882,77,50,128,64,51,116,91,62,153,3710,3145,6858,3523,3139,6660,3807,3364,7168
402041042,0,0,0,0,0,0,0,0,0,4,0,4,9,3,9,0,0,0,0,0,0,0,0,0,0,0,0,0,0,0,0,0,0,0,0,0,0,0,0,0,0,0,0,0,0,0,0,0,0,0,0,0,0,0,0,0,0,0,0,0,0,0,0,0,0,0,0,0,0,0,0,0,0,0,0,0,0,0,0,0,0,4,0,4,9,3,19,0,0,0
402041043,272,184,462,309,206,516,380,228,610,248,350,596,301,421,721,402,538,942,899,147,1045,831,151,979,932,173,1107,169,547,716,230,721,951,315,922,1239,242,639,881,222,559,779,281,536,821,213,463,677,250,444,699,231,400,630,699,75,775,687,48,735,785,69,853,663,508,1167,691,510,1205,767,530,1296,106,38,149,79,39,124,117,74,189,3519,2948,6463,3602,3100,6702,4208,3466,7676
402041044,359,238,601,340,259,600,412,302,708,229,347,579,251,344,592,306,460,762,975,153,1127,930,161,1093,949,172,1123,192,596,795,202,710,908,289,875,1163,279,776,1052,249,767,1018,297,718,1017,242,511,758,282,516,796,276,465,745,877,70,951,863,67,932,870,87,959,790,519,1311,754,519,1271,826,574,1402,112,57,161,84,42,128,102,72,172,4064,3270,7339,3957,3377,7331,4320,3733,8055
402041046,268,141,412,252,143,393,280,176,457,246,304,546,258,355,610,295,372,676,803,126,928,742,123,860,825,147,975,174,503,679,216,613,837,304,821,1121,216,604,817,176,525,705,254,506,766,242,384,631,245,362,605,233,334,569,639,73,713,641,58,701,668,74,735,693,361,1052,770,409,1179,836,461,1295,87,38,127,104,45,151,120,49,174,3367,2542,5915,3400,2638,6042,3818,2946,6765
402041047,458,238,697,430,271,698,470,305,777,364,561,923,343,543,884,395,659,1054,1203,189,1394,1113,185,1303,1139,186,1328,219,642,863,272,709,978,284,816,1096,334,1048,1379,286,930,1215,290,934,1227,296,567,863,289,512,799,280,468,747,671,51,722,595,44,639,648,55,702,616,337,956,634,372,1004,675,350,1018,98,50,156,86,53,136,95,60,153,4262,3682,7942,4052,3611,7666,4281,3829,8111
402041048,262,179,448,276,204,485,336,262,600,201,277,477,207,335,540,252,432,682,871,132,1007,838,136,976,892,156,1047,309,544,850,342,662,998,440,825,1263,220,646,862,219,600,822,199,607,805,178,366,547,228,436,661,223,438,654,763,75,836,743,64,804,840,70,907,670,477,1142,680,512,1193,808,561,1364,99,47,146,96,43,136,138,73,211,3572,2744,6315,3624,2993,6613,4133,3418,7543
402041171,587,286,873,595,291,890,648,365,1003,795,740,1535,825,857,1671,946,1024,1970,558,133,692,642,155,802,681,171,856,255,352,612,317,514,835,385,643,1035,244,731,968,228,776,1005,292,744,1034,204,297,504,292,373,665,259,366,622,263,13,280,311,26,334,437,38,470,294,146,441,367,199,566,374,243,609,61,38,96,70,45,112,70,60,137,3267,2746,6009,3651,3225,6877,4085,3654,7739
402041172,148,107,256,160,91,250,177,99,275,232,262,490,195,290,481,234,352,579,432,75,508,398,83,478,448,95,541,102,276,382,117,289,408,137,384,523,121,384,511,119,317,440,114,298,408,115,197,314,123,192,318,131,183,319,274,34,306,273,26,297,303,22,329,271,167,440,276,176,450,310,172,479,26,22,49,33,22,56,52,34,86,1727,1526,3254,1690,1493,3187,1906,1631,3540
402051049,466,218,688,480,233,714,474,260,732,435,544,982,443,617,1058,437,677,1116,559,96,653,537,107,646,549,114,656,170,366,541,188,418,605,211,455,670,212,718,930,219,710,925,221,651,869,237,379,612,241,344,585,229,317,545,198,17,207,205,9,214,206,23,228,233,116,349,247,133,372,245,121,365,31,22,52,40,27,70,55,33,88,2547,2475,5018,2595,2603,5193,2613,2650,5257
402051050,402,191,594,388,184,573,409,238,649,378,506,880,346,496,847,371,558,930,645,99,738,610,103,716,642,119,759,151,348,498,164,393,557,175,487,659,195,788,983,184,663,852,190,599,791,206,318,524,202,344,547,210,302,512,207,17,225,230,15,242,211,21,239,249,110,354,243,123,368,253,104,362,35,20,55,51,25,73,30,28,65,2467,2386,4856,2417,2359,4776,2504,2463,4961
402051051,461,206,668,420,214,630,492,298,788,569,674,1241,579,706,1281,659,830,1484,690,100,796,577,104,685,596,136,733,138,347,492,172,382,553,238,409,644,230,714,935,200,657,855,225,654,873,224,284,510,207,279,484,189,256,449,192,17,211,195,15,212,209,37,251,233,115,351,260,96,362,261,108,370,39,39,77,40,24,67,50,34,86,2779,2497,5282,2651,2472,5128,2909,2758,5669
402051052,346,196,543,344,220,564,428,259,689,540,664,1199,514,723,1234,664,853,1513,993,150,1138,889,155,1048,934,185,1116,212,604,819,260,654,912,367,824,1187,262,865,1120,259,769,1030,312,814,1122,254,423,682,278,403,687,306,377,679,403,36,440,428,24,448,541,40,575,513,275,793,522,270,800,565,282,845,58,47,105,62,40,95,86,52,134,3578,3267,6844,3556,3261,6823,4196,3677,7869
402051053,689,320,1009,613,334,946,671,419,1088,855,970,1818,793,981,1773,824,1090,1912,1385,232,1617,1196,214,1414,1177,215,1390,323,806,1130,322,835,1157,374,970,1346,470,1473,1945,414,1315,1728,431,1154,1578,435,738,1164,385,633,1016,343,506,848,486,52,543,474,53,524,486,50,538,595,312,910,552,320,876,536,281,814,78,42,118,85,55,146,103,68,177,5314,4939,10252,4838,4747,9581,4929,4760,9693
402051054,525,269,795,504,281,780,561,360,926,612,834,1441,598,828,1429,610,1029,1635,1358,187,1545,1221,179,1408,1326,197,1518,258,621,880,277,729,1003,265,804,1077,351,1226,1579,304,1050,1359,270,983,1256,359,557,915,280,511,796,279,445,722,446,34,485,454,26,479,468,40,501,503,226,724,486,209,692,500,207,707,68,36,106,68,35,108,78,55,135,4482,3985,8469,4182,3856,8037,4352,4126,8476
402051055,403,207,605,356,207,564,401,275,679,467,586,1052,438,639,1084,511,833,1337,892,123,1016,832,146,976,854,157,1010,174,441,613,210,531,736,220,548,767,216,799,1015,199,723,921,257,688,943,238,386,626,208,400,605,230,340,571,339,27,366,334,14,345,306,36,344,346,205,547,333,158,491,373,165,538,55,29,84,60,36,92,69,45,115,3122,2800,5927,2974,2841,5814,3226,3074,6303
403011056,564,293,858,576,341,921,629,434,1074,776,965,1734,735,1054,1797,900,1243,2144,605,113,721,561,101,664,644,128,770,234,509,743,288,519,808,321,595,919,237,725,960,248,708,959,239,681,923,265,415,682,259,326,588,258,332,585,163,11,169,143,10,147,165,18,182,265,107,372,293,123,412,293,124,414,36,27,66,47,35,79,65,56,119,3139,3167,6312,3148,3224,6370,3511,3620,7134
403011057,1033,545,1574,964,575,1539,1070,696,1767,1285,1303,2589,1206,1476,2684,1299,1628,2924,937,190,1124,831,157,991,831,213,1044,385,704,1088,432,756,1192,469,875,1350,412,1203,1619,356,1055,1410,373,1033,1410,432,585,1016,389,549,942,359,505,861,258,22,278,234,30,261,304,26,333,431,170,603,388,180,569,371,213,582,94,61,153,81,59,137,97,63,153,5261,4785,10044,4883,4849,9731,5186,5248,10434
403021058,348,231,581,389,242,633,446,309,759,661,783,1444,710,881,1592,848,1162,2013,699,151,851,663,147,808,745,173,918,201,471,670,291,618,909,377,784,1160,282,761,1039,232,672,902,270,716,983,248,368,616,253,366,618,285,353,637,288,29,314,275,15,290,308,29,335,375,229,607,431,213,645,440,211,655,68,34,100,46,30,80,84,52,139,3164,3063,6221,3295,3181,6483,3816,3790,7599
403021059,488,207,700,442,241,681,466,326,793,599,732,1332,630,780,1406,650,908,1555,950,165,1117,855,164,1018,839,151,994,224,519,740,239,524,767,271,618,899,279,904,1185,251,797,1047,284,750,1035,278,464,737,256,430,686,225,331,551,266,19,282,272,26,301,258,16,276,382,171,552,351,133,485,306,154,464,55,40,98,60,47,103,61,43,107,3521,3219,6740,3351,3138,6489,3365,3312,6668
403021060,373,211,586,352,204,556,436,280,713,496,626,1127,454,678,1132,510,783,1299,584,104,686,563,101,665,588,104,689,159,339,499,162,385,542,187,398,588,198,594,794,153,488,640,156,478,633,166,291,459,164,258,421,167,252,412,167,22,187,179,14,193,159,15,179,234,79,314,221,99,319,218,90,304,40,32,70,46,39,89,40,36,77,2420,2298,4719,2289,2265,4558,2452,2436,4890
403021061,290,175,465,359,231,589,414,248,662,563,745,1304,634,796,1426,838,1152,1994,646,119,769,633,129,767,729,158,889,208,464,675,294,654,952,412,922,1333,281,693,977,260,629,895,291,673,965,223,347,566,229,391,619,258,377,631,281,27,304,237,19,256,311,35,344,413,222,639,400,246,648,469,255,727,64,49,120,44,40,88,86,59,145,2969,2847,5812,3098,3148,6240,3814,3864,7677
403021062,418,250,667,452,299,751,600,384,988,611,788,1396,654,938,1590,878,1297,2179,715,144,859,709,147,859,848,185,1031,233,472,706,284,594,881,400,798,1199,295,754,1053,276,794,1069,303,871,1174,240,333,575,277,368,640,286,405,692,232,17,251,218,25,243,292,32,327,329,187,520,384,191,578,404,201,607,57,39,96,45,41,85,78,68,138,3129,2998,6122,3305,3396,6699,4084,4246,8324
403021063,326,170,500,336,213,552,354,215,569,392,478,875,381,598,979,431,672,1097,831,145,978,798,141,938,736,127,867,183,442,628,223,542,768,233,561,795,229,771,1001,199,685,886,205,686,897,235,371,609,223,372,595,216,270,482,274,29,297,278,17,299,257,29,286,316,174,482,314,141,456,316,148,467,45,32,83,39,21,63,56,35,93,2828,2616,5445,2805,2740,5540,2809,2746,5552
403021064,350,207,566,367,254,626,476,346,824,522,741,1261,618,907,1526,840,1236,2075,680,126,807,684,152,837,776,193,972,246,449,694,342,656,999,402,860,1264,243,725,971,243,697,941,307,778,1083,240,413,650,277,430,708,259,415,680,233,21,253,225,14,236,254,27,279,391,216,606,366,228,598,413,213,625,51,30,79,53,35,82,75,56,127,2959,2931,5887,3176,3376,6555,3800,4127,7927
403031065,244,116,360,221,110,327,276,150,421,389,474,857,393,453,843,438,503,944,172,38,210,200,35,235,185,32,217,79,147,230,77,142,223,98,162,256,66,197,267,62,213,274,76,180,255,83,86,173,79,94,172,82,99,181,30,3,35,28,3,32,33,10,38,86,23,111,75,29,110,75,31,103,15,10,26,18,15,32,13,11,25,1165,1104,2270,1156,1087,2248,1270,1180,2452
403031066,252,144,399,220,155,370,268,168,438,479,577,1050,458,549,1004,492,617,1109,293,64,353,252,72,324,316,68,387,117,262,377,145,277,421,167,373,536,147,315,461,113,264,376,115,289,413,123,174,292,121,175,295,114,164,281,72,3,84,79,6,80,108,13,118,174,113,280,160,77,240,177,108,287,23,17,38,32,14,46,30,18,49,1673,1662,3337,1570,1587,3161,1798,1821,3614
403031067,501,226,729,559,252,818,665,358,1018,909,1121,2029,876,1196,2069,1022,1381,2402,558,101,659,525,107,633,587,111,698,193,360,557,216,410,630,253,458,705,182,678,860,197,587,780,201,570,768,219,255,474,190,256,448,206,278,483,105,5,115,114,14,125,130,13,147,245,74,326,273,97,372,248,100,351,52,36,89,36,24,56,55,30,84,2980,2860,5837,2988,2946,5937,3352,3300,6656
403031068,661,323,985,661,370,1032,779,501,1285,1095,1295,2400,1035,1391,2423,1177,1568,2742,756,157,915,707,135,844,693,160,850,253,484,736,266,597,867,342,644,983,310,868,1184,279,789,1072,289,733,1022,311,422,733,296,433,727,273,385,656,191,7,196,171,9,182,201,17,216,365,140,507,378,170,545,380,184,561,52,38,94,58,42,94,61,41,101,4006,3747,7756,3853,3936,7793,4189,4224,8408
403031069,841,421,1266,795,394,1194,922,561,1484,1445,1469,2916,1397,1610,3001,1503,1710,3223,441,144,583,397,146,548,431,135,565,226,455,683,266,458,732,268,536,804,247,794,1044,249,767,1015,250,764,1011,341,428,769,265,355,623,293,343,634,121,6,131,118,12,128,107,9,116,280,119,396,270,121,388,255,146,404,54,47,98,51,34,87,62,51,110,3990,3891,7881,3811,3906,7715,4097,4246,8345
403031070,264,134,401,246,152,401,320,203,521,412,446,861,385,520,907,526,681,1210,348,79,428,378,62,442,402,86,484,145,246,385,158,271,430,160,344,501,124,409,532,127,339,472,127,340,469,139,168,305,137,172,306,137,173,316,159,10,171,111,3,115,147,19,167,231,108,339,211,117,326,228,98,322,32,24,55,26,19,48,27,16,40,1852,1631,3478,1782,1661,3437,2071,1957,4027
403041071,494,207,697,433,216,651,466,256,727,617,735,1355,569,728,1309,587,841,1427,858,161,1026,737,142,880,731,141,873,214,503,727,206,501,708,246,570,813,261,860,1128,254,758,1011,215,703,918,267,415,684,239,376,623,221,300,520,240,26,267,237,20,258,230,23,254,349,182,536,307,183,492,314,159,475,49,30,76,40,36,74,51,31,81,3359,3126,6483,3029,2968,5997,3070,3020,6085
403041072,332,232,563,357,226,589,386,317,709,358,494,850,321,554,875,372,742,1106,968,168,1134,967,192,1159,1011,214,1227,178,627,804,204,723,930,253,824,1079,166,634,794,165,566,732,184,655,835,185,480,665,238,468,705,252,424,674,432,40,467,387,26,415,376,38,414,603,260,865,541,271,810,600,320,924,58,36,91,53,46,97,67,47,119,3283,2952,6239,3237,3067,6311,3494,3590,7088
403041073,132,85,213,127,104,233,170,116,288,144,214,360,154,210,366,185,261,447,542,76,622,474,102,575,477,97,576,107,362,469,121,371,490,151,438,587,122,300,423,117,277,388,110,306,413,125,236,359,128,266,395,154,254,416,247,23,270,209,20,228,223,25,253,308,202,511,331,170,496,296,170,463,30,29,55,33,21,54,35,25,63,1752,1532,3287,1692,1541,3230,1803,1709,3510
403041074,184,136,322,212,136,349,259,210,473,228,351,580,222,357,581,317,528,842,681,104,784,576,115,692,713,134,845,167,366,533,168,454,627,210,612,816,106,407,515,119,368,481,149,449,596,164,263,422,159,292,450,167,309,471,261,12,271,234,26,256,262,29,294,342,196,538,343,169,510,374,190,565,42,19,61,48,23,71,49,43,92,2171,1849,4022,2083,1938,4015,2508,2495,5003
403041075,175,74,249,157,73,231,159,100,263,140,196,337,130,196,320,132,214,343,195,33,237,166,39,206,197,39,237,38,84,114,34,72,103,50,96,142,32,192,226,47,163,208,37,171,208,46,79,128,58,83,140,47,71,114,53,4,58,64,7,72,47,5,49,62,43,108,67,32,96,56,29,95,8,8,11,9,9,22,14,19,29,758,715,1469,726,673,1402,746,745,1486
403041076,224,105,326,184,118,299,212,123,331,324,432,758,302,413,709,334,444,781,265,55,318,257,38,299,260,34,296,74,150,227,102,164,269,113,190,302,90,280,371,81,228,310,74,237,314,79,118,201,72,105,176,61,109,167,35,0,38,37,0,36,43,7,50,110,48,158,98,34,133,98,35,135,20,5,24,12,9,21,23,13,35,1217,1200,2412,1145,1108,2253,1220,1195,2413
403041077,485,247,732,424,247,675,502,291,793,602,708,1316,586,719,1301,620,857,1479,633,92,727,635,91,724,589,117,712,232,401,630,221,431,659,240,514,751,274,727,997,218,642,854,203,577,781,244,365,609,229,328,557,203,271,474,175,22,195,160,14,174,190,18,207,246,103,351,246,111,357,267,112,377,57,36,95,43,32,72,50,34,80,2946,2700,5645,2764,2613,5378,2863,2786,5649
403041078,200,88,292,150,98,250,173,116,291,149,226,372,126,192,322,161,245,408,508,67,576,429,81,509,482,97,578,100,285,384,104,297,398,121,382,501,99,355,452,84,360,444,107,340,450,121,219,337,124,216,345,102,219,321,203,15,221,188,14,197,191,18,205,241,109,347,235,106,348,228,111,338,30,25,53,31,14,47,23,18,43,1655,1379,3031,1479,1384,2863,1594,1544,3139
403041079,97,71,169,92,79,169,117,102,218,107,149,261,97,140,235,103,188,293,436,60,492,401,88,490,418,78,493,123,364,490,114,357,470,125,404,528,100,265,360,86,231,316,97,270,361,94,245,338,91,240,335,101,200,302,238,30,266,234,23,254,239,23,263,284,184,473,261,159,423,292,154,449,40,24,65,29,20,50,46,19,72,1524,1385,2915,1404,1331,2740,1535,1443,2977
403041080,493,218,706,422,268,694,464,299,761,587,737,1325,475,708,1181,508,885,1394,1065,175,1242,994,155,1151,983,182,1159,259,540,800,279,609,883,237,648,892,256,1005,1265,262,861,1124,273,811,1089,318,513,830,280,421,709,259,373,635,348,25,370,297,26,326,283,33,314,372,201,577,353,167,523,385,204,595,60,37,95,53,49,99,76,54,127,3764,3444,7204,3419,3266,6687,3472,3492,6961
403041081,0,0,0,0,0,0,0,0,0,0,0,0,0,0,0,0,0,0,0,0,0,0,0,0,0,0,0,0,0,0,0,0,0,0,0,0,0,0,0,0,0,0,0,0,0,0,0,0,0,0,0,0,0,0,0,0,0,0,0,0,0,0,0,0,0,0,0,0,0,0,0,0,0,0,0,0,0,0,0,0,0,0,0,0,0,0,0,0,0,0
403041082,5,0,5,0,0,4,3,0,3,0,0,4,0,0,0,0,0,0,8,0,8,7,0,7,3,0,3,0,0,0,0,0,0,0,5,5,0,7,7,0,0,0,0,0,0,0,0,0,4,0,4,0,0,0,0,0,0,0,0,0,3,0,3,0,0,0,0,0,0,0,0,0,0,0,0,0,0,0,0,0,0,12,3,13,9,4,9,9,3,14
403041083,303,143,448,304,159,464,389,210,596,185,246,428,199,304,507,271,415,687,364,73,432,349,80,426,460,93,549,72,204,277,80,214,300,131,312,441,65,340,408,62,293,356,101,381,478,91,172,264,104,180,283,117,180,297,126,5,130,118,7,123,149,8,159,229,108,337,180,71,255,250,106,358,17,15,30,17,12,32,34,25,60,1457,1301,2762,1423,1324,2749,1887,1731,3619
403041084,289,183,473,284,187,470,313,221,531,309,420,724,277,401,682,285,467,744,1002,134,1141,889,130,1021,906,153,1055,200,610,812,228,621,846,271,781,1056,246,812,1056,220,680,899,203,701,901,257,475,733,249,457,707,235,401,641,472,48,522,405,33,437,396,45,442,460,287,750,482,299,784,473,265,741,75,37,114,42,44,83,73,54,130,3304,3018,6324,3073,2850,5920,3161,3079,6243
403041085,177,110,291,184,122,304,175,134,305,132,240,380,143,237,379,202,319,519,689,90,781,543,96,638,603,109,712,129,385,512,159,457,608,191,547,734,152,408,562,129,367,501,123,383,517,139,305,446,139,254,397,145,297,444,310,34,344,287,23,314,337,38,375,336,236,572,324,210,533,370,208,572,42,20,68,36,22,55,53,28,86,2115,1823,3937,1963,1783,3746,2206,2060,4267
403041086,224,137,363,228,138,366,250,181,432,264,369,634,250,397,651,279,483,759,761,127,885,746,123,864,730,135,865,149,412,559,180,481,663,179,537,720,227,587,814,182,564,739,179,511,690,199,322,527,193,317,504,174,322,501,319,19,337,282,18,298,274,24,301,351,204,564,364,199,565,384,156,543,37,37,78,27,21,45,47,38,78,2537,2220,4757,2453,2252,4711,2499,2385,4889
403041088,180,71,255,159,99,257,178,127,303,148,214,359,154,206,360,198,232,435,208,59,262,218,41,257,197,52,249,52,134,187,48,141,192,57,161,220,34,167,196,36,164,205,33,162,195,39,82,127,45,83,126,31,79,106,82,9,90,79,7,87,73,8,83,106,48,157,115,64,179,125,65,193,14,8,16,16,11,32,15,13,30,868,786,1653,874,824,1693,917,895,1816
403041089,401,183,580,361,212,579,414,238,648,358,477,837,327,523,845,352,615,967,811,123,939,776,138,915,847,147,988,172,480,652,215,508,718,238,575,813,222,816,1036,230,780,1016,225,740,968,275,451,725,280,456,738,239,391,630,270,35,300,277,40,314,275,30,309,354,192,545,353,189,538,356,170,530,58,25,86,40,27,72,44,27,72,2921,2786,5711,2856,2875,5738,2987,2940,5927
403041177,251,141,391,306,180,489,410,305,709,248,376,620,311,521,840,438,668,1104,769,120,891,857,154,1010,998,193,1190,128,428,552,202,577,781,255,750,1003,140,496,633,164,582,752,212,680,899,148,323,476,213,367,583,223,402,628,236,18,258,340,18,362,334,35,369,352,158,505,385,224,610,451,228,684,50,19,68,55,28,83,75,36,114,2321,2069,4392,2845,2657,5501,3396,3300,6700
403041178,235,175,410,275,168,446,300,227,527,237,398,637,260,454,714,340,529,868,699,108,805,671,117,785,751,129,879,134,381,509,148,542,690,206,636,843,135,494,630,143,493,636,137,544,682,184,330,512,174,364,531,178,302,482,271,16,282,240,11,257,262,34,295,300,159,460,342,145,481,335,164,493,35,21,52,37,21,58,64,32,95,2229,2077,4301,2288,2315,4602,2570,2594,5160
404011090,180,127,308,224,137,363,316,222,531,281,376,655,290,437,731,426,648,1075,441,84,532,443,79,524,550,97,646,128,221,351,144,279,422,188,405,589,148,423,573,158,488,650,191,515,710,131,209,337,134,225,363,177,258,435,241,8,251,230,19,253,254,25,280,260,120,379,254,135,389,311,161,475,36,16,51,31,18,45,45,26,70,1846,1594,3438,1916,1825,3736,2454,2356,4807
404011091,403,212,618,460,233,690,589,398,988,486,555,1033,556,725,1281,764,1061,1832,776,143,922,769,140,916,861,175,1036,159,380,542,203,509,712,294,702,998,244,837,1075,262,883,1146,335,940,1277,289,412,700,303,459,757,317,475,799,350,35,384,341,29,365,452,37,492,425,198,621,438,228,658,473,246,715,50,41,87,59,44,105,86,64,149,3171,2812,5985,3392,3251,6641,4186,4098,8283
404011092,605,305,905,742,361,1107,798,522,1321,787,912,1695,816,985,1802,924,1176,2098,774,147,925,727,141,862,741,162,903,231,429,663,293,511,809,311,607,919,292,903,1197,266,835,1105,300,900,1199,289,444,724,293,470,764,299,435,734,276,19,298,262,15,278,280,34,316,342,164,501,308,132,442,344,148,489,77,46,122,48,32,84,66,42,110,3660,3369,7036,3760,3491,7256,4059,4024,8080
404011093,552,356,910,566,395,957,743,547,1289,891,1125,2020,1077,1318,2395,1450,1752,3202,846,185,1031,721,200,923,897,271,1165,278,496,776,382,622,1010,424,746,1170,372,876,1248,372,870,1241,425,914,1339,285,441,725,315,455,771,322,442,763,374,33,414,364,24,392,357,42,401,475,255,730,478,227,709,508,287,796,86,52,136,67,56,125,100,68,167,4159,3822,7975,4343,4167,8516,5224,5070,10290
404011094,113,71,185,133,101,235,176,126,296,135,195,334,139,250,389,212,375,588,377,48,424,380,66,446,449,73,523,63,193,262,85,223,310,114,329,439,108,310,414,104,311,416,113,351,466,95,169,269,102,182,284,99,192,292,211,26,243,181,24,200,220,33,254,161,116,279,199,130,326,212,145,360,26,13,40,13,15,30,32,28,50,1299,1156,2448,1340,1300,2635,1627,1650,3273
404011095,484,253,740,484,313,798,642,428,1072,602,782,1386,604,832,1435,784,1069,1856,820,154,974,771,153,931,921,214,1131,243,453,688,302,580,885,335,729,1061,273,937,1206,287,837,1127,323,877,1198,282,436,711,285,430,715,280,436,720,398,40,439,382,39,414,463,38,503,433,258,691,461,237,695,417,227,640,73,36,110,64,55,125,81,59,142,3591,3352,6945,3650,3477,7125,4249,4066,8314
404011096,714,306,1023,622,351,969,715,414,1128,633,737,1366,611,757,1365,682,911,1594,696,119,819,677,110,792,687,149,838,201,414,613,233,447,681,258,491,751,247,954,1200,242,802,1045,258,833,1092,266,435,706,269,395,669,241,360,603,286,35,321,292,29,321,272,29,299,327,171,495,286,133,417,298,151,455,88,38,132,73,48,128,70,53,126,3462,3211,6672,3303,3084,6386,3484,3399,6879
404011097,347,225,567,448,316,760,571,404,979,476,678,1147,656,835,1486,900,1149,2049,833,148,978,907,195,1100,1024,225,1251,226,506,734,314,707,1021,416,931,1355,264,666,929,292,717,1009,363,855,1214,247,371,622,296,454,752,348,475,824,460,63,519,544,53,598,589,57,648,547,280,829,610,342,948,640,423,1061,89,46,139,64,51,115,117,73,188,3497,2978,6478,4115,3679,7793,4968,4602,9566
404021098,0,0,0,0,0,0,0,0,0,0,0,0,0,0,0,0,0,0,0,0,0,0,0,0,0,0,0,0,0,0,0,0,0,0,0,0,0,0,0,0,0,0,0,0,0,0,0,0,0,0,0,0,0,0,0,0,0,0,0,0,0,0,0,0,0,0,0,0,0,0,0,0,0,0,0,0,0,0,0,0,0,0,0,0,0,0,0,0,0,0
404021099,487,328,809,514,391,908,604,464,1069,644,956,1604,603,1008,1614,712,1129,1840,892,163,1063,803,159,964,854,169,1029,280,582,863,302,651,955,284,707,987,243,840,1088,255,837,1091,260,836,1098,242,385,625,254,397,655,232,380,604,417,42,461,378,42,417,390,45,435,432,218,653,397,212,614,389,218,610,82,44,130,74,52,124,67,64,126,3726,3565,7295,3575,3756,7336,3792,4010,7800
404021100,428,208,635,390,277,670,425,303,727,392,553,941,378,601,975,434,702,1137,874,159,1035,837,145,979,927,177,1102,213,539,755,262,608,868,264,661,927,257,903,1165,214,804,1020,234,840,1079,213,391,603,222,377,596,198,346,542,531,38,569,504,32,540,473,49,527,450,278,729,422,283,704,440,249,692,73,37,114,66,34,101,72,63,132,3430,3107,6532,3295,3165,6455,3475,3384,6857
404021101,220,166,391,223,172,394,285,233,511,301,420,725,262,457,720,367,604,968,658,97,758,598,124,719,681,134,817,152,359,513,192,455,646,220,555,776,179,531,715,179,477,655,198,516,713,181,288,465,162,261,423,170,285,457,408,45,453,348,38,381,384,45,428,394,226,623,392,204,598,425,259,687,68,37,110,45,29,73,69,55,121,2569,2173,4743,2397,2212,4610,2796,2685,5482
404021102,294,164,458,316,189,507,399,290,688,467,584,1049,494,636,1129,659,872,1536,747,155,900,733,180,911,916,222,1142,221,507,727,289,671,958,392,944,1338,220,526,750,228,459,684,328,549,880,202,337,543,259,357,620,295,408,701,524,63,584,501,55,558,641,83,727,742,496,1238,726,512,1238,764,588,1350,120,65,179,92,60,153,139,86,230,3526,2899,6426,3631,3115,6749,4550,4045,8598
404021103,0,0,0,0,0,0,0,0,0,0,0,0,0,0,0,0,0,0,0,0,0,0,0,0,0,0,0,0,0,0,0,0,0,0,0,0,0,0,0,0,0,0,0,0,0,0,0,0,0,0,0,0,0,0,0,0,0,0,0,0,0,0,0,0,0,0,0,0,0,0,0,0,0,0,0,0,0,0,0,0,0,0,0,4,0,0,0,0,0,0
404031104,0,0,0,0,0,0,0,0,0,0,0,0,0,0,0,0,0,4,0,0,0,0,0,0,0,0,0,0,0,0,0,0,0,0,0,0,0,0,0,0,0,0,0,0,0,0,0,0,0,0,0,0,0,0,0,0,0,0,0,0,0,0,0,0,0,0,0,0,0,0,0,0,0,0,0,0,0,0,0,0,0,0,0,0,0,0,0,0,0,4
404031105,99,36,140,104,41,147,131,84,215,122,151,272,132,149,283,166,197,362,127,18,144,127,23,147,139,28,166,50,84,126,53,94,141,75,102,181,45,151,195,35,137,167,37,175,209,43,67,112,46,90,138,56,68,134,43,5,42,50,0,50,56,11,62,62,25,95,70,26,96,61,28,95,15,3,18,9,12,18,8,15,22,616,544,1158,619,572,1190,731,709,1441
404031106,443,212,653,466,241,704,587,318,906,585,681,1273,647,778,1424,740,987,1729,653,134,790,665,143,809,676,153,827,213,410,615,232,460,692,300,596,901,288,746,1031,270,689,966,284,768,1048,239,390,635,251,369,620,266,330,589,300,35,334,280,24,299,318,32,346,327,170,505,333,195,530,376,205,590,62,39,103,56,40,92,67,38,112,3114,2829,5943,3201,2940,6140,3622,3427,7040
404031107,766,395,1157,799,438,1236,908,602,1508,1058,1366,2422,1131,1485,2612,1498,2083,3582,1227,275,1502,1145,259,1398,1361,316,1672,463,822,1285,528,1021,1546,794,1485,2281,506,1373,1879,497,1257,1752,591,1306,1897,454,589,1038,499,623,1124,538,630,1172,540,52,593,526,51,571,606,50,657,671,362,1038,783,393,1177,883,410,1295,105,70,178,91,81,167,123,91,214,5787,5304,11096,5992,5597,11588,7300,6976,14280
404031108,479,321,805,519,371,889,562,466,1031,878,1098,1970,905,1192,2094,1211,1469,2684,791,188,978,766,178,938,847,222,1078,289,523,812,341,668,1005,424,814,1234,335,813,1149,311,785,1097,397,806,1206,304,415,727,294,442,738,317,470,785,368,27,399,344,23,359,397,34,427,480,233,714,518,269,788,519,272,791,100,43,141,65,46,113,83,67,153,4019,3675,7692,4051,3971,8019,4762,4624,9382
404031109,213,101,315,207,147,362,247,190,436,237,279,515,272,330,604,308,391,696,259,52,307,242,51,294,269,37,304,69,138,209,94,186,280,105,214,317,95,293,396,109,291,409,96,261,354,91,166,254,104,158,259,95,126,221,83,4,93,97,8,107,71,8,81,96,47,142,102,52,153,88,63,149,29,21,50,34,14,47,32,18,52,1176,1097,2276,1266,1240,2503,1316,1295,2611
405011110,343,198,540,345,184,533,362,224,583,199,261,464,196,264,458,194,331,523,367,96,461,346,86,437,344,100,446,34,178,216,35,222,259,65,250,315,50,247,294,51,241,297,57,239,298,56,154,204,77,152,223,72,140,213,183,13,197,171,16,186,174,24,200,341,227,566,348,208,560,343,215,561,27,14,40,20,11,32,37,14,52,1599,1391,2986,1597,1389,2990,1653,1532,3185
405011111,489,235,722,484,218,702,481,252,738,189,300,498,209,331,539,220,437,653,499,114,604,525,130,653,586,140,727,67,328,389,90,403,493,108,456,560,77,361,442,100,391,483,120,440,563,87,199,291,109,223,331,118,258,371,311,36,351,323,25,351,343,34,373,378,233,609,411,252,656,424,231,659,29,10,43,33,30,56,49,38,89,2132,1819,3951,2281,1997,4277,2447,2286,4738
405011112,280,135,412,278,134,413,319,181,503,182,284,470,187,304,490,195,366,559,426,83,503,442,74,513,503,91,585,65,192,255,73,250,327,84,299,384,74,318,390,66,313,381,76,337,408,68,160,227,71,163,225,87,183,263,181,19,199,183,17,201,195,25,219,256,122,383,251,106,357,263,128,392,28,11,44,33,12,46,42,24,71,1554,1327,2881,1589,1377,2965,1760,1630,3388
405011113,210,99,308,187,81,264,190,90,284,31,71,104,27,57,89,34,79,113,175,34,211,181,40,224,173,44,219,15,100,110,29,111,140,13,113,131,28,133,163,14,127,147,18,128,141,32,60,94,37,68,102,24,69,97,166,14,177,154,23,181,154,21,184,150,78,237,141,80,226,194,110,302,12,12,25,21,12,30,24,12,43,816,607,1424,790,604,1389,830,676,1506
405011114,240,126,369,239,133,375,267,173,439,146,190,337,120,229,352,149,293,443,326,78,396,340,89,434,389,100,492,54,219,270,62,225,293,79,341,421,89,271,359,89,286,377,81,321,405,70,157,230,84,174,252,93,182,278,229,7,240,232,17,246,235,28,266,343,218,564,398,245,644,409,229,633,25,12,44,27,12,37,27,15,45,1521,1286,2811,1586,1409,2999,1739,1672,3413
405011115,227,110,338,210,111,322,268,146,416,197,222,417,192,235,422,178,248,423,228,56,280,219,56,266,244,47,297,50,156,211,56,180,231,53,179,234,65,205,266,56,185,240,42,185,231,55,142,193,63,112,174,62,104,169,114,14,125,118,10,126,97,17,108,236,109,347,212,119,336,180,100,280,16,9,30,10,4,20,17,10,25,1193,1012,2207,1128,1013,2142,1148,1037,2186
405021116,208,92,302,174,106,280,186,115,301,127,190,317,118,193,315,121,222,341,243,47,291,231,48,278,253,57,307,33,137,166,41,157,194,47,180,225,33,213,242,38,194,235,31,184,209,77,107,189,72,108,181,62,102,159,103,11,107,126,12,135,87,13,100,185,108,292,173,95,275,171,99,268,17,16,25,19,6,28,21,10,36,1030,909,1937,1000,924,1925,974,981,1952
405021117,432,196,628,383,176,558,398,196,598,111,211,320,98,196,291,109,215,327,241,55,299,220,52,270,224,54,273,19,151,171,20,163,187,24,234,254,37,185,222,34,188,224,24,159,180,38,89,124,41,106,146,49,104,153,123,11,127,127,10,134,158,15,168,197,131,322,220,112,337,201,131,333,17,8,26,19,5,20,27,16,46,1211,1026,2242,1160,1014,2180,1212,1129,2338
405021118,377,159,546,343,132,476,324,132,454,42,100,140,52,107,160,39,108,142,190,45,232,175,43,217,184,46,227,16,133,150,19,111,132,18,135,160,14,126,146,13,136,151,14,133,146,37,84,115,24,70,101,21,94,119,113,6,119,133,12,140,133,7,144,178,129,310,179,114,294,153,109,261,12,11,27,25,17,44,15,10,23,986,794,1777,963,749,1712,905,778,1679
405021119,740,278,1021,661,258,912,644,250,894,119,261,382,113,252,366,105,307,408,357,97,459,340,81,420,335,83,422,50,289,335,52,305,356,66,348,415,48,309,359,44,299,342,56,297,358,51,150,207,52,167,223,54,165,217,326,20,344,343,27,374,318,41,362,414,222,632,443,261,702,418,257,680,33,26,56,49,18,64,52,36,87,2144,1653,3798,2093,1671,3759,2049,1791,3834
405031120,429,179,613,390,157,543,414,156,570,75,208,284,78,207,288,66,215,286,241,41,283,223,43,269,222,47,274,24,146,165,22,149,170,20,187,203,23,158,184,20,153,175,18,164,185,49,90,136,51,97,151,42,84,129,154,11,166,148,15,160,147,10,165,147,100,247,143,96,235,140,102,238,23,13,38,12,13,21,19,18,32,1165,947,2116,1090,919,2009,1091,985,2071
405031121,431,212,646,422,196,616,393,196,589,94,196,291,59,198,263,66,202,272,228,58,281,174,54,223,183,42,221,38,185,220,40,199,238,41,204,248,25,158,182,32,155,183,24,146,176,37,78,112,36,76,107,46,74,123,157,13,166,140,12,153,150,9,158,164,121,290,185,106,296,171,99,266,17,10,21,24,18,42,23,19,45,1180,1028,2209,1120,1014,2127,1099,990,2088
405031122,251,162,415,249,167,415,269,202,472,255,420,675,263,423,694,255,509,763,666,138,805,666,112,777,672,120,790,148,496,637,157,564,723,189,697,886,109,483,584,103,444,548,122,435,559,195,466,657,178,439,620,170,427,598,648,36,679,576,24,601,582,28,614,418,246,662,374,276,651,410,298,706,85,38,121,60,37,96,70,31,100,2768,2478,5245,2634,2489,5119,2748,2740,5486
405031123,206,89,299,186,79,262,172,84,255,59,124,189,57,143,202,59,162,224,154,25,181,160,27,187,168,22,188,25,104,128,22,127,151,23,109,135,32,121,153,22,127,147,21,109,129,25,73,99,42,62,105,39,72,110,117,13,126,118,5,125,113,8,128,94,64,153,95,66,165,85,62,149,19,7,26,7,8,15,20,17,31,727,622,1346,714,649,1364,701,643,1342
405041124,188,93,281,158,75,235,170,86,255,102,168,269,99,161,260,98,199,293,281,48,329,260,48,310,262,62,327,40,189,232,49,207,253,62,302,359,55,181,235,48,184,239,44,183,228,81,187,265,98,183,278,111,154,268,142,7,149,158,12,169,168,12,176,177,103,280,178,101,282,188,110,302,16,7,22,19,15,33,25,12,43,1083,982,2071,1063,985,2054,1122,1124,2243
405041125,138,60,203,150,77,223,147,76,219,58,139,195,57,142,201,79,160,237,223,53,276,230,38,269,225,52,273,31,155,184,53,174,225,41,221,263,22,143,168,27,143,169,27,147,172,48,112,157,44,99,145,62,93,155,105,0,104,114,3,117,113,8,118,136,64,201,160,74,235,139,61,196,19,7,29,15,10,21,12,11,28,780,728,1507,844,759,1603,833,829,1666
405041126,109,62,170,103,55,156,111,69,189,49,96,148,51,131,181,63,127,192,133,35,167,146,30,181,176,36,203,36,119,151,33,123,160,41,174,216,20,99,124,24,103,122,25,140,165,55,91,150,63,89,148,50,73,120,112,7,117,99,4,100,110,4,117,139,82,223,143,71,223,120,82,204,17,8,31,18,11,33,31,11,43,668,599,1267,691,618,1308,724,718,1446
405041127,559,236,795,533,218,747,510,225,736,94,170,258,90,175,268,89,198,277,281,48,331,264,52,319,272,58,329,40,211,247,42,210,252,45,248,298,42,231,271,40,222,266,36,219,250,63,128,189,57,130,189,62,132,196,180,13,193,186,13,202,213,27,235,195,157,349,215,147,366,214,132,341,32,19,50,19,17,41,29,24,49,1488,1203,2685,1463,1188,2648,1466,1255,2723
405041128,244,104,350,233,109,335,219,97,317,62,114,181,52,96,150,57,105,164,197,46,244,176,39,218,175,36,213,27,126,152,23,124,150,31,137,166,7,120,126,21,95,116,12,110,125,26,75,98,18,87,104,18,86,103,96,5,100,88,10,93,101,11,115,155,77,235,147,74,223,142,76,216,20,8,24,7,8,21,21,10,32,843,670,1515,768,646,1420,779,667,1441
406011129,113,50,162,98,51,146,109,43,149,53,108,164,52,126,176,63,145,211,150,17,167,121,24,143,123,19,145,48,135,180,52,136,188,56,152,210,22,133,155,22,106,130,28,104,132,32,64,92,33,62,92,37,45,83,124,3,131,101,6,106,89,3,92,114,61,176,89,61,151,101,66,165,21,16,38,25,14,37,16,4,23,667,593,1261,587,583,1166,624,583,1204
406011130,663,247,914,576,224,796,582,249,835,117,234,348,117,241,352,112,276,383,318,67,384,297,72,372,312,71,385,33,225,257,38,207,241,59,280,336,36,237,274,20,265,285,37,264,302,55,141,196,56,124,182,77,158,238,195,15,210,200,11,213,184,19,203,243,127,371,252,154,398,257,121,371,17,10,29,25,12,38,41,27,70,1680,1307,2986,1571,1310,2882,1657,1463,3121
406011131,549,234,784,463,193,654,439,183,622,61,136,197,51,120,171,41,143,189,199,49,249,192,43,233,200,40,237,16,132,141,11,140,152,22,172,192,25,152,176,18,153,172,18,147,159,35,86,118,41,79,125,41,78,121,149,19,170,141,18,160,141,19,155,162,92,253,158,92,248,140,83,221,12,20,29,16,18,38,30,19,44,1206,911,2122,1093,861,1954,1054,884,1943
406011132,313,117,436,284,115,404,231,110,348,54,102,153,29,79,113,28,85,113,109,27,137,98,21,110,63,19,81,17,72,88,14,65,83,7,61,69,4,75,78,8,84,93,8,84,89,20,39,59,20,43,60,17,41,62,49,19,68,51,16,62,45,11,58,102,57,159,111,70,182,107,54,166,4,9,16,6,6,17,13,9,23,669,521,1187,627,494,1126,525,475,1004
406011133,537,285,824,505,258,770,493,317,807,452,601,1051,468,611,1070,480,749,1231,937,143,1079,933,153,1089,955,156,1116,179,566,749,213,621,831,268,808,1070,136,731,866,103,726,829,118,681,804,239,487,731,263,537,799,295,491,788,424,26,450,369,28,397,388,31,416,707,388,1092,624,352,978,653,360,1008,67,48,117,66,46,115,69,54,121,3675,3278,6953,3539,3340,6875,3716,3649,7358
406011134,351,139,492,326,127,458,325,129,452,42,105,149,47,115,163,55,150,200,156,35,196,154,28,175,165,25,188,34,128,160,27,103,137,37,118,150,15,118,134,18,122,140,19,123,142,29,73,104,36,81,117,32,69,99,91,18,111,87,9,99,97,9,107,168,70,240,159,83,243,143,89,235,14,11,27,15,11,31,25,6,30,914,708,1621,885,676,1565,883,720,1601
406011135,5,0,4,3,5,7,3,5,9,5,6,8,0,3,9,10,11,15,6,0,4,4,0,4,3,0,3,0,0,0,0,0,0,0,8,8,0,0,0,0,0,0,0,0,0,0,3,3,0,0,0,0,0,0,7,0,7,8,0,8,12,0,15,5,8,10,0,0,5,0,6,7,3,0,8,0,0,0,3,0,3,34,14,54,20,10,28,33,26,56
406011136,416,303,717,345,285,629,402,350,749,511,814,1322,423,802,1217,437,812,1244,1559,200,1761,1294,191,1489,1343,192,1537,212,700,912,213,767,974,241,942,1179,176,737,908,139,670,811,165,633,800,183,655,839,190,591,780,179,573,754,1242,103,1346,1137,107,1238,1203,140,1342,615,469,1086,543,397,947,613,416,1029,188,46,239,137,53,189,136,59,202,5093,4029,9126,4426,3858,8282,4713,4127,8843
406011137,0,0,0,0,0,0,0,0,0,0,0,0,0,0,0,0,0,0,0,0,0,0,0,0,0,0,0,0,0,0,0,0,0,0,0,0,0,0,0,0,0,0,0,0,0,0,0,0,0,0,0,0,0,0,0,0,0,0,0,0,0,0,0,0,0,0,0,0,0,0,0,0,0,0,0,0,0,0,0,0,0,0,0,0,0,0,0,0,0,0
406021138,42,29,71,36,31,71,36,25,61,79,130,208,52,117,169,54,150,202,20,15,27,16,3,22,13,8,24,47,84,135,45,89,132,40,88,129,7,38,49,10,15,31,10,16,32,5,11,22,10,15,20,5,11,12,4,0,9,9,0,5,0,0,7,121,33,160,43,16,55,34,12,45,15,17,26,13,8,12,6,5,18,352,355,714,222,293,518,204,320,518
406021139,49,37,87,53,39,90,42,23,68,28,46,76,32,54,86,20,49,71,69,21,85,59,11,72,58,4,63,52,83,131,37,77,123,31,72,103,11,47,57,13,56,67,7,41,51,15,32,53,29,26,51,31,29,58,80,7,94,53,3,57,41,4,45,54,44,91,45,29,74,38,21,54,12,4,18,14,11,27,6,6,18,369,326,695,333,306,641,270,257,528
406021140,110,68,182,88,55,141,101,69,170,41,104,147,42,95,134,34,77,114,142,25,170,107,26,133,107,15,125,22,79,105,28,83,109,34,96,132,17,75,87,10,67,80,15,76,93,17,41,58,15,38,58,12,36,53,83,9,90,86,4,85,87,11,96,61,57,113,62,49,113,64,62,123,20,4,21,12,7,21,15,7,20,516,462,978,447,424,876,472,442,918
406021141,229,115,344,194,108,300,175,83,261,114,99,207,59,51,118,34,61,92,327,61,383,222,48,270,103,42,142,52,105,163,41,44,89,36,53,88,31,103,133,29,66,99,15,64,74,12,50,55,9,29,34,9,18,21,336,28,356,173,14,194,120,11,135,198,98,293,164,81,243,137,82,219,41,7,49,15,4,19,30,4,34,1328,653,1986,915,448,1366,656,418,1069
406021142,227,195,419,251,196,449,247,204,454,258,535,790,225,530,758,245,568,812,798,124,925,602,96,697,655,107,765,323,560,877,321,571,894,349,616,965,155,609,768,132,504,641,102,498,603,147,373,521,180,364,545,179,326,508,484,22,506,465,15,481,463,43,506,410,249,656,373,253,625,430,284,715,82,39,120,56,43,92,66,51,117,2886,2704,5590,2606,2575,5179,2751,2697,5450
406021143,145,71,221,97,54,153,99,74,175,259,189,454,154,140,297,121,148,268,628,116,749,498,83,584,501,103,601,26,103,138,21,114,139,25,125,146,49,247,302,25,158,187,31,179,209,26,87,112,26,84,110,24,60,88,438,43,478,450,44,489,381,117,494,142,121,260,105,95,201,122,95,222,58,21,77,32,23,54,35,15,54,1778,1009,2787,1410,796,2204,1331,921,2254
407011144,262,158,422,266,166,431,295,205,504,189,342,535,204,335,538,258,405,667,511,115,626,469,97,565,520,137,659,97,325,419,129,397,525,145,496,651,76,319,395,59,319,376,85,320,397,118,249,369,133,236,367,151,222,380,182,10,196,172,8,189,211,19,229,317,197,512,263,173,444,306,187,493,36,21,52,31,23,53,44,32,71,1793,1730,3523,1726,1756,3478,2021,2032,4051
407011145,370,185,554,353,194,545,357,204,560,93,162,252,78,174,250,88,176,265,225,56,279,202,60,256,224,56,277,71,183,249,66,187,249,59,208,268,24,186,206,29,161,193,41,181,220,61,119,176,65,129,200,60,130,191,95,8,100,81,7,96,92,8,108,210,126,335,212,139,351,214,126,348,17,17,31,17,7,29,36,22,61,1154,1047,2195,1099,1068,2170,1180,1110,2290
407011146,250,128,379,227,112,339,259,164,429,174,263,438,160,285,448,167,348,515,393,89,479,386,88,473,427,94,524,71,260,327,78,323,402,93,375,469,62,291,355,80,311,389,78,332,407,92,175,268,115,164,274,127,176,302,205,21,223,213,28,237,229,25,260,276,163,441,254,152,405,270,176,447,31,16,46,16,15,35,31,22,59,1549,1409,2956,1521,1473,3000,1686,1714,3402
407011147,461,246,705,456,247,704,506,269,777,185,276,459,174,308,481,209,339,552,425,95,522,457,96,561,492,101,592,75,256,334,93,309,405,92,361,456,56,335,392,51,347,395,69,355,425,73,165,236,80,174,254,91,179,275,237,13,245,210,19,224,222,18,236,281,162,441,265,154,418,329,195,525,34,22,56,34,19,51,44,31,81,1818,1568,3386,1824,1677,3499,2053,1860,3914
407011148,322,200,519,320,189,509,351,224,572,272,386,652,275,429,708,344,519,857,571,108,684,550,105,656,634,122,756,155,455,610,175,501,674,247,663,912,105,405,508,89,432,522,83,445,531,211,366,579,194,329,522,222,357,577,219,11,234,210,13,224,220,14,235,366,173,534,394,208,600,399,232,631,43,29,76,38,18,60,39,34,74,2260,2138,4397,2250,2232,4479,2547,2605,5155
407011149,327,175,499,299,161,455,323,197,517,109,159,267,103,170,272,128,208,339,252,59,309,263,59,322,305,63,361,48,178,221,59,196,249,66,246,314,26,187,213,36,206,245,58,257,310,54,122,178,72,140,209,68,136,206,105,9,122,121,11,135,126,4,132,199,98,301,200,112,314,227,148,381,17,7,26,21,27,46,32,21,50,1149,991,2139,1167,1086,2252,1332,1276,2614
407021150,437,205,646,368,180,547,375,207,581,93,180,277,112,167,279,100,202,298,303,57,360,304,65,368,350,73,426,29,157,184,28,182,211,45,210,251,30,261,287,26,247,277,21,241,260,55,146,202,49,140,196,57,140,200,198,19,219,232,19,255,218,19,236,259,124,385,272,120,387,270,131,407,32,18,47,22,17,37,29,19,48,1442,1171,2611,1409,1139,2548,1459,1251,2711
407021151,374,162,537,341,149,489,313,171,478,56,111,164,44,108,155,51,125,177,178,45,228,171,35,203,192,42,233,16,122,136,18,132,149,38,148,190,19,134,149,12,121,134,16,126,146,47,93,142,44,115,163,47,107,149,68,6,76,66,6,74,83,8,90,224,121,338,227,111,330,200,106,307,9,9,15,13,12,26,23,17,36,993,791,1784,939,792,1730,961,852,1812
407021152,169,87,252,164,74,242,158,90,248,66,144,214,68,147,214,58,144,198,311,54,366,272,47,316,280,51,332,49,181,225,51,225,276,55,266,315,29,206,234,28,179,200,28,175,201,56,145,205,64,133,195,64,119,176,244,16,260,211,13,221,178,21,201,227,153,375,192,146,337,211,132,351,20,16,38,15,8,23,33,15,49,1163,1010,2175,1058,972,2032,1063,1012,2070
407021154,315,140,454,274,114,394,279,146,427,119,183,303,113,215,330,130,248,378,366,69,427,367,67,437,378,59,438,47,178,218,45,192,240,49,229,278,59,232,284,40,243,281,40,225,261,119,191,314,124,199,325,104,188,292,148,28,174,153,16,175,144,17,161,398,220,616,511,222,732,494,247,737,24,20,39,22,8,31,41,32,69,1594,1249,2844,1657,1279,2938,1662,1381,3045
407021155,449,174,625,411,156,574,419,159,576,44,99,138,28,85,116,17,84,98,92,18,110,90,20,110,86,24,114,3,62,64,13,55,70,12,58,71,6,126,135,3,112,114,6,104,108,16,42,55,24,47,71,15,50,66,56,11,63,65,4,71,52,12,61,120,69,187,111,59,167,129,65,193,8,8,15,7,9,17,16,11,28,797,606,1397,744,551,1297,749,574,1323
407021156,285,148,429,254,129,383,264,131,399,67,97,164,67,107,168,65,98,162,119,32,151,118,26,146,131,33,165,15,82,100,12,98,114,21,98,119,15,117,128,15,113,127,12,111,121,27,97,124,37,76,108,24,76,98,113,10,121,109,8,117,96,13,111,207,110,321,202,88,292,184,101,286,7,8,21,16,7,24,20,10,33,852,707,1560,823,667,1489,818,676,1491
407021157,703,262,961,612,244,854,646,269,914,89,214,304,101,229,325,87,247,331,349,77,423,353,81,432,392,79,471,26,172,199,16,183,204,28,238,261,32,286,316,28,287,314,32,296,328,100,147,242,90,173,268,80,153,232,197,33,236,221,23,240,297,40,335,413,253,669,485,246,731,471,267,743,30,12,40,42,19,60,37,22,50,1941,1451,3397,1948,1475,3428,2064,1604,3670
407021158,250,133,378,247,134,385,254,136,387,50,103,148,46,120,162,43,143,188,186,33,224,145,46,187,168,24,197,20,102,118,20,101,121,23,132,155,14,104,121,16,106,125,17,113,125,20,78,99,26,80,106,23,91,117,140,7,153,108,13,118,106,12,122,179,127,307,174,97,270,180,106,283,14,14,25,8,9,19,16,13,28,874,700,1570,796,698,1490,835,769,1607
407021173,488,267,756,432,257,693,471,288,760,363,587,944,377,605,980,348,695,1041,928,126,1056,789,134,921,851,160,1016,156,559,716,205,647,851,242,802,1045,153,692,838,151,676,832,132,641,774,266,537,803,284,572,857,287,500,789,590,36,628,601,33,635,596,32,626,532,319,855,548,349,894,557,343,902,65,39,106,52,25,80,75,32,111,3541,3159,6705,3430,3298,6732,3558,3505,7061
407021174,396,229,631,376,243,620,430,292,720,332,511,845,318,594,909,323,668,991,853,148,998,820,132,947,855,156,1012,131,484,614,186,564,747,217,732,949,136,602,740,138,579,719,117,603,721,248,501,749,247,474,725,252,483,735,611,34,641,603,26,637,583,40,628,475,354,835,527,308,830,550,332,885,63,30,91,56,31,86,63,36,101,3249,2890,6143,3265,2954,6220,3395,3346,6745
407031159,326,154,478,302,142,444,299,150,448,99,220,322,106,215,322,109,239,349,313,80,391,327,87,414,332,80,414,64,238,304,59,281,342,71,313,381,57,244,295,41,238,275,46,239,288,86,148,242,87,170,256,89,123,214,170,8,183,208,20,228,196,20,212,328,185,513,328,164,495,336,182,518,29,10,41,20,15,40,39,24,64,1475,1290,2769,1482,1326,2814,1524,1369,2889
407031160,113,52,167,105,60,171,89,53,145,117,146,263,121,159,282,124,173,294,171,35,202,127,26,153,169,36,205,48,148,198,55,123,176,71,195,268,33,160,195,33,144,177,24,127,150,48,77,122,43,99,141,46,108,157,87,9,94,97,7,103,98,8,110,151,136,284,162,126,289,215,124,341,15,14,26,11,10,17,25,8,35,786,771,1553,751,756,1512,872,831,1705
407031161,471,164,634,406,161,574,345,136,478,35,105,138,22,96,117,35,74,113,128,27,150,104,26,135,105,23,133,12,93,106,7,89,95,8,98,107,6,99,109,6,79,86,8,99,108,20,62,83,24,57,87,26,53,73,90,8,99,88,11,104,94,19,113,92,74,167,119,96,209,136,89,215,12,4,17,13,5,16,16,8,26,863,642,1501,798,618,1422,769,592,1364
407031162,273,114,386,245,128,376,255,126,384,115,224,339,101,213,318,116,246,361,272,50,319,254,53,307,281,58,343,38,217,251,51,232,283,63,263,324,42,201,242,34,213,249,47,204,246,82,127,206,78,143,221,57,136,190,154,10,162,150,8,159,164,10,175,290,156,445,287,125,410,262,129,393,23,23,43,20,12,31,32,16,49,1275,1124,2399,1224,1129,2355,1283,1184,2468
407031163,206,78,284,175,72,250,183,77,252,23,48,77,31,46,70,24,59,85,54,18,69,57,10,62,61,10,69,7,59,69,9,49,52,9,56,64,6,67,73,12,72,85,3,81,85,11,21,38,8,32,44,5,29,38,51,0,48,56,8,60,66,10,77,98,48,144,81,51,139,80,37,120,0,0,6,4,6,12,13,6,23,457,359,815,431,341,774,441,367,815
407031164,349,155,511,305,161,462,322,175,503,89,133,222,75,132,211,84,144,222,306,75,376,297,53,360,297,77,373,36,195,233,46,214,259,62,249,315,35,178,210,22,173,196,31,184,211,47,94,142,50,129,182,55,118,173,173,16,194,197,21,213,181,22,206,266,191,456,258,169,426,254,193,438,18,9,34,21,16,38,39,19,53,1316,1046,2364,1275,1077,2348,1322,1175,2494
407031165,414,221,640,376,235,613,421,280,699,240,355,596,204,394,600,220,463,688,746,144,892,778,126,898,809,156,961,202,541,741,217,639,855,268,833,1102,139,604,745,130,550,682,147,543,688,243,426,668,240,532,774,254,497,755,500,68,568,483,54,534,466,30,498,964,605,1575,1099,687,1790,889,643,1525,85,52,137,90,31,124,102,44,149,3539,3021,6559,3614,3253,6869,3575,3494,7070
407031166,291,124,416,263,119,379,288,128,415,57,90,145,58,119,175,44,128,173,176,44,223,197,54,253,209,49,260,40,106,149,44,124,164,32,147,175,32,133,164,37,146,186,46,160,206,28,75,101,45,95,137,34,92,133,130,19,148,122,20,139,125,19,141,161,106,262,181,109,283,164,107,271,18,9,23,23,14,31,28,17,53,928,703,1633,959,798,1758,967,847,1817
407031167,106,66,178,137,79,218,155,78,232,73,128,202,70,128,192,71,136,206,154,26,181,158,22,177,168,36,205,39,133,172,43,145,187,40,210,251,32,133,166,24,120,145,32,151,182,61,110,174,76,111,189,64,111,181,111,8,113,114,10,120,149,7,152,251,183,434,240,165,404,261,192,451,17,7,32,20,15,34,20,20,43,847,799,1648,877,792,1663,957,945,1904
407031168,336,150,488,324,135,460,328,149,476,88,151,234,89,174,262,89,170,261,236,39,279,269,46,320,301,51,352,39,192,228,43,150,194,48,229,272,40,218,260,36,229,266,28,221,249,68,138,206,61,118,174,65,136,202,172,7,178,191,7,197,160,15,176,344,207,545,289,199,489,360,161,525,25,16,42,24,23,45,41,23,61,1348,1114,2458,1328,1075,2404,1427,1155,2577
407031169,587,235,816,518,205,722,512,199,710,63,143,198,51,132,183,60,143,199,190,61,247,167,51,209,188,42,232,22,164,188,26,171,197,30,197,226,16,186,203,25,162,187,26,174,198,55,128,179,57,124,183,51,123,167,162,15,180,159,19,174,168,14,176,273,136,407,266,137,404,250,167,408,20,10,26,17,10,29,28,21,42,1382,1073,2455,1289,1004,2292,1292,1065,2358
407031170,384,176,560,365,146,514,343,146,493,71,189,258,79,169,248,70,171,241,260,59,317,295,75,366,298,72,364,70,190,256,72,202,273,88,234,318,24,219,244,32,238,275,29,224,249,49,133,184,65,132,196,53,133,189,198,9,206,195,10,204,205,17,216,370,227,600,331,210,535,336,232,564,40,12,50,35,21,56,39,29,70,1466,1206,2673,1468,1214,2679,1456,1248,2702
497979799,0,0,0,0,0,0,0,0,0,7,0,7,0,0,0,0,0,0,0,0,0,4,0,4,0,0,0,0,0,0,0,0,0,0,0,0,0,0,0,0,0,0,0,0,0,0,0,0,0,0,0,0,0,0,0,0,0,0,0,0,0,0,0,4,0,4,0,0,0,0,0,0,0,0,0,0,0,0,0,0,0,4,0,4,6,0,8,8,0,8
499999499,48,17,69,34,16,52,38,26,66,64,61,131,52,49,103,55,72,123,118,12,126,96,18,109,82,20,106,24,60,85,22,31,53,24,55,76,39,56,95,20,38,54,19,40,64,18,35,53,23,19,51,25,38,57,85,0,84,79,3,84,56,8,66,165,74,243,137,73,211,96,42,141,27,7,34,15,3,12,21,8,27,592,321,910,467,268,733,419,311,724
501011001,353,192,546,327,215,551,356,238,598,99,141,242,129,208,335,170,293,461,263,65,328,316,62,378,417,96,510,39,137,179,57,178,231,74,240,312,28,185,210,26,201,233,31,264,299,31,133,163,67,149,215,73,168,236,104,10,112,118,8,127,165,16,184,182,116,296,227,151,383,258,168,426,20,14,31,23,10,31,28,28,49,1117,988,2109,1291,1187,2480,1568,1508,3082
501011003,499,302,804,531,336,867,618,428,1044,341,384,722,375,502,881,475,706,1183,648,128,773,784,126,912,879,167,1049,85,271,352,102,365,469,142,457,599,50,399,453,51,423,473,64,465,530,143,257,398,159,294,455,164,314,478,174,16,188,237,33,267,230,39,261,327,169,493,374,182,558,389,263,653,29,15,44,38,29,73,60,42,98,2286,1939,4223,2647,2297,4943,3019,2887,5910
501011004,290,195,487,371,243,613,394,319,713,260,306,563,307,448,760,429,592,1025,590,104,693,684,118,809,753,168,927,91,287,380,111,406,516,159,489,646,43,320,363,56,341,391,62,328,394,122,269,385,129,293,425,138,311,452,157,20,178,206,20,230,261,32,295,369,174,542,374,240,617,443,270,710,24,18,41,42,22,62,41,25,61,1950,1684,3634,2284,2131,4418,2675,2542,5218
501011293,245,129,373,272,177,453,297,208,508,176,230,405,219,328,545,247,448,692,446,79,526,550,91,643,624,129,747,53,242,304,74,333,406,118,396,517,68,300,370,78,351,430,82,383,463,114,223,332,151,290,444,153,284,437,194,13,209,231,26,256,282,46,325,253,168,420,288,184,478,319,216,534,33,15,46,23,19,45,45,29,72,1582,1404,2985,1881,1810,3694,2171,2129,4295
501011294,456,270,728,465,321,785,543,385,928,333,502,841,364,612,976,435,845,1278,1106,161,1263,1206,194,1401,1314,267,1586,119,534,650,191,709,902,268,939,1206,136,669,803,122,731,851,142,735,878,245,520,765,264,538,808,322,563,879,462,36,496,542,46,593,594,88,678,551,374,921,568,427,990,622,507,1126,52,28,82,75,30,105,87,51,140,3455,3096,6550,3788,3614,7403,4327,4379,8710
501021005,477,238,709,412,271,682,445,299,747,434,590,1019,436,697,1134,481,863,1342,1314,200,1511,1368,211,1578,1571,289,1868,119,512,632,150,678,826,186,865,1054,155,813,968,142,814,954,165,908,1079,187,486,672,248,596,843,239,552,788,708,76,781,741,69,807,927,125,1046,536,339,867,575,342,912,640,418,1058,63,30,91,83,48,130,96,52,150,3982,3273,7254,4143,3716,7861,4747,4376,9131
501021007,186,121,307,189,123,317,195,152,349,119,165,282,117,221,333,122,244,366,352,62,419,379,75,450,362,96,460,30,163,192,36,197,231,72,240,304,24,207,238,36,226,264,29,215,246,42,98,144,52,126,181,48,129,177,222,30,256,211,21,239,263,42,304,183,112,296,207,145,355,211,142,356,16,7,20,24,15,44,33,13,44,1182,969,2146,1246,1158,2412,1341,1274,2615
501021008,109,66,173,111,76,186,101,88,182,112,178,299,119,197,316,116,202,322,505,65,571,433,69,503,366,79,450,54,268,324,55,264,319,66,310,380,54,264,318,47,206,251,49,201,249,81,208,294,84,174,263,72,195,258,298,27,322,286,17,306,280,32,314,277,165,447,285,211,496,259,239,500,25,14,37,32,22,52,29,23,58,1520,1264,2784,1446,1240,2684,1349,1363,2709
501021009,139,111,244,109,120,223,120,107,230,144,202,349,83,202,281,90,207,296,1020,114,1136,655,113,770,666,126,790,60,270,332,48,290,339,50,346,397,52,292,348,45,276,323,37,260,291,49,237,289,42,210,257,53,202,252,600,49,655,500,59,558,453,100,560,429,296,728,245,231,477,291,239,529,62,25,86,43,16,59,51,26,79,2560,1608,4161,1767,1518,3282,1811,1608,3420
501021010,177,101,279,170,104,278,202,99,301,88,112,205,88,139,234,87,170,255,227,46,277,227,35,264,244,44,287,17,87,106,22,108,125,27,117,146,19,147,165,26,155,182,27,173,197,41,82,123,34,80,112,35,59,98,159,17,175,158,15,166,159,16,174,102,68,175,90,61,151,106,78,188,14,9,17,14,7,17,14,10,22,843,670,1517,827,708,1527,899,768,1663
501021011,0,0,0,0,0,0,0,0,0,0,0,0,0,0,0,0,0,0,0,0,0,0,0,0,3,0,3,0,0,0,0,0,0,0,0,0,0,0,0,0,0,0,0,0,0,0,0,0,0,0,0,0,0,0,0,0,0,0,0,0,0,0,0,0,0,0,0,0,0,0,0,0,0,0,0,0,0,0,0,0,0,4,0,5,3,5,8,3,0,8
501021012,303,157,459,258,170,424,270,189,459,232,309,543,229,381,610,292,474,762,967,142,1108,940,163,1108,952,168,1122,67,366,433,95,461,557,122,572,697,111,580,690,100,547,650,120,572,696,155,379,537,161,450,613,180,422,597,478,60,542,578,46,617,596,72,667,397,239,638,415,222,643,443,256,700,47,26,74,64,28,92,63,38,99,2764,2260,5029,2849,2478,5326,3041,2762,5802
501021014,376,193,573,343,187,530,353,216,569,139,236,378,129,233,360,141,310,453,549,91,633,607,104,712,666,140,804,47,210,257,55,255,308,70,341,411,66,323,390,57,337,395,48,359,408,61,185,246,67,211,278,62,181,243,379,35,418,387,36,421,436,70,498,456,275,734,455,289,742,520,350,871,32,28,64,45,23,70,65,35,98,2103,1578,3682,2143,1679,3821,2362,1989,4353
501021015,169,105,267,141,105,248,159,129,288,171,204,369,151,223,370,167,247,412,618,85,709,525,92,618,501,121,622,60,215,273,66,260,322,93,333,426,69,352,416,71,336,405,70,304,373,102,262,370,109,220,329,107,220,326,321,39,365,259,31,289,308,50,357,305,196,507,252,204,456,304,214,518,23,10,37,25,20,42,27,24,50,1836,1471,3311,1591,1485,3073,1739,1638,3375
501021016,109,57,162,114,57,173,124,72,192,39,75,116,50,86,134,47,102,144,300,52,347,294,74,367,326,81,407,21,110,137,36,152,186,19,150,174,20,134,154,18,128,147,23,135,152,15,72,80,28,75,105,24,82,105,237,30,267,236,34,263,249,42,286,131,106,233,114,105,219,130,108,236,13,7,18,23,11,29,33,17,51,886,638,1523,909,722,1627,967,790,1750
501021251,264,99,363,235,137,376,280,162,445,281,370,650,326,483,814,340,579,922,560,79,637,649,93,745,728,134,854,68,202,268,112,379,490,133,509,641,70,391,461,82,398,482,106,475,582,106,231,335,146,288,430,141,301,439,266,14,283,342,22,366,389,44,430,183,107,293,283,162,449,332,211,545,19,15,34,44,19,67,38,31,65,1821,1505,3323,2222,1996,4220,2480,2444,4925
501021252,115,49,159,103,49,153,118,62,176,132,185,322,120,178,298,134,224,358,237,31,274,266,33,299,285,40,322,28,100,125,20,103,126,19,130,145,27,177,201,28,176,205,25,148,177,50,65,116,34,75,114,28,77,111,84,10,94,76,9,81,104,11,116,87,38,125,92,38,129,90,58,145,13,3,11,17,8,25,11,5,22,764,670,1430,758,672,1428,819,760,1572
501021253,465,234,697,419,221,643,414,266,677,607,670,1273,550,747,1301,597,899,1493,980,158,1138,775,152,928,825,146,979,95,406,494,110,444,555,155,496,649,135,614,750,115,557,670,128,585,719,173,330,507,161,323,489,166,303,468,372,37,402,294,27,325,376,57,432,393,215,613,398,211,611,388,230,610,38,31,68,51,35,81,44,28,71,3258,2697,5953,2877,2719,5594,3095,3006,6102
501021254,72,62,134,70,48,116,47,63,115,98,128,225,98,131,228,79,127,208,358,60,422,288,44,333,305,62,360,38,184,222,40,186,226,59,222,278,34,193,225,24,143,175,41,135,178,65,163,222,59,162,223,53,129,182,275,25,295,211,20,228,216,31,249,263,164,426,206,177,385,231,172,397,24,12,40,20,9,28,30,9,40,1223,989,2216,1019,927,1941,1065,939,2009
501031017,382,217,602,364,203,565,420,236,653,127,206,328,106,238,344,149,267,410,333,60,397,348,72,422,369,107,472,41,190,231,36,203,243,42,255,305,33,223,260,35,205,240,38,237,278,46,131,181,50,148,197,54,144,192,229,27,254,259,24,274,296,41,339,213,163,373,193,163,354,200,169,367,34,16,49,30,17,43,32,20,49,1447,1237,2682,1424,1272,2687,1600,1472,3070
501031018,295,175,474,291,165,461,282,207,485,122,204,331,113,215,329,125,264,385,337,61,391,340,67,404,394,72,463,31,184,218,41,187,222,61,209,273,46,191,236,38,211,252,39,212,252,52,114,165,55,122,184,49,106,155,212,19,234,254,22,278,285,41,320,236,140,372,180,161,339,206,168,373,31,14,42,32,10,42,24,24,53,1361,1100,2468,1349,1160,2513,1470,1308,2774
501031019,259,116,370,233,135,367,256,127,384,116,154,268,114,181,292,93,166,259,307,62,376,333,62,397,301,85,380,30,177,216,45,179,229,61,214,273,53,260,311,46,265,307,31,231,262,81,173,248,73,168,241,75,147,223,229,12,239,242,6,255,242,14,258,277,183,464,236,178,420,271,200,474,21,15,37,19,14,28,21,10,37,1374,1152,2525,1348,1186,2530,1355,1200,2549
501031020,418,222,639,390,219,612,392,262,651,109,183,293,92,157,248,90,192,283,199,53,249,199,40,239,223,42,263,37,169,209,36,139,180,48,163,212,28,170,196,21,150,170,29,165,196,41,97,139,51,114,163,39,85,118,160,11,169,171,7,180,159,25,184,244,172,420,190,171,356,257,203,454,22,23,49,32,15,45,31,22,50,1256,1099,2355,1190,1007,2193,1261,1149,2410
502011021,139,73,212,165,113,276,202,138,340,134,192,324,145,240,384,167,311,476,438,74,513,516,79,593,581,122,708,33,162,198,53,224,273,74,351,428,39,250,289,53,291,343,46,296,343,66,162,225,69,186,260,87,229,308,223,24,241,255,35,285,339,63,398,176,81,252,196,92,291,260,127,385,25,11,34,27,20,42,53,21,72,1265,1033,2292,1483,1275,2753,1808,1655,3464
502011022,187,107,297,220,133,344,251,185,428,172,236,410,187,370,554,212,384,599,563,76,639,596,97,686,662,116,777,73,240,314,83,300,379,97,419,516,69,298,367,59,346,403,69,382,453,87,246,331,99,251,350,100,240,343,243,20,260,300,41,338,317,63,383,241,99,344,247,127,368,270,116,387,30,14,45,32,25,51,48,24,74,1659,1342,3004,1805,1674,3482,2033,1938,3970
502011023,139,93,230,112,102,219,134,107,247,128,200,331,135,233,370,117,243,365,685,81,762,608,92,703,538,127,659,75,352,427,85,337,422,106,424,532,70,312,379,70,268,337,44,239,281,101,285,388,101,256,356,100,235,339,419,48,471,365,58,419,410,86,491,324,211,531,259,208,467,281,200,484,42,15,59,42,21,62,36,19,61,1981,1599,3576,1770,1577,3349,1769,1678,3453
502011024,533,256,785,439,294,737,487,351,841,468,616,1082,439,705,1142,522,812,1339,1203,211,1412,1240,205,1439,1292,233,1526,155,573,727,201,656,855,232,875,1109,137,781,918,142,706,843,147,735,883,205,575,782,239,562,798,250,557,805,576,43,623,629,58,685,735,124,861,505,231,737,451,289,736,455,275,727,71,34,101,77,42,119,89,42,131,3852,3317,7166,3845,3502,7346,4210,4020,8228
502011025,164,102,266,168,106,277,196,160,358,144,199,343,163,252,408,184,284,465,539,80,616,518,86,606,510,138,641,64,293,356,107,325,427,114,386,504,65,292,361,60,257,316,65,277,348,115,223,335,107,230,342,104,245,346,273,46,321,275,44,318,308,60,369,285,157,442,269,167,438,310,210,520,36,15,56,32,19,50,42,33,69,1689,1405,3095,1698,1486,3186,1833,1781,3618
502011026,148,78,227,132,81,212,154,127,278,79,139,222,82,181,265,103,207,309,380,73,450,379,70,444,460,110,572,38,138,176,35,165,198,55,242,300,27,210,243,35,213,248,32,218,256,53,128,179,72,172,241,66,173,245,230,26,257,261,36,293,311,48,358,136,84,224,157,95,245,182,100,280,28,9,38,36,14,53,33,16,50,1130,879,2006,1183,1020,2203,1396,1244,2639
502011027,378,181,556,433,270,705,567,408,969,347,497,843,425,736,1164,530,1004,1535,981,140,1121,1332,195,1529,1537,271,1806,140,462,605,207,778,979,326,1098,1418,110,617,730,188,774,963,208,867,1070,164,416,581,244,499,747,286,642,929,471,37,508,670,65,733,859,127,981,386,169,554,514,252,767,603,314,915,45,32,78,74,48,121,96,55,151,3018,2546,5565,4091,3618,7713,5002,4782,9781
502011028,157,94,250,186,111,300,192,148,343,167,221,390,144,229,370,170,298,468,526,97,626,525,84,611,551,119,666,78,324,405,74,354,434,111,468,580,73,335,413,64,340,405,85,340,422,98,239,336,125,276,404,111,262,376,347,32,376,360,44,406,405,72,476,265,171,435,254,193,444,286,213,503,43,14,59,49,24,77,55,24,80,1758,1534,3293,1777,1662,3441,1976,1943,3918
502011029,219,134,353,232,147,378,237,178,417,117,186,302,103,243,347,131,266,399,593,104,696,644,113,751,703,174,876,73,243,314,87,314,400,92,400,495,34,263,300,50,289,339,41,337,385,67,185,259,79,249,326,84,248,335,438,49,487,458,73,535,523,97,617,265,171,437,274,214,484,284,233,521,25,23,53,58,24,77,47,23,74,1831,1364,3195,1974,1665,3642,2164,1954,4118
503011030,450,148,597,426,158,583,487,233,718,624,524,1151,622,566,1188,691,623,1310,120,29,154,129,27,162,110,26,136,73,111,177,78,147,224,103,154,256,82,269,347,90,240,332,94,262,351,117,121,240,112,137,253,92,142,236,43,4,40,28,0,31,40,10,50,68,23,92,61,34,86,75,34,107,28,14,44,32,31,59,35,26,60,1605,1238,2844,1586,1343,2920,1724,1509,3235
503011031,401,204,604,409,230,637,506,301,808,706,706,1413,766,753,1517,897,953,1846,162,46,208,157,61,213,166,60,227,122,212,333,120,191,305,167,267,436,101,303,398,98,265,356,111,334,448,136,155,291,134,163,297,130,181,316,47,3,49,51,3,51,58,8,71,91,36,128,88,32,119,105,48,156,28,9,36,35,23,50,33,28,62,1785,1674,3461,1849,1709,3558,2179,2181,4365
503011032,471,223,691,527,230,755,545,254,801,887,712,1601,805,848,1649,902,894,1797,183,57,245,138,45,184,144,42,188,93,181,277,82,162,245,134,226,354,81,286,367,84,241,324,89,279,370,127,169,291,116,125,244,126,155,278,41,10,47,37,0,39,44,5,55,84,18,103,78,31,106,81,23,108,29,21,48,43,22,68,48,33,86,1992,1673,3666,1910,1703,3616,2120,1908,4026
503011033,455,182,638,541,196,737,614,291,906,801,719,1522,817,868,1683,947,969,1910,180,48,223,173,39,213,182,46,226,109,162,265,114,183,300,124,233,358,105,361,462,116,340,454,107,376,476,138,155,295,97,147,247,116,144,259,34,3,38,36,6,47,66,4,64,93,31,122,89,33,116,97,39,142,25,19,39,23,24,49,28,31,58,1936,1676,3606,2012,1840,3848,2273,2135,4409
503011034,542,252,792,594,279,872,683,340,1025,901,876,1773,864,963,1824,993,1023,2018,296,66,365,265,68,334,245,63,305,134,294,424,140,316,454,166,395,560,138,399,541,126,395,522,128,364,491,177,242,421,161,200,365,164,213,373,83,7,86,64,9,70,98,15,111,180,64,249,157,76,238,166,85,251,37,30,64,48,31,82,51,37,86,2483,2243,4726,2422,2332,4757,2691,2531,5222
503011035,908,412,1323,841,388,1235,934,508,1438,1997,1616,3613,1991,1647,3640,2207,1927,4132,259,92,348,248,87,340,277,98,373,225,400,630,283,435,720,359,668,1028,228,696,921,216,610,820,236,626,860,277,364,639,267,356,623,269,366,639,97,9,105,104,14,118,125,23,148,235,102,336,246,99,337,262,118,378,76,42,120,72,45,120,79,71,146,4303,3735,8040,4268,3686,7954,4743,4398,9142
503011036,485,191,678,526,229,751,619,362,983,800,725,1518,834,822,1655,1019,1026,2035,150,49,203,134,53,188,157,61,215,142,213,354,212,196,406,232,249,485,106,348,444,99,349,450,102,331,435,131,182,314,122,164,287,129,162,291,50,8,56,41,9,42,56,5,64,95,22,119,85,37,124,119,32,149,29,18,49,55,23,72,36,11,52,1985,1755,3741,2109,1876,3981,2470,2244,4707
503021037,9,0,10,0,0,0,3,0,3,0,0,4,0,0,0,5,0,4,0,0,0,0,0,0,0,0,0,0,0,0,0,0,0,0,0,0,0,0,0,0,0,0,0,4,4,0,0,0,0,0,0,0,5,5,0,0,0,0,0,0,0,0,0,0,0,0,0,0,0,0,0,0,0,0,0,0,0,0,0,0,0,11,4,11,3,0,8,11,5,19
503021038,531,300,832,527,357,883,688,472,1166,1124,1112,2234,1143,1282,2422,1350,1580,2928,523,101,628,463,104,569,444,115,562,146,303,447,161,350,507,192,422,612,195,560,755,203,478,676,188,498,686,156,232,385,140,258,396,167,257,420,131,10,143,115,13,132,157,21,173,201,96,293,179,76,258,184,90,276,36,25,70,26,36,65,44,33,80,3039,2745,5783,2962,2951,5912,3412,3496,6905
503021039,847,537,1383,832,540,1370,941,648,1589,1587,1602,3190,1515,1688,3197,1735,1929,3665,712,189,904,683,188,870,643,201,842,303,505,810,318,495,811,343,680,1016,360,962,1319,314,809,1121,342,809,1144,354,438,793,316,462,777,271,417,692,236,31,269,190,20,213,238,31,266,306,164,475,260,159,416,323,167,488,63,48,110,66,51,116,67,45,113,4771,4471,9243,4486,4406,8896,4891,4934,9822
503021040,420,273,691,457,281,733,543,376,919,807,843,1653,853,940,1793,1049,1209,2259,409,120,525,403,105,506,391,110,506,142,231,369,139,268,411,213,326,544,176,459,636,154,419,571,164,429,592,161,189,350,140,197,335,153,195,351,97,11,111,100,6,103,114,8,129,171,68,235,137,93,228,162,104,263,22,24,47,33,21,60,44,20,70,2401,2218,4619,2418,2327,4748,2842,2792,5632
503021042,778,438,1213,820,482,1298,874,548,1424,1928,1795,3720,1918,1879,3792,2189,2318,4501,411,125,538,394,130,529,342,157,498,232,344,578,213,419,635,248,509,759,274,706,977,221,623,844,247,652,903,224,313,540,241,285,526,213,320,539,94,15,110,74,11,89,120,25,144,242,83,323,247,99,352,266,131,398,43,35,75,69,48,115,64,52,116,4222,3856,8080,4204,3968,8172,4565,4718,9282
503021043,713,412,1126,788,435,1229,921,549,1474,1677,1619,3300,1604,1679,3284,1875,2069,3947,742,187,927,647,176,817,654,218,867,279,504,782,310,590,896,345,885,1229,301,870,1168,281,772,1049,270,759,1029,322,385,702,331,382,716,309,381,688,242,19,269,256,20,279,332,36,372,384,200,581,499,346,847,615,421,1036,68,34,101,66,38,104,60,61,121,4728,4232,8963,4776,4451,9225,5381,5382,10762
503021295,488,233,718,623,351,974,690,394,1088,1019,713,1733,1130,897,2028,1459,1161,2619,385,80,467,478,147,631,524,174,694,160,258,414,222,366,589,294,503,795,191,456,646,222,444,670,279,564,843,128,129,261,173,205,377,170,221,393,91,15,102,130,19,144,222,33,245,195,103,298,265,168,438,267,188,456,54,23,70,60,56,116,56,43,97,2709,2007,4710,3305,2651,5957,3960,3277,7238
503021296,437,288,728,489,389,876,581,401,986,1086,931,2021,1190,1058,2245,1428,1312,2736,563,139,704,547,140,683,548,188,742,211,299,513,251,373,625,296,496,796,245,461,704,250,466,715,283,551,837,150,180,329,152,232,385,190,208,395,149,14,164,145,13,160,197,28,227,277,157,436,280,177,451,262,170,429,59,19,78,59,36,100,65,49,111,3185,2489,5674,3357,2885,6237,3850,3411,7256
503021297,484,219,702,507,284,792,619,406,1020,1151,695,1843,1141,758,1895,1620,1172,2790,379,74,461,368,135,503,547,201,754,150,205,349,220,332,556,293,525,813,195,388,587,226,406,627,278,486,760,88,110,197,134,172,303,180,208,391,100,5,109,106,16,122,220,36,255,164,82,248,218,132,347,286,222,511,39,17,58,50,39,86,77,40,115,2750,1798,4549,2973,2266,5240,4117,3296,7412
504011044,452,280,730,503,288,793,537,445,978,738,813,1557,759,945,1706,926,1188,2114,1038,179,1220,920,198,1118,958,231,1188,220,522,738,242,588,832,273,640,914,270,893,1159,279,842,1124,274,807,1080,230,377,609,205,324,528,250,362,613,442,47,493,380,56,437,404,58,467,406,230,637,383,216,597,402,221,629,72,43,119,60,53,115,64,55,115,3873,3382,7255,3728,3510,7246,4083,4014,8098
504011045,803,450,1251,860,605,1459,1058,785,1840,1268,1518,2791,1439,1747,3188,1809,2177,3987,1396,289,1686,1352,272,1623,1280,338,1615,373,694,1067,408,785,1198,468,985,1452,420,1249,1661,425,1151,1580,486,1222,1710,370,518,885,399,547,940,376,490,858,540,78,615,458,64,524,523,91,615,539,274,816,567,298,858,566,323,891,100,61,163,128,73,201,99,64,164,5808,5128,10942,6030,5552,11578,6661,6467,13126
504011046,476,307,782,499,360,861,558,427,984,979,1015,1988,1016,1076,2093,1226,1362,2590,810,172,983,708,165,874,626,208,833,286,405,687,297,506,803,334,604,937,299,679,986,265,630,896,282,664,939,220,299,519,220,295,515,225,271,495,362,37,400,345,46,389,360,60,421,366,189,550,375,179,552,349,188,541,70,25,93,47,26,76,79,55,134,3859,3126,6981,3775,3291,7064,4033,3841,7871
504011047,572,337,909,559,355,916,651,434,1078,775,818,1592,792,965,1765,1017,1209,2228,1550,256,1811,1570,279,1847,1492,319,1816,313,670,980,346,826,1174,396,1005,1407,433,1265,1702,404,1110,1515,417,1095,1510,353,616,965,390,625,1014,373,580,951,686,105,789,636,96,736,748,101,852,634,404,1033,651,433,1089,755,446,1206,99,49,149,110,73,182,123,105,228,5407,4516,9927,5474,4763,10241,5974,5292,11266
504011048,303,160,461,297,151,454,284,154,442,423,400,822,359,390,753,400,446,848,547,124,670,487,88,576,485,94,583,108,276,384,106,267,374,126,281,413,193,554,742,137,457,600,145,452,600,187,292,475,161,247,411,139,227,360,226,24,249,183,34,214,217,34,246,235,115,349,208,113,327,191,137,329,44,18,61,47,34,81,30,16,46,2261,1958,4215,1996,1783,3779,2028,1844,3869
504021049,102,66,162,93,56,154,96,80,179,69,104,179,70,141,202,78,147,222,220,31,252,244,43,288,247,52,297,35,102,138,43,116,160,50,124,172,22,179,197,20,144,159,26,149,180,34,88,122,29,78,104,33,79,109,104,12,121,117,14,127,112,19,134,106,76,175,86,59,146,77,42,119,11,4,17,28,8,35,25,17,42,700,656,1350,727,653,1384,743,716,1457
504021050,371,157,530,339,176,517,366,205,572,487,544,1031,449,583,1033,507,631,1138,396,80,478,363,69,435,395,87,484,96,229,325,103,271,373,106,297,404,108,424,530,98,323,419,100,324,426,130,181,312,109,167,280,106,141,247,125,17,136,113,17,133,135,17,153,157,60,216,132,51,184,133,70,199,20,24,40,34,16,47,32,24,52,1883,1711,3595,1747,1669,3415,1871,1800,3673
504021051,203,75,282,238,100,338,239,120,353,185,229,417,204,284,489,235,337,576,359,59,413,366,70,434,414,78,489,65,161,226,69,199,269,69,226,295,73,345,422,67,327,401,83,342,421,80,156,238,96,174,273,99,166,266,166,16,188,198,25,222,208,29,243,129,62,190,127,77,206,130,76,210,22,14,35,16,11,25,33,15,48,1284,1118,2399,1389,1267,2666,1513,1390,2907
504021052,0,0,0,0,0,0,0,0,0,0,0,0,0,0,0,0,0,0,0,0,4,0,0,0,0,0,0,0,0,0,0,0,0,0,0,0,0,0,0,0,0,0,0,0,0,0,0,0,0,0,0,0,4,4,0,0,0,0,0,0,0,0,0,0,0,0,0,0,0,0,0,0,0,0,0,0,0,0,0,0,0,0,0,7,4,0,3,0,4,3
504021053,503,248,749,470,246,713,517,307,825,529,655,1184,466,717,1181,527,793,1321,995,167,1159,980,185,1163,1022,192,1217,168,441,606,178,452,632,209,557,764,208,791,1003,140,693,841,158,657,820,178,354,537,186,321,501,165,322,484,454,34,484,415,44,456,459,59,523,329,186,513,327,186,512,303,208,509,55,30,90,70,40,112,63,54,112,3415,2912,6326,3228,2881,6112,3423,3148,6574
504021054,313,166,488,308,173,478,342,247,589,342,416,758,290,419,712,379,521,896,927,155,1084,808,156,959,896,192,1089,158,437,599,152,451,600,165,574,739,219,723,945,190,625,806,181,612,790,208,384,590,171,340,515,164,342,507,542,63,604,469,58,535,487,76,563,345,209,554,400,239,637,388,231,623,50,44,96,70,56,126,83,48,132,3111,2608,5718,2854,2515,5371,3084,2844,5924
504031055,0,0,0,0,0,4,0,0,3,0,0,0,0,0,0,0,0,0,0,0,0,0,0,0,0,0,0,0,0,0,0,0,0,0,0,0,0,0,0,0,0,0,0,0,0,0,0,0,0,0,0,0,0,0,0,0,0,0,0,0,0,0,0,0,0,0,5,0,5,0,0,0,0,0,0,0,0,0,0,0,0,0,0,0,3,0,6,0,3,9
504031056,596,324,916,509,316,825,485,321,811,554,661,1216,519,656,1177,554,702,1251,1514,245,1763,1390,225,1618,1366,244,1616,276,728,1004,262,791,1053,292,891,1187,381,1261,1644,327,1039,1362,310,910,1223,384,695,1081,373,691,1068,292,600,892,729,126,849,683,89,772,795,111,905,661,431,1093,637,422,1061,668,436,1104,108,73,177,104,53,156,107,69,177,5204,4549,9748,4802,4287,9088,4868,4295,9157
504031057,380,208,587,416,271,687,539,392,931,348,455,800,447,555,1001,609,761,1375,1254,183,1436,1297,217,1514,1533,298,1836,212,517,721,262,725,984,360,1111,1471,297,886,1184,313,829,1142,365,917,1283,253,486,742,329,563,892,334,617,951,733,88,825,739,91,833,1007,129,1133,580,371,948,618,432,1054,725,495,1219,80,55,133,104,58,167,106,86,191,4134,3246,7379,4530,3754,8281,5589,4811,10402
504031058,177,84,263,146,99,243,185,127,315,76,146,223,122,196,321,137,218,351,376,73,451,431,69,505,492,113,604,37,141,181,48,177,224,65,236,301,51,270,318,59,306,366,66,305,367,52,126,175,72,127,200,62,123,188,219,28,256,242,28,270,310,60,371,138,117,257,147,147,295,180,140,320,22,13,38,28,21,50,35,29,65,1152,1002,2157,1299,1176,2470,1537,1342,2878
504031060,161,64,228,144,75,223,175,95,270,107,113,222,98,127,230,88,139,226,193,47,247,198,59,256,234,52,284,36,70,108,36,104,139,40,102,152,21,179,203,27,169,197,27,184,215,24,63,88,37,69,101,43,65,109,82,16,102,92,10,99,85,14,101,67,39,107,83,34,121,68,44,113,12,10,24,15,16,36,19,12,29,709,599,1312,731,666,1398,786,708,1490
504031061,140,59,196,157,101,256,229,144,372,125,165,293,159,221,380,299,362,666,271,42,311,270,55,327,380,92,475,44,130,175,60,161,226,77,226,306,79,265,342,80,261,337,103,358,458,62,92,154,64,89,154,73,111,187,150,22,171,156,24,177,183,39,222,108,53,162,118,59,173,136,59,203,20,13,40,21,14,36,26,21,49,997,853,1848,1091,975,2068,1519,1417,2936
504031062,197,128,325,266,167,432,339,241,586,207,276,481,356,437,791,497,625,1118,619,99,722,764,116,877,856,154,1015,116,280,392,187,443,638,215,573,783,163,428,590,160,569,729,222,636,856,113,227,339,174,299,474,173,300,469,344,47,392,406,47,452,487,63,544,320,209,524,337,245,578,420,260,682,46,24,76,51,26,72,64,45,107,2110,1727,3832,2702,2343,5045,3266,2894,6156
504031063,0,0,3,0,0,0,0,3,3,0,0,0,0,0,0,0,0,0,5,0,5,0,0,0,6,0,6,0,0,0,0,0,0,0,0,0,0,0,0,0,0,0,0,0,0,0,0,0,0,0,0,0,0,0,0,0,0,0,0,0,0,0,6,0,0,0,0,0,0,0,0,0,0,0,0,0,0,0,0,0,0,7,3,7,0,0,0,8,4,13
504031064,0,0,0,0,0,0,0,0,0,0,0,0,0,0,0,0,0,0,0,0,0,0,0,0,0,0,0,0,0,0,0,0,0,0,0,0,0,0,0,0,0,0,0,0,0,0,0,0,0,0,0,0,0,0,0,0,0,0,0,0,0,0,0,0,0,0,0,0,0,0,0,0,0,0,0,0,0,0,0,0,0,0,0,0,0,0,3,0,0,0
504031065,165,93,259,148,112,258,160,109,270,112,166,276,141,174,312,142,223,367,373,72,438,384,68,450,412,78,495,56,180,239,59,192,252,72,276,350,76,310,386,79,274,350,75,283,352,65,133,200,77,130,207,63,138,201,247,29,278,231,29,266,252,43,296,189,114,306,155,128,287,178,129,299,20,11,32,20,12,38,33,30,65,1300,1116,2413,1294,1124,2415,1393,1301,2695
504031066,239,156,395,233,178,411,256,245,505,367,396,763,354,452,799,434,535,972,595,119,717,606,108,716,604,138,739,144,339,493,178,418,594,211,491,704,161,450,608,168,408,570,156,429,587,147,262,409,136,280,410,148,278,427,378,41,421,397,47,446,438,69,509,307,181,486,312,183,499,388,228,617,44,28,75,44,29,71,75,30,103,2390,1969,4359,2419,2099,4518,2708,2456,5167
504031067,203,103,308,200,113,314,212,145,360,181,202,386,173,235,410,217,302,522,495,91,588,486,109,592,520,91,614,99,270,364,103,283,386,104,336,440,113,452,566,98,419,520,115,430,544,119,251,368,117,255,372,136,250,378,355,46,403,321,49,368,333,40,368,224,146,366,225,140,364,211,139,348,41,17,55,39,15,53,40,25,60,1827,1580,3404,1766,1622,3390,1887,1749,3637
504031068,348,141,489,505,258,761,570,342,914,253,254,508,351,466,808,443,600,1036,371,87,455,716,140,854,881,165,1048,86,184,273,150,405,556,210,592,802,81,415,494,156,619,773,144,716,859,115,141,252,153,309,460,187,372,558,132,17,147,351,43,391,474,75,547,130,62,194,264,139,401,295,202,500,30,20,50,27,31,64,75,47,123,1550,1315,2870,2665,2405,5075,3284,3109,6388
504031069,0,0,0,0,0,0,0,0,0,0,0,0,0,0,0,0,0,0,0,0,0,0,0,0,0,0,0,0,0,0,0,0,0,0,0,0,0,0,0,0,0,0,0,0,0,0,0,0,0,0,0,0,0,0,0,0,0,0,0,0,0,0,0,0,0,0,0,0,0,0,0,0,0,0,0,0,0,0,0,0,0,0,0,0,0,0,0,0,0,0
504031298,258,126,390,407,245,647,524,357,883,209,250,458,339,506,849,492,797,1290,473,72,548,893,144,1045,1141,245,1390,111,212,326,225,577,799,338,897,1240,107,420,526,226,762,986,280,923,1200,128,182,301,236,369,608,276,473,752,195,17,217,496,56,552,686,105,797,130,71,201,287,192,477,452,308,762,24,7,27,55,39,92,79,47,125,1633,1368,2997,3164,2895,6060,4277,4158,8432
504031299,137,49,186,214,138,350,312,226,539,77,110,181,209,268,474,383,525,910,226,38,266,481,82,565,896,170,1074,35,109,139,102,287,383,270,647,914,27,180,201,104,356,465,221,584,805,40,62,99,99,150,251,183,319,496,88,12,97,290,31,320,625,86,710,77,37,112,163,99,258,334,222,555,13,4,15,22,27,50,61,52,113,719,591,1308,1681,1437,3118,3279,2838,6115
504031300,500,281,780,457,285,741,508,305,812,455,535,994,431,624,1056,434,662,1100,1102,177,1277,1209,195,1404,1237,233,1473,220,568,793,250,773,1021,305,949,1263,276,985,1258,289,966,1260,300,1006,1309,230,509,737,308,571,880,299,622,921,613,70,680,796,82,882,846,131,979,453,222,674,527,307,832,621,358,979,38,34,77,83,51,136,85,77,165,3882,3377,7261,4345,3866,8210,4649,4341,8993
505011070,252,147,405,225,177,404,305,228,535,352,502,849,381,549,931,457,713,1177,1021,132,1158,944,131,1074,956,156,1111,143,412,553,135,421,549,163,488,648,176,646,826,165,536,702,148,625,777,165,340,509,136,316,452,121,281,409,336,41,374,282,34,310,296,49,341,354,186,544,313,173,483,336,185,521,54,33,88,50,34,87,57,45,101,2855,2441,5293,2633,2359,4996,2853,2776,5630
505011071,595,251,845,520,271,790,576,324,895,637,730,1369,626,830,1451,664,933,1599,1221,170,1394,1121,157,1278,1152,192,1345,256,584,833,269,598,867,292,669,969,294,1024,1316,242,864,1107,251,905,1159,285,549,836,281,523,803,238,441,680,359,30,389,310,40,346,347,40,389,382,217,596,397,217,615,421,184,609,68,37,109,83,40,122,68,41,109,4090,3594,7681,3846,3538,7381,4013,3734,7744
505011072,794,294,1088,769,323,1096,836,410,1244,1145,1209,2360,1017,1198,2215,1113,1410,2522,993,145,1134,820,152,975,822,148,965,209,515,726,235,493,724,224,555,771,277,993,1273,241,824,1063,211,821,1027,313,429,747,269,383,647,242,345,590,212,19,228,187,16,201,225,20,248,307,131,436,271,126,391,292,127,413,46,33,87,66,47,113,46,48,93,4306,3771,8073,3877,3551,7426,4002,3877,7877
505011073,504,216,726,472,250,726,501,303,803,770,859,1628,680,867,1545,706,1061,1770,1034,159,1195,947,152,1094,954,161,1113,200,525,720,194,468,661,207,545,751,282,979,1266,223,784,1014,234,764,997,274,439,719,236,344,579,205,305,516,359,45,402,277,33,311,305,36,341,390,172,557,351,143,497,357,161,520,38,31,66,70,36,104,65,41,103,3847,3422,7271,3452,3083,6533,3531,3381,6908
505011074,356,199,558,339,198,538,365,257,624,477,543,1017,448,583,1032,469,661,1131,991,141,1132,930,133,1061,906,138,1052,183,454,635,164,488,649,181,529,716,174,774,947,142,638,775,133,592,727,230,359,590,198,342,542,169,270,441,285,31,319,269,19,289,292,31,320,348,173,525,337,157,494,302,188,488,35,30,69,60,29,89,65,39,98,3088,2702,5787,2876,2593,5476,2890,2699,5592
505011075,722,238,958,679,281,956,753,341,1090,690,750,1441,631,768,1400,724,950,1673,633,98,732,606,85,694,587,115,695,179,358,538,189,349,541,197,390,586,234,743,977,162,697,855,172,660,829,233,366,596,233,319,557,177,281,459,158,22,177,142,11,153,143,17,163,217,93,305,204,94,298,208,80,289,37,29,66,40,27,75,26,24,55,3085,2700,5788,2889,2638,5529,2994,2855,5844
505011076,409,156,560,572,236,805,683,312,992,383,375,759,527,613,1145,653,735,1392,479,74,552,592,98,690,609,105,717,97,211,304,140,334,467,198,406,603,110,468,576,134,589,721,165,643,806,131,258,395,181,346,521,181,326,507,75,6,82,112,4,118,158,20,174,122,60,184,184,76,259,206,86,284,23,13,36,42,28,71,46,40,86,1827,1626,3456,2485,2321,4804,2887,2680,5567
505011077,550,256,808,468,271,744,508,276,784,683,782,1466,702,849,1548,716,932,1648,1153,175,1329,969,160,1132,952,191,1138,268,596,859,268,594,866,293,635,934,264,981,1243,222,796,1020,248,784,1028,280,490,774,261,462,725,230,371,601,310,29,343,289,35,323,344,46,390,419,177,595,390,188,579,397,204,598,51,38,94,65,37,102,76,53,133,3980,3527,7509,3640,3390,7029,3764,3487,7254
505011078,582,239,820,522,239,759,514,281,801,744,781,1522,695,833,1524,733,955,1686,1017,149,1166,852,133,987,806,149,955,190,473,664,189,452,641,206,525,732,295,1073,1371,233,873,1109,230,792,1025,252,396,641,249,378,627,214,342,560,285,22,311,251,16,261,277,26,299,332,150,483,284,132,420,279,123,405,51,24,72,41,23,60,43,26,72,3735,3307,7043,3305,3090,6392,3312,3222,6538
505011079,562,228,789,528,254,774,578,323,902,629,732,1365,589,735,1324,697,971,1664,880,121,996,742,115,854,769,121,890,143,384,525,160,413,573,191,490,683,182,770,956,145,671,811,167,591,752,232,365,596,204,340,542,178,304,484,195,21,214,172,28,198,201,21,223,275,115,394,252,102,348,256,98,354,44,41,84,52,36,86,50,30,74,3143,2779,5922,2840,2676,5519,3090,2940,6032
505011080,459,156,610,409,166,574,439,213,651,450,469,922,411,550,953,445,579,1027,622,99,730,535,87,622,527,120,645,126,264,389,119,296,418,145,346,493,140,550,687,122,482,605,116,458,580,159,284,445,192,245,435,161,222,375,134,15,149,138,13,151,144,22,167,221,99,321,193,81,269,211,96,306,29,18,42,36,29,66,42,29,67,2348,1954,4306,2150,1954,4105,2234,2080,4308
505011081,278,152,427,250,174,425,349,183,532,418,549,967,402,545,944,416,682,1097,776,99,871,749,101,847,726,124,853,129,356,481,123,317,439,172,396,570,178,589,767,123,465,595,113,433,548,142,238,381,114,228,343,113,190,307,215,27,245,183,17,199,185,21,202,245,129,378,219,111,335,204,102,309,43,20,66,40,30,65,35,34,69,2425,2152,4577,2207,1983,4198,2314,2168,4481
505011082,621,219,842,613,244,855,650,272,924,684,732,1414,638,770,1412,707,860,1565,502,77,582,446,83,526,453,90,540,145,305,451,129,268,395,181,371,551,149,687,835,134,541,678,146,518,663,213,304,517,190,274,459,187,254,433,112,13,127,120,13,139,109,14,120,189,56,244,143,54,194,169,56,224,29,21,48,41,33,80,40,32,72,2649,2422,5067,2464,2279,4748,2636,2460,5096
505011083,448,188,631,448,182,627,493,223,711,550,558,1105,547,602,1152,589,726,1310,709,125,835,608,97,710,603,120,722,171,363,533,172,392,567,188,423,610,192,732,923,175,658,835,167,643,806,196,403,606,197,334,530,169,288,454,200,16,221,176,18,190,181,29,211,247,94,348,233,99,328,240,105,342,28,21,51,37,24,62,22,24,43,2750,2500,5252,2585,2415,5002,2648,2574,5224
505021084,490,259,742,460,255,715,542,353,894,732,850,1581,704,885,1584,859,1068,1922,1029,178,1209,1027,196,1220,1047,214,1260,192,494,689,212,502,714,237,655,891,284,972,1251,223,827,1054,239,894,1131,287,430,714,267,423,692,253,443,700,419,43,460,383,33,422,414,48,457,494,233,731,455,224,675,430,237,666,68,44,110,73,51,127,76,45,120,3992,3496,7490,3806,3394,7201,4088,3959,8042
505021085,207,174,380,300,192,486,287,209,504,347,359,702,387,453,838,496,547,1044,996,186,1182,1109,200,1308,1089,260,1356,244,560,805,355,824,1180,452,1132,1583,229,604,838,226,578,803,249,594,841,234,421,660,273,455,729,273,461,729,706,121,824,775,81,851,963,122,1084,786,474,1257,892,551,1447,953,613,1570,98,66,164,139,64,203,136,99,233,3846,2963,6813,4451,3390,7845,4889,4050,8937
505021087,0,0,0,0,0,0,0,0,0,0,0,0,0,0,0,0,0,0,0,0,0,0,0,0,0,0,0,0,0,0,0,0,0,0,0,0,0,0,0,0,0,0,0,0,0,0,0,0,0,0,0,0,0,0,0,0,0,0,0,0,0,0,0,0,0,0,0,0,0,0,0,0,0,0,0,0,0,0,0,0,0,0,0,0,0,0,0,0,0,0
505021088,641,414,1051,645,454,1098,838,603,1443,1176,1344,2518,1224,1585,2805,1493,1990,3484,955,163,1120,1029,198,1228,1026,214,1239,215,453,666,272,618,890,312,746,1064,228,942,1174,249,910,1157,286,957,1247,256,431,682,289,413,697,293,435,726,279,28,308,266,26,290,298,63,367,366,158,524,335,181,517,388,184,572,55,30,86,78,47,115,78,65,141,4178,3959,8136,4378,4428,8802,5015,5266,10285
505021089,1067,405,1478,1062,479,1540,1272,638,1911,1465,1466,2931,1453,1651,3106,1723,2043,3760,981,159,1144,990,176,1160,937,174,1112,248,505,751,268,577,842,312,658,966,324,1213,1537,313,1101,1415,305,1081,1386,339,500,841,359,496,854,371,539,914,248,26,270,208,31,236,257,30,282,350,128,482,321,122,439,382,179,558,67,42,111,86,53,142,93,72,164,5093,4452,9540,5049,4689,9736,5648,5405,11051
505021090,292,243,532,389,287,673,488,361,846,686,715,1403,706,895,1608,891,1054,1949,979,155,1133,1193,230,1425,1244,302,1548,248,534,783,368,784,1150,472,1044,1520,287,845,1131,337,802,1142,376,888,1265,251,353,607,304,455,760,313,490,801,469,68,537,542,69,610,724,104,825,529,300,836,669,407,1074,635,501,1143,98,54,155,81,69,144,106,86,193,3840,3279,7118,4592,3993,8580,5249,4838,10088
505021091,0,0,0,0,0,0,7,10,14,0,0,0,0,0,0,19,22,39,4,0,4,4,0,4,17,4,23,0,0,0,0,0,0,4,10,20,0,0,0,0,0,0,3,14,15,0,0,0,0,0,0,6,8,12,0,0,0,0,0,0,9,4,14,0,0,0,0,0,0,7,4,10,0,0,0,0,0,0,0,3,3,4,0,4,4,0,5,79,73,152
505021092,640,391,1031,770,498,1269,891,688,1577,1208,1283,2493,1116,1528,2649,1510,1950,3457,1116,203,1314,1132,225,1351,1097,256,1354,256,498,760,325,635,963,383,807,1189,235,912,1149,226,881,1103,263,914,1176,255,373,632,298,404,705,283,397,682,247,25,271,253,33,288,323,79,402,399,153,550,364,174,538,353,210,564,59,37,90,72,34,103,99,81,180,4411,3877,8289,4559,4412,8966,5206,5382,10589
505021093,607,292,893,597,319,912,664,386,1050,853,820,1671,891,885,1776,1047,1122,2168,900,168,1067,821,153,978,785,203,990,164,407,569,175,480,656,213,613,830,245,827,1073,256,824,1080,248,819,1065,256,364,625,309,375,684,286,400,691,308,26,336,269,24,293,330,52,379,384,194,579,389,211,594,452,256,711,71,47,116,59,41,100,66,47,118,3791,3140,6930,3763,3307,7075,4093,3898,7995
505021094,423,150,578,420,216,634,466,272,739,511,547,1059,529,636,1170,613,759,1372,385,62,444,354,73,429,358,71,433,104,204,308,117,229,345,146,275,417,85,415,500,83,368,453,108,371,480,148,167,317,153,196,344,140,162,309,79,12,92,82,13,97,62,13,74,148,49,197,124,42,172,149,48,198,23,17,38,29,22,53,37,18,60,1908,1625,3533,1892,1806,3697,2090,1991,4078
505021095,348,261,610,407,304,705,431,392,824,778,888,1668,758,1030,1787,988,1289,2281,698,146,844,715,174,886,726,204,928,186,401,589,209,449,660,262,592,851,246,738,983,233,650,885,258,677,936,225,303,532,227,340,563,242,319,559,271,31,300,298,31,324,330,45,376,343,185,530,336,207,540,391,255,645,46,31,80,50,28,80,54,51,108,3140,2990,6131,3220,3209,6428,3682,3825,7503
505021096,722,275,996,781,378,1159,912,450,1368,1106,1123,2222,1134,1258,2395,1375,1509,2890,448,102,545,423,104,529,439,109,549,183,354,538,179,356,536,209,476,692,180,699,879,192,632,822,206,617,829,227,330,560,249,319,570,225,325,552,114,10,119,108,11,124,135,12,151,183,87,271,194,64,257,227,99,320,46,28,72,48,36,80,56,37,92,3205,3012,6216,3308,3164,6473,3788,3646,7436
505021097,557,367,925,664,364,1027,770,483,1249,1102,1066,2164,1064,1162,2227,1305,1430,2734,730,138,869,744,170,911,805,233,1030,239,429,669,229,538,772,340,646,985,291,881,1170,275,824,1103,292,905,1196,326,405,733,264,382,638,264,385,652,276,28,302,261,33,292,327,65,387,371,167,537,362,210,570,403,224,629,66,50,109,55,48,111,69,61,131,3956,3521,7478,3919,3725,7643,4569,4421,8996
505021301,557,255,808,511,252,755,519,289,808,637,610,1246,598,615,1214,736,723,1458,619,131,747,632,117,747,603,143,755,133,314,439,158,364,523,174,442,610,220,762,987,207,622,828,202,589,795,262,363,625,251,398,642,250,386,633,223,45,269,233,45,276,235,37,270,305,137,442,267,171,444,312,201,506,52,39,90,38,46,80,68,42,106,3003,2653,5657,2892,2620,5513,3093,2855,5944
505021302,398,214,613,446,258,709,454,290,742,646,753,1403,642,803,1444,834,990,1824,661,115,770,682,136,821,669,153,816,199,411,606,212,431,636,238,544,784,251,660,908,199,647,845,227,662,882,227,316,538,243,311,554,256,290,542,285,37,323,265,29,298,254,43,295,310,167,474,338,168,503,329,188,519,63,33,97,55,41,97,73,43,114,3033,2702,5734,3079,2821,5903,3334,3193,6521
505031098,264,159,417,245,150,399,243,166,409,282,339,618,268,302,568,278,338,610,804,138,948,817,128,942,831,155,986,172,423,594,171,445,616,187,564,750,205,618,827,187,529,711,175,494,672,194,335,533,203,346,549,159,304,462,489,61,551,423,59,478,469,86,555,456,289,749,492,281,772,497,305,799,69,36,106,65,42,111,63,42,104,2938,2400,5333,2870,2279,5151,2894,2451,5347
505031099,419,275,697,496,280,783,525,389,917,463,629,1094,466,762,1228,553,864,1422,1607,200,1808,1702,280,1983,1623,306,1931,245,691,934,308,940,1254,391,1244,1633,245,973,1220,281,1023,1308,304,1070,1364,252,547,803,322,737,1057,352,702,1057,588,54,646,715,73,788,858,118,977,598,351,946,732,430,1160,788,519,1306,69,38,103,109,52,163,138,87,224,4487,3761,8250,5139,4579,9712,5524,5304,10826
505031100,375,190,564,489,271,757,599,351,955,362,500,864,506,769,1276,655,1006,1657,1012,171,1187,1420,231,1658,1476,302,1778,185,445,631,279,762,1036,340,1004,1341,183,769,954,263,1017,1282,273,1101,1373,185,373,560,272,574,851,286,605,890,349,41,387,511,56,572,641,101,744,361,187,543,514,301,820,669,396,1062,41,26,66,95,51,141,110,79,186,3049,2698,5750,4352,4032,8382,5045,4937,9982
505031101,287,199,483,316,224,537,347,294,642,370,440,812,403,554,954,480,672,1152,975,161,1141,1056,196,1250,1005,192,1196,172,460,634,233,576,812,279,805,1079,184,632,810,183,660,848,229,711,941,186,410,593,249,461,708,239,427,662,375,40,408,421,44,472,488,66,550,449,234,684,446,273,720,507,272,781,42,35,75,73,42,118,76,51,124,3047,2600,5640,3383,3040,6421,3647,3476,7130
505031102,134,89,221,115,79,194,136,118,253,158,190,355,146,157,302,198,249,447,570,89,657,548,96,643,533,110,645,125,333,462,114,368,487,137,414,549,122,322,444,99,285,387,97,276,371,102,199,308,117,211,325,119,191,308,311,54,365,300,31,330,307,47,353,356,232,587,393,242,635,403,244,641,55,24,79,53,28,81,65,33,104,1936,1535,3471,1879,1502,3384,2000,1667,3666
505031104,258,177,435,235,157,393,208,180,386,266,327,598,263,344,611,256,383,636,821,158,985,721,116,843,690,112,805,119,396,519,132,433,568,162,505,667,177,554,731,160,451,608,157,439,596,155,309,464,175,346,523,160,278,439,359,53,415,363,64,428,433,51,490,443,297,741,411,288,698,448,271,720,62,36,97,66,36,100,59,32,93,2670,2311,4981,2528,2241,4763,2576,2252,4831
505031105,725,324,1050,812,397,1209,937,536,1470,666,838,1505,663,989,1651,855,1341,2198,1505,188,1694,1519,221,1741,1714,305,2018,223,645,867,268,860,1131,379,1061,1441,242,1102,1342,243,1003,1247,321,1221,1544,285,573,860,353,639,991,361,700,1059,397,34,430,404,52,456,557,72,624,494,237,733,583,249,834,622,289,913,59,28,97,94,72,167,112,76,186,4595,3981,8575,4952,4474,9428,5854,5603,11460
505031106,0,0,0,0,0,0,0,0,0,0,0,0,0,0,0,0,0,0,0,0,0,0,0,0,0,0,0,0,0,0,0,0,0,0,0,0,0,0,0,0,0,0,0,0,0,0,0,0,0,0,0,0,0,0,0,0,0,0,0,0,0,0,0,0,0,0,0,0,0,0,0,0,0,0,0,0,0,0,0,0,0,0,0,0,0,0,4,4,0,3
505031107,468,249,716,497,243,742,526,323,849,470,585,1057,476,688,1162,488,756,1242,1174,170,1345,1009,169,1177,1061,180,1245,232,425,657,217,516,732,250,625,867,184,823,1011,208,785,998,190,760,950,200,390,593,214,419,637,225,431,656,332,31,362,364,34,397,449,55,505,366,184,550,400,191,591,409,205,612,41,27,63,67,35,104,83,43,120,3470,2885,6360,3462,3083,6541,3678,3379,7051
505031255,5,4,6,195,179,376,397,301,696,0,0,5,251,384,630,466,751,1218,8,0,8,764,109,877,1148,219,1365,0,3,6,182,408,590,307,825,1128,0,3,6,123,501,623,182,744,922,0,0,0,142,250,394,186,430,611,0,0,0,234,25,260,484,76,559,3,0,3,248,126,373,426,218,638,3,0,4,24,27,48,49,44,96,20,15,40,2173,2005,4176,3644,3599,7241
505031256,53,32,80,60,25,87,45,22,68,16,31,47,21,29,49,30,35,66,54,16,63,50,10,59,53,12,68,7,12,20,6,12,14,10,21,31,10,35,48,4,40,43,3,41,44,14,23,41,6,18,27,7,17,25,25,5,25,24,3,31,25,0,23,28,8,34,29,17,46,36,24,62,3,7,7,10,7,13,7,9,16,211,154,370,207,158,367,221,184,400
505031257,32,32,59,43,51,93,86,66,155,32,67,96,43,84,123,70,126,194,154,14,173,238,48,284,295,56,354,16,66,83,28,92,123,45,146,193,20,94,112,19,115,137,29,135,169,21,50,68,22,79,100,27,100,128,113,13,121,123,16,132,167,24,191,67,31,104,116,57,173,126,66,199,10,4,12,16,5,19,12,9,21,470,370,837,644,537,1183,860,739,1596
505031258,87,54,136,193,113,306,256,187,444,105,158,266,175,310,485,226,365,596,381,65,443,687,125,811,761,148,912,60,165,221,112,344,454,172,513,685,51,224,274,79,380,465,101,497,599,47,118,170,124,224,347,130,250,380,168,16,187,300,44,340,439,62,504,154,88,238,288,188,472,321,227,545,14,10,22,24,23,53,65,33,101,1057,899,1955,1986,1755,3738,2476,2288,4766
505031303,412,220,631,444,248,691,496,336,837,376,507,882,463,594,1059,557,757,1317,880,125,1001,930,186,1112,1030,199,1232,150,345,496,175,473,646,194,643,841,173,746,917,189,808,1001,208,835,1044,190,341,531,234,366,595,213,360,575,344,39,387,338,41,380,459,57,514,286,136,422,362,183,548,374,216,586,38,33,76,51,38,84,59,53,113,2854,2491,5349,3180,2935,6117,3601,3453,7050
505031304,347,166,517,494,261,752,639,346,992,271,303,575,551,637,1185,714,923,1639,632,89,721,950,148,1096,1095,209,1300,88,294,379,186,471,654,255,712,959,153,556,709,234,774,1014,306,934,1236,165,266,433,268,437,710,345,501,846,226,30,260,352,40,398,491,48,541,253,151,402,354,188,548,459,294,759,27,16,36,57,54,104,64,49,109,2163,1875,4032,3449,3010,6463,4374,4013,8388
505031305,524,245,773,538,275,817,640,348,989,568,599,1164,590,692,1289,725,876,1602,862,143,1007,812,161,976,829,180,1003,148,333,482,195,435,629,251,608,855,228,786,1011,237,825,1060,248,843,1093,212,330,546,298,419,720,267,443,713,296,40,334,307,36,346,399,46,442,302,169,471,329,191,514,423,230,654,45,40,84,67,38,107,55,46,98,3189,2682,5870,3384,3066,6454,3832,3618,7447
505031306,369,210,579,394,249,645,438,292,722,405,510,912,401,612,1010,433,693,1124,1257,167,1421,1162,168,1329,1163,197,1364,177,519,696,190,555,746,205,686,894,204,807,1012,187,750,938,189,746,930,218,396,614,184,393,577,197,383,575,463,36,502,480,56,537,488,63,548,489,261,751,506,258,764,499,276,768,52,27,84,88,37,130,76,50,122,3626,2942,6567,3591,3085,6682,3682,3375,7054
506011110,219,160,387,264,192,453,366,276,644,245,338,583,293,422,721,412,676,1085,1045,158,1203,1060,183,1243,1316,264,1583,161,560,717,220,699,922,332,1045,1376,203,644,849,237,713,956,288,872,1152,195,450,644,211,494,701,288,537,821,850,93,943,898,113,1012,1115,197,1303,602,370,977,603,400,1007,770,517,1291,100,36,129,72,40,105,132,91,222,3613,2813,6428,3864,3261,7123,5023,4457,9483
506011111,0,0,0,0,0,0,0,0,0,0,0,0,0,0,0,0,0,0,0,0,0,0,0,0,0,0,0,0,0,0,0,0,0,0,0,0,0,0,0,0,0,0,0,0,0,0,0,0,0,0,0,0,0,0,0,0,0,0,0,0,0,0,0,0,0,0,0,0,0,0,0,0,0,0,0,0,0,0,0,0,0,0,0,0,0,0,0,0,0,0
506011112,107,70,180,105,71,173,101,75,176,94,118,214,116,128,242,125,162,291,375,59,430,373,53,424,336,66,407,70,205,272,70,217,289,69,231,302,84,285,367,76,272,351,67,221,289,63,159,220,71,139,215,80,136,218,313,40,348,294,28,325,289,41,329,223,125,348,195,124,320,221,126,346,41,11,52,22,13,42,29,18,45,1363,1064,2430,1324,1052,2376,1312,1092,2408
506011114,252,149,396,235,139,378,235,161,396,284,347,632,242,388,633,283,434,714,691,124,809,646,113,762,697,146,841,154,390,545,152,393,548,162,438,598,181,540,717,167,448,615,141,472,612,155,277,430,167,296,465,136,251,381,472,50,518,453,53,503,455,61,523,323,177,495,360,162,527,363,182,544,44,22,67,38,19,64,49,32,84,2551,2073,4620,2472,2022,4491,2524,2175,4696
506011115,323,133,456,320,117,438,358,172,530,262,329,589,237,378,617,286,429,715,649,92,744,635,107,737,664,119,781,90,246,338,83,283,366,107,338,447,122,507,630,125,470,593,120,471,594,106,217,321,151,225,378,116,220,328,226,37,261,263,28,292,271,41,318,209,102,313,189,109,297,216,111,320,39,19,54,38,26,60,47,37,83,2024,1683,3706,2029,1742,3774,2189,1933,4119
506011116,341,162,502,320,158,478,381,193,571,306,414,718,309,402,707,339,450,794,609,89,703,536,104,640,576,118,693,70,240,308,74,265,340,97,272,370,117,478,596,109,421,539,91,392,481,116,192,312,83,210,292,105,200,306,204,10,222,216,22,233,230,27,256,176,94,275,175,97,270,168,91,261,29,16,42,36,22,58,26,13,37,1970,1698,3672,1853,1691,3546,2011,1762,3770
506011117,195,121,318,176,128,308,205,149,359,206,231,444,210,254,460,229,316,545,790,142,933,785,116,906,822,133,956,100,361,457,125,491,619,174,564,737,149,562,712,134,441,575,175,483,655,127,343,472,168,330,501,129,318,449,501,61,559,540,76,614,629,109,733,354,219,576,369,222,590,410,300,708,42,19,59,45,32,75,48,34,82,2464,2059,4520,2557,2088,4648,2817,2413,5229
506011307,185,75,258,349,199,548,431,250,683,205,231,435,491,569,1066,720,836,1558,338,52,387,695,130,823,721,148,864,65,110,182,146,335,479,187,561,742,89,301,390,185,542,733,219,575,794,95,146,238,171,321,495,179,307,485,133,12,147,339,38,378,445,60,501,88,61,150,237,111,348,273,171,444,19,13,29,52,27,74,79,51,133,1218,1001,2214,2659,2279,4938,3249,2961,6211
506011308,168,80,249,364,186,555,577,316,896,193,234,422,589,696,1285,961,1242,2204,362,51,411,748,109,860,1087,231,1317,52,107,157,154,384,539,291,722,1014,104,307,407,220,622,838,314,842,1161,58,108,163,166,295,464,225,354,577,137,15,158,363,51,412,574,67,639,105,46,150,253,117,369,374,239,605,26,12,34,44,29,67,75,52,122,1189,954,2148,2903,2487,5389,4471,4070,8542
506021118,447,263,705,411,301,708,512,348,866,574,620,1188,559,677,1238,727,851,1576,946,153,1099,1017,170,1187,999,181,1180,208,429,634,258,501,762,283,611,897,281,806,1084,235,724,964,254,726,976,207,350,551,209,372,584,224,339,559,523,97,616,530,62,595,592,106,703,378,230,612,415,262,680,420,270,689,87,52,132,87,35,124,82,56,136,3637,2991,6633,3719,3116,6840,4088,3486,7572
506021119,540,329,870,563,408,972,691,511,1200,1068,1183,2247,1129,1337,2467,1463,1637,3098,933,195,1132,969,233,1203,924,251,1172,254,450,704,291,589,882,351,742,1092,359,840,1201,274,810,1083,350,816,1164,248,352,601,283,351,636,272,320,594,390,49,433,341,48,390,421,63,484,451,223,673,467,229,696,447,271,718,78,54,131,72,47,121,79,58,135,4325,3670,7993,4392,4045,8440,4986,4669,9654
506021120,0,0,0,0,0,0,0,0,0,0,0,0,0,0,0,0,0,0,0,0,0,0,0,0,0,0,0,0,0,0,0,0,0,0,0,0,0,0,0,0,0,3,0,0,0,0,0,0,0,0,0,0,0,0,0,0,0,0,0,0,0,0,0,0,0,0,0,0,0,0,0,0,0,0,0,0,0,0,0,0,0,0,0,0,4,0,3,0,0,0
506021121,0,0,0,0,0,0,0,0,0,0,0,0,0,0,0,0,0,0,0,0,0,0,0,0,0,0,0,0,0,0,0,0,0,0,0,0,0,0,0,0,0,0,0,0,0,0,0,0,0,0,0,0,0,0,0,0,0,0,0,0,0,0,0,0,0,0,0,0,0,0,0,0,0,0,0,0,0,0,0,0,0,0,0,0,0,0,0,0,0,0
506021123,670,339,1006,637,384,1025,755,495,1255,1153,1059,2212,1130,1126,2256,1506,1463,2972,890,162,1048,851,183,1034,824,238,1064,265,470,735,310,549,864,368,710,1073,351,816,1170,280,735,1014,332,785,1111,229,322,553,282,339,621,259,375,634,305,45,353,330,32,363,414,64,481,404,200,606,445,243,690,428,243,668,56,28,83,74,54,119,95,64,153,4329,3436,7765,4348,3646,7991,4987,4430,9412
506021309,154,95,256,166,118,279,218,152,369,246,262,510,253,306,555,328,437,760,569,90,661,574,75,653,599,123,723,114,226,342,112,287,398,147,411,557,152,402,555,121,341,464,147,401,546,126,163,290,98,191,295,147,239,385,292,65,355,313,35,353,402,72,472,224,125,350,272,185,452,305,182,481,37,21,55,40,24,70,59,40,98,1910,1466,3376,1953,1560,3516,2344,2052,4398
506021310,161,86,248,167,110,277,213,148,354,242,240,485,246,286,529,353,374,733,462,77,531,477,65,541,513,95,607,97,190,287,116,216,329,114,272,388,133,374,503,129,362,487,134,370,500,93,163,258,133,161,294,101,154,253,244,32,283,218,42,263,299,55,355,196,130,330,205,113,325,226,150,382,25,26,53,27,15,42,37,28,70,1651,1319,2974,1712,1385,3091,1996,1649,3648
506021311,305,182,487,349,197,545,416,291,714,531,489,1021,590,626,1213,836,783,1617,560,100,662,647,133,782,722,197,922,141,277,423,208,365,575,248,537,786,154,456,607,211,473,690,230,565,793,148,170,317,191,218,408,201,251,449,311,41,352,306,37,342,388,74,462,276,141,421,313,183,503,317,186,503,30,20,57,58,33,90,66,42,107,2461,1876,4338,2875,2274,5144,3428,2925,6348
506031124,386,208,595,449,234,683,500,321,824,1029,954,1974,933,1054,1983,1207,1263,2470,932,181,1113,941,183,1132,1015,266,1287,335,632,960,397,669,1073,571,1009,1577,347,806,1156,266,637,901,347,705,1047,337,430,765,381,427,812,371,460,826,423,57,475,444,62,506,693,97,789,620,292,914,701,347,1059,805,451,1259,107,53,157,84,56,136,138,65,208,4510,3618,8129,4603,3671,8279,5649,4636,10280
506031125,512,233,743,440,235,674,452,249,711,607,558,1159,556,616,1171,639,728,1359,688,152,843,585,129,713,583,137,724,173,312,485,165,366,531,174,400,580,242,770,1007,175,639,815,184,562,743,232,360,599,235,362,597,190,296,489,267,35,306,222,21,245,273,39,316,262,134,401,230,149,382,250,157,403,42,32,75,46,32,77,50,44,92,3027,2582,5611,2654,2548,5199,2797,2618,5409
506031126,0,0,0,0,0,0,0,0,0,0,0,0,0,0,0,0,0,0,0,0,0,0,0,0,0,0,0,0,0,0,0,0,0,0,0,0,0,0,0,0,0,0,0,0,0,0,0,0,0,0,0,0,0,0,0,0,0,0,0,0,0,0,0,0,0,0,0,0,0,0,0,0,0,0,0,0,0,0,0,0,0,0,0,0,0,0,0,0,0,0
506031127,320,199,515,404,225,630,437,291,727,691,697,1388,699,791,1493,974,1006,1974,1092,192,1280,1111,212,1320,1295,321,1616,265,518,783,367,738,1106,464,1075,1534,316,777,1094,362,676,1037,441,720,1160,235,361,602,309,434,746,330,483,811,661,61,719,717,68,786,1043,97,1146,578,353,932,784,422,1202,812,602,1415,78,43,126,104,69,171,154,93,250,4231,3205,7430,4860,3627,8483,5952,4689,10637
506031128,378,196,574,361,192,549,342,222,564,685,743,1429,588,753,1340,655,864,1521,946,162,1100,898,164,1062,905,189,1091,228,512,746,221,512,736,247,655,903,311,903,1213,267,688,957,229,629,858,234,366,602,237,365,596,213,295,506,531,68,602,438,52,492,472,87,559,439,271,716,436,272,711,428,296,725,66,26,90,72,52,124,65,32,102,3816,3251,7063,3520,3043,6567,3556,3271,6820
506031129,640,246,884,555,241,794,625,305,930,949,908,1857,908,987,1896,1165,1181,2348,584,118,706,552,119,675,557,163,720,170,376,553,164,407,569,192,488,679,246,741,991,209,585,791,221,604,825,223,317,542,223,284,514,208,288,495,234,32,265,227,27,251,234,49,282,277,136,418,269,143,411,271,151,425,59,27,85,50,40,87,51,40,97,3384,2910,6292,3153,2837,5987,3522,3274,6794
506031130,3,0,3,0,0,0,0,0,0,0,0,0,0,0,0,0,0,0,0,0,0,0,0,0,0,0,0,0,0,0,0,0,0,0,3,3,0,0,0,0,0,0,0,0,0,0,0,0,0,0,0,0,0,0,0,0,0,4,0,4,4,0,4,0,0,3,0,0,0,0,0,0,0,0,0,0,0,0,0,0,0,9,0,11,9,0,9,4,0,10
506031131,711,306,1012,601,290,890,640,338,985,1341,1269,2610,1252,1264,2509,1544,1499,3036,985,213,1198,914,196,1111,852,198,1053,227,597,823,228,616,846,277,762,1035,405,1063,1465,319,833,1154,326,798,1124,349,520,867,270,437,704,256,457,715,381,58,437,354,37,393,353,60,414,427,237,664,425,259,684,420,265,683,80,46,121,76,43,115,76,49,127,4906,4306,9209,4430,3973,8406,4752,4415,9166
506041132,375,240,617,335,224,554,378,261,641,497,563,1068,517,625,1139,633,754,1388,1294,213,1511,1317,223,1542,1409,274,1680,247,594,838,275,689,957,361,892,1251,310,889,1198,305,735,1046,347,737,1083,242,417,661,295,468,770,277,460,737,852,100,949,877,91,965,977,95,1074,670,424,1097,747,442,1195,783,505,1286,108,55,165,124,52,175,152,79,229,4598,3499,8098,4794,3549,8339,5322,4050,9370
506041133,855,373,1233,785,406,1194,843,457,1301,1099,1097,2197,1207,1272,2479,1437,1496,2929,1403,267,1668,1396,226,1620,1388,317,1702,298,623,918,326,813,1137,350,969,1321,434,1403,1839,420,1163,1584,429,1132,1563,377,587,961,458,650,1109,434,616,1048,554,72,623,660,81,736,810,93,901,477,296,776,574,424,997,609,400,1012,72,58,135,119,52,175,99,78,179,5574,4779,10351,5937,5094,11032,6405,5556,11961
506041134,340,228,571,300,216,516,282,223,507,338,449,784,339,452,790,402,497,898,1378,215,1595,1273,187,1463,1321,197,1522,224,668,894,230,728,952,257,865,1123,321,967,1285,261,828,1083,274,766,1043,248,524,778,264,501,771,259,504,766,958,131,1086,939,118,1053,1093,152,1243,700,425,1125,704,416,1118,813,509,1323,103,70,176,103,51,154,125,52,176,4622,3673,8294,4400,3497,7901,4821,3774,8597
506041135,513,240,755,576,325,901,667,427,1098,499,597,1093,711,863,1575,959,1146,2106,1200,193,1394,1437,226,1657,1502,260,1763,183,491,680,271,700,976,339,998,1339,292,1102,1400,321,1065,1384,376,1163,1543,237,471,711,400,546,943,350,605,963,614,71,684,720,84,803,859,124,983,461,294,757,536,350,881,637,414,1059,68,29,94,101,71,172,121,70,188,4072,3504,7572,5074,4229,9303,5809,5216,11026
506041136,251,136,387,264,170,429,281,158,440,228,306,539,257,329,582,316,431,749,903,139,1036,997,131,1127,1058,177,1230,118,384,502,168,454,620,218,646,861,183,598,777,178,513,691,208,538,742,164,278,448,181,296,478,185,299,491,670,89,757,656,64,715,753,111,861,447,272,723,522,323,847,550,400,952,68,36,101,67,37,103,105,58,160,3039,2224,5266,3294,2305,5596,3674,2819,6487
506041137,618,309,926,523,294,818,532,331,861,765,839,1602,721,847,1569,798,943,1742,1841,298,2139,1647,281,1923,1588,320,1911,291,779,1069,315,859,1178,367,1017,1390,447,1494,1941,404,1220,1627,386,1074,1463,400,763,1160,377,713,1093,308,611,922,1027,124,1154,932,111,1042,1004,146,1150,807,523,1330,791,520,1311,802,524,1325,94,64,159,119,81,196,105,77,183,6300,5193,11493,5837,4918,10755,5891,5053,10944
506051138,497,255,752,487,310,801,583,353,933,424,574,1000,568,709,1274,627,940,1571,1365,196,1562,1519,252,1768,1557,262,1823,181,587,766,237,700,941,246,835,1083,331,1125,1449,342,1110,1457,334,1055,1381,238,495,735,261,564,821,258,505,761,858,103,959,903,124,1025,936,150,1087,483,338,824,543,360,904,530,349,883,98,59,154,98,60,158,103,90,195,4468,3729,8195,4962,4187,9152,5185,4536,9722
506051139,346,215,563,316,191,512,340,230,572,292,374,668,276,417,697,323,461,779,1029,147,1183,968,146,1116,959,173,1128,126,407,533,131,476,610,150,587,738,221,868,1085,185,814,1003,189,787,975,169,400,570,169,364,537,175,347,519,707,74,774,720,97,819,706,108,814,395,226,613,366,221,588,388,225,609,50,36,91,58,35,91,55,50,101,3337,2749,6082,3197,2763,5958,3286,2959,6237
506051140,757,288,1047,698,277,970,729,377,1104,752,845,1593,674,853,1526,764,1007,1769,991,177,1170,922,151,1076,923,196,1122,166,482,647,174,504,677,214,517,732,258,987,1246,232,821,1057,220,844,1064,210,409,619,215,405,618,194,324,520,396,32,425,394,42,439,383,57,438,323,168,491,297,170,463,300,159,458,62,39,100,53,41,97,61,48,106,3915,3420,7337,3656,3260,6917,3789,3527,7320
506051141,555,221,781,508,221,731,541,286,833,575,661,1242,484,669,1148,564,753,1316,779,135,918,749,119,872,790,150,941,125,374,498,151,387,541,150,432,583,156,685,842,146,621,769,138,632,767,166,299,466,173,237,409,134,260,396,263,26,287,260,35,292,300,42,344,282,125,405,264,131,389,267,153,426,41,37,78,41,26,72,58,35,92,2948,2574,5516,2778,2449,5229,2950,2750,5698
506061142,245,141,384,390,258,647,519,390,912,213,274,484,374,551,931,476,796,1279,806,120,929,1415,252,1672,1680,319,2001,87,273,366,202,690,888,283,1046,1330,125,564,686,224,926,1141,289,1124,1413,108,256,360,217,553,765,245,579,826,426,39,465,885,88,971,1077,187,1261,238,146,384,461,252,715,622,366,987,32,19,53,75,52,127,112,80,187,2268,1839,4112,4240,3623,7864,5299,4894,10196
506061143,273,143,413,268,132,402,311,187,496,115,193,307,145,238,384,157,326,482,538,92,631,550,95,645,643,123,770,57,199,257,64,227,292,82,305,388,57,410,466,69,405,473,86,447,533,63,159,223,69,179,250,83,167,252,282,28,307,323,28,354,345,60,398,158,119,280,207,146,355,227,150,381,31,25,52,33,14,47,56,25,85,1582,1366,2939,1733,1468,3198,1992,1794,3791
506061144,155,94,249,161,105,266,200,95,292,95,151,241,86,153,236,90,180,271,288,66,350,323,66,395,361,103,463,56,108,161,50,126,177,41,167,206,33,201,238,34,189,223,38,222,261,33,80,116,34,91,122,39,99,135,182,17,202,181,23,200,183,32,216,131,77,204,114,82,190,112,78,185,18,13,30,18,11,26,50,26,74,993,796,1789,985,850,1831,1104,1003,2109
506071145,608,375,978,582,410,996,681,436,1113,1267,1281,2550,1211,1386,2597,1379,1659,3045,694,141,833,637,148,791,574,161,734,200,473,671,262,471,732,244,595,840,289,927,1217,236,760,995,242,706,955,245,361,615,233,342,579,232,319,554,197,24,223,202,26,225,220,35,251,268,133,395,249,123,372,275,147,419,51,35,93,63,37,100,73,48,122,3809,3757,7565,3671,3708,7378,3930,4108,8036
506071146,460,234,695,508,248,754,542,260,797,823,754,1580,797,785,1581,989,994,1983,402,75,476,389,77,461,388,102,488,152,294,443,154,314,462,227,374,604,180,524,699,169,485,655,184,491,675,206,262,459,184,250,435,184,219,406,151,7,157,146,12,154,207,23,222,232,97,330,220,111,331,228,105,331,41,27,63,48,32,80,46,40,86,2636,2272,4909,2617,2309,4924,2994,2605,5601
506071147,995,470,1459,976,481,1459,1015,579,1595,1662,1503,3163,1581,1513,3101,1801,1801,3601,678,147,820,581,163,743,572,169,739,253,422,676,260,491,752,291,624,915,332,965,1297,305,782,1079,283,795,1079,321,370,691,277,354,633,315,372,684,208,13,221,173,25,197,208,33,243,281,128,412,257,133,394,275,163,440,77,35,111,70,43,116,92,57,146,4801,4061,8858,4484,3987,8469,4859,4591,9450
507011148,657,319,979,731,366,1104,888,542,1425,728,882,1613,930,1114,2043,1354,1684,3034,1199,157,1356,1231,225,1451,1510,321,1827,171,483,654,225,666,894,368,1004,1375,292,1099,1390,298,1123,1425,382,1297,1685,232,400,633,247,532,783,347,572,922,424,46,471,479,48,523,612,80,698,314,171,481,463,221,680,561,322,884,60,23,89,84,41,128,126,84,205,4085,3582,7669,4692,4334,9028,6138,5913,12048
507011150,4,0,5,0,0,0,0,0,0,0,0,0,0,0,0,0,3,6,3,0,3,0,0,0,6,0,6,0,0,0,0,0,0,0,0,0,0,0,0,0,0,0,0,0,0,0,0,0,0,0,0,0,0,0,0,0,0,0,0,0,0,0,0,0,0,0,0,0,0,0,0,0,0,0,0,0,0,0,0,0,0,5,5,6,0,0,3,6,3,9
507011151,0,0,0,0,0,0,0,0,0,0,0,0,0,0,0,0,0,0,0,0,0,0,0,0,0,0,0,0,0,0,0,0,0,0,0,0,0,0,0,0,0,0,0,0,0,0,0,0,0,0,0,0,0,0,0,0,0,0,0,0,0,0,0,0,0,0,0,0,0,0,0,0,0,0,0,0,0,0,0,0,0,0,0,0,0,0,0,0,0,0
507011152,349,132,480,376,175,550,461,250,717,259,312,567,313,460,774,408,601,1008,681,83,765,729,120,846,781,142,925,71,272,345,86,321,411,119,389,507,115,539,653,134,581,717,138,576,718,122,290,409,148,316,462,162,288,452,233,21,248,224,21,247,266,37,305,240,116,354,235,141,381,284,145,425,46,22,66,56,33,85,56,38,95,2111,1779,3887,2312,2164,4474,2686,2466,5154
507011153,218,134,355,213,141,352,227,164,397,304,437,739,354,483,834,442,641,1082,570,101,670,540,120,657,598,142,731,106,322,424,115,303,419,147,370,519,134,440,579,112,385,499,118,442,557,138,188,322,105,213,324,133,217,344,259,27,286,248,28,279,240,42,282,270,131,406,244,134,379,256,121,375,33,20,57,37,22,61,52,33,80,2038,1793,3833,1975,1828,3803,2199,2178,4376
507011154,219,154,375,252,185,438,297,280,576,381,547,926,394,601,996,517,862,1378,671,97,764,696,110,809,778,175,954,128,341,471,169,423,600,218,543,752,135,404,539,93,352,452,104,399,504,120,243,359,126,258,383,158,235,394,327,40,368,249,32,278,279,57,341,374,198,570,311,186,502,327,197,524,52,38,85,48,35,84,57,43,95,2409,2051,4463,2345,2186,4529,2742,2781,5525
507011155,0,0,0,0,0,0,0,0,0,0,0,0,0,0,0,0,0,0,0,0,0,0,0,0,0,0,0,0,0,0,0,0,0,0,0,0,0,0,0,0,0,0,0,0,0,0,0,0,0,0,0,0,0,0,0,0,4,0,0,0,0,0,4,4,0,4,0,0,4,0,0,0,0,0,0,0,0,0,0,0,0,5,3,5,0,0,7,4,3,4
507011158,62,21,80,173,91,268,285,164,446,50,49,100,165,211,381,272,353,626,22,5,22,133,21,156,194,52,245,7,13,26,40,80,125,67,131,196,8,36,43,40,146,191,64,203,269,11,12,22,32,63,97,47,86,139,9,0,9,35,3,33,73,16,86,11,7,21,39,19,58,63,29,90,0,4,8,16,14,28,26,13,35,181,146,327,681,653,1330,1091,1043,2134
507011159,381,199,576,332,210,545,332,242,574,442,569,1010,509,642,1151,582,685,1272,963,152,1117,885,158,1036,873,170,1044,142,431,573,160,430,592,182,539,719,200,679,881,202,650,851,222,623,842,181,359,543,185,316,502,172,283,454,429,55,488,391,62,452,447,61,509,369,225,590,380,237,612,388,251,634,57,37,92,59,27,87,54,39,89,3169,2706,5871,3101,2738,5835,3256,2893,6145
507011160,230,106,339,235,152,387,341,240,580,201,287,482,245,409,654,400,614,1015,812,129,938,821,141,965,864,179,1041,115,335,447,117,373,485,154,497,652,113,497,608,133,466,595,151,543,695,133,279,412,150,311,464,161,291,448,338,35,373,310,36,342,373,57,433,332,211,540,316,225,535,339,222,560,53,27,75,59,34,95,66,40,106,2330,1892,4222,2384,2137,4518,2850,2681,5524
507011161,425,227,648,531,296,825,657,400,1053,584,632,1214,778,909,1691,1010,1254,2261,958,152,1111,1147,192,1336,1313,264,1574,150,355,503,224,546,770,306,843,1153,228,813,1038,255,901,1155,307,1052,1356,188,321,506,245,436,680,251,481,730,369,38,410,449,36,484,582,80,664,306,182,487,371,250,620,482,299,780,58,29,92,80,56,130,81,57,140,3274,2741,6013,4078,3611,7688,4997,4724,9721
507011163,191,125,319,198,128,326,260,171,430,216,270,481,263,336,595,287,403,696,709,103,812,660,114,780,642,125,770,69,251,319,86,290,380,96,328,420,139,446,585,112,426,542,98,432,538,119,257,377,106,217,325,111,184,301,305,31,335,259,38,294,254,44,296,253,172,429,261,174,438,271,173,445,37,27,63,43,18,58,43,25,69,2036,1681,3722,1987,1745,3737,2078,1884,3960
507011259,269,131,402,314,171,485,370,253,620,243,293,533,321,470,789,435,655,1093,568,89,659,664,110,777,885,168,1050,58,230,287,109,329,433,145,508,652,111,405,518,136,516,657,164,585,751,86,208,292,118,264,381,150,290,445,270,34,298,286,32,313,382,53,435,216,121,339,221,137,356,309,207,517,27,20,52,45,28,78,57,32,86,1854,1531,3386,2218,2050,4267,2892,2750,5640
507011260,188,64,249,153,59,214,116,71,189,206,161,370,131,152,287,160,173,331,164,28,189,144,27,170,146,29,178,34,83,116,49,77,133,57,87,149,43,212,252,42,179,218,40,171,212,57,87,146,55,82,139,46,73,123,56,5,59,49,4,56,70,10,74,60,38,97,60,18,75,58,27,90,12,11,19,17,12,32,13,12,24,811,685,1497,693,617,1310,715,655,1371
507021164,394,205,597,430,235,664,485,287,772,623,706,1326,615,734,1345,644,868,1509,275,53,334,289,61,357,260,62,318,108,172,276,117,230,343,128,279,408,97,365,462,78,348,427,88,317,408,96,167,265,118,160,280,122,168,290,69,9,77,77,12,88,76,10,78,123,43,164,114,51,166,135,49,188,28,32,58,27,29,57,22,26,43,1825,1743,3566,1857,1863,3721,1961,2060,4016
507021165,606,344,946,658,432,1091,856,596,1450,1209,1406,2611,1236,1535,2770,1615,1941,3562,647,130,774,576,149,730,650,196,846,204,413,621,267,475,741,352,687,1040,196,609,804,179,548,727,195,593,791,186,303,487,179,288,472,190,306,493,191,30,223,187,30,220,179,44,222,322,122,448,266,127,397,312,163,476,49,30,76,82,36,118,83,43,125,3610,3379,6987,3633,3623,7258,4443,4575,9016
507021166,473,268,741,516,334,851,628,430,1057,832,1110,1943,908,1260,2167,1114,1547,2663,774,175,944,729,162,892,787,208,993,192,452,649,202,503,710,301,601,899,171,625,796,182,551,731,181,548,728,176,288,463,196,338,534,185,288,472,261,31,290,259,31,294,254,39,293,357,154,507,340,158,502,315,144,460,41,27,76,70,56,123,69,39,109,3282,3133,6412,3401,3395,6796,3827,3842,7674
507021167,0,0,0,0,0,0,0,0,0,0,0,0,4,0,4,0,0,0,0,0,0,7,0,7,0,0,0,0,0,0,0,0,0,0,4,4,0,0,0,0,0,0,0,0,0,0,0,0,0,0,0,0,0,0,0,0,0,0,0,0,0,0,0,0,0,0,0,0,0,0,0,0,0,0,0,0,0,0,0,0,0,0,0,0,7,0,7,0,3,3
507031169,207,133,342,336,220,558,405,339,744,236,335,569,515,674,1188,661,883,1541,751,110,858,1012,173,1190,1374,265,1641,121,298,412,226,592,824,351,930,1285,139,551,691,253,690,942,311,842,1155,137,247,384,222,422,641,266,489,757,320,39,360,620,65,682,882,122,1005,218,160,373,443,306,747,543,435,975,41,22,62,81,41,123,83,51,135,2170,1884,4048,3708,3186,6897,4884,4359,9239
507031170,104,92,191,90,74,167,94,84,177,127,151,275,138,175,314,146,198,347,464,88,549,442,78,512,419,79,504,87,215,309,76,230,309,82,311,394,91,246,334,75,247,320,83,254,339,66,168,230,79,228,306,83,174,257,350,39,389,317,42,361,353,56,414,263,174,431,262,167,428,297,192,490,18,22,43,31,17,50,39,26,63,1570,1186,2754,1523,1258,2777,1596,1385,2981
507031172,3,3,9,0,6,3,6,0,0,0,6,4,0,0,0,0,6,3,7,0,8,4,4,5,9,0,13,0,0,0,0,3,3,0,4,4,0,8,8,0,3,6,0,6,6,0,4,4,0,0,0,0,0,0,8,0,8,8,0,8,6,0,10,0,0,9,3,0,3,4,5,7,0,0,0,0,0,0,0,0,0,24,24,48,15,13,31,21,21,36
507031173,0,0,0,0,0,0,4,0,4,0,0,0,0,0,0,0,0,0,0,0,0,5,0,3,6,0,6,0,0,0,0,0,0,0,0,0,0,0,0,0,0,3,0,0,0,0,0,0,0,0,0,0,0,0,6,0,6,0,0,0,0,0,4,0,0,0,0,0,0,0,0,0,0,0,0,0,0,0,0,0,0,6,0,6,8,7,14,4,0,12
507031174,167,124,295,156,113,269,145,129,272,155,221,371,164,213,379,180,270,447,792,106,901,701,98,801,784,123,908,120,387,511,116,404,522,138,511,649,143,464,610,96,382,475,103,374,485,106,329,433,116,346,462,138,318,458,566,74,641,531,61,594,594,93,685,406,296,700,411,268,678,426,336,764,52,22,72,49,45,92,53,22,75,2517,2021,4538,2334,1919,4258,2557,2177,4741
507031261,106,54,160,201,100,303,291,195,484,55,85,144,196,301,494,333,516,841,282,52,332,500,89,589,726,123,852,25,94,123,94,219,311,128,374,499,30,167,200,79,362,441,129,498,632,29,76,109,83,133,214,119,196,311,113,11,126,180,12,194,308,43,353,85,34,116,155,68,225,201,134,340,9,10,16,30,27,60,33,30,65,744,591,1332,1515,1315,2832,2263,2108,4369
507041175,683,288,973,667,286,954,768,358,1130,958,862,1819,936,894,1832,1063,1171,2229,332,74,405,340,80,421,324,101,427,134,277,416,128,301,427,154,295,452,179,612,787,159,547,705,167,551,716,175,270,442,208,276,490,192,285,468,94,11,106,99,3,103,128,19,142,128,42,168,153,67,220,152,79,231,46,44,89,55,33,87,51,31,81,2729,2476,5201,2747,2499,5244,3001,2882,5884
507041176,162,54,216,158,79,234,166,79,244,312,317,634,295,332,629,342,342,679,198,34,232,160,35,198,163,43,204,52,126,169,47,116,166,50,129,182,73,233,306,68,158,232,63,172,238,85,113,199,66,87,157,56,86,139,51,0,55,58,3,65,53,9,66,77,21,95,74,35,112,80,23,101,16,14,33,3,13,20,8,11,21,1017,919,1940,942,856,1798,991,887,1877
507041177,597,315,910,644,325,971,805,435,1234,880,1179,2063,868,1269,2136,987,1487,2472,765,139,903,672,118,787,700,178,874,213,422,633,215,464,678,239,574,819,241,804,1045,185,674,861,239,773,1010,181,319,499,263,342,599,231,352,577,175,20,199,186,40,226,198,38,234,273,110,380,230,99,332,290,141,434,56,35,89,57,55,110,45,33,79,3392,3337,6726,3321,3382,6701,3725,4002,7736
507041178,745,356,1099,748,339,1088,865,409,1281,1130,1104,2234,1120,1174,2296,1327,1409,2732,604,135,739,545,126,669,572,153,727,186,394,575,185,406,588,217,484,706,238,811,1054,230,718,946,234,748,978,241,366,601,280,339,624,294,344,640,168,17,188,155,17,173,182,19,207,216,100,317,219,103,320,246,137,385,56,37,87,54,27,81,47,54,102,3582,3314,6901,3535,3249,6785,3995,3763,7758
507041179,344,126,471,293,144,437,275,160,432,601,610,1212,589,569,1157,680,626,1308,346,89,436,282,80,359,264,62,326,112,225,336,93,201,295,99,246,349,157,450,608,128,332,464,119,327,446,136,160,297,100,156,264,96,124,216,101,19,122,111,13,129,113,23,135,143,77,219,144,77,221,122,76,198,29,15,44,25,12,41,47,19,66,1972,1773,3741,1770,1595,3365,1807,1669,3477
507041180,612,251,867,542,232,767,497,249,750,823,865,1690,789,839,1631,867,962,1829,707,117,827,553,105,653,534,110,650,183,367,547,160,363,521,173,368,540,278,867,1150,205,692,905,224,660,880,235,378,612,211,320,527,153,259,410,228,24,255,193,29,213,221,27,246,291,127,416,276,123,397,237,125,356,37,32,60,42,27,66,46,30,75,3383,3034,6416,2965,2722,5688,2952,2784,5736
507041181,848,347,1199,915,420,1337,1025,528,1557,981,1171,2147,1004,1280,2285,1231,1595,2824,797,130,922,699,145,838,754,154,907,255,440,694,266,496,757,275,589,871,261,984,1249,252,906,1151,259,936,1196,279,384,662,284,418,708,309,435,747,195,14,212,183,25,210,239,34,265,299,137,434,291,119,408,315,121,433,70,44,117,66,41,110,72,59,128,3977,3658,7641,3959,3847,7806,4483,4455,8939
507041182,513,211,721,426,214,636,448,263,703,726,723,1455,691,820,1513,826,897,1724,652,148,800,583,143,731,630,153,781,181,452,633,179,392,569,225,472,695,252,727,975,220,632,847,207,637,841,285,439,724,242,366,607,200,352,552,240,20,263,233,29,257,226,35,266,325,149,476,345,138,481,325,168,491,51,29,81,39,28,69,64,53,114,3235,2904,6140,2959,2760,5719,3149,3018,6167
507041183,129,77,206,140,92,236,181,132,311,217,303,522,209,340,546,305,450,750,276,40,313,260,44,305,292,64,359,63,130,200,67,165,224,79,203,282,60,235,296,72,201,277,64,244,302,62,98,154,45,82,127,81,131,213,123,9,133,92,6,102,133,23,153,134,69,205,134,59,192,132,71,205,19,10,33,19,14,36,20,21,40,1086,966,2057,1034,1008,2044,1280,1334,2612
507041184,351,126,480,319,139,457,305,153,461,552,463,1020,477,459,934,542,520,1066,229,47,275,212,42,259,207,51,264,80,161,239,74,174,248,76,180,258,163,401,566,110,293,407,119,279,397,143,184,332,153,184,330,107,165,272,71,6,74,58,8,62,76,7,82,132,53,187,114,58,177,105,42,151,24,26,54,29,23,44,24,21,42,1740,1480,3219,1558,1374,2934,1563,1430,2988
507051186,135,113,246,119,90,208,136,110,242,120,208,329,118,184,304,136,193,330,681,108,786,568,104,669,520,100,627,109,372,482,102,360,467,125,388,512,102,362,463,72,302,374,83,267,355,81,238,317,85,244,330,92,200,288,405,50,454,377,40,421,378,58,438,342,204,541,306,164,467,316,191,504,44,14,58,42,23,63,33,14,46,2021,1660,3683,1790,1509,3305,1824,1518,3338
507051187,381,214,590,338,208,551,317,223,542,303,445,743,284,423,707,265,479,744,1163,179,1347,972,166,1138,1049,206,1255,215,541,759,206,590,793,182,684,869,180,664,847,139,594,730,139,545,687,180,504,687,174,483,658,176,481,654,564,29,591,515,45,558,594,68,660,449,250,705,494,285,772,467,272,733,62,31,97,73,36,112,98,32,131,3506,2853,6360,3200,2830,6025,3283,2987,6278
507051188,360,195,554,359,218,575,414,257,674,385,364,752,289,407,690,326,525,855,1183,165,1344,1120,172,1292,1110,209,1323,311,558,868,340,599,934,378,791,1173,185,657,841,146,600,746,169,620,792,168,397,566,155,380,531,160,345,505,523,59,579,466,57,527,507,90,597,472,273,747,440,298,743,494,328,824,64,33,97,71,47,119,73,52,125,3642,2696,6340,3383,2776,6159,3637,3230,6870
507051189,0,0,0,0,0,0,0,0,0,0,0,0,0,0,0,0,0,0,0,0,0,0,0,0,0,0,0,0,0,0,0,0,0,0,0,0,0,0,0,0,0,0,0,0,0,0,0,0,0,0,0,0,0,0,0,0,0,0,0,0,0,0,0,0,0,0,0,0,0,0,0,0,0,0,0,0,0,0,0,0,0,0,0,0,0,0,0,0,0,0
507051190,303,145,452,298,162,467,295,214,510,308,436,743,295,466,764,341,541,877,899,113,1008,792,106,904,834,156,983,127,413,539,150,412,557,159,559,722,152,539,690,110,456,563,125,459,583,165,329,488,138,323,462,145,265,411,384,49,433,344,43,385,379,67,446,305,156,465,311,168,481,322,179,506,59,22,85,52,29,76,60,39,98,2706,2204,4911,2488,2164,4652,2663,2475,5138
507051191,549,289,840,627,335,953,766,466,1236,543,672,1215,548,904,1450,671,1225,1897,1455,189,1647,1702,271,1969,1971,337,2307,268,617,888,336,862,1194,440,1212,1655,220,874,1091,231,931,1161,252,1038,1284,185,501,689,285,616,903,291,733,1023,525,46,570,652,57,706,777,125,906,464,200,663,558,268,822,700,356,1049,66,28,90,124,47,171,128,86,214,4274,3424,7704,5064,4279,9342,5996,5574,11568
507051192,271,188,462,249,179,421,264,214,474,255,370,630,263,436,696,296,478,772,1042,152,1191,957,173,1126,975,161,1130,180,494,670,189,502,687,205,579,786,146,572,722,147,506,656,124,504,633,128,403,535,154,382,533,133,334,471,505,63,565,501,51,549,517,76,597,455,252,713,411,251,663,412,258,669,65,30,97,68,29,98,59,37,100,3052,2532,5579,2925,2502,5427,2987,2641,5633
507051193,255,178,435,206,150,358,210,165,375,255,313,566,195,307,504,206,351,559,912,173,1089,833,138,972,806,157,960,138,438,577,111,403,516,140,508,648,146,509,655,109,431,540,102,428,528,143,366,504,125,341,467,112,288,401,449,42,493,446,38,488,461,52,513,413,250,663,359,230,588,388,231,617,50,34,78,68,29,98,60,26,86,2766,2299,5067,2450,2074,4531,2483,2207,4682
507051312,155,75,226,195,139,332,338,222,561,135,153,289,198,309,510,291,528,815,403,52,450,688,115,807,920,168,1089,77,134,210,134,343,483,203,601,808,65,228,294,102,411,513,162,526,687,50,104,162,95,245,343,113,311,425,184,20,206,341,48,388,513,84,596,150,57,206,261,120,386,330,244,574,15,14,32,35,19,57,67,46,111,1237,839,2069,2057,1752,3807,2932,2725,5657
507051313,458,215,672,673,375,1052,798,525,1321,372,513,883,648,986,1637,742,1277,2017,1122,159,1280,1879,314,2189,2007,369,2374,190,493,680,361,1000,1361,484,1359,1838,200,767,966,277,1219,1496,328,1301,1630,150,358,513,300,718,1017,335,747,1077,408,51,455,912,85,993,1051,139,1185,317,161,479,628,331,965,732,426,1159,64,34,94,111,63,174,129,93,217,3281,2752,6039,5802,5086,10886,6599,6220,12818
507051314,31,17,48,39,28,59,62,51,118,21,34,54,34,49,82,45,75,117,65,6,77,127,20,152,156,28,186,8,21,27,25,72,91,29,124,153,11,29,42,26,73,94,20,102,118,10,27,34,21,44,64,31,64,97,24,0,21,60,3,63,102,9,113,24,16,34,48,29,72,71,34,110,4,3,3,7,8,11,22,9,31,196,155,353,382,314,699,539,500,1035
509011225,435,278,717,427,303,735,450,321,771,483,634,1118,498,680,1174,536,858,1387,778,163,946,749,146,894,772,166,942,185,485,677,216,566,786,257,686,940,109,619,728,117,558,673,115,565,675,210,403,608,223,372,589,224,355,584,290,28,321,324,41,355,339,43,379,473,242,713,422,283,710,460,273,732,51,28,82,51,28,79,56,33,91,3028,2890,5915,3016,2985,6000,3200,3304,6504
509011226,291,178,474,299,160,460,328,168,497,98,122,219,93,154,251,113,201,314,170,24,191,179,37,216,185,47,231,30,120,145,50,118,165,45,142,188,13,125,145,15,116,127,14,140,155,34,64,98,30,72,103,27,70,97,86,7,91,86,0,91,104,12,114,117,53,171,136,80,215,144,81,226,10,6,13,19,11,30,14,16,34,851,708,1555,900,759,1656,980,871,1845
509011227,143,96,241,119,94,212,125,103,230,124,204,326,145,220,366,172,258,428,259,45,304,273,46,321,324,65,388,58,164,222,79,208,288,97,242,335,34,201,239,48,230,278,41,247,293,68,114,181,81,137,222,89,163,250,144,8,153,170,4,174,167,11,179,137,75,206,146,83,231,170,109,282,12,11,24,18,14,36,18,11,28,984,915,1894,1093,1037,2130,1204,1206,2410
509011228,273,191,467,258,169,424,301,201,503,198,238,435,195,269,466,200,325,528,280,56,336,303,57,361,319,77,397,53,159,211,68,178,252,72,209,277,37,200,238,45,201,244,39,193,228,60,115,173,66,122,188,68,108,179,101,7,113,103,9,113,118,11,131,138,97,236,170,120,295,172,137,310,22,11,32,15,10,26,24,20,45,1166,1073,2240,1230,1139,2370,1306,1284,2592
509011229,522,220,747,436,205,633,380,194,575,25,73,98,26,71,99,27,81,110,113,31,150,137,25,168,130,34,160,8,68,75,7,55,67,3,58,59,14,99,114,12,117,129,8,104,113,16,39,59,13,29,50,15,30,50,79,15,91,97,18,112,113,28,143,93,52,147,129,74,194,152,79,234,10,7,15,12,0,18,9,8,17,887,610,1492,873,602,1469,836,614,1448
509011230,270,132,393,231,121,357,217,110,326,88,157,248,87,148,235,71,155,225,256,52,306,231,44,273,235,53,291,34,126,156,28,125,150,40,150,195,24,164,195,21,156,172,35,162,201,65,92,160,65,91,154,68,85,155,103,12,109,112,17,132,118,12,133,232,152,386,296,152,445,325,151,470,26,15,46,28,9,39,27,13,40,1096,897,1989,1096,866,1962,1123,899,2026
509011231,572,255,831,532,234,769,522,245,766,33,127,158,25,135,158,33,136,172,147,53,198,151,47,191,126,44,174,20,96,117,23,112,130,16,116,131,13,123,134,17,151,170,13,132,148,29,54,81,21,60,81,13,45,62,104,17,128,130,16,147,135,26,156,173,93,271,176,86,264,217,104,323,17,18,29,26,15,40,20,16,35,1118,835,1954,1099,858,1948,1091,867,1964
509011232,127,76,209,127,77,201,145,81,229,100,154,250,105,180,284,123,176,300,204,42,242,228,41,272,244,42,282,49,113,158,48,128,178,63,138,201,38,155,190,23,159,181,23,152,176,45,87,133,48,97,141,39,90,131,85,4,84,91,3,95,93,8,105,108,43,147,111,52,159,96,58,157,11,7,20,16,12,26,16,8,21,756,679,1438,800,741,1542,847,757,1606
509011233,262,149,408,254,162,411,291,194,485,170,255,424,177,297,473,209,388,596,637,103,737,720,133,851,761,123,883,161,384,544,181,509,683,212,595,811,72,445,520,75,447,513,66,483,550,156,372,526,190,374,564,185,392,575,354,25,374,353,27,383,396,30,426,399,241,638,422,282,703,514,316,825,31,17,48,48,28,80,46,29,77,2236,1983,4221,2419,2241,4657,2690,2540,5232
509011234,370,196,563,333,178,503,338,182,523,77,148,225,70,143,220,82,175,257,215,53,265,209,60,266,228,61,287,53,133,186,57,144,200,53,163,219,29,186,218,24,203,226,32,191,221,44,82,134,41,111,151,45,102,143,159,19,181,156,19,176,174,30,205,230,143,374,233,121,355,267,133,401,17,7,29,18,9,22,34,22,55,1196,975,2171,1138,981,2121,1247,1060,2308
509011235,0,0,0,0,0,0,0,0,0,0,0,0,0,0,0,0,0,0,0,0,0,0,0,0,0,0,0,0,0,0,0,0,0,0,0,0,0,0,0,0,0,0,0,0,0,0,0,0,0,0,0,0,0,0,0,0,0,0,0,0,0,0,0,0,0,0,0,0,0,0,0,0,0,0,0,0,0,0,0,0,0,0,0,0,0,0,0,0,0,0
509021236,228,113,339,255,152,412,270,167,441,97,126,220,98,154,255,116,210,328,317,88,404,387,104,491,500,96,596,54,120,175,66,149,219,72,216,288,56,248,300,48,294,345,60,312,375,42,111,157,58,112,166,51,123,171,196,26,215,233,33,267,282,57,335,134,116,259,203,124,328,162,141,306,29,10,43,35,18,56,31,15,51,1153,953,2105,1391,1144,2531,1546,1347,2893
509021237,368,124,494,335,133,469,324,108,428,38,118,157,47,106,154,36,103,139,187,44,228,183,33,223,152,29,180,22,112,130,23,142,164,32,126,159,10,161,165,10,125,140,12,121,130,51,52,97,42,48,94,36,62,100,129,19,146,127,18,144,115,14,130,129,90,224,153,86,242,120,90,217,12,10,20,9,4,17,12,17,28,946,728,1668,939,709,1648,850,664,1511
509021238,491,188,682,424,163,587,405,161,565,50,129,181,55,104,161,48,114,164,180,42,226,185,39,225,173,41,214,17,112,127,16,113,133,24,125,143,24,181,207,18,171,194,15,163,184,35,49,88,28,65,95,28,56,84,154,17,173,149,21,171,162,32,194,116,71,185,135,72,206,140,83,223,15,11,26,24,14,37,18,16,28,1092,796,1883,1027,776,1804,1012,788,1806
509021239,540,269,811,506,290,796,509,294,809,118,173,296,102,179,283,142,262,401,407,93,504,453,93,546,506,90,596,51,162,213,52,183,235,44,228,270,41,312,361,39,334,370,35,367,399,40,146,192,56,152,201,71,141,208,332,42,374,315,45,367,391,91,478,353,242,599,433,317,752,436,364,801,44,23,65,32,28,57,49,34,87,1937,1464,3400,1993,1612,3601,2194,1864,4057
509021240,456,205,663,398,188,584,374,188,562,97,177,275,95,168,264,64,160,227,305,55,359,277,52,327,251,53,305,39,148,191,34,162,198,40,174,214,24,231,254,26,210,237,36,174,209,50,107,154,69,108,173,61,83,146,225,18,244,225,18,245,211,26,240,169,84,252,155,102,256,135,113,249,27,16,39,25,9,31,29,17,39,1398,1033,2427,1299,1020,2324,1198,989,2189
509021241,582,222,804,519,214,734,469,191,665,56,159,211,61,117,179,61,161,219,267,54,319,261,45,307,223,47,270,22,135,152,19,133,154,22,139,165,15,218,235,19,220,242,12,191,203,57,99,150,66,87,155,43,73,120,194,23,219,196,20,222,193,36,221,205,114,320,201,114,314,148,119,271,12,15,32,15,6,17,19,6,28,1417,1032,2452,1347,959,2311,1199,958,2161
509021242,446,193,643,380,158,532,368,153,525,50,107,158,33,82,114,27,64,91,250,38,289,209,33,237,168,31,200,18,75,94,12,75,85,18,64,81,14,133,152,10,105,112,15,110,119,10,28,43,20,37,53,11,34,45,262,45,307,214,29,249,178,47,222,112,62,176,103,63,163,108,59,172,24,8,31,18,12,32,13,11,24,1188,698,1889,986,587,1576,903,580,1479
509021243,376,219,599,331,186,513,333,242,573,214,336,552,185,369,551,208,373,579,620,123,744,598,114,715,608,130,739,130,349,479,137,380,519,134,434,571,122,488,604,94,480,574,84,459,545,109,256,365,121,251,365,122,293,415,379,45,424,389,50,444,413,51,465,373,242,618,368,211,582,371,228,605,42,31,69,38,26,68,50,37,88,2370,2088,4463,2272,2067,4338,2326,2252,4577
509021244,181,96,270,173,88,260,164,109,271,99,153,251,80,182,256,102,168,266,297,74,369,286,43,333,271,57,329,48,169,211,41,147,195,48,168,218,40,218,257,36,185,224,39,189,228,37,75,104,41,88,133,33,90,123,179,19,204,201,26,225,216,36,249,126,79,206,113,73,184,113,68,182,10,17,25,24,17,40,28,11,41,1009,896,1897,997,856,1844,1007,895,1904
509021245,345,175,517,283,147,433,281,144,423,88,164,248,93,156,249,73,195,268,242,52,287,243,56,299,219,71,291,35,164,196,39,177,220,52,173,223,26,183,210,40,189,230,30,183,213,48,97,141,56,105,163,43,88,130,185,20,203,184,18,205,194,17,215,152,88,241,163,91,251,165,96,255,14,6,22,15,8,25,16,23,40,1129,945,2076,1117,951,2072,1068,991,2058
509031246,426,185,610,357,174,535,350,161,510,29,107,139,39,99,137,33,92,128,157,31,187,140,33,176,147,27,175,16,108,124,22,86,107,21,107,130,15,131,147,20,119,139,21,122,144,26,43,70,24,50,74,31,54,84,146,25,166,122,21,148,123,25,148,112,74,180,132,63,199,123,87,210,12,11,23,20,16,38,19,4,28,934,722,1653,871,675,1545,869,679,1551
509031247,820,328,1156,690,298,990,630,288,923,44,154,200,40,134,168,35,137,169,217,60,280,197,52,252,168,45,211,18,132,150,9,115,126,23,118,143,14,181,195,16,171,190,12,163,180,27,45,69,34,56,88,35,55,92,176,24,203,155,28,182,158,32,194,169,82,249,171,95,269,182,93,275,33,13,43,21,11,36,24,18,44,1518,1018,2542,1327,958,2287,1268,968,2233
509031248,110,61,165,95,61,162,79,60,136,108,87,198,66,68,140,48,69,120,291,47,333,171,41,208,158,39,193,35,78,111,27,67,90,20,73,93,28,103,136,15,93,107,12,88,101,11,25,37,12,33,44,15,20,36,239,53,295,202,66,273,178,66,241,107,70,173,75,55,125,53,64,115,27,11,37,16,5,24,13,9,26,953,534,1488,685,488,1174,579,481,1062
509031249,186,87,272,169,75,246,168,94,260,119,217,334,116,206,325,95,219,314,296,48,343,269,49,323,253,54,303,46,190,238,60,184,241,52,183,239,48,195,242,23,177,197,35,165,199,62,101,166,67,96,162,56,96,152,117,10,124,119,9,125,134,13,148,174,81,259,163,88,255,163,100,264,19,9,32,18,8,34,21,8,29,1064,945,2007,999,899,1900,986,927,1922
509031250,626,280,908,530,244,771,515,232,752,57,156,210,58,172,227,50,172,218,224,62,290,197,57,246,196,52,248,30,134,161,19,150,174,15,156,170,27,204,228,11,182,194,13,186,198,36,98,131,36,85,118,32,76,110,186,22,210,187,17,208,168,34,205,180,104,279,169,98,262,210,135,342,15,12,31,22,15,36,15,9,27,1375,1062,2436,1230,1014,2240,1223,1055,2271
510011262,488,351,834,544,355,898,523,451,977,491,718,1208,525,868,1394,581,1095,1675,939,143,1082,896,133,1035,791,125,918,295,501,795,345,590,939,353,682,1031,171,761,931,168,772,943,169,752,916,142,364,504,174,365,536,183,340,519,323,33,356,304,21,323,308,39,353,354,184,530,378,196,579,386,246,630,59,38,104,76,56,135,91,63,158,3258,3084,6343,3412,3362,6771,3389,3794,7176
510011263,160,88,251,145,108,250,122,109,236,180,324,506,166,324,496,158,309,462,252,44,297,226,44,265,174,29,199,178,205,377,199,250,450,194,241,435,46,217,268,48,201,246,38,174,215,34,71,101,45,65,111,34,53,83,151,23,168,89,6,94,89,8,95,398,147,542,240,90,327,144,66,207,64,39,99,42,34,74,39,24,64,1454,1153,2609,1197,1121,2317,992,1005,1995
510011264,65,41,105,46,43,83,60,51,110,69,126,197,63,106,169,63,100,161,95,21,114,61,13,76,64,20,84,59,107,166,71,79,152,78,102,176,15,66,86,14,42,56,15,42,54,4,12,20,5,16,19,9,20,26,52,0,56,27,0,28,34,7,37,146,71,216,67,30,95,48,36,84,32,12,41,22,10,36,26,19,48,544,450,992,360,343,701,394,392,789
510011265,297,194,491,276,180,458,269,225,492,329,382,709,224,389,612,250,397,647,502,80,587,399,72,470,332,65,399,147,265,405,165,279,448,181,293,472,88,401,485,69,343,414,72,317,387,43,126,161,59,132,188,47,107,157,316,49,361,203,32,226,182,19,201,298,137,438,232,117,347,226,133,358,56,41,100,47,28,77,54,32,82,2074,1669,3744,1665,1569,3233,1615,1580,3198
510011266,75,49,118,62,45,110,62,49,111,63,72,137,62,68,125,52,81,134,58,10,69,53,13,63,70,12,85,46,57,102,38,70,106,30,79,114,6,57,67,8,56,61,12,67,77,8,23,25,4,20,27,10,18,27,45,4,43,21,0,21,46,9,50,90,29,121,50,23,69,60,34,94,19,14,32,13,9,22,12,9,21,405,308,714,304,305,606,355,357,715
510021267,198,58,254,163,64,225,113,49,160,443,155,600,299,118,415,217,100,316,1288,73,1358,1040,74,1118,718,54,770,58,72,135,45,57,103,54,65,120,83,182,264,62,81,137,45,82,125,9,18,25,6,21,19,10,17,29,1322,149,1480,1127,192,1316,627,115,743,386,186,574,252,121,374,257,112,371,55,10,63,67,19,84,23,19,44,3850,907,4757,3060,741,3802,2068,614,2687
510021268,108,80,184,111,90,197,95,83,175,159,190,349,89,161,254,83,152,229,687,68,758,546,67,610,490,125,613,38,132,174,45,123,162,39,148,190,44,261,305,36,156,194,26,166,194,12,94,106,14,91,108,41,80,123,560,95,655,399,114,509,365,166,524,140,127,267,119,108,230,102,104,202,24,14,38,32,16,43,36,25,59,1777,1063,2837,1381,919,2302,1278,1035,2314
510021269,256,100,352,221,112,333,232,111,341,185,210,400,165,211,380,153,250,405,498,54,553,520,68,590,501,86,585,22,106,127,33,127,156,15,111,124,76,255,334,72,228,302,64,248,312,31,60,94,40,85,124,33,67,101,192,19,210,251,38,289,190,63,248,179,74,252,128,82,214,98,85,180,36,7,42,42,15,58,34,13,48,1475,890,2371,1477,967,2444,1321,1029,2351
510021270,181,135,314,150,144,292,154,212,364,220,329,548,168,342,513,209,387,593,1050,96,1154,1024,110,1132,1154,172,1331,99,213,311,85,298,382,113,400,516,95,514,608,84,391,468,95,450,539,60,183,245,79,230,306,84,243,324,586,78,661,535,105,638,716,170,883,317,191,513,300,213,512,329,253,585,67,24,94,75,34,102,98,58,152,2674,1768,4442,2496,1865,4355,2953,2339,5295
510031271,290,133,424,363,179,543,167,123,288,428,279,705,595,256,848,159,220,379,1569,131,1702,2694,135,2831,838,120,961,70,182,250,96,196,297,66,204,269,139,416,557,128,323,454,61,224,284,26,113,140,17,90,106,23,91,112,1310,242,1543,1459,287,1742,773,244,1022,402,230,633,1041,301,1349,232,186,415,63,32,89,101,26,128,64,34,100,4285,1750,6045,6505,1801,8302,2387,1444,3828
510031272,593,286,880,528,330,860,576,403,977,542,623,1171,502,691,1194,493,855,1348,2153,182,2330,1658,189,1847,1903,301,2203,130,403,531,180,511,692,215,618,833,300,959,1261,229,771,1002,209,815,1020,121,358,478,175,378,554,158,376,530,826,139,964,768,134,900,719,155,875,662,317,981,472,332,801,536,349,879,128,39,165,137,50,186,132,63,198,5458,3310,8770,4655,3392,8040,4935,3928,8866
510031273,169,70,238,125,78,200,111,100,206,276,172,451,178,148,326,133,149,284,788,64,852,706,79,778,540,104,643,69,115,186,49,160,203,38,163,196,99,258,356,84,182,263,57,171,225,20,63,85,14,60,76,17,54,73,398,74,476,422,76,499,268,72,343,317,117,436,175,91,264,154,99,246,74,21,95,25,21,44,25,12,37,2198,962,3165,1763,886,2654,1350,916,2266
511011274,442,245,683,413,227,641,417,266,685,308,403,716,322,438,757,279,475,755,790,146,931,771,153,920,774,141,920,79,405,490,79,413,496,93,434,529,88,587,675,100,564,665,85,559,644,163,354,521,193,364,559,175,318,494,495,38,537,554,45,595,617,72,689,426,285,711,404,299,703,378,285,665,42,24,66,63,27,93,85,40,127,2840,2490,5329,2894,2528,5423,2905,2598,5501
511011275,579,253,829,465,236,698,461,245,701,56,101,157,39,90,127,49,102,154,245,45,290,143,38,177,188,36,226,18,81,96,18,65,82,16,82,101,17,135,151,15,119,133,8,152,162,10,50,60,16,36,47,12,43,62,222,47,268,159,29,194,220,51,273,151,86,235,169,81,243,164,105,268,19,14,30,8,9,19,37,24,56,1317,802,2116,1034,693,1724,1155,844,2003
511021276,290,168,459,236,166,412,236,162,396,103,177,283,91,180,273,75,181,261,260,46,308,239,47,283,220,34,252,58,152,205,68,143,210,76,149,229,52,232,285,45,235,277,44,193,243,39,106,149,61,103,157,55,117,174,207,17,224,142,5,147,152,10,167,225,136,360,172,142,318,155,136,288,33,14,43,28,19,53,25,15,41,1267,1049,2320,1087,1040,2125,1035,1012,2050
511021277,211,140,347,216,130,345,216,145,367,119,110,227,142,140,280,161,174,339,305,48,354,331,63,394,360,63,423,80,132,207,88,172,265,104,251,348,38,208,244,33,193,220,32,241,274,37,114,152,46,114,164,65,116,177,102,17,120,99,14,111,110,18,128,202,131,328,178,128,305,196,175,374,20,11,33,30,7,36,38,27,66,1111,908,2018,1162,959,2127,1290,1210,2496
511031278,144,102,247,123,94,214,121,91,210,128,169,304,89,148,235,91,141,229,758,108,871,607,92,700,630,119,747,49,250,301,45,243,294,45,249,291,61,357,416,50,286,340,44,284,325,57,219,275,80,196,278,72,186,259,637,91,725,624,113,739,564,133,690,231,191,424,189,149,337,211,172,386,56,23,78,60,27,86,35,32,67,2122,1512,3639,1873,1343,3221,1805,1393,3202
511031279,416,240,658,386,231,616,391,294,689,417,549,967,422,558,980,430,601,1025,1411,166,1572,1300,172,1476,1404,215,1621,170,424,593,171,492,665,193,504,696,135,764,897,112,641,752,100,707,804,142,350,492,136,408,542,137,321,454,978,153,1129,991,166,1161,917,213,1137,395,280,675,330,272,603,336,298,635,75,35,107,79,41,114,65,41,100,4134,2957,7092,3928,2985,6913,3971,3197,7170
511031280,329,192,514,285,176,463,283,191,473,384,488,870,379,526,902,382,590,976,918,117,1035,842,122,964,873,128,1003,112,260,375,109,298,406,109,321,427,97,537,632,64,441,502,85,466,557,85,251,340,82,246,329,79,203,276,522,95,619,551,109,658,515,156,673,207,157,362,177,170,342,172,150,321,38,28,72,45,25,68,57,31,91,2698,2115,4815,2528,2108,4637,2560,2237,4791
511031281,0,0,0,0,0,0,0,0,0,0,0,0,0,0,0,0,0,0,0,0,0,0,0,0,0,0,0,0,0,0,0,0,0,0,0,0,0,0,0,0,0,0,0,0,0,0,0,0,0,0,0,0,0,0,0,0,0,0,0,0,0,0,0,0,0,0,0,0,0,0,0,0,0,0,0,0,0,0,0,0,0,0,0,0,0,0,0,0,0,0
511031282,116,68,188,80,68,152,72,58,130,108,102,207,72,97,168,70,90,161,451,84,534,351,70,423,289,62,354,48,143,186,31,112,146,37,108,142,27,165,193,27,132,157,23,132,152,15,79,94,16,92,105,22,71,96,664,75,737,437,56,492,400,84,481,149,150,300,111,109,221,97,107,201,32,22,50,18,17,38,24,20,38,1610,881,2488,1145,765,1913,1037,717,1757
511031283,132,75,210,98,63,159,92,64,161,190,136,326,135,123,254,99,129,231,470,58,522,339,26,355,272,36,313,79,120,198,63,118,180,49,101,149,58,141,199,43,81,126,28,95,125,9,22,34,11,26,36,11,19,28,586,49,636,397,36,434,386,55,438,294,151,438,124,65,190,130,59,190,38,18,58,15,13,29,22,3,25,1857,775,2624,1222,551,1772,1089,572,1658
511031284,0,0,0,0,0,0,0,0,0,0,0,0,0,0,0,0,0,0,0,0,0,0,0,0,0,0,0,0,0,0,0,0,0,0,0,0,0,0,0,0,0,0,0,0,0,0,0,0,0,0,0,0,0,0,0,0,0,0,0,0,0,0,0,0,0,0,0,0,0,0,0,0,0,0,0,0,0,0,0,0,0,0,0,0,0,0,0,0,0,0
511041285,312,195,503,273,173,444,246,196,444,338,462,800,333,474,801,353,569,922,853,112,968,659,110,772,654,127,783,114,454,568,127,435,567,145,559,704,108,514,619,71,415,493,113,375,489,159,374,532,176,312,492,174,317,492,428,51,479,317,35,352,398,44,446,434,254,685,357,233,582,389,247,643,47,40,91,61,22,81,41,34,80,2791,2454,5243,2368,2217,4584,2514,2477,4985
511041286,182,115,296,157,106,268,177,144,324,103,177,277,103,234,328,125,263,386,574,85,656,517,73,589,549,79,630,69,244,311,74,270,341,81,295,375,71,354,420,58,342,398,56,326,375,95,253,348,91,236,326,106,223,325,390,35,420,328,38,357,323,46,366,246,175,424,246,188,437,249,177,421,19,23,41,44,30,74,46,17,65,1749,1464,3209,1618,1512,3130,1712,1566,3275
511041287,226,112,336,215,147,360,241,148,392,170,289,457,182,357,540,186,439,629,561,90,649,604,88,689,660,108,766,74,238,319,94,292,385,137,422,559,60,365,426,57,414,470,70,447,518,88,198,280,104,228,332,125,230,361,316,25,349,330,30,362,354,56,404,243,126,368,230,144,371,262,122,382,27,20,43,31,20,57,40,37,73,1753,1459,3216,1854,1721,3568,2075,2018,4087
511041288,378,190,567,361,206,566,354,219,567,375,555,930,379,586,958,387,667,1061,730,118,850,635,109,748,680,131,809,153,351,505,137,446,583,200,547,751,105,584,691,120,553,670,106,518,625,134,311,450,154,303,455,152,288,445,363,28,393,331,23,355,354,40,396,263,143,410,302,168,465,348,176,520,42,12,51,57,28,82,40,20,60,2550,2294,4842,2477,2420,4895,2620,2608,5229
511041289,150,93,246,132,74,206,124,81,211,60,117,180,47,104,156,55,116,172,261,36,302,233,38,270,237,48,282,13,88,104,15,108,125,25,119,140,16,146,163,29,139,169,11,129,137,23,85,107,13,77,89,28,88,118,139,20,153,116,13,122,124,33,156,136,94,233,124,88,211,119,93,210,8,11,18,29,8,38,33,13,42,819,692,1511,743,653,1391,748,709,1465
511041290,152,76,225,110,74,187,113,74,186,162,107,268,105,96,196,62,61,122,400,46,444,215,27,241,191,16,209,60,77,135,46,60,103,37,52,92,24,118,146,17,70,84,17,62,81,10,16,33,8,19,31,12,20,30,431,50,476,255,22,278,221,23,243,176,90,272,116,61,177,103,69,169,27,11,41,21,12,38,17,20,36,1440,593,2036,895,440,1336,775,391,1170
511041291,499,193,695,412,208,625,397,178,574,77,135,208,39,109,150,47,97,144,251,47,303,214,25,240,143,29,168,33,105,139,29,83,115,23,101,120,22,165,185,12,138,147,4,148,153,29,49,72,32,47,76,28,40,63,292,30,323,214,33,244,180,34,218,203,97,309,156,82,240,123,78,197,20,15,31,19,4,28,17,13,28,1417,840,2255,1130,739,1867,956,704,1658
511041292,532,247,781,461,211,666,419,201,624,100,177,276,89,204,289,83,192,280,256,60,310,236,60,292,252,51,295,43,171,214,44,191,232,47,185,230,22,227,245,24,210,235,29,211,236,26,104,127,34,109,151,35,83,123,251,29,277,232,31,258,211,28,240,238,128,371,244,130,374,228,136,368,27,21,49,39,15,56,31,16,46,1497,1156,2649,1397,1158,2551,1330,1106,2437
597979799,9,0,8,8,3,9,9,0,9,53,0,55,72,6,81,32,0,33,74,6,74,82,8,81,77,11,83,4,9,12,4,4,3,0,4,9,0,0,6,7,0,8,10,0,10,0,0,0,0,0,0,0,0,0,41,0,41,31,0,31,25,0,31,128,3,130,100,0,102,86,15,98,4,0,4,13,0,13,12,0,6,310,18,328,321,15,332,246,29,277
599999499,111,62,171,70,41,109,57,49,107,244,219,457,124,119,234,115,139,257,475,58,537,302,47,347,232,34,272,73,165,231,61,96,161,51,172,223,52,184,239,34,82,112,36,112,150,53,96,147,27,58,89,29,47,77,296,39,334,236,36,272,182,31,213,293,126,417,234,151,390,169,120,292,29,18,51,33,18,55,19,11,33,1619,972,2595,1127,643,1772,899,715,1614
601011001,56,29,81,67,41,103,90,66,156,29,54,84,40,64,105,57,92,149,254,46,302,238,43,284,293,65,354,75,225,299,62,250,310,91,352,440,57,143,197,50,115,166,77,160,235,56,164,225,54,174,230,98,198,293,225,15,243,202,15,214,264,25,287,254,233,484,244,241,485,254,213,471,28,20,50,23,12,37,44,26,73,1037,933,1969,979,955,1928,1258,1199,2461
601011002,167,82,251,170,94,259,199,142,341,69,109,181,76,128,199,116,215,337,384,72,455,401,74,476,535,111,642,68,203,267,55,298,346,125,357,477,93,316,406,84,340,428,99,432,531,89,195,278,102,226,322,114,231,345,213,13,230,257,11,270,301,22,326,147,108,252,188,143,333,245,145,389,17,23,46,31,20,54,29,37,67,1242,1124,2368,1368,1314,2684,1762,1684,3446
601011003,164,88,253,173,92,269,216,131,346,104,170,278,138,181,317,174,284,459,266,46,317,317,59,375,354,62,412,94,142,239,85,248,329,102,255,356,92,309,398,100,313,413,102,356,458,85,153,234,95,146,244,92,116,216,110,11,124,117,15,134,133,12,148,96,54,149,101,69,167,132,68,200,19,11,34,21,18,44,31,25,57,1031,984,2022,1153,1139,2293,1334,1317,2642
601021004,236,127,356,229,126,360,273,174,441,311,432,741,303,456,759,365,572,933,262,39,309,248,47,290,283,52,334,118,170,284,115,218,336,155,259,412,116,310,428,129,308,436,112,286,393,102,153,257,105,134,237,123,133,256,70,11,85,60,5,62,73,10,76,99,64,162,100,61,158,134,71,207,36,18,53,33,24,57,29,24,51,1345,1329,2677,1320,1374,2701,1545,1564,3115
601021005,411,189,603,394,176,567,496,255,746,358,511,869,364,537,903,429,704,1135,487,91,579,494,85,574,555,104,660,145,251,394,169,315,486,187,337,526,142,528,668,142,507,650,141,494,642,136,223,361,150,208,362,174,199,371,98,16,116,108,13,121,112,22,127,152,75,225,158,85,242,169,87,259,29,15,47,46,27,68,45,25,71,1964,1904,3871,2013,1956,3979,2304,2225,4532
601021006,118,52,174,108,70,177,118,100,211,133,218,351,135,229,359,176,278,455,185,43,227,190,34,224,242,35,271,68,118,186,77,142,219,89,148,234,82,260,338,86,240,324,68,211,284,80,113,196,54,94,148,75,87,154,53,8,60,47,3,55,34,0,37,64,30,95,72,39,114,85,40,127,6,10,21,9,13,25,11,15,30,797,843,1642,784,868,1644,889,906,1797
601021007,421,202,619,406,230,635,491,325,820,474,591,1065,517,665,1181,648,860,1506,468,91,563,470,105,575,569,125,697,197,280,470,186,368,556,276,488,759,216,701,909,229,703,931,245,687,931,211,264,468,195,269,467,194,278,471,124,14,133,134,14,150,154,16,172,170,94,263,189,98,287,221,115,340,31,31,68,32,41,77,40,38,82,2302,2263,4561,2362,2501,4860,2846,2931,5777
601021008,267,158,423,256,156,412,280,203,488,354,500,854,340,525,863,384,571,962,348,55,401,290,57,347,345,74,418,115,202,316,139,235,379,176,277,450,149,402,553,135,352,483,133,349,481,130,191,314,152,177,332,120,148,271,82,9,91,87,7,98,115,13,127,105,50,155,142,78,216,148,89,236,24,21,46,19,18,43,28,27,56,1577,1576,3154,1575,1608,3179,1743,1745,3489
601021009,76,49,125,70,51,119,107,72,179,91,123,214,77,141,216,138,211,345,256,38,299,243,48,291,302,56,356,70,171,238,72,197,270,120,286,410,62,204,266,62,205,267,77,194,272,46,131,179,71,141,211,85,123,204,120,12,129,113,7,121,122,9,134,154,115,266,163,115,285,177,110,287,15,12,29,21,17,35,22,17,40,889,855,1740,903,920,1820,1144,1079,2224
601021010,35,26,59,27,22,49,45,42,89,25,28,57,18,39,55,36,59,91,144,23,163,146,21,169,164,29,189,25,84,110,32,108,141,51,132,193,36,80,120,28,82,106,39,102,139,41,67,107,39,67,104,35,68,105,91,5,91,69,6,78,75,15,89,83,84,162,88,83,172,117,73,198,8,3,15,6,10,18,19,7,24,487,396,884,459,439,902,586,525,1114
601021011,84,54,136,99,82,175,164,136,302,63,105,164,88,124,214,218,335,555,270,54,322,322,60,385,411,77,485,84,197,285,99,257,350,179,403,587,64,247,313,75,292,367,112,393,507,73,154,224,109,201,307,104,199,302,160,12,173,122,9,129,176,21,195,156,166,321,157,177,336,232,186,423,16,24,47,18,19,37,35,31,73,965,1017,1986,1084,1212,2305,1641,1784,3429
601021012,197,92,287,176,89,267,221,116,339,202,298,499,215,313,524,239,379,616,327,53,379,308,63,369,357,80,436,65,121,189,65,164,231,102,190,289,73,256,331,60,213,275,58,237,292,66,113,187,68,123,192,48,92,142,60,12,74,62,4,68,72,3,77,112,52,166,108,53,156,101,53,155,14,8,25,18,13,25,19,18,33,1124,1008,2137,1078,1035,2120,1211,1172,2377
601031013,137,65,209,127,69,195,168,96,268,91,129,219,109,137,244,121,207,336,291,48,343,302,46,347,332,57,386,57,153,216,67,180,245,86,227,317,95,296,392,73,294,364,64,284,356,84,123,206,89,149,240,89,142,232,112,4,112,118,13,127,129,22,151,114,62,177,125,77,198,121,70,191,23,15,40,16,9,24,34,19,47,1001,902,1910,1025,969,1991,1149,1133,2275
601031014,100,66,174,108,76,186,141,100,246,103,142,252,99,161,263,148,195,342,338,52,388,331,59,386,360,73,435,84,202,292,93,229,319,112,278,390,87,263,351,88,252,339,98,252,350,71,162,231,97,181,271,88,142,230,180,21,201,178,19,196,189,22,209,170,132,298,161,132,290,191,140,335,26,22,46,29,18,52,38,27,62,1161,1066,2227,1169,1124,2292,1370,1228,2606
601031015,162,96,258,130,101,226,160,140,306,115,149,261,118,184,300,183,262,448,516,70,585,459,78,534,539,79,615,102,292,399,119,338,457,163,429,589,131,426,555,134,374,507,137,382,520,154,236,392,150,247,398,113,244,352,245,28,273,225,18,237,250,19,278,236,219,451,264,203,475,309,221,528,42,17,54,48,24,68,40,26,65,1700,1525,3227,1643,1566,3204,1888,1806,3690
601031016,77,59,134,79,57,136,101,82,185,97,138,236,110,153,258,130,205,336,257,30,284,202,37,241,225,61,288,66,164,228,90,186,278,147,253,393,77,215,293,74,168,245,71,181,260,65,104,171,79,111,186,81,105,195,119,19,136,127,10,140,145,13,158,143,93,233,145,77,224,206,93,301,19,16,36,15,15,36,28,16,41,921,832,1757,925,816,1743,1139,1012,2148
601031017,169,117,287,169,106,276,262,165,435,174,277,451,198,279,476,311,433,737,554,113,665,503,106,604,644,120,765,171,397,568,173,448,629,328,661,989,188,523,712,153,461,614,203,454,660,177,299,481,173,317,489,251,306,558,280,37,312,282,32,314,352,28,377,317,227,545,334,251,584,467,321,786,40,24,60,57,41,98,79,58,138,2070,2008,4079,2048,2041,4087,2889,2548,5440
601031018,130,70,203,148,71,223,145,90,238,109,154,265,125,189,316,155,233,385,253,48,303,242,55,303,289,62,355,82,183,263,79,166,244,128,248,381,85,308,390,107,279,380,109,284,386,96,146,246,93,145,236,108,145,258,113,17,129,125,11,140,124,19,143,135,99,234,120,108,221,141,99,242,14,13,26,17,18,38,34,31,72,1025,1027,2053,1064,1046,2105,1245,1209,2456
601031019,99,69,161,99,85,189,133,115,254,178,236,412,187,231,419,271,395,664,299,46,344,272,64,335,339,76,411,89,198,286,116,204,320,182,313,492,112,298,413,94,255,345,99,233,326,100,144,244,89,111,197,136,141,272,105,22,119,122,18,138,143,20,160,139,94,229,139,122,257,216,118,333,26,16,39,29,20,48,28,18,48,1134,1117,2252,1144,1112,2250,1553,1419,2963
601031020,104,60,164,102,78,179,154,98,250,84,130,218,72,137,214,95,187,286,359,59,419,357,57,415,438,89,534,91,291,380,84,328,409,115,364,484,43,236,287,43,217,257,70,288,356,65,185,244,70,207,278,73,201,275,246,13,262,259,13,267,274,25,295,244,156,400,247,155,399,265,151,415,29,18,48,35,13,53,37,16,54,1263,1148,2411,1262,1199,2459,1515,1430,2948
601031021,115,56,171,87,61,147,109,85,197,113,162,277,129,174,298,198,243,441,204,44,252,195,38,234,237,52,293,69,168,235,80,167,253,142,261,398,80,228,307,94,190,289,75,206,276,70,122,196,71,110,182,94,108,204,72,14,82,86,4,93,113,6,125,111,78,186,99,94,192,184,95,278,21,11,37,14,7,25,20,12,33,858,883,1746,860,856,1723,1181,1064,2243
601041022,420,181,605,397,211,606,494,310,801,512,602,1113,505,681,1182,704,930,1634,604,113,719,572,127,700,718,157,877,149,375,525,184,421,603,236,600,837,257,707,965,249,583,831,255,679,932,216,327,540,187,328,512,240,352,594,135,11,149,146,11,153,187,31,214,218,142,356,269,148,425,358,180,541,30,30,58,34,40,76,72,62,135,2532,2493,5029,2553,2547,5099,3274,3293,6567
601041023,457,213,669,407,227,634,503,325,835,553,725,1276,579,787,1362,660,989,1650,507,111,624,480,96,574,546,120,665,152,370,516,170,413,584,221,440,662,186,611,795,178,541,721,180,559,742,208,278,489,166,273,438,159,255,413,97,11,110,109,3,110,113,15,127,196,107,301,221,116,339,233,115,349,32,17,49,32,25,56,40,39,86,2403,2447,4846,2341,2478,4824,2662,2859,5525
601041024,303,149,452,312,176,486,353,214,565,317,400,714,329,425,750,442,587,1030,445,99,549,498,97,598,540,136,680,82,273,353,106,315,415,133,362,491,105,381,490,112,415,523,112,388,500,108,213,322,109,201,309,119,201,322,153,9,160,151,15,164,163,16,185,189,101,286,208,115,329,232,115,352,30,18,51,47,30,71,40,33,81,1739,1638,3379,1865,1790,3653,2141,2061,4202
601041025,0,0,0,0,0,0,0,0,0,0,0,0,0,0,0,0,0,0,0,0,0,0,0,0,0,0,0,0,0,0,0,0,0,0,0,0,0,0,0,0,0,0,0,0,0,0,0,0,0,0,0,0,0,0,0,0,0,0,0,0,0,0,0,0,0,0,0,0,0,0,0,0,0,0,0,0,0,0,0,0,0,0,0,0,0,0,0,0,0,0
601041026,140,75,217,136,72,211,183,101,283,322,389,712,297,374,673,303,434,741,120,24,144,109,33,137,102,29,129,60,115,174,58,110,165,67,131,197,61,137,196,57,117,171,36,122,159,51,59,109,50,74,122,39,67,103,15,4,20,12,3,15,14,5,21,39,24,61,45,25,74,55,25,81,10,8,16,16,17,30,14,11,21,828,838,1666,775,820,1591,823,920,1738
601051027,339,192,532,304,247,552,362,316,675,716,769,1492,714,713,1431,778,959,1734,278,61,336,247,99,345,316,113,431,169,320,493,176,317,492,230,422,655,194,380,576,154,305,461,153,330,484,132,181,316,120,148,268,160,208,367,52,7,62,55,7,68,70,15,91,125,54,176,150,79,227,201,96,298,26,12,37,30,27,59,39,35,69,2038,1975,4009,1953,1949,3905,2309,2490,4805
601051028,304,190,497,299,192,493,395,276,669,622,792,1408,659,834,1493,749,988,1736,393,106,498,354,91,447,402,98,503,159,287,448,187,311,503,281,361,643,216,513,726,194,458,646,158,452,610,157,231,385,150,187,333,148,194,340,78,3,77,75,6,84,83,15,103,165,82,249,133,84,220,170,76,247,29,19,47,43,43,83,48,24,69,2115,2218,4334,2092,2209,4299,2425,2489,4911
601051029,191,113,302,188,104,296,232,155,386,396,457,850,378,423,798,416,505,926,146,36,178,120,34,154,171,43,214,73,150,219,80,169,252,126,220,346,78,189,271,93,186,275,76,172,250,77,102,185,71,103,176,80,113,191,30,0,30,26,0,26,36,3,44,80,26,107,90,33,122,91,57,154,12,12,27,18,8,24,25,12,37,1077,1089,2170,1060,1063,2126,1258,1289,2543
601051030,226,139,366,211,143,351,249,181,433,381,476,857,362,492,857,451,614,1060,245,71,315,261,60,322,268,62,328,114,200,317,132,231,365,173,279,447,112,276,390,110,254,360,128,259,390,111,112,224,107,116,223,128,153,281,63,10,69,59,7,64,109,6,122,118,61,174,104,62,166,166,96,259,26,16,37,16,14,31,23,19,38,1394,1361,2755,1362,1379,2745,1690,1673,3358
601051031,497,261,761,532,286,818,563,400,966,986,957,1943,933,965,1897,1015,1135,2150,275,88,362,270,74,345,355,111,461,194,303,502,229,404,628,283,512,793,198,461,668,180,442,615,207,449,657,197,266,466,192,248,436,216,236,449,84,11,97,95,8,103,129,10,141,183,93,272,223,93,324,250,137,389,36,34,72,50,40,88,74,48,117,2656,2485,5139,2703,2556,5261,3088,3029,6116
601051032,187,134,324,184,146,329,263,200,462,552,650,1200,581,657,1232,666,840,1508,226,67,295,219,58,278,254,65,324,115,185,306,111,177,291,155,269,420,109,248,357,111,232,344,113,229,339,109,134,239,69,122,188,80,92,176,52,8,56,40,3,40,49,5,59,97,58,158,92,41,137,122,72,197,19,13,28,19,27,48,19,18,36,1470,1486,2957,1428,1454,2888,1722,1788,3506
601051033,243,189,431,248,191,441,293,247,543,563,700,1267,542,681,1220,634,832,1471,228,63,289,214,74,287,214,81,295,122,190,317,152,217,365,161,241,399,131,276,409,113,241,354,117,241,355,82,144,227,104,132,231,106,127,233,40,7,40,21,3,33,33,3,36,101,39,138,96,42,139,138,70,211,19,15,34,12,15,32,23,23,44,1523,1623,3153,1507,1595,3101,1720,1863,3585
601061034,232,115,346,225,131,352,308,177,486,180,253,437,183,269,449,228,391,615,491,75,570,477,91,565,650,107,758,108,304,404,108,358,463,136,400,537,88,406,492,107,357,464,110,393,503,80,202,279,96,216,312,101,229,327,205,14,222,207,11,216,199,13,212,223,122,345,242,138,384,274,151,425,38,22,60,41,16,61,57,32,93,1648,1508,3154,1681,1576,3258,2060,1905,3959
601061035,315,149,463,324,170,494,430,234,663,188,308,494,217,320,533,284,475,760,503,93,597,496,104,597,603,113,712,103,309,408,101,346,445,154,436,587,142,458,602,141,460,601,159,589,751,139,253,390,171,282,445,158,279,432,203,22,224,229,22,254,253,22,273,242,155,393,245,179,423,275,180,457,28,25,55,40,33,78,56,42,103,1856,1763,3619,1953,1913,3872,2377,2356,4735
602011036,62,57,113,59,46,105,87,69,159,93,124,220,79,136,220,114,160,276,171,35,204,116,31,147,171,44,221,58,135,194,47,129,179,80,194,276,36,122,155,41,105,141,37,81,117,66,92,161,74,102,181,49,108,164,79,5,89,72,5,75,80,12,95,91,64,150,91,82,172,130,75,205,8,11,21,15,9,24,12,4,19,668,638,1301,595,647,1246,771,754,1527
602011037,106,55,158,121,61,180,172,95,260,116,165,276,122,170,294,163,299,460,237,39,271,210,48,260,270,62,327,46,164,212,49,177,226,89,244,333,58,178,236,54,185,239,70,203,271,77,103,178,86,111,197,98,151,243,118,20,142,122,16,134,154,19,172,110,64,175,103,97,200,141,88,229,19,12,31,26,8,35,25,18,48,885,803,1684,893,876,1766,1175,1170,2344
602011038,249,133,385,236,127,359,270,167,436,443,469,920,399,464,860,401,516,920,225,57,281,161,46,204,202,44,251,102,187,294,93,162,253,141,248,385,82,249,334,67,226,296,83,246,327,108,140,247,115,115,223,107,142,248,68,6,75,55,0,58,83,11,94,104,47,147,101,53,151,127,64,192,22,10,26,19,10,31,28,19,48,1402,1301,2704,1246,1200,2444,1446,1453,2900
602011039,147,77,221,152,57,209,188,104,295,139,165,302,152,210,359,187,302,493,276,41,315,266,46,311,292,60,350,48,129,177,50,165,216,98,243,346,57,217,282,46,232,285,59,207,266,64,121,191,88,118,205,82,145,229,94,3,94,119,3,121,137,10,154,83,42,122,89,71,160,106,67,173,6,9,22,10,11,21,22,13,36,915,802,1720,967,916,1884,1186,1151,2337
602011040,50,24,73,71,31,106,67,43,116,67,81,151,69,77,149,92,131,221,192,25,222,155,17,176,180,28,216,48,163,207,61,157,213,110,230,341,46,103,147,31,92,123,56,112,169,49,122,171,59,106,163,79,123,201,100,12,113,105,4,114,166,5,177,141,101,244,142,92,237,207,124,334,19,4,24,13,15,30,29,12,38,724,621,1347,716,595,1311,995,810,1801
602011041,144,87,230,151,95,247,191,116,309,157,210,365,169,217,387,184,246,435,405,62,462,313,80,391,396,85,474,100,292,392,102,358,463,157,457,620,107,276,379,104,237,340,100,260,363,163,270,434,156,278,427,170,243,413,281,20,304,281,17,300,363,28,389,252,251,504,328,256,585,468,350,818,36,27,62,46,27,72,61,37,103,1644,1493,3135,1646,1560,3207,2096,1820,3919
602011042,196,93,281,192,87,286,241,142,384,244,360,605,252,368,623,303,425,729,198,59,255,179,49,228,211,56,263,66,170,241,86,183,274,125,216,330,72,196,269,66,191,258,70,183,248,98,145,241,77,158,234,80,142,222,84,4,84,78,3,77,98,11,106,105,60,162,87,66,156,106,90,195,19,8,30,21,11,34,18,9,24,1079,1096,2175,1039,1126,2161,1245,1266,2505
602011043,146,65,210,131,54,184,121,75,198,166,225,390,178,228,403,189,258,445,180,38,220,155,30,187,169,32,199,46,139,187,58,156,210,52,171,223,78,227,308,51,217,272,61,179,234,82,111,199,73,126,196,73,106,176,78,4,81,72,6,81,97,8,105,75,52,127,78,55,127,96,69,157,12,10,21,14,7,20,11,15,27,868,877,1742,805,874,1680,868,901,1765
602011044,282,119,398,241,122,360,270,124,391,196,283,479,220,294,514,226,385,607,383,79,459,354,62,421,354,83,435,92,222,314,98,257,354,125,312,434,105,422,521,98,381,477,124,395,521,147,237,387,135,220,349,130,235,362,186,11,197,192,8,205,189,15,204,162,111,270,153,109,262,186,122,305,19,13,40,20,17,40,29,26,50,1572,1484,3059,1516,1468,2976,1632,1678,3308
602011045,42,16,57,22,15,40,38,17,53,20,43,62,12,40,53,20,47,72,132,23,150,125,27,153,123,36,166,24,121,148,28,146,179,40,183,218,27,84,107,25,64,86,36,68,101,39,89,132,51,98,155,49,86,138,152,16,162,120,7,124,134,8,141,154,129,284,137,127,261,167,132,297,26,11,27,10,9,16,26,10,37,611,527,1142,534,539,1076,630,596,1227
602011046,233,104,337,223,115,337,266,144,413,321,400,718,321,392,711,380,521,894,362,67,428,356,77,441,398,80,478,101,246,349,89,286,378,132,352,479,90,310,396,98,293,391,90,302,391,110,180,288,120,185,305,139,206,349,128,13,139,126,3,133,162,14,177,148,103,255,141,88,229,174,117,293,17,15,31,23,24,42,31,21,57,1514,1428,2938,1503,1458,2961,1766,1760,3526
602011047,142,100,241,134,87,217,152,114,267,221,305,525,205,287,494,239,388,628,269,62,332,228,54,282,253,74,330,92,199,289,77,179,255,117,248,362,71,208,279,66,173,241,58,186,240,98,135,234,91,146,233,99,136,238,85,11,100,75,10,90,123,8,131,132,72,208,113,77,195,163,77,238,17,8,23,17,8,28,21,13,33,1128,1093,2227,999,1025,2024,1221,1244,2466
602011048,124,70,201,128,61,184,156,93,252,116,177,293,107,205,314,140,245,386,336,53,385,312,72,387,326,62,382,56,208,262,79,239,316,92,287,377,76,243,319,76,232,311,73,278,350,94,179,279,91,167,260,92,166,259,146,13,162,161,9,178,170,15,187,123,91,217,121,93,210,124,92,213,8,3,13,20,12,34,18,18,37,1080,1047,2128,1095,1085,2187,1190,1258,2446
602011049,197,104,304,169,87,256,217,108,319,320,411,732,291,403,690,312,426,740,267,63,328,205,61,266,245,71,315,82,183,262,94,171,261,104,235,336,81,250,329,74,201,269,81,213,293,97,136,234,85,122,209,80,113,196,72,6,80,75,3,78,83,6,92,115,53,166,104,50,154,98,50,149,17,12,33,21,11,23,21,12,34,1247,1217,2460,1109,1110,2222,1232,1240,2473
602011050,80,36,119,87,44,131,91,58,149,47,90,135,54,95,149,83,158,235,204,39,240,187,36,222,252,42,293,31,115,142,36,146,179,53,188,242,29,130,162,41,140,182,46,158,200,56,123,180,60,117,177,65,115,176,154,14,173,148,18,163,170,22,196,123,106,235,126,90,221,139,122,260,20,3,27,20,11,25,17,12,26,751,665,1416,756,690,1452,922,862,1782
602011051,164,77,239,134,86,222,182,101,282,245,329,571,248,397,641,242,412,655,234,39,280,214,50,268,234,63,298,85,170,260,87,181,266,101,196,295,68,210,274,66,170,238,72,192,263,82,141,222,78,117,199,86,98,185,74,10,82,82,4,95,85,7,95,109,63,170,92,42,137,113,62,174,13,3,19,11,9,18,14,4,21,1077,1041,2118,1023,1060,2085,1131,1144,2272
602011052,200,89,287,191,82,262,188,102,288,141,196,338,135,210,340,173,285,455,278,56,334,257,52,311,260,60,321,61,164,225,71,169,237,92,220,309,84,302,386,73,270,348,72,262,337,105,164,268,94,164,256,100,139,237,161,8,168,145,12,156,153,16,171,133,96,232,131,86,219,136,75,211,9,8,22,19,14,33,23,22,43,1176,1080,2252,1114,1043,2157,1196,1186,2379
602021053,99,64,165,87,60,148,100,71,169,66,79,143,53,84,138,63,107,169,196,40,227,146,34,180,178,41,216,29,139,165,26,128,153,45,119,168,16,121,136,13,108,122,21,118,147,23,89,114,24,91,110,37,95,131,164,21,179,144,7,156,152,16,165,128,84,213,133,80,216,113,115,230,17,9,31,10,9,24,15,12,31,731,648,1377,647,600,1251,730,700,1432
602021054,339,160,495,314,165,480,355,196,549,96,161,264,88,179,267,120,192,313,231,62,293,222,58,279,235,70,301,58,186,241,76,196,268,77,242,320,24,169,198,28,168,200,36,172,201,50,115,170,62,74,136,58,105,164,213,15,225,191,15,207,200,21,220,177,152,334,192,151,341,301,181,483,16,19,30,22,17,44,23,18,44,1206,1048,2254,1196,1036,2228,1412,1191,2601
602021055,202,111,316,219,134,353,251,159,412,196,254,450,180,289,471,193,320,516,349,72,418,324,64,390,358,83,440,46,180,230,59,217,277,56,237,297,54,274,328,52,225,280,69,267,336,63,136,195,60,147,205,73,142,216,213,20,229,143,9,154,157,20,172,128,89,214,149,98,245,142,110,250,28,11,38,21,20,44,33,25,57,1271,1143,2422,1204,1198,2408,1336,1362,2695
602021056,146,64,208,130,53,181,148,76,226,79,151,234,77,157,234,93,192,288,221,49,272,240,46,279,273,42,312,45,124,168,39,151,193,46,138,189,47,214,260,43,197,242,46,231,274,71,122,193,57,103,158,58,121,182,127,9,134,127,7,132,156,11,166,85,68,152,106,80,188,100,89,192,9,3,16,22,15,27,22,14,41,837,800,1639,842,795,1642,944,922,1866
602021057,213,99,310,209,103,314,209,112,315,87,128,220,92,145,227,78,183,257,236,55,289,189,50,242,261,56,320,37,146,184,39,143,185,54,182,236,31,163,197,31,143,172,31,161,192,40,83,119,48,86,130,45,99,141,151,15,170,159,17,175,187,23,211,131,84,213,119,76,196,142,87,228,6,11,15,19,9,23,23,6,38,931,781,1719,901,768,1669,1028,914,1939
602031058,206,97,299,179,88,270,207,117,323,137,213,347,133,206,345,146,258,408,256,50,306,245,55,303,286,62,347,36,141,177,37,115,157,66,172,235,46,216,263,33,203,233,38,198,237,33,92,123,62,89,153,60,78,139,158,13,168,154,9,162,177,17,201,127,70,195,115,71,180,110,72,180,11,8,21,24,12,36,33,16,50,1012,890,1904,986,850,1834,1135,988,2122
602031059,154,82,233,132,70,198,165,91,259,103,160,265,84,154,242,117,187,302,360,51,414,313,60,375,343,71,412,55,211,268,54,202,255,71,262,338,56,182,233,48,166,212,40,181,226,47,166,211,74,140,215,58,154,218,325,32,352,281,17,299,279,36,316,218,186,408,198,181,373,208,190,397,39,26,64,35,15,48,45,13,65,1355,1093,2444,1206,1005,2215,1335,1188,2528
602031060,147,70,220,156,72,229,171,85,256,54,123,180,72,131,208,69,167,240,249,52,297,227,43,267,263,52,312,31,134,162,45,134,180,41,215,260,32,159,186,28,162,188,35,181,219,55,102,156,49,101,151,53,113,164,125,8,130,128,6,135,172,9,181,146,90,235,157,80,239,160,103,269,21,7,27,24,19,43,16,15,36,864,739,1602,879,756,1634,990,947,1935
602031061,238,104,342,241,108,347,218,115,338,37,83,118,40,76,110,41,100,142,178,45,225,150,41,190,171,53,229,23,120,146,22,94,116,25,102,125,10,87,99,17,96,109,15,94,106,25,92,120,31,106,133,32,113,147,125,10,135,119,11,131,133,15,148,199,110,309,173,126,301,212,136,348,6,10,16,14,10,26,25,20,43,848,666,1515,803,661,1466,877,746,1630
602031062,198,93,289,197,105,299,243,129,375,107,197,308,128,206,335,154,255,408,282,68,349,285,88,376,350,84,428,43,177,225,64,186,254,67,262,331,70,243,314,57,258,317,66,286,351,94,160,255,90,175,265,90,159,249,191,9,201,208,14,223,220,17,238,155,95,244,159,93,251,158,106,262,26,18,39,21,10,37,29,13,39,1173,1057,2231,1217,1134,2350,1373,1312,2686
602031064,216,111,329,217,109,326,207,130,337,80,166,246,79,158,232,115,206,318,232,55,292,209,55,264,281,63,347,49,184,230,55,199,251,69,257,328,36,168,200,32,173,203,31,186,215,44,135,179,53,126,185,70,137,211,176,5,179,150,4,157,150,11,164,201,130,332,148,131,282,202,160,358,21,16,38,15,15,27,25,20,48,1056,970,2028,957,967,1928,1159,1171,2326
602031099,72,36,109,90,40,130,87,43,126,22,25,49,20,33,55,21,40,57,40,12,49,50,14,65,48,9,54,5,32,41,4,30,39,15,32,47,0,25,30,4,24,32,6,30,38,8,19,28,14,16,28,7,17,28,20,0,20,13,0,13,23,4,24,42,17,60,47,24,65,36,28,60,9,7,16,7,3,10,8,6,12,224,174,398,244,187,426,247,207,453
602031100,384,161,542,361,166,527,384,203,592,92,170,263,63,160,223,74,197,273,299,83,388,260,68,328,309,79,390,38,204,238,41,180,226,47,244,289,27,211,239,36,183,219,38,211,245,65,164,227,77,172,246,57,139,199,257,9,267,261,9,271,267,32,296,282,199,482,287,198,479,309,233,537,20,19,38,27,20,49,32,21,50,1464,1219,2685,1417,1152,2569,1514,1367,2875
603011065,135,58,198,131,62,190,152,78,229,26,45,72,16,44,55,25,44,67,88,15,102,91,26,121,105,18,122,17,54,69,20,54,71,25,86,109,5,55,65,9,50,58,17,58,75,7,33,39,13,26,37,15,21,33,86,3,89,73,6,79,98,6,101,119,43,159,108,60,167,113,77,192,16,7,18,9,6,9,16,4,19,497,311,811,461,326,786,565,386,957
603011066,103,60,154,76,48,121,111,71,184,64,108,169,73,82,154,71,111,181,161,30,189,146,33,176,190,40,223,51,123,178,56,143,200,52,181,229,17,116,137,24,124,148,34,123,159,30,81,107,28,69,102,45,69,118,124,4,135,135,8,148,144,4,147,130,77,205,104,52,155,150,75,224,21,4,23,16,5,25,22,15,38,702,599,1298,668,561,1237,810,693,1500
603011067,295,151,440,292,133,425,305,148,453,81,134,217,89,142,230,80,204,284,369,71,438,349,77,423,385,106,495,51,207,257,47,246,287,67,300,370,52,252,297,50,225,276,63,278,343,71,149,218,68,167,243,87,160,250,229,20,248,240,11,257,295,17,309,237,142,379,255,154,408,256,163,420,31,18,52,35,33,65,54,37,88,1411,1138,2551,1421,1184,2607,1588,1413,3005
603011068,0,0,0,0,0,0,0,0,7,0,0,0,0,0,0,0,0,0,0,0,0,4,0,4,0,0,0,0,0,0,0,3,4,0,0,0,0,0,0,0,0,0,0,0,0,0,0,0,0,0,0,0,0,0,0,0,0,0,0,0,0,0,0,0,0,0,0,0,0,0,0,0,0,0,0,0,0,0,0,0,0,4,0,4,3,5,11,0,3,4
603021069,126,66,188,112,77,188,141,88,232,118,156,270,118,152,267,157,201,361,120,28,152,129,29,160,176,43,219,28,63,93,34,93,123,50,112,155,29,132,156,36,115,151,30,107,137,29,42,67,23,40,60,23,55,79,59,5,62,51,7,59,60,10,71,76,55,129,84,37,120,101,47,147,12,4,15,24,5,24,18,10,25,588,540,1137,601,558,1159,747,683,1431
603021070,143,81,224,149,93,236,192,125,315,118,154,270,116,181,302,156,254,414,216,35,253,207,44,251,210,61,268,27,123,149,36,123,160,57,159,212,35,131,163,27,149,181,27,159,187,34,74,113,39,80,116,51,79,124,82,9,88,87,6,90,98,5,103,107,83,193,116,72,191,126,64,198,18,9,22,18,9,34,31,20,47,774,703,1472,801,757,1566,939,918,1858
603021071,135,63,191,127,62,188,155,86,241,80,102,178,78,91,167,101,145,246,138,39,176,134,40,172,166,37,205,24,105,133,20,125,149,34,162,199,19,103,123,29,112,142,26,119,141,23,60,76,24,56,80,24,52,73,109,5,112,101,7,108,105,4,109,190,99,292,175,106,282,191,105,295,16,9,25,12,10,23,29,17,49,724,590,1316,696,614,1309,833,728,1560
603021072,270,160,430,314,148,466,361,205,569,209,304,515,213,329,540,312,483,788,483,72,557,489,83,572,602,133,737,71,230,292,94,309,399,109,371,482,87,378,465,90,362,454,103,401,504,83,179,262,104,183,291,96,195,295,234,20,257,202,24,220,206,32,240,338,213,556,290,202,495,335,203,537,29,25,53,40,20,61,58,30,87,1815,1581,3395,1837,1669,3506,2187,2049,4235
603031073,94,54,151,92,52,146,92,70,165,44,61,109,49,56,110,65,84,146,97,21,117,89,13,106,107,37,142,31,82,118,40,81,124,46,82,123,20,66,85,11,68,73,17,68,83,17,32,52,9,33,43,6,36,43,47,3,48,40,4,42,57,6,62,106,66,169,85,60,149,85,65,151,6,7,10,0,4,5,14,12,25,463,402,862,416,376,793,485,448,939
603031074,214,116,326,188,113,305,240,148,387,72,103,179,84,85,173,104,129,233,182,43,226,196,45,245,234,43,273,43,124,172,47,129,174,61,179,243,21,129,152,21,133,154,39,146,189,26,81,108,44,116,160,30,92,123,110,5,113,93,6,95,102,5,105,189,134,327,166,137,308,248,157,405,20,15,34,21,8,33,28,14,38,885,747,1628,869,770,1638,1082,925,2001
604011075,32,38,72,43,18,66,47,44,99,52,85,139,36,80,119,49,92,142,210,39,246,146,24,169,152,36,187,40,125,165,33,129,165,49,151,202,42,107,147,35,109,145,35,103,139,58,95,152,50,126,173,55,86,145,122,10,133,110,0,112,120,10,133,100,102,201,122,90,216,105,98,205,9,10,18,16,9,24,9,14,27,670,601,1267,599,588,1186,628,640,1266
604011076,313,139,452,273,139,411,321,163,476,95,180,273,84,157,241,109,186,294,341,73,410,291,63,352,374,76,450,48,157,203,47,174,220,60,215,280,35,224,263,46,234,279,36,230,263,54,126,179,57,130,183,44,152,193,230,12,241,235,10,251,261,32,295,209,147,353,184,119,303,218,142,361,21,13,34,27,16,49,26,13,43,1342,1060,2405,1239,1041,2284,1438,1219,2656
604011077,98,59,158,69,60,131,81,67,147,117,143,260,107,108,217,113,143,260,218,48,259,148,37,185,174,46,219,55,144,196,54,137,187,61,170,232,41,153,194,45,144,194,39,124,163,39,114,152,57,110,171,60,117,171,118,8,126,98,12,111,134,18,149,112,90,203,119,93,215,123,89,215,17,0,21,22,15,35,22,13,28,819,761,1577,724,716,1441,805,775,1581
604011078,187,98,282,163,97,258,185,106,292,218,282,503,197,292,490,253,366,615,281,65,344,248,66,316,279,69,350,104,195,301,89,227,318,129,321,451,51,278,333,82,258,335,74,278,357,97,141,235,93,170,262,103,188,283,137,5,144,148,8,161,190,18,207,127,106,229,157,109,258,197,134,331,32,11,43,15,15,30,13,22,33,1229,1181,2413,1190,1241,2433,1425,1498,2926
604011079,171,93,258,154,79,235,196,104,301,154,195,352,152,218,368,188,308,490,324,53,374,306,53,367,355,74,429,53,190,241,47,208,255,80,272,348,52,221,278,55,216,276,44,211,256,58,143,195,50,147,200,62,143,208,185,8,195,181,7,185,193,11,205,115,76,187,132,103,233,139,116,252,24,13,40,20,12,30,28,10,39,1133,987,2118,1109,1046,2151,1281,1243,2524
604011080,80,48,123,89,59,144,88,44,133,74,106,181,74,114,184,93,141,235,272,47,319,202,42,248,208,50,257,34,126,161,56,140,194,45,187,231,58,194,250,52,146,195,46,161,209,63,151,217,49,130,179,57,120,178,107,7,115,113,5,119,141,22,159,108,88,190,121,95,212,129,95,222,14,4,18,11,9,26,18,3,22,814,768,1579,771,731,1497,822,818,1642
604011081,84,47,135,89,44,126,90,35,129,70,151,223,77,131,216,81,189,270,267,41,311,211,29,240,220,33,256,49,142,195,47,146,193,57,168,223,44,165,205,36,155,198,40,147,192,53,119,174,59,121,180,59,131,195,149,4,158,134,7,144,150,10,166,136,73,205,123,98,224,135,90,232,8,9,19,15,18,32,15,18,32,858,768,1620,795,758,1552,848,829,1676
604011082,165,99,260,158,86,244,180,118,295,180,234,414,151,266,420,170,255,429,378,67,444,383,65,447,367,77,442,79,221,300,79,272,354,88,344,434,62,227,288,71,227,300,78,248,329,79,223,304,82,205,293,66,195,258,185,15,202,163,14,177,209,20,228,243,159,402,237,164,405,218,180,390,27,17,43,16,15,31,33,22,56,1394,1261,2656,1345,1311,2659,1407,1454,2862
604011083,102,66,170,95,43,136,113,67,178,73,128,202,66,119,187,69,170,242,264,40,303,221,43,259,216,38,255,40,144,188,41,167,214,44,207,254,49,135,186,32,131,155,37,131,166,42,109,154,59,128,188,49,107,159,130,7,140,126,10,138,149,20,170,118,115,237,123,102,227,146,110,260,22,8,23,22,18,40,21,14,36,849,755,1606,777,766,1543,843,880,1721
604011084,159,71,232,142,96,238,171,99,274,125,202,325,116,194,307,126,257,378,342,47,393,318,52,364,335,72,407,64,228,287,68,233,304,76,301,376,44,234,279,44,204,249,46,212,261,65,175,241,78,155,233,60,167,228,243,10,251,193,18,210,218,10,229,159,134,288,174,130,301,175,105,280,22,18,40,32,15,44,39,18,55,1220,1122,2336,1154,1092,2250,1251,1249,2496
604021085,331,190,517,300,176,470,331,238,574,350,496,846,315,465,780,348,533,885,721,133,860,602,134,734,725,137,860,176,519,694,167,580,747,261,741,1003,159,540,700,140,473,616,135,517,648,232,403,636,199,405,598,243,409,646,390,48,440,366,29,400,400,26,424,406,328,736,418,332,750,526,389,911,51,42,92,45,30,77,71,45,114,2816,2697,5518,2556,2619,5182,3044,3028,6077
604021086,123,46,171,85,37,119,103,76,176,72,115,195,75,95,168,67,120,196,238,31,266,190,32,217,223,44,263,46,158,203,31,157,196,66,211,272,30,148,180,36,132,169,35,119,157,66,125,189,66,106,167,67,116,187,162,9,167,145,19,162,126,23,150,143,156,304,175,158,330,229,184,413,22,10,33,13,17,36,27,18,43,909,792,1700,811,754,1568,935,912,1853
604021087,150,72,228,151,84,231,190,124,311,75,134,209,59,140,200,91,184,280,265,41,309,277,48,333,331,61,392,33,162,191,45,186,231,64,272,334,33,150,179,46,141,194,50,172,225,60,121,176,68,147,214,63,174,241,163,12,175,145,14,153,198,18,213,150,129,273,150,122,279,195,143,345,16,12,22,23,6,30,27,15,45,936,830,1768,963,898,1856,1211,1166,2377
604021088,129,50,182,118,54,172,131,69,200,86,131,220,96,139,237,100,190,293,209,50,256,199,49,244,248,57,302,38,117,161,47,138,188,69,194,262,34,173,209,33,178,215,38,155,193,68,102,168,80,116,193,60,123,186,98,15,107,110,7,120,116,11,128,116,67,181,99,82,182,131,81,217,20,9,26,9,6,16,15,10,27,786,714,1503,788,775,1574,917,893,1808
604021089,250,99,347,241,114,351,274,132,401,146,231,376,146,248,395,166,311,477,339,60,407,309,59,363,359,70,430,48,159,210,51,206,252,88,286,375,39,233,273,47,195,245,39,249,293,61,140,200,74,182,254,75,186,261,165,7,171,146,9,152,204,15,215,153,109,257,174,115,289,163,136,299,20,12,31,32,13,43,37,14,49,1225,1042,2276,1209,1138,2354,1419,1381,2803
604021090,102,41,137,107,55,161,104,66,167,50,98,142,62,104,169,71,159,231,258,32,288,231,37,274,275,30,310,30,109,139,32,138,171,43,159,200,33,147,178,42,124,171,39,151,193,31,82,114,51,106,157,51,101,145,112,12,118,110,16,132,123,10,129,94,70,162,98,70,167,99,74,174,14,12,19,21,10,27,18,10,26,709,590,1307,758,665,1428,817,761,1573
604021091,261,142,406,250,103,351,262,141,402,98,174,272,84,203,288,110,221,335,341,68,408,328,68,398,408,100,509,78,203,280,79,224,304,79,252,332,35,186,218,43,172,214,63,221,282,60,156,217,54,145,200,70,114,185,224,19,247,223,16,244,262,30,290,214,177,384,204,174,378,223,201,420,41,13,57,48,15,63,40,25,62,1355,1131,2489,1325,1121,2447,1513,1305,2818
604021092,145,61,211,150,57,208,152,79,235,111,166,279,115,196,308,131,248,376,187,43,226,159,46,206,203,54,253,47,107,150,47,133,174,65,161,223,36,147,185,30,132,160,29,135,163,46,86,135,49,86,140,48,98,149,103,12,112,97,3,99,111,18,127,92,66,161,104,71,179,113,63,173,13,4,15,13,6,17,33,8,40,778,690,1469,764,725,1491,880,853,1740
604031093,143,61,204,136,71,207,138,73,206,26,52,77,26,48,68,29,51,77,78,15,97,80,18,99,98,13,110,8,39,49,9,48,51,9,53,61,5,72,77,8,60,73,5,77,80,7,29,38,14,33,46,13,36,46,51,0,51,54,4,59,41,3,45,164,80,244,114,75,185,114,76,187,9,4,10,7,3,15,15,7,20,490,363,850,441,358,803,458,374,838
604031094,370,196,561,342,177,522,334,167,504,58,91,145,45,97,139,62,125,194,166,40,205,152,34,191,175,30,203,12,114,123,19,117,132,25,151,177,18,119,131,11,126,137,14,123,139,25,77,98,21,79,101,31,81,114,154,14,171,134,17,150,154,9,165,247,161,406,277,178,453,260,146,406,18,13,32,23,13,35,31,9,41,1058,830,1883,1036,833,1868,1092,839,1937
604031095,159,81,240,158,73,232,165,71,232,65,87,149,58,86,140,48,100,147,208,47,260,168,41,215,167,35,205,17,149,160,29,147,180,40,157,191,31,140,176,19,150,170,30,124,152,37,107,142,41,106,144,28,105,134,186,22,209,173,17,185,171,24,196,241,162,405,250,164,417,260,151,413,20,11,34,25,9,35,19,13,28,961,812,1770,926,798,1729,916,778,1689
604031096,197,108,309,186,91,274,194,97,293,98,163,265,87,158,239,92,166,254,238,36,275,185,30,215,214,43,252,34,127,162,35,98,143,42,164,204,27,144,167,29,137,163,29,126,154,28,84,112,33,76,103,34,73,99,143,16,157,139,8,148,156,17,173,143,85,230,127,101,233,117,83,194,14,7,17,20,14,32,25,10,36,932,762,1692,838,714,1547,887,775,1657
604031097,122,66,190,105,64,173,101,62,166,107,88,191,63,85,152,62,89,156,288,58,352,212,39,251,211,51,256,44,163,205,29,139,167,53,163,214,21,144,167,20,103,119,17,112,128,23,93,117,20,95,118,13,89,108,409,25,435,217,4,224,226,23,249,164,164,327,122,141,267,134,142,276,22,10,33,22,19,40,21,14,36,1196,819,2014,819,699,1518,837,748,1588
604031098,0,0,0,0,0,0,0,0,0,0,0,0,0,0,0,0,0,0,0,0,0,0,0,0,0,0,0,0,0,0,0,0,0,0,0,0,0,0,0,0,0,0,0,0,0,0,0,0,0,0,0,0,0,0,0,0,0,0,0,0,0,0,0,0,0,0,0,0,0,0,0,0,0,0,0,0,0,0,0,0,0,0,0,0,0,0,0,0,0,0
697979799,5,0,6,3,0,3,0,0,0,6,3,9,11,0,12,0,0,0,26,4,26,12,0,8,0,0,0,7,3,6,4,0,6,0,0,0,0,0,0,0,0,0,0,0,0,0,0,0,0,0,0,0,0,0,0,0,0,3,0,0,0,0,0,19,3,20,9,3,18,3,0,5,4,0,3,0,0,0,0,0,0,62,19,76,39,11,48,10,0,12
699999499,12,7,12,7,9,16,18,5,24,26,34,57,22,29,48,15,36,50,39,6,48,31,4,35,39,8,48,10,20,29,15,19,29,17,19,39,10,16,30,3,23,25,0,22,27,9,11,15,6,12,14,3,18,21,25,0,28,19,0,20,32,3,37,47,21,72,37,14,52,34,18,50,6,4,8,6,0,3,8,3,11,184,118,299,151,99,247,174,133,309
701011001,6,5,4,3,0,3,4,0,4,3,3,6,0,0,0,0,3,3,10,0,10,5,0,5,5,0,5,4,4,5,0,0,0,0,0,0,0,0,0,0,3,3,0,4,4,0,0,0,0,0,0,0,0,0,0,0,0,0,0,0,0,0,0,3,0,7,0,0,0,0,0,0,0,0,0,0,0,0,0,0,0,22,12,37,12,0,10,7,7,16
701011002,284,133,418,443,212,652,461,298,751,351,303,654,559,392,955,623,610,1234,329,59,387,541,85,624,421,128,545,216,186,404,235,307,542,326,442,769,118,296,410,163,317,483,226,382,608,56,112,166,92,144,240,131,152,282,79,14,90,114,14,134,148,17,171,109,67,177,233,133,368,206,141,341,43,18,55,43,22,61,61,35,103,1584,1177,2760,2427,1619,4039,2594,2204,4794
701011003,0,0,0,0,0,0,0,0,0,0,6,6,0,0,0,0,0,0,0,0,0,4,0,4,0,0,0,0,0,0,0,0,0,0,0,0,0,0,0,0,0,0,0,0,0,0,0,0,0,0,0,0,0,0,0,0,0,0,0,0,0,0,0,0,0,0,0,0,0,0,0,0,6,0,4,0,0,0,0,0,0,6,3,8,7,0,3,0,0,0
701011004,197,133,334,185,151,337,204,169,368,210,264,472,218,299,521,249,409,663,170,39,210,220,27,248,158,32,195,83,91,171,72,105,174,97,160,254,60,191,249,63,184,250,66,184,245,53,70,122,60,55,119,54,82,128,55,8,58,46,12,56,49,6,63,55,36,90,67,36,107,59,33,94,23,19,42,12,9,24,30,10,37,914,843,1753,944,887,1828,965,1084,2047
701011005,252,131,382,284,141,427,287,169,461,231,261,494,266,270,531,257,357,617,229,34,262,283,44,328,258,43,303,151,112,264,128,124,254,183,215,393,85,202,288,76,222,299,93,202,296,49,74,120,58,88,147,66,79,143,51,3,59,50,3,49,61,5,63,73,47,118,84,50,138,96,61,157,11,8,23,23,8,29,22,23,43,1135,870,2012,1261,940,2204,1324,1151,2476
701011006,108,79,193,103,72,166,93,83,176,108,173,280,95,148,243,100,192,291,192,27,218,199,37,238,156,23,187,109,98,207,98,95,192,95,117,209,53,170,219,41,122,163,62,123,178,36,58,93,34,40,73,35,44,78,69,6,81,26,0,32,52,5,57,45,26,67,46,35,84,48,40,87,15,8,19,17,12,24,13,3,18,732,647,1375,651,558,1208,646,635,1281
701011007,129,94,221,151,99,247,174,120,295,148,151,304,226,232,455,209,282,494,128,36,154,189,31,219,144,30,172,44,45,92,61,69,129,71,128,196,40,141,177,70,166,240,65,161,222,42,45,88,30,52,77,38,73,112,39,0,39,37,5,41,52,9,60,31,13,44,43,25,71,47,30,81,10,3,15,23,18,31,16,9,29,606,531,1139,822,696,1522,816,839,1656
701011008,192,141,329,185,169,353,222,195,415,277,304,584,260,340,598,261,386,650,303,47,354,350,57,406,286,56,344,141,148,291,135,168,305,139,221,361,92,280,372,83,265,344,104,250,360,65,122,185,71,106,183,64,109,176,97,10,109,87,11,92,98,6,105,93,48,138,157,61,221,138,80,218,26,11,35,29,23,57,33,14,48,1288,1108,2395,1362,1197,2552,1343,1318,2661
701011009,211,129,340,204,131,344,207,137,343,190,201,396,188,215,411,219,301,525,231,28,253,284,35,323,188,42,231,119,82,200,93,93,185,103,137,236,50,253,309,56,180,233,75,191,267,42,74,111,45,80,122,36,60,93,56,0,56,69,10,77,58,9,64,51,25,69,83,27,105,52,17,77,18,3,21,20,7,22,19,7,28,962,801,1763,1049,780,1829,953,901,1858
701021010,55,42,98,50,39,91,54,44,98,117,133,249,107,127,233,101,151,249,143,22,161,137,28,160,120,15,133,49,66,120,41,76,119,62,94,151,43,93,136,44,108,150,34,93,125,38,57,90,29,63,90,28,38,68,50,6,57,49,8,60,64,0,68,56,36,93,64,41,111,63,41,105,8,5,11,14,7,18,5,8,17,548,461,1011,539,496,1035,518,481,1005
701021011,90,73,161,85,66,145,70,73,147,114,146,260,107,142,244,124,128,252,148,27,176,148,23,174,110,30,141,66,86,152,47,83,135,63,104,163,52,154,208,56,139,197,41,143,189,33,61,99,27,59,94,29,52,77,55,7,62,49,3,56,58,4,61,65,36,100,68,39,112,69,40,112,18,9,22,17,10,29,16,6,24,640,596,1243,612,574,1186,582,591,1173
701021012,46,26,68,41,26,64,61,30,89,38,48,92,37,36,76,49,90,139,104,18,122,87,9,97,90,11,102,92,45,139,35,38,72,93,79,171,11,83,96,16,62,82,21,70,99,20,39,57,18,29,39,33,41,69,44,10,54,23,0,26,27,0,32,26,10,35,26,22,46,55,19,71,11,3,16,8,7,12,11,5,24,399,288,680,291,221,512,443,356,791
701021013,103,64,164,116,66,177,97,98,189,227,292,525,204,286,496,214,294,512,173,29,199,181,34,216,187,32,220,82,98,185,101,151,247,127,206,332,54,179,236,70,152,221,59,153,218,79,87,167,89,103,196,87,71,164,77,11,83,89,4,100,83,6,93,92,32,127,142,53,192,94,54,148,12,12,25,30,13,39,20,14,32,898,805,1704,1021,863,1886,975,930,1909
701021014,0,0,0,0,0,0,0,0,0,0,0,0,0,0,0,0,0,0,0,0,0,0,0,0,0,0,0,0,0,0,0,0,0,0,0,0,0,0,0,0,0,0,0,0,0,0,0,0,0,0,0,0,0,0,0,0,0,0,0,0,0,0,0,0,0,0,0,0,0,0,0,0,0,0,0,0,0,0,0,0,0,0,0,0,0,0,0,0,0,0
701021015,0,0,0,0,0,0,0,0,0,0,0,0,0,0,0,0,0,0,0,0,0,0,0,0,0,0,0,0,0,0,0,0,0,0,0,0,0,0,0,0,0,0,0,0,0,0,0,0,0,0,0,0,0,0,3,0,3,0,0,0,0,0,0,0,0,0,0,0,0,0,0,0,0,0,0,0,0,0,0,0,0,3,0,6,0,0,0,0,0,0
701021016,98,74,171,97,61,152,84,76,157,147,191,339,144,220,364,144,225,373,188,30,217,177,23,203,157,27,186,65,100,165,74,137,209,107,139,254,55,167,220,49,155,197,54,120,177,56,71,119,53,75,129,56,80,133,69,10,80,82,5,80,73,7,78,80,43,126,111,64,171,97,55,153,9,12,27,18,13,31,12,10,18,756,706,1462,803,747,1558,784,737,1525
701021017,0,0,0,4,5,3,4,3,9,0,0,0,0,0,0,0,4,3,0,0,0,0,0,0,0,0,0,0,0,0,0,0,0,0,0,0,0,0,0,0,0,0,0,0,0,0,0,0,0,0,0,0,0,0,4,0,4,0,0,0,0,0,0,0,0,0,0,0,0,0,0,0,0,0,0,0,0,0,0,0,0,5,4,6,0,5,10,10,8,18
701021018,65,39,103,63,44,111,61,58,120,104,140,244,83,135,221,96,161,257,138,22,154,107,24,132,111,21,131,44,66,112,45,63,107,32,68,103,32,103,138,31,90,118,34,87,120,27,58,82,20,38,57,24,34,57,37,4,45,32,0,37,27,9,34,49,23,72,45,30,76,49,25,77,7,3,12,10,10,25,12,7,17,496,463,956,440,440,879,448,466,916
701021019,126,80,208,121,83,203,115,96,216,138,250,388,128,242,368,137,221,356,382,44,424,310,41,347,302,47,353,95,170,264,113,193,309,97,199,299,96,326,419,93,270,362,96,248,348,68,141,209,96,142,242,78,122,202,145,8,154,147,18,158,122,17,132,155,98,252,157,100,261,131,120,246,28,14,46,22,19,43,34,17,44,1234,1136,2374,1189,1107,2291,1112,1088,2197
701021020,189,133,328,163,137,302,162,135,294,204,317,516,199,317,523,230,378,603,372,61,432,345,48,389,272,40,310,112,142,259,109,159,271,126,158,283,118,341,459,109,301,415,121,274,387,71,130,207,77,124,195,77,100,177,121,11,136,135,3,135,110,17,126,102,77,183,135,84,217,105,76,184,21,16,36,37,27,57,20,7,28,1312,1235,2548,1312,1201,2512,1214,1176,2396
701021021,136,53,191,269,133,398,244,189,430,89,120,213,242,355,602,399,586,988,122,21,143,299,56,355,326,68,395,114,79,196,232,191,427,316,258,570,28,139,162,80,265,348,91,261,356,27,54,77,60,125,186,77,108,182,38,5,46,85,16,102,91,13,96,28,13,43,64,47,108,86,53,141,11,4,16,36,29,65,30,26,54,601,480,1080,1374,1209,2583,1662,1556,3219
701021022,154,105,261,146,93,238,143,104,241,157,248,401,135,271,404,135,258,393,304,48,351,332,42,381,255,40,294,110,160,269,110,158,272,94,151,251,120,366,481,89,297,386,98,243,339,85,115,201,65,95,167,53,91,151,134,15,153,148,15,165,95,7,101,145,73,216,131,74,209,121,71,194,27,16,43,23,18,40,28,23,48,1226,1147,2374,1183,1070,2247,1018,992,2009
701021023,67,51,120,65,58,128,56,57,115,132,194,323,94,150,247,118,211,329,193,20,221,197,27,225,143,26,168,50,94,150,66,118,181,93,135,226,49,154,205,44,141,184,40,122,168,47,55,103,52,58,112,47,61,115,69,4,73,77,3,82,70,4,75,74,41,119,90,64,153,89,46,134,9,19,23,18,14,33,15,19,28,694,628,1324,702,640,1343,674,688,1362
701021024,56,48,100,54,51,109,61,50,113,105,116,224,93,119,210,68,129,200,170,21,188,134,23,160,129,21,149,45,66,114,50,55,103,51,82,131,39,117,154,31,94,127,38,93,128,21,38,60,35,52,82,37,40,78,52,3,53,45,3,48,56,5,59,48,37,93,73,45,113,64,47,109,18,7,26,14,8,24,6,8,20,546,465,1009,523,453,979,514,473,989
701021025,121,133,257,127,131,257,131,135,266,254,382,631,283,407,680,301,505,803,218,34,253,234,33,274,195,35,229,85,117,201,107,126,226,157,192,343,84,208,293,62,187,253,79,180,253,43,94,138,62,83,148,68,69,142,80,12,85,88,6,93,77,8,88,78,61,141,117,52,174,99,35,135,19,10,34,27,16,38,13,24,43,987,1044,2032,1106,1034,2143,1113,1189,2305
701021026,138,77,211,136,87,220,142,103,243,235,337,574,217,381,603,281,477,755,169,38,207,168,24,191,137,32,166,87,103,196,85,126,213,111,139,244,58,171,229,69,137,209,72,127,192,38,63,98,45,71,117,50,62,112,77,9,83,74,6,81,66,8,74,65,44,107,85,37,122,77,44,124,16,7,24,17,8,27,24,13,38,887,850,1733,891,876,1762,950,1003,1953
701021027,62,42,99,47,45,88,57,66,125,155,261,417,141,238,377,143,253,396,119,13,137,122,18,141,115,16,131,49,77,130,58,80,132,43,75,122,56,118,169,40,132,170,40,114,153,27,32,55,35,47,84,34,42,74,50,6,60,53,5,62,60,4,60,56,25,83,57,32,93,42,35,74,6,11,22,10,3,17,9,10,19,580,588,1168,569,600,1164,541,618,1156
701021028,51,37,81,59,36,101,54,55,109,76,85,159,68,109,172,65,106,170,174,24,199,138,23,161,132,19,148,60,85,143,62,75,139,66,91,160,34,120,151,42,103,143,47,101,142,33,50,91,39,53,93,31,47,86,56,5,55,61,0,66,40,4,44,62,44,107,91,53,143,71,53,125,15,7,19,11,10,29,10,9,23,552,457,1010,568,469,1040,521,479,1004
701021029,67,55,119,62,56,122,58,52,112,96,114,214,90,148,244,98,152,243,105,21,124,108,13,120,92,14,106,48,58,99,34,65,98,43,69,110,42,111,152,34,81,116,28,90,113,34,42,77,36,44,74,29,46,81,43,3,50,48,6,50,55,3,60,52,28,76,50,32,78,52,26,83,10,12,22,10,10,13,7,9,16,497,434,932,469,449,917,475,454,928
701021030,83,60,141,73,44,118,73,63,137,104,152,252,92,146,230,87,163,254,181,21,205,187,25,213,158,29,187,60,98,161,54,100,159,68,94,164,58,167,223,48,161,209,54,135,189,38,70,106,41,45,86,36,49,83,53,6,65,59,9,72,42,9,47,66,33,98,73,57,126,65,47,110,19,4,23,28,12,37,10,12,24,663,611,1271,657,590,1242,594,600,1191
701031031,191,96,284,192,107,299,182,118,298,122,170,293,117,182,309,91,195,284,399,49,453,924,63,987,397,56,449,483,99,583,351,121,471,321,138,453,79,245,326,85,277,357,64,267,326,34,77,109,48,78,127,36,91,129,247,23,264,243,24,267,141,31,170,110,41,151,215,61,281,99,46,147,31,21,45,56,19,75,47,15,61,1698,808,2509,2236,931,3167,1379,945,2321
701031032,293,225,517,315,267,583,361,312,671,191,366,557,185,410,596,177,455,635,746,103,846,880,113,994,839,118,954,121,227,341,126,281,405,146,289,438,108,602,717,96,635,736,121,608,732,97,204,298,98,197,297,75,200,275,329,47,370,367,39,406,312,43,356,209,128,340,299,141,442,266,132,397,44,25,71,55,43,96,56,44,95,2135,1916,4050,2426,2125,4550,2352,2206,4564
701031033,4,0,4,0,0,0,0,0,0,0,0,0,0,0,0,0,0,0,0,0,0,4,0,4,0,0,0,0,0,0,4,0,5,0,0,0,0,0,0,0,0,0,0,0,0,0,0,0,0,0,0,0,0,0,0,0,0,0,0,0,0,0,0,0,0,0,0,0,4,0,0,0,0,0,0,0,0,0,0,0,0,8,0,6,13,3,18,0,0,0
701031034,130,78,201,145,107,249,137,116,255,52,135,188,70,153,223,79,174,255,268,49,324,327,38,363,264,39,305,48,86,128,54,123,182,75,145,218,42,230,271,44,226,270,43,219,262,40,61,101,53,89,140,42,77,121,113,11,125,128,17,148,115,9,121,78,53,125,101,58,166,104,53,159,20,11,29,17,9,30,14,16,29,788,705,1491,936,830,1770,875,846,1723
701031035,159,94,258,167,114,274,180,131,313,73,119,200,89,160,248,71,171,248,267,52,323,416,62,473,323,52,378,41,87,131,40,109,144,49,121,171,35,155,189,39,222,260,38,237,269,29,68,94,33,80,113,27,61,88,161,23,179,172,17,196,182,25,205,99,82,182,200,93,290,129,70,202,20,5,22,36,20,51,39,15,54,884,690,1571,1182,876,2058,1041,890,1931
701041036,97,74,167,82,67,160,76,81,162,70,160,228,81,149,230,93,159,246,308,43,353,262,45,309,246,44,286,104,131,235,75,143,218,73,155,235,59,291,348,75,267,339,71,244,317,58,100,161,38,92,134,40,96,138,142,11,155,138,12,149,114,11,127,89,53,144,99,62,158,108,64,170,26,12,41,27,11,38,17,12,30,948,881,1828,881,855,1737,842,873,1713
701041037,89,64,150,83,49,130,63,78,146,70,119,190,82,139,214,83,144,224,248,30,277,245,29,273,194,36,228,88,122,206,80,105,190,77,125,208,57,206,261,41,190,231,45,147,194,34,67,99,48,69,119,41,70,111,110,21,131,108,13,122,94,22,115,66,55,124,90,48,146,100,58,162,7,14,24,21,13,36,19,15,36,760,702,1466,803,663,1465,722,694,1418
701041038,200,110,308,215,152,365,205,172,378,116,184,304,155,234,388,189,287,478,268,43,312,360,42,401,356,52,409,231,141,374,169,149,327,174,220,390,71,292,365,78,322,395,97,324,417,56,101,163,58,104,164,69,102,170,119,9,127,147,13,158,118,21,144,57,27,83,112,45,160,90,70,158,18,9,26,31,26,58,29,21,46,1149,920,2065,1331,1089,2416,1315,1274,2592
701041039,90,48,142,79,60,134,64,70,134,64,126,192,62,130,193,47,122,173,234,26,260,207,27,235,196,27,222,90,121,215,62,110,172,81,111,192,50,230,284,65,159,219,56,161,213,53,94,146,38,92,129,45,81,125,132,11,136,122,9,136,118,10,125,87,66,151,109,66,177,80,63,142,23,7,33,17,7,23,20,11,27,823,736,1562,759,660,1418,700,654,1354
701041040,50,62,114,45,48,88,51,48,99,46,87,131,53,92,144,42,84,125,189,33,224,184,27,210,175,31,206,65,112,178,48,108,157,66,116,178,37,180,212,37,146,184,36,142,184,38,65,105,41,65,101,33,70,105,114,8,129,88,14,99,80,7,87,86,52,138,96,46,142,84,42,129,13,6,22,20,15,32,22,14,27,645,609,1256,604,558,1165,578,555,1136
701041041,192,101,294,141,120,262,154,123,274,138,198,338,103,182,285,119,250,367,310,59,372,393,53,441,344,48,386,280,171,454,198,159,360,176,242,419,74,356,430,65,329,391,89,326,412,57,148,201,58,133,190,74,142,211,127,6,134,130,11,138,144,19,164,87,44,132,120,67,180,103,73,175,25,15,37,26,10,42,27,18,49,1283,1107,2393,1229,1061,2293,1223,1239,2468
701041042,0,0,0,79,67,142,191,191,379,0,0,0,110,164,272,211,416,628,3,0,3,305,36,339,478,83,563,0,0,0,177,138,318,345,374,712,0,3,3,56,222,280,127,410,541,0,0,0,37,101,134,91,179,277,0,0,0,86,12,99,162,28,190,0,0,0,65,46,117,139,86,231,0,0,0,26,14,35,42,31,71,3,0,3,950,793,1741,1784,1800,3588
701041043,138,103,243,216,166,380,207,177,386,89,188,276,162,305,470,177,368,545,293,41,331,604,60,659,492,78,571,247,134,386,286,251,538,310,292,601,72,311,380,115,440,556,116,457,571,53,100,155,95,180,272,88,190,279,113,19,133,213,22,230,160,21,183,66,39,107,187,99,282,144,77,227,19,14,28,45,31,77,46,25,70,1088,941,2028,1926,1547,3477,1744,1690,3435
701041044,102,52,154,80,56,142,76,77,155,68,138,205,64,125,193,68,150,219,296,39,333,272,42,317,257,48,305,71,120,188,66,120,190,82,147,226,53,263,316,50,227,280,49,191,238,45,87,140,39,94,137,58,74,129,121,16,134,125,20,144,111,13,124,78,65,138,99,52,155,90,40,128,24,15,30,19,16,39,14,16,32,846,797,1647,829,755,1589,796,755,1556
702011045,146,121,263,146,94,237,157,133,286,164,259,425,168,273,436,179,311,485,303,44,348,234,43,273,239,34,279,134,148,279,163,169,339,158,185,342,69,286,357,56,231,283,66,224,293,78,107,183,61,97,157,45,73,119,111,4,116,85,5,96,84,14,93,118,74,191,111,66,175,78,66,141,29,22,54,26,25,53,31,30,55,1159,1068,2228,1044,1003,2045,1032,1068,2104
702011046,183,143,327,154,158,310,168,190,357,310,493,800,250,491,747,285,538,820,309,44,354,260,49,307,276,44,323,172,233,403,169,251,421,258,281,541,87,332,421,65,255,316,79,251,329,74,117,187,68,103,172,72,89,163,106,7,114,106,7,114,79,13,91,120,55,185,132,67,199,117,75,192,24,19,44,34,26,61,45,30,74,1389,1450,2835,1244,1402,2648,1379,1511,2892
702011047,135,85,216,127,95,221,141,130,269,223,341,564,177,275,455,169,319,488,327,42,370,251,36,292,297,47,344,161,181,339,181,200,378,209,256,469,76,318,392,67,250,321,75,224,299,57,91,152,63,102,164,88,105,193,81,3,86,77,10,90,80,10,88,110,77,187,114,83,203,118,83,199,39,16,59,34,13,55,36,28,59,1216,1164,2379,1097,1070,2168,1214,1191,2409
702011048,174,123,297,173,138,311,166,139,300,200,352,556,226,344,569,227,421,654,286,60,344,256,48,303,269,54,325,207,215,421,201,229,426,241,249,492,91,332,427,101,318,420,92,281,371,82,129,212,63,107,171,66,109,181,110,9,120,100,3,104,93,7,97,104,49,152,116,54,168,115,64,176,26,15,40,34,18,55,36,36,71,1283,1282,2567,1268,1265,2531,1307,1355,2662
702011049,184,115,299,176,108,284,173,119,286,255,321,579,260,374,633,287,479,770,238,39,275,164,32,198,217,46,260,157,152,314,189,155,338,205,206,407,58,218,275,65,210,279,67,198,265,54,89,145,60,83,146,63,69,131,65,0,67,62,0,65,58,3,61,81,50,132,95,64,156,113,57,170,27,15,41,34,16,50,47,19,69,1134,1005,2145,1100,1044,2146,1227,1191,2416
702011050,80,52,132,85,43,138,81,68,149,71,56,128,43,83,120,48,77,128,90,25,112,123,18,144,94,20,113,107,105,211,141,158,297,118,147,267,30,59,81,27,75,103,24,50,74,10,52,66,18,43,59,20,32,55,33,5,35,32,3,36,16,0,22,107,49,157,116,82,198,87,54,143,22,19,41,20,5,27,9,5,13,543,420,963,608,519,1125,494,469,961
702011051,93,57,141,99,58,155,106,75,176,70,103,175,79,130,211,96,179,269,143,27,169,156,24,175,175,29,206,47,85,127,54,83,134,82,89,173,33,131,161,22,138,167,31,144,178,29,49,83,22,39,64,19,43,66,71,8,75,51,6,61,48,6,52,66,33,92,48,34,85,62,36,100,10,11,25,12,4,20,16,11,28,554,494,1050,545,520,1065,640,605,1244
702011052,48,29,70,52,32,83,55,51,108,48,101,148,45,88,133,46,79,131,26,5,37,32,15,53,31,10,42,50,67,120,51,89,141,63,95,164,10,31,41,11,43,55,12,39,52,13,18,28,8,12,26,8,19,24,24,3,27,26,0,32,30,4,37,124,18,147,79,26,105,84,24,109,36,13,48,22,6,30,5,5,8,368,290,656,339,321,662,337,337,672
702011053,29,36,65,33,24,58,30,19,52,77,119,192,42,71,116,34,101,133,81,8,94,24,7,30,42,4,48,55,100,159,44,114,160,62,98,153,12,28,39,5,28,36,12,24,41,8,15,21,8,28,33,9,17,19,69,10,78,28,4,33,34,3,43,112,39,150,79,14,92,54,14,71,38,24,59,12,5,23,3,3,13,488,383,871,278,289,568,287,287,576
702011054,27,21,53,33,20,60,29,26,59,31,61,92,28,55,83,27,53,83,11,14,27,9,8,19,4,7,11,34,59,90,35,65,102,24,51,71,5,26,34,10,20,30,12,15,26,6,9,20,10,5,16,6,8,15,11,4,10,11,0,11,7,3,12,74,24,102,45,14,60,27,16,42,42,15,57,10,6,13,10,3,7,248,229,475,188,197,389,148,178,326
702021055,60,20,88,59,25,82,56,36,88,38,73,109,31,57,86,24,55,78,45,15,65,28,28,55,45,25,68,38,57,93,33,56,89,36,52,83,6,45,51,9,34,44,0,26,27,10,8,13,5,10,16,11,18,21,27,0,27,21,0,28,34,6,37,134,54,188,144,44,188,138,79,215,11,13,31,11,7,17,5,13,16,374,285,663,338,258,601,347,296,641
702021056,90,54,140,82,66,147,93,70,158,76,148,229,96,153,243,88,162,250,137,20,163,126,15,139,104,15,115,81,117,192,120,115,239,136,123,265,37,136,175,27,125,154,33,115,149,24,34,56,26,32,59,20,21,45,37,4,36,32,0,30,26,4,28,91,35,121,70,35,103,54,31,89,30,19,51,24,20,45,14,7,24,597,581,1179,601,558,1154,574,557,1131
702031057,177,114,289,163,112,275,185,133,316,137,173,318,159,163,325,130,156,288,256,50,303,223,36,267,183,39,219,84,125,201,72,143,220,76,125,196,31,167,201,41,159,199,35,133,169,16,42,60,22,57,75,17,65,76,185,29,214,139,19,156,118,16,131,173,127,297,121,90,215,115,91,214,31,26,56,35,18,54,28,14,40,1087,848,1938,981,806,1787,881,764,1640
702031058,55,36,91,46,29,73,48,36,83,56,56,113,53,40,99,29,44,77,55,15,70,39,17,54,35,15,46,33,47,81,30,39,70,30,50,75,13,41,54,4,28,43,5,19,25,12,17,27,6,16,24,14,9,24,66,7,73,41,3,50,23,7,36,96,50,150,54,31,83,65,25,90,4,14,21,17,12,27,13,11,24,386,287,677,294,218,518,264,221,491
702031059,23,11,35,13,7,19,19,13,27,46,59,101,38,59,96,26,69,95,32,3,33,19,4,22,27,3,25,33,43,74,21,57,75,39,38,75,12,36,50,4,20,30,7,11,20,0,5,8,11,15,23,6,9,17,11,3,15,9,0,7,8,6,16,57,15,72,21,17,36,21,15,34,13,4,18,9,6,16,14,6,24,224,192,414,141,178,323,164,169,335
702031060,40,18,60,31,22,51,35,22,61,62,96,162,48,78,129,48,75,120,60,9,69,26,14,43,30,10,37,57,81,136,42,59,100,47,57,108,12,48,63,13,34,42,4,28,41,11,14,29,8,16,27,5,23,24,16,8,26,17,3,18,15,0,12,130,26,154,53,18,71,32,16,47,32,18,49,24,22,52,3,11,16,421,317,739,262,263,525,225,236,462
702031061,70,31,97,35,29,67,52,38,89,153,162,316,111,113,220,136,165,295,70,8,77,36,13,45,71,15,86,63,107,169,57,99,152,71,116,187,27,50,76,22,44,69,21,45,72,20,45,69,15,28,48,14,20,34,44,10,56,27,4,28,20,8,25,284,109,394,75,17,93,68,26,91,31,22,59,37,38,82,25,19,47,763,542,1306,418,388,809,479,452,926
702041062,62,33,95,54,16,75,52,33,85,82,91,169,76,85,159,63,87,148,195,22,213,80,11,91,80,18,92,41,72,114,38,77,119,43,64,108,24,70,88,23,53,73,13,49,61,4,33,38,3,23,22,0,24,30,118,8,129,76,14,87,71,9,82,85,36,121,47,27,71,41,21,59,24,13,33,15,11,30,5,11,18,624,373,997,412,314,722,368,325,690
702041063,61,37,97,68,39,109,62,54,110,201,263,468,160,219,375,157,186,346,97,14,112,74,17,92,73,22,97,83,133,214,98,150,247,103,160,266,28,87,112,21,70,94,22,63,81,21,77,95,14,49,70,23,65,85,32,3,39,44,11,62,42,5,47,279,133,412,74,37,109,53,26,80,68,80,147,64,43,103,41,47,84,872,830,1705,622,635,1256,574,617,1189
702041064,135,76,209,87,87,172,90,80,172,187,252,445,143,208,348,130,246,374,407,43,447,244,14,264,241,33,275,50,128,173,62,121,183,54,119,171,36,217,254,43,184,230,27,182,207,25,88,107,24,53,79,23,53,76,310,10,320,130,7,138,132,8,145,92,73,165,74,52,131,59,48,107,33,9,43,9,11,18,11,16,29,1269,895,2171,825,743,1564,777,781,1562
702051065,56,42,98,52,37,89,65,42,106,40,45,84,38,62,104,52,80,131,25,10,35,24,12,43,27,21,47,50,66,116,31,60,93,47,75,120,3,38,42,9,34,43,9,33,42,8,14,19,7,15,19,5,20,24,26,5,30,32,0,32,32,4,32,85,36,118,72,24,94,79,39,118,11,5,17,20,3,19,9,8,11,293,265,562,284,250,535,320,319,638
702051066,67,30,96,42,31,73,50,39,88,65,114,179,83,118,200,62,104,173,67,13,80,65,19,85,47,10,53,58,114,172,48,85,137,48,85,131,12,55,72,18,45,62,13,47,59,12,25,40,11,31,48,6,19,24,48,10,56,56,8,64,44,9,55,242,91,337,84,30,112,68,28,100,58,39,98,50,40,89,24,19,42,627,499,1123,463,410,874,366,364,733
702051067,303,193,492,308,207,514,335,259,594,257,483,734,280,480,766,272,543,820,684,82,767,615,85,703,646,106,751,283,374,660,296,382,677,335,463,796,115,507,616,113,440,548,114,445,562,98,170,271,101,156,255,90,150,237,211,29,241,199,25,224,203,32,241,265,149,413,250,123,376,266,125,391,63,48,114,53,29,83,64,40,108,2268,2047,4310,2222,1933,4150,2327,2168,4495
702051068,46,25,72,46,34,80,52,26,80,63,56,120,54,68,119,47,76,126,35,27,60,34,14,51,35,16,49,39,81,121,39,62,94,47,78,129,16,43,66,12,32,43,10,31,45,4,18,29,0,10,16,4,18,26,28,3,36,22,3,27,23,0,21,175,79,249,81,36,117,120,66,186,44,41,80,24,19,40,5,3,12,451,382,827,312,277,587,337,325,661
797979799,5,0,0,0,0,0,0,0,0,18,0,18,5,0,5,16,0,18,8,0,13,7,0,7,9,0,9,7,0,7,0,0,0,6,0,5,15,3,13,0,0,0,0,0,0,0,0,0,0,0,0,0,0,0,0,0,0,0,0,0,4,0,4,18,5,19,13,3,15,23,3,26,0,0,0,0,0,0,0,0,0,72,7,80,24,5,28,56,3,56
799999499,24,19,40,18,20,37,28,22,54,51,56,107,36,68,108,35,66,107,82,13,97,83,23,106,38,7,49,36,62,99,32,53,82,18,45,62,9,38,46,9,23,34,13,31,46,5,17,27,15,15,26,4,13,19,47,9,48,54,12,60,22,9,31,73,32,102,59,41,104,58,49,107,9,5,9,8,3,11,18,5,22,335,254,587,319,249,574,242,259,500
801011001,117,116,234,121,111,234,154,139,294,253,259,511,235,220,456,253,274,526,56,9,68,54,20,76,63,17,82,44,61,98,51,57,106,42,59,103,58,126,183,60,96,155,44,82,124,23,26,54,12,39,54,28,45,68,9,0,10,4,0,4,6,0,6,27,6,34,32,14,48,49,20,69,14,9,26,12,11,24,16,9,27,609,618,1221,584,565,1147,649,655,1307
801011002,144,116,264,247,165,412,345,283,629,505,376,880,681,559,1238,893,822,1719,161,38,197,201,62,265,378,109,488,105,150,252,183,283,465,286,495,788,161,270,435,220,332,551,273,414,688,78,124,207,111,188,299,220,278,498,34,4,37,55,9,63,130,11,141,77,40,116,140,73,213,188,120,309,24,11,37,52,30,84,53,54,106,1281,1135,2420,1887,1689,3579,2775,2589,5364
801011003,297,197,495,301,223,520,353,286,637,593,589,1178,648,643,1296,752,792,1548,201,35,235,187,66,248,243,99,342,188,244,434,246,334,577,242,466,701,171,336,510,208,326,537,210,377,593,121,212,339,155,204,359,174,269,445,26,5,31,45,9,53,58,13,73,98,36,134,127,51,179,170,80,251,37,26,60,36,28,68,54,48,103,1737,1681,3414,1962,1880,3841,2261,2434,4694
801011004,74,79,147,68,58,122,85,96,181,133,157,287,126,137,263,134,163,293,198,38,241,194,30,216,209,40,254,64,124,191,67,124,190,73,144,218,99,205,307,72,195,270,70,178,255,52,72,119,41,71,118,39,53,97,66,9,76,47,0,50,67,5,76,99,33,137,103,37,144,76,39,114,11,14,25,28,14,46,19,17,34,792,737,1532,745,666,1412,773,741,1514
801011005,124,131,253,113,112,223,150,174,322,326,324,653,273,315,589,273,331,604,91,18,113,74,25,96,82,25,108,36,54,92,44,66,113,58,78,136,79,180,257,45,123,174,52,124,176,38,72,109,37,53,89,32,39,73,18,0,18,15,4,17,19,4,15,21,14,38,40,11,51,42,22,67,4,11,16,25,13,42,13,12,26,752,792,1546,666,721,1385,715,809,1530
801011006,312,231,544,295,218,506,327,277,607,449,465,911,406,486,889,415,499,916,398,86,486,384,76,462,446,84,533,152,229,375,138,260,402,184,318,497,280,637,916,238,567,810,217,505,720,117,160,276,124,174,289,116,142,256,101,8,107,119,11,129,100,13,120,147,59,210,166,70,233,161,79,242,41,42,82,49,54,107,36,34,71,1997,1911,3906,1912,1917,3831,2003,1960,3958
801011007,254,203,454,246,174,411,254,243,497,389,380,771,321,374,694,396,455,849,319,49,365,276,48,325,322,51,375,102,194,294,106,178,286,111,181,292,160,462,627,137,355,492,132,315,443,86,130,219,84,105,192,64,110,175,92,14,107,77,6,88,83,6,86,136,46,181,97,53,141,134,59,191,30,29,56,43,36,75,29,29,59,1568,1508,3074,1380,1326,2707,1530,1431,2960
801011008,180,147,321,184,127,306,187,162,348,373,324,699,300,312,615,324,355,677,235,50,283,226,38,266,210,45,257,90,164,261,106,193,300,100,182,279,182,388,569,115,295,417,106,289,392,103,149,251,75,118,196,61,89,152,82,4,88,80,4,80,78,11,89,126,69,191,90,44,136,105,55,164,22,17,41,22,15,39,33,22,58,1388,1315,2705,1200,1147,2349,1206,1208,2407
801011009,163,133,296,141,99,240,151,153,297,206,252,451,190,223,410,239,287,519,189,41,226,197,32,230,229,38,268,62,111,174,70,107,176,82,119,203,135,276,406,105,241,345,78,203,285,71,67,137,42,80,125,67,70,132,51,8,56,34,3,38,47,3,50,65,30,96,53,23,78,80,21,104,16,12,27,25,17,43,13,10,27,953,926,1877,859,824,1678,986,900,1888
801011010,103,72,171,80,75,155,87,93,178,138,148,285,128,129,255,142,144,281,112,30,141,88,23,119,116,28,143,45,74,121,34,65,104,40,69,111,87,153,244,47,146,188,42,113,162,28,55,76,23,38,62,24,27,55,35,4,37,39,4,45,34,5,32,50,7,63,33,9,48,57,6,62,11,17,24,9,4,20,12,11,26,607,554,1167,496,498,990,559,495,1047
801011011,147,116,262,142,122,266,163,140,302,247,258,508,196,262,455,214,266,481,217,35,256,197,34,231,200,35,232,66,112,180,62,117,182,68,114,186,105,274,382,89,201,288,58,189,250,58,78,133,48,62,114,37,45,85,46,3,51,31,6,37,29,0,39,72,23,96,61,19,79,62,15,80,27,9,36,16,13,30,19,18,40,985,911,1898,833,836,1673,848,829,1678
801011012,0,0,0,0,0,0,0,0,0,0,0,0,0,0,0,0,0,0,0,0,0,0,0,3,0,0,0,0,0,0,0,0,0,0,0,0,0,0,0,0,0,0,0,0,0,0,0,0,0,0,0,0,0,0,0,0,0,0,0,0,0,0,0,0,0,0,0,0,0,0,0,0,0,0,0,0,0,0,0,0,0,0,0,0,3,0,0,0,0,0
801011013,150,102,251,144,109,258,148,146,292,257,278,530,235,242,472,217,244,458,91,11,105,90,14,108,111,33,144,45,62,108,56,88,142,63,116,178,84,154,242,83,107,191,65,121,190,40,57,96,43,53,96,56,40,102,22,0,26,24,0,24,31,0,27,37,18,57,52,29,71,55,18,77,23,15,32,20,17,33,15,10,24,748,706,1452,739,660,1401,757,734,1493
801011014,104,79,185,110,99,209,118,127,247,198,212,417,171,200,367,213,225,444,186,27,212,163,30,195,191,32,224,53,113,167,69,114,183,63,119,180,105,190,296,76,165,234,67,185,250,37,58,98,34,54,87,47,65,112,59,0,62,56,4,59,50,0,53,90,37,128,73,29,97,93,43,127,18,16,33,18,19,39,14,11,28,855,739,1591,768,716,1476,855,817,1668
801011015,165,133,296,136,113,250,192,205,393,285,309,598,230,291,518,336,424,756,300,51,355,248,52,309,307,61,369,93,161,258,73,167,238,139,231,371,155,381,534,111,297,418,136,337,477,65,99,166,69,70,139,78,104,186,90,8,96,88,7,93,92,8,99,109,30,134,76,40,120,123,39,166,13,18,33,22,24,42,37,24,62,1273,1200,2475,1057,1062,2121,1439,1440,2879
801011016,324,234,559,290,214,504,355,284,638,574,537,1108,487,512,995,507,569,1076,424,78,497,350,60,410,373,75,448,135,243,372,166,251,420,144,256,406,235,585,821,210,414,621,179,373,552,113,170,280,130,153,285,121,109,231,107,8,117,68,4,72,86,6,94,168,84,250,147,73,216,182,77,261,60,37,93,41,41,91,48,32,79,2141,1965,4106,1889,1724,3613,2003,1786,3782
801011017,133,86,219,133,116,242,152,155,302,233,248,481,185,251,435,202,295,493,256,41,302,217,33,249,215,39,256,79,119,198,68,142,210,69,145,208,115,283,401,94,223,313,84,199,293,51,98,151,37,71,110,46,71,118,59,7,65,57,4,59,64,4,67,81,32,104,90,42,125,86,41,122,20,22,40,27,24,54,21,18,43,1024,928,1956,904,899,1805,939,960,1900
801011018,0,0,0,6,3,5,125,116,244,0,0,0,12,13,30,326,335,658,0,0,0,11,0,10,135,30,166,0,0,0,0,3,8,100,136,233,0,0,0,0,5,5,84,154,238,0,0,0,3,0,5,57,61,124,0,0,0,0,0,0,53,3,55,0,0,0,0,0,0,71,32,109,0,0,0,0,0,0,27,23,47,0,0,0,33,27,60,979,899,1877
801011019,189,190,389,217,203,423,263,286,549,421,416,838,455,530,977,462,501,963,383,62,447,385,62,451,390,79,476,139,192,334,171,240,407,180,315,496,199,479,679,217,497,718,161,442,601,71,117,192,109,156,266,102,144,241,88,9,93,114,4,116,127,6,134,130,41,171,179,64,247,164,68,233,38,35,72,56,44,94,50,37,88,1661,1546,3209,1897,1796,3699,1896,1876,3776
801011020,105,86,196,97,94,199,136,134,265,221,232,456,242,219,460,242,287,526,104,18,124,100,21,126,121,25,151,46,87,136,55,88,147,84,107,188,74,131,202,62,120,182,52,126,180,47,48,95,33,50,88,45,52,94,26,3,30,16,7,23,30,0,32,50,17,65,41,25,58,52,32,87,11,10,26,23,17,38,15,14,32,687,641,1330,677,643,1322,784,776,1555
801011021,135,99,238,133,94,231,147,114,265,200,207,411,172,198,376,187,201,383,124,22,142,126,28,153,147,31,180,55,104,154,41,85,122,33,82,118,89,208,300,65,171,230,56,157,214,50,62,110,40,66,105,28,47,74,51,9,54,37,4,35,38,4,41,51,25,82,62,31,91,41,18,57,18,8,27,18,11,27,18,4,20,772,744,1512,700,682,1375,701,662,1362
801011022,137,103,234,125,93,216,160,141,300,227,225,459,187,229,415,242,256,506,146,25,172,137,26,157,175,30,202,60,124,185,62,80,141,53,109,162,112,223,329,63,188,250,52,174,228,41,63,105,50,58,108,43,61,102,48,4,50,38,3,40,27,7,37,62,24,81,62,24,88,65,25,85,24,11,31,23,21,42,13,16,36,854,803,1660,755,719,1470,835,814,1649
801011023,84,85,168,77,70,149,90,107,200,176,206,383,177,226,400,197,235,425,122,28,155,114,23,139,120,29,152,46,86,135,59,106,164,62,98,154,65,177,236,63,111,171,58,120,175,39,57,97,33,55,84,40,47,86,38,0,36,37,0,40,39,0,42,64,18,91,58,31,88,76,38,115,11,4,19,17,13,38,22,16,33,655,666,1324,633,635,1272,700,693,1392
801011024,98,76,180,95,82,181,110,119,233,198,210,408,179,180,356,211,240,456,146,28,175,134,30,162,156,28,183,52,82,135,71,102,176,61,121,179,100,173,271,85,161,246,67,141,210,47,71,116,39,57,102,37,56,95,43,8,48,32,0,38,41,8,46,67,26,93,65,19,86,75,33,112,12,7,18,17,16,36,13,14,24,771,685,1453,728,644,1373,781,755,1533
801011025,118,84,200,95,78,170,106,99,206,157,182,341,118,168,288,146,198,338,154,20,170,152,15,170,149,28,182,43,89,135,42,111,158,45,104,150,75,217,291,57,171,232,63,154,220,28,54,80,35,52,84,40,49,87,41,0,46,39,0,41,22,0,24,60,17,78,46,18,67,59,23,76,16,12,28,24,8,33,14,10,24,692,680,1376,613,632,1248,647,658,1304
801011026,151,90,243,164,86,244,159,144,309,244,240,483,215,220,434,238,257,495,79,29,103,63,16,77,76,20,103,38,60,96,43,59,103,76,86,161,79,150,227,51,131,184,53,126,174,24,48,70,36,37,75,40,49,89,20,0,19,21,6,21,26,0,26,26,6,37,38,13,53,44,6,53,8,6,20,19,23,40,12,11,26,676,628,1300,650,581,1232,730,698,1427
801011111,0,0,0,0,0,0,0,0,0,3,0,3,3,0,3,0,0,5,0,0,0,0,0,0,4,0,0,0,0,0,0,0,0,0,0,0,0,0,0,0,0,0,0,0,0,0,0,0,0,0,0,0,0,0,0,0,0,0,0,0,0,0,0,0,0,0,0,0,0,0,0,0,0,0,0,0,0,0,0,0,0,3,3,4,4,0,9,4,5,13
801011142,0,0,0,0,0,0,0,0,0,0,0,0,0,0,0,0,0,0,0,0,0,0,0,0,0,0,0,0,0,0,0,0,0,0,0,0,0,0,0,0,0,0,0,0,0,0,0,0,0,0,0,0,0,0,0,0,0,0,0,0,0,0,0,0,0,0,0,0,0,0,0,0,0,0,0,0,0,0,0,0,0,0,0,0,0,0,0,0,0,0
801011143,0,0,0,0,0,4,29,19,51,0,0,0,0,0,0,55,60,119,0,0,0,0,0,0,38,8,51,0,0,0,0,0,0,13,42,59,0,0,0,0,0,0,16,58,79,0,0,0,0,0,0,18,15,31,0,0,0,0,0,0,15,3,15,0,0,7,0,0,0,17,9,26,0,0,0,0,0,0,8,4,11,4,9,9,8,4,5,216,221,437
801011144,0,0,0,0,0,0,4,0,6,0,0,0,0,0,0,0,0,0,0,0,0,0,0,0,0,0,0,0,0,0,0,0,0,0,0,0,0,0,0,0,0,0,0,0,0,0,0,0,0,0,0,0,0,0,0,0,0,0,0,0,0,0,0,0,0,0,0,0,0,0,5,3,0,0,0,0,0,0,0,0,0,0,0,0,0,0,0,3,11,12
801031031,0,0,0,0,0,0,0,0,0,0,0,0,0,0,0,0,0,3,0,0,0,0,0,0,0,0,3,0,0,0,0,0,0,0,0,0,0,0,0,0,0,0,0,0,0,0,0,0,0,0,0,0,0,0,0,0,0,0,0,0,0,0,0,0,0,0,0,0,0,0,0,0,0,0,0,0,0,0,0,0,0,0,0,0,0,0,3,3,3,10
801031032,4,0,6,0,0,0,0,0,0,0,3,5,0,0,0,6,0,6,9,0,12,0,0,4,0,0,0,0,0,0,0,0,0,0,0,0,0,3,3,0,0,0,0,0,0,0,0,0,0,0,0,0,0,0,0,0,0,0,0,0,0,0,0,4,0,5,0,0,0,0,0,3,0,0,0,0,0,0,0,0,0,15,8,25,11,5,15,7,7,15
801031113,33,18,60,16,23,39,27,18,48,35,23,62,24,21,44,28,26,52,67,7,70,49,8,57,53,9,60,21,22,42,23,23,40,26,22,48,15,43,58,8,28,39,20,31,45,10,19,31,9,15,15,10,21,26,33,3,40,36,4,36,32,0,30,37,29,60,31,22,51,33,21,51,3,0,3,9,4,11,5,0,9,256,166,420,205,132,334,236,145,381
801031114,3,3,6,0,3,8,4,3,7,7,6,9,10,5,13,9,16,19,3,0,5,8,0,5,5,3,5,6,0,9,7,3,11,10,3,13,0,4,4,3,5,14,3,3,11,9,4,11,0,9,6,0,0,5,0,0,0,0,0,0,0,0,0,3,0,3,4,0,4,4,0,4,0,0,0,0,0,0,0,0,0,31,21,48,35,26,63,35,32,63
801031115,12,6,19,19,11,30,65,17,81,6,8,15,8,7,19,7,6,18,18,8,23,10,0,12,16,8,23,3,3,4,0,0,6,13,12,21,0,14,10,3,13,11,4,12,14,6,9,6,0,3,3,0,0,4,5,0,5,4,0,4,10,0,10,6,0,6,6,0,11,3,0,3,0,0,0,0,0,0,4,0,3,52,42,94,50,37,92,122,62,180
801041034,335,220,554,315,196,511,352,273,626,380,418,800,374,400,773,444,477,913,251,48,300,245,44,285,306,69,377,112,167,279,130,214,348,132,231,368,188,479,664,163,411,576,158,404,563,93,116,208,97,136,234,95,143,237,57,4,60,69,6,76,89,13,100,83,39,118,106,42,147,104,55,161,40,24,59,41,38,79,37,25,61,1527,1514,3043,1543,1476,3024,1719,1682,3401
801041035,65,52,123,299,155,457,332,217,551,141,124,269,552,493,1044,558,558,1119,90,21,109,318,57,374,326,90,417,35,51,85,114,290,404,172,321,492,64,134,198,194,398,593,190,405,592,25,26,53,110,156,263,116,167,282,17,0,17,66,0,68,119,7,122,14,13,29,116,52,172,161,82,247,11,11,15,50,40,94,67,46,114,460,436,898,1822,1647,3462,2028,1900,3923
801041036,69,51,123,267,213,481,351,314,661,117,117,240,455,476,933,493,536,1032,118,21,136,325,66,391,327,84,409,42,54,100,172,220,394,157,253,410,52,156,207,168,462,632,195,459,650,26,42,64,95,136,237,107,132,240,22,4,25,61,0,64,106,3,113,22,15,38,100,55,157,116,53,166,3,6,16,55,35,89,47,43,90,482,462,947,1701,1680,3380,1900,1872,3772
801041037,32,19,54,240,180,423,302,265,561,71,72,139,475,446,920,455,423,876,26,5,38,189,24,217,182,55,239,30,20,48,115,144,261,120,186,301,20,53,75,132,294,422,142,279,415,14,9,18,59,83,145,55,80,134,9,0,9,29,4,32,39,5,41,8,0,4,54,31,86,59,27,85,0,5,5,39,31,73,29,23,52,202,187,392,1330,1245,2573,1381,1325,2707
801041038,158,87,242,287,170,461,317,247,561,233,208,440,377,371,752,403,431,835,100,15,116,155,35,188,149,37,185,49,60,112,98,130,223,100,138,235,70,191,262,99,274,380,90,280,371,31,37,65,62,100,169,84,84,162,23,0,25,31,0,29,37,3,37,34,12,43,48,13,56,69,24,89,14,12,28,30,24,53,22,26,49,703,630,1333,1190,1122,2312,1263,1263,2524
801041039,208,133,340,360,208,572,391,294,688,415,344,761,623,531,1159,697,660,1353,189,40,229,287,83,372,344,102,451,62,107,173,128,245,380,200,384,584,149,258,410,195,378,572,243,390,631,48,80,129,97,158,259,150,180,331,40,4,45,68,4,68,116,9,125,63,29,91,109,70,182,168,114,285,34,24,60,46,36,81,65,39,104,1223,1013,2236,1917,1723,3642,2372,2181,4554
801041040,318,189,507,298,202,496,438,294,732,444,428,878,454,421,876,727,648,1377,318,66,387,322,59,378,524,115,641,123,195,315,136,251,388,234,494,722,203,397,595,180,362,543,226,497,726,106,156,257,114,163,268,166,223,385,44,7,51,48,10,55,134,13,157,114,63,174,152,75,226,254,130,384,45,41,88,55,35,86,62,39,102,1707,1544,3252,1745,1571,3317,2773,2455,5226
801041043,18,13,26,19,10,27,17,10,24,22,31,50,11,7,22,22,28,50,14,3,20,13,5,14,8,3,10,7,13,15,10,12,17,6,10,15,13,32,41,6,20,19,3,26,27,6,8,13,3,8,10,3,9,8,6,0,6,4,0,4,5,0,5,3,0,6,3,3,8,8,0,5,3,0,5,0,0,0,0,3,0,92,95,188,62,65,129,70,77,147
801041044,306,175,477,398,258,654,531,348,883,376,375,744,724,647,1373,762,730,1485,175,29,201,319,73,389,368,100,465,90,141,231,198,303,505,222,356,579,139,283,430,209,455,667,192,452,645,47,96,139,115,187,304,147,202,353,40,0,45,70,11,78,84,9,90,60,36,100,131,47,174,151,87,235,25,29,56,58,42,108,79,56,142,1262,1162,2429,2232,2021,4253,2539,2337,4878
801041045,0,0,0,0,0,0,0,0,0,0,5,5,0,0,0,0,0,0,0,0,0,4,0,4,0,0,0,0,0,0,0,0,0,0,3,3,0,0,0,0,0,0,0,0,0,0,0,0,0,0,0,0,0,0,0,0,0,0,0,0,0,0,0,0,0,0,0,0,0,0,0,0,0,0,0,0,0,0,0,0,0,5,3,6,0,0,0,0,3,3
801041046,401,272,672,430,316,750,476,406,883,634,674,1307,649,712,1360,735,834,1568,498,109,610,582,133,714,604,139,746,190,338,533,239,457,694,250,493,745,316,747,1067,335,760,1090,294,688,986,149,196,343,183,280,459,189,223,410,122,13,139,144,8,151,199,12,204,218,84,302,242,99,341,247,117,363,48,44,89,79,75,157,59,45,109,2580,2473,5051,2877,2842,5717,3054,2962,6017
801041047,482,273,754,419,271,689,432,285,718,515,496,1011,502,489,990,548,560,1111,297,57,354,250,54,303,263,74,337,138,220,352,145,204,343,143,210,355,241,587,828,183,508,687,184,458,641,93,163,254,137,178,312,108,143,254,57,4,66,60,3,71,91,4,100,92,40,132,128,48,168,112,47,159,37,35,71,39,35,74,39,31,63,1951,1877,3825,1853,1790,3641,1923,1810,3731
801041048,303,179,485,231,170,402,259,195,453,425,449,873,392,403,790,422,435,853,323,78,404,275,56,332,261,66,328,94,224,320,113,187,303,103,223,328,203,444,644,157,371,531,149,374,519,100,143,241,108,137,244,82,104,193,69,5,70,63,3,66,77,4,84,119,63,189,132,65,199,132,48,182,35,24,57,46,30,72,39,26,61,1670,1615,3284,1506,1436,2944,1529,1473,3000
801041116,0,0,0,0,0,0,0,0,0,0,0,0,0,0,0,0,0,0,0,0,0,0,0,0,0,0,0,0,0,0,0,0,0,0,0,0,0,0,0,0,0,0,0,0,0,0,0,0,0,0,0,0,0,0,0,0,0,0,0,0,0,0,0,0,0,0,0,0,0,0,0,0,0,0,0,0,0,0,0,0,0,3,0,3,0,0,0,0,0,0
801041117,0,0,4,0,0,0,0,0,0,0,0,0,0,0,0,0,0,0,0,0,0,0,0,0,0,0,0,0,0,0,0,0,0,0,0,0,0,0,0,0,0,0,0,0,0,0,0,0,0,0,0,0,0,0,0,0,0,0,0,0,0,0,0,0,0,0,0,0,0,0,0,0,0,0,0,0,0,0,0,0,0,3,0,6,0,0,0,0,0,0
801041118,0,0,0,22,21,38,23,22,48,0,0,0,53,47,99,40,60,99,0,0,0,34,5,39,44,4,44,0,0,0,20,29,46,14,42,56,0,0,0,16,49,65,28,52,75,0,0,0,9,17,26,5,12,15,0,0,0,10,0,10,10,0,10,0,0,0,12,6,15,22,13,30,0,0,0,8,0,9,9,3,10,0,0,0,186,173,353,180,200,381
801041119,0,0,0,0,0,0,0,0,0,0,0,0,0,0,0,0,0,0,0,0,0,0,0,0,0,0,0,0,0,0,0,0,0,0,0,0,0,0,0,0,0,0,0,0,0,0,0,0,0,0,0,0,4,4,0,0,0,0,0,0,0,0,0,0,0,0,0,0,0,0,0,0,0,0,0,0,0,0,0,0,0,0,0,0,0,0,4,3,3,5
801041120,0,0,0,4,0,3,247,161,413,0,0,0,8,3,9,443,408,848,0,0,0,3,0,3,252,66,312,0,0,0,5,7,13,117,227,340,0,0,0,5,5,7,150,292,444,0,0,0,0,3,6,76,97,171,0,0,0,5,0,5,88,9,96,0,0,0,0,0,0,98,32,132,0,0,0,0,0,0,31,35,67,0,0,0,23,18,50,1502,1323,2826
801041121,0,0,0,0,0,0,96,61,157,0,0,0,0,0,0,164,135,297,0,0,0,0,0,0,100,28,123,0,0,0,0,0,0,52,126,171,0,0,0,0,0,0,55,106,163,0,0,0,0,0,0,40,49,89,0,0,0,0,0,0,52,4,54,0,0,0,0,0,0,36,21,58,0,0,0,0,0,0,19,18,33,0,0,0,0,0,0,614,539,1156
801041122,0,0,0,0,0,0,119,77,203,0,0,0,0,0,0,250,195,445,0,0,0,0,0,0,119,34,147,0,0,0,0,0,0,62,79,141,0,0,0,0,0,0,52,135,181,0,0,0,0,0,0,34,49,81,0,0,0,0,0,0,21,0,24,0,0,0,0,0,0,39,16,51,0,0,0,0,0,0,15,16,34,0,0,0,0,0,0,711,611,1321
801051049,11,5,12,6,5,13,5,14,23,92,80,170,80,81,166,165,162,326,9,4,11,8,9,11,16,7,25,83,101,182,91,148,240,160,343,502,25,48,74,26,58,89,56,92,151,50,99,147,40,85,121,71,163,232,3,0,3,5,0,5,14,3,15,30,15,45,32,22,49,36,28,65,0,0,0,0,5,3,6,7,14,303,359,657,292,402,701,546,821,1361
801051050,249,254,500,270,251,520,299,310,610,506,572,1074,437,522,959,495,567,1063,123,26,147,106,39,141,119,28,148,72,116,186,90,132,219,89,148,240,135,248,382,110,228,338,89,206,300,58,79,145,51,68,117,62,88,146,21,0,23,15,0,17,30,3,30,76,27,97,55,29,78,58,29,91,24,27,51,34,26,59,27,28,54,1250,1356,2605,1163,1294,2452,1267,1413,2674
801051051,236,167,402,303,234,542,502,469,971,627,490,1120,774,700,1483,1084,1053,2136,117,47,172,135,63,193,154,65,221,102,118,218,143,185,324,167,215,383,169,285,455,187,258,444,228,391,625,69,80,150,83,102,186,78,92,165,21,7,29,15,3,14,33,3,33,68,40,112,98,49,146,58,33,90,31,18,50,44,36,81,46,38,88,1443,1255,2700,1783,1634,3420,2355,2365,4717
801051053,137,77,210,178,123,303,318,201,513,316,204,519,451,360,808,639,568,1207,46,13,55,58,24,83,95,38,124,73,108,184,100,132,236,127,219,348,67,149,217,99,154,251,140,216,347,48,79,128,52,121,173,80,142,216,15,0,15,8,0,8,10,4,17,35,18,52,40,27,67,53,29,85,17,3,19,27,8,36,37,30,66,742,649,1394,1016,946,1966,1490,1439,2925
801051054,95,73,168,84,84,166,194,206,405,218,223,443,223,245,468,415,454,869,80,25,110,59,14,79,101,41,141,40,70,109,48,70,118,80,136,212,64,128,198,60,114,174,106,175,280,36,32,61,29,34,69,38,53,90,11,5,15,13,0,15,19,0,27,30,12,44,44,22,64,59,32,85,13,12,25,11,4,15,23,17,40,591,573,1167,569,591,1163,1036,1101,2142
801051055,150,136,283,139,135,276,243,234,475,296,324,616,278,307,580,370,413,782,128,36,171,133,43,174,168,46,218,64,108,171,75,138,212,86,168,259,129,178,304,94,153,243,97,188,289,52,59,111,34,51,83,49,68,115,44,0,49,37,4,35,35,6,42,77,41,117,106,64,163,100,66,173,14,22,39,32,23,60,24,16,44,946,918,1866,926,906,1837,1185,1201,2387
801051056,122,134,258,137,137,273,194,220,422,277,353,628,271,314,581,286,349,631,102,15,113,93,22,117,82,15,100,40,66,102,48,72,118,50,85,131,74,148,232,66,124,186,62,114,173,34,36,64,30,42,75,29,51,81,26,5,32,22,0,20,19,0,22,42,20,62,37,16,56,32,12,51,12,6,17,11,11,28,14,9,23,727,781,1503,706,743,1450,761,863,1627
801051057,180,180,356,229,175,401,303,303,606,468,525,991,520,535,1056,615,653,1268,144,35,182,149,48,192,168,67,235,69,137,207,107,145,252,131,218,347,139,236,381,131,243,371,141,264,409,57,81,133,50,80,132,65,115,180,24,3,25,34,5,39,50,9,56,61,25,91,98,54,154,101,66,172,10,19,33,46,21,65,40,36,75,1158,1235,2399,1363,1298,2661,1615,1735,3348
801051058,250,206,454,256,225,487,352,337,686,621,619,1245,593,604,1199,649,709,1360,130,40,168,128,38,171,159,40,199,98,142,242,126,183,315,149,210,358,148,287,438,132,231,361,147,244,386,48,95,142,73,94,165,68,87,158,30,4,28,22,0,26,39,3,40,64,35,100,83,46,134,92,37,130,26,23,51,27,34,62,46,30,75,1413,1456,2871,1450,1454,2908,1690,1694,3382
801051060,230,168,397,190,186,371,283,299,576,524,498,1017,527,507,1039,674,698,1372,96,25,120,65,28,98,88,34,122,81,82,163,80,108,186,90,128,218,130,217,349,129,192,318,144,296,440,37,51,87,58,62,113,58,76,135,13,0,17,15,0,20,15,6,19,46,18,71,85,40,128,50,28,73,31,25,55,34,19,45,37,35,72,1187,1091,2276,1188,1134,2322,1446,1593,3040
801051061,252,231,489,275,280,561,374,428,804,554,567,1122,581,600,1182,684,807,1492,206,52,259,195,61,258,215,69,283,77,134,211,126,157,287,151,237,387,173,343,512,157,291,451,144,296,439,69,73,143,81,98,178,86,113,200,34,4,37,37,5,44,50,3,53,75,29,108,97,71,173,141,82,216,34,22,54,45,51,91,35,40,72,1470,1457,2925,1600,1618,3213,1872,2064,3940
801051123,0,0,0,0,0,0,0,0,0,0,0,0,0,0,0,0,0,0,0,0,0,0,0,0,0,0,0,0,0,0,0,0,0,0,0,0,0,0,0,0,0,0,0,0,0,0,0,0,0,0,0,0,0,0,0,0,0,0,0,0,0,0,0,0,0,0,0,0,0,0,0,0,0,0,0,0,0,0,0,0,0,0,0,0,0,0,0,0,0,0
801051124,221,150,368,196,175,376,364,320,681,369,310,681,341,271,620,543,492,1039,61,11,75,53,11,67,85,35,118,80,61,140,56,77,138,123,133,257,94,186,281,78,136,218,122,203,324,39,43,80,25,63,88,50,76,131,14,0,14,8,0,8,20,7,24,34,7,40,18,15,34,50,20,65,23,18,34,24,27,47,38,28,68,927,790,1712,801,780,1590,1393,1308,2705
801051125,819,209,1031,727,197,920,776,272,1041,83,39,118,122,61,184,89,69,161,4,0,6,5,12,18,6,8,14,81,28,110,146,48,188,92,45,137,27,28,56,27,35,63,4,29,31,3,8,14,0,5,11,0,14,11,3,0,4,0,0,0,0,0,0,8,0,8,5,5,8,0,0,0,24,4,30,19,13,35,19,5,29,1049,323,1372,1047,376,1421,988,435,1425
801051126,0,0,0,0,0,0,0,0,0,0,0,0,0,0,0,0,0,0,0,0,0,0,0,0,0,0,0,0,0,0,0,0,0,0,0,0,0,0,0,0,0,0,0,0,0,0,0,0,0,0,0,0,0,0,0,0,0,0,0,0,0,0,0,0,0,0,0,0,0,0,0,0,0,0,0,0,0,0,0,0,0,0,0,0,0,0,0,0,0,0
801051127,65,57,117,65,60,123,101,82,178,159,142,298,176,137,319,193,157,351,36,21,55,40,4,42,50,16,68,25,36,56,27,40,65,26,46,73,43,74,122,54,68,114,49,67,120,14,31,46,14,28,47,14,19,31,10,0,10,6,0,10,12,0,11,26,6,40,43,12,54,17,10,25,9,6,15,11,16,30,13,13,19,392,362,757,434,368,799,479,406,880
801051128,0,0,0,0,0,0,0,0,0,0,0,0,0,0,0,0,0,0,0,0,0,0,0,0,0,0,0,0,0,0,0,0,0,0,0,0,0,0,0,0,0,0,0,0,0,0,0,0,0,0,0,0,0,0,0,0,0,0,0,0,0,0,0,0,0,0,0,0,0,0,0,0,0,0,0,0,0,0,0,0,0,0,0,0,0,0,0,0,0,0
801061062,161,110,269,185,130,314,185,162,342,291,276,563,284,273,559,342,329,675,59,21,80,34,6,45,47,12,58,32,50,84,40,63,105,51,87,141,53,151,211,49,129,172,59,128,186,35,36,76,25,39,67,27,39,68,10,3,17,11,0,10,7,0,9,16,5,19,16,12,26,21,14,35,17,14,33,20,16,34,13,11,25,681,662,1348,658,677,1329,762,778,1542
801061063,117,81,199,136,93,231,163,127,285,206,162,372,191,168,363,234,225,456,21,7,32,18,6,22,22,11,30,16,22,37,22,39,58,24,24,45,33,99,131,36,103,134,34,101,133,24,23,50,27,26,54,37,25,63,0,0,0,3,0,3,9,0,9,16,0,14,7,0,9,15,0,17,16,0,19,12,10,23,18,12,26,454,404,858,445,448,889,558,519,1074
801061064,281,197,481,295,231,524,389,353,740,475,426,906,509,514,1021,668,669,1338,101,31,129,103,24,125,122,41,163,88,103,183,67,102,167,105,151,255,124,226,354,118,238,355,136,234,373,43,59,107,68,65,126,96,77,170,20,0,20,28,4,28,30,7,27,52,13,63,53,21,68,58,29,81,22,20,48,33,28,59,28,31,60,1209,1079,2292,1274,1208,2474,1634,1578,3212
801061066,0,0,0,0,0,0,0,0,0,0,0,0,0,0,0,0,0,0,0,0,0,0,0,0,0,0,0,0,0,0,0,0,0,0,0,0,0,0,0,0,0,0,0,0,0,0,0,0,0,0,0,0,0,0,0,0,0,0,0,0,0,0,0,0,0,0,0,0,0,0,0,0,0,0,0,0,0,0,0,0,0,0,0,0,0,0,0,0,0,0
801061067,292,226,516,288,268,555,369,354,722,511,582,1089,457,578,1039,557,618,1171,216,47,260,163,40,199,195,35,235,99,129,227,99,137,237,101,170,267,142,327,469,148,263,409,135,245,373,67,93,160,67,96,160,72,106,170,54,3,57,37,4,40,52,0,56,66,43,108,70,42,110,94,49,142,40,35,71,22,39,57,36,40,73,1476,1480,2955,1359,1452,2818,1605,1607,3214
801061068,0,0,0,0,0,0,0,0,0,0,0,0,0,0,0,0,0,0,0,0,0,0,0,0,0,0,0,0,0,0,0,0,0,0,0,0,0,0,0,0,0,0,0,0,0,0,0,0,0,0,0,0,0,0,0,0,0,0,0,0,0,0,0,0,0,0,0,0,0,0,0,0,0,0,0,0,0,0,0,0,0,0,0,0,0,0,0,0,0,0
801061069,216,119,328,214,124,339,223,159,381,305,282,588,256,288,544,334,309,645,55,22,80,54,12,64,60,18,75,53,65,120,50,54,101,51,84,141,66,158,230,67,132,196,57,109,169,44,59,101,46,46,91,51,53,111,10,0,10,16,0,16,18,0,18,43,23,67,29,11,41,30,26,51,19,8,22,24,24,51,14,28,41,819,736,1558,746,698,1446,841,786,1629
801061070,191,125,311,172,123,294,215,146,365,320,300,620,312,254,569,302,297,595,67,23,91,40,10,52,47,9,53,43,51,99,29,54,87,55,62,119,65,150,215,56,138,194,44,133,175,37,44,78,40,36,80,45,37,85,14,0,16,11,6,16,13,0,12,20,15,32,21,10,37,25,14,42,23,23,47,20,15,34,27,23,41,776,727,1507,706,652,1358,760,726,1483
801061129,98,69,169,125,95,216,152,154,306,183,167,348,228,216,445,295,280,576,24,6,27,26,4,26,30,0,35,33,38,63,43,22,60,47,40,87,35,76,107,38,88,129,46,105,149,16,14,20,13,16,28,25,9,36,3,0,3,7,0,7,4,0,4,6,0,7,8,0,11,8,4,14,11,8,19,20,20,32,20,19,36,397,374,766,495,467,960,625,614,1239
801061130,4,0,0,0,0,0,6,6,8,0,0,3,0,0,0,0,0,5,10,0,10,0,0,0,0,0,0,0,0,0,0,0,0,0,0,0,0,4,4,0,0,0,0,0,0,0,0,0,0,0,6,3,0,3,0,0,0,0,0,0,0,0,0,0,0,0,5,0,5,3,0,3,0,0,0,3,0,3,0,0,0,13,9,21,14,3,19,18,5,22
801061131,252,175,426,383,279,662,598,516,1112,435,503,940,698,719,1420,941,1046,1993,84,17,105,85,29,111,116,47,164,66,57,124,104,100,206,151,172,318,98,212,314,157,244,404,171,332,501,19,39,56,51,61,114,51,87,133,11,0,11,20,0,20,28,3,36,27,11,42,28,13,44,48,17,64,22,19,43,24,45,68,55,52,107,1022,1041,2061,1558,1491,3044,2154,2262,4425
801071071,207,164,370,218,163,381,216,197,407,259,270,535,234,288,518,260,290,555,342,62,404,329,49,382,366,75,451,97,183,282,94,185,279,108,214,320,158,467,630,145,426,571,161,435,595,74,140,217,76,170,243,78,152,231,112,8,121,116,10,127,162,11,167,133,62,194,99,56,155,130,58,187,43,27,67,43,44,94,37,32,72,1424,1384,2808,1350,1400,2749,1520,1463,2986
801071072,189,152,338,179,129,303,165,148,312,279,255,534,252,254,510,244,299,539,222,36,257,209,36,249,206,43,247,85,124,214,71,137,207,73,126,202,135,372,508,122,329,458,133,285,418,81,122,201,67,83,153,58,88,145,51,3,64,52,12,58,51,3,56,88,43,128,86,36,124,75,34,110,24,26,50,44,30,81,27,30,56,1163,1136,2300,1092,1048,2137,1025,1052,2076
801071073,296,209,509,267,162,432,248,244,488,359,395,748,294,389,688,316,409,726,397,58,456,370,58,426,369,67,442,149,232,377,136,242,380,135,206,346,203,582,781,163,480,640,155,445,603,108,188,295,93,143,238,89,130,221,101,10,109,119,11,139,96,8,108,139,50,188,108,56,162,127,52,175,31,38,69,52,38,88,37,34,74,1776,1751,3529,1616,1575,3192,1574,1594,3172
801071074,213,172,394,191,179,365,189,203,393,271,300,571,229,288,519,254,314,566,385,65,450,357,51,405,357,50,409,122,202,326,123,207,334,102,198,299,171,510,684,137,407,545,121,372,488,106,184,286,94,128,219,93,100,191,126,9,135,124,7,123,124,14,139,136,53,191,128,62,191,121,71,191,18,18,47,41,39,81,40,41,81,1566,1524,3088,1432,1356,2786,1396,1360,2753
801071075,263,201,459,221,167,380,235,207,443,292,291,583,247,304,555,269,350,621,341,60,404,309,60,365,333,44,378,114,192,307,115,208,318,113,207,322,212,502,715,156,425,582,169,422,588,99,160,255,99,136,232,87,127,214,97,7,102,87,4,91,93,8,106,118,46,167,114,44,159,117,42,157,28,27,51,56,38,96,35,23,56,1562,1486,3044,1400,1376,2776,1452,1430,2887
801071076,236,127,370,203,130,333,229,143,366,265,268,539,246,259,500,252,263,518,127,24,156,107,19,129,118,14,132,63,100,165,66,99,162,52,86,138,119,256,378,91,210,308,68,183,258,54,82,134,39,57,98,42,50,97,20,5,22,21,0,21,27,0,29,36,22,59,43,10,51,33,14,48,25,9,32,17,9,27,11,0,14,958,902,1856,831,802,1634,830,771,1602
801071077,117,81,200,102,83,194,110,105,217,126,171,295,131,168,301,138,188,320,225,39,261,185,38,224,214,28,234,65,86,149,44,76,122,37,97,136,98,275,380,79,235,312,77,188,267,64,88,149,44,64,113,30,55,89,69,8,73,67,0,70,53,5,58,87,38,123,81,31,109,77,31,105,15,7,24,9,8,22,15,12,29,857,795,1650,751,711,1462,747,707,1455
801071078,371,259,626,319,258,579,343,333,681,450,461,906,384,447,836,415,533,949,488,58,550,439,74,512,483,94,578,144,304,448,158,319,480,150,308,464,315,765,1082,241,695,938,228,646,874,151,245,399,122,237,366,123,169,291,117,14,127,141,14,161,165,16,181,151,86,235,172,68,239,163,63,227,46,58,101,73,47,119,53,44,96,2226,2253,4476,2050,2178,4231,2132,2206,4340
801071079,162,117,277,136,115,246,149,143,297,191,222,411,177,209,382,198,245,441,186,23,208,149,35,187,144,24,171,71,101,176,60,106,167,65,125,184,93,278,364,78,232,309,66,179,242,45,74,124,54,51,108,45,41,86,49,3,57,33,4,34,29,7,37,56,31,77,51,25,73,74,25,99,15,21,35,22,16,33,20,21,35,871,867,1739,763,790,1551,794,805,1603
801071080,74,68,136,78,56,133,199,175,380,162,118,278,225,138,370,371,349,722,73,10,83,80,21,95,203,49,255,33,43,67,31,66,99,100,190,292,58,147,200,60,130,189,127,314,444,20,41,63,28,33,61,64,79,138,15,0,14,28,0,28,66,3,72,25,14,35,30,18,41,74,24,93,9,12,19,7,12,15,19,26,45,458,446,905,562,472,1032,1235,1207,2441
801071081,146,138,284,132,127,257,153,152,299,220,258,485,180,251,431,203,285,496,302,50,355,259,43,303,284,51,337,102,179,282,107,165,271,107,194,303,149,373,526,137,347,487,99,306,404,95,109,205,80,97,173,68,78,145,117,8,125,114,4,119,97,7,101,93,50,142,113,39,148,117,39,157,34,16,45,31,31,66,19,24,42,1257,1187,2449,1154,1110,2263,1134,1139,2276
801071082,683,529,1208,608,418,1029,634,585,1221,1020,1134,2154,906,1009,1914,959,1116,2073,861,148,1010,674,127,802,747,148,891,304,506,810,283,521,809,348,568,923,511,1274,1781,390,939,1334,371,855,1224,267,317,595,180,310,492,206,284,497,257,17,276,193,23,216,220,12,236,322,131,455,293,112,400,316,124,441,114,85,195,113,95,205,96,82,175,4344,4134,8479,3636,3561,7198,3908,3775,7685
801071083,101,52,156,80,65,145,86,66,145,105,119,225,90,119,209,89,129,221,98,16,113,74,17,85,62,14,79,49,42,89,36,51,89,34,40,76,60,143,205,57,102,156,42,86,129,26,43,65,18,23,45,14,17,33,27,5,32,27,3,25,17,5,19,21,10,32,33,8,39,19,12,31,10,11,15,7,11,24,6,7,18,497,437,939,421,396,817,369,375,745
801071084,261,180,438,233,162,392,245,209,450,333,394,721,329,367,691,329,388,722,333,54,387,257,49,303,260,40,304,106,179,285,99,179,278,98,171,267,200,499,698,147,400,540,143,352,491,126,113,237,77,110,187,82,85,169,97,9,103,80,9,86,88,0,91,96,58,157,102,42,143,96,40,134,44,30,76,33,31,71,40,18,59,1588,1508,3097,1359,1335,2694,1375,1308,2683
801071085,0,0,0,0,0,0,0,0,0,0,0,0,0,0,0,0,0,0,0,0,0,0,0,0,0,0,0,0,0,0,0,0,0,0,0,0,0,0,0,0,0,0,0,0,0,0,0,0,0,0,0,0,0,0,0,0,0,0,0,0,0,0,0,0,0,0,0,0,0,0,0,0,0,0,0,0,0,0,0,0,0,0,0,0,0,0,0,0,0,0
801071086,91,67,156,68,60,134,66,61,130,109,120,225,97,109,206,103,117,224,109,19,128,91,10,99,94,13,108,43,61,102,34,70,103,34,40,78,54,149,209,38,131,172,33,118,152,36,63,99,22,44,69,30,26,56,37,4,37,29,0,29,34,0,34,38,19,58,31,14,48,21,11,37,5,7,17,7,13,17,9,9,16,519,511,1032,423,457,883,427,409,830
801071087,94,70,163,83,84,163,95,76,178,126,157,282,128,140,266,132,164,294,230,31,264,215,37,247,213,40,258,37,135,167,39,126,170,53,133,192,98,284,383,79,260,342,76,204,282,52,97,155,40,85,123,50,64,111,93,8,99,85,6,89,107,13,124,102,41,148,109,39,148,92,31,120,31,19,50,23,15,42,18,19,39,865,841,1711,802,786,1582,841,749,1591
801071088,186,143,334,163,130,297,173,159,338,186,262,447,178,224,402,199,268,466,276,50,328,247,37,289,255,41,296,100,145,248,87,158,252,80,172,248,154,370,517,118,319,433,114,291,408,84,123,209,63,114,176,59,90,149,103,13,117,92,7,98,81,7,87,100,41,141,103,40,139,103,39,141,20,14,30,33,22,54,31,26,60,1212,1162,2373,1089,1059,2143,1094,1100,2191
801071089,0,0,6,0,0,0,3,0,5,0,5,8,0,3,3,0,3,9,4,0,3,0,0,0,0,0,0,3,0,3,3,4,3,0,0,0,0,5,6,0,0,0,0,9,7,0,0,0,0,0,0,0,0,0,0,0,0,0,0,0,0,0,0,0,0,3,0,0,0,0,0,0,0,0,0,0,0,0,0,0,0,16,4,22,10,3,14,10,11,28
801071090,352,233,581,296,202,500,359,273,627,527,591,1114,472,531,1003,523,614,1142,428,73,500,336,46,381,364,64,426,168,268,437,158,248,411,160,259,416,239,618,858,210,536,750,210,443,648,137,213,350,122,166,286,113,133,242,135,11,148,123,5,127,116,15,127,159,62,219,140,66,210,159,58,216,66,36,104,51,41,86,51,38,87,2211,2108,4314,1911,1844,3759,2046,1892,3937
801071132,0,0,0,0,0,0,3,0,3,0,0,0,0,0,0,0,0,0,0,0,0,0,0,0,0,0,0,0,0,0,0,0,0,0,0,0,0,0,0,0,0,0,0,0,0,0,0,0,0,0,0,0,0,0,0,0,0,0,0,0,0,0,0,0,0,0,0,0,0,0,0,0,0,0,0,0,0,0,0,0,0,0,0,0,3,0,4,3,0,6
801081091,167,124,293,137,105,244,165,150,315,280,246,526,247,240,495,269,240,509,81,13,92,74,12,85,84,9,98,50,78,124,51,58,110,48,75,119,74,171,243,73,149,221,31,148,181,49,59,104,33,50,79,42,45,82,13,0,13,9,0,9,16,0,20,33,15,46,24,9,39,24,13,40,13,17,32,13,8,22,13,24,33,757,725,1482,662,646,1303,691,701,1393
801081092,200,129,325,189,111,297,219,154,376,258,263,521,198,264,463,250,307,559,123,24,154,105,31,139,138,29,162,69,80,148,62,100,159,57,104,159,79,236,313,69,198,264,66,197,261,51,42,96,36,50,84,44,48,98,32,0,32,18,0,24,30,0,32,39,18,54,42,22,67,51,26,73,15,13,31,15,17,34,15,16,26,862,807,1669,731,793,1530,863,883,1745
801081093,121,96,218,121,111,232,157,148,305,235,230,463,209,252,463,251,269,520,137,25,164,123,21,146,136,23,157,46,83,132,63,92,151,75,100,176,93,218,318,66,159,226,57,169,227,39,58,97,39,49,89,42,33,78,27,3,33,31,0,33,38,7,43,48,18,69,38,19,56,29,11,47,22,13,37,12,17,30,13,14,32,771,749,1522,699,723,1423,802,775,1573
801081094,128,96,226,118,121,233,140,151,291,227,258,486,205,225,434,223,259,483,113,22,138,105,22,125,109,25,144,52,65,119,41,57,96,46,67,108,108,193,305,64,168,235,61,147,210,35,47,84,31,41,71,26,46,68,23,3,25,20,4,23,24,6,28,44,20,62,38,12,50,41,18,67,12,6,20,18,11,29,28,23,52,748,709,1458,635,660,1295,707,739,1446
801081095,134,104,241,114,100,214,147,131,272,204,238,444,210,240,445,233,290,520,131,33,165,129,20,153,145,37,179,67,100,163,38,99,136,73,113,184,95,221,316,70,173,243,65,171,233,43,80,122,31,64,97,31,37,68,38,0,41,26,3,30,36,0,35,59,20,81,70,27,96,58,24,81,16,13,30,14,19,37,19,15,35,790,817,1606,706,747,1445,801,814,1618
801081096,96,50,143,72,59,138,101,84,181,146,148,294,115,134,249,136,150,285,94,17,107,73,18,95,75,12,85,37,53,89,40,48,93,45,75,116,63,167,231,52,119,174,32,97,129,24,34,62,18,34,55,29,33,64,30,0,35,21,0,19,15,4,21,45,20,63,28,16,46,34,14,42,14,7,26,13,5,18,10,4,16,555,497,1048,440,441,881,474,471,946
801081097,94,88,182,115,104,220,145,147,295,189,224,414,205,217,419,213,213,426,118,21,145,95,19,113,114,21,137,63,67,129,50,76,124,57,90,145,94,182,279,56,131,192,47,119,174,35,37,72,32,34,69,35,41,74,32,7,34,25,5,29,22,6,29,37,18,50,43,22,60,46,14,62,8,11,24,12,20,35,9,12,20,669,658,1330,635,620,1258,693,672,1365
801081098,148,129,279,170,126,296,208,187,399,267,269,536,263,302,568,311,378,687,115,28,144,109,27,142,137,30,167,58,78,135,39,78,119,61,95,160,87,202,291,84,177,261,80,180,261,41,49,89,34,43,74,49,50,99,26,0,33,35,9,37,32,6,32,41,12,52,38,21,60,40,18,60,17,12,24,19,14,37,15,15,34,802,785,1589,797,801,1604,942,967,1903
801081133,0,0,0,0,0,0,0,0,0,0,0,0,0,0,0,0,0,0,0,0,0,0,0,0,0,0,0,0,0,0,0,0,0,0,0,0,0,3,3,0,0,0,0,0,0,0,0,0,0,0,0,0,0,0,3,0,3,0,0,0,0,0,0,0,0,0,0,0,0,0,0,0,0,0,0,0,0,0,0,0,0,8,4,12,0,0,4,0,0,0
801091099,105,82,190,102,103,204,142,128,268,224,218,437,195,200,397,211,274,489,116,19,135,90,19,113,112,26,138,47,56,103,57,84,134,58,106,161,84,168,247,64,135,202,55,124,181,54,44,95,34,40,70,46,57,98,24,0,24,29,0,33,26,0,32,44,17,61,41,23,65,81,40,121,15,12,26,10,15,31,21,12,28,710,612,1313,627,621,1248,753,757,1504
801091100,297,221,520,268,208,473,327,287,612,486,535,1014,441,541,982,510,584,1095,151,39,183,125,40,170,142,51,195,72,141,208,80,135,212,106,141,246,154,289,441,117,240,361,112,215,331,52,87,143,74,82,155,63,65,132,33,0,35,42,6,43,42,3,41,71,29,104,56,29,89,80,45,125,21,13,32,31,20,51,33,25,62,1329,1358,2681,1233,1301,2539,1421,1422,2839
801091101,204,132,336,180,115,297,229,178,402,283,306,586,248,299,547,254,324,577,104,28,134,94,21,116,132,32,161,51,85,134,91,92,175,76,104,177,87,219,304,75,175,254,81,157,238,55,59,110,60,55,110,32,48,85,23,6,23,24,0,24,31,0,28,38,23,56,43,15,60,59,21,80,18,20,36,12,13,23,21,26,43,859,871,1736,825,794,1615,909,894,1801
801091102,181,119,297,152,99,254,174,153,329,329,356,687,318,384,703,357,376,738,90,17,109,54,6,69,86,14,103,48,82,125,62,76,133,58,105,169,68,195,265,64,126,190,60,148,211,34,51,85,35,43,82,40,42,86,6,0,11,17,5,20,24,0,26,40,10,44,30,14,37,41,22,66,13,13,22,24,16,37,19,17,36,809,834,1640,758,763,1521,873,888,1757
801091103,163,114,282,143,118,267,194,158,353,244,281,532,264,265,534,265,308,576,51,22,69,47,15,61,64,23,88,41,62,101,49,69,117,55,100,159,81,146,228,57,122,177,57,112,175,30,42,77,26,38,66,27,46,72,9,0,11,8,0,9,21,4,22,38,21,56,34,11,50,49,25,73,19,10,33,18,13,23,14,11,31,679,712,1390,647,662,1311,759,788,1542
801091104,139,86,219,114,74,189,134,98,227,211,205,409,183,202,388,201,224,426,52,20,73,54,17,73,54,22,70,33,51,82,31,60,95,36,61,100,74,166,240,73,129,201,47,118,167,47,40,83,26,32,59,22,28,51,19,0,19,20,0,20,21,0,19,23,13,33,31,9,39,25,10,41,10,11,17,25,16,40,12,0,16,602,583,1186,553,546,1098,550,566,1122
801091105,104,68,169,134,89,227,134,150,285,215,205,415,204,211,422,258,267,526,122,30,153,117,27,150,125,25,150,62,85,151,64,99,166,81,163,240,91,173,262,80,129,210,69,121,190,26,47,75,29,45,82,45,51,99,39,0,36,28,3,29,36,4,38,68,38,104,73,43,117,120,60,177,17,4,20,19,14,31,17,17,37,735,651,1392,752,666,1421,880,856,1742
801091106,158,97,259,148,107,250,149,158,313,251,238,495,257,254,504,269,269,538,121,25,151,133,27,160,145,28,174,76,81,154,72,108,175,71,143,208,104,186,289,80,178,251,78,171,253,64,69,131,53,64,114,55,66,121,25,0,19,33,3,34,31,0,31,45,26,71,57,31,89,86,46,137,19,22,42,26,17,47,13,15,30,866,750,1613,846,782,1628,900,899,1805
801091107,72,37,102,68,34,104,55,43,101,79,57,141,100,74,174,110,81,190,18,6,23,20,3,22,17,7,24,7,19,22,10,18,29,6,22,33,13,53,67,18,64,78,21,46,67,15,11,33,18,14,34,14,13,33,4,0,8,0,0,0,8,0,6,4,0,13,13,4,14,14,5,21,10,10,14,9,6,13,4,3,10,230,201,431,252,215,470,258,223,480
801091108,147,93,239,149,93,238,179,140,325,207,217,421,194,232,427,219,219,438,98,19,118,68,15,87,87,17,105,49,71,121,50,63,113,43,93,135,82,163,244,63,141,197,52,130,182,40,40,80,42,40,76,44,44,88,15,3,14,22,0,24,25,3,27,27,24,54,33,18,44,38,18,57,14,9,22,7,12,19,3,15,23,676,642,1319,615,611,1229,699,683,1384
801091109,89,81,168,96,95,190,233,241,473,253,337,590,337,445,781,612,756,1369,68,22,93,84,31,117,229,64,293,67,70,131,74,90,166,128,253,374,85,150,239,111,137,245,192,322,509,38,28,67,44,41,84,100,103,206,27,6,33,28,0,28,61,10,70,38,7,45,81,44,121,141,50,191,20,9,26,19,22,36,38,27,61,674,710,1387,883,900,1781,1726,1819,3548
801091110,120,92,218,118,85,203,127,108,234,180,189,367,176,169,350,198,218,412,97,26,125,87,25,107,91,29,118,35,47,82,51,72,123,44,62,104,68,134,196,45,118,161,55,138,196,42,48,86,33,51,80,36,33,66,19,0,19,23,0,23,25,0,25,31,6,39,36,9,43,35,9,46,8,8,20,14,21,36,14,12,20,592,560,1150,579,544,1124,628,603,1227
801101134,0,0,0,0,0,5,0,0,0,0,0,0,0,0,0,0,0,0,0,0,0,0,0,0,0,0,0,0,0,0,0,0,0,0,0,0,0,0,0,0,0,0,0,0,0,0,0,0,0,0,0,0,0,0,0,0,0,0,0,0,0,0,0,0,0,0,0,0,0,0,0,0,0,0,0,0,0,0,0,0,0,0,0,0,0,0,5,4,5,11
801101135,0,0,0,91,49,140,267,199,466,0,0,0,186,217,403,511,553,1061,0,0,0,74,13,84,216,32,249,0,0,0,34,54,92,131,200,328,0,0,0,42,128,171,117,279,391,0,0,0,30,19,47,79,82,162,0,0,0,11,0,13,57,5,57,0,0,0,16,11,31,84,49,132,0,0,0,7,9,18,28,34,59,0,0,0,501,501,1002,1478,1433,2913
801101136,0,0,0,0,0,0,183,143,320,0,0,0,0,0,0,360,359,718,0,0,0,0,0,0,99,15,114,0,0,0,0,0,0,35,80,106,0,0,0,0,0,0,65,136,204,0,0,0,0,0,0,40,50,84,0,0,0,0,0,0,27,3,30,0,0,0,0,0,0,25,5,34,0,0,0,0,0,0,21,17,33,0,0,0,0,0,0,842,806,1646
801101137,0,0,0,0,0,0,0,0,0,0,0,0,0,0,0,0,0,0,0,0,0,0,0,0,0,0,0,0,0,0,0,0,0,0,0,0,0,0,0,0,0,0,0,0,0,0,0,0,0,0,0,0,0,0,0,0,0,0,0,0,0,0,0,0,0,0,0,0,0,0,0,0,0,0,0,0,0,0,0,0,0,0,0,0,0,0,0,0,0,0
801101139,0,0,0,155,121,277,207,188,396,0,0,0,327,373,699,430,515,944,0,0,5,131,19,146,139,39,182,0,0,0,70,71,143,114,132,246,0,0,0,99,239,333,118,246,366,0,0,0,41,62,106,56,55,115,0,0,0,16,3,16,45,5,49,0,0,0,34,15,53,54,21,79,0,0,0,18,21,39,25,26,49,0,4,7,896,926,1813,1194,1227,2424
801101145,0,0,0,0,0,0,0,0,0,0,0,0,0,0,0,0,0,0,0,0,0,0,0,0,0,0,0,0,0,0,0,0,0,0,0,0,0,0,0,0,0,0,0,0,0,0,0,0,0,0,0,0,0,0,0,0,0,0,0,0,0,0,0,0,0,0,0,0,0,0,0,0,0,0,0,0,0,0,0,0,0,0,0,0,0,0,0,0,0,0
801101146,0,0,0,0,0,0,0,0,0,0,0,0,0,0,0,0,0,0,0,0,0,0,0,0,0,0,0,0,0,0,0,0,0,0,0,0,0,0,0,0,0,0,0,0,0,0,0,0,0,0,0,0,0,0,0,0,0,0,0,0,0,0,0,0,0,0,0,0,0,0,0,0,0,0,0,0,0,0,0,0,0,0,0,0,0,0,3,0,0,0
801111140,39,21,60,43,30,67,39,41,81,25,35,58,26,39,61,34,45,76,34,3,32,45,8,50,44,10,52,22,24,51,15,25,44,12,20,32,10,28,33,11,32,42,10,28,37,3,3,6,6,6,15,3,7,8,9,0,7,5,0,7,7,0,7,19,3,25,18,4,19,18,9,27,3,0,0,3,6,9,5,4,7,158,122,284,167,149,317,177,155,333
801111141,0,4,3,0,0,3,0,0,0,0,0,0,0,0,4,0,6,4,3,0,3,4,0,4,4,0,8,0,0,0,0,0,0,0,0,0,3,0,9,0,3,3,0,3,3,0,0,0,0,0,0,0,0,0,0,0,0,0,0,0,0,0,0,4,0,4,0,0,0,0,0,0,0,0,0,0,0,0,0,0,0,12,10,24,12,13,22,17,7,23
897979799,0,0,0,0,0,0,0,0,0,0,0,0,0,0,0,0,0,0,0,0,0,0,0,0,0,0,0,0,0,0,0,0,0,0,0,0,0,0,0,0,0,0,0,0,0,0,0,0,0,0,0,0,0,0,0,0,0,0,0,0,0,0,0,0,0,0,0,0,0,0,0,0,0,0,0,0,0,0,0,0,0,0,0,0,0,0,0,0,0,0
899999499,19,10,32,11,7,23,6,20,28,39,47,84,28,31,57,22,30,51,23,5,25,13,3,14,20,8,25,19,31,41,12,26,38,19,11,30,10,23,36,11,23,26,8,17,27,9,8,19,6,4,15,8,14,21,7,0,11,3,0,8,4,0,5,19,6,18,12,3,21,12,9,19,0,0,0,7,0,6,0,0,0,144,134,274,109,99,201,104,111,216
901011001,63,20,87,64,40,106,55,45,100,49,66,121,30,54,83,27,67,97,134,14,146,130,17,148,134,10,143,30,56,92,57,59,120,49,75,123,25,83,112,28,72,101,21,73,92,3,5,12,0,13,13,3,11,14,74,9,86,92,10,105,75,4,80,73,57,130,77,58,136,54,53,105,17,9,26,19,4,19,14,6,16,483,329,809,501,319,816,427,345,771
901021002,15,8,24,20,6,27,24,16,37,14,19,33,12,15,34,18,20,34,35,4,39,30,3,35,30,8,40,10,20,28,3,22,27,12,23,39,13,20,33,6,20,28,5,18,21,0,6,6,0,6,5,0,7,12,13,0,13,16,0,16,9,3,11,24,6,31,30,4,41,31,10,46,3,0,4,10,4,12,0,0,0,131,89,220,133,94,222,129,112,239
901031003,37,11,44,30,5,41,18,7,28,21,13,28,10,5,19,6,16,21,7,0,7,11,0,8,7,0,7,8,11,24,17,15,32,6,3,10,0,4,7,3,9,9,3,7,8,0,0,0,0,4,4,0,0,0,0,0,0,3,0,6,0,0,0,5,3,9,7,0,8,3,4,10,3,0,4,6,0,4,4,6,0,87,40,132,85,45,132,53,43,93
901041004,0,0,0,88,85,170,91,91,187,0,0,0,44,61,104,55,95,145,0,0,0,153,32,183,178,19,199,0,0,0,24,90,119,41,124,158,0,0,0,16,100,111,27,136,157,0,0,0,27,78,106,32,76,112,0,0,0,35,3,36,40,3,45,0,0,0,58,58,120,55,50,113,0,0,0,15,10,17,11,12,18,0,0,0,458,514,973,524,610,1139
997979799,0,0,0,0,0,0,0,0,0,0,0,0,0,0,3,0,0,0,0,0,0,0,0,0,0,0,0,0,0,0,0,0,0,0,0,0,0,0,0,0,0,0,0,0,0,0,0,0,0,0,0,0,0,0,0,0,0,0,0,0,0,0,0,0,0,0,5,0,5,0,0,0,0,0,0,0,0,0,0,0,0,0,0,0,9,0,4,0,0,0
999999499,0,0,3,0,0,0,0,0,0,0,4,10,0,5,6,0,0,4,0,0,0,0,0,0,0,0,0,0,0,0,0,0,0,0,0,0,3,8,7,0,0,0,0,0,0,0,0,0,0,0,0,0,0,0,0,0,0,0,0,0,0,0,0,0,0,0,0,0,0,0,0,0,0,0,0,0,0,0,0,0,0,9,18,22,9,3,13,6,6,3
